open_time,open,high,low,close,volume,close_time,quote_asset_volume,num_trades,taker_buy_base_volume,taker_buy_quote_volume,ignore
2026-01-01 00:00:00+00:00,2971.65,2982.83,2971.15,2979.81,4485.249,2026-01-01 00:59:59.999000+00:00,13357536.178466,58067,2996.65890000,8923755.37067700,0
2026-01-01 01:00:00+00:00,2979.81,2988.96,2979.18,2984.32,5567.1123,2026-01-01 01:59:59.999000+00:00,16614194.098788,74268,3061.71300000,9137186.09413500,0
2026-01-01 02:00:00+00:00,2984.33,2987.82,2980.9,2982.49,2432.7484,2026-01-01 02:59:59.999000+00:00,7260230.060145,47059,1116.56840000,3332063.47326100,0
2026-01-01 03:00:00+00:00,2982.5,2986.18,2979.53,2980.0,1792.594,2026-01-01 03:59:59.999000+00:00,5346993.215516,28890,1011.53040000,3017148.76342600,0
2026-01-01 04:00:00+00:00,2979.99,2980.97,2972.99,2975.35,9657.7273,2026-01-01 04:59:59.999000+00:00,28738126.507735,55445,5812.86270000,17293952.46530000,0
2026-01-01 05:00:00+00:00,2975.36,2983.79,2975.36,2981.49,3930.8339,2026-01-01 05:59:59.999000+00:00,11719034.448994,41178,1828.11540000,5450129.13813100,0
2026-01-01 06:00:00+00:00,2981.49,2981.49,2975.89,2975.89,5734.3199,2026-01-01 06:59:59.999000+00:00,17079906.256429,29839,3086.90510000,9193771.34410200,0
2026-01-01 07:00:00+00:00,2975.9,2980.89,2975.89,2978.53,4796.4934,2026-01-01 07:59:59.999000+00:00,14287092.987027,33311,2518.89680000,7501850.64753700,0
2026-01-01 08:00:00+00:00,2978.52,2983.0,2977.8,2982.59,4031.4569,2026-01-01 08:59:59.999000+00:00,12016884.751471,25113,2000.40440000,5962190.16653800,0
2026-01-01 09:00:00+00:00,2982.59,2987.41,2982.15,2984.0,4401.4657,2026-01-01 09:59:59.999000+00:00,13136415.94745,34722,1411.34090000,4211752.55031700,0
2026-01-01 10:00:00+00:00,2984.0,2985.77,2982.14,2985.0,3019.3844,2026-01-01 10:59:59.999000+00:00,9009541.783488,18007,907.82580000,2708435.69019600,0
2026-01-01 11:00:00+00:00,2984.99,2993.2,2984.99,2989.69,7206.3942,2026-01-01 11:59:59.999000+00:00,21532164.067947,43975,3663.15680000,10946413.85075300,0
2026-01-01 12:00:00+00:00,2989.7,2990.45,2983.36,2987.69,5019.2102,2026-01-01 12:59:59.999000+00:00,14992414.023747,50121,1592.32020000,4756488.51497900,0
2026-01-01 13:00:00+00:00,2987.7,2990.09,2982.02,2982.96,5342.5982,2026-01-01 13:59:59.999000+00:00,15951787.220727,44531,2760.65670000,8242027.87421800,0
2026-01-01 14:00:00+00:00,2982.96,2986.45,2977.74,2985.15,7710.2233,2026-01-01 14:59:59.999000+00:00,22989047.096669,61445,2699.14870000,8047544.68999800,0
2026-01-01 15:00:00+00:00,2985.16,2994.87,2980.75,2989.87,6148.7542,2026-01-01 15:59:59.999000+00:00,18372982.256411,92187,2974.87050000,8887921.96796900,0
2026-01-01 16:00:00+00:00,2989.87,2990.84,2980.75,2982.29,6839.019,2026-01-01 16:59:59.999000+00:00,20412678.933309,72280,3486.21610000,10405034.03018400,0
2026-01-01 17:00:00+00:00,2982.28,3005.98,2980.89,2990.44,12755.5547,2026-01-01 17:59:59.999000+00:00,38187536.171181,137226,6756.02350000,20226561.11244200,0
2026-01-01 18:00:00+00:00,2990.44,2992.74,2985.15,2990.41,5776.0082,2026-01-01 18:59:59.999000+00:00,17263290.581974,69686,2449.74340000,7321780.89147700,0
2026-01-01 19:00:00+00:00,2990.4,2998.04,2987.23,2995.42,3186.6777,2026-01-01 19:59:59.999000+00:00,9533016.30576,46983,2003.09240000,5992217.27869200,0
2026-01-01 20:00:00+00:00,2995.42,2997.15,2987.54,2989.08,3766.7199,2026-01-01 20:59:59.999000+00:00,11267754.657571,58536,1802.72390000,5392647.52192400,0
2026-01-01 21:00:00+00:00,2989.09,2993.06,2987.66,2989.66,1999.5442,2026-01-01 21:59:59.999000+00:00,5978738.94267,35422,1121.25400000,3352660.38928900,0
2026-01-01 22:00:00+00:00,2989.66,3000.26,2987.57,2999.3,5488.851,2026-01-01 22:59:59.999000+00:00,16435504.290062,57031,2963.10780000,8871849.47561000,0
2026-01-01 23:00:00+00:00,2999.29,3010.0,2990.98,3004.19,14999.5807,2026-01-01 23:59:59.999000+00:00,45064796.314617,122890,6451.95020000,19383195.89351300,0
2026-01-02 00:00:00+00:00,3004.19,3008.48,2995.38,3006.14,6882.9784,2026-01-02 00:59:59.999000+00:00,20660860.039191,103041,4081.56010000,12252762.85739900,0
2026-01-02 01:00:00+00:00,3006.15,3008.08,2998.46,3002.98,3264.9972,2026-01-02 01:59:59.999000+00:00,9805598.805134,69965,1701.14410000,5108887.80966300,0
2026-01-02 02:00:00+00:00,3002.99,3003.65,2992.49,3002.29,5269.2052,2026-01-02 02:59:59.999000+00:00,15796691.164281,73643,3567.03830000,10694873.50841600,0
2026-01-02 03:00:00+00:00,3002.29,3035.0,3000.0,3022.53,24828.426,2026-01-02 03:59:59.999000+00:00,74995050.408899,237222,14972.26640000,45208283.00101900,0
2026-01-02 04:00:00+00:00,3022.53,3024.61,3010.5,3011.84,5497.591,2026-01-02 04:59:59.999000+00:00,16592724.073398,105176,2213.21530000,6680634.31477400,0
2026-01-02 05:00:00+00:00,3011.83,3018.63,3009.02,3016.56,4120.9885,2026-01-02 05:59:59.999000+00:00,12420087.018819,75203,2135.19730000,6435402.48507000,0
2026-01-02 06:00:00+00:00,3016.55,3039.54,3014.49,3026.9,9842.6599,2026-01-02 06:59:59.999000+00:00,29817389.270857,130626,6084.47130000,18432157.45359000,0
2026-01-02 07:00:00+00:00,3026.91,3032.41,3016.89,3018.33,6120.3486,2026-01-02 07:59:59.999000+00:00,18512298.708772,88388,2994.24400000,9057616.79404600,0
2026-01-02 08:00:00+00:00,3018.32,3033.88,3015.95,3032.28,7279.3968,2026-01-02 08:59:59.999000+00:00,22031545.226283,97118,3998.92290000,12106873.03054200,0
2026-01-02 09:00:00+00:00,3032.27,3055.0,3030.15,3048.15,19823.6005,2026-01-02 09:59:59.999000+00:00,60332957.65024,207342,11917.13070000,36273808.74806600,0
2026-01-02 10:00:00+00:00,3048.16,3069.71,3045.71,3057.25,28308.3236,2026-01-02 10:59:59.999000+00:00,86662540.596628,244862,12940.86810000,39607346.75647000,0
2026-01-02 11:00:00+00:00,3057.25,3057.91,3040.89,3047.82,11735.5628,2026-01-02 11:59:59.999000+00:00,35781338.474956,130728,6286.73120000,19167024.36720600,0
2026-01-02 12:00:00+00:00,3047.81,3057.97,3043.2,3048.67,7848.8446,2026-01-02 12:59:59.999000+00:00,23946767.257454,108004,4868.10320000,14852919.44652900,0
2026-01-02 13:00:00+00:00,3048.66,3058.42,3046.35,3050.27,7997.0742,2026-01-02 13:59:59.999000+00:00,24410487.302029,103032,4483.14100000,13685420.94873500,0
2026-01-02 14:00:00+00:00,3050.28,3109.0,3020.79,3082.85,57032.8876,2026-01-02 14:59:59.999000+00:00,174967329.810904,688621,31090.27430000,95438368.35115400,0
2026-01-02 15:00:00+00:00,3082.84,3097.65,3055.13,3086.64,30900.8484,2026-01-02 15:59:59.999000+00:00,95130405.234038,639088,16398.34390000,50470110.92867300,0
2026-01-02 16:00:00+00:00,3086.64,3146.97,3079.23,3132.22,50753.0693,2026-01-02 16:59:59.999000+00:00,158222654.260643,677984,25992.60630000,81041301.82073300,0
2026-01-02 17:00:00+00:00,3132.21,3150.01,3110.83,3123.0,24779.0727,2026-01-02 17:59:59.999000+00:00,77651905.064333,435352,12154.07720000,38096738.99042500,0
2026-01-02 18:00:00+00:00,3122.99,3132.2,3097.13,3110.56,18137.1942,2026-01-02 18:59:59.999000+00:00,56512552.828006,285622,7515.57320000,23429209.80966900,0
2026-01-02 19:00:00+00:00,3110.56,3127.87,3107.62,3123.62,9841.9038,2026-01-02 19:59:59.999000+00:00,30702081.721594,254863,4824.65310000,15049869.91453900,0
2026-01-02 20:00:00+00:00,3123.63,3129.75,3111.52,3117.99,9535.6153,2026-01-02 20:59:59.999000+00:00,29763880.663779,195822,4492.03180000,14023625.30561000,0
2026-01-02 21:00:00+00:00,3117.99,3134.0,3116.31,3130.96,6009.9315,2026-01-02 21:59:59.999000+00:00,18783736.047349,91899,3203.40580000,10014886.73190100,0
2026-01-02 22:00:00+00:00,3130.96,3146.0,3128.09,3133.81,9193.264,2026-01-02 22:59:59.999000+00:00,28838123.64787,145545,5071.84500000,15909771.88456800,0
2026-01-02 23:00:00+00:00,3133.82,3135.66,3120.3,3125.45,4887.4608,2026-01-02 23:59:59.999000+00:00,15280071.929282,87334,2070.19460000,6472581.11317100,0
2026-01-03 00:00:00+00:00,3125.46,3136.71,3122.26,3131.0,5738.4981,2026-01-03 00:59:59.999000+00:00,17956301.158486,96437,2790.14650000,8732350.58085300,0
2026-01-03 01:00:00+00:00,3130.99,3131.85,3123.43,3130.81,3732.5659,2026-01-03 01:59:59.999000+00:00,11678332.450541,61047,2008.66230000,6284425.45181900,0
2026-01-03 02:00:00+00:00,3130.81,3130.81,3120.17,3126.27,7958.8383,2026-01-03 02:59:59.999000+00:00,24874473.793325,78209,3034.57000000,9483428.76723800,0
2026-01-03 03:00:00+00:00,3126.26,3127.35,3119.26,3125.56,4210.0328,2026-01-03 03:59:59.999000+00:00,13150306.029412,53748,2354.44510000,7354764.49621900,0
2026-01-03 04:00:00+00:00,3125.56,3127.79,3115.01,3116.61,4789.1019,2026-01-03 04:59:59.999000+00:00,14939522.915564,53822,1918.77170000,5985468.95376100,0
2026-01-03 05:00:00+00:00,3116.61,3119.09,3104.89,3112.12,6080.2688,2026-01-03 05:59:59.999000+00:00,18915509.877229,68206,2537.28400000,7893873.31305400,0
2026-01-03 06:00:00+00:00,3112.12,3117.76,3098.34,3098.34,7739.6551,2026-01-03 06:59:59.999000+00:00,24046996.469309,86061,2842.18780000,8833247.24875400,0
2026-01-03 07:00:00+00:00,3098.33,3105.31,3076.0,3090.5,19239.551,2026-01-03 07:59:59.999000+00:00,59423456.789728,238886,9482.78250000,29290335.10667300,0
2026-01-03 08:00:00+00:00,3090.49,3105.72,3083.86,3095.48,8553.1231,2026-01-03 08:59:59.999000+00:00,26485579.134226,153336,4617.11250000,14300781.84540400,0
2026-01-03 09:00:00+00:00,3095.48,3110.56,3091.96,3100.9,6393.7838,2026-01-03 09:59:59.999000+00:00,19835195.460832,117392,3386.70150000,10505784.74042100,0
2026-01-03 10:00:00+00:00,3100.9,3105.53,3097.05,3097.31,4433.0978,2026-01-03 10:59:59.999000+00:00,13744731.566545,69621,1867.58570000,5791028.48864200,0
2026-01-03 11:00:00+00:00,3097.31,3100.22,3091.99,3098.49,4806.4362,2026-01-03 11:59:59.999000+00:00,14882714.952439,62545,2923.79790000,9054119.55657800,0
2026-01-03 12:00:00+00:00,3098.5,3105.58,3093.47,3105.04,5980.5075,2026-01-03 12:59:59.999000+00:00,18542301.879151,72262,3536.87950000,10966302.88992100,0
2026-01-03 13:00:00+00:00,3105.04,3107.99,3100.89,3103.03,4362.3509,2026-01-03 13:59:59.999000+00:00,13543594.527326,61158,2350.41510000,7297222.22166900,0
2026-01-03 14:00:00+00:00,3103.03,3114.61,3101.5,3106.0,7292.9936,2026-01-03 14:59:59.999000+00:00,22665867.569283,90635,3743.48470000,11635259.50136700,0
2026-01-03 15:00:00+00:00,3106.0,3107.5,3100.28,3101.31,3961.679,2026-01-03 15:59:59.999000+00:00,12295713.617781,63698,1976.80120000,6135663.59581000,0
2026-01-03 16:00:00+00:00,3101.32,3112.17,3098.33,3107.03,4462.8959,2026-01-03 16:59:59.999000+00:00,13859794.331026,75977,2282.03940000,7089559.79686700,0
2026-01-03 17:00:00+00:00,3107.04,3110.42,3105.62,3108.46,2523.7452,2026-01-03 17:59:59.999000+00:00,7844368.325714,27345,908.09810000,2822235.02397600,0
2026-01-03 18:00:00+00:00,3108.47,3118.55,3105.08,3116.46,4373.4844,2026-01-03 18:59:59.999000+00:00,13613881.820001,48791,2484.43790000,7734266.71620200,0
2026-01-03 19:00:00+00:00,3116.46,3116.46,3110.5,3113.13,2598.1643,2026-01-03 19:59:59.999000+00:00,8088281.666684,24877,1533.33710000,4773338.99528600,0
2026-01-03 20:00:00+00:00,3113.13,3116.89,3107.49,3115.65,2462.8997,2026-01-03 20:59:59.999000+00:00,7664939.615228,37354,1384.81380000,4310701.92093900,0
2026-01-03 21:00:00+00:00,3115.65,3129.22,3113.04,3120.87,5840.3585,2026-01-03 21:59:59.999000+00:00,18229895.342685,70516,3370.67480000,10520088.66485900,0
2026-01-03 22:00:00+00:00,3120.87,3126.2,3113.92,3122.78,3011.8275,2026-01-03 22:59:59.999000+00:00,9397819.940755,50036,1528.84380000,4770436.53912000,0
2026-01-03 23:00:00+00:00,3122.78,3131.0,3120.89,3127.11,3859.3665,2026-01-03 23:59:59.999000+00:00,12067217.278867,61292,1925.93380000,6021990.04944000,0
2026-01-04 00:00:00+00:00,3127.11,3167.22,3126.35,3157.75,28748.8277,2026-01-04 00:59:59.999000+00:00,90493346.850684,280325,18480.89690000,58165397.32359200,0
2026-01-04 01:00:00+00:00,3157.75,3162.33,3141.5,3150.17,8005.1414,2026-01-04 01:59:59.999000+00:00,25231524.368635,124791,4264.97320000,13443521.12009700,0
2026-01-04 02:00:00+00:00,3150.17,3151.02,3137.6,3141.12,5606.2176,2026-01-04 02:59:59.999000+00:00,17624512.768126,74952,2137.10800000,6719379.74339100,0
2026-01-04 03:00:00+00:00,3141.12,3150.86,3140.01,3147.36,5954.5189,2026-01-04 03:59:59.999000+00:00,18734398.706015,89412,3042.52160000,9574218.68621000,0
2026-01-04 04:00:00+00:00,3147.36,3156.0,3144.89,3148.25,5268.2882,2026-01-04 04:59:59.999000+00:00,16603323.575806,73793,3087.64420000,9731338.76970700,0
2026-01-04 05:00:00+00:00,3148.26,3152.3,3144.48,3151.36,3956.3575,2026-01-04 05:59:59.999000+00:00,12457807.29336,49527,1711.71790000,5390465.25519400,0
2026-01-04 06:00:00+00:00,3151.36,3163.19,3139.37,3140.0,13249.419,2026-01-04 06:59:59.999000+00:00,41747281.596966,142326,6547.70200000,20630684.84988100,0
2026-01-04 07:00:00+00:00,3140.0,3145.92,3133.57,3141.29,16690.5703,2026-01-04 07:59:59.999000+00:00,52414397.804813,97127,9420.74730000,29585991.03287800,0
2026-01-04 08:00:00+00:00,3141.29,3141.98,3126.0,3138.61,8448.0071,2026-01-04 08:59:59.999000+00:00,26468774.865226,111734,4015.59360000,12581098.62651700,0
2026-01-04 09:00:00+00:00,3138.62,3148.0,3134.9,3143.78,8277.8782,2026-01-04 09:59:59.999000+00:00,25992235.07357,97064,2879.21370000,9042052.34954500,0
2026-01-04 10:00:00+00:00,3143.79,3148.3,3142.66,3146.34,3424.696,2026-01-04 10:59:59.999000+00:00,10771949.386279,75597,1611.15500000,5067602.96260800,0
2026-01-04 11:00:00+00:00,3146.34,3146.34,3135.32,3139.54,5174.8602,2026-01-04 11:59:59.999000+00:00,16247476.258044,102342,1990.85210000,6251103.97557300,0
2026-01-04 12:00:00+00:00,3139.55,3147.26,3133.59,3136.8,6044.623,2026-01-04 12:59:59.999000+00:00,18973395.125617,95575,2854.39160000,8960404.01489500,0
2026-01-04 13:00:00+00:00,3136.81,3141.51,3131.8,3140.76,4598.3954,2026-01-04 13:59:59.999000+00:00,14426604.478962,78044,2358.00940000,7398533.84445900,0
2026-01-04 14:00:00+00:00,3140.75,3143.3,3132.0,3137.26,6524.909,2026-01-04 14:59:59.999000+00:00,20472347.978745,88310,3023.62550000,9487512.51076100,0
2026-01-04 15:00:00+00:00,3137.25,3139.6,3118.75,3135.55,8403.1262,2026-01-04 15:59:59.999000+00:00,26301424.359261,108597,3719.39080000,11642470.75996600,0
2026-01-04 16:00:00+00:00,3135.55,3139.97,3131.03,3139.11,4753.0312,2026-01-04 16:59:59.999000+00:00,14904808.748423,88467,2415.73960000,7576157.92346200,0
2026-01-04 17:00:00+00:00,3139.12,3143.6,3135.68,3137.5,3540.0791,2026-01-04 17:59:59.999000+00:00,11116306.656709,58522,1554.50700000,4880569.44313000,0
2026-01-04 18:00:00+00:00,3137.49,3137.88,3123.01,3135.03,5161.1758,2026-01-04 18:59:59.999000+00:00,16158079.441223,74199,2719.86740000,8515559.08415400,0
2026-01-04 19:00:00+00:00,3135.04,3135.14,3118.98,3132.72,8602.0733,2026-01-04 19:59:59.999000+00:00,26912703.347198,85926,5703.13310000,17845668.00125000,0
2026-01-04 20:00:00+00:00,3132.72,3143.0,3130.85,3142.09,2949.6664,2026-01-04 20:59:59.999000+00:00,9258627.326417,40478,1928.92860000,6054906.58177700,0
2026-01-04 21:00:00+00:00,3142.09,3155.85,3137.75,3145.44,7761.9405,2026-01-04 21:59:59.999000+00:00,24421951.976026,67550,4163.47180000,13099790.94765100,0
2026-01-04 22:00:00+00:00,3145.44,3150.36,3136.44,3139.37,4235.2201,2026-01-04 22:59:59.999000+00:00,13303752.846181,38099,2415.22730000,7585468.68288900,0
2026-01-04 23:00:00+00:00,3139.37,3153.7,3134.67,3144.7,6197.0465,2026-01-04 23:59:59.999000+00:00,19480554.816268,118742,2737.45220000,8607078.40309000,0
2026-01-05 00:00:00+00:00,3144.71,3175.32,3143.54,3168.19,22161.7656,2026-01-05 00:59:59.999000+00:00,70000113.707258,278163,11924.97580000,37669082.62809000,0
2026-01-05 01:00:00+00:00,3168.2,3220.82,3163.12,3197.91,38618.7853,2026-01-05 01:59:59.999000+00:00,123376406.918509,362384,19752.02740000,63103395.33260600,0
2026-01-05 02:00:00+00:00,3197.92,3204.34,3182.95,3193.07,11742.2877,2026-01-05 02:59:59.999000+00:00,37477076.16728,158476,5165.86490000,16487976.78585000,0
2026-01-05 03:00:00+00:00,3193.07,3197.51,3184.61,3185.86,6225.2237,2026-01-05 03:59:59.999000+00:00,19858049.633115,85303,2873.88480000,9168393.50965800,0
2026-01-05 04:00:00+00:00,3185.86,3188.35,3157.46,3167.11,15516.768,2026-01-05 04:59:59.999000+00:00,49179335.524399,158132,6542.70940000,20731003.62256800,0
2026-01-05 05:00:00+00:00,3167.12,3169.63,3148.0,3149.93,10573.3383,2026-01-05 05:59:59.999000+00:00,33387807.783273,114433,4346.70460000,13724552.18057400,0
2026-01-05 06:00:00+00:00,3149.93,3159.11,3135.31,3157.68,13428.5685,2026-01-05 06:59:59.999000+00:00,42295486.941829,147319,6373.10520000,20079313.19660800,0
2026-01-05 07:00:00+00:00,3157.68,3163.24,3155.31,3157.33,6874.7564,2026-01-05 07:59:59.999000+00:00,21716551.248215,84598,3119.25210000,9853838.68889600,0
2026-01-05 08:00:00+00:00,3157.24,3172.01,3155.73,3163.62,7338.4914,2026-01-05 08:59:59.999000+00:00,23221782.830863,133717,4095.01170000,12958780.59665900,0
2026-01-05 09:00:00+00:00,3163.62,3175.17,3153.12,3168.18,12375.3924,2026-01-05 09:59:59.999000+00:00,39155065.250733,170497,4989.24210000,15785351.14022400,0
2026-01-05 10:00:00+00:00,3168.17,3179.04,3162.52,3173.19,8789.6241,2026-01-05 10:59:59.999000+00:00,27887141.824577,135028,4138.95110000,13133711.11666800,0
2026-01-05 11:00:00+00:00,3173.19,3183.64,3168.21,3180.27,6514.3168,2026-01-05 11:59:59.999000+00:00,20691704.761641,106575,3238.07510000,10286438.88027500,0
2026-01-05 12:00:00+00:00,3180.28,3183.91,3166.33,3170.5,6171.7807,2026-01-05 12:59:59.999000+00:00,19588993.937659,123400,2468.84250000,7835801.43664400,0
2026-01-05 13:00:00+00:00,3170.51,3175.32,3143.67,3154.39,14946.3894,2026-01-05 13:59:59.999000+00:00,47167845.665284,211859,6946.43070000,21918013.10306100,0
2026-01-05 14:00:00+00:00,3154.39,3178.34,3135.02,3167.0,26353.8999,2026-01-05 14:59:59.999000+00:00,83217110.808485,485191,14154.40000000,44694833.66426900,0
2026-01-05 15:00:00+00:00,3167.0,3205.0,3152.4,3195.57,27985.1482,2026-01-05 15:59:59.999000+00:00,88961893.77715,474287,14185.87610000,45107469.00114600,0
2026-01-05 16:00:00+00:00,3195.58,3202.68,3172.81,3183.9,19642.9735,2026-01-05 16:59:59.999000+00:00,62588313.016106,307670,9220.29380000,29383286.99390300,0
2026-01-05 17:00:00+00:00,3183.9,3229.99,3159.48,3213.38,24099.8843,2026-01-05 17:59:59.999000+00:00,77006943.164934,337743,13380.16530000,42768923.91478000,0
2026-01-05 18:00:00+00:00,3213.39,3228.95,3186.39,3228.3,27628.9552,2026-01-05 18:59:59.999000+00:00,88575346.307268,342261,14159.25080000,45409338.20155400,0
2026-01-05 19:00:00+00:00,3228.31,3228.52,3214.82,3223.07,13328.1708,2026-01-05 19:59:59.999000+00:00,42939175.484041,264087,6352.21630000,20465886.57657600,0
2026-01-05 20:00:00+00:00,3223.07,3265.66,3220.0,3241.93,35966.4191,2026-01-05 20:59:59.999000+00:00,116668483.947128,478485,18645.41210000,60489461.63277000,0
2026-01-05 21:00:00+00:00,3241.94,3248.27,3231.76,3238.32,9184.0999,2026-01-05 21:59:59.999000+00:00,29757895.498776,195135,4315.26400000,13982901.74404200,0
2026-01-05 22:00:00+00:00,3238.32,3249.75,3229.59,3240.19,8377.3187,2026-01-05 22:59:59.999000+00:00,27147833.783831,126173,3994.65620000,12946645.08740900,0
2026-01-05 23:00:00+00:00,3240.2,3241.39,3224.86,3224.99,8602.3039,2026-01-05 23:59:59.999000+00:00,27782485.499133,121066,4573.82160000,14771411.58596900,0
2026-01-06 00:00:00+00:00,3224.99,3231.21,3203.34,3216.1,10838.6991,2026-01-06 00:59:59.999000+00:00,34833891.728916,179329,4939.05860000,15872416.57269300,0
2026-01-06 01:00:00+00:00,3216.1,3247.3,3215.83,3218.32,16456.9012,2026-01-06 01:59:59.999000+00:00,53128281.813246,214768,9682.28490000,31255241.97349800,0
2026-01-06 02:00:00+00:00,3218.33,3224.36,3208.72,3217.1,7158.9435,2026-01-06 02:59:59.999000+00:00,23029171.863878,146847,3148.29890000,10129575.18321300,0
2026-01-06 03:00:00+00:00,3217.1,3233.5,3214.12,3225.1,7205.6607,2026-01-06 03:59:59.999000+00:00,23230588.159729,107786,3579.61940000,11541684.17838000,0
2026-01-06 04:00:00+00:00,3225.1,3233.52,3222.95,3222.96,5249.2795,2026-01-06 04:59:59.999000+00:00,16943878.576754,73071,2306.96780000,7446611.95383600,0
2026-01-06 05:00:00+00:00,3222.95,3229.51,3217.12,3218.72,6391.3841,2026-01-06 05:59:59.999000+00:00,20598171.680011,119231,3237.52120000,10434006.64773100,0
2026-01-06 06:00:00+00:00,3218.71,3253.76,3218.07,3241.15,19147.6673,2026-01-06 06:59:59.999000+00:00,61983893.769931,167024,10078.28250000,32629727.07056200,0
2026-01-06 07:00:00+00:00,3241.15,3242.75,3211.37,3219.24,12636.2349,2026-01-06 07:59:59.999000+00:00,40721291.956804,167693,5051.42180000,16277581.93964300,0
2026-01-06 08:00:00+00:00,3219.24,3228.48,3214.52,3220.14,7711.9227,2026-01-06 08:59:59.999000+00:00,24840683.428855,133031,3927.70850000,12651495.20282000,0
2026-01-06 09:00:00+00:00,3220.13,3229.6,3217.5,3223.0,6495.8516,2026-01-06 09:59:59.999000+00:00,20938547.433573,112466,3169.10670000,10215948.35415900,0
2026-01-06 10:00:00+00:00,3223.0,3231.72,3221.42,3228.94,6392.747,2026-01-06 10:59:59.999000+00:00,20636834.883782,88611,2740.00830000,8845073.83081100,0
2026-01-06 11:00:00+00:00,3228.94,3242.98,3227.03,3238.08,11191.0535,2026-01-06 11:59:59.999000+00:00,36242695.287124,130155,6049.53420000,19591526.78607400,0
2026-01-06 12:00:00+00:00,3238.09,3245.87,3236.28,3238.67,7425.8366,2026-01-06 12:59:59.999000+00:00,24064563.814201,89154,3802.50830000,12322246.96659500,0
2026-01-06 13:00:00+00:00,3238.66,3239.61,3230.0,3238.3,7783.321,2026-01-06 13:59:59.999000+00:00,25177276.657973,116416,4290.08440000,13877386.29942500,0
2026-01-06 14:00:00+00:00,3238.3,3308.86,3238.3,3278.09,82526.6408,2026-01-06 14:59:59.999000+00:00,271012750.752907,690820,45468.87590000,149269025.68280800,0
2026-01-06 15:00:00+00:00,3278.1,3301.99,3261.43,3272.32,30563.934,2026-01-06 15:59:59.999000+00:00,100298407.595767,456191,15762.76080000,51744811.68138600,0
2026-01-06 16:00:00+00:00,3272.31,3279.36,3234.32,3251.97,44678.4045,2026-01-06 16:59:59.999000+00:00,145492638.250502,471043,16997.31130000,55335771.70594100,0
2026-01-06 17:00:00+00:00,3251.96,3259.62,3190.01,3196.43,36459.0337,2026-01-06 17:59:59.999000+00:00,117612153.886326,412035,14639.26350000,47250588.25452100,0
2026-01-06 18:00:00+00:00,3196.43,3232.63,3183.27,3218.91,26855.1046,2026-01-06 18:59:59.999000+00:00,86192054.996925,409400,14742.20790000,47327166.20944800,0
2026-01-06 19:00:00+00:00,3218.92,3229.8,3213.5,3223.57,6084.4112,2026-01-06 19:59:59.999000+00:00,19612024.099305,155494,3420.63020000,11026195.90652400,0
2026-01-06 20:00:00+00:00,3223.57,3250.89,3223.11,3241.71,11055.0906,2026-01-06 20:59:59.999000+00:00,35825601.555598,212715,6157.22480000,19948876.21997700,0
2026-01-06 21:00:00+00:00,3241.72,3300.35,3238.47,3276.18,22719.2336,2026-01-06 21:59:59.999000+00:00,74477571.049115,349495,11179.19100000,36643154.99859800,0
2026-01-06 22:00:00+00:00,3276.18,3290.55,3265.52,3277.63,8960.1274,2026-01-06 22:59:59.999000+00:00,29359082.984578,155371,4344.55960000,14237688.31434900,0
2026-01-06 23:00:00+00:00,3277.62,3301.6,3275.8,3296.84,10516.0235,2026-01-06 23:59:59.999000+00:00,34611763.728455,151925,5602.36900000,18438639.71817700,0
2026-01-07 00:00:00+00:00,3296.83,3296.84,3255.36,3257.99,10198.2675,2026-01-07 00:59:59.999000+00:00,33429523.933564,180627,3784.42000000,12407666.90966400,0
2026-01-07 01:00:00+00:00,3258.0,3272.34,3239.44,3245.04,16150.6343,2026-01-07 01:59:59.999000+00:00,52539984.881865,267187,7703.29700000,25063381.86263800,0
2026-01-07 02:00:00+00:00,3245.05,3274.03,3239.73,3270.08,9241.0352,2026-01-07 02:59:59.999000+00:00,30093409.027015,172667,5893.59660000,19193444.80874600,0
2026-01-07 03:00:00+00:00,3270.08,3282.14,3265.13,3266.83,6704.0573,2026-01-07 03:59:59.999000+00:00,21938825.24047,129509,3037.21510000,9942232.03044500,0
2026-01-07 04:00:00+00:00,3266.84,3271.81,3252.94,3256.21,6473.4739,2026-01-07 04:59:59.999000+00:00,21118960.454628,102287,2784.32300000,9085082.01150700,0
2026-01-07 05:00:00+00:00,3256.21,3262.57,3246.75,3248.63,6449.7983,2026-01-07 05:59:59.999000+00:00,20990123.285462,105841,3167.76080000,10310564.10346300,0
2026-01-07 06:00:00+00:00,3248.62,3259.91,3247.81,3250.97,3808.3086,2026-01-07 06:59:59.999000+00:00,12390923.460636,63214,1719.72920000,5595117.09327300,0
2026-01-07 07:00:00+00:00,3250.97,3262.61,3250.78,3255.31,5417.8108,2026-01-07 07:59:59.999000+00:00,17647234.928542,74695,2047.25990000,6669149.39559800,0
2026-01-07 08:00:00+00:00,3255.31,3263.37,3253.01,3254.45,5466.1436,2026-01-07 08:59:59.999000+00:00,17807025.731419,95850,1992.08210000,6488976.22616400,0
2026-01-07 09:00:00+00:00,3254.45,3254.58,3198.54,3200.18,31451.685,2026-01-07 09:59:59.999000+00:00,101250713.584996,342298,11472.71210000,36918476.08182800,0
2026-01-07 10:00:00+00:00,3200.17,3222.24,3196.23,3218.44,16060.3116,2026-01-07 10:59:59.999000+00:00,51562009.025961,172598,10188.39140000,32711887.37449400,0
2026-01-07 11:00:00+00:00,3218.44,3227.84,3216.84,3220.24,11949.2985,2026-01-07 11:59:59.999000+00:00,38518382.411936,124578,5674.54840000,18293961.39140600,0
2026-01-07 12:00:00+00:00,3220.25,3222.56,3211.36,3213.14,5692.8969,2026-01-07 12:59:59.999000+00:00,18310096.410521,120189,2458.05520000,7905667.06464100,0
2026-01-07 13:00:00+00:00,3213.14,3229.05,3202.24,3212.04,8939.2899,2026-01-07 13:59:59.999000+00:00,28735638.600037,179525,3934.64240000,12649741.26990500,0
2026-01-07 14:00:00+00:00,3212.05,3212.05,3166.14,3191.54,41025.9229,2026-01-07 14:59:59.999000+00:00,130882252.095628,538907,19333.76510000,61691023.23930600,0
2026-01-07 15:00:00+00:00,3191.54,3193.26,3144.37,3164.7,36027.473,2026-01-07 15:59:59.999000+00:00,113947583.015611,546888,18149.17830000,57410442.26123900,0
2026-01-07 16:00:00+00:00,3164.71,3179.69,3149.95,3157.31,14607.8169,2026-01-07 16:59:59.999000+00:00,46236441.125878,261837,6707.45740000,21234273.50663400,0
2026-01-07 17:00:00+00:00,3157.31,3171.27,3146.43,3152.06,10579.5535,2026-01-07 17:59:59.999000+00:00,33429899.525992,228747,5219.45090000,16496015.41551700,0
2026-01-07 18:00:00+00:00,3152.06,3165.36,3133.68,3146.37,16861.0597,2026-01-07 18:59:59.999000+00:00,53106811.800107,232080,8215.90750000,25881781.59959500,0
2026-01-07 19:00:00+00:00,3146.38,3155.59,3125.42,3146.02,16155.764,2026-01-07 19:59:59.999000+00:00,50745674.708679,269496,8491.39660000,26681087.20787300,0
2026-01-07 20:00:00+00:00,3146.02,3151.37,3128.13,3139.18,11298.0934,2026-01-07 20:59:59.999000+00:00,35462135.840726,209869,4603.72070000,14450753.74744600,0
2026-01-07 21:00:00+00:00,3139.14,3152.72,3138.4,3150.11,4219.4582,2026-01-07 21:59:59.999000+00:00,13275879.855019,83077,2403.69550000,7562455.01355100,0
2026-01-07 22:00:00+00:00,3150.11,3165.86,3143.96,3153.0,6823.1151,2026-01-07 22:59:59.999000+00:00,21517410.616564,102762,3792.43030000,11962010.90435400,0
2026-01-07 23:00:00+00:00,3153.01,3181.78,3143.71,3168.72,19748.8544,2026-01-07 23:59:59.999000+00:00,62511785.126583,234548,11869.88290000,37574735.17062000,0
2026-01-08 00:00:00+00:00,3168.72,3175.37,3155.21,3170.53,10391.7644,2026-01-08 00:59:59.999000+00:00,32886932.270336,177315,4507.09450000,14269504.19338700,0
2026-01-08 01:00:00+00:00,3170.54,3181.36,3168.39,3175.76,6452.3316,2026-01-08 01:59:59.999000+00:00,20485684.494238,130050,3158.00260000,10027149.06941600,0
2026-01-08 02:00:00+00:00,3175.77,3184.39,3148.5,3159.43,9935.5982,2026-01-08 02:59:59.999000+00:00,31455113.661449,191596,4290.63000000,13588612.08495200,0
2026-01-08 03:00:00+00:00,3159.43,3166.7,3133.56,3142.88,13141.1311,2026-01-08 03:59:59.999000+00:00,41402028.423683,167016,7365.19030000,23221245.31050200,0
2026-01-08 04:00:00+00:00,3142.88,3158.96,3138.8,3154.01,6811.4772,2026-01-08 04:59:59.999000+00:00,21453656.675103,102628,3548.17440000,11174862.96949700,0
2026-01-08 05:00:00+00:00,3154.02,3161.24,3142.22,3143.63,5561.9706,2026-01-08 05:59:59.999000+00:00,17534995.017079,89663,1863.60550000,5878131.61895300,0
2026-01-08 06:00:00+00:00,3143.63,3146.16,3104.37,3105.38,23571.3183,2026-01-08 06:59:59.999000+00:00,73581389.300436,285027,8607.96080000,26880760.00935200,0
2026-01-08 07:00:00+00:00,3105.39,3132.86,3090.04,3128.28,23611.5573,2026-01-08 07:59:59.999000+00:00,73490255.905583,261027,12814.89910000,39913482.07897600,0
2026-01-08 08:00:00+00:00,3128.29,3136.56,3113.88,3116.83,9163.1034,2026-01-08 08:59:59.999000+00:00,28654881.256439,141633,3065.79270000,9587140.73588300,0
2026-01-08 09:00:00+00:00,3116.83,3124.06,3105.55,3111.89,9219.4309,2026-01-08 09:59:59.999000+00:00,28703208.592494,165540,3906.74860000,12163620.61739500,0
2026-01-08 10:00:00+00:00,3111.9,3133.03,3096.68,3128.18,16524.8724,2026-01-08 10:59:59.999000+00:00,51506647.844237,185239,9824.59880000,30626482.63825000,0
2026-01-08 11:00:00+00:00,3128.19,3131.54,3112.57,3121.24,11538.5998,2026-01-08 11:59:59.999000+00:00,36019135.644433,154221,5372.36440000,16770716.71330700,0
2026-01-08 12:00:00+00:00,3121.25,3121.49,3085.16,3095.76,25343.1832,2026-01-08 12:59:59.999000+00:00,78612106.236966,231941,13216.73800000,41003645.10701800,0
2026-01-08 13:00:00+00:00,3095.76,3102.73,3090.73,3097.12,7719.3901,2026-01-08 13:59:59.999000+00:00,23905244.631184,133569,4039.31890000,12509416.86200900,0
2026-01-08 14:00:00+00:00,3097.11,3097.11,3054.65,3077.4,52718.1619,2026-01-08 14:59:59.999000+00:00,162176602.823428,615691,28116.76840000,86489431.35012500,0
2026-01-08 15:00:00+00:00,3077.39,3112.35,3067.37,3104.2,29559.0974,2026-01-08 15:59:59.999000+00:00,91471772.782132,529384,15883.34210000,49176450.62295700,0
2026-01-08 16:00:00+00:00,3104.19,3123.63,3090.2,3122.31,16727.7526,2026-01-08 16:59:59.999000+00:00,51910307.359238,314627,7515.90920000,23338943.58506700,0
2026-01-08 17:00:00+00:00,3122.31,3140.0,3110.34,3134.95,18597.0749,2026-01-08 17:59:59.999000+00:00,58133845.03871,263748,8587.67470000,26843985.85252900,0
2026-01-08 18:00:00+00:00,3134.95,3135.5,3114.9,3120.22,10513.576,2026-01-08 18:59:59.999000+00:00,32851355.848633,157043,4518.36570000,14120574.37680600,0
2026-01-08 19:00:00+00:00,3120.22,3129.07,3104.01,3111.53,7810.0314,2026-01-08 19:59:59.999000+00:00,24343784.042649,147064,3893.07020000,12139362.91514100,0
2026-01-08 20:00:00+00:00,3111.53,3111.53,3089.39,3107.29,9945.3871,2026-01-08 20:59:59.999000+00:00,30828404.295671,208463,5057.53770000,15680469.47338300,0
2026-01-08 21:00:00+00:00,3107.3,3123.24,3107.3,3118.75,5593.2314,2026-01-08 21:59:59.999000+00:00,17421622.576194,118081,2753.52000000,8575986.61294400,0
2026-01-08 22:00:00+00:00,3118.76,3130.38,3107.75,3119.12,5590.39,2026-01-08 22:59:59.999000+00:00,17436893.86742,119717,2782.55860000,8680874.46300100,0
2026-01-08 23:00:00+00:00,3119.13,3122.24,3105.87,3106.65,7575.6693,2026-01-08 23:59:59.999000+00:00,23580151.454968,92140,3145.07140000,9789634.76912000,0
2026-01-09 00:00:00+00:00,3106.66,3117.65,3104.45,3115.83,3683.6782,2026-01-09 00:59:59.999000+00:00,11462175.111728,79107,1899.90690000,5912590.89137100,0
2026-01-09 01:00:00+00:00,3115.84,3148.41,3081.34,3105.82,30533.0286,2026-01-09 01:59:59.999000+00:00,94986632.204584,237934,13596.08070000,42322229.40888100,0
2026-01-09 02:00:00+00:00,3105.83,3126.11,3103.61,3109.49,8392.8287,2026-01-09 02:59:59.999000+00:00,26168999.544923,129039,4553.56450000,14196033.27096900,0
2026-01-09 03:00:00+00:00,3109.5,3121.24,3103.01,3119.6,7348.8925,2026-01-09 03:59:59.999000+00:00,22882864.052453,101000,3807.19630000,11855744.80801900,0
2026-01-09 04:00:00+00:00,3119.6,3124.11,3112.14,3116.53,4039.6218,2026-01-09 04:59:59.999000+00:00,12597147.476406,64102,1943.03420000,6059816.83498100,0
2026-01-09 05:00:00+00:00,3116.54,3121.0,3113.75,3118.5,3207.1902,2026-01-09 05:59:59.999000+00:00,9998673.451991,61624,1335.58600000,4163872.24953000,0
2026-01-09 06:00:00+00:00,3118.51,3125.71,3117.53,3123.2,4508.5009,2026-01-09 06:59:59.999000+00:00,14072527.961064,64679,2290.70010000,7150589.44854700,0
2026-01-09 07:00:00+00:00,3123.21,3123.79,3110.39,3111.2,5538.8149,2026-01-09 07:59:59.999000+00:00,17259901.154849,78784,3236.46030000,10084697.57784300,0
2026-01-09 08:00:00+00:00,3111.21,3115.37,3067.44,3082.49,22607.9204,2026-01-09 08:59:59.999000+00:00,69850510.278162,288612,9888.57320000,30568354.48148700,0
2026-01-09 09:00:00+00:00,3082.49,3100.87,3081.93,3092.39,8770.5638,2026-01-09 09:59:59.999000+00:00,27132183.899637,163635,4804.10640000,14859981.01484200,0
2026-01-09 10:00:00+00:00,3092.39,3099.43,3088.36,3096.65,3721.2681,2026-01-09 10:59:59.999000+00:00,11519782.18784,74858,1962.94980000,6077598.79789000,0
2026-01-09 11:00:00+00:00,3096.64,3104.59,3088.49,3090.36,5327.6168,2026-01-09 11:59:59.999000+00:00,16501031.166561,88201,2152.78690000,6670569.71374900,0
2026-01-09 12:00:00+00:00,3090.36,3096.16,3082.05,3084.55,6069.5672,2026-01-09 12:59:59.999000+00:00,18735792.458096,103071,2803.68410000,8655500.96555000,0
2026-01-09 13:00:00+00:00,3084.56,3111.17,3083.44,3098.56,13591.4225,2026-01-09 13:59:59.999000+00:00,42106381.154473,199514,7464.09900000,23123546.27806900,0
2026-01-09 14:00:00+00:00,3098.56,3099.0,3062.0,3078.93,20562.1562,2026-01-09 14:59:59.999000+00:00,63335709.341908,369258,9457.91700000,29130893.19554800,0
2026-01-09 15:00:00+00:00,3078.94,3143.0,3058.69,3112.08,46451.0555,2026-01-09 15:59:59.999000+00:00,144494286.583826,592204,24911.76110000,77513470.56480100,0
2026-01-09 16:00:00+00:00,3112.08,3145.45,3111.0,3133.13,20323.3591,2026-01-09 16:59:59.999000+00:00,63604185.84522,331877,12188.28360000,38147988.38121500,0
2026-01-09 17:00:00+00:00,3133.13,3135.0,3104.66,3114.41,9986.3508,2026-01-09 17:59:59.999000+00:00,31130803.170744,209567,4457.96630000,13896965.84695500,0
2026-01-09 18:00:00+00:00,3114.4,3118.56,3073.65,3094.97,14495.0177,2026-01-09 18:59:59.999000+00:00,44825165.949863,282039,5764.09200000,17830849.95694200,0
2026-01-09 19:00:00+00:00,3094.96,3094.96,3068.94,3080.6,11358.8495,2026-01-09 19:59:59.999000+00:00,34980271.318549,214939,5618.55290000,17300537.59449000,0
2026-01-09 20:00:00+00:00,3080.6,3091.37,3071.26,3073.65,8536.0538,2026-01-09 20:59:59.999000+00:00,26303955.899129,178189,4549.54830000,14021997.91544900,0
2026-01-09 21:00:00+00:00,3073.66,3093.35,3065.23,3086.1,8500.3591,2026-01-09 21:59:59.999000+00:00,26196750.41908,133942,5165.88970000,15922922.25733600,0
2026-01-09 22:00:00+00:00,3086.1,3088.59,3074.4,3086.27,4038.8484,2026-01-09 22:59:59.999000+00:00,12449910.008522,81241,1860.84030000,5736895.61776000,0
2026-01-09 23:00:00+00:00,3086.27,3093.3,3083.8,3088.4,2994.4886,2026-01-09 23:59:59.999000+00:00,9251342.285945,55154,1556.09180000,4807551.61215600,0
2026-01-10 00:00:00+00:00,3088.4,3090.04,3081.7,3083.25,2909.2244,2026-01-10 00:59:59.999000+00:00,8977494.4726,53464,1167.77080000,3603837.59381100,0
2026-01-10 01:00:00+00:00,3083.25,3091.37,3083.24,3090.11,2570.1803,2026-01-10 01:59:59.999000+00:00,7937580.510874,41917,1547.92860000,4780747.74868400,0
2026-01-10 02:00:00+00:00,3090.12,3094.61,3083.37,3088.07,2261.4801,2026-01-10 02:59:59.999000+00:00,6985550.039547,36581,1144.49850000,3536035.01833400,0
2026-01-10 03:00:00+00:00,3088.07,3089.0,3080.1,3086.51,3062.7012,2026-01-10 03:59:59.999000+00:00,9448419.172477,38864,1424.15380000,4393940.76020200,0
2026-01-10 04:00:00+00:00,3086.51,3087.68,3077.99,3079.74,10703.5108,2026-01-10 04:59:59.999000+00:00,32979064.779434,45977,5101.17060000,15714405.86354800,0
2026-01-10 05:00:00+00:00,3079.73,3087.89,3079.73,3086.54,3337.0932,2026-01-10 05:59:59.999000+00:00,10293089.29,31000,1817.08090000,5603862.07312900,0
2026-01-10 06:00:00+00:00,3086.54,3088.65,3083.37,3087.49,2522.8417,2026-01-10 06:59:59.999000+00:00,7787713.339267,35079,1100.04050000,3395675.57870500,0
2026-01-10 07:00:00+00:00,3087.5,3093.38,3087.49,3092.77,3716.6494,2026-01-10 07:59:59.999000+00:00,11488186.53596,41187,2067.41410000,6390466.69976900,0
2026-01-10 08:00:00+00:00,3092.77,3093.05,3087.37,3090.29,2414.7713,2026-01-10 08:59:59.999000+00:00,7461610.304871,29834,1465.13160000,4526978.60757200,0
2026-01-10 09:00:00+00:00,3090.29,3099.02,3089.39,3096.09,5162.5664,2026-01-10 09:59:59.999000+00:00,15970529.217031,44596,3917.35390000,12116816.96876100,0
2026-01-10 10:00:00+00:00,3096.1,3104.12,3094.06,3102.96,8254.382,2026-01-10 10:59:59.999000+00:00,25591350.58971,50601,4944.27860000,15325523.89886800,0
2026-01-10 11:00:00+00:00,3102.96,3104.01,3095.0,3096.99,3287.8756,2026-01-10 11:59:59.999000+00:00,10191230.815754,27865,1459.28980000,4523705.88642300,0
2026-01-10 12:00:00+00:00,3096.99,3104.01,3093.76,3099.46,4768.4808,2026-01-10 12:59:59.999000+00:00,14784074.026183,43868,2814.70190000,8725492.76993400,0
2026-01-10 13:00:00+00:00,3099.47,3099.47,3093.67,3094.94,1780.0675,2026-01-10 13:59:59.999000+00:00,5512519.015818,33030,931.29540000,2883872.20618700,0
2026-01-10 14:00:00+00:00,3094.94,3096.55,3088.81,3091.64,3195.2986,2026-01-10 14:59:59.999000+00:00,9882571.821444,47792,1492.14210000,4615069.50284700,0
2026-01-10 15:00:00+00:00,3091.65,3096.38,3091.64,3095.64,2757.2465,2026-01-10 15:59:59.999000+00:00,8532200.684315,35654,1691.93590000,5235573.78543000,0
2026-01-10 16:00:00+00:00,3095.63,3097.53,3092.0,3095.35,1470.5409,2026-01-10 16:59:59.999000+00:00,4551895.245554,26091,625.99900000,1937668.84184600,0
2026-01-10 17:00:00+00:00,3095.35,3099.37,3092.1,3092.95,2807.7095,2026-01-10 17:59:59.999000+00:00,8695407.265931,26070,1337.06830000,4141519.02806700,0
2026-01-10 18:00:00+00:00,3092.95,3094.03,3090.65,3092.85,1961.4325,2026-01-10 18:59:59.999000+00:00,6065913.420248,22485,980.34650000,3031734.33207400,0
2026-01-10 19:00:00+00:00,3092.85,3093.9,3090.08,3092.12,2180.4123,2026-01-10 19:59:59.999000+00:00,6742034.02625,20899,1486.63810000,4596638.58041800,0
2026-01-10 20:00:00+00:00,3092.13,3093.3,3089.05,3089.71,2143.3278,2026-01-10 20:59:59.999000+00:00,6624820.064214,18817,1227.87800000,3795446.58234500,0
2026-01-10 21:00:00+00:00,3089.71,3090.15,3084.46,3086.09,1925.8204,2026-01-10 21:59:59.999000+00:00,5946379.023197,27436,865.42470000,2672031.88213800,0
2026-01-10 22:00:00+00:00,3086.09,3089.51,3078.71,3080.74,4184.0796,2026-01-10 22:59:59.999000+00:00,12902905.03293,49003,2317.44570000,7147149.97254300,0
2026-01-10 23:00:00+00:00,3080.73,3089.56,3079.93,3086.72,2963.3618,2026-01-10 23:59:59.999000+00:00,9143185.309034,52959,1762.17550000,5436714.64341400,0
2026-01-11 00:00:00+00:00,3086.72,3092.71,3084.46,3091.98,1863.0968,2026-01-11 00:59:59.999000+00:00,5754842.225969,42483,1165.28180000,3599550.35827300,0
2026-01-11 01:00:00+00:00,3091.98,3095.32,3089.64,3095.31,1907.6898,2026-01-11 01:59:59.999000+00:00,5898496.528758,29549,1127.86340000,3487398.03941100,0
2026-01-11 02:00:00+00:00,3095.32,3097.29,3092.02,3092.49,1603.8399,2026-01-11 02:59:59.999000+00:00,4963691.991227,32129,702.66630000,2174635.48367300,0
2026-01-11 03:00:00+00:00,3092.5,3097.53,3091.87,3096.78,1315.5338,2026-01-11 03:59:59.999000+00:00,4071734.119707,27695,696.97260000,2157024.62069600,0
2026-01-11 04:00:00+00:00,3096.78,3099.01,3094.72,3098.22,3255.8361,2026-01-11 04:59:59.999000+00:00,10084235.939801,25154,1429.66040000,4428020.37976100,0
2026-01-11 05:00:00+00:00,3098.23,3102.42,3096.43,3099.32,2822.6462,2026-01-11 05:59:59.999000+00:00,8746959.514411,25146,1498.44870000,4643372.12121200,0
2026-01-11 06:00:00+00:00,3099.33,3101.15,3090.0,3097.19,3220.1679,2026-01-11 06:59:59.999000+00:00,9970070.470184,41733,1720.92240000,5328016.96743000,0
2026-01-11 07:00:00+00:00,3097.19,3098.41,3092.4,3095.32,1164.2753,2026-01-11 07:59:59.999000+00:00,3604055.986542,21444,515.58150000,1595988.74531800,0
2026-01-11 08:00:00+00:00,3095.32,3108.23,3092.7,3103.38,4020.1734,2026-01-11 08:59:59.999000+00:00,12464827.893255,39731,2357.84840000,7310555.64768400,0
2026-01-11 09:00:00+00:00,3103.38,3109.78,3100.81,3104.42,5070.5847,2026-01-11 09:59:59.999000+00:00,15740243.081712,39520,2597.95120000,8064797.16408400,0
2026-01-11 10:00:00+00:00,3104.43,3108.33,3102.59,3107.76,4742.2879,2026-01-11 10:59:59.999000+00:00,14726388.772606,34762,1859.74230000,5775948.70019800,0
2026-01-11 11:00:00+00:00,3107.77,3107.77,3103.37,3105.22,2736.4124,2026-01-11 11:59:59.999000+00:00,8496780.644628,25243,1514.40760000,4701888.08785600,0
2026-01-11 12:00:00+00:00,3105.22,3116.74,3105.0,3114.16,5996.6592,2026-01-11 12:59:59.999000+00:00,18662500.061056,64467,3219.29740000,10018673.00838800,0
2026-01-11 13:00:00+00:00,3114.16,3116.32,3106.99,3109.46,11799.0407,2026-01-11 13:59:59.999000+00:00,36702608.000853,69922,6284.76090000,19553396.31932900,0
2026-01-11 14:00:00+00:00,3109.46,3129.19,3108.97,3125.46,7374.2237,2026-01-11 14:59:59.999000+00:00,22988479.616901,74859,4222.40420000,13164896.56177600,0
2026-01-11 15:00:00+00:00,3125.46,3131.0,3110.12,3118.22,10380.1074,2026-01-11 15:59:59.999000+00:00,32394514.043972,129549,4879.12060000,15229656.12712200,0
2026-01-11 16:00:00+00:00,3118.22,3147.27,3115.63,3129.44,22504.0604,2026-01-11 16:59:59.999000+00:00,70529463.991529,148155,12552.07550000,39334452.85144200,0
2026-01-11 17:00:00+00:00,3129.45,3133.89,3118.26,3126.89,5734.1841,2026-01-11 17:59:59.999000+00:00,17931887.905112,54016,2856.95120000,8936755.46319100,0
2026-01-11 18:00:00+00:00,3126.89,3133.89,3120.64,3129.44,4107.1571,2026-01-11 18:59:59.999000+00:00,12843121.1083,50492,2416.84920000,7558899.28636000,0
2026-01-11 19:00:00+00:00,3129.43,3133.01,3119.0,3124.36,3671.4421,2026-01-11 19:59:59.999000+00:00,11477825.278762,51033,1788.23310000,5590935.20966000,0
2026-01-11 20:00:00+00:00,3124.36,3124.37,3101.95,3115.1,11009.2663,2026-01-11 20:59:59.999000+00:00,34240923.519899,122243,5380.24260000,16733017.54250900,0
2026-01-11 21:00:00+00:00,3115.09,3126.15,3107.6,3121.11,4453.8404,2026-01-11 21:59:59.999000+00:00,13880286.700133,69589,2350.28690000,7324976.45675700,0
2026-01-11 22:00:00+00:00,3121.11,3121.11,3106.49,3109.61,8475.8575,2026-01-11 22:59:59.999000+00:00,26381258.670273,81759,4960.69730000,15439575.28199500,0
2026-01-11 23:00:00+00:00,3109.6,3125.91,3092.59,3123.45,20152.9134,2026-01-11 23:59:59.999000+00:00,62672451.517412,221829,9422.95360000,29318221.35904800,0
2026-01-12 00:00:00+00:00,3123.46,3127.46,3097.24,3119.9,12921.0183,2026-01-12 00:59:59.999000+00:00,40238750.936293,253909,7123.41610000,22184735.61248500,0
2026-01-12 01:00:00+00:00,3119.9,3137.28,3114.01,3124.9,17055.9459,2026-01-12 01:59:59.999000+00:00,53352528.532579,271659,8006.47820000,25043277.78348500,0
2026-01-12 02:00:00+00:00,3124.9,3167.95,3122.61,3157.65,24362.2028,2026-01-12 02:59:59.999000+00:00,76714811.957687,274463,15540.26490000,48930468.14094700,0
2026-01-12 03:00:00+00:00,3157.65,3171.49,3151.52,3152.55,17967.2741,2026-01-12 03:59:59.999000+00:00,56823418.547277,162323,7920.55880000,25051519.05713500,0
2026-01-12 04:00:00+00:00,3152.56,3163.9,3148.7,3159.42,5764.5995,2026-01-12 04:59:59.999000+00:00,18195476.68693,86193,3029.28370000,9563684.57711500,0
2026-01-12 05:00:00+00:00,3159.42,3166.9,3155.38,3158.89,7169.7912,2026-01-12 05:59:59.999000+00:00,22675198.909515,63097,2806.52940000,8874589.87450900,0
2026-01-12 06:00:00+00:00,3158.89,3166.05,3152.61,3154.79,4009.7508,2026-01-12 06:59:59.999000+00:00,12663329.591218,62070,1784.21030000,5636039.68179200,0
2026-01-12 07:00:00+00:00,3154.8,3161.45,3133.52,3135.34,8520.1192,2026-01-12 07:59:59.999000+00:00,26797808.875396,104467,3414.89370000,10742345.05818300,0
2026-01-12 08:00:00+00:00,3135.33,3147.62,3101.48,3115.47,20077.8931,2026-01-12 08:59:59.999000+00:00,62699630.197015,289217,10043.70130000,31366922.82699200,0
2026-01-12 09:00:00+00:00,3115.47,3124.86,3111.0,3116.31,9411.6195,2026-01-12 09:59:59.999000+00:00,29354033.4,140850,5708.74140000,17804727.38959600,0
2026-01-12 10:00:00+00:00,3116.32,3119.88,3104.17,3106.88,5833.691,2026-01-12 10:59:59.999000+00:00,18154224.599091,115480,2396.55600000,7458114.17288900,0
2026-01-12 11:00:00+00:00,3106.87,3121.44,3106.32,3115.43,4921.8835,2026-01-12 11:59:59.999000+00:00,15331024.8269,81111,2433.25220000,7579785.77267500,0
2026-01-12 12:00:00+00:00,3115.43,3122.75,3112.62,3117.17,3697.8775,2026-01-12 12:59:59.999000+00:00,11532749.499663,71045,1714.56480000,5347274.59920700,0
2026-01-12 13:00:00+00:00,3117.17,3120.32,3105.57,3109.14,5202.9618,2026-01-12 13:59:59.999000+00:00,16190045.319766,107227,1871.44260000,5823108.38026900,0
2026-01-12 14:00:00+00:00,3109.14,3117.51,3065.55,3105.41,46677.9762,2026-01-12 14:59:59.999000+00:00,144326733.833589,460963,22867.78420000,70726820.44978500,0
2026-01-12 15:00:00+00:00,3105.37,3133.52,3092.88,3130.17,18104.92,2026-01-12 15:59:59.999000+00:00,56427930.801907,344763,9011.85520000,28089105.15014400,0
2026-01-12 16:00:00+00:00,3130.17,3146.66,3120.65,3130.88,20041.6852,2026-01-12 16:59:59.999000+00:00,62798743.517557,312322,9724.91640000,30476089.67269700,0
2026-01-12 17:00:00+00:00,3130.88,3137.02,3083.5,3104.88,20338.9454,2026-01-12 17:59:59.999000+00:00,63191608.275069,276509,9404.09010000,29210623.10718300,0
2026-01-12 18:00:00+00:00,3104.89,3119.26,3095.54,3108.28,9941.9102,2026-01-12 18:59:59.999000+00:00,30893065.258498,192067,5211.68840000,16200259.66101400,0
2026-01-12 19:00:00+00:00,3108.28,3121.96,3097.09,3121.83,6755.1383,2026-01-12 19:59:59.999000+00:00,21015598.969794,161841,3724.23590000,11586925.43299600,0
2026-01-12 20:00:00+00:00,3121.82,3127.75,3100.0,3102.57,5709.5292,2026-01-12 20:59:59.999000+00:00,17768946.900492,147172,2164.08670000,6735022.52327000,0
2026-01-12 21:00:00+00:00,3102.57,3106.8,3083.54,3092.4,10393.3777,2026-01-12 21:59:59.999000+00:00,32179691.243088,124714,3509.27160000,10870260.76071900,0
2026-01-12 22:00:00+00:00,3092.4,3107.43,3092.4,3095.42,7326.3952,2026-01-12 22:59:59.999000+00:00,22715015.314783,107134,3813.32120000,11821122.03051000,0
2026-01-12 23:00:00+00:00,3095.43,3098.96,3088.47,3095.75,5166.9625,2026-01-12 23:59:59.999000+00:00,15984176.301894,93009,1944.80580000,6017231.03896000,0
2026-01-13 00:00:00+00:00,3095.75,3109.96,3093.28,3108.59,7147.9522,2026-01-13 00:59:59.999000+00:00,22180572.43025,117089,4373.40210000,13569821.37412800,0
2026-01-13 01:00:00+00:00,3108.59,3114.39,3091.96,3097.66,5764.4479,2026-01-13 01:59:59.999000+00:00,17880674.106996,98284,2727.07840000,8463075.07347800,0
2026-01-13 02:00:00+00:00,3097.67,3108.42,3097.66,3101.44,3652.1654,2026-01-13 02:59:59.999000+00:00,11334753.04063,66433,2092.60340000,6495184.05702200,0
2026-01-13 03:00:00+00:00,3101.44,3119.01,3101.43,3116.14,5966.568,2026-01-13 03:59:59.999000+00:00,18564562.338869,101625,3380.03850000,10516586.30667800,0
2026-01-13 04:00:00+00:00,3116.14,3123.44,3112.46,3122.57,4807.9257,2026-01-13 04:59:59.999000+00:00,14993878.321735,88646,2540.86530000,7924420.25493400,0
2026-01-13 05:00:00+00:00,3122.57,3146.55,3121.6,3131.82,15633.273,2026-01-13 05:59:59.999000+00:00,49027164.736343,178226,7239.13430000,22703357.07641300,0
2026-01-13 06:00:00+00:00,3131.82,3137.76,3123.8,3134.41,9154.7729,2026-01-13 06:59:59.999000+00:00,28663148.049774,96184,4320.68550000,13529862.66706700,0
2026-01-13 07:00:00+00:00,3134.41,3135.82,3122.0,3122.01,8678.2897,2026-01-13 07:59:59.999000+00:00,27126356.669479,69365,4559.34180000,14249771.12678500,0
2026-01-13 08:00:00+00:00,3122.0,3137.95,3122.0,3135.99,12863.6171,2026-01-13 08:59:59.999000+00:00,40262766.165656,90068,8233.10210000,25766790.87968200,0
2026-01-13 09:00:00+00:00,3135.99,3148.33,3129.06,3138.57,12057.0842,2026-01-13 09:59:59.999000+00:00,37845197.665903,182123,6224.98670000,19541844.54169000,0
2026-01-13 10:00:00+00:00,3138.57,3141.84,3129.99,3134.73,5757.2827,2026-01-13 10:59:59.999000+00:00,18053732.691067,90251,2386.48540000,7484996.58253900,0
2026-01-13 11:00:00+00:00,3134.73,3139.07,3131.24,3133.95,3232.4114,2026-01-13 11:59:59.999000+00:00,10133307.755224,70334,1750.42250000,5487363.74885100,0
2026-01-13 12:00:00+00:00,3133.95,3137.99,3130.0,3135.12,4209.055,2026-01-13 12:59:59.999000+00:00,13192350.114638,70366,2058.84300000,6452811.45741600,0
2026-01-13 13:00:00+00:00,3135.13,3161.76,3130.01,3142.44,32822.4999,2026-01-13 13:59:59.999000+00:00,103299763.908168,253884,17227.57240000,54224090.77215700,0
2026-01-13 14:00:00+00:00,3142.43,3165.94,3130.05,3145.01,27900.0898,2026-01-13 14:59:59.999000+00:00,87910601.278668,411698,15098.89630000,47577301.85796100,0
2026-01-13 15:00:00+00:00,3145.01,3188.47,3133.22,3184.41,31613.5959,2026-01-13 15:59:59.999000+00:00,99876581.897605,421905,17649.57070000,55800547.97631400,0
2026-01-13 16:00:00+00:00,3184.41,3196.35,3172.0,3180.79,29418.0164,2026-01-13 16:59:59.999000+00:00,93713169.823857,425951,13998.63780000,44595592.91175600,0
2026-01-13 17:00:00+00:00,3180.8,3187.69,3172.99,3180.15,13332.5164,2026-01-13 17:59:59.999000+00:00,42407755.255216,238735,6997.12030000,22260666.88691900,0
2026-01-13 18:00:00+00:00,3180.16,3214.94,3178.25,3201.14,17881.7397,2026-01-13 18:59:59.999000+00:00,57181200.314921,261230,10016.50530000,32027773.53800800,0
2026-01-13 19:00:00+00:00,3201.15,3218.61,3191.51,3215.9,13323.6613,2026-01-13 19:59:59.999000+00:00,42720308.982922,246423,6813.75620000,21850772.44087200,0
2026-01-13 20:00:00+00:00,3215.91,3220.0,3190.56,3204.59,20538.0816,2026-01-13 20:59:59.999000+00:00,65856646.868923,241771,10354.56060000,33207847.05575000,0
2026-01-13 21:00:00+00:00,3204.6,3217.43,3201.36,3209.81,11406.1016,2026-01-13 21:59:59.999000+00:00,36621213.424293,132054,6700.54420000,21515781.65506600,0
2026-01-13 22:00:00+00:00,3209.81,3367.79,3209.81,3331.18,119773.0548,2026-01-13 22:59:59.999000+00:00,396163415.693747,605669,64002.62120000,211513234.07367700,0
2026-01-13 23:00:00+00:00,3331.19,3347.56,3314.67,3325.82,40848.079,2026-01-13 23:59:59.999000+00:00,135974180.589993,318602,18987.17080000,63210818.27712300,0
2026-01-14 00:00:00+00:00,3325.83,3336.56,3315.15,3324.57,22979.7064,2026-01-14 00:59:59.999000+00:00,76451271.320477,284706,8919.33540000,29680727.99643700,0
2026-01-14 01:00:00+00:00,3324.58,3345.0,3321.28,3336.7,27537.6018,2026-01-14 01:59:59.999000+00:00,91775963.45026,219363,11889.77040000,39628050.20236800,0
2026-01-14 02:00:00+00:00,3336.7,3357.56,3321.01,3327.11,22151.854,2026-01-14 02:59:59.999000+00:00,73964838.517847,169588,10680.30170000,35671847.83308100,0
2026-01-14 03:00:00+00:00,3327.11,3352.18,3321.0,3351.95,12874.2528,2026-01-14 03:59:59.999000+00:00,42911737.015451,110744,7721.94770000,25741829.27295400,0
2026-01-14 04:00:00+00:00,3351.94,3364.64,3335.64,3338.9,17282.4513,2026-01-14 04:59:59.999000+00:00,57846831.414774,141925,8387.40640000,28079749.81407600,0
2026-01-14 05:00:00+00:00,3338.9,3339.23,3325.6,3330.52,14908.851,2026-01-14 05:59:59.999000+00:00,49690721.112458,132726,5787.65510000,19290225.99380200,0
2026-01-14 06:00:00+00:00,3330.52,3335.49,3322.01,3334.33,15067.6317,2026-01-14 06:59:59.999000+00:00,50143764.441851,143384,7199.97150000,23963784.85027600,0
2026-01-14 07:00:00+00:00,3334.33,3342.83,3327.67,3335.78,15877.3119,2026-01-14 07:59:59.999000+00:00,52959015.57996,122312,9168.59150000,30583271.13303700,0
2026-01-14 08:00:00+00:00,3335.78,3342.64,3327.34,3327.35,8356.3069,2026-01-14 08:59:59.999000+00:00,27869677.72044,97568,4253.71110000,14189462.27133000,0
2026-01-14 09:00:00+00:00,3327.34,3335.19,3324.7,3328.32,10606.0259,2026-01-14 09:59:59.999000+00:00,35316542.7337,91017,3503.58000000,11668030.06218900,0
2026-01-14 10:00:00+00:00,3328.32,3333.19,3304.06,3312.99,19550.9854,2026-01-14 10:59:59.999000+00:00,64821101.455302,166319,9331.55100000,30940754.97302500,0
2026-01-14 11:00:00+00:00,3312.99,3313.75,3282.59,3286.22,20260.803,2026-01-14 11:59:59.999000+00:00,66763510.710581,191015,8321.97740000,27417664.31033000,0
2026-01-14 12:00:00+00:00,3286.22,3299.24,3280.48,3296.44,9507.7652,2026-01-14 12:59:59.999000+00:00,31303002.321431,115801,4870.13030000,16035254.21316500,0
2026-01-14 13:00:00+00:00,3296.43,3307.93,3289.1,3302.79,15864.151,2026-01-14 13:59:59.999000+00:00,52344859.877009,165573,7706.64040000,25438208.18127100,0
2026-01-14 14:00:00+00:00,3302.79,3358.0,3302.02,3349.21,41903.8479,2026-01-14 14:59:59.999000+00:00,139570653.339924,465128,22479.12050000,74892539.26407000,0
2026-01-14 15:00:00+00:00,3349.22,3362.17,3327.62,3345.81,40280.5619,2026-01-14 15:59:59.999000+00:00,134838951.953786,495030,20005.11650000,66970008.90562500,0
2026-01-14 16:00:00+00:00,3345.81,3402.89,3345.22,3370.26,54023.6594,2026-01-14 16:59:59.999000+00:00,182384348.478328,459485,28432.65000000,96000236.70713700,0
2026-01-14 17:00:00+00:00,3370.26,3381.32,3338.51,3342.41,28607.5029,2026-01-14 17:59:59.999000+00:00,96083053.202685,332942,12689.37760000,42632313.13745400,0
2026-01-14 18:00:00+00:00,3342.4,3354.16,3315.51,3339.41,20822.3928,2026-01-14 18:59:59.999000+00:00,69399381.140046,344445,10663.03400000,35540847.84387500,0
2026-01-14 19:00:00+00:00,3339.4,3400.01,3332.02,3367.42,32979.0721,2026-01-14 19:59:59.999000+00:00,111066169.096868,392683,18059.56400000,60825022.60845400,0
2026-01-14 20:00:00+00:00,3367.42,3392.94,3361.97,3383.68,20890.3401,2026-01-14 20:59:59.999000+00:00,70524233.799065,332465,9610.56920000,32451664.02760900,0
2026-01-14 21:00:00+00:00,3383.67,3383.67,3357.46,3372.99,11184.8055,2026-01-14 21:59:59.999000+00:00,37697374.136756,157494,4298.89400000,14488682.99333100,0
2026-01-14 22:00:00+00:00,3372.99,3374.42,3347.83,3349.09,11899.5582,2026-01-14 22:59:59.999000+00:00,39985152.915574,121238,5295.16190000,17795583.11452300,0
2026-01-14 23:00:00+00:00,3349.1,3369.5,3349.09,3354.92,8022.6368,2026-01-14 23:59:59.999000+00:00,26936344.605225,98459,3325.15350000,11165374.08387000,0
2026-01-15 00:00:00+00:00,3354.92,3355.8,3318.73,3331.35,12917.8436,2026-01-15 00:59:59.999000+00:00,43100058.0681,136437,4106.58330000,13705011.60521100,0
2026-01-15 01:00:00+00:00,3331.35,3342.85,3317.18,3325.04,9893.1101,2026-01-15 01:59:59.999000+00:00,32933537.189432,154103,4354.27990000,14498514.33813200,0
2026-01-15 02:00:00+00:00,3325.05,3332.42,3305.7,3314.27,11706.4511,2026-01-15 02:59:59.999000+00:00,38837447.874472,158722,4662.25430000,15468869.79652200,0
2026-01-15 03:00:00+00:00,3314.28,3321.66,3278.0,3286.55,23046.658,2026-01-15 03:59:59.999000+00:00,75898763.895967,203868,9354.50350000,30808723.60791100,0
2026-01-15 04:00:00+00:00,3286.56,3308.46,3284.84,3305.16,9144.4963,2026-01-15 04:59:59.999000+00:00,30162346.506606,133714,4808.83680000,15861109.34252200,0
2026-01-15 05:00:00+00:00,3305.16,3315.49,3302.58,3310.59,9819.6681,2026-01-15 05:59:59.999000+00:00,32501895.708034,116654,4295.46740000,14218983.57634000,0
2026-01-15 06:00:00+00:00,3310.6,3323.65,3309.64,3315.99,8891.6743,2026-01-15 06:59:59.999000+00:00,29497027.784213,116418,4127.15990000,13690998.97191600,0
2026-01-15 07:00:00+00:00,3316.0,3335.15,3314.4,3330.0,9082.2601,2026-01-15 07:59:59.999000+00:00,30210986.794391,121725,4351.64270000,14475456.16807300,0
2026-01-15 08:00:00+00:00,3329.99,3338.97,3320.17,3336.45,8650.1989,2026-01-15 08:59:59.999000+00:00,28796742.537566,112365,4066.63300000,13540668.70815700,0
2026-01-15 09:00:00+00:00,3336.44,3375.0,3330.05,3365.99,22634.9211,2026-01-15 09:59:59.999000+00:00,75979189.714155,204473,12839.14090000,43106293.13227300,0
2026-01-15 10:00:00+00:00,3365.99,3378.75,3357.18,3364.11,14070.9742,2026-01-15 10:59:59.999000+00:00,47375074.884243,143133,7074.11470000,23817467.83897200,0
2026-01-15 11:00:00+00:00,3364.1,3365.88,3347.38,3349.96,11073.4174,2026-01-15 11:59:59.999000+00:00,37169408.041953,118850,4267.98230000,14324975.27705400,0
2026-01-15 12:00:00+00:00,3349.96,3370.96,3344.07,3369.42,12251.9338,2026-01-15 12:59:59.999000+00:00,41142183.495716,142843,6388.12220000,21444869.60768000,0
2026-01-15 13:00:00+00:00,3369.41,3384.19,3356.93,3371.3,18455.1503,2026-01-15 13:59:59.999000+00:00,62185784.082836,178783,9004.37330000,30348135.88437400,0
2026-01-15 14:00:00+00:00,3371.29,3382.83,3322.57,3342.31,34277.1554,2026-01-15 14:59:59.999000+00:00,114846315.384936,448899,15914.93510000,53337414.03391700,0
2026-01-15 15:00:00+00:00,3342.3,3358.21,3285.79,3330.65,44402.7651,2026-01-15 15:59:59.999000+00:00,147329965.176729,571862,20398.91900000,67707096.81980700,0
2026-01-15 16:00:00+00:00,3330.66,3335.53,3310.0,3330.71,20592.5643,2026-01-15 16:59:59.999000+00:00,68412015.158966,398817,10634.82560000,35334501.09733400,0
2026-01-15 17:00:00+00:00,3330.71,3337.56,3296.49,3301.46,30647.6398,2026-01-15 17:59:59.999000+00:00,101825693.616409,289309,17273.73380000,57421835.13045400,0
2026-01-15 18:00:00+00:00,3301.46,3307.51,3273.72,3288.39,31969.8087,2026-01-15 18:59:59.999000+00:00,105225077.704077,296568,12602.61400000,41475900.05642300,0
2026-01-15 19:00:00+00:00,3288.38,3301.95,3276.96,3295.48,12453.6686,2026-01-15 19:59:59.999000+00:00,40972528.948277,261657,6124.58960000,20154269.78202700,0
2026-01-15 20:00:00+00:00,3295.47,3306.91,3276.7,3288.23,15230.2979,2026-01-15 20:59:59.999000+00:00,50130340.926024,179627,5535.40430000,18223421.14071800,0
2026-01-15 21:00:00+00:00,3288.23,3305.82,3284.28,3299.14,5345.3704,2026-01-15 21:59:59.999000+00:00,17619573.736304,81712,3089.09380000,10183926.51796900,0
2026-01-15 22:00:00+00:00,3299.13,3319.24,3296.33,3309.11,8186.8149,2026-01-15 22:59:59.999000+00:00,27084898.811122,120506,4315.65820000,14278772.39429600,0
2026-01-15 23:00:00+00:00,3309.11,3323.32,3302.24,3318.69,5248.9936,2026-01-15 23:59:59.999000+00:00,17391394.525692,75345,2515.21350000,8334290.58838700,0
2026-01-16 00:00:00+00:00,3318.7,3326.79,3315.98,3317.2,4153.4616,2026-01-16 00:59:59.999000+00:00,13796486.280369,85401,1935.56640000,6429963.37488400,0
2026-01-16 01:00:00+00:00,3317.21,3321.51,3301.99,3313.84,5888.1764,2026-01-16 01:59:59.999000+00:00,19500916.964395,102697,2536.76270000,8402377.89293300,0
2026-01-16 02:00:00+00:00,3313.85,3313.85,3291.89,3303.63,10480.2459,2026-01-16 02:59:59.999000+00:00,34598959.537407,143603,5642.03500000,18623822.96714400,0
2026-01-16 03:00:00+00:00,3303.63,3307.96,3294.64,3295.21,5710.8056,2026-01-16 03:59:59.999000+00:00,18852763.491927,87491,1985.29410000,6556697.10865700,0
2026-01-16 04:00:00+00:00,3295.22,3305.0,3277.04,3287.97,11605.6175,2026-01-16 04:59:59.999000+00:00,38162984.567181,106532,4318.99240000,14203960.12074000,0
2026-01-16 05:00:00+00:00,3287.97,3316.0,3284.22,3309.23,13335.0081,2026-01-16 05:59:59.999000+00:00,44008727.885049,123305,7386.68530000,24375326.82732100,0
2026-01-16 06:00:00+00:00,3309.23,3316.99,3302.7,3313.99,8022.1895,2026-01-16 06:59:59.999000+00:00,26556773.629397,70356,3913.94380000,12957853.17678300,0
2026-01-16 07:00:00+00:00,3314.0,3316.0,3302.21,3309.41,6192.9783,2026-01-16 07:59:59.999000+00:00,20486370.707514,75181,1975.84820000,6537344.33904900,0
2026-01-16 08:00:00+00:00,3309.42,3319.97,3308.53,3313.35,6873.6512,2026-01-16 08:59:59.999000+00:00,22789748.322064,112853,3464.07870000,11484737.27535600,0
2026-01-16 09:00:00+00:00,3313.36,3316.52,3307.09,3307.44,5533.2119,2026-01-16 09:59:59.999000+00:00,18320577.332453,87712,2192.86830000,7261018.18802400,0
2026-01-16 10:00:00+00:00,3307.44,3308.72,3294.49,3297.75,7600.9951,2026-01-16 10:59:59.999000+00:00,25093286.342387,91222,2675.24330000,8832647.00988900,0
2026-01-16 11:00:00+00:00,3297.75,3306.62,3293.33,3301.94,4979.9205,2026-01-16 11:59:59.999000+00:00,16435525.178742,94917,2368.22560000,7816721.67388500,0
2026-01-16 12:00:00+00:00,3301.94,3314.26,3300.49,3308.87,4977.0681,2026-01-16 12:59:59.999000+00:00,16467363.356706,86947,2254.24180000,7458202.01345700,0
2026-01-16 13:00:00+00:00,3308.88,3310.54,3295.52,3307.65,5606.5473,2026-01-16 13:59:59.999000+00:00,18530419.250566,101075,2598.30420000,8588116.12355900,0
2026-01-16 14:00:00+00:00,3307.65,3318.61,3290.64,3294.12,15123.591,2026-01-16 14:59:59.999000+00:00,49963513.082471,340721,7157.22130000,23645420.69456900,0
2026-01-16 15:00:00+00:00,3294.12,3311.36,3253.01,3264.18,40098.9859,2026-01-16 15:59:59.999000+00:00,131414592.212436,618094,19274.20690000,63166868.76665300,0
2026-01-16 16:00:00+00:00,3264.17,3288.0,3259.83,3279.03,22852.5254,2026-01-16 16:59:59.999000+00:00,74874597.858481,324944,12954.05320000,42441995.72367100,0
2026-01-16 17:00:00+00:00,3279.03,3286.54,3266.52,3284.22,8300.7118,2026-01-16 17:59:59.999000+00:00,27199235.419526,181116,4569.62520000,14974135.90558900,0
2026-01-16 18:00:00+00:00,3284.21,3288.42,3278.08,3279.11,5016.3624,2026-01-16 18:59:59.999000+00:00,16470966.655127,151081,2779.43830000,9126019.89279700,0
2026-01-16 19:00:00+00:00,3279.11,3279.51,3269.17,3276.94,4549.2864,2026-01-16 19:59:59.999000+00:00,14897749.679461,131714,2303.63640000,7544204.38398100,0
2026-01-16 20:00:00+00:00,3276.94,3294.0,3264.42,3292.82,10154.9748,2026-01-16 20:59:59.999000+00:00,33316321.962538,159486,6116.45360000,20067627.66876700,0
2026-01-16 21:00:00+00:00,3292.82,3299.04,3288.62,3293.97,7202.0045,2026-01-16 21:59:59.999000+00:00,23726544.150723,111804,4254.09800000,14013622.05244600,0
2026-01-16 22:00:00+00:00,3293.97,3295.43,3283.0,3294.1,5641.7139,2026-01-16 22:59:59.999000+00:00,18556829.759639,71841,2439.85390000,8026737.07597300,0
2026-01-16 23:00:00+00:00,3294.1,3299.89,3292.45,3296.28,4021.7545,2026-01-16 23:59:59.999000+00:00,13257255.123274,68155,2062.48490000,6798884.50181100,0
2026-01-17 00:00:00+00:00,3296.28,3297.34,3289.96,3292.91,2649.9411,2026-01-17 00:59:59.999000+00:00,8726147.930141,56916,957.11880000,3151705.55685900,0
2026-01-17 01:00:00+00:00,3292.91,3295.72,3287.87,3290.68,4326.3601,2026-01-17 01:59:59.999000+00:00,14241788.734257,41772,1456.36690000,4793569.22843300,0
2026-01-17 02:00:00+00:00,3290.68,3292.64,3283.96,3292.24,2679.0403,2026-01-17 02:59:59.999000+00:00,8807157.386098,42166,993.59300000,3266367.11093800,0
2026-01-17 03:00:00+00:00,3292.25,3292.3,3287.6,3289.32,1647.2092,2026-01-17 03:59:59.999000+00:00,5420243.70988,29952,881.15850000,2899489.40826300,0
2026-01-17 04:00:00+00:00,3289.33,3292.62,3285.99,3292.14,2251.8024,2026-01-17 04:59:59.999000+00:00,7406701.234671,25202,1094.85070000,3602057.01897100,0
2026-01-17 05:00:00+00:00,3292.14,3294.12,3289.75,3291.56,1894.8083,2026-01-17 05:59:59.999000+00:00,6237675.43955,30229,957.69600000,3152624.97300600,0
2026-01-17 06:00:00+00:00,3291.55,3293.32,3286.99,3291.4,2203.0806,2026-01-17 06:59:59.999000+00:00,7246279.777286,26245,1065.49100000,3504602.12475000,0
2026-01-17 07:00:00+00:00,3291.41,3292.57,3287.38,3291.57,1675.7653,2026-01-17 07:59:59.999000+00:00,5514385.199379,34933,783.44150000,2577948.24466400,0
2026-01-17 08:00:00+00:00,3291.56,3296.6,3289.01,3296.48,4000.7882,2026-01-17 08:59:59.999000+00:00,13181874.803869,40674,1750.74130000,5768457.50790400,0
2026-01-17 09:00:00+00:00,3296.48,3303.77,3293.47,3298.75,4571.83,2026-01-17 09:59:59.999000+00:00,15084910.138234,48482,2729.99180000,9008720.35714600,0
2026-01-17 10:00:00+00:00,3298.76,3301.05,3295.28,3296.64,2415.7521,2026-01-17 10:59:59.999000+00:00,7966481.191523,33366,1157.22660000,3816209.35649200,0
2026-01-17 11:00:00+00:00,3296.64,3305.32,3292.45,3302.72,8477.7113,2026-01-17 11:59:59.999000+00:00,27964808.716256,49705,5416.05520000,17869986.79940500,0
2026-01-17 12:00:00+00:00,3302.72,3306.39,3300.4,3302.89,2898.3147,2026-01-17 12:59:59.999000+00:00,9571689.114377,35793,1287.72120000,4252919.00381400,0
2026-01-17 13:00:00+00:00,3302.89,3304.78,3299.77,3303.88,2575.8594,2026-01-17 13:59:59.999000+00:00,8506692.867154,40250,1421.21960000,4693348.48671100,0
2026-01-17 14:00:00+00:00,3303.88,3312.0,3301.62,3310.45,6027.8908,2026-01-17 14:59:59.999000+00:00,19939755.897323,68717,3639.73500000,12039886.52005800,0
2026-01-17 15:00:00+00:00,3310.45,3330.07,3308.2,3329.95,31019.5454,2026-01-17 15:59:59.999000+00:00,103066793.676543,157259,20658.95820000,68629783.94860500,0
2026-01-17 16:00:00+00:00,3329.95,3330.26,3312.22,3319.29,18273.8571,2026-01-17 16:59:59.999000+00:00,60679985.26593,123734,10111.20670000,33582096.33222400,0
2026-01-17 17:00:00+00:00,3319.28,3327.82,3317.38,3319.43,3642.4915,2026-01-17 17:59:59.999000+00:00,12100703.548535,54676,1733.58550000,5759135.29983600,0
2026-01-17 18:00:00+00:00,3319.43,3320.88,3315.0,3317.82,3504.6869,2026-01-17 18:59:59.999000+00:00,11627081.393612,41423,1694.13190000,5620537.26104800,0
2026-01-17 19:00:00+00:00,3317.83,3321.08,3314.88,3316.36,1865.9094,2026-01-17 19:59:59.999000+00:00,6189145.099823,34552,1084.52670000,3597369.19826000,0
2026-01-17 20:00:00+00:00,3316.36,3320.33,3315.11,3317.34,2849.9069,2026-01-17 20:59:59.999000+00:00,9454348.999907,30461,1544.21130000,5123340.14656900,0
2026-01-17 21:00:00+00:00,3317.34,3317.34,3307.36,3312.84,3869.3519,2026-01-17 21:59:59.999000+00:00,12814515.337215,53087,2122.06800000,7027288.77868400,0
2026-01-17 22:00:00+00:00,3312.84,3312.84,3297.44,3302.0,6118.5338,2026-01-17 22:59:59.999000+00:00,20220113.664076,73849,2418.84110000,7994468.88967200,0
2026-01-17 23:00:00+00:00,3302.01,3310.56,3301.3,3310.56,2884.5936,2026-01-17 23:59:59.999000+00:00,9539589.265871,56171,1683.64870000,5567998.90262500,0
2026-01-18 00:00:00+00:00,3310.56,3314.43,3303.09,3304.53,3095.0505,2026-01-18 00:59:59.999000+00:00,10243151.916167,68589,1358.96920000,4498267.41746800,0
2026-01-18 01:00:00+00:00,3304.52,3306.9,3296.34,3301.15,4751.1327,2026-01-18 01:59:59.999000+00:00,15685793.726878,86750,1794.38440000,5924396.21585400,0
2026-01-18 02:00:00+00:00,3301.15,3305.8,3296.69,3303.45,2738.6713,2026-01-18 02:59:59.999000+00:00,9040885.785665,60990,1226.97640000,4050903.30187800,0
2026-01-18 03:00:00+00:00,3303.45,3319.5,3303.45,3316.16,4370.1528,2026-01-18 03:59:59.999000+00:00,14479510.521263,58345,2375.25130000,7869038.44885300,0
2026-01-18 04:00:00+00:00,3316.15,3317.9,3309.65,3312.0,3157.412,2026-01-18 04:59:59.999000+00:00,10464988.60135,43764,1030.98180000,3416607.69627300,0
2026-01-18 05:00:00+00:00,3311.99,3318.36,3310.97,3316.33,4672.4656,2026-01-18 05:59:59.999000+00:00,15490674.40704,49619,3618.30610000,11995787.54097300,0
2026-01-18 06:00:00+00:00,3316.32,3318.18,3312.16,3315.85,4828.9957,2026-01-18 06:59:59.999000+00:00,16008105.938129,50587,3681.15680000,12202920.35055900,0
2026-01-18 07:00:00+00:00,3315.84,3316.11,3306.4,3307.3,6782.8935,2026-01-18 07:59:59.999000+00:00,22448013.6292,61037,4109.05420000,13598740.66626000,0
2026-01-18 08:00:00+00:00,3307.3,3316.79,3303.52,3315.47,6547.0089,2026-01-18 08:59:59.999000+00:00,21671471.33001,68386,4859.73270000,16087335.43133600,0
2026-01-18 09:00:00+00:00,3315.46,3325.14,3314.46,3323.2,9577.9692,2026-01-18 09:59:59.999000+00:00,31809270.956503,91399,6214.44200000,20637276.27561000,0
2026-01-18 10:00:00+00:00,3323.21,3326.2,3318.47,3325.83,7048.8883,2026-01-18 10:59:59.999000+00:00,23417412.463482,61717,4462.55570000,14825696.12042000,0
2026-01-18 11:00:00+00:00,3325.82,3325.83,3319.08,3322.0,3251.9227,2026-01-18 11:59:59.999000+00:00,10801496.297863,41938,1212.44800000,4027308.26662200,0
2026-01-18 12:00:00+00:00,3322.0,3327.13,3318.74,3322.69,2361.0297,2026-01-18 12:59:59.999000+00:00,7846060.395747,48516,1114.94510000,3705199.55062300,0
2026-01-18 13:00:00+00:00,3322.68,3330.57,3314.64,3325.92,8141.7375,2026-01-18 13:59:59.999000+00:00,27060671.23786,86699,3220.31760000,10705564.74049600,0
2026-01-18 14:00:00+00:00,3325.93,3347.75,3322.69,3324.99,17154.142,2026-01-18 14:59:59.999000+00:00,57217520.195386,175574,9565.40910000,31910823.53262900,0
2026-01-18 15:00:00+00:00,3324.98,3335.5,3319.02,3333.99,4837.9816,2026-01-18 15:59:59.999000+00:00,16105257.533447,96655,2149.25210000,7156716.02039700,0
2026-01-18 16:00:00+00:00,3334.0,3337.95,3330.05,3333.74,4301.3605,2026-01-18 16:59:59.999000+00:00,14344318.523623,88592,2208.58620000,7366014.83885200,0
2026-01-18 17:00:00+00:00,3333.74,3346.0,3332.11,3345.07,3382.7592,2026-01-18 17:59:59.999000+00:00,11290902.648578,65399,2168.91640000,7240505.15245900,0
2026-01-18 18:00:00+00:00,3345.07,3368.82,3337.15,3361.85,14195.6452,2026-01-18 18:59:59.999000+00:00,47655973.14758,165978,7893.71220000,26496377.03729500,0
2026-01-18 19:00:00+00:00,3361.86,3365.96,3344.57,3346.56,7097.9903,2026-01-18 19:59:59.999000+00:00,23801955.479365,90640,2812.32190000,9428647.45355800,0
2026-01-18 20:00:00+00:00,3346.56,3352.64,3338.13,3341.1,3888.8403,2026-01-18 20:59:59.999000+00:00,13006358.783769,77348,2000.92350000,6693639.10419700,0
2026-01-18 21:00:00+00:00,3341.11,3345.56,3336.92,3341.82,2802.4732,2026-01-18 21:59:59.999000+00:00,9363861.621738,60881,1782.87910000,5957478.55975700,0
2026-01-18 22:00:00+00:00,3341.82,3356.26,3340.04,3350.77,4621.3565,2026-01-18 22:59:59.999000+00:00,15476931.073796,69820,2818.70340000,9438610.38012700,0
2026-01-18 23:00:00+00:00,3350.77,3350.78,3278.86,3284.03,39746.4234,2026-01-18 23:59:59.999000+00:00,131570930.315817,458229,19376.57400000,64191117.97909200,0
2026-01-19 00:00:00+00:00,3284.04,3284.58,3177.68,3212.13,124613.0182,2026-01-19 00:59:59.999000+00:00,401349157.139079,916287,58883.96330000,189653083.55768100,0
2026-01-19 01:00:00+00:00,3212.13,3221.48,3194.47,3206.86,31822.1553,2026-01-19 01:59:59.999000+00:00,102147240.241633,363860,12712.06300000,40806841.37343300,0
2026-01-19 02:00:00+00:00,3206.87,3216.48,3193.96,3204.46,17141.4507,2026-01-19 02:59:59.999000+00:00,54956343.582046,205083,6279.26450000,20136090.87539700,0
2026-01-19 03:00:00+00:00,3204.46,3213.05,3195.19,3212.29,16094.5119,2026-01-19 03:59:59.999000+00:00,51621993.072122,145060,9914.53690000,31805726.20428600,0
2026-01-19 04:00:00+00:00,3212.28,3218.02,3205.45,3212.97,24789.5133,2026-01-19 04:59:59.999000+00:00,79614718.773049,127140,17647.69290000,56676551.60965200,0
2026-01-19 05:00:00+00:00,3212.96,3215.67,3196.39,3203.05,33144.2543,2026-01-19 05:59:59.999000+00:00,106224966.795688,150539,21491.93680000,68878803.31840700,0
2026-01-19 06:00:00+00:00,3203.06,3204.57,3187.88,3195.58,18341.0265,2026-01-19 06:59:59.999000+00:00,58599147.1835,127439,6814.37340000,21772676.61795200,0
2026-01-19 07:00:00+00:00,3195.58,3209.42,3195.58,3207.47,9992.5605,2026-01-19 07:59:59.999000+00:00,32006259.400079,106155,6223.10500000,19935221.31093300,0
2026-01-19 08:00:00+00:00,3207.47,3221.99,3197.3,3213.87,16942.2718,2026-01-19 08:59:59.999000+00:00,54394761.965765,188075,7927.91890000,25467134.23218000,0
2026-01-19 09:00:00+00:00,3213.87,3214.87,3205.54,3209.46,5601.1018,2026-01-19 09:59:59.999000+00:00,17980806.719149,129676,2309.56320000,7414115.53646800,0
2026-01-19 10:00:00+00:00,3209.46,3216.58,3205.52,3215.47,11163.0134,2026-01-19 10:59:59.999000+00:00,35861077.699478,100802,6358.06320000,20427447.22273800,0
2026-01-19 11:00:00+00:00,3215.48,3231.27,3213.36,3223.91,28599.4564,2026-01-19 11:59:59.999000+00:00,92190316.951701,152326,19784.27620000,63769062.02551700,0
2026-01-19 12:00:00+00:00,3223.91,3236.26,3219.48,3225.1,17269.5153,2026-01-19 12:59:59.999000+00:00,55729133.422296,140250,10601.06790000,34212231.92987800,0
2026-01-19 13:00:00+00:00,3225.11,3225.12,3213.09,3218.27,5767.7086,2026-01-19 13:59:59.999000+00:00,18565632.232483,111580,2563.69560000,8252077.46177400,0
2026-01-19 14:00:00+00:00,3218.27,3219.72,3202.85,3213.0,10163.4651,2026-01-19 14:59:59.999000+00:00,32638576.293934,166303,3667.89950000,11779948.92490900,0
2026-01-19 15:00:00+00:00,3213.0,3220.97,3210.33,3216.21,6477.4171,2026-01-19 15:59:59.999000+00:00,20830773.679629,141801,3051.96000000,9816193.15097700,0
2026-01-19 16:00:00+00:00,3216.2,3227.17,3212.72,3223.16,7947.476,2026-01-19 16:59:59.999000+00:00,25578704.172631,180194,3097.57540000,9972464.30620200,0
2026-01-19 17:00:00+00:00,3223.16,3226.0,3217.12,3220.0,4280.4405,2026-01-19 17:59:59.999000+00:00,13788182.079168,108875,1645.39740000,5299796.12392300,0
2026-01-19 18:00:00+00:00,3220.0,3221.08,3208.5,3214.9,4601.5665,2026-01-19 18:59:59.999000+00:00,14788790.179624,95848,2016.68350000,6481650.54581500,0
2026-01-19 19:00:00+00:00,3214.9,3224.58,3214.9,3219.95,3617.4817,2026-01-19 19:59:59.999000+00:00,11646121.31066,95533,1953.11610000,6288175.16544600,0
2026-01-19 20:00:00+00:00,3219.95,3225.43,3212.08,3214.31,6035.3193,2026-01-19 20:59:59.999000+00:00,19431750.549266,88712,2730.66720000,8794984.51746000,0
2026-01-19 21:00:00+00:00,3214.32,3221.49,3210.23,3212.78,3662.3617,2026-01-19 21:59:59.999000+00:00,11778138.273673,87678,1286.79850000,4138903.06258900,0
2026-01-19 22:00:00+00:00,3212.77,3214.49,3186.82,3189.0,12147.2767,2026-01-19 22:59:59.999000+00:00,38874466.312692,146378,4769.31370000,15265461.65802800,0
2026-01-19 23:00:00+00:00,3189.01,3197.91,3165.38,3189.55,22326.197,2026-01-19 23:59:59.999000+00:00,70991205.868916,330570,11976.74180000,38085606.85292300,0
2026-01-20 00:00:00+00:00,3189.56,3200.5,3176.83,3184.12,9601.2838,2026-01-20 00:59:59.999000+00:00,30608115.923264,195355,5611.39550000,17891165.77688400,0
2026-01-20 01:00:00+00:00,3184.12,3199.6,3175.53,3193.28,7419.1627,2026-01-20 01:59:59.999000+00:00,23664358.099028,188671,4246.89410000,13548139.84617600,0
2026-01-20 02:00:00+00:00,3193.28,3200.1,3179.24,3192.96,8796.6457,2026-01-20 02:59:59.999000+00:00,28066854.260798,156895,4780.86600000,15258659.32742200,0
2026-01-20 03:00:00+00:00,3192.97,3194.91,3184.05,3188.67,5432.0602,2026-01-20 03:59:59.999000+00:00,17319000.830486,111627,2349.50170000,7490996.46072300,0
2026-01-20 04:00:00+00:00,3188.68,3189.23,3168.77,3172.76,7734.3455,2026-01-20 04:59:59.999000+00:00,24593426.756082,120792,2933.13120000,9326583.55085200,0
2026-01-20 05:00:00+00:00,3172.76,3174.89,3152.44,3171.35,24441.4708,2026-01-20 05:59:59.999000+00:00,77325588.205065,265115,10889.84600000,34464745.16178000,0
2026-01-20 06:00:00+00:00,3171.36,3172.27,3109.37,3116.91,42669.4242,2026-01-20 06:59:59.999000+00:00,133609005.135316,468161,15766.84040000,49372742.66610600,0
2026-01-20 07:00:00+00:00,3116.91,3131.34,3112.0,3123.37,18041.7187,2026-01-20 07:59:59.999000+00:00,56340471.723492,267843,10356.34050000,32346516.68210300,0
2026-01-20 08:00:00+00:00,3123.37,3123.84,3085.17,3106.84,42275.7364,2026-01-20 08:59:59.999000+00:00,131084702.937837,504923,21028.79900000,65173406.94374800,0
2026-01-20 09:00:00+00:00,3106.84,3108.8,3088.41,3094.1,11484.0512,2026-01-20 09:59:59.999000+00:00,35563404.06349,218581,5059.49680000,15668701.87851600,0
2026-01-20 10:00:00+00:00,3094.1,3108.52,3091.18,3103.01,15142.1648,2026-01-20 10:59:59.999000+00:00,46952611.822854,175295,10042.45680000,31142370.52997500,0
2026-01-20 11:00:00+00:00,3103.01,3113.1,3103.0,3109.88,11514.5753,2026-01-20 11:59:59.999000+00:00,35796029.014737,135358,8267.65990000,25701816.97690100,0
2026-01-20 12:00:00+00:00,3109.88,3115.0,3102.27,3111.3,13552.4661,2026-01-20 12:59:59.999000+00:00,42138927.763363,140138,9378.37410000,29160507.59612400,0
2026-01-20 13:00:00+00:00,3111.31,3113.27,3074.5,3078.99,18796.1387,2026-01-20 13:59:59.999000+00:00,58085790.084659,291368,8304.26110000,25673952.85120800,0
2026-01-20 14:00:00+00:00,3078.99,3089.01,3034.22,3047.49,55486.5486,2026-01-20 14:59:59.999000+00:00,169794861.640548,704751,25587.56860000,78310167.97142300,0
2026-01-20 15:00:00+00:00,3047.49,3049.91,2995.33,3032.99,63693.7372,2026-01-20 15:59:59.999000+00:00,192359869.468832,814590,28883.99660000,87256890.28763000,0
2026-01-20 16:00:00+00:00,3033.0,3042.92,2998.71,3009.32,24027.0356,2026-01-20 16:59:59.999000+00:00,72569636.179192,392953,11463.60440000,34641793.61014400,0
2026-01-20 17:00:00+00:00,3009.31,3023.64,2984.26,2999.62,25515.9493,2026-01-20 17:59:59.999000+00:00,76544524.421599,444178,12608.60590000,37831982.62645100,0
2026-01-20 18:00:00+00:00,2999.62,3009.0,2987.91,2991.81,15018.3357,2026-01-20 18:59:59.999000+00:00,45027024.848067,275298,8597.93020000,25783055.07045400,0
2026-01-20 19:00:00+00:00,2991.81,3003.31,2980.11,2996.49,15884.6582,2026-01-20 19:59:59.999000+00:00,47523816.64426,289092,9565.51390000,28618444.96344700,0
2026-01-20 20:00:00+00:00,2996.49,3007.15,2986.31,3006.66,12226.3577,2026-01-20 20:59:59.999000+00:00,36662417.031975,263444,6233.43110000,18690730.65505800,0
2026-01-20 21:00:00+00:00,3006.66,3007.22,2990.0,2993.53,12764.7295,2026-01-20 21:59:59.999000+00:00,38314378.529711,122402,4969.69620000,14911248.65275100,0
2026-01-20 22:00:00+00:00,2993.53,2999.08,2920.0,2951.54,37596.9297,2026-01-20 22:59:59.999000+00:00,110986778.750479,324454,15539.26650000,45828143.05309800,0
2026-01-20 23:00:00+00:00,2951.53,2952.42,2930.64,2939.88,19050.9531,2026-01-20 23:59:59.999000+00:00,56041432.670926,357354,9139.65370000,26883147.65421900,0
2026-01-21 00:00:00+00:00,2939.88,2969.51,2921.89,2960.0,24100.4816,2026-01-21 00:59:59.999000+00:00,71005025.060303,391256,14700.55470000,43334470.10433200,0
2026-01-21 01:00:00+00:00,2960.01,2974.2,2955.24,2965.15,10659.339,2026-01-21 01:59:59.999000+00:00,31613207.537558,205030,6584.48300000,19527334.01132400,0
2026-01-21 02:00:00+00:00,2965.14,2975.41,2958.0,2961.52,9378.8659,2026-01-21 02:59:59.999000+00:00,27824107.038741,192193,3832.42050000,11373750.32364200,0
2026-01-21 03:00:00+00:00,2961.52,2984.64,2960.87,2981.76,8605.1952,2026-01-21 03:59:59.999000+00:00,25587674.483834,174767,4024.79530000,11973454.35531100,0
2026-01-21 04:00:00+00:00,2981.75,2985.61,2974.85,2979.51,5848.5744,2026-01-21 04:59:59.999000+00:00,17438327.53973,113788,3207.39240000,9564434.89908900,0
2026-01-21 05:00:00+00:00,2979.5,3002.0,2977.53,2993.03,13125.9514,2026-01-21 05:59:59.999000+00:00,39277295.409644,170655,7798.61200000,23338887.88086900,0
2026-01-21 06:00:00+00:00,2993.03,2993.58,2975.33,2980.3,6624.2495,2026-01-21 06:59:59.999000+00:00,19785154.721942,125408,2815.58120000,8408921.13609700,0
2026-01-21 07:00:00+00:00,2980.31,2985.67,2966.0,2970.6,18355.0756,2026-01-21 07:59:59.999000+00:00,54612602.185879,164993,7752.82360000,23046290.78980400,0
2026-01-21 08:00:00+00:00,2970.6,2974.59,2956.0,2965.49,15077.8309,2026-01-21 08:59:59.999000+00:00,44720294.15625,192388,9737.76290000,28885814.86684500,0
2026-01-21 09:00:00+00:00,2965.49,2974.87,2950.34,2954.09,9638.3813,2026-01-21 09:59:59.999000+00:00,28593968.451535,116936,4082.99590000,12116624.81234900,0
2026-01-21 10:00:00+00:00,2954.08,2970.12,2952.42,2963.92,6687.776,2026-01-21 10:59:59.999000+00:00,19814143.336457,88010,4040.23070000,11970538.45612800,0
2026-01-21 11:00:00+00:00,2963.92,2971.66,2938.0,2943.0,16453.5334,2026-01-21 11:59:59.999000+00:00,48571146.644134,138603,6713.83310000,19824993.16599700,0
2026-01-21 12:00:00+00:00,2943.0,2946.47,2902.0,2931.48,39943.8258,2026-01-21 12:59:59.999000+00:00,116675759.074279,505237,17951.27240000,52441763.71793700,0
2026-01-21 13:00:00+00:00,2931.48,2945.64,2920.51,2928.13,15478.8032,2026-01-21 13:59:59.999000+00:00,45411821.627896,270605,8439.73970000,24763054.15717900,0
2026-01-21 14:00:00+00:00,2928.13,2995.83,2924.56,2981.09,51363.2491,2026-01-21 14:59:59.999000+00:00,152641112.749056,766635,28261.67220000,84022565.11438900,0
2026-01-21 15:00:00+00:00,2981.09,3026.83,2975.17,3002.69,45958.4767,2026-01-21 15:59:59.999000+00:00,137873132.081169,592340,23436.56230000,70337017.69720700,0
2026-01-21 16:00:00+00:00,3002.69,3005.22,2886.0,2891.58,63238.7042,2026-01-21 16:59:59.999000+00:00,185054879.679531,750089,29395.59050000,86015897.70867700,0
2026-01-21 17:00:00+00:00,2891.59,2914.19,2866.11,2903.91,52720.4294,2026-01-21 17:59:59.999000+00:00,152386183.874089,820550,27410.79040000,79240558.12269100,0
2026-01-21 18:00:00+00:00,2903.91,2933.8,2887.88,2927.4,17887.3425,2026-01-21 18:59:59.999000+00:00,52047695.024073,432288,10029.96940000,29189161.56165500,0
2026-01-21 19:00:00+00:00,2927.39,3069.07,2916.6,3055.56,75387.9538,2026-01-21 19:59:59.999000+00:00,226701656.403121,757003,41967.10990000,126197836.19759700,0
2026-01-21 20:00:00+00:00,3055.55,3057.72,3003.45,3031.84,33543.4474,2026-01-21 20:59:59.999000+00:00,101491297.983684,551603,16253.51860000,49177095.98095900,0
2026-01-21 21:00:00+00:00,3031.84,3044.16,3021.3,3031.47,11046.1957,2026-01-21 21:59:59.999000+00:00,33510777.219865,188553,5372.28090000,16303669.77049300,0
2026-01-21 22:00:00+00:00,3031.47,3045.01,3009.1,3010.52,10684.0157,2026-01-21 22:59:59.999000+00:00,32309245.092395,141390,4948.59970000,14961535.79175300,0
2026-01-21 23:00:00+00:00,3010.51,3025.35,2972.69,2982.27,15992.5504,2026-01-21 23:59:59.999000+00:00,47956676.436888,213996,8203.21570000,24605581.16836500,0
2026-01-22 00:00:00+00:00,2982.28,3011.51,2980.73,3005.39,11865.4604,2026-01-22 00:59:59.999000+00:00,35583831.908215,206652,7730.83340000,23183405.45471800,0
2026-01-22 01:00:00+00:00,3005.4,3033.95,3002.73,3028.52,10091.251,2026-01-22 01:59:59.999000+00:00,30486515.319263,214337,5615.17830000,16964421.69555800,0
2026-01-22 02:00:00+00:00,3028.52,3038.33,3015.15,3017.72,9545.4884,2026-01-22 02:59:59.999000+00:00,28907569.496663,175925,4896.73140000,14834400.51232100,0
2026-01-22 03:00:00+00:00,3017.72,3030.82,2999.77,3013.41,9405.7311,2026-01-22 03:59:59.999000+00:00,28345695.509122,144043,4014.20260000,12104753.02825400,0
2026-01-22 04:00:00+00:00,3013.41,3025.43,3011.5,3023.04,5226.8296,2026-01-22 04:59:59.999000+00:00,15780126.035484,108104,2842.08630000,8581413.30925500,0
2026-01-22 05:00:00+00:00,3023.03,3027.9,3014.78,3019.8,5095.4171,2026-01-22 05:59:59.999000+00:00,15391832.965747,107717,2098.44480000,6339887.09635100,0
2026-01-22 06:00:00+00:00,3019.8,3027.61,3008.83,3019.13,10859.0486,2026-01-22 06:59:59.999000+00:00,32764898.256298,142770,4225.91690000,12754879.56037000,0
2026-01-22 07:00:00+00:00,3019.14,3022.39,3000.4,3000.94,9422.4078,2026-01-22 07:59:59.999000+00:00,28368340.894364,122925,4980.15560000,14999736.05566900,0
2026-01-22 08:00:00+00:00,3000.94,3008.15,2992.5,3005.75,9275.3961,2026-01-22 08:59:59.999000+00:00,27831042.909776,145575,4573.55950000,13726431.74077700,0
2026-01-22 09:00:00+00:00,3005.75,3016.4,3003.19,3013.63,6819.533,2026-01-22 09:59:59.999000+00:00,20526423.725417,93696,3555.84910000,10704217.98837700,0
2026-01-22 10:00:00+00:00,3013.63,3014.63,3000.0,3002.64,7328.6677,2026-01-22 10:59:59.999000+00:00,22034222.045297,98607,2604.90030000,7831165.05668700,0
2026-01-22 11:00:00+00:00,3002.63,3006.82,2977.22,2986.8,13087.3376,2026-01-22 11:59:59.999000+00:00,39128419.695077,164035,5513.10630000,16482635.49974600,0
2026-01-22 12:00:00+00:00,2986.8,2998.48,2978.45,2990.86,7449.8362,2026-01-22 12:59:59.999000+00:00,22269306.661095,109991,4099.61860000,12256445.69516200,0
2026-01-22 13:00:00+00:00,2990.86,3010.18,2962.33,2972.76,18870.8896,2026-01-22 13:59:59.999000+00:00,56258807.212857,241747,8460.58540000,25238121.91524500,0
2026-01-22 14:00:00+00:00,2972.76,2982.13,2935.22,2941.33,34628.086,2026-01-22 14:59:59.999000+00:00,102454195.329804,496208,15658.47520000,46338892.56765700,0
2026-01-22 15:00:00+00:00,2941.32,2968.39,2906.02,2942.01,45630.1979,2026-01-22 15:59:59.999000+00:00,133971962.049416,604481,23026.22480000,67615038.12476900,0
2026-01-22 16:00:00+00:00,2942.02,2958.53,2923.99,2946.24,17646.4965,2026-01-22 16:59:59.999000+00:00,51901334.014638,402258,10023.09750000,29482909.07596300,0
2026-01-22 17:00:00+00:00,2946.24,2963.83,2934.97,2961.77,10980.2225,2026-01-22 17:59:59.999000+00:00,32385448.074181,265081,5855.68950000,17274920.95682600,0
2026-01-22 18:00:00+00:00,2961.76,2972.76,2938.46,2939.53,11212.245,2026-01-22 18:59:59.999000+00:00,33150184.586073,211287,6330.15550000,18723199.71334300,0
2026-01-22 19:00:00+00:00,2939.54,2963.49,2928.33,2953.94,8618.6074,2026-01-22 19:59:59.999000+00:00,25404947.238911,185425,4741.04450000,13978717.67413600,0
2026-01-22 20:00:00+00:00,2953.94,2957.86,2930.15,2939.02,9826.5634,2026-01-22 20:59:59.999000+00:00,28908470.760421,171964,4246.75190000,12489573.29505700,0
2026-01-22 21:00:00+00:00,2939.02,2951.45,2933.75,2946.4,6588.3296,2026-01-22 21:59:59.999000+00:00,19404402.769621,111726,3482.72650000,10254602.40619500,0
2026-01-22 22:00:00+00:00,2946.31,2959.16,2943.33,2951.9,6729.5611,2026-01-22 22:59:59.999000+00:00,19854170.48754,91609,3056.45690000,9017003.81905600,0
2026-01-22 23:00:00+00:00,2951.9,2955.89,2940.82,2952.69,5457.1313,2026-01-22 23:59:59.999000+00:00,16094744.293858,80358,2779.00390000,8194856.80882500,0
2026-01-23 00:00:00+00:00,2952.7,2957.13,2946.22,2953.61,5040.1625,2026-01-23 00:59:59.999000+00:00,14878153.253621,101105,2668.97720000,7878771.05373500,0
2026-01-23 01:00:00+00:00,2953.62,2970.0,2953.08,2968.88,7415.3464,2026-01-23 01:59:59.999000+00:00,21959228.266297,145393,4469.15540000,13235365.77768900,0
2026-01-23 02:00:00+00:00,2968.89,2972.08,2952.83,2952.83,5463.6639,2026-01-23 02:59:59.999000+00:00,16192866.275278,110649,2619.89630000,7768326.10643700,0
2026-01-23 03:00:00+00:00,2952.83,2965.45,2951.92,2964.42,4150.2135,2026-01-23 03:59:59.999000+00:00,12282870.214851,90419,1951.88820000,5776943.93350100,0
2026-01-23 04:00:00+00:00,2964.42,2984.71,2963.0,2977.99,10015.3261,2026-01-23 04:59:59.999000+00:00,29800268.190353,135548,6076.48430000,18080941.13650900,0
2026-01-23 05:00:00+00:00,2977.99,2978.41,2963.83,2968.56,7833.1727,2026-01-23 05:59:59.999000+00:00,23279425.357784,138897,3885.18690000,11548119.47983000,0
2026-01-23 06:00:00+00:00,2968.57,2975.39,2937.85,2939.88,16426.048,2026-01-23 06:59:59.999000+00:00,48548767.027977,254385,6416.37890000,18971404.34411700,0
2026-01-23 07:00:00+00:00,2939.88,2951.42,2935.31,2948.49,12271.1076,2026-01-23 07:59:59.999000+00:00,36157527.849938,177353,7962.19760000,23463943.37988700,0
2026-01-23 08:00:00+00:00,2948.58,2951.34,2921.2,2927.64,16274.5508,2026-01-23 08:59:59.999000+00:00,47723715.503203,216165,7199.09810000,21117953.66531300,0
2026-01-23 09:00:00+00:00,2927.64,2935.02,2915.19,2921.17,15019.2137,2026-01-23 09:59:59.999000+00:00,43909620.749391,215749,6646.95030000,19437607.76835800,0
2026-01-23 10:00:00+00:00,2921.16,2935.0,2914.93,2930.95,13413.5463,2026-01-23 10:59:59.999000+00:00,39252065.257241,167591,6725.30870000,19682396.50786200,0
2026-01-23 11:00:00+00:00,2930.95,2946.66,2928.44,2940.68,12030.9394,2026-01-23 11:59:59.999000+00:00,35355403.891121,143056,6544.42110000,19232910.53788100,0
2026-01-23 12:00:00+00:00,2940.68,2940.69,2929.0,2934.86,8042.3332,2026-01-23 12:59:59.999000+00:00,23608346.987469,140619,3619.01390000,10623948.13771700,0
2026-01-23 13:00:00+00:00,2934.85,2943.92,2927.09,2930.79,7776.2841,2026-01-23 13:59:59.999000+00:00,22829492.894488,162293,3561.11900000,10456007.41042700,0
2026-01-23 14:00:00+00:00,2930.78,2942.39,2892.4,2916.07,31603.727,2026-01-23 14:59:59.999000+00:00,92064262.454659,517926,13773.56440000,40147490.58243200,0
2026-01-23 15:00:00+00:00,2916.07,2965.06,2899.77,2952.75,26850.2304,2026-01-23 15:59:59.999000+00:00,78814218.855634,511412,13912.04510000,40831080.25138500,0
2026-01-23 16:00:00+00:00,2952.66,2980.0,2938.46,2967.99,25013.5039,2026-01-23 16:59:59.999000+00:00,74103903.602835,496165,13249.50960000,39268161.99384400,0
2026-01-23 17:00:00+00:00,2968.0,3019.26,2959.8,2987.51,33119.1072,2026-01-23 17:59:59.999000+00:00,99103556.961162,450345,18025.32890000,53937543.42222800,0
2026-01-23 18:00:00+00:00,2987.51,3007.55,2978.45,2988.6,15956.1797,2026-01-23 18:59:59.999000+00:00,47740022.779023,328338,7888.24030000,23609270.22946400,0
2026-01-23 19:00:00+00:00,2988.6,2988.6,2946.73,2959.8,20079.1145,2026-01-23 19:59:59.999000+00:00,59565906.115323,347249,9502.46070000,28177643.44849200,0
2026-01-23 20:00:00+00:00,2959.79,2963.69,2930.42,2940.16,13098.679,2026-01-23 20:59:59.999000+00:00,38561840.76439,319655,6296.00270000,18540545.97215500,0
2026-01-23 21:00:00+00:00,2940.15,2953.07,2938.26,2943.98,3646.0107,2026-01-23 21:59:59.999000+00:00,10746498.23927,121717,2077.09020000,6122386.64273000,0
2026-01-23 22:00:00+00:00,2943.98,2961.92,2943.47,2960.02,5647.058,2026-01-23 22:59:59.999000+00:00,16689763.332764,116831,3258.12900000,9628499.59458200,0
2026-01-23 23:00:00+00:00,2960.02,2960.02,2951.0,2956.41,2229.8131,2026-01-23 23:59:59.999000+00:00,6590250.845443,70178,922.80610000,2727457.29260900,0
2026-01-24 00:00:00+00:00,2956.41,2958.99,2949.27,2950.99,4133.8814,2026-01-24 00:59:59.999000+00:00,12213366.143468,85256,2078.70620000,6141818.69528000,0
2026-01-24 01:00:00+00:00,2951.0,2959.45,2950.0,2956.12,2183.2688,2026-01-24 01:59:59.999000+00:00,6451811.388525,81316,959.90880000,2836893.47456100,0
2026-01-24 02:00:00+00:00,2956.12,2962.32,2954.69,2959.59,3290.6754,2026-01-24 02:59:59.999000+00:00,9737586.733249,68963,1928.97840000,5708498.92397000,0
2026-01-24 03:00:00+00:00,2959.59,2970.41,2957.25,2962.72,9572.3536,2026-01-24 03:59:59.999000+00:00,28396888.747,89869,3798.19900000,11263218.04719200,0
2026-01-24 04:00:00+00:00,2962.72,2966.86,2959.49,2963.41,3230.1982,2026-01-24 04:59:59.999000+00:00,9569068.803829,43796,1304.38130000,3863851.35915700,0
2026-01-24 05:00:00+00:00,2963.41,2965.63,2957.39,2961.32,3560.5846,2026-01-24 05:59:59.999000+00:00,10546104.269594,44253,1319.84080000,3909125.50334100,0
2026-01-24 06:00:00+00:00,2961.32,2964.16,2959.13,2961.79,2039.1799,2026-01-24 06:59:59.999000+00:00,6039406.158005,38122,1000.04920000,2961877.54586900,0
2026-01-24 07:00:00+00:00,2961.79,2962.4,2953.99,2957.34,7722.5107,2026-01-24 07:59:59.999000+00:00,22833217.852486,44238,4043.48830000,11953022.53812800,0
2026-01-24 08:00:00+00:00,2957.34,2963.18,2954.77,2963.12,2867.9166,2026-01-24 08:59:59.999000+00:00,8484540.407691,38018,1292.76260000,3825489.84958000,0
2026-01-24 09:00:00+00:00,2963.13,2964.98,2960.1,2960.55,1548.1336,2026-01-24 09:59:59.999000+00:00,4586014.294205,28731,726.94530000,2153541.73373200,0
2026-01-24 10:00:00+00:00,2960.55,2962.2,2958.75,2961.66,1666.157,2026-01-24 10:59:59.999000+00:00,4932543.872089,26744,1047.01450000,3099648.13774600,0
2026-01-24 11:00:00+00:00,2961.66,2964.48,2960.47,2961.18,1562.9538,2026-01-24 11:59:59.999000+00:00,4630240.684148,23253,817.21520000,2421194.36479400,0
2026-01-24 12:00:00+00:00,2961.17,2965.01,2959.49,2962.64,3850.6809,2026-01-24 12:59:59.999000+00:00,11402353.648909,31390,1232.36680000,3650125.60657800,0
2026-01-24 13:00:00+00:00,2962.65,2963.5,2948.4,2948.92,3715.0482,2026-01-24 13:59:59.999000+00:00,10983771.886493,32338,1164.45190000,3441190.84760600,0
2026-01-24 14:00:00+00:00,2948.92,2959.55,2943.84,2959.48,6294.0764,2026-01-24 14:59:59.999000+00:00,18588891.545476,86542,3301.32890000,9751638.49053700,0
2026-01-24 15:00:00+00:00,2959.49,2968.08,2955.57,2957.25,7226.6559,2026-01-24 15:59:59.999000+00:00,21405186.13543,74731,3331.08060000,9867599.62302300,0
2026-01-24 16:00:00+00:00,2957.25,2961.62,2952.23,2958.9,3048.4388,2026-01-24 16:59:59.999000+00:00,9013072.868589,61852,1519.56720000,4493260.19166500,0
2026-01-24 17:00:00+00:00,2958.91,2966.1,2957.96,2964.3,3149.78,2026-01-24 17:59:59.999000+00:00,9332081.430243,50314,1525.09670000,4517918.93520700,0
2026-01-24 18:00:00+00:00,2964.31,2968.49,2961.99,2963.82,4188.8084,2026-01-24 18:59:59.999000+00:00,12418136.774152,34585,1715.69090000,5085126.68052400,0
2026-01-24 19:00:00+00:00,2963.82,2964.21,2952.44,2953.93,3763.0544,2026-01-24 19:59:59.999000+00:00,11126361.585715,38808,1224.89600000,3621185.47431600,0
2026-01-24 20:00:00+00:00,2953.94,2958.8,2953.76,2956.25,2357.1118,2026-01-24 20:59:59.999000+00:00,6968679.860667,28279,1695.65880000,5012932.73132300,0
2026-01-24 21:00:00+00:00,2956.26,2957.95,2949.23,2957.95,3613.1329,2026-01-24 21:59:59.999000+00:00,10671237.451419,40652,2341.58030000,6916282.15347500,0
2026-01-24 22:00:00+00:00,2957.95,2964.55,2957.94,2963.0,2303.2091,2026-01-24 22:59:59.999000+00:00,6819581.728381,37706,1121.70530000,3321470.16987000,0
2026-01-24 23:00:00+00:00,2963.0,2964.4,2952.54,2953.22,5195.0935,2026-01-24 23:59:59.999000+00:00,15367131.590663,55393,992.29770000,2934149.68064500,0
2026-01-25 00:00:00+00:00,2953.23,2958.87,2952.54,2958.87,1835.3665,2026-01-25 00:59:59.999000+00:00,5423277.055617,46353,936.76130000,2767917.18949600,0
2026-01-25 01:00:00+00:00,2958.86,2960.29,2950.0,2955.15,3953.2757,2026-01-25 01:59:59.999000+00:00,11681122.805,44458,1717.99980000,5076372.66068700,0
2026-01-25 02:00:00+00:00,2955.16,2957.8,2953.1,2953.37,1632.8242,2026-01-25 02:59:59.999000+00:00,4825262.695132,31369,675.10430000,1995198.15375800,0
2026-01-25 03:00:00+00:00,2953.38,2954.1,2937.5,2942.6,7212.5023,2026-01-25 03:59:59.999000+00:00,21226931.956872,90688,2126.49140000,6257607.20042700,0
2026-01-25 04:00:00+00:00,2942.59,2949.36,2940.45,2945.29,5221.9103,2026-01-25 04:59:59.999000+00:00,15372338.830085,79553,1555.77850000,4581932.88008200,0
2026-01-25 05:00:00+00:00,2945.29,2948.64,2942.17,2947.38,1735.8472,2026-01-25 05:59:59.999000+00:00,5113252.704878,39450,902.16580000,2657249.75353100,0
2026-01-25 06:00:00+00:00,2947.39,2947.77,2935.01,2944.24,5987.1847,2026-01-25 06:59:59.999000+00:00,17608958.718324,72835,2956.12890000,8695728.94167100,0
2026-01-25 07:00:00+00:00,2944.24,2944.24,2938.05,2939.57,2182.5704,2026-01-25 07:59:59.999000+00:00,6418496.785553,37234,747.53110000,2198684.84407800,0
2026-01-25 08:00:00+00:00,2939.58,2944.8,2921.0,2929.08,10209.794,2026-01-25 08:59:59.999000+00:00,29937824.388529,112829,4957.49230000,14534030.83403300,0
2026-01-25 09:00:00+00:00,2929.08,2939.16,2926.66,2935.75,6039.7226,2026-01-25 09:59:59.999000+00:00,17717674.160596,80052,3727.22450000,10931413.74788300,0
2026-01-25 10:00:00+00:00,2935.75,2948.11,2935.74,2945.08,5745.8939,2026-01-25 10:59:59.999000+00:00,16909110.560675,75560,3002.12120000,8834275.71531700,0
2026-01-25 11:00:00+00:00,2945.09,2946.49,2932.36,2937.54,4619.4614,2026-01-25 11:59:59.999000+00:00,13576448.709458,76853,1714.00110000,5036189.05081100,0
2026-01-25 12:00:00+00:00,2937.54,2944.95,2932.63,2942.38,6754.5443,2026-01-25 12:59:59.999000+00:00,19852185.735314,114319,3916.87490000,11513492.19740100,0
2026-01-25 13:00:00+00:00,2942.39,2945.37,2935.47,2941.68,4572.2923,2026-01-25 13:59:59.999000+00:00,13447668.19475,87003,2614.52200000,7690161.60585300,0
2026-01-25 14:00:00+00:00,2941.69,2942.69,2924.76,2932.54,9012.2128,2026-01-25 14:59:59.999000+00:00,26420070.400176,161496,4719.66110000,13835274.60388600,0
2026-01-25 15:00:00+00:00,2932.53,2936.12,2922.08,2926.81,4623.5708,2026-01-25 15:59:59.999000+00:00,13548907.908034,131599,2514.03340000,7367065.81068900,0
2026-01-25 16:00:00+00:00,2926.82,2927.78,2876.36,2896.98,58280.185,2026-01-25 16:59:59.999000+00:00,168870695.897474,602041,26121.47480000,75671261.98139500,0
2026-01-25 17:00:00+00:00,2896.99,2898.61,2879.05,2884.41,10051.0689,2026-01-25 17:59:59.999000+00:00,29022085.293885,224818,3409.45520000,9845286.93267400,0
2026-01-25 18:00:00+00:00,2884.41,2888.71,2828.05,2848.19,70206.1269,2026-01-25 18:59:59.999000+00:00,200281961.549599,607241,30433.44680000,86805921.41462600,0
2026-01-25 19:00:00+00:00,2848.2,2857.77,2797.2,2812.96,55358.0255,2026-01-25 19:59:59.999000+00:00,156383154.800138,558495,22828.64600000,64504037.60343200,0
2026-01-25 20:00:00+00:00,2812.96,2824.0,2787.0,2809.72,38916.2688,2026-01-25 20:59:59.999000+00:00,109072312.335147,411880,16827.26960000,47158284.24337400,0
2026-01-25 21:00:00+00:00,2809.72,2825.72,2802.57,2818.72,22999.7762,2026-01-25 21:59:59.999000+00:00,64749560.503577,301413,8959.01110000,25228412.65303800,0
2026-01-25 22:00:00+00:00,2818.73,2819.32,2790.0,2807.14,21128.4243,2026-01-25 22:59:59.999000+00:00,59214099.816727,246282,7756.85350000,21735700.47611500,0
2026-01-25 23:00:00+00:00,2807.14,2821.14,2787.0,2816.89,21907.6836,2026-01-25 23:59:59.999000+00:00,61464494.147231,403966,10013.72310000,28099899.38680800,0
2026-01-26 00:00:00+00:00,2816.9,2847.26,2812.37,2841.65,31383.74,2026-01-26 00:59:59.999000+00:00,88912398.503509,413366,16800.39690000,47597078.93957800,0
2026-01-26 01:00:00+00:00,2841.66,2898.76,2838.62,2882.69,35818.2489,2026-01-26 01:59:59.999000+00:00,102976800.564117,436124,18674.54600000,53673555.51737600,0
2026-01-26 02:00:00+00:00,2882.7,2885.39,2863.33,2865.98,18026.5386,2026-01-26 02:59:59.999000+00:00,51812686.018456,266977,6782.74970000,19495486.51382600,0
2026-01-26 03:00:00+00:00,2865.98,2872.49,2840.89,2850.68,18228.1752,2026-01-26 03:59:59.999000+00:00,52028756.835432,203871,7747.69440000,22112574.32147300,0
2026-01-26 04:00:00+00:00,2850.69,2875.77,2849.91,2865.98,16354.4759,2026-01-26 04:59:59.999000+00:00,46856057.327299,194642,6212.46200000,17794828.45347800,0
2026-01-26 05:00:00+00:00,2865.97,2873.32,2859.92,2869.65,14879.2022,2026-01-26 05:59:59.999000+00:00,42643654.068145,138990,4022.70350000,11530344.06811700,0
2026-01-26 06:00:00+00:00,2869.66,2891.83,2866.06,2891.64,19629.3441,2026-01-26 06:59:59.999000+00:00,56532834.515817,200233,9235.04840000,26606842.73409500,0
2026-01-26 07:00:00+00:00,2891.64,2911.61,2886.08,2904.32,19586.5075,2026-01-26 07:59:59.999000+00:00,56765308.769998,254132,9770.71380000,28316363.59846500,0
2026-01-26 08:00:00+00:00,2904.32,2934.4,2897.14,2912.29,26086.0016,2026-01-26 08:59:59.999000+00:00,76066322.062772,255623,13540.12300000,39481139.98662700,0
2026-01-26 09:00:00+00:00,2912.29,2913.56,2880.5,2885.87,13808.9506,2026-01-26 09:59:59.999000+00:00,39953835.241995,184949,5684.04550000,16442115.51591200,0
2026-01-26 10:00:00+00:00,2885.87,2901.74,2884.84,2896.28,9764.3821,2026-01-26 10:59:59.999000+00:00,28286959.441619,136236,6280.39390000,18194494.09093900,0
2026-01-26 11:00:00+00:00,2896.27,2900.66,2888.08,2892.15,9041.6185,2026-01-26 11:59:59.999000+00:00,26176828.506756,102795,4655.60420000,13483100.12993000,0
2026-01-26 12:00:00+00:00,2892.15,2915.1,2892.15,2902.69,8344.7501,2026-01-26 12:59:59.999000+00:00,24237520.751978,133188,4183.52380000,12151947.13289000,0
2026-01-26 13:00:00+00:00,2902.69,2911.3,2897.04,2909.67,7171.4715,2026-01-26 13:59:59.999000+00:00,20843981.388528,147974,3719.81980000,10813240.52803600,0
2026-01-26 14:00:00+00:00,2909.66,2934.7,2875.77,2922.74,59545.1399,2026-01-26 14:59:59.999000+00:00,172663970.82116,581983,26387.66770000,76555745.55176200,0
2026-01-26 15:00:00+00:00,2922.75,2951.21,2887.69,2899.32,40140.1945,2026-01-26 15:59:59.999000+00:00,117259590.32331,586437,20556.14030000,60055054.68146300,0
2026-01-26 16:00:00+00:00,2899.32,2918.0,2891.64,2901.5,20494.4224,2026-01-26 16:59:59.999000+00:00,59557834.909063,386534,11088.60560000,32233033.89627600,0
2026-01-26 17:00:00+00:00,2901.51,2915.89,2885.97,2909.42,15668.7681,2026-01-26 17:59:59.999000+00:00,45460689.569763,245440,9052.36690000,26272018.24688100,0
2026-01-26 18:00:00+00:00,2909.43,2932.68,2908.01,2932.01,17587.109,2026-01-26 18:59:59.999000+00:00,51364038.54788,236518,9842.44000000,28744648.63558100,0
2026-01-26 19:00:00+00:00,2932.0,2936.06,2918.42,2923.12,12566.3805,2026-01-26 19:59:59.999000+00:00,36817732.528716,186392,6774.93250000,19852104.76000000,0
2026-01-26 20:00:00+00:00,2923.11,2929.47,2898.88,2901.82,21876.3407,2026-01-26 20:59:59.999000+00:00,63842087.764499,157364,7840.47400000,22866265.86214900,0
2026-01-26 21:00:00+00:00,2901.82,2944.18,2895.82,2928.97,24260.468,2026-01-26 21:59:59.999000+00:00,71003421.303877,205811,16014.50070000,46870389.18773200,0
2026-01-26 22:00:00+00:00,2928.98,2936.88,2919.79,2927.22,10070.1796,2026-01-26 22:59:59.999000+00:00,29480319.815469,121483,4977.66460000,14572752.28746800,0
2026-01-26 23:00:00+00:00,2927.21,2945.32,2918.3,2930.35,14836.9277,2026-01-26 23:59:59.999000+00:00,43514513.998437,156508,9551.52760000,28016128.48414000,0
2026-01-27 00:00:00+00:00,2930.35,2931.27,2918.0,2921.06,10769.4464,2026-01-27 00:59:59.999000+00:00,31484295.659138,127464,6854.53350000,20037400.82879400,0
2026-01-27 01:00:00+00:00,2921.05,2939.95,2912.44,2932.65,11889.3556,2026-01-27 01:59:59.999000+00:00,34802835.245276,140985,7887.77160000,23085596.29442800,0
2026-01-27 02:00:00+00:00,2932.65,2947.42,2932.65,2945.25,19317.0803,2026-01-27 02:59:59.999000+00:00,56816761.492546,137353,9415.21420000,27692583.31350500,0
2026-01-27 03:00:00+00:00,2945.25,2948.88,2936.5,2941.18,16777.9882,2026-01-27 03:59:59.999000+00:00,49361910.211493,137824,8144.71560000,23961521.94004800,0
2026-01-27 04:00:00+00:00,2941.17,2957.04,2936.59,2940.7,20559.8451,2026-01-27 04:59:59.999000+00:00,60580509.460222,153273,9149.24770000,26959198.62965200,0
2026-01-27 05:00:00+00:00,2940.7,2942.08,2933.58,2939.28,12073.6646,2026-01-27 05:59:59.999000+00:00,35472022.132154,93769,5410.06600000,15894637.01154200,0
2026-01-27 06:00:00+00:00,2939.29,2942.53,2924.35,2929.0,13485.2139,2026-01-27 06:59:59.999000+00:00,39519215.273265,75428,6498.01270000,19024621.33194900,0
2026-01-27 07:00:00+00:00,2929.0,2937.52,2927.5,2929.11,6762.7827,2026-01-27 07:59:59.999000+00:00,19831393.878606,67548,3030.72000000,8889060.71553000,0
2026-01-27 08:00:00+00:00,2929.11,2932.65,2920.0,2923.41,9925.1233,2026-01-27 08:59:59.999000+00:00,29052549.504971,87833,4125.08160000,12075487.39530600,0
2026-01-27 09:00:00+00:00,2923.41,2923.41,2906.93,2907.69,17491.1512,2026-01-27 09:59:59.999000+00:00,50950310.855461,139548,5059.46760000,14735445.74318400,0
2026-01-27 10:00:00+00:00,2907.69,2915.7,2901.68,2903.23,16328.0809,2026-01-27 10:59:59.999000+00:00,47495266.144921,122958,6043.49830000,17579327.90427200,0
2026-01-27 11:00:00+00:00,2903.24,2922.1,2899.77,2917.02,11564.7888,2026-01-27 11:59:59.999000+00:00,33651895.918545,110614,4539.82050000,13216831.04640700,0
2026-01-27 12:00:00+00:00,2917.03,2927.94,2915.68,2918.28,8710.6261,2026-01-27 12:59:59.999000+00:00,25456205.823866,94273,4034.96900000,11792807.84806800,0
2026-01-27 13:00:00+00:00,2918.28,2919.38,2905.93,2912.61,6205.0358,2026-01-27 13:59:59.999000+00:00,18064775.803253,118793,2959.29650000,8613731.50594100,0
2026-01-27 14:00:00+00:00,2912.61,2943.63,2907.22,2918.65,29037.7268,2026-01-27 14:59:59.999000+00:00,84928950.432557,435867,16544.73330000,48393997.65630900,0
2026-01-27 15:00:00+00:00,2918.65,2941.71,2913.03,2937.45,23478.2224,2026-01-27 15:59:59.999000+00:00,68718546.410112,424403,13610.98690000,39838878.45607500,0
2026-01-27 16:00:00+00:00,2937.46,2998.52,2934.85,2990.81,55579.6578,2026-01-27 16:59:59.999000+00:00,165330662.027839,578292,29743.04470000,88480628.74757700,0
2026-01-27 17:00:00+00:00,2990.81,2994.5,2918.09,2930.3,38519.0303,2026-01-27 17:59:59.999000+00:00,113562518.775506,546446,16556.07280000,48812980.18568300,0
2026-01-27 18:00:00+00:00,2930.29,2989.77,2925.92,2978.21,23281.691,2026-01-27 18:59:59.999000+00:00,68802982.851605,392143,13520.49070000,39949389.64020800,0
2026-01-27 19:00:00+00:00,2978.22,2992.27,2965.61,2980.48,13249.5643,2026-01-27 19:59:59.999000+00:00,39468138.060252,254837,5823.02010000,17347579.69182500,0
2026-01-27 20:00:00+00:00,2980.48,3027.99,2978.92,3020.77,35359.6954,2026-01-27 20:59:59.999000+00:00,106373745.354071,474600,20451.16820000,61513715.98164400,0
2026-01-27 21:00:00+00:00,3020.78,3030.3,3005.43,3015.82,24179.6599,2026-01-27 21:59:59.999000+00:00,72961265.361382,285905,9018.80610000,27214019.06380600,0
2026-01-27 22:00:00+00:00,3015.82,3023.87,3004.69,3020.0,24001.5264,2026-01-27 22:59:59.999000+00:00,72398581.956536,123474,7655.27330000,23081457.71411500,0
2026-01-27 23:00:00+00:00,3020.0,3035.08,3011.22,3026.77,30245.4416,2026-01-27 23:59:59.999000+00:00,91452029.799784,154809,13554.16190000,41000562.29072400,0
2026-01-28 00:00:00+00:00,3026.77,3029.79,3015.74,3024.26,7944.3433,2026-01-28 00:59:59.999000+00:00,24007164.401555,122325,4077.53410000,12321515.81555200,0
2026-01-28 01:00:00+00:00,3024.26,3026.83,3007.5,3018.22,5944.6043,2026-01-28 01:59:59.999000+00:00,17935390.221664,132341,2883.97960000,8702235.70624400,0
2026-01-28 02:00:00+00:00,3018.21,3018.25,3005.49,3010.82,4589.7907,2026-01-28 02:59:59.999000+00:00,13820663.39887,118687,2042.16140000,6149345.92652500,0
2026-01-28 03:00:00+00:00,3010.82,3012.27,2996.55,3005.18,8513.9202,2026-01-28 03:59:59.999000+00:00,25572805.911959,117324,4041.34400000,12138717.03079400,0
2026-01-28 04:00:00+00:00,3005.18,3006.89,2992.89,2999.64,7746.2299,2026-01-28 04:59:59.999000+00:00,23228250.42356,87074,3159.99590000,9476892.72448900,0
2026-01-28 05:00:00+00:00,2999.65,3008.83,2996.5,3004.47,8328.537,2026-01-28 05:59:59.999000+00:00,25001873.738163,80847,4768.33600000,14315191.33081600,0
2026-01-28 06:00:00+00:00,3004.48,3018.33,3003.01,3014.47,11630.243,2026-01-28 06:59:59.999000+00:00,35021029.348209,115771,5956.47980000,17934769.84214500,0
2026-01-28 07:00:00+00:00,3014.47,3015.45,3002.29,3005.07,7189.0754,2026-01-28 07:59:59.999000+00:00,21617296.129151,74551,2978.78790000,8956883.95889400,0
2026-01-28 08:00:00+00:00,3005.07,3006.55,2988.7,2990.69,8832.5764,2026-01-28 08:59:59.999000+00:00,26466534.504652,127478,3757.25950000,11259670.03252200,0
2026-01-28 09:00:00+00:00,2990.68,3017.45,2986.59,3017.44,13870.6946,2026-01-28 09:59:59.999000+00:00,41653640.658417,157674,9180.55570000,27571361.19881100,0
2026-01-28 10:00:00+00:00,3017.45,3039.78,3013.11,3025.86,18858.1508,2026-01-28 10:59:59.999000+00:00,57047198.711863,214702,10277.23410000,31093301.37935600,0
2026-01-28 11:00:00+00:00,3025.86,3045.36,3014.92,3039.72,16338.2894,2026-01-28 11:59:59.999000+00:00,49525594.208306,225470,8727.84450000,26458038.63222500,0
2026-01-28 12:00:00+00:00,3039.71,3040.31,3023.78,3031.13,13341.1615,2026-01-28 12:59:59.999000+00:00,40436611.776753,218889,7340.73120000,22249778.02850700,0
2026-01-28 13:00:00+00:00,3031.14,3045.78,3029.55,3034.67,15084.4603,2026-01-28 13:59:59.999000+00:00,45806616.876251,210566,10075.98830000,30596582.25330600,0
2026-01-28 14:00:00+00:00,3034.68,3034.68,3007.64,3013.09,19228.2114,2026-01-28 14:59:59.999000+00:00,58088238.262755,431808,9420.97260000,28454209.60975400,0
2026-01-28 15:00:00+00:00,3013.09,3021.23,2983.67,3008.25,31672.6289,2026-01-28 15:59:59.999000+00:00,95134355.174621,498304,19290.20510000,57945825.13814500,0
2026-01-28 16:00:00+00:00,3008.25,3017.94,2996.08,2999.72,8458.6532,2026-01-28 16:59:59.999000+00:00,25420224.865009,263264,3567.58520000,10722559.88012400,0
2026-01-28 17:00:00+00:00,2999.72,3031.68,2989.41,3014.89,15003.7291,2026-01-28 17:59:59.999000+00:00,45159211.781587,271755,8201.99650000,24688632.73542700,0
2026-01-28 18:00:00+00:00,3014.89,3024.28,3000.11,3015.51,16085.9316,2026-01-28 18:59:59.999000+00:00,48455415.760066,259920,7997.20920000,24087328.67109800,0
2026-01-28 19:00:00+00:00,3015.51,3024.19,2996.85,3016.6,25074.3802,2026-01-28 19:59:59.999000+00:00,75488971.707733,602019,11182.77240000,33668162.35700800,0
2026-01-28 20:00:00+00:00,3016.6,3038.45,3008.25,3012.21,13430.9508,2026-01-28 20:59:59.999000+00:00,40592997.783644,299847,6663.18380000,20143411.69119100,0
2026-01-28 21:00:00+00:00,3012.21,3023.53,2996.66,3021.51,9777.4609,2026-01-28 21:59:59.999000+00:00,29434274.273224,208773,4812.86710000,14487532.19169300,0
2026-01-28 22:00:00+00:00,3021.51,3027.37,3008.83,3018.92,4968.0787,2026-01-28 22:59:59.999000+00:00,14986894.806473,97723,2299.55010000,6937801.11070300,0
2026-01-28 23:00:00+00:00,3018.92,3022.98,3008.3,3010.78,4695.5533,2026-01-28 23:59:59.999000+00:00,14156423.01588,123917,1853.03240000,5586558.70354100,0
2026-01-29 00:00:00+00:00,3010.78,3013.5,2995.94,3009.49,7396.7959,2026-01-29 00:59:59.999000+00:00,22228294.632856,162551,3316.12930000,9965781.85493600,0
2026-01-29 01:00:00+00:00,3009.48,3011.55,2987.18,2992.71,8718.9806,2026-01-29 01:59:59.999000+00:00,26121013.547649,194002,3888.96260000,11651684.42735400,0
2026-01-29 02:00:00+00:00,2992.71,2999.21,2944.48,2959.23,25130.6276,2026-01-29 02:59:59.999000+00:00,74605893.037268,389675,9929.95660000,29470537.41773900,0
2026-01-29 03:00:00+00:00,2959.24,2972.73,2947.83,2952.52,12996.3442,2026-01-29 03:59:59.999000+00:00,38464979.329315,271931,6504.15340000,19254356.58652400,0
2026-01-29 04:00:00+00:00,2952.52,2960.62,2937.55,2959.45,11696.74,2026-01-29 04:59:59.999000+00:00,34501428.732454,149473,5429.71720000,16017485.75082700,0
2026-01-29 05:00:00+00:00,2959.46,2965.69,2947.95,2951.61,6625.4673,2026-01-29 05:59:59.999000+00:00,19595759.279341,96754,3043.73550000,9004682.10094400,0
2026-01-29 06:00:00+00:00,2951.6,2959.5,2950.16,2955.97,5890.8201,2026-01-29 06:59:59.999000+00:00,17407107.075347,96849,2153.86240000,6365057.00466900,0
2026-01-29 07:00:00+00:00,2955.97,2964.93,2955.44,2961.54,6729.7559,2026-01-29 07:59:59.999000+00:00,19918797.532363,93094,4108.41750000,12160790.87806500,0
2026-01-29 08:00:00+00:00,2961.54,2969.79,2943.56,2952.6,15330.1663,2026-01-29 08:59:59.999000+00:00,45281070.444456,174579,8113.32820000,23963788.97689900,0
2026-01-29 09:00:00+00:00,2952.59,2955.2,2942.37,2942.38,9586.7934,2026-01-29 09:59:59.999000+00:00,28260016.648016,91506,4481.56750000,13208732.94692800,0
2026-01-29 10:00:00+00:00,2942.38,2948.95,2941.36,2944.29,6855.7262,2026-01-29 10:59:59.999000+00:00,20192816.147573,84499,3879.35100000,11425827.79109100,0
2026-01-29 11:00:00+00:00,2944.3,2945.42,2923.77,2929.29,14851.0774,2026-01-29 11:59:59.999000+00:00,43546844.617125,162682,5997.32420000,17586407.22639600,0
2026-01-29 12:00:00+00:00,2929.29,2938.67,2925.89,2936.34,5631.1151,2026-01-29 12:59:59.999000+00:00,16513002.895845,98387,3084.18340000,9044600.44484500,0
2026-01-29 13:00:00+00:00,2936.34,2939.0,2931.62,2936.14,3389.0588,2026-01-29 13:59:59.999000+00:00,9950968.95398,60290,1826.77890000,5363908.80877700,0
2026-01-29 14:00:00+00:00,2936.15,2937.02,2875.7,2876.28,28733.6143,2026-01-29 14:59:59.999000+00:00,83528636.605598,434513,10599.81830000,30813685.11141300,0
2026-01-29 15:00:00+00:00,2876.29,2877.49,2797.01,2824.32,102468.461,2026-01-29 15:59:59.999000+00:00,289806162.91314,1208217,49363.42490000,139651730.36280800,0
2026-01-29 16:00:00+00:00,2824.31,2836.45,2801.58,2835.03,81033.8684,2026-01-29 16:59:59.999000+00:00,228066172.426667,629702,49659.29800000,139767771.27792000,0
2026-01-29 17:00:00+00:00,2835.03,2860.05,2818.76,2824.34,36994.3645,2026-01-29 17:59:59.999000+00:00,105083317.557693,484619,18759.06910000,53305977.73117600,0
2026-01-29 18:00:00+00:00,2824.34,2834.44,2754.53,2763.98,84813.1229,2026-01-29 18:59:59.999000+00:00,236950722.27247,694014,31743.30270000,88594933.55038900,0
2026-01-29 19:00:00+00:00,2763.98,2811.34,2758.18,2797.53,39427.9706,2026-01-29 19:59:59.999000+00:00,109786567.54931,467027,21616.89880000,60203452.82619200,0
2026-01-29 20:00:00+00:00,2797.53,2812.32,2789.39,2805.85,17205.7118,2026-01-29 20:59:59.999000+00:00,48158337.778681,265410,9011.59800000,25232107.25208000,0
2026-01-29 21:00:00+00:00,2805.85,2825.1,2805.36,2819.83,14512.8165,2026-01-29 21:59:59.999000+00:00,40875106.719411,250965,6818.75470000,19207045.57873300,0
2026-01-29 22:00:00+00:00,2819.83,2825.23,2810.55,2819.95,6498.4327,2026-01-29 22:59:59.999000+00:00,18306674.873269,98505,3276.60070000,9230421.89443400,0
2026-01-29 23:00:00+00:00,2819.96,2827.59,2812.77,2822.59,8770.7664,2026-01-29 23:59:59.999000+00:00,24744614.469986,120364,4333.58420000,12227503.57881900,0
2026-01-30 00:00:00+00:00,2822.6,2828.65,2802.58,2805.0,11904.1786,2026-01-30 00:59:59.999000+00:00,33482075.371393,151710,4526.22980000,12737126.27798700,0
2026-01-30 01:00:00+00:00,2805.0,2813.31,2689.0,2747.15,100722.8664,2026-01-30 01:59:59.999000+00:00,275772342.66015,775813,43854.83590000,120065178.89707300,0
2026-01-30 02:00:00+00:00,2747.16,2751.29,2699.16,2736.56,52452.4905,2026-01-30 02:59:59.999000+00:00,143103305.373745,730935,24166.45380000,65942764.12348200,0
2026-01-30 03:00:00+00:00,2736.56,2748.34,2734.3,2741.11,17234.9452,2026-01-30 03:59:59.999000+00:00,47236304.277406,325193,8215.55160000,22517667.58651300,0
2026-01-30 04:00:00+00:00,2741.12,2774.83,2738.11,2752.99,23751.0564,2026-01-30 04:59:59.999000+00:00,65509055.081736,272302,11006.19050000,30366013.22205100,0
2026-01-30 05:00:00+00:00,2753.0,2760.61,2747.01,2747.02,11869.7987,2026-01-30 05:59:59.999000+00:00,32673498.608061,145298,4424.25070000,12182656.71744000,0
2026-01-30 06:00:00+00:00,2747.02,2748.54,2696.82,2718.56,31051.1263,2026-01-30 06:59:59.999000+00:00,84588381.523798,367501,12514.96000000,34106414.93393000,0
2026-01-30 07:00:00+00:00,2718.57,2750.93,2718.14,2740.16,36461.563,2026-01-30 07:59:59.999000+00:00,99780234.181878,379621,22229.88380000,60828162.48111400,0
2026-01-30 08:00:00+00:00,2740.17,2748.41,2722.85,2737.43,17392.8059,2026-01-30 08:59:59.999000+00:00,47594677.315004,313905,8372.86920000,22916985.21103000,0
2026-01-30 09:00:00+00:00,2737.43,2743.91,2710.0,2721.93,20444.465,2026-01-30 09:59:59.999000+00:00,55753490.600408,333384,9934.92390000,27092613.61513800,0
2026-01-30 10:00:00+00:00,2721.93,2736.92,2711.37,2736.19,12466.4061,2026-01-30 10:59:59.999000+00:00,33975390.656918,277086,6634.99330000,18090308.64593900,0
2026-01-30 11:00:00+00:00,2736.19,2768.78,2734.57,2759.88,14974.5409,2026-01-30 11:59:59.999000+00:00,41174375.733737,230083,9288.26480000,25542112.44640800,0
2026-01-30 12:00:00+00:00,2759.87,2766.53,2738.07,2740.49,14051.82,2026-01-30 12:59:59.999000+00:00,38655622.204969,237644,6427.28460000,17678520.68522500,0
2026-01-30 13:00:00+00:00,2740.49,2751.24,2719.54,2730.0,22328.5989,2026-01-30 13:59:59.999000+00:00,61033419.4045,342529,10726.56020000,29323608.77652400,0
2026-01-30 14:00:00+00:00,2730.0,2764.82,2723.55,2737.42,35122.1108,2026-01-30 14:59:59.999000+00:00,96339815.069369,650197,18022.52270000,49446965.00077700,0
2026-01-30 15:00:00+00:00,2737.43,2752.84,2693.42,2729.47,51736.8733,2026-01-30 15:59:59.999000+00:00,141100957.688395,735901,25162.38990000,68661242.78383300,0
2026-01-30 16:00:00+00:00,2729.46,2744.55,2706.22,2726.96,30038.929,2026-01-30 16:59:59.999000+00:00,81973000.804463,604093,15980.83280000,43620251.11680400,0
2026-01-30 17:00:00+00:00,2726.96,2740.99,2706.66,2712.53,33260.1452,2026-01-30 17:59:59.999000+00:00,90526616.472073,563079,17347.38100000,47222648.09675200,0
2026-01-30 18:00:00+00:00,2712.52,2750.11,2636.01,2740.27,104151.6581,2026-01-30 18:59:59.999000+00:00,279946308.626974,1041706,51508.92970000,138593673.22689500,0
2026-01-30 19:00:00+00:00,2740.27,2761.46,2734.66,2742.4,37551.6865,2026-01-30 19:59:59.999000+00:00,103163919.975969,688304,18986.92530000,52164895.31285100,0
2026-01-30 20:00:00+00:00,2742.39,2742.87,2664.82,2680.72,66480.1275,2026-01-30 20:59:59.999000+00:00,179296700.480668,851736,33409.10820000,90085339.19915900,0
2026-01-30 21:00:00+00:00,2680.72,2715.09,2677.6,2704.93,27224.9129,2026-01-30 21:59:59.999000+00:00,73497065.13541,340817,15583.69290000,42068875.53871700,0
2026-01-30 22:00:00+00:00,2704.94,2709.92,2693.21,2709.92,12130.3423,2026-01-30 22:59:59.999000+00:00,32761122.526885,194006,6188.69860000,16715736.35058700,0
2026-01-30 23:00:00+00:00,2709.91,2711.86,2694.59,2707.38,8476.1777,2026-01-30 23:59:59.999000+00:00,22914269.314476,108788,4252.42980000,11497540.62902200,0
2026-01-31 00:00:00+00:00,2707.37,2714.64,2703.27,2706.48,7010.5456,2026-01-31 00:59:59.999000+00:00,18990225.932891,124675,4010.02160000,10863222.32315500,0
2026-01-31 01:00:00+00:00,2706.47,2714.53,2699.13,2700.0,8314.5512,2026-01-31 01:59:59.999000+00:00,22496617.259318,128024,4906.73710000,13275764.61603300,0
2026-01-31 02:00:00+00:00,2700.0,2708.64,2684.67,2702.05,11096.2378,2026-01-31 02:59:59.999000+00:00,29912638.710755,182797,6854.58490000,18481605.07892200,0
2026-01-31 03:00:00+00:00,2702.04,2706.47,2694.72,2695.86,5186.1379,2026-01-31 03:59:59.999000+00:00,14004865.044313,100634,3080.23710000,8317725.16733100,0
2026-01-31 04:00:00+00:00,2695.86,2704.82,2693.0,2695.66,5813.7768,2026-01-31 04:59:59.999000+00:00,15694103.633906,85844,3508.14630000,9471129.46098000,0
2026-01-31 05:00:00+00:00,2695.66,2703.47,2690.8,2698.05,7984.3101,2026-01-31 05:59:59.999000+00:00,21536190.93159,93627,4916.44800000,13260328.52677600,0
2026-01-31 06:00:00+00:00,2698.05,2701.0,2684.14,2692.9,11530.8432,2026-01-31 06:59:59.999000+00:00,31032623.342321,113159,6319.91820000,17007015.21771100,0
2026-01-31 07:00:00+00:00,2692.91,2693.81,2668.2,2680.06,11148.3585,2026-01-31 07:59:59.999000+00:00,29892483.116178,129583,5427.71500000,14556697.27920500,0
2026-01-31 08:00:00+00:00,2680.06,2683.49,2609.85,2644.03,65964.1615,2026-01-31 08:59:59.999000+00:00,174057436.526197,559373,30660.42610000,80859257.42165100,0
2026-01-31 09:00:00+00:00,2644.02,2659.8,2633.71,2648.35,17355.9275,2026-01-31 09:59:59.999000+00:00,45943840.341538,238143,8163.74220000,21614005.39465600,0
2026-01-31 10:00:00+00:00,2648.35,2655.7,2636.54,2651.67,8989.4318,2026-01-31 10:59:59.999000+00:00,23791178.097027,140417,4527.46950000,11985307.53229400,0
2026-01-31 11:00:00+00:00,2651.66,2651.67,2634.69,2640.72,9642.074,2026-01-31 11:59:59.999000+00:00,25487566.733273,133181,3357.91160000,8877248.01396100,0
2026-01-31 12:00:00+00:00,2640.72,2644.43,2628.63,2633.55,15841.5884,2026-01-31 12:59:59.999000+00:00,41773241.459256,224605,7717.44440000,20355989.95944900,0
2026-01-31 13:00:00+00:00,2633.55,2636.97,2618.0,2629.14,19347.5696,2026-01-31 13:59:59.999000+00:00,50825378.573184,288860,8526.64190000,22398976.88878400,0
2026-01-31 14:00:00+00:00,2629.14,2636.16,2510.01,2538.69,151198.8755,2026-01-31 14:59:59.999000+00:00,386467310.46647,1021462,68135.16680000,173959961.72154600,0
2026-01-31 15:00:00+00:00,2538.69,2554.89,2526.38,2534.2,39821.6242,2026-01-31 15:59:59.999000+00:00,101192189.685576,470597,21482.31820000,54594009.11452800,0
2026-01-31 16:00:00+00:00,2534.2,2551.26,2468.06,2482.71,88576.4258,2026-01-31 16:59:59.999000+00:00,222512443.811453,719898,39956.89860000,100473730.33862700,0
2026-01-31 17:00:00+00:00,2482.71,2495.43,2370.0,2403.39,180516.4972,2026-01-31 17:59:59.999000+00:00,437326456.595912,1203780,77854.00770000,188624585.66089000,0
2026-01-31 18:00:00+00:00,2403.39,2417.42,2250.0,2381.08,204390.8215,2026-01-31 18:59:59.999000+00:00,480562130.837516,1056957,95037.58320000,223638911.60775700,0
2026-01-31 19:00:00+00:00,2381.07,2433.66,2372.37,2382.82,89128.6363,2026-01-31 19:59:59.999000+00:00,213875180.766734,743957,43195.80770000,103673401.94878100,0
2026-01-31 20:00:00+00:00,2382.83,2407.24,2355.24,2382.61,42997.5482,2026-01-31 20:59:59.999000+00:00,102206488.545686,454922,20333.67540000,48341827.96173000,0
2026-01-31 21:00:00+00:00,2382.6,2423.92,2373.21,2419.6,42879.7871,2026-01-31 21:59:59.999000+00:00,102952322.857334,548014,21934.66090000,52674423.85374700,0
2026-01-31 22:00:00+00:00,2419.6,2424.98,2406.34,2419.59,15968.4957,2026-01-31 22:59:59.999000+00:00,38583213.874916,201532,6687.25630000,16162563.09609200,0
2026-01-31 23:00:00+00:00,2419.58,2473.77,2416.94,2451.95,52393.4878,2026-01-31 23:59:59.999000+00:00,128237494.177968,341256,23835.38680000,58330991.76806300,0
2026-02-01 00:00:00+00:00,2451.96,2475.98,2446.12,2452.18,31996.0758,2026-02-01 00:59:59.999000+00:00,78724304.879748,441442,12526.26290000,30832501.70261800,0
2026-02-01 01:00:00+00:00,2452.18,2455.61,2429.15,2444.7,25046.808,2026-02-01 01:59:59.999000+00:00,61125510.858843,401089,9941.74670000,24265795.96284100,0
2026-02-01 02:00:00+00:00,2444.7,2461.81,2440.24,2452.61,18593.7778,2026-02-01 02:59:59.999000+00:00,45578789.093793,335206,8100.10670000,19856988.61028000,0
2026-02-01 03:00:00+00:00,2452.61,2456.62,2438.13,2445.46,17349.576,2026-02-01 03:59:59.999000+00:00,42421545.824119,276894,4571.90410000,11182380.07577400,0
2026-02-01 04:00:00+00:00,2445.46,2454.66,2441.52,2448.23,14512.1428,2026-02-01 04:59:59.999000+00:00,35541445.697267,235573,4635.68560000,11352240.04742700,0
2026-02-01 05:00:00+00:00,2448.23,2449.44,2424.56,2430.51,27364.6736,2026-02-01 05:59:59.999000+00:00,66712169.033264,276433,9505.54590000,23167911.97323800,0
2026-02-01 06:00:00+00:00,2430.52,2440.0,2408.17,2418.65,39396.8089,2026-02-01 06:59:59.999000+00:00,95542306.876124,373722,15029.71790000,36439529.96609600,0
2026-02-01 07:00:00+00:00,2418.66,2438.79,2393.46,2411.22,41360.5907,2026-02-01 07:59:59.999000+00:00,99742273.103242,473282,16535.85590000,39871932.46524900,0
2026-02-01 08:00:00+00:00,2411.22,2428.37,2396.57,2412.95,26787.2595,2026-02-01 08:59:59.999000+00:00,64591169.625056,370020,10632.66650000,25645931.07715900,0
2026-02-01 09:00:00+00:00,2412.95,2438.22,2406.63,2432.23,13076.8797,2026-02-01 09:59:59.999000+00:00,31648703.156213,233618,6078.39620000,14718149.94979600,0
2026-02-01 10:00:00+00:00,2432.23,2438.98,2376.1,2381.03,35950.3688,2026-02-01 10:59:59.999000+00:00,86397705.909716,483773,10762.87350000,25861556.88156200,0
2026-02-01 11:00:00+00:00,2381.04,2423.9,2381.03,2411.86,24016.0062,2026-02-01 11:59:59.999000+00:00,57668778.859915,339680,11127.66900000,26728777.82174000,0
2026-02-01 12:00:00+00:00,2411.86,2412.47,2365.0,2396.02,35212.3148,2026-02-01 12:59:59.999000+00:00,84368483.539773,291409,12296.03080000,29492466.69842400,0
2026-02-01 13:00:00+00:00,2396.01,2410.53,2370.1,2381.13,16675.0461,2026-02-01 13:59:59.999000+00:00,39888323.154984,306342,7623.57620000,18239650.62583600,0
2026-02-01 14:00:00+00:00,2381.13,2389.57,2326.96,2373.07,58996.7022,2026-02-01 14:59:59.999000+00:00,139201357.339404,777188,26162.49950000,61769490.33699400,0
2026-02-01 15:00:00+00:00,2373.07,2373.07,2285.4,2315.39,104485.0708,2026-02-01 15:59:59.999000+00:00,242054954.094215,921004,40346.58570000,93467106.50874700,0
2026-02-01 16:00:00+00:00,2315.47,2333.15,2284.17,2304.06,65276.3945,2026-02-01 16:59:59.999000+00:00,150671564.242045,717441,26475.28330000,61111888.74000700,0
2026-02-01 17:00:00+00:00,2304.07,2321.94,2296.92,2313.96,66387.2351,2026-02-01 17:59:59.999000+00:00,153105465.733151,462831,41964.71550000,96753217.35981900,0
2026-02-01 18:00:00+00:00,2313.96,2377.99,2313.33,2350.97,62483.8957,2026-02-01 18:59:59.999000+00:00,146806022.162976,565375,33931.57970000,79732818.25375400,0
2026-02-01 19:00:00+00:00,2350.96,2356.0,2306.29,2320.35,42306.8961,2026-02-01 19:59:59.999000+00:00,98612891.959937,438812,22923.21940000,53407219.45248300,0
2026-02-01 20:00:00+00:00,2320.35,2349.24,2298.56,2316.36,49601.9957,2026-02-01 20:59:59.999000+00:00,115156301.97515,500175,26861.35010000,62386779.88969800,0
2026-02-01 21:00:00+00:00,2316.35,2319.57,2279.16,2290.58,42305.8418,2026-02-01 21:59:59.999000+00:00,97293252.411791,528178,19275.19840000,44333710.88475800,0
2026-02-01 22:00:00+00:00,2290.59,2334.9,2287.18,2319.33,30333.6734,2026-02-01 22:59:59.999000+00:00,70137242.104631,409560,15387.63380000,35576611.62254800,0
2026-02-01 23:00:00+00:00,2319.33,2321.69,2222.0,2270.15,137057.9126,2026-02-01 23:59:59.999000+00:00,309837936.992388,879590,63183.54160000,142932764.89790100,0
2026-02-02 00:00:00+00:00,2270.16,2324.17,2242.33,2293.2,60689.7837,2026-02-02 00:59:59.999000+00:00,139252305.155298,751206,29455.11210000,67594477.69745500,0
2026-02-02 01:00:00+00:00,2293.21,2318.66,2250.13,2291.29,43004.2794,2026-02-02 01:59:59.999000+00:00,98421064.198175,564596,20992.07980000,48064312.66967300,0
2026-02-02 02:00:00+00:00,2291.3,2300.51,2259.48,2262.27,39005.3798,2026-02-02 02:59:59.999000+00:00,88946373.257941,457929,17768.15320000,40526467.29774000,0
2026-02-02 03:00:00+00:00,2262.27,2267.67,2166.14,2239.02,155660.4702,2026-02-02 03:59:59.999000+00:00,343542197.033947,1027429,69240.70010000,152750576.21544800,0
2026-02-02 04:00:00+00:00,2239.01,2268.0,2207.55,2240.54,41154.0244,2026-02-02 04:59:59.999000+00:00,92141971.111453,452151,21422.77480000,47960435.58392300,0
2026-02-02 05:00:00+00:00,2240.54,2243.11,2184.95,2198.02,61147.3626,2026-02-02 05:59:59.999000+00:00,134867026.600944,571422,29071.06820000,64112922.87659900,0
2026-02-02 06:00:00+00:00,2198.02,2240.5,2157.14,2227.44,141581.6742,2026-02-02 06:59:59.999000+00:00,310636758.688918,782941,76548.54280000,168026833.17644800,0
2026-02-02 07:00:00+00:00,2227.43,2253.16,2217.57,2228.93,57911.8795,2026-02-02 07:59:59.999000+00:00,129369175.958958,508491,32811.47520000,73310292.41177500,0
2026-02-02 08:00:00+00:00,2228.93,2258.62,2228.93,2249.33,37267.1747,2026-02-02 08:59:59.999000+00:00,83652009.294255,425750,19773.33890000,44379342.88438900,0
2026-02-02 09:00:00+00:00,2249.33,2319.0,2237.57,2291.57,56425.2896,2026-02-02 09:59:59.999000+00:00,128717924.142098,535543,28396.76670000,64806079.96483400,0
2026-02-02 10:00:00+00:00,2291.58,2299.67,2273.52,2277.8,41471.2155,2026-02-02 10:59:59.999000+00:00,94715332.5827,351382,21842.14020000,49889992.52410300,0
2026-02-02 11:00:00+00:00,2277.8,2298.01,2273.5,2282.32,67266.3649,2026-02-02 11:59:59.999000+00:00,153637788.620996,295896,32850.70090000,75045293.75335800,0
2026-02-02 12:00:00+00:00,2282.32,2318.13,2282.01,2311.66,36325.7143,2026-02-02 12:59:59.999000+00:00,83695092.118,349637,17792.61950000,41002206.00941600,0
2026-02-02 13:00:00+00:00,2311.65,2335.9,2302.45,2327.93,29550.5716,2026-02-02 13:59:59.999000+00:00,68509874.164293,323920,15746.57930000,36516181.46198700,0
2026-02-02 14:00:00+00:00,2327.93,2367.68,2274.19,2328.94,115148.8907,2026-02-02 14:59:59.999000+00:00,268376825.758073,851855,57277.01970000,133571783.78582300,0
2026-02-02 15:00:00+00:00,2328.93,2396.62,2320.0,2372.71,79805.834,2026-02-02 15:59:59.999000+00:00,188574501.832863,766764,37568.32790000,88745364.78562300,0
2026-02-02 16:00:00+00:00,2372.71,2387.31,2349.9,2358.71,40086.108,2026-02-02 16:59:59.999000+00:00,95032557.40635,386808,16269.88550000,38602264.05013900,0
2026-02-02 17:00:00+00:00,2358.71,2381.59,2345.74,2356.54,34835.4371,2026-02-02 17:59:59.999000+00:00,82287893.586531,305524,16017.19570000,37858979.08325600,0
2026-02-02 18:00:00+00:00,2356.53,2359.78,2332.74,2345.22,29357.1037,2026-02-02 18:59:59.999000+00:00,68910199.49918,299441,11936.60190000,28024249.89623900,0
2026-02-02 19:00:00+00:00,2345.22,2351.17,2327.68,2331.54,19470.9225,2026-02-02 19:59:59.999000+00:00,45564937.683643,254875,9497.21990000,22227721.04378700,0
2026-02-02 20:00:00+00:00,2331.52,2340.78,2313.33,2322.07,25644.5405,2026-02-02 20:59:59.999000+00:00,59629904.725434,368324,13203.09230000,30705653.07958200,0
2026-02-02 21:00:00+00:00,2322.07,2345.2,2319.21,2342.04,14736.4581,2026-02-02 21:59:59.999000+00:00,34424457.7063,214631,8400.93320000,19626008.67163900,0
2026-02-02 22:00:00+00:00,2342.04,2354.99,2336.0,2351.29,10355.6396,2026-02-02 22:59:59.999000+00:00,24300536.818705,151388,5425.68030000,12733475.07512100,0
2026-02-02 23:00:00+00:00,2351.3,2355.55,2340.0,2347.02,10633.0928,2026-02-02 23:59:59.999000+00:00,24970578.296435,151253,5108.93390000,11998745.35541100,0
2026-02-03 00:00:00+00:00,2347.01,2355.77,2325.23,2353.98,20152.9167,2026-02-03 00:59:59.999000+00:00,47179660.69021,294791,8969.99440000,21001457.07431200,0
2026-02-03 01:00:00+00:00,2353.98,2359.88,2337.87,2354.68,18244.219,2026-02-03 01:59:59.999000+00:00,42851802.886471,314269,6997.74440000,16439817.00203600,0
2026-02-03 02:00:00+00:00,2354.69,2354.87,2297.13,2298.72,25890.3164,2026-02-03 02:59:59.999000+00:00,60129479.62555,359604,10307.00810000,23939685.36512300,0
2026-02-03 03:00:00+00:00,2298.72,2345.15,2284.48,2344.03,28192.8775,2026-02-03 03:59:59.999000+00:00,65178704.871219,375226,15741.88260000,36413480.45524000,0
2026-02-03 04:00:00+00:00,2343.99,2354.99,2333.31,2345.57,58243.0576,2026-02-03 04:59:59.999000+00:00,136525436.971252,222606,39776.99890000,93240939.34740500,0
2026-02-03 05:00:00+00:00,2345.57,2345.79,2315.0,2316.12,36438.2864,2026-02-03 05:59:59.999000+00:00,84868782.074084,219720,19813.89380000,46149910.12247300,0
2026-02-03 06:00:00+00:00,2316.13,2328.49,2298.44,2320.48,22606.6425,2026-02-03 06:59:59.999000+00:00,52315621.474284,245728,11278.93680000,26105768.12329400,0
2026-02-03 07:00:00+00:00,2320.48,2333.61,2312.8,2323.12,25649.6096,2026-02-03 07:59:59.999000+00:00,59623092.566201,251111,13363.17180000,31064231.05177300,0
2026-02-03 08:00:00+00:00,2323.13,2332.57,2309.2,2315.77,20330.0489,2026-02-03 08:59:59.999000+00:00,47204655.863536,257785,10506.88620000,24399704.67473500,0
2026-02-03 09:00:00+00:00,2315.77,2318.9,2262.15,2292.06,48287.7233,2026-02-03 09:59:59.999000+00:00,110525380.517509,428493,23716.32190000,54281422.75804500,0
2026-02-03 10:00:00+00:00,2292.06,2299.94,2276.7,2281.79,16482.4883,2026-02-03 10:59:59.999000+00:00,37701913.032231,238256,8846.02610000,20233613.60327100,0
2026-02-03 11:00:00+00:00,2281.79,2288.49,2270.39,2276.68,40694.3986,2026-02-03 11:59:59.999000+00:00,92715661.146265,265293,19997.08010000,45554004.94502200,0
2026-02-03 12:00:00+00:00,2276.68,2306.01,2272.21,2301.32,27004.257,2026-02-03 12:59:59.999000+00:00,61910671.037546,287551,14217.68070000,32587059.44880900,0
2026-02-03 13:00:00+00:00,2301.31,2317.65,2296.44,2312.21,22529.4225,2026-02-03 13:59:59.999000+00:00,51946774.275583,285199,11063.75380000,25507152.67148700,0
2026-02-03 14:00:00+00:00,2312.22,2316.96,2255.02,2257.2,50376.2654,2026-02-03 14:59:59.999000+00:00,115206116.929667,684993,23673.43010000,54145157.62691400,0
2026-02-03 15:00:00+00:00,2257.19,2313.43,2251.94,2303.2,65777.0774,2026-02-03 15:59:59.999000+00:00,150333842.147789,840168,33324.45930000,76170727.39361200,0
2026-02-03 16:00:00+00:00,2303.21,2303.4,2235.19,2240.6,107134.5482,2026-02-03 16:59:59.999000+00:00,241364122.247173,707674,55080.89670000,124021836.10944900,0
2026-02-03 17:00:00+00:00,2240.6,2244.58,2193.5,2195.11,111725.7898,2026-02-03 17:59:59.999000+00:00,247760812.316528,785399,64224.05760000,142403583.39197900,0
2026-02-03 18:00:00+00:00,2195.11,2206.98,2110.0,2120.65,171392.473,2026-02-03 18:59:59.999000+00:00,368508440.397075,1128763,76355.29310000,164165941.65621800,0
2026-02-03 19:00:00+00:00,2120.65,2218.4,2112.08,2205.28,109307.3092,2026-02-03 19:59:59.999000+00:00,238068515.014763,907459,57282.52310000,124726374.33377600,0
2026-02-03 20:00:00+00:00,2205.27,2343.82,2188.25,2299.46,150442.909,2026-02-03 20:59:59.999000+00:00,342346646.649663,991366,73693.72720000,167554862.36931500,0
2026-02-03 21:00:00+00:00,2299.46,2337.58,2279.76,2283.92,58783.3246,2026-02-03 21:59:59.999000+00:00,135790304.24792,596394,29279.08110000,67650781.12904400,0
2026-02-03 22:00:00+00:00,2283.93,2286.17,2229.01,2236.38,41969.2271,2026-02-03 22:59:59.999000+00:00,94685021.345064,479126,18655.77280000,42085273.53864000,0
2026-02-03 23:00:00+00:00,2236.38,2248.62,2212.84,2233.72,43444.1987,2026-02-03 23:59:59.999000+00:00,96889021.793282,476796,20251.59510000,45173108.30351200,0
2026-02-04 00:00:00+00:00,2233.72,2256.62,2223.88,2241.02,25337.5357,2026-02-04 00:59:59.999000+00:00,56835955.067256,333958,12191.98150000,27352969.25050100,0
2026-02-04 01:00:00+00:00,2241.03,2281.82,2241.03,2268.64,24417.1184,2026-02-04 01:59:59.999000+00:00,55394072.467597,308027,11746.48020000,26639960.90772200,0
2026-02-04 02:00:00+00:00,2268.65,2276.61,2242.55,2251.82,19657.235,2026-02-04 02:59:59.999000+00:00,44457043.423291,324456,8180.95750000,18501420.14823600,0
2026-02-04 03:00:00+00:00,2251.82,2295.74,2249.14,2283.37,24748.6839,2026-02-04 03:59:59.999000+00:00,56344805.536202,291189,13833.01000000,31491272.35583600,0
2026-02-04 04:00:00+00:00,2283.37,2290.09,2270.21,2273.78,13646.1597,2026-02-04 04:59:59.999000+00:00,31077576.439264,143679,6830.53210000,15553076.97548000,0
2026-02-04 05:00:00+00:00,2273.78,2280.54,2256.0,2265.4,16200.6492,2026-02-04 05:59:59.999000+00:00,36758737.130023,190780,6307.33960000,14310731.39888400,0
2026-02-04 06:00:00+00:00,2265.39,2284.3,2258.17,2277.54,16454.6598,2026-02-04 06:59:59.999000+00:00,37393563.775044,192776,8164.23280000,18555007.93464000,0
2026-02-04 07:00:00+00:00,2277.54,2293.99,2263.74,2283.85,31850.2964,2026-02-04 07:59:59.999000+00:00,72656715.145314,226207,14790.22330000,33745434.36792500,0
2026-02-04 08:00:00+00:00,2283.84,2285.9,2266.49,2279.73,17098.8024,2026-02-04 08:59:59.999000+00:00,38933296.586697,236991,6522.24580000,14855135.17131800,0
2026-02-04 09:00:00+00:00,2279.73,2279.91,2251.46,2260.65,18247.5106,2026-02-04 09:59:59.999000+00:00,41293816.750938,215664,6723.41430000,15212969.26678300,0
2026-02-04 10:00:00+00:00,2260.65,2264.44,2250.58,2260.74,11981.4312,2026-02-04 10:59:59.999000+00:00,27053437.521359,156675,4899.87560000,11065162.52676700,0
2026-02-04 11:00:00+00:00,2260.74,2267.32,2221.47,2254.86,85075.0719,2026-02-04 11:59:59.999000+00:00,190379918.692422,432201,28770.19550000,64471389.09914000,0
2026-02-04 12:00:00+00:00,2254.86,2263.3,2226.43,2243.92,53056.3496,2026-02-04 12:59:59.999000+00:00,118862136.533011,341009,16058.41600000,36013412.69733200,0
2026-02-04 13:00:00+00:00,2243.91,2246.09,2197.47,2198.63,57203.3888,2026-02-04 13:59:59.999000+00:00,127038109.920298,465978,20490.34820000,45433285.17238100,0
2026-02-04 14:00:00+00:00,2198.63,2226.28,2168.82,2171.87,87588.5577,2026-02-04 14:59:59.999000+00:00,192457853.597314,855183,45032.21970000,98962470.09378000,0
2026-02-04 15:00:00+00:00,2171.87,2197.26,2136.6,2151.83,124679.7803,2026-02-04 15:59:59.999000+00:00,269698798.956608,1128888,61760.34840000,133583484.56612500,0
2026-02-04 16:00:00+00:00,2151.84,2161.14,2106.0,2135.05,129090.864,2026-02-04 16:59:59.999000+00:00,274518796.4347,1004777,67989.51390000,144596016.27876700,0
2026-02-04 17:00:00+00:00,2135.04,2154.59,2093.5,2126.07,137960.4338,2026-02-04 17:59:59.999000+00:00,292650547.36114,881107,79602.55160000,168938720.53535400,0
2026-02-04 18:00:00+00:00,2126.07,2185.63,2076.68,2147.97,139137.5754,2026-02-04 18:59:59.999000+00:00,295385424.446208,960360,73287.43810000,155631014.32699900,0
2026-02-04 19:00:00+00:00,2147.97,2194.71,2133.31,2188.27,69042.1496,2026-02-04 19:59:59.999000+00:00,149079401.477178,562877,37261.06280000,80466076.87584900,0
2026-02-04 20:00:00+00:00,2188.26,2192.7,2161.79,2172.02,32577.3889,2026-02-04 20:59:59.999000+00:00,70827053.087383,329890,15281.30640000,33214097.27749400,0
2026-02-04 21:00:00+00:00,2172.03,2180.9,2108.56,2129.8,41761.8834,2026-02-04 21:59:59.999000+00:00,89538307.099568,376643,20108.43230000,43104961.12697900,0
2026-02-04 22:00:00+00:00,2129.8,2168.46,2088.01,2120.16,55357.069,2026-02-04 22:59:59.999000+00:00,118018166.008698,555218,27712.12200000,59104872.90314600,0
2026-02-04 23:00:00+00:00,2120.16,2165.65,2115.47,2148.26,32572.8353,2026-02-04 23:59:59.999000+00:00,69954304.875381,398007,16351.84760000,35121521.58803900,0
2026-02-05 00:00:00+00:00,2148.25,2164.15,2136.81,2149.78,18420.2987,2026-02-05 00:59:59.999000+00:00,39620420.713449,311000,9050.48830000,19468079.36004400,0
2026-02-05 01:00:00+00:00,2149.78,2173.77,2123.04,2148.55,37524.4443,2026-02-05 01:59:59.999000+00:00,80780369.554282,525795,18344.88560000,39502479.29542700,0
2026-02-05 02:00:00+00:00,2148.54,2163.67,2113.32,2124.31,46882.7278,2026-02-05 02:59:59.999000+00:00,100266961.469459,631267,23107.95380000,49434560.76737600,0
2026-02-05 03:00:00+00:00,2124.3,2136.68,2097.94,2110.0,70425.8791,2026-02-05 03:59:59.999000+00:00,148854150.209071,662056,38529.37070000,81400772.01189700,0
2026-02-05 04:00:00+00:00,2110.0,2125.26,2078.32,2104.03,67759.9965,2026-02-05 04:59:59.999000+00:00,142294203.839758,698839,31767.52020000,66722827.01465800,0
2026-02-05 05:00:00+00:00,2104.03,2124.55,2077.7,2101.42,54676.8449,2026-02-05 05:59:59.999000+00:00,114850492.377072,496903,24287.84880000,51042102.86523500,0
2026-02-05 06:00:00+00:00,2101.42,2107.72,2068.2,2087.57,60204.5995,2026-02-05 06:59:59.999000+00:00,125584786.058471,496334,28737.38250000,59950336.29541200,0
2026-02-05 07:00:00+00:00,2087.57,2124.32,2085.72,2091.4,49914.712,2026-02-05 07:59:59.999000+00:00,105234453.860276,447481,26476.08300000,55828784.91943700,0
2026-02-05 08:00:00+00:00,2091.5,2121.27,2091.32,2111.76,34195.5265,2026-02-05 08:59:59.999000+00:00,72111005.785588,367613,17539.37020000,36987806.83421400,0
2026-02-05 09:00:00+00:00,2111.8,2149.75,2111.16,2133.45,34085.5656,2026-02-05 09:59:59.999000+00:00,72788623.348678,340917,17802.75300000,38010566.11208600,0
2026-02-05 10:00:00+00:00,2133.46,2140.5,2086.54,2097.72,42052.9122,2026-02-05 10:59:59.999000+00:00,89050568.686703,331732,21125.68440000,44758235.10747800,0
2026-02-05 11:00:00+00:00,2097.72,2105.3,2061.96,2079.98,61549.2051,2026-02-05 11:59:59.999000+00:00,128063335.988057,590953,30203.76680000,62847329.62588400,0
2026-02-05 12:00:00+00:00,2079.98,2092.71,2043.16,2063.99,91567.2333,2026-02-05 12:59:59.999000+00:00,188925833.15811,655731,51702.93410000,106676363.83611100,0
2026-02-05 13:00:00+00:00,2063.98,2080.76,2048.38,2058.64,43161.8274,2026-02-05 13:59:59.999000+00:00,88961265.512588,338820,23767.64300000,49002758.24161700,0
2026-02-05 14:00:00+00:00,2058.64,2106.51,2042.42,2046.6,97110.5209,2026-02-05 14:59:59.999000+00:00,201578363.075068,637377,49424.89940000,102604549.86064900,0
2026-02-05 15:00:00+00:00,2046.59,2054.16,1927.33,1961.12,255705.748,2026-02-05 15:59:59.999000+00:00,505233037.54328,1068619,119782.59550000,236618069.93832300,0
2026-02-05 16:00:00+00:00,1961.12,2018.33,1944.94,1998.68,116393.9324,2026-02-05 16:59:59.999000+00:00,230077817.003841,722062,65012.29020000,128457995.00430200,0
2026-02-05 17:00:00+00:00,1998.68,2001.77,1943.57,1955.09,79113.8792,2026-02-05 17:59:59.999000+00:00,155900779.67222,617313,38490.09760000,75876247.09314000,0
2026-02-05 18:00:00+00:00,1955.09,1968.73,1913.76,1950.3,102822.6992,2026-02-05 18:59:59.999000+00:00,199418104.058025,607090,50529.16910000,98021383.12949000,0
2026-02-05 19:00:00+00:00,1950.35,1953.81,1918.14,1928.76,79191.6388,2026-02-05 19:59:59.999000+00:00,153258118.352595,510041,42571.94480000,82379020.26671400,0
2026-02-05 20:00:00+00:00,1928.78,1943.06,1825.06,1869.59,221025.504,2026-02-05 20:59:59.999000+00:00,413901008.946268,931553,97674.11040000,183089921.09188100,0
2026-02-05 21:00:00+00:00,1869.6,1912.35,1840.04,1850.48,133385.2568,2026-02-05 21:59:59.999000+00:00,249946079.124582,768696,65039.92910000,121904972.09791600,0
2026-02-05 22:00:00+00:00,1850.42,1890.17,1818.18,1870.79,80415.387,2026-02-05 22:59:59.999000+00:00,149142673.449417,442798,41821.53100000,77609081.11860800,0
2026-02-05 23:00:00+00:00,1870.78,1907.66,1820.46,1826.83,74700.3559,2026-02-05 23:59:59.999000+00:00,139331657.999005,466597,35175.03090000,65636452.47502400,0
2026-02-06 00:00:00+00:00,1826.83,1892.65,1747.8,1870.61,251543.0577,2026-02-06 00:59:59.999000+00:00,455907543.830028,1188115,123013.91200000,223274630.17675600,0
2026-02-06 01:00:00+00:00,1870.63,1940.16,1870.37,1932.17,113407.9511,2026-02-06 01:59:59.999000+00:00,216065834.680658,774536,62826.59120000,119617798.61629600,0
2026-02-06 02:00:00+00:00,1932.17,1947.84,1891.46,1907.49,48456.3513,2026-02-06 02:59:59.999000+00:00,92878749.721302,494785,24333.05720000,46665755.59036800,0
2026-02-06 03:00:00+00:00,1907.5,1917.88,1879.24,1891.82,54548.0956,2026-02-06 03:59:59.999000+00:00,103457044.959762,473678,23666.17590000,44880376.82822800,0
2026-02-06 04:00:00+00:00,1891.81,1917.8,1885.95,1909.03,34232.0514,2026-02-06 04:59:59.999000+00:00,65184590.124564,314347,16827.63300000,32059872.07684500,0
2026-02-06 05:00:00+00:00,1909.02,1975.75,1906.6,1958.69,53356.4351,2026-02-06 05:59:59.999000+00:00,103295155.358873,398410,28190.11590000,54588478.00301700,0
2026-02-06 06:00:00+00:00,1958.69,1967.27,1906.89,1908.32,77948.1055,2026-02-06 06:59:59.999000+00:00,150531893.700659,438069,45844.16400000,88516103.34563600,0
2026-02-06 07:00:00+00:00,1908.32,1915.15,1887.29,1899.42,102231.864,2026-02-06 07:59:59.999000+00:00,194332677.192077,472029,60284.81710000,114578018.53558500,0
2026-02-06 08:00:00+00:00,1899.41,1907.01,1866.13,1874.46,115044.0677,2026-02-06 08:59:59.999000+00:00,216801126.786348,468606,69782.15930000,131531305.85600900,0
2026-02-06 09:00:00+00:00,1874.46,1929.18,1871.1,1919.0,99856.6883,2026-02-06 09:59:59.999000+00:00,189837446.363262,388848,61296.79110000,116529633.83566900,0
2026-02-06 10:00:00+00:00,1919.08,1934.98,1909.69,1926.94,102748.7425,2026-02-06 10:59:59.999000+00:00,197492485.412222,333701,68203.22040000,131067106.99441400,0
2026-02-06 11:00:00+00:00,1926.93,1939.35,1919.96,1932.68,54954.1328,2026-02-06 11:59:59.999000+00:00,105985413.748628,262696,31435.35880000,60637617.46140700,0
2026-02-06 12:00:00+00:00,1932.67,1932.67,1914.88,1920.91,41598.4067,2026-02-06 12:59:59.999000+00:00,79935010.757316,258218,23708.46650000,45562314.83329000,0
2026-02-06 13:00:00+00:00,1920.91,1962.39,1919.29,1950.31,75652.1242,2026-02-06 13:59:59.999000+00:00,147187027.464295,519598,47059.74510000,91558655.53849400,0
2026-02-06 14:00:00+00:00,1950.31,2002.18,1933.33,1978.88,143645.8925,2026-02-06 14:59:59.999000+00:00,282759885.33964,819557,84705.48690000,166724694.00640000,0
2026-02-06 15:00:00+00:00,1978.89,1997.68,1961.24,1980.81,86980.506,2026-02-06 15:59:59.999000+00:00,172086844.333837,827846,41744.94030000,82543571.96691700,0
2026-02-06 16:00:00+00:00,1980.8,2046.6,1970.17,2036.17,123293.1654,2026-02-06 16:59:59.999000+00:00,248791541.318783,749127,76422.88290000,154191289.91779000,0
2026-02-06 17:00:00+00:00,2036.17,2090.13,2027.73,2067.01,130842.5306,2026-02-06 17:59:59.999000+00:00,269912515.057217,702160,78497.17680000,161975541.78417900,0
2026-02-06 18:00:00+00:00,2067.01,2070.19,2030.59,2044.61,90216.463,2026-02-06 18:59:59.999000+00:00,184730619.625953,706550,48552.57770000,99463635.86093300,0
2026-02-06 19:00:00+00:00,2044.61,2072.0,2033.37,2065.63,63890.1338,2026-02-06 19:59:59.999000+00:00,131225273.716248,430817,38995.09730000,80124643.20187400,0
2026-02-06 20:00:00+00:00,2065.63,2093.94,2043.68,2054.23,62701.257,2026-02-06 20:59:59.999000+00:00,129805086.222842,475278,31695.21230000,65628490.88449500,0
2026-02-06 21:00:00+00:00,2054.23,2061.99,2039.93,2053.97,45338.5426,2026-02-06 21:59:59.999000+00:00,93072096.584668,297608,26072.48040000,53535038.22368000,0
2026-02-06 22:00:00+00:00,2053.98,2085.47,2046.08,2075.1,74012.4867,2026-02-06 22:59:59.999000+00:00,152817536.365954,270647,45354.10840000,93615949.21898200,0
2026-02-06 23:00:00+00:00,2075.09,2087.98,2049.28,2063.38,55812.5058,2026-02-06 23:59:59.999000+00:00,115355272.346703,297505,31280.40580000,64610865.99318800,0
2026-02-07 00:00:00+00:00,2063.37,2064.56,2036.75,2043.5,50106.171,2026-02-07 00:59:59.999000+00:00,102608483.733867,356332,27819.07400000,56960778.29731000,0
2026-02-07 01:00:00+00:00,2043.49,2066.64,2032.6,2061.94,26816.0129,2026-02-07 01:59:59.999000+00:00,54888809.848278,241167,12838.80670000,26290631.97686400,0
2026-02-07 02:00:00+00:00,2061.94,2065.35,2048.78,2059.39,17033.065,2026-02-07 02:59:59.999000+00:00,35046308.663934,197049,6919.55250000,14237479.99233600,0
2026-02-07 03:00:00+00:00,2059.39,2086.0,2057.58,2080.81,29817.873,2026-02-07 03:59:59.999000+00:00,61831890.971522,243830,18407.21560000,38178637.88268500,0
2026-02-07 04:00:00+00:00,2080.8,2119.46,2078.81,2087.4,56525.0803,2026-02-07 04:59:59.999000+00:00,118539508.156346,437692,28964.87100000,60711874.84849300,0
2026-02-07 05:00:00+00:00,2087.39,2103.99,2077.79,2083.79,21183.2482,2026-02-07 05:59:59.999000+00:00,44276240.99056,249553,11091.45340000,23187302.91944200,0
2026-02-07 06:00:00+00:00,2083.78,2093.52,2047.2,2047.73,24691.0955,2026-02-07 06:59:59.999000+00:00,51181717.508883,292280,10080.62100000,20903127.67274400,0
2026-02-07 07:00:00+00:00,2047.73,2055.7,1994.57,2027.1,78423.3222,2026-02-07 07:59:59.999000+00:00,158517946.753819,691190,36240.35590000,73255742.18498200,0
2026-02-07 08:00:00+00:00,2027.1,2032.6,2015.33,2019.02,30728.1943,2026-02-07 08:59:59.999000+00:00,62185907.865455,307942,10089.30240000,20425705.27444300,0
2026-02-07 09:00:00+00:00,2019.02,2029.84,2005.26,2014.45,21264.5431,2026-02-07 09:59:59.999000+00:00,42893040.83571,231506,7943.24730000,16023954.25905100,0
2026-02-07 10:00:00+00:00,2014.45,2019.56,1999.57,2010.68,21711.2423,2026-02-07 10:59:59.999000+00:00,43601815.911992,225635,8502.33390000,17074751.67025000,0
2026-02-07 11:00:00+00:00,2010.67,2021.79,2007.05,2018.77,16467.1097,2026-02-07 11:59:59.999000+00:00,33133550.623941,177092,7173.78000000,14436348.08095300,0
2026-02-07 12:00:00+00:00,2018.77,2075.21,2017.02,2041.33,65816.0049,2026-02-07 12:59:59.999000+00:00,134809043.24837,551225,37062.91420000,75896798.85524400,0
2026-02-07 13:00:00+00:00,2041.33,2050.43,2028.37,2041.49,50018.0773,2026-02-07 13:59:59.999000+00:00,101992387.629608,275721,30541.14860000,62271744.17327400,0
2026-02-07 14:00:00+00:00,2041.48,2049.53,2009.82,2020.41,24158.7138,2026-02-07 14:59:59.999000+00:00,49072613.209307,254519,9942.06090000,20187513.58647600,0
2026-02-07 15:00:00+00:00,2020.41,2063.46,2014.38,2052.54,31750.9613,2026-02-07 15:59:59.999000+00:00,64890561.934681,354920,14519.12610000,29670601.88877700,0
2026-02-07 16:00:00+00:00,2052.55,2121.7,2009.54,2050.3,389715.086,2026-02-07 16:59:59.999000+00:00,802133999.785585,1262372,194505.50990000,400654211.30240500,0
2026-02-07 17:00:00+00:00,2050.3,2073.13,2032.96,2061.16,35198.2182,2026-02-07 17:59:59.999000+00:00,72210032.253565,386431,16964.19750000,34784650.52943000,0
2026-02-07 18:00:00+00:00,2061.16,2109.66,2059.0,2097.1,57697.364,2026-02-07 18:59:59.999000+00:00,120379317.547875,339996,22560.11070000,47068290.69544100,0
2026-02-07 19:00:00+00:00,2097.1,2101.35,2083.74,2091.29,17769.7642,2026-02-07 19:59:59.999000+00:00,37180948.441703,195190,6358.46120000,13305361.21960300,0
2026-02-07 20:00:00+00:00,2091.29,2115.0,2084.6,2105.32,22849.0201,2026-02-07 20:59:59.999000+00:00,47938739.726484,177420,8906.03800000,18702660.31640000,0
2026-02-07 21:00:00+00:00,2105.33,2110.35,2094.46,2100.42,23918.7621,2026-02-07 21:59:59.999000+00:00,50289712.41435,187640,7471.08750000,15712825.82565900,0
2026-02-07 22:00:00+00:00,2100.43,2107.56,2087.62,2088.58,12581.7365,2026-02-07 22:59:59.999000+00:00,26386741.037156,129834,6117.34330000,12833278.61312000,0
2026-02-07 23:00:00+00:00,2088.58,2095.63,2073.0,2087.08,16375.7828,2026-02-07 23:59:59.999000+00:00,34141932.018518,171824,7567.33050000,15781878.71236900,0
2026-02-08 00:00:00+00:00,2087.08,2094.6,2076.86,2084.58,14208.6,2026-02-08 00:59:59.999000+00:00,29599875.96472,150267,5446.87680000,11348142.86440200,0
2026-02-08 01:00:00+00:00,2084.58,2097.76,2082.23,2096.35,12761.0853,2026-02-08 01:59:59.999000+00:00,26665848.074855,140602,6063.51640000,12673672.51868100,0
2026-02-08 02:00:00+00:00,2096.36,2107.44,2082.48,2088.84,13998.5251,2026-02-08 02:59:59.999000+00:00,29317485.752853,160482,6927.96590000,14512916.48975300,0
2026-02-08 03:00:00+00:00,2088.9,2093.29,2077.0,2078.77,14878.0281,2026-02-08 03:59:59.999000+00:00,31038077.969722,149603,7531.93210000,15716916.71966400,0
2026-02-08 04:00:00+00:00,2078.78,2090.01,2064.91,2087.72,31811.9607,2026-02-08 04:59:59.999000+00:00,66111683.21353,134234,13658.42330000,28358788.61848300,0
2026-02-08 05:00:00+00:00,2087.72,2088.41,2078.76,2084.77,11329.9885,2026-02-08 05:59:59.999000+00:00,23615163.108853,93627,6375.41410000,13288924.56947300,0
2026-02-08 06:00:00+00:00,2084.76,2089.1,2077.19,2079.3,8700.9354,2026-02-08 06:59:59.999000+00:00,18122009.401585,98686,3657.65010000,7618983.96132800,0
2026-02-08 07:00:00+00:00,2079.3,2084.42,2064.1,2084.41,30059.004,2026-02-08 07:59:59.999000+00:00,62329031.016338,144459,9278.33080000,19252274.70868800,0
2026-02-08 08:00:00+00:00,2084.41,2124.55,2078.04,2116.03,31335.0345,2026-02-08 08:59:59.999000+00:00,65932211.208943,293076,17725.23930000,37282558.41241600,0
2026-02-08 09:00:00+00:00,2116.04,2123.0,2095.53,2100.55,17224.4959,2026-02-08 09:59:59.999000+00:00,36295944.165064,220330,8363.86590000,17624076.75073600,0
2026-02-08 10:00:00+00:00,2100.54,2114.17,2083.41,2096.08,17098.5035,2026-02-08 10:59:59.999000+00:00,35852194.649452,195564,7907.99980000,16587990.22704300,0
2026-02-08 11:00:00+00:00,2096.08,2137.57,2094.45,2132.35,27090.5667,2026-02-08 11:59:59.999000+00:00,57538638.167884,256512,14940.33680000,31738865.51715700,0
2026-02-08 12:00:00+00:00,2132.36,2145.26,2125.42,2131.43,25674.1248,2026-02-08 12:59:59.999000+00:00,54747858.515289,233220,11808.48090000,25181869.98437400,0
2026-02-08 13:00:00+00:00,2131.44,2141.0,2118.39,2126.59,28849.4265,2026-02-08 13:59:59.999000+00:00,61399105.558595,225526,14078.47580000,29967397.96537500,0
2026-02-08 14:00:00+00:00,2126.59,2129.49,2116.32,2128.62,13093.6203,2026-02-08 14:59:59.999000+00:00,27789839.605015,153578,5361.90420000,11381096.48497200,0
2026-02-08 15:00:00+00:00,2128.61,2130.78,2097.57,2108.64,24592.3278,2026-02-08 15:59:59.999000+00:00,51949850.579686,245479,11932.40890000,25203048.39529100,0
2026-02-08 16:00:00+00:00,2108.63,2116.08,2072.8,2080.97,21042.1406,2026-02-08 16:59:59.999000+00:00,44101805.395633,229412,8671.57600000,18185927.55456200,0
2026-02-08 17:00:00+00:00,2080.96,2099.31,2080.1,2092.13,12984.1554,2026-02-08 17:59:59.999000+00:00,27145617.10825,153655,5961.82190000,12464904.45124200,0
2026-02-08 18:00:00+00:00,2092.13,2122.13,2090.69,2109.47,16445.4041,2026-02-08 18:59:59.999000+00:00,34654410.678753,157432,7912.33730000,16666717.82175000,0
2026-02-08 19:00:00+00:00,2109.47,2129.73,2107.66,2126.77,10365.0023,2026-02-08 19:59:59.999000+00:00,21949984.601095,121660,4649.27550000,9847161.42686200,0
2026-02-08 20:00:00+00:00,2126.79,2127.25,2100.26,2104.59,10698.398,2026-02-08 20:59:59.999000+00:00,22608556.379903,132321,4163.76510000,8799537.21268900,0
2026-02-08 21:00:00+00:00,2104.58,2115.1,2090.0,2093.9,13436.2609,2026-02-08 21:59:59.999000+00:00,28227085.908559,132764,6017.38310000,12646669.62457100,0
2026-02-08 22:00:00+00:00,2093.91,2112.68,2093.83,2108.43,12301.0252,2026-02-08 22:59:59.999000+00:00,25848171.525815,107264,6257.40320000,13151026.72853900,0
2026-02-08 23:00:00+00:00,2108.45,2152.03,2071.6,2089.74,62858.6379,2026-02-08 23:59:59.999000+00:00,132528519.308502,449292,33328.37640000,70309942.98792400,0
2026-02-09 00:00:00+00:00,2089.73,2097.2,2076.33,2084.48,21165.0792,2026-02-09 00:59:59.999000+00:00,44178603.217598,239369,10817.32400000,22584308.95671000,0
2026-02-09 01:00:00+00:00,2084.47,2101.24,2055.01,2070.89,34537.9552,2026-02-09 01:59:59.999000+00:00,71618689.093623,284063,17303.62130000,35870960.17327800,0
2026-02-09 02:00:00+00:00,2070.89,2095.52,2065.71,2081.29,17975.8014,2026-02-09 02:59:59.999000+00:00,37399469.432592,201552,10907.08900000,22702656.88030100,0
2026-02-09 03:00:00+00:00,2081.29,2103.02,2081.29,2100.25,16548.2866,2026-02-09 03:59:59.999000+00:00,34604104.968224,198000,9962.83350000,20834989.89303000,0
2026-02-09 04:00:00+00:00,2100.25,2102.03,2086.66,2090.35,11919.6419,2026-02-09 04:59:59.999000+00:00,24945323.449331,114533,5073.77500000,10620657.16815200,0
2026-02-09 05:00:00+00:00,2090.35,2097.01,2083.75,2095.82,11072.9925,2026-02-09 05:59:59.999000+00:00,23145185.674573,104441,6291.95120000,13155647.60475000,0
2026-02-09 06:00:00+00:00,2095.81,2095.82,2072.43,2081.43,23279.3733,2026-02-09 06:59:59.999000+00:00,48483918.717303,201810,13133.78530000,27359203.22899300,0
2026-02-09 07:00:00+00:00,2081.43,2087.7,2064.67,2065.74,17690.1536,2026-02-09 07:59:59.999000+00:00,36706746.738842,152054,8042.42000000,16693982.81970000,0
2026-02-09 08:00:00+00:00,2065.74,2070.21,2034.56,2050.07,35682.2822,2026-02-09 08:59:59.999000+00:00,73236555.46125,270975,14996.42970000,30775502.51467400,0
2026-02-09 09:00:00+00:00,2050.02,2057.43,2034.61,2042.27,22439.9144,2026-02-09 09:59:59.999000+00:00,45899699.746625,154242,10195.23600000,20849049.13805700,0
2026-02-09 10:00:00+00:00,2042.27,2047.32,2013.25,2022.7,32691.4324,2026-02-09 10:59:59.999000+00:00,66238119.709579,264907,15249.54410000,30892849.37372900,0
2026-02-09 11:00:00+00:00,2022.7,2036.83,2020.89,2028.23,19415.2339,2026-02-09 11:59:59.999000+00:00,39375461.867553,163870,10491.91540000,21281127.10993300,0
2026-02-09 12:00:00+00:00,2028.26,2039.4,2027.53,2035.65,12709.905,2026-02-09 12:59:59.999000+00:00,25855420.1127,140203,7041.20120000,14324652.24569600,0
2026-02-09 13:00:00+00:00,2035.65,2050.17,2022.3,2022.52,21963.7855,2026-02-09 13:59:59.999000+00:00,44770713.187538,224147,10918.85900000,22262763.20559800,0
2026-02-09 14:00:00+00:00,2022.52,2049.99,2008.62,2043.7,49955.3766,2026-02-09 14:59:59.999000+00:00,101300626.427015,630988,24681.24380000,50050847.60503900,0
2026-02-09 15:00:00+00:00,2043.71,2073.47,2032.1,2061.61,38564.1572,2026-02-09 15:59:59.999000+00:00,79209249.653158,460205,20225.43490000,41555494.71089600,0
2026-02-09 16:00:00+00:00,2061.61,2109.57,2047.78,2091.21,35694.0146,2026-02-09 16:59:59.999000+00:00,74206337.262819,455218,18895.65370000,39268885.57940800,0
2026-02-09 17:00:00+00:00,2091.22,2136.9,2078.0,2127.33,46013.3434,2026-02-09 17:59:59.999000+00:00,97093820.423074,471009,24500.26980000,51688527.85575200,0
2026-02-09 18:00:00+00:00,2127.33,2143.0,2109.53,2130.67,39034.997,2026-02-09 18:59:59.999000+00:00,83025269.194595,453455,18941.73900000,40289815.06013700,0
2026-02-09 19:00:00+00:00,2130.67,2138.35,2119.25,2131.34,21945.8985,2026-02-09 19:59:59.999000+00:00,46735193.887618,288531,11560.69270000,24620189.41005300,0
2026-02-09 20:00:00+00:00,2131.34,2147.73,2118.34,2124.86,28564.2455,2026-02-09 20:59:59.999000+00:00,60824070.636842,291442,14041.23340000,29894868.79126500,0
2026-02-09 21:00:00+00:00,2124.87,2129.78,2089.0,2122.24,33056.3029,2026-02-09 21:59:59.999000+00:00,69681821.149412,252460,15436.93310000,32580306.35990500,0
2026-02-09 22:00:00+00:00,2122.24,2125.9,2111.4,2115.22,20709.8515,2026-02-09 22:59:59.999000+00:00,43871456.966023,148907,10378.74940000,21988022.00666000,0
2026-02-09 23:00:00+00:00,2115.22,2122.47,2101.67,2105.02,12748.5326,2026-02-09 23:59:59.999000+00:00,26910950.827392,165523,6358.59680000,13424663.53455800,0
2026-02-10 00:00:00+00:00,2105.02,2112.92,2096.49,2096.72,9634.8762,2026-02-10 00:59:59.999000+00:00,20270184.787417,141729,4959.53210000,10436185.55898800,0
2026-02-10 01:00:00+00:00,2096.72,2124.71,2096.4,2117.35,10400.3261,2026-02-10 01:59:59.999000+00:00,21982756.309674,182800,6048.41190000,12784117.86470000,0
2026-02-10 02:00:00+00:00,2117.35,2121.71,2102.73,2108.18,8793.3049,2026-02-10 02:59:59.999000+00:00,18566643.885207,128571,3648.14890000,7705262.98928000,0
2026-02-10 03:00:00+00:00,2108.18,2110.7,2052.14,2064.96,34934.118,2026-02-10 03:59:59.999000+00:00,72422111.555141,266597,14433.34950000,29896995.25913500,0
2026-02-10 04:00:00+00:00,2064.96,2074.35,2062.91,2070.44,11716.025,2026-02-10 04:59:59.999000+00:00,24239862.106348,121743,4473.61010000,9255313.89677600,0
2026-02-10 05:00:00+00:00,2070.44,2072.0,2045.57,2053.07,19759.3306,2026-02-10 05:59:59.999000+00:00,40666369.643266,177292,8146.62360000,16759084.46531200,0
2026-02-10 06:00:00+00:00,2053.07,2057.71,1997.59,2008.79,122549.3209,2026-02-10 06:59:59.999000+00:00,247320963.948174,471479,70468.81320000,141974879.16711000,0
2026-02-10 07:00:00+00:00,2008.79,2019.84,1999.99,2007.47,41588.8804,2026-02-10 07:59:59.999000+00:00,83611599.644746,214507,19246.14200000,38695928.94898600,0
2026-02-10 08:00:00+00:00,2007.47,2017.47,1995.83,2014.88,54492.8274,2026-02-10 08:59:59.999000+00:00,109355883.292433,222089,18307.83420000,36745425.28356400,0
2026-02-10 09:00:00+00:00,2014.87,2029.98,2009.87,2016.8,30100.6221,2026-02-10 09:59:59.999000+00:00,60763811.229646,154139,14297.62270000,28864663.55388800,0
2026-02-10 10:00:00+00:00,2016.8,2022.02,2009.54,2014.01,14015.9975,2026-02-10 10:59:59.999000+00:00,28255357.931719,101433,4438.72600000,8948050.46959400,0
2026-02-10 11:00:00+00:00,2014.0,2022.82,2001.05,2003.21,15977.348,2026-02-10 11:59:59.999000+00:00,32127744.816941,144837,7274.44860000,14636170.55200900,0
2026-02-10 12:00:00+00:00,2003.2,2017.52,2002.6,2008.16,12071.21,2026-02-10 12:59:59.999000+00:00,24273030.249831,149228,5864.01370000,11794095.13223400,0
2026-02-10 13:00:00+00:00,2008.15,2027.68,1999.0,2022.49,22866.5166,2026-02-10 13:59:59.999000+00:00,46060419.66872,227659,13289.20540000,26779929.04960100,0
2026-02-10 14:00:00+00:00,2022.49,2040.01,1989.38,2009.8,39644.3129,2026-02-10 14:59:59.999000+00:00,79784471.204353,505729,19193.99400000,38650394.02348800,0
2026-02-10 15:00:00+00:00,2009.79,2029.99,2004.02,2022.66,32239.0635,2026-02-10 15:59:59.999000+00:00,65143544.849489,461448,17171.69740000,34699282.30308000,0
2026-02-10 16:00:00+00:00,2022.67,2037.75,2012.22,2026.09,18282.0513,2026-02-10 16:59:59.999000+00:00,37062577.419116,291447,8520.48030000,17280435.46083900,0
2026-02-10 17:00:00+00:00,2026.08,2046.94,2020.0,2040.2,14256.8127,2026-02-10 17:59:59.999000+00:00,29024515.112048,211384,7358.28910000,14985795.90250100,0
2026-02-10 18:00:00+00:00,2040.2,2042.65,1996.18,2009.44,20737.0545,2026-02-10 18:59:59.999000+00:00,41757715.330379,285794,9303.82500000,18732934.67555600,0
2026-02-10 19:00:00+00:00,2009.44,2025.72,2003.74,2017.95,10033.8951,2026-02-10 19:59:59.999000+00:00,20204474.363933,232206,5364.95190000,10804420.46143200,0
2026-02-10 20:00:00+00:00,2017.95,2021.52,2004.75,2011.55,6872.1653,2026-02-10 20:59:59.999000+00:00,13824723.071346,149259,3522.61220000,7086855.36878900,0
2026-02-10 21:00:00+00:00,2011.56,2017.95,1997.0,2008.45,8420.299,2026-02-10 21:59:59.999000+00:00,16893275.183657,130711,4111.42480000,8250287.40780800,0
2026-02-10 22:00:00+00:00,2008.46,2020.35,2007.11,2017.95,7117.0681,2026-02-10 22:59:59.999000+00:00,14329093.284549,91918,3570.74210000,7188570.23911900,0
2026-02-10 23:00:00+00:00,2017.95,2022.85,2012.64,2022.67,7818.2647,2026-02-10 23:59:59.999000+00:00,15769860.820439,95395,3975.76630000,8019933.01047100,0
2026-02-11 00:00:00+00:00,2022.67,2029.66,2019.29,2025.41,6888.5148,2026-02-11 00:59:59.999000+00:00,13946430.781823,111547,3054.48980000,6184209.01402100,0
2026-02-11 01:00:00+00:00,2025.41,2031.02,2016.6,2024.45,7138.6739,2026-02-11 01:59:59.999000+00:00,14443367.88746,99445,2680.65340000,5425741.15252000,0
2026-02-11 02:00:00+00:00,2024.45,2032.31,2014.39,2017.85,6254.7626,2026-02-11 02:59:59.999000+00:00,12666381.698349,114061,2710.04350000,5489107.25285800,0
2026-02-11 03:00:00+00:00,2017.84,2021.38,1998.0,2009.59,12912.1584,2026-02-11 03:59:59.999000+00:00,25961326.286294,178828,5878.56730000,11822568.33864400,0
2026-02-11 04:00:00+00:00,2009.59,2011.23,1963.29,1971.39,34552.9842,2026-02-11 04:59:59.999000+00:00,68497439.889907,297538,15659.26330000,31026874.96223400,0
2026-02-11 05:00:00+00:00,1971.4,1981.4,1971.28,1974.45,9363.0101,2026-02-11 05:59:59.999000+00:00,18505758.493229,158007,4618.22830000,9128357.47845600,0
2026-02-11 06:00:00+00:00,1974.45,1977.49,1939.21,1949.19,40991.6462,2026-02-11 06:59:59.999000+00:00,80117497.604122,324621,16954.12270000,33125404.84084100,0
2026-02-11 07:00:00+00:00,1949.19,1958.57,1945.5,1950.89,15621.0381,2026-02-11 07:59:59.999000+00:00,30503289.47135,207238,9024.04630000,17623144.32575400,0
2026-02-11 08:00:00+00:00,1950.9,1953.72,1937.11,1950.12,14519.1648,2026-02-11 08:59:59.999000+00:00,28271020.934611,173038,7510.97390000,14628298.84778000,0
2026-02-11 09:00:00+00:00,1950.13,1954.32,1943.31,1947.0,9783.0834,2026-02-11 09:59:59.999000+00:00,19065420.336272,133327,5566.74360000,10848435.36453000,0
2026-02-11 10:00:00+00:00,1947.0,1947.0,1932.02,1939.3,13999.7793,2026-02-11 10:59:59.999000+00:00,27138055.107569,192113,6408.13710000,12423577.25840400,0
2026-02-11 11:00:00+00:00,1939.29,1956.52,1936.75,1953.66,11530.9247,2026-02-11 11:59:59.999000+00:00,22465369.188995,155334,7328.61850000,14278518.21606500,0
2026-02-11 12:00:00+00:00,1953.65,1967.1,1949.08,1952.34,15263.0539,2026-02-11 12:59:59.999000+00:00,29899375.752121,175370,7858.51030000,15395949.56409500,0
2026-02-11 13:00:00+00:00,1952.34,1968.93,1942.82,1960.6,33012.4368,2026-02-11 13:59:59.999000+00:00,64531725.358671,322800,16890.92060000,33018074.26310800,0
2026-02-11 14:00:00+00:00,1960.6,2015.81,1937.23,1943.3,75602.5202,2026-02-11 14:59:59.999000+00:00,149488657.399781,803502,37339.78130000,73864353.57253900,0
2026-02-11 15:00:00+00:00,1943.34,1950.49,1903.19,1929.46,66920.5784,2026-02-11 15:59:59.999000+00:00,128782052.852081,795969,31643.70830000,60913272.54738800,0
2026-02-11 16:00:00+00:00,1929.46,1956.34,1910.02,1915.33,34074.7241,2026-02-11 16:59:59.999000+00:00,65894778.426767,448420,15596.65890000,30173415.96733700,0
2026-02-11 17:00:00+00:00,1915.34,1942.48,1908.8,1929.88,24595.9198,2026-02-11 17:59:59.999000+00:00,47411666.696816,343429,11899.69800000,22939991.06327000,0
2026-02-11 18:00:00+00:00,1929.95,1948.57,1915.71,1944.03,22146.2139,2026-02-11 18:59:59.999000+00:00,42866077.308023,323178,11390.90770000,22046105.09703800,0
2026-02-11 19:00:00+00:00,1944.02,1959.8,1938.28,1952.28,22517.9407,2026-02-11 19:59:59.999000+00:00,43922122.941989,312257,11346.05570000,22132578.36133300,0
2026-02-11 20:00:00+00:00,1952.27,1958.84,1940.49,1954.23,11739.0169,2026-02-11 20:59:59.999000+00:00,22902593.061674,217216,6451.31230000,12590064.00020100,0
2026-02-11 21:00:00+00:00,1954.24,1988.07,1950.92,1970.45,17835.2932,2026-02-11 21:59:59.999000+00:00,35138401.229552,259705,10454.87840000,20601607.17347300,0
2026-02-11 22:00:00+00:00,1970.46,1973.25,1948.35,1951.47,10030.0385,2026-02-11 22:59:59.999000+00:00,19660547.415151,156891,4415.69650000,8655646.86653600,0
2026-02-11 23:00:00+00:00,1951.47,1956.95,1932.44,1941.18,12362.3408,2026-02-11 23:59:59.999000+00:00,24021119.980269,146976,6335.72590000,12315340.22042700,0
2026-02-12 00:00:00+00:00,1941.19,1963.53,1941.19,1958.8,9494.7021,2026-02-12 00:59:59.999000+00:00,18560408.021251,169079,4994.04820000,9760249.39672400,0
2026-02-12 01:00:00+00:00,1958.81,1977.75,1958.81,1965.94,11412.1095,2026-02-12 01:59:59.999000+00:00,22471278.780728,183686,6047.17790000,11908833.51286900,0
2026-02-12 02:00:00+00:00,1965.93,1971.91,1955.39,1958.69,12120.1321,2026-02-12 02:59:59.999000+00:00,23794503.284607,167523,6399.50580000,12565110.78930300,0
2026-02-12 03:00:00+00:00,1958.7,1969.11,1957.19,1968.69,9159.6666,2026-02-12 03:59:59.999000+00:00,17987013.022018,133430,4459.03470000,8755556.75671700,0
2026-02-12 04:00:00+00:00,1968.7,1975.35,1960.29,1965.78,12225.7973,2026-02-12 04:59:59.999000+00:00,24072131.824774,156870,5612.34530000,11051653.34230400,0
2026-02-12 05:00:00+00:00,1965.78,1971.95,1953.14,1970.69,11882.6553,2026-02-12 05:59:59.999000+00:00,23329704.780104,167385,6100.77850000,11978994.96001300,0
2026-02-12 06:00:00+00:00,1970.69,1983.0,1965.51,1975.06,13953.5182,2026-02-12 06:59:59.999000+00:00,27562336.433114,156168,6406.51700000,12654892.57077500,0
2026-02-12 07:00:00+00:00,1975.06,1977.92,1966.19,1968.07,14432.7233,2026-02-12 07:59:59.999000+00:00,28449622.014583,125564,5935.36330000,11700645.40978200,0
2026-02-12 08:00:00+00:00,1968.07,1973.92,1957.25,1965.52,15136.9835,2026-02-12 08:59:59.999000+00:00,29756271.559963,138038,6670.53740000,13111813.36003100,0
2026-02-12 09:00:00+00:00,1965.52,1989.67,1963.28,1982.43,14651.4079,2026-02-12 09:59:59.999000+00:00,28955794.79366,142229,7033.90120000,13903619.88969800,0
2026-02-12 10:00:00+00:00,1982.43,1995.73,1977.57,1994.15,12025.198,2026-02-12 10:59:59.999000+00:00,23888794.706628,149666,6680.96950000,13275378.80733900,0
2026-02-12 11:00:00+00:00,1994.16,2001.42,1983.71,1989.02,15103.4989,2026-02-12 11:59:59.999000+00:00,30111891.990597,180456,8492.17040000,16935120.87567600,0
2026-02-12 12:00:00+00:00,1989.02,1990.75,1974.85,1980.85,12244.5334,2026-02-12 12:59:59.999000+00:00,24279731.049341,146672,5691.03570000,11286672.47798500,0
2026-02-12 13:00:00+00:00,1980.85,1996.3,1975.5,1994.99,11624.9909,2026-02-12 13:59:59.999000+00:00,23082597.863048,164040,6270.36530000,12454733.89689000,0
2026-02-12 14:00:00+00:00,1994.99,1996.05,1973.41,1978.5,23170.373,2026-02-12 14:59:59.999000+00:00,45961870.916184,301211,10613.63190000,21060056.91614800,0
2026-02-12 15:00:00+00:00,1978.5,1984.81,1945.01,1948.47,33288.1881,2026-02-12 15:59:59.999000+00:00,65388377.842625,404425,16447.29620000,32319617.14836500,0
2026-02-12 16:00:00+00:00,1948.48,1950.16,1897.24,1909.18,74532.6092,2026-02-12 16:59:59.999000+00:00,142846160.464235,759616,34288.13920000,65741944.14738500,0
2026-02-12 17:00:00+00:00,1909.18,1927.52,1902.9,1910.42,30755.3961,2026-02-12 17:59:59.999000+00:00,58892408.210592,399071,16399.54370000,31410611.66373400,0
2026-02-12 18:00:00+00:00,1910.42,1925.51,1901.82,1918.65,22178.8219,2026-02-12 18:59:59.999000+00:00,42452455.850962,348649,11406.51510000,21843186.23517200,0
2026-02-12 19:00:00+00:00,1918.66,1941.09,1911.76,1925.44,22583.6239,2026-02-12 19:59:59.999000+00:00,43593206.324405,261572,10890.20240000,21014746.70223200,0
2026-02-12 20:00:00+00:00,1925.45,1932.16,1909.66,1915.85,14922.6545,2026-02-12 20:59:59.999000+00:00,28659378.398895,215331,8566.40000000,16455412.80579100,0
2026-02-12 21:00:00+00:00,1915.88,1927.88,1914.37,1923.51,6977.4619,2026-02-12 21:59:59.999000+00:00,13410369.823597,118070,3850.29880000,7400217.71595400,0
2026-02-12 22:00:00+00:00,1923.52,1945.8,1920.46,1942.97,10377.9361,2026-02-12 22:59:59.999000+00:00,20063319.934615,114889,6016.01270000,11634002.13703100,0
2026-02-12 23:00:00+00:00,1942.96,1952.61,1939.43,1947.85,13312.1652,2026-02-12 23:59:59.999000+00:00,25911940.641498,159168,7195.70880000,14009065.63159600,0
2026-02-13 00:00:00+00:00,1947.85,1954.54,1927.63,1933.26,11537.0198,2026-02-13 00:59:59.999000+00:00,22384880.891605,166927,5183.26430000,10055722.33069300,0
2026-02-13 01:00:00+00:00,1933.26,1950.02,1933.26,1943.63,7599.6539,2026-02-13 01:59:59.999000+00:00,14764697.71642,140393,3610.27880000,7015034.97827300,0
2026-02-13 02:00:00+00:00,1943.64,1952.0,1940.88,1948.3,7231.8917,2026-02-13 02:59:59.999000+00:00,14077895.097095,114762,3091.88260000,6018829.41447800,0
2026-02-13 03:00:00+00:00,1948.31,1958.21,1944.5,1953.55,10786.2303,2026-02-13 03:59:59.999000+00:00,21049395.687609,119058,4424.27320000,8636297.02668400,0
2026-02-13 04:00:00+00:00,1953.56,1955.8,1943.8,1944.78,11010.5524,2026-02-13 04:59:59.999000+00:00,21469876.540778,116650,3678.27370000,7174141.51764700,0
2026-02-13 05:00:00+00:00,1944.77,1946.85,1933.41,1934.19,8403.2097,2026-02-13 05:59:59.999000+00:00,16305349.919912,104239,3699.96740000,7179067.39531600,0
2026-02-13 06:00:00+00:00,1934.19,1939.26,1924.72,1936.57,10656.8388,2026-02-13 06:59:59.999000+00:00,20589337.196682,109155,5229.97550000,10106370.47078500,0
2026-02-13 07:00:00+00:00,1936.57,1948.6,1932.78,1935.75,13543.5401,2026-02-13 07:59:59.999000+00:00,26275482.847353,131346,6490.03960000,12591901.13308700,0
2026-02-13 08:00:00+00:00,1935.75,1964.04,1933.65,1958.95,17601.7804,2026-02-13 08:59:59.999000+00:00,34321750.538352,155189,9602.11380000,18729980.19617600,0
2026-02-13 09:00:00+00:00,1958.96,1966.73,1953.04,1962.0,20596.5888,2026-02-13 09:59:59.999000+00:00,40362417.923506,152430,10454.57440000,20489878.84520300,0
2026-02-13 10:00:00+00:00,1962.0,1969.26,1956.7,1959.4,11783.4092,2026-02-13 10:59:59.999000+00:00,23107193.801062,152177,6335.05530000,12424879.96953200,0
2026-02-13 11:00:00+00:00,1959.41,1962.05,1945.84,1960.04,12384.6416,2026-02-13 11:59:59.999000+00:00,24216705.311639,131943,6323.32790000,12368254.67724200,0
2026-02-13 12:00:00+00:00,1960.05,1964.59,1952.6,1960.95,9051.4062,2026-02-13 12:59:59.999000+00:00,17734926.400121,120851,5260.30720000,10305999.04609300,0
2026-02-13 13:00:00+00:00,1960.95,1981.11,1956.02,1970.59,26265.7027,2026-02-13 13:59:59.999000+00:00,51741256.684248,267325,14743.04090000,29043010.87788000,0
2026-02-13 14:00:00+00:00,1970.58,2002.21,1963.14,1990.86,51023.0524,2026-02-13 14:59:59.999000+00:00,101296461.558474,550011,26818.10840000,53247606.83718100,0
2026-02-13 15:00:00+00:00,1990.88,2050.58,1987.2,2034.93,68806.4179,2026-02-13 15:59:59.999000+00:00,139422377.131186,690073,36743.24170000,74455758.80772200,0
2026-02-13 16:00:00+00:00,2034.92,2073.68,2031.42,2061.43,42726.9652,2026-02-13 16:59:59.999000+00:00,87878398.684981,413696,23618.83170000,48557095.46139500,0
2026-02-13 17:00:00+00:00,2061.43,2068.35,2049.64,2059.39,24152.4133,2026-02-13 17:59:59.999000+00:00,49713050.538844,234469,12670.61890000,26077957.61080400,0
2026-02-13 18:00:00+00:00,2059.4,2064.65,2050.64,2057.4,11647.9476,2026-02-13 18:59:59.999000+00:00,23966518.870261,222511,5650.90930000,11626857.87035400,0
2026-02-13 19:00:00+00:00,2057.41,2061.67,2052.2,2057.75,11688.6471,2026-02-13 19:59:59.999000+00:00,24047468.859938,156084,5884.90120000,12108120.45907300,0
2026-02-13 20:00:00+00:00,2057.74,2059.65,2038.69,2045.61,14978.3346,2026-02-13 20:59:59.999000+00:00,30683155.230753,166937,6099.96560000,12495089.81103600,0
2026-02-13 21:00:00+00:00,2045.61,2058.46,2045.04,2054.02,9217.6034,2026-02-13 21:59:59.999000+00:00,18927001.409025,110317,4085.38170000,8387645.25183300,0
2026-02-13 22:00:00+00:00,2054.03,2059.39,2045.07,2054.2,7343.465,2026-02-13 22:59:59.999000+00:00,15063919.667917,83098,3228.64140000,6624812.06521900,0
2026-02-13 23:00:00+00:00,2054.2,2054.41,2046.57,2048.72,5612.4577,2026-02-13 23:59:59.999000+00:00,11508272.699419,85930,2716.64470000,5570459.83830300,0
2026-02-14 00:00:00+00:00,2048.72,2056.06,2042.37,2055.2,6195.3393,2026-02-14 00:59:59.999000+00:00,12698227.582789,103970,3317.11810000,6799716.03506400,0
2026-02-14 01:00:00+00:00,2055.2,2057.57,2050.29,2054.35,4889.2271,2026-02-14 01:59:59.999000+00:00,10043471.064748,91769,2231.49070000,4584050.54245600,0
2026-02-14 02:00:00+00:00,2054.35,2054.46,2048.1,2050.22,5703.7006,2026-02-14 02:59:59.999000+00:00,11698489.283841,64683,2220.84110000,4554351.36646800,0
2026-02-14 03:00:00+00:00,2050.22,2056.27,2048.48,2054.37,4210.9221,2026-02-14 03:59:59.999000+00:00,8641878.797263,51551,2077.90470000,4264834.17832900,0
2026-02-14 04:00:00+00:00,2054.39,2058.0,2052.77,2053.57,5108.1042,2026-02-14 04:59:59.999000+00:00,10499228.402633,64091,2170.77960000,4461475.91391300,0
2026-02-14 05:00:00+00:00,2053.56,2056.32,2050.86,2051.29,4685.4897,2026-02-14 05:59:59.999000+00:00,9625395.700994,41613,1793.70810000,3684801.84154700,0
2026-02-14 06:00:00+00:00,2051.28,2054.62,2048.5,2053.68,3821.8778,2026-02-14 06:59:59.999000+00:00,7842302.163504,37280,2286.19900000,4691583.53097600,0
2026-02-14 07:00:00+00:00,2053.68,2060.49,2050.69,2057.21,6753.7238,2026-02-14 07:59:59.999000+00:00,13881695.47593,71860,3467.87180000,7130310.29518400,0
2026-02-14 08:00:00+00:00,2057.2,2091.32,2057.04,2082.35,26811.4703,2026-02-14 08:59:59.999000+00:00,55654740.669136,268760,15127.96770000,31398855.10011000,0
2026-02-14 09:00:00+00:00,2082.35,2088.64,2075.91,2078.24,8333.0145,2026-02-14 09:59:59.999000+00:00,17343849.117567,125528,4327.41800000,9008500.65511700,0
2026-02-14 10:00:00+00:00,2078.24,2078.25,2072.57,2077.42,4025.0517,2026-02-14 10:59:59.999000+00:00,8354443.557338,62936,1758.79980000,3650573.67199300,0
2026-02-14 11:00:00+00:00,2077.43,2107.67,2077.1,2099.58,19687.4197,2026-02-14 11:59:59.999000+00:00,41282793.728079,303062,11916.99120000,24982974.38383700,0
2026-02-14 12:00:00+00:00,2099.58,2100.39,2068.09,2070.97,20672.5468,2026-02-14 12:59:59.999000+00:00,43067587.687715,228052,7293.45020000,15187421.95795400,0
2026-02-14 13:00:00+00:00,2070.97,2076.05,2064.58,2071.54,12885.3038,2026-02-14 13:59:59.999000+00:00,26682146.578857,147421,5533.06390000,11458095.60384500,0
2026-02-14 14:00:00+00:00,2071.54,2088.81,2069.34,2085.09,10445.1153,2026-02-14 14:59:59.999000+00:00,21703801.154067,133842,5931.15940000,12327806.91087400,0
2026-02-14 15:00:00+00:00,2085.1,2093.73,2080.55,2087.43,11176.67,2026-02-14 15:59:59.999000+00:00,23321237.91956,120491,5489.64590000,11457099.32223300,0
2026-02-14 16:00:00+00:00,2087.42,2087.89,2067.27,2082.83,21781.519,2026-02-14 16:59:59.999000+00:00,45216403.589982,150880,12228.42630000,25379418.40661300,0
2026-02-14 17:00:00+00:00,2082.84,2089.28,2077.49,2080.23,6872.6908,2026-02-14 17:59:59.999000+00:00,14315232.572534,124134,3288.86960000,6851055.79154000,0
2026-02-14 18:00:00+00:00,2080.23,2086.61,2078.77,2085.39,4417.1196,2026-02-14 18:59:59.999000+00:00,9203875.800706,93740,2356.44450000,4909961.80655900,0
2026-02-14 19:00:00+00:00,2085.39,2090.51,2078.56,2088.52,5699.5631,2026-02-14 19:59:59.999000+00:00,11891155.766019,87716,2987.12100000,6232308.22135500,0
2026-02-14 20:00:00+00:00,2088.52,2092.95,2081.24,2089.82,5072.2237,2026-02-14 20:59:59.999000+00:00,10585882.658124,63316,2541.43250000,5305048.74829300,0
2026-02-14 21:00:00+00:00,2089.83,2098.89,2078.63,2085.87,10624.3669,2026-02-14 21:59:59.999000+00:00,22191563.851915,123949,4559.19640000,9526037.84995000,0
2026-02-14 22:00:00+00:00,2085.86,2094.68,2083.66,2090.47,5214.7206,2026-02-14 22:59:59.999000+00:00,10899055.825182,84412,2722.41410000,5690489.16182100,0
2026-02-14 23:00:00+00:00,2090.46,2093.01,2083.7,2086.59,5590.0551,2026-02-14 23:59:59.999000+00:00,11674771.545873,75215,2437.22840000,5091045.98658700,0
2026-02-15 00:00:00+00:00,2086.59,2090.5,2072.74,2080.11,8335.0483,2026-02-15 00:59:59.999000+00:00,17343307.744675,111335,3571.83670000,7436760.30397000,0
2026-02-15 01:00:00+00:00,2080.11,2085.02,2053.81,2064.19,15258.9343,2026-02-15 01:59:59.999000+00:00,31524598.554491,190814,5734.32080000,11844453.35975700,0
2026-02-15 02:00:00+00:00,2064.18,2072.41,2045.0,2059.58,49424.3031,2026-02-15 02:59:59.999000+00:00,101687344.635758,269214,12278.86710000,25273452.02319600,0
2026-02-15 03:00:00+00:00,2059.59,2063.34,2030.9,2058.94,168472.1017,2026-02-15 03:59:59.999000+00:00,344105865.603446,454402,52123.73120000,106608032.31361700,0
2026-02-15 04:00:00+00:00,2058.94,2087.13,2058.94,2076.31,23173.06,2026-02-15 04:59:59.999000+00:00,48065755.012521,279316,13242.92380000,27467702.50637600,0
2026-02-15 05:00:00+00:00,2076.31,2096.11,2075.12,2088.68,13517.585,2026-02-15 05:59:59.999000+00:00,28235721.003431,174437,7005.18760000,14632666.75102800,0
2026-02-15 06:00:00+00:00,2088.67,2094.71,2082.61,2085.85,9082.319,2026-02-15 06:59:59.999000+00:00,18978971.486181,124760,4791.41090000,10015134.32814800,0
2026-02-15 07:00:00+00:00,2085.85,2103.32,2082.47,2091.41,34761.7286,2026-02-15 07:59:59.999000+00:00,72655407.092962,239473,12026.66570000,25144284.62960100,0
2026-02-15 08:00:00+00:00,2091.41,2096.82,2055.92,2069.2,27316.0929,2026-02-15 08:59:59.999000+00:00,56745475.960932,251620,12336.71160000,25611501.04953700,0
2026-02-15 09:00:00+00:00,2069.2,2078.86,2066.02,2068.7,9469.0133,2026-02-15 09:59:59.999000+00:00,19620163.645099,100978,5102.70480000,10572338.85708100,0
2026-02-15 10:00:00+00:00,2068.7,2070.26,2054.36,2061.57,10415.5493,2026-02-15 10:59:59.999000+00:00,21468419.279892,164982,4372.24230000,9013057.17128600,0
2026-02-15 11:00:00+00:00,2061.56,2067.01,2058.61,2061.96,4891.9191,2026-02-15 11:59:59.999000+00:00,10090231.076273,70367,2426.24400000,5004500.74391100,0
2026-02-15 12:00:00+00:00,2061.96,2068.63,2011.0,2011.0,27452.0817,2026-02-15 12:59:59.999000+00:00,55912016.773449,237767,10033.14030000,20454812.99825300,0
2026-02-15 13:00:00+00:00,2011.0,2028.34,1994.05,2002.46,48992.1893,2026-02-15 13:59:59.999000+00:00,98593606.374849,528523,24069.79970000,48462647.75178300,0
2026-02-15 14:00:00+00:00,2002.45,2012.43,1993.3,2010.32,23471.8499,2026-02-15 14:59:59.999000+00:00,47026580.102154,245450,11861.60980000,23770753.50126200,0
2026-02-15 15:00:00+00:00,2010.32,2015.07,2002.5,2011.29,15790.3985,2026-02-15 15:59:59.999000+00:00,31735232.220724,145614,8612.40110000,17313062.55614800,0
2026-02-15 16:00:00+00:00,2011.29,2011.3,1993.35,2006.27,52142.1239,2026-02-15 16:59:59.999000+00:00,104352541.544,227680,14857.14420000,29741945.99210100,0
2026-02-15 17:00:00+00:00,2006.27,2009.05,1957.9,1971.3,39397.2103,2026-02-15 17:59:59.999000+00:00,77956600.57964,340429,16102.37070000,31810075.05453500,0
2026-02-15 18:00:00+00:00,1971.3,1981.36,1952.62,1959.24,86430.6925,2026-02-15 18:59:59.999000+00:00,169719691.167793,434470,28286.72980000,55554845.58897700,0
2026-02-15 19:00:00+00:00,1959.24,1961.96,1928.88,1942.23,111713.6846,2026-02-15 19:59:59.999000+00:00,216723448.040297,605333,44351.71810000,86047952.71606400,0
2026-02-15 20:00:00+00:00,1942.22,1958.54,1933.77,1950.11,16989.637,2026-02-15 20:59:59.999000+00:00,33089443.875075,198451,9420.08460000,18356157.96728000,0
2026-02-15 21:00:00+00:00,1950.11,1965.77,1950.0,1958.55,9995.153,2026-02-15 21:59:59.999000+00:00,19569452.530427,148552,5932.57230000,11616110.24639800,0
2026-02-15 22:00:00+00:00,1958.55,1974.51,1956.58,1970.27,9431.4963,2026-02-15 22:59:59.999000+00:00,18542155.996464,130668,5661.82310000,11129977.23969000,0
2026-02-15 23:00:00+00:00,1970.27,1970.89,1944.36,1966.58,18853.9236,2026-02-15 23:59:59.999000+00:00,36912478.579945,189676,9300.98960000,18211227.25573700,0
2026-02-16 00:00:00+00:00,1966.59,1979.3,1963.35,1969.11,17601.4525,2026-02-16 00:59:59.999000+00:00,34669756.199963,178903,10184.82480000,20059617.77954200,0
2026-02-16 01:00:00+00:00,1969.11,1981.2,1957.0,1963.06,11795.9275,2026-02-16 01:59:59.999000+00:00,23217853.548111,142023,5675.95160000,11175753.69541900,0
2026-02-16 02:00:00+00:00,1963.06,1966.79,1952.3,1957.0,8676.6599,2026-02-16 02:59:59.999000+00:00,17004019.005838,197080,4758.51880000,9325909.48961100,0
2026-02-16 03:00:00+00:00,1957.01,1959.81,1948.76,1958.78,9328.3216,2026-02-16 03:59:59.999000+00:00,18226315.499204,115559,4973.09310000,9718017.89891400,0
2026-02-16 04:00:00+00:00,1958.78,1973.19,1958.34,1973.06,9289.7666,2026-02-16 04:59:59.999000+00:00,18275477.396958,119217,5486.94100000,10796082.55249200,0
2026-02-16 05:00:00+00:00,1973.05,1974.17,1952.91,1958.0,10870.1372,2026-02-16 05:59:59.999000+00:00,21315954.11909,91258,3968.79720000,7778247.51603800,0
2026-02-16 06:00:00+00:00,1957.99,1967.58,1955.94,1966.69,6224.5302,2026-02-16 06:59:59.999000+00:00,12219948.95878,63590,2823.04130000,5541956.87437400,0
2026-02-16 07:00:00+00:00,1966.69,1978.64,1964.32,1971.13,12111.0474,2026-02-16 07:59:59.999000+00:00,23875214.755818,118576,6020.49060000,11869901.26909500,0
2026-02-16 08:00:00+00:00,1971.14,1978.51,1970.0,1977.31,7824.2263,2026-02-16 08:59:59.999000+00:00,15447609.898629,73155,4708.96550000,9296847.99032600,0
2026-02-16 09:00:00+00:00,1977.31,1993.35,1976.16,1987.67,19499.8904,2026-02-16 09:59:59.999000+00:00,38729364.433106,183618,10288.03540000,20432129.72433300,0
2026-02-16 10:00:00+00:00,1987.66,1988.91,1977.51,1978.88,7219.1525,2026-02-16 10:59:59.999000+00:00,14316107.608772,97740,3023.79260000,5997966.13466200,0
2026-02-16 11:00:00+00:00,1978.88,1983.87,1957.12,1976.15,17076.6315,2026-02-16 11:59:59.999000+00:00,33632356.811296,205634,7318.74850000,14424171.14123500,0
2026-02-16 12:00:00+00:00,1976.16,2009.52,1972.46,2006.24,17839.9282,2026-02-16 12:59:59.999000+00:00,35566400.084973,258999,10424.19640000,20786777.01823500,0
2026-02-16 13:00:00+00:00,2006.25,2023.51,1961.23,1967.7,39101.6427,2026-02-16 13:59:59.999000+00:00,77858532.583386,500023,18688.59550000,37228579.65848400,0
2026-02-16 14:00:00+00:00,1967.69,1983.45,1954.97,1973.13,18232.334,2026-02-16 14:59:59.999000+00:00,35896511.020472,292011,9772.12800000,19242692.48637800,0
2026-02-16 15:00:00+00:00,1973.13,1986.12,1937.24,1956.65,35682.8156,2026-02-16 15:59:59.999000+00:00,69849309.891297,522398,16581.27270000,32455820.75997400,0
2026-02-16 16:00:00+00:00,1956.65,1980.04,1956.31,1973.75,22180.4766,2026-02-16 16:59:59.999000+00:00,43680544.303048,287203,11509.89930000,22665335.81016700,0
2026-02-16 17:00:00+00:00,1973.75,1988.4,1964.48,1978.99,16573.7081,2026-02-16 17:59:59.999000+00:00,32765217.134061,224918,7397.27570000,14631155.08990100,0
2026-02-16 18:00:00+00:00,1978.99,1985.68,1967.1,1968.93,10273.7227,2026-02-16 18:59:59.999000+00:00,20317448.955804,121981,4537.10970000,8975221.38330900,0
2026-02-16 19:00:00+00:00,1968.94,1979.74,1966.22,1974.04,8089.6023,2026-02-16 19:59:59.999000+00:00,15967999.556396,123814,4894.58190000,9662453.04265200,0
2026-02-16 20:00:00+00:00,1974.04,1994.34,1971.1,1993.2,13720.2978,2026-02-16 20:59:59.999000+00:00,27213514.20647,156609,8317.81050000,16498112.33038500,0
2026-02-16 21:00:00+00:00,1993.2,2004.02,1986.2,1999.14,12003.6883,2026-02-16 21:59:59.999000+00:00,23915948.361606,136139,6684.69830000,13321400.76495100,0
2026-02-16 22:00:00+00:00,1999.13,2002.54,1984.39,1990.19,11617.8339,2026-02-16 22:59:59.999000+00:00,23157971.738415,124613,5514.65740000,10992645.83899800,0
2026-02-16 23:00:00+00:00,1990.19,2002.52,1988.72,1998.33,8514.1495,2026-02-16 23:59:59.999000+00:00,16996984.868776,140965,4605.36000000,9193822.05235200,0
2026-02-17 00:00:00+00:00,1998.34,2005.77,1993.41,1998.44,7247.1782,2026-02-17 00:59:59.999000+00:00,14489983.772527,125808,3301.53670000,6602157.62831500,0
2026-02-17 01:00:00+00:00,1998.45,2008.05,1991.0,1991.82,7619.5607,2026-02-17 01:59:59.999000+00:00,15238419.245658,144406,3282.00210000,6565277.60342800,0
2026-02-17 02:00:00+00:00,1991.8,2008.58,1979.7,1998.59,16392.9806,2026-02-17 02:59:59.999000+00:00,32750281.587913,191045,6981.66450000,13951397.85357200,0
2026-02-17 03:00:00+00:00,1998.6,1999.22,1984.73,1985.7,8720.5727,2026-02-17 03:59:59.999000+00:00,17361924.682521,101417,2758.20130000,5490899.08599500,0
2026-02-17 04:00:00+00:00,1985.69,1998.48,1982.23,1989.44,9943.1886,2026-02-17 04:59:59.999000+00:00,19780085.159249,97993,4426.85750000,8810471.25772100,0
2026-02-17 05:00:00+00:00,1989.44,1991.05,1964.72,1975.68,17831.9284,2026-02-17 05:59:59.999000+00:00,35227376.923251,199245,6754.12790000,13339962.74700500,0
2026-02-17 06:00:00+00:00,1975.68,1985.07,1975.67,1981.02,6772.8404,2026-02-17 06:59:59.999000+00:00,13413355.517584,94246,3282.55970000,6502064.00706400,0
2026-02-17 07:00:00+00:00,1981.02,1988.22,1973.32,1985.91,10442.2239,2026-02-17 07:59:59.999000+00:00,20687171.057402,139936,5048.16040000,10005632.29607800,0
2026-02-17 08:00:00+00:00,1985.91,1990.88,1973.95,1977.08,13060.6464,2026-02-17 08:59:59.999000+00:00,25875475.210942,181406,6738.60210000,13350116.22560400,0
2026-02-17 09:00:00+00:00,1977.07,1979.99,1969.79,1976.16,13678.9128,2026-02-17 09:59:59.999000+00:00,27003604.665814,165187,6163.70850000,12165435.93634000,0
2026-02-17 10:00:00+00:00,1976.15,1978.77,1961.71,1966.93,13184.1419,2026-02-17 10:59:59.999000+00:00,25965044.376536,190613,6140.51560000,12095154.02991700,0
2026-02-17 11:00:00+00:00,1966.92,1972.5,1964.28,1968.47,7332.665,2026-02-17 11:59:59.999000+00:00,14435095.143347,120586,3414.05750000,6721024.31598700,0
2026-02-17 12:00:00+00:00,1968.47,1977.02,1967.21,1969.76,11194.8099,2026-02-17 12:59:59.999000+00:00,22082204.89187,190962,4522.30570000,8920604.68018200,0
2026-02-17 13:00:00+00:00,1969.76,1999.72,1964.74,1990.53,19708.1928,2026-02-17 13:59:59.999000+00:00,39117074.579905,282545,11468.64690000,22766581.42869000,0
2026-02-17 14:00:00+00:00,1990.53,2002.7,1944.3,1948.49,50708.5711,2026-02-17 14:59:59.999000+00:00,99861848.830339,782068,24668.47920000,48529077.87548500,0
2026-02-17 15:00:00+00:00,1948.5,1969.66,1941.66,1968.58,35993.6945,2026-02-17 15:59:59.999000+00:00,70390399.989901,682867,20018.84800000,39153705.69399400,0
2026-02-17 16:00:00+00:00,1968.59,2010.47,1967.65,1980.36,43955.8094,2026-02-17 16:59:59.999000+00:00,87528604.855322,670546,23366.76410000,46540793.85628200,0
2026-02-17 17:00:00+00:00,1980.37,1984.05,1954.03,1966.27,24967.607,2026-02-17 17:59:59.999000+00:00,49105335.581834,534443,12042.04700000,23684850.12758500,0
2026-02-17 18:00:00+00:00,1966.28,2007.02,1961.73,1998.69,25370.9819,2026-02-17 18:59:59.999000+00:00,50475151.629435,464392,13879.59600000,27604832.73812600,0
2026-02-17 19:00:00+00:00,1998.7,2015.33,1995.07,1998.14,23332.8204,2026-02-17 19:59:59.999000+00:00,46772264.78089,368598,11655.10570000,23370617.52987100,0
2026-02-17 20:00:00+00:00,1998.15,2001.5,1987.57,1994.71,14385.5431,2026-02-17 20:59:59.999000+00:00,28696242.318252,313980,6554.32380000,13074787.60436300,0
2026-02-17 21:00:00+00:00,1994.71,2002.79,1992.34,1999.74,6350.1913,2026-02-17 21:59:59.999000+00:00,12677073.985124,131954,3223.97530000,6436120.51363600,0
2026-02-17 22:00:00+00:00,1999.74,2004.0,1992.39,1993.92,6910.2358,2026-02-17 22:59:59.999000+00:00,13814833.136389,109507,3035.67220000,6069191.54318300,0
2026-02-17 23:00:00+00:00,1993.91,1998.19,1989.67,1991.66,11141.6459,2026-02-17 23:59:59.999000+00:00,22212446.787772,137091,4219.94540000,8411847.78898500,0
2026-02-18 00:00:00+00:00,1991.67,1997.89,1981.18,1981.54,10638.9469,2026-02-18 00:59:59.999000+00:00,21165455.390564,178058,4717.36550000,9388488.00008100,0
2026-02-18 01:00:00+00:00,1981.54,1984.18,1968.68,1978.07,16454.555,2026-02-18 01:59:59.999000+00:00,32513043.980404,213356,6827.14740000,13490842.77974000,0
2026-02-18 02:00:00+00:00,1978.08,1992.83,1977.57,1987.61,12379.751,2026-02-18 02:59:59.999000+00:00,24592204.43507,146223,4635.06020000,9207774.79375100,0
2026-02-18 03:00:00+00:00,1987.61,2000.56,1986.86,1997.07,9221.4102,2026-02-18 03:59:59.999000+00:00,18404254.24555,134877,3676.22420000,7332929.30519400,0
2026-02-18 04:00:00+00:00,1997.08,2002.78,1993.35,1999.15,10445.9513,2026-02-18 04:59:59.999000+00:00,20868459.086188,132107,4432.80550000,8856023.67906400,0
2026-02-18 05:00:00+00:00,1999.18,2002.91,1996.0,1996.49,5731.646,2026-02-18 05:59:59.999000+00:00,11458199.193925,114047,3101.78520000,6201540.84686200,0
2026-02-18 06:00:00+00:00,1996.5,2008.62,1995.56,2002.06,5869.8955,2026-02-18 06:59:59.999000+00:00,11759137.993682,121326,3387.16600000,6785744.21724300,0
2026-02-18 07:00:00+00:00,2002.06,2023.52,1996.71,2018.07,15598.0276,2026-02-18 07:59:59.999000+00:00,31366880.565758,155334,9220.89880000,18542746.02339600,0
2026-02-18 08:00:00+00:00,2018.06,2039.05,2017.17,2020.7,19799.3854,2026-02-18 08:59:59.999000+00:00,40113274.708547,268574,10380.34500000,21031657.92416400,0
2026-02-18 09:00:00+00:00,2020.69,2022.75,2015.82,2016.69,8508.1525,2026-02-18 09:59:59.999000+00:00,17183411.756713,138080,3522.59820000,7114858.22115700,0
2026-02-18 10:00:00+00:00,2016.69,2018.28,1995.55,1997.27,13627.4399,2026-02-18 10:59:59.999000+00:00,27307258.862986,144499,4522.38300000,9064290.97791500,0
2026-02-18 11:00:00+00:00,1997.27,1998.3,1976.57,1981.43,18516.9861,2026-02-18 11:59:59.999000+00:00,36750728.917264,240895,8984.31690000,17827756.56154000,0
2026-02-18 12:00:00+00:00,1981.44,1989.38,1971.66,1982.47,17377.6175,2026-02-18 12:59:59.999000+00:00,34420533.906961,186768,9013.78460000,17849204.98601600,0
2026-02-18 13:00:00+00:00,1982.48,1991.91,1961.56,1970.68,18828.9728,2026-02-18 13:59:59.999000+00:00,37205427.036032,215706,9260.89380000,18304288.30225900,0
2026-02-18 14:00:00+00:00,1970.67,1976.85,1954.3,1974.66,38349.6129,2026-02-18 14:59:59.999000+00:00,75457364.372763,515525,18228.67760000,35866543.15944500,0
2026-02-18 15:00:00+00:00,1974.65,2010.3,1973.58,1985.48,33886.8033,2026-02-18 15:59:59.999000+00:00,67489139.838633,474698,17982.97820000,35814290.58973900,0
2026-02-18 16:00:00+00:00,1985.48,1985.67,1965.0,1971.78,24137.2433,2026-02-18 16:59:59.999000+00:00,47613533.650478,334260,10769.44070000,21237839.11970800,0
2026-02-18 17:00:00+00:00,1971.78,1987.89,1970.81,1974.57,10635.9022,2026-02-18 17:59:59.999000+00:00,21028041.239319,165728,5446.98890000,10768364.00978000,0
2026-02-18 18:00:00+00:00,1974.58,1977.59,1949.21,1952.62,25111.7124,2026-02-18 18:59:59.999000+00:00,49225660.030647,314339,11661.25370000,22868493.81483100,0
2026-02-18 19:00:00+00:00,1952.62,1961.57,1923.78,1941.03,35636.1392,2026-02-18 19:59:59.999000+00:00,69150519.466704,440005,17404.98530000,33775727.82841700,0
2026-02-18 20:00:00+00:00,1941.04,1952.79,1935.82,1939.67,16433.1338,2026-02-18 20:59:59.999000+00:00,31943582.10816,239032,9013.34200000,17519373.02089800,0
2026-02-18 21:00:00+00:00,1939.68,1948.37,1935.94,1942.0,9781.7132,2026-02-18 21:59:59.999000+00:00,18993668.673084,122239,5630.53940000,10930831.97310700,0
2026-02-18 22:00:00+00:00,1941.96,1950.14,1939.92,1948.24,5923.7736,2026-02-18 22:59:59.999000+00:00,11518932.001147,79986,3129.79700000,6086261.59144700,0
2026-02-18 23:00:00+00:00,1948.24,1956.79,1944.62,1955.91,10744.237,2026-02-18 23:59:59.999000+00:00,20962919.138989,100875,6572.83480000,12821717.05408900,0
2026-02-19 00:00:00+00:00,1955.9,1961.22,1950.5,1956.54,5924.9446,2026-02-19 00:59:59.999000+00:00,11591555.928524,97379,3410.00580000,6672254.42942100,0
2026-02-19 01:00:00+00:00,1956.54,1974.73,1956.42,1967.01,9009.3842,2026-02-19 01:59:59.999000+00:00,17712643.730297,128659,5164.93380000,10154345.38536500,0
2026-02-19 02:00:00+00:00,1967.01,1973.0,1962.77,1968.06,6281.322,2026-02-19 02:59:59.999000+00:00,12361957.718698,112606,3210.88700000,6320593.24101100,0
2026-02-19 03:00:00+00:00,1968.06,1973.44,1963.14,1972.33,4860.7223,2026-02-19 03:59:59.999000+00:00,9572842.87102,93953,2269.64890000,4470048.32712200,0
2026-02-19 04:00:00+00:00,1972.32,1979.84,1969.21,1969.5,10857.5236,2026-02-19 04:59:59.999000+00:00,21444321.508791,112764,4344.85660000,8582715.64701500,0
2026-02-19 05:00:00+00:00,1969.51,1972.72,1964.2,1970.33,7950.2114,2026-02-19 05:59:59.999000+00:00,15646837.641405,86770,2633.79960000,5183945.90258100,0
2026-02-19 06:00:00+00:00,1970.32,1985.0,1970.04,1982.92,7290.369,2026-02-19 06:59:59.999000+00:00,14429474.61273,107012,4004.78760000,7926302.97412800,0
2026-02-19 07:00:00+00:00,1982.93,1987.55,1979.05,1981.76,8023.7906,2026-02-19 07:59:59.999000+00:00,15908176.605921,96152,3027.47270000,6002971.26214700,0
2026-02-19 08:00:00+00:00,1981.76,1982.54,1966.35,1970.5,9542.8548,2026-02-19 08:59:59.999000+00:00,18835481.878159,99839,3642.64700000,7189823.21150000,0
2026-02-19 09:00:00+00:00,1970.5,1980.51,1961.64,1963.79,9144.5692,2026-02-19 09:59:59.999000+00:00,18028931.380677,89939,3884.27130000,7660297.24240200,0
2026-02-19 10:00:00+00:00,1963.8,1968.65,1957.45,1959.64,10708.9231,2026-02-19 10:59:59.999000+00:00,21027960.378958,94750,4337.50510000,8518001.91756700,0
2026-02-19 11:00:00+00:00,1959.65,1964.56,1948.16,1949.58,13812.2789,2026-02-19 11:59:59.999000+00:00,27018982.747682,102332,4708.01340000,9212079.40228100,0
2026-02-19 12:00:00+00:00,1949.59,1956.18,1945.09,1947.3,10698.5402,2026-02-19 12:59:59.999000+00:00,20866152.425936,141764,5330.16220000,10397161.46075200,0
2026-02-19 13:00:00+00:00,1947.3,1948.22,1911.49,1921.4,31694.4831,2026-02-19 13:59:59.999000+00:00,61126100.79273,336820,13168.46730000,25389851.26893000,0
2026-02-19 14:00:00+00:00,1921.4,1948.52,1912.07,1936.87,29110.3982,2026-02-19 14:59:59.999000+00:00,56158366.230146,452245,15486.85440000,29883611.86129200,0
2026-02-19 15:00:00+00:00,1936.87,1947.78,1913.24,1926.3,31392.0646,2026-02-19 15:59:59.999000+00:00,60421892.704863,448432,15890.54960000,30582704.54207000,0
2026-02-19 16:00:00+00:00,1926.29,1929.93,1907.0,1922.07,18684.1929,2026-02-19 16:59:59.999000+00:00,35867587.027131,266699,9847.09110000,18910513.00038100,0
2026-02-19 17:00:00+00:00,1922.08,1944.57,1910.77,1920.72,19336.2092,2026-02-19 17:59:59.999000+00:00,37280709.82731,212940,9866.84040000,19026831.64426200,0
2026-02-19 18:00:00+00:00,1920.71,1944.67,1916.59,1939.99,14820.3373,2026-02-19 18:59:59.999000+00:00,28653252.476739,200410,8278.23880000,16004588.77112900,0
2026-02-19 19:00:00+00:00,1940.0,1947.52,1927.84,1941.34,10603.4617,2026-02-19 19:59:59.999000+00:00,20550347.973802,172245,5110.80540000,9907035.94926900,0
2026-02-19 20:00:00+00:00,1941.33,1952.0,1934.79,1950.29,11823.375,2026-02-19 20:59:59.999000+00:00,22996081.625111,121485,5155.17100000,10027202.43607000,0
2026-02-19 21:00:00+00:00,1950.29,1952.57,1945.77,1948.5,6871.6141,2026-02-19 21:59:59.999000+00:00,13393355.532583,76791,3233.70970000,6302559.85172400,0
2026-02-19 22:00:00+00:00,1948.5,1948.82,1937.09,1943.96,6898.7347,2026-02-19 22:59:59.999000+00:00,13400010.927841,68660,3559.58830000,6912694.60531600,0
2026-02-19 23:00:00+00:00,1943.96,1951.33,1942.29,1949.08,4916.7686,2026-02-19 23:59:59.999000+00:00,9576751.400688,72962,2464.00520000,4798841.40370200,0
2026-02-20 00:00:00+00:00,1949.08,1964.54,1947.41,1957.56,9537.7165,2026-02-20 00:59:59.999000+00:00,18669611.104529,133819,5208.77840000,10195047.29069300,0
2026-02-20 01:00:00+00:00,1957.57,1961.56,1950.03,1953.76,5450.5448,2026-02-20 01:59:59.999000+00:00,10662877.085505,95611,2441.39810000,4776642.27311100,0
2026-02-20 02:00:00+00:00,1953.77,1956.7,1948.17,1949.69,6151.3061,2026-02-20 02:59:59.999000+00:00,12008963.776605,83675,2370.64330000,4628119.59697700,0
2026-02-20 03:00:00+00:00,1949.69,1960.64,1949.69,1954.85,7546.8054,2026-02-20 03:59:59.999000+00:00,14763069.661518,85481,3473.96730000,6795835.69304200,0
2026-02-20 04:00:00+00:00,1954.85,1956.15,1931.01,1939.17,17059.9424,2026-02-20 04:59:59.999000+00:00,33121711.477409,142798,6101.36350000,11843670.46005000,0
2026-02-20 05:00:00+00:00,1939.17,1965.5,1936.21,1955.23,13605.4302,2026-02-20 05:59:59.999000+00:00,26571857.680885,141722,7085.83550000,13843362.00405300,0
2026-02-20 06:00:00+00:00,1955.23,1960.36,1949.82,1958.47,11046.3006,2026-02-20 06:59:59.999000+00:00,21612125.617088,97572,5892.04290000,11527003.24216200,0
2026-02-20 07:00:00+00:00,1958.47,1968.55,1956.98,1960.97,14254.4493,2026-02-20 07:59:59.999000+00:00,27967290.562732,104370,7133.59870000,13994605.26546700,0
2026-02-20 08:00:00+00:00,1960.93,1966.32,1957.12,1960.0,8987.2822,2026-02-20 08:59:59.999000+00:00,17625402.363641,73741,3004.14080000,5892191.77737700,0
2026-02-20 09:00:00+00:00,1960.0,1972.27,1959.91,1968.15,17267.7588,2026-02-20 09:59:59.999000+00:00,33981660.623266,124388,7655.73770000,15066281.38680400,0
2026-02-20 10:00:00+00:00,1968.15,1973.86,1956.55,1957.54,13226.2033,2026-02-20 10:59:59.999000+00:00,26011873.881678,106953,4516.70850000,8884742.60266700,0
2026-02-20 11:00:00+00:00,1957.53,1957.58,1940.58,1943.98,19265.1571,2026-02-20 11:59:59.999000+00:00,37568571.078929,123580,8434.85810000,16442794.88987600,0
2026-02-20 12:00:00+00:00,1943.99,1951.65,1942.39,1949.82,14375.6202,2026-02-20 12:59:59.999000+00:00,27988671.048806,98961,7875.77020000,15333981.58291000,0
2026-02-20 13:00:00+00:00,1949.82,1949.83,1922.97,1934.11,25969.8241,2026-02-20 13:59:59.999000+00:00,50282292.080588,246353,13197.46260000,25544427.70814500,0
2026-02-20 14:00:00+00:00,1934.11,1954.28,1933.07,1943.7,18771.1565,2026-02-20 14:59:59.999000+00:00,36483557.272397,272016,9784.83380000,19021097.30545600,0
2026-02-20 15:00:00+00:00,1943.7,1980.49,1935.4,1963.95,62826.6743,2026-02-20 15:59:59.999000+00:00,123052212.841962,634034,29043.91310000,56875509.20355200,0
2026-02-20 16:00:00+00:00,1963.96,1973.5,1953.86,1968.62,31207.2409,2026-02-20 16:59:59.999000+00:00,61288597.946871,310535,19071.72890000,37457819.65401200,0
2026-02-20 17:00:00+00:00,1968.62,1970.94,1939.21,1966.57,28092.6734,2026-02-20 17:59:59.999000+00:00,54968004.458749,319552,13584.28650000,26576978.92432400,0
2026-02-20 18:00:00+00:00,1966.56,1981.18,1959.89,1975.56,26074.1518,2026-02-20 18:59:59.999000+00:00,51371970.801567,297811,12476.31460000,24591920.98879600,0
2026-02-20 19:00:00+00:00,1975.55,1978.15,1961.67,1963.69,9581.1465,2026-02-20 19:59:59.999000+00:00,18857860.017315,135569,4870.99570000,9586026.64367000,0
2026-02-20 20:00:00+00:00,1963.69,1971.36,1961.6,1971.05,5525.9052,2026-02-20 20:59:59.999000+00:00,10872220.256622,96261,2972.43780000,5848943.19592600,0
2026-02-20 21:00:00+00:00,1971.04,1975.27,1967.19,1974.38,5270.0343,2026-02-20 21:59:59.999000+00:00,10391832.555132,78794,2978.15210000,5873217.55720800,0
2026-02-20 22:00:00+00:00,1974.37,1974.37,1964.4,1971.4,7586.0404,2026-02-20 22:59:59.999000+00:00,14941380.614339,77169,2978.55170000,5864099.03324000,0
2026-02-20 23:00:00+00:00,1971.39,1973.27,1963.54,1968.88,7574.1914,2026-02-20 23:59:59.999000+00:00,14905317.665393,67496,4270.70590000,8403453.84318600,0
2026-02-21 00:00:00+00:00,1968.88,1969.47,1961.47,1963.22,3689.9173,2026-02-21 00:59:59.999000+00:00,7252741.966295,60275,1458.89260000,2867326.26038200,0
2026-02-21 01:00:00+00:00,1963.23,1969.09,1963.0,1966.24,4693.7026,2026-02-21 01:59:59.999000+00:00,9225186.24449,46690,2707.86620000,5321570.58263100,0
2026-02-21 02:00:00+00:00,1966.25,1970.7,1964.83,1965.69,2629.8557,2026-02-21 02:59:59.999000+00:00,5175279.802375,35055,1276.07630000,2511366.58073600,0
2026-02-21 03:00:00+00:00,1965.69,1966.0,1955.62,1959.03,5567.7217,2026-02-21 03:59:59.999000+00:00,10912262.204652,57911,2207.51740000,4326732.02500800,0
2026-02-21 04:00:00+00:00,1959.03,1963.29,1956.21,1962.4,4120.7006,2026-02-21 04:59:59.999000+00:00,8075822.724489,39927,2740.99550000,5372004.29338100,0
2026-02-21 05:00:00+00:00,1962.4,1964.43,1961.2,1962.86,3515.3606,2026-02-21 05:59:59.999000+00:00,6898061.70649,31904,2264.72030000,4443421.29113700,0
2026-02-21 06:00:00+00:00,1962.86,1966.09,1960.52,1961.5,4038.7432,2026-02-21 06:59:59.999000+00:00,7928825.363025,40191,2186.23110000,4292353.07906100,0
2026-02-21 07:00:00+00:00,1961.5,1964.84,1960.0,1962.71,2646.7788,2026-02-21 07:59:59.999000+00:00,5194845.757963,31034,1049.11460000,2059059.14065800,0
2026-02-21 08:00:00+00:00,1962.7,1971.18,1962.0,1969.0,7080.4819,2026-02-21 08:59:59.999000+00:00,13917719.479076,36501,4509.97660000,8864215.79301300,0
2026-02-21 09:00:00+00:00,1969.01,1977.66,1967.2,1970.28,12055.1318,2026-02-21 09:59:59.999000+00:00,23788340.217418,65148,5619.38090000,11089543.38342800,0
2026-02-21 10:00:00+00:00,1970.28,1974.88,1969.09,1974.17,6008.2394,2026-02-21 10:59:59.999000+00:00,11850887.500249,38158,2358.36270000,4652664.27913600,0
2026-02-21 11:00:00+00:00,1974.17,1988.6,1973.85,1977.02,15667.8925,2026-02-21 11:59:59.999000+00:00,31046273.213938,100794,7287.97130000,14442621.80653700,0
2026-02-21 12:00:00+00:00,1977.02,1978.17,1969.49,1975.99,6999.5633,2026-02-21 12:59:59.999000+00:00,13813807.271396,54340,3260.12300000,6434606.52247900,0
2026-02-21 13:00:00+00:00,1975.99,1981.4,1972.63,1981.18,6317.4235,2026-02-21 13:59:59.999000+00:00,12496195.57835,46879,3014.04750000,5961552.29128000,0
2026-02-21 14:00:00+00:00,1981.18,1995.56,1978.09,1987.52,24404.4209,2026-02-21 14:59:59.999000+00:00,48522612.079279,144696,12542.57680000,24937732.03609500,0
2026-02-21 15:00:00+00:00,1987.51,1993.0,1984.25,1988.13,11101.6253,2026-02-21 15:59:59.999000+00:00,22078272.095568,78124,5789.62020000,11513400.46310700,0
2026-02-21 16:00:00+00:00,1988.13,1989.64,1976.41,1986.33,13460.1335,2026-02-21 16:59:59.999000+00:00,26692269.691724,101947,7069.15050000,14020074.32410600,0
2026-02-21 17:00:00+00:00,1986.34,1992.1,1984.26,1988.95,6840.0562,2026-02-21 17:59:59.999000+00:00,13598490.76632,58968,4088.56890000,8128655.22090200,0
2026-02-21 18:00:00+00:00,1988.95,1995.31,1987.77,1991.97,7986.1033,2026-02-21 18:59:59.999000+00:00,15908394.838793,48794,5436.58950000,10830503.51531100,0
2026-02-21 19:00:00+00:00,1991.97,1994.77,1987.86,1988.35,5053.466,2026-02-21 19:59:59.999000+00:00,10062802.343071,31061,3287.34340000,6546362.14020300,0
2026-02-21 20:00:00+00:00,1988.34,1990.41,1973.53,1974.14,9505.7552,2026-02-21 20:59:59.999000+00:00,18846068.838819,60072,3282.78060000,6512535.78494000,0
2026-02-21 21:00:00+00:00,1974.14,1982.79,1970.0,1982.04,6233.462,2026-02-21 21:59:59.999000+00:00,12323746.512356,59796,3438.62180000,6800152.29587300,0
2026-02-21 22:00:00+00:00,1982.04,1982.47,1972.02,1974.4,6109.6367,2026-02-21 22:59:59.999000+00:00,12074063.037434,53802,2905.90100000,5743832.50135600,0
2026-02-21 23:00:00+00:00,1974.39,1977.78,1971.08,1973.35,3447.6736,2026-02-21 23:59:59.999000+00:00,6806385.414665,40163,1753.48200000,3461924.21019300,0
2026-02-22 00:00:00+00:00,1973.35,1975.6,1967.75,1972.87,6008.3015,2026-02-22 00:59:59.999000+00:00,11842859.544392,56633,2854.18840000,5627066.68974800,0
2026-02-22 01:00:00+00:00,1972.87,1979.87,1972.61,1977.37,5083.1373,2026-02-22 01:59:59.999000+00:00,10048267.949693,46696,3133.43450000,6193751.12746700,0
2026-02-22 02:00:00+00:00,1977.38,1982.99,1972.21,1972.23,4860.7958,2026-02-22 02:59:59.999000+00:00,9610017.333044,51099,2655.12470000,5250275.07787200,0
2026-02-22 03:00:00+00:00,1972.23,1976.26,1967.4,1974.71,4955.8985,2026-02-22 03:59:59.999000+00:00,9773790.277728,59984,2468.85130000,4869233.13075000,0
2026-02-22 04:00:00+00:00,1974.71,1976.16,1970.2,1973.62,4191.9092,2026-02-22 04:59:59.999000+00:00,8273194.555462,33670,2385.68880000,4709523.63414700,0
2026-02-22 05:00:00+00:00,1973.63,1975.11,1971.06,1974.97,3675.8565,2026-02-22 05:59:59.999000+00:00,7253334.863269,26200,2659.37280000,5247685.08811500,0
2026-02-22 06:00:00+00:00,1974.97,1979.54,1974.29,1976.05,4322.9772,2026-02-22 06:59:59.999000+00:00,8544221.990328,34428,2023.92260000,4000283.20436800,0
2026-02-22 07:00:00+00:00,1976.06,1978.78,1974.58,1975.88,4020.6584,2026-02-22 07:59:59.999000+00:00,7946738.726776,36856,1633.78700000,3229020.33677800,0
2026-02-22 08:00:00+00:00,1975.87,1977.05,1970.58,1973.39,3464.4699,2026-02-22 08:59:59.999000+00:00,6837861.554232,46715,1309.82380000,2584765.14748600,0
2026-02-22 09:00:00+00:00,1973.4,1976.26,1971.72,1975.83,3255.7516,2026-02-22 09:59:59.999000+00:00,6426635.962332,54013,1694.82130000,3345389.75250900,0
2026-02-22 10:00:00+00:00,1975.83,1980.01,1975.02,1977.5,4793.5056,2026-02-22 10:59:59.999000+00:00,9480198.12476,43685,2187.14190000,4325556.97045200,0
2026-02-22 11:00:00+00:00,1977.51,1983.13,1977.51,1980.78,6265.0842,2026-02-22 11:59:59.999000+00:00,12411558.572524,64564,3303.03160000,6543725.73080000,0
2026-02-22 12:00:00+00:00,1980.79,1981.6,1961.84,1966.37,12687.4759,2026-02-22 12:59:59.999000+00:00,24986802.430905,141794,6033.38750000,11885052.68467100,0
2026-02-22 13:00:00+00:00,1966.37,1968.69,1945.0,1950.95,17873.0243,2026-02-22 13:59:59.999000+00:00,34937712.113312,212262,8074.44820000,15780842.57502500,0
2026-02-22 14:00:00+00:00,1950.95,1954.6,1943.53,1950.64,10915.5928,2026-02-22 14:59:59.999000+00:00,21281453.64773,166765,4839.30950000,9435705.96396500,0
2026-02-22 15:00:00+00:00,1950.65,1958.72,1945.86,1953.98,8948.8048,2026-02-22 15:59:59.999000+00:00,17469675.53211,113215,4034.11150000,7877071.16146900,0
2026-02-22 16:00:00+00:00,1953.99,1955.56,1947.53,1952.53,10039.4499,2026-02-22 16:59:59.999000+00:00,19588232.233891,69649,5733.53850000,11186628.62728500,0
2026-02-22 17:00:00+00:00,1952.52,1953.6,1935.0,1940.27,12200.5295,2026-02-22 17:59:59.999000+00:00,23691250.153397,141393,4528.92770000,8789473.82849800,0
2026-02-22 18:00:00+00:00,1940.27,1944.11,1938.39,1942.95,4324.0072,2026-02-22 18:59:59.999000+00:00,8395778.714372,58111,1893.29820000,3676069.83362800,0
2026-02-22 19:00:00+00:00,1942.95,1945.92,1940.05,1943.74,2450.5043,2026-02-22 19:59:59.999000+00:00,4762269.459471,49322,1430.65370000,2780418.27255500,0
2026-02-22 20:00:00+00:00,1943.73,1945.98,1939.81,1940.99,2422.2064,2026-02-22 20:59:59.999000+00:00,4706806.300779,52878,1193.86140000,2319941.07006800,0
2026-02-22 21:00:00+00:00,1941.0,1952.27,1941.0,1950.39,5948.999,2026-02-22 21:59:59.999000+00:00,11587850.884021,63645,4053.95630000,7898851.01898700,0
2026-02-22 22:00:00+00:00,1950.4,1960.89,1946.61,1958.54,6012.482,2026-02-22 22:59:59.999000+00:00,11752588.927735,90583,3183.72080000,6223474.45459700,0
2026-02-22 23:00:00+00:00,1958.53,1960.95,1948.62,1957.82,6604.2264,2026-02-22 23:59:59.999000+00:00,12908450.446309,135913,3931.71040000,7684269.56379900,0
2026-02-23 00:00:00+00:00,1957.82,1958.33,1928.71,1929.42,18435.2398,2026-02-23 00:59:59.999000+00:00,35765364.786028,191943,10829.09150000,20998738.61632900,0
2026-02-23 01:00:00+00:00,1929.42,1929.42,1847.46,1856.88,107679.144,2026-02-23 01:59:59.999000+00:00,202755598.569274,1041436,51667.92740000,97368279.62550800,0
2026-02-23 02:00:00+00:00,1856.88,1868.67,1851.39,1863.24,24157.7376,2026-02-23 02:59:59.999000+00:00,44966881.414008,370585,12286.61300000,22872455.23427700,0
2026-02-23 03:00:00+00:00,1863.25,1871.98,1856.17,1862.87,17198.7699,2026-02-23 03:59:59.999000+00:00,32061968.781776,174928,8454.12820000,15753886.24653300,0
2026-02-23 04:00:00+00:00,1862.88,1864.94,1853.34,1860.17,11872.4387,2026-02-23 04:59:59.999000+00:00,22077678.400922,114329,4490.47350000,8355274.25811600,0
2026-02-23 05:00:00+00:00,1860.17,1870.67,1860.0,1866.08,15346.9253,2026-02-23 05:59:59.999000+00:00,28646930.548344,117200,8499.59260000,15864794.02757000,0
2026-02-23 06:00:00+00:00,1866.08,1883.2,1864.29,1879.52,17881.7123,2026-02-23 06:59:59.999000+00:00,33548637.569145,160191,11989.19660000,22495279.20095100,0
2026-02-23 07:00:00+00:00,1879.52,1888.71,1876.93,1885.5,21104.9996,2026-02-23 07:59:59.999000+00:00,39722141.330774,163901,12556.66060000,23632049.59733800,0
2026-02-23 08:00:00+00:00,1885.5,1889.77,1877.23,1880.62,12507.7469,2026-02-23 08:59:59.999000+00:00,23556128.907929,120177,7571.83230000,14264683.56307400,0
2026-02-23 09:00:00+00:00,1880.63,1918.82,1880.63,1918.0,18360.4707,2026-02-23 09:59:59.999000+00:00,34940823.344988,240058,11518.54680000,21921192.03727600,0
2026-02-23 10:00:00+00:00,1917.99,1928.19,1912.29,1913.94,23296.5445,2026-02-23 10:59:59.999000+00:00,44710243.47063,212205,8459.49630000,16241027.08436200,0
2026-02-23 11:00:00+00:00,1913.95,1920.59,1911.1,1915.3,15298.7991,2026-02-23 11:59:59.999000+00:00,29284154.841912,123116,5877.59560000,11253452.43769600,0
2026-02-23 12:00:00+00:00,1915.29,1926.53,1905.71,1919.99,29364.5385,2026-02-23 12:59:59.999000+00:00,56256642.068549,232755,11080.37600000,21231980.28779500,0
2026-02-23 13:00:00+00:00,1920.0,1935.52,1918.78,1921.9,16082.054,2026-02-23 13:59:59.999000+00:00,30958002.655542,184725,8139.43830000,15665077.37437200,0
2026-02-23 14:00:00+00:00,1921.9,1925.48,1895.0,1906.92,25345.2872,2026-02-23 14:59:59.999000+00:00,48408495.376983,516697,11351.96180000,21682226.72305100,0
2026-02-23 15:00:00+00:00,1906.92,1913.23,1892.68,1895.65,17508.2211,2026-02-23 15:59:59.999000+00:00,33328753.324927,429238,8305.54930000,15814512.63674000,0
2026-02-23 16:00:00+00:00,1895.65,1900.18,1881.2,1884.72,27144.3534,2026-02-23 16:59:59.999000+00:00,51278464.401166,452381,13650.24650000,25789961.99002100,0
2026-02-23 17:00:00+00:00,1884.73,1888.17,1837.13,1863.92,49519.889,2026-02-23 17:59:59.999000+00:00,92150211.151523,594225,21949.98810000,40825296.78262300,0
2026-02-23 18:00:00+00:00,1863.92,1874.12,1854.6,1857.75,23279.0907,2026-02-23 18:59:59.999000+00:00,43414613.954312,352127,9582.36560000,17864559.83649900,0
2026-02-23 19:00:00+00:00,1857.75,1864.75,1847.2,1857.19,18636.5723,2026-02-23 19:59:59.999000+00:00,34586768.783055,264119,8380.51480000,15555276.22293600,0
2026-02-23 20:00:00+00:00,1857.19,1862.49,1846.8,1860.56,14636.3465,2026-02-23 20:59:59.999000+00:00,27145181.678368,256293,8549.16050000,15858243.43104900,0
2026-02-23 21:00:00+00:00,1860.55,1869.31,1858.56,1863.59,8570.3931,2026-02-23 21:59:59.999000+00:00,15977259.176323,137349,4423.63890000,8247975.96073900,0
2026-02-23 22:00:00+00:00,1863.59,1870.0,1859.72,1859.93,6871.8835,2026-02-23 22:59:59.999000+00:00,12822477.981289,124315,3504.73400000,6540014.15851200,0
2026-02-23 23:00:00+00:00,1859.94,1866.95,1850.95,1856.3,7260.3292,2026-02-23 23:59:59.999000+00:00,13496281.527986,110460,3379.65690000,6282244.07857200,0
2026-02-24 00:00:00+00:00,1856.3,1869.58,1855.34,1867.96,9157.3062,2026-02-24 00:59:59.999000+00:00,17067628.880333,115272,4911.41720000,9154312.11352600,0
2026-02-24 01:00:00+00:00,1867.95,1867.99,1811.81,1840.95,40396.0586,2026-02-24 01:59:59.999000+00:00,74274231.523699,540752,19238.41190000,35371560.96715600,0
2026-02-24 02:00:00+00:00,1840.95,1854.46,1837.15,1843.54,12161.91,2026-02-24 02:59:59.999000+00:00,22437698.633335,230339,6495.86050000,11985652.58528800,0
2026-02-24 03:00:00+00:00,1843.54,1843.54,1823.24,1832.03,18172.7946,2026-02-24 03:59:59.999000+00:00,33304053.247164,352523,8492.32490000,15562072.24828800,0
2026-02-24 04:00:00+00:00,1832.03,1833.82,1813.77,1830.81,19146.1198,2026-02-24 04:59:59.999000+00:00,34956379.127784,316034,10140.64140000,18520177.62979500,0
2026-02-24 05:00:00+00:00,1830.8,1840.79,1814.01,1826.26,22890.475,2026-02-24 05:59:59.999000+00:00,41792524.476894,283879,12090.43330000,22077661.01174100,0
2026-02-24 06:00:00+00:00,1826.25,1831.35,1817.99,1820.86,12662.403,2026-02-24 06:59:59.999000+00:00,23119479.160479,200304,5472.22500000,9993854.44393700,0
2026-02-24 07:00:00+00:00,1820.87,1831.89,1815.23,1825.7,18837.2692,2026-02-24 07:59:59.999000+00:00,34383688.919915,235085,8939.48420000,16318092.61478500,0
2026-02-24 08:00:00+00:00,1825.7,1836.18,1818.52,1831.57,15506.6159,2026-02-24 08:59:59.999000+00:00,28363300.60965,191593,6353.07860000,11616677.98233100,0
2026-02-24 09:00:00+00:00,1831.56,1834.69,1815.22,1827.14,15818.8683,2026-02-24 09:59:59.999000+00:00,28853600.023417,236927,7156.49150000,13054437.71799200,0
2026-02-24 10:00:00+00:00,1827.15,1829.68,1820.57,1825.88,13127.0018,2026-02-24 10:59:59.999000+00:00,23962407.525572,166990,5447.22670000,9943668.73979100,0
2026-02-24 11:00:00+00:00,1825.88,1827.36,1818.08,1826.75,19078.3384,2026-02-24 11:59:59.999000+00:00,34775155.402596,150446,6082.23190000,11086431.42446400,0
2026-02-24 12:00:00+00:00,1826.75,1830.29,1821.07,1823.92,11156.188,2026-02-24 12:59:59.999000+00:00,20366859.240711,155852,5341.53300000,9753767.02137200,0
2026-02-24 13:00:00+00:00,1823.92,1827.5,1800.0,1815.73,27668.2331,2026-02-24 13:59:59.999000+00:00,50157720.733332,380836,11187.49030000,20289407.15329100,0
2026-02-24 14:00:00+00:00,1815.72,1847.99,1803.48,1834.73,40891.5399,2026-02-24 14:59:59.999000+00:00,74571048.967747,725081,18480.37610000,33693174.91259000,0
2026-02-24 15:00:00+00:00,1834.73,1850.29,1828.46,1847.59,31496.7887,2026-02-24 15:59:59.999000+00:00,58006890.58713,522367,15318.08620000,28204674.51376200,0
2026-02-24 16:00:00+00:00,1847.59,1863.33,1838.36,1858.56,27165.2043,2026-02-24 16:59:59.999000+00:00,50319590.20304,461552,13787.85360000,25550663.26312400,0
2026-02-24 17:00:00+00:00,1858.57,1865.38,1849.55,1855.43,25214.2916,2026-02-24 17:59:59.999000+00:00,46891186.290619,320332,12152.02180000,22595159.89585000,0
2026-02-24 18:00:00+00:00,1855.43,1860.67,1845.46,1855.08,12199.6586,2026-02-24 18:59:59.999000+00:00,22619423.002286,219577,5698.53030000,10563486.54071200,0
2026-02-24 19:00:00+00:00,1855.08,1862.63,1847.05,1852.46,9800.1897,2026-02-24 19:59:59.999000+00:00,18164961.004961,216163,4313.74780000,7997301.96804400,0
2026-02-24 20:00:00+00:00,1852.47,1862.36,1849.5,1858.58,6842.4044,2026-02-24 20:59:59.999000+00:00,12701446.979915,206455,4210.03220000,7814781.70214900,0
2026-02-24 21:00:00+00:00,1858.57,1858.57,1845.41,1854.17,8846.6793,2026-02-24 21:59:59.999000+00:00,16376677.78142,155499,3762.55760000,6965421.25751900,0
2026-02-24 22:00:00+00:00,1854.17,1864.11,1852.92,1860.56,7923.1468,2026-02-24 22:59:59.999000+00:00,14727875.257238,119807,3971.74620000,7382891.87180900,0
2026-02-24 23:00:00+00:00,1860.56,1860.61,1851.63,1851.94,11904.5432,2026-02-24 23:59:59.999000+00:00,22086866.249979,103694,6806.60790000,12626925.85041300,0
2026-02-25 00:00:00+00:00,1851.95,1856.68,1846.74,1851.98,5821.5512,2026-02-25 00:59:59.999000+00:00,10776800.358077,118615,2682.40670000,4967416.83028800,0
2026-02-25 01:00:00+00:00,1851.98,1924.84,1850.49,1918.34,52073.9922,2026-02-25 01:59:59.999000+00:00,99057986.83241,691458,28358.28530000,53915663.35468900,0
2026-02-25 02:00:00+00:00,1918.34,1944.86,1918.12,1920.97,30910.282,2026-02-25 02:59:59.999000+00:00,59678733.623178,378080,16407.87820000,31673458.76610200,0
2026-02-25 03:00:00+00:00,1920.97,1922.81,1903.35,1906.14,16453.4618,2026-02-25 03:59:59.999000+00:00,31439125.588686,250757,7771.76190000,14849439.84852700,0
2026-02-25 04:00:00+00:00,1906.14,1914.35,1894.37,1906.3,16090.4173,2026-02-25 04:59:59.999000+00:00,30690646.592555,221237,8587.28090000,16384114.95354300,0
2026-02-25 05:00:00+00:00,1906.31,1908.3,1878.02,1887.98,18671.3654,2026-02-25 05:59:59.999000+00:00,35322649.2954,266285,8013.48980000,15160729.03727200,0
2026-02-25 06:00:00+00:00,1887.98,1896.71,1884.83,1885.05,9969.6751,2026-02-25 06:59:59.999000+00:00,18847771.35642,148507,4739.97790000,8962828.44131900,0
2026-02-25 07:00:00+00:00,1885.06,1895.58,1882.44,1893.31,10031.5014,2026-02-25 07:59:59.999000+00:00,18957629.535205,137745,4697.29480000,8878331.95209400,0
2026-02-25 08:00:00+00:00,1893.32,1913.9,1890.27,1910.29,13325.2926,2026-02-25 08:59:59.999000+00:00,25350037.241556,183542,7931.56110000,15087085.49021700,0
2026-02-25 09:00:00+00:00,1910.29,1917.83,1907.49,1915.19,12124.8111,2026-02-25 09:59:59.999000+00:00,23186993.600194,177649,5453.62560000,10429254.03841800,0
2026-02-25 10:00:00+00:00,1915.18,1923.43,1910.22,1912.61,10393.5316,2026-02-25 10:59:59.999000+00:00,19910602.801454,159045,4942.87580000,9470397.77087400,0
2026-02-25 11:00:00+00:00,1912.62,1928.45,1907.76,1926.48,13682.7133,2026-02-25 11:59:59.999000+00:00,26265388.125634,174107,6860.89390000,13168376.68529600,0
2026-02-25 12:00:00+00:00,1926.48,1956.79,1922.28,1953.43,28466.2433,2026-02-25 12:59:59.999000+00:00,55273593.37507,346256,17077.46270000,33174824.64818800,0
2026-02-25 13:00:00+00:00,1953.44,1976.89,1952.47,1964.57,29844.2399,2026-02-25 13:59:59.999000+00:00,58581111.754836,370823,14737.34270000,28933485.08782200,0
2026-02-25 14:00:00+00:00,1964.57,2001.65,1962.14,1997.38,46629.0012,2026-02-25 14:59:59.999000+00:00,92312332.420353,656795,24822.23480000,49161999.58509400,0
2026-02-25 15:00:00+00:00,1997.38,2028.7,1986.72,2013.73,54106.0004,2026-02-25 15:59:59.999000+00:00,108675223.94259,818545,25969.15560000,52169206.27393000,0
2026-02-25 16:00:00+00:00,2013.69,2049.18,2013.36,2046.33,41815.8619,2026-02-25 16:59:59.999000+00:00,84955432.017221,586597,21227.31530000,43132328.46443500,0
2026-02-25 17:00:00+00:00,2046.34,2086.17,2044.28,2073.9,52395.6223,2026-02-25 17:59:59.999000+00:00,108232961.897646,686165,25117.63700000,51888389.60088000,0
2026-02-25 18:00:00+00:00,2073.9,2081.2,2056.93,2074.12,30666.6317,2026-02-25 18:59:59.999000+00:00,63471297.761241,457436,14683.04610000,30396533.94372400,0
2026-02-25 19:00:00+00:00,2074.11,2074.9,2060.05,2071.1,20148.6445,2026-02-25 19:59:59.999000+00:00,41657088.369878,296074,8157.00530000,16864908.65564100,0
2026-02-25 20:00:00+00:00,2071.1,2083.99,2058.37,2075.0,28425.5492,2026-02-25 20:59:59.999000+00:00,58845891.73074,330119,14797.30170000,30624950.70971700,0
2026-02-25 21:00:00+00:00,2074.99,2148.39,2065.84,2100.33,72931.0504,2026-02-25 21:59:59.999000+00:00,153455031.109572,727925,39974.95870000,84083648.69319000,0
2026-02-25 22:00:00+00:00,2100.33,2115.41,2073.79,2083.15,34986.5886,2026-02-25 22:59:59.999000+00:00,73427745.615826,372642,14419.78760000,30259780.24906700,0
2026-02-25 23:00:00+00:00,2083.14,2087.0,2034.39,2057.48,33015.4094,2026-02-25 23:59:59.999000+00:00,67984258.20593,468342,15799.96960000,32519579.74352100,0
2026-02-26 00:00:00+00:00,2057.48,2076.6,2047.83,2062.36,22284.1984,2026-02-26 00:59:59.999000+00:00,45974785.721498,459558,11752.60260000,24253870.32347400,0
2026-02-26 01:00:00+00:00,2062.36,2066.95,2049.74,2058.34,15006.9545,2026-02-26 01:59:59.999000+00:00,30898873.438336,294474,7335.54090000,15105548.09932100,0
2026-02-26 02:00:00+00:00,2058.35,2059.06,2039.37,2053.28,12368.7859,2026-02-26 02:59:59.999000+00:00,25341571.786973,280201,6016.95160000,12331751.43966800,0
2026-02-26 03:00:00+00:00,2053.28,2059.35,2047.35,2054.55,9377.3741,2026-02-26 03:59:59.999000+00:00,19257064.071372,187444,4598.08420000,9443361.30658600,0
2026-02-26 04:00:00+00:00,2054.55,2082.81,2051.92,2075.01,23573.5254,2026-02-26 04:59:59.999000+00:00,48805053.243779,278104,16486.33630000,34129689.77280700,0
2026-02-26 05:00:00+00:00,2075.0,2075.55,2056.7,2066.13,11872.4705,2026-02-26 05:59:59.999000+00:00,24513683.613802,268537,5544.74000000,11446825.14520600,0
2026-02-26 06:00:00+00:00,2066.13,2076.5,2059.54,2062.54,12915.98,2026-02-26 06:59:59.999000+00:00,26680890.674609,217677,5891.08460000,12170130.09268800,0
2026-02-26 07:00:00+00:00,2062.54,2068.29,2051.55,2053.37,12926.6351,2026-02-26 07:59:59.999000+00:00,26630225.078977,177661,4375.38410000,9016114.43990200,0
2026-02-26 08:00:00+00:00,2053.36,2059.0,2044.36,2054.43,18628.8111,2026-02-26 08:59:59.999000+00:00,38211034.111385,262707,9522.70740000,19533696.49301900,0
2026-02-26 09:00:00+00:00,2054.43,2078.24,2052.79,2074.94,16397.1081,2026-02-26 09:59:59.999000+00:00,33912581.197204,217545,9826.61140000,20329392.73416200,0
2026-02-26 10:00:00+00:00,2074.93,2083.33,2062.19,2065.31,11777.5046,2026-02-26 10:59:59.999000+00:00,24398553.659021,235259,5649.21290000,11705990.72373700,0
2026-02-26 11:00:00+00:00,2065.31,2067.45,2053.46,2057.66,10700.8354,2026-02-26 11:59:59.999000+00:00,22042193.404724,172681,3754.41980000,7732947.02723800,0
2026-02-26 12:00:00+00:00,2057.65,2071.76,2055.53,2070.0,8818.2351,2026-02-26 12:59:59.999000+00:00,18214209.092791,184800,5543.80100000,11449966.43740100,0
2026-02-26 13:00:00+00:00,2069.99,2073.95,2061.09,2065.23,10459.4668,2026-02-26 13:59:59.999000+00:00,21626407.027527,201240,6586.25880000,13620997.28947300,0
2026-02-26 14:00:00+00:00,2065.22,2077.81,2034.63,2051.19,38526.4365,2026-02-26 14:59:59.999000+00:00,79263319.782115,680171,19059.17490000,39248714.06947700,0
2026-02-26 15:00:00+00:00,2051.19,2053.43,2011.56,2033.34,53604.6883,2026-02-26 15:59:59.999000+00:00,108743273.801629,722311,25793.28300000,52329864.30359400,0
2026-02-26 16:00:00+00:00,2033.34,2037.78,1978.77,1983.8,46583.7566,2026-02-26 16:59:59.999000+00:00,93453333.171977,656646,21560.20810000,43271432.84881500,0
2026-02-26 17:00:00+00:00,1983.8,1998.98,1982.3,1988.43,22310.0391,2026-02-26 17:59:59.999000+00:00,44406444.590159,412340,11789.85920000,23468836.75970400,0
2026-02-26 18:00:00+00:00,1988.42,2009.45,1975.35,2004.23,23771.1683,2026-02-26 18:59:59.999000+00:00,47346776.185855,385447,13506.77450000,26907093.95969000,0
2026-02-26 19:00:00+00:00,2004.23,2034.4,2003.58,2030.14,26957.7929,2026-02-26 19:59:59.999000+00:00,54527869.419418,317895,15073.11110000,30478669.18874200,0
2026-02-26 20:00:00+00:00,2030.13,2042.75,2021.64,2023.67,16050.133,2026-02-26 20:59:59.999000+00:00,32638552.794737,212437,7812.67450000,15895277.71063900,0
2026-02-26 21:00:00+00:00,2023.67,2034.99,2018.33,2030.36,5486.3481,2026-02-26 21:59:59.999000+00:00,11122661.366719,132391,2919.60750000,5919991.36708600,0
2026-02-26 22:00:00+00:00,2030.36,2037.51,2027.26,2033.29,4396.4027,2026-02-26 22:59:59.999000+00:00,8933730.376383,77608,2466.61910000,5013238.95502500,0
2026-02-26 23:00:00+00:00,2033.29,2033.64,2024.38,2027.68,4988.7061,2026-02-26 23:59:59.999000+00:00,10119265.631199,107182,1916.86240000,3888343.49487300,0
2026-02-27 00:00:00+00:00,2027.68,2030.86,2008.34,2014.79,7570.5945,2026-02-27 00:59:59.999000+00:00,15291112.99299,175211,3140.62430000,6344471.26124900,0
2026-02-27 01:00:00+00:00,2014.79,2022.6,2000.02,2021.9,28681.5096,2026-02-27 01:59:59.999000+00:00,57750806.48692,270552,13955.30730000,28108119.78960700,0
2026-02-27 02:00:00+00:00,2021.89,2034.52,2019.37,2026.0,8985.7077,2026-02-27 02:59:59.999000+00:00,18217854.403464,173221,5532.43580000,11217647.01892000,0
2026-02-27 03:00:00+00:00,2026.01,2049.48,2019.5,2045.39,9221.7961,2026-02-27 03:59:59.999000+00:00,18748283.810308,139472,5404.11100000,10988456.29531100,0
2026-02-27 04:00:00+00:00,2045.39,2063.52,2039.84,2042.64,21685.0635,2026-02-27 04:59:59.999000+00:00,44516454.706542,241523,11691.66930000,24020419.23340600,0
2026-02-27 05:00:00+00:00,2042.64,2049.43,2038.71,2041.61,7895.433,2026-02-27 05:59:59.999000+00:00,16139584.274471,104753,2980.49620000,6094019.80692300,0
2026-02-27 06:00:00+00:00,2041.6,2042.95,2027.53,2035.91,13142.5053,2026-02-27 06:59:59.999000+00:00,26743082.234844,119052,3830.06270000,7797991.19930400,0
2026-02-27 07:00:00+00:00,2035.92,2041.43,2022.16,2032.69,20364.8805,2026-02-27 07:59:59.999000+00:00,41335412.180938,126003,9326.60730000,18927353.15791000,0
2026-02-27 08:00:00+00:00,2032.69,2045.93,2028.08,2033.38,12966.0015,2026-02-27 08:59:59.999000+00:00,26395573.613061,108154,5260.41450000,10714235.16977700,0
2026-02-27 09:00:00+00:00,2033.39,2042.43,2008.41,2010.01,15280.4844,2026-02-27 09:59:59.999000+00:00,30951190.631971,162116,6158.28260000,12479155.27710800,0
2026-02-27 10:00:00+00:00,2010.0,2013.69,1978.39,1980.8,32169.5442,2026-02-27 10:59:59.999000+00:00,64125622.879069,240203,14615.41430000,29127612.18608200,0
2026-02-27 11:00:00+00:00,1980.8,1984.12,1953.37,1962.08,32125.2552,2026-02-27 11:59:59.999000+00:00,63255118.608075,231455,16235.30070000,31961625.62005300,0
2026-02-27 12:00:00+00:00,1962.08,1969.0,1949.32,1959.92,21054.2631,2026-02-27 12:59:59.999000+00:00,41247892.960172,150684,11295.62640000,22136224.86034200,0
2026-02-27 13:00:00+00:00,1959.91,1967.71,1938.82,1963.35,29787.9554,2026-02-27 13:59:59.999000+00:00,58229085.197152,229396,16308.69400000,31883658.14126200,0
2026-02-27 14:00:00+00:00,1963.35,1964.3,1940.03,1942.95,27171.0123,2026-02-27 14:59:59.999000+00:00,53014560.640584,492852,14037.21960000,27388637.17415800,0
2026-02-27 15:00:00+00:00,1942.94,1959.24,1940.62,1948.59,27110.3189,2026-02-27 15:59:59.999000+00:00,52865239.68385,436735,15225.27070000,29692768.59582100,0
2026-02-27 16:00:00+00:00,1948.59,1948.86,1924.61,1927.15,24245.9106,2026-02-27 16:59:59.999000+00:00,46921470.510434,400296,12195.03110000,23603366.51436900,0
2026-02-27 17:00:00+00:00,1927.14,1934.98,1907.48,1932.35,22942.9984,2026-02-27 17:59:59.999000+00:00,44060242.704605,420139,13227.57460000,25405969.99328900,0
2026-02-27 18:00:00+00:00,1932.35,1933.06,1915.81,1918.02,9761.7661,2026-02-27 18:59:59.999000+00:00,18779483.585196,216223,5102.84790000,9817691.14863500,0
2026-02-27 19:00:00+00:00,1918.02,1923.46,1912.32,1921.1,7072.2831,2026-02-27 19:59:59.999000+00:00,13570220.665803,144574,3854.55230000,7397520.68154400,0
2026-02-27 20:00:00+00:00,1921.11,1926.78,1920.43,1923.14,6910.1811,2026-02-27 20:59:59.999000+00:00,13291000.969101,148350,3572.27750000,6871086.30855800,0
2026-02-27 21:00:00+00:00,1923.16,1933.64,1917.11,1921.26,9233.3802,2026-02-27 21:59:59.999000+00:00,17788515.017629,131251,5178.59500000,9979483.13783000,0
2026-02-27 22:00:00+00:00,1921.26,1927.72,1887.0,1921.4,25905.3838,2026-02-27 22:59:59.999000+00:00,49405341.63233,239913,11970.59530000,22845185.14343600,0
2026-02-27 23:00:00+00:00,1921.39,1933.55,1919.96,1929.84,7403.0055,2026-02-27 23:59:59.999000+00:00,14276571.494935,111030,4188.61600000,8078178.78529200,0
2026-02-28 00:00:00+00:00,1929.84,1937.17,1924.45,1932.4,7134.0355,2026-02-28 00:59:59.999000+00:00,13778348.627245,92751,4401.61760000,8502952.00813300,0
2026-02-28 01:00:00+00:00,1932.41,1936.18,1919.8,1924.61,6271.2326,2026-02-28 01:59:59.999000+00:00,12094143.669821,98691,2744.75590000,5293578.15381100,0
2026-02-28 02:00:00+00:00,1924.61,1932.54,1922.64,1930.36,3152.5186,2026-02-28 02:59:59.999000+00:00,6080652.620299,70261,1981.47870000,3822587.40419400,0
2026-02-28 03:00:00+00:00,1930.36,1931.27,1920.61,1924.49,4541.7686,2026-02-28 03:59:59.999000+00:00,8747818.971494,68906,2007.81380000,3867838.37049900,0
2026-02-28 04:00:00+00:00,1924.49,1931.62,1914.73,1925.12,6577.6595,2026-02-28 04:59:59.999000+00:00,12652993.449892,87670,3362.63850000,6471353.50276100,0
2026-02-28 05:00:00+00:00,1925.12,1928.2,1914.56,1919.94,5792.2643,2026-02-28 05:59:59.999000+00:00,11129464.577172,81486,2180.52210000,4190456.33160900,0
2026-02-28 06:00:00+00:00,1919.95,1920.25,1835.36,1842.45,78375.9636,2026-02-28 06:59:59.999000+00:00,146743185.61426,905018,34726.31860000,64942893.81301700,0
2026-02-28 07:00:00+00:00,1842.46,1885.0,1835.55,1866.73,44514.7202,2026-02-28 07:59:59.999000+00:00,83004535.350788,529938,23404.18590000,43621856.29542700,0
2026-02-28 08:00:00+00:00,1866.73,1868.76,1848.48,1852.48,20274.7632,2026-02-28 08:59:59.999000+00:00,37666088.157783,263534,9930.16860000,18451709.49271600,0
2026-02-28 09:00:00+00:00,1852.47,1863.51,1845.05,1854.98,15840.9953,2026-02-28 09:59:59.999000+00:00,29366136.484989,229801,7422.64970000,13763328.26331900,0
2026-02-28 10:00:00+00:00,1854.99,1868.45,1849.15,1865.09,14486.7513,2026-02-28 10:59:59.999000+00:00,26926100.013601,184710,7823.26800000,14543388.38689600,0
2026-02-28 11:00:00+00:00,1865.09,1881.0,1861.68,1863.31,15745.2742,2026-02-28 11:59:59.999000+00:00,29481633.370638,195414,8126.77030000,15221150.46586700,0
2026-02-28 12:00:00+00:00,1863.32,1874.2,1862.47,1868.53,8483.7575,2026-02-28 12:59:59.999000+00:00,15848115.058553,120149,4813.01160000,8990087.28183700,0
2026-02-28 13:00:00+00:00,1868.53,1910.2,1865.25,1905.58,30939.71,2026-02-28 13:59:59.999000+00:00,58450777.916686,288705,16429.91450000,31033024.35730900,0
2026-02-28 14:00:00+00:00,1905.58,1915.95,1883.2,1887.75,32925.6259,2026-02-28 14:59:59.999000+00:00,62572298.927608,478278,15756.74420000,29960518.05655400,0
2026-02-28 15:00:00+00:00,1887.76,1903.91,1873.83,1898.88,19462.8901,2026-02-28 15:59:59.999000+00:00,36832261.218472,297359,10991.85740000,20813448.81139500,0
2026-02-28 16:00:00+00:00,1898.87,1910.2,1891.72,1903.98,9989.0348,2026-02-28 16:59:59.999000+00:00,18987130.750317,208600,5178.45140000,9845336.97969200,0
2026-02-28 17:00:00+00:00,1903.97,1911.62,1886.02,1906.91,15394.3456,2026-02-28 17:59:59.999000+00:00,29213791.880698,191517,6319.90520000,11997616.64737100,0
2026-02-28 18:00:00+00:00,1906.9,1947.0,1901.27,1936.08,23930.6935,2026-02-28 18:59:59.999000+00:00,46061882.482933,333336,12653.58820000,24344163.58354200,0
2026-02-28 19:00:00+00:00,1936.08,1955.04,1920.38,1947.02,23857.5031,2026-02-28 19:59:59.999000+00:00,46285594.2497,353972,11660.71730000,22625434.05842300,0
2026-02-28 20:00:00+00:00,1947.03,1972.44,1938.76,1965.96,23243.334,2026-02-28 20:59:59.999000+00:00,45526372.365374,395556,12501.22780000,24493913.77844900,0
2026-02-28 21:00:00+00:00,1965.96,1967.76,1945.39,1957.69,17733.4068,2026-02-28 21:59:59.999000+00:00,34666866.26156,269090,7596.51780000,14858173.17966300,0
2026-02-28 22:00:00+00:00,1957.7,1984.99,1955.75,1965.48,25696.4941,2026-02-28 22:59:59.999000+00:00,50646832.871035,312005,14713.34510000,29014603.39830100,0
2026-02-28 23:00:00+00:00,1965.48,1969.97,1956.84,1964.51,7316.2412,2026-02-28 23:59:59.999000+00:00,14365258.342794,129295,3250.95560000,6384110.46226700,0
2026-03-01 00:00:00+00:00,1964.51,1969.28,1954.64,1962.66,8007.1719,2026-03-01 00:59:59.999000+00:00,15707863.833174,146204,4135.74960000,8116917.45777800,0
2026-03-01 01:00:00+00:00,1962.67,2023.4,1943.58,2012.36,40313.9255,2026-03-01 01:59:59.999000+00:00,80049389.873388,454306,23875.13830000,47422180.76573600,0
2026-03-01 02:00:00+00:00,2012.37,2054.8,2008.61,2033.05,62449.7848,2026-03-01 02:59:59.999000+00:00,127258200.03082,728952,28274.58630000,57615023.06015600,0
2026-03-01 03:00:00+00:00,2033.04,2039.25,2017.0,2023.29,18009.6845,2026-03-01 03:59:59.999000+00:00,36562580.300961,235946,7728.42250000,15688987.21701200,0
2026-03-01 04:00:00+00:00,2023.29,2030.3,1998.68,2015.7,21842.9912,2026-03-01 04:59:59.999000+00:00,43965455.452521,230043,9219.50560000,18563185.46580500,0
2026-03-01 05:00:00+00:00,2015.71,2022.9,2009.7,2011.24,8628.2986,2026-03-01 05:59:59.999000+00:00,17398185.728669,122439,3653.88160000,7369574.74990400,0
2026-03-01 06:00:00+00:00,2011.24,2012.67,1989.0,1998.41,24589.1007,2026-03-01 06:59:59.999000+00:00,49119999.490539,195362,11672.90620000,23316996.77855400,0
2026-03-01 07:00:00+00:00,1998.41,2009.63,1993.0,2007.24,14865.8116,2026-03-01 07:59:59.999000+00:00,29783072.088141,133142,7325.95720000,14680542.37417200,0
2026-03-01 08:00:00+00:00,2007.23,2010.18,1981.03,1986.0,15134.2925,2026-03-01 08:59:59.999000+00:00,30216215.686877,181154,5826.59930000,11635406.85580100,0
2026-03-01 09:00:00+00:00,1986.01,1996.12,1974.83,1980.69,16432.5029,2026-03-01 09:59:59.999000+00:00,32607699.40664,227443,7715.66040000,15314367.33974600,0
2026-03-01 10:00:00+00:00,1980.69,1993.03,1972.24,1984.81,13791.3785,2026-03-01 10:59:59.999000+00:00,27333992.914824,177762,6784.70740000,13449041.01523400,0
2026-03-01 11:00:00+00:00,1984.81,1989.48,1981.96,1983.32,5850.3998,2026-03-01 11:59:59.999000+00:00,11619138.094623,89863,2853.75160000,5668562.13423400,0
2026-03-01 12:00:00+00:00,1983.32,1988.0,1976.39,1978.2,6988.714,2026-03-01 12:59:59.999000+00:00,13850368.295193,119075,3533.38690000,7003926.99546700,0
2026-03-01 13:00:00+00:00,1978.21,2024.4,1968.6,2006.58,30654.946,2026-03-01 13:59:59.999000+00:00,61228316.3553,361014,15287.60570000,30549572.28591700,0
2026-03-01 14:00:00+00:00,2006.58,2028.0,1993.37,2000.1,26685.2477,2026-03-01 14:59:59.999000+00:00,53624168.10531,453909,12897.47190000,25934376.53350500,0
2026-03-01 15:00:00+00:00,2000.11,2016.23,1992.35,1993.38,16085.6658,2026-03-01 15:59:59.999000+00:00,32296125.622643,227554,8599.67330000,17274654.35822600,0
2026-03-01 16:00:00+00:00,1993.38,2009.38,1960.23,1974.03,32651.4422,2026-03-01 16:59:59.999000+00:00,64762414.342834,428752,15169.93890000,30115855.29253300,0
2026-03-01 17:00:00+00:00,1974.02,1975.92,1953.3,1961.17,18424.6109,2026-03-01 17:59:59.999000+00:00,36231078.02601,306739,8693.13820000,17099601.95307600,0
2026-03-01 18:00:00+00:00,1961.17,1997.53,1961.03,1975.82,27496.181,2026-03-01 18:59:59.999000+00:00,54516780.577755,286414,14275.58290000,28298333.11317500,0
2026-03-01 19:00:00+00:00,1975.82,1976.37,1946.55,1953.9,21414.9113,2026-03-01 19:59:59.999000+00:00,41974777.517229,212393,10760.80200000,21078529.24413800,0
2026-03-01 20:00:00+00:00,1953.89,1955.01,1907.41,1914.26,34457.2373,2026-03-01 20:59:59.999000+00:00,66289543.452111,439950,14063.42070000,27058637.08882300,0
2026-03-01 21:00:00+00:00,1914.27,1932.34,1912.61,1928.98,15745.294,2026-03-01 21:59:59.999000+00:00,30273494.258497,187745,8164.16650000,15696913.53860300,0
2026-03-01 22:00:00+00:00,1928.98,1971.01,1914.69,1924.86,30768.4361,2026-03-01 22:59:59.999000+00:00,59686557.760645,348190,14753.61090000,28610257.29807900,0
2026-03-01 23:00:00+00:00,1924.86,1948.15,1918.7,1939.71,17908.8176,2026-03-01 23:59:59.999000+00:00,34675406.574741,321947,9281.98370000,17970458.80298100,0
2026-03-02 00:00:00+00:00,1939.71,1967.49,1937.42,1960.86,15733.7356,2026-03-02 00:59:59.999000+00:00,30705356.401288,322837,8925.07750000,17417560.41071000,0
2026-03-02 01:00:00+00:00,1960.87,1989.23,1959.64,1963.71,20874.0317,2026-03-02 01:59:59.999000+00:00,41205602.853509,391886,10407.96710000,20543023.77121400,0
2026-03-02 02:00:00+00:00,1963.71,1966.16,1939.79,1955.63,17187.5317,2026-03-02 02:59:59.999000+00:00,33534911.318191,284081,7166.40890000,13985730.91525400,0
2026-03-02 03:00:00+00:00,1955.63,1979.82,1948.35,1972.3,15261.3339,2026-03-02 03:59:59.999000+00:00,30068514.38017,257232,9023.04210000,17780191.11577400,0
2026-03-02 04:00:00+00:00,1972.3,1980.32,1968.31,1972.94,9531.0325,2026-03-02 04:59:59.999000+00:00,18803627.148708,146644,4700.33830000,9273259.67098300,0
2026-03-02 05:00:00+00:00,1972.94,1983.6,1961.61,1970.84,11376.1341,2026-03-02 05:59:59.999000+00:00,22431990.024205,162836,4633.90680000,9143548.29814500,0
2026-03-02 06:00:00+00:00,1970.9,1971.2,1937.55,1943.31,19103.7064,2026-03-02 06:59:59.999000+00:00,37291612.241496,292631,7304.27960000,14256037.96109300,0
2026-03-02 07:00:00+00:00,1943.31,1944.99,1925.53,1941.66,18656.5057,2026-03-02 07:59:59.999000+00:00,36114813.143798,267692,9335.12970000,18077791.67388700,0
2026-03-02 08:00:00+00:00,1941.65,1951.14,1920.0,1949.34,20244.5196,2026-03-02 08:59:59.999000+00:00,39186518.7526,312485,10066.52200000,19495638.85620100,0
2026-03-02 09:00:00+00:00,1949.33,1967.13,1946.85,1947.79,21443.5499,2026-03-02 09:59:59.999000+00:00,41949107.065856,288398,9358.24080000,18312277.59294100,0
2026-03-02 10:00:00+00:00,1947.78,1956.18,1944.0,1952.25,7114.2423,2026-03-02 10:59:59.999000+00:00,13874466.076769,211063,3874.25490000,7556549.41417800,0
2026-03-02 11:00:00+00:00,1952.24,1954.81,1935.54,1947.81,13102.9698,2026-03-02 11:59:59.999000+00:00,25482119.849115,236285,6782.08460000,13193390.16668200,0
2026-03-02 12:00:00+00:00,1947.8,1948.98,1930.4,1938.12,8789.8769,2026-03-02 12:59:59.999000+00:00,17048330.849883,200836,4437.03600000,8606714.14759100,0
2026-03-02 13:00:00+00:00,1938.11,1944.5,1922.55,1927.71,15816.2783,2026-03-02 13:59:59.999000+00:00,30567171.955908,359760,7216.51300000,13949068.45307100,0
2026-03-02 14:00:00+00:00,1927.71,1985.48,1921.7,1979.75,58183.5923,2026-03-02 14:59:59.999000+00:00,113652596.46083,908743,31731.66500000,61998941.04219500,0
2026-03-02 15:00:00+00:00,1979.75,2065.48,1974.36,2047.33,99017.374,2026-03-02 15:59:59.999000+00:00,201084110.594351,1301024,58836.37480000,119487441.34908200,0
2026-03-02 16:00:00+00:00,2047.33,2090.0,2043.36,2064.33,60174.2489,2026-03-02 16:59:59.999000+00:00,124197131.075355,933193,30715.68030000,63394285.79880500,0
2026-03-02 17:00:00+00:00,2064.33,2066.0,2025.58,2041.01,27258.717,2026-03-02 17:59:59.999000+00:00,55786833.913171,542343,11224.80060000,22962895.26533800,0
2026-03-02 18:00:00+00:00,2041.01,2041.12,2024.24,2029.4,16184.3755,2026-03-02 18:59:59.999000+00:00,32896090.064564,387119,7647.95520000,15546249.79728500,0
2026-03-02 19:00:00+00:00,2029.4,2049.39,2017.15,2043.57,18799.5712,2026-03-02 19:59:59.999000+00:00,38239559.589068,329986,9701.46960000,19739269.33196700,0
2026-03-02 20:00:00+00:00,2043.56,2057.7,2024.98,2035.5,20820.4038,2026-03-02 20:59:59.999000+00:00,42495993.464253,475911,10253.55230000,20936130.02742800,0
2026-03-02 21:00:00+00:00,2035.5,2047.87,2029.35,2043.01,13737.182,2026-03-02 21:59:59.999000+00:00,28007283.587632,236095,6175.65900000,12590984.55864100,0
2026-03-02 22:00:00+00:00,2043.01,2058.59,2041.41,2053.82,11782.1316,2026-03-02 22:59:59.999000+00:00,24157018.328203,200429,6253.30940000,12821088.32173900,0
2026-03-02 23:00:00+00:00,2053.82,2055.75,2024.32,2027.35,37213.3302,2026-03-02 23:59:59.999000+00:00,75646795.35497,294276,23427.98190000,47590667.03105100,0
2026-03-03 00:00:00+00:00,2027.34,2038.94,2018.76,2035.46,28632.0074,2026-03-03 00:59:59.999000+00:00,58163623.064691,299503,17423.28900000,35409279.78850100,0
2026-03-03 01:00:00+00:00,2035.46,2041.48,2019.53,2020.01,12962.5833,2026-03-03 01:59:59.999000+00:00,26335132.600068,308215,5651.25670000,11485322.77205900,0
2026-03-03 02:00:00+00:00,2020.01,2022.89,1998.0,2013.67,21831.7657,2026-03-03 02:59:59.999000+00:00,43897215.878667,418995,9414.67250000,18939036.51838100,0
2026-03-03 03:00:00+00:00,2013.68,2015.88,2005.33,2008.88,8961.6112,2026-03-03 03:59:59.999000+00:00,18011737.570389,184606,3818.00010000,7674614.31547100,0
2026-03-03 04:00:00+00:00,2008.88,2013.66,1998.49,1999.82,10046.0129,2026-03-03 04:59:59.999000+00:00,20144014.674476,190626,4325.61420000,8674389.75916100,0
2026-03-03 05:00:00+00:00,1999.81,2019.4,1987.5,1993.36,23376.1215,2026-03-03 05:59:59.999000+00:00,46717651.344156,326575,13022.96900000,26028559.87993600,0
2026-03-03 06:00:00+00:00,1993.35,2001.86,1987.82,1999.27,9807.2108,2026-03-03 06:59:59.999000+00:00,19557627.799196,223242,4825.95880000,9624681.99744200,0
2026-03-03 07:00:00+00:00,1999.28,2003.49,1993.43,1996.33,11518.4682,2026-03-03 07:59:59.999000+00:00,23014812.954112,185062,5882.16680000,11753894.33461700,0
2026-03-03 08:00:00+00:00,1996.32,2000.53,1947.93,1953.1,36423.8703,2026-03-03 08:59:59.999000+00:00,71785895.597156,402047,15527.45980000,30602703.49464800,0
2026-03-03 09:00:00+00:00,1953.1,1968.89,1939.1,1951.58,29942.9589,2026-03-03 09:59:59.999000+00:00,58495257.86007,351252,15295.13280000,29903436.45335600,0
2026-03-03 10:00:00+00:00,1951.57,1964.08,1945.24,1958.05,14868.4866,2026-03-03 10:59:59.999000+00:00,29051707.211425,224712,7895.77400000,15431030.93938700,0
2026-03-03 11:00:00+00:00,1958.05,1966.97,1952.11,1961.28,13420.8223,2026-03-03 11:59:59.999000+00:00,26305382.061926,205163,7666.69480000,15029411.94995300,0
2026-03-03 12:00:00+00:00,1961.28,1990.07,1960.85,1967.57,23995.6503,2026-03-03 12:59:59.999000+00:00,47334301.386922,366790,12366.24890000,24401856.50763000,0
2026-03-03 13:00:00+00:00,1967.58,1968.77,1943.73,1952.14,20300.8927,2026-03-03 13:59:59.999000+00:00,39660092.928383,349912,10114.66780000,19756869.99613600,0
2026-03-03 14:00:00+00:00,1952.13,1977.31,1929.56,1942.78,56182.4604,2026-03-03 14:59:59.999000+00:00,109647446.90305,833652,28251.36850000,55148644.71623300,0
2026-03-03 15:00:00+00:00,1942.78,1972.71,1932.04,1969.22,38417.9879,2026-03-03 15:59:59.999000+00:00,75026142.393449,799021,20819.44870000,40662669.87197700,0
2026-03-03 16:00:00+00:00,1969.21,2014.12,1958.76,1983.98,54907.2008,2026-03-03 16:59:59.999000+00:00,109054561.307572,905714,29035.46160000,57683640.48825800,0
2026-03-03 17:00:00+00:00,1983.98,1985.6,1959.38,1980.6,20094.3938,2026-03-03 17:59:59.999000+00:00,39631790.967987,435936,9609.78570000,18956536.12209300,0
2026-03-03 18:00:00+00:00,1980.59,2000.32,1969.7,1988.2,17019.0589,2026-03-03 18:59:59.999000+00:00,33829068.565662,304776,8180.36360000,16261560.59456700,0
2026-03-03 19:00:00+00:00,1988.21,1994.37,1976.97,1986.02,20447.2398,2026-03-03 19:59:59.999000+00:00,40619982.207562,311005,7781.91590000,15465348.08692100,0
2026-03-03 20:00:00+00:00,1986.03,1989.8,1969.83,1978.34,9339.9793,2026-03-03 20:59:59.999000+00:00,18499791.489724,238998,4084.26730000,8090927.41337100,0
2026-03-03 21:00:00+00:00,1978.34,1978.4,1959.35,1968.46,8093.7901,2026-03-03 21:59:59.999000+00:00,15912589.035302,147275,3565.33270000,7009587.28841500,0
2026-03-03 22:00:00+00:00,1968.46,1988.2,1968.25,1983.31,7331.0526,2026-03-03 22:59:59.999000+00:00,14522728.867627,149019,4160.55740000,8241200.28504500,0
2026-03-03 23:00:00+00:00,1983.3,2001.63,1981.25,1982.8,11408.2277,2026-03-03 23:59:59.999000+00:00,22704792.437122,149259,5532.92430000,11015831.32916400,0
2026-03-04 00:00:00+00:00,1982.81,1986.79,1961.88,1976.68,13652.3461,2026-03-04 00:59:59.999000+00:00,26974346.288464,217964,5251.92060000,10374936.68753600,0
2026-03-04 01:00:00+00:00,1976.69,1998.66,1970.18,1981.73,15208.224,2026-03-04 01:59:59.999000+00:00,30163127.04048,321208,7018.29000000,13928812.59130100,0
2026-03-04 02:00:00+00:00,1981.72,1982.79,1969.1,1979.24,9101.0568,2026-03-04 02:59:59.999000+00:00,17985073.09483,234510,3761.95680000,7434562.39927400,0
2026-03-04 03:00:00+00:00,1979.23,1980.18,1945.08,1960.9,24378.1016,2026-03-04 03:59:59.999000+00:00,47760360.641548,375317,10231.81990000,20045464.49511900,0
2026-03-04 04:00:00+00:00,1960.89,1964.65,1950.65,1960.25,10698.7788,2026-03-04 04:59:59.999000+00:00,20941949.036644,235028,5111.23330000,10006414.49067400,0
2026-03-04 05:00:00+00:00,1960.26,1977.84,1955.79,1971.14,10275.531,2026-03-04 05:59:59.999000+00:00,20209596.073085,219062,5657.37310000,11131871.50006300,0
2026-03-04 06:00:00+00:00,1971.14,1986.49,1963.33,1980.33,12984.2822,2026-03-04 06:59:59.999000+00:00,25646408.716407,217059,7404.56140000,14629276.28403800,0
2026-03-04 07:00:00+00:00,1980.34,2010.0,1974.64,2006.55,18528.9939,2026-03-04 07:59:59.999000+00:00,36945095.918188,256549,9895.02650000,19736028.04845000,0
2026-03-04 08:00:00+00:00,2006.55,2066.66,2000.47,2063.71,60466.9033,2026-03-04 08:59:59.999000+00:00,122867464.17961,591736,33945.89290000,68992150.49587600,0
2026-03-04 09:00:00+00:00,2063.71,2089.55,2055.18,2075.23,59530.1723,2026-03-04 09:59:59.999000+00:00,123505788.654288,658625,28912.03240000,60005804.57072800,0
2026-03-04 10:00:00+00:00,2075.24,2092.9,2067.36,2072.34,35518.5851,2026-03-04 10:59:59.999000+00:00,73828166.519876,435050,14628.82980000,30432760.71934500,0
2026-03-04 11:00:00+00:00,2072.33,2078.22,2046.77,2054.97,31815.4116,2026-03-04 11:59:59.999000+00:00,65633981.386475,316703,14236.84880000,29371013.31807300,0
2026-03-04 12:00:00+00:00,2054.97,2059.29,2036.37,2054.33,34637.6336,2026-03-04 12:59:59.999000+00:00,70861351.946368,351334,19874.28120000,40642289.06781000,0
2026-03-04 13:00:00+00:00,2054.34,2068.53,2052.79,2064.49,14580.9958,2026-03-04 13:59:59.999000+00:00,30057939.062593,333442,7421.73880000,15300942.30537500,0
2026-03-04 14:00:00+00:00,2064.48,2110.0,2062.82,2080.0,64561.6428,2026-03-04 14:59:59.999000+00:00,134466952.300764,861639,36126.67490000,75245193.11062900,0
2026-03-04 15:00:00+00:00,2079.99,2157.67,2079.09,2150.23,89214.3086,2026-03-04 15:59:59.999000+00:00,189414293.693586,955993,48287.15840000,102523780.39795000,0
2026-03-04 16:00:00+00:00,2150.23,2165.75,2129.13,2142.39,58873.9925,2026-03-04 16:59:59.999000+00:00,126320664.687455,692129,30460.79650000,65364186.96713100,0
2026-03-04 17:00:00+00:00,2142.39,2156.83,2130.17,2146.07,43422.743,2026-03-04 17:59:59.999000+00:00,93093462.639333,476500,21240.96350000,45555812.89684700,0
2026-03-04 18:00:00+00:00,2146.07,2164.38,2138.13,2163.18,20006.596,2026-03-04 18:59:59.999000+00:00,43032116.485443,325457,9518.59870000,20475992.47077800,0
2026-03-04 19:00:00+00:00,2163.18,2199.0,2161.01,2177.51,49507.3799,2026-03-04 19:59:59.999000+00:00,107957313.190228,515834,25673.02610000,55978629.19964200,0
2026-03-04 20:00:00+00:00,2177.51,2179.66,2149.31,2150.13,18222.5848,2026-03-04 20:59:59.999000+00:00,39485577.111493,318410,6938.45730000,15040677.84098500,0
2026-03-04 21:00:00+00:00,2150.13,2155.77,2142.25,2149.86,11687.011,2026-03-04 21:59:59.999000+00:00,25112967.228819,205618,5444.51480000,11700665.60473100,0
2026-03-04 22:00:00+00:00,2149.85,2164.16,2127.42,2132.11,15161.2618,2026-03-04 22:59:59.999000+00:00,32529096.053717,216406,6126.73010000,13152622.22065100,0
2026-03-04 23:00:00+00:00,2132.11,2136.84,2116.67,2127.28,15610.2787,2026-03-04 23:59:59.999000+00:00,33197962.054362,195750,5003.13010000,10643736.43276600,0
2026-03-05 00:00:00+00:00,2127.28,2135.36,2121.5,2128.13,14409.8472,2026-03-05 00:59:59.999000+00:00,30675788.961963,234078,5710.00540000,12155972.23151800,0
2026-03-05 01:00:00+00:00,2128.14,2141.93,2107.57,2113.73,18721.1804,2026-03-05 01:59:59.999000+00:00,39752440.356973,311682,6499.73760000,13803454.91453800,0
2026-03-05 02:00:00+00:00,2113.72,2134.09,2112.82,2121.85,12365.0321,2026-03-05 02:59:59.999000+00:00,26254928.830399,208319,6141.90230000,13045601.58126600,0
2026-03-05 03:00:00+00:00,2121.85,2126.07,2107.5,2120.15,8560.3435,2026-03-05 03:59:59.999000+00:00,18117487.569169,166012,4033.66660000,8537833.13983800,0
2026-03-05 04:00:00+00:00,2120.15,2144.2,2118.59,2137.36,15809.5877,2026-03-05 04:59:59.999000+00:00,33708572.433405,211459,9179.65480000,19574438.74939600,0
2026-03-05 05:00:00+00:00,2137.35,2139.32,2114.03,2119.65,11146.2593,2026-03-05 05:59:59.999000+00:00,23653467.183711,159242,3799.68930000,8068015.54871100,0
2026-03-05 06:00:00+00:00,2119.66,2130.92,2110.15,2128.23,8734.2192,2026-03-05 06:59:59.999000+00:00,18520032.191589,200736,4368.73680000,9265623.60728200,0
2026-03-05 07:00:00+00:00,2128.22,2132.53,2095.71,2104.96,18349.1464,2026-03-05 07:59:59.999000+00:00,38749106.650724,203158,8332.37780000,17602711.67465400,0
2026-03-05 08:00:00+00:00,2104.96,2118.82,2093.63,2117.64,17772.7303,2026-03-05 08:59:59.999000+00:00,37389574.321045,264113,9453.07900000,19894154.63996100,0
2026-03-05 09:00:00+00:00,2117.64,2137.71,2116.54,2125.45,17983.0238,2026-03-05 09:59:59.999000+00:00,38261904.614104,307069,9745.19910000,20734269.57000000,0
2026-03-05 10:00:00+00:00,2125.45,2163.66,2119.99,2156.15,21391.5276,2026-03-05 10:59:59.999000+00:00,45909449.602121,349801,12863.36240000,27606253.72430700,0
2026-03-05 11:00:00+00:00,2156.14,2159.31,2133.5,2137.92,13375.4536,2026-03-05 11:59:59.999000+00:00,28698227.604598,256916,5910.51540000,12683687.05850700,0
2026-03-05 12:00:00+00:00,2137.92,2142.95,2123.58,2138.25,15735.6277,2026-03-05 12:59:59.999000+00:00,33566045.537531,288260,8460.52260000,18046069.51180700,0
2026-03-05 13:00:00+00:00,2138.25,2139.72,2109.18,2117.6,19573.7557,2026-03-05 13:59:59.999000+00:00,41522067.384679,353769,9009.86210000,19112485.07810000,0
2026-03-05 14:00:00+00:00,2117.6,2131.65,2096.73,2119.17,30762.7829,2026-03-05 14:59:59.999000+00:00,64994841.130642,627559,15562.53130000,32888409.39766800,0
2026-03-05 15:00:00+00:00,2119.18,2121.93,2067.54,2086.96,58446.5912,2026-03-05 15:59:59.999000+00:00,121837927.794095,733477,23472.61280000,48937200.25472800,0
2026-03-05 16:00:00+00:00,2086.95,2087.42,2056.7,2080.17,28768.1394,2026-03-05 16:59:59.999000+00:00,59607703.804743,462500,13552.86590000,28089971.38978600,0
2026-03-05 17:00:00+00:00,2080.17,2093.7,2054.75,2059.88,25380.2189,2026-03-05 17:59:59.999000+00:00,52544303.760962,406968,12396.24250000,25672606.13759600,0
2026-03-05 18:00:00+00:00,2059.88,2078.38,2056.99,2076.59,12902.8648,2026-03-05 18:59:59.999000+00:00,26690740.680398,250553,7695.33880000,15921802.35516000,0
2026-03-05 19:00:00+00:00,2076.6,2093.69,2072.38,2074.36,22325.8576,2026-03-05 19:59:59.999000+00:00,46485751.548134,229965,9507.36210000,19796439.85245300,0
2026-03-05 20:00:00+00:00,2074.37,2098.67,2070.09,2092.43,15608.8619,2026-03-05 20:59:59.999000+00:00,32577907.325322,239920,9362.50060000,19544143.04852700,0
2026-03-05 21:00:00+00:00,2092.42,2099.36,2075.77,2080.6,11396.4401,2026-03-05 21:59:59.999000+00:00,23794464.704211,131516,5175.23790000,10809173.57860400,0
2026-03-05 22:00:00+00:00,2080.61,2085.0,2077.6,2080.11,4816.1385,2026-03-05 22:59:59.999000+00:00,10024041.117183,71856,2390.87840000,4976275.18221700,0
2026-03-05 23:00:00+00:00,2080.11,2084.45,2069.72,2072.86,7822.1828,2026-03-05 23:59:59.999000+00:00,16242077.881222,84637,2829.61430000,5876056.12090300,0
2026-03-06 00:00:00+00:00,2072.86,2080.39,2067.7,2075.02,9180.2101,2026-03-06 00:59:59.999000+00:00,19042752.850791,130527,4115.60990000,8538696.14074400,0
2026-03-06 01:00:00+00:00,2075.03,2091.38,2061.79,2087.65,13630.6414,2026-03-06 01:59:59.999000+00:00,28313224.343953,253824,6390.28250000,13276857.14946300,0
2026-03-06 02:00:00+00:00,2087.66,2093.33,2080.66,2083.89,7620.4022,2026-03-06 02:59:59.999000+00:00,15897797.073577,210939,3579.04810000,7467382.01510600,0
2026-03-06 03:00:00+00:00,2083.89,2088.75,2075.28,2083.8,8645.163,2026-03-06 03:59:59.999000+00:00,18007900.948607,165344,4142.06240000,8629306.97812900,0
2026-03-06 04:00:00+00:00,2083.81,2085.88,2058.84,2070.86,14588.3921,2026-03-06 04:59:59.999000+00:00,30253166.259203,194485,6228.80120000,12916875.81681600,0
2026-03-06 05:00:00+00:00,2070.87,2074.19,2059.36,2068.94,10611.9387,2026-03-06 05:59:59.999000+00:00,21925689.80304,168894,5058.71230000,10454390.60019000,0
2026-03-06 06:00:00+00:00,2068.93,2080.53,2063.58,2074.03,7652.8744,2026-03-06 06:59:59.999000+00:00,15847861.469188,107691,4164.37160000,8624047.58174000,0
2026-03-06 07:00:00+00:00,2074.04,2087.66,2068.79,2082.83,12517.3472,2026-03-06 07:59:59.999000+00:00,26050083.896355,111641,6869.99900000,14298901.14926000,0
2026-03-06 08:00:00+00:00,2082.83,2082.83,2074.33,2075.96,7247.9481,2026-03-06 08:59:59.999000+00:00,15069036.386105,127295,3642.66160000,7574015.59843200,0
2026-03-06 09:00:00+00:00,2075.96,2077.5,2045.79,2060.0,21572.2567,2026-03-06 09:59:59.999000+00:00,44382670.407215,233664,9025.74870000,18565793.55331700,0
2026-03-06 10:00:00+00:00,2060.0,2069.43,2058.72,2063.4,8988.1836,2026-03-06 10:59:59.999000+00:00,18555696.558961,122563,4930.54360000,10179363.89793200,0
2026-03-06 11:00:00+00:00,2063.41,2067.34,2049.85,2051.03,12852.7139,2026-03-06 11:59:59.999000+00:00,26463541.833001,132116,5628.79180000,11588502.38588000,0
2026-03-06 12:00:00+00:00,2051.03,2055.0,2037.22,2048.52,19883.338,2026-03-06 12:59:59.999000+00:00,40672304.502278,245020,8358.68510000,17100911.17719900,0
2026-03-06 13:00:00+00:00,2048.52,2062.12,2019.35,2019.88,37363.7986,2026-03-06 13:59:59.999000+00:00,76280907.235471,416364,17428.19810000,35594384.82374800,0
2026-03-06 14:00:00+00:00,2019.89,2024.35,1972.0,1981.55,77975.8063,2026-03-06 14:59:59.999000+00:00,155804535.710045,862373,33700.05040000,67320015.40266800,0
2026-03-06 15:00:00+00:00,1981.55,1998.0,1966.24,1978.01,36805.7997,2026-03-06 15:59:59.999000+00:00,73023423.261419,525171,19889.62490000,39469793.93695400,0
2026-03-06 16:00:00+00:00,1978.0,1984.97,1966.27,1971.29,26399.6306,2026-03-06 16:59:59.999000+00:00,52079503.378253,373478,16092.91430000,31742294.10744100,0
2026-03-06 17:00:00+00:00,1971.28,1982.13,1955.95,1966.76,23860.4367,2026-03-06 17:59:59.999000+00:00,46919892.685243,339040,10719.72070000,21081340.92352000,0
2026-03-06 18:00:00+00:00,1966.76,1983.46,1966.61,1974.62,15172.6068,2026-03-06 18:59:59.999000+00:00,30004974.351076,253026,8728.32240000,17261472.28128900,0
2026-03-06 19:00:00+00:00,1974.62,1993.3,1974.62,1983.75,9611.9432,2026-03-06 19:59:59.999000+00:00,19076551.045098,182070,5551.73410000,11018157.75280800,0
2026-03-06 20:00:00+00:00,1983.75,1988.69,1969.26,1978.63,14596.4669,2026-03-06 20:59:59.999000+00:00,28868428.128941,216662,6276.82210000,12415120.55747600,0
2026-03-06 21:00:00+00:00,1978.64,1984.64,1971.51,1983.77,4970.5242,2026-03-06 21:59:59.999000+00:00,9833221.26596,85910,2526.76950000,4999968.31615500,0
2026-03-06 22:00:00+00:00,1983.76,1989.91,1981.58,1987.22,4312.4784,2026-03-06 22:59:59.999000+00:00,8560660.229842,75513,2353.89890000,4672527.59510400,0
2026-03-06 23:00:00+00:00,1987.23,1987.75,1977.03,1978.68,5536.8561,2026-03-06 23:59:59.999000+00:00,10983245.007751,67814,2200.57030000,4364967.32984700,0
2026-03-07 00:00:00+00:00,1978.68,1983.27,1976.97,1981.45,3668.8535,2026-03-07 00:59:59.999000+00:00,7265599.75805,57252,1988.35960000,3937551.76042100,0
2026-03-07 01:00:00+00:00,1981.45,1983.7,1976.25,1980.68,7091.5619,2026-03-07 01:59:59.999000+00:00,14039855.58014,65010,3622.06070000,7171194.42939500,0
2026-03-07 02:00:00+00:00,1980.67,1984.63,1971.79,1983.52,7690.4614,2026-03-07 02:59:59.999000+00:00,15203527.779309,65279,4210.45080000,8323381.41656400,0
2026-03-07 03:00:00+00:00,1983.53,1996.04,1979.83,1980.21,9533.4524,2026-03-07 03:59:59.999000+00:00,18946344.037713,100579,5082.09310000,10101877.48917800,0
2026-03-07 04:00:00+00:00,1980.22,1980.22,1964.34,1975.35,9092.372,2026-03-07 04:59:59.999000+00:00,17927484.431258,94027,4407.88470000,8691497.44715900,0
2026-03-07 05:00:00+00:00,1975.35,1979.87,1972.46,1979.01,6131.9838,2026-03-07 05:59:59.999000+00:00,12121803.882464,56733,2616.54820000,5172410.13489900,0
2026-03-07 06:00:00+00:00,1979.01,1979.01,1968.81,1971.76,9083.1526,2026-03-07 06:59:59.999000+00:00,17933158.476547,72401,5086.09610000,10036827.71576600,0
2026-03-07 07:00:00+00:00,1971.77,1984.19,1967.07,1982.94,16455.6679,2026-03-07 07:59:59.999000+00:00,32503867.6841,109934,6774.28960000,13371751.71515500,0
2026-03-07 08:00:00+00:00,1982.94,1987.62,1975.5,1978.03,9725.3345,2026-03-07 08:59:59.999000+00:00,19290025.235842,73430,5483.97930000,10880499.18907100,0
2026-03-07 09:00:00+00:00,1978.02,1989.42,1975.38,1986.35,9442.4762,2026-03-07 09:59:59.999000+00:00,18736922.115779,76810,3657.84460000,7258501.65572700,0
2026-03-07 10:00:00+00:00,1986.35,1988.68,1983.32,1984.36,4111.341,2026-03-07 10:59:59.999000+00:00,8164579.703749,60082,2236.17270000,4440892.67105100,0
2026-03-07 11:00:00+00:00,1984.36,1994.98,1982.19,1988.91,6240.1404,2026-03-07 11:59:59.999000+00:00,12415012.489809,80073,3873.80900000,7707075.23081900,0
2026-03-07 12:00:00+00:00,1988.92,1990.95,1979.84,1982.51,4069.8213,2026-03-07 12:59:59.999000+00:00,8079918.846872,59256,1990.28080000,3952276.55402500,0
2026-03-07 13:00:00+00:00,1982.51,1984.19,1977.64,1981.83,9076.3795,2026-03-07 13:59:59.999000+00:00,17985842.47425,80900,3407.39520000,6752015.75027700,0
2026-03-07 14:00:00+00:00,1981.83,1990.25,1970.47,1987.0,9828.667,2026-03-07 14:59:59.999000+00:00,19466047.635982,140816,5533.58220000,10965444.49750000,0
2026-03-07 15:00:00+00:00,1987.01,1987.41,1976.22,1981.04,6476.3298,2026-03-07 15:59:59.999000+00:00,12840601.8821,114049,2917.07080000,5784060.58764000,0
2026-03-07 16:00:00+00:00,1981.03,1981.03,1974.48,1977.26,5663.86,2026-03-07 16:59:59.999000+00:00,11199194.556398,82094,2997.12860000,5926386.77994100,0
2026-03-07 17:00:00+00:00,1977.26,1983.47,1976.19,1977.59,3883.3234,2026-03-07 17:59:59.999000+00:00,7689996.978358,51689,2058.85630000,4076999.30914400,0
2026-03-07 18:00:00+00:00,1977.59,1977.59,1965.78,1971.23,7635.9597,2026-03-07 18:59:59.999000+00:00,15051350.024202,96861,3476.36100000,6851707.22474200,0
2026-03-07 19:00:00+00:00,1971.22,1971.23,1948.09,1955.2,17780.5108,2026-03-07 19:59:59.999000+00:00,34817592.644597,176954,6412.17400000,12556927.21139500,0
2026-03-07 20:00:00+00:00,1955.2,1968.78,1954.89,1966.42,5668.1403,2026-03-07 20:59:59.999000+00:00,11131650.523797,97671,2922.95110000,5740656.58525500,0
2026-03-07 21:00:00+00:00,1966.42,1971.73,1963.97,1970.63,3666.4606,2026-03-07 21:59:59.999000+00:00,7215072.7498,75361,2022.96970000,3980927.10079700,0
2026-03-07 22:00:00+00:00,1970.62,1971.03,1958.36,1966.46,4432.0022,2026-03-07 22:59:59.999000+00:00,8715835.059037,81656,2116.46430000,4161962.43871200,0
2026-03-07 23:00:00+00:00,1966.47,1974.27,1965.49,1969.59,8011.5678,2026-03-07 23:59:59.999000+00:00,15787950.237567,60626,4375.57080000,8624235.60848100,0
2026-03-08 00:00:00+00:00,1969.6,1977.35,1966.66,1968.91,6916.061,2026-03-08 00:59:59.999000+00:00,13633078.851199,66265,4422.19460000,8717458.22813700,0
2026-03-08 01:00:00+00:00,1968.92,1971.9,1963.51,1968.95,4903.0232,2026-03-08 01:59:59.999000+00:00,9651950.835683,70811,2338.42880000,4603565.04631000,0
2026-03-08 02:00:00+00:00,1968.94,1969.98,1935.73,1942.34,30383.2688,2026-03-08 02:59:59.999000+00:00,59163565.19319,187536,9677.89330000,18854594.47295100,0
2026-03-08 03:00:00+00:00,1942.34,1951.74,1941.54,1947.67,10074.5213,2026-03-08 03:59:59.999000+00:00,19619617.345207,114687,5352.03160000,10425229.15341700,0
2026-03-08 04:00:00+00:00,1947.67,1953.37,1930.0,1938.4,34723.4901,2026-03-08 04:59:59.999000+00:00,67461965.010753,141114,9988.07960000,19405485.38765000,0
2026-03-08 05:00:00+00:00,1938.4,1952.54,1938.0,1949.0,5846.9549,2026-03-08 05:59:59.999000+00:00,11382360.995983,99079,3783.50310000,7364793.83132100,0
2026-03-08 06:00:00+00:00,1949.0,1952.33,1943.05,1948.05,5507.1103,2026-03-08 06:59:59.999000+00:00,10723429.891264,68569,3299.02940000,6423744.41099200,0
2026-03-08 07:00:00+00:00,1948.05,1960.41,1947.19,1955.23,7266.6162,2026-03-08 07:59:59.999000+00:00,14208612.298834,90879,4214.35730000,8240818.72402400,0
2026-03-08 08:00:00+00:00,1955.22,1960.59,1949.1,1959.73,5926.3635,2026-03-08 08:59:59.999000+00:00,11588272.575955,69329,3112.07030000,6087869.54088400,0
2026-03-08 09:00:00+00:00,1959.73,1970.1,1956.77,1963.54,10306.8601,2026-03-08 09:59:59.999000+00:00,20253063.589577,100355,6684.74930000,13135355.16342700,0
2026-03-08 10:00:00+00:00,1963.54,1979.8,1963.36,1974.18,41737.9695,2026-03-08 10:59:59.999000+00:00,82236001.494261,117720,34479.09860000,67916880.53554000,0
2026-03-08 11:00:00+00:00,1974.17,1974.32,1944.85,1951.38,12980.4562,2026-03-08 11:59:59.999000+00:00,25376892.00149,148469,5470.77160000,10693895.49171400,0
2026-03-08 12:00:00+00:00,1951.39,1954.67,1926.13,1946.29,43903.3569,2026-03-08 12:59:59.999000+00:00,85060920.665755,247562,12741.63620000,24698393.01240900,0
2026-03-08 13:00:00+00:00,1946.28,1948.18,1925.06,1944.29,24068.546,2026-03-08 13:59:59.999000+00:00,46619375.329195,361353,11356.98800000,22007015.76695800,0
2026-03-08 14:00:00+00:00,1944.29,1950.58,1937.66,1945.52,8687.2684,2026-03-08 14:59:59.999000+00:00,16895885.898039,230990,5187.99650000,10091855.22147000,0
2026-03-08 15:00:00+00:00,1945.52,1947.83,1937.5,1943.32,7003.0693,2026-03-08 15:59:59.999000+00:00,13604064.882119,177418,3564.64180000,6924291.15830400,0
2026-03-08 16:00:00+00:00,1943.32,1944.97,1934.34,1936.87,5289.182,2026-03-08 16:59:59.999000+00:00,10255596.023233,116289,2844.05360000,5514836.78433600,0
2026-03-08 17:00:00+00:00,1936.87,1946.65,1933.1,1935.77,5606.9174,2026-03-08 17:59:59.999000+00:00,10871456.222683,120520,2949.52970000,5720216.49294900,0
2026-03-08 18:00:00+00:00,1935.78,1937.04,1928.08,1930.27,12761.0118,2026-03-08 18:59:59.999000+00:00,24645292.200116,129692,3484.35620000,6732847.00580800,0
2026-03-08 19:00:00+00:00,1930.28,1970.58,1928.24,1964.91,24494.582,2026-03-08 19:59:59.999000+00:00,47914577.835671,264717,16611.26040000,32486275.64215800,0
2026-03-08 20:00:00+00:00,1964.91,1971.95,1953.81,1958.86,7830.7886,2026-03-08 20:59:59.999000+00:00,15354447.278541,153127,3727.25600000,7312060.84325500,0
2026-03-08 21:00:00+00:00,1958.87,1962.24,1944.53,1953.95,6632.1837,2026-03-08 21:59:59.999000+00:00,12945563.320104,135655,2881.75630000,5625506.63331700,0
2026-03-08 22:00:00+00:00,1953.94,1953.94,1916.14,1943.2,58211.1708,2026-03-08 22:59:59.999000+00:00,112263743.936847,585590,26855.76250000,51826588.03655100,0
2026-03-08 23:00:00+00:00,1943.2,1955.2,1935.58,1937.1,10128.9597,2026-03-08 23:59:59.999000+00:00,19705787.568683,246859,5702.45450000,11095999.37842400,0
2026-03-09 00:00:00+00:00,1937.11,1966.14,1929.65,1950.99,17896.3422,2026-03-09 00:59:59.999000+00:00,34881078.294729,335734,9796.91460000,19097603.19289100,0
2026-03-09 01:00:00+00:00,1950.99,1963.2,1942.72,1946.0,14979.5243,2026-03-09 01:59:59.999000+00:00,29255021.470061,311043,7595.97840000,14839205.41584000,0
2026-03-09 02:00:00+00:00,1946.0,1963.2,1938.33,1959.66,12927.8319,2026-03-09 02:59:59.999000+00:00,25239927.751607,271595,6926.67670000,13525571.06160200,0
2026-03-09 03:00:00+00:00,1959.66,2006.01,1959.08,1977.48,58780.551,2026-03-09 03:59:59.999000+00:00,116886177.993399,466999,29627.58290000,58876558.16018300,0
2026-03-09 04:00:00+00:00,1977.48,1989.56,1973.52,1977.31,10238.8798,2026-03-09 04:59:59.999000+00:00,20290266.912135,192084,5591.36340000,11082438.26649700,0
2026-03-09 05:00:00+00:00,1977.31,2014.26,1976.39,2010.6,43830.6334,2026-03-09 05:59:59.999000+00:00,87528502.516649,341734,18778.27950000,37500610.54268600,0
2026-03-09 06:00:00+00:00,2010.6,2012.7,1983.36,1985.0,15733.8756,2026-03-09 06:59:59.999000+00:00,31470101.702527,221933,6309.29520000,12623721.15823000,0
2026-03-09 07:00:00+00:00,1985.01,1985.91,1963.45,1983.9,13845.4139,2026-03-09 07:59:59.999000+00:00,27374132.77751,231735,7062.00590000,13965980.59883300,0
2026-03-09 08:00:00+00:00,1983.91,2000.0,1978.92,1996.81,15655.8201,2026-03-09 08:59:59.999000+00:00,31167690.524005,255312,8748.58710000,17419329.59484800,0
2026-03-09 09:00:00+00:00,1996.81,2022.0,1986.77,2004.48,22759.616,2026-03-09 09:59:59.999000+00:00,45676105.301073,267954,12440.95720000,24973550.03101100,0
2026-03-09 10:00:00+00:00,2004.49,2007.05,1992.56,1995.41,17147.8872,2026-03-09 10:59:59.999000+00:00,34314242.598054,209186,10466.08260000,20943747.36755000,0
2026-03-09 11:00:00+00:00,1995.41,1999.99,1980.93,1992.2,12567.4869,2026-03-09 11:59:59.999000+00:00,24996782.252526,174190,5106.56120000,10160985.08063400,0
2026-03-09 12:00:00+00:00,1992.2,2013.74,1992.2,2002.19,12668.2488,2026-03-09 12:59:59.999000+00:00,25370970.9505,182166,6293.02930000,12605888.01894900,0
2026-03-09 13:00:00+00:00,2002.19,2030.0,2001.13,2018.16,41754.9438,2026-03-09 13:59:59.999000+00:00,84193409.234593,513212,22920.28880000,46215961.59957400,0
2026-03-09 14:00:00+00:00,2018.15,2032.84,2007.82,2022.29,39674.1034,2026-03-09 14:59:59.999000+00:00,80200159.934957,482315,21059.99550000,42576569.37726200,0
2026-03-09 15:00:00+00:00,2022.27,2029.25,2013.97,2022.63,21397.2501,2026-03-09 15:59:59.999000+00:00,43278770.222489,236692,8901.14550000,17999935.39216900,0
2026-03-09 16:00:00+00:00,2022.64,2039.29,2018.93,2027.53,18205.4291,2026-03-09 16:59:59.999000+00:00,36919445.70736,231350,9751.33130000,19778002.51500000,0
2026-03-09 17:00:00+00:00,2027.54,2032.5,2005.76,2016.94,20457.1836,2026-03-09 17:59:59.999000+00:00,41303647.697055,237784,10139.21700000,20475383.85261900,0
2026-03-09 18:00:00+00:00,2016.94,2022.9,2006.15,2012.1,12319.782,2026-03-09 18:59:59.999000+00:00,24824605.465967,157772,5354.70970000,10794848.35420700,0
2026-03-09 19:00:00+00:00,2012.11,2053.52,2010.0,2033.91,30136.5564,2026-03-09 19:59:59.999000+00:00,61280318.683432,421316,15124.11580000,30768913.39231400,0
2026-03-09 20:00:00+00:00,2033.91,2037.3,2018.77,2025.89,9526.1172,2026-03-09 20:59:59.999000+00:00,19325766.882859,156992,4959.04080000,10064274.36520200,0
2026-03-09 21:00:00+00:00,2025.89,2035.39,2022.19,2028.35,6364.9871,2026-03-09 21:59:59.999000+00:00,12919323.437684,105059,3170.98700000,6437388.87037800,0
2026-03-09 22:00:00+00:00,2028.33,2031.32,1997.87,2002.53,56062.1881,2026-03-09 22:59:59.999000+00:00,112459052.797903,197552,32843.26250000,65849871.10023100,0
2026-03-09 23:00:00+00:00,2002.52,2007.67,1989.12,1992.98,25894.8364,2026-03-09 23:59:59.999000+00:00,51727851.173975,158872,13909.88210000,27777639.14425300,0
2026-03-10 00:00:00+00:00,1992.97,2022.5,1991.0,2015.37,30631.7801,2026-03-10 00:59:59.999000+00:00,61539730.161345,194259,22533.18770000,45264835.28875700,0
2026-03-10 01:00:00+00:00,2015.37,2024.99,2006.23,2019.21,11925.195,2026-03-10 01:59:59.999000+00:00,24036050.821492,172583,5054.05140000,10192895.05562000,0
2026-03-10 02:00:00+00:00,2019.2,2054.19,2014.01,2042.4,27247.3611,2026-03-10 02:59:59.999000+00:00,55573600.620445,314192,14664.05770000,29915882.28303800,0
2026-03-10 03:00:00+00:00,2042.4,2047.88,2022.63,2026.8,13229.4664,2026-03-10 03:59:59.999000+00:00,26951441.870521,194530,7190.90680000,14655047.21811300,0
2026-03-10 04:00:00+00:00,2026.8,2047.31,2026.36,2045.7,10644.7886,2026-03-10 04:59:59.999000+00:00,21676172.881012,141743,7471.35140000,15213190.04884400,0
2026-03-10 05:00:00+00:00,2045.69,2054.2,2039.75,2043.99,23562.7807,2026-03-10 05:59:59.999000+00:00,48181415.192554,156668,15247.12720000,31174432.52170600,0
2026-03-10 06:00:00+00:00,2044.0,2049.34,2036.25,2043.76,11948.6825,2026-03-10 06:59:59.999000+00:00,24412058.256183,136373,4342.85580000,8874393.73334800,0
2026-03-10 07:00:00+00:00,2043.77,2059.69,2040.09,2051.0,14222.0333,2026-03-10 07:59:59.999000+00:00,29164163.643316,167055,7862.08130000,16122893.80730500,0
2026-03-10 08:00:00+00:00,2051.0,2070.5,2051.0,2057.27,23588.6304,2026-03-10 08:59:59.999000+00:00,48637230.999854,269042,12971.16490000,26744680.03510600,0
2026-03-10 09:00:00+00:00,2057.27,2074.0,2055.72,2068.18,13752.4454,2026-03-10 09:59:59.999000+00:00,28413516.43802,179769,6637.91750000,13713134.10402600,0
2026-03-10 10:00:00+00:00,2068.17,2069.22,2055.56,2062.86,8922.8527,2026-03-10 10:59:59.999000+00:00,18399706.594236,134365,4064.23290000,8382238.33741200,0
2026-03-10 11:00:00+00:00,2062.86,2067.78,2051.16,2061.69,14186.1361,2026-03-10 11:59:59.999000+00:00,29243361.685339,127545,7254.27680000,14959547.21049600,0
2026-03-10 12:00:00+00:00,2061.7,2062.09,2047.36,2049.82,12900.4331,2026-03-10 12:59:59.999000+00:00,26489942.688165,128719,4537.20900000,9319959.47949200,0
2026-03-10 13:00:00+00:00,2049.82,2060.27,2024.04,2033.63,29276.7718,2026-03-10 13:59:59.999000+00:00,59744986.745515,313231,13785.25650000,28126439.88064500,0
2026-03-10 14:00:00+00:00,2033.63,2080.27,2008.65,2075.19,55294.6468,2026-03-10 14:59:59.999000+00:00,112684683.763495,516213,28317.69470000,57755000.43066000,0
2026-03-10 15:00:00+00:00,2075.19,2085.73,2059.23,2079.35,42497.3487,2026-03-10 15:59:59.999000+00:00,88038056.565229,438755,21586.04280000,44727096.44734200,0
2026-03-10 16:00:00+00:00,2079.34,2088.19,2069.45,2080.72,18680.3037,2026-03-10 16:59:59.999000+00:00,38862166.241417,252529,9351.69430000,19459075.26799500,0
2026-03-10 17:00:00+00:00,2080.71,2085.19,2058.33,2071.67,20761.3728,2026-03-10 17:59:59.999000+00:00,43032454.070103,262164,11133.50840000,23078296.89520200,0
2026-03-10 18:00:00+00:00,2071.67,2073.13,2035.74,2039.68,30444.7151,2026-03-10 18:59:59.999000+00:00,62357786.183754,443092,13462.42680000,27576348.61629300,0
2026-03-10 19:00:00+00:00,2039.68,2044.31,2027.16,2037.02,15745.2154,2026-03-10 19:59:59.999000+00:00,32059202.201977,260560,7754.33660000,15788735.26852700,0
2026-03-10 20:00:00+00:00,2037.02,2047.45,2035.45,2042.56,7714.4161,2026-03-10 20:59:59.999000+00:00,15749726.186784,99886,3992.50420000,8152758.34811900,0
2026-03-10 21:00:00+00:00,2042.56,2048.31,2018.0,2029.2,10882.7716,2026-03-10 21:59:59.999000+00:00,22101947.673266,116278,3139.76600000,6380875.93722700,0
2026-03-10 22:00:00+00:00,2029.2,2032.82,2021.14,2027.64,8497.767,2026-03-10 22:59:59.999000+00:00,17220537.457194,111183,4059.29010000,8225471.39573400,0
2026-03-10 23:00:00+00:00,2027.63,2037.3,2027.55,2036.51,6853.9595,2026-03-10 23:59:59.999000+00:00,13939318.084943,96264,3600.77650000,7323149.06994600,0
2026-03-11 00:00:00+00:00,2036.5,2041.71,2028.81,2037.68,10130.8412,2026-03-11 00:59:59.999000+00:00,20620232.462326,134537,4472.95390000,9105051.39012900,0
2026-03-11 01:00:00+00:00,2037.68,2041.0,2028.62,2036.1,7117.2212,2026-03-11 01:59:59.999000+00:00,14486987.955406,108471,2769.30290000,5636489.89854300,0
2026-03-11 02:00:00+00:00,2036.1,2039.05,2018.7,2026.71,11516.9943,2026-03-11 02:59:59.999000+00:00,23339122.642521,107574,4085.01350000,8280015.36341800,0
2026-03-11 03:00:00+00:00,2026.7,2029.35,2018.13,2021.17,7998.2934,2026-03-11 03:59:59.999000+00:00,16170599.863743,78378,2389.08330000,4830606.68110400,0
2026-03-11 04:00:00+00:00,2021.17,2041.39,2018.25,2039.08,8679.2646,2026-03-11 04:59:59.999000+00:00,17630105.442548,100566,4813.55740000,9784224.52259000,0
2026-03-11 05:00:00+00:00,2039.08,2041.49,2011.37,2014.63,10074.1241,2026-03-11 05:59:59.999000+00:00,20383354.891638,106735,3412.03170000,6904102.29525100,0
2026-03-11 06:00:00+00:00,2014.63,2026.0,2014.0,2024.3,8491.4641,2026-03-11 06:59:59.999000+00:00,17150107.439512,101505,3883.62370000,7843631.86175100,0
2026-03-11 07:00:00+00:00,2024.31,2025.7,2007.17,2012.54,8583.0701,2026-03-11 07:59:59.999000+00:00,17290477.767407,109460,2990.24340000,6025161.32222700,0
2026-03-11 08:00:00+00:00,2012.54,2025.72,2009.48,2023.76,14252.3433,2026-03-11 08:59:59.999000+00:00,28752360.316588,170105,6204.50890000,12517527.68770600,0
2026-03-11 09:00:00+00:00,2023.75,2027.4,2014.51,2017.87,6669.7704,2026-03-11 09:59:59.999000+00:00,13473883.001562,108667,2236.69290000,4519626.02326800,0
2026-03-11 10:00:00+00:00,2017.87,2031.3,2017.24,2028.68,6527.2329,2026-03-11 10:59:59.999000+00:00,13212512.934758,113245,3451.19190000,6987502.38389700,0
2026-03-11 11:00:00+00:00,2028.68,2033.96,2015.83,2017.8,8797.7518,2026-03-11 11:59:59.999000+00:00,17814093.28153,152125,3837.73240000,7772842.01136300,0
2026-03-11 12:00:00+00:00,2017.8,2035.5,2012.81,2023.09,16532.0046,2026-03-11 12:59:59.999000+00:00,33468693.169478,196261,6281.96450000,12716960.99343300,0
2026-03-11 13:00:00+00:00,2023.09,2082.66,2021.67,2050.72,48997.1427,2026-03-11 13:59:59.999000+00:00,100755454.611289,584619,26719.51660000,54918919.38247300,0
2026-03-11 14:00:00+00:00,2050.72,2077.59,2042.93,2062.68,42234.0784,2026-03-11 14:59:59.999000+00:00,86915322.689244,518249,24907.76020000,51237192.21750600,0
2026-03-11 15:00:00+00:00,2062.68,2065.45,2030.03,2049.73,24389.6368,2026-03-11 15:59:59.999000+00:00,49920464.049911,428071,11630.11090000,23802936.13838600,0
2026-03-11 16:00:00+00:00,2049.75,2072.43,2046.46,2067.01,18164.7212,2026-03-11 16:59:59.999000+00:00,37433594.989469,311904,11023.66280000,22718995.58895200,0
2026-03-11 17:00:00+00:00,2067.02,2085.58,2057.69,2068.15,26324.514,2026-03-11 17:59:59.999000+00:00,54585490.654437,391703,14780.56320000,30654051.49554400,0
2026-03-11 18:00:00+00:00,2068.15,2079.66,2064.18,2076.51,16458.5948,2026-03-11 18:59:59.999000+00:00,34092122.277603,235507,9716.42910000,20126968.49550300,0
2026-03-11 19:00:00+00:00,2076.5,2077.9,2068.58,2076.06,15265.9144,2026-03-11 19:59:59.999000+00:00,31662411.174774,184185,7502.04930000,15558123.92608800,0
2026-03-11 20:00:00+00:00,2076.05,2076.19,2065.09,2068.4,7066.8836,2026-03-11 20:59:59.999000+00:00,14624604.814979,96946,3029.46930000,6268990.51528600,0
2026-03-11 21:00:00+00:00,2068.41,2074.94,2063.46,2073.07,5855.3663,2026-03-11 21:59:59.999000+00:00,12114937.503871,90695,3185.97750000,6592543.23971000,0
2026-03-11 22:00:00+00:00,2073.08,2084.53,2058.98,2061.76,10814.3045,2026-03-11 22:59:59.999000+00:00,22386272.619569,166126,5372.63550000,11124357.16030900,0
2026-03-11 23:00:00+00:00,2061.76,2064.99,2045.2,2051.97,9119.7233,2026-03-11 23:59:59.999000+00:00,18749750.651854,134652,3750.65780000,7713667.30862800,0
2026-03-12 00:00:00+00:00,2051.97,2058.16,2047.97,2055.78,5298.1446,2026-03-12 00:59:59.999000+00:00,10876885.99644,120501,2812.72250000,5774156.16863000,0
2026-03-12 01:00:00+00:00,2055.78,2056.14,2042.95,2046.24,9032.4424,2026-03-12 01:59:59.999000+00:00,18494539.715615,148516,4351.37020000,8909784.18406900,0
2026-03-12 02:00:00+00:00,2046.23,2047.93,2021.87,2024.67,16962.6509,2026-03-12 02:59:59.999000+00:00,34501740.481379,177150,6321.02480000,12859076.55468900,0
2026-03-12 03:00:00+00:00,2024.66,2035.08,2017.59,2023.38,13070.2965,2026-03-12 03:59:59.999000+00:00,26481040.94763,121374,7000.40330000,14186667.36450800,0
2026-03-12 04:00:00+00:00,2023.39,2029.73,2021.27,2023.09,6284.3323,2026-03-12 04:59:59.999000+00:00,12729479.643008,93780,3314.40550000,6714024.53624500,0
2026-03-12 05:00:00+00:00,2023.08,2028.3,2019.33,2026.85,9624.648,2026-03-12 05:59:59.999000+00:00,19480716.928338,103540,4983.39360000,10088500.55737300,0
2026-03-12 06:00:00+00:00,2026.86,2031.8,2024.64,2030.38,6083.881,2026-03-12 06:59:59.999000+00:00,12341390.802994,89388,3046.56270000,6180138.43823000,0
2026-03-12 07:00:00+00:00,2030.38,2042.26,2025.66,2040.7,14231.7957,2026-03-12 07:59:59.999000+00:00,28988046.780854,96006,9071.09170000,18481877.70033900,0
2026-03-12 08:00:00+00:00,2040.69,2052.59,2038.42,2047.8,13262.4913,2026-03-12 08:59:59.999000+00:00,27123965.576476,133983,6086.54170000,12448406.11767900,0
2026-03-12 09:00:00+00:00,2047.79,2065.61,2038.49,2055.65,13504.8279,2026-03-12 09:59:59.999000+00:00,27696296.693379,154701,6599.89170000,13543000.97219800,0
2026-03-12 10:00:00+00:00,2055.66,2075.49,2052.5,2069.86,16520.1267,2026-03-12 10:59:59.999000+00:00,34120118.657334,175079,8958.18990000,18501547.78320700,0
2026-03-12 11:00:00+00:00,2069.87,2076.65,2058.21,2062.83,13187.2747,2026-03-12 11:59:59.999000+00:00,27278892.91419,153644,5633.40190000,11655230.57310000,0
2026-03-12 12:00:00+00:00,2062.83,2071.08,2057.81,2065.37,9232.6706,2026-03-12 12:59:59.999000+00:00,19050732.913908,148175,5323.29970000,10984243.53110300,0
2026-03-12 13:00:00+00:00,2065.37,2080.0,2051.44,2065.35,28335.1322,2026-03-12 13:59:59.999000+00:00,58529252.459015,407953,16300.46270000,33676993.67571800,0
2026-03-12 14:00:00+00:00,2065.35,2095.0,2037.79,2045.35,48417.0953,2026-03-12 14:59:59.999000+00:00,100049921.267348,615164,25197.45230000,52094068.43370400,0
2026-03-12 15:00:00+00:00,2045.34,2082.0,2039.05,2072.33,26030.9069,2026-03-12 15:59:59.999000+00:00,53755559.260961,449821,14578.55670000,30100084.63487800,0
2026-03-12 16:00:00+00:00,2072.33,2078.09,2056.33,2069.63,22858.0253,2026-03-12 16:59:59.999000+00:00,47269594.80415,361865,11535.46410000,23848566.33587300,0
2026-03-12 17:00:00+00:00,2069.62,2075.24,2055.32,2058.4,11673.4778,2026-03-12 17:59:59.999000+00:00,24102591.399082,223568,4628.58750000,9559152.02004400,0
2026-03-12 18:00:00+00:00,2058.41,2062.1,2046.78,2048.78,16647.0399,2026-03-12 18:59:59.999000+00:00,34168474.865958,205570,9617.84410000,19736025.31052200,0
2026-03-12 19:00:00+00:00,2048.77,2073.5,2045.42,2069.59,12389.2923,2026-03-12 19:59:59.999000+00:00,25533999.786464,192485,6477.05830000,13346200.31130800,0
2026-03-12 20:00:00+00:00,2069.6,2073.81,2060.35,2062.57,5651.4674,2026-03-12 20:59:59.999000+00:00,11678454.16832,89519,2109.65300000,4360394.96354000,0
2026-03-12 21:00:00+00:00,2062.58,2069.19,2057.28,2062.61,19369.7965,2026-03-12 21:59:59.999000+00:00,39939311.828637,115570,4987.42160000,10286633.96605300,0
2026-03-12 22:00:00+00:00,2062.62,2067.54,2054.99,2065.3,25410.584,2026-03-12 22:59:59.999000+00:00,52364867.060141,122098,12212.12020000,25154551.74276400,0
2026-03-12 23:00:00+00:00,2065.3,2093.45,2064.64,2073.52,37429.413,2026-03-12 23:59:59.999000+00:00,77902377.175057,258325,15547.91370000,32363502.16505000,0
2026-03-13 00:00:00+00:00,2073.51,2148.8,2070.12,2119.19,85178.5833,2026-03-13 00:59:59.999000+00:00,180781167.489023,634499,40597.00620000,86088993.41727600,0
2026-03-13 01:00:00+00:00,2119.19,2130.4,2111.72,2124.76,15741.654,2026-03-13 01:59:59.999000+00:00,33418596.214812,258154,8055.73230000,17105766.46140200,0
2026-03-13 02:00:00+00:00,2124.75,2127.12,2102.42,2105.81,13893.892,2026-03-13 02:59:59.999000+00:00,29372118.405077,186281,5631.94220000,11906919.48889900,0
2026-03-13 03:00:00+00:00,2105.81,2123.58,2102.2,2118.85,11965.2095,2026-03-13 03:59:59.999000+00:00,25250162.51648,133309,5766.37680000,12175198.38984500,0
2026-03-13 04:00:00+00:00,2118.86,2120.06,2109.63,2111.68,5461.6899,2026-03-13 04:59:59.999000+00:00,11547005.161862,89249,2411.52340000,5099127.65141000,0
2026-03-13 05:00:00+00:00,2111.67,2115.24,2103.54,2110.47,7222.6564,2026-03-13 05:59:59.999000+00:00,15238288.444637,102715,2961.33510000,6248465.90964900,0
2026-03-13 06:00:00+00:00,2110.47,2113.0,2090.0,2095.94,20205.6324,2026-03-13 06:59:59.999000+00:00,42368356.073934,156016,9693.34660000,20321828.63696400,0
2026-03-13 07:00:00+00:00,2095.95,2104.87,2092.75,2099.38,12306.283,2026-03-13 07:59:59.999000+00:00,25832609.811278,146455,6235.36480000,13090203.18588900,0
2026-03-13 08:00:00+00:00,2099.38,2117.0,2091.45,2100.05,17816.1641,2026-03-13 08:59:59.999000+00:00,37474101.604964,222975,9155.91470000,19263678.14985200,0
2026-03-13 09:00:00+00:00,2100.05,2116.93,2096.04,2113.55,17352.7715,2026-03-13 09:59:59.999000+00:00,36576584.963425,165713,10391.34670000,21910536.74026600,0
2026-03-13 10:00:00+00:00,2113.55,2133.3,2112.83,2126.87,20325.9546,2026-03-13 10:59:59.999000+00:00,43208291.167643,244699,10344.51920000,21989732.91651900,0
2026-03-13 11:00:00+00:00,2126.88,2130.0,2118.18,2121.02,11322.5835,2026-03-13 11:59:59.999000+00:00,24050368.942057,144506,4058.92220000,8621542.93745000,0
2026-03-13 12:00:00+00:00,2121.02,2153.17,2120.52,2146.63,32311.9748,2026-03-13 12:59:59.999000+00:00,69147005.080337,297209,19286.10680000,41278043.84627700,0
2026-03-13 13:00:00+00:00,2146.64,2200.0,2141.61,2185.52,79297.7431,2026-03-13 13:59:59.999000+00:00,172815913.848265,592371,43062.59630000,93787638.70035600,0
2026-03-13 14:00:00+00:00,2185.53,2209.03,2145.59,2151.14,69709.4065,2026-03-13 14:59:59.999000+00:00,151984018.638766,637820,35620.15440000,77735946.33363800,0
2026-03-13 15:00:00+00:00,2151.15,2165.93,2125.14,2128.01,53218.5441,2026-03-13 15:59:59.999000+00:00,114161591.073089,518487,27233.28930000,58389729.29070100,0
2026-03-13 16:00:00+00:00,2128.01,2143.33,2111.36,2133.91,29674.2412,2026-03-13 16:59:59.999000+00:00,63112032.073668,400552,15127.14100000,32170791.69157400,0
2026-03-13 17:00:00+00:00,2133.91,2141.29,2090.28,2102.75,26775.0726,2026-03-13 17:59:59.999000+00:00,56508741.015506,347126,10616.98000000,22414072.74524600,0
2026-03-13 18:00:00+00:00,2102.75,2108.87,2091.04,2100.93,17729.8676,2026-03-13 18:59:59.999000+00:00,37259535.564544,236541,8579.01010000,18029923.19529100,0
2026-03-13 19:00:00+00:00,2100.92,2106.3,2096.5,2102.48,10276.3128,2026-03-13 19:59:59.999000+00:00,21600401.770129,157150,5635.05770000,11845925.40412700,0
2026-03-13 20:00:00+00:00,2102.48,2114.0,2101.15,2111.37,5980.6806,2026-03-13 20:59:59.999000+00:00,12615426.95619,92719,3048.86380000,6431461.62862700,0
2026-03-13 21:00:00+00:00,2111.37,2116.66,2101.47,2103.07,6766.9247,2026-03-13 21:59:59.999000+00:00,14266016.651479,93586,3037.31370000,6403260.55578200,0
2026-03-13 22:00:00+00:00,2103.08,2104.72,2078.5,2088.97,24012.1641,2026-03-13 22:59:59.999000+00:00,50128053.511805,196499,11275.41700000,23533851.68244800,0
2026-03-13 23:00:00+00:00,2088.96,2093.9,2085.54,2092.22,5111.0336,2026-03-13 23:59:59.999000+00:00,10686793.514616,83858,2535.95480000,5301819.06304000,0
2026-03-14 00:00:00+00:00,2092.21,2095.21,2082.82,2085.32,10862.9162,2026-03-14 00:59:59.999000+00:00,22691011.551104,108917,6493.26120000,13564314.07294700,0
2026-03-14 01:00:00+00:00,2085.32,2095.46,2081.39,2092.55,8566.592,2026-03-14 01:59:59.999000+00:00,17899634.553354,88769,4472.41980000,9345721.87856800,0
2026-03-14 02:00:00+00:00,2092.55,2095.91,2089.19,2092.39,3951.9658,2026-03-14 02:59:59.999000+00:00,8270689.301104,64539,1799.88540000,3767584.34135000,0
2026-03-14 03:00:00+00:00,2092.39,2103.42,2092.38,2101.16,7940.3097,2026-03-14 03:59:59.999000+00:00,16669669.60614,83778,4881.15770000,10247712.45746500,0
2026-03-14 04:00:00+00:00,2101.15,2106.09,2087.87,2090.42,9319.7759,2026-03-14 04:59:59.999000+00:00,19565277.920771,95370,3705.99180000,7782272.23634300,0
2026-03-14 05:00:00+00:00,2090.43,2094.39,2085.71,2092.46,7074.9803,2026-03-14 05:59:59.999000+00:00,14792837.059949,69553,2932.39000000,6132036.33017900,0
2026-03-14 06:00:00+00:00,2092.46,2092.46,2068.28,2078.02,15662.8888,2026-03-14 06:59:59.999000+00:00,32585469.320392,137116,5621.64320000,11688957.32860200,0
2026-03-14 07:00:00+00:00,2078.02,2080.4,2075.65,2077.46,6134.1971,2026-03-14 07:59:59.999000+00:00,12748004.392185,63243,2377.82300000,4941714.51010300,0
2026-03-14 08:00:00+00:00,2077.46,2081.64,2072.71,2074.34,6236.0466,2026-03-14 08:59:59.999000+00:00,12953598.409929,64551,3007.30740000,6247405.31156600,0
2026-03-14 09:00:00+00:00,2074.35,2077.64,2063.73,2067.33,9384.4378,2026-03-14 09:59:59.999000+00:00,19426790.096751,77064,4320.47520000,8941771.81428900,0
2026-03-14 10:00:00+00:00,2067.33,2068.88,2061.6,2066.24,5875.7597,2026-03-14 10:59:59.999000+00:00,12135745.66801,70780,2309.56540000,4770633.59154000,0
2026-03-14 11:00:00+00:00,2066.24,2076.65,2065.85,2073.67,5365.3022,2026-03-14 11:59:59.999000+00:00,11117833.204865,58072,2824.50330000,5852859.48899300,0
2026-03-14 12:00:00+00:00,2073.67,2077.87,2069.99,2075.44,5477.3079,2026-03-14 12:59:59.999000+00:00,11362444.046715,57200,2537.32930000,5264271.49569300,0
2026-03-14 13:00:00+00:00,2075.44,2080.65,2073.0,2078.51,5090.1256,2026-03-14 13:59:59.999000+00:00,10572165.930404,54845,2898.80580000,6019815.79199700,0
2026-03-14 14:00:00+00:00,2078.5,2080.52,2069.8,2071.22,7563.1166,2026-03-14 14:59:59.999000+00:00,15693163.487968,69481,4177.17950000,8668806.10382600,0
2026-03-14 15:00:00+00:00,2071.23,2077.73,2070.0,2074.72,4297.1614,2026-03-14 15:59:59.999000+00:00,8914156.915077,59265,2399.70840000,4978087.44307000,0
2026-03-14 16:00:00+00:00,2074.72,2078.79,2069.19,2077.54,4257.8346,2026-03-14 16:59:59.999000+00:00,8831550.137727,52411,1946.99260000,4039130.01423500,0
2026-03-14 17:00:00+00:00,2077.54,2078.14,2073.5,2075.14,2302.5926,2026-03-14 17:59:59.999000+00:00,4781125.005279,36423,941.71140000,1955337.58308200,0
2026-03-14 18:00:00+00:00,2075.13,2078.14,2072.71,2076.91,1926.7755,2026-03-14 18:59:59.999000+00:00,3998165.836908,27026,941.09210000,1952549.02291200,0
2026-03-14 19:00:00+00:00,2076.91,2079.47,2074.77,2077.49,2284.875,2026-03-14 19:59:59.999000+00:00,4746048.053067,29667,1016.16980000,2110867.42491400,0
2026-03-14 20:00:00+00:00,2077.5,2087.27,2076.2,2086.01,4998.7446,2026-03-14 20:59:59.999000+00:00,10408394.592447,41552,3000.68150000,6248019.69642000,0
2026-03-14 21:00:00+00:00,2086.01,2088.92,2081.65,2086.68,3530.6553,2026-03-14 21:59:59.999000+00:00,7362925.705671,40545,1656.49400000,3454173.27339300,0
2026-03-14 22:00:00+00:00,2086.68,2088.3,2082.3,2084.45,3321.8129,2026-03-14 22:59:59.999000+00:00,6928385.969694,39971,1539.77700000,3211366.64426100,0
2026-03-14 23:00:00+00:00,2084.45,2099.69,2084.19,2096.16,11074.4081,2026-03-14 23:59:59.999000+00:00,23193497.074531,94320,5606.99620000,11744654.66903900,0
2026-03-15 00:00:00+00:00,2096.16,2096.77,2085.49,2088.0,5680.9896,2026-03-15 00:59:59.999000+00:00,11880460.305161,71383,2609.03390000,5456372.75361800,0
2026-03-15 01:00:00+00:00,2088.0,2091.18,2083.35,2088.32,3987.6479,2026-03-15 01:59:59.999000+00:00,8320886.849427,59736,2106.70450000,4395958.33398100,0
2026-03-15 02:00:00+00:00,2088.32,2107.91,2088.32,2101.99,13602.8655,2026-03-15 02:59:59.999000+00:00,28553008.2383,126781,8841.65460000,18558490.75932200,0
2026-03-15 03:00:00+00:00,2101.99,2105.05,2093.53,2096.15,5347.8134,2026-03-15 03:59:59.999000+00:00,11221326.482962,71571,2302.95490000,4831796.25587700,0
2026-03-15 04:00:00+00:00,2096.15,2104.34,2096.13,2104.34,3355.9252,2026-03-15 04:59:59.999000+00:00,7050098.454672,69292,1658.20340000,3483640.68766500,0
2026-03-15 05:00:00+00:00,2104.34,2115.95,2102.01,2107.91,9171.6989,2026-03-15 05:59:59.999000+00:00,19351911.478601,97378,5498.57350000,11602163.30053200,0
2026-03-15 06:00:00+00:00,2107.91,2111.28,2103.0,2107.76,3352.8652,2026-03-15 06:59:59.999000+00:00,7063890.71437,50432,1460.01930000,3075894.60630800,0
2026-03-15 07:00:00+00:00,2107.76,2113.49,2103.46,2105.64,6266.7978,2026-03-15 07:59:59.999000+00:00,13206839.75523,52848,2012.09400000,4242209.04576800,0
2026-03-15 08:00:00+00:00,2105.64,2113.0,2105.64,2112.93,4131.6464,2026-03-15 08:59:59.999000+00:00,8716858.15181,50052,2244.81290000,4735967.48071100,0
2026-03-15 09:00:00+00:00,2112.93,2123.44,2112.83,2117.2,10018.3924,2026-03-15 09:59:59.999000+00:00,21227963.620019,102803,6228.70670000,13199078.64868400,0
2026-03-15 10:00:00+00:00,2117.2,2121.49,2114.32,2119.14,3826.0329,2026-03-15 10:59:59.999000+00:00,8108028.416997,45932,2128.63200000,4511261.68108200,0
2026-03-15 11:00:00+00:00,2119.14,2121.27,2115.04,2119.63,3043.6351,2026-03-15 11:59:59.999000+00:00,6448482.685723,39261,1606.73850000,3404350.83723400,0
2026-03-15 12:00:00+00:00,2119.63,2119.83,2108.2,2109.59,4978.9406,2026-03-15 12:59:59.999000+00:00,10518693.633779,56806,1852.62950000,3914873.99791600,0
2026-03-15 13:00:00+00:00,2109.6,2112.76,2086.34,2097.4,27709.343,2026-03-15 13:59:59.999000+00:00,58047769.854229,190276,11619.13240000,24333454.67210200,0
2026-03-15 14:00:00+00:00,2097.39,2099.2,2086.6,2096.99,7654.676,2026-03-15 14:59:59.999000+00:00,16018506.173209,80173,4475.31300000,9366294.09515600,0
2026-03-15 15:00:00+00:00,2096.99,2097.15,2090.02,2093.79,5532.4587,2026-03-15 15:59:59.999000+00:00,11589251.968819,55333,2032.54600000,4256026.50004800,0
2026-03-15 16:00:00+00:00,2093.79,2098.86,2088.84,2091.56,4230.6156,2026-03-15 16:59:59.999000+00:00,8854635.441936,76164,1995.24180000,4176163.57934300,0
2026-03-15 17:00:00+00:00,2091.57,2117.86,2091.2,2110.77,12688.5845,2026-03-15 17:59:59.999000+00:00,26718147.033179,102655,9036.22960000,19022849.74282600,0
2026-03-15 18:00:00+00:00,2110.77,2113.53,2094.32,2099.14,7844.0554,2026-03-15 18:59:59.999000+00:00,16518030.694442,121824,2460.01410000,5179513.43299900,0
2026-03-15 19:00:00+00:00,2099.15,2114.35,2096.47,2113.49,6704.3386,2026-03-15 19:59:59.999000+00:00,14133736.185343,96673,2988.34790000,6297572.71411500,0
2026-03-15 20:00:00+00:00,2113.49,2139.0,2110.0,2129.05,14299.0754,2026-03-15 20:59:59.999000+00:00,30394173.548326,160252,8264.70900000,17558984.05685600,0
2026-03-15 21:00:00+00:00,2129.06,2144.76,2123.75,2139.07,10594.8838,2026-03-15 21:59:59.999000+00:00,22617488.314665,157160,5584.48010000,11923072.89873100,0
2026-03-15 22:00:00+00:00,2139.08,2192.49,2125.31,2184.35,52207.2025,2026-03-15 22:59:59.999000+00:00,112991925.871154,504014,29148.87320000,63073466.71829200,0
2026-03-15 23:00:00+00:00,2184.36,2202.87,2165.2,2178.3,54595.4533,2026-03-15 23:59:59.999000+00:00,119259127.428615,562931,27986.72980000,61161083.33484100,0
2026-03-16 00:00:00+00:00,2178.29,2187.33,2164.73,2171.23,18053.2391,2026-03-16 00:59:59.999000+00:00,39257476.300098,237954,10864.18130000,23623150.73345500,0
2026-03-16 01:00:00+00:00,2171.23,2190.48,2165.0,2185.89,12499.7225,2026-03-16 01:59:59.999000+00:00,27210788.323702,231475,7450.89050000,16218451.67825300,0
2026-03-16 02:00:00+00:00,2185.88,2189.43,2170.02,2180.49,12116.1894,2026-03-16 02:59:59.999000+00:00,26388508.295138,162974,5905.18740000,12864182.15495000,0
2026-03-16 03:00:00+00:00,2180.48,2253.48,2177.38,2235.67,91298.9481,2026-03-16 03:59:59.999000+00:00,203409427.913602,573857,46527.04690000,103565745.41746600,0
2026-03-16 04:00:00+00:00,2235.67,2278.0,2235.67,2263.3,74574.0343,2026-03-16 04:59:59.999000+00:00,168177279.108264,454358,40394.00960000,91113544.56963800,0
2026-03-16 05:00:00+00:00,2263.3,2288.63,2256.8,2280.47,50113.0247,2026-03-16 05:59:59.999000+00:00,113846737.547472,327083,26530.38050000,60281485.12687200,0
2026-03-16 06:00:00+00:00,2280.46,2281.31,2260.64,2261.7,26844.5155,2026-03-16 06:59:59.999000+00:00,60842348.492722,187180,12233.24980000,27723732.67558700,0
2026-03-16 07:00:00+00:00,2261.7,2269.0,2245.63,2248.95,35430.2232,2026-03-16 07:59:59.999000+00:00,79953990.498836,179985,16995.56490000,38338215.81585100,0
2026-03-16 08:00:00+00:00,2248.95,2258.83,2234.92,2243.54,27741.6638,2026-03-16 08:59:59.999000+00:00,62360459.718636,228863,12589.45730000,28313646.39253700,0
2026-03-16 09:00:00+00:00,2243.54,2265.37,2239.82,2260.51,16719.2804,2026-03-16 09:59:59.999000+00:00,37679511.249404,165970,10296.11670000,23204153.27194100,0
2026-03-16 10:00:00+00:00,2260.51,2279.0,2256.2,2278.3,28633.6751,2026-03-16 10:59:59.999000+00:00,64922313.776268,216145,16017.92070000,36336941.50456400,0
2026-03-16 11:00:00+00:00,2278.3,2280.0,2266.0,2269.94,16228.0755,2026-03-16 11:59:59.999000+00:00,36899983.894917,164562,9612.13800000,21861888.62546300,0
2026-03-16 12:00:00+00:00,2269.94,2303.64,2269.93,2279.28,51358.9156,2026-03-16 12:59:59.999000+00:00,117529835.173758,399510,28450.28020000,65108277.68317900,0
2026-03-16 13:00:00+00:00,2279.28,2308.54,2272.35,2288.79,44699.8576,2026-03-16 13:59:59.999000+00:00,102393421.498995,496236,24470.52010000,56050865.48994400,0
2026-03-16 14:00:00+00:00,2288.8,2304.81,2255.04,2288.0,50578.4164,2026-03-16 14:59:59.999000+00:00,115275842.870865,613362,26014.33780000,59346646.36645500,0
2026-03-16 15:00:00+00:00,2287.99,2299.35,2270.17,2273.88,31399.4323,2026-03-16 15:59:59.999000+00:00,71777740.075407,352327,15058.58730000,34424399.20465200,0
2026-03-16 16:00:00+00:00,2273.88,2300.22,2270.0,2297.03,21757.2974,2026-03-16 16:59:59.999000+00:00,49761380.307049,287912,12927.89720000,29569241.65385500,0
2026-03-16 17:00:00+00:00,2297.03,2323.0,2293.49,2314.74,35717.6299,2026-03-16 17:59:59.999000+00:00,82450591.538248,337331,20034.26040000,46245355.02938100,0
2026-03-16 18:00:00+00:00,2314.75,2346.16,2313.6,2321.46,45602.6551,2026-03-16 18:59:59.999000+00:00,106375648.599804,384208,24416.35090000,56953600.70192000,0
2026-03-16 19:00:00+00:00,2321.46,2348.06,2318.43,2330.92,24597.7302,2026-03-16 19:59:59.999000+00:00,57370216.178945,309592,11414.67090000,26625343.91310900,0
2026-03-16 20:00:00+00:00,2330.92,2347.53,2323.68,2345.31,13876.1783,2026-03-16 20:59:59.999000+00:00,32402781.621705,168642,7138.49610000,16675694.85534500,0
2026-03-16 21:00:00+00:00,2345.31,2376.34,2343.63,2361.05,47279.3304,2026-03-16 21:59:59.999000+00:00,111510824.923437,383168,24644.36850000,58122528.38381900,0
2026-03-16 22:00:00+00:00,2361.04,2386.02,2355.33,2357.83,37418.6029,2026-03-16 22:59:59.999000+00:00,88640720.451819,286791,18443.21490000,43706943.57282900,0
2026-03-16 23:00:00+00:00,2357.83,2361.47,2330.0,2352.97,31354.1379,2026-03-16 23:59:59.999000+00:00,73599326.121678,259826,17390.26810000,40829560.04849400,0
2026-03-17 00:00:00+00:00,2352.97,2376.66,2340.21,2357.62,56259.723,2026-03-17 00:59:59.999000+00:00,132657471.471448,512027,28593.77450000,67445440.74546500,0
2026-03-17 01:00:00+00:00,2357.62,2375.65,2346.72,2361.21,48190.3209,2026-03-17 01:59:59.999000+00:00,113893859.544177,401171,28934.47140000,68402873.62107600,0
2026-03-17 02:00:00+00:00,2361.2,2361.88,2344.79,2351.3,20865.153,2026-03-17 02:59:59.999000+00:00,49107409.393368,210296,9982.35600000,23490444.34292900,0
2026-03-17 03:00:00+00:00,2351.31,2355.99,2308.03,2320.0,33726.4226,2026-03-17 03:59:59.999000+00:00,78453559.147251,325624,14168.20050000,32962848.24511400,0
2026-03-17 04:00:00+00:00,2320.01,2330.0,2294.15,2311.5,42398.8148,2026-03-17 04:59:59.999000+00:00,97953868.957361,271414,21518.97100000,49693179.35391600,0
2026-03-17 05:00:00+00:00,2311.49,2318.43,2297.91,2307.37,14141.1701,2026-03-17 05:59:59.999000+00:00,32644433.454705,186552,5893.36130000,13605721.23574900,0
2026-03-17 06:00:00+00:00,2307.37,2325.13,2298.24,2315.34,14746.8686,2026-03-17 06:59:59.999000+00:00,34115936.703169,166205,7147.95730000,16542187.58940900,0
2026-03-17 07:00:00+00:00,2315.35,2337.86,2315.35,2327.7,15496.423,2026-03-17 07:59:59.999000+00:00,36098971.871889,139410,7578.35740000,17651988.10903400,0
2026-03-17 08:00:00+00:00,2327.71,2335.35,2316.05,2320.66,12844.343,2026-03-17 08:59:59.999000+00:00,29877079.031816,184078,5530.02850000,12867855.66013700,0
2026-03-17 09:00:00+00:00,2320.67,2329.34,2307.0,2315.79,18557.2102,2026-03-17 09:59:59.999000+00:00,43009936.893277,204197,7986.67740000,18516835.11441000,0
2026-03-17 10:00:00+00:00,2315.78,2317.09,2304.0,2312.94,13150.6623,2026-03-17 10:59:59.999000+00:00,30394791.101142,175424,5440.13420000,12573178.33204100,0
2026-03-17 11:00:00+00:00,2312.94,2332.92,2311.77,2326.82,15268.0948,2026-03-17 11:59:59.999000+00:00,35521620.761348,171046,9543.14080000,22199147.22405400,0
2026-03-17 12:00:00+00:00,2326.81,2335.0,2312.77,2315.42,14896.7218,2026-03-17 12:59:59.999000+00:00,34578098.190941,222811,6906.73180000,16042382.02778400,0
2026-03-17 13:00:00+00:00,2315.42,2346.48,2313.41,2328.65,26349.2284,2026-03-17 13:59:59.999000+00:00,61376972.961263,397754,12714.79050000,29618412.64285600,0
2026-03-17 14:00:00+00:00,2328.66,2348.94,2318.94,2343.45,29242.0135,2026-03-17 14:59:59.999000+00:00,68325077.466004,396670,14916.51890000,34863239.96870000,0
2026-03-17 15:00:00+00:00,2343.45,2357.73,2304.27,2315.98,34576.0959,2026-03-17 15:59:59.999000+00:00,80417245.231309,454883,16000.73780000,37241587.62904500,0
2026-03-17 16:00:00+00:00,2315.98,2336.96,2312.44,2326.84,17283.2355,2026-03-17 16:59:59.999000+00:00,40202228.286665,275213,8194.72670000,19062574.46221100,0
2026-03-17 17:00:00+00:00,2326.85,2342.64,2320.6,2340.04,12222.797,2026-03-17 17:59:59.999000+00:00,28511725.410053,186989,6198.82450000,14464467.47706600,0
2026-03-17 18:00:00+00:00,2340.04,2342.7,2328.11,2332.98,10802.8868,2026-03-17 18:59:59.999000+00:00,25247530.563515,163907,4583.87200000,10715370.99709300,0
2026-03-17 19:00:00+00:00,2332.98,2340.0,2317.0,2320.22,10125.5071,2026-03-17 19:59:59.999000+00:00,23574823.859462,156794,3951.51450000,9200213.70654100,0
2026-03-17 20:00:00+00:00,2320.22,2330.39,2317.68,2327.88,7920.3514,2026-03-17 20:59:59.999000+00:00,18405083.424662,91536,3551.90890000,8252394.07842600,0
2026-03-17 21:00:00+00:00,2327.88,2344.69,2327.88,2338.45,8452.162,2026-03-17 21:59:59.999000+00:00,19758235.394161,97369,3977.01730000,9298136.72456000,0
2026-03-17 22:00:00+00:00,2338.45,2342.11,2318.39,2329.54,8924.0082,2026-03-17 22:59:59.999000+00:00,20786415.597858,113436,3626.93190000,8449317.95994300,0
2026-03-17 23:00:00+00:00,2329.54,2333.11,2316.78,2317.39,7390.8877,2026-03-17 23:59:59.999000+00:00,17181632.951593,91830,3195.50140000,7429886.50459900,0
2026-03-18 00:00:00+00:00,2317.38,2325.66,2307.0,2324.24,11666.4174,2026-03-18 00:59:59.999000+00:00,27007534.18035,167747,6054.02510000,14015457.86501900,0
2026-03-18 01:00:00+00:00,2324.24,2335.33,2323.17,2325.02,7119.2733,2026-03-18 01:59:59.999000+00:00,16578902.185055,127518,3397.48300000,7912747.56683900,0
2026-03-18 02:00:00+00:00,2325.03,2341.3,2324.74,2331.49,8007.8454,2026-03-18 02:59:59.999000+00:00,18692437.821224,111447,3767.15160000,8795996.45369200,0
2026-03-18 03:00:00+00:00,2331.48,2350.0,2328.65,2340.61,12961.3324,2026-03-18 03:59:59.999000+00:00,30332283.863883,118368,7211.45420000,16882551.68370300,0
2026-03-18 04:00:00+00:00,2340.61,2342.0,2326.62,2327.51,6998.1637,2026-03-18 04:59:59.999000+00:00,16329567.647208,85206,2458.43870000,5734955.06593400,0
2026-03-18 05:00:00+00:00,2327.5,2330.97,2313.81,2318.42,11045.5592,2026-03-18 05:59:59.999000+00:00,25665610.780152,103666,3814.98750000,8864629.17745200,0
2026-03-18 06:00:00+00:00,2318.42,2331.14,2318.18,2322.73,7129.4966,2026-03-18 06:59:59.999000+00:00,16576864.344675,88813,4114.14580000,9566903.13423800,0
2026-03-18 07:00:00+00:00,2322.73,2323.22,2311.53,2317.74,7584.7659,2026-03-18 07:59:59.999000+00:00,17579171.427144,89111,3206.24460000,7429519.93820800,0
2026-03-18 08:00:00+00:00,2317.73,2325.5,2317.3,2322.59,4961.8445,2026-03-18 08:59:59.999000+00:00,11517987.940551,99466,2521.29720000,5852594.98007500,0
2026-03-18 09:00:00+00:00,2322.59,2333.62,2321.87,2329.27,7538.4614,2026-03-18 09:59:59.999000+00:00,17551109.185114,95398,3776.23930000,8791927.04209200,0
2026-03-18 10:00:00+00:00,2329.27,2331.99,2309.42,2312.83,14463.1891,2026-03-18 10:59:59.999000+00:00,33559770.264142,117763,5280.06370000,12247658.68443500,0
2026-03-18 11:00:00+00:00,2312.83,2319.16,2263.43,2269.34,43820.6483,2026-03-18 11:59:59.999000+00:00,100101087.171634,450193,19951.31110000,45542717.10244100,0
2026-03-18 12:00:00+00:00,2269.33,2270.5,2235.45,2237.49,41031.3103,2026-03-18 12:59:59.999000+00:00,92356148.761245,506776,18873.22760000,42475485.13571200,0
2026-03-18 13:00:00+00:00,2237.5,2244.9,2223.69,2235.68,31025.6691,2026-03-18 13:59:59.999000+00:00,69353175.878672,444813,15511.14830000,34675159.63358300,0
2026-03-18 14:00:00+00:00,2235.69,2237.21,2186.93,2190.27,51230.1483,2026-03-18 14:59:59.999000+00:00,113210072.28664,518354,22018.66750000,48684067.25034700,0
2026-03-18 15:00:00+00:00,2190.26,2196.23,2168.97,2187.66,47106.9921,2026-03-18 15:59:59.999000+00:00,102838717.64144,478398,22771.79160000,49731819.76495200,0
2026-03-18 16:00:00+00:00,2187.67,2190.93,2166.87,2181.0,25173.853,2026-03-18 16:59:59.999000+00:00,54833163.121148,301937,10717.81350000,23349991.74528000,0
2026-03-18 17:00:00+00:00,2181.0,2211.7,2176.99,2204.02,25927.7863,2026-03-18 17:59:59.999000+00:00,56969370.641575,282275,14864.03680000,32678034.50235200,0
2026-03-18 18:00:00+00:00,2204.02,2220.0,2176.0,2181.2,32888.1753,2026-03-18 18:59:59.999000+00:00,72398611.715146,504971,15190.91000000,33469761.69894600,0
2026-03-18 19:00:00+00:00,2181.2,2196.57,2178.81,2185.85,15080.6564,2026-03-18 19:59:59.999000+00:00,33011681.478364,238651,6481.91120000,14190978.55282800,0
2026-03-18 20:00:00+00:00,2185.85,2194.78,2153.21,2187.36,33883.3554,2026-03-18 20:59:59.999000+00:00,73618541.549447,315065,16934.72640000,36796345.92403800,0
2026-03-18 21:00:00+00:00,2187.36,2206.87,2185.66,2202.49,12999.5184,2026-03-18 21:59:59.999000+00:00,28565074.105911,172641,7243.14960000,15916073.55624800,0
2026-03-18 22:00:00+00:00,2202.5,2203.5,2187.58,2194.41,10013.8603,2026-03-18 22:59:59.999000+00:00,21957484.952032,119504,4204.79140000,9218874.41772800,0
2026-03-18 23:00:00+00:00,2194.41,2206.88,2188.77,2203.39,18382.5666,2026-03-18 23:59:59.999000+00:00,40418536.160502,146856,11999.57490000,26390627.12591600,0
2026-03-19 00:00:00+00:00,2203.39,2208.28,2190.86,2193.34,12225.727,2026-03-19 00:59:59.999000+00:00,26872202.686624,151129,5338.03250000,11734178.53827000,0
2026-03-19 01:00:00+00:00,2193.33,2201.98,2187.24,2196.92,10063.2321,2026-03-19 01:59:59.999000+00:00,22088848.258075,144110,4577.65800000,10052045.91855400,0
2026-03-19 02:00:00+00:00,2196.93,2205.0,2188.94,2196.68,6192.2136,2026-03-19 02:59:59.999000+00:00,13615164.564137,135735,3230.15800000,7100928.39977900,0
2026-03-19 03:00:00+00:00,2196.69,2233.72,2196.69,2212.29,24098.4539,2026-03-19 03:59:59.999000+00:00,53444495.738725,243635,12375.29630000,27448600.62261300,0
2026-03-19 04:00:00+00:00,2212.29,2213.11,2190.83,2193.61,9828.265,2026-03-19 04:59:59.999000+00:00,21617948.450778,184319,4507.57210000,9914895.26254300,0
2026-03-19 05:00:00+00:00,2193.62,2198.5,2186.67,2189.14,6929.8877,2026-03-19 05:59:59.999000+00:00,15184939.373945,130127,2719.34300000,5959608.16167000,0
2026-03-19 06:00:00+00:00,2189.14,2195.7,2177.79,2180.64,16389.5626,2026-03-19 06:59:59.999000+00:00,35813498.810606,200600,6553.83750000,14321761.39696500,0
2026-03-19 07:00:00+00:00,2180.65,2182.0,2143.14,2166.68,46063.5714,2026-03-19 07:59:59.999000+00:00,99617283.161702,437905,21839.49550000,47252149.40355600,0
2026-03-19 08:00:00+00:00,2166.68,2170.99,2158.09,2160.66,14135.1619,2026-03-19 08:59:59.999000+00:00,30585690.788773,219893,7247.32680000,15681806.35848700,0
2026-03-19 09:00:00+00:00,2160.65,2191.16,2159.99,2189.42,34822.2119,2026-03-19 09:59:59.999000+00:00,75849450.616267,300448,15705.36070000,34183446.18131600,0
2026-03-19 10:00:00+00:00,2189.43,2192.07,2172.48,2172.76,8226.4387,2026-03-19 10:59:59.999000+00:00,17948226.576977,142550,4058.82570000,8858330.69420200,0
2026-03-19 11:00:00+00:00,2172.76,2177.58,2165.83,2166.92,8602.233,2026-03-19 11:59:59.999000+00:00,18673290.140862,141578,4726.22680000,10260276.60554500,0
2026-03-19 12:00:00+00:00,2166.92,2167.48,2130.16,2132.45,24789.6612,2026-03-19 12:59:59.999000+00:00,53230849.086621,305522,9560.84480000,20541777.73748300,0
2026-03-19 13:00:00+00:00,2132.45,2143.16,2110.9,2137.49,61210.5376,2026-03-19 13:59:59.999000+00:00,130158128.683024,674517,26588.46100000,56564544.98739600,0
2026-03-19 14:00:00+00:00,2137.5,2147.26,2102.16,2121.68,44113.7835,2026-03-19 14:59:59.999000+00:00,93525438.980039,542195,18972.07280000,40231072.83179800,0
2026-03-19 15:00:00+00:00,2121.67,2136.79,2099.38,2118.81,35200.3392,2026-03-19 15:59:59.999000+00:00,74523158.710907,454618,15341.61220000,32502299.83266800,0
2026-03-19 16:00:00+00:00,2118.81,2121.95,2106.44,2115.09,34288.2759,2026-03-19 16:59:59.999000+00:00,72501361.564568,334238,21069.65370000,44558158.65459600,0
2026-03-19 17:00:00+00:00,2115.08,2131.7,2104.87,2126.96,15221.908,2026-03-19 17:59:59.999000+00:00,32258260.040578,255214,8194.82730000,17376242.32949800,0
2026-03-19 18:00:00+00:00,2126.97,2129.48,2114.31,2125.04,7902.9561,2026-03-19 18:59:59.999000+00:00,16761223.208199,151270,4212.17070000,8932942.56384100,0
2026-03-19 19:00:00+00:00,2125.04,2156.92,2125.04,2141.19,28980.1593,2026-03-19 19:59:59.999000+00:00,62148223.597762,440536,16579.27590000,35558680.54546900,0
2026-03-19 20:00:00+00:00,2141.18,2152.8,2139.39,2146.35,8053.483,2026-03-19 20:59:59.999000+00:00,17276776.035241,114812,4317.30260000,9262085.49721300,0
2026-03-19 21:00:00+00:00,2146.35,2155.62,2145.16,2149.95,9694.9183,2026-03-19 21:59:59.999000+00:00,20845099.924217,123068,5254.32740000,11297443.14807100,0
2026-03-19 22:00:00+00:00,2149.95,2152.36,2133.08,2140.08,12230.9541,2026-03-19 22:59:59.999000+00:00,26211149.396537,164719,6240.72450000,13375437.88719900,0
2026-03-19 23:00:00+00:00,2140.08,2147.48,2130.57,2137.81,11527.744,2026-03-19 23:59:59.999000+00:00,24656353.262557,149422,6272.77300000,13414550.58572900,0
2026-03-20 00:00:00+00:00,2137.82,2149.0,2134.72,2145.6,9477.5198,2026-03-20 00:59:59.999000+00:00,20319397.568936,162677,5959.13090000,12776806.63878600,0
2026-03-20 01:00:00+00:00,2145.61,2160.78,2145.1,2150.88,15224.7082,2026-03-20 01:59:59.999000+00:00,32800242.874426,178861,9826.35910000,21170975.81590800,0
2026-03-20 02:00:00+00:00,2150.89,2151.77,2132.69,2144.44,12247.0988,2026-03-20 02:59:59.999000+00:00,26234604.045238,148686,5491.40640000,11762799.12395200,0
2026-03-20 03:00:00+00:00,2144.45,2157.08,2143.61,2151.38,7545.4335,2026-03-20 03:59:59.999000+00:00,16228610.644036,130785,3873.48580000,8330597.45150600,0
2026-03-20 04:00:00+00:00,2151.38,2159.24,2139.18,2148.38,10683.1639,2026-03-20 04:59:59.999000+00:00,22961711.896338,133083,5008.57080000,10764613.43581500,0
2026-03-20 05:00:00+00:00,2148.39,2151.92,2137.73,2140.37,6696.9482,2026-03-20 05:59:59.999000+00:00,14366120.94892,119406,3537.88470000,7591299.61385700,0
2026-03-20 06:00:00+00:00,2140.38,2141.78,2132.06,2136.61,7941.355,2026-03-20 06:59:59.999000+00:00,16971552.188107,125919,4165.20810000,8901815.96366800,0
2026-03-20 07:00:00+00:00,2136.61,2153.4,2121.25,2150.54,17958.4824,2026-03-20 07:59:59.999000+00:00,38408926.583007,196060,10292.99730000,22020470.23002500,0
2026-03-20 08:00:00+00:00,2150.53,2176.84,2146.71,2164.2,21588.2621,2026-03-20 08:59:59.999000+00:00,46753537.670436,275056,13348.67020000,28912096.28720900,0
2026-03-20 09:00:00+00:00,2164.19,2164.19,2134.95,2141.21,16374.6285,2026-03-20 09:59:59.999000+00:00,35174852.876124,247143,8194.47230000,17603202.93198500,0
2026-03-20 10:00:00+00:00,2141.21,2151.27,2131.56,2148.38,10311.9047,2026-03-20 10:59:59.999000+00:00,22065624.061156,166239,5138.15910000,10996262.06739600,0
2026-03-20 11:00:00+00:00,2148.38,2158.69,2135.0,2141.5,13415.6096,2026-03-20 11:59:59.999000+00:00,28814256.519262,153707,5828.67240000,12519552.54702300,0
2026-03-20 12:00:00+00:00,2141.49,2152.74,2135.37,2141.13,8711.1423,2026-03-20 12:59:59.999000+00:00,18672080.925275,164203,4616.57850000,9895881.64648400,0
2026-03-20 13:00:00+00:00,2141.13,2152.64,2123.18,2127.39,18804.5296,2026-03-20 13:59:59.999000+00:00,40166021.421816,391938,9797.40070000,20933426.69511000,0
2026-03-20 14:00:00+00:00,2127.39,2147.74,2116.88,2129.3,25684.6291,2026-03-20 14:59:59.999000+00:00,54737106.391329,474949,14236.23280000,30348138.99564000,0
2026-03-20 15:00:00+00:00,2129.3,2138.78,2120.33,2134.01,15282.994,2026-03-20 15:59:59.999000+00:00,32549675.967652,289463,8291.30740000,17662841.58239100,0
2026-03-20 16:00:00+00:00,2134.0,2144.76,2130.58,2137.31,10515.1938,2026-03-20 16:59:59.999000+00:00,22479394.660875,202250,6242.50820000,13344964.98449500,0
2026-03-20 17:00:00+00:00,2137.32,2141.16,2119.72,2136.69,9903.9451,2026-03-20 17:59:59.999000+00:00,21101699.066039,185162,4666.13160000,9945707.61229600,0
2026-03-20 18:00:00+00:00,2136.7,2137.67,2117.41,2123.29,12289.6719,2026-03-20 18:59:59.999000+00:00,26127726.407723,179579,5922.02040000,12588814.30608300,0
2026-03-20 19:00:00+00:00,2123.29,2134.97,2117.5,2132.91,12300.9312,2026-03-20 19:59:59.999000+00:00,26147800.08814,187350,6484.42860000,13784510.42047600,0
2026-03-20 20:00:00+00:00,2132.91,2137.0,2123.96,2133.25,6221.3872,2026-03-20 20:59:59.999000+00:00,13259358.609596,101065,3621.91130000,7719682.50225800,0
2026-03-20 21:00:00+00:00,2133.25,2157.25,2130.83,2147.53,13961.4019,2026-03-20 21:59:59.999000+00:00,29966345.208741,151297,8247.65870000,17697229.75887800,0
2026-03-20 22:00:00+00:00,2147.53,2168.0,2147.53,2154.71,12246.0432,2026-03-20 22:59:59.999000+00:00,26444501.208887,140348,7036.83350000,15195673.48921400,0
2026-03-20 23:00:00+00:00,2154.7,2155.72,2143.16,2146.22,4769.1938,2026-03-20 23:59:59.999000+00:00,10244380.298595,90146,2372.11520000,5094822.49645500,0
2026-03-21 00:00:00+00:00,2146.21,2156.77,2144.24,2153.3,6542.3128,2026-03-21 00:59:59.999000+00:00,14069300.931876,89722,3725.81700000,8014207.36793600,0
2026-03-21 01:00:00+00:00,2153.3,2159.87,2147.35,2147.55,4294.0714,2026-03-21 01:59:59.999000+00:00,9245399.80402,68806,1919.63970000,4134362.67990500,0
2026-03-21 02:00:00+00:00,2147.54,2156.32,2146.35,2154.9,2628.7681,2026-03-21 02:59:59.999000+00:00,5653928.687479,54549,1202.54450000,2587036.61280400,0
2026-03-21 03:00:00+00:00,2154.89,2155.95,2150.99,2153.6,2251.5862,2026-03-21 03:59:59.999000+00:00,4847776.804594,36773,1076.73060000,2318271.56491700,0
2026-03-21 04:00:00+00:00,2153.59,2158.19,2150.36,2151.75,4075.4141,2026-03-21 04:59:59.999000+00:00,8780787.187969,49834,1914.20780000,4125386.29900100,0
2026-03-21 05:00:00+00:00,2151.76,2160.0,2151.75,2153.39,6665.2561,2026-03-21 05:59:59.999000+00:00,14365517.435413,43320,4004.23660000,8630877.28657000,0
2026-03-21 06:00:00+00:00,2153.39,2156.49,2152.28,2155.8,2211.7065,2026-03-21 06:59:59.999000+00:00,4764788.46327,35015,1327.82430000,2860544.54354100,0
2026-03-21 07:00:00+00:00,2155.81,2161.34,2153.72,2155.67,3541.8064,2026-03-21 07:59:59.999000+00:00,7641145.734588,40199,1786.63390000,3854969.89919800,0
2026-03-21 08:00:00+00:00,2155.67,2157.22,2149.57,2154.0,3571.4994,2026-03-21 08:59:59.999000+00:00,7690415.233102,44264,1432.74340000,3085481.30003400,0
2026-03-21 09:00:00+00:00,2153.99,2159.0,2153.8,2158.77,4558.6368,2026-03-21 09:59:59.999000+00:00,9832425.57797,45048,2641.04540000,5695981.33350500,0
2026-03-21 10:00:00+00:00,2158.77,2159.52,2153.05,2154.34,2279.3326,2026-03-21 10:59:59.999000+00:00,4913925.781277,32441,1186.83110000,2558558.87898700,0
2026-03-21 11:00:00+00:00,2154.34,2157.91,2153.0,2157.37,1630.6651,2026-03-21 11:59:59.999000+00:00,3515004.044844,23594,794.16620000,1711821.84099000,0
2026-03-21 12:00:00+00:00,2157.37,2160.62,2156.76,2157.98,2567.7216,2026-03-21 12:59:59.999000+00:00,5543179.480488,30728,1626.37280000,3511262.95807300,0
2026-03-21 13:00:00+00:00,2157.98,2159.79,2155.0,2155.86,1853.6867,2026-03-21 13:59:59.999000+00:00,3997749.988166,33070,916.73210000,1976864.78314800,0
2026-03-21 14:00:00+00:00,2155.86,2168.27,2150.61,2152.13,8218.2346,2026-03-21 14:59:59.999000+00:00,17757152.847583,86746,4237.96270000,9159309.44278800,0
2026-03-21 15:00:00+00:00,2152.13,2157.58,2146.45,2155.12,7311.5105,2026-03-21 15:59:59.999000+00:00,15734641.111903,74579,3646.97140000,7849698.70409400,0
2026-03-21 16:00:00+00:00,2155.13,2155.58,2144.67,2146.65,5011.8088,2026-03-21 16:59:59.999000+00:00,10777364.373973,63678,1776.45700000,3819597.95012900,0
2026-03-21 17:00:00+00:00,2146.64,2150.61,2142.01,2148.56,3222.349,2026-03-21 17:59:59.999000+00:00,6918175.825545,41327,1748.06290000,3753893.50013300,0
2026-03-21 18:00:00+00:00,2148.56,2155.64,2147.79,2151.46,2747.2698,2026-03-21 18:59:59.999000+00:00,5911230.593365,34112,1585.20240000,3410742.09742900,0
2026-03-21 19:00:00+00:00,2151.47,2153.03,2149.06,2152.16,2984.2132,2026-03-21 19:59:59.999000+00:00,6421850.052992,25331,2119.59390000,4561916.58529000,0
2026-03-21 20:00:00+00:00,2152.17,2156.59,2150.41,2155.67,2702.1336,2026-03-21 20:59:59.999000+00:00,5821324.793413,31882,1520.17770000,3274994.50065700,0
2026-03-21 21:00:00+00:00,2155.67,2157.0,2152.21,2153.7,2883.6209,2026-03-21 21:59:59.999000+00:00,6211755.621987,28995,1328.59280000,2861714.11600500,0
2026-03-21 22:00:00+00:00,2153.69,2153.69,2149.36,2149.94,2656.0382,2026-03-21 22:59:59.999000+00:00,5714162.508533,33102,1150.18090000,2474575.59212300,0
2026-03-21 23:00:00+00:00,2149.93,2149.93,2070.78,2084.87,46149.8222,2026-03-21 23:59:59.999000+00:00,97015607.832553,328348,18580.85410000,38992564.39762800,0
2026-03-22 00:00:00+00:00,2084.86,2095.43,2050.12,2087.67,60906.6793,2026-03-22 00:59:59.999000+00:00,126344070.674487,542526,28143.33870000,58403715.41190200,0
2026-03-22 01:00:00+00:00,2087.68,2094.49,2082.0,2091.36,19598.971,2026-03-22 01:59:59.999000+00:00,40932605.776496,175757,9445.02490000,19726488.82884000,0
2026-03-22 02:00:00+00:00,2091.37,2109.36,2088.0,2102.29,14239.972,2026-03-22 02:59:59.999000+00:00,29898698.105437,159589,8351.33710000,17537152.34432600,0
2026-03-22 03:00:00+00:00,2102.29,2127.21,2098.09,2113.83,14776.026,2026-03-22 03:59:59.999000+00:00,31240481.294341,169473,7941.83800000,16794234.11011400,0
2026-03-22 04:00:00+00:00,2113.83,2122.94,2106.36,2119.39,12384.6709,2026-03-22 04:59:59.999000+00:00,26209033.547705,137844,7071.53660000,14967631.35326100,0
2026-03-22 05:00:00+00:00,2119.39,2120.94,2112.71,2113.0,6294.291,2026-03-22 05:59:59.999000+00:00,13324502.807801,75445,3211.00470000,6797926.26585000,0
2026-03-22 06:00:00+00:00,2113.01,2113.34,2106.99,2108.76,5445.3323,2026-03-22 06:59:59.999000+00:00,11489700.895461,71034,2512.79830000,5301772.01854600,0
2026-03-22 07:00:00+00:00,2108.76,2112.05,2092.35,2093.38,8519.3386,2026-03-22 07:59:59.999000+00:00,17908960.061192,90101,3444.75120000,7245744.75012800,0
2026-03-22 08:00:00+00:00,2093.4,2095.89,2074.36,2086.5,19423.7011,2026-03-22 08:59:59.999000+00:00,40487864.067435,206914,8500.66410000,17716227.75596300,0
2026-03-22 09:00:00+00:00,2086.5,2096.82,2079.9,2085.09,8961.7476,2026-03-22 09:59:59.999000+00:00,18699513.529554,128416,4481.40780000,9352950.97042600,0
2026-03-22 10:00:00+00:00,2085.1,2086.95,2077.33,2081.45,4126.7486,2026-03-22 10:59:59.999000+00:00,8589836.479561,76378,2010.41890000,4184708.27674600,0
2026-03-22 11:00:00+00:00,2081.44,2083.8,2066.97,2069.98,10550.3382,2026-03-22 11:59:59.999000+00:00,21891660.241272,138921,4955.07830000,10282938.40079400,0
2026-03-22 12:00:00+00:00,2069.97,2088.44,2068.37,2082.44,9735.6395,2026-03-22 12:59:59.999000+00:00,20240792.956242,132363,5389.54090000,11206767.19643400,0
2026-03-22 13:00:00+00:00,2082.44,2092.63,2072.77,2078.71,10405.0132,2026-03-22 13:59:59.999000+00:00,21680023.181939,126414,5877.34610000,12249555.52406100,0
2026-03-22 14:00:00+00:00,2078.71,2085.19,2071.67,2078.14,8042.3438,2026-03-22 14:59:59.999000+00:00,16724857.750047,87697,4225.73280000,8788049.94600000,0
2026-03-22 15:00:00+00:00,2078.14,2084.58,2075.67,2083.1,6131.2916,2026-03-22 15:59:59.999000+00:00,12754542.595408,76233,3740.37100000,7780921.23551800,0
2026-03-22 16:00:00+00:00,2083.1,2084.45,2077.88,2082.09,4105.4424,2026-03-22 16:59:59.999000+00:00,8544645.765342,61714,2392.03970000,4978835.68020900,0
2026-03-22 17:00:00+00:00,2082.1,2084.35,2077.41,2079.61,4053.7866,2026-03-22 17:59:59.999000+00:00,8436032.125735,53702,2374.65740000,4941725.07734600,0
2026-03-22 18:00:00+00:00,2079.6,2080.41,2057.0,2072.27,10621.5786,2026-03-22 18:59:59.999000+00:00,21971973.738489,111987,4348.45190000,8994763.76568900,0
2026-03-22 19:00:00+00:00,2072.26,2072.7,2054.35,2063.21,9191.561,2026-03-22 19:59:59.999000+00:00,18956322.628633,116776,3908.97780000,8062051.64813900,0
2026-03-22 20:00:00+00:00,2063.22,2072.25,2056.35,2058.58,7564.978,2026-03-22 20:59:59.999000+00:00,15611132.315792,95006,3672.52810000,7579635.71959100,0
2026-03-22 21:00:00+00:00,2058.58,2060.51,2026.0,2045.96,28928.4862,2026-03-22 21:59:59.999000+00:00,59025315.628274,303139,14519.15260000,29620874.21482700,0
2026-03-22 22:00:00+00:00,2045.96,2065.65,2032.57,2062.67,18597.5679,2026-03-22 22:59:59.999000+00:00,38138587.377892,281482,9039.32310000,18545889.60544400,0
2026-03-22 23:00:00+00:00,2062.68,2074.16,2051.27,2053.89,10465.0518,2026-03-22 23:59:59.999000+00:00,21583623.114259,158946,4788.38560000,9881324.62552400,0
2026-03-23 00:00:00+00:00,2053.9,2063.08,2035.69,2043.31,16767.3544,2026-03-23 00:59:59.999000+00:00,34358211.671021,261581,7439.72670000,15248609.52552400,0
2026-03-23 01:00:00+00:00,2043.31,2062.38,2039.46,2047.69,10349.8409,2026-03-23 01:59:59.999000+00:00,21249646.966739,191463,5662.26470000,11626251.72357100,0
2026-03-23 02:00:00+00:00,2047.7,2070.24,2046.72,2063.42,13332.4456,2026-03-23 02:59:59.999000+00:00,27441745.096063,176012,8133.66060000,16741993.85152900,0
2026-03-23 03:00:00+00:00,2063.42,2072.33,2051.67,2052.54,5643.8482,2026-03-23 03:59:59.999000+00:00,11628768.406645,119641,2805.05100000,5781464.61935500,0
2026-03-23 04:00:00+00:00,2052.53,2066.21,2050.64,2065.47,5965.3924,2026-03-23 04:59:59.999000+00:00,12274317.812459,95712,3247.73550000,6684000.71405500,0
2026-03-23 05:00:00+00:00,2065.47,2072.11,2060.71,2069.27,10766.366,2026-03-23 05:59:59.999000+00:00,22248344.683413,136055,5579.80300000,11532594.01913000,0
2026-03-23 06:00:00+00:00,2069.26,2069.26,2028.47,2037.3,19415.6757,2026-03-23 06:59:59.999000+00:00,39681674.309806,229139,8426.64690000,17221888.57104100,0
2026-03-23 07:00:00+00:00,2037.31,2050.0,2023.04,2044.72,21368.5951,2026-03-23 07:59:59.999000+00:00,43546328.218233,245679,12077.71680000,24619158.12605800,0
2026-03-23 08:00:00+00:00,2044.73,2059.16,2044.2,2048.02,12995.6197,2026-03-23 08:59:59.999000+00:00,26674974.227395,208409,6555.32170000,13456023.70972800,0
2026-03-23 09:00:00+00:00,2048.01,2049.13,2028.2,2043.63,9832.2152,2026-03-23 09:59:59.999000+00:00,20043842.027249,182947,4800.04570000,9787533.23064900,0
2026-03-23 10:00:00+00:00,2043.64,2054.04,2040.39,2049.04,7896.0738,2026-03-23 10:59:59.999000+00:00,16157383.878114,150332,4291.64530000,8781329.61306400,0
2026-03-23 11:00:00+00:00,2049.04,2198.57,2049.04,2134.78,161423.301,2026-03-23 11:59:59.999000+00:00,347603241.960259,1297261,81532.96020000,175455013.04990700,0
2026-03-23 12:00:00+00:00,2134.78,2147.85,2107.43,2144.27,57914.7074,2026-03-23 12:59:59.999000+00:00,123209643.325954,678054,26538.27570000,56481499.38587100,0
2026-03-23 13:00:00+00:00,2144.27,2189.0,2140.11,2185.64,55730.5571,2026-03-23 13:59:59.999000+00:00,120518496.79013,657822,33367.61120000,72187264.87283100,0
2026-03-23 14:00:00+00:00,2185.65,2192.44,2169.28,2181.16,41862.2559,2026-03-23 14:59:59.999000+00:00,91317771.489224,514187,19825.25990000,43252894.37097600,0
2026-03-23 15:00:00+00:00,2181.16,2188.09,2124.75,2128.45,43736.4088,2026-03-23 15:59:59.999000+00:00,94316119.752147,478144,19689.66900000,42447150.84739500,0
2026-03-23 16:00:00+00:00,2128.46,2142.72,2117.77,2135.88,35608.735,2026-03-23 16:59:59.999000+00:00,75847924.112306,486911,16947.63410000,36105158.36774600,0
2026-03-23 17:00:00+00:00,2135.88,2158.54,2124.57,2152.71,21257.7461,2026-03-23 17:59:59.999000+00:00,45580334.798711,325766,11482.20990000,24634010.50269000,0
2026-03-23 18:00:00+00:00,2152.71,2171.76,2145.71,2168.72,17410.1043,2026-03-23 18:59:59.999000+00:00,37575437.716692,269056,10042.08000000,21684287.66378800,0
2026-03-23 19:00:00+00:00,2168.72,2178.74,2150.48,2154.46,18734.4909,2026-03-23 19:59:59.999000+00:00,40559044.682161,215565,9121.04600000,19756576.60021900,0
2026-03-23 20:00:00+00:00,2154.45,2166.81,2150.71,2161.49,6247.911,2026-03-23 20:59:59.999000+00:00,13493741.371439,93983,3131.39060000,6763744.12999300,0
2026-03-23 21:00:00+00:00,2161.49,2163.8,2154.57,2157.7,5220.5419,2026-03-23 21:59:59.999000+00:00,11272715.426785,67154,2502.10970000,5402323.93664000,0
2026-03-23 22:00:00+00:00,2157.7,2159.61,2143.94,2152.81,7290.3082,2026-03-23 22:59:59.999000+00:00,15676582.131232,139014,3214.90450000,6913516.22229300,0
2026-03-23 23:00:00+00:00,2152.8,2155.21,2140.71,2152.03,7737.9423,2026-03-23 23:59:59.999000+00:00,16623512.162322,129781,3825.21770000,8217746.04668800,0
2026-03-24 00:00:00+00:00,2152.03,2156.22,2130.1,2143.22,12914.7135,2026-03-24 00:59:59.999000+00:00,27678718.973583,209141,6154.97470000,13192635.55316900,0
2026-03-24 01:00:00+00:00,2143.22,2149.78,2124.26,2137.56,11048.7345,2026-03-24 01:59:59.999000+00:00,23611925.501414,211390,5040.90720000,10775405.67434400,0
2026-03-24 02:00:00+00:00,2137.57,2145.92,2132.64,2135.86,9521.6474,2026-03-24 02:59:59.999000+00:00,20360511.099416,156145,4105.70060000,8781113.56247100,0
2026-03-24 03:00:00+00:00,2135.87,2143.3,2130.7,2141.59,9582.5512,2026-03-24 03:59:59.999000+00:00,20477161.817723,117478,4284.98580000,9157488.79598200,0
2026-03-24 04:00:00+00:00,2141.59,2152.03,2131.83,2136.33,7953.9518,2026-03-24 04:59:59.999000+00:00,17032069.979796,130053,3742.25020000,8014388.77669700,0
2026-03-24 05:00:00+00:00,2136.32,2138.49,2128.84,2133.64,8181.0069,2026-03-24 05:59:59.999000+00:00,17446660.330792,134061,3840.66080000,8190993.64398700,0
2026-03-24 06:00:00+00:00,2133.64,2146.35,2132.0,2145.3,7279.1789,2026-03-24 06:59:59.999000+00:00,15580462.24691,114701,4211.06710000,9013853.31287700,0
2026-03-24 07:00:00+00:00,2145.3,2170.65,2144.13,2165.61,22660.9203,2026-03-24 07:59:59.999000+00:00,48927060.911782,233264,10955.79850000,23655057.55463800,0
2026-03-24 08:00:00+00:00,2165.61,2167.37,2152.17,2155.06,11529.4386,2026-03-24 08:59:59.999000+00:00,24899198.173682,149578,5649.71220000,12202787.61660600,0
2026-03-24 09:00:00+00:00,2155.07,2167.9,2147.36,2164.97,8784.8573,2026-03-24 09:59:59.999000+00:00,18951926.041639,113542,4132.81560000,8918022.24545400,0
2026-03-24 10:00:00+00:00,2164.97,2164.98,2155.27,2161.25,6223.981,2026-03-24 10:59:59.999000+00:00,13442972.366576,97089,2949.87980000,6370554.66412800,0
2026-03-24 11:00:00+00:00,2161.25,2175.16,2152.13,2165.9,13602.4726,2026-03-24 11:59:59.999000+00:00,29437835.998252,190858,6973.44410000,15095636.78735300,0
2026-03-24 12:00:00+00:00,2165.89,2170.52,2158.89,2162.44,7154.9327,2026-03-24 12:59:59.999000+00:00,15482990.934962,153539,3463.36550000,7495711.21416500,0
2026-03-24 13:00:00+00:00,2162.43,2165.53,2130.46,2138.38,24657.5804,2026-03-24 13:59:59.999000+00:00,52902735.813505,418666,11296.29140000,24236195.05112400,0
2026-03-24 14:00:00+00:00,2138.37,2148.31,2120.0,2133.98,32739.9775,2026-03-24 14:59:59.999000+00:00,69866763.555662,486384,15514.76820000,33116937.99541400,0
2026-03-24 15:00:00+00:00,2133.98,2147.74,2131.5,2135.15,15780.5169,2026-03-24 15:59:59.999000+00:00,33745136.912883,259917,7301.20400000,15612436.31415700,0
2026-03-24 16:00:00+00:00,2135.15,2140.57,2120.9,2127.2,14879.4807,2026-03-24 16:59:59.999000+00:00,31714924.70283,212491,6947.25590000,14808116.14935800,0
2026-03-24 17:00:00+00:00,2127.2,2128.7,2103.02,2109.17,26735.3285,2026-03-24 17:59:59.999000+00:00,56488913.886123,295861,11586.55670000,24478781.63243300,0
2026-03-24 18:00:00+00:00,2109.18,2127.9,2105.07,2118.92,11372.5355,2026-03-24 18:59:59.999000+00:00,24060386.909851,189488,6292.66050000,13317967.93710800,0
2026-03-24 19:00:00+00:00,2118.92,2127.84,2114.37,2116.87,6567.4339,2026-03-24 19:59:59.999000+00:00,13927143.247794,120171,2916.00410000,6184363.65242700,0
2026-03-24 20:00:00+00:00,2116.86,2154.5,2115.63,2148.48,21481.8724,2026-03-24 20:59:59.999000+00:00,46033011.599657,291922,12090.91320000,25907000.45720300,0
2026-03-24 21:00:00+00:00,2148.48,2151.8,2140.46,2148.88,7038.7354,2026-03-24 21:59:59.999000+00:00,15106490.430175,101403,3236.25870000,6946196.35187800,0
2026-03-24 22:00:00+00:00,2148.89,2155.82,2140.67,2145.61,9245.4086,2026-03-24 22:59:59.999000+00:00,19863194.441701,129643,4215.46630000,9057826.17783600,0
2026-03-24 23:00:00+00:00,2145.6,2163.7,2143.0,2156.23,9766.2163,2026-03-24 23:59:59.999000+00:00,21067450.933682,116308,5401.22640000,11649955.92194200,0
2026-03-25 00:00:00+00:00,2156.22,2168.63,2146.35,2161.77,13790.3182,2026-03-25 00:59:59.999000+00:00,29779351.687927,148319,7520.41510000,16246217.72948800,0
2026-03-25 01:00:00+00:00,2161.76,2167.37,2156.94,2156.94,9043.8783,2026-03-25 01:59:59.999000+00:00,19549902.258178,120116,4906.92440000,10607138.05304500,0
2026-03-25 02:00:00+00:00,2156.95,2161.5,2153.58,2155.5,6096.798,2026-03-25 02:59:59.999000+00:00,13148582.634071,97114,3688.90740000,7955876.93206800,0
2026-03-25 03:00:00+00:00,2155.51,2160.53,2147.0,2158.54,6297.5654,2026-03-25 03:59:59.999000+00:00,13566313.104195,80368,2942.55050000,6341456.88830500,0
2026-03-25 04:00:00+00:00,2158.53,2167.75,2156.83,2166.32,5251.7081,2026-03-25 04:59:59.999000+00:00,11355015.474265,72643,2763.38430000,5975020.99753300,0
2026-03-25 05:00:00+00:00,2166.31,2179.73,2164.46,2169.03,15481.4201,2026-03-25 05:59:59.999000+00:00,33635312.961258,122219,7108.51790000,15446393.90352600,0
2026-03-25 06:00:00+00:00,2169.03,2173.19,2163.43,2163.81,9234.8675,2026-03-25 06:59:59.999000+00:00,20032996.537768,84945,4074.97370000,8842203.80252200,0
2026-03-25 07:00:00+00:00,2163.82,2177.49,2159.81,2164.57,8969.4241,2026-03-25 07:59:59.999000+00:00,19443694.047666,86711,4358.19750000,9449691.07392400,0
2026-03-25 08:00:00+00:00,2164.57,2191.93,2164.57,2176.64,20328.6038,2026-03-25 08:59:59.999000+00:00,44324409.595928,169863,11897.39820000,25950805.63579700,0
2026-03-25 09:00:00+00:00,2176.64,2188.9,2175.16,2186.64,8039.8234,2026-03-25 09:59:59.999000+00:00,17537504.860407,115353,4397.15460000,9593122.00482500,0
2026-03-25 10:00:00+00:00,2186.64,2189.04,2181.24,2185.27,7397.7632,2026-03-25 10:59:59.999000+00:00,16165397.021723,101581,3546.47990000,7750301.62912700,0
2026-03-25 11:00:00+00:00,2185.26,2199.02,2179.48,2186.41,21000.8278,2026-03-25 11:59:59.999000+00:00,46023145.438769,175503,11514.76450000,25240630.75360000,0
2026-03-25 12:00:00+00:00,2186.41,2195.09,2165.02,2183.31,25113.0694,2026-03-25 12:59:59.999000+00:00,54684311.636247,291443,11574.49630000,25210773.64921600,0
2026-03-25 13:00:00+00:00,2183.31,2198.16,2179.71,2184.37,17244.4583,2026-03-25 13:59:59.999000+00:00,37737039.726456,287900,8733.48250000,19116768.71038200,0
2026-03-25 14:00:00+00:00,2184.38,2188.02,2173.19,2174.14,14284.2214,2026-03-25 14:59:59.999000+00:00,31139223.763227,269503,6272.16060000,13673652.48969700,0
2026-03-25 15:00:00+00:00,2174.14,2176.9,2147.67,2162.56,19968.0967,2026-03-25 15:59:59.999000+00:00,43158697.860911,295680,8670.78490000,18746203.32721500,0
2026-03-25 16:00:00+00:00,2162.56,2186.85,2155.93,2173.83,21914.3342,2026-03-25 16:59:59.999000+00:00,47585345.515562,257810,12353.67740000,26823900.11108200,0
2026-03-25 17:00:00+00:00,2173.83,2176.24,2160.66,2164.1,8858.8443,2026-03-25 17:59:59.999000+00:00,19198357.55167,167456,4029.57140000,8732528.00565500,0
2026-03-25 18:00:00+00:00,2164.1,2173.35,2157.85,2162.38,7378.6972,2026-03-25 18:59:59.999000+00:00,15983586.093107,123717,3852.62470000,8346025.39669800,0
2026-03-25 19:00:00+00:00,2162.37,2176.38,2159.48,2172.69,7961.6315,2026-03-25 19:59:59.999000+00:00,17269147.635904,135325,4877.54270000,10579441.26272400,0
2026-03-25 20:00:00+00:00,2172.68,2173.03,2159.42,2166.49,3973.5562,2026-03-25 20:59:59.999000+00:00,8602865.921098,55545,1557.99040000,3373353.16568800,0
2026-03-25 21:00:00+00:00,2166.49,2169.53,2161.79,2164.04,3328.5822,2026-03-25 21:59:59.999000+00:00,7206596.734093,46270,1535.51170000,3324892.29058100,0
2026-03-25 22:00:00+00:00,2164.05,2183.5,2161.87,2174.53,8143.8898,2026-03-25 22:59:59.999000+00:00,17698235.881373,109592,4681.66400000,10177467.59801100,0
2026-03-25 23:00:00+00:00,2174.54,2177.14,2164.74,2169.02,6539.1464,2026-03-25 23:59:59.999000+00:00,14193647.225943,77145,2144.31010000,4655211.07556300,0
2026-03-26 00:00:00+00:00,2169.02,2172.19,2162.53,2166.69,7373.5614,2026-03-26 00:59:59.999000+00:00,15982752.764017,96790,2982.69440000,6465050.04107800,0
2026-03-26 01:00:00+00:00,2166.69,2169.27,2160.0,2164.84,5711.0159,2026-03-26 01:59:59.999000+00:00,12362768.573958,83304,2749.93760000,5952729.36177400,0
2026-03-26 02:00:00+00:00,2164.83,2165.79,2144.05,2149.97,9295.5409,2026-03-26 02:59:59.999000+00:00,20009977.98023,116343,3892.68570000,8376912.23281700,0
2026-03-26 03:00:00+00:00,2149.96,2155.56,2144.65,2153.21,7146.5402,2026-03-26 03:59:59.999000+00:00,15364968.919466,88195,3221.69930000,6926420.34479800,0
2026-03-26 04:00:00+00:00,2153.22,2154.58,2147.9,2149.71,3871.0484,2026-03-26 04:59:59.999000+00:00,8328120.252538,55413,1648.72580000,3546633.28206600,0
2026-03-26 05:00:00+00:00,2149.71,2150.9,2113.63,2119.55,22710.7501,2026-03-26 05:59:59.999000+00:00,48388205.781619,189097,8506.59760000,18125342.45350900,0
2026-03-26 06:00:00+00:00,2119.54,2125.01,2112.17,2121.86,9522.1412,2026-03-26 06:59:59.999000+00:00,20186668.766256,135637,4518.89660000,9580971.83132800,0
2026-03-26 07:00:00+00:00,2121.86,2124.78,2112.87,2123.64,13110.8309,2026-03-26 07:59:59.999000+00:00,27795783.190892,131405,6319.50490000,13401250.76642200,0
2026-03-26 08:00:00+00:00,2123.64,2126.89,2114.22,2119.64,9646.7853,2026-03-26 08:59:59.999000+00:00,20442899.3468,116081,5023.40490000,10645597.43045100,0
2026-03-26 09:00:00+00:00,2119.65,2121.87,2074.96,2082.64,35575.4026,2026-03-26 09:59:59.999000+00:00,74348134.372627,286828,17843.37260000,37266720.33561700,0
2026-03-26 10:00:00+00:00,2082.63,2083.89,2072.73,2078.65,13682.0773,2026-03-26 10:59:59.999000+00:00,28439595.4685,152983,7421.34170000,15426833.72613700,0
2026-03-26 11:00:00+00:00,2078.65,2081.41,2062.94,2068.44,17572.4382,2026-03-26 11:59:59.999000+00:00,36382961.385316,164363,8462.05560000,17518380.15290600,0
2026-03-26 12:00:00+00:00,2068.45,2075.66,2066.12,2073.6,14899.6263,2026-03-26 12:59:59.999000+00:00,30857492.794128,124637,9181.37570000,19014672.50167300,0
2026-03-26 13:00:00+00:00,2073.6,2093.79,2069.46,2081.22,22740.718,2026-03-26 13:59:59.999000+00:00,47339528.624178,310819,12500.49940000,26025160.37128200,0
2026-03-26 14:00:00+00:00,2081.22,2085.84,2067.25,2076.27,15174.3947,2026-03-26 14:59:59.999000+00:00,31521877.5598,272776,7697.78120000,15991335.69160500,0
2026-03-26 15:00:00+00:00,2076.28,2076.72,2052.01,2070.4,21444.2828,2026-03-26 15:59:59.999000+00:00,44285914.069147,295470,10661.06410000,22018769.30634000,0
2026-03-26 16:00:00+00:00,2070.4,2070.95,2059.94,2060.9,11049.5835,2026-03-26 16:59:59.999000+00:00,22826732.230797,153161,5079.12680000,10493172.00233800,0
2026-03-26 17:00:00+00:00,2060.9,2070.51,2045.17,2049.41,26059.4246,2026-03-26 17:59:59.999000+00:00,53574879.226078,183850,15050.82430000,30939072.43941600,0
2026-03-26 18:00:00+00:00,2049.41,2055.83,2034.54,2047.17,18682.7943,2026-03-26 18:59:59.999000+00:00,38186086.87509,244703,10304.14170000,21064566.77427300,0
2026-03-26 19:00:00+00:00,2047.18,2054.0,2039.59,2049.12,9753.3951,2026-03-26 19:59:59.999000+00:00,19966343.148391,133108,6199.53570000,12692812.07547300,0
2026-03-26 20:00:00+00:00,2049.11,2080.42,2046.54,2064.89,22015.3882,2026-03-26 20:59:59.999000+00:00,45584827.715779,244070,12491.15130000,25863472.85766100,0
2026-03-26 21:00:00+00:00,2064.89,2077.84,2060.29,2068.37,8042.055,2026-03-26 21:59:59.999000+00:00,16642423.035631,83088,3858.59780000,7985387.71784900,0
2026-03-26 22:00:00+00:00,2068.38,2072.91,2054.88,2065.88,7356.9624,2026-03-26 22:59:59.999000+00:00,15185724.339305,132744,3560.13180000,7348991.85902500,0
2026-03-26 23:00:00+00:00,2065.89,2069.6,2056.35,2060.43,5573.8665,2026-03-26 23:59:59.999000+00:00,11492094.550391,95882,2413.06690000,4976500.59754100,0
2026-03-27 00:00:00+00:00,2060.43,2067.66,2056.8,2065.03,5963.0913,2026-03-27 00:59:59.999000+00:00,12298603.456147,128987,3533.16440000,7287104.54402500,0
2026-03-27 01:00:00+00:00,2065.03,2074.59,2063.33,2074.2,6464.4824,2026-03-27 01:59:59.999000+00:00,13378843.021479,93256,3443.89860000,7128273.94241500,0
2026-03-27 02:00:00+00:00,2074.2,2077.19,2067.45,2068.28,4095.9082,2026-03-27 02:59:59.999000+00:00,8490715.211562,72155,1874.94280000,3886765.82639000,0
2026-03-27 03:00:00+00:00,2068.28,2069.2,2059.33,2061.48,6219.8423,2026-03-27 03:59:59.999000+00:00,12830032.618948,71710,2402.60430000,4955914.58941800,0
2026-03-27 04:00:00+00:00,2061.49,2062.01,2043.49,2053.12,11778.6836,2026-03-27 04:59:59.999000+00:00,24146776.41073,117793,5011.36190000,10270475.74401600,0
2026-03-27 05:00:00+00:00,2053.11,2066.31,2052.28,2061.2,5500.9736,2026-03-27 05:59:59.999000+00:00,11331054.374576,99151,3036.11450000,6254129.92639800,0
2026-03-27 06:00:00+00:00,2061.2,2068.07,2058.5,2062.71,8150.6366,2026-03-27 06:59:59.999000+00:00,16821882.818186,85789,4210.26810000,8690139.73350900,0
2026-03-27 07:00:00+00:00,2062.71,2072.36,2059.99,2066.23,26687.905,2026-03-27 07:59:59.999000+00:00,55190627.071272,134448,18490.48270000,38234776.35787100,0
2026-03-27 08:00:00+00:00,2066.24,2069.6,2034.33,2047.93,27583.5801,2026-03-27 08:59:59.999000+00:00,56614283.281759,228211,16980.96570000,34884761.14728100,0
2026-03-27 09:00:00+00:00,2047.91,2051.68,2036.48,2041.08,9816.3689,2026-03-27 09:59:59.999000+00:00,20072444.96019,128819,5051.71220000,10332757.99611200,0
2026-03-27 10:00:00+00:00,2041.08,2044.52,1986.3,1991.67,50935.0055,2026-03-27 10:59:59.999000+00:00,102297100.99609,382663,23295.05120000,46767725.22649200,0
2026-03-27 11:00:00+00:00,1991.67,1998.44,1983.02,1991.8,30939.9204,2026-03-27 11:59:59.999000+00:00,61674846.545668,252083,11489.64670000,22903616.88207800,0
2026-03-27 12:00:00+00:00,1991.8,1994.85,1982.19,1989.44,20580.1889,2026-03-27 12:59:59.999000+00:00,40959097.823424,163583,8307.03220000,16528899.90932900,0
2026-03-27 13:00:00+00:00,1989.45,1997.42,1971.0,1979.22,27609.0871,2026-03-27 13:59:59.999000+00:00,54797259.401083,323369,12355.04030000,24531906.63211300,0
2026-03-27 14:00:00+00:00,1979.22,1989.54,1970.93,1989.39,26084.8695,2026-03-27 14:59:59.999000+00:00,51657873.269691,301017,13801.99340000,27347552.17329900,0
2026-03-27 15:00:00+00:00,1989.39,2010.45,1983.42,1991.32,34599.2282,2026-03-27 15:59:59.999000+00:00,69056412.062704,296377,19971.83670000,39862813.10295400,0
2026-03-27 16:00:00+00:00,1991.32,1992.27,1980.25,1986.5,15765.1869,2026-03-27 16:59:59.999000+00:00,31309193.136266,218855,8577.33990000,17035925.06144700,0
2026-03-27 17:00:00+00:00,1986.5,1997.6,1974.9,1977.27,13776.895,2026-03-27 17:59:59.999000+00:00,27340877.72548,182003,6906.40400000,13708033.36708400,0
2026-03-27 18:00:00+00:00,1977.28,1986.29,1974.48,1984.43,11147.8167,2026-03-27 18:59:59.999000+00:00,22086061.626242,163157,6158.88890000,12203800.99407200,0
2026-03-27 19:00:00+00:00,1984.43,1997.73,1978.94,1991.71,29660.8329,2026-03-27 19:59:59.999000+00:00,58997101.735945,177989,21359.04200000,42475367.39687800,0
2026-03-27 20:00:00+00:00,1991.7,1996.31,1980.0,1986.04,9603.2605,2026-03-27 20:59:59.999000+00:00,19091957.90524,103827,4183.18430000,8313526.24935500,0
2026-03-27 21:00:00+00:00,1986.05,1991.08,1984.36,1985.73,3983.907,2026-03-27 21:59:59.999000+00:00,7919080.653004,65718,1872.43170000,3722207.19350200,0
2026-03-27 22:00:00+00:00,1985.74,1987.23,1981.95,1985.52,2720.8642,2026-03-27 22:59:59.999000+00:00,5400531.165024,56343,1295.98410000,2572223.93956200,0
2026-03-27 23:00:00+00:00,1985.51,1993.85,1980.54,1992.75,5204.99,2026-03-27 23:59:59.999000+00:00,10345971.73643,61934,2441.88920000,4855861.05587100,0
2026-03-28 00:00:00+00:00,1992.76,1995.16,1989.68,1992.59,4009.8013,2026-03-28 00:59:59.999000+00:00,7989950.976937,57596,2265.18580000,4513690.68990200,0
2026-03-28 01:00:00+00:00,1992.6,1992.7,1984.93,1990.43,7775.3214,2026-03-28 01:59:59.999000+00:00,15451591.783365,69447,5373.56990000,10676638.95009300,0
2026-03-28 02:00:00+00:00,1990.43,1993.69,1983.17,1987.32,3538.7191,2026-03-28 02:59:59.999000+00:00,7034005.686633,50813,1743.93170000,3466479.12003600,0
2026-03-28 03:00:00+00:00,1987.32,1991.25,1987.13,1989.19,2671.978,2026-03-28 03:59:59.999000+00:00,5315676.489507,33638,1908.75440000,3797484.10818300,0
2026-03-28 04:00:00+00:00,1989.19,1992.51,1987.3,1990.8,2365.1314,2026-03-28 04:59:59.999000+00:00,4707081.875194,30543,1462.34700000,2910461.23122200,0
2026-03-28 05:00:00+00:00,1990.8,1994.9,1988.32,1994.23,3194.6928,2026-03-28 05:59:59.999000+00:00,6363987.237909,35690,2037.58010000,4058684.31987300,0
2026-03-28 06:00:00+00:00,1994.22,2007.0,1993.39,2000.95,8339.4358,2026-03-28 06:59:59.999000+00:00,16690404.434033,63220,5719.62930000,11445942.94310600,0
2026-03-28 07:00:00+00:00,2000.95,2008.35,2000.68,2007.07,4419.207,2026-03-28 07:59:59.999000+00:00,8859918.964408,41812,2571.70210000,5155914.29289500,0
2026-03-28 08:00:00+00:00,2007.07,2008.34,1998.26,1999.24,4158.2227,2026-03-28 08:59:59.999000+00:00,8332723.934901,43216,1753.40310000,3514066.27687300,0
2026-03-28 09:00:00+00:00,1999.24,1999.76,1995.6,1999.52,5307.5426,2026-03-28 09:59:59.999000+00:00,10603092.936588,40504,2491.96110000,4978454.37025800,0
2026-03-28 10:00:00+00:00,1999.51,2004.57,1992.77,1996.69,5539.4669,2026-03-28 10:59:59.999000+00:00,11066438.265995,49172,2877.22130000,5749162.46991300,0
2026-03-28 11:00:00+00:00,1996.69,2000.56,1995.86,1997.64,3232.3907,2026-03-28 11:59:59.999000+00:00,6456943.446218,31397,2227.44610000,4449520.19419800,0
2026-03-28 12:00:00+00:00,1997.64,2004.5,1992.25,1999.67,6475.126,2026-03-28 12:59:59.999000+00:00,12942952.952314,58865,2860.46010000,5720425.55760100,0
2026-03-28 13:00:00+00:00,1999.67,2047.45,1999.3,2026.4,30427.1641,2026-03-28 13:59:59.999000+00:00,61547286.99674,208145,18696.13590000,37803683.13131500,0
2026-03-28 14:00:00+00:00,2026.39,2028.99,2016.14,2020.84,13682.392,2026-03-28 14:59:59.999000+00:00,27677918.275211,142281,7877.57300000,15940093.32225200,0
2026-03-28 15:00:00+00:00,2020.83,2040.26,2018.4,2026.84,14625.4102,2026-03-28 15:59:59.999000+00:00,29685420.115201,144681,7693.82460000,15616775.73050200,0
2026-03-28 16:00:00+00:00,2026.84,2030.23,2021.68,2024.78,4889.927,2026-03-28 16:59:59.999000+00:00,9908893.32197,75271,2860.67260000,5797104.60065200,0
2026-03-28 17:00:00+00:00,2024.79,2027.15,2016.5,2020.84,4857.7136,2026-03-28 17:59:59.999000+00:00,9819152.802173,63776,2329.12820000,4708612.26161900,0
2026-03-28 18:00:00+00:00,2020.84,2024.66,2020.37,2021.8,1630.6404,2026-03-28 18:59:59.999000+00:00,3298168.754206,31807,934.82120000,1890856.54043000,0
2026-03-28 19:00:00+00:00,2021.79,2022.81,2017.01,2020.56,1332.2694,2026-03-28 19:59:59.999000+00:00,2691093.436881,25857,679.36320000,1372456.83452100,0
2026-03-28 20:00:00+00:00,2020.57,2026.48,2020.56,2024.59,2446.6779,2026-03-28 20:59:59.999000+00:00,4952907.155831,33613,1655.06480000,3350423.78311800,0
2026-03-28 21:00:00+00:00,2024.6,2025.56,2006.69,2009.61,5915.671,2026-03-28 21:59:59.999000+00:00,11919329.670812,64253,2053.78640000,4136061.39168200,0
2026-03-28 22:00:00+00:00,2009.61,2013.14,2005.38,2011.89,4426.194,2026-03-28 22:59:59.999000+00:00,8896807.385053,62100,2114.11670000,4250611.24587600,0
2026-03-28 23:00:00+00:00,2011.88,2011.88,1989.64,1994.74,9570.7102,2026-03-28 23:59:59.999000+00:00,19116305.249249,112113,4191.24040000,8369544.11829000,0
2026-03-29 00:00:00+00:00,1994.74,2000.0,1991.52,1999.16,4042.0247,2026-03-29 00:59:59.999000+00:00,8067244.647703,72829,2072.64840000,4137353.28984300,0
2026-03-29 01:00:00+00:00,1999.16,2007.61,1997.78,2005.08,4379.1952,2026-03-29 01:59:59.999000+00:00,8772234.945083,72245,2479.34370000,4966766.07612600,0
2026-03-29 02:00:00+00:00,2005.09,2010.55,2002.55,2008.93,3658.554,2026-03-29 02:59:59.999000+00:00,7339348.661178,58437,1760.77750000,3533041.40732400,0
2026-03-29 03:00:00+00:00,2008.93,2019.65,2007.04,2011.1,4533.4869,2026-03-29 03:59:59.999000+00:00,9129048.993317,66117,2649.99870000,5336028.21152400,0
2026-03-29 04:00:00+00:00,2011.1,2012.72,2004.23,2005.85,2975.6975,2026-03-29 04:59:59.999000+00:00,5973679.736785,48362,1185.99010000,2381223.94297400,0
2026-03-29 05:00:00+00:00,2005.84,2007.27,1997.67,2005.31,3321.9747,2026-03-29 05:59:59.999000+00:00,6651935.072025,63442,1549.10610000,3102667.86486300,0
2026-03-29 06:00:00+00:00,2005.31,2008.33,2000.02,2004.98,2453.5988,2026-03-29 06:59:59.999000+00:00,4916450.707478,52368,1428.07430000,2861273.10367300,0
2026-03-29 07:00:00+00:00,2004.98,2009.91,2000.04,2006.14,4077.1887,2026-03-29 07:59:59.999000+00:00,8171457.73175,47940,2291.04850000,4591738.76683400,0
2026-03-29 08:00:00+00:00,2006.14,2007.5,2002.66,2004.26,2585.1682,2026-03-29 08:59:59.999000+00:00,5183136.512016,39620,1057.73190000,2120613.24056900,0
2026-03-29 09:00:00+00:00,2004.26,2005.42,1994.5,1999.21,5200.9549,2026-03-29 09:59:59.999000+00:00,10401221.492218,54510,2581.53110000,5162654.55047200,0
2026-03-29 10:00:00+00:00,1999.2,1999.2,1991.9,1995.89,3429.4306,2026-03-29 10:59:59.999000+00:00,6843158.426112,53130,1788.27350000,3568532.85233300,0
2026-03-29 11:00:00+00:00,1995.9,2008.16,1995.22,2003.78,3852.2694,2026-03-29 11:59:59.999000+00:00,7717551.326159,70122,2342.65040000,4692538.25623200,0
2026-03-29 12:00:00+00:00,2003.78,2004.9,1997.82,2001.68,2722.399,2026-03-29 12:59:59.999000+00:00,5449095.733651,44417,1106.97350000,2215738.54163200,0
2026-03-29 13:00:00+00:00,2001.68,2002.14,1983.56,1987.09,9261.1,2026-03-29 13:59:59.999000+00:00,18427475.92384,101896,3889.59320000,7740287.97188900,0
2026-03-29 14:00:00+00:00,1987.09,2002.35,1983.99,1994.17,6745.9691,2026-03-29 14:59:59.999000+00:00,13447550.33271,86285,3693.58320000,7364333.14676500,0
2026-03-29 15:00:00+00:00,1994.17,1998.98,1986.32,1992.97,6503.2005,2026-03-29 15:59:59.999000+00:00,12963372.017719,90484,3803.95970000,7584218.03866200,0
2026-03-29 16:00:00+00:00,1992.98,2003.61,1992.03,1997.82,6490.8616,2026-03-29 16:59:59.999000+00:00,12973156.378519,91016,3555.44580000,7105476.50600900,0
2026-03-29 17:00:00+00:00,1997.82,2000.21,1987.6,1995.1,4682.23,2026-03-29 17:59:59.999000+00:00,9331882.23363,73693,2351.66040000,4686337.89551300,0
2026-03-29 18:00:00+00:00,1995.11,2002.0,1991.58,1997.33,3514.9668,2026-03-29 18:59:59.999000+00:00,7017483.905918,45477,1836.75790000,3667163.69928800,0
2026-03-29 19:00:00+00:00,1997.33,2000.11,1994.36,1995.89,2275.9774,2026-03-29 19:59:59.999000+00:00,4544719.778595,33081,1360.97010000,2717413.75809900,0
2026-03-29 20:00:00+00:00,1995.89,2009.48,1995.84,2002.5,4264.0169,2026-03-29 20:59:59.999000+00:00,8539979.681328,52195,2688.89150000,5385319.22972200,0
2026-03-29 21:00:00+00:00,2002.49,2007.24,2001.5,2006.51,2530.3863,2026-03-29 21:59:59.999000+00:00,5072009.0885,41143,1385.91930000,2777997.12018100,0
2026-03-29 22:00:00+00:00,2006.51,2006.51,1938.82,1973.99,50023.8155,2026-03-29 22:59:59.999000+00:00,98276952.895705,382849,25156.08630000,49403869.32819800,0
2026-03-29 23:00:00+00:00,1973.99,1994.67,1973.63,1984.64,23202.2715,2026-03-29 23:59:59.999000+00:00,46039507.807891,308150,13680.22870000,27142658.05825400,0
2026-03-30 00:00:00+00:00,1984.65,2023.73,1980.28,1997.25,27492.0563,2026-03-30 00:59:59.999000+00:00,55115073.654914,360522,15434.76830000,30947299.06919300,0
2026-03-30 01:00:00+00:00,1997.27,2016.33,1997.19,2010.43,9665.3439,2026-03-30 01:59:59.999000+00:00,19402810.471346,165557,5732.16680000,11506464.28724000,0
2026-03-30 02:00:00+00:00,2010.44,2043.5,2007.53,2029.93,23530.7528,2026-03-30 02:59:59.999000+00:00,47711825.232696,216458,13900.50850000,28187152.39070500,0
2026-03-30 03:00:00+00:00,2029.93,2042.07,2027.5,2035.88,9341.4332,2026-03-30 03:59:59.999000+00:00,19001321.777358,135588,5326.91470000,10834437.41751200,0
2026-03-30 04:00:00+00:00,2035.88,2053.0,2035.88,2048.39,12455.1914,2026-03-30 04:59:59.999000+00:00,25484509.477411,139378,7339.54680000,15018216.94552800,0
2026-03-30 05:00:00+00:00,2048.39,2058.96,2045.14,2047.84,16018.9397,2026-03-30 05:59:59.999000+00:00,32884003.799254,132660,7224.04090000,14833877.53162400,0
2026-03-30 06:00:00+00:00,2047.84,2052.0,2041.19,2042.46,8504.2301,2026-03-30 06:59:59.999000+00:00,17403235.179034,97366,3794.08250000,7764858.70072700,0
2026-03-30 07:00:00+00:00,2042.46,2068.28,2041.54,2059.58,15282.5522,2026-03-30 07:59:59.999000+00:00,31409428.054472,102512,8432.78790000,17336837.72493200,0
2026-03-30 08:00:00+00:00,2059.58,2075.0,2058.15,2062.33,16805.7939,2026-03-30 08:59:59.999000+00:00,34695210.07647,147125,9256.40960000,19109453.02329200,0
2026-03-30 09:00:00+00:00,2062.32,2063.13,2053.87,2055.16,7642.1111,2026-03-30 09:59:59.999000+00:00,15726271.053123,83500,3026.32010000,6227812.66817500,0
2026-03-30 10:00:00+00:00,2055.16,2058.3,2048.14,2057.78,6886.6689,2026-03-30 10:59:59.999000+00:00,14144130.039944,81869,3732.84270000,7667484.59402700,0
2026-03-30 11:00:00+00:00,2057.78,2081.65,2057.78,2071.28,19292.8948,2026-03-30 11:59:59.999000+00:00,39927725.098366,198605,10067.27580000,20837614.41630600,0
2026-03-30 12:00:00+00:00,2071.29,2078.89,2069.07,2074.54,8194.5125,2026-03-30 12:59:59.999000+00:00,16992803.959024,129190,4244.06870000,8802070.14839600,0
2026-03-30 13:00:00+00:00,2074.54,2085.0,2058.17,2060.92,19118.9469,2026-03-30 13:59:59.999000+00:00,39622026.840862,231610,9665.02190000,20045090.14207600,0
2026-03-30 14:00:00+00:00,2060.93,2076.16,2044.25,2071.64,27666.5752,2026-03-30 14:59:59.999000+00:00,56933553.036083,321265,13634.41510000,28083001.64311200,0
2026-03-30 15:00:00+00:00,2071.65,2079.92,2061.91,2074.53,15215.1476,2026-03-30 15:59:59.999000+00:00,31527560.191209,214662,6827.12530000,14147591.43360600,0
2026-03-30 16:00:00+00:00,2074.53,2074.99,2058.95,2066.18,10790.1379,2026-03-30 16:59:59.999000+00:00,22289102.379655,149549,4569.45300000,9437142.85324500,0
2026-03-30 17:00:00+00:00,2066.18,2072.18,2032.0,2041.8,21395.3507,2026-03-30 17:59:59.999000+00:00,43805713.583564,218391,10062.66670000,20588382.57054800,0
2026-03-30 18:00:00+00:00,2041.79,2044.11,2028.04,2032.61,13461.8263,2026-03-30 18:59:59.999000+00:00,27408091.018928,137474,6898.32370000,14046977.53435200,0
2026-03-30 19:00:00+00:00,2032.6,2032.65,2013.33,2023.7,14591.0916,2026-03-30 19:59:59.999000+00:00,29477652.125244,191046,6876.56660000,13893581.54810100,0
2026-03-30 20:00:00+00:00,2023.7,2027.78,2021.14,2023.2,5851.3163,2026-03-30 20:59:59.999000+00:00,11844378.879187,76438,2820.52500000,5709500.41616300,0
2026-03-30 21:00:00+00:00,2023.19,2049.1,2021.16,2036.0,14400.4068,2026-03-30 21:59:59.999000+00:00,29360925.561197,141542,8044.55090000,16398507.55941100,0
2026-03-30 22:00:00+00:00,2036.0,2044.22,2029.51,2033.08,5673.4119,2026-03-30 22:59:59.999000+00:00,11551137.498178,92601,3056.80900000,6225274.87608000,0
2026-03-30 23:00:00+00:00,2033.07,2033.07,2013.92,2026.48,9027.7424,2026-03-30 23:59:59.999000+00:00,18247876.094938,121638,4095.02060000,8275612.79645800,0
2026-03-31 00:00:00+00:00,2026.48,2041.04,2016.29,2036.65,11575.7993,2026-03-31 00:59:59.999000+00:00,23482885.314017,196944,7529.47340000,15277508.41485200,0
2026-03-31 01:00:00+00:00,2036.65,2092.34,2032.27,2073.0,37952.0065,2026-03-31 01:59:59.999000+00:00,78602950.73977,362343,22168.60090000,45893876.22797300,0
2026-03-31 02:00:00+00:00,2072.99,2082.92,2067.25,2073.09,9808.7704,2026-03-31 02:59:59.999000+00:00,20361980.696314,138929,5046.65920000,10478140.31424200,0
2026-03-31 03:00:00+00:00,2073.08,2076.61,2061.87,2066.71,7165.564,2026-03-31 03:59:59.999000+00:00,14819465.244217,96066,3747.21220000,7749784.49242500,0
2026-03-31 04:00:00+00:00,2066.71,2072.24,2057.06,2060.87,9767.5865,2026-03-31 04:59:59.999000+00:00,20153779.809079,96506,3990.18220000,8236654.08874800,0
2026-03-31 05:00:00+00:00,2060.87,2069.0,2054.77,2064.31,6966.4614,2026-03-31 05:59:59.999000+00:00,14368797.817731,94904,3269.02570000,6744313.19141000,0
2026-03-31 06:00:00+00:00,2064.32,2064.95,2055.2,2062.33,7104.4897,2026-03-31 06:59:59.999000+00:00,14629771.490196,87385,2729.54180000,5621330.21450700,0
2026-03-31 07:00:00+00:00,2062.33,2062.91,2042.31,2055.97,11011.0442,2026-03-31 07:59:59.999000+00:00,22594079.175043,115406,5349.28490000,10975325.14289000,0
2026-03-31 08:00:00+00:00,2055.98,2059.2,2036.03,2040.1,10274.3456,2026-03-31 08:59:59.999000+00:00,21035383.842831,143958,4554.04180000,9326214.11368700,0
2026-03-31 09:00:00+00:00,2040.11,2044.5,2012.64,2018.37,22808.2373,2026-03-31 09:59:59.999000+00:00,46276966.258733,236678,8107.05050000,16453743.14312000,0
2026-03-31 10:00:00+00:00,2018.37,2030.28,2017.18,2026.5,9753.183,2026-03-31 10:59:59.999000+00:00,19748344.297452,132519,5252.73180000,10634881.02922900,0
2026-03-31 11:00:00+00:00,2026.5,2044.51,2023.0,2041.2,19943.7718,2026-03-31 11:59:59.999000+00:00,40600401.52928,210146,10663.06400000,21705287.38612900,0
2026-03-31 12:00:00+00:00,2041.21,2057.92,2035.02,2047.78,15267.3566,2026-03-31 12:59:59.999000+00:00,31251515.725263,204655,7534.50680000,15424989.61844700,0
2026-03-31 13:00:00+00:00,2047.78,2079.88,2047.78,2075.37,20810.5927,2026-03-31 13:59:59.999000+00:00,42992371.588618,280184,10253.02850000,21182725.07441500,0
2026-03-31 14:00:00+00:00,2075.37,2092.0,2037.58,2045.94,38453.8525,2026-03-31 14:59:59.999000+00:00,79645054.398243,408768,17548.06700000,36382532.72593000,0
2026-03-31 15:00:00+00:00,2045.94,2077.81,2045.65,2054.85,21417.6464,2026-03-31 15:59:59.999000+00:00,44199536.081193,361546,11718.87310000,24181850.73923600,0
2026-03-31 16:00:00+00:00,2054.85,2108.52,2054.29,2091.7,46551.3832,2026-03-31 16:59:59.999000+00:00,97296224.174104,517370,26794.29510000,55993710.22832500,0
2026-03-31 17:00:00+00:00,2091.7,2124.03,2088.88,2093.36,50852.9773,2026-03-31 17:59:59.999000+00:00,106994069.369205,485235,26379.48020000,55495833.42215500,0
2026-03-31 18:00:00+00:00,2093.35,2115.14,2093.35,2099.89,18730.7612,2026-03-31 18:59:59.999000+00:00,39388143.783139,222251,11561.60280000,24308703.68685300,0
2026-03-31 19:00:00+00:00,2099.88,2104.0,2092.23,2096.54,9937.1431,2026-03-31 19:59:59.999000+00:00,20851940.966083,168086,5066.68310000,10631916.74219900,0
2026-03-31 20:00:00+00:00,2096.54,2111.01,2096.32,2107.66,9394.9389,2026-03-31 20:59:59.999000+00:00,19767069.917024,117959,5753.55970000,12104263.25515900,0
2026-03-31 21:00:00+00:00,2107.66,2109.03,2093.12,2102.63,9418.0037,2026-03-31 21:59:59.999000+00:00,19781528.591879,111062,4701.06190000,9874115.10587600,0
2026-03-31 22:00:00+00:00,2102.64,2104.27,2088.35,2096.51,8199.1651,2026-03-31 22:59:59.999000+00:00,17187865.587301,108483,3369.08280000,7063800.30922600,0
2026-03-31 23:00:00+00:00,2096.52,2108.66,2093.21,2105.43,8732.8219,2026-03-31 23:59:59.999000+00:00,18357093.809479,116413,5292.01920000,11125035.45993800,0
2026-04-01 00:00:00+00:00,2105.43,2117.79,2096.89,2114.72,11320.4724,2026-04-01 00:59:59.999000+00:00,23840909.029359,164239,6254.91410000,13179309.12464500,0
2026-04-01 01:00:00+00:00,2114.73,2115.83,2091.4,2092.95,10566.2532,2026-04-01 01:59:59.999000+00:00,22192840.159544,144415,4444.07130000,9333640.87473800,0
2026-04-01 02:00:00+00:00,2092.94,2096.38,2082.08,2088.45,8502.6779,2026-04-01 02:59:59.999000+00:00,17762705.783112,130361,3759.56840000,7854513.51349200,0
2026-04-01 03:00:00+00:00,2088.46,2106.88,2088.46,2102.91,7586.5948,2026-04-01 03:59:59.999000+00:00,15931448.535896,121178,4562.91540000,9581230.70152000,0
2026-04-01 04:00:00+00:00,2102.91,2116.46,2100.35,2111.26,7709.7695,2026-04-01 04:59:59.999000+00:00,16253173.020868,110460,4041.59670000,8523039.49918900,0
2026-04-01 05:00:00+00:00,2111.26,2137.35,2106.42,2122.67,20075.223,2026-04-01 05:59:59.999000+00:00,42661012.321893,190392,10957.32500000,23288476.38185300,0
2026-04-01 06:00:00+00:00,2122.67,2156.23,2122.57,2151.23,30648.667,2026-04-01 06:59:59.999000+00:00,65686367.783132,270703,18314.88830000,39241803.67051600,0
2026-04-01 07:00:00+00:00,2151.24,2158.0,2130.2,2131.0,19745.3623,2026-04-01 07:59:59.999000+00:00,42312397.556635,167761,6455.59290000,13836106.14411900,0
2026-04-01 08:00:00+00:00,2131.0,2142.93,2125.0,2136.96,18385.7683,2026-04-01 08:59:59.999000+00:00,39244135.282023,157415,8293.34910000,17702059.07594400,0
2026-04-01 09:00:00+00:00,2136.95,2140.46,2128.12,2136.39,13657.7192,2026-04-01 09:59:59.999000+00:00,29140787.534062,139374,5234.91300000,11170675.97733000,0
2026-04-01 10:00:00+00:00,2136.4,2137.93,2126.28,2132.65,7710.0182,2026-04-01 10:59:59.999000+00:00,16437939.234339,106588,3304.79680000,7046344.26696400,0
2026-04-01 11:00:00+00:00,2132.64,2139.37,2130.71,2135.32,6480.7467,2026-04-01 11:59:59.999000+00:00,13837330.424046,95777,3451.58240000,7369947.14777200,0
2026-04-01 12:00:00+00:00,2135.32,2152.0,2121.95,2130.82,21417.4613,2026-04-01 12:59:59.999000+00:00,45706196.254214,219125,10793.26520000,23039590.09190800,0
2026-04-01 13:00:00+00:00,2130.82,2135.31,2108.72,2119.28,28757.3299,2026-04-01 13:59:59.999000+00:00,60994525.75556,373085,14754.71660000,31290754.57889200,0
2026-04-01 14:00:00+00:00,2119.27,2130.6,2114.05,2126.81,16662.6582,2026-04-01 14:59:59.999000+00:00,35352824.808781,300840,8052.41950000,17084729.14608200,0
2026-04-01 15:00:00+00:00,2126.82,2137.72,2122.2,2135.04,10423.5636,2026-04-01 15:59:59.999000+00:00,22212264.565211,179540,5031.61570000,10724073.10307200,0
2026-04-01 16:00:00+00:00,2135.04,2152.51,2125.0,2146.09,19652.133,2026-04-01 16:59:59.999000+00:00,42062669.345958,209404,11230.16120000,24048264.11523300,0
2026-04-01 17:00:00+00:00,2146.1,2167.85,2133.96,2137.21,28614.9498,2026-04-01 17:59:59.999000+00:00,61541880.929655,271440,13583.02000000,29229366.59315300,0
2026-04-01 18:00:00+00:00,2137.21,2137.87,2123.58,2129.23,14904.4013,2026-04-01 18:59:59.999000+00:00,31743278.52023,207333,8495.48480000,18095340.25878500,0
2026-04-01 19:00:00+00:00,2129.23,2145.48,2128.0,2141.43,11467.5825,2026-04-01 19:59:59.999000+00:00,24520807.792717,136244,7184.34140000,15365837.89700000,0
2026-04-01 20:00:00+00:00,2141.43,2147.67,2130.7,2143.92,8588.3705,2026-04-01 20:59:59.999000+00:00,18364370.411808,98807,4364.79810000,9334806.01934700,0
2026-04-01 21:00:00+00:00,2143.92,2165.42,2143.32,2156.89,33515.885,2026-04-01 21:59:59.999000+00:00,72249250.640046,156532,20634.02160000,44482425.45770200,0
2026-04-01 22:00:00+00:00,2156.89,2158.8,2137.4,2139.95,36336.0172,2026-04-01 22:59:59.999000+00:00,78053978.101705,168299,17363.48430000,37294702.91691300,0
2026-04-01 23:00:00+00:00,2139.96,2146.0,2135.5,2140.35,6497.7531,2026-04-01 23:59:59.999000+00:00,13914166.087977,92221,3158.26960000,6763806.15639000,0
2026-04-02 00:00:00+00:00,2140.35,2159.37,2136.09,2156.14,12242.365,2026-04-02 00:59:59.999000+00:00,26283941.024224,176659,6028.51660000,12946313.97501600,0
2026-04-02 01:00:00+00:00,2156.14,2156.15,2090.0,2100.03,50106.9533,2026-04-02 01:59:59.999000+00:00,106194671.322585,695321,22283.55530000,47232307.18411400,0
2026-04-02 02:00:00+00:00,2100.02,2100.02,2065.0,2073.89,25331.829,2026-04-02 02:59:59.999000+00:00,52720890.610179,295061,12125.60290000,25229561.95067500,0
2026-04-02 03:00:00+00:00,2073.9,2076.67,2046.48,2056.33,21103.372,2026-04-02 03:59:59.999000+00:00,43490303.440048,191641,8654.34310000,17841252.24261600,0
2026-04-02 04:00:00+00:00,2056.33,2058.45,2041.77,2044.56,12765.2209,2026-04-02 04:59:59.999000+00:00,26157675.663434,159720,4577.17700000,9383412.64935800,0
2026-04-02 05:00:00+00:00,2044.57,2051.38,2038.63,2050.21,11421.8962,2026-04-02 05:59:59.999000+00:00,23367301.547843,136585,5485.97700000,11226608.44191200,0
2026-04-02 06:00:00+00:00,2050.21,2053.71,2045.56,2050.09,11368.962,2026-04-02 06:59:59.999000+00:00,23296574.464421,121993,4309.44600000,8831214.25546600,0
2026-04-02 07:00:00+00:00,2050.09,2056.76,2044.29,2056.09,10318.0667,2026-04-02 07:59:59.999000+00:00,21171650.844452,113634,5540.24570000,11368405.33539700,0
2026-04-02 08:00:00+00:00,2056.09,2056.09,2045.36,2046.29,7587.7213,2026-04-02 08:59:59.999000+00:00,15552530.394163,87746,3666.05490000,7514822.21228700,0
2026-04-02 09:00:00+00:00,2046.3,2048.14,2039.27,2044.0,9339.0191,2026-04-02 09:59:59.999000+00:00,19095362.826648,111110,4949.62050000,10122960.85366800,0
2026-04-02 10:00:00+00:00,2044.0,2045.05,2032.54,2038.79,9437.2718,2026-04-02 10:59:59.999000+00:00,19227048.211561,108752,3896.59100000,7939698.51797500,0
2026-04-02 11:00:00+00:00,2038.8,2040.28,2024.73,2033.01,8412.9595,2026-04-02 11:59:59.999000+00:00,17108489.417279,116725,3892.15960000,7917481.05953900,0
2026-04-02 12:00:00+00:00,2033.02,2034.03,2024.42,2026.98,11287.8209,2026-04-02 12:59:59.999000+00:00,22911754.002148,160200,5597.62760000,11363860.64103500,0
2026-04-02 13:00:00+00:00,2026.98,2041.02,2017.04,2038.81,21851.0601,2026-04-02 13:59:59.999000+00:00,44271732.107335,342420,11724.06150000,23764311.77663700,0
2026-04-02 14:00:00+00:00,2038.81,2072.22,2032.99,2063.82,38683.3619,2026-04-02 14:59:59.999000+00:00,79355220.049225,499568,19348.98170000,39720956.76221400,0
2026-04-02 15:00:00+00:00,2063.82,2067.89,2048.6,2059.6,16999.3052,2026-04-02 15:59:59.999000+00:00,34991570.413651,254074,7460.11220000,15357673.69457200,0
2026-04-02 16:00:00+00:00,2059.59,2077.64,2052.52,2063.31,19595.7382,2026-04-02 16:59:59.999000+00:00,40382429.357359,200832,7997.84790000,16494151.47272300,0
2026-04-02 17:00:00+00:00,2063.32,2072.0,2044.5,2047.23,11148.0191,2026-04-02 17:59:59.999000+00:00,22957159.029926,152334,4946.92900000,10194520.75222200,0
2026-04-02 18:00:00+00:00,2047.22,2063.0,2043.65,2058.32,8327.3195,2026-04-02 18:59:59.999000+00:00,17086416.584281,114524,4580.55400000,9399922.62499100,0
2026-04-02 19:00:00+00:00,2058.33,2066.66,2054.97,2065.34,5853.874,2026-04-02 19:59:59.999000+00:00,12062490.148427,105182,3396.24130000,6998964.96434900,0
2026-04-02 20:00:00+00:00,2065.35,2074.16,2061.06,2068.19,7110.0845,2026-04-02 20:59:59.999000+00:00,14708881.554687,85820,3965.16810000,8203308.06630200,0
2026-04-02 21:00:00+00:00,2068.2,2070.46,2056.11,2062.98,6195.6446,2026-04-02 21:59:59.999000+00:00,12771769.507511,76451,2370.52530000,4885929.64696200,0
2026-04-02 22:00:00+00:00,2062.99,2064.94,2053.54,2060.03,5345.387,2026-04-02 22:59:59.999000+00:00,11013542.098416,84087,2208.37010000,4550373.92726700,0
2026-04-02 23:00:00+00:00,2060.04,2061.89,2054.0,2057.17,5039.5805,2026-04-02 23:59:59.999000+00:00,10369120.045941,72484,2141.16190000,4405722.57583500,0
2026-04-03 00:00:00+00:00,2057.18,2059.63,2050.04,2053.01,3658.558,2026-04-03 00:59:59.999000+00:00,7518810.532039,74026,1268.89070000,2607786.64592700,0
2026-04-03 01:00:00+00:00,2053.01,2062.49,2045.4,2050.61,5957.6794,2026-04-03 01:59:59.999000+00:00,12229383.898849,95219,2498.61060000,5131234.13103500,0
2026-04-03 02:00:00+00:00,2050.61,2059.73,2040.66,2052.48,13641.7647,2026-04-03 02:59:59.999000+00:00,27935992.588984,135694,7533.04210000,15426729.49653200,0
2026-04-03 03:00:00+00:00,2052.47,2057.22,2050.08,2054.23,4604.5788,2026-04-03 03:59:59.999000+00:00,9457790.685588,68115,1870.85620000,3842697.45873900,0
2026-04-03 04:00:00+00:00,2054.22,2057.8,2048.89,2054.53,3535.1092,2026-04-03 04:59:59.999000+00:00,7258898.640468,70260,1877.91600000,3856295.48905200,0
2026-04-03 05:00:00+00:00,2054.52,2064.58,2047.35,2057.12,6946.4533,2026-04-03 05:59:59.999000+00:00,14294721.229619,81582,3740.46830000,7698342.76246600,0
2026-04-03 06:00:00+00:00,2057.12,2066.61,2054.98,2063.66,6719.2857,2026-04-03 06:59:59.999000+00:00,13848764.677885,92456,3541.44090000,7299101.71231900,0
2026-04-03 07:00:00+00:00,2063.66,2075.17,2062.2,2065.85,7270.4093,2026-04-03 07:59:59.999000+00:00,15030719.349081,90198,3272.30710000,6766219.41488600,0
2026-04-03 08:00:00+00:00,2065.84,2072.0,2058.89,2060.96,9649.3893,2026-04-03 08:59:59.999000+00:00,19916787.879553,71578,3789.34430000,7824323.01393900,0
2026-04-03 09:00:00+00:00,2060.97,2064.06,2057.03,2061.35,4821.5571,2026-04-03 09:59:59.999000+00:00,9937358.871746,55372,3101.79150000,6393603.85995400,0
2026-04-03 10:00:00+00:00,2061.35,2061.35,2053.46,2059.9,4051.9902,2026-04-03 10:59:59.999000+00:00,8338876.428626,62571,1871.19800000,3850818.12315500,0
2026-04-03 11:00:00+00:00,2059.91,2064.76,2057.94,2062.64,2874.6916,2026-04-03 11:59:59.999000+00:00,5925863.759629,52064,1507.05240000,3106754.94200000,0
2026-04-03 12:00:00+00:00,2062.64,2081.76,2045.08,2049.84,15335.5297,2026-04-03 12:59:59.999000+00:00,31611188.693016,171652,7919.78180000,16328819.42701900,0
2026-04-03 13:00:00+00:00,2049.85,2051.18,2041.65,2048.17,7950.3394,2026-04-03 13:59:59.999000+00:00,16270978.102817,114932,3316.10300000,6787773.90683300,0
2026-04-03 14:00:00+00:00,2048.17,2057.12,2045.32,2054.59,6038.137,2026-04-03 14:59:59.999000+00:00,12387305.417725,92271,3102.44430000,6365590.89647600,0
2026-04-03 15:00:00+00:00,2054.59,2057.77,2049.34,2051.26,5407.9689,2026-04-03 15:59:59.999000+00:00,11101379.611718,64648,3058.59670000,6278514.20548400,0
2026-04-03 16:00:00+00:00,2051.26,2056.54,2049.84,2054.7,4063.9595,2026-04-03 16:59:59.999000+00:00,8347064.5571,61441,2086.68300000,4286038.19922900,0
2026-04-03 17:00:00+00:00,2054.7,2055.4,2043.78,2050.36,4212.2581,2026-04-03 17:59:59.999000+00:00,8631469.506267,57289,1886.16810000,3865496.17974900,0
2026-04-03 18:00:00+00:00,2050.36,2053.34,2048.06,2049.26,1876.5841,2026-04-03 18:59:59.999000+00:00,3848121.536103,38201,957.63510000,1963758.91552800,0
2026-04-03 19:00:00+00:00,2049.26,2054.11,2045.21,2052.68,2549.0412,2026-04-03 19:59:59.999000+00:00,5225847.285123,36058,1247.77920000,2558472.46628700,0
2026-04-03 20:00:00+00:00,2052.69,2055.0,2052.0,2052.75,2868.2806,2026-04-03 20:59:59.999000+00:00,5889462.055349,30144,1301.54340000,2672511.43075200,0
2026-04-03 21:00:00+00:00,2052.75,2060.92,2052.67,2058.42,4888.6892,2026-04-03 21:59:59.999000+00:00,10057980.175136,46890,2278.48040000,4688480.29707300,0
2026-04-03 22:00:00+00:00,2058.41,2059.72,2049.58,2051.79,3624.057,2026-04-03 22:59:59.999000+00:00,7443718.041148,51218,932.92690000,1916374.80961700,0
2026-04-03 23:00:00+00:00,2051.8,2054.1,2049.23,2053.83,3720.328,2026-04-03 23:59:59.999000+00:00,7632078.589272,27716,888.74160000,1823301.46827900,0
2026-04-04 00:00:00+00:00,2053.83,2053.86,2051.5,2052.26,1675.1923,2026-04-04 00:59:59.999000+00:00,3438422.771702,43338,842.45940000,1729176.88521500,0
2026-04-04 01:00:00+00:00,2052.26,2053.8,2049.57,2051.27,1681.6241,2026-04-04 01:59:59.999000+00:00,3449199.901626,39170,848.97450000,1741267.37669800,0
2026-04-04 02:00:00+00:00,2051.27,2053.3,2047.92,2050.13,2584.5202,2026-04-04 02:59:59.999000+00:00,5297742.657363,41700,1386.26400000,2841866.03945100,0
2026-04-04 03:00:00+00:00,2050.13,2052.08,2049.77,2050.05,1091.4606,2026-04-04 03:59:59.999000+00:00,2238413.4594,39371,515.23310000,1056640.15898600,0
2026-04-04 04:00:00+00:00,2050.05,2051.62,2048.41,2051.21,1310.6356,2026-04-04 04:59:59.999000+00:00,2686997.617032,40357,703.89470000,1443210.31770200,0
2026-04-04 05:00:00+00:00,2051.21,2054.89,2050.38,2053.79,1818.1301,2026-04-04 05:59:59.999000+00:00,3731974.28615,42676,1040.72310000,2136071.61002300,0
2026-04-04 06:00:00+00:00,2053.79,2058.0,2052.81,2056.46,3204.6663,2026-04-04 06:59:59.999000+00:00,6585862.24076,48028,1774.70490000,3647176.79474500,0
2026-04-04 07:00:00+00:00,2056.46,2057.37,2051.6,2053.82,2841.9482,2026-04-04 07:59:59.999000+00:00,5837006.673413,39450,1215.23520000,2496097.51697100,0
2026-04-04 08:00:00+00:00,2053.82,2055.44,2049.84,2050.57,2363.4539,2026-04-04 08:59:59.999000+00:00,4851551.234163,40878,1324.14220000,2718148.37526600,0
2026-04-04 09:00:00+00:00,2050.57,2051.9,2049.42,2050.43,2862.9701,2026-04-04 09:59:59.999000+00:00,5870346.020805,33739,1445.36610000,2963480.95896300,0
2026-04-04 10:00:00+00:00,2050.43,2054.92,2047.89,2054.32,3612.058,2026-04-04 10:59:59.999000+00:00,7409646.752671,54576,1511.12500000,3100291.39470300,0
2026-04-04 11:00:00+00:00,2054.32,2055.03,2051.3,2051.84,2783.2612,2026-04-04 11:59:59.999000+00:00,5712673.278043,38096,922.59930000,1893737.71062500,0
2026-04-04 12:00:00+00:00,2051.84,2053.17,2048.26,2050.15,2573.9912,2026-04-04 12:59:59.999000+00:00,5277942.032564,54569,1119.55820000,2295629.55301000,0
2026-04-04 13:00:00+00:00,2050.15,2055.0,2050.0,2053.59,6453.8102,2026-04-04 13:59:59.999000+00:00,13238600.484158,51442,2383.81660000,4889894.55117300,0
2026-04-04 14:00:00+00:00,2053.58,2054.68,2044.63,2053.1,4750.0024,2026-04-04 14:59:59.999000+00:00,9739354.373169,51555,1695.53340000,3476065.69413700,0
2026-04-04 15:00:00+00:00,2053.1,2062.02,2052.35,2056.29,7667.3607,2026-04-04 15:59:59.999000+00:00,15767634.53627,104389,4321.98360000,8888671.09167400,0
2026-04-04 16:00:00+00:00,2056.29,2062.1,2053.38,2055.75,4189.8173,2026-04-04 16:59:59.999000+00:00,8622260.409023,64480,2142.57880000,4409168.44567000,0
2026-04-04 17:00:00+00:00,2055.75,2058.29,2053.07,2056.98,2934.0725,2026-04-04 17:59:59.999000+00:00,6031499.970487,44354,1400.70310000,2879521.01266100,0
2026-04-04 18:00:00+00:00,2056.98,2058.34,2055.01,2055.15,1692.2754,2026-04-04 18:59:59.999000+00:00,3481120.901343,31966,862.82190000,1774981.94494500,0
2026-04-04 19:00:00+00:00,2055.15,2084.0,2055.14,2064.71,16701.0527,2026-04-04 19:59:59.999000+00:00,34589514.179499,151834,9360.74380000,19383884.14509600,0
2026-04-04 20:00:00+00:00,2064.71,2064.89,2059.6,2062.81,3522.6088,2026-04-04 20:59:59.999000+00:00,7265988.618049,42464,1943.57870000,4009161.46117100,0
2026-04-04 21:00:00+00:00,2062.8,2071.75,2062.63,2068.83,3423.6933,2026-04-04 21:59:59.999000+00:00,7077492.354937,44129,2042.94740000,4223039.36394900,0
2026-04-04 22:00:00+00:00,2068.84,2072.15,2067.99,2069.14,2168.2004,2026-04-04 22:59:59.999000+00:00,4488105.43753,62858,953.52650000,1973757.43237300,0
2026-04-04 23:00:00+00:00,2069.14,2069.24,2062.64,2065.52,2597.6351,2026-04-04 23:59:59.999000+00:00,5364983.806627,40603,1031.14380000,2129490.97445500,0
2026-04-05 00:00:00+00:00,2065.51,2065.63,2060.33,2062.1,1941.3568,2026-04-05 00:59:59.999000+00:00,4005855.18955,37336,982.92830000,2028440.22423100,0
2026-04-05 01:00:00+00:00,2062.1,2062.46,2057.17,2057.37,2413.2758,2026-04-05 01:59:59.999000+00:00,4969056.126777,40358,851.62030000,1753435.77682500,0
2026-04-05 02:00:00+00:00,2057.37,2059.91,2054.15,2059.86,2686.18,2026-04-05 02:59:59.999000+00:00,5525838.683927,45716,1192.10690000,2452687.15459900,0
2026-04-05 03:00:00+00:00,2059.86,2060.55,2055.37,2056.64,1326.4416,2026-04-05 03:59:59.999000+00:00,2729840.537742,29796,679.44820000,1398436.34218000,0
2026-04-05 04:00:00+00:00,2056.64,2058.09,2054.11,2055.16,1157.1356,2026-04-05 04:59:59.999000+00:00,2378837.769112,31931,638.02250000,1311567.45145400,0
2026-04-05 05:00:00+00:00,2055.16,2056.83,2047.21,2048.6,4342.6995,2026-04-05 05:59:59.999000+00:00,8913605.480253,53409,1079.62330000,2215310.12752000,0
2026-04-05 06:00:00+00:00,2048.6,2048.93,2027.75,2038.32,11035.0462,2026-04-05 06:59:59.999000+00:00,22473599.023366,141822,4897.29130000,9971789.48968100,0
2026-04-05 07:00:00+00:00,2038.32,2042.59,2034.48,2037.29,3661.4989,2026-04-05 07:59:59.999000+00:00,7464024.769388,70019,1796.23050000,3661794.12299300,0
2026-04-05 08:00:00+00:00,2037.29,2039.94,2035.91,2039.16,1960.877,2026-04-05 08:59:59.999000+00:00,3996523.929797,41167,965.11990000,1967033.65189300,0
2026-04-05 09:00:00+00:00,2039.17,2046.0,2038.87,2044.42,2359.0432,2026-04-05 09:59:59.999000+00:00,4819571.143276,54604,1193.55370000,2438216.32196600,0
2026-04-05 10:00:00+00:00,2044.41,2052.53,2042.44,2044.74,3003.5878,2026-04-05 10:59:59.999000+00:00,6148229.164982,60114,1761.66670000,3606643.07579600,0
2026-04-05 11:00:00+00:00,2044.74,2045.83,2040.52,2042.32,1592.5427,2026-04-05 11:59:59.999000+00:00,3253724.767916,46471,641.72130000,1311114.42553900,0
2026-04-05 12:00:00+00:00,2042.31,2042.31,2021.5,2028.36,9845.9831,2026-04-05 12:59:59.999000+00:00,19985868.417318,140798,3758.18750000,7625239.52223700,0
2026-04-05 13:00:00+00:00,2028.37,2037.75,2025.71,2036.63,4872.8393,2026-04-05 13:59:59.999000+00:00,9894746.648261,103984,2925.02720000,5940318.08790300,0
2026-04-05 14:00:00+00:00,2036.63,2043.32,2035.19,2038.49,5390.7783,2026-04-05 14:59:59.999000+00:00,10997034.338891,85371,3570.20960000,7283934.87905700,0
2026-04-05 15:00:00+00:00,2038.49,2069.89,2034.58,2053.85,17245.054,2026-04-05 15:59:59.999000+00:00,35450373.728605,246370,9237.71080000,18987072.76832400,0
2026-04-05 16:00:00+00:00,2053.85,2059.3,2050.29,2052.15,4008.3159,2026-04-05 16:59:59.999000+00:00,8237494.715403,109051,1910.46660000,3926436.78588700,0
2026-04-05 17:00:00+00:00,2052.15,2062.54,2048.69,2062.53,7871.2374,2026-04-05 17:59:59.999000+00:00,16200195.477541,107626,3199.55020000,6583290.62238700,0
2026-04-05 18:00:00+00:00,2062.54,2066.6,2057.1,2062.99,4214.3547,2026-04-05 18:59:59.999000+00:00,8691616.705573,91650,2721.46970000,5613693.70896000,0
2026-04-05 19:00:00+00:00,2062.99,2069.95,2058.25,2062.37,5296.4634,2026-04-05 19:59:59.999000+00:00,10930634.89022,93030,3370.43450000,6955936.75884700,0
2026-04-05 20:00:00+00:00,2062.38,2075.11,2062.0,2068.91,6169.0852,2026-04-05 20:59:59.999000+00:00,12762159.026392,96663,4073.67060000,8427405.66247300,0
2026-04-05 21:00:00+00:00,2068.9,2069.12,2056.73,2060.01,6449.9069,2026-04-05 21:59:59.999000+00:00,13296427.360363,78689,1771.48930000,3653195.44331900,0
2026-04-05 22:00:00+00:00,2060.01,2088.0,2050.0,2085.79,16148.6882,2026-04-05 22:59:59.999000+00:00,33413307.713995,302045,9023.33780000,18685989.89686300,0
2026-04-05 23:00:00+00:00,2085.78,2123.49,2082.35,2110.17,32360.9284,2026-04-05 23:59:59.999000+00:00,68188858.703698,396845,16122.61070000,33955833.24414500,0
2026-04-06 00:00:00+00:00,2110.17,2135.39,2110.17,2121.99,21652.178,2026-04-06 00:59:59.999000+00:00,45980315.097483,331825,11275.52210000,23944588.61015700,0
2026-04-06 01:00:00+00:00,2122.0,2124.53,2112.48,2115.12,12502.5681,2026-04-06 01:59:59.999000+00:00,26475536.705886,193015,5702.34930000,12074379.33502600,0
2026-04-06 02:00:00+00:00,2115.11,2147.24,2114.59,2133.59,22030.8613,2026-04-06 02:59:59.999000+00:00,47021384.598977,298084,12579.79660000,26844330.96998800,0
2026-04-06 03:00:00+00:00,2133.59,2137.27,2126.59,2129.35,9676.807,2026-04-06 03:59:59.999000+00:00,20637344.082939,170178,4852.81850000,10350594.48418800,0
2026-04-06 04:00:00+00:00,2129.35,2134.77,2125.12,2131.06,9092.357,2026-04-06 04:59:59.999000+00:00,19365738.703951,121794,4899.29970000,10437501.33451500,0
2026-04-06 05:00:00+00:00,2131.06,2134.62,2128.42,2131.29,5374.9136,2026-04-06 05:59:59.999000+00:00,11453757.701456,99712,2596.14630000,5532152.41021900,0
2026-04-06 06:00:00+00:00,2131.29,2139.0,2120.04,2127.53,13310.8525,2026-04-06 06:59:59.999000+00:00,28332750.020714,202779,7334.97200000,15613377.29042100,0
2026-04-06 07:00:00+00:00,2127.53,2141.0,2122.83,2134.9,12354.0352,2026-04-06 07:59:59.999000+00:00,26344473.85951,143968,7254.91830000,15472362.08019100,0
2026-04-06 08:00:00+00:00,2134.91,2147.95,2133.42,2138.48,11262.7856,2026-04-06 08:59:59.999000+00:00,24096392.252879,160026,7185.96980000,15374945.16278800,0
2026-04-06 09:00:00+00:00,2138.48,2174.79,2138.47,2150.97,36268.1446,2026-04-06 09:59:59.999000+00:00,78239846.833859,356111,19908.82410000,42950171.58965300,0
2026-04-06 10:00:00+00:00,2150.97,2157.5,2149.36,2153.27,9506.3097,2026-04-06 10:59:59.999000+00:00,20472806.641835,167231,3874.17300000,8343726.25574300,0
2026-04-06 11:00:00+00:00,2153.27,2153.7,2146.61,2151.53,7937.8489,2026-04-06 11:59:59.999000+00:00,17070720.07447,124590,3261.96770000,7015582.78167200,0
2026-04-06 12:00:00+00:00,2151.53,2154.52,2142.31,2143.59,9671.6099,2026-04-06 12:59:59.999000+00:00,20783508.589709,138271,3851.41580000,8276938.65514100,0
2026-04-06 13:00:00+00:00,2143.59,2149.41,2137.91,2145.99,15191.1911,2026-04-06 13:59:59.999000+00:00,32568243.364371,317233,7830.41930000,16790573.61689800,0
2026-04-06 14:00:00+00:00,2146.0,2165.74,2137.76,2156.71,33151.5114,2026-04-06 14:59:59.999000+00:00,71341317.30852,500888,18778.61320000,40431126.65799500,0
2026-04-06 15:00:00+00:00,2156.72,2169.6,2155.5,2164.65,17897.0008,2026-04-06 15:59:59.999000+00:00,38711623.571473,352134,9223.08220000,19952119.59395600,0
2026-04-06 16:00:00+00:00,2164.65,2168.72,2140.45,2140.62,16868.2349,2026-04-06 16:59:59.999000+00:00,36394164.016678,273876,6008.42880000,12968568.05721300,0
2026-04-06 17:00:00+00:00,2140.62,2141.0,2123.6,2134.95,22223.3552,2026-04-06 17:59:59.999000+00:00,47401963.970632,317804,11027.55400000,23522467.54964900,0
2026-04-06 18:00:00+00:00,2134.96,2148.51,2131.6,2144.84,9169.6397,2026-04-06 18:59:59.999000+00:00,19640399.832042,194809,4464.48670000,9562805.18091800,0
2026-04-06 19:00:00+00:00,2144.84,2145.94,2135.94,2144.25,8437.4677,2026-04-06 19:59:59.999000+00:00,18073927.842699,131952,3279.58000000,7025732.37029900,0
2026-04-06 20:00:00+00:00,2144.25,2155.06,2140.45,2148.81,5786.1548,2026-04-06 20:59:59.999000+00:00,12434910.719791,110975,3094.61170000,6652807.31442100,0
2026-04-06 21:00:00+00:00,2148.8,2148.8,2137.73,2139.54,4290.0762,2026-04-06 21:59:59.999000+00:00,9196160.764171,74058,1650.80140000,3538795.43066300,0
2026-04-06 22:00:00+00:00,2139.54,2140.95,2105.41,2105.41,16021.2598,2026-04-06 22:59:59.999000+00:00,34043294.924215,205850,6608.83580000,14055599.96241700,0
2026-04-06 23:00:00+00:00,2105.41,2110.39,2087.5,2107.16,26377.1264,2026-04-06 23:59:59.999000+00:00,55310656.193113,343203,13869.92300000,29082415.53705100,0
2026-04-07 00:00:00+00:00,2107.16,2120.14,2105.63,2112.66,12222.8926,2026-04-07 00:59:59.999000+00:00,25834245.433994,239995,6423.37490000,13575535.54068900,0
2026-04-07 01:00:00+00:00,2112.66,2120.1,2097.3,2099.51,11345.2191,2026-04-07 01:59:59.999000+00:00,23921769.025333,239319,4330.43170000,9132447.68270700,0
2026-04-07 02:00:00+00:00,2099.51,2111.63,2093.64,2106.84,8048.4942,2026-04-07 02:59:59.999000+00:00,16923836.152531,177190,4149.05900000,8725197.08557900,0
2026-04-07 03:00:00+00:00,2106.84,2109.89,2103.77,2108.37,3191.6287,2026-04-07 03:59:59.999000+00:00,6726257.150706,93965,1714.25700000,3612600.14720500,0
2026-04-07 04:00:00+00:00,2108.37,2119.21,2103.68,2114.22,5021.8324,2026-04-07 04:59:59.999000+00:00,10602496.048926,118368,3228.97550000,6818540.37162800,0
2026-04-07 05:00:00+00:00,2114.23,2114.61,2103.73,2105.52,4524.1773,2026-04-07 05:59:59.999000+00:00,9535954.014726,79650,1994.10310000,4203303.70118400,0
2026-04-07 06:00:00+00:00,2105.53,2106.58,2096.69,2104.25,7241.3761,2026-04-07 06:59:59.999000+00:00,15218688.639758,83141,2506.63820000,5268201.32017400,0
2026-04-07 07:00:00+00:00,2104.26,2106.29,2098.9,2104.04,7285.9935,2026-04-07 07:59:59.999000+00:00,15319196.148245,67956,3794.32480000,7979850.63776900,0
2026-04-07 08:00:00+00:00,2104.03,2117.37,2103.29,2114.84,8502.548,2026-04-07 08:59:59.999000+00:00,17946160.551733,106308,4655.61970000,9827003.02474100,0
2026-04-07 09:00:00+00:00,2114.85,2133.83,2114.13,2128.26,12479.3051,2026-04-07 09:59:59.999000+00:00,26540065.831845,127014,6957.41530000,14793314.88147200,0
2026-04-07 10:00:00+00:00,2128.26,2131.38,2085.79,2089.32,18999.8253,2026-04-07 10:59:59.999000+00:00,39994399.787587,230047,8145.73250000,17143550.60754900,0
2026-04-07 11:00:00+00:00,2089.31,2094.03,2082.35,2089.58,12699.7988,2026-04-07 11:59:59.999000+00:00,26523397.093045,135842,7280.94650000,15208526.34287700,0
2026-04-07 12:00:00+00:00,2089.58,2093.17,2074.09,2086.99,19553.8314,2026-04-07 12:59:59.999000+00:00,40716761.077184,204998,9457.28820000,19695391.68462300,0
2026-04-07 13:00:00+00:00,2086.99,2093.17,2074.5,2074.97,13582.9174,2026-04-07 13:59:59.999000+00:00,28290549.937826,233631,6265.38050000,13054366.84851600,0
2026-04-07 14:00:00+00:00,2074.98,2081.46,2060.24,2069.44,25857.808,2026-04-07 14:59:59.999000+00:00,53515903.064242,298994,13291.42640000,27500116.27426200,0
2026-04-07 15:00:00+00:00,2069.44,2083.75,2064.76,2080.06,17554.4056,2026-04-07 15:59:59.999000+00:00,36428257.49583,196839,9814.99690000,20376173.33734600,0
2026-04-07 16:00:00+00:00,2080.07,2090.14,2077.52,2083.76,10529.9894,2026-04-07 16:59:59.999000+00:00,21944294.168764,159738,5276.74110000,10999556.24000600,0
2026-04-07 17:00:00+00:00,2083.75,2115.17,2079.8,2099.5,16296.7087,2026-04-07 17:59:59.999000+00:00,34189516.085351,173995,9030.88350000,18952308.97431100,0
2026-04-07 18:00:00+00:00,2099.49,2101.39,2082.43,2086.3,7595.3585,2026-04-07 18:59:59.999000+00:00,15885099.702953,110032,3220.85820000,6738847.79010500,0
2026-04-07 19:00:00+00:00,2086.29,2116.65,2084.04,2113.39,20780.0757,2026-04-07 19:59:59.999000+00:00,43704591.096645,278543,11954.48150000,25140606.62447900,0
2026-04-07 20:00:00+00:00,2113.39,2125.59,2110.68,2115.53,14390.7585,2026-04-07 20:59:59.999000+00:00,30483334.504922,161324,6248.67560000,13237990.28088500,0
2026-04-07 21:00:00+00:00,2115.52,2153.0,2115.52,2145.04,30017.5265,2026-04-07 21:59:59.999000+00:00,64255277.16491,257979,17893.30030000,38307570.40052700,0
2026-04-07 22:00:00+00:00,2145.05,2219.88,2145.05,2219.77,80299.7826,2026-04-07 22:59:59.999000+00:00,175117815.765736,622174,45224.77660000,98686820.10130500,0
2026-04-07 23:00:00+00:00,2219.78,2273.87,2215.73,2240.01,92072.5559,2026-04-07 23:59:59.999000+00:00,206593340.836083,792669,46393.29070000,104099695.63768600,0
2026-04-08 00:00:00+00:00,2240.01,2251.39,2228.24,2236.08,30356.804,2026-04-08 00:59:59.999000+00:00,67980780.619733,294010,14977.88070000,33543494.53617700,0
2026-04-08 01:00:00+00:00,2236.09,2242.77,2230.45,2234.06,13860.1381,2026-04-08 01:59:59.999000+00:00,30999427.492173,148467,6446.20800000,14418953.90135100,0
2026-04-08 02:00:00+00:00,2234.07,2247.42,2230.76,2237.28,18487.9076,2026-04-08 02:59:59.999000+00:00,41369616.921334,155059,9039.36830000,20231463.32521500,0
2026-04-08 03:00:00+00:00,2237.28,2239.46,2232.0,2234.68,8578.4772,2026-04-08 03:59:59.999000+00:00,19178261.630012,72173,4174.53240000,9331777.72445900,0
2026-04-08 04:00:00+00:00,2234.68,2252.5,2234.68,2240.77,17282.8755,2026-04-08 04:59:59.999000+00:00,38806251.329586,129918,8592.09480000,19293561.01387500,0
2026-04-08 05:00:00+00:00,2240.76,2245.1,2238.3,2240.7,8255.3009,2026-04-08 05:59:59.999000+00:00,18507686.52625,95492,3564.87240000,7993298.97437000,0
2026-04-08 06:00:00+00:00,2240.7,2253.86,2235.49,2246.01,15941.3222,2026-04-08 06:59:59.999000+00:00,35832936.07138,107587,7228.20490000,16247548.15141300,0
2026-04-08 07:00:00+00:00,2246.01,2260.76,2244.63,2253.76,18276.5112,2026-04-08 07:59:59.999000+00:00,41174955.220182,117203,8366.65650000,18857228.83661700,0
2026-04-08 08:00:00+00:00,2253.76,2259.51,2250.44,2256.48,13992.2559,2026-04-08 08:59:59.999000+00:00,31561608.661867,131202,7720.78940000,17416507.37397300,0
2026-04-08 09:00:00+00:00,2256.47,2263.35,2245.99,2249.59,19365.3909,2026-04-08 09:59:59.999000+00:00,43631133.73247,115108,9356.88540000,21078629.85758700,0
2026-04-08 10:00:00+00:00,2249.59,2253.86,2242.39,2242.67,7002.8262,2026-04-08 10:59:59.999000+00:00,15738361.680526,98317,2165.85970000,4868702.15278700,0
2026-04-08 11:00:00+00:00,2242.66,2254.72,2237.12,2247.23,11966.1372,2026-04-08 11:59:59.999000+00:00,26862274.66404,120750,5766.10230000,12948647.11219000,0
2026-04-08 12:00:00+00:00,2247.23,2259.33,2242.67,2255.88,15657.0421,2026-04-08 12:59:59.999000+00:00,35250266.757286,171104,6121.18370000,13786450.45794900,0
2026-04-08 13:00:00+00:00,2255.88,2270.55,2231.58,2236.06,38245.6158,2026-04-08 13:59:59.999000+00:00,86056867.576369,439947,17299.06210000,38945029.26954600,0
2026-04-08 14:00:00+00:00,2236.05,2240.94,2186.61,2195.22,55465.7011,2026-04-08 14:59:59.999000+00:00,122619407.478523,518870,27378.69270000,60521376.52572500,0
2026-04-08 15:00:00+00:00,2195.23,2218.35,2193.46,2215.45,20114.6724,2026-04-08 15:59:59.999000+00:00,44393727.176549,272226,10648.98380000,23500930.69793500,0
2026-04-08 16:00:00+00:00,2215.44,2225.41,2211.23,2220.76,13088.3114,2026-04-08 16:59:59.999000+00:00,29030246.120762,207893,6262.89240000,13893615.30113100,0
2026-04-08 17:00:00+00:00,2220.77,2239.5,2213.03,2231.88,14675.7031,2026-04-08 17:59:59.999000+00:00,32683781.256185,215211,8008.51460000,17838952.07046800,0
2026-04-08 18:00:00+00:00,2231.87,2232.65,2199.32,2201.41,15484.3027,2026-04-08 18:59:59.999000+00:00,34269727.259082,261438,6391.29090000,14135246.29243300,0
2026-04-08 19:00:00+00:00,2201.4,2211.74,2197.7,2211.04,10287.9908,2026-04-08 19:59:59.999000+00:00,22674521.65586,177076,4601.51750000,10142724.01254600,0
2026-04-08 20:00:00+00:00,2211.03,2216.66,2205.84,2209.81,5117.0171,2026-04-08 20:59:59.999000+00:00,11317455.820953,88748,2640.77880000,5840812.08173500,0
2026-04-08 21:00:00+00:00,2209.81,2222.55,2207.9,2214.53,7141.0016,2026-04-08 21:59:59.999000+00:00,15819720.270114,86780,3322.86640000,7363626.67490800,0
2026-04-08 22:00:00+00:00,2214.54,2215.15,2186.97,2189.87,12489.3456,2026-04-08 22:59:59.999000+00:00,27454680.456514,148915,4647.09310000,10215463.63035000,0
2026-04-08 23:00:00+00:00,2189.86,2193.95,2179.78,2190.0,13584.9815,2026-04-08 23:59:59.999000+00:00,29707225.372165,166491,6260.99350000,13694974.25496300,0
2026-04-09 00:00:00+00:00,2190.0,2193.79,2179.3,2183.03,9626.2087,2026-04-09 00:59:59.999000+00:00,21033008.045098,166420,3286.28760000,7182346.40262100,0
2026-04-09 01:00:00+00:00,2183.03,2185.27,2162.0,2178.69,15127.9165,2026-04-09 01:59:59.999000+00:00,32860930.717703,190976,6186.15880000,13440310.33414500,0
2026-04-09 02:00:00+00:00,2178.68,2185.5,2174.01,2181.69,5982.5838,2026-04-09 02:59:59.999000+00:00,13045328.516952,111362,2799.55950000,6105472.68597400,0
2026-04-09 03:00:00+00:00,2181.69,2183.98,2175.6,2182.49,4172.2635,2026-04-09 03:59:59.999000+00:00,9096456.185554,68558,1797.75930000,3919864.23531700,0
2026-04-09 04:00:00+00:00,2182.49,2182.49,2176.42,2177.64,4180.2073,2026-04-09 04:59:59.999000+00:00,9109485.13602,51344,1363.67640000,2971537.64599000,0
2026-04-09 05:00:00+00:00,2177.64,2188.99,2175.6,2182.17,7702.8529,2026-04-09 05:59:59.999000+00:00,16812904.059056,80008,2939.66430000,6417817.98935100,0
2026-04-09 06:00:00+00:00,2182.18,2186.13,2175.6,2181.51,4273.8514,2026-04-09 06:59:59.999000+00:00,9315838.285055,64601,1369.21440000,2984895.08323100,0
2026-04-09 07:00:00+00:00,2181.52,2185.78,2180.02,2181.14,8099.1789,2026-04-09 07:59:59.999000+00:00,17675963.612828,67266,5138.73910000,11214575.56132200,0
2026-04-09 08:00:00+00:00,2181.14,2190.72,2176.37,2186.37,8257.8256,2026-04-09 08:59:59.999000+00:00,18024968.450018,83387,4823.29400000,10528750.89123300,0
2026-04-09 09:00:00+00:00,2186.36,2197.7,2179.72,2194.14,8927.176,2026-04-09 09:59:59.999000+00:00,19527563.874199,83072,5561.72140000,12167444.89733900,0
2026-04-09 10:00:00+00:00,2194.13,2196.22,2188.08,2190.7,8945.7665,2026-04-09 10:59:59.999000+00:00,19614877.676114,75219,3579.74970000,7848040.50040700,0
2026-04-09 11:00:00+00:00,2190.69,2193.13,2178.31,2180.26,7213.8148,2026-04-09 11:59:59.999000+00:00,15753996.083251,94084,3232.86490000,7060084.07045400,0
2026-04-09 12:00:00+00:00,2180.26,2186.98,2174.27,2183.34,9640.0717,2026-04-09 12:59:59.999000+00:00,21032675.744395,125474,5416.66150000,11819160.59416000,0
2026-04-09 13:00:00+00:00,2183.33,2186.54,2158.19,2165.22,16119.3672,2026-04-09 13:59:59.999000+00:00,34975999.189386,230572,7249.94590000,15732520.71598700,0
2026-04-09 14:00:00+00:00,2165.23,2182.19,2157.31,2177.63,13247.797,2026-04-09 14:59:59.999000+00:00,28742774.897026,243827,7086.86470000,15382395.83606800,0
2026-04-09 15:00:00+00:00,2177.64,2225.0,2169.51,2217.99,37016.1247,2026-04-09 15:59:59.999000+00:00,81532996.332483,454382,21123.09290000,46536555.95211900,0
2026-04-09 16:00:00+00:00,2218.0,2229.4,2193.0,2208.33,19736.8531,2026-04-09 16:59:59.999000+00:00,43628731.792437,285702,9580.50570000,21193421.09930700,0
2026-04-09 17:00:00+00:00,2208.33,2225.47,2206.43,2222.75,16732.2496,2026-04-09 17:59:59.999000+00:00,37122106.197449,261530,9792.13260000,21730532.04397800,0
2026-04-09 18:00:00+00:00,2222.75,2223.69,2200.64,2206.86,9466.94,2026-04-09 18:59:59.999000+00:00,20902896.686654,223124,4074.91640000,8995748.66923700,0
2026-04-09 19:00:00+00:00,2206.86,2224.52,2204.39,2216.42,11262.9973,2026-04-09 19:59:59.999000+00:00,24940422.510519,165546,5729.28810000,12688428.12788800,0
2026-04-09 20:00:00+00:00,2216.42,2222.0,2210.31,2213.08,9292.9452,2026-04-09 20:59:59.999000+00:00,20589820.207373,94049,5424.90080000,12017732.50462100,0
2026-04-09 21:00:00+00:00,2213.08,2226.34,2207.54,2210.78,7702.1243,2026-04-09 21:59:59.999000+00:00,17052428.152697,122353,3399.29220000,7528044.88877100,0
2026-04-09 22:00:00+00:00,2210.79,2246.0,2197.5,2197.69,20803.3917,2026-04-09 22:59:59.999000+00:00,46193553.197237,222974,9788.06010000,21759623.46984200,0
2026-04-09 23:00:00+00:00,2197.69,2201.09,2183.33,2190.2,11787.4426,2026-04-09 23:59:59.999000+00:00,25822577.115925,190556,4796.19100000,10507421.36631200,0
2026-04-10 00:00:00+00:00,2190.17,2197.39,2181.95,2195.17,8145.1058,2026-04-10 00:59:59.999000+00:00,17829120.369181,157225,3783.96760000,8285163.82706400,0
2026-04-10 01:00:00+00:00,2195.17,2204.1,2176.1,2194.7,12958.4122,2026-04-10 01:59:59.999000+00:00,28411095.155439,170431,6828.94160000,14980302.43407600,0
2026-04-10 02:00:00+00:00,2194.69,2198.62,2187.01,2189.12,5478.4437,2026-04-10 02:59:59.999000+00:00,12015244.355985,86258,2019.72880000,4431153.97606000,0
2026-04-10 03:00:00+00:00,2189.11,2192.38,2182.68,2186.06,6591.333,2026-04-10 03:59:59.999000+00:00,14415410.782772,70716,1793.66510000,3922784.23659900,0
2026-04-10 04:00:00+00:00,2186.05,2199.34,2185.95,2195.71,8449.6804,2026-04-10 04:59:59.999000+00:00,18509753.332689,68343,4024.52290000,8816853.91516700,0
2026-04-10 05:00:00+00:00,2195.71,2203.11,2192.49,2196.9,6931.587,2026-04-10 05:59:59.999000+00:00,15238336.522147,71164,2919.73220000,6420406.92887500,0
2026-04-10 06:00:00+00:00,2196.91,2198.44,2184.0,2186.2,7494.4417,2026-04-10 06:59:59.999000+00:00,16414208.152711,70836,2203.84590000,4826038.99729600,0
2026-04-10 07:00:00+00:00,2186.21,2188.57,2176.4,2179.28,8738.2884,2026-04-10 07:59:59.999000+00:00,19075892.628349,66684,3772.74800000,8236907.79625600,0
2026-04-10 08:00:00+00:00,2179.27,2190.11,2177.13,2185.86,7505.4562,2026-04-10 08:59:59.999000+00:00,16390619.574372,67221,4106.26510000,8966612.62662400,0
2026-04-10 09:00:00+00:00,2185.85,2197.58,2185.83,2196.03,7897.3355,2026-04-10 09:59:59.999000+00:00,17320651.988875,86085,4019.70190000,8815736.53664500,0
2026-04-10 10:00:00+00:00,2196.04,2198.29,2190.66,2197.24,5030.0878,2026-04-10 10:59:59.999000+00:00,11037019.230832,63339,2486.61920000,5456464.41574800,0
2026-04-10 11:00:00+00:00,2197.25,2224.28,2197.22,2215.65,27238.3539,2026-04-10 11:59:59.999000+00:00,60364237.383202,146767,12817.68640000,28394076.54101200,0
2026-04-10 12:00:00+00:00,2215.66,2228.51,2208.18,2218.9,21377.2433,2026-04-10 12:59:59.999000+00:00,47441448.762675,196871,8897.78480000,19748504.72539600,0
2026-04-10 13:00:00+00:00,2218.9,2225.51,2208.4,2223.08,13705.7194,2026-04-10 13:59:59.999000+00:00,30397456.448947,192943,7023.14430000,15580884.19249400,0
2026-04-10 14:00:00+00:00,2223.08,2254.27,2220.43,2242.76,39205.5195,2026-04-10 14:59:59.999000+00:00,87856147.487963,348510,21621.55130000,48453797.40528200,0
2026-04-10 15:00:00+00:00,2242.76,2257.99,2220.36,2224.27,21462.2655,2026-04-10 15:59:59.999000+00:00,48040415.225046,258397,9286.44540000,20807952.91480600,0
2026-04-10 16:00:00+00:00,2224.28,2247.42,2221.46,2245.36,14371.2053,2026-04-10 16:59:59.999000+00:00,32149114.415139,205119,9259.31490000,20716128.43361300,0
2026-04-10 17:00:00+00:00,2245.37,2249.45,2239.29,2248.42,8726.5575,2026-04-10 17:59:59.999000+00:00,19584556.24038,117841,4727.27930000,10610464.79197500,0
2026-04-10 18:00:00+00:00,2248.41,2251.9,2239.06,2249.33,8296.7903,2026-04-10 18:59:59.999000+00:00,18641196.37162,103484,4731.22860000,10631758.41485500,0
2026-04-10 19:00:00+00:00,2249.32,2256.0,2243.52,2253.17,6307.8692,2026-04-10 19:59:59.999000+00:00,14193945.983469,83742,2935.15640000,6606253.33522600,0
2026-04-10 20:00:00+00:00,2253.17,2257.14,2243.03,2255.33,10016.3472,2026-04-10 20:59:59.999000+00:00,22549223.269546,104323,5532.55030000,12458050.35295800,0
2026-04-10 21:00:00+00:00,2255.33,2255.68,2242.34,2254.87,6229.9527,2026-04-10 21:59:59.999000+00:00,14011460.339825,86845,2802.72720000,6304419.06689100,0
2026-04-10 22:00:00+00:00,2254.88,2255.49,2235.41,2242.24,7568.2712,2026-04-10 22:59:59.999000+00:00,16990061.071634,67105,2962.41340000,6654185.75740200,0
2026-04-10 23:00:00+00:00,2242.25,2245.66,2239.31,2245.05,3172.8191,2026-04-10 23:59:59.999000+00:00,7115684.983328,38964,1520.29160000,3409605.40599400,0
2026-04-11 00:00:00+00:00,2245.06,2245.06,2235.92,2238.77,5000.1618,2026-04-11 00:59:59.999000+00:00,11195089.283405,42624,2535.41850000,5675087.91735900,0
2026-04-11 01:00:00+00:00,2238.77,2246.5,2234.81,2244.2,5117.0379,2026-04-11 01:59:59.999000+00:00,11465879.409263,51325,1802.71950000,4040457.65705600,0
2026-04-11 02:00:00+00:00,2244.2,2252.15,2242.2,2248.19,4262.1507,2026-04-11 02:59:59.999000+00:00,9578246.989635,47569,2008.51690000,4513916.43890600,0
2026-04-11 03:00:00+00:00,2248.19,2250.78,2235.77,2237.17,4975.7554,2026-04-11 03:59:59.999000+00:00,11162819.391819,49161,1758.01910000,3944113.31380300,0
2026-04-11 04:00:00+00:00,2237.18,2242.93,2235.45,2240.97,5020.1024,2026-04-11 04:59:59.999000+00:00,11242052.61576,51232,2789.62540000,6246686.66149700,0
2026-04-11 05:00:00+00:00,2240.98,2241.71,2229.0,2232.79,8378.0091,2026-04-11 05:59:59.999000+00:00,18723609.955896,59858,3083.42930000,6889597.53373800,0
2026-04-11 06:00:00+00:00,2232.79,2236.73,2229.62,2235.66,5777.1398,2026-04-11 06:59:59.999000+00:00,12900008.417868,43161,3344.74000000,7468340.36963400,0
2026-04-11 07:00:00+00:00,2235.68,2236.51,2230.58,2232.6,3302.0889,2026-04-11 07:59:59.999000+00:00,7375844.914238,28229,1436.17320000,3208395.69823400,0
2026-04-11 08:00:00+00:00,2232.6,2235.43,2232.14,2232.9,4658.7629,2026-04-11 08:59:59.999000+00:00,10406723.468643,27432,2011.60540000,4493377.02056000,0
2026-04-11 09:00:00+00:00,2232.89,2249.31,2232.24,2243.83,10245.6974,2026-04-11 09:59:59.999000+00:00,22972585.464491,64179,5720.39820000,12826531.56142000,0
2026-04-11 10:00:00+00:00,2243.84,2245.12,2237.7,2240.46,3647.1528,2026-04-11 10:59:59.999000+00:00,8172710.637576,37015,1682.79790000,3770775.41951500,0
2026-04-11 11:00:00+00:00,2240.42,2247.0,2238.67,2246.11,4110.2145,2026-04-11 11:59:59.999000+00:00,9215313.51292,33811,1988.94750000,4459882.21115600,0
2026-04-11 12:00:00+00:00,2246.12,2246.71,2241.16,2245.5,2702.3559,2026-04-11 12:59:59.999000+00:00,6065714.747565,30191,1217.56180000,2733267.06267000,0
2026-04-11 13:00:00+00:00,2245.49,2245.5,2233.72,2239.76,6483.544,2026-04-11 13:59:59.999000+00:00,14514913.192412,72403,3111.70790000,6966781.89342300,0
2026-04-11 14:00:00+00:00,2239.75,2244.1,2238.39,2242.1,2755.4128,2026-04-11 14:59:59.999000+00:00,6175433.775474,40452,1259.89960000,2823878.68812500,0
2026-04-11 15:00:00+00:00,2242.1,2256.11,2241.39,2249.54,7055.5261,2026-04-11 15:59:59.999000+00:00,15865957.270369,78054,3356.20670000,7547594.34614400,0
2026-04-11 16:00:00+00:00,2249.54,2274.42,2246.53,2258.68,12794.9999,2026-04-11 16:59:59.999000+00:00,28940841.762635,123962,7642.71970000,17287408.53296700,0
2026-04-11 17:00:00+00:00,2258.68,2265.49,2253.87,2260.01,7292.9373,2026-04-11 17:59:59.999000+00:00,16481643.706249,77423,4442.36290000,10041611.62320900,0
2026-04-11 18:00:00+00:00,2260.01,2311.53,2257.34,2305.44,37997.9082,2026-04-11 18:59:59.999000+00:00,87097163.705477,279018,21962.73130000,50319683.76478400,0
2026-04-11 19:00:00+00:00,2305.43,2329.93,2305.31,2315.96,31171.2632,2026-04-11 19:59:59.999000+00:00,72262429.621276,266399,17017.92240000,39458532.61276700,0
2026-04-11 20:00:00+00:00,2315.96,2317.14,2288.32,2298.32,18271.8949,2026-04-11 20:59:59.999000+00:00,42039818.077224,165803,7102.13210000,16338243.90928200,0
2026-04-11 21:00:00+00:00,2298.32,2304.13,2292.35,2299.36,7471.7,2026-04-11 21:59:59.999000+00:00,17182585.652212,86705,3125.97680000,7190213.28890800,0
2026-04-11 22:00:00+00:00,2299.35,2308.0,2289.03,2296.88,7556.8034,2026-04-11 22:59:59.999000+00:00,17371599.375598,87522,3426.20270000,7879530.84104200,0
2026-04-11 23:00:00+00:00,2296.89,2296.89,2276.47,2284.99,8736.7846,2026-04-11 23:59:59.999000+00:00,19962008.198917,86123,3411.17290000,7794182.53879500,0
2026-04-12 00:00:00+00:00,2285.0,2288.24,2273.0,2285.72,11950.9632,2026-04-12 00:59:59.999000+00:00,27273406.071076,81916,5587.52440000,12758728.63422100,0
2026-04-12 01:00:00+00:00,2285.72,2288.57,2209.14,2219.05,47252.7935,2026-04-12 01:59:59.999000+00:00,105914339.71081,437546,21964.06010000,49227604.31098500,0
2026-04-12 02:00:00+00:00,2219.05,2234.35,2207.06,2223.43,16377.1274,2026-04-12 02:59:59.999000+00:00,36406629.614602,220599,8187.58130000,18201659.77497500,0
2026-04-12 03:00:00+00:00,2223.42,2227.15,2211.99,2213.71,15756.5771,2026-04-12 03:59:59.999000+00:00,34934273.227119,106795,7662.73530000,16985844.41813600,0
2026-04-12 04:00:00+00:00,2213.7,2216.5,2209.08,2212.16,11540.8392,2026-04-12 04:59:59.999000+00:00,25537887.862468,81128,6872.66770000,15206780.01022600,0
2026-04-12 05:00:00+00:00,2212.17,2219.96,2208.32,2217.28,7916.3233,2026-04-12 05:59:59.999000+00:00,17533952.376237,68134,3363.87970000,7451156.35762700,0
2026-04-12 06:00:00+00:00,2217.28,2220.87,2214.71,2216.07,3635.7662,2026-04-12 06:59:59.999000+00:00,8063231.408373,44708,1509.21580000,3347491.47825700,0
2026-04-12 07:00:00+00:00,2216.08,2220.48,2212.2,2218.02,4551.117,2026-04-12 07:59:59.999000+00:00,10086008.33651,44123,2232.49010000,4948446.45968000,0
2026-04-12 08:00:00+00:00,2218.02,2219.04,2211.92,2214.0,5164.478,2026-04-12 08:59:59.999000+00:00,11445655.929012,31192,2312.50290000,5126427.35212900,0
2026-04-12 09:00:00+00:00,2214.0,2216.08,2211.44,2214.19,5214.3202,2026-04-12 09:59:59.999000+00:00,11543599.154981,33141,2587.73580000,5729429.26331900,0
2026-04-12 10:00:00+00:00,2214.2,2217.24,2194.32,2201.66,10789.8651,2026-04-12 10:59:59.999000+00:00,23788808.835951,81430,4335.57120000,9562413.22638400,0
2026-04-12 11:00:00+00:00,2201.65,2207.41,2197.54,2204.62,5559.1,2026-04-12 11:59:59.999000+00:00,12246768.255485,51888,3066.24530000,6754918.19521000,0
2026-04-12 12:00:00+00:00,2204.62,2208.22,2188.0,2194.76,12882.0071,2026-04-12 12:59:59.999000+00:00,28324696.302546,105828,6678.88690000,14684313.72437200,0
2026-04-12 13:00:00+00:00,2194.76,2199.17,2185.17,2186.98,15286.3697,2026-04-12 13:59:59.999000+00:00,33503680.769047,158704,6324.11530000,13864758.96937100,0
2026-04-12 14:00:00+00:00,2186.98,2193.53,2178.69,2180.86,16800.0145,2026-04-12 14:59:59.999000+00:00,36742502.318081,139893,8708.73990000,19056153.06000200,0
2026-04-12 15:00:00+00:00,2180.88,2188.89,2175.0,2186.47,8622.2898,2026-04-12 15:59:59.999000+00:00,18812627.870871,85325,4330.98820000,9452335.97212600,0
2026-04-12 16:00:00+00:00,2186.47,2190.43,2183.09,2187.09,4674.3927,2026-04-12 16:59:59.999000+00:00,10221220.676962,53716,2211.33400000,4836474.38192900,0
2026-04-12 17:00:00+00:00,2187.09,2205.0,2187.09,2203.17,7545.5178,2026-04-12 17:59:59.999000+00:00,16572546.479858,80626,5065.40470000,11125578.70489300,0
2026-04-12 18:00:00+00:00,2203.18,2207.23,2199.56,2200.6,5588.7032,2026-04-12 18:59:59.999000+00:00,12312160.688884,59534,2846.48320000,6271431.08493200,0
2026-04-12 19:00:00+00:00,2200.6,2205.2,2197.4,2198.27,3607.8964,2026-04-12 19:59:59.999000+00:00,7943679.940291,34095,1183.27170000,2605119.46232100,0
2026-04-12 20:00:00+00:00,2198.27,2218.13,2193.34,2213.53,8794.3235,2026-04-12 20:59:59.999000+00:00,19405465.554551,91423,4870.54270000,10751377.63203100,0
2026-04-12 21:00:00+00:00,2213.54,2217.71,2205.19,2211.24,4865.707,2026-04-12 21:59:59.999000+00:00,10752186.398283,72652,2352.92820000,5199984.80030000,0
2026-04-12 22:00:00+00:00,2211.24,2211.26,2183.99,2199.37,16989.2668,2026-04-12 22:59:59.999000+00:00,37276685.13697,284928,8753.07870000,19208384.53022100,0
2026-04-12 23:00:00+00:00,2199.36,2199.36,2186.35,2191.65,6791.1234,2026-04-12 23:59:59.999000+00:00,14878825.92292,126484,2650.26060000,5805765.30538600,0
2026-04-13 00:00:00+00:00,2191.64,2208.32,2187.2,2205.18,10357.5572,2026-04-13 00:59:59.999000+00:00,22785757.603431,147883,5421.55290000,11927121.20472900,0
2026-04-13 01:00:00+00:00,2205.18,2209.05,2200.55,2203.69,5431.0629,2026-04-13 01:59:59.999000+00:00,11972016.423512,90196,2515.13770000,5544235.94423900,0
2026-04-13 02:00:00+00:00,2203.68,2205.84,2192.49,2194.22,5454.4607,2026-04-13 02:59:59.999000+00:00,11987012.54772,83468,1879.69300000,4130636.24779200,0
2026-04-13 03:00:00+00:00,2194.23,2195.8,2190.1,2194.36,5212.3977,2026-04-13 03:59:59.999000+00:00,11430885.880353,64129,2897.69330000,6355878.25896300,0
2026-04-13 04:00:00+00:00,2194.36,2199.14,2187.58,2190.26,4948.9015,2026-04-13 04:59:59.999000+00:00,10857510.044808,61756,2606.20090000,5719864.67819000,0
2026-04-13 05:00:00+00:00,2190.25,2191.35,2182.22,2191.34,7155.0899,2026-04-13 05:59:59.999000+00:00,15654674.70222,76203,3628.63400000,7940066.35016900,0
2026-04-13 06:00:00+00:00,2191.34,2201.45,2190.32,2198.49,11369.6534,2026-04-13 06:59:59.999000+00:00,24973439.171018,84903,7670.97470000,16848982.44660700,0
2026-04-13 07:00:00+00:00,2198.49,2199.76,2183.11,2186.56,9718.1181,2026-04-13 07:59:59.999000+00:00,21266852.440196,84096,5383.89150000,11782157.00720600,0
2026-04-13 08:00:00+00:00,2186.57,2189.65,2180.0,2185.28,7895.1899,2026-04-13 08:59:59.999000+00:00,17243938.529931,89485,3174.50050000,6935454.34263400,0
2026-04-13 09:00:00+00:00,2185.28,2195.34,2185.28,2188.08,3884.4226,2026-04-13 09:59:59.999000+00:00,8506598.50209,73033,2288.18980000,5010718.57281500,0
2026-04-13 10:00:00+00:00,2188.08,2188.78,2179.0,2183.41,4548.1763,2026-04-13 10:59:59.999000+00:00,9933353.176629,72629,2232.92930000,4877345.06540900,0
2026-04-13 11:00:00+00:00,2183.41,2190.96,2182.45,2187.33,4289.7666,2026-04-13 11:59:59.999000+00:00,9381939.017209,73756,2245.73940000,4911329.05347400,0
2026-04-13 12:00:00+00:00,2187.33,2200.0,2175.68,2192.25,16772.6337,2026-04-13 12:59:59.999000+00:00,36706033.279631,138328,9847.04360000,21555510.89498300,0
2026-04-13 13:00:00+00:00,2192.3,2215.62,2181.4,2215.47,30435.3799,2026-04-13 13:59:59.999000+00:00,66924603.674535,309092,17998.52330000,39582969.03552300,0
2026-04-13 14:00:00+00:00,2215.46,2235.03,2203.45,2234.18,31071.8324,2026-04-13 14:59:59.999000+00:00,68911542.923546,345782,16888.93770000,37466532.55827200,0
2026-04-13 15:00:00+00:00,2234.18,2236.43,2199.52,2209.28,25979.5165,2026-04-13 15:59:59.999000+00:00,57577165.462225,288397,9696.75270000,21471840.86693200,0
2026-04-13 16:00:00+00:00,2209.28,2234.62,2200.0,2225.86,16260.3153,2026-04-13 16:59:59.999000+00:00,36130341.442929,289724,7700.08890000,17104294.84566000,0
2026-04-13 17:00:00+00:00,2225.85,2242.9,2222.5,2225.13,12050.6755,2026-04-13 17:59:59.999000+00:00,26901877.22244,177573,5703.45770000,12740111.75071500,0
2026-04-13 18:00:00+00:00,2225.12,2233.63,2218.53,2232.23,6657.7952,2026-04-13 18:59:59.999000+00:00,14827907.623786,122129,3091.41510000,6886693.23726000,0
2026-04-13 19:00:00+00:00,2232.22,2268.88,2227.72,2262.33,29841.8728,2026-04-13 19:59:59.999000+00:00,67189314.986146,290573,17665.68160000,39779243.94128300,0
2026-04-13 20:00:00+00:00,2262.33,2263.48,2247.5,2252.49,14180.552,2026-04-13 20:59:59.999000+00:00,31968330.904424,145810,5394.61290000,12162696.73301600,0
2026-04-13 21:00:00+00:00,2252.49,2266.66,2249.62,2260.07,8155.7034,2026-04-13 21:59:59.999000+00:00,18415867.677915,102557,4507.97320000,10179445.61187800,0
2026-04-13 22:00:00+00:00,2260.07,2363.94,2259.81,2352.74,95874.8042,2026-04-13 22:59:59.999000+00:00,222961804.801229,735353,51009.30810000,118609941.68233100,0
2026-04-13 23:00:00+00:00,2352.74,2394.71,2341.53,2369.46,86324.9515,2026-04-13 23:59:59.999000+00:00,204744247.548331,580702,43150.97270000,102320261.40165800,0
2026-04-14 00:00:00+00:00,2369.46,2375.9,2359.55,2361.0,27078.1045,2026-04-14 00:59:59.999000+00:00,64109094.094589,240541,13315.66750000,31530111.49182300,0
2026-04-14 01:00:00+00:00,2361.01,2373.42,2354.6,2368.7,21849.8271,2026-04-14 01:59:59.999000+00:00,51651285.541023,160789,11187.60120000,26457612.70206800,0
2026-04-14 02:00:00+00:00,2368.7,2378.06,2366.22,2367.62,14924.9864,2026-04-14 02:59:59.999000+00:00,35391146.782414,123040,7876.57920000,18680111.29848400,0
2026-04-14 03:00:00+00:00,2367.62,2370.53,2361.55,2365.5,10579.9345,2026-04-14 03:59:59.999000+00:00,25039982.866897,90969,5466.60260000,12938430.47276100,0
2026-04-14 04:00:00+00:00,2365.5,2368.38,2361.81,2364.33,7975.3935,2026-04-14 04:59:59.999000+00:00,18863000.790141,84904,4498.53010000,10640422.86548500,0
2026-04-14 05:00:00+00:00,2364.34,2369.55,2354.76,2355.49,15577.023,2026-04-14 05:59:59.999000+00:00,36792197.022971,97685,7088.91430000,16745761.09220600,0
2026-04-14 06:00:00+00:00,2355.49,2376.68,2355.49,2373.08,13857.3449,2026-04-14 06:59:59.999000+00:00,32795717.278682,100479,8710.89400000,20617910.71221900,0
2026-04-14 07:00:00+00:00,2373.08,2389.99,2370.59,2377.91,26446.3596,2026-04-14 07:59:59.999000+00:00,62883844.746673,187229,12602.18800000,29970185.73451000,0
2026-04-14 08:00:00+00:00,2377.92,2396.03,2374.04,2387.61,24928.2101,2026-04-14 08:59:59.999000+00:00,59471018.743958,191828,13506.31200000,32226541.54203400,0
2026-04-14 09:00:00+00:00,2387.62,2394.73,2382.82,2387.14,13416.5833,2026-04-14 09:59:59.999000+00:00,32053933.818016,149792,7410.01190000,17704990.11377600,0
2026-04-14 10:00:00+00:00,2387.14,2387.85,2373.0,2375.08,13047.6141,2026-04-14 10:59:59.999000+00:00,31064069.304314,110402,6670.46240000,15879423.98823600,0
2026-04-14 11:00:00+00:00,2375.08,2377.91,2367.61,2374.53,14778.9188,2026-04-14 11:59:59.999000+00:00,35083010.048833,112131,8712.98020000,20683463.11501000,0
2026-04-14 12:00:00+00:00,2374.54,2377.74,2368.56,2373.94,12278.3595,2026-04-14 12:59:59.999000+00:00,29134449.377638,131022,5555.56530000,13182992.19127500,0
2026-04-14 13:00:00+00:00,2373.95,2395.97,2372.67,2391.5,37056.2013,2026-04-14 13:59:59.999000+00:00,88452670.382155,225925,18472.34210000,44087755.88761500,0
2026-04-14 14:00:00+00:00,2391.51,2415.5,2352.59,2353.05,64481.5343,2026-04-14 14:59:59.999000+00:00,153668866.584445,377532,32011.08860000,76279432.13139800,0
2026-04-14 15:00:00+00:00,2353.05,2372.12,2332.72,2364.63,41191.3033,2026-04-14 15:59:59.999000+00:00,96837722.489628,278673,22207.52070000,52223842.73825400,0
2026-04-14 16:00:00+00:00,2364.62,2371.48,2329.56,2334.0,20715.8534,2026-04-14 16:59:59.999000+00:00,48728319.267683,188163,7370.59290000,17345144.23132300,0
2026-04-14 17:00:00+00:00,2334.0,2345.49,2323.66,2338.37,14195.9839,2026-04-14 17:59:59.999000+00:00,33125853.934055,159814,5809.96180000,13557986.93948500,0
2026-04-14 18:00:00+00:00,2338.37,2344.69,2309.28,2313.89,22655.0283,2026-04-14 18:59:59.999000+00:00,52740722.315229,198831,7705.62110000,17930611.10010300,0
2026-04-14 19:00:00+00:00,2313.89,2322.73,2302.9,2313.32,15604.0232,2026-04-14 19:59:59.999000+00:00,36095449.866121,149279,7498.17310000,17345052.60364500,0
2026-04-14 20:00:00+00:00,2313.32,2322.73,2308.53,2315.1,6539.0735,2026-04-14 20:59:59.999000+00:00,15139638.77214,77913,2778.25990000,6433999.47209000,0
2026-04-14 21:00:00+00:00,2315.1,2326.21,2314.87,2323.72,6233.4385,2026-04-14 21:59:59.999000+00:00,14462194.586895,73109,3428.98920000,7955053.02377700,0
2026-04-14 22:00:00+00:00,2323.72,2332.35,2311.75,2314.99,9731.0497,2026-04-14 22:59:59.999000+00:00,22588958.395708,108848,3941.21140000,9151388.29000100,0
2026-04-14 23:00:00+00:00,2314.99,2326.65,2314.32,2322.44,4965.2354,2026-04-14 23:59:59.999000+00:00,11526502.063914,70667,2322.40680000,5390713.54673700,0
2026-04-15 00:00:00+00:00,2322.44,2342.76,2321.63,2333.81,10921.3059,2026-04-15 00:59:59.999000+00:00,25503361.745188,125777,5388.63060000,12583683.95051700,0
2026-04-15 01:00:00+00:00,2333.8,2342.6,2331.18,2335.66,7454.8421,2026-04-15 01:59:59.999000+00:00,17417183.524069,87212,3415.15070000,7980130.43764600,0
2026-04-15 02:00:00+00:00,2335.66,2338.02,2317.56,2324.77,6851.7801,2026-04-15 02:59:59.999000+00:00,15935320.5362,67569,2517.49140000,5854327.61486400,0
2026-04-15 03:00:00+00:00,2324.78,2329.39,2320.57,2328.81,3673.6185,2026-04-15 03:59:59.999000+00:00,8540244.122535,45487,1878.90930000,4367856.57512000,0
2026-04-15 04:00:00+00:00,2328.82,2334.7,2328.0,2333.44,4920.3218,2026-04-15 04:59:59.999000+00:00,11471935.402063,47393,2621.49710000,6112804.51102100,0
2026-04-15 05:00:00+00:00,2333.43,2338.23,2314.0,2319.45,8570.8757,2026-04-15 05:59:59.999000+00:00,19922079.086856,73614,3329.27200000,7741476.18299500,0
2026-04-15 06:00:00+00:00,2319.44,2321.02,2314.99,2317.37,6070.7059,2026-04-15 06:59:59.999000+00:00,14069965.274485,41839,2938.85380000,6810342.65052500,0
2026-04-15 07:00:00+00:00,2317.37,2323.53,2308.5,2316.62,11943.6405,2026-04-15 07:59:59.999000+00:00,27640877.922602,91121,5962.03140000,13800161.15411800,0
2026-04-15 08:00:00+00:00,2316.62,2333.0,2314.07,2327.4,16606.8901,2026-04-15 08:59:59.999000+00:00,38588897.771445,109236,9542.44130000,22174375.37703400,0
2026-04-15 09:00:00+00:00,2327.4,2329.62,2318.47,2319.95,4819.8486,2026-04-15 09:59:59.999000+00:00,11193772.245491,82337,1872.38500000,4347220.47237500,0
2026-04-15 10:00:00+00:00,2319.95,2328.52,2312.15,2316.64,7926.8066,2026-04-15 10:59:59.999000+00:00,18385736.234985,133075,3619.21660000,8397291.48780400,0
2026-04-15 11:00:00+00:00,2316.65,2339.42,2316.65,2337.43,10421.2382,2026-04-15 11:59:59.999000+00:00,24287226.724252,124157,5089.17050000,11860981.41204500,0
2026-04-15 12:00:00+00:00,2337.42,2340.0,2329.66,2332.98,8755.6666,2026-04-15 12:59:59.999000+00:00,20448519.807918,121124,5271.86870000,12313907.12040200,0
2026-04-15 13:00:00+00:00,2332.97,2334.76,2317.54,2326.94,11829.0249,2026-04-15 13:59:59.999000+00:00,27514766.18186,212332,5525.78260000,12858581.66557900,0
2026-04-15 14:00:00+00:00,2326.93,2344.88,2321.94,2338.4,16587.6534,2026-04-15 14:59:59.999000+00:00,38731440.500857,236704,8459.91980000,19766147.23830000,0
2026-04-15 15:00:00+00:00,2338.41,2349.46,2320.77,2332.04,18184.4927,2026-04-15 15:59:59.999000+00:00,42447863.383553,242751,7850.42210000,18328179.30324700,0
2026-04-15 16:00:00+00:00,2332.03,2349.87,2329.1,2341.48,11622.9701,2026-04-15 16:59:59.999000+00:00,27208925.738366,209137,6078.29370000,14229283.28016600,0
2026-04-15 17:00:00+00:00,2341.48,2358.82,2339.65,2348.66,16815.8182,2026-04-15 17:59:59.999000+00:00,39483567.794414,200240,8060.13400000,18932867.67807400,0
2026-04-15 18:00:00+00:00,2348.66,2359.96,2346.34,2358.66,10732.0648,2026-04-15 18:59:59.999000+00:00,25256240.87367,169894,4419.01930000,10400765.95159700,0
2026-04-15 19:00:00+00:00,2358.66,2385.61,2357.37,2375.05,20867.7512,2026-04-15 19:59:59.999000+00:00,49491510.3714,253764,9635.12550000,22851887.70260500,0
2026-04-15 20:00:00+00:00,2375.05,2376.31,2353.72,2362.95,11389.336,2026-04-15 20:59:59.999000+00:00,26907284.206365,156123,4592.49070000,10846431.69776700,0
2026-04-15 21:00:00+00:00,2362.95,2363.5,2348.58,2361.3,9619.6481,2026-04-15 21:59:59.999000+00:00,22661663.745641,114065,5076.30900000,11959729.87228400,0
2026-04-15 22:00:00+00:00,2361.29,2380.45,2360.33,2363.45,17952.2343,2026-04-15 22:59:59.999000+00:00,42570202.147304,174144,8675.38670000,20572698.22212400,0
2026-04-15 23:00:00+00:00,2363.46,2363.46,2349.6,2359.95,13652.1034,2026-04-15 23:59:59.999000+00:00,32162759.13757,113776,4622.91350000,10891278.29077400,0
2026-04-16 00:00:00+00:00,2359.94,2363.54,2349.93,2360.58,5089.6025,2026-04-16 00:59:59.999000+00:00,11996522.09654,106875,2313.08620000,5452257.25611300,0
2026-04-16 01:00:00+00:00,2360.58,2360.58,2345.04,2352.06,5778.7342,2026-04-16 01:59:59.999000+00:00,13589187.745374,106123,2327.65090000,5473674.89104800,0
2026-04-16 02:00:00+00:00,2352.06,2369.59,2350.01,2356.68,8626.0775,2026-04-16 02:59:59.999000+00:00,20359265.352082,144070,3982.46340000,9398087.42332200,0
2026-04-16 03:00:00+00:00,2356.67,2365.88,2355.91,2357.86,4878.3062,2026-04-16 03:59:59.999000+00:00,11515256.030378,88843,2362.41080000,5577375.13154900,0
2026-04-16 04:00:00+00:00,2357.85,2364.0,2348.38,2354.13,6478.9831,2026-04-16 04:59:59.999000+00:00,15269312.224765,95249,2662.99980000,6276930.54838100,0
2026-04-16 05:00:00+00:00,2354.14,2361.79,2349.59,2356.86,7640.4611,2026-04-16 05:59:59.999000+00:00,18003332.240166,77317,4209.88850000,9919194.19765000,0
2026-04-16 06:00:00+00:00,2356.86,2360.57,2349.77,2356.01,6083.5709,2026-04-16 06:59:59.999000+00:00,14327334.999857,67829,3145.84900000,7408434.49562300,0
2026-04-16 07:00:00+00:00,2356.02,2357.56,2335.72,2341.52,12827.0905,2026-04-16 07:59:59.999000+00:00,30106191.341259,101445,5474.35670000,12849745.34233400,0
2026-04-16 08:00:00+00:00,2341.52,2345.98,2334.65,2339.11,9100.1126,2026-04-16 08:59:59.999000+00:00,21291703.866196,97871,4145.34990000,9699383.53727100,0
2026-04-16 09:00:00+00:00,2339.12,2348.4,2337.79,2338.09,10880.1782,2026-04-16 09:59:59.999000+00:00,25485797.275973,95439,4982.58560000,11665623.39807800,0
2026-04-16 10:00:00+00:00,2338.09,2340.21,2328.64,2332.42,12442.8726,2026-04-16 10:59:59.999000+00:00,29031038.152864,130086,6479.25400000,15115521.84155700,0
2026-04-16 11:00:00+00:00,2332.42,2336.26,2329.8,2335.67,6294.7818,2026-04-16 11:59:59.999000+00:00,14685427.173958,73516,3666.85710000,8555263.51812400,0
2026-04-16 12:00:00+00:00,2335.68,2349.45,2334.99,2340.44,8984.2195,2026-04-16 12:59:59.999000+00:00,21032296.934124,97123,4566.96340000,10693943.42645000,0
2026-04-16 13:00:00+00:00,2340.44,2351.8,2290.57,2308.29,42907.1349,2026-04-16 13:59:59.999000+00:00,99616265.238943,385849,20980.16820000,48716982.60316200,0
2026-04-16 14:00:00+00:00,2308.28,2316.34,2285.1,2309.97,39904.1263,2026-04-16 14:59:59.999000+00:00,91835585.233339,409334,17424.14450000,40105947.14323600,0
2026-04-16 15:00:00+00:00,2309.96,2349.84,2308.5,2339.01,30320.2111,2026-04-16 15:59:59.999000+00:00,70656392.316309,326371,17666.80670000,41182654.82006800,0
2026-04-16 16:00:00+00:00,2339.01,2348.69,2309.96,2316.76,22375.2714,2026-04-16 16:59:59.999000+00:00,52134171.952769,289721,10360.88230000,24155874.57988700,0
2026-04-16 17:00:00+00:00,2316.77,2329.48,2310.0,2325.79,11322.7343,2026-04-16 17:59:59.999000+00:00,26279100.351028,207212,5692.21400000,13214186.73485200,0
2026-04-16 18:00:00+00:00,2325.8,2346.66,2320.4,2343.1,19719.0157,2026-04-16 18:59:59.999000+00:00,46025175.998975,240320,8299.02340000,19357561.53357900,0
2026-04-16 19:00:00+00:00,2343.11,2361.96,2334.66,2359.7,19102.8217,2026-04-16 19:59:59.999000+00:00,44875082.924338,214341,9420.05180000,22143616.83537000,0
2026-04-16 20:00:00+00:00,2359.69,2364.68,2341.51,2350.23,17899.2598,2026-04-16 20:59:59.999000+00:00,42146433.330919,149417,6953.01380000,16374174.98984200,0
2026-04-16 21:00:00+00:00,2350.23,2356.53,2336.25,2341.17,7555.301,2026-04-16 21:59:59.999000+00:00,17713506.448966,94618,2839.88070000,6660358.65775100,0
2026-04-16 22:00:00+00:00,2341.18,2350.56,2339.3,2342.6,7404.2463,2026-04-16 22:59:59.999000+00:00,17354544.974292,108820,3270.43720000,7666556.09388600,0
2026-04-16 23:00:00+00:00,2342.59,2355.0,2341.61,2348.17,5345.8245,2026-04-16 23:59:59.999000+00:00,12553801.689849,85421,2695.90600000,6330858.03209800,0
2026-04-17 00:00:00+00:00,2348.16,2350.9,2341.0,2344.4,5096.9585,2026-04-17 00:59:59.999000+00:00,11953487.369844,97890,2337.78750000,5482559.14356700,0
2026-04-17 01:00:00+00:00,2344.39,2349.0,2327.34,2335.38,9065.6351,2026-04-17 01:59:59.999000+00:00,21170250.703983,105448,4257.51400000,9940243.93442800,0
2026-04-17 02:00:00+00:00,2335.37,2338.74,2324.93,2331.75,3963.8143,2026-04-17 02:59:59.999000+00:00,9236282.119846,63573,1683.03990000,3922328.81762900,0
2026-04-17 03:00:00+00:00,2331.75,2331.77,2323.83,2325.52,3875.5735,2026-04-17 03:59:59.999000+00:00,9023962.547491,61826,1470.71680000,3424450.29383900,0
2026-04-17 04:00:00+00:00,2325.53,2333.73,2324.21,2328.96,3921.1627,2026-04-17 04:59:59.999000+00:00,9133741.907664,56647,1448.01960000,3373425.64679900,0
2026-04-17 05:00:00+00:00,2328.96,2329.36,2317.43,2319.29,10909.5799,2026-04-17 05:59:59.999000+00:00,25326812.17035,84243,5167.85520000,11996653.43687800,0
2026-04-17 06:00:00+00:00,2319.29,2332.4,2317.49,2331.09,8766.8731,2026-04-17 06:59:59.999000+00:00,20386897.958258,75679,4008.17280000,9321922.73057000,0
2026-04-17 07:00:00+00:00,2331.1,2342.02,2330.09,2334.16,7881.1481,2026-04-17 07:59:59.999000+00:00,18411780.455274,87477,4142.20700000,9677572.83758200,0
2026-04-17 08:00:00+00:00,2334.15,2359.27,2332.98,2354.87,14930.4864,2026-04-17 08:59:59.999000+00:00,35041306.959305,138259,7343.16310000,17238009.33139700,0
2026-04-17 09:00:00+00:00,2354.87,2377.0,2348.28,2359.1,22969.8945,2026-04-17 09:59:59.999000+00:00,54201868.773421,225127,12708.94080000,30005806.99344100,0
2026-04-17 10:00:00+00:00,2359.1,2361.1,2336.45,2344.01,18019.5018,2026-04-17 10:59:59.999000+00:00,42295827.392405,160700,8090.79100000,18987739.08627500,0
2026-04-17 11:00:00+00:00,2344.01,2356.96,2343.08,2354.99,9954.5648,2026-04-17 11:59:59.999000+00:00,23409265.294075,91636,3540.19040000,8321984.80407000,0
2026-04-17 12:00:00+00:00,2355.0,2382.66,2349.4,2371.97,25552.7435,2026-04-17 12:59:59.999000+00:00,60476557.276611,279048,13259.91040000,31404629.85076200,0
2026-04-17 13:00:00+00:00,2371.97,2440.45,2366.8,2437.05,108132.4591,2026-04-17 13:59:59.999000+00:00,260700536.074629,847270,60182.44340000,145062630.61263500,0
2026-04-17 14:00:00+00:00,2437.05,2456.93,2426.31,2447.25,58878.8986,2026-04-17 14:59:59.999000+00:00,143762981.531626,477651,29324.15200000,71644570.52467600,0
2026-04-17 15:00:00+00:00,2447.25,2449.99,2433.16,2441.96,28271.7852,2026-04-17 15:59:59.999000+00:00,69052797.950372,311023,11739.24180000,28679117.08711700,0
2026-04-17 16:00:00+00:00,2441.96,2464.91,2441.49,2451.3,25909.3116,2026-04-17 16:59:59.999000+00:00,63563713.324938,226946,12760.66650000,31317951.26275400,0
2026-04-17 17:00:00+00:00,2451.31,2452.5,2422.08,2440.42,21460.1278,2026-04-17 17:59:59.999000+00:00,52271730.905824,276513,8347.21630000,20333168.62208100,0
2026-04-17 18:00:00+00:00,2440.42,2442.68,2415.41,2419.99,18100.8743,2026-04-17 18:59:59.999000+00:00,43881412.297512,235254,7915.15390000,19184211.19122200,0
2026-04-17 19:00:00+00:00,2420.0,2432.92,2417.17,2427.92,11328.0538,2026-04-17 19:59:59.999000+00:00,27491041.297947,167111,6274.70430000,15227956.97700700,0
2026-04-17 20:00:00+00:00,2427.92,2435.29,2417.01,2426.78,7432.0733,2026-04-17 20:59:59.999000+00:00,18032337.249803,102203,3027.45410000,7349038.72412800,0
2026-04-17 21:00:00+00:00,2426.76,2433.48,2418.71,2429.49,10249.1991,2026-04-17 21:59:59.999000+00:00,24879012.884209,83818,4122.02790000,10006860.87116500,0
2026-04-17 22:00:00+00:00,2429.49,2444.34,2422.78,2433.52,41952.2647,2026-04-17 22:59:59.999000+00:00,102169492.906217,171488,31194.03250000,75978308.16969600,0
2026-04-17 23:00:00+00:00,2433.52,2433.52,2415.47,2419.0,15108.3778,2026-04-17 23:59:59.999000+00:00,36594295.254502,114824,8219.56820000,19904817.84925900,0
2026-04-18 00:00:00+00:00,2419.0,2423.58,2410.06,2420.99,9442.6515,2026-04-18 00:59:59.999000+00:00,22829198.217971,97201,4318.74210000,10440709.56977800,0
2026-04-18 01:00:00+00:00,2420.99,2427.64,2416.8,2420.99,6314.6879,2026-04-18 01:59:59.999000+00:00,15294184.357122,76539,2541.41230000,6155802.91031000,0
2026-04-18 02:00:00+00:00,2421.0,2424.85,2416.83,2419.2,5207.8575,2026-04-18 02:59:59.999000+00:00,12608725.592383,55362,2784.25310000,6740439.41964000,0
2026-04-18 03:00:00+00:00,2419.21,2419.83,2399.54,2405.04,8107.5633,2026-04-18 03:59:59.999000+00:00,19532863.385808,77938,2906.52620000,7006569.76640000,0
2026-04-18 04:00:00+00:00,2405.03,2410.48,2399.52,2407.48,4894.9602,2026-04-18 04:59:59.999000+00:00,11774388.478479,65014,2359.82350000,5676901.59846800,0
2026-04-18 05:00:00+00:00,2407.48,2413.54,2405.83,2408.95,2586.2278,2026-04-18 05:59:59.999000+00:00,6231103.206184,36069,1161.08670000,2797543.69564900,0
2026-04-18 06:00:00+00:00,2408.94,2411.87,2405.52,2410.0,2945.3983,2026-04-18 06:59:59.999000+00:00,7097579.388691,32754,1741.93850000,4197715.70596200,0
2026-04-18 07:00:00+00:00,2410.0,2411.12,2401.67,2403.71,4515.4091,2026-04-18 07:59:59.999000+00:00,10863343.22778,36857,1233.82700000,2968425.50016500,0
2026-04-18 08:00:00+00:00,2403.71,2404.85,2367.39,2380.57,25832.0067,2026-04-18 08:59:59.999000+00:00,61576296.217553,191582,10863.47420000,25879234.06478000,0
2026-04-18 09:00:00+00:00,2380.57,2380.93,2369.75,2376.04,9571.8861,2026-04-18 09:59:59.999000+00:00,22741060.141723,88474,4769.30170000,11331224.80584500,0
2026-04-18 10:00:00+00:00,2376.03,2376.03,2353.88,2359.34,18142.5656,2026-04-18 10:59:59.999000+00:00,42837095.42401,141051,8920.46890000,21057597.06642200,0
2026-04-18 11:00:00+00:00,2359.34,2360.47,2343.44,2352.96,14433.3994,2026-04-18 11:59:59.999000+00:00,33953637.709624,160733,6993.48840000,16453708.82266300,0
2026-04-18 12:00:00+00:00,2352.96,2362.5,2351.15,2357.93,8121.2724,2026-04-18 12:59:59.999000+00:00,19144570.573524,112310,4303.69840000,10146299.88025500,0
2026-04-18 13:00:00+00:00,2357.92,2360.07,2345.25,2355.13,9779.7365,2026-04-18 13:59:59.999000+00:00,23006579.157,113920,5740.37400000,13502439.80326400,0
2026-04-18 14:00:00+00:00,2355.13,2366.0,2349.72,2365.23,26117.5187,2026-04-18 14:59:59.999000+00:00,61587697.204067,104267,7585.49250000,17891009.30985900,0
2026-04-18 15:00:00+00:00,2365.23,2369.66,2359.11,2363.64,13336.9852,2026-04-18 15:59:59.999000+00:00,31513398.057889,87326,4788.84110000,11318387.23481500,0
2026-04-18 16:00:00+00:00,2363.64,2375.14,2357.57,2360.87,12285.7588,2026-04-18 16:59:59.999000+00:00,29025019.631739,109767,5515.10990000,13040127.98097700,0
2026-04-18 17:00:00+00:00,2360.86,2364.87,2355.0,2361.46,10741.1145,2026-04-18 17:59:59.999000+00:00,25342142.154506,74018,4121.07230000,9731370.82060000,0
2026-04-18 18:00:00+00:00,2361.47,2363.64,2339.92,2347.44,11078.9477,2026-04-18 18:59:59.999000+00:00,26051853.578112,133049,6068.21030000,14281534.91997300,0
2026-04-18 19:00:00+00:00,2347.45,2356.02,2346.49,2348.59,5076.6851,2026-04-18 19:59:59.999000+00:00,11934682.4409,67983,2933.43220000,6896697.29393200,0
2026-04-18 20:00:00+00:00,2348.59,2354.9,2344.96,2352.62,3744.8446,2026-04-18 20:59:59.999000+00:00,8800066.631456,55542,2370.64570000,5571033.66843400,0
2026-04-18 21:00:00+00:00,2352.61,2355.33,2347.74,2355.33,4154.6368,2026-04-18 21:59:59.999000+00:00,9772783.381882,49181,2078.69390000,4890103.57562700,0
2026-04-18 22:00:00+00:00,2355.32,2359.46,2348.63,2356.53,2745.8838,2026-04-18 22:59:59.999000+00:00,6464122.948271,51226,1542.25790000,3631356.48988400,0
2026-04-18 23:00:00+00:00,2356.54,2359.5,2349.68,2350.32,2563.3913,2026-04-18 23:59:59.999000+00:00,6036975.668509,27762,1084.89860000,2555234.70718200,0
2026-04-19 00:00:00+00:00,2350.33,2355.3,2344.35,2349.09,3439.1131,2026-04-19 00:59:59.999000+00:00,8078262.027527,50790,1267.52770000,2978087.23068100,0
2026-04-19 01:00:00+00:00,2349.09,2353.0,2341.66,2348.03,5285.1901,2026-04-19 01:59:59.999000+00:00,12404624.569156,57928,3433.44180000,8058164.04144000,0
2026-04-19 02:00:00+00:00,2348.04,2349.2,2333.44,2338.25,8271.2463,2026-04-19 02:59:59.999000+00:00,19364945.289601,92804,3226.39970000,7554963.02483100,0
2026-04-19 03:00:00+00:00,2338.24,2344.09,2332.1,2339.77,3295.8301,2026-04-19 03:59:59.999000+00:00,7711997.858169,59548,1418.88940000,3320848.78445000,0
2026-04-19 04:00:00+00:00,2339.77,2346.11,2321.62,2333.34,9557.8518,2026-04-19 04:59:59.999000+00:00,22289179.942052,81628,4418.06950000,10305496.84655900,0
2026-04-19 05:00:00+00:00,2333.34,2338.68,2329.0,2332.76,4832.87,2026-04-19 05:59:59.999000+00:00,11275015.305753,54410,2037.81210000,4755554.20074400,0
2026-04-19 06:00:00+00:00,2332.75,2333.12,2321.88,2327.2,14717.5852,2026-04-19 06:59:59.999000+00:00,34272829.390722,91819,7913.87850000,18429778.49644400,0
2026-04-19 07:00:00+00:00,2327.2,2327.32,2300.0,2316.03,25296.4448,2026-04-19 07:59:59.999000+00:00,58431369.332157,174463,9873.84870000,22815357.26252900,0
2026-04-19 08:00:00+00:00,2316.03,2320.96,2311.2,2318.69,6286.5382,2026-04-19 08:59:59.999000+00:00,14561317.671743,88912,3034.89980000,7029475.26984600,0
2026-04-19 09:00:00+00:00,2318.69,2319.36,2306.42,2310.24,4969.1452,2026-04-19 09:59:59.999000+00:00,11495615.934525,80793,2236.66750000,5175148.45564000,0
2026-04-19 10:00:00+00:00,2310.24,2320.15,2306.73,2318.01,3803.1001,2026-04-19 10:59:59.999000+00:00,8796250.250897,62711,2248.63870000,5201515.20265500,0
2026-04-19 11:00:00+00:00,2318.02,2331.13,2317.53,2329.38,8216.7405,2026-04-19 11:59:59.999000+00:00,19121213.553561,83911,3859.11420000,8977598.99648100,0
2026-04-19 12:00:00+00:00,2329.38,2337.24,2325.0,2331.29,10647.4565,2026-04-19 12:59:59.999000+00:00,24823205.582964,87382,5564.63680000,12971972.46484900,0
2026-04-19 13:00:00+00:00,2331.29,2350.24,2330.85,2338.67,12823.5829,2026-04-19 13:59:59.999000+00:00,30021644.816709,132922,6737.96700000,15772905.08824100,0
2026-04-19 14:00:00+00:00,2338.67,2343.12,2327.35,2338.09,6753.5851,2026-04-19 14:59:59.999000+00:00,15775268.615826,107602,3643.52320000,8512629.36905300,0
2026-04-19 15:00:00+00:00,2338.09,2341.49,2315.29,2330.8,7442.0947,2026-04-19 15:59:59.999000+00:00,17335788.256639,126160,3411.09930000,7946068.21218900,0
2026-04-19 16:00:00+00:00,2330.8,2331.34,2304.7,2311.68,10427.6144,2026-04-19 16:59:59.999000+00:00,24148963.806834,146606,5049.01920000,11684515.61749300,0
2026-04-19 17:00:00+00:00,2311.68,2317.81,2294.5,2296.59,19133.8743,2026-04-19 17:59:59.999000+00:00,44095011.391439,198137,8468.89240000,19531730.82265000,0
2026-04-19 18:00:00+00:00,2296.58,2301.25,2287.62,2295.78,16668.7481,2026-04-19 18:59:59.999000+00:00,38255511.707577,167416,7908.03480000,18151521.26021300,0
2026-04-19 19:00:00+00:00,2295.78,2304.78,2294.42,2299.65,7573.4719,2026-04-19 19:59:59.999000+00:00,17416108.151871,96694,4108.33790000,9446763.50980600,0
2026-04-19 20:00:00+00:00,2299.66,2300.0,2273.51,2280.61,19343.7054,2026-04-19 20:59:59.999000+00:00,44186915.421289,155040,6687.70580000,15284916.04142000,0
2026-04-19 21:00:00+00:00,2280.61,2290.34,2274.98,2276.09,7305.1882,2026-04-19 21:59:59.999000+00:00,16681668.3623,99251,4128.88580000,9429937.88228700,0
2026-04-19 22:00:00+00:00,2276.08,2276.08,2252.72,2269.79,28519.8571,2026-04-19 22:59:59.999000+00:00,64584541.001388,298528,13674.45900000,30962496.26113400,0
2026-04-19 23:00:00+00:00,2269.78,2270.4,2256.33,2263.27,11475.9936,2026-04-19 23:59:59.999000+00:00,25981264.852351,132805,5449.15310000,12337562.54731000,0
2026-04-20 00:00:00+00:00,2263.28,2283.14,2259.67,2280.01,12643.2639,2026-04-20 00:59:59.999000+00:00,28767564.645443,116303,7387.03850000,16807567.08356600,0
2026-04-20 01:00:00+00:00,2280.02,2294.3,2278.2,2286.17,7563.3705,2026-04-20 01:59:59.999000+00:00,17285020.124849,91813,3908.60710000,8933015.42993000,0
2026-04-20 02:00:00+00:00,2286.16,2287.63,2272.25,2277.43,5859.7575,2026-04-20 02:59:59.999000+00:00,13357479.579213,75984,3025.61040000,6897487.05693800,0
2026-04-20 03:00:00+00:00,2277.43,2288.58,2276.08,2286.56,3966.857,2026-04-20 03:59:59.999000+00:00,9050146.39966,49682,2452.57330000,5595340.70091100,0
2026-04-20 04:00:00+00:00,2286.55,2286.55,2278.84,2283.39,5327.0777,2026-04-20 04:59:59.999000+00:00,12160062.253242,42325,2157.20450000,4924206.87192600,0
2026-04-20 05:00:00+00:00,2283.39,2283.39,2263.18,2270.21,8416.403,2026-04-20 05:59:59.999000+00:00,19105483.869034,77430,4855.34980000,11020810.21934100,0
2026-04-20 06:00:00+00:00,2270.21,2289.0,2268.78,2286.17,7027.7389,2026-04-20 06:59:59.999000+00:00,16018784.294846,86474,3826.03040000,8723662.08338600,0
2026-04-20 07:00:00+00:00,2286.17,2332.88,2283.02,2298.8,38704.943,2026-04-20 07:59:59.999000+00:00,89155313.546817,273136,19811.88960000,45653764.59032200,0
2026-04-20 08:00:00+00:00,2298.81,2308.65,2289.82,2294.09,14250.2542,2026-04-20 08:59:59.999000+00:00,32739073.392443,151584,7444.62140000,17106641.36814500,0
2026-04-20 09:00:00+00:00,2294.08,2313.64,2293.3,2309.06,8516.3025,2026-04-20 09:59:59.999000+00:00,19640794.578728,140085,5073.68610000,11699756.88174600,0
2026-04-20 10:00:00+00:00,2309.06,2320.0,2303.23,2303.39,7456.3501,2026-04-20 10:59:59.999000+00:00,17242416.144158,120970,3829.43940000,8857068.02533700,0
2026-04-20 11:00:00+00:00,2303.39,2312.33,2300.0,2308.42,7390.6587,2026-04-20 11:59:59.999000+00:00,17053910.550254,115968,3755.22140000,8666151.57265300,0
2026-04-20 12:00:00+00:00,2308.42,2323.02,2304.46,2318.88,11999.4475,2026-04-20 12:59:59.999000+00:00,27774892.408364,175653,6172.37780000,14290158.67725000,0
2026-04-20 13:00:00+00:00,2318.88,2326.36,2301.53,2310.82,17038.1365,2026-04-20 13:59:59.999000+00:00,39427317.481282,312700,8539.87410000,19769914.77923400,0
2026-04-20 14:00:00+00:00,2310.82,2321.98,2283.0,2290.9,33102.9123,2026-04-20 14:59:59.999000+00:00,76099997.438058,416525,11729.10860000,26998130.54168500,0
2026-04-20 15:00:00+00:00,2290.91,2319.0,2278.38,2313.91,23294.0376,2026-04-20 15:59:59.999000+00:00,53627867.232783,369339,12225.48590000,28158597.24781300,0
2026-04-20 16:00:00+00:00,2313.92,2315.01,2298.76,2300.07,9601.3892,2026-04-20 16:59:59.999000+00:00,22144705.68152,154214,4389.01110000,10122193.74155400,0
2026-04-20 17:00:00+00:00,2300.07,2322.4,2297.97,2317.06,12548.2286,2026-04-20 17:59:59.999000+00:00,29032865.37986,205933,6540.65910000,15133186.88458500,0
2026-04-20 18:00:00+00:00,2317.06,2344.19,2317.06,2334.23,23517.3105,2026-04-20 18:59:59.999000+00:00,54831370.051925,237483,12397.45770000,28904406.57410600,0
2026-04-20 19:00:00+00:00,2334.24,2336.43,2327.27,2331.78,7765.5746,2026-04-20 19:59:59.999000+00:00,18103018.268243,112719,3264.81820000,7610943.39461200,0
2026-04-20 20:00:00+00:00,2331.78,2340.15,2325.33,2337.59,8921.2342,2026-04-20 20:59:59.999000+00:00,20816184.876104,102019,4720.43090000,11016692.51208200,0
2026-04-20 21:00:00+00:00,2337.58,2346.78,2315.21,2321.65,14498.1636,2026-04-20 21:59:59.999000+00:00,33767165.742479,142250,6532.49470000,15223694.68108100,0
2026-04-20 22:00:00+00:00,2321.64,2328.52,2316.75,2319.4,5121.2471,2026-04-20 22:59:59.999000+00:00,11891006.179222,94741,2431.51120000,5646423.89840100,0
2026-04-20 23:00:00+00:00,2319.4,2319.4,2307.74,2313.85,6469.4072,2026-04-20 23:59:59.999000+00:00,14959757.860166,86291,2557.12730000,5912217.77435700,0
2026-04-21 00:00:00+00:00,2313.84,2324.7,2311.66,2321.94,5640.5103,2026-04-21 00:59:59.999000+00:00,13069941.059871,101546,2884.01370000,6683491.88431300,0
2026-04-21 01:00:00+00:00,2321.94,2326.64,2312.66,2315.16,5266.9132,2026-04-21 01:59:59.999000+00:00,12219412.284394,83047,2733.58570000,6342205.09772300,0
2026-04-21 02:00:00+00:00,2315.16,2315.72,2306.45,2308.34,5528.1609,2026-04-21 02:59:59.999000+00:00,12771247.95815,71460,2119.49230000,4896386.18540200,0
2026-04-21 03:00:00+00:00,2308.34,2312.9,2300.01,2311.62,6345.6065,2026-04-21 03:59:59.999000+00:00,14631296.931224,71422,3155.32090000,7277128.51123400,0
2026-04-21 04:00:00+00:00,2311.62,2315.87,2304.06,2314.59,3834.0953,2026-04-21 04:59:59.999000+00:00,8855561.198548,57144,2077.86210000,4799757.55129400,0
2026-04-21 05:00:00+00:00,2314.59,2320.69,2312.65,2314.07,3741.6506,2026-04-21 05:59:59.999000+00:00,8667134.502887,63089,1701.88730000,3942362.54399500,0
2026-04-21 06:00:00+00:00,2314.07,2327.05,2308.01,2317.36,5716.0288,2026-04-21 06:59:59.999000+00:00,13242151.503198,80431,2868.33290000,6647791.64714600,0
2026-04-21 07:00:00+00:00,2317.37,2324.98,2311.56,2318.48,9653.5986,2026-04-21 07:59:59.999000+00:00,22392722.669155,102961,6676.78830000,15488222.77158300,0
2026-04-21 08:00:00+00:00,2318.48,2338.75,2314.0,2323.43,8919.8273,2026-04-21 08:59:59.999000+00:00,20744667.483551,118047,4562.88820000,10613855.67460400,0
2026-04-21 09:00:00+00:00,2323.42,2327.65,2318.37,2325.69,5091.0695,2026-04-21 09:59:59.999000+00:00,11827684.598876,99016,2305.32700000,5356332.49871200,0
2026-04-21 10:00:00+00:00,2325.7,2337.27,2325.33,2331.15,7326.5133,2026-04-21 10:59:59.999000+00:00,17077690.965366,88920,3473.53800000,8098023.28792000,0
2026-04-21 11:00:00+00:00,2331.15,2331.29,2316.14,2320.45,9302.9582,2026-04-21 11:59:59.999000+00:00,21612857.231905,114817,3686.39190000,8564422.20576300,0
2026-04-21 12:00:00+00:00,2320.45,2324.68,2294.39,2308.54,16334.8429,2026-04-21 12:59:59.999000+00:00,37705644.686939,198332,7254.29610000,16754142.76198500,0
2026-04-21 13:00:00+00:00,2308.54,2317.37,2301.0,2312.77,9222.5973,2026-04-21 13:59:59.999000+00:00,21286763.85763,220479,5160.10800000,11910055.42375400,0
2026-04-21 14:00:00+00:00,2312.77,2327.5,2295.0,2299.35,13991.7538,2026-04-21 14:59:59.999000+00:00,32346120.987977,269526,6087.93870000,14085614.68804100,0
2026-04-21 15:00:00+00:00,2299.35,2310.72,2290.35,2310.24,12568.8512,2026-04-21 15:59:59.999000+00:00,28936458.69411,261985,5770.93060000,13286413.76987800,0
2026-04-21 16:00:00+00:00,2310.25,2324.73,2306.51,2307.45,12280.4691,2026-04-21 16:59:59.999000+00:00,28424911.91115,188451,5207.74390000,12056768.78679800,0
2026-04-21 17:00:00+00:00,2307.44,2319.61,2284.19,2306.21,18658.5883,2026-04-21 17:59:59.999000+00:00,42968576.573262,265501,7736.01000000,17811625.70202300,0
2026-04-21 18:00:00+00:00,2306.2,2313.33,2300.29,2312.72,7991.7076,2026-04-21 18:59:59.999000+00:00,18430194.670126,155748,3738.31260000,8620726.06498800,0
2026-04-21 19:00:00+00:00,2312.72,2332.0,2287.3,2298.41,23355.8438,2026-04-21 19:59:59.999000+00:00,53905835.992577,301668,11364.73930000,26240805.19934600,0
2026-04-21 20:00:00+00:00,2298.42,2325.88,2296.04,2314.56,19563.429,2026-04-21 20:59:59.999000+00:00,45305001.147762,203665,10085.26830000,23354323.36504400,0
2026-04-21 21:00:00+00:00,2314.55,2318.0,2309.41,2312.56,4222.5347,2026-04-21 21:59:59.999000+00:00,9767075.62688,67472,2005.56170000,4638822.29216800,0
2026-04-21 22:00:00+00:00,2312.56,2316.76,2301.9,2311.35,5248.7593,2026-04-21 22:59:59.999000+00:00,12120218.697299,105344,2418.80360000,5584662.96162200,0
2026-04-21 23:00:00+00:00,2311.35,2329.47,2310.92,2327.14,6839.6675,2026-04-21 23:59:59.999000+00:00,15877778.406743,108863,3546.31670000,8232562.97064300,0
2026-04-22 00:00:00+00:00,2327.15,2330.82,2322.62,2325.58,5576.6357,2026-04-22 00:59:59.999000+00:00,12975367.248797,102662,2750.51000000,6400465.91451000,0
2026-04-22 01:00:00+00:00,2325.57,2328.73,2312.95,2322.37,6606.1381,2026-04-22 01:59:59.999000+00:00,15339858.801709,99774,3568.42930000,8288172.70803200,0
2026-04-22 02:00:00+00:00,2322.37,2375.23,2320.22,2370.34,35435.1615,2026-04-22 02:59:59.999000+00:00,83353940.218965,325543,19655.85230000,46227152.62958100,0
2026-04-22 03:00:00+00:00,2370.35,2379.66,2358.49,2363.62,19156.4486,2026-04-22 03:59:59.999000+00:00,45356358.628,198106,10152.57770000,24038964.20734400,0
2026-04-22 04:00:00+00:00,2363.63,2369.54,2358.41,2363.81,8422.8355,2026-04-22 04:59:59.999000+00:00,19906309.922266,99854,3791.98090000,8963892.99093200,0
2026-04-22 05:00:00+00:00,2363.82,2413.83,2361.85,2396.81,55731.406,2026-04-22 05:59:59.999000+00:00,133447161.769222,360554,26759.58480000,64025362.19345900,0
2026-04-22 06:00:00+00:00,2396.81,2397.06,2389.44,2393.37,12010.9363,2026-04-22 06:59:59.999000+00:00,28735170.218234,108257,5047.32630000,12075060.71580400,0
2026-04-22 07:00:00+00:00,2393.38,2397.62,2383.33,2389.97,13184.7681,2026-04-22 07:59:59.999000+00:00,31523807.244234,99617,5256.81090000,12570620.36953700,0
2026-04-22 08:00:00+00:00,2389.98,2393.91,2383.0,2388.22,13789.8585,2026-04-22 08:59:59.999000+00:00,32929228.869026,108228,7548.37380000,18026175.60998400,0
2026-04-22 09:00:00+00:00,2388.22,2394.27,2385.0,2387.51,7492.288,2026-04-22 09:59:59.999000+00:00,17908850.345069,103109,4042.10300000,9662280.04163400,0
2026-04-22 10:00:00+00:00,2387.52,2393.68,2385.15,2390.2,7644.1127,2026-04-22 10:59:59.999000+00:00,18269609.584887,83771,3180.08790000,7600164.52372600,0
2026-04-22 11:00:00+00:00,2390.21,2400.78,2386.51,2398.44,12475.1132,2026-04-22 11:59:59.999000+00:00,29856958.055355,131747,6916.17100000,16554890.24604000,0
2026-04-22 12:00:00+00:00,2398.44,2407.03,2396.16,2404.92,14367.4269,2026-04-22 12:59:59.999000+00:00,34495861.415072,202535,7946.48760000,19081528.93471800,0
2026-04-22 13:00:00+00:00,2404.91,2423.0,2401.27,2417.4,28321.2416,2026-04-22 13:59:59.999000+00:00,68303399.653964,392062,15842.70980000,38212556.40938200,0
2026-04-22 14:00:00+00:00,2417.4,2423.75,2391.5,2403.17,26739.8227,2026-04-22 14:59:59.999000+00:00,64362631.554791,378955,14663.66450000,35287764.21191400,0
2026-04-22 15:00:00+00:00,2403.17,2413.89,2390.9,2403.83,29310.3346,2026-04-22 15:59:59.999000+00:00,70368947.243727,297465,15599.48260000,37458627.49613200,0
2026-04-22 16:00:00+00:00,2403.84,2413.75,2384.17,2386.14,19934.1991,2026-04-22 16:59:59.999000+00:00,47757722.899697,247971,7234.36970000,17338057.18539300,0
2026-04-22 17:00:00+00:00,2386.15,2402.5,2386.15,2399.21,11859.3039,2026-04-22 17:59:59.999000+00:00,28400323.403886,184963,6600.12700000,15807708.38398400,0
2026-04-22 18:00:00+00:00,2399.21,2404.69,2395.09,2396.91,7000.2611,2026-04-22 18:59:59.999000+00:00,16802707.04403,123640,3638.80700000,8734553.87733600,0
2026-04-22 19:00:00+00:00,2396.92,2407.24,2389.18,2397.79,11527.4479,2026-04-22 19:59:59.999000+00:00,27640964.833021,167304,6307.80580000,15126568.77579800,0
2026-04-22 20:00:00+00:00,2397.8,2402.34,2390.81,2391.92,8758.4624,2026-04-22 20:59:59.999000+00:00,20985133.855547,104034,4331.69470000,10379767.64179000,0
2026-04-22 21:00:00+00:00,2391.91,2406.11,2391.88,2402.55,7026.7345,2026-04-22 21:59:59.999000+00:00,16855766.176989,63452,3117.26270000,7478047.05488200,0
2026-04-22 22:00:00+00:00,2402.55,2405.38,2394.09,2400.09,5897.7986,2026-04-22 22:59:59.999000+00:00,14150110.194515,108907,3269.26470000,7844092.94257400,0
2026-04-22 23:00:00+00:00,2400.08,2400.48,2373.95,2374.07,11438.3904,2026-04-22 23:59:59.999000+00:00,27259740.019684,137733,4536.78380000,10814448.42905400,0
2026-04-23 00:00:00+00:00,2374.08,2382.0,2342.8,2372.96,36491.312,2026-04-23 00:59:59.999000+00:00,86363789.510522,377576,21162.73350000,50121742.14188700,0
2026-04-23 01:00:00+00:00,2372.96,2372.97,2360.72,2366.79,7971.3587,2026-04-23 01:59:59.999000+00:00,18863105.745146,142948,4532.35970000,10724109.07353700,0
2026-04-23 02:00:00+00:00,2366.79,2366.86,2344.35,2351.96,16562.4079,2026-04-23 02:59:59.999000+00:00,38989337.725516,194316,6884.46910000,16212050.70223100,0
2026-04-23 03:00:00+00:00,2351.96,2353.44,2331.5,2340.81,15181.0367,2026-04-23 03:59:59.999000+00:00,35520979.110211,181189,7620.61740000,17827743.75880400,0
2026-04-23 04:00:00+00:00,2340.82,2348.66,2337.12,2347.84,6876.0742,2026-04-23 04:59:59.999000+00:00,16116169.048049,94739,3796.49930000,8898643.55836400,0
2026-04-23 05:00:00+00:00,2347.84,2352.61,2340.19,2348.77,9395.0987,2026-04-23 05:59:59.999000+00:00,22059799.423131,106984,3466.42310000,8139123.09454500,0
2026-04-23 06:00:00+00:00,2348.77,2358.93,2348.77,2354.43,11877.4383,2026-04-23 06:59:59.999000+00:00,27964000.10075,116361,4881.20180000,11494430.46107000,0
2026-04-23 07:00:00+00:00,2354.44,2356.85,2340.0,2344.43,11195.0451,2026-04-23 07:59:59.999000+00:00,26296989.007106,109736,4291.08580000,10076554.52255700,0
2026-04-23 08:00:00+00:00,2344.43,2345.0,2335.0,2339.92,17537.3805,2026-04-23 08:59:59.999000+00:00,41042951.407667,118649,9838.56260000,23028089.20223200,0
2026-04-23 09:00:00+00:00,2339.91,2339.91,2313.58,2316.25,27426.2566,2026-04-23 09:59:59.999000+00:00,63702382.092029,171120,11315.48470000,26273255.96446600,0
2026-04-23 10:00:00+00:00,2316.24,2319.17,2305.61,2314.09,19663.9824,2026-04-23 10:59:59.999000+00:00,45459292.788263,177270,8699.11410000,20110638.71737700,0
2026-04-23 11:00:00+00:00,2314.09,2331.99,2314.09,2328.97,13523.4182,2026-04-23 11:59:59.999000+00:00,31414560.447585,146038,6222.57760000,14450694.68789100,0
2026-04-23 12:00:00+00:00,2328.96,2335.23,2320.81,2328.87,11828.3231,2026-04-23 12:59:59.999000+00:00,27540149.807261,159172,5788.61580000,13477703.90874300,0
2026-04-23 13:00:00+00:00,2328.88,2332.5,2315.23,2319.82,12436.9399,2026-04-23 13:59:59.999000+00:00,28893654.930821,209897,6438.42980000,14958087.46513700,0
2026-04-23 14:00:00+00:00,2319.81,2335.12,2316.07,2334.24,13699.8644,2026-04-23 14:59:59.999000+00:00,31884154.630362,239273,7842.51960000,18253145.91856600,0
2026-04-23 15:00:00+00:00,2334.24,2343.58,2324.15,2333.26,14842.7727,2026-04-23 15:59:59.999000+00:00,34646352.726838,207863,7236.26190000,16892149.09648300,0
2026-04-23 16:00:00+00:00,2333.26,2335.76,2323.39,2326.38,8034.7963,2026-04-23 16:59:59.999000+00:00,18720846.869606,130326,4604.73770000,10727738.64087400,0
2026-04-23 17:00:00+00:00,2326.39,2329.24,2285.42,2310.42,45125.7374,2026-04-23 17:59:59.999000+00:00,103931725.469526,503725,19975.49310000,46007705.70549200,0
2026-04-23 18:00:00+00:00,2310.42,2319.04,2304.42,2305.31,14250.7026,2026-04-23 18:59:59.999000+00:00,32961044.945497,226562,7103.01970000,16431797.38672400,0
2026-04-23 19:00:00+00:00,2305.3,2318.97,2300.7,2312.88,11612.5476,2026-04-23 19:59:59.999000+00:00,26837882.498136,138461,3886.03770000,8980536.77408700,0
2026-04-23 20:00:00+00:00,2312.87,2329.48,2312.74,2325.37,10663.5008,2026-04-23 20:59:59.999000+00:00,24768845.646654,100675,4790.45030000,11128468.31433500,0
2026-04-23 21:00:00+00:00,2325.36,2328.85,2320.73,2321.66,6005.6248,2026-04-23 21:59:59.999000+00:00,13962612.383459,56220,2251.85360000,5235719.37075700,0
2026-04-23 22:00:00+00:00,2321.66,2338.79,2321.66,2331.97,8475.7696,2026-04-23 22:59:59.999000+00:00,19770664.735178,109092,4357.69020000,10162822.55149200,0
2026-04-23 23:00:00+00:00,2331.97,2333.18,2323.71,2330.26,5968.3038,2026-04-23 23:59:59.999000+00:00,13901055.631912,61387,2651.66120000,6175760.61595300,0
2026-04-24 00:00:00+00:00,2330.27,2337.5,2326.68,2332.48,5575.8374,2026-04-24 00:59:59.999000+00:00,13004056.184055,92408,2610.86240000,6091332.15054900,0
2026-04-24 01:00:00+00:00,2332.47,2334.23,2318.69,2332.84,6039.2936,2026-04-24 01:59:59.999000+00:00,14043509.276208,88685,2504.70550000,5826069.74729600,0
2026-04-24 02:00:00+00:00,2332.83,2335.39,2315.05,2319.91,6028.7269,2026-04-24 02:59:59.999000+00:00,14023178.419728,82036,2349.02770000,5465843.94877800,0
2026-04-24 03:00:00+00:00,2319.9,2322.84,2301.35,2308.64,9361.0353,2026-04-24 03:59:59.999000+00:00,21610528.852811,116754,4046.15640000,9341350.01524300,0
2026-04-24 04:00:00+00:00,2308.63,2311.75,2300.5,2306.16,6882.2118,2026-04-24 04:59:59.999000+00:00,15866281.588292,79071,3797.57690000,8754631.24274900,0
2026-04-24 05:00:00+00:00,2306.16,2317.35,2300.22,2314.74,8521.9314,2026-04-24 05:59:59.999000+00:00,19677719.350147,91840,3623.64600000,8367466.46265200,0
2026-04-24 06:00:00+00:00,2314.75,2316.87,2308.71,2309.2,5049.9538,2026-04-24 06:59:59.999000+00:00,11678413.907459,69542,1922.85300000,4446985.24898400,0
2026-04-24 07:00:00+00:00,2309.21,2316.85,2308.48,2311.63,8194.8432,2026-04-24 07:59:59.999000+00:00,18953725.125587,68299,5794.01050000,13400887.35806100,0
2026-04-24 08:00:00+00:00,2311.63,2322.99,2307.49,2315.24,11658.1971,2026-04-24 08:59:59.999000+00:00,27003768.717928,84426,5656.71230000,13101165.61760700,0
2026-04-24 09:00:00+00:00,2315.24,2315.79,2303.74,2310.18,6774.4396,2026-04-24 09:59:59.999000+00:00,15639565.584456,97064,3316.15780000,7655684.84465600,0
2026-04-24 10:00:00+00:00,2310.19,2319.06,2306.0,2316.02,4784.8663,2026-04-24 10:59:59.999000+00:00,11068033.225894,77546,2234.87260000,5170451.62814900,0
2026-04-24 11:00:00+00:00,2316.01,2332.26,2316.01,2328.1,12651.4171,2026-04-24 11:59:59.999000+00:00,29443789.444393,181816,6683.20650000,15551579.31865100,0
2026-04-24 12:00:00+00:00,2328.1,2331.85,2318.53,2325.25,9855.0136,2026-04-24 12:59:59.999000+00:00,22929271.843367,126499,3912.87390000,9106257.50335000,0
2026-04-24 13:00:00+00:00,2325.26,2331.67,2310.99,2317.32,9015.9396,2026-04-24 13:59:59.999000+00:00,20930450.073579,197485,3850.57070000,8938785.95788700,0
2026-04-24 14:00:00+00:00,2317.32,2318.4,2304.07,2313.41,13688.6377,2026-04-24 14:59:59.999000+00:00,31632659.009279,212058,6743.73970000,15584871.36416600,0
2026-04-24 15:00:00+00:00,2313.42,2329.73,2301.61,2323.81,14252.1395,2026-04-24 15:59:59.999000+00:00,33003107.501246,179277,6522.72760000,15108593.65382000,0
2026-04-24 16:00:00+00:00,2323.81,2324.23,2310.0,2316.67,6290.7827,2026-04-24 16:59:59.999000+00:00,14572709.842453,118035,2619.48360000,6067780.11822400,0
2026-04-24 17:00:00+00:00,2316.66,2322.0,2308.82,2319.6,7562.0537,2026-04-24 17:59:59.999000+00:00,17513313.478317,104149,3472.65120000,8041737.81555300,0
2026-04-24 18:00:00+00:00,2319.59,2321.41,2310.01,2319.92,5197.7671,2026-04-24 18:59:59.999000+00:00,12039834.031945,88320,2391.42520000,5538584.28425400,0
2026-04-24 19:00:00+00:00,2319.93,2325.0,2319.22,2321.6,5615.6482,2026-04-24 19:59:59.999000+00:00,13037490.674645,77178,2660.17510000,6175639.15153700,0
2026-04-24 20:00:00+00:00,2321.59,2328.16,2315.38,2326.47,6361.6058,2026-04-24 20:59:59.999000+00:00,14773239.923321,56557,3412.50830000,7925752.45454200,0
2026-04-24 21:00:00+00:00,2326.47,2327.52,2312.6,2315.18,7039.3094,2026-04-24 21:59:59.999000+00:00,16325405.127599,51130,3469.99120000,8046838.49900700,0
2026-04-24 22:00:00+00:00,2315.19,2316.17,2307.2,2311.92,6034.2204,2026-04-24 22:59:59.999000+00:00,13954873.179985,51155,3782.75180000,8749962.77440800,0
2026-04-24 23:00:00+00:00,2311.93,2316.05,2311.93,2314.99,1451.7469,2026-04-24 23:59:59.999000+00:00,3359901.855125,22494,806.15220000,1865741.72364200,0
2026-04-25 00:00:00+00:00,2314.98,2316.05,2311.27,2316.04,1576.4557,2026-04-25 00:59:59.999000+00:00,3647302.712752,22909,818.91170000,1894568.76747100,0
2026-04-25 01:00:00+00:00,2316.04,2321.36,2315.46,2318.0,2215.4404,2026-04-25 01:59:59.999000+00:00,5136617.334033,26753,1390.80180000,3224501.72206000,0
2026-04-25 02:00:00+00:00,2318.01,2319.27,2314.78,2317.4,2081.6226,2026-04-25 02:59:59.999000+00:00,4823503.969358,23455,955.36980000,2213838.35360200,0
2026-04-25 03:00:00+00:00,2317.41,2320.43,2315.12,2318.43,1765.5401,2026-04-25 03:59:59.999000+00:00,4091977.287534,20890,862.12300000,1998306.88252900,0
2026-04-25 04:00:00+00:00,2318.44,2319.01,2316.15,2316.79,1445.5685,2026-04-25 04:59:59.999000+00:00,3350009.13544,16422,634.90200000,1471379.40514300,0
2026-04-25 05:00:00+00:00,2316.8,2316.8,2313.3,2316.01,1473.4562,2026-04-25 05:59:59.999000+00:00,3410999.061997,21202,673.82970000,1559947.73184300,0
2026-04-25 06:00:00+00:00,2316.01,2317.64,2314.89,2316.01,1591.222,2026-04-25 06:59:59.999000+00:00,3685777.655199,18293,831.55410000,1925999.66312800,0
2026-04-25 07:00:00+00:00,2316.0,2318.81,2314.26,2316.48,1817.9079,2026-04-25 07:59:59.999000+00:00,4209873.511224,18729,922.48950000,2136400.26636600,0
2026-04-25 08:00:00+00:00,2316.48,2320.92,2315.92,2319.44,1641.0374,2026-04-25 08:59:59.999000+00:00,3805370.827837,21127,861.79160000,1998467.84800300,0
2026-04-25 09:00:00+00:00,2319.43,2323.21,2317.17,2319.12,4665.1404,2026-04-25 09:59:59.999000+00:00,10826108.335246,30835,1834.76050000,4256438.36469900,0
2026-04-25 10:00:00+00:00,2319.11,2322.74,2318.93,2320.56,2081.2043,2026-04-25 10:59:59.999000+00:00,4829261.678815,21474,1092.31110000,2534653.84084200,0
2026-04-25 11:00:00+00:00,2320.57,2320.57,2311.2,2313.64,3083.4151,2026-04-25 11:59:59.999000+00:00,7137571.55849,33012,1082.63450000,2506100.49179400,0
2026-04-25 12:00:00+00:00,2313.65,2317.02,2311.88,2313.55,3479.1391,2026-04-25 12:59:59.999000+00:00,8051518.078635,29928,2168.86530000,5019066.56767800,0
2026-04-25 13:00:00+00:00,2313.56,2317.88,2313.56,2316.25,2342.7918,2026-04-25 13:59:59.999000+00:00,5426850.319931,22641,1141.27420000,2643675.89913800,0
2026-04-25 14:00:00+00:00,2316.25,2318.94,2315.27,2316.02,3122.024,2026-04-25 14:59:59.999000+00:00,7233835.829825,31127,1573.69890000,3646225.71442700,0
2026-04-25 15:00:00+00:00,2316.03,2318.68,2303.0,2308.09,6697.5229,2026-04-25 15:59:59.999000+00:00,15480276.103062,49425,2818.33750000,6517908.23517100,0
2026-04-25 16:00:00+00:00,2308.08,2311.03,2300.55,2309.53,10410.5762,2026-04-25 16:59:59.999000+00:00,24017898.230187,59426,5633.49500000,12996805.88544000,0
2026-04-25 17:00:00+00:00,2309.54,2313.62,2307.34,2309.36,4362.4731,2026-04-25 17:59:59.999000+00:00,10078921.21477,32298,1855.43780000,4286378.31014200,0
2026-04-25 18:00:00+00:00,2309.36,2313.98,2308.28,2311.55,2819.9631,2026-04-25 18:59:59.999000+00:00,6517399.117968,27493,1512.79920000,3496336.23401300,0
2026-04-25 19:00:00+00:00,2311.55,2312.31,2307.12,2310.06,2083.6742,2026-04-25 19:59:59.999000+00:00,4813477.019973,24149,916.95570000,2118376.75672500,0
2026-04-25 20:00:00+00:00,2310.06,2313.21,2308.85,2313.2,1361.6127,2026-04-25 20:59:59.999000+00:00,3146616.449427,18552,670.80950000,1550095.54150000,0
2026-04-25 21:00:00+00:00,2313.21,2317.35,2312.86,2315.8,2432.5274,2026-04-25 21:59:59.999000+00:00,5632204.291749,29214,1333.00870000,3086427.20209900,0
2026-04-25 22:00:00+00:00,2315.79,2320.42,2315.09,2317.75,1894.6646,2026-04-25 22:59:59.999000+00:00,4391644.635768,35129,1020.01570000,2364255.76525800,0
2026-04-25 23:00:00+00:00,2317.76,2319.86,2316.92,2319.5,1694.2394,2026-04-25 23:59:59.999000+00:00,3928573.179323,24274,983.67610000,2280975.54498400,0
2026-04-26 00:00:00+00:00,2319.49,2320.06,2312.0,2315.37,2339.5759,2026-04-26 00:59:59.999000+00:00,5418698.137549,30136,1246.42580000,2887305.87888000,0
2026-04-26 01:00:00+00:00,2315.37,2317.88,2313.48,2313.85,2629.4889,2026-04-26 01:59:59.999000+00:00,6089296.026052,27248,841.26160000,1948170.82988800,0
2026-04-26 02:00:00+00:00,2313.84,2318.4,2313.58,2315.15,1662.7268,2026-04-26 02:59:59.999000+00:00,3851278.475498,21543,535.11310000,1239495.69591300,0
2026-04-26 03:00:00+00:00,2315.15,2316.35,2306.72,2310.0,3380.9336,2026-04-26 03:59:59.999000+00:00,7814282.24988,29427,786.29570000,1816787.58797200,0
2026-04-26 04:00:00+00:00,2309.99,2319.76,2308.97,2317.74,2619.1557,2026-04-26 04:59:59.999000+00:00,6062443.049498,36119,1370.35990000,3172491.97258300,0
2026-04-26 05:00:00+00:00,2317.73,2336.48,2317.57,2327.84,15716.8287,2026-04-26 05:59:59.999000+00:00,36617203.402359,106067,8231.61250000,19176888.22469700,0
2026-04-26 06:00:00+00:00,2327.85,2333.27,2327.46,2329.99,4332.5642,2026-04-26 06:59:59.999000+00:00,10095712.982016,37923,2199.26530000,5125183.01674400,0
2026-04-26 07:00:00+00:00,2330.0,2332.25,2328.58,2331.24,2312.7848,2026-04-26 07:59:59.999000+00:00,5388359.922392,23391,1038.46020000,2419467.34396900,0
2026-04-26 08:00:00+00:00,2331.25,2337.68,2330.49,2332.38,4685.4608,2026-04-26 08:59:59.999000+00:00,10932576.787542,38741,2686.25900000,6268140.57758900,0
2026-04-26 09:00:00+00:00,2332.37,2335.59,2329.66,2334.69,2480.1917,2026-04-26 09:59:59.999000+00:00,5784667.488918,27860,1252.49440000,2921417.25419500,0
2026-04-26 10:00:00+00:00,2334.68,2336.32,2331.7,2332.95,2898.4361,2026-04-26 10:59:59.999000+00:00,6764149.170327,24275,1275.24940000,2976180.29578400,0
2026-04-26 11:00:00+00:00,2332.95,2337.5,2332.75,2335.95,2047.1479,2026-04-26 11:59:59.999000+00:00,4780434.179429,31076,886.51330000,2070301.67991700,0
2026-04-26 12:00:00+00:00,2335.96,2336.4,2324.19,2328.89,4449.0366,2026-04-26 12:59:59.999000+00:00,10366846.459591,42719,1874.31930000,4368347.83184400,0
2026-04-26 13:00:00+00:00,2328.9,2336.0,2328.11,2335.22,3739.8665,2026-04-26 13:59:59.999000+00:00,8721871.274,38320,2305.23440000,5375630.35923400,0
2026-04-26 14:00:00+00:00,2335.21,2352.44,2333.64,2346.2,12976.6737,2026-04-26 14:59:59.999000+00:00,30442457.415223,115804,6785.65680000,15918477.30034000,0
2026-04-26 15:00:00+00:00,2346.2,2348.93,2344.23,2348.05,3342.3038,2026-04-26 15:59:59.999000+00:00,7842481.159525,48223,1607.44350000,3771775.83330100,0
2026-04-26 16:00:00+00:00,2348.06,2349.43,2342.91,2342.92,3916.7788,2026-04-26 16:59:59.999000+00:00,9189048.518635,38406,1579.18550000,3705083.98775400,0
2026-04-26 17:00:00+00:00,2342.92,2349.99,2340.56,2349.43,3116.5593,2026-04-26 17:59:59.999000+00:00,7309884.622781,33911,1534.23970000,3599305.19863000,0
2026-04-26 18:00:00+00:00,2349.42,2369.01,2347.42,2361.99,16174.0288,2026-04-26 18:59:59.999000+00:00,38178120.634114,118845,9500.26420000,22420185.32741200,0
2026-04-26 19:00:00+00:00,2361.99,2376.35,2359.55,2367.4,11849.3869,2026-04-26 19:59:59.999000+00:00,28067192.040451,101992,5873.50910000,13913042.68678900,0
2026-04-26 20:00:00+00:00,2367.4,2372.68,2362.5,2362.5,5233.9655,2026-04-26 20:59:59.999000+00:00,12390989.135828,52853,2501.87570000,5924174.96466900,0
2026-04-26 21:00:00+00:00,2362.51,2370.33,2348.47,2364.34,11912.7111,2026-04-26 21:59:59.999000+00:00,28110085.630244,143488,5584.14960000,13178009.62643900,0
2026-04-26 22:00:00+00:00,2364.34,2380.0,2353.53,2361.89,17014.5638,2026-04-26 22:59:59.999000+00:00,40254921.99557,200235,8397.35460000,19858411.65446200,0
2026-04-26 23:00:00+00:00,2361.88,2378.61,2356.73,2369.44,13760.452,2026-04-26 23:59:59.999000+00:00,32566217.183271,139968,6983.62910000,16525052.22591000,0
2026-04-27 00:00:00+00:00,2369.45,2392.0,2359.46,2390.76,13606.0492,2026-04-27 00:59:59.999000+00:00,32346838.029931,171230,7777.84000000,18497900.65032900,0
2026-04-27 01:00:00+00:00,2390.56,2404.37,2377.56,2394.61,20709.3902,2026-04-27 01:59:59.999000+00:00,49552223.470776,258346,11965.60470000,28638870.21679600,0
2026-04-27 02:00:00+00:00,2394.6,2397.0,2387.29,2392.16,6638.1362,2026-04-27 02:59:59.999000+00:00,15878831.952812,96707,4009.80010000,9591225.04262800,0
2026-04-27 03:00:00+00:00,2392.16,2400.43,2390.57,2394.85,7687.0596,2026-04-27 03:59:59.999000+00:00,18422338.237139,93245,4514.90290000,10820191.45167900,0
2026-04-27 04:00:00+00:00,2394.85,2396.05,2380.45,2382.84,8734.8051,2026-04-27 04:59:59.999000+00:00,20864073.159238,93519,3588.14600000,8569617.61574000,0
2026-04-27 05:00:00+00:00,2382.84,2383.46,2319.31,2323.18,40068.4022,2026-04-27 05:59:59.999000+00:00,93815384.54664,376114,17199.11850000,40230059.49552300,0
2026-04-27 06:00:00+00:00,2323.17,2329.13,2312.71,2321.0,13665.9319,2026-04-27 06:59:59.999000+00:00,31716990.997494,138211,7154.88170000,16611140.06820300,0
2026-04-27 07:00:00+00:00,2321.01,2323.82,2315.0,2316.01,9210.5983,2026-04-27 07:59:59.999000+00:00,21358947.840886,96156,5073.73980000,11764461.14196900,0
2026-04-27 08:00:00+00:00,2316.0,2319.68,2309.13,2319.68,12143.7223,2026-04-27 08:59:59.999000+00:00,28106041.679516,121528,5567.85150000,12887984.84998500,0
2026-04-27 09:00:00+00:00,2319.68,2325.52,2315.59,2322.19,9530.396,2026-04-27 09:59:59.999000+00:00,22128162.479359,69984,4375.35050000,10157087.67589000,0
2026-04-27 10:00:00+00:00,2322.19,2323.97,2318.87,2320.14,3965.4905,2026-04-27 10:59:59.999000+00:00,9203562.651761,48280,1941.40660000,4505931.32934200,0
2026-04-27 11:00:00+00:00,2320.14,2322.84,2316.84,2320.39,3965.8978,2026-04-27 11:59:59.999000+00:00,9200413.334936,53152,1854.74250000,4302966.06824300,0
2026-04-27 12:00:00+00:00,2320.39,2320.96,2312.59,2314.11,6575.7863,2026-04-27 12:59:59.999000+00:00,15231430.150715,78690,2311.43070000,5354485.33913000,0
2026-04-27 13:00:00+00:00,2314.1,2320.76,2303.5,2312.28,17353.1698,2026-04-27 13:59:59.999000+00:00,40112763.358051,192303,7641.50700000,17665423.21119500,0
2026-04-27 14:00:00+00:00,2312.28,2329.82,2308.69,2314.75,14991.1966,2026-04-27 14:59:59.999000+00:00,34760798.954899,216698,7266.60320000,16849948.79331600,0
2026-04-27 15:00:00+00:00,2314.75,2315.16,2266.09,2275.07,46951.2579,2026-04-27 15:59:59.999000+00:00,107321556.466134,408324,21652.49080000,49458405.71128900,0
2026-04-27 16:00:00+00:00,2275.07,2280.6,2270.04,2278.12,12121.634,2026-04-27 16:59:59.999000+00:00,27589677.884218,138456,5273.08250000,12001839.31628000,0
2026-04-27 17:00:00+00:00,2278.13,2292.91,2278.12,2287.08,18597.6027,2026-04-27 17:59:59.999000+00:00,42530304.326395,125370,8064.75840000,18439415.30926300,0
2026-04-27 18:00:00+00:00,2287.09,2292.09,2284.5,2288.75,7485.6492,2026-04-27 18:59:59.999000+00:00,17127927.712889,84717,4149.54210000,9494321.86595600,0
2026-04-27 19:00:00+00:00,2288.75,2291.08,2274.98,2289.14,8112.4069,2026-04-27 19:59:59.999000+00:00,18527556.517823,100246,3605.15570000,8234168.05698100,0
2026-04-27 20:00:00+00:00,2289.15,2296.36,2289.08,2291.7,5969.8812,2026-04-27 20:59:59.999000+00:00,13686974.951094,61474,2471.50190000,5666074.19135900,0
2026-04-27 21:00:00+00:00,2291.69,2292.4,2287.0,2287.33,3065.7892,2026-04-27 21:59:59.999000+00:00,7019526.051008,42407,1133.23850000,2594565.71391700,0
2026-04-27 22:00:00+00:00,2287.34,2295.7,2284.66,2294.36,4214.8302,2026-04-27 22:59:59.999000+00:00,9654707.05742,61918,2166.25910000,4962596.42530700,0
2026-04-27 23:00:00+00:00,2294.36,2308.61,2291.16,2303.67,4998.7753,2026-04-27 23:59:59.999000+00:00,11496511.28962,65207,3039.34280000,6992062.48807700,0
2026-04-28 00:00:00+00:00,2303.66,2310.88,2299.47,2306.77,5364.7887,2026-04-28 00:59:59.999000+00:00,12364342.032471,98072,2699.79750000,6223033.47946300,0
2026-04-28 01:00:00+00:00,2306.76,2308.76,2297.78,2298.61,4184.5868,2026-04-28 01:59:59.999000+00:00,9640406.558293,84150,1543.97000000,3556644.21720500,0
2026-04-28 02:00:00+00:00,2298.61,2301.01,2280.99,2289.11,7908.4528,2026-04-28 02:59:59.999000+00:00,18112963.90127,109584,3125.10030000,7158736.70348900,0
2026-04-28 03:00:00+00:00,2289.1,2291.0,2282.39,2290.94,3711.4568,2026-04-28 03:59:59.999000+00:00,8484431.560959,63559,1809.06430000,4136142.07076900,0
2026-04-28 04:00:00+00:00,2290.93,2294.6,2283.32,2288.57,5863.0448,2026-04-28 04:59:59.999000+00:00,13417193.564904,63018,2671.82450000,6114765.26738000,0
2026-04-28 05:00:00+00:00,2288.58,2296.91,2286.71,2288.13,10496.1234,2026-04-28 05:59:59.999000+00:00,24053330.594932,83699,5143.83020000,11787519.57052600,0
2026-04-28 06:00:00+00:00,2288.13,2291.0,2270.53,2277.63,10739.7381,2026-04-28 06:59:59.999000+00:00,24477899.627085,93026,4799.89110000,10933042.58085800,0
2026-04-28 07:00:00+00:00,2277.63,2288.65,2270.65,2287.99,9917.5609,2026-04-28 07:59:59.999000+00:00,22614322.549655,95828,4737.41100000,10803843.94557000,0
2026-04-28 08:00:00+00:00,2288.0,2291.64,2283.86,2287.07,6065.7122,2026-04-28 08:59:59.999000+00:00,13872433.428891,76988,2998.13450000,6857590.37847600,0
2026-04-28 09:00:00+00:00,2287.07,2288.51,2276.67,2282.27,7654.6336,2026-04-28 09:59:59.999000+00:00,17474866.924548,71726,3901.55810000,8905443.91682100,0
2026-04-28 10:00:00+00:00,2282.26,2287.63,2280.84,2284.51,6577.0773,2026-04-28 10:59:59.999000+00:00,15026318.501025,61954,2947.25710000,6733426.95815900,0
2026-04-28 11:00:00+00:00,2284.51,2285.36,2270.36,2275.32,12432.169,2026-04-28 11:59:59.999000+00:00,28285016.284094,126257,6905.86780000,15710961.45835500,0
2026-04-28 12:00:00+00:00,2275.32,2281.29,2271.59,2278.23,6214.5258,2026-04-28 12:59:59.999000+00:00,14147794.071534,127190,3444.93730000,7843483.85935000,0
2026-04-28 13:00:00+00:00,2278.23,2286.2,2258.24,2276.36,19869.0293,2026-04-28 13:59:59.999000+00:00,45106423.529453,254178,9392.99970000,21332239.34612300,0
2026-04-28 14:00:00+00:00,2276.37,2276.63,2261.0,2273.44,14378.6883,2026-04-28 14:59:59.999000+00:00,32611662.298895,231696,6481.82950000,14702832.15015400,0
2026-04-28 15:00:00+00:00,2273.44,2280.61,2269.22,2279.76,9305.2019,2026-04-28 15:59:59.999000+00:00,21175128.429078,142869,5895.56660000,13418903.52521300,0
2026-04-28 16:00:00+00:00,2279.76,2288.38,2274.38,2286.18,9159.1695,2026-04-28 16:59:59.999000+00:00,20893557.253435,121572,5475.75500000,12490940.76161500,0
2026-04-28 17:00:00+00:00,2286.18,2293.38,2278.99,2290.73,8094.1521,2026-04-28 17:59:59.999000+00:00,18518283.646444,96590,4848.76220000,11094000.65723300,0
2026-04-28 18:00:00+00:00,2290.73,2298.31,2287.9,2296.96,7249.1862,2026-04-28 18:59:59.999000+00:00,16622881.743672,78069,4080.69520000,9357751.23150600,0
2026-04-28 19:00:00+00:00,2296.96,2305.55,2290.26,2301.96,8930.4107,2026-04-28 19:59:59.999000+00:00,20530409.660486,80146,4668.90530000,10733460.25382200,0
2026-04-28 20:00:00+00:00,2301.96,2305.95,2295.52,2295.55,3554.3446,2026-04-28 20:59:59.999000+00:00,8173228.360793,49317,1854.11090000,4263506.14599300,0
2026-04-28 21:00:00+00:00,2295.55,2297.2,2285.75,2290.12,5268.4565,2026-04-28 21:59:59.999000+00:00,12063071.835897,57801,2722.78350000,6232976.60616200,0
2026-04-28 22:00:00+00:00,2290.12,2294.5,2285.48,2286.18,2436.7593,2026-04-28 22:59:59.999000+00:00,5580218.105435,42528,1093.79010000,2505151.34770300,0
2026-04-28 23:00:00+00:00,2286.17,2290.18,2284.15,2289.42,2556.9515,2026-04-28 23:59:59.999000+00:00,5848446.045726,37175,1334.23800000,3051959.31286100,0
2026-04-29 00:00:00+00:00,2289.42,2294.24,2285.38,2292.4,4053.3505,2026-04-29 00:59:59.999000+00:00,9279821.845952,58295,2562.05240000,5866185.30972300,0
2026-04-29 01:00:00+00:00,2292.41,2297.3,2278.84,2292.45,10251.4496,2026-04-29 01:59:59.999000+00:00,23443079.336459,114974,5252.59880000,12014945.84336100,0
2026-04-29 02:00:00+00:00,2292.45,2295.61,2284.68,2288.88,7158.8638,2026-04-29 02:59:59.999000+00:00,16393141.566788,69011,2619.98270000,6000463.61400100,0
2026-04-29 03:00:00+00:00,2288.87,2316.36,2287.61,2311.52,18471.9819,2026-04-29 03:59:59.999000+00:00,42598171.832005,151805,10858.44890000,25048158.91935400,0
2026-04-29 04:00:00+00:00,2311.53,2342.5,2309.33,2327.32,26313.9011,2026-04-29 04:59:59.999000+00:00,61268016.12757,193148,12948.65760000,30151523.93560900,0
2026-04-29 05:00:00+00:00,2327.32,2333.22,2322.83,2329.19,12864.951,2026-04-29 05:59:59.999000+00:00,29950526.875718,97179,6577.83600000,15320960.66299000,0
2026-04-29 06:00:00+00:00,2329.19,2336.64,2320.24,2324.58,9480.4591,2026-04-29 06:59:59.999000+00:00,22077549.493827,96317,5406.33850000,12592621.49285600,0
2026-04-29 07:00:00+00:00,2324.59,2330.31,2321.7,2323.73,6478.9845,2026-04-29 07:59:59.999000+00:00,15065735.722331,70542,2554.09180000,5939754.79173300,0
2026-04-29 08:00:00+00:00,2323.74,2329.03,2321.11,2325.33,4136.2641,2026-04-29 08:59:59.999000+00:00,9614154.348909,73135,1814.19720000,4217199.32524100,0
2026-04-29 09:00:00+00:00,2325.33,2346.66,2322.74,2339.72,12808.4246,2026-04-29 09:59:59.999000+00:00,29933868.975413,151858,7464.81930000,17444999.23026600,0
2026-04-29 10:00:00+00:00,2339.71,2346.95,2330.01,2333.68,9453.427,2026-04-29 10:59:59.999000+00:00,22119841.817866,135311,4617.84430000,10805636.22610700,0
2026-04-29 11:00:00+00:00,2333.67,2336.0,2328.79,2331.74,8275.1971,2026-04-29 11:59:59.999000+00:00,19296595.638266,90848,3750.23510000,8744554.20466500,0
2026-04-29 12:00:00+00:00,2331.74,2331.94,2307.4,2316.13,16486.429,2026-04-29 12:59:59.999000+00:00,38193973.867977,159996,9272.77030000,21476626.54545800,0
2026-04-29 13:00:00+00:00,2316.13,2318.15,2289.94,2303.03,18372.5595,2026-04-29 13:59:59.999000+00:00,42304932.921606,264783,9211.81870000,21211622.08205400,0
2026-04-29 14:00:00+00:00,2303.02,2308.29,2293.86,2299.39,14483.7704,2026-04-29 14:59:59.999000+00:00,33339448.933667,175228,8008.60550000,18431032.84667800,0
2026-04-29 15:00:00+00:00,2299.4,2301.24,2263.1,2272.51,31727.41,2026-04-29 15:59:59.999000+00:00,72364429.336155,318219,15104.92510000,34446733.46350900,0
2026-04-29 16:00:00+00:00,2272.5,2279.27,2263.35,2267.47,19698.2895,2026-04-29 16:59:59.999000+00:00,44742086.741803,162561,9822.23430000,22308645.97281700,0
2026-04-29 17:00:00+00:00,2267.48,2283.33,2266.3,2283.12,11615.5567,2026-04-29 17:59:59.999000+00:00,26404079.715066,122493,7357.47420000,16727578.35424300,0
2026-04-29 18:00:00+00:00,2283.12,2285.92,2220.36,2239.41,56466.6844,2026-04-29 18:59:59.999000+00:00,126479333.933164,496219,26076.44440000,58374951.42544100,0
2026-04-29 19:00:00+00:00,2239.41,2242.44,2225.0,2233.7,17551.9858,2026-04-29 19:59:59.999000+00:00,39169401.818264,168237,8964.00440000,20002960.84502800,0
2026-04-29 20:00:00+00:00,2233.69,2248.73,2230.49,2240.42,12588.2129,2026-04-29 20:59:59.999000+00:00,28199643.691372,181735,5775.43790000,12937702.84825000,0
2026-04-29 21:00:00+00:00,2240.42,2264.8,2238.59,2253.13,15432.4606,2026-04-29 21:59:59.999000+00:00,34718756.109575,104357,6918.97930000,15570702.30489700,0
2026-04-29 22:00:00+00:00,2253.14,2259.01,2250.19,2257.78,5462.7196,2026-04-29 22:59:59.999000+00:00,12319455.50342,64074,2884.32860000,6504070.65597800,0
2026-04-29 23:00:00+00:00,2257.77,2260.3,2250.35,2252.9,5444.7688,2026-04-29 23:59:59.999000+00:00,12279197.37446,67967,3175.67740000,7162113.44251400,0
2026-04-30 00:00:00+00:00,2252.9,2275.0,2249.47,2272.46,9779.8174,2026-04-30 00:59:59.999000+00:00,22141655.506948,144645,6203.01690000,14053127.59474800,0
2026-04-30 01:00:00+00:00,2272.45,2279.0,2267.06,2269.35,8290.3738,2026-04-30 01:59:59.999000+00:00,18836980.791297,130100,3308.57030000,7519832.58323000,0
2026-04-30 02:00:00+00:00,2269.36,2273.14,2236.36,2245.13,12671.6592,2026-04-30 02:59:59.999000+00:00,28524618.210631,238222,5715.89060000,12859978.77924300,0
2026-04-30 03:00:00+00:00,2245.12,2256.82,2243.89,2253.24,5318.3681,2026-04-30 03:59:59.999000+00:00,11964701.503439,110353,2983.37030000,6712364.32557600,0
2026-04-30 04:00:00+00:00,2253.24,2254.27,2236.89,2238.97,7758.4871,2026-04-30 04:59:59.999000+00:00,17403909.532237,130589,3555.00260000,7972935.88518200,0
2026-04-30 05:00:00+00:00,2238.98,2248.31,2231.64,2242.76,8319.8981,2026-04-30 05:59:59.999000+00:00,18652838.511057,94948,2907.47500000,6519412.70698000,0
2026-04-30 06:00:00+00:00,2242.76,2252.49,2241.86,2248.03,6064.2486,2026-04-30 06:59:59.999000+00:00,13625776.175311,86873,2565.45420000,5764786.03606400,0
2026-04-30 07:00:00+00:00,2248.03,2262.23,2243.71,2260.31,11236.2376,2026-04-30 07:59:59.999000+00:00,25330994.976524,98880,6467.49790000,14583088.65730400,0
2026-04-30 08:00:00+00:00,2260.31,2263.21,2255.27,2256.65,10003.379,2026-04-30 08:59:59.999000+00:00,22602023.957788,79575,6238.26990000,14097381.78805200,0
2026-04-30 09:00:00+00:00,2256.65,2271.11,2256.0,2261.86,6145.3195,2026-04-30 09:59:59.999000+00:00,13913472.200728,110577,3247.50510000,7353537.72590900,0
2026-04-30 10:00:00+00:00,2261.86,2265.74,2256.78,2262.01,5283.3923,2026-04-30 10:59:59.999000+00:00,11946560.074159,86166,2816.07180000,6367764.15119000,0
2026-04-30 11:00:00+00:00,2262.0,2273.7,2252.07,2258.18,9303.8333,2026-04-30 11:59:59.999000+00:00,21049002.533717,120424,4437.04400000,10041959.12209500,0
2026-04-30 12:00:00+00:00,2258.18,2271.07,2257.74,2265.45,6154.9815,2026-04-30 12:59:59.999000+00:00,13942362.409666,98707,3106.66440000,7037366.44653200,0
2026-04-30 13:00:00+00:00,2265.46,2272.56,2254.74,2263.9,10742.9268,2026-04-30 13:59:59.999000+00:00,24331066.490877,202461,6055.38280000,13715147.26881000,0
2026-04-30 14:00:00+00:00,2263.9,2271.07,2245.82,2262.01,14497.1911,2026-04-30 14:59:59.999000+00:00,32744719.281319,251086,6641.38000000,15012709.11212300,0
2026-04-30 15:00:00+00:00,2262.0,2275.13,2257.65,2265.7,6476.8828,2026-04-30 15:59:59.999000+00:00,14675346.430504,150011,3203.12890000,7260311.87078200,0
2026-04-30 16:00:00+00:00,2265.7,2267.16,2255.8,2257.24,3880.3064,2026-04-30 16:59:59.999000+00:00,8774748.605083,85788,1641.41310000,3712220.33287700,0
2026-04-30 17:00:00+00:00,2257.24,2260.47,2251.62,2258.14,4889.144,2026-04-30 17:59:59.999000+00:00,11030896.036114,96321,2724.33470000,6147109.08562300,0
2026-04-30 18:00:00+00:00,2258.13,2265.29,2254.55,2259.84,4110.2594,2026-04-30 18:59:59.999000+00:00,9287340.908803,81367,2160.55650000,4882217.49427100,0
2026-04-30 19:00:00+00:00,2259.84,2267.09,2258.13,2261.99,4771.3788,2026-04-30 19:59:59.999000+00:00,10799501.900403,79601,2649.33070000,5997112.61236500,0
2026-04-30 20:00:00+00:00,2261.98,2267.32,2260.56,2264.34,3286.6466,2026-04-30 20:59:59.999000+00:00,7441671.355185,60963,1800.92850000,4077994.82592900,0
2026-04-30 21:00:00+00:00,2264.34,2264.65,2254.0,2256.29,3541.8404,2026-04-30 21:59:59.999000+00:00,8001860.863095,47760,1626.86730000,3675593.03555100,0
2026-04-30 22:00:00+00:00,2256.29,2261.34,2252.42,2254.25,2399.1525,2026-04-30 22:59:59.999000+00:00,5415884.023078,35195,851.27770000,1922367.07488000,0
2026-04-30 23:00:00+00:00,2254.25,2259.01,2254.0,2257.51,2268.5533,2026-04-30 23:59:59.999000+00:00,5119957.393672,29225,1086.67920000,2452436.10261000,0
2026-05-01 00:00:00+00:00,2257.51,2266.0,2257.21,2260.0,3813.1405,2026-05-01 00:59:59.999000+00:00,8627712.381192,51014,2348.33070000,5313348.35689300,0
2026-05-01 01:00:00+00:00,2260.0,2270.56,2260.0,2267.75,4214.4302,2026-05-01 01:59:59.999000+00:00,9549735.564755,49604,2489.86210000,5641912.92049100,0
2026-05-01 02:00:00+00:00,2267.75,2270.0,2265.0,2266.94,3090.6762,2026-05-01 02:59:59.999000+00:00,7006178.577368,33968,1483.29810000,3362611.61907700,0
2026-05-01 03:00:00+00:00,2266.94,2295.0,2266.25,2282.87,15806.4467,2026-05-01 03:59:59.999000+00:00,36110105.401724,155253,8333.60740000,19032598.14065700,0
2026-05-01 04:00:00+00:00,2282.87,2285.89,2277.56,2280.12,5118.5153,2026-05-01 04:59:59.999000+00:00,11677973.600724,56550,1762.63010000,4021942.00751200,0
2026-05-01 05:00:00+00:00,2280.11,2286.75,2278.28,2283.26,3488.1717,2026-05-01 05:59:59.999000+00:00,7965859.176878,38601,1426.26600000,3256963.35490000,0
2026-05-01 06:00:00+00:00,2283.26,2286.66,2272.09,2277.45,8129.9831,2026-05-01 06:59:59.999000+00:00,18529969.128715,67770,3062.78020000,6984164.79515200,0
2026-05-01 07:00:00+00:00,2277.46,2281.1,2273.14,2279.48,6175.1967,2026-05-01 07:59:59.999000+00:00,14060321.683812,53771,2640.69580000,6013330.83745800,0
2026-05-01 08:00:00+00:00,2279.5,2288.5,2277.44,2286.92,5887.1033,2026-05-01 08:59:59.999000+00:00,13451604.967416,64140,3340.75330000,7632646.69640800,0
2026-05-01 09:00:00+00:00,2286.93,2287.1,2279.87,2282.07,3605.4989,2026-05-01 09:59:59.999000+00:00,8233855.307391,42714,1426.79240000,3257845.38722000,0
2026-05-01 10:00:00+00:00,2282.08,2285.88,2277.06,2282.53,3877.8737,2026-05-01 10:59:59.999000+00:00,8847512.234642,38978,1762.33400000,4020927.75082000,0
2026-05-01 11:00:00+00:00,2282.53,2293.0,2281.71,2286.45,5323.843,2026-05-01 11:59:59.999000+00:00,12174038.096949,54457,2281.20140000,5216598.24334100,0
2026-05-01 12:00:00+00:00,2286.46,2311.49,2284.15,2301.36,21967.8914,2026-05-01 12:59:59.999000+00:00,50573376.565845,150184,11434.39110000,26317344.68470100,0
2026-05-01 13:00:00+00:00,2301.37,2324.0,2301.37,2318.22,20286.2201,2026-05-01 13:59:59.999000+00:00,46936319.664339,171948,10728.36740000,24823656.31546100,0
2026-05-01 14:00:00+00:00,2318.22,2325.28,2301.42,2308.04,20163.371,2026-05-01 14:59:59.999000+00:00,46632380.662782,147761,8766.97170000,20279043.03193600,0
2026-05-01 15:00:00+00:00,2308.03,2316.74,2298.77,2307.64,12397.242,2026-05-01 15:59:59.999000+00:00,28603114.332753,116018,5768.27420000,13308293.76263600,0
2026-05-01 16:00:00+00:00,2307.64,2314.21,2298.17,2301.94,14505.2002,2026-05-01 16:59:59.999000+00:00,33438937.953148,116501,5758.83900000,13273303.15763900,0
2026-05-01 17:00:00+00:00,2301.95,2313.53,2298.71,2311.76,5191.8702,2026-05-01 17:59:59.999000+00:00,11975596.461247,74355,2899.49470000,6688603.71734600,0
2026-05-01 18:00:00+00:00,2311.76,2312.5,2303.45,2304.76,3781.9625,2026-05-01 18:59:59.999000+00:00,8730223.914678,62971,1814.98070000,4189518.65911700,0
2026-05-01 19:00:00+00:00,2304.77,2307.84,2302.2,2304.85,2921.4709,2026-05-01 19:59:59.999000+00:00,6734410.538348,47647,1334.03840000,3075190.80639500,0
2026-05-01 20:00:00+00:00,2304.85,2305.86,2278.98,2285.19,9002.0365,2026-05-01 20:59:59.999000+00:00,20630735.11156,86913,2955.25500000,6774081.58209800,0
2026-05-01 21:00:00+00:00,2285.18,2294.25,2283.58,2292.68,6643.5401,2026-05-01 21:59:59.999000+00:00,15204234.167134,56290,2698.63040000,6176445.99013900,0
2026-05-01 22:00:00+00:00,2292.67,2299.35,2291.0,2293.5,3376.5372,2026-05-01 22:59:59.999000+00:00,7751481.408945,37874,1878.79290000,4312909.85044800,0
2026-05-01 23:00:00+00:00,2293.5,2296.23,2289.0,2295.63,2314.3336,2026-05-01 23:59:59.999000+00:00,5305578.925571,30199,1137.14590000,2607173.86112600,0
2026-05-02 00:00:00+00:00,2295.63,2299.3,2292.91,2297.6,2566.8116,2026-05-02 00:59:59.999000+00:00,5894218.676089,38705,1352.96630000,3106842.34561200,0
2026-05-02 01:00:00+00:00,2297.59,2300.98,2295.88,2298.63,2462.3989,2026-05-02 01:59:59.999000+00:00,5659121.784686,41155,1459.52660000,3354566.15065300,0
2026-05-02 02:00:00+00:00,2298.62,2308.34,2295.43,2303.31,3153.6124,2026-05-02 02:59:59.999000+00:00,7257383.416588,43106,1943.33610000,4473131.67005600,0
2026-05-02 03:00:00+00:00,2303.31,2308.34,2301.01,2304.44,2768.5377,2026-05-02 03:59:59.999000+00:00,6380329.199383,42393,1674.79780000,3859957.62061500,0
2026-05-02 04:00:00+00:00,2304.43,2304.91,2299.59,2301.26,2155.2825,2026-05-02 04:59:59.999000+00:00,4961203.255574,30246,737.13530000,1696842.68924600,0
2026-05-02 05:00:00+00:00,2301.26,2301.52,2296.62,2299.47,2997.2267,2026-05-02 05:59:59.999000+00:00,6891268.818862,30701,922.20580000,2120498.58069600,0
2026-05-02 06:00:00+00:00,2299.46,2306.35,2297.09,2305.58,2532.1671,2026-05-02 06:59:59.999000+00:00,5827241.702426,26533,1169.95500000,2692757.41080900,0
2026-05-02 07:00:00+00:00,2305.59,2306.16,2301.01,2301.02,2421.6891,2026-05-02 07:59:59.999000+00:00,5578997.527862,28859,844.00420000,1944359.06270800,0
2026-05-02 08:00:00+00:00,2301.01,2304.44,2299.05,2303.35,1949.3397,2026-05-02 08:59:59.999000+00:00,4487920.044864,22182,871.26960000,2006027.57874100,0
2026-05-02 09:00:00+00:00,2303.34,2307.78,2303.34,2305.13,2145.8369,2026-05-02 09:59:59.999000+00:00,4947445.727797,25982,840.39600000,1937583.75060800,0
2026-05-02 10:00:00+00:00,2305.13,2305.96,2302.41,2303.54,2130.6777,2026-05-02 10:59:59.999000+00:00,4909556.020957,23534,961.90950000,2216530.30881000,0
2026-05-02 11:00:00+00:00,2303.54,2304.99,2300.25,2302.1,2172.6055,2026-05-02 11:59:59.999000+00:00,5002629.95283,28299,771.84390000,1777105.63660000,0
2026-05-02 12:00:00+00:00,2302.09,2305.92,2301.36,2303.52,2299.2395,2026-05-02 12:59:59.999000+00:00,5297467.424736,21098,1156.88030000,2665794.91631000,0
2026-05-02 13:00:00+00:00,2303.53,2311.83,2303.53,2308.08,4502.6289,2026-05-02 13:59:59.999000+00:00,10395537.017353,34955,2668.77490000,6161710.33908000,0
2026-05-02 14:00:00+00:00,2308.08,2308.59,2305.23,2306.69,2719.9575,2026-05-02 14:59:59.999000+00:00,6274288.457335,27018,1297.82320000,2993665.16827000,0
2026-05-02 15:00:00+00:00,2306.69,2310.1,2305.32,2309.19,2150.0351,2026-05-02 15:59:59.999000+00:00,4961436.343028,24723,1193.79940000,2754866.82786500,0
2026-05-02 16:00:00+00:00,2309.18,2313.98,2307.96,2309.31,3799.9258,2026-05-02 16:59:59.999000+00:00,8780550.147067,44837,2294.20560000,5301537.40690400,0
2026-05-02 17:00:00+00:00,2309.31,2310.25,2305.69,2305.9,1534.3477,2026-05-02 17:59:59.999000+00:00,3540855.111711,18988,574.70670000,1326479.99650300,0
2026-05-02 18:00:00+00:00,2305.9,2311.57,2304.08,2310.3,3982.2935,2026-05-02 18:59:59.999000+00:00,9189869.28898,32021,2248.79810000,5188436.54218800,0
2026-05-02 19:00:00+00:00,2310.31,2312.79,2309.17,2311.08,1676.5247,2026-05-02 19:59:59.999000+00:00,3874731.48183,22120,961.92790000,2223069.91030500,0
2026-05-02 20:00:00+00:00,2311.08,2311.84,2309.59,2311.58,1484.9442,2026-05-02 20:59:59.999000+00:00,3431236.349014,17201,777.37920000,1796240.66015900,0
2026-05-02 21:00:00+00:00,2311.59,2343.6,2310.79,2325.62,17150.5457,2026-05-02 21:59:59.999000+00:00,39938823.484936,122522,11173.17540000,26022194.94508100,0
2026-05-02 22:00:00+00:00,2325.62,2328.36,2317.88,2327.0,8792.7486,2026-05-02 22:59:59.999000+00:00,20425945.489414,83985,4702.80120000,10926357.25065200,0
2026-05-02 23:00:00+00:00,2326.99,2326.99,2313.98,2316.97,6039.0954,2026-05-02 23:59:59.999000+00:00,14006440.214567,39536,3063.17790000,7103422.98147900,0
2026-05-03 00:00:00+00:00,2316.97,2317.69,2308.9,2313.98,5842.4001,2026-05-03 00:59:59.999000+00:00,13518598.938788,52869,2132.12130000,4933733.31075800,0
2026-05-03 01:00:00+00:00,2313.98,2314.09,2303.43,2304.14,4580.8688,2026-05-03 01:59:59.999000+00:00,10567530.313774,55005,1760.20180000,4060698.52785900,0
2026-05-03 02:00:00+00:00,2304.14,2306.83,2299.38,2303.41,4664.487,2026-05-03 02:59:59.999000+00:00,10738769.753996,47731,1954.02360000,4498771.29313400,0
2026-05-03 03:00:00+00:00,2303.41,2304.0,2300.0,2301.9,4381.1239,2026-05-03 03:59:59.999000+00:00,10081814.895156,26893,1604.06820000,3690714.48406200,0
2026-05-03 04:00:00+00:00,2301.9,2304.37,2297.59,2301.53,3019.3837,2026-05-03 04:59:59.999000+00:00,6948015.197258,31495,1355.08910000,3118569.19706200,0
2026-05-03 05:00:00+00:00,2301.53,2305.56,2301.26,2304.11,1981.3304,2026-05-03 05:59:59.999000+00:00,4563842.05716,20414,929.38740000,2140984.73501900,0
2026-05-03 06:00:00+00:00,2304.11,2306.38,2299.69,2304.49,2420.7056,2026-05-03 06:59:59.999000+00:00,5572877.585607,22971,1204.77060000,2773554.65349600,0
2026-05-03 07:00:00+00:00,2304.5,2314.01,2304.42,2309.28,3800.1125,2026-05-03 07:59:59.999000+00:00,8779211.553351,40847,2208.78760000,5102577.87534900,0
2026-05-03 08:00:00+00:00,2309.28,2312.67,2307.65,2308.28,1870.384,2026-05-03 08:59:59.999000+00:00,4319921.63479,23838,869.59660000,2008595.12444900,0
2026-05-03 09:00:00+00:00,2308.29,2322.27,2307.49,2316.47,5985.3931,2026-05-03 09:59:59.999000+00:00,13859803.647712,45587,3556.78270000,8235201.23323100,0
2026-05-03 10:00:00+00:00,2316.48,2316.73,2311.32,2311.54,2373.362,2026-05-03 10:59:59.999000+00:00,5490907.253259,28548,1117.20690000,2584554.55537900,0
2026-05-03 11:00:00+00:00,2311.54,2327.5,2310.52,2319.63,7325.9867,2026-05-03 11:59:59.999000+00:00,16995843.667013,61959,4407.64590000,10227683.87512000,0
2026-05-03 12:00:00+00:00,2319.63,2332.61,2319.63,2325.71,9087.0596,2026-05-03 12:59:59.999000+00:00,21142228.227957,62975,4960.49050000,11541726.57538400,0
2026-05-03 13:00:00+00:00,2325.71,2328.74,2320.61,2322.21,3616.5298,2026-05-03 13:59:59.999000+00:00,8409337.143903,43870,1993.12750000,4635223.74420200,0
2026-05-03 14:00:00+00:00,2322.22,2329.6,2321.19,2328.28,4002.7223,2026-05-03 14:59:59.999000+00:00,9307204.143237,43201,1864.44680000,4335594.33556600,0
2026-05-03 15:00:00+00:00,2328.28,2333.91,2324.96,2328.44,4767.7814,2026-05-03 15:59:59.999000+00:00,11103725.078953,63762,2005.30810000,4670492.92408200,0
2026-05-03 16:00:00+00:00,2328.45,2335.0,2322.38,2328.41,5781.0315,2026-05-03 16:59:59.999000+00:00,13464530.085886,57064,3132.81320000,7299423.91828000,0
2026-05-03 17:00:00+00:00,2328.4,2335.35,2324.11,2331.85,5608.7603,2026-05-03 17:59:59.999000+00:00,13076803.829546,50546,2778.66750000,6478985.66803100,0
2026-05-03 18:00:00+00:00,2331.85,2333.6,2328.29,2330.98,2263.6905,2026-05-03 18:59:59.999000+00:00,5276768.019343,25549,946.59210000,2206519.34018700,0
2026-05-03 19:00:00+00:00,2330.98,2337.87,2328.47,2335.59,5542.6512,2026-05-03 19:59:59.999000+00:00,12932723.507548,35223,3501.75320000,8170818.17762700,0
2026-05-03 20:00:00+00:00,2335.6,2344.35,2328.28,2329.58,14443.5923,2026-05-03 20:59:59.999000+00:00,33750568.215449,84486,7148.38230000,16697893.83765500,0
2026-05-03 21:00:00+00:00,2329.58,2334.18,2315.0,2324.27,8154.991,2026-05-03 21:59:59.999000+00:00,18960498.213043,82730,3546.89110000,8248362.09639900,0
2026-05-03 22:00:00+00:00,2324.27,2356.92,2324.26,2343.89,25346.8292,2026-05-03 22:59:59.999000+00:00,59412933.445128,220945,13027.37510000,30543016.89269300,0
2026-05-03 23:00:00+00:00,2343.89,2347.47,2319.96,2322.65,14213.2573,2026-05-03 23:59:59.999000+00:00,33095543.610222,145782,6486.64470000,15100311.89945100,0
2026-05-04 00:00:00+00:00,2322.65,2322.65,2309.24,2319.0,12348.5699,2026-05-04 00:59:59.999000+00:00,28588847.782349,150880,5492.55370000,12715523.05609200,0
2026-05-04 01:00:00+00:00,2319.0,2354.02,2312.98,2351.2,17681.8973,2026-05-04 01:59:59.999000+00:00,41289292.181931,210991,8764.00020000,20463198.14728500,0
2026-05-04 02:00:00+00:00,2351.21,2387.99,2345.41,2374.73,52188.8767,2026-05-04 02:59:59.999000+00:00,123699652.629138,355785,25919.04740000,61413577.65009800,0
2026-05-04 03:00:00+00:00,2374.73,2391.0,2371.74,2385.12,32108.6526,2026-05-04 03:59:59.999000+00:00,76495658.289063,165919,17033.04900000,40592410.48475100,0
2026-05-04 04:00:00+00:00,2385.11,2398.93,2384.37,2390.12,21582.9297,2026-05-04 04:59:59.999000+00:00,51610856.778761,149521,11427.08240000,27328549.36386200,0
2026-05-04 05:00:00+00:00,2390.12,2391.28,2375.26,2376.19,17415.0891,2026-05-04 05:59:59.999000+00:00,41469192.611906,91617,6948.36740000,16540146.67753900,0
2026-05-04 06:00:00+00:00,2376.19,2378.42,2354.2,2368.41,20127.1919,2026-05-04 06:59:59.999000+00:00,47634290.731589,142172,7934.30130000,18772881.25011900,0
2026-05-04 07:00:00+00:00,2368.41,2373.87,2362.51,2362.8,10295.3082,2026-05-04 07:59:59.999000+00:00,24381865.119449,83455,5281.87400000,12509359.17633200,0
2026-05-04 08:00:00+00:00,2362.79,2365.11,2357.3,2360.04,9858.6313,2026-05-04 08:59:59.999000+00:00,23274061.387764,82224,4795.38160000,11321065.60655900,0
2026-05-04 09:00:00+00:00,2360.04,2371.09,2358.04,2368.71,8607.635,2026-05-04 09:59:59.999000+00:00,20357503.062445,69426,4631.08180000,10954277.09488300,0
2026-05-04 10:00:00+00:00,2368.72,2369.89,2314.25,2338.36,57424.2763,2026-05-04 10:59:59.999000+00:00,133952222.931562,514782,27808.52220000,64860253.21431100,0
2026-05-04 11:00:00+00:00,2338.35,2343.62,2332.91,2337.59,9840.4895,2026-05-04 11:59:59.999000+00:00,23009705.57128,128130,4341.89020000,10153159.33700500,0
2026-05-04 12:00:00+00:00,2337.59,2343.78,2333.04,2335.53,7733.1819,2026-05-04 12:59:59.999000+00:00,18084986.746888,100717,3645.53870000,8527814.11407000,0
2026-05-04 13:00:00+00:00,2335.53,2344.53,2325.71,2336.53,17747.9741,2026-05-04 13:59:59.999000+00:00,41454333.018832,197771,9835.90100000,22981264.69639900,0
2026-05-04 14:00:00+00:00,2336.53,2381.8,2327.47,2371.39,36557.2285,2026-05-04 14:59:59.999000+00:00,86186208.44978,349464,19604.06070000,46223383.92537200,0
2026-05-04 15:00:00+00:00,2371.4,2374.38,2336.01,2350.1,41176.8086,2026-05-04 15:59:59.999000+00:00,96991391.516345,412884,18647.28980000,43912586.35752800,0
2026-05-04 16:00:00+00:00,2350.11,2365.0,2336.63,2355.28,23191.6495,2026-05-04 16:59:59.999000+00:00,54564308.227674,284695,11906.10090000,28009664.44947100,0
2026-05-04 17:00:00+00:00,2355.27,2379.52,2353.84,2370.09,18853.8244,2026-05-04 17:59:59.999000+00:00,44625505.702984,185438,9031.40820000,21382403.26547100,0
2026-05-04 18:00:00+00:00,2370.1,2374.86,2357.02,2361.41,12397.3782,2026-05-04 18:59:59.999000+00:00,29332238.433585,121215,5255.31400000,12437692.25491200,0
2026-05-04 19:00:00+00:00,2361.42,2364.35,2353.52,2356.52,7858.5921,2026-05-04 19:59:59.999000+00:00,18529862.749213,102046,3997.00670000,9424786.30406400,0
2026-05-04 20:00:00+00:00,2356.52,2359.12,2347.77,2350.15,5105.1774,2026-05-04 20:59:59.999000+00:00,12011687.4367,60490,2671.27820000,6286375.78976600,0
2026-05-04 21:00:00+00:00,2350.14,2364.59,2350.14,2360.89,3844.6345,2026-05-04 21:59:59.999000+00:00,9072093.703339,51359,2053.78850000,4845307.01244100,0
2026-05-04 22:00:00+00:00,2360.89,2365.91,2353.95,2354.58,5172.5417,2026-05-04 22:59:59.999000+00:00,12208075.330446,67385,2097.97600000,4952348.21673800,0
2026-05-04 23:00:00+00:00,2354.58,2354.58,2344.83,2347.16,3902.2601,2026-05-04 23:59:59.999000+00:00,9166909.673568,58727,1433.67010000,3367823.58407400,0
2026-05-05 00:00:00+00:00,2347.17,2359.0,2344.93,2358.83,4815.8322,2026-05-05 00:59:59.999000+00:00,11331590.784614,69412,2396.46970000,5638302.70061500,0
2026-05-05 01:00:00+00:00,2358.83,2364.49,2355.1,2361.82,4711.3265,2026-05-05 01:59:59.999000+00:00,11121699.825619,68872,2493.10600000,5885653.03818900,0
2026-05-05 02:00:00+00:00,2361.81,2377.8,2359.1,2367.72,10448.2131,2026-05-05 02:59:59.999000+00:00,24755472.186877,113566,5547.59300000,13144779.96483800,0
2026-05-05 03:00:00+00:00,2367.72,2389.38,2364.71,2382.43,23394.2819,2026-05-05 03:59:59.999000+00:00,55702588.615961,127659,9774.42630000,23267649.20479300,0
2026-05-05 04:00:00+00:00,2382.43,2386.0,2376.04,2381.11,9427.6093,2026-05-05 04:59:59.999000+00:00,22449678.477391,90436,4343.72360000,10344470.82727900,0
2026-05-05 05:00:00+00:00,2381.1,2390.74,2376.88,2380.19,13610.8116,2026-05-05 05:59:59.999000+00:00,32432193.92544,109240,6645.11450000,15839034.35584500,0
2026-05-05 06:00:00+00:00,2380.19,2381.51,2367.35,2378.85,12310.887,2026-05-05 06:59:59.999000+00:00,29234708.869478,83700,4958.76840000,11776935.89566200,0
2026-05-05 07:00:00+00:00,2378.84,2388.56,2375.81,2380.59,13689.6326,2026-05-05 07:59:59.999000+00:00,32619616.750952,88625,6750.04740000,16080975.32863100,0
2026-05-05 08:00:00+00:00,2380.59,2384.62,2373.0,2376.81,7058.716,2026-05-05 08:59:59.999000+00:00,16790012.934584,40312,3022.97930000,7188766.75617000,0
2026-05-05 09:00:00+00:00,2376.82,2376.96,2366.76,2369.6,6990.9907,2026-05-05 09:59:59.999000+00:00,16571396.184027,70137,2814.20900000,6670313.69719000,0
2026-05-05 10:00:00+00:00,2369.6,2379.34,2367.3,2378.41,7091.045,2026-05-05 10:59:59.999000+00:00,16833660.79186,70773,4613.27250000,10950599.35549300,0
2026-05-05 11:00:00+00:00,2378.42,2383.49,2372.95,2379.89,8240.2018,2026-05-05 11:59:59.999000+00:00,19604899.411668,80963,4271.09850000,10159700.70833200,0
2026-05-05 12:00:00+00:00,2379.89,2390.47,2376.34,2388.52,11730.3656,2026-05-05 12:59:59.999000+00:00,27981264.526429,110081,6150.35990000,14669341.93442100,0
2026-05-05 13:00:00+00:00,2388.52,2399.5,2383.5,2388.72,26443.457,2026-05-05 13:59:59.999000+00:00,63269321.599773,234322,13450.36280000,32191293.04954000,0
2026-05-05 14:00:00+00:00,2388.71,2392.36,2369.17,2378.78,27223.1659,2026-05-05 14:59:59.999000+00:00,64802470.233797,227993,13960.74930000,33246706.70671500,0
2026-05-05 15:00:00+00:00,2378.78,2387.93,2375.5,2381.31,13411.5215,2026-05-05 15:59:59.999000+00:00,31961423.757438,124330,5864.74410000,13977120.68848300,0
2026-05-05 16:00:00+00:00,2381.3,2383.38,2361.0,2365.94,17932.1444,2026-05-05 16:59:59.999000+00:00,42539655.713011,142001,8755.29610000,20771331.88852800,0
2026-05-05 17:00:00+00:00,2365.94,2369.92,2359.71,2362.8,9807.3024,2026-05-05 17:59:59.999000+00:00,23185455.582116,94401,4745.91490000,11221793.18217500,0
2026-05-05 18:00:00+00:00,2362.81,2374.78,2362.81,2372.28,8710.1909,2026-05-05 18:59:59.999000+00:00,20645675.040162,80543,4780.78600000,11330985.32766200,0
2026-05-05 19:00:00+00:00,2372.28,2376.73,2369.33,2371.94,4461.6351,2026-05-05 19:59:59.999000+00:00,10584200.205709,60554,2484.65420000,5894611.60098900,0
2026-05-05 20:00:00+00:00,2371.94,2387.0,2371.21,2382.41,11866.1153,2026-05-05 20:59:59.999000+00:00,28263212.698933,94222,7131.74610000,16986163.44373600,0
2026-05-05 21:00:00+00:00,2382.41,2388.54,2368.9,2375.43,9166.3706,2026-05-05 21:59:59.999000+00:00,21809211.142025,88775,4923.59990000,11715769.49857700,0
2026-05-05 22:00:00+00:00,2375.43,2381.68,2354.34,2367.51,14184.5371,2026-05-05 22:59:59.999000+00:00,33583559.617026,150029,5860.31890000,13879475.34411000,0
2026-05-05 23:00:00+00:00,2367.51,2369.75,2355.0,2360.77,9910.3777,2026-05-05 23:59:59.999000+00:00,23407580.235691,91244,3588.72930000,8475470.28018300,0
2026-05-06 00:00:00+00:00,2360.76,2367.72,2355.0,2364.63,9670.6129,2026-05-06 00:59:59.999000+00:00,22834802.975321,109461,5270.85810000,12451909.05286200,0
2026-05-06 01:00:00+00:00,2364.63,2376.99,2362.75,2373.19,8948.2743,2026-05-06 01:59:59.999000+00:00,21209589.819001,100033,4876.59330000,11560175.82861700,0
2026-05-06 02:00:00+00:00,2373.2,2373.7,2360.0,2369.75,6539.2128,2026-05-06 02:59:59.999000+00:00,15478232.09313,76993,3102.75590000,7343361.56807700,0
2026-05-06 03:00:00+00:00,2369.75,2380.87,2368.08,2376.8,7896.7032,2026-05-06 03:59:59.999000+00:00,18748524.375694,98493,4260.74170000,10115300.09642700,0
2026-05-06 04:00:00+00:00,2376.81,2379.4,2361.25,2366.08,7910.6015,2026-05-06 04:59:59.999000+00:00,18751470.070606,86294,3428.62890000,8127395.47583500,0
2026-05-06 05:00:00+00:00,2366.08,2366.99,2355.0,2365.03,11450.5782,2026-05-06 05:59:59.999000+00:00,27036603.876543,84949,5019.99310000,11853355.82050100,0
2026-05-06 06:00:00+00:00,2365.03,2371.29,2361.0,2370.52,6311.3267,2026-05-06 06:59:59.999000+00:00,14937730.513247,66661,3886.83540000,9199752.27520800,0
2026-05-06 07:00:00+00:00,2370.53,2375.0,2368.57,2371.74,7842.1661,2026-05-06 07:59:59.999000+00:00,18599076.086267,70017,4617.92470000,10952564.94425300,0
2026-05-06 08:00:00+00:00,2371.74,2396.19,2369.16,2394.33,18454.838,2026-05-06 08:59:59.999000+00:00,43999120.930307,148166,11368.87040000,27109753.52666200,0
2026-05-06 09:00:00+00:00,2394.32,2418.39,2384.8,2412.76,47718.3765,2026-05-06 09:59:59.999000+00:00,114631484.275057,233732,25575.79800000,61448496.52875700,0
2026-05-06 10:00:00+00:00,2412.77,2414.43,2405.18,2410.2,17192.8972,2026-05-06 10:59:59.999000+00:00,41455795.978316,143476,8746.75980000,21090411.40136200,0
2026-05-06 11:00:00+00:00,2410.2,2423.74,2408.34,2410.47,30434.9349,2026-05-06 11:59:59.999000+00:00,73532134.664622,169903,14199.08190000,34304580.20634300,0
2026-05-06 12:00:00+00:00,2410.47,2413.59,2400.55,2405.11,22282.1291,2026-05-06 12:59:59.999000+00:00,53644965.180719,147419,10722.71720000,25823475.69513600,0
2026-05-06 13:00:00+00:00,2405.11,2405.11,2365.01,2368.51,42551.5633,2026-05-06 13:59:59.999000+00:00,101390778.051011,344872,19482.74780000,46424137.38470400,0
2026-05-06 14:00:00+00:00,2368.52,2373.29,2346.68,2359.23,51777.3181,2026-05-06 14:59:59.999000+00:00,122258343.501662,311886,22436.76860000,52983182.52755100,0
2026-05-06 15:00:00+00:00,2359.23,2366.0,2354.98,2359.1,20851.531,2026-05-06 15:59:59.999000+00:00,49206761.804631,146458,8466.00730000,19979752.17051200,0
2026-05-06 16:00:00+00:00,2359.1,2367.47,2350.56,2358.08,19002.5503,2026-05-06 16:59:59.999000+00:00,44816399.657427,129744,7641.19360000,18025956.47324500,0
2026-05-06 17:00:00+00:00,2358.09,2360.99,2347.71,2349.7,13561.1973,2026-05-06 17:59:59.999000+00:00,31918742.560883,96686,4260.00570000,10026566.51146700,0
2026-05-06 18:00:00+00:00,2349.71,2352.55,2338.0,2345.0,18017.0774,2026-05-06 18:59:59.999000+00:00,42266602.968897,122882,7065.72460000,16573729.95100600,0
2026-05-06 19:00:00+00:00,2345.0,2350.0,2342.14,2348.5,9241.8552,2026-05-06 19:59:59.999000+00:00,21678726.722312,83528,3726.32840000,8741281.39621500,0
2026-05-06 20:00:00+00:00,2348.49,2357.04,2345.23,2350.94,13484.2191,2026-05-06 20:59:59.999000+00:00,31690392.551422,76601,4672.68520000,10982987.54867200,0
2026-05-06 21:00:00+00:00,2350.94,2357.45,2345.83,2354.52,10416.7586,2026-05-06 21:59:59.999000+00:00,24506773.181607,67639,3396.29710000,7990924.18229400,0
2026-05-06 22:00:00+00:00,2354.52,2355.05,2344.99,2347.28,8076.5331,2026-05-06 22:59:59.999000+00:00,18973243.099295,74683,2669.52460000,6272875.70043400,0
2026-05-06 23:00:00+00:00,2347.28,2351.34,2338.28,2350.84,11034.0613,2026-05-06 23:59:59.999000+00:00,25875333.477396,72049,4112.71210000,9641036.70199700,0
2026-05-07 00:00:00+00:00,2350.84,2352.3,2329.05,2329.65,13622.3234,2026-05-07 00:59:59.999000+00:00,31884892.182448,118360,4169.63740000,9756370.55614000,0
2026-05-07 01:00:00+00:00,2329.66,2335.0,2314.16,2327.41,18902.7493,2026-05-07 01:59:59.999000+00:00,43961311.679675,180864,7430.77020000,17287644.75269900,0
2026-05-07 02:00:00+00:00,2327.4,2327.95,2313.89,2321.88,19439.1949,2026-05-07 02:59:59.999000+00:00,45081960.351704,138831,8039.64540000,18642493.40421100,0
2026-05-07 03:00:00+00:00,2321.89,2326.2,2315.74,2322.39,11540.0497,2026-05-07 03:59:59.999000+00:00,26790197.65925,85355,5745.17600000,13340576.63035200,0
2026-05-07 04:00:00+00:00,2322.39,2327.52,2317.8,2327.51,10417.5378,2026-05-07 04:59:59.999000+00:00,24212887.815417,74782,4720.22520000,10969494.10004800,0
2026-05-07 05:00:00+00:00,2327.51,2333.97,2327.02,2331.08,10970.9192,2026-05-07 05:59:59.999000+00:00,25570754.10883,65947,4321.40670000,10071795.45856400,0
2026-05-07 06:00:00+00:00,2331.08,2338.57,2320.0,2337.13,14009.3816,2026-05-07 06:59:59.999000+00:00,32631991.936881,98212,5592.88260000,13028943.47483200,0
2026-05-07 07:00:00+00:00,2337.14,2346.89,2336.72,2344.59,16120.1713,2026-05-07 07:59:59.999000+00:00,37760729.029948,94255,6604.41270000,15471305.97369300,0
2026-05-07 08:00:00+00:00,2344.59,2346.6,2332.0,2333.73,15120.5601,2026-05-07 08:59:59.999000+00:00,35357936.858311,102671,6496.50860000,15193085.89159200,0
2026-05-07 09:00:00+00:00,2333.73,2337.11,2326.83,2329.05,13919.7483,2026-05-07 09:59:59.999000+00:00,32454248.676538,104368,5212.72750000,12153086.98246400,0
2026-05-07 10:00:00+00:00,2329.04,2331.63,2317.35,2326.78,13596.4665,2026-05-07 10:59:59.999000+00:00,31616900.254854,105701,4899.94360000,11394007.61112800,0
2026-05-07 11:00:00+00:00,2326.78,2331.59,2325.45,2329.94,11503.0069,2026-05-07 11:59:59.999000+00:00,26794425.912934,90125,4550.16100000,10598905.49368800,0
2026-05-07 12:00:00+00:00,2329.94,2337.13,2329.04,2333.01,12385.8948,2026-05-07 12:59:59.999000+00:00,28899189.010609,98529,5160.88330000,12040625.78074000,0
2026-05-07 13:00:00+00:00,2333.02,2333.02,2305.4,2314.32,39011.6686,2026-05-07 13:59:59.999000+00:00,90413045.704844,256523,16522.05730000,38297214.87442900,0
2026-05-07 14:00:00+00:00,2314.32,2318.75,2289.51,2298.98,46781.2234,2026-05-07 14:59:59.999000+00:00,107731975.726178,283395,16852.79540000,38803284.39764800,0
2026-05-07 15:00:00+00:00,2298.98,2304.52,2285.95,2294.82,31328.1654,2026-05-07 15:59:59.999000+00:00,71899374.920172,217316,13191.46550000,30270679.74846400,0
2026-05-07 16:00:00+00:00,2294.82,2298.2,2285.37,2291.81,28001.1937,2026-05-07 16:59:59.999000+00:00,64185217.06831,191716,9670.32740000,22166828.39465500,0
2026-05-07 17:00:00+00:00,2291.81,2301.25,2280.1,2299.6,28378.658,2026-05-07 17:59:59.999000+00:00,65018919.258456,194136,10115.51260000,23176320.29893000,0
2026-05-07 18:00:00+00:00,2299.61,2304.0,2291.27,2296.19,23860.3486,2026-05-07 18:59:59.999000+00:00,54872377.831571,164723,9549.64300000,21959350.33688600,0
2026-05-07 19:00:00+00:00,2296.18,2297.09,2287.88,2295.98,18517.2817,2026-05-07 19:59:59.999000+00:00,42462451.236357,137463,7056.89570000,16181693.12541100,0
2026-05-07 20:00:00+00:00,2295.98,2302.57,2287.94,2289.1,34000.8584,2026-05-07 20:59:59.999000+00:00,77970274.857188,124019,8009.05980000,18367518.97857000,0
2026-05-07 21:00:00+00:00,2289.1,2294.29,2281.29,2287.68,12799.0863,2026-05-07 21:59:59.999000+00:00,29297191.050552,81792,4200.08120000,9616145.80732100,0
2026-05-07 22:00:00+00:00,2287.68,2290.24,2281.04,2287.03,16424.3429,2026-05-07 22:59:59.999000+00:00,37539429.39639,123660,6111.60100000,13967354.76229600,0
2026-05-07 23:00:00+00:00,2287.03,2293.24,2286.11,2291.06,8871.107,2026-05-07 23:59:59.999000+00:00,20313256.078782,58340,3297.69320000,7551169.34474600,0
2026-05-08 00:00:00+00:00,2291.06,2294.28,2283.66,2286.83,9997.2781,2026-05-08 00:59:59.999000+00:00,22894296.055707,73746,3533.56300000,8091862.46133900,0
2026-05-08 01:00:00+00:00,2286.83,2289.31,2280.28,2285.06,10079.1981,2026-05-08 01:59:59.999000+00:00,23029855.69388,67196,3681.06880000,8410690.41064800,0
2026-05-08 02:00:00+00:00,2285.06,2285.71,2268.0,2279.15,18687.3591,2026-05-08 02:59:59.999000+00:00,42540032.078177,140966,7496.23120000,17065163.42463300,0
2026-05-08 03:00:00+00:00,2279.15,2281.6,2265.61,2278.76,15605.1908,2026-05-08 03:59:59.999000+00:00,35493602.805435,111373,5893.84150000,13407609.49118900,0
2026-05-08 04:00:00+00:00,2278.77,2284.54,2276.5,2281.63,9647.4955,2026-05-08 04:59:59.999000+00:00,22002758.38809,58306,3664.62610000,8357449.73683100,0
2026-05-08 05:00:00+00:00,2281.63,2284.0,2275.97,2275.97,11633.258,2026-05-08 05:59:59.999000+00:00,26526964.102944,61406,3264.95020000,7445973.37483700,0
2026-05-08 06:00:00+00:00,2275.98,2278.5,2268.6,2275.22,31348.2699,2026-05-08 06:59:59.999000+00:00,71290150.719045,111376,8251.65870000,18766601.27316800,0
2026-05-08 07:00:00+00:00,2275.23,2282.69,2267.15,2281.35,21264.4415,2026-05-08 07:59:59.999000+00:00,48391852.374115,108552,12582.44410000,28640638.18948900,0
2026-05-08 08:00:00+00:00,2281.37,2289.13,2280.15,2283.56,17210.3914,2026-05-08 08:59:59.999000+00:00,39299093.121617,75456,7557.95070000,17255035.75433000,0
2026-05-08 09:00:00+00:00,2283.56,2292.12,2280.35,2284.34,15015.7397,2026-05-08 09:59:59.999000+00:00,34324098.238632,77890,6460.26120000,14768309.75519600,0
2026-05-08 10:00:00+00:00,2284.34,2290.96,2281.17,2287.94,15731.5078,2026-05-08 10:59:59.999000+00:00,35971017.464213,88939,8720.16210000,19938127.29620900,0
2026-05-08 11:00:00+00:00,2287.95,2298.01,2287.95,2295.38,17761.4984,2026-05-08 11:59:59.999000+00:00,40711284.458272,100806,11278.81860000,25851842.29040300,0
2026-05-08 12:00:00+00:00,2295.38,2302.0,2282.46,2284.53,16435.0408,2026-05-08 12:59:59.999000+00:00,37665433.475452,120238,6535.01890000,14980540.26792700,0
2026-05-08 13:00:00+00:00,2284.53,2287.0,2269.96,2276.46,28468.8006,2026-05-08 13:59:59.999000+00:00,64817990.487031,210503,11981.33300000,27275714.42279500,0
2026-05-08 14:00:00+00:00,2276.46,2292.66,2273.32,2285.72,25640.1037,2026-05-08 14:59:59.999000+00:00,58549124.903156,237121,10655.32610000,24331322.52004700,0
2026-05-08 15:00:00+00:00,2285.72,2294.44,2274.94,2293.2,14657.397,2026-05-08 15:59:59.999000+00:00,33468941.669771,166821,6268.63250000,14320149.35229900,0
2026-05-08 16:00:00+00:00,2293.2,2294.37,2286.42,2289.93,13453.9968,2026-05-08 16:59:59.999000+00:00,30812953.862334,113113,5715.05930000,13088250.54681600,0
2026-05-08 17:00:00+00:00,2289.93,2315.63,2289.39,2304.86,23598.5736,2026-05-08 17:59:59.999000+00:00,54386695.884674,180787,11210.83390000,25837177.12335700,0
2026-05-08 18:00:00+00:00,2304.87,2321.22,2304.87,2313.49,19654.0122,2026-05-08 18:59:59.999000+00:00,45508868.190232,123049,9308.98500000,21557292.45352800,0
2026-05-08 19:00:00+00:00,2313.49,2320.36,2312.48,2316.05,19777.938,2026-05-08 19:59:59.999000+00:00,45811970.441366,90240,6109.38930000,14150222.49503900,0
2026-05-08 20:00:00+00:00,2316.06,2317.0,2305.36,2306.65,26417.6209,2026-05-08 20:59:59.999000+00:00,61048867.47632,73232,4837.00260000,11178334.14102200,0
2026-05-08 21:00:00+00:00,2306.64,2314.94,2304.21,2314.63,14078.5061,2026-05-08 21:59:59.999000+00:00,32519324.932045,63932,4076.28670000,9415396.36906500,0
2026-05-08 22:00:00+00:00,2314.62,2319.15,2310.26,2310.98,12732.9721,2026-05-08 22:59:59.999000+00:00,29470879.39388,64876,3313.54480000,7670897.61405600,0
2026-05-08 23:00:00+00:00,2310.98,2310.98,2303.19,2307.06,12138.5681,2026-05-08 23:59:59.999000+00:00,28003945.425697,48132,2377.01120000,5483081.96703700,0
2026-05-09 00:00:00+00:00,2307.07,2312.03,2304.19,2308.55,11551.954,2026-05-09 00:59:59.999000+00:00,26669474.303596,50114,3295.75440000,7608942.70596300,0
2026-05-09 01:00:00+00:00,2308.55,2318.45,2308.23,2314.22,10857.7767,2026-05-09 01:59:59.999000+00:00,25117545.608498,55141,4204.84660000,9729781.14448200,0
2026-05-09 02:00:00+00:00,2314.23,2320.3,2313.8,2317.07,9468.173,2026-05-09 02:59:59.999000+00:00,21937423.195109,47781,3714.64360000,8608034.07322100,0
2026-05-09 03:00:00+00:00,2317.07,2320.77,2312.6,2315.33,7290.8151,2026-05-09 03:59:59.999000+00:00,16886477.528564,41969,2655.92490000,6151644.62087200,0
2026-05-09 04:00:00+00:00,2315.33,2325.33,2311.27,2312.35,27184.841,2026-05-09 04:59:59.999000+00:00,62972776.734262,85648,5641.80450000,13077120.28230000,0
2026-05-09 05:00:00+00:00,2312.35,2318.29,2310.9,2314.82,5918.4334,2026-05-09 05:59:59.999000+00:00,13702168.424253,30901,2528.15830000,5853094.86827600,0
2026-05-09 06:00:00+00:00,2314.82,2319.59,2312.95,2314.35,10307.9116,2026-05-09 06:59:59.999000+00:00,23876788.474309,47295,6630.31410000,15358198.04666600,0
2026-05-09 07:00:00+00:00,2314.35,2318.56,2311.34,2314.69,8349.905,2026-05-09 07:59:59.999000+00:00,19333239.511916,35350,4844.79050000,11217705.90704300,0
2026-05-09 08:00:00+00:00,2314.69,2320.53,2314.23,2317.16,8698.3308,2026-05-09 08:59:59.999000+00:00,20165312.908829,36899,4639.83300000,10756191.90376800,0
2026-05-09 09:00:00+00:00,2317.16,2317.52,2311.37,2313.28,6746.958,2026-05-09 09:59:59.999000+00:00,15612745.058916,37116,2214.21560000,5123811.35760500,0
2026-05-09 10:00:00+00:00,2313.28,2315.03,2310.24,2312.5,4778.5919,2026-05-09 10:59:59.999000+00:00,11050569.006121,26433,1418.41260000,3279977.43777000,0
2026-05-09 11:00:00+00:00,2312.49,2315.56,2312.49,2314.57,5435.8473,2026-05-09 11:59:59.999000+00:00,12580557.532148,22168,1553.63740000,3595476.62634700,0
2026-05-09 12:00:00+00:00,2314.56,2318.27,2313.24,2316.54,5219.3063,2026-05-09 12:59:59.999000+00:00,12087954.896899,32212,2076.21510000,4809221.05395900,0
2026-05-09 13:00:00+00:00,2316.54,2316.55,2311.69,2314.34,4773.3348,2026-05-09 13:59:59.999000+00:00,11046590.658099,29425,1549.43180000,3585601.62007400,0
2026-05-09 14:00:00+00:00,2314.34,2315.32,2305.21,2308.27,8247.0832,2026-05-09 14:59:59.999000+00:00,19041403.715866,68038,3645.83370000,8418668.16132000,0
2026-05-09 15:00:00+00:00,2308.27,2317.64,2300.0,2317.63,12866.0555,2026-05-09 15:59:59.999000+00:00,29724522.868476,94092,7136.07810000,16493780.16675700,0
2026-05-09 16:00:00+00:00,2317.64,2325.28,2315.29,2319.99,15466.0099,2026-05-09 16:59:59.999000+00:00,35889365.385526,96596,7795.39630000,18089952.25113800,0
2026-05-09 17:00:00+00:00,2320.0,2333.61,2320.0,2329.45,21099.4922,2026-05-09 17:59:59.999000+00:00,49154150.827974,127927,9863.38510000,22974096.72658100,0
2026-05-09 18:00:00+00:00,2329.46,2338.37,2328.8,2330.22,11248.546,2026-05-09 18:59:59.999000+00:00,26243194.104006,77663,4469.88480000,10430468.15653800,0
2026-05-09 19:00:00+00:00,2330.23,2333.1,2326.54,2332.01,9103.6002,2026-05-09 19:59:59.999000+00:00,21208723.186788,47404,3933.51990000,9164978.68886700,0
2026-05-09 20:00:00+00:00,2332.02,2332.81,2327.26,2329.18,5902.3618,2026-05-09 20:59:59.999000+00:00,13748495.155772,35696,1491.37640000,3473951.75468100,0
2026-05-09 21:00:00+00:00,2329.17,2331.55,2328.62,2330.82,6093.5171,2026-05-09 21:59:59.999000+00:00,14198940.325291,35666,1415.34950000,3297767.33393500,0
2026-05-09 22:00:00+00:00,2330.82,2333.47,2327.22,2329.89,6868.1251,2026-05-09 22:59:59.999000+00:00,16009045.702899,45450,2326.45180000,5422624.42826800,0
2026-05-09 23:00:00+00:00,2329.89,2331.96,2324.7,2326.44,6954.1871,2026-05-09 23:59:59.999000+00:00,16184258.981752,41641,1915.32230000,4457345.65108800,0
2026-05-10 00:00:00+00:00,2326.43,2329.71,2321.16,2323.89,7913.8234,2026-05-10 00:59:59.999000+00:00,18409453.610909,53781,2391.14370000,5562161.39640700,0
2026-05-10 01:00:00+00:00,2323.9,2324.97,2318.33,2323.67,9455.7255,2026-05-10 01:59:59.999000+00:00,21952523.570871,58121,2653.39450000,6159721.89684700,0
2026-05-10 02:00:00+00:00,2323.68,2328.0,2320.08,2327.94,7197.4856,2026-05-10 02:59:59.999000+00:00,16732924.421769,43573,2395.45330000,5569613.84799100,0
2026-05-10 03:00:00+00:00,2327.94,2332.91,2323.7,2327.76,8711.1021,2026-05-10 03:59:59.999000+00:00,20282274.941701,56005,3252.93510000,7575265.66306400,0
2026-05-10 04:00:00+00:00,2327.75,2330.98,2326.1,2328.27,7716.1343,2026-05-10 04:59:59.999000+00:00,17963303.60275,48677,2287.08530000,5324714.90486900,0
2026-05-10 05:00:00+00:00,2328.28,2330.0,2326.51,2327.3,6244.9276,2026-05-10 05:59:59.999000+00:00,14540898.422262,41591,1969.01170000,4584688.26450100,0
2026-05-10 06:00:00+00:00,2327.3,2330.75,2326.65,2329.3,6968.6838,2026-05-10 06:59:59.999000+00:00,16226772.532452,38220,2475.95710000,5765186.60638900,0
2026-05-10 07:00:00+00:00,2329.31,2332.09,2327.36,2327.36,6034.6059,2026-05-10 07:59:59.999000+00:00,14056300.215619,33941,1785.99750000,4160520.81803500,0
2026-05-10 08:00:00+00:00,2327.36,2331.83,2326.16,2330.15,7669.5007,2026-05-10 08:59:59.999000+00:00,17865537.954726,42701,3176.80050000,7400026.94072400,0
2026-05-10 09:00:00+00:00,2330.16,2333.59,2326.92,2328.22,6313.071,2026-05-10 09:59:59.999000+00:00,14708702.368204,41172,1790.74650000,4172923.36818400,0
2026-05-10 10:00:00+00:00,2328.23,2328.82,2323.38,2325.46,7346.5157,2026-05-10 10:59:59.999000+00:00,17083076.885694,52947,2211.60820000,5142559.04217900,0
2026-05-10 11:00:00+00:00,2325.46,2327.42,2319.0,2322.58,7550.9118,2026-05-10 11:59:59.999000+00:00,17539401.661562,47837,2701.74970000,6276293.63617800,0
2026-05-10 12:00:00+00:00,2322.59,2325.35,2320.87,2324.12,5841.8952,2026-05-10 12:59:59.999000+00:00,13573329.153314,38718,1878.09590000,4363598.43312000,0
2026-05-10 13:00:00+00:00,2324.12,2331.99,2323.28,2329.8,11818.9659,2026-05-10 13:59:59.999000+00:00,27524007.2951,62292,4587.09540000,10681436.60177700,0
2026-05-10 14:00:00+00:00,2329.8,2335.0,2326.94,2330.9,11780.7508,2026-05-10 14:59:59.999000+00:00,27449997.639329,60578,3770.18460000,8787100.53047500,0
2026-05-10 15:00:00+00:00,2330.9,2351.66,2330.9,2347.56,22485.3656,2026-05-10 15:59:59.999000+00:00,52629896.685357,139374,11775.69670000,27577577.03530300,0
2026-05-10 16:00:00+00:00,2347.56,2350.85,2340.11,2350.0,17749.1502,2026-05-10 16:59:59.999000+00:00,41671208.962374,96283,10846.86610000,25470375.16541100,0
2026-05-10 17:00:00+00:00,2349.99,2368.0,2345.4,2364.1,114535.2366,2026-05-10 17:59:59.999000+00:00,269221554.925236,183246,97017.83420000,227982798.60586700,0
2026-05-10 18:00:00+00:00,2364.11,2366.79,2356.63,2358.54,11161.528,2026-05-10 18:59:59.999000+00:00,26366068.025043,71144,5143.66630000,12148817.33160800,0
2026-05-10 19:00:00+00:00,2358.53,2366.79,2351.25,2365.54,10978.6451,2026-05-10 19:59:59.999000+00:00,25927065.774518,81958,5751.81780000,13584206.81315400,0
2026-05-10 20:00:00+00:00,2365.54,2369.86,2311.83,2328.76,30933.2806,2026-05-10 20:59:59.999000+00:00,72372904.47818,281087,12467.15900000,29180463.58079300,0
2026-05-10 21:00:00+00:00,2328.76,2336.85,2324.02,2330.8,15363.9227,2026-05-10 21:59:59.999000+00:00,35820451.066678,156445,6798.53190000,15852378.35342100,0
2026-05-10 22:00:00+00:00,2330.79,2377.64,2327.92,2373.78,33668.5341,2026-05-10 22:59:59.999000+00:00,79450204.614991,340618,18089.77040000,42677582.51013200,0
2026-05-10 23:00:00+00:00,2373.78,2382.53,2367.95,2371.27,22683.1001,2026-05-10 23:59:59.999000+00:00,53910395.61924,202440,11902.73060000,28296289.85113200,0
2026-05-11 00:00:00+00:00,2371.26,2374.92,2344.59,2352.35,19323.6984,2026-05-11 00:59:59.999000+00:00,45562327.160893,220691,8214.39400000,19369446.72813000,0
2026-05-11 01:00:00+00:00,2352.36,2365.58,2345.33,2358.54,9293.8315,2026-05-11 01:59:59.999000+00:00,21915224.801515,155018,4971.70060000,11723886.36864500,0
2026-05-11 02:00:00+00:00,2358.54,2360.79,2343.38,2345.39,9280.1867,2026-05-11 02:59:59.999000+00:00,21794583.385591,126011,3777.66530000,8872773.37532600,0
2026-05-11 03:00:00+00:00,2345.4,2345.4,2320.01,2330.56,22426.555,2026-05-11 03:59:59.999000+00:00,52244002.231214,176953,9788.87540000,22798720.03606200,0
2026-05-11 04:00:00+00:00,2330.56,2335.99,2326.66,2332.85,10862.7775,2026-05-11 04:59:59.999000+00:00,25329497.994669,81509,4897.90020000,11420702.82797800,0
2026-05-11 05:00:00+00:00,2332.85,2340.49,2332.05,2335.3,9834.6659,2026-05-11 05:59:59.999000+00:00,22974822.67912,61644,4315.03790000,10080236.40123900,0
2026-05-11 06:00:00+00:00,2335.29,2342.44,2330.05,2333.48,9215.668,2026-05-11 06:59:59.999000+00:00,21529577.845309,73859,3432.75930000,8022618.53506800,0
2026-05-11 07:00:00+00:00,2333.49,2333.49,2328.25,2330.54,5396.1646,2026-05-11 07:59:59.999000+00:00,12575474.814441,56787,1984.58820000,4624781.97498000,0
2026-05-11 08:00:00+00:00,2330.55,2334.66,2326.66,2330.48,7149.0202,2026-05-11 08:59:59.999000+00:00,16666158.853856,76466,3449.14120000,8041378.90234500,0
2026-05-11 09:00:00+00:00,2330.48,2338.61,2330.26,2336.08,4110.1503,2026-05-11 09:59:59.999000+00:00,9599254.970512,57588,2192.55330000,5120554.32183000,0
2026-05-11 10:00:00+00:00,2336.07,2339.9,2329.93,2329.94,5470.2846,2026-05-11 10:59:59.999000+00:00,12775754.036281,68891,2160.47390000,5046845.07146200,0
2026-05-11 11:00:00+00:00,2329.93,2335.8,2327.43,2335.8,4609.631,2026-05-11 11:59:59.999000+00:00,10754554.443446,59745,1662.70520000,3879487.97785600,0
2026-05-11 12:00:00+00:00,2335.8,2338.89,2328.79,2329.5,7140.9535,2026-05-11 12:59:59.999000+00:00,16663887.387665,92722,2960.58010000,6908448.37175100,0
2026-05-11 13:00:00+00:00,2329.51,2332.86,2314.77,2322.32,15820.0073,2026-05-11 13:59:59.999000+00:00,36752625.322362,185730,6487.56150000,15073088.98880800,0
2026-05-11 14:00:00+00:00,2322.31,2328.8,2304.0,2316.48,18307.6063,2026-05-11 14:59:59.999000+00:00,42391952.797077,225113,7603.41410000,17610218.73887600,0
2026-05-11 15:00:00+00:00,2316.48,2335.6,2313.4,2333.48,13019.6586,2026-05-11 15:59:59.999000+00:00,30299587.697667,160383,6344.85920000,14767306.84800900,0
2026-05-11 16:00:00+00:00,2333.48,2341.21,2327.38,2329.78,15011.5399,2026-05-11 16:59:59.999000+00:00,35063767.039356,172499,6312.44040000,14747993.38647500,0
2026-05-11 17:00:00+00:00,2329.79,2343.83,2323.68,2336.71,10465.5371,2026-05-11 17:59:59.999000+00:00,24411851.681654,111209,4783.85450000,11158326.18389800,0
2026-05-11 18:00:00+00:00,2336.71,2344.35,2334.55,2335.35,10798.4289,2026-05-11 18:59:59.999000+00:00,25271486.005265,94084,4405.10170000,10309638.87587400,0
2026-05-11 19:00:00+00:00,2335.35,2344.0,2331.92,2340.43,7110.3587,2026-05-11 19:59:59.999000+00:00,16631705.812276,79377,2960.99470000,6927309.48553600,0
2026-05-11 20:00:00+00:00,2340.44,2345.44,2336.27,2338.15,7593.5702,2026-05-11 20:59:59.999000+00:00,17768348.435772,78928,3116.63060000,7292406.82615000,0
2026-05-11 21:00:00+00:00,2338.16,2342.49,2336.36,2340.71,5121.3253,2026-05-11 21:59:59.999000+00:00,11981546.882765,57670,2637.86160000,6170947.22991700,0
2026-05-11 22:00:00+00:00,2340.71,2345.68,2336.63,2341.43,5867.5676,2026-05-11 22:59:59.999000+00:00,13738159.364784,69970,3124.03310000,7314736.74919800,0
2026-05-11 23:00:00+00:00,2341.43,2342.23,2335.08,2339.87,3732.8681,2026-05-11 23:59:59.999000+00:00,8731912.609433,51746,1905.07720000,4456385.70472900,0
2026-05-12 00:00:00+00:00,2339.88,2340.85,2332.13,2333.54,5083.8958,2026-05-12 00:59:59.999000+00:00,11873743.972033,68984,2779.42490000,6491948.33140900,0
2026-05-12 01:00:00+00:00,2333.54,2335.66,2295.01,2311.41,27250.3484,2026-05-12 01:59:59.999000+00:00,62985980.881283,227497,12153.80700000,28100334.23909900,0
2026-05-12 02:00:00+00:00,2311.4,2317.0,2307.2,2315.89,8716.197,2026-05-12 02:59:59.999000+00:00,20159087.834224,85533,4696.55640000,10863306.92041300,0
2026-05-12 03:00:00+00:00,2315.89,2317.31,2307.2,2309.37,5742.0484,2026-05-12 03:59:59.999000+00:00,13276370.156972,60491,2247.14670000,5196921.63588900,0
2026-05-12 04:00:00+00:00,2309.36,2314.49,2305.65,2310.92,5344.5111,2026-05-12 04:59:59.999000+00:00,12349072.341553,41814,2042.76210000,4720243.93884200,0
2026-05-12 05:00:00+00:00,2310.92,2314.08,2309.74,2310.12,6159.8859,2026-05-12 05:59:59.999000+00:00,14240763.386333,35706,2165.59580000,5007012.32937400,0
2026-05-12 06:00:00+00:00,2310.13,2313.84,2302.63,2303.89,8109.0135,2026-05-12 06:59:59.999000+00:00,18715669.763651,59751,2948.88360000,6805227.42853600,0
2026-05-12 07:00:00+00:00,2303.9,2304.82,2291.63,2295.2,15768.3022,2026-05-12 07:59:59.999000+00:00,36246126.746321,95861,6809.47290000,15652221.04174400,0
2026-05-12 08:00:00+00:00,2295.2,2296.27,2280.0,2288.01,25800.4316,2026-05-12 08:59:59.999000+00:00,59033653.747479,133264,12297.83680000,28137275.98479100,0
2026-05-12 09:00:00+00:00,2288.0,2295.3,2281.1,2292.84,11101.2573,2026-05-12 09:59:59.999000+00:00,25386705.562598,84892,6040.64380000,13813715.31881600,0
2026-05-12 10:00:00+00:00,2292.84,2293.88,2281.42,2286.2,14416.2819,2026-05-12 10:59:59.999000+00:00,32959155.622563,79412,5863.00270000,13403501.59483700,0
2026-05-12 11:00:00+00:00,2286.21,2287.09,2278.57,2287.01,9074.8274,2026-05-12 11:59:59.999000+00:00,20722649.915559,102041,4108.33260000,9383396.74279400,0
2026-05-12 12:00:00+00:00,2287.02,2294.01,2281.14,2288.97,10709.2451,2026-05-12 12:59:59.999000+00:00,24500353.252078,144585,5097.56850000,11662594.94051800,0
2026-05-12 13:00:00+00:00,2288.97,2292.51,2268.88,2271.99,17980.8557,2026-05-12 13:59:59.999000+00:00,40993019.500853,229234,6918.34010000,15775332.60299500,0
2026-05-12 14:00:00+00:00,2271.99,2281.89,2262.37,2269.18,18461.4051,2026-05-12 14:59:59.999000+00:00,41949082.044257,251894,8610.45260000,19571373.02571700,0
2026-05-12 15:00:00+00:00,2269.18,2274.38,2256.67,2261.85,16513.7723,2026-05-12 15:59:59.999000+00:00,37378596.795315,203062,6498.12110000,14710974.87216000,0
2026-05-12 16:00:00+00:00,2261.86,2271.24,2256.27,2263.83,11372.9998,2026-05-12 16:59:59.999000+00:00,25747857.65896,161576,5204.78000000,11784684.97557600,0
2026-05-12 17:00:00+00:00,2263.83,2278.0,2263.83,2276.59,6397.2953,2026-05-12 17:59:59.999000+00:00,14541177.688252,97766,3343.41300000,7598339.32121600,0
2026-05-12 18:00:00+00:00,2276.6,2284.6,2274.67,2279.3,6729.2104,2026-05-12 18:59:59.999000+00:00,15337931.065531,79823,3393.80650000,7736144.42134100,0
2026-05-12 19:00:00+00:00,2279.31,2287.43,2279.15,2285.09,5237.4283,2026-05-12 19:59:59.999000+00:00,11963318.216944,69778,2697.53540000,6161206.38874000,0
2026-05-12 20:00:00+00:00,2285.1,2287.39,2281.32,2285.04,3679.2957,2026-05-12 20:59:59.999000+00:00,8405377.047052,44593,1402.61330000,3203955.39663100,0
2026-05-12 21:00:00+00:00,2285.05,2287.64,2282.81,2285.4,3407.4166,2026-05-12 21:59:59.999000+00:00,7787457.177838,43095,1671.00790000,3818903.38619500,0
2026-05-12 22:00:00+00:00,2285.41,2291.37,2282.24,2282.34,4370.6133,2026-05-12 22:59:59.999000+00:00,9995778.507361,61260,1844.11920000,4219105.63038100,0
2026-05-12 23:00:00+00:00,2282.34,2284.18,2273.88,2274.96,5554.5701,2026-05-12 23:59:59.999000+00:00,12656030.912454,58469,1725.07180000,3930822.41404100,0
2026-05-13 00:00:00+00:00,2274.97,2286.79,2273.34,2281.56,4782.3535,2026-05-13 00:59:59.999000+00:00,10911891.254264,87489,2338.68690000,5336390.34239900,0
2026-05-13 01:00:00+00:00,2281.56,2295.29,2280.99,2289.98,8336.9621,2026-05-13 01:59:59.999000+00:00,19094882.219633,118169,4392.65970000,10059996.15926500,0
2026-05-13 02:00:00+00:00,2289.99,2299.89,2286.96,2293.99,6723.5922,2026-05-13 02:59:59.999000+00:00,15425271.314402,88675,3287.62020000,7543881.39039800,0
2026-05-13 03:00:00+00:00,2293.99,2303.77,2292.44,2301.77,5786.8043,2026-05-13 03:59:59.999000+00:00,13301837.301082,76347,3072.48100000,7062304.82150900,0
2026-05-13 04:00:00+00:00,2301.76,2309.0,2298.47,2306.67,5667.6991,2026-05-13 04:59:59.999000+00:00,13056613.997716,66128,2820.16290000,6497318.79011100,0
2026-05-13 05:00:00+00:00,2306.68,2307.48,2295.63,2297.76,6007.4738,2026-05-13 05:59:59.999000+00:00,13826723.145033,47726,1445.74660000,3326779.93915300,0
2026-05-13 06:00:00+00:00,2297.77,2305.13,2297.26,2301.84,4402.6754,2026-05-13 06:59:59.999000+00:00,10137685.860008,49011,2484.05300000,5719915.73472400,0
2026-05-13 07:00:00+00:00,2301.84,2303.03,2296.95,2301.07,4164.7597,2026-05-13 07:59:59.999000+00:00,9577542.977442,41774,1896.37440000,4361247.36978800,0
2026-05-13 08:00:00+00:00,2301.07,2316.96,2300.73,2316.64,11302.729,2026-05-13 08:59:59.999000+00:00,26103563.938316,88020,6952.18270000,16053757.66541200,0
2026-05-13 09:00:00+00:00,2316.65,2323.36,2314.45,2321.19,12175.5618,2026-05-13 09:59:59.999000+00:00,28246576.721551,77088,6711.87400000,15570693.61807400,0
2026-05-13 10:00:00+00:00,2321.18,2321.6,2305.55,2308.46,7214.562,2026-05-13 10:59:59.999000+00:00,16681091.635877,69442,3130.01890000,7235661.05314900,0
2026-05-13 11:00:00+00:00,2308.46,2308.91,2299.0,2301.82,8961.8603,2026-05-13 11:59:59.999000+00:00,20639693.837158,99884,5217.34860000,12017184.42959900,0
2026-05-13 12:00:00+00:00,2301.83,2307.54,2270.01,2284.35,21804.2465,2026-05-13 12:59:59.999000+00:00,49851597.662764,220286,9550.02500000,21852190.43372500,0
2026-05-13 13:00:00+00:00,2284.35,2288.31,2258.51,2262.8,25468.6809,2026-05-13 13:59:59.999000+00:00,57825809.133501,201349,12253.18160000,27824594.36893000,0
2026-05-13 14:00:00+00:00,2262.8,2270.97,2251.05,2267.39,23727.9378,2026-05-13 14:59:59.999000+00:00,53692991.956532,138193,12466.71130000,28209512.84580800,0
2026-05-13 15:00:00+00:00,2267.39,2270.25,2234.13,2236.49,30418.8782,2026-05-13 15:59:59.999000+00:00,68427499.608908,178651,11656.41960000,26228898.13203800,0
2026-05-13 16:00:00+00:00,2236.48,2253.35,2235.48,2250.75,23968.6256,2026-05-13 16:59:59.999000+00:00,53793061.211313,123038,12625.69940000,28337170.88520000,0
2026-05-13 17:00:00+00:00,2250.75,2261.77,2250.75,2258.31,9344.9691,2026-05-13 17:59:59.999000+00:00,21091321.726852,70121,4246.82980000,9583662.80268100,0
2026-05-13 18:00:00+00:00,2258.32,2268.49,2258.32,2259.68,14360.4409,2026-05-13 18:59:59.999000+00:00,32508952.326272,75000,7211.27870000,16326117.98637800,0
2026-05-13 19:00:00+00:00,2259.67,2260.71,2250.56,2256.53,7585.2544,2026-05-13 19:59:59.999000+00:00,17108366.368051,59283,2796.65940000,6307973.31473900,0
2026-05-13 20:00:00+00:00,2256.53,2264.46,2256.43,2263.75,4878.8697,2026-05-13 20:59:59.999000+00:00,11027543.276303,37703,2421.44830000,5472869.07570000,0
2026-05-13 21:00:00+00:00,2263.76,2264.07,2253.7,2255.79,3683.1732,2026-05-13 21:59:59.999000+00:00,8313398.040208,39167,1391.38000000,3140159.98203400,0
2026-05-13 22:00:00+00:00,2255.8,2260.55,2251.0,2259.6,4213.4589,2026-05-13 22:59:59.999000+00:00,9503010.512846,51535,2007.06470000,4527027.18134300,0
2026-05-13 23:00:00+00:00,2259.59,2261.79,2254.83,2258.65,3474.1615,2026-05-13 23:59:59.999000+00:00,7847776.395846,41521,1804.45440000,4076344.31136600,0
2026-05-14 00:00:00+00:00,2258.66,2269.37,2258.14,2266.58,6486.757,2026-05-14 00:59:59.999000+00:00,14696989.330866,76842,3334.65890000,7553858.62727600,0
2026-05-14 01:00:00+00:00,2266.58,2269.37,2259.9,2264.91,4348.5964,2026-05-14 01:59:59.999000+00:00,9848223.714694,74245,1765.87140000,3999060.30245300,0
2026-05-14 02:00:00+00:00,2264.9,2266.75,2247.71,2251.53,8195.2617,2026-05-14 02:59:59.999000+00:00,18516751.662768,77284,2167.63360000,4896130.08834200,0
2026-05-14 03:00:00+00:00,2251.54,2255.0,2238.64,2242.14,9365.1462,2026-05-14 03:59:59.999000+00:00,21027677.670569,135947,3959.19770000,8893007.50538100,0
2026-05-14 04:00:00+00:00,2242.14,2258.25,2239.54,2256.7,5139.3202,2026-05-14 04:59:59.999000+00:00,11573317.327876,63985,3036.15380000,6836690.40673300,0
2026-05-14 05:00:00+00:00,2256.69,2273.71,2255.53,2268.44,10348.163,2026-05-14 05:59:59.999000+00:00,23435916.810265,95075,5925.44070000,13423431.75359500,0
2026-05-14 06:00:00+00:00,2268.44,2275.2,2266.86,2267.71,8095.9777,2026-05-14 06:59:59.999000+00:00,18385282.6513,75696,3686.76620000,8372863.53305300,0
2026-05-14 07:00:00+00:00,2267.72,2270.79,2263.88,2265.48,5020.0728,2026-05-14 07:59:59.999000+00:00,11384964.278469,51095,2743.70040000,6223129.56985000,0
2026-05-14 08:00:00+00:00,2265.49,2270.99,2262.05,2266.36,7411.1537,2026-05-14 08:59:59.999000+00:00,16800379.580159,59227,4035.54990000,9148906.06472400,0
2026-05-14 09:00:00+00:00,2266.35,2267.72,2252.76,2257.8,8310.4377,2026-05-14 09:59:59.999000+00:00,18784676.686169,76573,4120.71960000,9315423.48248100,0
2026-05-14 10:00:00+00:00,2257.8,2265.51,2255.84,2262.14,7115.7591,2026-05-14 10:59:59.999000+00:00,16089879.473615,80787,3746.56550000,8471825.55637800,0
2026-05-14 11:00:00+00:00,2262.13,2264.0,2252.53,2253.81,8187.7599,2026-05-14 11:59:59.999000+00:00,18479610.29347,72815,5202.87480000,11743342.59910900,0
2026-05-14 12:00:00+00:00,2253.81,2263.24,2248.0,2261.48,8236.3744,2026-05-14 12:59:59.999000+00:00,18584335.954448,101965,3760.17560000,8484862.81890400,0
2026-05-14 13:00:00+00:00,2261.48,2265.32,2248.43,2249.42,15476.0602,2026-05-14 13:59:59.999000+00:00,34937176.457468,200004,6197.66140000,13992187.00871900,0
2026-05-14 14:00:00+00:00,2249.42,2289.0,2246.13,2286.99,22674.6006,2026-05-14 14:59:59.999000+00:00,51511942.651411,270672,13311.63800000,30245581.89003500,0
2026-05-14 15:00:00+00:00,2287.0,2299.7,2280.63,2298.48,22364.7492,2026-05-14 15:59:59.999000+00:00,51206716.808978,204381,11177.88140000,25601747.19902300,0
2026-05-14 16:00:00+00:00,2298.48,2318.66,2293.96,2316.36,28595.7539,2026-05-14 16:59:59.999000+00:00,65938238.550022,250073,15856.31590000,36573465.36478800,0
2026-05-14 17:00:00+00:00,2316.35,2319.33,2296.57,2308.18,20630.7928,2026-05-14 17:59:59.999000+00:00,47621166.062352,245246,9533.06770000,22007535.47803100,0
2026-05-14 18:00:00+00:00,2308.17,2316.78,2303.0,2309.63,11885.1714,2026-05-14 18:59:59.999000+00:00,27471219.692692,122356,6161.94120000,14244091.84747000,0
2026-05-14 19:00:00+00:00,2309.64,2312.22,2297.5,2298.34,10168.4499,2026-05-14 19:59:59.999000+00:00,23420738.586001,105489,4176.21350000,9618269.86475100,0
2026-05-14 20:00:00+00:00,2298.34,2301.43,2288.7,2298.08,8543.8195,2026-05-14 20:59:59.999000+00:00,19597729.074634,91649,3928.09090000,9012787.19815100,0
2026-05-14 21:00:00+00:00,2298.08,2300.27,2290.0,2297.19,6869.1293,2026-05-14 21:59:59.999000+00:00,15769403.499381,61260,4147.04380000,9520945.52784600,0
2026-05-14 22:00:00+00:00,2297.2,2301.67,2295.2,2298.16,4426.4912,2026-05-14 22:59:59.999000+00:00,10173315.044262,59129,2427.27840000,5578800.09528800,0
2026-05-14 23:00:00+00:00,2298.16,2298.16,2280.18,2283.25,8785.0381,2026-05-14 23:59:59.999000+00:00,20113056.735551,78612,3349.91760000,7671386.24944500,0
2026-05-15 00:00:00+00:00,2283.26,2300.29,2281.78,2291.39,9357.0866,2026-05-15 00:59:59.999000+00:00,21433842.813917,119172,4470.28910000,10239076.17262600,0
2026-05-15 01:00:00+00:00,2291.39,2294.74,2274.06,2275.45,14053.4348,2026-05-15 01:59:59.999000+00:00,32093708.586177,129530,3715.17010000,8487862.47410300,0
2026-05-15 02:00:00+00:00,2275.46,2279.26,2260.45,2276.37,21187.1974,2026-05-15 02:59:59.999000+00:00,48087551.787995,167740,6337.32100000,14386682.87613800,0
2026-05-15 03:00:00+00:00,2276.37,2279.64,2267.98,2273.34,12349.3,2026-05-15 03:59:59.999000+00:00,28075451.625884,82915,2747.08770000,6244939.92005700,0
2026-05-15 04:00:00+00:00,2273.35,2273.91,2262.74,2263.33,5390.7915,2026-05-15 04:59:59.999000+00:00,12227413.536069,72287,2136.99030000,4848199.47879900,0
2026-05-15 05:00:00+00:00,2263.33,2267.0,2237.95,2245.41,25297.9003,2026-05-15 05:59:59.999000+00:00,56916319.260713,190274,9763.94360000,21964433.16739400,0
2026-05-15 06:00:00+00:00,2245.4,2256.92,2243.8,2255.35,8254.6943,2026-05-15 06:59:59.999000+00:00,18582805.247382,97395,4264.94350000,9601477.51518300,0
2026-05-15 07:00:00+00:00,2255.36,2271.64,2253.63,2265.11,11363.6377,2026-05-15 07:59:59.999000+00:00,25732894.796833,90084,5998.19050000,13582069.53742200,0
2026-05-15 08:00:00+00:00,2265.11,2265.42,2250.0,2257.56,10928.0066,2026-05-15 08:59:59.999000+00:00,24668468.715352,109589,5358.35130000,12095798.15416400,0
2026-05-15 09:00:00+00:00,2257.56,2260.0,2250.82,2254.5,5542.7633,2026-05-15 09:59:59.999000+00:00,12500424.172039,85415,2781.04760000,6272423.34757300,0
2026-05-15 10:00:00+00:00,2254.5,2264.49,2252.35,2262.44,7868.504,2026-05-15 10:59:59.999000+00:00,17768064.679125,94920,4104.49420000,9267222.09526300,0
2026-05-15 11:00:00+00:00,2262.44,2263.95,2257.26,2257.57,6432.378,2026-05-15 11:59:59.999000+00:00,14535738.693068,58824,3180.43160000,7187024.28769100,0
2026-05-15 12:00:00+00:00,2257.56,2260.72,2251.14,2254.29,7355.9121,2026-05-15 12:59:59.999000+00:00,16591278.578965,92007,3159.97520000,7127551.49948800,0
2026-05-15 13:00:00+00:00,2254.29,2254.29,2210.31,2213.68,42412.9939,2026-05-15 13:59:59.999000+00:00,94582856.39288,407955,16735.73020000,37303530.42080100,0
2026-05-15 14:00:00+00:00,2213.69,2223.79,2205.11,2213.35,36623.717,2026-05-15 14:59:59.999000+00:00,81078949.202559,368852,16372.90680000,36254244.99669200,0
2026-05-15 15:00:00+00:00,2213.35,2223.96,2209.79,2222.85,11937.2392,2026-05-15 15:59:59.999000+00:00,26467640.61299,180391,6861.94110000,15215704.19598700,0
2026-05-15 16:00:00+00:00,2222.86,2231.11,2218.9,2224.59,11576.2953,2026-05-15 16:59:59.999000+00:00,25753772.490606,128623,5941.36670000,13220044.38981100,0
2026-05-15 17:00:00+00:00,2224.59,2232.88,2224.26,2229.47,8834.4347,2026-05-15 17:59:59.999000+00:00,19685729.055962,93200,4716.73490000,10510110.31718200,0
2026-05-15 18:00:00+00:00,2229.47,2232.86,2224.97,2228.36,6715.7959,2026-05-15 18:59:59.999000+00:00,14967878.560841,99202,3638.44360000,8109650.84253400,0
2026-05-15 19:00:00+00:00,2228.35,2228.42,2222.27,2223.35,5728.0131,2026-05-15 19:59:59.999000+00:00,12744214.691978,83149,2360.91310000,5252640.38111800,0
2026-05-15 20:00:00+00:00,2223.35,2226.13,2216.99,2220.14,6208.4965,2026-05-15 20:59:59.999000+00:00,13790929.908183,76649,2582.08790000,5735903.74449900,0
2026-05-15 21:00:00+00:00,2220.13,2225.08,2215.0,2216.99,5279.6243,2026-05-15 21:59:59.999000+00:00,11720595.588888,63949,2073.96420000,4604809.86352400,0
2026-05-15 22:00:00+00:00,2217.0,2225.01,2216.99,2224.18,5017.0896,2026-05-15 22:59:59.999000+00:00,11151116.037934,45113,2273.87000000,5052596.03161400,0
2026-05-15 23:00:00+00:00,2224.18,2226.29,2222.88,2224.66,2821.2446,2026-05-15 23:59:59.999000+00:00,6276227.875978,40073,1607.83770000,3576800.09873200,0
2026-05-16 00:00:00+00:00,2224.65,2231.51,2223.81,2227.0,3301.8064,2026-05-16 00:59:59.999000+00:00,7357569.464365,44128,1952.87460000,4351739.19676600,0
2026-05-16 01:00:00+00:00,2226.99,2230.85,2223.53,2229.62,2980.2852,2026-05-16 01:59:59.999000+00:00,6637471.673097,50694,1379.81430000,3073570.85111800,0
2026-05-16 02:00:00+00:00,2229.62,2231.5,2227.0,2229.91,2565.1592,2026-05-16 02:59:59.999000+00:00,5718943.893914,40202,1511.98010000,3371088.51870800,0
2026-05-16 03:00:00+00:00,2229.91,2230.64,2227.11,2228.01,2329.581,2026-05-16 03:59:59.999000+00:00,5193681.864051,30319,1144.33900000,2551353.15860900,0
2026-05-16 04:00:00+00:00,2228.0,2228.96,2218.35,2225.98,4171.0714,2026-05-16 04:59:59.999000+00:00,9275084.566939,46542,1958.18710000,4354830.15534200,0
2026-05-16 05:00:00+00:00,2225.99,2227.13,2222.69,2225.37,2311.4552,2026-05-16 05:59:59.999000+00:00,5144305.631822,32976,1206.68590000,2685535.68854300,0
2026-05-16 06:00:00+00:00,2225.38,2226.89,2209.7,2215.45,8055.167,2026-05-16 06:59:59.999000+00:00,17866106.51384,88357,3930.81390000,8720025.00956300,0
2026-05-16 07:00:00+00:00,2215.46,2215.81,2182.0,2194.81,38322.888,2026-05-16 07:59:59.999000+00:00,84052736.349344,246083,18394.80060000,40312366.78386100,0
2026-05-16 08:00:00+00:00,2194.81,2196.87,2192.01,2193.26,6028.1463,2026-05-16 08:59:59.999000+00:00,13229698.420452,55773,2449.99990000,5377511.37487600,0
2026-05-16 09:00:00+00:00,2193.26,2193.85,2162.6,2173.57,27888.7843,2026-05-16 09:59:59.999000+00:00,60639159.614122,208851,11352.22410000,24667284.79680500,0
2026-05-16 10:00:00+00:00,2173.57,2175.0,2162.55,2173.85,18882.4485,2026-05-16 10:59:59.999000+00:00,40978125.646955,126254,7136.79530000,15487695.04767400,0
2026-05-16 11:00:00+00:00,2173.85,2181.0,2173.85,2176.1,13389.521,2026-05-16 11:59:59.999000+00:00,29163346.666814,64286,7507.45560000,16352809.36745200,0
2026-05-16 12:00:00+00:00,2176.11,2179.26,2173.18,2176.5,8013.1897,2026-05-16 12:59:59.999000+00:00,17438601.999907,50242,4274.01890000,9301047.50187700,0
2026-05-16 13:00:00+00:00,2176.5,2180.0,2172.3,2177.12,8775.7986,2026-05-16 13:59:59.999000+00:00,19097257.44511,58301,3994.05830000,8690161.09633600,0
2026-05-16 14:00:00+00:00,2177.12,2188.16,2173.51,2179.93,11130.7609,2026-05-16 14:59:59.999000+00:00,24244076.969896,77598,5256.81580000,11455125.72705300,0
2026-05-16 15:00:00+00:00,2179.92,2183.79,2176.9,2180.0,10245.234,2026-05-16 15:59:59.999000+00:00,22339180.343837,57395,3522.69240000,7681745.73924400,0
2026-05-16 16:00:00+00:00,2180.0,2183.52,2170.5,2174.11,13727.5761,2026-05-16 16:59:59.999000+00:00,29874464.642068,70549,4788.19990000,10421432.02997900,0
2026-05-16 17:00:00+00:00,2174.11,2180.79,2174.11,2178.91,3445.3575,2026-05-16 17:59:59.999000+00:00,7503786.854409,33672,1950.39220000,4247856.55756200,0
2026-05-16 18:00:00+00:00,2178.91,2185.22,2176.36,2181.35,3877.5329,2026-05-16 18:59:59.999000+00:00,8453982.29217,32837,2788.51350000,6079900.41603700,0
2026-05-16 19:00:00+00:00,2181.35,2182.77,2179.23,2179.57,2125.662,2026-05-16 19:59:59.999000+00:00,4635704.810076,24596,1224.18600000,2669791.92761000,0
2026-05-16 20:00:00+00:00,2179.57,2182.9,2179.57,2181.45,1871.6178,2026-05-16 20:59:59.999000+00:00,4083090.881751,24351,1110.90030000,2423460.83023300,0
2026-05-16 21:00:00+00:00,2181.45,2183.54,2180.94,2182.39,1877.715,2026-05-16 21:59:59.999000+00:00,4097707.718603,23733,1043.11160000,2276369.91791100,0
2026-05-16 22:00:00+00:00,2182.39,2183.28,2179.77,2180.47,1852.3298,2026-05-16 22:59:59.999000+00:00,4040830.26645,27488,822.69780000,1794783.80538400,0
2026-05-16 23:00:00+00:00,2180.46,2183.03,2179.35,2180.77,2119.4883,2026-05-16 23:59:59.999000+00:00,4623032.537354,26656,1040.74200000,2270100.55300700,0
2026-05-17 00:00:00+00:00,2180.77,2185.6,2174.08,2177.59,4798.1136,2026-05-17 00:59:59.999000+00:00,10460178.95651,50492,1909.23960000,4165069.95855200,0
2026-05-17 01:00:00+00:00,2177.6,2183.6,2167.98,2169.18,9613.5951,2026-05-17 01:59:59.999000+00:00,20898683.200882,94540,4705.22960000,10227574.54851500,0
2026-05-17 02:00:00+00:00,2169.17,2176.25,2169.17,2174.5,3805.4705,2026-05-17 02:59:59.999000+00:00,8271802.045779,54990,2190.81510000,4761831.31587400,0
2026-05-17 03:00:00+00:00,2174.51,2184.5,2174.26,2181.7,4100.2657,2026-05-17 03:59:59.999000+00:00,8937846.780616,47463,2358.47410000,5140973.00166500,0
2026-05-17 04:00:00+00:00,2181.71,2190.37,2181.14,2187.61,5607.1694,2026-05-17 04:59:59.999000+00:00,12261057.560826,50649,3363.86560000,7355317.26261700,0
2026-05-17 05:00:00+00:00,2187.61,2195.0,2185.63,2185.91,4862.8971,2026-05-17 05:59:59.999000+00:00,10648988.403583,41021,3114.34800000,6820856.50303800,0
2026-05-17 06:00:00+00:00,2185.91,2188.0,2181.7,2185.02,3780.4218,2026-05-17 06:59:59.999000+00:00,8258233.721032,39827,1500.28720000,3277698.89462900,0
2026-05-17 07:00:00+00:00,2185.02,2188.49,2182.53,2186.64,3050.4999,2026-05-17 07:59:59.999000+00:00,6667758.417292,35967,1406.86110000,3075084.65504100,0
2026-05-17 08:00:00+00:00,2186.63,2187.06,2183.12,2185.95,2632.7465,2026-05-17 08:59:59.999000+00:00,5752922.959386,26431,1506.57450000,3291699.06779500,0
2026-05-17 09:00:00+00:00,2185.95,2191.38,2185.91,2190.23,2889.1747,2026-05-17 09:59:59.999000+00:00,6323634.619983,28662,1436.60560000,3144558.96417400,0
2026-05-17 10:00:00+00:00,2190.22,2198.14,2190.22,2194.28,5616.8575,2026-05-17 10:59:59.999000+00:00,12325766.07812,69029,3357.63030000,7367975.01576300,0
2026-05-17 11:00:00+00:00,2194.29,2194.72,2188.0,2192.0,4451.9991,2026-05-17 11:59:59.999000+00:00,9755960.717752,47135,1877.59010000,4115046.68293200,0
2026-05-17 12:00:00+00:00,2192.0,2198.04,2191.34,2194.3,3964.1553,2026-05-17 12:59:59.999000+00:00,8701022.50975,42339,1601.27650000,3514910.83752200,0
2026-05-17 13:00:00+00:00,2194.3,2194.93,2187.29,2192.12,4823.5227,2026-05-17 13:59:59.999000+00:00,10572034.542789,52269,2036.64650000,4464544.91734200,0
2026-05-17 14:00:00+00:00,2192.12,2192.39,2178.39,2186.64,6752.4117,2026-05-17 14:59:59.999000+00:00,14755944.467207,89770,2712.32180000,5927457.13438200,0
2026-05-17 15:00:00+00:00,2186.64,2188.84,2181.2,2186.51,3341.197,2026-05-17 15:59:59.999000+00:00,7302092.506304,53311,1661.89910000,3632249.42650800,0
2026-05-17 16:00:00+00:00,2186.51,2189.12,2182.15,2182.51,2827.4053,2026-05-17 16:59:59.999000+00:00,6179687.147953,46473,1320.40460000,2886176.52069000,0
2026-05-17 17:00:00+00:00,2182.52,2184.95,2176.63,2183.67,4289.4198,2026-05-17 17:59:59.999000+00:00,9352734.77309,66516,2255.08040000,4917516.20352600,0
2026-05-17 18:00:00+00:00,2183.68,2188.5,2179.13,2188.49,2741.364,2026-05-17 18:59:59.999000+00:00,5988290.903038,43154,1487.99570000,3251163.86862700,0
2026-05-17 19:00:00+00:00,2188.5,2193.62,2187.56,2192.53,2510.046,2026-05-17 19:59:59.999000+00:00,5499020.538265,40779,1482.99140000,3248769.84791800,0
2026-05-17 20:00:00+00:00,2192.54,2193.68,2186.98,2189.55,2455.0533,2026-05-17 20:59:59.999000+00:00,5375976.972148,30449,1262.01840000,2763396.40387400,0
2026-05-17 21:00:00+00:00,2189.55,2194.82,2187.24,2191.81,2300.4023,2026-05-17 21:59:59.999000+00:00,5041722.797868,32925,1406.62020000,3082804.88345900,0
2026-05-17 22:00:00+00:00,2191.8,2191.8,2174.01,2179.69,11039.9188,2026-05-17 22:59:59.999000+00:00,24081133.628226,133844,4460.61120000,9729701.80679200,0
2026-05-17 23:00:00+00:00,2179.7,2179.7,2091.48,2131.0,72862.7078,2026-05-17 23:59:59.999000+00:00,155164993.279398,420570,33383.35440000,71073733.81547000,0
2026-05-18 00:00:00+00:00,2131.0,2132.0,2104.99,2115.46,33448.5802,2026-05-18 00:59:59.999000+00:00,70774701.887007,355197,12623.30480000,26705216.80070900,0
2026-05-18 01:00:00+00:00,2115.47,2121.33,2106.5,2117.54,16339.63,2026-05-18 01:59:59.999000+00:00,34529646.350768,210620,7013.40820000,14824459.70849100,0
2026-05-18 02:00:00+00:00,2117.54,2124.0,2112.78,2116.64,9170.8986,2026-05-18 02:59:59.999000+00:00,19434174.307072,109963,4282.82230000,9076189.37251000,0
2026-05-18 03:00:00+00:00,2116.65,2123.91,2115.89,2118.44,7975.8225,2026-05-18 03:59:59.999000+00:00,16904724.175747,89269,3803.49160000,8062240.65927700,0
2026-05-18 04:00:00+00:00,2118.44,2125.5,2114.24,2124.85,6837.7162,2026-05-18 04:59:59.999000+00:00,14489194.136955,74966,2842.88410000,6024898.48123200,0
2026-05-18 05:00:00+00:00,2124.85,2125.83,2117.0,2118.25,6453.7777,2026-05-18 05:59:59.999000+00:00,13694366.088451,76384,2562.29650000,5437602.50334400,0
2026-05-18 06:00:00+00:00,2118.25,2121.0,2110.0,2119.03,9048.749,2026-05-18 06:59:59.999000+00:00,19145377.616014,103638,3933.97150000,8326248.64932700,0
2026-05-18 07:00:00+00:00,2119.04,2123.99,2112.07,2120.82,9795.7552,2026-05-18 07:59:59.999000+00:00,20760192.040713,85336,6004.25360000,12725810.07445900,0
2026-05-18 08:00:00+00:00,2120.82,2124.05,2117.48,2121.57,6329.8802,2026-05-18 08:59:59.999000+00:00,13424391.20168,59918,3125.48660000,6629517.93878300,0
2026-05-18 09:00:00+00:00,2121.57,2121.93,2116.03,2116.88,4262.8506,2026-05-18 09:59:59.999000+00:00,9029010.19535,46534,2054.10110000,4350507.10151700,0
2026-05-18 10:00:00+00:00,2116.88,2117.59,2112.65,2114.55,6334.9378,2026-05-18 10:59:59.999000+00:00,13400294.588629,61079,2877.22100000,6086203.27720300,0
2026-05-18 11:00:00+00:00,2114.56,2139.75,2110.5,2133.9,15910.7319,2026-05-18 11:59:59.999000+00:00,33844779.194565,151792,9232.00570000,19636887.60197300,0
2026-05-18 12:00:00+00:00,2133.9,2157.24,2133.9,2151.01,25623.8435,2026-05-18 12:59:59.999000+00:00,55029775.087568,224058,12988.46820000,27889880.36352900,0
2026-05-18 13:00:00+00:00,2151.02,2151.41,2120.25,2130.91,25177.8551,2026-05-18 13:59:59.999000+00:00,53733606.4677,300178,10612.43210000,22642302.29370000,0
2026-05-18 14:00:00+00:00,2130.9,2130.9,2098.01,2110.32,31644.5594,2026-05-18 14:59:59.999000+00:00,66921429.034686,360052,14211.02340000,30054406.25405000,0
2026-05-18 15:00:00+00:00,2110.32,2111.3,2093.77,2107.48,31279.2744,2026-05-18 15:59:59.999000+00:00,65745486.56711,310951,14515.19180000,30512444.26439500,0
2026-05-18 16:00:00+00:00,2107.49,2111.19,2090.56,2097.71,18252.3444,2026-05-18 16:59:59.999000+00:00,38341096.842828,208067,7915.26780000,16628766.60247900,0
2026-05-18 17:00:00+00:00,2097.71,2110.19,2095.33,2108.21,10461.8463,2026-05-18 17:59:59.999000+00:00,22031394.234017,133301,4998.82420000,10525605.11188600,0
2026-05-18 18:00:00+00:00,2108.21,2109.12,2077.23,2081.32,29604.6277,2026-05-18 18:59:59.999000+00:00,61833168.590132,240798,14745.92210000,30805876.75916800,0
2026-05-18 19:00:00+00:00,2081.31,2128.49,2079.64,2125.07,35288.4271,2026-05-18 19:59:59.999000+00:00,74442018.201941,374714,19710.81730000,41580418.18987200,0
2026-05-18 20:00:00+00:00,2125.07,2131.03,2115.01,2117.61,10615.7607,2026-05-18 20:59:59.999000+00:00,22551268.556932,121850,5149.93420000,10942296.59185300,0
2026-05-18 21:00:00+00:00,2117.62,2142.67,2114.59,2137.38,14324.1322,2026-05-18 21:59:59.999000+00:00,30532967.539433,135235,8981.96000000,19142767.55199700,0
2026-05-18 22:00:00+00:00,2137.39,2142.57,2130.5,2135.74,12285.9181,2026-05-18 22:59:59.999000+00:00,26255628.547256,89872,6521.83130000,13939193.61525000,0
2026-05-18 23:00:00+00:00,2135.73,2139.17,2127.75,2130.08,5410.4744,2026-05-18 23:59:59.999000+00:00,11541151.011703,58213,3185.24430000,6795059.35701200,0
2026-05-19 00:00:00+00:00,2130.08,2146.95,2128.44,2135.88,7752.7733,2026-05-19 00:59:59.999000+00:00,16570928.616165,119518,4723.09340000,10095702.82335000,0
2026-05-19 01:00:00+00:00,2135.88,2138.4,2123.71,2124.92,8258.8095,2026-05-19 01:59:59.999000+00:00,17590048.413004,147525,4480.85750000,9543499.49082900,0
2026-05-19 02:00:00+00:00,2124.92,2135.67,2118.6,2123.31,7646.1533,2026-05-19 02:59:59.999000+00:00,16258655.610139,116903,3868.65620000,8228775.34833900,0
2026-05-19 03:00:00+00:00,2123.3,2134.61,2122.06,2131.3,5007.2946,2026-05-19 03:59:59.999000+00:00,10664610.679894,71933,2729.64090000,5814223.09741600,0
2026-05-19 04:00:00+00:00,2131.3,2136.65,2128.22,2133.88,4628.4393,2026-05-19 04:59:59.999000+00:00,9871687.752876,64420,2424.42150000,5171320.09475300,0
2026-05-19 05:00:00+00:00,2133.88,2137.74,2123.61,2135.21,7384.8264,2026-05-19 05:59:59.999000+00:00,15746666.628301,73037,3578.65730000,7631574.63024800,0
2026-05-19 06:00:00+00:00,2135.21,2140.31,2132.71,2137.52,5544.4231,2026-05-19 06:59:59.999000+00:00,11843699.029957,66096,2808.83690000,6000479.14566500,0
2026-05-19 07:00:00+00:00,2137.52,2145.0,2135.29,2140.97,7115.4473,2026-05-19 07:59:59.999000+00:00,15228997.389074,74307,4088.97700000,8751453.29519000,0
2026-05-19 08:00:00+00:00,2140.97,2141.4,2131.01,2133.72,7074.3505,2026-05-19 08:59:59.999000+00:00,15111396.602802,76786,3531.05630000,7542676.55963300,0
2026-05-19 09:00:00+00:00,2133.72,2134.5,2111.25,2114.49,12094.7932,2026-05-19 09:59:59.999000+00:00,25636391.507389,117683,4515.51880000,9566557.97225500,0
2026-05-19 10:00:00+00:00,2114.49,2121.96,2106.77,2118.36,10403.7765,2026-05-19 10:59:59.999000+00:00,21994192.342333,121227,3696.36350000,7816990.09126200,0
2026-05-19 11:00:00+00:00,2118.37,2120.24,2109.22,2110.85,5522.7146,2026-05-19 11:59:59.999000+00:00,11677783.230541,71406,1904.04750000,4024918.14242600,0
2026-05-19 12:00:00+00:00,2110.85,2119.35,2108.64,2118.49,5822.6555,2026-05-19 12:59:59.999000+00:00,12316956.094562,67763,2648.74530000,5603254.68220900,0
2026-05-19 13:00:00+00:00,2118.5,2127.53,2107.65,2119.03,17708.0004,2026-05-19 13:59:59.999000+00:00,37487708.051148,219686,7874.58350000,16673940.20259700,0
2026-05-19 14:00:00+00:00,2119.02,2123.6,2094.47,2106.55,23710.8299,2026-05-19 14:59:59.999000+00:00,49963798.765925,296794,9203.67340000,19394038.79216000,0
2026-05-19 15:00:00+00:00,2106.54,2113.42,2103.58,2110.19,8637.8522,2026-05-19 15:59:59.999000+00:00,18220120.523005,136260,4523.74950000,9542571.63456100,0
2026-05-19 16:00:00+00:00,2110.2,2122.45,2107.12,2121.12,6845.5703,2026-05-19 16:59:59.999000+00:00,14471514.460709,104092,3944.28800000,8337867.27693000,0
2026-05-19 17:00:00+00:00,2121.11,2125.07,2112.92,2115.75,6373.8264,2026-05-19 17:59:59.999000+00:00,13509185.265269,75676,2878.96220000,6102578.12123100,0
2026-05-19 18:00:00+00:00,2115.75,2119.62,2110.74,2115.28,5018.4948,2026-05-19 18:59:59.999000+00:00,10618282.772534,54852,2435.44690000,5153636.83346900,0
2026-05-19 19:00:00+00:00,2115.27,2123.16,2110.14,2113.15,6436.9705,2026-05-19 19:59:59.999000+00:00,13617929.864655,69025,2526.94080000,5346666.86367500,0
2026-05-19 20:00:00+00:00,2113.14,2118.82,2112.41,2118.39,2362.188,2026-05-19 20:59:59.999000+00:00,4999556.518972,28788,857.25870000,1814307.08034000,0
2026-05-19 21:00:00+00:00,2118.38,2120.59,2116.69,2116.97,3414.5351,2026-05-19 21:59:59.999000+00:00,7235069.358199,41479,1280.55060000,2713198.31972700,0
2026-05-19 22:00:00+00:00,2116.97,2116.97,2102.09,2106.4,7180.9732,2026-05-19 22:59:59.999000+00:00,15138510.16483,78955,2907.59140000,6128587.51527400,0
2026-05-19 23:00:00+00:00,2106.4,2118.68,2104.66,2111.93,4999.3771,2026-05-19 23:59:59.999000+00:00,10564646.213021,62754,2641.75600000,5582136.15457100,0
2026-05-20 00:00:00+00:00,2111.93,2115.95,2103.3,2111.29,5979.5179,2026-05-20 00:59:59.999000+00:00,12612626.61679,107924,2973.12770000,6272476.24862700,0
2026-05-20 01:00:00+00:00,2111.29,2119.24,2103.29,2115.28,6978.7938,2026-05-20 01:59:59.999000+00:00,14728822.983736,135271,3691.39030000,7792958.82162200,0
2026-05-20 02:00:00+00:00,2115.28,2117.14,2106.01,2109.43,3194.6835,2026-05-20 02:59:59.999000+00:00,6744599.7501,74485,1402.95390000,2962097.29118800,0
2026-05-20 03:00:00+00:00,2109.42,2116.3,2106.1,2111.6,3161.4843,2026-05-20 03:59:59.999000+00:00,6675381.457464,56921,1673.49560000,3534157.79478500,0
2026-05-20 04:00:00+00:00,2111.6,2114.78,2107.3,2113.2,3859.8496,2026-05-20 04:59:59.999000+00:00,8151932.568313,48322,1425.51320000,3010862.14052100,0
2026-05-20 05:00:00+00:00,2113.2,2130.38,2113.2,2125.63,14210.0076,2026-05-20 05:59:59.999000+00:00,30169783.828505,106800,9097.14570000,19307034.15351400,0
2026-05-20 06:00:00+00:00,2125.63,2134.41,2125.62,2133.75,10055.3538,2026-05-20 06:59:59.999000+00:00,21426022.80492,68331,4232.74260000,9018979.67322200,0
2026-05-20 07:00:00+00:00,2133.76,2136.5,2128.51,2129.74,6989.0784,2026-05-20 07:59:59.999000+00:00,14906818.551372,54951,3044.83670000,6495023.42068000,0
2026-05-20 08:00:00+00:00,2129.75,2138.0,2128.87,2131.91,8115.6362,2026-05-20 08:59:59.999000+00:00,17311207.992715,71455,3889.25020000,8297443.01008800,0
2026-05-20 09:00:00+00:00,2131.91,2133.0,2127.7,2129.36,4337.4143,2026-05-20 09:59:59.999000+00:00,9239595.074705,44844,2256.78150000,4807263.90088800,0
2026-05-20 10:00:00+00:00,2129.36,2137.02,2129.36,2130.82,4806.969,2026-05-20 10:59:59.999000+00:00,10254376.151104,52608,2905.55220000,6198039.39103400,0
2026-05-20 11:00:00+00:00,2130.82,2132.24,2124.28,2128.3,4923.4052,2026-05-20 11:59:59.999000+00:00,10477505.644023,41815,2110.00620000,4490171.88766700,0
2026-05-20 12:00:00+00:00,2128.31,2140.0,2127.02,2134.01,5842.3635,2026-05-20 12:59:59.999000+00:00,12459124.398818,57822,3138.30840000,6692824.43247300,0
2026-05-20 13:00:00+00:00,2134.02,2135.73,2115.69,2120.61,16409.0609,2026-05-20 13:59:59.999000+00:00,34847093.725049,174683,5981.07320000,12704054.36815700,0
2026-05-20 14:00:00+00:00,2120.62,2139.63,2113.87,2135.25,19511.9975,2026-05-20 14:59:59.999000+00:00,41576290.981729,268545,10047.89980000,21410304.14995600,0
2026-05-20 15:00:00+00:00,2135.24,2149.0,2129.02,2136.75,17153.5618,2026-05-20 15:59:59.999000+00:00,36710645.157075,201502,8496.83510000,18186521.06123600,0
2026-05-20 16:00:00+00:00,2136.76,2140.51,2124.1,2135.46,9337.6279,2026-05-20 16:59:59.999000+00:00,19921071.656458,141203,4422.32460000,9436207.44088200,0
2026-05-20 17:00:00+00:00,2135.46,2148.77,2132.14,2140.5,10779.1126,2026-05-20 17:59:59.999000+00:00,23087202.940054,124288,5884.04150000,12604498.74971100,0
2026-05-20 18:00:00+00:00,2140.5,2140.95,2131.3,2132.1,6023.4487,2026-05-20 18:59:59.999000+00:00,12868900.191376,79644,2614.75710000,5586046.86592000,0
2026-05-20 19:00:00+00:00,2132.1,2141.45,2129.11,2139.12,6015.4748,2026-05-20 19:59:59.999000+00:00,12850873.28756,77857,3586.38520000,7660441.34181200,0
2026-05-20 20:00:00+00:00,2139.12,2140.76,2129.51,2135.93,4957.8493,2026-05-20 20:59:59.999000+00:00,10589745.731461,81841,2184.72400000,4666451.74674500,0
2026-05-20 21:00:00+00:00,2135.92,2138.59,2130.61,2130.62,3046.6187,2026-05-20 21:59:59.999000+00:00,6501108.764758,39135,1257.49340000,2683283.50754400,0
2026-05-20 22:00:00+00:00,2130.61,2130.61,2118.45,2128.32,9689.7947,2026-05-20 22:59:59.999000+00:00,20578612.586418,93926,5394.60140000,11454330.31934500,0
2026-05-20 23:00:00+00:00,2128.32,2130.37,2122.59,2129.44,3709.19,2026-05-20 23:59:59.999000+00:00,7887431.395933,52332,2201.74290000,4681853.30391100,0
2026-05-21 00:00:00+00:00,2129.44,2145.32,2128.59,2142.92,7646.4745,2026-05-21 00:59:59.999000+00:00,16342083.383128,97518,4619.57300000,9872026.43257200,0
2026-05-21 01:00:00+00:00,2142.93,2157.5,2139.31,2141.07,11825.5022,2026-05-21 01:59:59.999000+00:00,25392635.861453,139459,6178.20840000,13268822.63799700,0
2026-05-21 02:00:00+00:00,2141.08,2148.04,2139.5,2141.5,4768.8843,2026-05-21 02:59:59.999000+00:00,10225558.896983,66524,2709.48500000,5810585.01973000,0
2026-05-21 03:00:00+00:00,2141.5,2146.85,2140.85,2145.76,3524.1137,2026-05-21 03:59:59.999000+00:00,7556143.769775,39159,1898.56780000,4070709.82915500,0
2026-05-21 04:00:00+00:00,2145.76,2148.75,2142.7,2145.0,3552.697,2026-05-21 04:59:59.999000+00:00,7622524.553445,40496,1875.91200000,4025258.82021000,0
2026-05-21 05:00:00+00:00,2145.0,2148.19,2133.21,2136.3,6291.6025,2026-05-21 05:59:59.999000+00:00,13464986.288178,57723,1934.41110000,4140751.29065000,0
2026-05-21 06:00:00+00:00,2136.31,2138.61,2127.64,2128.57,8597.7098,2026-05-21 06:59:59.999000+00:00,18339955.898868,81372,3173.79490000,6769779.90589900,0
2026-05-21 07:00:00+00:00,2128.58,2137.0,2124.25,2135.06,8726.5434,2026-05-21 07:59:59.999000+00:00,18590027.691949,74272,4800.45280000,10229545.67550400,0
2026-05-21 08:00:00+00:00,2135.07,2148.33,2135.01,2138.26,8282.9493,2026-05-21 08:59:59.999000+00:00,17731259.071758,93115,4275.53630000,9153840.06908000,0
2026-05-21 09:00:00+00:00,2138.26,2140.94,2127.96,2127.98,6582.2796,2026-05-21 09:59:59.999000+00:00,14042006.764883,72598,2570.83750000,5484108.06792300,0
2026-05-21 10:00:00+00:00,2127.97,2130.09,2110.0,2114.19,19101.5468,2026-05-21 10:59:59.999000+00:00,40483734.2098,174418,8805.98180000,18670042.42025300,0
2026-05-21 11:00:00+00:00,2114.2,2119.94,2112.17,2115.27,7699.843,2026-05-21 11:59:59.999000+00:00,16295371.783746,83026,4760.35060000,10074457.99343300,0
2026-05-21 12:00:00+00:00,2115.28,2119.91,2112.1,2117.22,11662.3948,2026-05-21 12:59:59.999000+00:00,24673616.692542,99983,7954.56050000,16828532.57380500,0
2026-05-21 13:00:00+00:00,2117.22,2124.09,2105.15,2120.46,18106.7457,2026-05-21 13:59:59.999000+00:00,38273420.648374,218427,8685.72080000,18370948.67976800,0
2026-05-21 14:00:00+00:00,2120.47,2125.59,2110.68,2121.96,14916.7552,2026-05-21 14:59:59.999000+00:00,31616142.025256,188200,7732.70660000,16388269.15923700,0
2026-05-21 15:00:00+00:00,2121.97,2138.05,2119.44,2132.65,21185.7822,2026-05-21 15:59:59.999000+00:00,45149122.425242,170444,11844.48730000,25240858.92539600,0
2026-05-21 16:00:00+00:00,2132.64,2136.66,2122.82,2127.79,10087.2837,2026-05-21 16:59:59.999000+00:00,21495790.913019,103244,4706.93150000,10033128.89520900,0
2026-05-21 17:00:00+00:00,2127.8,2153.75,2126.0,2146.6,23184.4516,2026-05-21 17:59:59.999000+00:00,49682061.409531,252354,12004.97380000,25724106.21341200,0
2026-05-21 18:00:00+00:00,2146.6,2148.0,2121.79,2126.87,13278.9464,2026-05-21 18:59:59.999000+00:00,28354325.373795,173736,5064.88930000,10813515.08091200,0
2026-05-21 19:00:00+00:00,2126.87,2145.78,2126.48,2142.83,9421.3256,2026-05-21 19:59:59.999000+00:00,20128481.953401,110657,6080.58980000,12994547.72020700,0
2026-05-21 20:00:00+00:00,2142.84,2143.46,2137.13,2138.62,5410.5322,2026-05-21 20:59:59.999000+00:00,11579742.657807,51141,3118.80840000,6675631.51276100,0
2026-05-21 21:00:00+00:00,2138.63,2141.0,2134.21,2135.42,2327.6859,2026-05-21 21:59:59.999000+00:00,4975756.923727,37783,990.68800000,2117816.02409900,0
2026-05-21 22:00:00+00:00,2135.43,2136.87,2131.03,2131.85,2748.6672,2026-05-21 22:59:59.999000+00:00,5865083.007588,51006,1213.64600000,2589588.55707600,0
2026-05-21 23:00:00+00:00,2131.84,2136.77,2127.27,2133.76,3958.3951,2026-05-21 23:59:59.999000+00:00,8444132.740155,49495,1954.95480000,4170653.70189300,0
2026-05-22 00:00:00+00:00,2133.77,2134.99,2129.28,2129.33,2848.6808,2026-05-22 00:59:59.999000+00:00,6073357.42996,68247,1439.49940000,3068942.14537200,0
2026-05-22 01:00:00+00:00,2129.32,2137.0,2125.68,2135.88,4953.5599,2026-05-22 01:59:59.999000+00:00,10556034.132001,70643,2449.94840000,5220356.83206300,0
2026-05-22 02:00:00+00:00,2135.89,2140.01,2134.47,2137.98,3898.7159,2026-05-22 02:59:59.999000+00:00,8332657.604582,64439,1988.84290000,4250909.27842300,0
2026-05-22 03:00:00+00:00,2137.97,2141.39,2135.29,2137.88,2338.1458,2026-05-22 03:59:59.999000+00:00,4998977.081704,33989,1410.43850000,3015529.27428600,0
2026-05-22 04:00:00+00:00,2137.89,2141.34,2132.56,2134.0,2394.8956,2026-05-22 04:59:59.999000+00:00,5117130.665439,31738,821.98510000,1757429.60083400,0
2026-05-22 05:00:00+00:00,2134.01,2135.95,2127.39,2129.21,4444.6446,2026-05-22 05:59:59.999000+00:00,9475125.923305,48723,1777.96550000,3791108.90538100,0
2026-05-22 06:00:00+00:00,2129.21,2130.86,2123.95,2125.68,7164.9518,2026-05-22 06:59:59.999000+00:00,15245526.130399,70997,3586.19010000,7630888.37401900,0
2026-05-22 07:00:00+00:00,2125.68,2132.73,2122.22,2128.7,9430.3708,2026-05-22 07:59:59.999000+00:00,20080160.526431,60202,5766.06530000,12279093.76368400,0
2026-05-22 08:00:00+00:00,2128.7,2133.34,2119.94,2122.3,14984.4294,2026-05-22 08:59:59.999000+00:00,31864919.069001,88048,6573.16350000,13979567.91911000,0
2026-05-22 09:00:00+00:00,2122.29,2125.24,2119.18,2123.98,5671.4006,2026-05-22 09:59:59.999000+00:00,12034928.444496,57483,3755.49370000,7969211.26036900,0
2026-05-22 10:00:00+00:00,2123.97,2125.4,2120.81,2123.0,3014.9443,2026-05-22 10:59:59.999000+00:00,6401985.325894,47750,1540.76530000,3271765.49015000,0
2026-05-22 11:00:00+00:00,2123.0,2131.01,2120.1,2130.78,7162.4423,2026-05-22 11:59:59.999000+00:00,15229838.470763,62724,4727.27410000,10049366.17549200,0
2026-05-22 12:00:00+00:00,2130.78,2138.0,2129.31,2134.99,7605.6003,2026-05-22 12:59:59.999000+00:00,16224983.681925,83516,4593.80100000,9799519.16840200,0
2026-05-22 13:00:00+00:00,2135.0,2135.75,2124.01,2130.23,11944.0865,2026-05-22 13:59:59.999000+00:00,25444649.317639,143600,6407.25730000,13650307.75116000,0
2026-05-22 14:00:00+00:00,2130.23,2130.23,2112.58,2116.94,15843.862,2026-05-22 14:59:59.999000+00:00,33613767.594685,171362,9191.36780000,19507860.22024100,0
2026-05-22 15:00:00+00:00,2116.94,2125.49,2112.47,2119.48,6992.4097,2026-05-22 15:59:59.999000+00:00,14818499.110296,111868,3511.21720000,7442176.86693900,0
2026-05-22 16:00:00+00:00,2119.49,2124.0,2118.11,2122.78,5125.7528,2026-05-22 16:59:59.999000+00:00,10869011.316531,73770,2590.04500000,5491457.99365700,0
2026-05-22 17:00:00+00:00,2122.78,2130.0,2119.43,2119.6,7899.4339,2026-05-22 17:59:59.999000+00:00,16781627.110397,95564,3346.12350000,7110041.00794800,0
2026-05-22 18:00:00+00:00,2119.61,2121.57,2084.51,2099.99,21305.3854,2026-05-22 18:59:59.999000+00:00,44776437.180441,183313,8208.41340000,17243780.79363800,0
2026-05-22 19:00:00+00:00,2099.99,2103.1,2058.0,2065.54,37194.0858,2026-05-22 19:59:59.999000+00:00,77123789.193598,335226,17272.95480000,35794098.60942100,0
2026-05-22 20:00:00+00:00,2065.54,2078.85,2064.31,2073.4,12942.2036,2026-05-22 20:59:59.999000+00:00,26821080.352399,147684,6718.88120000,13925547.59443100,0
2026-05-22 21:00:00+00:00,2073.4,2079.59,2071.52,2078.18,5974.9709,2026-05-22 21:59:59.999000+00:00,12400206.89667,74347,3130.35410000,6496472.97375900,0
2026-05-22 22:00:00+00:00,2078.17,2079.58,2066.55,2072.71,8534.0428,2026-05-22 22:59:59.999000+00:00,17691308.266411,94877,3860.01800000,8002191.92160500,0
2026-05-22 23:00:00+00:00,2072.72,2077.24,2057.79,2065.85,12114.2393,2026-05-22 23:59:59.999000+00:00,25041251.715623,124108,5321.31130000,11000844.63371700,0
2026-05-23 00:00:00+00:00,2065.86,2070.61,2053.0,2064.63,21650.6094,2026-05-23 00:59:59.999000+00:00,44673210.151931,188779,9501.50740000,19608152.99617300,0
2026-05-23 01:00:00+00:00,2064.63,2069.92,2062.67,2068.93,6602.3914,2026-05-23 01:59:59.999000+00:00,13644060.020506,72069,3286.13820000,6792560.78363200,0
2026-05-23 02:00:00+00:00,2068.93,2070.37,2064.9,2068.52,3598.4243,2026-05-23 02:59:59.999000+00:00,7439686.659787,47422,1997.92070000,4130835.42995000,0
2026-05-23 03:00:00+00:00,2068.52,2072.0,2068.21,2070.78,3822.1224,2026-05-23 03:59:59.999000+00:00,7912566.766078,37317,1962.22570000,4062191.48938500,0
2026-05-23 04:00:00+00:00,2070.78,2071.19,2065.55,2067.3,2714.5713,2026-05-23 04:59:59.999000+00:00,5614043.151408,35162,1220.88180000,2524872.20139800,0
2026-05-23 05:00:00+00:00,2067.29,2068.0,2061.9,2064.85,8142.8652,2026-05-23 05:59:59.999000+00:00,16808688.885357,39950,4154.70020000,8575277.67214900,0
2026-05-23 06:00:00+00:00,2064.85,2065.81,2060.71,2061.69,6065.7996,2026-05-23 06:59:59.999000+00:00,12511363.983671,39131,3692.72860000,7616129.76465300,0
2026-05-23 07:00:00+00:00,2061.7,2063.06,2009.3,2028.59,58875.9766,2026-05-23 07:59:59.999000+00:00,119657992.303701,196001,26517.52320000,53872340.04833900,0
2026-05-23 08:00:00+00:00,2028.58,2032.1,2021.07,2030.32,16144.7589,2026-05-23 08:59:59.999000+00:00,32728828.299628,133903,8789.70460000,17822530.49366400,0
2026-05-23 09:00:00+00:00,2030.32,2031.0,2027.1,2027.29,5578.0484,2026-05-23 09:59:59.999000+00:00,11318850.553698,57775,3187.85350000,6468673.79758400,0
2026-05-23 10:00:00+00:00,2027.29,2033.79,2027.11,2031.57,4910.3789,2026-05-23 10:59:59.999000+00:00,9970099.626575,38453,3247.49000000,6594375.07404200,0
2026-05-23 11:00:00+00:00,2031.56,2036.01,2030.84,2031.48,7692.1854,2026-05-23 11:59:59.999000+00:00,15637150.672699,44656,5951.15260000,12097778.22146100,0
2026-05-23 12:00:00+00:00,2031.48,2032.07,2027.35,2031.07,7207.2526,2026-05-23 12:59:59.999000+00:00,14632772.843676,44652,5540.43850000,11249009.16212700,0
2026-05-23 13:00:00+00:00,2031.08,2046.1,2031.07,2044.89,17647.3733,2026-05-23 13:59:59.999000+00:00,36023827.049301,117081,10982.91420000,22419405.59001600,0
2026-05-23 14:00:00+00:00,2044.88,2065.32,2041.12,2061.64,16621.2621,2026-05-23 14:59:59.999000+00:00,34098032.042546,129869,10075.42530000,20661859.90929700,0
2026-05-23 15:00:00+00:00,2061.64,2068.68,2055.67,2060.27,13114.3801,2026-05-23 15:59:59.999000+00:00,27042013.365791,123027,6903.66320000,14237596.18207000,0
2026-05-23 16:00:00+00:00,2060.27,2065.0,2057.25,2061.65,6913.4983,2026-05-23 16:59:59.999000+00:00,14250356.99243,76658,3413.51580000,7036100.36198700,0
2026-05-23 17:00:00+00:00,2061.66,2065.87,2059.28,2063.98,5547.0071,2026-05-23 17:59:59.999000+00:00,11442078.490872,62760,3191.68230000,6583571.54408100,0
2026-05-23 18:00:00+00:00,2063.98,2083.64,2063.74,2074.27,14900.8683,2026-05-23 18:59:59.999000+00:00,30932772.44405,155429,7643.50340000,15864979.02887700,0
2026-05-23 19:00:00+00:00,2074.27,2081.0,2069.86,2077.33,12501.0114,2026-05-23 19:59:59.999000+00:00,25963221.231025,72837,6462.13110000,13422042.39300200,0
2026-05-23 20:00:00+00:00,2077.34,2147.0,2074.84,2146.3,60046.9253,2026-05-23 20:59:59.999000+00:00,127200977.989371,427849,33179.36950000,70237165.25478200,0
2026-05-23 21:00:00+00:00,2146.3,2149.95,2106.27,2116.84,33582.9836,2026-05-23 21:59:59.999000+00:00,71408083.546381,295858,16308.18950000,34669599.70171500,0
2026-05-23 22:00:00+00:00,2116.84,2120.28,2102.65,2116.83,10882.3546,2026-05-23 22:59:59.999000+00:00,22991111.408295,128684,5322.17980000,11249099.61393000,0
2026-05-23 23:00:00+00:00,2116.84,2121.84,2114.42,2117.68,5783.1804,2026-05-23 23:59:59.999000+00:00,12251910.099015,76410,3483.24320000,7379302.44833400,0
2026-05-24 00:00:00+00:00,2117.69,2121.5,2113.1,2119.45,5265.7351,2026-05-24 00:59:59.999000+00:00,11149415.435966,72220,2916.14650000,6175035.72765900,0
2026-05-24 01:00:00+00:00,2119.45,2125.51,2118.31,2122.56,7831.7549,2026-05-24 01:59:59.999000+00:00,16614376.192551,67199,4379.78110000,9290940.09749200,0
2026-05-24 02:00:00+00:00,2122.56,2125.45,2118.3,2122.53,8991.5212,2026-05-24 02:59:59.999000+00:00,19084512.067158,62300,4879.39790000,10355176.65883500,0
2026-05-24 03:00:00+00:00,2122.54,2127.28,2116.74,2119.04,7014.0397,2026-05-24 03:59:59.999000+00:00,14884763.263162,50237,3470.03300000,7365785.57871200,0
2026-05-24 04:00:00+00:00,2119.05,2123.86,2119.05,2120.21,3367.5072,2026-05-24 04:59:59.999000+00:00,7144684.585655,32959,1647.90680000,3496331.74736100,0
2026-05-24 05:00:00+00:00,2120.22,2121.39,2113.65,2119.98,8263.4357,2026-05-24 05:59:59.999000+00:00,17495354.831993,44207,3225.52520000,6829937.93627700,0
2026-05-24 06:00:00+00:00,2119.98,2129.93,2117.6,2128.13,11806.8896,2026-05-24 06:59:59.999000+00:00,25052463.877244,62432,6186.72590000,13125237.34092900,0
2026-05-24 07:00:00+00:00,2128.13,2129.79,2119.49,2121.01,5025.5155,2026-05-24 07:59:59.999000+00:00,10670248.687354,46493,2072.62410000,4401815.57803200,0
2026-05-24 08:00:00+00:00,2121.02,2123.23,2119.25,2120.32,3262.6809,2026-05-24 08:59:59.999000+00:00,6919312.03854,35938,1583.09630000,3357410.12157100,0
2026-05-24 09:00:00+00:00,2120.33,2124.37,2119.05,2123.41,4630.7973,2026-05-24 09:59:59.999000+00:00,9826345.462142,38847,2164.77630000,4594383.95068000,0
2026-05-24 10:00:00+00:00,2123.42,2132.14,2119.38,2122.35,8124.9584,2026-05-24 10:59:59.999000+00:00,17259599.583736,76221,4093.99310000,8698067.35088200,0
2026-05-24 11:00:00+00:00,2122.34,2127.82,2122.23,2126.18,4959.7623,2026-05-24 11:59:59.999000+00:00,10541809.561666,56163,2478.20200000,5267232.61865400,0
2026-05-24 12:00:00+00:00,2126.19,2126.58,2117.32,2119.97,7090.2964,2026-05-24 12:59:59.999000+00:00,15036806.348294,58315,4588.47510000,9731581.67195700,0
2026-05-24 13:00:00+00:00,2119.97,2121.05,2105.79,2110.14,12698.9415,2026-05-24 13:59:59.999000+00:00,26844880.61151,92580,7080.97810000,14967283.88371100,0
2026-05-24 14:00:00+00:00,2110.14,2112.52,2079.52,2097.98,28777.9189,2026-05-24 14:59:59.999000+00:00,60288995.293359,243924,12016.80390000,25176845.11759500,0
2026-05-24 15:00:00+00:00,2097.98,2100.0,2094.14,2095.84,4614.3297,2026-05-24 15:59:59.999000+00:00,9675913.483206,64307,2483.77370000,5208471.79815000,0
2026-05-24 16:00:00+00:00,2095.83,2109.0,2095.22,2103.62,7393.3302,2026-05-24 16:59:59.999000+00:00,15540566.449071,88959,4102.03390000,8623814.86294900,0
2026-05-24 17:00:00+00:00,2103.61,2106.68,2101.4,2102.88,3026.1939,2026-05-24 17:59:59.999000+00:00,6367472.207463,51945,1493.36260000,3142068.76556400,0
2026-05-24 18:00:00+00:00,2102.89,2104.78,2097.8,2099.97,2964.8275,2026-05-24 18:59:59.999000+00:00,6229494.1767,44385,1187.99110000,2495696.54123300,0
2026-05-24 19:00:00+00:00,2099.97,2102.58,2096.34,2100.87,3005.6502,2026-05-24 19:59:59.999000+00:00,6309596.457694,46627,1564.19040000,3283405.23422800,0
2026-05-24 20:00:00+00:00,2100.87,2102.11,2091.51,2093.15,7064.4411,2026-05-24 20:59:59.999000+00:00,14799256.628777,66573,2474.22260000,5182937.73440400,0
2026-05-24 21:00:00+00:00,2093.15,2098.63,2063.0,2070.59,19007.0632,2026-05-24 21:59:59.999000+00:00,39477107.19144,195474,7585.67100000,15744734.25664400,0
2026-05-24 22:00:00+00:00,2070.59,2099.49,2070.56,2092.37,15066.0813,2026-05-24 22:59:59.999000+00:00,31486034.931738,220007,7816.61690000,16330575.84453600,0
2026-05-24 23:00:00+00:00,2092.38,2107.0,2091.67,2099.85,8495.0888,2026-05-24 23:59:59.999000+00:00,17833774.358833,109704,4468.30090000,9380671.01168800,0
2026-05-25 00:00:00+00:00,2099.86,2109.4,2099.7,2104.95,5423.3103,2026-05-25 00:59:59.999000+00:00,11415733.262974,97815,2867.48830000,6036106.37003900,0
2026-05-25 01:00:00+00:00,2104.96,2107.99,2093.22,2094.13,3994.551,2026-05-25 01:59:59.999000+00:00,8399247.147172,77166,1621.62340000,3411273.33805800,0
2026-05-25 02:00:00+00:00,2094.13,2113.25,2094.13,2098.35,9625.7439,2026-05-25 02:59:59.999000+00:00,20254627.441554,114528,4994.56370000,10506771.68418300,0
2026-05-25 03:00:00+00:00,2098.35,2100.0,2092.57,2095.58,5087.5028,2026-05-25 03:59:59.999000+00:00,10664977.471472,71106,1847.81610000,3873608.73184800,0
2026-05-25 04:00:00+00:00,2095.59,2108.14,2092.26,2105.83,6872.5722,2026-05-25 04:59:59.999000+00:00,14434034.198647,68298,3398.92900000,7139811.10858100,0
2026-05-25 05:00:00+00:00,2105.83,2111.7,2104.39,2108.22,6681.7523,2026-05-25 05:59:59.999000+00:00,14089489.743503,65394,3504.82870000,7390373.80542400,0
2026-05-25 06:00:00+00:00,2108.21,2111.42,2099.27,2108.99,13294.3896,2026-05-25 06:59:59.999000+00:00,27982072.970599,85677,5739.12860000,12083993.42418000,0
2026-05-25 07:00:00+00:00,2109.0,2117.55,2106.5,2116.28,15151.6164,2026-05-25 07:59:59.999000+00:00,31995244.519818,87439,8891.95550000,18779288.81021000,0
2026-05-25 08:00:00+00:00,2116.29,2117.79,2111.7,2116.82,4505.8336,2026-05-25 08:59:59.999000+00:00,9527409.084388,46483,2373.92900000,5019466.77477200,0
2026-05-25 09:00:00+00:00,2116.83,2124.1,2116.17,2117.02,6886.8441,2026-05-25 09:59:59.999000+00:00,14596632.828258,71192,3928.74750000,8327007.60942800,0
2026-05-25 10:00:00+00:00,2117.03,2121.23,2114.86,2117.03,3718.0519,2026-05-25 10:59:59.999000+00:00,7871776.127784,42844,2037.64530000,4314058.37797100,0
2026-05-25 11:00:00+00:00,2117.02,2120.3,2114.26,2114.95,6556.302,2026-05-25 11:59:59.999000+00:00,13884625.346826,51319,4346.17370000,9205810.51924800,0
2026-05-25 12:00:00+00:00,2114.95,2119.61,2112.25,2117.34,5452.8587,2026-05-25 12:59:59.999000+00:00,11536978.311035,63016,2984.70060000,6314973.90358900,0
2026-05-25 13:00:00+00:00,2117.35,2120.0,2114.27,2116.28,4019.1258,2026-05-25 13:59:59.999000+00:00,8505633.358187,51522,2135.50270000,4519199.58148000,0
2026-05-25 14:00:00+00:00,2116.28,2130.24,2115.77,2128.34,9741.5996,2026-05-25 14:59:59.999000+00:00,20690724.2616,106111,5427.16070000,11526409.11897100,0
2026-05-25 15:00:00+00:00,2128.35,2138.28,2122.9,2127.12,10474.4014,2026-05-25 15:59:59.999000+00:00,22305027.922894,108773,5900.94390000,12567865.24315900,0
2026-05-25 16:00:00+00:00,2127.13,2141.98,2125.14,2136.4,7753.0199,2026-05-25 16:59:59.999000+00:00,16530542.112327,89063,4904.59950000,10457985.49994200,0
2026-05-25 17:00:00+00:00,2136.4,2140.52,2128.24,2128.55,5752.7116,2026-05-25 17:59:59.999000+00:00,12280790.61281,65514,2059.90820000,4398343.44039200,0
2026-05-25 18:00:00+00:00,2128.54,2133.81,2126.64,2126.85,3516.0069,2026-05-25 18:59:59.999000+00:00,7488309.573716,50791,1872.29330000,3987559.08916300,0
2026-05-25 19:00:00+00:00,2126.86,2126.86,2116.55,2121.43,6484.7259,2026-05-25 19:59:59.999000+00:00,13760356.96241,70240,2787.29100000,5913662.50990700,0
2026-05-25 20:00:00+00:00,2121.42,2123.16,2107.38,2108.64,8784.8301,2026-05-25 20:59:59.999000+00:00,18576430.928822,79614,4174.11490000,8827645.70498000,0
2026-05-25 21:00:00+00:00,2108.64,2113.04,2108.0,2110.9,5923.7284,2026-05-25 21:59:59.999000+00:00,12503541.279022,69262,3336.72510000,7042878.52835700,0
2026-05-25 22:00:00+00:00,2110.9,2115.68,2102.35,2103.61,7949.3983,2026-05-25 22:59:59.999000+00:00,16762384.02621,103651,3513.55920000,7409981.59413400,0
2026-05-25 23:00:00+00:00,2103.6,2113.85,2102.62,2113.01,2777.7212,2026-05-25 23:59:59.999000+00:00,5860278.500465,49803,1608.53200000,3393610.19850300,0
2026-05-26 00:00:00+00:00,2113.01,2113.89,2084.83,2097.75,13327.6678,2026-05-26 00:59:59.999000+00:00,27953423.896711,149515,4690.90250000,9839878.38411500,0
2026-05-26 01:00:00+00:00,2097.74,2100.5,2088.03,2094.35,8023.9683,2026-05-26 01:59:59.999000+00:00,16801812.734128,123174,3057.36220000,6403251.37912000,0
2026-05-26 02:00:00+00:00,2094.36,2095.8,2084.79,2088.83,8476.6135,2026-05-26 02:59:59.999000+00:00,17720524.057988,100889,2875.41080000,6010493.46327600,0
2026-05-26 03:00:00+00:00,2088.83,2093.84,2084.52,2093.12,4866.8481,2026-05-26 03:59:59.999000+00:00,10168343.251573,69377,1978.22650000,4134482.79754000,0
2026-05-26 04:00:00+00:00,2093.11,2096.45,2088.82,2093.67,3649.155,2026-05-26 04:59:59.999000+00:00,7638930.410017,46556,1478.14280000,3093944.16860500,0
2026-05-26 05:00:00+00:00,2093.68,2103.65,2092.05,2100.91,5929.0656,2026-05-26 05:59:59.999000+00:00,12440145.897648,53364,2177.40690000,4568989.86286100,0
2026-05-26 06:00:00+00:00,2100.9,2104.65,2094.78,2101.73,4410.9459,2026-05-26 06:59:59.999000+00:00,9263413.357787,56597,1775.93020000,3729961.44940900,0
2026-05-26 07:00:00+00:00,2101.73,2102.63,2090.65,2095.61,8948.7941,2026-05-26 07:59:59.999000+00:00,18755771.786134,72964,4344.21900000,9104614.91811900,0
2026-05-26 08:00:00+00:00,2095.61,2100.14,2095.13,2097.25,4538.5124,2026-05-26 08:59:59.999000+00:00,9522641.405544,43658,2823.39020000,5924225.44830100,0
2026-05-26 09:00:00+00:00,2097.26,2099.62,2094.1,2096.81,5436.3408,2026-05-26 09:59:59.999000+00:00,11397769.154061,55095,2457.41300000,5152376.14297500,0
2026-05-26 10:00:00+00:00,2096.8,2137.29,2094.23,2127.56,22774.4048,2026-05-26 10:59:59.999000+00:00,48376054.02972,249898,11484.67750000,24383859.11477700,0
2026-05-26 11:00:00+00:00,2127.57,2130.6,2118.6,2121.01,11839.3226,2026-05-26 11:59:59.999000+00:00,25139865.940006,104676,5483.79840000,11646327.68157600,0
2026-05-26 12:00:00+00:00,2121.0,2126.93,2111.01,2126.2,14192.1263,2026-05-26 12:59:59.999000+00:00,30057564.217125,103354,6743.92670000,14284922.63021900,0
2026-05-26 13:00:00+00:00,2126.2,2131.5,2109.62,2125.3,14084.8761,2026-05-26 13:59:59.999000+00:00,29864978.469679,181814,6290.05590000,13342338.69064100,0
2026-05-26 14:00:00+00:00,2125.3,2140.49,2105.85,2109.29,33208.6561,2026-05-26 14:59:59.999000+00:00,70524424.613731,333390,14844.48980000,31538423.59252200,0
2026-05-26 15:00:00+00:00,2109.3,2112.2,2078.75,2087.36,32199.2534,2026-05-26 15:59:59.999000+00:00,67462922.56965,318297,13898.12340000,29119244.79818400,0
2026-05-26 16:00:00+00:00,2087.36,2089.97,2073.48,2079.56,22306.9078,2026-05-26 16:59:59.999000+00:00,46411846.025932,187848,9226.80690000,19196621.82211700,0
2026-05-26 17:00:00+00:00,2079.56,2083.84,2055.06,2070.84,23360.5118,2026-05-26 17:59:59.999000+00:00,48310156.294277,230512,10131.49290000,20952745.33423000,0
2026-05-26 18:00:00+00:00,2070.84,2081.21,2066.8,2068.59,12788.1371,2026-05-26 18:59:59.999000+00:00,26517856.165862,131831,5530.59650000,11468783.85616100,0
2026-05-26 19:00:00+00:00,2068.6,2076.85,2065.72,2074.29,7453.971,2026-05-26 19:59:59.999000+00:00,15442506.956339,97627,3515.47480000,7283550.13587400,0
2026-05-26 20:00:00+00:00,2074.3,2078.51,2073.9,2078.35,4902.9555,2026-05-26 20:59:59.999000+00:00,10178635.074328,63855,2683.07210000,5569643.84053900,0
2026-05-26 21:00:00+00:00,2078.35,2078.78,2069.45,2072.85,5570.4949,2026-05-26 21:59:59.999000+00:00,11559379.625795,62985,2519.99180000,5229425.58422000,0
2026-05-26 22:00:00+00:00,2072.85,2076.52,2065.98,2068.79,5511.5489,2026-05-26 22:59:59.999000+00:00,11412670.508588,79774,2400.55260000,4970974.66876900,0
2026-05-26 23:00:00+00:00,2068.79,2076.85,2068.79,2073.77,4752.2318,2026-05-26 23:59:59.999000+00:00,9856729.94743,46656,2873.38220000,5959950.59801800,0
2026-05-27 00:00:00+00:00,2073.77,2084.23,2073.77,2083.36,6285.9592,2026-05-27 00:59:59.999000+00:00,13068859.123915,73544,3447.80210000,7169051.97138200,0
2026-05-27 01:00:00+00:00,2083.35,2083.93,2071.86,2074.53,5128.2891,2026-05-27 01:59:59.999000+00:00,10647020.139196,65721,2395.61100000,4972739.08810300,0
2026-05-27 02:00:00+00:00,2074.53,2076.26,2069.11,2076.26,4885.7176,2026-05-27 02:59:59.999000+00:00,10124316.611053,72813,2378.07810000,4928769.62032300,0
2026-05-27 03:00:00+00:00,2076.25,2080.0,2068.9,2070.0,5687.0405,2026-05-27 03:59:59.999000+00:00,11798194.4274,67261,2612.39140000,5421502.55024500,0
2026-05-27 04:00:00+00:00,2070.01,2073.08,2056.31,2072.21,9589.4971,2026-05-27 04:59:59.999000+00:00,19804599.112699,107353,3714.51610000,7673281.55605700,0
2026-05-27 05:00:00+00:00,2072.21,2079.2,2071.62,2077.37,6758.5665,2026-05-27 05:59:59.999000+00:00,14024822.399537,68451,3588.31420000,7447183.14298800,0
2026-05-27 06:00:00+00:00,2077.38,2081.46,2075.01,2079.62,5208.1962,2026-05-27 06:59:59.999000+00:00,10825914.337015,63539,2454.24000000,5101835.36366300,0
2026-05-27 07:00:00+00:00,2079.62,2084.16,2076.07,2083.78,5639.4319,2026-05-27 07:59:59.999000+00:00,11728836.114477,54895,3514.33200000,7308519.75910300,0
2026-05-27 08:00:00+00:00,2083.77,2096.71,2083.56,2085.05,10820.8954,2026-05-27 08:59:59.999000+00:00,22609594.862059,96089,5702.45450000,11915155.43026200,0
2026-05-27 09:00:00+00:00,2085.06,2087.78,2078.26,2083.36,6725.0615,2026-05-27 09:59:59.999000+00:00,14006424.958438,75193,3051.41850000,6356337.33568300,0
2026-05-27 10:00:00+00:00,2083.36,2087.9,2079.47,2079.5,5736.1498,2026-05-27 10:59:59.999000+00:00,11950246.385726,54357,2282.78740000,4757400.13063500,0
2026-05-27 11:00:00+00:00,2079.51,2085.29,2078.88,2080.55,5464.4491,2026-05-27 11:59:59.999000+00:00,11378569.227329,66206,2437.66680000,5076259.48695300,0
2026-05-27 12:00:00+00:00,2080.56,2097.4,2073.84,2078.76,16450.2159,2026-05-27 12:59:59.999000+00:00,34294448.870577,172106,7485.67540000,15603335.38668300,0
2026-05-27 13:00:00+00:00,2078.76,2080.64,2051.96,2064.53,30449.572,2026-05-27 13:59:59.999000+00:00,62808137.124049,314718,11754.94290000,24244771.80179800,0
2026-05-27 14:00:00+00:00,2064.52,2071.86,2054.84,2062.62,14769.8158,2026-05-27 14:59:59.999000+00:00,30455643.967713,236777,6738.78660000,13895612.77246500,0
2026-05-27 15:00:00+00:00,2062.62,2079.73,2061.21,2071.38,17352.513,2026-05-27 15:59:59.999000+00:00,35949729.690556,184807,8688.90010000,18000668.90676500,0
2026-05-27 16:00:00+00:00,2071.39,2074.5,2060.0,2070.15,9732.6873,2026-05-27 16:59:59.999000+00:00,20119440.778114,128191,4121.61630000,8520803.30200400,0
2026-05-27 17:00:00+00:00,2070.14,2070.3,2044.08,2052.28,18451.103,2026-05-27 17:59:59.999000+00:00,37934142.450765,178186,8089.08040000,16627727.41004400,0
2026-05-27 18:00:00+00:00,2052.27,2056.92,2043.31,2056.71,9687.1711,2026-05-27 18:59:59.999000+00:00,19864836.75234,151013,4718.66410000,9677115.93843900,0
2026-05-27 19:00:00+00:00,2056.72,2061.16,2054.42,2057.47,7524.5057,2026-05-27 19:59:59.999000+00:00,15484138.809872,84584,4358.31700000,8969414.86221100,0
2026-05-27 20:00:00+00:00,2057.47,2066.14,2057.22,2063.29,6848.8096,2026-05-27 20:59:59.999000+00:00,14119578.72307,72059,3775.85750000,7783412.86247500,0
2026-05-27 21:00:00+00:00,2063.3,2063.3,2016.0,2021.04,27264.0968,2026-05-27 21:59:59.999000+00:00,55394162.236061,280759,9989.72480000,20313451.94470300,0
2026-05-27 22:00:00+00:00,2021.04,2035.0,2016.27,2025.34,18431.624,2026-05-27 22:59:59.999000+00:00,37357918.034505,245165,8634.22170000,17500073.87889600,0
2026-05-27 23:00:00+00:00,2025.34,2030.19,2018.17,2024.84,13071.7892,2026-05-27 23:59:59.999000+00:00,26455187.282118,143175,5652.74000000,11437694.30381300,0
2026-05-28 00:00:00+00:00,2024.83,2029.2,2020.7,2028.23,7260.1374,2026-05-28 00:59:59.999000+00:00,14700940.654543,110056,2999.24430000,6074744.85404300,0
2026-05-28 01:00:00+00:00,2028.23,2029.2,2012.7,2020.32,11652.5232,2026-05-28 01:59:59.999000+00:00,23540023.643455,183659,5618.80280000,11352164.58745900,0
2026-05-28 02:00:00+00:00,2020.32,2021.99,2014.77,2017.75,6355.0111,2026-05-28 02:59:59.999000+00:00,12828147.701311,107404,2648.68860000,5346516.71684000,0
2026-05-28 03:00:00+00:00,2017.75,2020.96,1972.0,1981.55,65339.9056,2026-05-28 03:59:59.999000+00:00,129964128.305577,404466,26944.35660000,53551292.03258600,0
2026-05-28 04:00:00+00:00,1981.55,1986.39,1967.0,1982.33,29086.9719,2026-05-28 04:59:59.999000+00:00,57552451.106269,241201,12513.89260000,24761450.20329800,0
2026-05-28 05:00:00+00:00,1982.33,1983.55,1975.66,1978.52,15129.2673,2026-05-28 05:59:59.999000+00:00,29939389.55103,121126,6170.54570000,12210743.00168700,0
2026-05-28 06:00:00+00:00,1978.52,1984.83,1972.5,1984.07,13330.4358,2026-05-28 06:59:59.999000+00:00,26370977.393301,107143,7774.21740000,15379835.02533900,0
2026-05-28 07:00:00+00:00,1984.07,1996.78,1982.41,1995.56,17213.7549,2026-05-28 07:59:59.999000+00:00,34289939.601509,94450,12516.30510000,24935659.75211000,0
2026-05-28 08:00:00+00:00,1995.56,1996.23,1985.0,1988.26,10802.4724,2026-05-28 08:59:59.999000+00:00,21499703.546805,69403,5852.63510000,11649588.47118200,0
2026-05-28 09:00:00+00:00,1988.27,1995.51,1984.85,1994.04,7182.5251,2026-05-28 09:59:59.999000+00:00,14302734.281377,76364,3806.71700000,7580608.23763000,0
2026-05-28 10:00:00+00:00,1994.04,1998.4,1988.71,1990.32,8384.457,2026-05-28 10:59:59.999000+00:00,16711884.160225,76164,4861.42690000,9690946.14066800,0
2026-05-28 11:00:00+00:00,1990.32,1992.72,1986.53,1989.89,6584.4884,2026-05-28 11:59:59.999000+00:00,13101324.057166,63700,2742.19950000,5456121.82470800,0
2026-05-28 12:00:00+00:00,1989.88,1994.58,1981.57,1991.89,8270.5312,2026-05-28 12:59:59.999000+00:00,16446145.478276,104705,4172.49100000,8298281.89767400,0
2026-05-28 13:00:00+00:00,1991.88,1995.0,1975.35,1981.55,19736.374,2026-05-28 13:59:59.999000+00:00,39128882.33517,229382,9095.04640000,18032016.53402400,0
2026-05-28 14:00:00+00:00,1981.55,2002.5,1967.38,1993.62,35350.5205,2026-05-28 14:59:59.999000+00:00,70256303.330338,436728,17516.96340000,34823640.48968700,0
2026-05-28 15:00:00+00:00,1993.61,1999.4,1983.84,1990.65,12630.7607,2026-05-28 15:59:59.999000+00:00,25154279.551113,189945,6598.31060000,13141437.13136900,0
2026-05-28 16:00:00+00:00,1990.65,2015.0,1985.22,2013.19,21750.7947,2026-05-28 16:59:59.999000+00:00,43546173.900284,233218,12572.01580000,25175416.03274900,0
2026-05-28 17:00:00+00:00,2013.18,2027.14,2009.26,2019.51,15166.1217,2026-05-28 17:59:59.999000+00:00,30605348.296346,187631,7236.60240000,14604306.29653500,0
2026-05-28 18:00:00+00:00,2019.51,2030.0,2018.24,2025.0,12176.7897,2026-05-28 18:59:59.999000+00:00,24652327.93853,143753,6350.01500000,12855352.20606800,0
2026-05-28 19:00:00+00:00,2025.0,2025.01,2014.04,2014.55,8204.6713,2026-05-28 19:59:59.999000+00:00,16574386.046351,92860,3162.77610000,6389444.59317300,0
2026-05-28 20:00:00+00:00,2014.54,2020.03,2006.44,2014.11,8782.197,2026-05-28 20:59:59.999000+00:00,17691676.194312,102838,4275.09120000,8613095.96023700,0
2026-05-28 21:00:00+00:00,2014.12,2024.63,2013.42,2020.17,10806.2659,2026-05-28 21:59:59.999000+00:00,21843471.399102,77377,5312.72270000,10736931.81691800,0
2026-05-28 22:00:00+00:00,2020.17,2022.9,2005.43,2005.6,6944.6699,2026-05-28 22:59:59.999000+00:00,13969757.008901,94191,2964.45910000,5964854.40846500,0
2026-05-28 23:00:00+00:00,2005.6,2011.96,2005.6,2009.9,5693.2744,2026-05-28 23:59:59.999000+00:00,11434952.342099,61267,2375.50400000,4771361.21464900,0
2026-05-29 00:00:00+00:00,2009.89,2017.17,2009.89,2012.46,6280.2971,2026-05-29 00:59:59.999000+00:00,12651978.769579,87082,3256.08760000,6558692.46624700,0
2026-05-29 01:00:00+00:00,2012.45,2016.47,2005.9,2008.23,4986.0493,2026-05-29 01:59:59.999000+00:00,10022380.726962,84667,2647.55490000,5322296.20068900,0
2026-05-29 02:00:00+00:00,2008.23,2010.62,1997.24,1999.22,9165.035,2026-05-29 02:59:59.999000+00:00,18368278.946887,103798,4404.26510000,8825581.84421900,0
2026-05-29 03:00:00+00:00,1999.23,2007.86,1999.23,2002.78,3879.1933,2026-05-29 03:59:59.999000+00:00,7773204.182702,59544,2113.82500000,4235449.71405800,0
2026-05-29 04:00:00+00:00,2002.79,2008.51,1998.4,2008.51,5655.0947,2026-05-29 04:59:59.999000+00:00,11329068.592138,65554,3094.68580000,6200249.03024700,0
2026-05-29 05:00:00+00:00,2008.51,2015.3,2008.0,2014.56,6780.8116,2026-05-29 05:59:59.999000+00:00,13640910.423117,67057,3582.52530000,7207816.99299000,0
2026-05-29 06:00:00+00:00,2014.56,2021.51,2012.17,2018.09,6848.1442,2026-05-29 06:59:59.999000+00:00,13805789.858964,62355,3468.60780000,6993740.35900200,0
2026-05-29 07:00:00+00:00,2018.09,2019.81,2003.46,2007.62,15125.8677,2026-05-29 07:59:59.999000+00:00,30384483.406046,79063,8770.08460000,17611338.47802700,0
2026-05-29 08:00:00+00:00,2007.61,2013.91,2005.45,2006.11,12193.2302,2026-05-29 08:59:59.999000+00:00,24504458.310076,60106,5611.87430000,11277697.73631200,0
2026-05-29 09:00:00+00:00,2006.11,2016.11,2006.11,2014.85,6224.1342,2026-05-29 09:59:59.999000+00:00,12525910.523349,53063,4007.69280000,8064322.38818300,0
2026-05-29 10:00:00+00:00,2014.84,2014.85,2009.77,2011.1,4438.3405,2026-05-29 10:59:59.999000+00:00,8932678.804766,41384,1459.64060000,2937813.37908300,0
2026-05-29 11:00:00+00:00,2011.11,2014.29,2002.35,2007.58,5868.3736,2026-05-29 11:59:59.999000+00:00,11786070.198754,64535,2686.06640000,5395113.70747600,0
2026-05-29 12:00:00+00:00,2007.58,2007.58,1995.1,1999.78,9243.978,2026-05-29 12:59:59.999000+00:00,18494853.307045,110083,4153.61840000,8310220.08065900,0
2026-05-29 13:00:00+00:00,1999.78,2006.16,1988.14,1999.53,14117.2876,2026-05-29 13:59:59.999000+00:00,28171256.424157,184535,6863.66490000,13694366.02706700,0
2026-05-29 14:00:00+00:00,1999.53,2004.31,1976.48,2001.84,25392.7096,2026-05-29 14:59:59.999000+00:00,50571854.275031,330971,11092.06530000,22096700.30769200,0
2026-05-29 15:00:00+00:00,2001.85,2046.59,1999.45,2031.62,52313.7748,2026-05-29 15:59:59.999000+00:00,106120522.716771,461017,27955.93340000,56694003.92038500,0
2026-05-29 16:00:00+00:00,2031.62,2043.0,2022.24,2040.45,21645.7437,2026-05-29 16:59:59.999000+00:00,44049185.824957,251990,12937.96620000,26327942.48296000,0
2026-05-29 17:00:00+00:00,2040.46,2044.29,2026.21,2028.27,16364.8231,2026-05-29 17:59:59.999000+00:00,33352002.904682,173178,8803.18720000,17944894.30652600,0
2026-05-29 18:00:00+00:00,2028.28,2031.64,2006.21,2011.41,20432.864,2026-05-29 18:59:59.999000+00:00,41312006.365735,194223,8468.70990000,17127258.12882300,0
2026-05-29 19:00:00+00:00,2011.41,2022.2,2005.0,2016.96,8916.9858,2026-05-29 19:59:59.999000+00:00,17970629.300747,125623,4694.09380000,9462713.55224900,0
2026-05-29 20:00:00+00:00,2016.96,2023.84,2015.0,2018.17,4675.6381,2026-05-29 20:59:59.999000+00:00,9444887.368308,69352,2579.38740000,5210570.89246500,0
2026-05-29 21:00:00+00:00,2018.17,2023.99,2008.23,2009.4,6797.6334,2026-05-29 21:59:59.999000+00:00,13693000.583421,71481,2879.15930000,5799201.80903000,0
2026-05-29 22:00:00+00:00,2009.41,2017.24,2007.78,2013.83,7115.9381,2026-05-29 22:59:59.999000+00:00,14320920.732269,61097,3882.92260000,7812983.33571100,0
2026-05-29 23:00:00+00:00,2013.83,2015.6,2007.0,2014.54,8683.7474,2026-05-29 23:59:59.999000+00:00,17463553.302419,63612,2662.01350000,5354219.22341200,0
2026-05-30 00:00:00+00:00,2014.54,2016.18,2010.69,2014.74,3128.7283,2026-05-30 00:59:59.999000+00:00,6302113.139864,50612,1552.75310000,3127424.53470200,0
2026-05-30 01:00:00+00:00,2014.75,2021.55,2013.67,2019.46,4722.8622,2026-05-30 01:59:59.999000+00:00,9534374.109924,50558,2443.57300000,4933199.90301700,0
2026-05-30 02:00:00+00:00,2019.46,2021.34,2017.12,2021.34,2258.5271,2026-05-30 02:59:59.999000+00:00,4561957.888449,29877,1190.53440000,2404707.33224200,0
2026-05-30 03:00:00+00:00,2021.34,2023.55,2014.74,2016.83,4535.1738,2026-05-30 03:59:59.999000+00:00,9156263.828513,39002,1883.84380000,3803998.64299600,0
2026-05-30 04:00:00+00:00,2016.83,2018.44,2002.0,2010.8,8354.4033,2026-05-30 04:59:59.999000+00:00,16777188.446604,81498,3213.28140000,6453396.99570800,0
2026-05-30 05:00:00+00:00,2010.81,2019.5,2008.02,2015.95,5706.8454,2026-05-30 05:59:59.999000+00:00,11496647.103057,50140,3508.94540000,7068431.40503100,0
2026-05-30 06:00:00+00:00,2015.95,2020.56,2012.86,2016.98,6091.6475,2026-05-30 06:59:59.999000+00:00,12290739.560611,40706,4054.17580000,8180602.98855000,0
2026-05-30 07:00:00+00:00,2016.99,2017.88,2013.62,2016.32,2597.7502,2026-05-30 07:59:59.999000+00:00,5235852.967705,24673,1383.35430000,2788171.38747200,0
2026-05-30 08:00:00+00:00,2016.32,2016.32,2013.92,2014.16,1417.5262,2026-05-30 08:59:59.999000+00:00,2856159.68649,16629,550.50050000,1109171.14112100,0
2026-05-30 09:00:00+00:00,2014.16,2017.27,2013.92,2016.79,1604.4006,2026-05-30 09:59:59.999000+00:00,3234008.693151,26268,969.11670000,1953433.60366800,0
2026-05-30 10:00:00+00:00,2016.79,2022.0,2016.34,2017.98,4377.4383,2026-05-30 10:59:59.999000+00:00,8840628.768513,28309,2627.70910000,5306728.79264400,0
2026-05-30 11:00:00+00:00,2017.99,2019.05,2015.19,2017.4,1929.9463,2026-05-30 11:59:59.999000+00:00,3892915.22373,19127,739.63040000,1491967.44812700,0
2026-05-30 12:00:00+00:00,2017.4,2020.35,2017.14,2019.86,2239.1744,2026-05-30 12:59:59.999000+00:00,4519865.684306,21515,1503.69100000,3035401.70710900,0
2026-05-30 13:00:00+00:00,2019.85,2022.77,2017.44,2020.73,3166.302,2026-05-30 13:59:59.999000+00:00,6396355.370575,27641,1616.09680000,3265222.16787300,0
2026-05-30 14:00:00+00:00,2020.73,2030.62,2020.61,2026.6,10041.3583,2026-05-30 14:59:59.999000+00:00,20353663.966409,92627,6795.13380000,13773443.02096600,0
2026-05-30 15:00:00+00:00,2026.59,2032.0,2024.2,2026.61,7299.1317,2026-05-30 15:59:59.999000+00:00,14797419.778993,67473,3335.02420000,6762265.81264400,0
2026-05-30 16:00:00+00:00,2026.63,2028.33,2024.35,2027.09,3401.6208,2026-05-30 16:59:59.999000+00:00,6892615.985966,40134,1903.36260000,3856869.27194000,0
2026-05-30 17:00:00+00:00,2027.09,2029.01,2019.5,2027.17,5801.7421,2026-05-30 17:59:59.999000+00:00,11742584.591894,59408,3028.73150000,6129842.15257300,0
2026-05-30 18:00:00+00:00,2027.17,2030.01,2024.56,2027.59,3796.4846,2026-05-30 18:59:59.999000+00:00,7697364.678381,37925,2316.37500000,4696801.19141800,0
2026-05-30 19:00:00+00:00,2027.59,2029.12,2024.54,2028.76,2670.5739,2026-05-30 19:59:59.999000+00:00,5413057.359082,28401,1537.71750000,3116992.36753500,0
2026-05-30 20:00:00+00:00,2028.77,2029.68,2025.7,2027.05,4267.5537,2026-05-30 20:59:59.999000+00:00,8650857.895668,24669,1299.87600000,2635607.16575000,0
2026-05-30 21:00:00+00:00,2027.05,2031.41,2027.05,2028.15,2733.3825,2026-05-30 21:59:59.999000+00:00,5547924.394592,24831,1471.48250000,2986524.60582400,0
2026-05-30 22:00:00+00:00,2028.15,2028.15,2020.94,2023.57,3637.0175,2026-05-30 22:59:59.999000+00:00,7361173.565256,51169,1594.37580000,3226817.63567700,0
2026-05-30 23:00:00+00:00,2023.56,2026.1,2020.35,2022.44,2197.9442,2026-05-30 23:59:59.999000+00:00,4445392.172586,36179,1045.97800000,2115698.32981100,0
2026-05-31 00:00:00+00:00,2022.44,2027.83,2020.83,2027.12,2548.323,2026-05-31 00:59:59.999000+00:00,5158716.230202,39944,1175.17330000,2379482.97341100,0
2026-05-31 01:00:00+00:00,2027.11,2034.23,2026.85,2029.11,4396.4345,2026-05-31 01:59:59.999000+00:00,8929165.073824,55417,2793.67910000,5673781.21323000,0
2026-05-31 02:00:00+00:00,2029.11,2038.0,2027.81,2034.36,7789.8701,2026-05-31 02:59:59.999000+00:00,15830202.496944,75805,4603.14660000,9354786.05569900,0
2026-05-31 03:00:00+00:00,2034.35,2036.88,2032.12,2033.41,2971.7798,2026-05-31 03:59:59.999000+00:00,6046636.148274,40690,1952.67350000,3973362.42074300,0
2026-05-31 04:00:00+00:00,2033.41,2034.99,2031.27,2033.91,1965.2643,2026-05-31 04:59:59.999000+00:00,3995625.969988,30111,954.12280000,1939839.49665300,0
2026-05-31 05:00:00+00:00,2033.9,2033.9,2029.29,2030.18,2805.8879,2026-05-31 05:59:59.999000+00:00,5698623.826066,28399,1693.05240000,3438168.96689000,0
2026-05-31 06:00:00+00:00,2030.18,2030.93,2028.52,2029.87,2581.656,2026-05-31 06:59:59.999000+00:00,5240230.878428,24269,1270.30520000,2578561.82886700,0
2026-05-31 07:00:00+00:00,2029.87,2029.87,2022.78,2024.01,3809.267,2026-05-31 07:59:59.999000+00:00,7715268.831479,41641,1702.87950000,3449162.68503800,0
2026-05-31 08:00:00+00:00,2024.02,2029.11,2022.85,2027.63,6125.52,2026-05-31 08:59:59.999000+00:00,12411955.299461,40922,4268.25110000,8649737.27311700,0
2026-05-31 09:00:00+00:00,2027.64,2028.6,2018.35,2021.13,5318.3059,2026-05-31 09:59:59.999000+00:00,10768562.435062,45428,2874.64540000,5822657.73047300,0
2026-05-31 10:00:00+00:00,2021.13,2021.65,2015.34,2021.05,6680.2347,2026-05-31 10:59:59.999000+00:00,13486039.983417,58683,3608.92180000,7286330.61614000,0
2026-05-31 11:00:00+00:00,2021.05,2024.12,2021.04,2023.27,2875.0791,2026-05-31 11:59:59.999000+00:00,5815315.933174,28198,1946.14680000,3936368.52572200,0
2026-05-31 12:00:00+00:00,2023.28,2025.16,2019.69,2022.35,3509.0887,2026-05-31 12:59:59.999000+00:00,7097840.412853,33185,1983.75310000,4013365.11732500,0
2026-05-31 13:00:00+00:00,2022.35,2026.5,2019.78,2020.5,4097.6509,2026-05-31 13:59:59.999000+00:00,8290054.272336,37657,2343.35680000,4741617.49167900,0
2026-05-31 14:00:00+00:00,2020.5,2021.69,2005.83,2008.06,14507.5503,2026-05-31 14:59:59.999000+00:00,29180686.728761,144208,5605.49210000,11274606.19626400,0
2026-05-31 15:00:00+00:00,2008.06,2015.22,2007.57,2010.52,7019.6382,2026-05-31 15:59:59.999000+00:00,14118881.817381,67595,3457.16220000,6953368.40401800,0
2026-05-31 16:00:00+00:00,2010.52,2012.42,1997.72,2002.09,14070.5546,2026-05-31 16:59:59.999000+00:00,28185934.584605,117285,4227.27760000,8469768.40765700,0
2026-05-31 17:00:00+00:00,2002.09,2007.69,1996.21,2006.0,10508.2552,2026-05-31 17:59:59.999000+00:00,21046512.374978,67674,3484.97720000,6979227.54002100,0
2026-05-31 18:00:00+00:00,2006.0,2006.07,1999.0,2000.68,7620.5911,2026-05-31 18:59:59.999000+00:00,15258407.454047,45310,1523.22680000,3050080.69445400,0
2026-05-31 19:00:00+00:00,2000.69,2002.49,1993.75,1999.59,8445.0841,2026-05-31 19:59:59.999000+00:00,16872877.824288,54074,2156.57470000,4308040.26666200,0
2026-05-31 20:00:00+00:00,1999.58,2008.25,1999.58,2007.09,7603.3129,2026-05-31 20:59:59.999000+00:00,15232530.61175,47385,2597.11480000,5202917.44464600,0
2026-05-31 21:00:00+00:00,2007.09,2014.28,2005.0,2012.18,11255.7354,2026-05-31 21:59:59.999000+00:00,22618461.737338,99847,4006.78950000,8053762.45490000,0
2026-05-31 22:00:00+00:00,2012.18,2014.42,2004.47,2012.43,10635.5912,2026-05-31 22:59:59.999000+00:00,21385306.316853,101315,3542.73760000,7123983.25482600,0
2026-05-31 23:00:00+00:00,2012.43,2023.0,2000.11,2007.01,14594.8209,2026-05-31 23:59:59.999000+00:00,29338008.654647,129277,6071.04340000,12206227.89596600,0
2026-06-01 00:00:00+00:00,2007.02,2021.5,1997.0,2015.44,31675.1039,2026-06-01 00:59:59.999000+00:00,63701857.896683,176665,11839.41740000,23832780.18270900,0
2026-06-01 01:00:00+00:00,2015.44,2016.73,1994.12,1994.7,14652.2152,2026-06-01 01:59:59.999000+00:00,29371882.605348,171993,5437.55530000,10898060.45115000,0
2026-06-01 02:00:00+00:00,1994.7,2017.89,1991.31,2011.47,14969.0754,2026-06-01 02:59:59.999000+00:00,30032626.065557,157405,6491.89150000,13022901.81153500,0
2026-06-01 03:00:00+00:00,2011.47,2018.09,2008.66,2009.09,11862.726,2026-06-01 03:59:59.999000+00:00,23892126.705072,117798,3737.44320000,7528014.58778100,0
2026-06-01 04:00:00+00:00,2009.09,2011.97,1993.91,1999.99,10434.6135,2026-06-01 04:59:59.999000+00:00,20873192.535331,129675,4903.01560000,9804759.22666500,0
2026-06-01 05:00:00+00:00,1999.98,2001.27,1991.65,1994.55,8636.3448,2026-06-01 05:59:59.999000+00:00,17232468.55414,92690,4875.16720000,9725684.11160300,0
2026-06-01 06:00:00+00:00,1994.56,1995.34,1980.14,1988.07,11716.6663,2026-06-01 06:59:59.999000+00:00,23284542.099529,181228,5702.78210000,11333212.37918700,0
2026-06-01 07:00:00+00:00,1988.08,1990.62,1971.7,1976.43,12802.4757,2026-06-01 07:59:59.999000+00:00,25366523.766395,128537,5787.01790000,11468053.78810300,0
2026-06-01 08:00:00+00:00,1976.42,1985.07,1969.9,1983.96,24059.8012,2026-06-01 08:59:59.999000+00:00,47562916.428989,135504,13335.95770000,26366859.92771900,0
2026-06-01 09:00:00+00:00,1983.96,1990.11,1983.94,1987.53,9286.2761,2026-06-01 09:59:59.999000+00:00,18455568.583275,100412,4784.22230000,9508063.71872900,0
2026-06-01 10:00:00+00:00,1987.53,1988.92,1980.99,1984.49,8569.6815,2026-06-01 10:59:59.999000+00:00,17007651.414538,88597,4798.32730000,9523662.21217100,0
2026-06-01 11:00:00+00:00,1984.49,1986.89,1977.07,1981.44,7214.7212,2026-06-01 11:59:59.999000+00:00,14301809.662485,88961,2933.19040000,5816286.00476600,0
2026-06-01 12:00:00+00:00,1981.44,1994.39,1967.51,1989.55,16838.7813,2026-06-01 12:59:59.999000+00:00,33370757.479225,240973,8936.10850000,17710750.13679000,0
2026-06-01 13:00:00+00:00,1989.55,1990.29,1956.04,1971.22,35385.2037,2026-06-01 13:59:59.999000+00:00,69799120.318615,404406,17299.40270000,34117747.94275600,0
2026-06-01 14:00:00+00:00,1971.22,1977.34,1964.64,1968.63,21808.0298,2026-06-01 14:59:59.999000+00:00,42951686.502933,273305,11299.11710000,22253283.49708600,0
2026-06-01 15:00:00+00:00,1968.64,1980.24,1960.25,1968.45,16914.1595,2026-06-01 15:59:59.999000+00:00,33317592.52281,219022,9260.15910000,18242453.27458600,0
2026-06-01 16:00:00+00:00,1968.45,1978.97,1958.79,1978.15,19836.6047,2026-06-01 16:59:59.999000+00:00,39071447.85438,208643,11491.04640000,22644146.56089800,0
2026-06-01 17:00:00+00:00,1978.14,1996.73,1977.72,1990.62,21987.4555,2026-06-01 17:59:59.999000+00:00,43706513.538771,202188,14411.64740000,28642276.40031400,0
2026-06-01 18:00:00+00:00,1990.62,1996.0,1983.45,1992.72,12174.7612,2026-06-01 18:59:59.999000+00:00,24243994.452148,110550,7876.77010000,15688379.31554200,0
2026-06-01 19:00:00+00:00,1992.72,2008.83,1992.21,2004.53,15909.7164,2026-06-01 19:59:59.999000+00:00,31813150.067702,125641,9764.73020000,19517676.25206600,0
2026-06-01 20:00:00+00:00,2004.53,2008.7,2001.14,2005.57,7714.6041,2026-06-01 20:59:59.999000+00:00,15465755.935139,65654,4215.47850000,8450931.01131500,0
2026-06-01 21:00:00+00:00,2005.56,2009.2,1992.59,1994.57,16258.5449,2026-06-01 21:59:59.999000+00:00,32507165.617391,131395,7068.64500000,14127889.07706500,0
2026-06-01 22:00:00+00:00,1994.57,2006.0,1984.5,2004.43,12424.238,2026-06-01 22:59:59.999000+00:00,24802754.807734,139125,7362.62930000,14701985.54419500,0
2026-06-01 23:00:00+00:00,2004.42,2008.38,1998.13,2006.73,11296.484,2026-06-01 23:59:59.999000+00:00,22641375.852235,115855,6353.89950000,12736579.62183500,0
2026-06-02 00:00:00+00:00,2006.73,2006.78,1995.38,1996.44,6741.6588,2026-06-02 00:59:59.999000+00:00,13493222.152956,112192,3004.21780000,6012587.33756500,0
2026-06-02 01:00:00+00:00,1996.43,1999.0,1979.49,1980.15,10093.1539,2026-06-02 01:59:59.999000+00:00,20073657.409824,152366,5131.46390000,10204532.76207200,0
2026-06-02 02:00:00+00:00,1980.15,1997.08,1962.76,1997.07,19278.4549,2026-06-02 02:59:59.999000+00:00,38191262.883742,242897,10055.30490000,19925784.04139200,0
2026-06-02 03:00:00+00:00,1997.08,2005.0,1995.14,2003.94,10578.9731,2026-06-02 03:59:59.999000+00:00,21169164.31329,120227,5954.87030000,11914883.07809600,0
2026-06-02 04:00:00+00:00,2003.94,2006.44,1995.95,1996.85,9026.7399,2026-06-02 04:59:59.999000+00:00,18066793.331667,88288,4017.85710000,8040915.88866400,0
2026-06-02 05:00:00+00:00,1996.86,2001.23,1985.0,1985.01,13413.3025,2026-06-02 05:59:59.999000+00:00,26713603.235102,128803,5406.86970000,10772168.68004100,0
2026-06-02 06:00:00+00:00,1985.01,1988.88,1978.14,1982.38,12402.1203,2026-06-02 06:59:59.999000+00:00,24603468.956277,131989,6432.69700000,12762466.19212900,0
2026-06-02 07:00:00+00:00,1982.39,1990.0,1973.88,1981.88,12690.7893,2026-06-02 07:59:59.999000+00:00,25166053.247912,137526,6691.85400000,13270764.44155700,0
2026-06-02 08:00:00+00:00,1981.89,1989.0,1977.0,1979.21,8983.5578,2026-06-02 08:59:59.999000+00:00,17809700.293191,143974,5137.17710000,10186031.92399100,0
2026-06-02 09:00:00+00:00,1979.22,1979.78,1966.69,1975.28,16271.7747,2026-06-02 09:59:59.999000+00:00,32109515.714817,175171,7302.12320000,14411137.84090600,0
2026-06-02 10:00:00+00:00,1975.27,1983.88,1971.75,1983.49,16133.2095,2026-06-02 10:59:59.999000+00:00,31885362.43427,109653,5646.75570000,11166084.76826800,0
2026-06-02 11:00:00+00:00,1983.49,1983.72,1975.8,1978.53,6228.9322,2026-06-02 11:59:59.999000+00:00,12328415.353205,85975,3331.81840000,6594038.56260900,0
2026-06-02 12:00:00+00:00,1978.53,1982.75,1972.57,1976.27,14674.2634,2026-06-02 12:59:59.999000+00:00,29002497.703582,130638,4019.00280000,7947842.19454600,0
2026-06-02 13:00:00+00:00,1976.28,1981.79,1970.5,1974.33,13782.8845,2026-06-02 13:59:59.999000+00:00,27243796.145185,221990,6736.39330000,13316343.83320000,0
2026-06-02 14:00:00+00:00,1974.34,1975.22,1925.8,1941.36,56685.9633,2026-06-02 14:59:59.999000+00:00,110263495.673981,549569,26256.29660000,51069869.32601200,0
2026-06-02 15:00:00+00:00,1941.35,1941.59,1890.0,1914.81,80076.174,2026-06-02 15:59:59.999000+00:00,153376344.680063,603249,39073.52020000,74867539.31728000,0
2026-06-02 16:00:00+00:00,1914.81,1943.87,1909.57,1920.59,32465.645,2026-06-02 16:59:59.999000+00:00,62571472.92282,360384,18952.52150000,36525915.49005800,0
2026-06-02 17:00:00+00:00,1920.59,1931.53,1919.59,1924.18,12294.3762,2026-06-02 17:59:59.999000+00:00,23666419.079018,178183,6976.44430000,13428952.30030000,0
2026-06-02 18:00:00+00:00,1924.18,1928.0,1903.38,1913.11,13900.7456,2026-06-02 18:59:59.999000+00:00,26616996.142754,201704,6624.88750000,12685063.39343800,0
2026-06-02 19:00:00+00:00,1913.11,1917.8,1881.01,1912.28,37361.6337,2026-06-02 19:59:59.999000+00:00,70998110.407071,331201,16256.23770000,30886859.16752900,0
2026-06-02 20:00:00+00:00,1912.28,1919.01,1895.53,1906.74,18496.8629,2026-06-02 20:59:59.999000+00:00,35277263.672171,251575,8730.52430000,16653335.44504400,0
2026-06-02 21:00:00+00:00,1906.75,1911.45,1897.23,1900.34,11944.1531,2026-06-02 21:59:59.999000+00:00,22763143.095533,167354,5562.55080000,10603331.32929800,0
2026-06-02 22:00:00+00:00,1900.35,1909.59,1862.23,1868.77,53213.0551,2026-06-02 22:59:59.999000+00:00,100313263.856268,532644,24616.55870000,46427428.57303600,0
2026-06-02 23:00:00+00:00,1868.78,1873.37,1839.02,1859.84,70147.1181,2026-06-02 23:59:59.999000+00:00,130105127.417166,601759,30553.44990000,56651375.53774200,0
2026-06-03 00:00:00+00:00,1859.84,1874.11,1854.62,1867.35,26805.1575,2026-06-03 00:59:59.999000+00:00,50044670.085159,254387,13077.66790000,24417505.68416600,0
2026-06-03 01:00:00+00:00,1867.35,1870.01,1850.0,1864.51,17229.5011,2026-06-03 01:59:59.999000+00:00,32056523.330016,237259,7949.91900000,14795726.93079700,0
2026-06-03 02:00:00+00:00,1864.52,1864.94,1851.2,1854.09,25684.409,2026-06-03 02:59:59.999000+00:00,47710773.783711,176334,14433.01770000,26811982.63604500,0
2026-06-03 03:00:00+00:00,1854.09,1856.71,1816.92,1828.24,53071.3555,2026-06-03 03:59:59.999000+00:00,97416656.246174,413622,23566.39330000,43238413.51121400,0
2026-06-03 04:00:00+00:00,1828.24,1852.0,1827.65,1850.84,24723.5033,2026-06-03 04:59:59.999000+00:00,45563388.856404,249948,14667.48970000,27036853.54834600,0
2026-06-03 05:00:00+00:00,1850.84,1876.12,1849.99,1873.45,31617.555,2026-06-03 05:59:59.999000+00:00,59025328.498174,280022,17452.41420000,32580896.56176700,0
2026-06-03 06:00:00+00:00,1873.44,1884.41,1870.28,1871.87,20166.3912,2026-06-03 06:59:59.999000+00:00,37841963.185415,193203,11587.40990000,21744829.59821600,0
2026-06-03 07:00:00+00:00,1871.87,1880.38,1867.97,1878.39,13929.2016,2026-06-03 07:59:59.999000+00:00,26138126.509932,123613,8782.76990000,16479692.28277300,0
2026-06-03 08:00:00+00:00,1878.39,1883.43,1873.32,1880.02,11595.7204,2026-06-03 08:59:59.999000+00:00,21775390.150687,128576,5690.86230000,10687483.69713200,0
2026-06-03 09:00:00+00:00,1880.01,1886.58,1869.95,1876.28,18298.055,2026-06-03 09:59:59.999000+00:00,34362307.871108,158234,9578.78770000,17990891.20413200,0
2026-06-03 10:00:00+00:00,1876.28,1893.07,1875.01,1884.79,13130.3099,2026-06-03 10:59:59.999000+00:00,24756785.899068,160648,6970.56590000,13142509.63094400,0
2026-06-03 11:00:00+00:00,1884.79,1888.29,1876.12,1878.16,10219.9521,2026-06-03 11:59:59.999000+00:00,19239932.352441,110554,4429.82950000,8339206.06013300,0
2026-06-03 12:00:00+00:00,1878.17,1880.0,1868.02,1876.4,14379.8792,2026-06-03 12:59:59.999000+00:00,26943231.134698,176217,7619.01690000,14274501.05001900,0
2026-06-03 13:00:00+00:00,1876.41,1879.68,1861.35,1867.64,18775.4924,2026-06-03 13:59:59.999000+00:00,35114905.445194,313511,8903.95160000,16655257.10603200,0
2026-06-03 14:00:00+00:00,1867.64,1868.72,1852.8,1858.51,15577.343,2026-06-03 14:59:59.999000+00:00,28966401.832119,320947,7101.13640000,13207770.36748400,0
2026-06-03 15:00:00+00:00,1858.51,1859.75,1836.21,1837.21,29759.5409,2026-06-03 15:59:59.999000+00:00,54931955.800767,322052,16266.76330000,30029211.39531300,0
2026-06-03 16:00:00+00:00,1837.22,1844.08,1811.15,1832.68,38869.8731,2026-06-03 16:59:59.999000+00:00,71026966.958302,459280,18233.76790000,33339421.01663100,0
2026-06-03 17:00:00+00:00,1832.68,1839.53,1818.14,1828.11,15349.4372,2026-06-03 17:59:59.999000+00:00,28059194.998961,257669,7509.97440000,13726619.43442900,0
2026-06-03 18:00:00+00:00,1828.12,1834.41,1821.65,1832.25,10214.0169,2026-06-03 18:59:59.999000+00:00,18673406.401876,179970,5388.59850000,9852203.32030400,0
2026-06-03 19:00:00+00:00,1832.25,1833.64,1795.23,1803.41,39961.4127,2026-06-03 19:59:59.999000+00:00,72369613.514553,295109,14687.24200000,26619662.20494900,0
2026-06-03 20:00:00+00:00,1803.41,1813.11,1769.62,1781.44,48128.0654,2026-06-03 20:59:59.999000+00:00,86297929.240893,444149,20409.90860000,36593676.89599000,0
2026-06-03 21:00:00+00:00,1781.44,1850.29,1777.67,1850.1,40851.5527,2026-06-03 21:59:59.999000+00:00,74380857.782901,479810,23803.76530000,43343744.71769700,0
2026-06-03 22:00:00+00:00,1850.1,1852.2,1822.77,1829.0,26081.906,2026-06-03 22:59:59.999000+00:00,47891596.872452,429933,12975.59060000,23827469.56758100,0
2026-06-03 23:00:00+00:00,1829.01,1830.93,1812.84,1813.05,20340.8507,2026-06-03 23:59:59.999000+00:00,37023693.147668,331209,10323.41520000,18789227.68450100,0
2026-06-04 00:00:00+00:00,1813.05,1820.5,1782.6,1793.85,36694.1484,2026-06-04 00:59:59.999000+00:00,65979951.990605,555427,18196.08010000,32729968.21178300,0
2026-06-04 01:00:00+00:00,1793.86,1801.06,1755.0,1759.77,45394.2914,2026-06-04 01:59:59.999000+00:00,80513854.445968,735560,19591.03500000,34766198.87601400,0
2026-06-04 02:00:00+00:00,1759.76,1778.93,1717.28,1766.82,84214.1213,2026-06-04 02:59:59.999000+00:00,147294895.081238,610853,37268.82400000,65231324.61951200,0
2026-06-04 03:00:00+00:00,1766.83,1812.52,1766.6,1809.24,33743.4977,2026-06-04 03:59:59.999000+00:00,60672807.211284,285504,20260.74000000,36426543.59523400,0
2026-06-04 04:00:00+00:00,1809.24,1818.0,1802.69,1805.49,16956.1564,2026-06-04 04:59:59.999000+00:00,30684875.088811,193827,8820.33150000,15965964.72062300,0
2026-06-04 05:00:00+00:00,1805.49,1805.49,1780.59,1784.06,27581.1214,2026-06-04 05:59:59.999000+00:00,49374488.038565,266999,12691.31150000,22716983.10758200,0
2026-06-04 06:00:00+00:00,1784.05,1802.06,1782.07,1789.95,18731.1395,2026-06-04 06:59:59.999000+00:00,33589193.890849,221794,9524.87600000,17081266.42422100,0
2026-06-04 07:00:00+00:00,1789.96,1790.72,1773.52,1777.45,19717.1342,2026-06-04 07:59:59.999000+00:00,35108979.084915,216483,9933.99800000,17692357.48342800,0
2026-06-04 08:00:00+00:00,1777.44,1783.27,1763.98,1773.63,21922.8741,2026-06-04 08:59:59.999000+00:00,38846500.791202,318276,10155.71650000,17998394.51332100,0
2026-06-04 09:00:00+00:00,1773.63,1774.14,1744.53,1766.52,40911.8062,2026-06-04 09:59:59.999000+00:00,71847728.469085,479894,19288.66440000,33878894.70602600,0
2026-06-04 10:00:00+00:00,1766.58,1767.22,1730.13,1736.86,43989.1315,2026-06-04 10:59:59.999000+00:00,76808324.697561,464920,18323.13690000,32001462.94193500,0
2026-06-04 11:00:00+00:00,1736.86,1754.67,1732.53,1751.51,34563.049,2026-06-04 11:59:59.999000+00:00,60267428.671728,353980,14047.05570000,24494843.85005800,0
2026-06-04 12:00:00+00:00,1751.51,1782.91,1744.29,1778.16,36619.2336,2026-06-04 12:59:59.999000+00:00,64664393.095398,487504,20880.51680000,36887034.13945600,0
2026-06-04 13:00:00+00:00,1778.17,1790.0,1755.65,1785.52,32434.3916,2026-06-04 13:59:59.999000+00:00,57580999.86324,542330,16012.05550000,28438545.40345100,0
2026-06-04 14:00:00+00:00,1785.53,1794.43,1766.33,1774.38,24657.8169,2026-06-04 14:59:59.999000+00:00,43912692.428565,360847,11770.66060000,20957283.91006900,0
2026-06-04 15:00:00+00:00,1774.37,1791.29,1770.64,1777.02,17792.9546,2026-06-04 15:59:59.999000+00:00,31662229.732094,294810,9571.52570000,17036116.80386900,0
2026-06-04 16:00:00+00:00,1777.03,1781.25,1766.13,1772.2,13479.112,2026-06-04 16:59:59.999000+00:00,23907017.023224,244093,6771.94340000,12011751.40199800,0
2026-06-04 17:00:00+00:00,1772.2,1776.03,1754.0,1768.05,18286.1872,2026-06-04 17:59:59.999000+00:00,32269141.171292,251607,9329.28260000,16463808.97314400,0
2026-06-04 18:00:00+00:00,1768.06,1783.64,1760.01,1776.28,16596.9334,2026-06-04 18:59:59.999000+00:00,29425959.138128,233164,9943.98060000,17633234.57027200,0
2026-06-04 19:00:00+00:00,1776.27,1787.11,1771.0,1776.94,12182.3413,2026-06-04 19:59:59.999000+00:00,21674152.083944,185784,6574.93890000,11699191.48923000,0
2026-06-04 20:00:00+00:00,1776.93,1777.52,1764.66,1774.88,8739.7779,2026-06-04 20:59:59.999000+00:00,15480076.044276,156387,4183.68930000,7410105.38671400,0
2026-06-04 21:00:00+00:00,1774.87,1783.02,1757.11,1761.2,14740.525,2026-06-04 21:59:59.999000+00:00,26095894.015269,194139,6633.85470000,11751149.98407800,0
2026-06-04 22:00:00+00:00,1761.2,1770.26,1752.46,1768.73,17189.2927,2026-06-04 22:59:59.999000+00:00,30255298.909523,369493,7611.71300000,13402044.04071200,0
2026-06-04 23:00:00+00:00,1768.74,1777.02,1757.35,1770.77,11169.0678,2026-06-04 23:59:59.999000+00:00,19744812.374459,199076,5734.70980000,10137688.64778200,0
2026-06-05 00:00:00+00:00,1770.76,1774.99,1758.51,1759.42,11334.258,2026-06-05 00:59:59.999000+00:00,20030689.269422,244137,5420.54300000,9581164.61351400,0
2026-06-05 01:00:00+00:00,1759.43,1764.07,1746.52,1753.33,18021.4605,2026-06-05 01:59:59.999000+00:00,31611868.533643,318807,8079.70320000,14175092.62399700,0
2026-06-05 02:00:00+00:00,1753.34,1754.9,1727.65,1730.24,35131.516,2026-06-05 02:59:59.999000+00:00,61163079.985604,417591,17431.76070000,30356383.17275700,0
2026-06-05 03:00:00+00:00,1730.24,1739.5,1722.36,1729.71,23683.9627,2026-06-05 03:59:59.999000+00:00,40989623.066638,360269,10071.90170000,17433240.76378100,0
2026-06-05 04:00:00+00:00,1729.72,1746.05,1718.25,1744.64,29566.1043,2026-06-05 04:59:59.999000+00:00,51093271.993674,375173,12686.17480000,21944407.70535200,0
2026-06-05 05:00:00+00:00,1744.64,1747.8,1681.29,1684.16,80235.8593,2026-06-05 05:59:59.999000+00:00,136850023.113112,606785,35439.27230000,60397725.67050500,0
2026-06-05 06:00:00+00:00,1684.16,1689.5,1625.78,1656.52,128261.0302,2026-06-05 06:59:59.999000+00:00,212738887.096343,1152148,62480.30000000,103599270.55567200,0
2026-06-05 07:00:00+00:00,1656.52,1680.0,1633.45,1679.21,75612.2337,2026-06-05 07:59:59.999000+00:00,125499114.681752,775869,41135.23750000,68307503.24221000,0
2026-06-05 08:00:00+00:00,1679.22,1679.64,1659.43,1663.87,38257.5135,2026-06-05 08:59:59.999000+00:00,63857793.784594,415370,17609.44630000,29394274.99440800,0
2026-06-05 09:00:00+00:00,1663.88,1690.07,1662.85,1682.72,32616.2779,2026-06-05 09:59:59.999000+00:00,54773266.666679,381341,18338.74430000,30794285.23005400,0
2026-06-05 10:00:00+00:00,1682.73,1685.03,1672.05,1676.87,22741.5096,2026-06-05 10:59:59.999000+00:00,38126887.292935,259659,9459.20930000,15860939.06216300,0
2026-06-05 11:00:00+00:00,1676.86,1681.8,1663.0,1663.44,25803.3693,2026-06-05 11:59:59.999000+00:00,43154086.451066,299044,11645.38900000,19471553.23519500,0
2026-06-05 12:00:00+00:00,1663.43,1671.47,1646.1,1657.28,40610.0397,2026-06-05 12:59:59.999000+00:00,67352843.402144,559773,18382.22970000,30491584.11168000,0
2026-06-05 13:00:00+00:00,1657.28,1677.7,1612.35,1615.04,67988.5831,2026-06-05 13:59:59.999000+00:00,112109758.528602,694209,29318.42710000,48346730.78090000,0
2026-06-05 14:00:00+00:00,1615.05,1624.56,1590.8,1600.96,118217.6046,2026-06-05 14:59:59.999000+00:00,190088324.588116,1054857,52064.76150000,83767964.00447300,0
2026-06-05 15:00:00+00:00,1600.96,1604.6,1572.22,1583.29,77516.7936,2026-06-05 15:59:59.999000+00:00,123104303.162587,791194,34483.33580000,54774533.11273700,0
2026-06-05 16:00:00+00:00,1583.29,1612.44,1547.01,1608.49,100794.1726,2026-06-05 16:59:59.999000+00:00,159475208.380874,921262,49907.39140000,79078353.29250800,0
2026-06-05 17:00:00+00:00,1608.48,1612.89,1588.0,1594.28,35170.7111,2026-06-05 17:59:59.999000+00:00,56168291.792742,458926,18289.88130000,29215251.22864400,0
2026-06-05 18:00:00+00:00,1594.28,1598.66,1544.68,1553.26,65573.2969,2026-06-05 18:59:59.999000+00:00,102741740.459453,614473,33023.48060000,51758984.93672600,0
2026-06-05 19:00:00+00:00,1553.26,1580.3,1540.19,1574.06,65869.8984,2026-06-05 19:59:59.999000+00:00,102548992.97846,708625,33583.69630000,52291638.11708000,0
2026-06-05 20:00:00+00:00,1574.07,1608.5,1557.36,1603.38,56901.9952,2026-06-05 20:59:59.999000+00:00,90539868.711332,518130,30765.17270000,48956003.93413900,0
2026-06-05 21:00:00+00:00,1603.38,1619.3,1602.45,1609.8,40414.3008,2026-06-05 21:59:59.999000+00:00,65123071.773968,323506,21167.72550000,34112913.56461900,0
2026-06-05 22:00:00+00:00,1609.81,1610.25,1589.68,1597.14,33048.5983,2026-06-05 22:59:59.999000+00:00,52796887.305784,448946,17078.44650000,27283196.60546500,0
2026-06-05 23:00:00+00:00,1597.14,1603.89,1561.07,1583.4,33642.0715,2026-06-05 23:59:59.999000+00:00,53182012.157258,317685,17546.22380000,27727630.94399600,0
2026-06-06 00:00:00+00:00,1583.4,1601.22,1582.71,1593.03,17320.7333,2026-06-06 00:59:59.999000+00:00,27622417.999363,234913,7899.94640000,12601660.73179700,0
2026-06-06 01:00:00+00:00,1593.04,1596.77,1578.15,1583.16,12688.5562,2026-06-06 01:59:59.999000+00:00,20130038.860571,194160,5773.93010000,9158345.18766800,0
2026-06-06 02:00:00+00:00,1583.16,1585.84,1566.66,1576.2,19596.9168,2026-06-06 02:59:59.999000+00:00,30897600.511078,258952,9025.23990000,14229787.93195000,0
2026-06-06 03:00:00+00:00,1576.2,1576.73,1555.28,1563.34,18998.1908,2026-06-06 03:59:59.999000+00:00,29742756.014085,282687,8338.38360000,13052887.69552100,0
2026-06-06 04:00:00+00:00,1563.34,1569.57,1510.43,1522.56,53383.6205,2026-06-06 04:59:59.999000+00:00,81898823.734047,619434,23233.04520000,35626763.01869100,0
2026-06-06 05:00:00+00:00,1522.57,1569.17,1505.68,1566.71,60261.821,2026-06-06 05:59:59.999000+00:00,92890793.6045,581437,27928.24260000,43047897.35943700,0
2026-06-06 06:00:00+00:00,1566.72,1581.62,1556.01,1560.16,38270.1854,2026-06-06 06:59:59.999000+00:00,60066188.34744,364634,16864.60270000,26482933.94929000,0
2026-06-06 07:00:00+00:00,1560.1,1580.22,1556.07,1575.14,30120.1676,2026-06-06 07:59:59.999000+00:00,47302376.103394,267263,16011.07060000,25146941.99463900,0
2026-06-06 08:00:00+00:00,1575.14,1593.04,1570.01,1582.57,17466.5349,2026-06-06 08:59:59.999000+00:00,27652829.732973,254083,9538.35810000,15102364.98763700,0
2026-06-06 09:00:00+00:00,1582.56,1588.53,1565.97,1570.69,18081.3602,2026-06-06 09:59:59.999000+00:00,28533590.393403,247099,8557.55980000,13512449.21370000,0
2026-06-06 10:00:00+00:00,1570.7,1570.7,1535.68,1548.27,39259.3562,2026-06-06 10:59:59.999000+00:00,60854060.089293,432854,18421.35270000,28550898.26828000,0
2026-06-06 11:00:00+00:00,1548.26,1567.4,1547.24,1558.89,21927.4788,2026-06-06 11:59:59.999000+00:00,34192365.54174,273371,12479.95130000,19456484.10870700,0
2026-06-06 12:00:00+00:00,1558.9,1575.82,1551.56,1571.32,25985.715,2026-06-06 12:59:59.999000+00:00,40626176.021603,250387,14456.79970000,22600800.81435900,0
2026-06-06 13:00:00+00:00,1571.32,1573.36,1553.92,1557.03,32529.2189,2026-06-06 13:59:59.999000+00:00,50763104.657959,252696,14819.92640000,23127032.67231500,0
2026-06-06 14:00:00+00:00,1557.04,1566.96,1556.09,1557.7,26981.8239,2026-06-06 14:59:59.999000+00:00,42148565.181564,254673,11007.66830000,17194070.07960000,0
2026-06-06 15:00:00+00:00,1557.71,1565.84,1544.87,1560.45,22450.9311,2026-06-06 15:59:59.999000+00:00,34919514.282024,286378,11101.30190000,17271047.88469400,0
2026-06-06 16:00:00+00:00,1560.45,1566.0,1553.36,1563.57,15251.3466,2026-06-06 16:59:59.999000+00:00,23789634.938629,209040,9003.31310000,14046168.68503100,0
2026-06-06 17:00:00+00:00,1563.58,1566.51,1547.05,1553.54,20604.7277,2026-06-06 17:59:59.999000+00:00,32079876.014089,192723,9553.50840000,14874230.89229200,0
2026-06-06 18:00:00+00:00,1553.53,1566.25,1550.01,1556.58,16596.3515,2026-06-06 18:59:59.999000+00:00,25825328.904216,169257,7659.68860000,11921285.04867500,0
2026-06-06 19:00:00+00:00,1556.59,1563.51,1553.52,1554.56,8402.4889,2026-06-06 19:59:59.999000+00:00,13085197.188923,126395,4775.21480000,7437140.23491700,0
2026-06-06 20:00:00+00:00,1554.55,1559.99,1550.85,1557.61,11168.9504,2026-06-06 20:59:59.999000+00:00,17359342.954283,128172,4272.31820000,6641228.35552000,0
2026-06-06 21:00:00+00:00,1557.62,1565.21,1557.62,1558.2,8365.8031,2026-06-06 21:59:59.999000+00:00,13060877.069476,90292,4485.52330000,7002768.78915000,0
2026-06-06 22:00:00+00:00,1558.2,1561.93,1551.57,1558.33,10059.2797,2026-06-06 22:59:59.999000+00:00,15658930.733283,167113,5264.69470000,8194621.56873300,0
2026-06-06 23:00:00+00:00,1558.33,1570.06,1556.86,1569.69,12686.8087,2026-06-06 23:59:59.999000+00:00,19846022.222316,116940,7129.18540000,11152045.08083900,0
2026-06-07 00:00:00+00:00,1569.68,1572.42,1564.1,1565.03,8353.9229,2026-06-07 00:59:59.999000+00:00,13102017.009726,108512,4353.84240000,6827890.71539000,0
2026-06-07 01:00:00+00:00,1565.03,1596.54,1564.16,1590.12,23011.9246,2026-06-07 01:59:59.999000+00:00,36522395.571254,296114,12843.21260000,20377028.69015600,0
2026-06-07 02:00:00+00:00,1590.12,1594.92,1582.39,1592.67,12782.3655,2026-06-07 02:59:59.999000+00:00,20313991.861637,166729,6714.28740000,10670324.88378000,0
2026-06-07 03:00:00+00:00,1592.67,1600.51,1589.72,1595.01,12634.904,2026-06-07 03:59:59.999000+00:00,20141770.192995,150919,6902.36130000,11003067.31891400,0
2026-06-07 04:00:00+00:00,1595.0,1599.1,1585.0,1597.0,12510.2247,2026-06-07 04:59:59.999000+00:00,19922463.127138,140890,6575.44960000,10471759.63440200,0
2026-06-07 05:00:00+00:00,1597.0,1609.96,1593.25,1604.02,18551.5494,2026-06-07 05:59:59.999000+00:00,29746350.304915,201255,10075.22830000,16153449.24673500,0
2026-06-07 06:00:00+00:00,1604.02,1623.52,1598.54,1612.01,35177.9262,2026-06-07 06:59:59.999000+00:00,56752589.853105,245640,17300.03350000,27904777.89596300,0
2026-06-07 07:00:00+00:00,1612.01,1616.46,1606.99,1615.18,22232.506,2026-06-07 07:59:59.999000+00:00,35820822.491571,120925,13302.29670000,21429890.34408100,0
2026-06-07 08:00:00+00:00,1615.18,1642.27,1608.39,1641.35,27061.4096,2026-06-07 08:59:59.999000+00:00,44024455.686367,226731,16186.95770000,26334635.50036600,0
2026-06-07 09:00:00+00:00,1641.35,1648.7,1627.9,1633.52,23602.6875,2026-06-07 09:59:59.999000+00:00,38676502.460433,216735,11323.43130000,18562766.69680800,0
2026-06-07 10:00:00+00:00,1633.53,1635.73,1624.78,1625.7,16264.2458,2026-06-07 10:59:59.999000+00:00,26495261.269062,169459,5483.31840000,8933843.96854200,0
2026-06-07 11:00:00+00:00,1625.7,1633.99,1622.22,1630.12,12876.9496,2026-06-07 11:59:59.999000+00:00,20963723.513889,158312,5751.03750000,9364627.48177800,0
2026-06-07 12:00:00+00:00,1630.12,1631.24,1607.0,1620.17,25613.3659,2026-06-07 12:59:59.999000+00:00,41365789.939324,369595,11741.98770000,18960897.22535900,0
2026-06-07 13:00:00+00:00,1620.17,1623.0,1613.36,1617.46,10211.5277,2026-06-07 13:59:59.999000+00:00,16522006.517609,164649,4445.78050000,7192901.26251900,0
2026-06-07 14:00:00+00:00,1617.46,1640.0,1616.91,1628.13,23273.768,2026-06-07 14:59:59.999000+00:00,37878380.033081,272473,9691.25260000,15778749.06961000,0
2026-06-07 15:00:00+00:00,1628.12,1636.12,1620.85,1630.07,13937.1281,2026-06-07 15:59:59.999000+00:00,22709538.729016,201194,6595.56100000,10747053.73861200,0
2026-06-07 16:00:00+00:00,1630.07,1633.52,1623.37,1628.52,13451.8718,2026-06-07 16:59:59.999000+00:00,21914869.353839,182102,5933.95640000,9667030.63071800,0
2026-06-07 17:00:00+00:00,1628.52,1638.0,1627.65,1631.35,16797.3291,2026-06-07 17:59:59.999000+00:00,27455665.182276,171801,8495.83120000,13886917.91294700,0
2026-06-07 18:00:00+00:00,1631.34,1636.74,1629.0,1630.36,6104.7666,2026-06-07 18:59:59.999000+00:00,9968503.92908,104359,2852.64550000,4657888.05039800,0
2026-06-07 19:00:00+00:00,1630.37,1630.56,1604.0,1613.11,23850.4789,2026-06-07 19:59:59.999000+00:00,38474260.163961,280504,10332.14700000,16663192.80241100,0
2026-06-07 20:00:00+00:00,1613.1,1631.65,1609.43,1628.14,10940.1669,2026-06-07 20:59:59.999000+00:00,17764561.905127,169070,5430.74910000,8820099.87305200,0
2026-06-07 21:00:00+00:00,1628.14,1634.57,1623.72,1634.53,7293.2485,2026-06-07 21:59:59.999000+00:00,11880051.610751,109044,4074.75680000,6637837.91863800,0
2026-06-07 22:00:00+00:00,1634.53,1721.93,1629.05,1672.56,60333.9938,2026-06-07 22:59:59.999000+00:00,101271636.814233,587030,30604.24000000,51348564.71983800,0
2026-06-07 23:00:00+00:00,1672.55,1691.93,1670.76,1690.51,21412.3298,2026-06-07 23:59:59.999000+00:00,35988594.363634,281633,11923.48950000,20044083.20337800,0
2026-06-08 00:00:00+00:00,1690.5,1711.58,1683.24,1697.59,28454.8885,2026-06-08 00:59:59.999000+00:00,48299887.244198,357233,13715.56440000,23286577.89250900,0
2026-06-08 01:00:00+00:00,1697.6,1700.2,1670.94,1687.34,23391.1458,2026-06-08 01:59:59.999000+00:00,39387883.07759,373648,10561.13380000,17780594.78567400,0
2026-06-08 02:00:00+00:00,1687.34,1689.5,1678.07,1683.9,12316.9254,2026-06-08 02:59:59.999000+00:00,20735577.153671,199903,5791.53320000,9750068.36048400,0
2026-06-08 03:00:00+00:00,1683.91,1692.62,1677.0,1680.01,10307.0788,2026-06-08 03:59:59.999000+00:00,17348018.375649,151880,4532.24300000,7630833.07578300,0
2026-06-08 04:00:00+00:00,1680.02,1681.0,1655.95,1657.05,19001.8609,2026-06-08 04:59:59.999000+00:00,31631307.442823,211434,7712.14880000,12835087.27027700,0
2026-06-08 05:00:00+00:00,1657.05,1659.87,1645.0,1653.68,17369.8858,2026-06-08 05:59:59.999000+00:00,28702058.461569,229612,7064.21130000,11671392.01085800,0
2026-06-08 06:00:00+00:00,1653.68,1669.99,1652.78,1666.53,13339.657,2026-06-08 06:59:59.999000+00:00,22200017.245123,192802,7211.54750000,11997233.54740700,0
2026-06-08 07:00:00+00:00,1666.54,1683.49,1661.63,1673.47,23970.6156,2026-06-08 07:59:59.999000+00:00,40114164.540932,183438,13342.41840000,22335754.31948900,0
2026-06-08 08:00:00+00:00,1673.46,1673.46,1658.76,1661.17,18124.4271,2026-06-08 08:59:59.999000+00:00,30192190.83703,179746,7791.59470000,12979121.12293900,0
2026-06-08 09:00:00+00:00,1661.17,1672.0,1657.21,1671.1,18578.4603,2026-06-08 09:59:59.999000+00:00,30923475.233796,203092,7920.46660000,13188288.50736100,0
2026-06-08 10:00:00+00:00,1671.09,1676.95,1663.32,1672.36,11779.2015,2026-06-08 10:59:59.999000+00:00,19671748.748478,147949,5513.32250000,9208034.91709100,0
2026-06-08 11:00:00+00:00,1672.37,1696.77,1667.81,1683.76,25263.313,2026-06-08 11:59:59.999000+00:00,42561873.663203,286692,13668.05520000,23034230.78577900,0
2026-06-08 12:00:00+00:00,1683.77,1698.9,1667.46,1695.61,30493.8863,2026-06-08 12:59:59.999000+00:00,51268780.819064,349324,17145.44160000,28828231.03444100,0
2026-06-08 13:00:00+00:00,1695.6,1696.82,1678.44,1681.59,36905.2183,2026-06-08 13:59:59.999000+00:00,62263262.830339,449031,24252.41680000,40917452.70715400,0
2026-06-08 14:00:00+00:00,1681.59,1694.46,1676.55,1691.25,35379.9467,2026-06-08 14:59:59.999000+00:00,59673920.561956,372277,21600.52080000,36442047.66394500,0
2026-06-08 15:00:00+00:00,1691.24,1706.22,1688.69,1691.59,26426.2471,2026-06-08 15:59:59.999000+00:00,44838514.267738,372528,13825.35840000,23461180.56823400,0
2026-06-08 16:00:00+00:00,1691.59,1703.88,1682.69,1682.7,21935.6251,2026-06-08 16:59:59.999000+00:00,37164592.389839,254708,9854.77490000,16694967.24249700,0
2026-06-08 17:00:00+00:00,1682.7,1687.86,1675.8,1686.8,18300.3767,2026-06-08 17:59:59.999000+00:00,30776085.2875,217073,9676.63460000,16273273.23618900,0
2026-06-08 18:00:00+00:00,1686.81,1692.54,1678.69,1684.71,12223.9236,2026-06-08 18:59:59.999000+00:00,20608802.009802,153761,5911.46610000,9967307.73761000,0
2026-06-08 19:00:00+00:00,1684.71,1691.76,1681.14,1684.78,20181.1462,2026-06-08 19:59:59.999000+00:00,34043625.68231,182949,9616.24410000,16222262.44351800,0
2026-06-08 20:00:00+00:00,1684.78,1689.71,1679.25,1689.71,10762.7791,2026-06-08 20:59:59.999000+00:00,18133333.589769,133224,5639.34610000,9501470.23315700,0
2026-06-08 21:00:00+00:00,1689.71,1714.5,1689.71,1703.52,19220.6599,2026-06-08 21:59:59.999000+00:00,32802769.716509,183614,10999.50450000,18761142.48070200,0
2026-06-08 22:00:00+00:00,1703.51,1704.19,1688.36,1703.22,10883.8658,2026-06-08 22:59:59.999000+00:00,18458062.503135,176044,5102.01410000,8652466.90180800,0
2026-06-08 23:00:00+00:00,1703.21,1714.45,1686.72,1690.49,15416.1776,2026-06-08 23:59:59.999000+00:00,26159951.105951,197659,7173.26580000,12172176.48524100,0
2026-06-09 00:00:00+00:00,1690.48,1696.88,1660.0,1663.26,28703.4582,2026-06-09 00:59:59.999000+00:00,48083676.50506,360670,11017.85310000,18457075.43731300,0
2026-06-09 01:00:00+00:00,1663.26,1674.27,1658.8,1669.02,11633.8082,2026-06-09 01:59:59.999000+00:00,19396209.638632,211920,5557.33280000,9265570.07637300,0
2026-06-09 02:00:00+00:00,1669.01,1672.19,1654.63,1667.89,16612.0973,2026-06-09 02:59:59.999000+00:00,27631246.008738,178137,4615.76750000,7678097.88745300,0
2026-06-09 03:00:00+00:00,1667.88,1671.68,1663.83,1669.44,8667.1447,2026-06-09 03:59:59.999000+00:00,14452673.988581,130771,3591.95020000,5990110.85729000,0
2026-06-09 04:00:00+00:00,1669.44,1696.41,1664.33,1686.35,17666.9291,2026-06-09 04:59:59.999000+00:00,29688355.283023,181563,9902.60090000,16652221.59569500,0
2026-06-09 05:00:00+00:00,1686.36,1695.23,1681.53,1688.25,10451.0191,2026-06-09 05:59:59.999000+00:00,17654324.684232,151152,5906.17330000,9977772.27001300,0
2026-06-09 06:00:00+00:00,1688.25,1695.49,1684.06,1685.98,12296.1588,2026-06-09 06:59:59.999000+00:00,20775600.871251,132661,6158.12750000,10404154.37228600,0
2026-06-09 07:00:00+00:00,1685.99,1691.59,1675.2,1679.86,15280.924,2026-06-09 07:59:59.999000+00:00,25690383.091189,124697,5257.96890000,8843315.99574900,0
2026-06-09 08:00:00+00:00,1679.86,1680.64,1668.16,1675.28,13033.6705,2026-06-09 08:59:59.999000+00:00,21827008.102686,122595,5607.76180000,9391683.45900500,0
2026-06-09 09:00:00+00:00,1675.28,1680.16,1665.0,1670.61,9977.7465,2026-06-09 09:59:59.999000+00:00,16684006.80507,103098,4562.95660000,7631275.18580300,0
2026-06-09 10:00:00+00:00,1670.6,1676.41,1667.11,1674.72,8285.7183,2026-06-09 10:59:59.999000+00:00,13851766.634405,95885,4387.15670000,7334798.27134000,0
2026-06-09 11:00:00+00:00,1674.72,1675.46,1666.12,1671.96,7742.4269,2026-06-09 11:59:59.999000+00:00,12936135.286707,99813,3146.88700000,5257486.88743400,0
2026-06-09 12:00:00+00:00,1671.96,1683.32,1671.04,1676.9,15615.6314,2026-06-09 12:59:59.999000+00:00,26186116.708541,124136,7608.65240000,12759022.84999900,0
2026-06-09 13:00:00+00:00,1676.9,1680.63,1664.05,1666.71,22526.1705,2026-06-09 13:59:59.999000+00:00,37665706.882247,219312,9116.88880000,15244616.44570300,0
2026-06-09 14:00:00+00:00,1666.71,1670.84,1633.84,1645.9,43940.3185,2026-06-09 14:59:59.999000+00:00,72410069.59011,493922,20018.23740000,32982549.29895100,0
2026-06-09 15:00:00+00:00,1645.9,1653.89,1634.45,1636.4,27668.7811,2026-06-09 15:59:59.999000+00:00,45470655.932137,318207,12610.91440000,20729164.36651500,0
2026-06-09 16:00:00+00:00,1636.4,1639.35,1614.02,1632.27,36381.0701,2026-06-09 16:59:59.999000+00:00,59226013.031247,449383,17346.08460000,28234055.73438600,0
2026-06-09 17:00:00+00:00,1632.28,1649.76,1632.18,1643.04,19699.237,2026-06-09 17:59:59.999000+00:00,32363601.721029,256472,10032.45030000,16480378.49631200,0
2026-06-09 18:00:00+00:00,1643.03,1655.49,1639.87,1652.28,11940.1195,2026-06-09 18:59:59.999000+00:00,19686316.964383,166296,6097.13270000,10053360.20772800,0
2026-06-09 19:00:00+00:00,1652.27,1658.64,1647.82,1657.33,13801.8096,2026-06-09 19:59:59.999000+00:00,22814218.28081,171496,6588.62050000,10891411.01508800,0
2026-06-09 20:00:00+00:00,1657.33,1663.77,1655.34,1660.59,7896.3684,2026-06-09 20:59:59.999000+00:00,13099951.278232,101360,4700.39430000,7797800.92592900,0
2026-06-09 21:00:00+00:00,1660.59,1661.69,1647.29,1650.33,6653.733,2026-06-09 21:59:59.999000+00:00,11003412.690463,72812,2897.77850000,4791580.19738400,0
2026-06-09 22:00:00+00:00,1650.32,1655.0,1639.52,1640.0,6633.8767,2026-06-09 22:59:59.999000+00:00,10925187.84625,106539,2951.36950000,4862544.31266600,0
2026-06-09 23:00:00+00:00,1640.01,1642.87,1630.36,1639.52,11039.0175,2026-06-09 23:59:59.999000+00:00,18077834.596178,128619,4780.48520000,7829346.39050300,0
2026-06-10 00:00:00+00:00,1639.52,1646.83,1629.52,1645.74,8118.2128,2026-06-10 00:59:59.999000+00:00,13307262.006794,141468,4096.43440000,6717248.13566700,0
2026-06-10 01:00:00+00:00,1645.75,1646.91,1633.55,1638.98,7176.757,2026-06-10 01:59:59.999000+00:00,11779395.864235,159653,3598.53000000,5907999.29854900,0
2026-06-10 02:00:00+00:00,1638.99,1642.5,1621.77,1624.22,8216.5385,2026-06-10 02:59:59.999000+00:00,13382165.888361,156299,3500.52610000,5700912.64598600,0
2026-06-10 03:00:00+00:00,1624.21,1636.53,1623.52,1630.82,4424.3258,2026-06-10 03:59:59.999000+00:00,7213115.143712,97892,2442.39180000,3982062.98391300,0
2026-06-10 04:00:00+00:00,1630.82,1632.92,1622.45,1625.98,4591.328,2026-06-10 04:59:59.999000+00:00,7470362.716745,100926,2149.53220000,3497591.09387700,0
2026-06-10 05:00:00+00:00,1625.99,1630.0,1616.33,1627.99,8002.8075,2026-06-10 05:59:59.999000+00:00,12991399.34591,124377,2941.05590000,4776609.70912900,0
2026-06-10 06:00:00+00:00,1628.0,1634.41,1622.76,1632.08,8041.7926,2026-06-10 06:59:59.999000+00:00,13100681.409573,99560,4805.99330000,7829889.49368000,0
2026-06-10 07:00:00+00:00,1632.08,1643.58,1630.73,1640.09,8126.5566,2026-06-10 07:59:59.999000+00:00,13310219.231286,106670,4123.79730000,6755849.47223900,0
2026-06-10 08:00:00+00:00,1640.1,1640.89,1618.18,1621.34,14750.5467,2026-06-10 08:59:59.999000+00:00,24001825.500896,154487,6489.49570000,10548868.40687000,0
2026-06-10 09:00:00+00:00,1621.35,1626.44,1606.01,1623.67,12606.9916,2026-06-10 09:59:59.999000+00:00,20390133.428253,201200,6419.20640000,10386364.85924400,0
2026-06-10 10:00:00+00:00,1623.67,1629.99,1618.1,1628.23,5500.8261,2026-06-10 10:59:59.999000+00:00,8933958.237869,118263,2754.70140000,4475099.54956900,0
2026-06-10 11:00:00+00:00,1628.23,1630.22,1612.0,1620.05,17819.1598,2026-06-10 11:59:59.999000+00:00,28853503.012009,248595,8510.43560000,13778411.65026600,0
2026-06-10 12:00:00+00:00,1620.06,1645.46,1615.91,1635.4,20732.8935,2026-06-10 12:59:59.999000+00:00,33847661.00182,281728,11800.66910000,19260400.94048200,0
2026-06-10 13:00:00+00:00,1635.4,1667.96,1632.0,1651.81,21809.4649,2026-06-10 13:59:59.999000+00:00,36017602.797614,362518,12178.55500000,20117311.93275200,0
2026-06-10 14:00:00+00:00,1651.82,1655.64,1637.27,1646.72,15637.5251,2026-06-10 14:59:59.999000+00:00,25750229.758436,309348,8103.28250000,13350446.44507700,0
2026-06-10 15:00:00+00:00,1646.72,1665.05,1635.85,1657.97,20813.253,2026-06-10 15:59:59.999000+00:00,34323342.116046,373857,10569.26300000,17438498.59182100,0
2026-06-10 16:00:00+00:00,1657.98,1658.73,1632.5,1641.99,17206.2115,2026-06-10 16:59:59.999000+00:00,28334650.935078,300999,8752.06460000,14411451.73691500,0
2026-06-10 17:00:00+00:00,1641.99,1647.59,1622.51,1632.32,19894.0712,2026-06-10 17:59:59.999000+00:00,32478553.738727,290152,9353.49680000,15269453.56818900,0
2026-06-10 18:00:00+00:00,1632.32,1636.88,1622.52,1631.13,10584.2028,2026-06-10 18:59:59.999000+00:00,17251568.617973,196575,5514.83810000,8989311.55943500,0
2026-06-10 19:00:00+00:00,1631.13,1633.69,1623.13,1630.15,7568.5195,2026-06-10 19:59:59.999000+00:00,12330054.519183,164796,3611.44890000,5884875.75252500,0
2026-06-10 20:00:00+00:00,1630.15,1636.21,1623.15,1630.65,8748.524,2026-06-10 20:59:59.999000+00:00,14256055.015101,147752,4441.19000000,7237337.15151800,0
2026-06-10 21:00:00+00:00,1630.64,1630.64,1603.44,1611.44,15299.0185,2026-06-10 21:59:59.999000+00:00,24743220.528126,194811,6068.89770000,9812449.71146900,0
2026-06-10 22:00:00+00:00,1611.45,1622.38,1604.62,1616.52,13595.3575,2026-06-10 22:59:59.999000+00:00,21934396.903823,210315,6489.34900000,10472267.17758000,0
2026-06-10 23:00:00+00:00,1616.52,1625.09,1609.39,1621.59,11526.3974,2026-06-10 23:59:59.999000+00:00,18640840.810888,137789,5765.70390000,9326340.13368200,0
2026-06-11 00:00:00+00:00,1621.6,1634.72,1621.6,1628.64,7724.4295,2026-06-11 00:59:59.999000+00:00,12584055.39871,136750,4588.97350000,7475029.37348200,0
2026-06-11 01:00:00+00:00,1628.63,1647.88,1628.57,1642.83,7074.6638,2026-06-11 01:59:59.999000+00:00,11608790.084478,131091,3999.44270000,6560917.44825300,0
2026-06-11 02:00:00+00:00,1642.83,1645.5,1630.9,1641.07,5910.6333,2026-06-11 02:59:59.999000+00:00,9684674.072713,107000,3182.07900000,5214286.11219600,0
2026-06-11 03:00:00+00:00,1641.06,1661.3,1636.09,1653.95,15578.307,2026-06-11 03:59:59.999000+00:00,25690581.994987,147586,8907.53920000,14688441.64701600,0
2026-06-11 04:00:00+00:00,1653.94,1659.72,1650.0,1656.89,6886.6593,2026-06-11 04:59:59.999000+00:00,11391383.819356,98880,3276.33790000,5419497.38311400,0
2026-06-11 05:00:00+00:00,1656.89,1656.9,1647.63,1647.95,7974.1931,2026-06-11 05:59:59.999000+00:00,13165173.786664,85948,4029.24650000,6652071.56705100,0
2026-06-11 06:00:00+00:00,1647.96,1663.14,1646.2,1654.82,16221.9728,2026-06-11 06:59:59.999000+00:00,26893659.904684,120566,8222.08350000,13629467.47191700,0
2026-06-11 07:00:00+00:00,1654.81,1658.3,1651.7,1654.41,5480.1414,2026-06-11 07:59:59.999000+00:00,9066488.356692,67218,2594.06330000,4291695.74751500,0
2026-06-11 08:00:00+00:00,1654.4,1664.14,1654.33,1659.96,7619.2871,2026-06-11 08:59:59.999000+00:00,12647529.012906,72598,3709.80790000,6158688.01467100,0
2026-06-11 09:00:00+00:00,1659.97,1662.0,1656.47,1658.98,4916.5793,2026-06-11 09:59:59.999000+00:00,8155703.234275,67244,2368.24580000,3928791.59439400,0
2026-06-11 10:00:00+00:00,1658.97,1661.58,1654.28,1658.85,6620.7696,2026-06-11 10:59:59.999000+00:00,10978841.037928,77181,3308.55830000,5487589.85555100,0
2026-06-11 11:00:00+00:00,1658.85,1673.5,1656.43,1666.84,11246.0665,2026-06-11 11:59:59.999000+00:00,18723565.535711,123872,6851.75320000,11404593.34594500,0
2026-06-11 12:00:00+00:00,1666.84,1666.88,1642.12,1651.84,20236.8797,2026-06-11 12:59:59.999000+00:00,33445585.745634,234583,10153.13430000,16777094.31441300,0
2026-06-11 13:00:00+00:00,1651.85,1659.52,1644.45,1653.24,11181.1521,2026-06-11 13:59:59.999000+00:00,18472959.105689,200624,5198.00450000,8588539.44462700,0
2026-06-11 14:00:00+00:00,1653.24,1655.4,1638.95,1643.04,13211.5386,2026-06-11 14:59:59.999000+00:00,21773052.59758,246256,6789.49720000,11191531.93343800,0
2026-06-11 15:00:00+00:00,1643.04,1650.83,1636.19,1645.55,11179.5317,2026-06-11 15:59:59.999000+00:00,18377979.012963,196201,5728.01560000,9417897.52957100,0
2026-06-11 16:00:00+00:00,1645.56,1649.5,1638.35,1639.75,7669.8854,2026-06-11 16:59:59.999000+00:00,12607598.848866,135595,3833.75820000,6301727.74644300,0
2026-06-11 17:00:00+00:00,1639.74,1693.59,1632.71,1688.66,45791.8573,2026-06-11 17:59:59.999000+00:00,76387578.757252,404313,24177.96590000,40321737.28295900,0
2026-06-11 18:00:00+00:00,1688.65,1691.85,1676.98,1683.98,17473.6364,2026-06-11 18:59:59.999000+00:00,29424371.76627,225060,9355.50690000,15757256.32001000,0
2026-06-11 19:00:00+00:00,1683.97,1693.55,1675.98,1681.26,14280.2674,2026-06-11 19:59:59.999000+00:00,24051360.81636,181500,7195.08630000,12118001.29154900,0
2026-06-11 20:00:00+00:00,1681.26,1683.01,1667.18,1672.37,11476.2253,2026-06-11 20:59:59.999000+00:00,19204885.329483,86452,5467.55540000,9151200.47162300,0
2026-06-11 21:00:00+00:00,1672.37,1683.29,1672.14,1677.0,8304.8025,2026-06-11 21:59:59.999000+00:00,13944507.856842,81005,5119.68000000,8596702.23589800,0
2026-06-11 22:00:00+00:00,1676.99,1683.21,1675.43,1676.17,7951.566,2026-06-11 22:59:59.999000+00:00,13350912.478756,100369,5224.50340000,8772115.68797500,0
2026-06-11 23:00:00+00:00,1676.16,1679.25,1670.19,1673.46,6496.6753,2026-06-11 23:59:59.999000+00:00,10874575.73495,82371,3474.99040000,5816814.95225000,0
2026-06-12 00:00:00+00:00,1673.46,1677.74,1669.86,1672.74,4281.8456,2026-06-12 00:59:59.999000+00:00,7167471.726442,88913,2364.07840000,3957694.60214700,0
2026-06-12 01:00:00+00:00,1672.74,1672.74,1660.93,1667.09,7875.9261,2026-06-12 01:59:59.999000+00:00,13124836.256512,113254,3636.71820000,6061678.64829200,0
2026-06-12 02:00:00+00:00,1667.08,1678.42,1666.87,1675.59,4970.8546,2026-06-12 02:59:59.999000+00:00,8322334.877541,76396,2912.41960000,4875420.45845000,0
2026-06-12 03:00:00+00:00,1675.6,1676.6,1668.81,1673.25,3530.8234,2026-06-12 03:59:59.999000+00:00,5907392.204753,53416,2198.33560000,3678537.73838400,0
2026-06-12 04:00:00+00:00,1673.25,1682.0,1669.29,1677.47,5441.5155,2026-06-12 04:59:59.999000+00:00,9124939.86426,75044,3312.78290000,5555104.45280000,0
2026-06-12 05:00:00+00:00,1677.48,1677.86,1662.31,1664.23,7801.1597,2026-06-12 05:59:59.999000+00:00,13012810.451813,93120,3718.43240000,6201389.30031900,0
2026-06-12 06:00:00+00:00,1664.23,1666.82,1652.09,1657.34,8649.4647,2026-06-12 06:59:59.999000+00:00,14343186.287037,116036,3848.56300000,6383084.89167300,0
2026-06-12 07:00:00+00:00,1657.35,1664.99,1656.23,1662.12,8331.4353,2026-06-12 07:59:59.999000+00:00,13833722.834625,76546,4767.43260000,7916863.44994600,0
2026-06-12 08:00:00+00:00,1662.12,1678.22,1662.12,1673.53,15418.7017,2026-06-12 08:59:59.999000+00:00,25771109.916015,131424,10538.57020000,17612140.40619500,0
2026-06-12 09:00:00+00:00,1673.53,1685.65,1671.48,1680.16,8197.0023,2026-06-12 09:59:59.999000+00:00,13769912.36544,114796,4363.30820000,7329799.34969700,0
2026-06-12 10:00:00+00:00,1680.16,1683.35,1671.91,1674.85,6173.9875,2026-06-12 10:59:59.999000+00:00,10353261.699774,98037,2711.65300000,4548142.41561200,0
2026-06-12 11:00:00+00:00,1674.85,1678.51,1672.1,1673.89,3363.2193,2026-06-12 11:59:59.999000+00:00,5635365.300368,77631,1531.04840000,2565469.65353200,0
2026-06-12 12:00:00+00:00,1673.88,1673.88,1663.07,1666.54,6467.2057,2026-06-12 12:59:59.999000+00:00,10786555.291634,112130,3204.30490000,5344229.41800300,0
2026-06-12 13:00:00+00:00,1666.55,1668.91,1653.74,1657.6,11710.1544,2026-06-12 13:59:59.999000+00:00,19447418.772629,208190,5619.50810000,9329387.81390500,0
2026-06-12 14:00:00+00:00,1657.6,1685.93,1656.26,1685.64,16504.3485,2026-06-12 14:59:59.999000+00:00,27596940.848745,319148,9399.80990000,15715870.52586300,0
2026-06-12 15:00:00+00:00,1685.65,1691.07,1658.75,1660.08,28712.9287,2026-06-12 15:59:59.999000+00:00,48218267.576774,350202,13273.80560000,22304427.35992300,0
2026-06-12 16:00:00+00:00,1660.08,1675.81,1657.38,1672.9,16259.7209,2026-06-12 16:59:59.999000+00:00,27134174.658088,237025,10189.87270000,17007550.72176100,0
2026-06-12 17:00:00+00:00,1672.91,1678.1,1667.37,1668.84,9374.8496,2026-06-12 17:59:59.999000+00:00,15668068.428206,129671,4160.97270000,6957550.74296400,0
2026-06-12 18:00:00+00:00,1668.84,1673.57,1663.6,1666.87,7832.5232,2026-06-12 18:59:59.999000+00:00,13069259.883055,112309,3289.89350000,5488657.18136000,0
2026-06-12 19:00:00+00:00,1666.86,1672.47,1664.9,1665.92,8724.7737,2026-06-12 19:59:59.999000+00:00,14555122.814615,103229,3248.96020000,5420527.31118900,0
2026-06-12 20:00:00+00:00,1665.92,1667.85,1662.02,1664.92,3958.8659,2026-06-12 20:59:59.999000+00:00,6594497.077802,59251,1688.54360000,2812377.21694800,0
2026-06-12 21:00:00+00:00,1664.93,1668.01,1663.21,1664.19,3024.2087,2026-06-12 21:59:59.999000+00:00,5037423.22104,43137,1419.84270000,2364898.79191200,0
2026-06-12 22:00:00+00:00,1664.18,1667.49,1661.46,1662.6,2376.0563,2026-06-12 22:59:59.999000+00:00,3953019.310611,51975,1161.43880000,1932199.56779600,0
2026-06-12 23:00:00+00:00,1662.6,1666.41,1659.02,1666.41,2906.4389,2026-06-12 23:59:59.999000+00:00,4831069.991212,47637,1275.35010000,2120223.37890900,0
2026-06-13 00:00:00+00:00,1666.42,1669.34,1665.31,1667.47,2920.1254,2026-06-13 00:59:59.999000+00:00,4868944.670878,44694,1684.13360000,2808011.37484000,0
2026-06-13 01:00:00+00:00,1667.47,1675.9,1666.53,1674.03,5623.2701,2026-06-13 01:59:59.999000+00:00,9401124.967799,58159,3500.13540000,5850834.65137800,0
2026-06-13 02:00:00+00:00,1674.03,1674.52,1665.69,1668.02,4867.9917,2026-06-13 02:59:59.999000+00:00,8128852.680047,50971,1944.49490000,3247778.20235800,0
2026-06-13 03:00:00+00:00,1668.03,1669.57,1663.36,1665.25,2988.2057,2026-06-13 03:59:59.999000+00:00,4977312.843776,40911,1388.91890000,2313486.66717600,0
2026-06-13 04:00:00+00:00,1665.25,1668.28,1663.52,1664.51,2235.5465,2026-06-13 04:59:59.999000+00:00,3723982.985951,31942,1328.37950000,2212626.69073500,0
2026-06-13 05:00:00+00:00,1664.52,1665.61,1662.2,1665.22,3000.8241,2026-06-13 05:59:59.999000+00:00,4994273.225589,38507,1632.81330000,2717458.76559500,0
2026-06-13 06:00:00+00:00,1665.22,1670.25,1663.88,1669.7,3290.8776,2026-06-13 06:59:59.999000+00:00,5484038.839324,37774,2286.21850000,3809822.27850300,0
2026-06-13 07:00:00+00:00,1669.71,1677.74,1668.47,1676.38,7516.4797,2026-06-13 07:59:59.999000+00:00,12583495.387576,50644,4666.18180000,7811113.80052600,0
2026-06-13 08:00:00+00:00,1676.38,1679.92,1673.63,1674.57,7578.6282,2026-06-13 08:59:59.999000+00:00,12702697.72928,57120,4213.03740000,7061196.15458500,0
2026-06-13 09:00:00+00:00,1674.57,1676.3,1672.93,1673.7,3898.675,2026-06-13 09:59:59.999000+00:00,6528131.864606,40620,2340.89620000,3919719.29528300,0
2026-06-13 10:00:00+00:00,1673.7,1676.37,1672.8,1674.18,3139.3227,2026-06-13 10:59:59.999000+00:00,5256164.411419,38920,1863.19140000,3119424.93194900,0
2026-06-13 11:00:00+00:00,1674.19,1678.96,1673.55,1678.34,3875.3902,2026-06-13 11:59:59.999000+00:00,6499114.977881,41266,2299.78840000,3856891.03621000,0
2026-06-13 12:00:00+00:00,1678.33,1683.77,1676.99,1680.53,4637.8032,2026-06-13 12:59:59.999000+00:00,7789337.01359,49564,2775.18940000,4661318.96413100,0
2026-06-13 13:00:00+00:00,1680.52,1681.58,1676.69,1678.02,4422.2372,2026-06-13 13:59:59.999000+00:00,7426246.749747,54845,2345.49400000,3938984.22847100,0
2026-06-13 14:00:00+00:00,1678.02,1681.47,1677.82,1679.97,3196.0956,2026-06-13 14:59:59.999000+00:00,5368830.064575,47178,1782.48880000,2994345.00150500,0
2026-06-13 15:00:00+00:00,1679.98,1686.56,1678.5,1682.15,7674.3014,2026-06-13 15:59:59.999000+00:00,12911508.172864,84201,4160.91180000,7001395.82041200,0
2026-06-13 16:00:00+00:00,1682.14,1682.48,1671.44,1676.74,12322.1686,2026-06-13 16:59:59.999000+00:00,20640541.582448,107360,5127.39120000,8590034.70410300,0
2026-06-13 17:00:00+00:00,1676.74,1678.4,1673.23,1674.31,3585.258,2026-06-13 17:59:59.999000+00:00,6009063.627249,56233,1634.29900000,2739184.50419000,0
2026-06-13 18:00:00+00:00,1674.31,1682.63,1674.2,1678.53,2724.5849,2026-06-13 18:59:59.999000+00:00,4575675.465207,39695,1144.36700000,1921701.90598800,0
2026-06-13 19:00:00+00:00,1678.53,1680.0,1675.86,1678.29,2737.3428,2026-06-13 19:59:59.999000+00:00,4593800.149393,32428,1316.35450000,2208926.78051500,0
2026-06-13 20:00:00+00:00,1678.3,1678.3,1675.11,1676.53,2067.6627,2026-06-13 20:59:59.999000+00:00,3466894.163378,33259,1303.69490000,2185842.45332500,0
2026-06-13 21:00:00+00:00,1676.53,1697.28,1674.91,1686.44,6677.2933,2026-06-13 21:59:59.999000+00:00,11257676.382447,92778,3759.72100000,6337814.00665200,0
2026-06-13 22:00:00+00:00,1686.44,1686.65,1681.62,1681.63,3324.1624,2026-06-13 22:59:59.999000+00:00,5598041.647069,51455,1868.06900000,3146024.71109600,0
2026-06-13 23:00:00+00:00,1681.62,1684.2,1678.1,1681.18,2447.3607,2026-06-13 23:59:59.999000+00:00,4113433.101294,42455,1360.82580000,2287272.22222600,0
2026-06-14 00:00:00+00:00,1681.19,1683.52,1678.83,1681.91,2635.5197,2026-06-14 00:59:59.999000+00:00,4431260.560247,42689,1643.70660000,2763680.58973300,0
2026-06-14 01:00:00+00:00,1681.9,1690.36,1680.3,1683.99,3518.0414,2026-06-14 01:59:59.999000+00:00,5931085.370835,52127,2207.68120000,3721644.50858200,0
2026-06-14 02:00:00+00:00,1683.98,1685.7,1681.59,1682.47,1929.4039,2026-06-14 02:59:59.999000+00:00,3248085.706824,30144,1096.06090000,1845216.26506900,0
2026-06-14 03:00:00+00:00,1682.46,1683.28,1679.85,1681.73,2324.9353,2026-06-14 03:59:59.999000+00:00,3909588.273208,32885,1297.15710000,2181040.88728200,0
2026-06-14 04:00:00+00:00,1681.74,1682.66,1676.35,1677.95,3535.006,2026-06-14 04:59:59.999000+00:00,5935190.511662,38134,2191.63840000,3679828.92734200,0
2026-06-14 05:00:00+00:00,1677.95,1679.14,1674.0,1678.13,4061.9516,2026-06-14 05:59:59.999000+00:00,6811751.112626,39876,2436.10740000,4085729.62583800,0
2026-06-14 06:00:00+00:00,1678.13,1682.5,1675.3,1676.39,5066.5632,2026-06-14 06:59:59.999000+00:00,8502274.040634,48948,2949.80680000,4950227.62315500,0
2026-06-14 07:00:00+00:00,1676.4,1677.55,1673.72,1675.91,2927.6836,2026-06-14 07:59:59.999000+00:00,4905534.407328,28804,2112.42180000,3539592.63802700,0
2026-06-14 08:00:00+00:00,1675.91,1678.92,1674.73,1675.58,3088.9448,2026-06-14 08:59:59.999000+00:00,5180461.191484,27604,2246.88610000,3768459.74583700,0
2026-06-14 09:00:00+00:00,1675.58,1679.0,1669.15,1678.49,7430.344,2026-06-14 09:59:59.999000+00:00,12430280.306257,63055,2730.88810000,4570301.08382300,0
2026-06-14 10:00:00+00:00,1678.48,1678.55,1673.13,1673.13,1896.0713,2026-06-14 10:59:59.999000+00:00,3178519.524302,32334,759.44110000,1273157.99645400,0
2026-06-14 11:00:00+00:00,1673.13,1677.15,1672.36,1673.73,2400.9129,2026-06-14 11:59:59.999000+00:00,4020907.695474,29591,1125.99290000,1885913.14916600,0
2026-06-14 12:00:00+00:00,1673.73,1674.58,1665.35,1666.9,4560.2496,2026-06-14 12:59:59.999000+00:00,7615198.865771,50424,1911.70680000,3192473.61752500,0
2026-06-14 13:00:00+00:00,1666.9,1669.15,1664.5,1666.54,4290.0889,2026-06-14 13:59:59.999000+00:00,7150249.616747,54969,1804.08770000,3007088.70776800,0
2026-06-14 14:00:00+00:00,1666.53,1670.2,1654.9,1659.76,10746.8189,2026-06-14 14:59:59.999000+00:00,17847662.806165,120414,4743.79180000,7878863.62915600,0
2026-06-14 15:00:00+00:00,1659.76,1664.67,1659.6,1662.95,4335.407,2026-06-14 15:59:59.999000+00:00,7209154.216188,60421,2625.97280000,4366504.00826000,0
2026-06-14 16:00:00+00:00,1662.95,1668.57,1659.36,1661.38,6515.369,2026-06-14 16:59:59.999000+00:00,10842205.571696,59467,2823.47520000,4700420.55568600,0
2026-06-14 17:00:00+00:00,1661.37,1666.52,1660.92,1662.09,5151.4048,2026-06-14 17:59:59.999000+00:00,8571157.009422,59141,2884.34170000,4798978.50029300,0
2026-06-14 18:00:00+00:00,1662.09,1663.27,1658.95,1662.08,3057.1103,2026-06-14 18:59:59.999000+00:00,5077998.835492,41537,1590.47310000,2641854.13715900,0
2026-06-14 19:00:00+00:00,1662.07,1667.93,1661.13,1665.43,3219.0946,2026-06-14 19:59:59.999000+00:00,5362142.079956,37371,1641.61310000,2733952.98503000,0
2026-06-14 20:00:00+00:00,1665.44,1673.72,1662.67,1670.48,4358.5103,2026-06-14 20:59:59.999000+00:00,7272281.953258,49102,2444.86580000,4079737.25430400,0
2026-06-14 21:00:00+00:00,1670.48,1732.28,1669.97,1718.67,48781.2516,2026-06-14 21:59:59.999000+00:00,83337486.914776,451737,25289.78940000,43179067.00702800,0
2026-06-14 22:00:00+00:00,1718.68,1729.1,1712.34,1722.62,28043.4797,2026-06-14 22:59:59.999000+00:00,48281070.55055,332205,13297.81030000,22895532.38709600,0
2026-06-14 23:00:00+00:00,1722.62,1726.43,1716.79,1725.62,14135.7917,2026-06-14 23:59:59.999000+00:00,24352755.649847,153012,7067.06940000,12175285.02547200,0
2026-06-15 00:00:00+00:00,1725.63,1733.04,1719.78,1720.83,14570.9812,2026-06-15 00:59:59.999000+00:00,25144573.062022,107105,6592.58150000,11381136.27312400,0
2026-06-15 01:00:00+00:00,1720.83,1721.91,1709.66,1715.79,12097.9798,2026-06-15 01:59:59.999000+00:00,20757631.161305,110675,4913.68150000,8432415.66907100,0
2026-06-15 02:00:00+00:00,1715.8,1726.96,1714.23,1716.78,8966.2582,2026-06-15 02:59:59.999000+00:00,15424769.762965,85682,3764.69280000,6475855.74404000,0
2026-06-15 03:00:00+00:00,1716.78,1724.17,1715.55,1720.78,11155.8651,2026-06-15 03:59:59.999000+00:00,19198392.571367,82092,4369.51570000,7520252.02560900,0
2026-06-15 04:00:00+00:00,1720.78,1720.78,1716.0,1717.04,11426.7749,2026-06-15 04:59:59.999000+00:00,19636190.124909,71286,4030.62850000,6926301.97971800,0
2026-06-15 05:00:00+00:00,1717.05,1722.63,1715.95,1720.66,6961.6259,2026-06-15 05:59:59.999000+00:00,11966522.217281,48199,3108.11790000,5343048.19903400,0
2026-06-15 06:00:00+00:00,1720.67,1723.29,1718.25,1719.82,6607.7047,2026-06-15 06:59:59.999000+00:00,11371680.268415,51277,2508.41320000,4316958.38674800,0
2026-06-15 07:00:00+00:00,1719.82,1723.8,1716.49,1716.59,8177.2779,2026-06-15 07:59:59.999000+00:00,14062876.18081,58777,3186.04170000,5479733.42670600,0
2026-06-15 08:00:00+00:00,1716.6,1721.91,1715.6,1720.36,6027.9286,2026-06-15 08:59:59.999000+00:00,10364436.724339,51334,2617.32360000,4499783.64217300,0
2026-06-15 09:00:00+00:00,1720.35,1726.94,1712.17,1718.65,14597.5107,2026-06-15 09:59:59.999000+00:00,25091409.654166,73210,6461.77000000,11106953.96045300,0
2026-06-15 10:00:00+00:00,1718.65,1748.6,1718.27,1737.77,26756.9662,2026-06-15 10:59:59.999000+00:00,46335032.904616,131529,16267.16840000,28164137.39541900,0
2026-06-15 11:00:00+00:00,1737.77,1769.0,1734.11,1764.67,38954.8902,2026-06-15 11:59:59.999000+00:00,68344785.475173,299356,21645.61480000,37966933.86349500,0
2026-06-15 12:00:00+00:00,1764.67,1777.77,1760.28,1777.48,27438.198,2026-06-15 12:59:59.999000+00:00,48562984.925256,141252,13340.37160000,23611903.29979400,0
2026-06-15 13:00:00+00:00,1777.48,1827.67,1774.6,1814.12,70367.2004,2026-06-15 13:59:59.999000+00:00,127230062.294956,348250,35815.26510000,64676798.29073000,0
2026-06-15 14:00:00+00:00,1814.12,1818.58,1804.71,1814.55,25775.3832,2026-06-15 14:59:59.999000+00:00,46698702.561176,168485,12504.97100000,22660088.67563900,0
2026-06-15 15:00:00+00:00,1814.55,1849.54,1813.15,1845.53,47178.9802,2026-06-15 15:59:59.999000+00:00,86475848.893538,244407,24794.74220000,45453725.29658500,0
2026-06-15 16:00:00+00:00,1845.53,1847.13,1837.48,1842.85,28115.059,2026-06-15 16:59:59.999000+00:00,51789038.00695,189202,12504.26210000,23037582.41654300,0
2026-06-15 17:00:00+00:00,1842.85,1842.86,1823.58,1829.19,23706.4793,2026-06-15 17:59:59.999000+00:00,43391823.294716,153619,10938.68150000,20016245.57961100,0
2026-06-15 18:00:00+00:00,1829.19,1835.58,1825.85,1828.13,9996.5735,2026-06-15 18:59:59.999000+00:00,18294410.87573,98714,5405.78960000,9892851.16985300,0
2026-06-15 19:00:00+00:00,1828.12,1834.44,1811.66,1821.89,16646.39,2026-06-15 19:59:59.999000+00:00,30348914.345381,149205,7912.04270000,14433788.21087200,0
2026-06-15 20:00:00+00:00,1821.88,1826.62,1815.33,1816.95,8446.3884,2026-06-15 20:59:59.999000+00:00,15379231.984178,92932,4412.57100000,8035388.30123400,0
2026-06-15 21:00:00+00:00,1816.94,1822.15,1809.53,1811.35,8869.859,2026-06-15 21:59:59.999000+00:00,16107422.924297,90677,3988.59270000,7244791.69954800,0
2026-06-15 22:00:00+00:00,1811.36,1813.55,1787.0,1789.68,16216.3254,2026-06-15 22:59:59.999000+00:00,29133547.923963,168905,6882.05220000,12364569.31129700,0
2026-06-15 23:00:00+00:00,1789.69,1797.58,1782.82,1796.13,15076.6555,2026-06-15 23:59:59.999000+00:00,26995213.8378,119946,8943.55770000,16019399.93977200,0
2026-06-16 00:00:00+00:00,1796.14,1802.09,1789.0,1789.6,9861.7639,2026-06-16 00:59:59.999000+00:00,17708314.748906,93946,4712.91620000,8465369.92958800,0
2026-06-16 01:00:00+00:00,1789.59,1797.42,1789.13,1792.27,5337.8699,2026-06-16 01:59:59.999000+00:00,9576121.488784,69791,2894.58200000,5193257.19366200,0
2026-06-16 02:00:00+00:00,1792.26,1794.1,1767.4,1770.13,20732.5293,2026-06-16 02:59:59.999000+00:00,36825580.794924,136234,9028.63520000,16032627.43253600,0
2026-06-16 03:00:00+00:00,1770.13,1780.73,1764.84,1779.16,14600.4649,2026-06-16 03:59:59.999000+00:00,25907702.486601,84884,7729.60020000,13717130.43008400,0
2026-06-16 04:00:00+00:00,1779.16,1783.32,1758.0,1760.64,17722.5148,2026-06-16 04:59:59.999000+00:00,31327255.002132,98447,6365.66320000,11253192.95124400,0
2026-06-16 05:00:00+00:00,1760.65,1766.0,1760.57,1762.05,11474.8532,2026-06-16 05:59:59.999000+00:00,20234352.817264,72608,4604.17170000,8118866.81426600,0
2026-06-16 06:00:00+00:00,1762.06,1774.17,1762.06,1771.4,11200.0573,2026-06-16 06:59:59.999000+00:00,19808328.395896,68287,5170.67090000,9145877.93004100,0
2026-06-16 07:00:00+00:00,1771.41,1776.47,1769.02,1774.24,10004.5098,2026-06-16 07:59:59.999000+00:00,17736699.813692,65144,4525.32780000,8023037.91232000,0
2026-06-16 08:00:00+00:00,1774.25,1807.97,1773.25,1803.23,22080.5005,2026-06-16 08:59:59.999000+00:00,39479897.469111,207654,13202.87770000,23611471.12532700,0
2026-06-16 09:00:00+00:00,1803.23,1805.79,1787.07,1789.63,13315.7417,2026-06-16 09:59:59.999000+00:00,23898614.279214,157358,6312.65590000,11333165.67591200,0
2026-06-16 10:00:00+00:00,1789.63,1800.0,1788.61,1793.95,13040.3844,2026-06-16 10:59:59.999000+00:00,23408410.581291,120096,7545.25160000,13547060.69926800,0
2026-06-16 11:00:00+00:00,1793.95,1800.0,1790.7,1799.59,8788.3291,2026-06-16 11:59:59.999000+00:00,15779031.853069,109669,4683.68670000,8411905.21019200,0
2026-06-16 12:00:00+00:00,1799.6,1839.77,1796.71,1814.88,38221.0614,2026-06-16 12:59:59.999000+00:00,69542151.818208,378561,21340.71940000,38827237.01945500,0
2026-06-16 13:00:00+00:00,1814.89,1817.1,1791.57,1797.88,32836.3553,2026-06-16 13:59:59.999000+00:00,59216986.804971,380259,15275.93670000,27557322.18333700,0
2026-06-16 14:00:00+00:00,1797.86,1805.57,1763.36,1780.56,37636.9685,2026-06-16 14:59:59.999000+00:00,67095594.342737,432145,17353.44520000,30932170.34936100,0
2026-06-16 15:00:00+00:00,1780.56,1788.32,1774.52,1782.44,15292.7715,2026-06-16 15:59:59.999000+00:00,27243692.218923,231397,8521.63340000,15183159.66901900,0
2026-06-16 16:00:00+00:00,1782.43,1785.58,1773.03,1777.89,10107.1978,2026-06-16 16:59:59.999000+00:00,17972251.780109,160896,4598.13260000,8176335.61937500,0
2026-06-16 17:00:00+00:00,1777.9,1799.45,1777.38,1795.1,11225.1737,2026-06-16 17:59:59.999000+00:00,20082386.322777,160317,6426.36710000,11498662.52544100,0
2026-06-16 18:00:00+00:00,1795.1,1808.44,1792.58,1799.21,14940.9438,2026-06-16 18:59:59.999000+00:00,26898907.698429,173210,8005.20860000,14414545.67350000,0
2026-06-16 19:00:00+00:00,1799.2,1801.04,1790.14,1795.41,11864.4825,2026-06-16 19:59:59.999000+00:00,21306393.384812,151718,5565.34470000,9994605.54487300,0
2026-06-16 20:00:00+00:00,1795.41,1798.5,1789.53,1797.82,7360.8483,2026-06-16 20:59:59.999000+00:00,13208097.454571,91762,4013.68390000,7203056.32109600,0
2026-06-16 21:00:00+00:00,1797.82,1800.48,1790.57,1796.52,6138.1935,2026-06-16 21:59:59.999000+00:00,11022433.242686,78353,3386.06780000,6080705.01763900,0
2026-06-16 22:00:00+00:00,1796.53,1799.49,1791.03,1796.21,5783.0483,2026-06-16 22:59:59.999000+00:00,10378046.671202,72776,2841.13580000,5099037.99578300,0
2026-06-16 23:00:00+00:00,1796.22,1798.89,1791.26,1792.99,4010.9856,2026-06-16 23:59:59.999000+00:00,7198613.123031,55688,1831.53970000,3286601.85388200,0
2026-06-17 00:00:00+00:00,1793.0,1799.01,1791.95,1794.22,3837.3514,2026-06-17 00:59:59.999000+00:00,6889069.83882,73967,2130.52110000,3824830.69767100,0
2026-06-17 01:00:00+00:00,1794.22,1799.12,1778.99,1797.76,9518.8319,2026-06-17 01:59:59.999000+00:00,17025410.740582,145091,4791.85520000,8573002.81354400,0
2026-06-17 02:00:00+00:00,1797.76,1810.21,1788.78,1795.59,11539.6186,2026-06-17 02:59:59.999000+00:00,20756075.170652,150043,5932.15300000,10674237.18729100,0
2026-06-17 03:00:00+00:00,1795.59,1797.36,1787.65,1793.58,6278.7011,2026-06-17 03:59:59.999000+00:00,11253327.066116,86739,3879.31520000,6953378.74596200,0
2026-06-17 04:00:00+00:00,1793.58,1801.79,1792.0,1794.3,4566.9498,2026-06-17 04:59:59.999000+00:00,8202773.999185,63224,2806.26020000,5040838.64932100,0
2026-06-17 05:00:00+00:00,1794.3,1799.45,1789.13,1793.98,6224.9179,2026-06-17 05:59:59.999000+00:00,11167017.422797,80915,3248.51550000,5827352.73411500,0
2026-06-17 06:00:00+00:00,1793.98,1797.2,1786.44,1790.38,5350.7783,2026-06-17 06:59:59.999000+00:00,9583330.182225,89937,2783.18640000,4985008.06424900,0
2026-06-17 07:00:00+00:00,1790.38,1792.34,1778.71,1785.08,7467.6536,2026-06-17 07:59:59.999000+00:00,13337539.82517,111666,3473.71160000,6205526.65881800,0
2026-06-17 08:00:00+00:00,1785.09,1786.15,1760.4,1765.31,15038.4696,2026-06-17 08:59:59.999000+00:00,26609494.811101,188398,5586.32180000,9884354.44796300,0
2026-06-17 09:00:00+00:00,1765.3,1777.78,1765.0,1773.07,6492.4868,2026-06-17 09:59:59.999000+00:00,11502331.56257,107452,3183.26210000,5640184.38758300,0
2026-06-17 10:00:00+00:00,1773.08,1776.05,1767.14,1768.38,4720.795,2026-06-17 10:59:59.999000+00:00,8362629.872334,101987,2069.73370000,3666706.89542300,0
2026-06-17 11:00:00+00:00,1768.39,1770.77,1759.35,1763.92,8865.8541,2026-06-17 11:59:59.999000+00:00,15650017.837499,150988,3755.27280000,6629526.43386900,0
2026-06-17 12:00:00+00:00,1763.93,1765.99,1742.94,1759.44,22647.9494,2026-06-17 12:59:59.999000+00:00,39685399.500059,243198,10329.10110000,18095427.91008000,0
2026-06-17 13:00:00+00:00,1759.42,1771.91,1754.72,1761.25,20823.4439,2026-06-17 13:59:59.999000+00:00,36727694.674144,245376,8765.90750000,15458383.10228600,0
2026-06-17 14:00:00+00:00,1761.24,1765.52,1741.05,1754.96,21946.5289,2026-06-17 14:59:59.999000+00:00,38507648.190525,303653,9172.01620000,16099847.10696700,0
2026-06-17 15:00:00+00:00,1754.97,1776.94,1751.21,1773.41,16711.5499,2026-06-17 15:59:59.999000+00:00,29490397.297256,217521,7223.67590000,12757016.75756900,0
2026-06-17 16:00:00+00:00,1773.42,1791.73,1769.52,1772.02,20521.2125,2026-06-17 16:59:59.999000+00:00,36490909.441633,233325,9964.96000000,17723115.49362300,0
2026-06-17 17:00:00+00:00,1772.03,1796.08,1767.54,1789.27,12709.6191,2026-06-17 17:59:59.999000+00:00,22626817.239237,163029,5983.20120000,10653468.41132100,0
2026-06-17 18:00:00+00:00,1789.27,1789.4,1746.42,1770.32,45097.9103,2026-06-17 18:59:59.999000+00:00,79807171.301685,547194,21423.99230000,37902727.08402500,0
2026-06-17 19:00:00+00:00,1770.31,1775.85,1729.26,1734.72,48044.2229,2026-06-17 19:59:59.999000+00:00,83844508.50936,482616,19753.89070000,34512287.96645700,0
2026-06-17 20:00:00+00:00,1734.73,1747.92,1732.97,1747.36,12478.2946,2026-06-17 20:59:59.999000+00:00,21717531.900827,132213,6914.61890000,12034441.65266700,0
2026-06-17 21:00:00+00:00,1747.37,1748.01,1736.39,1738.9,6882.8113,2026-06-17 21:59:59.999000+00:00,11991747.165624,83297,3386.78290000,5900527.90617600,0
2026-06-17 22:00:00+00:00,1738.91,1746.6,1725.34,1740.31,10769.2064,2026-06-17 22:59:59.999000+00:00,18705374.102514,106297,5463.34220000,9491210.62540900,0
2026-06-17 23:00:00+00:00,1740.31,1751.66,1740.1,1750.6,5962.9002,2026-06-17 23:59:59.999000+00:00,10417878.690666,67337,4001.47640000,6990609.10239700,0
2026-06-18 00:00:00+00:00,1750.61,1759.49,1749.98,1752.97,8434.4626,2026-06-18 00:59:59.999000+00:00,14799965.624846,89917,4166.66270000,7310961.12182400,0
2026-06-18 01:00:00+00:00,1752.97,1762.99,1752.64,1754.92,6736.3083,2026-06-18 01:59:59.999000+00:00,11843825.284325,83695,3266.86830000,5744861.72731900,0
2026-06-18 02:00:00+00:00,1754.93,1759.0,1750.34,1755.85,5941.1809,2026-06-18 02:59:59.999000+00:00,10433311.385229,71078,3654.25580000,6417348.08565900,0
2026-06-18 03:00:00+00:00,1755.86,1756.26,1741.46,1744.17,9869.8515,2026-06-18 03:59:59.999000+00:00,17251515.485061,98305,5368.69350000,9385501.15822200,0
2026-06-18 04:00:00+00:00,1744.17,1745.92,1730.0,1730.64,10827.0106,2026-06-18 04:59:59.999000+00:00,18789579.769039,121564,3976.51640000,6901798.91488400,0
2026-06-18 05:00:00+00:00,1730.63,1733.0,1722.24,1730.97,9504.6066,2026-06-18 05:59:59.999000+00:00,16424218.315289,119528,4166.47130000,7199836.44861100,0
2026-06-18 06:00:00+00:00,1730.97,1736.79,1725.53,1735.56,9171.8836,2026-06-18 06:59:59.999000+00:00,15884488.976332,83853,4213.00390000,7297103.28946200,0
2026-06-18 07:00:00+00:00,1735.56,1753.29,1732.91,1749.79,14499.706,2026-06-18 07:59:59.999000+00:00,25291296.494387,90689,8104.08160000,14142157.81852500,0
2026-06-18 08:00:00+00:00,1749.8,1753.61,1743.7,1747.67,16995.3259,2026-06-18 08:59:59.999000+00:00,29716359.196345,96127,5133.55310000,8981117.54858700,0
2026-06-18 09:00:00+00:00,1747.67,1751.87,1742.53,1746.07,9188.0766,2026-06-18 09:59:59.999000+00:00,16044751.327527,89741,2861.78010000,4999443.64779000,0
2026-06-18 10:00:00+00:00,1746.07,1752.84,1739.46,1746.9,10293.2199,2026-06-18 10:59:59.999000+00:00,17950138.650728,117077,5552.46160000,9684400.36692000,0
2026-06-18 11:00:00+00:00,1746.9,1749.39,1739.11,1743.31,10599.3506,2026-06-18 11:59:59.999000+00:00,18483386.176671,118296,5736.81400000,10005663.06879800,0
2026-06-18 12:00:00+00:00,1743.31,1753.06,1741.88,1750.41,9678.6003,2026-06-18 12:59:59.999000+00:00,16920474.413382,123622,5457.73720000,9540385.46755700,0
2026-06-18 13:00:00+00:00,1750.41,1752.51,1729.08,1736.78,14466.2432,2026-06-18 13:59:59.999000+00:00,25164496.695769,219882,6752.53840000,11750771.84572300,0
2026-06-18 14:00:00+00:00,1736.78,1745.46,1729.66,1739.79,15628.5169,2026-06-18 14:59:59.999000+00:00,27152232.308769,272082,7537.49450000,13097564.59897000,0
2026-06-18 15:00:00+00:00,1739.78,1740.09,1680.0,1682.23,54756.2373,2026-06-18 15:59:59.999000+00:00,93411884.056801,516039,24778.19340000,42281443.29495500,0
2026-06-18 16:00:00+00:00,1682.23,1692.95,1680.39,1686.93,23218.7247,2026-06-18 16:59:59.999000+00:00,39176948.304728,280168,12592.53890000,21248284.68996100,0
2026-06-18 17:00:00+00:00,1686.96,1687.68,1671.79,1679.42,18337.1074,2026-06-18 17:59:59.999000+00:00,30819484.383538,200570,8282.59950000,13920438.35611100,0
2026-06-18 18:00:00+00:00,1679.41,1689.4,1676.35,1685.38,11493.0957,2026-06-18 18:59:59.999000+00:00,19344660.256259,152625,6200.05810000,10435981.74453200,0
2026-06-18 19:00:00+00:00,1685.38,1707.48,1682.78,1705.39,12972.023,2026-06-18 19:59:59.999000+00:00,22014527.50958,131475,8041.85050000,13648047.19765200,0
2026-06-18 20:00:00+00:00,1705.4,1717.23,1705.4,1710.47,10803.4729,2026-06-18 20:59:59.999000+00:00,18499246.808453,125190,5714.41840000,9784330.89246400,0
2026-06-18 21:00:00+00:00,1710.47,1711.96,1701.64,1708.39,8309.8533,2026-06-18 21:59:59.999000+00:00,14181773.01453,79019,3750.50450000,6400572.16098700,0
2026-06-18 22:00:00+00:00,1708.39,1708.56,1700.19,1706.81,5388.0262,2026-06-18 22:59:59.999000+00:00,9187192.323372,60357,2759.95220000,4706198.37443500,0
2026-06-18 23:00:00+00:00,1706.81,1712.38,1702.96,1711.11,5368.0816,2026-06-18 23:59:59.999000+00:00,9169743.230076,64067,2856.40410000,4879095.40879600,0
2026-06-19 00:00:00+00:00,1711.11,1716.3,1708.64,1713.84,5697.9599,2026-06-19 00:59:59.999000+00:00,9760041.796403,68311,3190.71780000,5466960.67939300,0
2026-06-19 01:00:00+00:00,1713.85,1719.51,1706.19,1713.5,4979.2932,2026-06-19 01:59:59.999000+00:00,8527804.658352,82762,2854.80400000,4890219.70849300,0
2026-06-19 02:00:00+00:00,1713.5,1715.21,1701.29,1707.15,7104.6248,2026-06-19 02:59:59.999000+00:00,12128873.402146,82199,2974.70530000,5078014.50821700,0
2026-06-19 03:00:00+00:00,1707.15,1708.28,1682.35,1697.69,19909.1455,2026-06-19 03:59:59.999000+00:00,33714201.321928,188243,8959.62130000,15164153.31385500,0
2026-06-19 04:00:00+00:00,1697.7,1702.97,1686.0,1689.72,9047.7131,2026-06-19 04:59:59.999000+00:00,15319157.993054,121080,3970.13080000,6728674.37067500,0
2026-06-19 05:00:00+00:00,1689.72,1697.75,1689.39,1697.51,6751.5611,2026-06-19 05:59:59.999000+00:00,11443872.052477,90767,3911.36350000,6631073.34058500,0
2026-06-19 06:00:00+00:00,1697.51,1703.4,1696.18,1700.26,5912.1887,2026-06-19 06:59:59.999000+00:00,10046560.76831,82853,3796.16540000,6451250.89341600,0
2026-06-19 07:00:00+00:00,1700.27,1700.98,1690.09,1695.82,10871.0575,2026-06-19 07:59:59.999000+00:00,18423735.683027,94374,6263.32680000,10614284.02453500,0
2026-06-19 08:00:00+00:00,1695.82,1699.11,1693.66,1697.94,4871.7774,2026-06-19 08:59:59.999000+00:00,8264563.001174,76750,2752.42900000,4669144.80553100,0
2026-06-19 09:00:00+00:00,1697.94,1699.82,1688.72,1689.2,5546.9736,2026-06-19 09:59:59.999000+00:00,9387395.202451,99120,2619.30680000,4432783.19134600,0
2026-06-19 10:00:00+00:00,1689.21,1694.67,1687.05,1692.61,5996.3839,2026-06-19 10:59:59.999000+00:00,10132585.840024,93881,2956.50860000,4996145.55910900,0
2026-06-19 11:00:00+00:00,1692.6,1694.24,1688.84,1691.74,3329.0739,2026-06-19 11:59:59.999000+00:00,5632946.295952,66330,1663.12330000,2814268.57060100,0
2026-06-19 12:00:00+00:00,1691.74,1696.12,1679.11,1695.36,9586.951,2026-06-19 12:59:59.999000+00:00,16178266.567628,153335,4559.09860000,7697665.56366900,0
2026-06-19 13:00:00+00:00,1695.37,1711.59,1687.75,1703.47,11636.3177,2026-06-19 13:59:59.999000+00:00,19781732.536699,202225,7126.80310000,12117158.35473500,0
2026-06-19 14:00:00+00:00,1703.46,1709.98,1696.51,1706.97,8226.3952,2026-06-19 14:59:59.999000+00:00,14017748.184767,142190,4595.82870000,7831391.20843900,0
2026-06-19 15:00:00+00:00,1706.96,1712.06,1698.37,1707.86,9090.8157,2026-06-19 15:59:59.999000+00:00,15500701.695735,134982,4586.46780000,7822824.47367100,0
2026-06-19 16:00:00+00:00,1707.87,1711.76,1695.09,1696.8,7276.0252,2026-06-19 16:59:59.999000+00:00,12407132.792244,122864,3863.88970000,6591199.86418400,0
2026-06-19 17:00:00+00:00,1696.8,1706.25,1693.7,1704.85,7369.5848,2026-06-19 17:59:59.999000+00:00,12528894.509643,118544,4103.43250000,6975892.70607000,0
2026-06-19 18:00:00+00:00,1704.85,1705.45,1698.3,1702.7,3812.1693,2026-06-19 18:59:59.999000+00:00,6491356.058403,66088,2080.46740000,3543038.40602900,0
2026-06-19 19:00:00+00:00,1702.69,1704.61,1698.15,1701.2,3987.7458,2026-06-19 19:59:59.999000+00:00,6784502.566629,52091,1864.36700000,3171671.45467200,0
2026-06-19 20:00:00+00:00,1701.21,1709.37,1698.89,1708.96,3414.0082,2026-06-19 20:59:59.999000+00:00,5818968.676868,55121,1945.11330000,3315643.38367000,0
2026-06-19 21:00:00+00:00,1708.97,1708.97,1701.52,1702.03,2847.9389,2026-06-19 21:59:59.999000+00:00,4856177.201414,51187,1440.35390000,2456343.97378900,0
2026-06-19 22:00:00+00:00,1702.02,1710.38,1700.45,1707.61,4493.571,2026-06-19 22:59:59.999000+00:00,7668373.622941,48942,2567.65250000,4382209.54915000,0
2026-06-19 23:00:00+00:00,1707.61,1715.0,1704.88,1711.19,3318.923,2026-06-19 23:59:59.999000+00:00,5674779.96638,45529,1895.78990000,3241993.29067300,0
2026-06-20 00:00:00+00:00,1711.18,1718.0,1708.41,1708.8,6468.2301,2026-06-20 00:59:59.999000+00:00,11073743.8558,88822,3275.52440000,5608810.20004400,0
2026-06-20 01:00:00+00:00,1708.8,1713.36,1706.62,1709.89,2947.0758,2026-06-20 01:59:59.999000+00:00,5038058.834875,53780,1451.29430000,2481083.12509500,0
2026-06-20 02:00:00+00:00,1709.89,1710.52,1704.06,1704.85,3058.5958,2026-06-20 02:59:59.999000+00:00,5219663.66647,56549,1314.92260000,2244019.59540700,0
2026-06-20 03:00:00+00:00,1704.85,1709.33,1704.56,1708.17,2012.5022,2026-06-20 03:59:59.999000+00:00,3435478.382308,33636,952.43800000,1626093.89599900,0
2026-06-20 04:00:00+00:00,1708.18,1715.47,1706.51,1713.52,4256.5601,2026-06-20 04:59:59.999000+00:00,7287996.55531,51210,2427.22830000,4155379.34532400,0
2026-06-20 05:00:00+00:00,1713.52,1733.89,1712.25,1726.1,15425.5681,2026-06-20 05:59:59.999000+00:00,26621359.232948,141099,9449.64740000,16305679.74148900,0
2026-06-20 06:00:00+00:00,1726.11,1729.84,1723.98,1727.67,4389.7401,2026-06-20 06:59:59.999000+00:00,7579622.651273,59418,2668.35260000,4607704.05235600,0
2026-06-20 07:00:00+00:00,1727.66,1729.56,1723.05,1725.82,4567.4772,2026-06-20 07:59:59.999000+00:00,7886750.715837,44896,2567.18060000,4432862.79843500,0
2026-06-20 08:00:00+00:00,1725.81,1726.9,1721.25,1722.83,4169.4426,2026-06-20 08:59:59.999000+00:00,7187464.556247,46440,2173.12580000,3745925.08563900,0
2026-06-20 09:00:00+00:00,1722.83,1730.0,1722.83,1728.47,3920.341,2026-06-20 09:59:59.999000+00:00,6770562.148686,52475,2374.78550000,4101113.24602800,0
2026-06-20 10:00:00+00:00,1728.46,1729.53,1725.26,1727.62,2117.895,2026-06-20 10:59:59.999000+00:00,3658189.357662,35169,1009.77980000,1744222.19523400,0
2026-06-20 11:00:00+00:00,1727.63,1731.76,1725.84,1727.18,3102.374,2026-06-20 11:59:59.999000+00:00,5361988.910778,33507,2102.17080000,3633579.56550800,0
2026-06-20 12:00:00+00:00,1727.18,1730.35,1723.61,1726.86,3168.5393,2026-06-20 12:59:59.999000+00:00,5472635.773352,49587,1473.52540000,2544991.40701000,0
2026-06-20 13:00:00+00:00,1726.86,1727.21,1712.81,1717.56,7508.8306,2026-06-20 13:59:59.999000+00:00,12908144.944017,105274,3200.72160000,5500806.98346600,0
2026-06-20 14:00:00+00:00,1717.56,1746.67,1708.11,1733.48,17301.3976,2026-06-20 14:59:59.999000+00:00,29883906.470053,235092,7861.69160000,13589281.40969300,0
2026-06-20 15:00:00+00:00,1733.49,1749.55,1729.44,1740.63,17584.9923,2026-06-20 15:59:59.999000+00:00,30594681.061941,194091,10355.05490000,18014372.77538400,0
2026-06-20 16:00:00+00:00,1740.63,1740.91,1730.9,1733.92,4672.2434,2026-06-20 16:59:59.999000+00:00,8105391.677899,93018,2260.92460000,3921512.53727400,0
2026-06-20 17:00:00+00:00,1733.92,1733.93,1721.03,1726.86,4887.2409,2026-06-20 17:59:59.999000+00:00,8439621.877629,99409,2290.85580000,3956044.14823700,0
2026-06-20 18:00:00+00:00,1726.87,1732.0,1726.0,1726.63,4045.8504,2026-06-20 18:59:59.999000+00:00,6992677.651547,46222,2664.03330000,4604606.80508700,0
2026-06-20 19:00:00+00:00,1726.62,1730.18,1725.24,1729.27,9864.4156,2026-06-20 19:59:59.999000+00:00,17037248.873773,55101,4339.54820000,7494800.56526400,0
2026-06-20 20:00:00+00:00,1729.27,1731.34,1726.53,1730.98,2561.062,2026-06-20 20:59:59.999000+00:00,4429783.361545,35000,1217.11420000,2105292.77867500,0
2026-06-20 21:00:00+00:00,1730.98,1738.01,1730.38,1735.33,10038.6089,2026-06-20 21:59:59.999000+00:00,17415319.723813,65372,7225.96270000,12535478.61705100,0
2026-06-20 22:00:00+00:00,1735.33,1746.17,1732.96,1743.32,13257.529,2026-06-20 22:59:59.999000+00:00,23066115.813988,116656,8504.05530000,14791582.09247600,0
2026-06-20 23:00:00+00:00,1743.32,1743.76,1740.52,1741.08,8465.3091,2026-06-20 23:59:59.999000+00:00,14746252.954275,50765,2281.45010000,3973959.48014000,0
2026-06-21 00:00:00+00:00,1741.08,1741.09,1736.19,1737.92,3498.051,2026-06-21 00:59:59.999000+00:00,6080734.967609,45764,1782.19520000,3097333.09672800,0
2026-06-21 01:00:00+00:00,1737.92,1740.0,1734.5,1737.01,2282.0442,2026-06-21 01:59:59.999000+00:00,3963359.317059,39462,1167.14850000,2027078.88557100,0
2026-06-21 02:00:00+00:00,1737.0,1738.18,1735.66,1736.09,1633.6497,2026-06-21 02:59:59.999000+00:00,2837485.390719,30178,760.68030000,1321172.79399800,0
2026-06-21 03:00:00+00:00,1736.08,1741.45,1733.51,1737.87,4072.1839,2026-06-21 03:59:59.999000+00:00,7074483.951924,58932,1562.33110000,2715363.79466800,0
2026-06-21 04:00:00+00:00,1737.88,1741.41,1731.63,1732.85,3580.8594,2026-06-21 04:59:59.999000+00:00,6217540.708559,53599,1439.45060000,2499740.18466800,0
2026-06-21 05:00:00+00:00,1732.85,1736.27,1729.8,1733.47,3450.4994,2026-06-21 05:59:59.999000+00:00,5979932.334278,49000,1578.27240000,2735469.71677400,0
2026-06-21 06:00:00+00:00,1733.46,1738.66,1732.52,1736.14,8991.4845,2026-06-21 06:59:59.999000+00:00,15594655.112409,48476,7287.05420000,12637911.08001400,0
2026-06-21 07:00:00+00:00,1736.14,1736.44,1731.79,1732.36,3125.8122,2026-06-21 07:59:59.999000+00:00,5420636.142753,27253,1078.50040000,1870228.36711700,0
2026-06-21 08:00:00+00:00,1732.36,1733.22,1724.0,1729.1,4507.568,2026-06-21 08:59:59.999000+00:00,7790969.276704,51280,1516.33920000,2620776.82323000,0
2026-06-21 09:00:00+00:00,1729.11,1734.37,1725.89,1732.78,3081.6477,2026-06-21 09:59:59.999000+00:00,5332901.64096,45914,1504.81540000,2604323.74167000,0
2026-06-21 10:00:00+00:00,1732.77,1737.02,1731.03,1731.38,3584.3482,2026-06-21 10:59:59.999000+00:00,6214185.167086,42717,1427.51010000,2474960.29310900,0
2026-06-21 11:00:00+00:00,1731.39,1734.81,1718.56,1725.36,8436.5416,2026-06-21 11:59:59.999000+00:00,14563074.356999,90458,3085.86420000,5324218.44621000,0
2026-06-21 12:00:00+00:00,1725.37,1726.93,1717.14,1726.0,8012.7232,2026-06-21 12:59:59.999000+00:00,13797195.525317,90302,3731.10870000,6424858.14865200,0
2026-06-21 13:00:00+00:00,1725.99,1728.14,1722.12,1725.15,3705.3006,2026-06-21 13:59:59.999000+00:00,6393205.412849,67021,2030.58620000,3504023.32443300,0
2026-06-21 14:00:00+00:00,1725.15,1728.46,1721.78,1728.44,3406.0189,2026-06-21 14:59:59.999000+00:00,5871641.915521,45323,1668.19100000,2876133.80741500,0
2026-06-21 15:00:00+00:00,1728.45,1732.57,1727.12,1730.72,3875.8192,2026-06-21 15:59:59.999000+00:00,6707119.265216,61289,1875.03310000,3244791.56842700,0
2026-06-21 16:00:00+00:00,1730.71,1730.71,1722.21,1728.15,5613.9679,2026-06-21 16:59:59.999000+00:00,9697499.360302,69390,2946.60520000,5090955.71602300,0
2026-06-21 17:00:00+00:00,1728.16,1731.54,1725.97,1727.36,4651.9746,2026-06-21 17:59:59.999000+00:00,8040194.848886,42560,2405.42490000,4157818.44584300,0
2026-06-21 18:00:00+00:00,1727.37,1737.81,1721.67,1735.39,7082.1654,2026-06-21 18:59:59.999000+00:00,12269300.666758,97607,3772.59400000,6535941.71192000,0
2026-06-21 19:00:00+00:00,1735.4,1739.32,1733.59,1734.14,2837.2696,2026-06-21 19:59:59.999000+00:00,4925614.287823,50890,1552.50840000,2695406.05551900,0
2026-06-21 20:00:00+00:00,1734.14,1735.34,1717.3,1721.3,5585.8071,2026-06-21 20:59:59.999000+00:00,9633688.280699,83545,2003.73130000,3456175.88813500,0
2026-06-21 21:00:00+00:00,1721.32,1724.19,1702.0,1718.6,13883.6198,2026-06-21 21:59:59.999000+00:00,23784274.200617,171722,6572.63300000,11260064.68077400,0
2026-06-21 22:00:00+00:00,1718.59,1721.38,1708.57,1717.65,6845.1093,2026-06-21 22:59:59.999000+00:00,11741204.193306,132215,3585.13660000,6150315.24163000,0
2026-06-21 23:00:00+00:00,1717.64,1717.64,1704.25,1706.94,8018.0035,2026-06-21 23:59:59.999000+00:00,13708688.732172,163702,3812.09410000,6517317.82054800,0
2026-06-22 00:00:00+00:00,1706.94,1732.2,1706.94,1726.95,10130.3805,2026-06-22 00:59:59.999000+00:00,17437982.179411,200186,5895.57360000,10147280.25992600,0
2026-06-22 01:00:00+00:00,1726.95,1759.84,1724.56,1743.82,22702.9713,2026-06-22 01:59:59.999000+00:00,39584462.230752,298475,12263.56010000,21393979.16180000,0
2026-06-22 02:00:00+00:00,1743.83,1745.28,1737.28,1737.28,6300.0591,2026-06-22 02:59:59.999000+00:00,10968981.660853,124365,3122.39190000,5437247.13239600,0
2026-06-22 03:00:00+00:00,1737.27,1740.98,1726.54,1730.0,9112.5799,2026-06-22 03:59:59.999000+00:00,15799170.475048,136645,4405.13230000,7640979.43644600,0
2026-06-22 04:00:00+00:00,1730.0,1735.96,1727.69,1735.31,6465.2801,2026-06-22 04:59:59.999000+00:00,11204224.584774,85084,3711.00570000,6431177.07705100,0
2026-06-22 05:00:00+00:00,1735.3,1739.83,1734.2,1736.85,5508.6624,2026-06-22 05:59:59.999000+00:00,9569461.532235,77339,3102.66060000,5389880.64044800,0
2026-06-22 06:00:00+00:00,1736.85,1740.21,1733.21,1735.06,6815.1664,2026-06-22 06:59:59.999000+00:00,11833287.826196,67423,3402.77050000,5908639.11487600,0
2026-06-22 07:00:00+00:00,1735.07,1751.58,1734.76,1746.34,12767.3267,2026-06-22 07:59:59.999000+00:00,22284057.288848,97472,6158.18920000,10749076.64841800,0
2026-06-22 08:00:00+00:00,1746.34,1752.23,1743.56,1747.79,6440.1179,2026-06-22 08:59:59.999000+00:00,11255902.615422,94623,3346.23860000,5848925.18208400,0
2026-06-22 09:00:00+00:00,1747.8,1750.38,1743.75,1746.2,7565.4243,2026-06-22 09:59:59.999000+00:00,13219745.391419,72225,2669.37920000,4664272.59397100,0
2026-06-22 10:00:00+00:00,1746.19,1751.58,1745.23,1748.81,3656.4425,2026-06-22 10:59:59.999000+00:00,6394832.656751,56979,1925.31400000,3367321.23285300,0
2026-06-22 11:00:00+00:00,1748.81,1774.7,1747.48,1767.68,22291.9665,2026-06-22 11:59:59.999000+00:00,39257501.969631,200411,12280.95390000,21622722.48434900,0
2026-06-22 12:00:00+00:00,1767.68,1772.0,1761.29,1764.0,13529.9672,2026-06-22 12:59:59.999000+00:00,23892091.394176,155915,7207.12710000,12727823.62013100,0
2026-06-22 13:00:00+00:00,1764.0,1779.9,1762.06,1777.51,20616.359,2026-06-22 13:59:59.999000+00:00,36529613.171391,230460,10976.68000000,19452458.08689900,0
2026-06-22 14:00:00+00:00,1777.52,1778.0,1749.85,1754.61,17137.5904,2026-06-22 14:59:59.999000+00:00,30172868.162802,248815,7640.27790000,13450554.57048400,0
2026-06-22 15:00:00+00:00,1754.62,1758.06,1742.41,1744.74,13111.6886,2026-06-22 15:59:59.999000+00:00,22968301.810061,192411,5054.71970000,8855478.15546200,0
2026-06-22 16:00:00+00:00,1744.75,1746.29,1733.71,1740.1,17031.0108,2026-06-22 16:59:59.999000+00:00,29628296.566745,200778,7867.15560000,13686017.01534100,0
2026-06-22 17:00:00+00:00,1740.1,1743.12,1731.32,1740.93,9084.9434,2026-06-22 17:59:59.999000+00:00,15779884.231678,115330,5401.00210000,9380595.72297300,0
2026-06-22 18:00:00+00:00,1740.92,1747.7,1729.42,1733.51,12571.1935,2026-06-22 18:59:59.999000+00:00,21854992.770981,120938,5391.79850000,9372556.63062400,0
2026-06-22 19:00:00+00:00,1733.51,1736.82,1729.15,1734.59,10968.9943,2026-06-22 19:59:59.999000+00:00,19008158.890736,124652,5129.48940000,8888899.60919300,0
2026-06-22 20:00:00+00:00,1734.59,1740.07,1731.14,1734.61,5535.2997,2026-06-22 20:59:59.999000+00:00,9606203.297423,68106,3039.93390000,5276043.72327100,0
2026-06-22 21:00:00+00:00,1734.61,1737.53,1726.83,1732.74,5705.2922,2026-06-22 21:59:59.999000+00:00,9884344.419207,78839,3255.73080000,5640593.32276400,0
2026-06-22 22:00:00+00:00,1732.74,1735.93,1717.02,1724.15,11341.6732,2026-06-22 22:59:59.999000+00:00,19549191.318841,164426,5169.09540000,8911443.33030800,0
2026-06-22 23:00:00+00:00,1724.16,1730.6,1721.38,1728.19,6266.7921,2026-06-22 23:59:59.999000+00:00,10817362.343878,91146,3636.85620000,6277861.99323600,0
2026-06-23 00:00:00+00:00,1728.19,1731.74,1719.75,1731.27,5627.0099,2026-06-23 00:59:59.999000+00:00,9712868.078773,109838,2956.94630000,5105891.37702800,0
2026-06-23 01:00:00+00:00,1731.26,1736.25,1721.22,1730.61,5962.0236,2026-06-23 01:59:59.999000+00:00,10311293.35905,117194,3414.95190000,5907568.66270800,0
2026-06-23 02:00:00+00:00,1730.61,1735.04,1726.36,1732.65,3137.1425,2026-06-23 02:59:59.999000+00:00,5432562.81924,79368,1851.98700000,3207846.67541500,0
2026-06-23 03:00:00+00:00,1732.65,1733.11,1725.98,1729.9,4003.4996,2026-06-23 03:59:59.999000+00:00,6920648.244729,63764,1838.81250000,3178873.59182400,0
2026-06-23 04:00:00+00:00,1729.91,1731.25,1717.75,1719.07,5982.7941,2026-06-23 04:59:59.999000+00:00,10314170.35826,79456,1953.28300000,3367262.92430100,0
2026-06-23 05:00:00+00:00,1719.07,1721.38,1710.5,1713.44,9724.8299,2026-06-23 05:59:59.999000+00:00,16680591.033176,157876,4375.28340000,7505920.40249900,0
2026-06-23 06:00:00+00:00,1713.51,1713.7,1680.52,1692.29,25365.4413,2026-06-23 06:59:59.999000+00:00,42959622.802737,304222,11157.40310000,18883133.18590100,0
2026-06-23 07:00:00+00:00,1692.3,1696.47,1682.34,1683.01,10843.585,2026-06-23 07:59:59.999000+00:00,18328852.745735,127090,5979.07600000,10107731.31979100,0
2026-06-23 08:00:00+00:00,1683.02,1684.8,1635.65,1648.48,45421.5785,2026-06-23 08:59:59.999000+00:00,75231015.107223,445780,22042.36970000,36481311.62796400,0
2026-06-23 09:00:00+00:00,1648.47,1654.39,1648.15,1650.97,9665.8399,2026-06-23 09:59:59.999000+00:00,15963634.267298,100464,3729.73310000,6159599.40360900,0
2026-06-23 10:00:00+00:00,1650.97,1658.91,1649.37,1652.65,7703.6216,2026-06-23 10:59:59.999000+00:00,12742028.058065,101588,3637.35960000,6017018.57212400,0
2026-06-23 11:00:00+00:00,1652.65,1663.9,1652.65,1660.9,8465.12,2026-06-23 11:59:59.999000+00:00,14046778.012205,100270,4917.39870000,8158685.21272000,0
2026-06-23 12:00:00+00:00,1660.9,1662.59,1653.6,1654.53,8770.3273,2026-06-23 12:59:59.999000+00:00,14537900.528599,117010,3619.19390000,5999714.68575300,0
2026-06-23 13:00:00+00:00,1654.54,1664.13,1645.52,1662.83,18188.6396,2026-06-23 13:59:59.999000+00:00,30083812.083737,293756,7760.92200000,12843397.20828900,0
2026-06-23 14:00:00+00:00,1662.82,1672.0,1658.04,1662.1,11900.4381,2026-06-23 14:59:59.999000+00:00,19808136.879351,262968,6037.78350000,10050535.70277600,0
2026-06-23 15:00:00+00:00,1662.1,1663.39,1651.39,1659.78,9981.5495,2026-06-23 15:59:59.999000+00:00,16534937.646122,161564,4807.36290000,7964410.82555900,0
2026-06-23 16:00:00+00:00,1659.78,1673.89,1656.99,1659.35,16753.287,2026-06-23 16:59:59.999000+00:00,27882412.397856,154903,8766.92200000,14590271.49226100,0
2026-06-23 17:00:00+00:00,1659.34,1664.87,1654.67,1656.85,5433.1762,2026-06-23 17:59:59.999000+00:00,9015194.023484,105920,2699.50320000,4479107.85986200,0
2026-06-23 18:00:00+00:00,1656.86,1660.64,1650.0,1655.53,9237.5786,2026-06-23 18:59:59.999000+00:00,15293802.98548,118813,5068.29060000,8393065.08707100,0
2026-06-23 19:00:00+00:00,1655.53,1663.97,1655.47,1662.58,7258.075,2026-06-23 19:59:59.999000+00:00,12048293.599488,124349,3721.06790000,6176807.07345900,0
2026-06-23 20:00:00+00:00,1662.57,1667.64,1661.42,1664.13,5425.2313,2026-06-23 20:59:59.999000+00:00,9029075.192325,75904,3014.46980000,5017208.78326000,0
2026-06-23 21:00:00+00:00,1664.12,1668.37,1663.52,1666.75,3885.2737,2026-06-23 21:59:59.999000+00:00,6473660.762349,62024,2135.27120000,3557713.11712700,0
2026-06-23 22:00:00+00:00,1666.74,1672.92,1663.0,1664.67,4377.063,2026-06-23 22:59:59.999000+00:00,7298017.739748,68780,2400.85410000,4003433.58283100,0
2026-06-23 23:00:00+00:00,1664.67,1669.55,1660.27,1667.13,5148.8868,2026-06-23 23:59:59.999000+00:00,8567779.318936,82378,2747.28440000,4571757.99249600,0
2026-06-24 00:00:00+00:00,1667.13,1674.72,1666.75,1671.37,4670.7478,2026-06-24 00:59:59.999000+00:00,7802184.909044,127052,2448.29060000,4089894.42019600,0
2026-06-24 01:00:00+00:00,1671.37,1680.46,1666.12,1672.71,6893.0807,2026-06-24 01:59:59.999000+00:00,11536959.421673,141873,3687.37620000,6173042.35500800,0
2026-06-24 02:00:00+00:00,1672.71,1673.62,1663.53,1664.03,4564.5059,2026-06-24 02:59:59.999000+00:00,7612749.890462,98631,2104.89380000,3510683.56556400,0
2026-06-24 03:00:00+00:00,1664.03,1670.09,1658.18,1666.67,6262.17,2026-06-24 03:59:59.999000+00:00,10420911.505237,58133,3053.35260000,5081961.69990800,0
2026-06-24 04:00:00+00:00,1666.67,1671.01,1658.22,1669.0,6413.2087,2026-06-24 04:59:59.999000+00:00,10679701.830381,52435,2614.01130000,4353336.62175300,0
2026-06-24 05:00:00+00:00,1669.0,1679.57,1667.8,1674.48,6618.8595,2026-06-24 05:59:59.999000+00:00,11083008.862675,46833,3657.15550000,6122801.40671100,0
2026-06-24 06:00:00+00:00,1674.48,1677.0,1670.54,1674.89,5038.4681,2026-06-24 06:59:59.999000+00:00,8437786.690857,44041,2588.22600000,4334969.70044200,0
2026-06-24 07:00:00+00:00,1674.89,1678.53,1670.94,1673.12,6333.9631,2026-06-24 07:59:59.999000+00:00,10602410.526256,92098,3335.78870000,5583936.93921700,0
2026-06-24 08:00:00+00:00,1673.13,1675.2,1669.23,1673.28,5571.6204,2026-06-24 08:59:59.999000+00:00,9319037.201599,70359,3317.15730000,5548416.91381800,0
2026-06-24 09:00:00+00:00,1673.28,1673.38,1665.29,1667.15,6153.8632,2026-06-24 09:59:59.999000+00:00,10267309.923124,82763,3245.22280000,5413849.67702900,0
2026-06-24 10:00:00+00:00,1667.14,1668.0,1662.88,1663.69,7390.6395,2026-06-24 10:59:59.999000+00:00,12310679.372057,100311,4321.85970000,7199137.40436000,0
2026-06-24 11:00:00+00:00,1663.68,1693.67,1655.76,1679.57,14579.9312,2026-06-24 11:59:59.999000+00:00,24386813.15068,196962,7886.42140000,13194742.81755500,0
2026-06-24 12:00:00+00:00,1679.57,1681.29,1670.52,1671.53,8195.6948,2026-06-24 12:59:59.999000+00:00,13742797.529493,144530,4005.35140000,6717711.14280600,0
2026-06-24 13:00:00+00:00,1671.53,1672.17,1641.44,1645.43,27387.7547,2026-06-24 13:59:59.999000+00:00,45259783.651023,511529,13117.73400000,21674417.66046300,0
2026-06-24 14:00:00+00:00,1645.42,1657.4,1638.14,1647.26,23273.2898,2026-06-24 14:59:59.999000+00:00,38333094.305406,397358,11379.47200000,18747491.78806400,0
2026-06-24 15:00:00+00:00,1647.27,1651.24,1616.8,1618.08,29543.9569,2026-06-24 15:59:59.999000+00:00,48219204.546987,429657,11936.38870000,19484808.27394600,0
2026-06-24 16:00:00+00:00,1618.08,1636.08,1585.2,1589.87,48596.7881,2026-06-24 16:59:59.999000+00:00,78254187.83027,539206,22971.32360000,37010266.94831200,0
2026-06-24 17:00:00+00:00,1589.86,1597.83,1552.95,1560.66,44350.5832,2026-06-24 17:59:59.999000+00:00,69808503.648534,694121,20049.07140000,31561347.85079400,0
2026-06-24 18:00:00+00:00,1560.66,1585.11,1556.86,1572.26,27727.0215,2026-06-24 18:59:59.999000+00:00,43596798.469036,412201,14079.68830000,22140262.59981000,0
2026-06-24 19:00:00+00:00,1572.27,1585.39,1567.12,1584.58,14632.3502,2026-06-24 19:59:59.999000+00:00,23069890.180362,232394,8906.56940000,14045934.18604500,0
2026-06-24 20:00:00+00:00,1584.59,1622.12,1580.0,1613.63,23963.5871,2026-06-24 20:59:59.999000+00:00,38537884.744244,399980,13697.61110000,22023502.51343200,0
2026-06-24 21:00:00+00:00,1613.63,1621.81,1606.09,1621.37,10321.2757,2026-06-24 21:59:59.999000+00:00,16654218.726282,141364,6017.20620000,9710919.57697900,0
2026-06-24 22:00:00+00:00,1621.37,1629.82,1613.65,1615.46,11234.9187,2026-06-24 22:59:59.999000+00:00,18200425.96446,144983,5296.77250000,8583017.84037700,0
2026-06-24 23:00:00+00:00,1615.45,1623.46,1613.75,1622.17,6010.0615,2026-06-24 23:59:59.999000+00:00,9729965.065003,95285,3475.29510000,5626402.30659400,0
2026-06-25 00:00:00+00:00,1622.18,1626.51,1616.56,1619.12,10082.8277,2026-06-25 00:59:59.999000+00:00,16343599.415342,141681,5030.74570000,8154311.71059800,0
2026-06-25 01:00:00+00:00,1619.12,1624.24,1614.69,1620.72,5059.8255,2026-06-25 01:59:59.999000+00:00,8194012.823726,109141,2508.00680000,4061852.06660400,0
2026-06-25 02:00:00+00:00,1620.73,1621.47,1615.04,1621.0,3603.6797,2026-06-25 02:59:59.999000+00:00,5832603.975601,76255,1875.70600000,3036024.34405900,0
2026-06-25 03:00:00+00:00,1621.01,1624.12,1616.23,1619.6,5190.7625,2026-06-25 03:59:59.999000+00:00,8407364.212533,82614,2266.11250000,3670529.15854900,0
2026-06-25 04:00:00+00:00,1619.61,1636.52,1617.12,1635.03,10616.0313,2026-06-25 04:59:59.999000+00:00,17267857.603805,117483,6259.40470000,10184611.81282400,0
2026-06-25 05:00:00+00:00,1635.04,1652.23,1633.58,1645.89,29374.7463,2026-06-25 05:59:59.999000+00:00,48336952.152088,226731,17447.00960000,28707066.37244300,0
2026-06-25 06:00:00+00:00,1645.89,1660.54,1644.15,1653.95,13089.7778,2026-06-25 06:59:59.999000+00:00,21616653.58787,135861,8186.26780000,13518878.98126500,0
2026-06-25 07:00:00+00:00,1653.95,1659.89,1651.22,1657.19,10508.2479,2026-06-25 07:59:59.999000+00:00,17394718.63008,118583,5818.30980000,9631499.86935800,0
2026-06-25 08:00:00+00:00,1657.2,1658.98,1651.03,1652.92,5137.7257,2026-06-25 08:59:59.999000+00:00,8495559.053666,71450,2427.80020000,4014338.83711100,0
2026-06-25 09:00:00+00:00,1652.93,1655.41,1646.62,1648.88,5291.9171,2026-06-25 09:59:59.999000+00:00,8731909.079111,64493,2916.49480000,4813081.78078600,0
2026-06-25 10:00:00+00:00,1648.89,1649.83,1633.6,1636.58,12280.2774,2026-06-25 10:59:59.999000+00:00,20159810.138881,97898,6522.94880000,10711530.89135100,0
2026-06-25 11:00:00+00:00,1636.58,1639.17,1628.05,1633.27,21315.38,2026-06-25 11:59:59.999000+00:00,34789632.197781,182482,13413.39530000,21892852.12214600,0
2026-06-25 12:00:00+00:00,1633.28,1650.38,1624.71,1635.81,14082.1411,2026-06-25 12:59:59.999000+00:00,23049970.482293,134433,6998.42490000,11452798.66695200,0
2026-06-25 13:00:00+00:00,1635.82,1640.98,1532.9,1538.15,69978.661,2026-06-25 13:59:59.999000+00:00,110126262.38279,603953,31572.74830000,49674977.20816200,0
2026-06-25 14:00:00+00:00,1538.15,1593.07,1538.15,1568.37,74239.2585,2026-06-25 14:59:59.999000+00:00,116265526.444357,793058,39541.20660000,61937832.95566500,0
2026-06-25 15:00:00+00:00,1568.37,1573.55,1544.68,1570.01,40193.9689,2026-06-25 15:59:59.999000+00:00,62716373.457562,349757,21219.88060000,33119135.16848000,0
2026-06-25 16:00:00+00:00,1570.01,1587.7,1558.17,1562.04,27455.6057,2026-06-25 16:59:59.999000+00:00,43189238.437771,245000,16353.42160000,25735463.93893300,0
2026-06-25 17:00:00+00:00,1562.04,1575.43,1557.56,1574.92,16173.2073,2026-06-25 17:59:59.999000+00:00,25377763.041316,197128,9191.48700000,14423608.54013200,0
2026-06-25 18:00:00+00:00,1574.92,1577.49,1560.0,1567.56,15081.155,2026-06-25 18:59:59.999000+00:00,23657584.112519,152109,8456.42040000,13266289.24917100,0
2026-06-25 19:00:00+00:00,1567.56,1567.83,1554.6,1559.42,11610.4484,2026-06-25 19:59:59.999000+00:00,18109434.285576,119693,5546.10600000,8649800.05474900,0
2026-06-25 20:00:00+00:00,1559.41,1570.74,1556.73,1560.33,9081.7274,2026-06-25 20:59:59.999000+00:00,14203307.62696,91234,5113.88750000,7996229.97693200,0
2026-06-25 21:00:00+00:00,1560.33,1583.09,1560.14,1580.77,11363.3588,2026-06-25 21:59:59.999000+00:00,17855485.97891,122961,6789.32670000,10665025.63751800,0
2026-06-25 22:00:00+00:00,1580.76,1583.65,1566.62,1570.3,10594.8086,2026-06-25 22:59:59.999000+00:00,16660815.736335,129542,5673.28290000,8921667.62147200,0
2026-06-25 23:00:00+00:00,1570.29,1579.82,1564.57,1567.84,9265.4654,2026-06-25 23:59:59.999000+00:00,14582523.694021,91040,5118.63410000,8057586.12705200,0
2026-06-26 00:00:00+00:00,1567.86,1571.78,1563.69,1564.72,4929.4635,2026-06-26 00:59:59.999000+00:00,7732219.973704,102203,2445.93180000,3837162.15084900,0
2026-06-26 01:00:00+00:00,1564.73,1568.65,1555.33,1560.13,7050.3691,2026-06-26 01:59:59.999000+00:00,11002931.764973,120243,2955.44560000,4612567.28259600,0
2026-06-26 02:00:00+00:00,1560.13,1560.94,1520.0,1524.7,35180.3739,2026-06-26 02:59:59.999000+00:00,53920183.490417,350291,15735.00810000,24108573.45586400,0
2026-06-26 03:00:00+00:00,1524.7,1563.65,1512.0,1557.93,36405.7942,2026-06-26 03:59:59.999000+00:00,55833164.78089,311444,19035.75600000,29240145.08181000,0
2026-06-26 04:00:00+00:00,1557.93,1560.7,1547.41,1549.79,8921.6847,2026-06-26 04:59:59.999000+00:00,13860407.058772,125804,4776.78690000,7423167.04383900,0
2026-06-26 05:00:00+00:00,1549.8,1559.22,1548.4,1555.69,11399.796,2026-06-26 05:59:59.999000+00:00,17717694.473139,88504,6058.17810000,9413655.36474600,0
2026-06-26 06:00:00+00:00,1555.68,1574.02,1543.43,1570.99,15077.4482,2026-06-26 06:59:59.999000+00:00,23491105.690029,142793,7245.93410000,11294088.23649300,0
2026-06-26 07:00:00+00:00,1571.0,1586.5,1570.65,1581.12,33337.5574,2026-06-26 07:59:59.999000+00:00,52696883.078562,164019,20980.85120000,33161224.91530400,0
2026-06-26 08:00:00+00:00,1581.12,1582.43,1563.55,1566.43,27853.2557,2026-06-26 08:59:59.999000+00:00,43777939.32111,159295,13798.31390000,21692475.54158700,0
2026-06-26 09:00:00+00:00,1566.44,1567.28,1549.33,1552.99,16726.1838,2026-06-26 09:59:59.999000+00:00,26098137.094057,180031,7169.80140000,11189232.40403300,0
2026-06-26 10:00:00+00:00,1552.99,1556.15,1545.0,1548.37,10405.9714,2026-06-26 10:59:59.999000+00:00,16139792.506574,124521,5233.47920000,8116871.27161300,0
2026-06-26 11:00:00+00:00,1548.36,1555.2,1541.01,1545.14,15853.2916,2026-06-26 11:59:59.999000+00:00,24540006.38568,163091,6026.53840000,9329446.28511900,0
2026-06-26 12:00:00+00:00,1545.15,1560.61,1527.81,1536.28,20616.5501,2026-06-26 12:59:59.999000+00:00,31781848.695117,276002,10714.00510000,16516236.97503800,0
2026-06-26 13:00:00+00:00,1536.29,1571.4,1521.54,1569.4,35433.1384,2026-06-26 13:59:59.999000+00:00,54726559.14536,315613,19166.32700000,29608820.35898700,0
2026-06-26 14:00:00+00:00,1569.4,1575.36,1553.66,1559.98,33128.1114,2026-06-26 14:59:59.999000+00:00,51815499.485896,353398,17557.14810000,27462827.55319300,0
2026-06-26 15:00:00+00:00,1559.98,1588.23,1559.56,1580.14,30928.0575,2026-06-26 15:59:59.999000+00:00,48810366.690973,288175,16380.17170000,25841535.55113700,0
2026-06-26 16:00:00+00:00,1580.13,1594.7,1572.44,1577.84,19277.1459,2026-06-26 16:59:59.999000+00:00,30502898.49313,186783,10235.67300000,16199138.00223900,0
2026-06-26 17:00:00+00:00,1577.83,1589.03,1576.59,1581.92,14613.1395,2026-06-26 17:59:59.999000+00:00,23146163.172901,127260,8030.58510000,12719817.10082100,0
2026-06-26 18:00:00+00:00,1581.91,1585.51,1570.32,1573.34,9649.542,2026-06-26 18:59:59.999000+00:00,15219034.568845,97202,5001.18530000,7886445.84238800,0
2026-06-26 19:00:00+00:00,1573.35,1584.2,1570.5,1574.51,10709.8894,2026-06-26 19:59:59.999000+00:00,16909320.865013,109728,5419.54380000,8554830.62519700,0
2026-06-26 20:00:00+00:00,1574.51,1583.4,1568.0,1571.03,12801.7066,2026-06-26 20:59:59.999000+00:00,20149949.647443,107073,7345.25560000,11563064.05914800,0
2026-06-26 21:00:00+00:00,1571.02,1579.4,1568.43,1575.18,5129.5189,2026-06-26 21:59:59.999000+00:00,8073385.099061,46022,3043.09970000,4789338.37666300,0
2026-06-26 22:00:00+00:00,1575.17,1579.45,1569.44,1577.95,4444.5729,2026-06-26 22:59:59.999000+00:00,6997929.307435,43482,2393.85010000,3769573.38960900,0
2026-06-26 23:00:00+00:00,1577.94,1580.76,1574.44,1578.68,3818.8772,2026-06-26 23:59:59.999000+00:00,6026653.061491,27605,2385.40030000,3764701.01893200,0
2026-06-27 00:00:00+00:00,1578.68,1582.07,1571.55,1576.82,3878.2438,2026-06-27 00:59:59.999000+00:00,6113073.308438,44994,1791.62130000,2824772.09801200,0
2026-06-27 01:00:00+00:00,1576.83,1577.7,1574.0,1576.01,1579.7964,2026-06-27 01:59:59.999000+00:00,2489634.045654,33257,810.08640000,1276727.47698600,0
2026-06-27 02:00:00+00:00,1576.0,1587.17,1574.64,1583.13,5372.9276,2026-06-27 02:59:59.999000+00:00,8506992.831208,71791,3396.66380000,5377303.98496000,0
2026-06-27 03:00:00+00:00,1583.13,1585.09,1578.41,1580.62,8297.5749,2026-06-27 03:59:59.999000+00:00,13122287.665677,54522,2311.93990000,3655874.23542600,0
2026-06-27 04:00:00+00:00,1580.62,1585.22,1579.0,1579.48,3722.0811,2026-06-27 04:59:59.999000+00:00,5890313.957846,39256,1634.18090000,2586625.12013100,0
2026-06-27 05:00:00+00:00,1579.48,1581.12,1577.0,1578.65,4219.369,2026-06-27 05:59:59.999000+00:00,6663587.318971,30181,1587.29670000,2506813.78603900,0
2026-06-27 06:00:00+00:00,1578.66,1584.61,1575.2,1582.71,3621.2467,2026-06-27 06:59:59.999000+00:00,5722785.847219,32595,1917.34970000,3030759.33178800,0
2026-06-27 07:00:00+00:00,1582.71,1586.38,1580.39,1585.71,3657.5886,2026-06-27 07:59:59.999000+00:00,5791102.903385,36508,1976.59150000,3129722.44171100,0
2026-06-27 08:00:00+00:00,1585.72,1585.95,1582.05,1584.18,5115.6115,2026-06-27 08:59:59.999000+00:00,8102064.517897,43737,1857.04810000,2940899.93544600,0
2026-06-27 09:00:00+00:00,1584.18,1584.91,1579.39,1582.93,3278.6379,2026-06-27 09:59:59.999000+00:00,5186230.793281,36439,1289.48510000,2039865.22216600,0
2026-06-27 10:00:00+00:00,1582.93,1584.97,1582.18,1584.31,2292.3254,2026-06-27 10:59:59.999000+00:00,3630344.148595,20654,1268.24060000,2008581.25662600,0
2026-06-27 11:00:00+00:00,1584.31,1585.12,1579.0,1584.0,2769.0168,2026-06-27 11:59:59.999000+00:00,4380765.256652,25031,1556.56030000,2462561.37954800,0
2026-06-27 12:00:00+00:00,1584.0,1586.49,1581.42,1585.95,3471.4236,2026-06-27 12:59:59.999000+00:00,5498753.063537,25937,2156.84580000,3416796.88570100,0
2026-06-27 13:00:00+00:00,1585.95,1593.23,1584.98,1592.3,8300.5495,2026-06-27 13:59:59.999000+00:00,13186144.613478,74114,5341.64810000,8484877.33058700,0
2026-06-27 14:00:00+00:00,1592.31,1598.88,1589.49,1594.68,7439.2954,2026-06-27 14:59:59.999000+00:00,11861726.53504,82371,4366.62420000,6962663.84762700,0
2026-06-27 15:00:00+00:00,1594.68,1611.02,1594.09,1605.68,14977.0937,2026-06-27 15:59:59.999000+00:00,24027135.08083,101056,9681.68730000,15529888.92032000,0
2026-06-27 16:00:00+00:00,1605.68,1607.92,1601.7,1606.97,4657.1413,2026-06-27 16:59:59.999000+00:00,7472609.006643,63897,2315.74440000,3716010.94908200,0
2026-06-27 17:00:00+00:00,1606.98,1607.1,1588.6,1591.42,10759.7153,2026-06-27 17:59:59.999000+00:00,17155505.408079,87328,4657.78070000,7425794.26724600,0
2026-06-27 18:00:00+00:00,1591.42,1594.7,1589.2,1593.92,2775.8577,2026-06-27 18:59:59.999000+00:00,4419335.157371,48362,1251.59010000,1992918.72227400,0
2026-06-27 19:00:00+00:00,1593.91,1595.25,1573.36,1578.51,11430.8918,2026-06-27 19:59:59.999000+00:00,18060519.361371,108565,6146.66450000,9706957.00502000,0
2026-06-27 20:00:00+00:00,1578.51,1583.24,1578.48,1581.48,2379.6934,2026-06-27 20:59:59.999000+00:00,3762895.765687,26294,1295.05330000,2047728.49958100,0
2026-06-27 21:00:00+00:00,1581.48,1585.69,1573.93,1575.38,5770.0474,2026-06-27 21:59:59.999000+00:00,9117952.334598,39498,3203.09910000,5063039.86146300,0
2026-06-27 22:00:00+00:00,1575.38,1579.56,1562.86,1578.98,7609.1967,2026-06-27 22:59:59.999000+00:00,11961164.852582,88917,3622.13240000,5693312.89539900,0
2026-06-27 23:00:00+00:00,1578.98,1581.58,1570.55,1573.99,4217.0343,2026-06-27 23:59:59.999000+00:00,6644715.878691,66520,1950.25150000,3073994.76264300,0
2026-06-28 00:00:00+00:00,1574.0,1578.08,1572.71,1574.75,2955.0191,2026-06-28 00:59:59.999000+00:00,4655738.343571,31312,1257.93520000,1981996.92812900,0
2026-06-28 01:00:00+00:00,1574.74,1576.95,1570.0,1575.11,3504.1895,2026-06-28 01:59:59.999000+00:00,5515996.785182,31449,1558.02140000,2451804.19648100,0
2026-06-28 02:00:00+00:00,1575.11,1580.05,1569.07,1572.0,4027.3051,2026-06-28 02:59:59.999000+00:00,6339079.377529,50084,1566.88460000,2467242.22546100,0
2026-06-28 03:00:00+00:00,1572.01,1576.11,1572.01,1575.08,1672.754,2026-06-28 03:59:59.999000+00:00,2633274.879493,28751,761.67520000,1199058.63638200,0
2026-06-28 04:00:00+00:00,1575.08,1577.34,1570.64,1574.32,3089.3636,2026-06-28 04:59:59.999000+00:00,4864161.610929,41056,1566.82440000,2466616.09208400,0
2026-06-28 05:00:00+00:00,1574.32,1574.33,1564.33,1569.17,6581.5522,2026-06-28 05:59:59.999000+00:00,10322598.375725,84188,2895.08990000,4540689.75933200,0
2026-06-28 06:00:00+00:00,1569.18,1570.65,1562.41,1567.84,5839.1572,2026-06-28 06:59:59.999000+00:00,9147895.074422,72967,3355.23070000,5256600.62291000,0
2026-06-28 07:00:00+00:00,1567.85,1577.13,1567.84,1575.96,5527.1852,2026-06-28 07:59:59.999000+00:00,8694687.816686,46043,4084.71870000,6424790.43805800,0
2026-06-28 08:00:00+00:00,1575.96,1585.32,1573.75,1581.58,8339.7096,2026-06-28 08:59:59.999000+00:00,13180926.353965,70481,4375.07320000,6917067.99906500,0
2026-06-28 09:00:00+00:00,1581.58,1586.35,1578.37,1579.09,6148.2754,2026-06-28 09:59:59.999000+00:00,9726242.940607,50064,3613.83600000,5717422.81409700,0
2026-06-28 10:00:00+00:00,1579.08,1581.42,1572.23,1577.16,5257.7219,2026-06-28 10:59:59.999000+00:00,8290294.904813,35607,1968.07490000,3103964.24938600,0
2026-06-28 11:00:00+00:00,1577.16,1584.0,1575.9,1582.87,4122.2234,2026-06-28 11:59:59.999000+00:00,6515638.892907,39752,1990.05270000,3145311.82736000,0
2026-06-28 12:00:00+00:00,1582.86,1588.82,1578.21,1583.56,8975.4982,2026-06-28 12:59:59.999000+00:00,14203474.266382,70298,5133.13670000,8124345.83067500,0
2026-06-28 13:00:00+00:00,1583.56,1583.85,1575.04,1579.68,4303.2526,2026-06-28 13:59:59.999000+00:00,6798912.731576,52976,2072.62220000,3274825.91207900,0
2026-06-28 14:00:00+00:00,1579.68,1586.36,1577.92,1581.56,4893.5491,2026-06-28 14:59:59.999000+00:00,7744239.139501,58961,2651.37300000,4196647.61519100,0
2026-06-28 15:00:00+00:00,1581.55,1585.36,1577.2,1580.89,5502.2554,2026-06-28 15:59:59.999000+00:00,8701478.175129,61003,2287.90370000,3618313.79083400,0
2026-06-28 16:00:00+00:00,1580.9,1581.94,1566.62,1572.85,9393.4685,2026-06-28 16:59:59.999000+00:00,14774481.819345,102552,4569.37900000,7191048.35120300,0
2026-06-28 17:00:00+00:00,1572.84,1577.36,1563.53,1572.35,6830.0724,2026-06-28 17:59:59.999000+00:00,10720563.112633,76312,3733.67550000,5862565.46652100,0
2026-06-28 18:00:00+00:00,1572.34,1575.15,1569.08,1571.78,3637.0534,2026-06-28 18:59:59.999000+00:00,5717451.42424,38487,1803.43980000,2834873.55736100,0
2026-06-28 19:00:00+00:00,1571.79,1574.55,1556.81,1564.62,6915.1044,2026-06-28 19:59:59.999000+00:00,10816457.181206,59355,2791.03310000,4365269.87177300,0
2026-06-28 20:00:00+00:00,1564.61,1576.42,1564.3,1573.2,4705.0587,2026-06-28 20:59:59.999000+00:00,7393128.976464,65604,2712.96340000,4261102.90475300,0
2026-06-28 21:00:00+00:00,1573.2,1573.87,1559.21,1563.62,4084.214,2026-06-28 21:59:59.999000+00:00,6400653.880743,46124,1743.00710000,2731487.71259700,0
2026-06-28 22:00:00+00:00,1563.63,1582.29,1548.37,1557.09,15493.9496,2026-06-28 22:59:59.999000+00:00,24232808.60506,192279,6804.64890000,10645756.32154100,0
2026-06-28 23:00:00+00:00,1557.08,1580.1,1555.35,1571.96,8383.2092,2026-06-28 23:59:59.999000+00:00,13154448.854796,100923,4764.39630000,7474788.17943800,0
2026-06-29 00:00:00+00:00,1571.96,1574.69,1552.21,1573.53,9360.7204,2026-06-29 00:59:59.999000+00:00,14630040.819051,181745,4187.37090000,6547271.28055900,0
2026-06-29 01:00:00+00:00,1573.53,1574.28,1560.19,1568.7,5801.2428,2026-06-29 01:59:59.999000+00:00,9096889.584042,117933,2898.12160000,4544314.75681800,0
2026-06-29 02:00:00+00:00,1568.71,1579.15,1550.43,1576.6,12263.5163,2026-06-29 02:59:59.999000+00:00,19239110.155352,156675,6392.89320000,10029367.86043300,0
2026-06-29 03:00:00+00:00,1576.6,1589.75,1576.6,1584.78,9914.2931,2026-06-29 03:59:59.999000+00:00,15698498.053322,99217,5630.61230000,8916479.01051200,0
2026-06-29 04:00:00+00:00,1584.77,1585.05,1574.65,1575.5,4238.9336,2026-06-29 04:59:59.999000+00:00,6696362.653538,57861,1749.00200000,2762767.47029600,0
2026-06-29 05:00:00+00:00,1575.5,1583.1,1562.26,1583.1,8554.5454,2026-06-29 05:59:59.999000+00:00,13442506.905675,115515,4641.98350000,7296193.90524100,0
2026-06-29 06:00:00+00:00,1583.1,1589.08,1579.81,1582.82,5429.1652,2026-06-29 06:59:59.999000+00:00,8601161.193389,55980,2679.24610000,4245444.24108000,0
2026-06-29 07:00:00+00:00,1582.82,1584.9,1577.92,1580.16,5938.948,2026-06-29 07:59:59.999000+00:00,9388664.935925,74630,2660.70910000,4206493.29006500,0
2026-06-29 08:00:00+00:00,1580.17,1582.33,1569.85,1572.98,7152.0886,2026-06-29 08:59:59.999000+00:00,11269050.849177,87586,2584.67720000,4073289.53214700,0
2026-06-29 09:00:00+00:00,1572.98,1580.44,1570.49,1576.2,7628.9728,2026-06-29 09:59:59.999000+00:00,12016895.539213,69447,3685.08650000,5803711.00164800,0
2026-06-29 10:00:00+00:00,1576.2,1587.0,1576.2,1578.6,7670.0029,2026-06-29 10:59:59.999000+00:00,12126076.231036,80173,3622.32050000,5726731.49242500,0
2026-06-29 11:00:00+00:00,1578.6,1582.54,1570.32,1574.93,10782.3057,2026-06-29 11:59:59.999000+00:00,16974404.383125,90971,5518.24790000,8687545.81447600,0
2026-06-29 12:00:00+00:00,1574.93,1597.28,1566.6,1576.11,29333.7411,2026-06-29 12:59:59.999000+00:00,46456083.57757,245357,15111.77490000,23918975.77028000,0
2026-06-29 13:00:00+00:00,1576.12,1588.82,1564.85,1572.74,22887.3389,2026-06-29 13:59:59.999000+00:00,36049227.225367,220733,10336.97900000,16282876.75439000,0
2026-06-29 14:00:00+00:00,1572.74,1579.34,1557.35,1572.9,25528.2616,2026-06-29 14:59:59.999000+00:00,40018353.765829,239462,14444.63920000,22642786.78850900,0
2026-06-29 15:00:00+00:00,1572.9,1585.41,1561.7,1580.26,22851.741,2026-06-29 15:59:59.999000+00:00,35982313.54683,185248,12770.91330000,20117949.59606800,0
2026-06-29 16:00:00+00:00,1580.26,1587.71,1574.06,1585.37,13677.845,2026-06-29 16:59:59.999000+00:00,21628527.116073,106341,7495.13570000,11854200.61252500,0
2026-06-29 17:00:00+00:00,1585.37,1637.58,1585.37,1628.03,47576.4852,2026-06-29 17:59:59.999000+00:00,77085161.798916,347669,24270.24650000,39296231.09335600,0
2026-06-29 18:00:00+00:00,1628.04,1628.61,1618.37,1621.1,11128.5518,2026-06-29 18:59:59.999000+00:00,18068573.119427,98416,5084.76980000,8254224.02027400,0
2026-06-29 19:00:00+00:00,1621.1,1627.36,1616.23,1625.6,8541.6103,2026-06-29 19:59:59.999000+00:00,13858707.675965,88182,3803.04930000,6170433.54734700,0
2026-06-29 20:00:00+00:00,1625.6,1626.65,1617.37,1617.66,11491.5988,2026-06-29 20:59:59.999000+00:00,18653984.196566,62736,5860.20540000,9511789.73417400,0
2026-06-29 21:00:00+00:00,1617.66,1623.0,1611.5,1619.99,8484.7618,2026-06-29 21:59:59.999000+00:00,13724870.010593,63775,4199.61490000,6794071.12814300,0
2026-06-29 22:00:00+00:00,1620.0,1622.11,1610.36,1612.9,7654.4177,2026-06-29 22:59:59.999000+00:00,12369207.318934,54039,2654.87400000,4292597.82360500,0
2026-06-29 23:00:00+00:00,1612.9,1613.98,1607.41,1613.07,6077.8868,2026-06-29 23:59:59.999000+00:00,9792799.882267,60037,2731.03020000,4400133.26818400,0
2026-06-30 00:00:00+00:00,1613.07,1614.41,1592.71,1594.41,14031.367,2026-06-30 00:59:59.999000+00:00,22459234.264843,93557,7889.89610000,12621687.17050400,0
2026-06-30 01:00:00+00:00,1594.42,1599.83,1589.0,1593.92,9136.2958,2026-06-30 01:59:59.999000+00:00,14559091.015432,66186,4193.83020000,6683616.10391700,0
2026-06-30 02:00:00+00:00,1593.92,1593.93,1586.49,1590.57,6252.3613,2026-06-30 02:59:59.999000+00:00,9945222.078474,57681,2523.70470000,4014329.41041300,0
2026-06-30 03:00:00+00:00,1590.57,1596.18,1586.58,1587.18,5380.6859,2026-06-30 03:59:59.999000+00:00,8563505.033642,51663,2783.28120000,4430815.99948300,0
2026-06-30 04:00:00+00:00,1587.18,1590.99,1579.79,1588.11,8118.7324,2026-06-30 04:59:59.999000+00:00,12875520.300425,56401,3023.11220000,4795251.04685700,0
2026-06-30 05:00:00+00:00,1588.1,1592.02,1585.22,1591.6,6208.8648,2026-06-30 05:59:59.999000+00:00,9865144.279373,44916,3051.64550000,4848573.28542400,0
2026-06-30 06:00:00+00:00,1591.61,1594.65,1589.0,1593.72,4198.2353,2026-06-30 06:59:59.999000+00:00,6682125.694286,42074,2461.46840000,3917665.42933300,0
2026-06-30 07:00:00+00:00,1593.72,1596.25,1590.07,1592.51,6659.2553,2026-06-30 07:59:59.999000+00:00,10606140.518563,56908,3233.86250000,5150619.03710700,0
2026-06-30 08:00:00+00:00,1592.51,1594.28,1579.54,1583.98,12844.0851,2026-06-30 08:59:59.999000+00:00,20359459.279685,90887,6526.81630000,10344774.99818700,0
2026-06-30 09:00:00+00:00,1583.97,1587.03,1581.49,1585.35,6708.2319,2026-06-30 09:59:59.999000+00:00,10628279.654301,54306,2910.54480000,4611946.27816400,0
2026-06-30 10:00:00+00:00,1585.35,1586.93,1582.23,1584.51,5569.3034,2026-06-30 10:59:59.999000+00:00,8825365.74054,54885,1997.89410000,3165869.35545900,0
2026-06-30 11:00:00+00:00,1584.52,1586.15,1575.85,1578.58,8676.2458,2026-06-30 11:59:59.999000+00:00,13715629.294983,76082,3284.31340000,5191606.14244200,0
2026-06-30 12:00:00+00:00,1578.57,1578.58,1551.33,1552.79,21763.4864,2026-06-30 12:59:59.999000+00:00,34043917.762458,210282,8350.97200000,13068317.75834100,0
2026-06-30 13:00:00+00:00,1552.8,1567.51,1550.2,1567.29,25249.4669,2026-06-30 13:59:59.999000+00:00,39351026.180786,241720,12253.39920000,19106502.77948500,0
2026-06-30 14:00:00+00:00,1567.29,1578.0,1561.33,1563.52,14106.087,2026-06-30 14:59:59.999000+00:00,22150727.805702,198866,6852.49000000,10760131.16502300,0
2026-06-30 15:00:00+00:00,1563.52,1576.94,1557.35,1565.18,12920.771,2026-06-30 15:59:59.999000+00:00,20234599.00016,152549,6545.32040000,10251173.68194800,0
2026-06-30 16:00:00+00:00,1565.19,1575.0,1561.84,1572.38,10466.6846,2026-06-30 16:59:59.999000+00:00,16398660.473493,83683,6104.56250000,9563153.52202600,0
2026-06-30 17:00:00+00:00,1572.38,1577.1,1568.64,1570.86,6056.3848,2026-06-30 17:59:59.999000+00:00,9520633.246524,70664,2475.76930000,3891951.90719100,0
2026-06-30 18:00:00+00:00,1570.87,1581.83,1569.59,1579.11,9113.0683,2026-06-30 18:59:59.999000+00:00,14361277.11565,67297,4213.91710000,6641187.05245400,0
2026-06-30 19:00:00+00:00,1579.1,1581.92,1575.56,1580.53,6894.013,2026-06-30 19:59:59.999000+00:00,10885158.419251,62883,3466.66450000,5473752.61070000,0
2026-06-30 20:00:00+00:00,1580.52,1582.98,1573.4,1575.99,6496.5523,2026-06-30 20:59:59.999000+00:00,10250707.782482,53906,2842.46720000,4484815.23159900,0
2026-06-30 21:00:00+00:00,1575.99,1577.26,1570.0,1571.68,4676.418,2026-06-30 21:59:59.999000+00:00,7353845.234268,40154,2137.15650000,3360245.54075700,0
2026-06-30 22:00:00+00:00,1571.68,1575.3,1566.81,1567.64,5732.2341,2026-06-30 22:59:59.999000+00:00,9002160.057823,46348,2541.75070000,3992247.06645700,0
2026-06-30 23:00:00+00:00,1567.64,1572.8,1566.0,1572.01,4798.3738,2026-06-30 23:59:59.999000+00:00,7532850.647082,39840,2715.00120000,4262065.74854800,0
2026-07-01 00:00:00+00:00,1572.0,1576.7,1566.13,1575.07,5170.8349,2026-07-01 00:59:59.999000+00:00,8129095.514765,54522,2954.59820000,4645852.37070900,0
2026-07-01 01:00:00+00:00,1575.07,1586.6,1552.92,1577.91,20972.9935,2026-07-01 01:59:59.999000+00:00,32929652.232648,167041,11137.68880000,17503026.55264200,0
2026-07-01 02:00:00+00:00,1577.91,1589.55,1574.53,1586.3,9847.6845,2026-07-01 02:59:59.999000+00:00,15596523.967194,125020,5645.58850000,8943520.45259100,0
2026-07-01 03:00:00+00:00,1586.3,1599.19,1582.45,1594.81,13735.444,2026-07-01 03:59:59.999000+00:00,21840565.645165,121525,8735.14330000,13888868.98785200,0
2026-07-01 04:00:00+00:00,1594.81,1604.02,1590.89,1599.35,10850.5559,2026-07-01 04:59:59.999000+00:00,17334293.524647,100283,5222.66530000,8340404.44565300,0
2026-07-01 05:00:00+00:00,1599.35,1600.83,1591.21,1593.0,7409.7686,2026-07-01 05:59:59.999000+00:00,11821915.46023,59392,3847.86540000,6138770.45913300,0
2026-07-01 06:00:00+00:00,1593.0,1593.15,1571.5,1575.99,14828.2999,2026-07-01 06:59:59.999000+00:00,23423192.941863,87588,7148.73400000,11290317.84017500,0
2026-07-01 07:00:00+00:00,1575.99,1581.19,1572.5,1578.36,6847.453,2026-07-01 07:59:59.999000+00:00,10798577.252415,72835,3583.86130000,5651479.09297100,0
2026-07-01 08:00:00+00:00,1578.36,1582.37,1568.51,1582.37,6285.3084,2026-07-01 08:59:59.999000+00:00,9895691.674363,65183,3091.32560000,4866912.24266600,0
2026-07-01 09:00:00+00:00,1582.36,1585.33,1578.68,1581.01,7492.7088,2026-07-01 09:59:59.999000+00:00,11845910.598826,54315,3691.83610000,5837289.92076400,0
2026-07-01 10:00:00+00:00,1581.0,1581.52,1572.11,1573.43,5702.4791,2026-07-01 10:59:59.999000+00:00,8986221.651297,58520,2287.36270000,3603922.72492700,0
2026-07-01 11:00:00+00:00,1573.43,1575.96,1567.13,1569.89,6688.4104,2026-07-01 11:59:59.999000+00:00,10516625.264374,56357,3266.85680000,5138313.80553600,0
2026-07-01 12:00:00+00:00,1569.88,1572.49,1565.26,1570.24,7560.239,2026-07-01 12:59:59.999000+00:00,11858160.69619,90406,4091.66360000,6418222.81905300,0
2026-07-01 13:00:00+00:00,1570.24,1598.0,1570.0,1597.22,20616.9671,2026-07-01 13:59:59.999000+00:00,32629614.867567,216742,11488.05660000,18181314.96704800,0
2026-07-01 14:00:00+00:00,1597.22,1617.04,1591.2,1601.18,38319.4006,2026-07-01 14:59:59.999000+00:00,61498216.665478,296821,18269.84420000,29324160.25532200,0
2026-07-01 15:00:00+00:00,1601.19,1631.0,1600.98,1620.09,28006.7756,2026-07-01 15:59:59.999000+00:00,45381649.690498,203030,13464.18460000,21813810.00314200,0
2026-07-01 16:00:00+00:00,1620.1,1629.26,1612.77,1614.54,13891.3461,2026-07-01 16:59:59.999000+00:00,22501742.333156,113107,7451.23680000,12074003.82960300,0
2026-07-01 17:00:00+00:00,1614.54,1624.79,1607.17,1622.72,10580.0853,2026-07-01 17:59:59.999000+00:00,17122927.776687,98163,5776.38810000,9347363.80673700,0
2026-07-01 18:00:00+00:00,1622.72,1624.5,1612.01,1616.59,7761.2219,2026-07-01 18:59:59.999000+00:00,12563300.934717,66585,3680.27270000,5957857.21706400,0
2026-07-01 19:00:00+00:00,1616.59,1624.0,1614.42,1618.09,8988.5581,2026-07-01 19:59:59.999000+00:00,14557748.825906,90166,3704.81340000,5999593.48971000,0
2026-07-01 20:00:00+00:00,1618.07,1620.46,1610.38,1617.68,8568.5384,2026-07-01 20:59:59.999000+00:00,13839435.831774,74140,4356.48620000,7037548.72505400,0
2026-07-01 21:00:00+00:00,1617.67,1638.63,1617.55,1632.12,18296.0103,2026-07-01 21:59:59.999000+00:00,29764500.204764,144283,10653.87220000,17335459.20978300,0
2026-07-01 22:00:00+00:00,1632.11,1646.26,1620.58,1621.63,17822.8349,2026-07-01 22:59:59.999000+00:00,29112747.480882,146389,9041.36260000,14769407.58243100,0
2026-07-01 23:00:00+00:00,1621.62,1621.63,1608.35,1609.58,10292.3927,2026-07-01 23:59:59.999000+00:00,16612355.637391,116185,3777.79520000,6098031.19610200,0
2026-07-02 00:00:00+00:00,1609.59,1609.8,1597.22,1603.42,10412.1329,2026-07-02 00:59:59.999000+00:00,16693987.037687,89188,4563.84040000,7317834.55543600,0
2026-07-02 01:00:00+00:00,1603.42,1625.0,1602.63,1620.48,8577.1529,2026-07-02 01:59:59.999000+00:00,13847597.59757,86286,5303.83030000,8563960.15916800,0
2026-07-02 02:00:00+00:00,1620.47,1624.45,1614.64,1620.68,6676.4185,2026-07-02 02:59:59.999000+00:00,10817087.363577,65480,2727.82320000,4419740.26367100,0
2026-07-02 03:00:00+00:00,1620.69,1642.32,1618.12,1639.47,19491.7734,2026-07-02 03:59:59.999000+00:00,31812805.768597,131363,13080.83810000,21348706.10340300,0
2026-07-02 04:00:00+00:00,1639.46,1639.94,1630.44,1632.71,10670.8888,2026-07-02 04:59:59.999000+00:00,17450788.362636,83425,4723.24660000,7720912.58777700,0
2026-07-02 05:00:00+00:00,1632.71,1634.84,1625.21,1626.5,6765.4143,2026-07-02 05:59:59.999000+00:00,11027419.122302,85511,2805.54540000,4574536.57033100,0
2026-07-02 06:00:00+00:00,1626.51,1629.88,1617.51,1619.14,8049.3462,2026-07-02 06:59:59.999000+00:00,13072451.850919,95100,3441.69620000,5590106.10817300,0
2026-07-02 07:00:00+00:00,1619.14,1619.88,1614.32,1615.97,14349.358,2026-07-02 07:59:59.999000+00:00,23199501.973313,96952,6526.19350000,10551655.32880100,0
2026-07-02 08:00:00+00:00,1615.97,1626.35,1615.08,1624.92,8243.2229,2026-07-02 08:59:59.999000+00:00,13366584.339016,69022,4937.72220000,8006198.42242200,0
2026-07-02 09:00:00+00:00,1624.91,1651.95,1620.34,1643.33,27834.7307,2026-07-02 09:59:59.999000+00:00,45692397.526242,169296,16039.02920000,26325685.31029800,0
2026-07-02 10:00:00+00:00,1643.32,1649.62,1641.48,1646.12,12264.0883,2026-07-02 10:59:59.999000+00:00,20181061.038684,119800,7502.74520000,12345549.00629000,0
2026-07-02 11:00:00+00:00,1646.12,1657.53,1644.53,1650.32,22336.0921,2026-07-02 11:59:59.999000+00:00,36856378.028205,116549,11200.39770000,18481508.21698400,0
2026-07-02 12:00:00+00:00,1650.31,1669.72,1647.66,1662.82,25143.5073,2026-07-02 12:59:59.999000+00:00,41722672.04321,212567,14953.76640000,24817427.30704700,0
2026-07-02 13:00:00+00:00,1662.81,1713.77,1660.73,1710.72,70316.272,2026-07-02 13:59:59.999000+00:00,119318977.171553,467136,42009.30770000,71282808.22163400,0
2026-07-02 14:00:00+00:00,1710.73,1725.0,1692.96,1701.55,46156.9842,2026-07-02 14:59:59.999000+00:00,78803296.338887,389614,23405.52880000,39982100.44481300,0
2026-07-02 15:00:00+00:00,1701.55,1703.5,1688.72,1697.05,15806.44,2026-07-02 15:59:59.999000+00:00,26839488.345971,151677,7956.38240000,13510719.55542100,0
2026-07-02 16:00:00+00:00,1697.06,1704.0,1686.49,1699.67,15511.6102,2026-07-02 16:59:59.999000+00:00,26301027.045675,126658,7599.53880000,12887589.89825400,0
2026-07-02 17:00:00+00:00,1699.66,1705.94,1694.51,1695.89,10016.6606,2026-07-02 17:59:59.999000+00:00,17033582.071458,111987,4453.48270000,7573182.99710800,0
2026-07-02 18:00:00+00:00,1695.88,1707.14,1695.45,1702.06,6185.1802,2026-07-02 18:59:59.999000+00:00,10529851.470528,54794,2680.66520000,4563440.96912900,0
2026-07-02 19:00:00+00:00,1702.05,1705.53,1694.75,1700.15,6640.0703,2026-07-02 19:59:59.999000+00:00,11293768.317995,63326,3096.06100000,5266317.00408600,0
2026-07-02 20:00:00+00:00,1700.15,1706.68,1696.08,1705.75,6054.8546,2026-07-02 20:59:59.999000+00:00,10298314.988447,54573,3134.72490000,5331343.58127400,0
2026-07-02 21:00:00+00:00,1705.75,1705.89,1697.36,1700.23,6841.1257,2026-07-02 21:59:59.999000+00:00,11643142.448007,44086,2585.92160000,4398378.50777500,0
2026-07-02 22:00:00+00:00,1700.23,1700.98,1694.2,1696.88,4106.7179,2026-07-02 22:59:59.999000+00:00,6970375.250494,46478,2168.10460000,3680081.33580600,0
2026-07-02 23:00:00+00:00,1696.88,1701.8,1692.13,1700.57,5003.4662,2026-07-02 23:59:59.999000+00:00,8491325.617654,68695,2890.15870000,4905440.01981500,0
2026-07-03 00:00:00+00:00,1700.57,1702.98,1694.72,1696.75,6275.857,2026-07-03 00:59:59.999000+00:00,10661074.598573,112325,2590.29950000,4401132.53414500,0
2026-07-03 01:00:00+00:00,1696.75,1718.97,1695.34,1712.33,14375.0928,2026-07-03 01:59:59.999000+00:00,24611112.614379,118377,8778.99400000,15026419.59930600,0
2026-07-03 02:00:00+00:00,1712.33,1715.33,1696.23,1704.76,8846.1544,2026-07-03 02:59:59.999000+00:00,15093440.186303,126109,3794.94480000,6473892.75478300,0
2026-07-03 03:00:00+00:00,1704.75,1712.11,1699.53,1706.43,4972.0058,2026-07-03 03:59:59.999000+00:00,8486155.086328,55748,3101.30920000,5293928.41531700,0
2026-07-03 04:00:00+00:00,1706.43,1708.5,1702.34,1703.08,5425.9664,2026-07-03 04:59:59.999000+00:00,9250925.978247,46006,2798.04520000,4770756.88505800,0
2026-07-03 05:00:00+00:00,1703.07,1721.8,1702.28,1714.92,8051.4626,2026-07-03 05:59:59.999000+00:00,13798116.347475,74147,4594.69190000,7872920.82013100,0
2026-07-03 06:00:00+00:00,1714.93,1721.53,1712.94,1716.03,5814.7847,2026-07-03 06:59:59.999000+00:00,9982794.537466,68892,2947.44850000,5060283.30117200,0
2026-07-03 07:00:00+00:00,1716.03,1722.21,1713.97,1717.77,11185.8006,2026-07-03 07:59:59.999000+00:00,19224541.730875,89675,5147.41910000,8846725.01113500,0
2026-07-03 08:00:00+00:00,1717.77,1735.13,1715.68,1719.89,16499.8712,2026-07-03 08:59:59.999000+00:00,28479552.960645,146076,9247.88410000,15963510.70193000,0
2026-07-03 09:00:00+00:00,1719.89,1731.25,1717.03,1726.28,8910.3848,2026-07-03 09:59:59.999000+00:00,15380577.18423,110185,4313.77010000,7445841.69740200,0
2026-07-03 10:00:00+00:00,1726.27,1749.0,1726.26,1742.16,17896.7277,2026-07-03 10:59:59.999000+00:00,31110642.348745,195153,10557.24520000,18354478.95344900,0
2026-07-03 11:00:00+00:00,1742.17,1748.0,1737.47,1742.54,11215.5541,2026-07-03 11:59:59.999000+00:00,19544845.572504,111046,5274.85550000,9194225.58753700,0
2026-07-03 12:00:00+00:00,1742.54,1745.03,1731.55,1736.44,8572.5906,2026-07-03 12:59:59.999000+00:00,14894323.020394,75866,3827.93890000,6652831.56895900,0
2026-07-03 13:00:00+00:00,1736.44,1753.29,1736.09,1748.15,18552.7621,2026-07-03 13:59:59.999000+00:00,32364702.142268,122457,11013.32360000,19212443.44245800,0
2026-07-03 14:00:00+00:00,1748.14,1748.15,1728.99,1737.14,16334.1686,2026-07-03 14:59:59.999000+00:00,28359912.223925,166931,7836.83050000,13608803.29968200,0
2026-07-03 15:00:00+00:00,1737.15,1745.9,1729.75,1731.24,9633.8875,2026-07-03 15:59:59.999000+00:00,16732452.586219,135311,4754.08540000,8257160.08445500,0
2026-07-03 16:00:00+00:00,1731.24,1735.5,1727.87,1733.63,4503.3655,2026-07-03 16:59:59.999000+00:00,7799930.92535,77590,2202.83540000,3815815.98268400,0
2026-07-03 17:00:00+00:00,1733.62,1741.86,1732.33,1738.18,5441.9173,2026-07-03 17:59:59.999000+00:00,9454962.838834,84072,2782.22450000,4834692.96700900,0
2026-07-03 18:00:00+00:00,1738.19,1741.13,1736.19,1738.77,4412.3928,2026-07-03 18:59:59.999000+00:00,7669784.206007,62035,2310.75030000,4016494.88661000,0
2026-07-03 19:00:00+00:00,1738.78,1753.0,1737.34,1745.38,12018.8234,2026-07-03 19:59:59.999000+00:00,20986516.221558,108781,6819.58890000,11909615.93755000,0
2026-07-03 20:00:00+00:00,1745.39,1774.0,1743.61,1766.15,23241.5026,2026-07-03 20:59:59.999000+00:00,40931199.302459,200858,13644.83270000,24029304.93528600,0
2026-07-03 21:00:00+00:00,1766.15,1775.78,1756.75,1763.46,12003.7722,2026-07-03 21:59:59.999000+00:00,21175686.545348,151449,6489.38680000,11450161.42620600,0
2026-07-03 22:00:00+00:00,1763.46,1764.06,1756.0,1757.52,6188.9657,2026-07-03 22:59:59.999000+00:00,10886067.220074,62999,2563.67870000,4509594.78219500,0
2026-07-03 23:00:00+00:00,1757.53,1762.03,1755.45,1758.21,4043.0576,2026-07-03 23:59:59.999000+00:00,7111936.068261,56379,2436.75260000,4286608.96130300,0
2026-07-04 00:00:00+00:00,1758.22,1764.0,1756.5,1758.7,3683.7169,2026-07-04 00:59:59.999000+00:00,6483362.898748,46164,2037.29960000,3585949.75548800,0
2026-07-04 01:00:00+00:00,1758.7,1758.7,1746.0,1747.93,7014.5287,2026-07-04 01:59:59.999000+00:00,12275257.729567,95382,2766.10900000,4839742.87398200,0
2026-07-04 02:00:00+00:00,1747.93,1751.04,1744.09,1749.31,3003.3672,2026-07-04 02:59:59.999000+00:00,5249026.897248,68689,1427.57810000,2495306.62347800,0
2026-07-04 03:00:00+00:00,1749.31,1756.74,1747.26,1753.92,4996.5654,2026-07-04 03:59:59.999000+00:00,8751768.29226,61044,2975.85880000,5213489.75511000,0
2026-07-04 04:00:00+00:00,1753.91,1764.61,1752.0,1761.67,5721.9484,2026-07-04 04:59:59.999000+00:00,10056563.158078,49770,3066.33830000,5390083.25097800,0
2026-07-04 05:00:00+00:00,1761.68,1761.68,1753.27,1755.99,5276.3624,2026-07-04 05:59:59.999000+00:00,9268550.613184,38595,3199.35740000,5619549.13910500,0
2026-07-04 06:00:00+00:00,1755.98,1761.27,1751.72,1754.77,10308.1591,2026-07-04 06:59:59.999000+00:00,18091229.79198,85638,4975.61810000,8731870.41069800,0
2026-07-04 07:00:00+00:00,1754.78,1759.67,1752.86,1758.19,6166.4406,2026-07-04 07:59:59.999000+00:00,10825378.493914,83892,3339.21620000,5860662.31022500,0
2026-07-04 08:00:00+00:00,1758.18,1765.55,1757.39,1762.31,4156.4202,2026-07-04 08:59:59.999000+00:00,7319454.140744,88471,2147.40710000,3781635.96888400,0
2026-07-04 09:00:00+00:00,1762.3,1763.05,1755.0,1758.13,4166.5661,2026-07-04 09:59:59.999000+00:00,7328077.690264,91729,1789.99370000,3148229.90378400,0
2026-07-04 10:00:00+00:00,1758.12,1760.88,1757.12,1759.14,5248.4058,2026-07-04 10:59:59.999000+00:00,9234142.130754,74577,2498.59550000,4396043.31656700,0
2026-07-04 11:00:00+00:00,1759.14,1760.15,1756.19,1758.24,3639.5401,2026-07-04 11:59:59.999000+00:00,6397528.917399,52466,1695.57940000,2980625.35747100,0
2026-07-04 12:00:00+00:00,1758.23,1766.45,1758.23,1764.22,5574.7721,2026-07-04 12:59:59.999000+00:00,9828586.193347,63707,2971.11950000,5238491.46214900,0
2026-07-04 13:00:00+00:00,1764.22,1778.63,1761.62,1764.06,12097.1614,2026-07-04 13:59:59.999000+00:00,21401082.173882,116082,6646.84940000,11758065.22967900,0
2026-07-04 14:00:00+00:00,1764.05,1775.0,1763.92,1772.23,7318.7116,2026-07-04 14:59:59.999000+00:00,12957781.460922,84805,4754.19660000,8416915.85300900,0
2026-07-04 15:00:00+00:00,1772.23,1799.92,1772.22,1791.09,27008.3286,2026-07-04 15:59:59.999000+00:00,48341883.356795,204544,15475.21440000,27689387.06678600,0
2026-07-04 16:00:00+00:00,1791.08,1792.0,1783.32,1786.81,9177.8041,2026-07-04 16:59:59.999000+00:00,16409171.218142,117105,4489.50550000,8027754.63728900,0
2026-07-04 17:00:00+00:00,1786.81,1807.65,1779.0,1799.36,29134.5021,2026-07-04 17:59:59.999000+00:00,52201011.325138,205294,13913.87100000,24958431.51695300,0
2026-07-04 18:00:00+00:00,1799.36,1805.84,1791.58,1793.63,11047.1945,2026-07-04 18:59:59.999000+00:00,19868478.919546,131861,6098.31500000,10968993.62760900,0
2026-07-04 19:00:00+00:00,1793.62,1797.66,1788.47,1792.83,5951.6743,2026-07-04 19:59:59.999000+00:00,10675651.938422,53260,3065.19760000,5499016.52105400,0
2026-07-04 20:00:00+00:00,1792.83,1795.81,1783.84,1787.15,5589.824,2026-07-04 20:59:59.999000+00:00,9999683.974834,58824,2925.20450000,5234922.82045300,0
2026-07-04 21:00:00+00:00,1787.15,1794.25,1786.24,1789.25,2648.906,2026-07-04 21:59:59.999000+00:00,4741991.586183,31323,1527.69440000,2735241.94447200,0
2026-07-04 22:00:00+00:00,1789.25,1789.45,1782.19,1784.73,2861.6926,2026-07-04 22:59:59.999000+00:00,5108662.662055,28716,1427.05440000,2547288.20446700,0
2026-07-04 23:00:00+00:00,1784.73,1785.59,1772.1,1780.64,9087.5575,2026-07-04 23:59:59.999000+00:00,16160006.38628,52167,3702.59230000,6582938.34053900,0
2026-07-05 00:00:00+00:00,1780.64,1780.75,1769.64,1772.71,6958.1122,2026-07-05 00:59:59.999000+00:00,12344684.914151,54491,2569.78760000,4559201.43174500,0
2026-07-05 01:00:00+00:00,1772.7,1774.66,1760.72,1766.62,10008.1144,2026-07-05 01:59:59.999000+00:00,17679029.779887,86872,4076.31520000,7200882.32232500,0
2026-07-05 02:00:00+00:00,1766.61,1767.79,1757.0,1760.88,13241.5343,2026-07-05 02:59:59.999000+00:00,23322577.50686,107010,4206.62810000,7411358.45355900,0
2026-07-05 03:00:00+00:00,1760.87,1764.0,1757.76,1761.59,6232.6391,2026-07-05 03:59:59.999000+00:00,10976484.793661,73876,3367.47120000,5930259.98406100,0
2026-07-05 04:00:00+00:00,1761.58,1772.69,1760.07,1767.54,13059.2661,2026-07-05 04:59:59.999000+00:00,23083211.061736,119741,6353.87080000,11230280.12148400,0
2026-07-05 05:00:00+00:00,1767.53,1767.87,1760.5,1765.98,16392.0146,2026-07-05 05:59:59.999000+00:00,28928092.094361,136338,8285.63090000,14622754.33560400,0
2026-07-05 06:00:00+00:00,1765.98,1768.0,1762.01,1764.69,33430.8825,2026-07-05 06:59:59.999000+00:00,59000776.002194,162353,15640.90220000,27604381.95164400,0
2026-07-05 07:00:00+00:00,1764.69,1772.35,1761.76,1770.1,34375.0591,2026-07-05 07:59:59.999000+00:00,60692649.204215,212218,16238.76610000,28671730.81523400,0
2026-07-05 08:00:00+00:00,1770.09,1773.27,1766.46,1767.71,37769.8138,2026-07-05 08:59:59.999000+00:00,66798350.812935,226262,17352.55780000,30688535.74929700,0
2026-07-05 09:00:00+00:00,1767.72,1767.83,1748.79,1757.98,128409.6927,2026-07-05 09:59:59.999000+00:00,225890685.476843,526153,61501.26770000,108187511.04267900,0
2026-07-05 10:00:00+00:00,1757.99,1761.96,1755.03,1761.39,5053.513,2026-07-05 10:59:59.999000+00:00,8889616.54074,40983,2521.67460000,4436319.72724800,0
2026-07-05 11:00:00+00:00,1761.39,1765.0,1758.7,1760.08,4765.4416,2026-07-05 11:59:59.999000+00:00,8394915.809144,38885,1927.79280000,3396323.32466800,0
2026-07-05 12:00:00+00:00,1760.08,1769.44,1756.03,1765.12,4749.4524,2026-07-05 12:59:59.999000+00:00,8373185.476863,44189,2918.57690000,5146411.89950900,0
2026-07-05 13:00:00+00:00,1765.12,1767.55,1761.51,1766.26,2946.7199,2026-07-05 13:59:59.999000+00:00,5201073.50989,51923,1075.77990000,1898851.57819300,0
2026-07-05 14:00:00+00:00,1766.25,1772.77,1764.96,1772.56,3839.5301,2026-07-05 14:59:59.999000+00:00,6788084.808857,58506,2093.82100000,3702006.98039500,0
2026-07-05 15:00:00+00:00,1772.56,1781.28,1770.11,1774.67,8462.2846,2026-07-05 15:59:59.999000+00:00,15024463.499049,102312,4816.23330000,8550936.15322100,0
2026-07-05 16:00:00+00:00,1774.66,1777.5,1770.31,1773.0,4477.9769,2026-07-05 16:59:59.999000+00:00,7939259.196599,44376,2400.32910000,4255391.54769400,0
2026-07-05 17:00:00+00:00,1773.0,1785.75,1772.99,1779.48,6807.844,2026-07-05 17:59:59.999000+00:00,12119360.452305,87561,2912.87440000,5185845.43129200,0
2026-07-05 18:00:00+00:00,1779.47,1786.23,1777.8,1781.28,4040.3175,2026-07-05 18:59:59.999000+00:00,7197056.520266,49499,1871.44690000,3333803.30190600,0
2026-07-05 19:00:00+00:00,1781.28,1784.52,1777.7,1781.43,2877.4016,2026-07-05 19:59:59.999000+00:00,5125594.796957,43731,1066.86650000,1900714.35989200,0
2026-07-05 20:00:00+00:00,1781.44,1783.53,1776.26,1777.1,1915.6405,2026-07-05 20:59:59.999000+00:00,3408013.264565,32340,706.38600000,1256681.84645800,0
2026-07-05 21:00:00+00:00,1777.1,1793.25,1769.29,1786.88,10803.2629,2026-07-05 21:59:59.999000+00:00,19240321.951414,94069,5334.72750000,9509260.03583200,0
2026-07-05 22:00:00+00:00,1786.91,1808.0,1784.34,1790.0,19757.5895,2026-07-05 22:59:59.999000+00:00,35487116.626847,182281,11972.17170000,21507745.19789200,0
2026-07-05 23:00:00+00:00,1789.99,1802.75,1782.75,1785.65,9299.3158,2026-07-05 23:59:59.999000+00:00,16668514.39574,134332,4903.27800000,8789333.53410300,0
2026-07-06 00:00:00+00:00,1785.65,1794.13,1774.35,1793.28,10212.8482,2026-07-06 00:59:59.999000+00:00,18224051.444736,118090,5289.67480000,9443328.78437700,0
2026-07-06 01:00:00+00:00,1793.27,1799.02,1785.4,1786.31,5674.4473,2026-07-06 01:59:59.999000+00:00,10170854.17705,101213,2879.70710000,5163303.02047600,0
2026-07-06 02:00:00+00:00,1786.31,1790.28,1779.26,1783.71,6310.4752,2026-07-06 02:59:59.999000+00:00,11256213.224532,78892,2713.03090000,4841004.70704200,0
2026-07-06 03:00:00+00:00,1783.71,1784.99,1772.22,1779.71,6649.5881,2026-07-06 03:59:59.999000+00:00,11825949.064787,80176,2860.91920000,5088252.41813400,0
2026-07-06 04:00:00+00:00,1779.7,1784.79,1776.34,1777.98,9109.7617,2026-07-06 04:59:59.999000+00:00,16224479.27851,64814,5211.19650000,9282381.37609400,0
2026-07-06 05:00:00+00:00,1777.98,1778.18,1764.42,1774.06,7877.246,2026-07-06 05:59:59.999000+00:00,13955662.245565,82407,2968.51670000,5259339.90983200,0
2026-07-06 06:00:00+00:00,1774.06,1775.28,1769.23,1769.63,3980.864,2026-07-06 06:59:59.999000+00:00,7054954.579609,49762,1596.38110000,2829357.40344200,0
2026-07-06 07:00:00+00:00,1769.64,1775.54,1766.98,1772.32,5935.9849,2026-07-06 07:59:59.999000+00:00,10514533.804896,58172,3034.33350000,5374968.26298200,0
2026-07-06 08:00:00+00:00,1772.32,1778.6,1763.08,1765.55,7580.279,2026-07-06 08:59:59.999000+00:00,13410041.628877,78202,3384.95530000,5987488.32829600,0
2026-07-06 09:00:00+00:00,1765.54,1766.3,1755.77,1758.67,9014.2317,2026-07-06 09:59:59.999000+00:00,15865120.608461,59264,3690.08670000,6494382.07375100,0
2026-07-06 10:00:00+00:00,1758.67,1774.32,1758.24,1771.09,9282.1222,2026-07-06 10:59:59.999000+00:00,16401942.581226,73503,5177.16310000,9146342.07924500,0
2026-07-06 11:00:00+00:00,1771.1,1775.65,1759.59,1759.64,7461.898,2026-07-06 11:59:59.999000+00:00,13198585.82535,58405,3486.19230000,6168530.66603800,0
2026-07-06 12:00:00+00:00,1759.64,1760.92,1735.27,1740.85,36298.1457,2026-07-06 12:59:59.999000+00:00,63338048.266226,284352,16561.31780000,28881898.73786100,0
2026-07-06 13:00:00+00:00,1740.85,1753.54,1728.95,1744.89,23443.4343,2026-07-06 13:59:59.999000+00:00,40789302.343738,228939,11613.52870000,20212602.69459800,0
2026-07-06 14:00:00+00:00,1744.89,1763.14,1742.1,1751.78,12993.1333,2026-07-06 14:59:59.999000+00:00,22765310.524926,157655,6318.10830000,11071268.54676100,0
2026-07-06 15:00:00+00:00,1751.79,1788.96,1751.56,1788.57,29447.7745,2026-07-06 15:59:59.999000+00:00,52190948.13921,277418,19054.57100000,33763925.84457600,0
2026-07-06 16:00:00+00:00,1788.57,1805.0,1782.42,1792.51,35024.3913,2026-07-06 16:59:59.999000+00:00,62881641.363592,252028,20711.15420000,37192127.57594200,0
2026-07-06 17:00:00+00:00,1792.5,1800.4,1787.3,1788.26,14958.378,2026-07-06 17:59:59.999000+00:00,26815247.544184,146670,5746.06240000,10304192.78301800,0
2026-07-06 18:00:00+00:00,1788.27,1796.24,1786.76,1792.68,5560.2591,2026-07-06 18:59:59.999000+00:00,9963429.451198,68183,2798.69660000,5015745.73601100,0
2026-07-06 19:00:00+00:00,1792.69,1798.8,1791.18,1792.76,5042.2142,2026-07-06 19:59:59.999000+00:00,9050400.679671,63557,1767.92800000,3173517.70512400,0
2026-07-06 20:00:00+00:00,1792.76,1796.4,1787.26,1793.04,4815.4255,2026-07-06 20:59:59.999000+00:00,8632777.592741,45524,1937.18730000,3472442.66169200,0
2026-07-06 21:00:00+00:00,1793.04,1833.4,1792.63,1814.88,35802.7792,2026-07-06 21:59:59.999000+00:00,65050402.930527,205104,21853.06570000,39684374.78456400,0
2026-07-06 22:00:00+00:00,1814.88,1816.82,1804.7,1806.3,6468.8063,2026-07-06 22:59:59.999000+00:00,11711991.890449,63062,2969.15770000,5374417.52166500,0
2026-07-06 23:00:00+00:00,1806.29,1810.08,1797.55,1799.56,6934.8427,2026-07-06 23:59:59.999000+00:00,12501568.860378,75273,2660.98850000,4799360.23039900,0
2026-07-07 00:00:00+00:00,1799.56,1810.16,1794.86,1803.74,8258.8655,2026-07-07 00:59:59.999000+00:00,14888377.774701,89158,4516.21390000,8144822.29483300,0
2026-07-07 01:00:00+00:00,1803.74,1803.74,1787.35,1792.64,10940.2805,2026-07-07 01:59:59.999000+00:00,19617422.060958,110799,4759.70090000,8535547.85955000,0
2026-07-07 02:00:00+00:00,1792.65,1794.48,1777.0,1778.57,9702.1502,2026-07-07 02:59:59.999000+00:00,17308436.289865,97285,3487.59590000,6221867.94072100,0
2026-07-07 03:00:00+00:00,1778.57,1781.56,1768.85,1771.56,8523.348,2026-07-07 03:59:59.999000+00:00,15129862.743361,81313,4071.72700000,7229629.94730300,0
2026-07-07 04:00:00+00:00,1771.55,1773.71,1762.66,1766.53,8330.3288,2026-07-07 04:59:59.999000+00:00,14736663.316055,91379,3462.20340000,6124072.08753800,0
2026-07-07 05:00:00+00:00,1766.52,1773.71,1757.57,1770.58,10294.8442,2026-07-07 05:59:59.999000+00:00,18169176.666115,85536,4689.18180000,8276414.61997600,0
2026-07-07 06:00:00+00:00,1770.57,1782.39,1764.84,1779.11,12917.9523,2026-07-07 06:59:59.999000+00:00,22900683.053238,59325,7616.86800000,13498837.78383100,0
2026-07-07 07:00:00+00:00,1779.11,1782.59,1771.08,1771.24,5410.5719,2026-07-07 07:59:59.999000+00:00,9610940.69071,52745,2724.63820000,4840111.94311800,0
2026-07-07 08:00:00+00:00,1771.23,1775.8,1768.37,1770.78,8034.4276,2026-07-07 08:59:59.999000+00:00,14230215.538,62607,4660.44380000,8255058.77248900,0
2026-07-07 09:00:00+00:00,1770.77,1783.04,1768.81,1778.16,8425.7555,2026-07-07 09:59:59.999000+00:00,14957912.916972,64019,5083.69150000,9023677.41699000,0
2026-07-07 10:00:00+00:00,1778.16,1784.66,1774.35,1775.8,6740.8404,2026-07-07 10:59:59.999000+00:00,11988630.461379,61337,3073.91580000,5468863.36613500,0
2026-07-07 11:00:00+00:00,1775.8,1785.0,1772.0,1780.77,4518.8445,2026-07-07 11:59:59.999000+00:00,8033534.329664,45977,2434.97450000,4330322.04541400,0
2026-07-07 12:00:00+00:00,1780.77,1794.57,1780.27,1781.97,10488.4658,2026-07-07 12:59:59.999000+00:00,18756370.49165,83969,6057.12240000,10832774.67164900,0
2026-07-07 13:00:00+00:00,1781.97,1783.28,1766.06,1769.01,16012.744,2026-07-07 13:59:59.999000+00:00,28403047.169956,253991,8066.51110000,14310373.55436000,0
2026-07-07 14:00:00+00:00,1769.02,1792.93,1761.19,1789.46,21986.8013,2026-07-07 14:59:59.999000+00:00,38991652.407608,263099,11109.35450000,19703207.80808600,0
2026-07-07 15:00:00+00:00,1789.45,1803.03,1783.0,1797.45,16643.7733,2026-07-07 15:59:59.999000+00:00,29858685.041688,184239,9632.25000000,17282499.40696500,0
2026-07-07 16:00:00+00:00,1797.45,1813.16,1792.44,1802.23,14026.2167,2026-07-07 16:59:59.999000+00:00,25268847.895295,191000,7205.86860000,12989818.76180000,0
2026-07-07 17:00:00+00:00,1802.23,1810.39,1798.54,1810.39,8332.286,2026-07-07 17:59:59.999000+00:00,15040640.829668,126463,4212.71460000,7605570.07345100,0
2026-07-07 18:00:00+00:00,1810.39,1810.39,1785.88,1786.6,10232.44,2026-07-07 18:59:59.999000+00:00,18403019.222698,93827,3907.61650000,7030303.42928900,0
2026-07-07 19:00:00+00:00,1786.6,1792.39,1773.5,1790.45,14007.652,2026-07-07 19:59:59.999000+00:00,24985034.823996,145030,6205.14080000,11072415.48088800,0
2026-07-07 20:00:00+00:00,1790.46,1793.12,1781.39,1784.12,5049.3563,2026-07-07 20:59:59.999000+00:00,9018794.916206,42910,2219.05520000,3961303.36849000,0
2026-07-07 21:00:00+00:00,1784.12,1789.4,1771.05,1773.84,11249.4179,2026-07-07 21:59:59.999000+00:00,19999452.481862,103122,3392.51110000,6030465.19666400,0
2026-07-07 22:00:00+00:00,1773.83,1778.57,1765.35,1775.55,7075.2101,2026-07-07 22:59:59.999000+00:00,12544471.683993,77767,3103.43580000,5503599.17544700,0
2026-07-07 23:00:00+00:00,1775.55,1780.94,1768.0,1771.45,4334.1525,2026-07-07 23:59:59.999000+00:00,7693905.40596,53375,1525.78320000,2708826.81320100,0
2026-07-08 00:00:00+00:00,1771.45,1785.0,1770.02,1780.29,7805.2465,2026-07-08 00:59:59.999000+00:00,13884679.818528,72936,4481.99510000,7973731.69480100,0
2026-07-08 01:00:00+00:00,1780.29,1780.75,1750.0,1755.94,15773.1709,2026-07-08 01:59:59.999000+00:00,27790537.921178,148921,6277.55320000,11063726.70718600,0
2026-07-08 02:00:00+00:00,1755.93,1759.67,1741.21,1757.62,14172.6562,2026-07-08 02:59:59.999000+00:00,24826396.972187,161048,6164.86680000,10802043.42315500,0
2026-07-08 03:00:00+00:00,1757.63,1763.87,1749.21,1751.78,7909.3394,2026-07-08 03:59:59.999000+00:00,13903125.885898,67588,3613.99270000,6356354.16774600,0
2026-07-08 04:00:00+00:00,1751.74,1758.0,1749.49,1756.5,5605.2015,2026-07-08 04:59:59.999000+00:00,9832128.798189,84038,2564.79100000,4499144.36292000,0
2026-07-08 05:00:00+00:00,1756.5,1759.69,1750.65,1754.14,5002.9563,2026-07-08 05:59:59.999000+00:00,8778276.46166,52026,2254.55220000,3956912.78587100,0
2026-07-08 06:00:00+00:00,1754.15,1755.0,1746.34,1751.81,7293.5031,2026-07-08 06:59:59.999000+00:00,12770574.388774,66092,4153.24670000,7272535.89734200,0
2026-07-08 07:00:00+00:00,1751.81,1757.4,1745.01,1756.7,7480.5338,2026-07-08 07:59:59.999000+00:00,13109781.663675,84561,4492.92450000,7875788.74958700,0
2026-07-08 08:00:00+00:00,1756.7,1758.7,1725.18,1735.32,32556.4033,2026-07-08 08:59:59.999000+00:00,56523604.759813,306847,13576.75990000,23568510.30579200,0
2026-07-08 09:00:00+00:00,1735.32,1740.77,1729.7,1736.05,10459.0811,2026-07-08 09:59:59.999000+00:00,18154385.67178,86011,5030.02110000,8730362.67970500,0
2026-07-08 10:00:00+00:00,1736.06,1742.3,1732.6,1739.34,5418.1347,2026-07-08 10:59:59.999000+00:00,9416541.581958,71303,3031.52220000,5269404.35888900,0
2026-07-08 11:00:00+00:00,1739.34,1750.96,1736.02,1747.95,8362.7553,2026-07-08 11:59:59.999000+00:00,14581295.764291,64718,4440.36020000,7739864.45112200,0
2026-07-08 12:00:00+00:00,1747.95,1751.25,1738.2,1738.58,8062.1841,2026-07-08 12:59:59.999000+00:00,14074763.040075,88744,4129.90200000,7212498.88884500,0
2026-07-08 13:00:00+00:00,1738.58,1744.25,1731.22,1737.72,12548.5749,2026-07-08 13:59:59.999000+00:00,21811897.985523,131065,6012.50190000,10452698.77306200,0
2026-07-08 14:00:00+00:00,1737.71,1740.95,1722.13,1729.62,14284.7821,2026-07-08 14:59:59.999000+00:00,24739226.245381,237683,6707.66370000,11618386.23305900,0
2026-07-08 15:00:00+00:00,1729.62,1730.53,1713.44,1722.96,17338.056,2026-07-08 15:59:59.999000+00:00,29833366.195098,185834,7966.31250000,13710262.21238400,0
2026-07-08 16:00:00+00:00,1722.96,1738.18,1722.78,1736.38,9231.429,2026-07-08 16:59:59.999000+00:00,15975109.868936,103178,5142.75230000,8899199.65645800,0
2026-07-08 17:00:00+00:00,1736.39,1746.52,1730.96,1733.15,10650.8526,2026-07-08 17:59:59.999000+00:00,18507631.953771,77830,5321.82270000,9249275.82796300,0
2026-07-08 18:00:00+00:00,1733.16,1741.2,1730.03,1737.46,6602.4985,2026-07-08 18:59:59.999000+00:00,11465363.463272,111524,3379.82920000,5868920.51473700,0
2026-07-08 19:00:00+00:00,1737.46,1741.52,1733.61,1740.98,4899.933,2026-07-08 19:59:59.999000+00:00,8515058.965974,63701,2193.95360000,3812764.79329100,0
2026-07-08 20:00:00+00:00,1740.99,1741.31,1734.62,1736.42,4235.4422,2026-07-08 20:59:59.999000+00:00,7359631.723869,60173,1677.30190000,2914370.14491500,0
2026-07-08 21:00:00+00:00,1736.42,1740.0,1731.41,1738.06,2971.6202,2026-07-08 21:59:59.999000+00:00,5157455.904302,41275,1372.07530000,2381521.10158500,0
2026-07-08 22:00:00+00:00,1738.07,1743.43,1736.83,1741.4,2733.6635,2026-07-08 22:59:59.999000+00:00,4755960.386942,35442,1388.65350000,2416302.19462100,0
2026-07-08 23:00:00+00:00,1741.39,1744.81,1738.82,1743.54,3833.2072,2026-07-08 23:59:59.999000+00:00,6676945.580268,57288,2065.22380000,3597480.91230600,0
2026-07-09 00:00:00+00:00,1743.55,1744.68,1736.98,1738.22,4559.4541,2026-07-09 00:59:59.999000+00:00,7939167.381457,70220,1921.64660000,3346298.20164400,0
2026-07-09 01:00:00+00:00,1738.22,1756.79,1730.29,1731.79,12551.3305,2026-07-09 01:59:59.999000+00:00,21888095.432989,128725,5506.07390000,9609187.04875000,0
2026-07-09 02:00:00+00:00,1731.8,1739.47,1723.6,1727.3,6230.846,2026-07-09 02:59:59.999000+00:00,10788031.642927,103577,2920.52090000,5057197.56991400,0
2026-07-09 03:00:00+00:00,1727.3,1734.61,1721.93,1730.7,4448.9758,2026-07-09 03:59:59.999000+00:00,7688378.394183,68431,2196.43040000,3796130.96818300,0
2026-07-09 04:00:00+00:00,1730.7,1743.94,1730.35,1742.51,5752.1293,2026-07-09 04:59:59.999000+00:00,9995181.97661,69695,2938.88780000,5107941.99012500,0
2026-07-09 05:00:00+00:00,1742.51,1749.48,1737.46,1749.39,7363.7948,2026-07-09 05:59:59.999000+00:00,12842872.195439,64291,4088.28670000,7132262.20293500,0
2026-07-09 06:00:00+00:00,1749.38,1755.69,1745.91,1755.26,10243.236,2026-07-09 06:59:59.999000+00:00,17945459.849999,86532,6552.87210000,11480982.73895200,0
2026-07-09 07:00:00+00:00,1755.27,1762.36,1749.83,1753.31,14267.9858,2026-07-09 07:59:59.999000+00:00,25025104.543357,93141,7825.66990000,13727882.60107400,0
2026-07-09 08:00:00+00:00,1753.3,1758.68,1750.92,1754.45,4961.8945,2026-07-09 08:59:59.999000+00:00,8710172.415455,64108,2542.95020000,4464061.68002400,0
2026-07-09 09:00:00+00:00,1754.45,1756.52,1749.47,1755.78,5100.4466,2026-07-09 09:59:59.999000+00:00,8941033.912401,48618,2884.01370000,5055856.54688200,0
2026-07-09 10:00:00+00:00,1755.77,1757.34,1744.1,1746.31,4382.0395,2026-07-09 10:59:59.999000+00:00,7671976.349145,44845,1754.02090000,3071950.19916700,0
2026-07-09 11:00:00+00:00,1746.31,1748.49,1741.26,1744.02,5775.6143,2026-07-09 11:59:59.999000+00:00,10074045.074036,64940,2098.40230000,3660299.66949100,0
2026-07-09 12:00:00+00:00,1744.02,1747.2,1734.7,1741.8,19303.9449,2026-07-09 12:59:59.999000+00:00,33616375.846644,130497,8489.77270000,14783283.84914800,0
2026-07-09 13:00:00+00:00,1741.8,1752.0,1735.94,1746.99,12891.6653,2026-07-09 13:59:59.999000+00:00,22478097.764279,192425,7180.85000000,12519435.94612300,0
2026-07-09 14:00:00+00:00,1746.99,1749.83,1733.36,1743.14,12621.6315,2026-07-09 14:59:59.999000+00:00,21941535.095199,148772,5272.94200000,9171597.14878200,0
2026-07-09 15:00:00+00:00,1743.14,1749.37,1737.52,1739.51,5941.4718,2026-07-09 15:59:59.999000+00:00,10359022.042969,67436,3318.40060000,5787072.44823000,0
2026-07-09 16:00:00+00:00,1739.51,1743.84,1731.99,1739.25,5567.8378,2026-07-09 16:59:59.999000+00:00,9676349.59706,57159,2847.93470000,4950097.94663900,0
2026-07-09 17:00:00+00:00,1739.25,1752.5,1738.46,1748.52,5902.7665,2026-07-09 17:59:59.999000+00:00,10304393.63134,64132,3562.30840000,6219750.50949200,0
2026-07-09 18:00:00+00:00,1748.53,1759.82,1747.47,1751.55,8365.6834,2026-07-09 18:59:59.999000+00:00,14673647.776342,70947,5145.97540000,9027256.71539200,0
2026-07-09 19:00:00+00:00,1751.56,1752.95,1747.12,1748.51,4098.7671,2026-07-09 19:59:59.999000+00:00,7171221.728877,49744,1688.84520000,2954624.65068300,0
2026-07-09 20:00:00+00:00,1748.51,1750.36,1745.27,1748.76,3290.1512,2026-07-09 20:59:59.999000+00:00,5750683.643147,48343,1798.14110000,3143122.83667700,0
2026-07-09 21:00:00+00:00,1748.77,1750.97,1745.01,1748.17,3391.9713,2026-07-09 21:59:59.999000+00:00,5927976.543951,32174,1714.81390000,2996854.39117400,0
2026-07-09 22:00:00+00:00,1748.17,1751.08,1746.33,1747.52,2982.5422,2026-07-09 22:59:59.999000+00:00,5216384.900771,33487,1577.95650000,2759632.16900200,0
2026-07-09 23:00:00+00:00,1747.53,1749.07,1741.56,1745.16,3709.077,2026-07-09 23:59:59.999000+00:00,6474589.906628,49824,1407.41150000,2456535.31150900,0
2026-07-10 00:00:00+00:00,1745.17,1746.42,1737.68,1743.09,4484.7128,2026-07-10 00:59:59.999000+00:00,7812178.575856,76155,1980.90960000,3450967.24507200,0
2026-07-10 01:00:00+00:00,1743.09,1777.47,1738.25,1767.62,21949.684,2026-07-10 01:59:59.999000+00:00,38737633.799381,148467,11626.29000000,20498350.00103400,0
2026-07-10 02:00:00+00:00,1767.62,1775.0,1764.56,1772.86,9964.5334,2026-07-10 02:59:59.999000+00:00,17630983.098064,101345,5772.82280000,10214282.98666300,0
2026-07-10 03:00:00+00:00,1772.87,1779.68,1769.22,1776.12,8951.6011,2026-07-10 03:59:59.999000+00:00,15879032.672523,75245,4760.82230000,8446843.22973100,0
2026-07-10 04:00:00+00:00,1776.13,1780.33,1771.94,1774.75,6935.6825,2026-07-10 04:59:59.999000+00:00,12323195.138435,67872,3659.48860000,6502417.87142100,0
2026-07-10 05:00:00+00:00,1774.74,1780.0,1772.54,1779.04,5928.9942,2026-07-10 05:59:59.999000+00:00,10531498.093752,58490,3149.62360000,5594837.86053900,0
2026-07-10 06:00:00+00:00,1779.04,1779.88,1769.23,1771.17,6368.2482,2026-07-10 06:59:59.999000+00:00,11296988.200418,44834,2978.04940000,5283753.20796900,0
2026-07-10 07:00:00+00:00,1771.17,1777.45,1768.57,1773.2,4620.3744,2026-07-10 07:59:59.999000+00:00,8191006.355287,40277,1776.74710000,3149948.65230500,0
2026-07-10 08:00:00+00:00,1773.2,1789.59,1772.63,1783.99,10180.5542,2026-07-10 08:59:59.999000+00:00,18158286.153046,91562,5821.34030000,10380625.10374600,0
2026-07-10 09:00:00+00:00,1783.99,1794.94,1781.27,1792.56,10631.991,2026-07-10 09:59:59.999000+00:00,19025235.101624,86807,5577.14410000,9980739.71171000,0
2026-07-10 10:00:00+00:00,1792.55,1802.99,1789.45,1797.01,13415.1511,2026-07-10 10:59:59.999000+00:00,24112579.555017,92258,8459.03470000,15206930.25868500,0
2026-07-10 11:00:00+00:00,1797.01,1802.41,1794.25,1801.22,12000.0323,2026-07-10 11:59:59.999000+00:00,21582096.905441,87553,6080.40470000,10936502.48447700,0
2026-07-10 12:00:00+00:00,1801.22,1807.18,1792.98,1793.95,14822.5825,2026-07-10 12:59:59.999000+00:00,26682257.717115,87356,7593.27500000,13666491.62488700,0
2026-07-10 13:00:00+00:00,1793.95,1812.0,1793.65,1803.82,14696.7191,2026-07-10 13:59:59.999000+00:00,26473869.358681,118220,8422.42290000,15170359.68795700,0
2026-07-10 14:00:00+00:00,1803.82,1804.49,1775.0,1785.06,18781.4258,2026-07-10 14:59:59.999000+00:00,33573060.080795,183369,8827.13140000,15775023.25076300,0
2026-07-10 15:00:00+00:00,1785.06,1796.88,1784.03,1791.11,8899.216,2026-07-10 15:59:59.999000+00:00,15929658.078831,87907,4783.35010000,8563362.19204500,0
2026-07-10 16:00:00+00:00,1791.11,1799.53,1785.86,1797.49,7780.2187,2026-07-10 16:59:59.999000+00:00,13938475.935151,72890,3671.27180000,6578213.76204300,0
2026-07-10 17:00:00+00:00,1797.48,1799.0,1788.02,1788.03,6049.0319,2026-07-10 17:59:59.999000+00:00,10846890.54081,50465,1907.30050000,3419928.60552200,0
2026-07-10 18:00:00+00:00,1788.03,1794.0,1781.2,1784.94,6073.9716,2026-07-10 18:59:59.999000+00:00,10860766.730184,54249,2607.91740000,4663240.56601600,0
2026-07-10 19:00:00+00:00,1784.94,1797.31,1784.1,1792.68,6542.4264,2026-07-10 19:59:59.999000+00:00,11722163.206752,67675,3759.41250000,6733595.23434100,0
2026-07-10 20:00:00+00:00,1792.68,1794.46,1789.65,1790.14,5201.0439,2026-07-10 20:59:59.999000+00:00,9320920.26604,51505,2595.13670000,4650989.73157600,0
2026-07-10 21:00:00+00:00,1790.13,1796.99,1789.6,1794.37,5005.503,2026-07-10 21:59:59.999000+00:00,8977058.016134,62168,2366.89550000,4244797.82670300,0
2026-07-10 22:00:00+00:00,1794.37,1796.62,1792.95,1795.2,3421.8874,2026-07-10 22:59:59.999000+00:00,6141378.819049,53490,1649.22170000,2959707.55509900,0
2026-07-10 23:00:00+00:00,1795.2,1798.0,1792.57,1796.85,2900.219,2026-07-10 23:59:59.999000+00:00,5208422.472311,25212,1714.89000000,3079525.80881500,0
2026-07-11 00:00:00+00:00,1796.85,1797.2,1790.1,1793.36,3618.9527,2026-07-11 00:59:59.999000+00:00,6490560.348797,31239,1722.81890000,3089470.56058300,0
2026-07-11 01:00:00+00:00,1793.35,1799.29,1788.25,1789.09,5003.1604,2026-07-11 01:59:59.999000+00:00,8967895.528239,37247,2395.15240000,4293635.25733300,0
2026-07-11 02:00:00+00:00,1789.09,1796.14,1786.77,1795.59,4151.1043,2026-07-11 02:59:59.999000+00:00,7440817.079453,42389,2352.25590000,4217870.98062500,0
2026-07-11 03:00:00+00:00,1795.59,1798.24,1792.03,1796.5,3677.8442,2026-07-11 03:59:59.999000+00:00,6605149.929008,38149,1837.78210000,3300941.71707200,0
2026-07-11 04:00:00+00:00,1796.5,1800.18,1795.75,1796.53,3954.4207,2026-07-11 04:59:59.999000+00:00,7110415.669122,34903,2790.76120000,5018820.89841800,0
2026-07-11 05:00:00+00:00,1796.52,1802.27,1795.07,1799.45,4300.63,2026-07-11 05:59:59.999000+00:00,7736431.381447,37593,2432.00470000,4374300.22367300,0
2026-07-11 06:00:00+00:00,1799.44,1803.29,1794.6,1799.32,8839.6665,2026-07-11 06:59:59.999000+00:00,15910858.549511,42131,4605.21210000,8289200.94669000,0
2026-07-11 07:00:00+00:00,1799.31,1802.0,1797.93,1800.0,5908.3944,2026-07-11 07:59:59.999000+00:00,10635516.794957,29477,2068.26490000,3722963.57149700,0
2026-07-11 08:00:00+00:00,1799.99,1803.52,1799.58,1801.47,2510.2973,2026-07-11 08:59:59.999000+00:00,4521920.602211,24122,1028.14050000,1851976.65727100,0
2026-07-11 09:00:00+00:00,1801.47,1802.59,1795.15,1795.5,3701.7549,2026-07-11 09:59:59.999000+00:00,6658870.744594,37723,1476.94680000,2656596.81935800,0
2026-07-11 10:00:00+00:00,1795.51,1799.28,1795.23,1798.3,2958.8759,2026-07-11 10:59:59.999000+00:00,5318223.963994,27926,958.21670000,1722235.69491100,0
2026-07-11 11:00:00+00:00,1798.3,1801.02,1797.2,1800.48,3992.7228,2026-07-11 11:59:59.999000+00:00,7184214.287982,31341,2282.69590000,4107857.73041200,0
2026-07-11 12:00:00+00:00,1800.47,1801.66,1798.42,1800.1,2803.0121,2026-07-11 12:59:59.999000+00:00,5045411.106967,25058,1214.51170000,2186120.91615300,0
2026-07-11 13:00:00+00:00,1800.1,1808.37,1799.15,1802.61,4888.9376,2026-07-11 13:59:59.999000+00:00,8814242.226311,27870,2104.66900000,3795184.29331800,0
2026-07-11 14:00:00+00:00,1802.61,1817.62,1802.48,1810.73,13659.347,2026-07-11 14:59:59.999000+00:00,24739420.323453,86089,7010.43350000,12695853.87022000,0
2026-07-11 15:00:00+00:00,1810.73,1828.0,1808.73,1814.83,27611.2584,2026-07-11 15:59:59.999000+00:00,50227755.900722,158244,12899.49540000,23467568.07926700,0
2026-07-11 16:00:00+00:00,1814.82,1824.43,1810.62,1823.34,17930.4094,2026-07-11 16:59:59.999000+00:00,32610794.223596,84658,7757.66710000,14108395.44193600,0
2026-07-11 17:00:00+00:00,1823.34,1830.0,1818.42,1824.73,7153.2814,2026-07-11 17:59:59.999000+00:00,13054379.823292,53101,3358.40450000,6130334.36725700,0
2026-07-11 18:00:00+00:00,1824.72,1830.0,1823.7,1826.39,6844.0462,2026-07-11 18:59:59.999000+00:00,12501778.721908,38931,3299.14340000,6028072.90966200,0
2026-07-11 19:00:00+00:00,1826.39,1827.21,1818.96,1824.38,12178.8537,2026-07-11 19:59:59.999000+00:00,22200136.419014,52068,6199.98320000,11299365.74542300,0
2026-07-11 20:00:00+00:00,1824.38,1828.57,1823.21,1825.97,3595.7554,2026-07-11 20:59:59.999000+00:00,6565951.629415,30685,1371.46970000,2504984.77059800,0
2026-07-11 21:00:00+00:00,1825.97,1829.17,1822.65,1823.97,3406.4865,2026-07-11 21:59:59.999000+00:00,6220730.446404,35275,1749.94320000,3196250.35886800,0
2026-07-11 22:00:00+00:00,1823.96,1824.21,1809.26,1813.73,7981.4488,2026-07-11 22:59:59.999000+00:00,14492577.484762,59355,3249.18390000,5900543.22849200,0
2026-07-11 23:00:00+00:00,1813.73,1815.86,1786.58,1787.76,18032.7577,2026-07-11 23:59:59.999000+00:00,32404356.159998,131056,6682.84090000,12003927.15346600,0
2026-07-12 00:00:00+00:00,1787.76,1791.18,1779.46,1788.98,11937.4912,2026-07-12 00:59:59.999000+00:00,21321871.803391,123446,4634.35310000,8279142.11481100,0
2026-07-12 01:00:00+00:00,1788.98,1808.3,1788.16,1806.7,8466.368,2026-07-12 01:59:59.999000+00:00,15242450.476361,82821,4910.63570000,8838089.22933300,0
2026-07-12 02:00:00+00:00,1806.7,1807.6,1802.97,1805.12,3503.1599,2026-07-12 02:59:59.999000+00:00,6324076.782974,36965,1441.63460000,2602732.41083200,0
2026-07-12 03:00:00+00:00,1805.11,1813.67,1802.66,1811.53,6583.9137,2026-07-12 03:59:59.999000+00:00,11910725.17614,36638,3481.13230000,6297225.84039600,0
2026-07-12 04:00:00+00:00,1811.53,1812.63,1804.15,1805.92,3232.0753,2026-07-12 04:59:59.999000+00:00,5844879.520035,25558,1227.76990000,2220596.44385800,0
2026-07-12 05:00:00+00:00,1805.92,1807.15,1801.3,1803.25,2322.3498,2026-07-12 05:59:59.999000+00:00,4188928.165501,20853,1004.26220000,1811330.99788500,0
2026-07-12 06:00:00+00:00,1803.25,1803.25,1789.44,1795.13,6351.426,2026-07-12 06:59:59.999000+00:00,11398573.720382,54621,2032.88220000,3647526.70011300,0
2026-07-12 07:00:00+00:00,1795.14,1799.1,1794.2,1798.78,2575.7308,2026-07-12 07:59:59.999000+00:00,4629550.156185,22919,1245.21910000,2238071.80431400,0
2026-07-12 08:00:00+00:00,1798.78,1808.94,1798.73,1805.22,3448.4174,2026-07-12 08:59:59.999000+00:00,6224022.572446,52823,1905.51300000,3439108.01108500,0
2026-07-12 09:00:00+00:00,1805.22,1805.99,1796.69,1802.39,3895.0867,2026-07-12 09:59:59.999000+00:00,7015336.145068,50328,1713.22290000,3086034.43693900,0
2026-07-12 10:00:00+00:00,1802.4,1802.58,1798.99,1799.4,2402.4827,2026-07-12 10:59:59.999000+00:00,4325429.096197,30359,1153.26950000,2076232.47105400,0
2026-07-12 11:00:00+00:00,1799.41,1806.84,1796.48,1803.77,3917.3923,2026-07-12 11:59:59.999000+00:00,7058860.745056,28216,1864.15500000,3359701.99127000,0
2026-07-12 12:00:00+00:00,1803.77,1809.42,1803.0,1807.01,2524.4339,2026-07-12 12:59:59.999000+00:00,4559467.275422,34766,1225.86330000,2214299.52396100,0
2026-07-12 13:00:00+00:00,1807.02,1809.78,1805.33,1805.95,2484.6762,2026-07-12 13:59:59.999000+00:00,4490817.062238,43583,1377.47480000,2489790.54228200,0
2026-07-12 14:00:00+00:00,1805.95,1822.0,1804.2,1819.51,11538.3428,2026-07-12 14:59:59.999000+00:00,20938226.95187,69592,7275.46760000,13207029.87664900,0
2026-07-12 15:00:00+00:00,1819.5,1826.92,1816.54,1820.93,16127.378,2026-07-12 15:59:59.999000+00:00,29395947.372817,84096,8974.11240000,16355570.58477000,0
2026-07-12 16:00:00+00:00,1820.94,1824.39,1817.6,1822.0,12343.5195,2026-07-12 16:59:59.999000+00:00,22482450.725402,53267,5330.08800000,9707313.04761800,0
2026-07-12 17:00:00+00:00,1821.99,1822.54,1814.85,1818.5,5327.096,2026-07-12 17:59:59.999000+00:00,9691724.406173,31789,1796.40880000,3267506.74647600,0
2026-07-12 18:00:00+00:00,1818.51,1822.38,1815.12,1821.42,5070.4522,2026-07-12 18:59:59.999000+00:00,9222117.817741,29076,2325.52060000,4229253.55677600,0
2026-07-12 19:00:00+00:00,1821.42,1823.0,1818.71,1821.4,4492.9629,2026-07-12 19:59:59.999000+00:00,8184126.36541,22778,2847.06870000,5186685.63373200,0
2026-07-12 20:00:00+00:00,1821.4,1824.0,1818.8,1821.26,3550.7459,2026-07-12 20:59:59.999000+00:00,6467974.876017,20469,1759.54610000,3205205.33679000,0
2026-07-12 21:00:00+00:00,1821.26,1823.63,1810.78,1812.28,4999.7281,2026-07-12 21:59:59.999000+00:00,9077092.713975,43671,2012.93090000,3653599.90771400,0
2026-07-12 22:00:00+00:00,1812.27,1812.27,1797.63,1805.06,10013.1409,2026-07-12 22:59:59.999000+00:00,18047563.25831,118882,4124.06850000,7434273.78752500,0
2026-07-12 23:00:00+00:00,1805.05,1808.94,1801.0,1806.8,3964.6133,2026-07-12 23:59:59.999000+00:00,7156633.808066,45649,1879.53330000,3393457.84567700,0
2026-07-13 00:00:00+00:00,1806.8,1846.0,1804.41,1826.59,45581.4935,2026-07-13 00:59:59.999000+00:00,83360432.737048,317850,23538.75490000,43042073.95448200,0
2026-07-13 01:00:00+00:00,1826.6,1829.99,1805.32,1806.83,13467.7705,2026-07-13 01:59:59.999000+00:00,24479744.028547,168743,6586.12000000,11975892.24215400,0
2026-07-13 02:00:00+00:00,1806.84,1814.82,1798.99,1806.99,12025.5538,2026-07-13 02:59:59.999000+00:00,21730727.399149,132303,6237.29580000,11273703.01438000,0
2026-07-13 03:00:00+00:00,1806.99,1806.99,1775.0,1780.55,28414.5054,2026-07-13 03:59:59.999000+00:00,50770407.730288,180905,11421.81210000,20403388.62839500,0
2026-07-13 04:00:00+00:00,1780.54,1785.16,1776.42,1779.03,7879.8209,2026-07-13 04:59:59.999000+00:00,14030200.46218,63791,3980.62850000,7088156.24246600,0
2026-07-13 05:00:00+00:00,1779.03,1786.61,1773.99,1781.64,10049.8184,2026-07-13 05:59:59.999000+00:00,17896605.894128,106184,4239.00560000,7551792.40738000,0
2026-07-13 06:00:00+00:00,1781.64,1783.42,1775.96,1777.85,7014.6965,2026-07-13 06:59:59.999000+00:00,12474946.253066,49620,2895.31480000,5148442.79287300,0
2026-07-13 07:00:00+00:00,1777.85,1791.39,1776.44,1787.57,9229.3896,2026-07-13 07:59:59.999000+00:00,16472809.585114,72215,4791.70050000,8556530.88415800,0
2026-07-13 08:00:00+00:00,1787.58,1793.56,1783.86,1790.17,7102.9688,2026-07-13 08:59:59.999000+00:00,12699756.931411,60101,3699.36160000,6615270.71843600,0
2026-07-13 09:00:00+00:00,1790.18,1790.55,1784.92,1785.81,4441.8454,2026-07-13 09:59:59.999000+00:00,7938580.498565,43176,1506.31010000,2692001.91900900,0
2026-07-13 10:00:00+00:00,1785.81,1786.89,1777.1,1779.43,8604.8338,2026-07-13 10:59:59.999000+00:00,15331666.533586,61085,2775.96120000,4945942.60926900,0
2026-07-13 11:00:00+00:00,1779.43,1784.98,1779.43,1780.74,4821.3527,2026-07-13 11:59:59.999000+00:00,8593348.031874,55161,2752.72610000,4906117.19227300,0
2026-07-13 12:00:00+00:00,1780.74,1783.54,1767.73,1772.33,13917.3552,2026-07-13 12:59:59.999000+00:00,24695669.187632,117997,6205.24680000,11012874.28745900,0
2026-07-13 13:00:00+00:00,1772.33,1776.54,1763.46,1771.3,16550.7364,2026-07-13 13:59:59.999000+00:00,29281894.389835,167179,6741.11570000,11927522.96284900,0
2026-07-13 14:00:00+00:00,1771.3,1782.0,1762.44,1781.74,19924.444,2026-07-13 14:59:59.999000+00:00,35298473.381687,242418,9744.58770000,17268205.17277400,0
2026-07-13 15:00:00+00:00,1781.74,1786.53,1775.5,1777.01,7213.6617,2026-07-13 15:59:59.999000+00:00,12840295.07051,95240,3384.17840000,6024809.70068600,0
2026-07-13 16:00:00+00:00,1777.0,1780.73,1767.38,1772.05,8562.9868,2026-07-13 16:59:59.999000+00:00,15184373.923375,109979,4430.61410000,7857883.83231400,0
2026-07-13 17:00:00+00:00,1772.05,1776.33,1753.25,1753.62,16382.0209,2026-07-13 17:59:59.999000+00:00,28907658.225511,119828,7472.96800000,13187443.25797600,0
2026-07-13 18:00:00+00:00,1753.62,1767.39,1750.2,1764.9,16733.3896,2026-07-13 18:59:59.999000+00:00,29414583.875869,137222,7440.65340000,13078448.70897400,0
2026-07-13 19:00:00+00:00,1764.9,1775.26,1764.51,1774.92,7678.5797,2026-07-13 19:59:59.999000+00:00,13586024.982478,75591,4050.43730000,7167744.94082400,0
2026-07-13 20:00:00+00:00,1774.93,1776.99,1761.72,1767.33,5722.3299,2026-07-13 20:59:59.999000+00:00,10126772.471403,66986,2524.51070000,4467390.66680200,0
2026-07-13 21:00:00+00:00,1767.34,1767.34,1752.59,1761.68,8959.9707,2026-07-13 21:59:59.999000+00:00,15752544.404743,78647,4144.11950000,7283587.34558700,0
2026-07-13 22:00:00+00:00,1761.68,1768.45,1756.41,1758.5,5489.761,2026-07-13 22:59:59.999000+00:00,9682144.205599,54000,2757.87550000,4864169.85823900,0
2026-07-13 23:00:00+00:00,1758.51,1778.05,1756.49,1776.72,9262.3346,2026-07-13 23:59:59.999000+00:00,16385389.886704,73081,5712.09800000,10103183.80803100,0
2026-07-14 00:00:00+00:00,1776.71,1788.64,1773.41,1786.02,8453.577,2026-07-14 00:59:59.999000+00:00,15053201.600737,114985,4238.29600000,7548744.60424900,0
2026-07-14 01:00:00+00:00,1786.02,1794.47,1783.27,1784.84,8797.1228,2026-07-14 01:59:59.999000+00:00,15723706.053813,93033,5167.74280000,9236243.39407200,0
2026-07-14 02:00:00+00:00,1784.83,1789.02,1775.07,1782.66,4929.1279,2026-07-14 02:59:59.999000+00:00,8786312.890208,85854,2270.85350000,4048145.85490500,0
2026-07-14 03:00:00+00:00,1782.67,1783.96,1774.75,1783.65,3656.0138,2026-07-14 03:59:59.999000+00:00,6507735.498072,60803,1855.76730000,3303665.35003700,0
2026-07-14 04:00:00+00:00,1783.64,1789.99,1782.26,1785.93,5691.2412,2026-07-14 04:59:59.999000+00:00,10165549.095478,42525,2753.58300000,4918557.20987600,0
2026-07-14 05:00:00+00:00,1785.92,1793.26,1784.53,1787.04,6015.8697,2026-07-14 05:59:59.999000+00:00,10763930.29958,65468,3452.14570000,6177406.95400300,0
2026-07-14 06:00:00+00:00,1787.03,1787.4,1781.92,1783.19,4426.5235,2026-07-14 06:59:59.999000+00:00,7901785.523902,45767,1772.17040000,3163629.89260600,0
2026-07-14 07:00:00+00:00,1783.19,1786.55,1779.41,1781.21,6999.264,2026-07-14 07:59:59.999000+00:00,12476872.702787,74283,4491.85270000,8007901.97931000,0
2026-07-14 08:00:00+00:00,1781.21,1789.61,1779.0,1785.93,6336.9061,2026-07-14 08:59:59.999000+00:00,11305315.703191,66561,2715.72810000,4847218.82113100,0
2026-07-14 09:00:00+00:00,1785.94,1789.56,1782.9,1786.19,5397.6891,2026-07-14 09:59:59.999000+00:00,9644338.962674,64532,2890.50230000,5163829.06989700,0
2026-07-14 10:00:00+00:00,1786.19,1805.0,1786.11,1800.12,27952.7187,2026-07-14 10:59:59.999000+00:00,50233833.190606,128842,14818.18200000,26628737.75244700,0
2026-07-14 11:00:00+00:00,1800.13,1802.95,1795.82,1798.09,7829.777,2026-07-14 11:59:59.999000+00:00,14080988.143644,76267,4713.88700000,8476424.89939300,0
2026-07-14 12:00:00+00:00,1798.09,1867.71,1794.37,1861.04,78226.0812,2026-07-14 12:59:59.999000+00:00,143252219.887761,523090,51006.78070000,93394703.38560800,0
2026-07-14 13:00:00+00:00,1861.04,1882.85,1854.41,1871.31,59074.2425,2026-07-14 13:59:59.999000+00:00,110444040.442606,520133,30318.91110000,56691254.50952100,0
2026-07-14 14:00:00+00:00,1871.3,1884.56,1859.46,1881.16,27015.0555,2026-07-14 14:59:59.999000+00:00,50490606.141049,275242,13493.02840000,25232316.74171000,0
2026-07-14 15:00:00+00:00,1881.17,1888.8,1872.85,1875.22,28696.3813,2026-07-14 15:59:59.999000+00:00,53957484.71855,252634,14653.77510000,27553847.80241100,0
2026-07-14 16:00:00+00:00,1875.22,1877.07,1868.76,1873.79,12744.1414,2026-07-14 16:59:59.999000+00:00,23879548.711647,137182,7119.65200000,13340794.31386000,0
2026-07-14 17:00:00+00:00,1873.8,1873.8,1860.56,1871.54,12580.7554,2026-07-14 17:59:59.999000+00:00,23491044.802005,127790,6704.65120000,12517960.03144100,0
2026-07-14 18:00:00+00:00,1871.55,1876.83,1868.18,1874.79,6718.5307,2026-07-14 18:59:59.999000+00:00,12580106.849354,81173,3005.53790000,5627718.15194800,0
2026-07-14 19:00:00+00:00,1874.79,1881.56,1874.43,1876.74,6916.4956,2026-07-14 19:59:59.999000+00:00,12985615.532522,91060,3443.83830000,6465233.27557800,0
2026-07-14 20:00:00+00:00,1876.74,1878.55,1873.63,1875.42,3540.1765,2026-07-14 20:59:59.999000+00:00,6640618.959348,41485,1513.69710000,2839695.39975000,0
2026-07-14 21:00:00+00:00,1875.41,1879.74,1874.4,1876.46,4325.4409,2026-07-14 21:59:59.999000+00:00,8120159.754632,53458,1928.46650000,3620290.76876500,0
2026-07-14 22:00:00+00:00,1876.46,1896.14,1872.06,1882.04,21465.4147,2026-07-14 22:59:59.999000+00:00,40500711.433403,162193,11734.52300000,22130605.65985800,0
2026-07-14 23:00:00+00:00,1882.04,1893.32,1878.69,1891.87,11125.2255,2026-07-14 23:59:59.999000+00:00,20987778.371969,99547,6102.89270000,11515259.39330900,0
2026-07-15 00:00:00+00:00,1891.87,1893.32,1878.13,1881.58,9550.6408,2026-07-15 00:59:59.999000+00:00,17997493.386883,127970,4311.25640000,8126897.11802300,0
2026-07-15 01:00:00+00:00,1881.58,1881.98,1867.23,1870.2,10644.9734,2026-07-15 01:59:59.999000+00:00,19940515.485681,126940,4092.13540000,7666202.69516400,0
2026-07-15 02:00:00+00:00,1870.19,1873.04,1864.38,1864.6,8096.6475,2026-07-15 02:59:59.999000+00:00,15119123.343624,80382,3018.64990000,5636650.79007200,0
2026-07-15 03:00:00+00:00,1864.6,1878.96,1864.46,1876.08,6856.5606,2026-07-15 03:59:59.999000+00:00,12832826.118257,74498,3488.38370000,6528305.69676900,0
2026-07-15 04:00:00+00:00,1876.08,1880.59,1873.31,1876.49,5458.1045,2026-07-15 04:59:59.999000+00:00,10246464.298194,64601,2475.80040000,4647638.55581500,0
2026-07-15 05:00:00+00:00,1876.5,1883.54,1871.64,1882.68,5911.7597,2026-07-15 05:59:59.999000+00:00,11088300.881866,52350,2617.54230000,4910778.05192300,0
2026-07-15 06:00:00+00:00,1882.69,1891.89,1875.52,1875.87,11821.1832,2026-07-15 06:59:59.999000+00:00,22287971.341263,98796,5085.51970000,9590007.74757800,0
2026-07-15 07:00:00+00:00,1875.87,1877.16,1864.7,1870.04,13148.2806,2026-07-15 07:59:59.999000+00:00,24589166.77547,72946,6349.52580000,11874795.89163600,0
2026-07-15 08:00:00+00:00,1870.04,1879.64,1870.03,1879.22,7626.3554,2026-07-15 08:59:59.999000+00:00,14297677.554768,56806,4793.58970000,8985568.12431900,0
2026-07-15 09:00:00+00:00,1879.22,1886.59,1879.18,1879.86,11037.7879,2026-07-15 09:59:59.999000+00:00,20772683.704944,78239,5611.48610000,10561068.24065400,0
2026-07-15 10:00:00+00:00,1879.86,1886.55,1874.98,1878.11,10094.6306,2026-07-15 10:59:59.999000+00:00,18980921.296654,86328,5609.33370000,10548450.56302600,0
2026-07-15 11:00:00+00:00,1878.12,1885.71,1877.48,1884.62,6327.1196,2026-07-15 11:59:59.999000+00:00,11904351.136742,51696,3026.49320000,5694438.75378500,0
2026-07-15 12:00:00+00:00,1884.62,1929.94,1879.25,1927.16,40956.8654,2026-07-15 12:59:59.999000+00:00,78153201.069382,247271,23578.71290000,44981932.19519900,0
2026-07-15 13:00:00+00:00,1927.17,1946.52,1917.16,1925.76,55492.8037,2026-07-15 13:59:59.999000+00:00,107369245.657328,401288,30612.55170000,59251111.54088400,0
2026-07-15 14:00:00+00:00,1925.77,1935.51,1919.12,1933.23,25792.0082,2026-07-15 14:59:59.999000+00:00,49754190.848132,288772,14238.25470000,27466339.66223900,0
2026-07-15 15:00:00+00:00,1933.24,1937.6,1925.95,1931.95,15043.138,2026-07-15 15:59:59.999000+00:00,29066680.858768,141444,8395.68720000,16221807.74940300,0
2026-07-15 16:00:00+00:00,1931.96,1932.95,1904.36,1919.62,21205.2658,2026-07-15 16:59:59.999000+00:00,40667834.489545,205327,9459.24150000,18141194.14244000,0
2026-07-15 17:00:00+00:00,1919.62,1931.22,1919.44,1927.94,10664.0432,2026-07-15 17:59:59.999000+00:00,20522170.602711,125594,5687.50790000,10946746.51973600,0
2026-07-15 18:00:00+00:00,1927.93,1937.0,1922.62,1924.47,14593.8081,2026-07-15 18:59:59.999000+00:00,28177442.984353,109681,7975.02830000,15405376.72701100,0
2026-07-15 19:00:00+00:00,1924.47,1929.06,1918.92,1924.15,8808.6579,2026-07-15 19:59:59.999000+00:00,16956103.146534,94212,4237.85850000,8158239.20850200,0
2026-07-15 20:00:00+00:00,1924.15,1930.71,1919.71,1923.75,4481.7148,2026-07-15 20:59:59.999000+00:00,8627045.989483,40397,2359.51770000,4542079.58188300,0
2026-07-15 21:00:00+00:00,1923.75,1925.73,1919.8,1922.0,4689.2691,2026-07-15 21:59:59.999000+00:00,9015318.348162,33064,1832.21610000,3521872.72325400,0
2026-07-15 22:00:00+00:00,1922.0,1928.58,1918.3,1923.43,6006.3769,2026-07-15 22:59:59.999000+00:00,11553949.311746,55595,2690.25040000,5175718.64220700,0
2026-07-15 23:00:00+00:00,1923.43,1927.28,1914.89,1917.86,5492.9744,2026-07-15 23:59:59.999000+00:00,10548571.012237,51960,2894.56030000,5558262.62274900,0
2026-07-16 00:00:00+00:00,1917.86,1924.98,1911.61,1914.86,8258.6048,2026-07-16 00:59:59.999000+00:00,15836865.684656,130812,3160.90170000,6063017.28899800,0
2026-07-16 01:00:00+00:00,1914.85,1926.0,1908.12,1922.7,6776.8171,2026-07-16 01:59:59.999000+00:00,12989123.614949,125693,3225.24210000,6183680.22572100,0
2026-07-16 02:00:00+00:00,1922.69,1926.23,1918.97,1925.37,5134.8702,2026-07-16 02:59:59.999000+00:00,9870735.802326,104186,2313.93060000,4448141.45754200,0
2026-07-16 03:00:00+00:00,1925.36,1929.0,1917.08,1918.7,7997.9096,2026-07-16 03:59:59.999000+00:00,15392488.880002,86763,3543.23890000,6819104.32368000,0
2026-07-16 04:00:00+00:00,1918.7,1920.98,1914.13,1918.31,5147.2064,2026-07-16 04:59:59.999000+00:00,9873110.928979,65853,2357.95560000,4522570.17781100,0
2026-07-16 05:00:00+00:00,1918.3,1927.63,1917.12,1925.66,4973.3106,2026-07-16 05:59:59.999000+00:00,9563394.772415,58671,2476.66700000,4763846.85713100,0
2026-07-16 06:00:00+00:00,1925.65,1929.48,1915.56,1922.53,5109.2539,2026-07-16 06:59:59.999000+00:00,9826409.593177,50489,2512.89880000,4834958.63716100,0
2026-07-16 07:00:00+00:00,1922.54,1922.54,1905.0,1910.63,13927.6427,2026-07-16 07:59:59.999000+00:00,26616429.740687,86769,5095.05590000,9737379.04147100,0
2026-07-16 08:00:00+00:00,1910.64,1912.85,1875.56,1886.09,48846.3453,2026-07-16 08:59:59.999000+00:00,92303569.865912,279057,22979.67880000,43413181.11374200,0
2026-07-16 09:00:00+00:00,1886.09,1889.28,1880.41,1884.67,14158.6377,2026-07-16 09:59:59.999000+00:00,26697435.765421,100005,6348.68510000,11973352.82498900,0
2026-07-16 10:00:00+00:00,1884.68,1891.78,1883.77,1888.58,8749.0809,2026-07-16 10:59:59.999000+00:00,16521275.183227,69507,5525.81320000,10435588.44863000,0
2026-07-16 11:00:00+00:00,1888.58,1888.58,1879.32,1885.26,13696.67,2026-07-16 11:59:59.999000+00:00,25818302.867409,82988,7352.46580000,13861934.42745800,0
2026-07-16 12:00:00+00:00,1885.26,1885.26,1867.68,1872.55,15798.2091,2026-07-16 12:59:59.999000+00:00,29640877.410778,111470,6188.62470000,11611436.06653400,0
2026-07-16 13:00:00+00:00,1872.55,1890.23,1871.05,1882.81,15724.0126,2026-07-16 13:59:59.999000+00:00,29576596.487904,180719,6784.86010000,12759186.04996500,0
2026-07-16 14:00:00+00:00,1882.8,1893.0,1874.98,1883.52,16858.936,2026-07-16 14:59:59.999000+00:00,31798428.25994,219393,6547.68440000,12352779.59619000,0
2026-07-16 15:00:00+00:00,1883.52,1894.38,1871.12,1881.88,15612.3999,2026-07-16 15:59:59.999000+00:00,29399209.012852,182948,6957.43400000,13103418.97895800,0
2026-07-16 16:00:00+00:00,1881.89,1883.0,1874.67,1878.9,10171.5353,2026-07-16 16:59:59.999000+00:00,19101233.135114,109324,5075.02750000,9529617.38856200,0
2026-07-16 17:00:00+00:00,1878.9,1879.25,1862.57,1868.91,12328.356,2026-07-16 17:59:59.999000+00:00,23054001.095243,129321,4733.57470000,8852002.12242500,0
2026-07-16 18:00:00+00:00,1868.92,1879.69,1868.1,1875.85,6809.1903,2026-07-16 18:59:59.999000+00:00,12766110.614623,77682,3908.06880000,7327672.69221700,0
2026-07-16 19:00:00+00:00,1875.85,1877.75,1871.09,1875.59,4014.4925,2026-07-16 19:59:59.999000+00:00,7525003.466859,50728,1897.03450000,3555808.45681600,0
2026-07-16 20:00:00+00:00,1875.59,1875.7,1871.66,1871.89,3579.9527,2026-07-16 20:59:59.999000+00:00,6707432.936865,39103,1596.95740000,2991572.68545200,0
2026-07-16 21:00:00+00:00,1871.9,1881.36,1871.77,1878.66,4851.375,2026-07-16 21:59:59.999000+00:00,9107620.820522,43821,2508.00370000,4708605.29627000,0
2026-07-16 22:00:00+00:00,1878.67,1881.59,1868.04,1868.89,9279.9026,2026-07-16 22:59:59.999000+00:00,17381887.424608,73610,5521.13450000,10341119.75284300,0
2026-07-16 23:00:00+00:00,1868.89,1870.66,1857.54,1864.71,13884.3751,2026-07-16 23:59:59.999000+00:00,25863162.376592,118116,5513.48920000,10270927.15995000,0
2026-07-17 00:00:00+00:00,1864.71,1866.71,1848.32,1865.77,14963.7226,2026-07-17 00:59:59.999000+00:00,27808351.827582,140855,6459.02650000,12007854.15590800,0
2026-07-17 01:00:00+00:00,1865.77,1871.08,1848.07,1851.21,10000.2202,2026-07-17 01:59:59.999000+00:00,18600093.671494,114249,4613.01300000,8581956.41584400,0
2026-07-17 02:00:00+00:00,1851.22,1855.61,1843.2,1848.1,12473.0438,2026-07-17 02:59:59.999000+00:00,23055124.827125,169470,5432.78710000,10045590.56256700,0
2026-07-17 03:00:00+00:00,1848.09,1859.64,1847.32,1852.53,7049.8302,2026-07-17 03:59:59.999000+00:00,13076160.022716,99676,3576.90350000,6634515.02998300,0
2026-07-17 04:00:00+00:00,1852.53,1853.08,1844.0,1850.07,6715.5958,2026-07-17 04:59:59.999000+00:00,12412871.497321,87706,2921.59050000,5400493.70484900,0
2026-07-17 05:00:00+00:00,1850.06,1850.06,1821.36,1823.94,17781.3576,2026-07-17 05:59:59.999000+00:00,32607374.034289,151670,7880.22550000,14455494.59409200,0
2026-07-17 06:00:00+00:00,1823.94,1836.55,1820.74,1832.31,9568.4671,2026-07-17 06:59:59.999000+00:00,17506924.87472,96779,5687.51740000,10406921.72217600,0
2026-07-17 07:00:00+00:00,1832.31,1833.56,1826.29,1828.52,11468.3021,2026-07-17 07:59:59.999000+00:00,20984661.455156,71219,7773.05370000,14222554.51616500,0
2026-07-17 08:00:00+00:00,1828.52,1832.51,1821.41,1830.15,13750.3415,2026-07-17 08:59:59.999000+00:00,25128987.493981,104870,8537.73460000,15605035.74332400,0
2026-07-17 09:00:00+00:00,1830.16,1836.27,1829.29,1835.1,5043.5903,2026-07-17 09:59:59.999000+00:00,9242327.12122,52105,2918.12700000,5347233.11512000,0
2026-07-17 10:00:00+00:00,1835.1,1840.4,1834.3,1836.97,9709.66,2026-07-17 10:59:59.999000+00:00,17844710.51575,66757,6880.67660000,12645427.59308500,0
2026-07-17 11:00:00+00:00,1836.98,1843.26,1833.3,1839.04,8366.9051,2026-07-17 11:59:59.999000+00:00,15383748.802947,62293,4651.77670000,8552819.52596700,0
2026-07-17 12:00:00+00:00,1839.05,1840.58,1827.73,1828.54,9851.4875,2026-07-17 12:59:59.999000+00:00,18059888.696836,85013,4779.20590000,8761225.26847900,0
2026-07-17 13:00:00+00:00,1828.54,1829.23,1803.05,1825.5,34181.3728,2026-07-17 13:59:59.999000+00:00,62029247.177815,319122,14587.80220000,26482559.10489400,0
2026-07-17 14:00:00+00:00,1825.5,1834.0,1817.18,1822.16,15191.5111,2026-07-17 14:59:59.999000+00:00,27729033.785603,182101,7456.21720000,13614051.19123500,0
2026-07-17 15:00:00+00:00,1822.16,1831.26,1810.77,1830.88,13745.9541,2026-07-17 15:59:59.999000+00:00,25024987.822634,212172,7349.44250000,13388737.43416200,0
2026-07-17 16:00:00+00:00,1830.89,1840.51,1825.32,1835.91,13830.3931,2026-07-17 16:59:59.999000+00:00,25358381.482568,152258,7605.71970000,13949806.41498800,0
2026-07-17 17:00:00+00:00,1835.91,1856.17,1835.91,1843.71,14390.4385,2026-07-17 17:59:59.999000+00:00,26569529.981383,140509,7910.05390000,14606197.63680100,0
2026-07-17 18:00:00+00:00,1843.72,1849.67,1835.18,1846.99,7181.026,2026-07-17 18:59:59.999000+00:00,13226267.591885,100718,3067.93770000,5650812.41059700,0
2026-07-17 19:00:00+00:00,1846.98,1846.99,1835.65,1843.76,5576.8437,2026-07-17 19:59:59.999000+00:00,10273894.758921,65758,1942.79650000,3579708.96329400,0
2026-07-17 20:00:00+00:00,1843.76,1846.2,1837.15,1842.93,3458.0312,2026-07-17 20:59:59.999000+00:00,6365765.610009,63618,1520.33600000,2798702.37180600,0
2026-07-17 21:00:00+00:00,1842.93,1846.65,1840.5,1841.54,2615.192,2026-07-17 21:59:59.999000+00:00,4820162.593584,33691,1184.46210000,2183239.07341600,0
2026-07-17 22:00:00+00:00,1841.55,1843.89,1837.62,1839.95,2602.2264,2026-07-17 22:59:59.999000+00:00,4787985.262006,42226,919.44080000,1691723.37189100,0
2026-07-17 23:00:00+00:00,1839.94,1844.47,1835.27,1841.93,3512.2429,2026-07-17 23:59:59.999000+00:00,6463880.68913,39266,1364.05400000,2510427.61110400,0
2026-07-18 00:00:00+00:00,1841.94,1845.0,1839.86,1840.84,2811.4809,2026-07-18 00:59:59.999000+00:00,5177398.74091,39035,1129.88300000,2081113.89013800,0
2026-07-18 01:00:00+00:00,1840.84,1843.39,1839.38,1842.48,2570.7256,2026-07-18 01:59:59.999000+00:00,4732779.71362,37168,927.91900000,1708211.91383600,0
2026-07-18 02:00:00+00:00,1842.49,1846.74,1840.73,1841.91,4865.9416,2026-07-18 02:59:59.999000+00:00,8969589.58858,28367,2176.59570000,4012059.81548800,0
2026-07-18 03:00:00+00:00,1841.91,1846.49,1841.46,1845.96,3379.489,2026-07-18 03:59:59.999000+00:00,6230327.51782,24362,2225.46320000,4102942.99116300,0
2026-07-18 04:00:00+00:00,1845.96,1846.19,1842.56,1844.7,1831.7738,2026-07-18 04:59:59.999000+00:00,3377970.604174,24990,801.87360000,1478694.23204800,0
2026-07-18 05:00:00+00:00,1844.7,1849.68,1843.19,1845.86,3424.9855,2026-07-18 05:59:59.999000+00:00,6322952.85613,37067,1824.31350000,3367983.17834400,0
2026-07-18 06:00:00+00:00,1845.85,1848.0,1843.11,1844.97,2978.1764,2026-07-18 06:59:59.999000+00:00,5495763.590458,30341,2052.74700000,3788226.59619900,0
2026-07-18 07:00:00+00:00,1844.98,1846.04,1843.04,1844.2,1958.4362,2026-07-18 07:59:59.999000+00:00,3612652.922245,25875,823.32180000,1518710.19446700,0
2026-07-18 08:00:00+00:00,1844.2,1849.44,1842.3,1847.43,3188.2871,2026-07-18 08:59:59.999000+00:00,5885817.63567,31292,1765.25980000,3259121.02914700,0
2026-07-18 09:00:00+00:00,1847.44,1848.03,1842.93,1844.87,2560.5392,2026-07-18 09:59:59.999000+00:00,4723926.279693,27592,1069.77780000,1973591.75628500,0
2026-07-18 10:00:00+00:00,1844.87,1846.72,1844.01,1845.57,3022.4886,2026-07-18 10:59:59.999000+00:00,5578191.908492,18194,1661.52450000,3066448.92669700,0
2026-07-18 11:00:00+00:00,1845.57,1846.85,1844.37,1845.56,1391.1483,2026-07-18 11:59:59.999000+00:00,2566990.194954,15001,710.26040000,1310594.99043200,0
2026-07-18 12:00:00+00:00,1845.56,1850.64,1840.17,1844.98,5922.5121,2026-07-18 12:59:59.999000+00:00,10926487.700533,56952,3464.81760000,6393860.19619200,0
2026-07-18 13:00:00+00:00,1844.97,1844.97,1837.58,1841.61,4107.6954,2026-07-18 13:59:59.999000+00:00,7562444.294302,57923,1838.41390000,3384925.56827900,0
2026-07-18 14:00:00+00:00,1841.61,1846.27,1840.64,1845.95,3793.5807,2026-07-18 14:59:59.999000+00:00,6996480.040772,39433,2319.47090000,4277804.49665100,0
2026-07-18 15:00:00+00:00,1845.95,1846.35,1842.12,1844.15,3802.5871,2026-07-18 15:59:59.999000+00:00,7014598.615586,38261,2310.82430000,4262853.98268400,0
2026-07-18 16:00:00+00:00,1844.15,1847.14,1841.51,1846.11,3407.5633,2026-07-18 16:59:59.999000+00:00,6284153.180885,43151,1732.75770000,3195542.19154500,0
2026-07-18 17:00:00+00:00,1846.11,1853.48,1843.54,1852.82,5045.3976,2026-07-18 17:59:59.999000+00:00,9327086.622153,57648,2438.88460000,4509952.63242300,0
2026-07-18 18:00:00+00:00,1852.83,1867.58,1850.01,1857.54,14122.0506,2026-07-18 18:59:59.999000+00:00,26230921.975907,90725,8789.28450000,16322963.06368600,0
2026-07-18 19:00:00+00:00,1857.53,1861.4,1855.92,1858.45,4736.7702,2026-07-18 19:59:59.999000+00:00,8802680.992917,47907,2033.23070000,3778402.87424700,0
2026-07-18 20:00:00+00:00,1858.45,1863.37,1855.47,1857.34,4134.2864,2026-07-18 20:59:59.999000+00:00,7684479.7001,30330,2188.45040000,4068043.64031700,0
2026-07-18 21:00:00+00:00,1857.35,1863.18,1855.96,1860.97,4154.9408,2026-07-18 21:59:59.999000+00:00,7726622.830755,43775,2509.84040000,4666938.67179500,0
2026-07-18 22:00:00+00:00,1860.97,1865.86,1859.9,1863.7,3378.2577,2026-07-18 22:59:59.999000+00:00,6293000.5087,33237,1768.47970000,3294269.51287600,0
2026-07-18 23:00:00+00:00,1863.7,1864.45,1860.1,1862.61,2008.8091,2026-07-18 23:59:59.999000+00:00,3740562.022546,19522,1116.37660000,2078805.91117600,0
2026-07-19 00:00:00+00:00,1862.61,1863.88,1859.2,1861.45,3154.5044,2026-07-19 00:59:59.999000+00:00,5871761.266351,24224,1101.07330000,2049502.18031100,0
2026-07-19 01:00:00+00:00,1861.45,1861.53,1858.3,1859.18,7970.3536,2026-07-19 01:59:59.999000+00:00,14824358.487808,29435,3562.73030000,6626298.99326800,0
2026-07-19 02:00:00+00:00,1859.19,1877.33,1858.17,1871.44,11041.838,2026-07-19 02:59:59.999000+00:00,20652522.420927,102722,5651.66250000,10568141.31344500,0
2026-07-19 03:00:00+00:00,1871.45,1872.99,1863.84,1867.08,5220.7991,2026-07-19 03:59:59.999000+00:00,9747915.264209,47625,2179.16950000,4067617.18970300,0
2026-07-19 04:00:00+00:00,1867.08,1870.2,1864.21,1867.33,3479.1037,2026-07-19 04:59:59.999000+00:00,6495021.162783,25418,1830.40330000,3416932.94731200,0
2026-07-19 05:00:00+00:00,1867.32,1870.2,1865.61,1868.56,2772.5257,2026-07-19 05:59:59.999000+00:00,5180969.774512,21770,1322.59960000,2471332.45291200,0
2026-07-19 06:00:00+00:00,1868.55,1871.43,1868.2,1869.39,2878.4911,2026-07-19 06:59:59.999000+00:00,5381650.445279,22331,1708.68880000,3194484.24343900,0
2026-07-19 07:00:00+00:00,1869.39,1871.99,1867.14,1870.25,8010.6219,2026-07-19 07:59:59.999000+00:00,14977713.665718,34459,3862.75140000,7221148.92063200,0
2026-07-19 08:00:00+00:00,1870.26,1875.33,1867.76,1873.88,4893.8984,2026-07-19 08:59:59.999000+00:00,9157649.110752,36859,3193.36600000,5976426.40037300,0
2026-07-19 09:00:00+00:00,1873.89,1874.17,1864.55,1866.16,5004.0263,2026-07-19 09:59:59.999000+00:00,9349498.053159,42883,1764.01610000,3296557.88521600,0
2026-07-19 10:00:00+00:00,1866.15,1879.38,1863.46,1872.25,5628.6517,2026-07-19 10:59:59.999000+00:00,10529599.026249,61255,3140.66300000,5876527.17873700,0
2026-07-19 11:00:00+00:00,1872.25,1878.86,1870.0,1871.41,6296.8803,2026-07-19 11:59:59.999000+00:00,11805839.00318,66235,3193.06830000,5986901.40999600,0
2026-07-19 12:00:00+00:00,1871.4,1874.34,1864.47,1870.38,6783.9561,2026-07-19 12:59:59.999000+00:00,12679905.878723,63630,3841.05240000,7180274.88574900,0
2026-07-19 13:00:00+00:00,1870.39,1873.77,1865.89,1871.83,4460.4469,2026-07-19 13:59:59.999000+00:00,8337611.928026,57695,2214.29940000,4139150.51975500,0
2026-07-19 14:00:00+00:00,1871.83,1879.26,1868.89,1874.69,5952.7499,2026-07-19 14:59:59.999000+00:00,11155644.010834,63263,3661.59560000,6861989.95622200,0
2026-07-19 15:00:00+00:00,1874.69,1876.0,1868.93,1870.91,6545.9297,2026-07-19 15:59:59.999000+00:00,12253816.08235,48659,4005.60450000,7496714.98127700,0
2026-07-19 16:00:00+00:00,1870.91,1873.59,1866.0,1866.8,5220.8065,2026-07-19 16:59:59.999000+00:00,9758747.26102,56648,2468.17820000,4613217.29262600,0
2026-07-19 17:00:00+00:00,1866.8,1873.85,1857.77,1867.23,8572.9874,2026-07-19 17:59:59.999000+00:00,16004336.527301,113581,4139.69440000,7729968.25020300,0
2026-07-19 18:00:00+00:00,1867.23,1867.7,1851.71,1861.12,9549.4778,2026-07-19 18:59:59.999000+00:00,17764084.968868,94444,4123.20710000,7667897.98787300,0
2026-07-19 19:00:00+00:00,1861.12,1862.77,1854.84,1862.37,3960.7276,2026-07-19 19:59:59.999000+00:00,7365613.834157,35310,1606.02010000,2986522.75911600,0
2026-07-19 20:00:00+00:00,1862.37,1867.15,1862.2,1867.14,4536.0742,2026-07-19 20:59:59.999000+00:00,8457648.887132,30016,2952.84250000,5505603.24622400,0
2026-07-19 21:00:00+00:00,1867.15,1868.23,1857.49,1862.12,4337.5897,2026-07-19 21:59:59.999000+00:00,8078759.373778,49223,2059.42020000,3836520.63303600,0
2026-07-19 22:00:00+00:00,1862.12,1877.03,1857.0,1870.44,12354.1161,2026-07-19 22:59:59.999000+00:00,23096855.60235,158972,6298.23120000,11776021.71915600,0
2026-07-19 23:00:00+00:00,1870.44,1874.94,1865.0,1872.23,5296.1101,2026-07-19 23:59:59.999000+00:00,9902679.590126,88488,2597.07320000,4856440.50717300,0
2026-07-20 00:00:00+00:00,1872.24,1891.71,1862.08,1872.14,15861.9496,2026-07-20 00:59:59.999000+00:00,29805684.560013,221322,8658.34350000,16273465.63173000,0
2026-07-20 01:00:00+00:00,1872.14,1889.94,1865.84,1869.56,9872.3833,2026-07-20 01:59:59.999000+00:00,18533140.079565,179652,5035.81440000,9453458.98438400,0
2026-07-20 02:00:00+00:00,1869.57,1883.33,1867.71,1879.06,8547.5294,2026-07-20 02:59:59.999000+00:00,16044507.737371,137730,4874.25080000,9150190.79034600,0
2026-07-20 03:00:00+00:00,1879.06,1882.24,1870.91,1879.94,6045.7088,2026-07-20 03:59:59.999000+00:00,11350665.567812,77491,3175.67560000,5961703.93100800,0
2026-07-20 04:00:00+00:00,1879.94,1879.99,1868.46,1868.94,5573.2852,2026-07-20 04:59:59.999000+00:00,10441498.738012,67438,2482.15390000,4650661.46332600,0
2026-07-20 05:00:00+00:00,1868.95,1869.94,1851.5,1855.45,12336.3044,2026-07-20 05:59:59.999000+00:00,22940743.974515,149881,4805.29280000,8935550.78951400,0
2026-07-20 06:00:00+00:00,1855.46,1860.23,1843.14,1849.73,13729.7978,2026-07-20 06:59:59.999000+00:00,25423643.687536,135455,7323.11860000,13564147.13875200,0
2026-07-20 07:00:00+00:00,1849.73,1865.54,1849.26,1863.95,9727.2283,2026-07-20 07:59:59.999000+00:00,18065612.066854,103146,5963.85610000,11073803.54697600,0
2026-07-20 08:00:00+00:00,1863.95,1868.53,1854.31,1861.01,13950.4369,2026-07-20 08:59:59.999000+00:00,25967815.470758,121419,8241.04080000,15340716.40508400,0
2026-07-20 09:00:00+00:00,1861.0,1867.55,1857.95,1864.16,7006.2645,2026-07-20 09:59:59.999000+00:00,13055351.911194,80539,2535.28710000,4725904.24496900,0
2026-07-20 10:00:00+00:00,1864.15,1872.35,1862.71,1868.85,5036.692,2026-07-20 10:59:59.999000+00:00,9409394.200892,51948,2880.04690000,5380342.96843700,0
2026-07-20 11:00:00+00:00,1868.86,1896.5,1868.06,1893.2,18098.9331,2026-07-20 11:59:59.999000+00:00,34123724.302446,154617,10167.34490000,19167865.33626900,0
2026-07-20 12:00:00+00:00,1893.21,1893.62,1871.88,1873.33,12117.1329,2026-07-20 12:59:59.999000+00:00,22774500.323213,139331,5119.92230000,9621559.12108000,0
2026-07-20 13:00:00+00:00,1873.34,1880.61,1857.63,1862.68,16464.2655,2026-07-20 13:59:59.999000+00:00,30798895.879193,177275,7437.57780000,13919365.61051600,0
2026-07-20 14:00:00+00:00,1862.68,1871.96,1853.65,1868.01,11921.8963,2026-07-20 14:59:59.999000+00:00,22212775.286318,159513,5921.14730000,11036604.23283500,0
2026-07-20 15:00:00+00:00,1868.01,1904.92,1867.65,1902.34,24635.4223,2026-07-20 15:59:59.999000+00:00,46577507.793289,276162,15336.65300000,29003888.18092800,0
2026-07-20 16:00:00+00:00,1902.34,1906.76,1893.8,1899.41,16492.3726,2026-07-20 16:59:59.999000+00:00,31326301.381218,143328,7787.02030000,14789138.97771400,0
2026-07-20 17:00:00+00:00,1899.41,1909.74,1895.68,1907.78,14035.2481,2026-07-20 17:59:59.999000+00:00,26693914.016361,94042,9110.59870000,17327896.52043200,0
2026-07-20 18:00:00+00:00,1907.78,1918.16,1897.52,1899.52,17782.6016,2026-07-20 18:59:59.999000+00:00,33946874.093142,120688,7706.81490000,14718918.87630000,0
2026-07-20 19:00:00+00:00,1899.52,1901.07,1890.07,1898.46,9999.6736,2026-07-20 19:59:59.999000+00:00,18957748.649168,105161,4737.38650000,8981468.65721200,0
2026-07-20 20:00:00+00:00,1898.46,1906.55,1896.2,1904.84,5357.4613,2026-07-20 20:59:59.999000+00:00,10193443.264168,57787,2873.56190000,5467068.17208000,0
2026-07-20 21:00:00+00:00,1904.83,1907.58,1902.0,1902.45,4827.6437,2026-07-20 21:59:59.999000+00:00,9197782.201092,51232,2160.33650000,4115713.04136000,0
2026-07-20 22:00:00+00:00,1902.46,1902.58,1894.4,1895.72,5412.8433,2026-07-20 22:59:59.999000+00:00,10271030.358071,48367,2104.79170000,3993976.66833400,0
2026-07-20 23:00:00+00:00,1895.72,1905.26,1895.33,1904.77,6362.5585,2026-07-20 23:59:59.999000+00:00,12098478.27988,45238,3497.40710000,6649964.04453700,0
2026-07-21 00:00:00+00:00,1904.77,1917.79,1900.74,1914.8,10211.2262,2026-07-21 00:59:59.999000+00:00,19498148.790846,103436,6446.21420000,12305831.57661200,0
2026-07-21 01:00:00+00:00,1914.8,1918.18,1907.0,1907.49,6792.7873,2026-07-21 01:59:59.999000+00:00,12990440.71054,70786,2951.93900000,5645261.70889500,0
2026-07-21 02:00:00+00:00,1907.49,1924.0,1904.6,1917.3,8843.7731,2026-07-21 02:59:59.999000+00:00,16939597.139333,75013,4914.64500000,9414640.05646300,0
2026-07-21 03:00:00+00:00,1917.3,1928.57,1916.94,1926.75,13542.5425,2026-07-21 03:59:59.999000+00:00,26069158.689961,101547,7200.97470000,13860803.64827200,0
2026-07-21 04:00:00+00:00,1926.74,1931.2,1922.59,1924.59,8633.194,2026-07-21 04:59:59.999000+00:00,16628838.337574,61436,3825.38820000,7369011.58303700,0
2026-07-21 05:00:00+00:00,1924.59,1936.0,1921.81,1930.56,9084.2452,2026-07-21 05:59:59.999000+00:00,17508741.124752,65761,4510.94240000,8697792.52418600,0
2026-07-21 06:00:00+00:00,1930.56,1939.99,1927.8,1935.03,10889.2213,2026-07-21 06:59:59.999000+00:00,21068913.641995,91785,6241.32710000,12077470.86963300,0
2026-07-21 07:00:00+00:00,1935.03,1940.25,1933.42,1934.08,11949.4809,2026-07-21 07:59:59.999000+00:00,23133705.724699,92331,5974.56190000,11567550.23561500,0
2026-07-21 08:00:00+00:00,1934.07,1953.0,1931.63,1939.8,29993.0476,2026-07-21 08:59:59.999000+00:00,58294139.988492,158475,16934.87490000,32925073.49814100,0
2026-07-21 09:00:00+00:00,1939.79,1944.17,1936.75,1942.22,34313.1419,2026-07-21 09:59:59.999000+00:00,66563625.824256,90230,21187.97440000,41104430.59557100,0
2026-07-21 10:00:00+00:00,1942.22,1947.09,1932.1,1934.18,16251.7069,2026-07-21 10:59:59.999000+00:00,31550041.03522,103838,9812.92930000,19057370.46283800,0
2026-07-21 11:00:00+00:00,1934.19,1937.34,1925.98,1935.69,33407.8433,2026-07-21 11:59:59.999000+00:00,64498682.894727,108639,18899.56460000,36481430.45080000,0
2026-07-21 12:00:00+00:00,1935.69,1945.23,1932.38,1942.79,15279.9073,2026-07-21 12:59:59.999000+00:00,29649032.561233,146292,7634.19410000,14814673.30576600,0
2026-07-21 13:00:00+00:00,1942.8,1943.77,1927.53,1940.3,19914.6022,2026-07-21 13:59:59.999000+00:00,38559373.437476,170585,8379.26910000,16224351.10148300,0
2026-07-21 14:00:00+00:00,1940.31,1944.0,1928.0,1931.87,14705.618,2026-07-21 14:59:59.999000+00:00,28474682.775648,162854,7028.06910000,13607980.36067400,0
2026-07-21 15:00:00+00:00,1931.88,1932.51,1923.36,1931.81,12511.0061,2026-07-21 15:59:59.999000+00:00,24120011.839288,155853,5811.50330000,11204446.04894800,0
2026-07-21 16:00:00+00:00,1931.81,1935.36,1921.63,1926.37,7887.812,2026-07-21 16:59:59.999000+00:00,15202799.561235,94976,3895.05650000,7507144.55075700,0
2026-07-21 17:00:00+00:00,1926.37,1928.38,1915.0,1918.71,14508.5446,2026-07-21 17:59:59.999000+00:00,27900956.648636,147938,7711.93980000,14834410.09390700,0
2026-07-21 18:00:00+00:00,1918.7,1923.0,1915.11,1919.93,12665.6515,2026-07-21 18:59:59.999000+00:00,24318376.590382,128767,7635.41610000,14661043.51012800,0
2026-07-21 19:00:00+00:00,1919.93,1926.16,1918.2,1923.39,14885.7775,2026-07-21 19:59:59.999000+00:00,28615863.968945,79263,10166.34400000,19539835.67395200,0
2026-07-21 20:00:00+00:00,1923.38,1926.44,1921.68,1923.24,6018.2494,2026-07-21 20:59:59.999000+00:00,11576346.473184,51772,4021.90140000,7736430.35530200,0
2026-07-21 21:00:00+00:00,1923.25,1926.54,1919.85,1924.32,5012.5857,2026-07-21 21:59:59.999000+00:00,9643152.001108,49678,2754.05660000,5297855.68453200,0
2026-07-21 22:00:00+00:00,1924.31,1924.31,1918.1,1920.86,3606.7745,2026-07-21 22:59:59.999000+00:00,6930578.973238,57683,1547.35140000,2972908.19807500,0
2026-07-21 23:00:00+00:00,1920.86,1932.0,1916.67,1930.09,6056.9389,2026-07-21 23:59:59.999000+00:00,11652956.373874,61404,3363.73170000,6474631.19551900,0
2026-07-22 00:00:00+00:00,1930.09,1944.68,1929.02,1939.46,12280.2152,2026-07-22 00:59:59.999000+00:00,23797470.014721,130158,7188.87690000,13929156.46083900,0
2026-07-22 01:00:00+00:00,1939.45,1940.56,1928.0,1933.61,7700.3916,2026-07-22 01:59:59.999000+00:00,14895871.951749,102953,3555.23210000,6877297.52854100,0
2026-07-22 02:00:00+00:00,1933.62,1936.39,1926.91,1930.43,9004.7948,2026-07-22 02:59:59.999000+00:00,17390299.539878,101377,4927.43460000,9515641.58109000,0
2026-07-22 03:00:00+00:00,1930.42,1936.05,1926.76,1928.77,9211.1631,2026-07-22 03:59:59.999000+00:00,17788771.53885,86346,5399.57860000,10427997.48926800,0
2026-07-22 04:00:00+00:00,1928.76,1939.4,1928.11,1936.82,12044.2195,2026-07-22 04:59:59.999000+00:00,23310520.392809,83413,6836.53800000,13229685.74830100,0
2026-07-22 05:00:00+00:00,1936.83,1936.98,1918.27,1919.35,14081.0097,2026-07-22 05:59:59.999000+00:00,27107711.323792,125998,6609.66160000,12724378.30636900,0
2026-07-22 06:00:00+00:00,1919.36,1921.1,1913.34,1917.4,7850.8564,2026-07-22 06:59:59.999000+00:00,15052400.383429,98223,3249.85800000,6231163.35528800,0
2026-07-22 07:00:00+00:00,1917.41,1919.0,1910.68,1914.44,13989.0518,2026-07-22 07:59:59.999000+00:00,26779893.67916,103690,6232.95360000,11930400.56573200,0
2026-07-22 08:00:00+00:00,1914.43,1925.15,1914.08,1921.32,12358.1318,2026-07-22 08:59:59.999000+00:00,23745047.132092,99096,6113.00870000,11741508.20724000,0
2026-07-22 09:00:00+00:00,1921.33,1926.5,1919.41,1924.49,9209.9805,2026-07-22 09:59:59.999000+00:00,17711371.956887,85447,4021.62370000,7733561.86262800,0
2026-07-22 10:00:00+00:00,1924.49,1933.62,1923.25,1930.82,10304.8933,2026-07-22 10:59:59.999000+00:00,19865487.434598,77402,5395.47750000,10400463.45404500,0
2026-07-22 11:00:00+00:00,1930.82,1931.5,1922.36,1927.27,4571.4306,2026-07-22 11:59:59.999000+00:00,8812329.038944,68962,2027.79130000,3908800.97134000,0
2026-07-22 12:00:00+00:00,1927.26,1927.45,1913.26,1917.17,6931.3358,2026-07-22 12:59:59.999000+00:00,13310664.469467,75846,2385.55110000,4581279.20875000,0
2026-07-22 13:00:00+00:00,1917.17,1942.43,1917.0,1939.93,15766.4647,2026-07-22 13:59:59.999000+00:00,30471872.190424,180484,9497.85890000,18358257.74621300,0
2026-07-22 14:00:00+00:00,1939.92,1955.92,1923.01,1933.2,23895.4302,2026-07-22 14:59:59.999000+00:00,46372514.975775,208859,12075.86950000,23453609.46829600,0
2026-07-22 15:00:00+00:00,1933.2,1952.36,1933.0,1943.03,15259.8036,2026-07-22 15:59:59.999000+00:00,29680225.980877,175487,8570.83300000,16669734.24083400,0
2026-07-22 16:00:00+00:00,1943.04,1956.45,1935.42,1949.84,14899.4678,2026-07-22 16:59:59.999000+00:00,29024262.834885,167251,7921.68110000,15437266.38696500,0
2026-07-22 17:00:00+00:00,1949.84,1950.3,1934.97,1938.53,9814.7857,2026-07-22 17:59:59.999000+00:00,19058964.625513,124310,4219.67770000,8193651.15596700,0
2026-07-22 18:00:00+00:00,1938.53,1940.0,1923.2,1930.69,11320.4039,2026-07-22 18:59:59.999000+00:00,21856954.287418,104416,4367.09500000,8432831.11143100,0
2026-07-22 19:00:00+00:00,1930.69,1931.88,1921.0,1925.13,5286.7954,2026-07-22 19:59:59.999000+00:00,10183149.033886,78831,2511.05240000,4836992.96926800,0
2026-07-22 20:00:00+00:00,1925.14,1930.4,1922.95,1926.76,5448.1097,2026-07-22 20:59:59.999000+00:00,10498562.701537,61724,2646.20650000,5099407.32837900,0
2026-07-22 21:00:00+00:00,1926.76,1939.7,1926.76,1938.76,4862.4259,2026-07-22 21:59:59.999000+00:00,9398244.276549,66419,2267.61050000,4382331.00205000,0
2026-07-22 22:00:00+00:00,1938.76,1939.23,1930.91,1938.42,7430.7471,2026-07-22 22:59:59.999000+00:00,14377771.378312,79391,2941.05640000,5691420.89394500,0
2026-07-22 23:00:00+00:00,1938.43,1938.43,1923.6,1934.25,7618.9172,2026-07-22 23:59:59.999000+00:00,14705726.101863,49385,2995.93750000,5780591.59711300,0
2026-07-23 00:00:00+00:00,1934.26,1941.5,1932.37,1932.37,7806.1931,2026-07-23 00:59:59.999000+00:00,15115644.924914,58893,2719.36030000,5266608.37813900,0
2026-07-23 01:00:00+00:00,1932.36,1936.7,1926.61,1928.39,5600.2585,2026-07-23 01:59:59.999000+00:00,10811934.683851,66946,2307.13990000,4454003.03466300,0
2026-07-23 02:00:00+00:00,1928.38,1929.7,1921.81,1927.6,4520.1302,2026-07-23 02:59:59.999000+00:00,8705896.040239,59384,1703.63290000,3281091.23338600,0
2026-07-23 03:00:00+00:00,1927.6,1928.03,1917.57,1920.55,7067.1535,2026-07-23 03:59:59.999000+00:00,13580904.159525,52947,2265.93890000,4354225.19121800,0
2026-07-23 04:00:00+00:00,1920.56,1926.02,1918.63,1919.74,5718.7307,2026-07-23 04:59:59.999000+00:00,10988937.210651,47068,2271.60370000,4365203.27302000,0
2026-07-23 05:00:00+00:00,1919.74,1928.69,1918.31,1922.77,3797.0127,2026-07-23 05:59:59.999000+00:00,7300135.369717,57369,1610.53370000,3096454.90748300,0
2026-07-23 06:00:00+00:00,1922.78,1926.83,1921.07,1925.39,3761.1815,2026-07-23 06:59:59.999000+00:00,7237453.214411,50002,2005.97110000,3860226.06863200,0
2026-07-23 07:00:00+00:00,1925.39,1925.39,1912.6,1915.65,15074.1808,2026-07-23 07:59:59.999000+00:00,28881313.238328,98604,8495.27580000,16273204.23329400,0
2026-07-23 08:00:00+00:00,1915.65,1927.41,1914.44,1926.54,6170.3801,2026-07-23 08:59:59.999000+00:00,11852500.058686,65147,3138.66700000,6028657.45648300,0
2026-07-23 09:00:00+00:00,1926.54,1931.66,1923.4,1924.36,9981.4087,2026-07-23 09:59:59.999000+00:00,19250924.738459,73458,4737.35500000,9136434.84232200,0
2026-07-23 10:00:00+00:00,1924.36,1930.43,1922.13,1928.14,4239.3939,2026-07-23 10:59:59.999000+00:00,8171201.34251,58058,1778.36000000,3427190.50934200,0
2026-07-23 11:00:00+00:00,1928.15,1929.08,1924.63,1926.04,5003.2542,2026-07-23 11:59:59.999000+00:00,9638445.122464,58720,2340.77680000,4509169.30734400,0
2026-07-23 12:00:00+00:00,1926.03,1927.99,1894.0,1904.64,26669.4585,2026-07-23 12:59:59.999000+00:00,50893031.373424,175576,9886.99080000,18878068.29210500,0
2026-07-23 13:00:00+00:00,1904.67,1909.19,1895.47,1898.72,16334.9699,2026-07-23 13:59:59.999000+00:00,31073711.924756,171916,7122.97640000,13552714.46906600,0
2026-07-23 14:00:00+00:00,1898.73,1907.26,1892.5,1896.43,15426.3077,2026-07-23 14:59:59.999000+00:00,29319627.88248,153156,7110.50730000,13519039.84530500,0
2026-07-23 15:00:00+00:00,1896.44,1897.88,1882.98,1895.23,21413.486,2026-07-23 15:59:59.999000+00:00,40487167.274221,180709,10497.61490000,19850470.45011000,0
2026-07-23 16:00:00+00:00,1895.23,1895.41,1884.69,1887.95,11755.5936,2026-07-23 16:59:59.999000+00:00,22204206.398264,99890,4602.72110000,8693591.70235900,0
2026-07-23 17:00:00+00:00,1887.94,1892.18,1875.01,1878.31,10958.922,2026-07-23 17:59:59.999000+00:00,20659672.223645,88978,4677.17160000,8816317.42274200,0
2026-07-23 18:00:00+00:00,1878.31,1884.52,1876.05,1881.19,8210.3838,2026-07-23 18:59:59.999000+00:00,15435649.710675,108837,4413.66600000,8298068.36360900,0
2026-07-23 19:00:00+00:00,1881.19,1883.63,1869.44,1875.65,9424.5918,2026-07-23 19:59:59.999000+00:00,17678283.596383,103324,5108.47880000,9582739.74644700,0
2026-07-23 20:00:00+00:00,1875.64,1889.09,1874.81,1885.98,7351.5441,2026-07-23 20:59:59.999000+00:00,13853710.486263,63186,5186.13510000,9772909.01569100,0
2026-07-23 21:00:00+00:00,1885.97,1888.93,1880.86,1882.72,4782.8337,2026-07-23 21:59:59.999000+00:00,9010572.072229,57932,2163.37680000,4077059.59376000,0
2026-07-23 22:00:00+00:00,1882.73,1884.13,1874.23,1883.42,5133.8249,2026-07-23 22:59:59.999000+00:00,9651897.753955,57328,1979.15680000,3721878.49061200,0
2026-07-23 23:00:00+00:00,1883.41,1884.8,1875.56,1878.38,3587.8794,2026-07-23 23:59:59.999000+00:00,6748005.616452,33381,1675.68600000,3151831.70954800,0
2026-07-24 00:00:00+00:00,1878.38,1879.18,1859.67,1871.47,13406.7609,2026-07-24 00:59:59.999000+00:00,25058205.131213,106904,4822.63730000,9013680.74275500,0
2026-07-24 01:00:00+00:00,1871.47,1877.6,1870.32,1872.76,6649.6745,2026-07-24 01:59:59.999000+00:00,12462569.602239,71666,3071.18600000,5757179.92380200,0
2026-07-24 02:00:00+00:00,1872.76,1878.5,1864.82,1869.58,6328.9081,2026-07-24 02:59:59.999000+00:00,11840113.904817,67217,2885.47070000,5399387.34940700,0
2026-07-24 03:00:00+00:00,1869.57,1881.2,1868.31,1880.67,7169.022,2026-07-24 03:59:59.999000+00:00,13462708.451948,77682,3923.67050000,7367252.96054600,0
2026-07-24 04:00:00+00:00,1880.67,1882.0,1875.0,1876.12,3649.7064,2026-07-24 04:59:59.999000+00:00,6856670.379198,43466,1664.36170000,3127390.31904200,0
2026-07-24 05:00:00+00:00,1876.13,1882.14,1873.48,1880.97,5641.1485,2026-07-24 05:59:59.999000+00:00,10599930.467404,45685,3455.35240000,6491969.96922900,0
2026-07-24 06:00:00+00:00,1880.97,1888.49,1878.9,1888.13,6802.7211,2026-07-24 06:59:59.999000+00:00,12817683.072202,48208,3742.09710000,7052692.30240600,0
2026-07-24 07:00:00+00:00,1888.14,1909.8,1888.14,1895.98,18399.9061,2026-07-24 07:59:59.999000+00:00,34922909.549887,168845,10689.11430000,20284507.82921500,0
2026-07-24 08:00:00+00:00,1895.98,1896.04,1886.35,1888.07,5209.3782,2026-07-24 08:59:59.999000+00:00,9854993.319136,57363,1904.31330000,3602677.54848400,0
2026-07-24 09:00:00+00:00,1888.07,1889.11,1878.39,1888.07,7006.5254,2026-07-24 09:59:59.999000+00:00,13200212.665654,78651,3414.89000000,6434047.48319900,0
2026-07-24 10:00:00+00:00,1888.08,1888.64,1880.39,1883.82,4084.0349,2026-07-24 10:59:59.999000+00:00,7696426.762722,51484,1825.15190000,3439403.13842300,0
2026-07-24 11:00:00+00:00,1883.81,1884.71,1876.71,1883.93,6799.138,2026-07-24 11:59:59.999000+00:00,12791896.826862,86273,3798.43890000,7147511.77857400,0
2026-07-24 12:00:00+00:00,1883.93,1886.09,1872.0,1872.65,7785.1308,2026-07-24 12:59:59.999000+00:00,14633093.732325,72588,4185.93250000,7872428.30329200,0
2026-07-24 13:00:00+00:00,1872.65,1875.4,1848.11,1857.6,25437.0765,2026-07-24 13:59:59.999000+00:00,47343150.691736,257702,11736.97030000,21849092.97095500,0
2026-07-24 14:00:00+00:00,1857.61,1863.18,1848.09,1862.9,16154.1622,2026-07-24 14:59:59.999000+00:00,29976651.968264,236034,8087.79860000,15012166.55103600,0
2026-07-24 15:00:00+00:00,1862.9,1869.43,1854.15,1861.81,18647.6311,2026-07-24 15:59:59.999000+00:00,34732843.246926,204569,10771.99740000,20061439.72845400,0
2026-07-24 16:00:00+00:00,1861.82,1866.07,1853.5,1857.47,12748.0211,2026-07-24 16:59:59.999000+00:00,23706481.811676,113675,5873.72630000,10923264.45777300,0
2026-07-24 17:00:00+00:00,1857.47,1866.61,1855.03,1866.53,8564.3041,2026-07-24 17:59:59.999000+00:00,15941789.273968,90161,4812.60290000,8958734.65241200,0
2026-07-24 18:00:00+00:00,1866.53,1866.76,1858.48,1862.72,3900.7267,2026-07-24 18:59:59.999000+00:00,7265085.695521,71521,1885.28120000,3510878.44431900,0
2026-07-24 19:00:00+00:00,1862.73,1864.58,1858.0,1863.83,4600.1132,2026-07-24 19:59:59.999000+00:00,8564027.506319,63680,3084.60290000,5742908.86203700,0
2026-07-24 20:00:00+00:00,1863.84,1865.82,1858.42,1860.9,3703.6087,2026-07-24 20:59:59.999000+00:00,6897243.28651,33968,2108.27210000,3926753.23626500,0
2026-07-24 21:00:00+00:00,1860.91,1862.01,1857.05,1857.51,3582.5364,2026-07-24 21:59:59.999000+00:00,6662441.817114,42987,1856.18480000,3451981.93988900,0
2026-07-24 22:00:00+00:00,1857.51,1861.91,1856.97,1859.49,2393.0236,2026-07-24 22:59:59.999000+00:00,4449699.520808,24753,1362.91570000,2534264.27643400,0
2026-07-24 23:00:00+00:00,1859.49,1861.85,1858.98,1861.44,2132.1776,2026-07-24 23:59:59.999000+00:00,3967227.796673,19452,1124.93090000,2092930.10660200,0
2026-07-25 00:00:00+00:00,1861.44,1864.69,1856.85,1860.34,3991.9995,2026-07-25 00:59:59.999000+00:00,7429977.663973,34305,2107.24100000,3922425.74254800,0
2026-07-25 01:00:00+00:00,1860.34,1863.63,1857.77,1860.0,3107.0739,2026-07-25 01:59:59.999000+00:00,5781170.025382,26410,1598.53670000,2974267.22731400,0
2026-07-25 02:00:00+00:00,1859.99,1861.71,1858.35,1859.45,2141.2087,2026-07-25 02:59:59.999000+00:00,3982074.036209,21272,1024.03820000,1904438.31703400,0
2026-07-25 03:00:00+00:00,1859.45,1860.52,1855.93,1858.74,4758.8668,2026-07-25 03:59:59.999000+00:00,8846241.71475,30874,2475.80030000,4601988.90893600,0
2026-07-25 04:00:00+00:00,1858.74,1862.65,1858.57,1861.28,1922.5329,2026-07-25 04:59:59.999000+00:00,3577359.121992,24259,1115.28030000,2075296.76897900,0
2026-07-25 05:00:00+00:00,1861.28,1862.96,1856.9,1858.42,6900.0056,2026-07-25 05:59:59.999000+00:00,12833376.917561,36680,2604.85380000,4846161.88913900,0
2026-07-25 06:00:00+00:00,1858.42,1860.0,1854.61,1858.55,2183.2025,2026-07-25 06:59:59.999000+00:00,4054386.260189,29716,970.48540000,1802147.53895000,0
2026-07-25 07:00:00+00:00,1858.55,1858.79,1856.02,1856.02,1974.4548,2026-07-25 07:59:59.999000+00:00,3667234.260709,16957,1060.07000000,1968966.62983800,0
2026-07-25 08:00:00+00:00,1856.03,1856.1,1851.22,1853.8,4826.2011,2026-07-25 08:59:59.999000+00:00,8949982.215889,37133,1869.75790000,3467630.90913400,0
2026-07-25 09:00:00+00:00,1853.8,1859.06,1851.75,1858.34,3706.8351,2026-07-25 09:59:59.999000+00:00,6879146.251939,25750,2250.95060000,4177868.08134700,0
2026-07-25 10:00:00+00:00,1858.35,1859.29,1856.75,1858.62,4770.0131,2026-07-25 10:59:59.999000+00:00,8862046.529731,24482,2284.30830000,4243844.21370300,0
2026-07-25 11:00:00+00:00,1858.63,1860.09,1857.5,1857.75,2724.4089,2026-07-25 11:59:59.999000+00:00,5064439.85308,31238,1518.56690000,2822958.90534800,0
2026-07-25 12:00:00+00:00,1857.75,1860.48,1856.96,1860.32,4110.5827,2026-07-25 12:59:59.999000+00:00,7637844.845977,23638,2099.75290000,3901528.68051300,0
2026-07-25 13:00:00+00:00,1860.32,1872.35,1859.78,1867.24,8300.0285,2026-07-25 13:59:59.999000+00:00,15489080.858615,62436,4836.09950000,9025034.79772700,0
2026-07-25 14:00:00+00:00,1867.25,1869.32,1865.06,1868.68,4810.2534,2026-07-25 14:59:59.999000+00:00,8982805.504865,30425,2415.05350000,4510042.29427500,0
2026-07-25 15:00:00+00:00,1868.67,1871.43,1867.03,1867.88,3624.4878,2026-07-25 15:59:59.999000+00:00,6773933.888446,32735,1678.26620000,3136877.32424500,0
2026-07-25 16:00:00+00:00,1867.88,1870.91,1864.65,1867.99,3186.026,2026-07-25 16:59:59.999000+00:00,5950743.716381,31777,1409.51300000,2632561.47967200,0
2026-07-25 17:00:00+00:00,1867.99,1875.15,1867.99,1873.06,6529.8948,2026-07-25 17:59:59.999000+00:00,12225699.538614,59881,4070.12430000,7619257.36088200,0
2026-07-25 18:00:00+00:00,1873.07,1877.07,1872.45,1875.48,4493.7246,2026-07-25 18:59:59.999000+00:00,8423875.585342,49922,2956.77200000,5542720.10440800,0
2026-07-25 19:00:00+00:00,1875.48,1876.64,1874.4,1874.76,2018.1088,2026-07-25 19:59:59.999000+00:00,3784809.86642,29143,1187.06870000,2226222.22304700,0
2026-07-25 20:00:00+00:00,1874.77,1875.03,1870.43,1872.23,1908.1947,2026-07-25 20:59:59.999000+00:00,3572260.250804,22647,639.66020000,1197507.31182300,0
2026-07-25 21:00:00+00:00,1872.23,1875.6,1867.92,1872.65,2784.1673,2026-07-25 21:59:59.999000+00:00,5210854.524551,34560,1376.73650000,2576835.74178000,0
2026-07-25 22:00:00+00:00,1872.66,1876.92,1872.38,1875.82,2003.8834,2026-07-25 22:59:59.999000+00:00,3756619.856253,29751,1121.54150000,2102519.62190800,0
2026-07-25 23:00:00+00:00,1875.83,1876.2,1873.2,1874.89,1658.3331,2026-07-25 23:59:59.999000+00:00,3108962.378603,17122,642.22980000,1204032.38030400,0
2026-07-26 00:00:00+00:00,1874.88,1881.8,1873.85,1881.05,3898.2673,2026-07-26 00:59:59.999000+00:00,7322180.10934,36215,2669.21490000,5013628.10423700,0
2026-07-26 01:00:00+00:00,1881.05,1881.9,1877.81,1878.68,2034.9452,2026-07-26 01:59:59.999000+00:00,3825060.616829,21812,1007.86300000,1894372.11906100,0
2026-07-26 02:00:00+00:00,1878.67,1881.65,1877.06,1880.97,1535.0872,2026-07-26 02:59:59.999000+00:00,2884547.698361,19024,907.20500000,1704852.61160700,0
2026-07-26 03:00:00+00:00,1880.98,1883.98,1878.98,1882.21,2891.7173,2026-07-26 03:59:59.999000+00:00,5441981.560669,36236,1634.03410000,3074767.12942700,0
2026-07-26 04:00:00+00:00,1882.21,1889.36,1880.26,1886.26,3540.7748,2026-07-26 04:59:59.999000+00:00,6673811.36543,33542,2002.11410000,3774384.80337500,0
2026-07-26 05:00:00+00:00,1886.25,1887.43,1882.72,1883.4,2383.3354,2026-07-26 05:59:59.999000+00:00,4492429.828119,18922,1043.51360000,1967055.12916700,0
2026-07-26 06:00:00+00:00,1883.4,1885.39,1878.46,1884.95,3176.674,2026-07-26 06:59:59.999000+00:00,5978817.71454,24355,1497.47490000,2818738.25838100,0
2026-07-26 07:00:00+00:00,1884.95,1886.29,1880.51,1881.56,2139.9511,2026-07-26 07:59:59.999000+00:00,4028763.751699,19729,873.63000000,1644711.16587800,0
2026-07-26 08:00:00+00:00,1881.57,1882.49,1878.74,1881.42,2218.8924,2026-07-26 08:59:59.999000+00:00,4172635.106339,20790,740.33430000,1392448.71690600,0
2026-07-26 09:00:00+00:00,1881.42,1885.76,1881.22,1883.8,2491.5347,2026-07-26 09:59:59.999000+00:00,4694015.545724,27568,1384.46060000,2608313.38343600,0
2026-07-26 10:00:00+00:00,1883.8,1887.7,1882.01,1886.22,2816.0926,2026-07-26 10:59:59.999000+00:00,5309722.401281,29001,1523.34940000,2872213.79201900,0
2026-07-26 11:00:00+00:00,1886.21,1887.89,1884.78,1885.87,2075.4122,2026-07-26 11:59:59.999000+00:00,3915607.423991,27694,1049.75530000,1980487.94630800,0
2026-07-26 12:00:00+00:00,1885.87,1893.89,1885.68,1886.57,5314.2072,2026-07-26 12:59:59.999000+00:00,10039952.952593,57480,2781.91580000,5255918.55909300,0
2026-07-26 13:00:00+00:00,1886.57,1888.86,1881.61,1886.62,5619.0793,2026-07-26 13:59:59.999000+00:00,10596465.866934,47445,2365.77510000,4461345.90790500,0
2026-07-26 14:00:00+00:00,1886.62,1900.31,1886.61,1898.59,8707.353,2026-07-26 14:59:59.999000+00:00,16504968.896199,109570,4920.90880000,9327204.03184800,0
2026-07-26 15:00:00+00:00,1898.58,1917.82,1898.06,1914.63,14677.3578,2026-07-26 15:59:59.999000+00:00,28023922.006253,159880,8005.97690000,15287102.02552000,0
2026-07-26 16:00:00+00:00,1914.63,1928.08,1908.75,1916.2,15888.944,2026-07-26 16:59:59.999000+00:00,30495035.327422,151783,7771.24870000,14919420.68845600,0
2026-07-26 17:00:00+00:00,1916.19,1917.77,1910.8,1911.23,4119.5811,2026-07-26 17:59:59.999000+00:00,7885652.085688,64168,1678.55440000,3213388.17449800,0
2026-07-26 18:00:00+00:00,1911.23,1916.53,1911.05,1914.49,3715.1635,2026-07-26 18:59:59.999000+00:00,7108892.969888,40558,2102.56240000,4023335.81236900,0
2026-07-26 19:00:00+00:00,1914.49,1915.86,1912.09,1914.2,4682.416,2026-07-26 19:59:59.999000+00:00,8959367.761191,38745,2306.74660000,4413607.77341200,0
2026-07-26 20:00:00+00:00,1914.21,1914.56,1911.14,1913.8,2328.0884,2026-07-26 20:59:59.999000+00:00,4453700.671799,29098,1359.02430000,2599868.47977200,0
2026-07-26 21:00:00+00:00,1913.79,1930.0,1913.79,1925.91,8394.0362,2026-07-26 21:59:59.999000+00:00,16141500.165775,103198,4787.73140000,9202769.86954600,0
2026-07-26 22:00:00+00:00,1925.91,1953.03,1925.91,1949.81,23344.9293,2026-07-26 22:59:59.999000+00:00,45337022.814074,219536,13102.66130000,25452499.29852900,0
2026-07-26 23:00:00+00:00,1949.81,1967.36,1945.99,1954.72,25239.8549,2026-07-26 23:59:59.999000+00:00,49370721.238888,179614,13182.93660000,25798401.41561600,0
2026-07-27 00:00:00+00:00,1954.72,1955.42,1939.67,1942.54,10815.7364,2026-07-27 00:59:59.999000+00:00,21044288.8173,126215,4869.03140000,9475233.30508000,0
2026-07-27 01:00:00+00:00,1942.54,1948.46,1936.51,1948.2,8651.072,2026-07-27 01:59:59.999000+00:00,16815607.162238,124558,4119.70620000,8009446.97628900,0
2026-07-27 02:00:00+00:00,1948.2,1949.15,1941.48,1943.1,8333.0669,2026-07-27 02:59:59.999000+00:00,16216426.37265,69839,4468.84280000,8696141.48371300,0
2026-07-27 03:00:00+00:00,1943.09,1950.78,1942.42,1949.64,6458.3303,2026-07-27 03:59:59.999000+00:00,12568929.189071,41745,4065.73340000,7912533.41957400,0
2026-07-27 04:00:00+00:00,1949.65,1962.77,1948.54,1953.43,13061.709,2026-07-27 04:59:59.999000+00:00,25533890.212588,106815,8219.39480000,16067610.31443700,0
2026-07-27 05:00:00+00:00,1953.43,1970.43,1952.63,1965.65,15079.6006,2026-07-27 05:59:59.999000+00:00,29586446.794334,80096,8542.86770000,16764254.32028000,0
2026-07-27 06:00:00+00:00,1965.65,1981.24,1963.64,1968.45,25003.724,2026-07-27 06:59:59.999000+00:00,49307890.482437,183111,15002.42850000,29591387.31956100,0
2026-07-27 07:00:00+00:00,1968.45,1971.7,1960.86,1964.36,16580.0434,2026-07-27 07:59:59.999000+00:00,32615947.028064,107087,5887.27430000,11583190.46063900,0
2026-07-27 08:00:00+00:00,1964.37,1968.75,1961.81,1964.25,8606.9437,2026-07-27 08:59:59.999000+00:00,16920939.301746,92869,4246.23380000,8347954.95215400,0
2026-07-27 09:00:00+00:00,1964.25,1968.29,1956.87,1965.19,10222.2378,2026-07-27 09:59:59.999000+00:00,20057639.657099,85764,4862.93130000,9544027.71070300,0
2026-07-27 10:00:00+00:00,1965.19,1972.0,1963.8,1967.43,6133.2776,2026-07-27 10:59:59.999000+00:00,12067326.001721,56175,3539.04910000,6963014.24273500,0
2026-07-27 11:00:00+00:00,1967.42,1967.43,1958.11,1959.67,7353.3544,2026-07-27 11:59:59.999000+00:00,14431515.821154,73904,3553.72070000,6975461.66922200,0
2026-07-27 12:00:00+00:00,1959.67,1964.6,1943.0,1957.59,14137.4186,2026-07-27 12:59:59.999000+00:00,27609582.90478,117926,6969.93440000,13615796.02433900,0
2026-07-27 13:00:00+00:00,1957.6,1977.99,1950.95,1961.16,31081.0997,2026-07-27 13:59:59.999000+00:00,61050513.184173,323458,14226.61070000,27959879.90652200,0
2026-07-27 14:00:00+00:00,1961.18,1966.99,1919.09,1932.3,38196.3783,2026-07-27 14:59:59.999000+00:00,74081743.460564,384625,16445.97090000,31890056.32356700,0
2026-07-27 15:00:00+00:00,1932.3,1937.87,1924.83,1927.75,16079.6453,2026-07-27 15:59:59.999000+00:00,31039973.018949,224473,6260.43240000,12088112.31174900,0
2026-07-27 16:00:00+00:00,1927.74,1946.9,1922.65,1940.57,11388.9731,2026-07-27 16:59:59.999000+00:00,22049385.520953,127614,5820.88580000,11272708.61394700,0
2026-07-27 17:00:00+00:00,1940.57,1946.06,1935.1,1943.71,8370.8405,2026-07-27 17:59:59.999000+00:00,16256585.7934,110093,4520.71080000,8781308.99412200,0
2026-07-27 18:00:00+00:00,1943.72,1944.66,1929.2,1939.2,6892.7477,2026-07-27 18:59:59.999000+00:00,13345558.961171,80766,3299.19060000,6386605.94276700,0
2026-07-27 19:00:00+00:00,1939.21,1955.41,1937.75,1948.31,10768.3753,2026-07-27 19:59:59.999000+00:00,20982256.490968,113281,5775.84870000,11253338.45885900,0
2026-07-27 20:00:00+00:00,1948.32,1950.54,1943.69,1946.87,4740.1733,2026-07-27 20:59:59.999000+00:00,9227292.688373,65563,2180.90400000,4245471.91520400,0
2026-07-27 21:00:00+00:00,1946.88,1950.1,1940.58,1941.9,13531.1577,2026-07-27 21:59:59.999000+00:00,26322906.157773,82385,6274.23040000,12201093.81899600,0
2026-07-27 22:00:00+00:00,1941.89,1941.9,1892.33,1893.6,26543.049,2026-07-27 22:59:59.999000+00:00,50829206.520007,193870,7874.75470000,15084256.23238200,0
2026-07-27 23:00:00+00:00,1893.61,1896.19,1882.49,1892.53,24422.5254,2026-07-27 23:59:59.999000+00:00,46150785.597242,223511,11376.43180000,21502984.22109100,0
2026-07-28 00:00:00+00:00,1892.53,1894.45,1877.02,1878.86,20791.773,2026-07-28 00:59:59.999000+00:00,39169303.943226,139585,10320.27990000,19440522.04129600,0
2026-07-28 01:00:00+00:00,1878.86,1882.77,1866.31,1875.9,14824.195,2026-07-28 01:59:59.999000+00:00,27791823.37232,149192,6754.00090000,12666448.93778200,0
2026-07-28 02:00:00+00:00,1875.9,1880.46,1872.35,1876.0,5895.0583,2026-07-28 02:59:59.999000+00:00,11062881.229049,62062,3326.73560000,6244234.34220100,0
2026-07-28 03:00:00+00:00,1876.01,1883.26,1873.11,1881.38,8483.7449,2026-07-28 03:59:59.999000+00:00,15943364.30382,72515,4273.28420000,8030631.39311200,0
2026-07-28 04:00:00+00:00,1881.37,1882.84,1876.48,1879.18,6743.7128,2026-07-28 04:59:59.999000+00:00,12678210.013438,72235,2892.24520000,5437763.80733600,0
2026-07-28 05:00:00+00:00,1879.18,1889.66,1878.46,1883.16,8292.3695,2026-07-28 05:59:59.999000+00:00,15634292.530133,65412,3860.18690000,7277619.08468000,0
2026-07-28 06:00:00+00:00,1883.16,1888.82,1878.54,1888.62,10515.695,2026-07-28 06:59:59.999000+00:00,19809593.187312,65480,4179.90910000,7877520.43467500,0
2026-07-28 07:00:00+00:00,1888.62,1888.97,1880.92,1883.83,7707.2078,2026-07-28 07:59:59.999000+00:00,14526943.320953,55513,3875.24560000,7303699.15818400,0
2026-07-28 08:00:00+00:00,1883.84,1885.85,1880.4,1884.5,8547.8818,2026-07-28 08:59:59.999000+00:00,16094049.589582,69948,5267.02670000,9915813.01768500,0
2026-07-28 09:00:00+00:00,1884.5,1885.12,1874.81,1876.44,6605.9978,2026-07-28 09:59:59.999000+00:00,12430062.474167,63415,2525.56780000,4751968.68834400,0
2026-07-28 10:00:00+00:00,1876.43,1881.0,1873.75,1878.79,5710.996,2026-07-28 10:59:59.999000+00:00,10723421.097808,74149,2856.52490000,5363230.82980800,0
2026-07-28 11:00:00+00:00,1878.8,1882.02,1872.0,1876.68,9475.713,2026-07-28 11:59:59.999000+00:00,17776230.833089,88794,3496.47350000,6560335.05390400,0
2026-07-28 12:00:00+00:00,1876.69,1893.34,1874.63,1892.48,12503.8753,2026-07-28 12:59:59.999000+00:00,23558506.248929,108569,6824.67510000,12862199.76165800,0
2026-07-28 13:00:00+00:00,1892.48,1896.28,1856.88,1874.08,26917.9509,2026-07-28 13:59:59.999000+00:00,50455254.629233,224916,10581.10090000,19839750.29445500,0
2026-07-28 14:00:00+00:00,1874.08,1893.46,1867.74,1888.95,20017.6662,2026-07-28 14:59:59.999000+00:00,37652560.185102,219144,11677.31180000,21975806.74125200,0
2026-07-28 15:00:00+00:00,1888.96,1924.41,1884.56,1920.02,35311.4667,2026-07-28 15:59:59.999000+00:00,67403053.218657,249160,19831.65430000,37883500.31328500,0
2026-07-28 16:00:00+00:00,1920.02,1928.95,1914.52,1925.92,15042.0152,2026-07-28 16:59:59.999000+00:00,28892741.284288,137613,8498.68650000,16329913.70558800,0
2026-07-28 17:00:00+00:00,1925.92,1925.92,1892.71,1901.89,19307.1025,2026-07-28 17:59:59.999000+00:00,36801914.6946,160229,7928.56470000,15108983.40666700,0
2026-07-28 18:00:00+00:00,1901.9,1914.93,1901.6,1911.22,8918.5887,2026-07-28 18:59:59.999000+00:00,17033053.362392,95769,5244.36150000,10015739.53287800,0
2026-07-28 19:00:00+00:00,1911.22,1922.23,1911.22,1922.23,8496.5277,2026-07-28 19:59:59.999000+00:00,16292147.903165,68288,4322.69970000,8290349.54445700,0
2026-07-28 20:00:00+00:00,1922.24,1923.84,1916.16,1918.57,6013.7521,2026-07-28 20:59:59.999000+00:00,11544241.087725,48405,2794.99450000,5365465.44789100,0
2026-07-28 21:00:00+00:00,1918.57,1929.67,1918.47,1923.95,6371.0141,2026-07-28 21:59:59.999000+00:00,12253119.656856,50564,3411.24510000,6561811.51945100,0
2026-07-28 22:00:00+00:00,1923.96,1927.1,1910.1,1911.9,7483.9135,2026-07-28 22:59:59.999000+00:00,14351236.272286,84029,3087.07590000,5921398.74612500,0
2026-07-28 23:00:00+00:00,1911.9,1923.1,1904.06,1922.23,9246.9451,2026-07-28 23:59:59.999000+00:00,17690642.92447,80210,4274.96580000,8183048.67905700,0
2026-07-29 00:00:00+00:00,1922.22,1928.51,1916.34,1917.27,9538.2144,2026-07-29 00:59:59.999000+00:00,18337297.579275,103013,5196.13370000,9990658.10951700,0
2026-07-29 01:00:00+00:00,1917.27,1918.16,1905.0,1905.7,7132.1448,2026-07-29 01:59:59.999000+00:00,13632341.260444,142461,2888.23310000,5522385.36453500,0
2026-07-29 02:00:00+00:00,1905.69,1919.67,1901.17,1911.1,7118.7992,2026-07-29 02:59:59.999000+00:00,13598655.627231,107146,3808.04760000,7276095.15835600,0
2026-07-29 03:00:00+00:00,1911.11,1913.04,1891.17,1892.7,9925.2036,2026-07-29 03:59:59.999000+00:00,18872811.851696,111184,4472.29380000,8506094.97991900,0
2026-07-29 04:00:00+00:00,1892.7,1906.43,1884.51,1905.52,14039.2885,2026-07-29 04:59:59.999000+00:00,26601494.773085,135133,7344.76810000,13921832.22885600,0
2026-07-29 05:00:00+00:00,1905.52,1914.99,1903.53,1912.54,6767.1437,2026-07-29 05:59:59.999000+00:00,12922205.238658,71126,3419.76410000,6529046.52289100,0
2026-07-29 06:00:00+00:00,1912.53,1921.71,1908.89,1920.18,8086.8635,2026-07-29 06:59:59.999000+00:00,15501102.469109,77598,4738.90810000,9084286.92996200,0
2026-07-29 07:00:00+00:00,1920.19,1925.68,1914.1,1924.71,10093.038,2026-07-29 07:59:59.999000+00:00,19372042.390717,54121,5465.32520000,10493118.34053100,0
2026-07-29 08:00:00+00:00,1924.71,1925.35,1912.11,1915.08,6863.44,2026-07-29 08:59:59.999000+00:00,13156890.49362,57185,2813.09180000,5392223.08615800,0
2026-07-29 09:00:00+00:00,1915.08,1924.73,1914.94,1922.31,8027.9976,2026-07-29 09:59:59.999000+00:00,15417326.622272,78741,3787.30900000,7274671.69504600,0
2026-07-29 10:00:00+00:00,1922.31,1922.58,1910.0,1912.16,9505.431,2026-07-29 10:59:59.999000+00:00,18237099.121142,60801,3727.50350000,7152656.03343300,0
2026-07-29 11:00:00+00:00,1912.16,1917.07,1910.35,1915.26,5128.9107,2026-07-29 11:59:59.999000+00:00,9815041.68959,45298,1951.80080000,3735392.88304300,0
2026-07-29 12:00:00+00:00,1915.26,1915.27,1902.3,1905.23,10435.5074,2026-07-29 12:59:59.999000+00:00,19905563.123854,105042,4326.99710000,8253108.09771200,0
2026-07-29 13:00:00+00:00,1905.23,1911.67,1895.59,1909.24,16853.3485,2026-07-29 13:59:59.999000+00:00,32099227.163634,207559,8392.14480000,15987907.53477800,0
2026-07-29 14:00:00+00:00,1909.24,1911.46,1891.39,1895.23,19095.0094,2026-07-29 14:59:59.999000+00:00,36263401.59613,200218,9718.63690000,18459045.29848600,0
2026-07-29 15:00:00+00:00,1895.23,1898.84,1887.31,1892.11,16820.4155,2026-07-29 15:59:59.999000+00:00,31861509.118099,154252,7225.23910000,13691147.34040300,0
2026-07-29 16:00:00+00:00,1892.11,1899.5,1887.75,1895.4,10335.0027,2026-07-29 16:59:59.999000+00:00,19565073.049037,104138,4218.03270000,7985529.04657300,0
2026-07-29 17:00:00+00:00,1895.4,1917.29,1894.51,1916.16,12310.8742,2026-07-29 17:59:59.999000+00:00,23433171.016178,126515,7088.46990000,13496700.05696900,0
2026-07-29 18:00:00+00:00,1916.15,1935.68,1894.22,1920.55,37572.3934,2026-07-29 18:59:59.999000+00:00,72089831.763347,424000,21326.74930000,40930515.08672200,0
2026-07-29 19:00:00+00:00,1920.56,1922.74,1883.7,1888.56,24739.4293,2026-07-29 19:59:59.999000+00:00,47036963.76844,237009,10973.37590000,20867178.88053200,0
2026-07-29 20:00:00+00:00,1888.57,1891.99,1878.14,1884.15,16727.9089,2026-07-29 20:59:59.999000+00:00,31535961.03857,150690,7151.14610000,13488031.41799300,0
2026-07-29 21:00:00+00:00,1884.16,1898.39,1872.0,1898.38,13782.3896,2026-07-29 21:59:59.999000+00:00,25996838.617107,118699,6273.59090000,11838582.75423900,0
2026-07-29 22:00:00+00:00,1898.39,1911.61,1898.28,1907.18,9723.7496,2026-07-29 22:59:59.999000+00:00,18537850.910172,107196,5528.71190000,10538898.66609200,0
2026-07-29 23:00:00+00:00,1907.18,1913.17,1902.68,1910.72,7939.8405,2026-07-29 23:59:59.999000+00:00,15143309.409161,71744,4863.19110000,9274751.71971100,0
2026-07-30 00:00:00+00:00,1910.72,1914.81,1893.99,1898.22,7739.5737,2026-07-30 00:59:59.999000+00:00,14746633.176022,120608,3290.02810000,6270325.83706800,0
2026-07-30 01:00:00+00:00,1898.22,1921.92,1897.49,1916.77,12720.6506,2026-07-30 01:59:59.999000+00:00,24320004.383212,109996,8346.43750000,15959966.03103100,0
2026-07-30 02:00:00+00:00,1916.77,1920.0,1910.29,1911.11,7594.283,2026-07-30 02:59:59.999000+00:00,14548547.446383,79048,3712.51260000,7114129.10764900,0
2026-07-30 03:00:00+00:00,1911.12,1915.3,1907.65,1909.99,4747.0982,2026-07-30 03:59:59.999000+00:00,9073439.091213,57179,2074.96870000,3966255.33037400,0
2026-07-30 04:00:00+00:00,1910.0,1910.93,1901.87,1901.99,9789.7456,2026-07-30 04:59:59.999000+00:00,18659338.496993,66337,4412.99070000,8410774.13612000,0
2026-07-30 05:00:00+00:00,1902.0,1909.67,1900.18,1906.34,6499.9185,2026-07-30 05:59:59.999000+00:00,12375684.100819,90322,3364.50350000,6405831.60423000,0
2026-07-30 06:00:00+00:00,1906.34,1906.95,1899.59,1901.32,4978.1487,2026-07-30 06:59:59.999000+00:00,9474977.266213,63521,2238.79710000,4261487.72559900,0
2026-07-30 07:00:00+00:00,1901.33,1908.12,1900.43,1903.25,7853.252,2026-07-30 07:59:59.999000+00:00,14956800.724371,78245,4997.35790000,9517859.10011400,0
2026-07-30 08:00:00+00:00,1903.26,1917.95,1900.51,1914.99,9068.4709,2026-07-30 08:59:59.999000+00:00,17333009.274882,121064,4722.81180000,9025555.20479900,0
2026-07-30 09:00:00+00:00,1914.99,1924.25,1914.06,1918.16,9956.9197,2026-07-30 09:59:59.999000+00:00,19104451.431981,109123,4701.62710000,9022017.18350600,0
2026-07-30 10:00:00+00:00,1918.15,1921.9,1916.7,1918.26,4999.1833,2026-07-30 10:59:59.999000+00:00,9595052.197814,51674,2526.88360000,4849598.51308100,0
2026-07-30 11:00:00+00:00,1918.27,1926.44,1916.7,1923.22,4846.6566,2026-07-30 11:59:59.999000+00:00,9313007.201152,50589,2506.56700000,4817745.69482600,0
2026-07-30 12:00:00+00:00,1923.25,1928.0,1919.79,1925.23,6901.9258,2026-07-30 12:59:59.999000+00:00,13278942.073259,72232,3877.56960000,7461721.50588500,0
2026-07-30 13:00:00+00:00,1925.24,1936.99,1917.15,1929.86,12236.7304,2026-07-30 13:59:59.999000+00:00,23592746.987261,184514,6603.65980000,12734516.63245200,0
2026-07-30 14:00:00+00:00,1929.86,1930.2,1913.49,1917.4,15517.4134,2026-07-30 14:59:59.999000+00:00,29805024.252865,134414,6169.36910000,11849115.03524700,0
2026-07-30 15:00:00+00:00,1917.41,1924.16,1914.67,1918.9,7141.6716,2026-07-30 15:59:59.999000+00:00,13698811.68535,88935,3308.81050000,6347173.59497400,0
2026-07-30 16:00:00+00:00,1918.9,1925.98,1915.97,1919.38,5548.8542,2026-07-30 16:59:59.999000+00:00,10661829.152944,63200,2765.93040000,5315172.90806500,0
2026-07-30 17:00:00+00:00,1919.37,1925.4,1916.28,1920.88,6281.4698,2026-07-30 17:59:59.999000+00:00,12069317.827928,75459,3255.65120000,6255988.45019800,0
2026-07-30 18:00:00+00:00,1920.88,1922.73,1914.81,1916.29,3955.1823,2026-07-30 18:59:59.999000+00:00,7589742.747491,39296,1772.85050000,3402312.56896900,0
2026-07-30 19:00:00+00:00,1916.3,1929.34,1916.0,1923.68,6300.4553,2026-07-30 19:59:59.999000+00:00,12124348.854505,49810,3215.90660000,6187188.45829600,0
2026-07-30 20:00:00+00:00,1923.69,1927.4,1920.0,1921.68,4077.9852,2026-07-30 20:59:59.999000+00:00,7844138.75582,45350,2213.07070000,4256852.24183700,0
2026-07-30 21:00:00+00:00,1921.69,1924.56,1917.23,1918.67,2954.9779,2026-07-30 21:59:59.999000+00:00,5677242.651396,28712,1439.77900000,2765899.17090400,0
2026-07-30 22:00:00+00:00,1918.66,1933.41,1916.0,1925.63,6105.4228,2026-07-30 22:59:59.999000+00:00,11766568.86345,77471,3082.15520000,5940351.47462500,0
2026-07-30 23:00:00+00:00,1925.62,1936.79,1918.07,1918.31,8715.6923,2026-07-30 23:59:59.999000+00:00,16790103.055625,80050,4029.51560000,7764587.94152400,0
2026-07-31 00:00:00+00:00,1918.32,1922.09,1915.02,1917.15,7565.3209,2026-07-31 00:59:59.999000+00:00,14508549.887891,68331,3856.57440000,7394889.02933700,0
2026-07-31 01:00:00+00:00,1917.15,1936.15,1906.79,1910.36,16082.1879,2026-07-31 01:59:59.999000+00:00,30912369.73119,171721,7578.56990000,14574478.35031300,0
2026-07-31 02:00:00+00:00,1910.35,1912.0,1901.6,1904.15,6723.6932,2026-07-31 02:59:59.999000+00:00,12813303.883624,79228,2972.96610000,5665345.30367600,0
2026-07-31 03:00:00+00:00,1904.15,1911.6,1899.09,1908.9,8585.8826,2026-07-31 03:59:59.999000+00:00,16365613.255988,57406,4969.10350000,9475439.03393300,0
2026-07-31 04:00:00+00:00,1908.9,1909.49,1903.24,1905.96,3562.0432,2026-07-31 04:59:59.999000+00:00,6789362.996865,39351,1569.85300000,2992260.06379100,0
2026-07-31 05:00:00+00:00,1905.97,1909.1,1901.49,1906.13,3830.9634,2026-07-31 05:59:59.999000+00:00,7299793.111792,50562,1572.63420000,2996805.67148100,0
2026-07-31 06:00:00+00:00,1906.14,1911.16,1900.3,1902.61,4344.4345,2026-07-31 06:59:59.999000+00:00,8278700.488067,49503,2453.58110000,4676116.36033000,0
2026-07-31 07:00:00+00:00,1902.6,1902.78,1884.53,1890.2,16831.5114,2026-07-31 07:59:59.999000+00:00,31816771.416171,139076,7484.82630000,14147175.89990500,0
2026-07-31 08:00:00+00:00,1890.2,1893.33,1888.22,1890.45,9163.7608,2026-07-31 08:59:59.999000+00:00,17326642.982685,53315,4772.56100000,9023782.46994800,0
2026-07-31 09:00:00+00:00,1890.45,1891.26,1881.42,1883.74,10359.2477,2026-07-31 09:59:59.999000+00:00,19545228.096832,62076,2844.12140000,5364198.11448100,0
2026-07-31 10:00:00+00:00,1883.73,1890.16,1877.93,1887.12,6960.1299,2026-07-31 10:59:59.999000+00:00,13116171.444524,65469,2941.34930000,5544569.47634000,0
2026-07-31 11:00:00+00:00,1887.12,1889.83,1882.49,1884.26,9120.4136,2026-07-31 11:59:59.999000+00:00,17197054.852857,44737,2688.16240000,5068963.92178100,0
2026-07-31 12:00:00+00:00,1884.27,1884.82,1873.61,1882.92,11994.9695,2026-07-31 12:59:59.999000+00:00,22528773.406215,69189,3992.86340000,7499375.36991300,0
2026-07-31 13:00:00+00:00,1882.93,1890.61,1865.0,1867.12,17383.3001,2026-07-31 13:59:59.999000+00:00,32632005.114258,192842,7916.04160000,14870691.93332000,0
2026-07-31 14:00:00+00:00,1867.13,1870.29,1848.7,1860.19,45592.3977,2026-07-31 14:59:59.999000+00:00,84848374.197734,389594,21990.32840000,40940112.31096900,0
2026-07-31 15:00:00+00:00,1860.2,1866.53,1854.77,1862.94,15413.4463,2026-07-31 15:59:59.999000+00:00,28670177.948782,195655,6391.25250000,11889828.27526400,0
2026-07-31 16:00:00+00:00,1862.93,1867.32,1860.83,1864.57,10901.0391,2026-07-31 16:59:59.999000+00:00,20315614.600972,117641,3945.31700000,7353299.16928700,0
2026-07-31 17:00:00+00:00,1864.57,1878.14,1863.26,1875.01,9319.6414,2026-07-31 17:59:59.999000+00:00,17428855.278429,75708,3875.51970000,7253942.10485600,0
2026-07-31 18:00:00+00:00,1875.01,1876.74,1864.95,1871.83,4001.6627,2026-07-31 18:59:59.999000+00:00,7489220.381481,50113,1972.09830000,3691519.09148700,0
2026-07-31 19:00:00+00:00,1871.82,1874.04,1865.38,1868.19,6567.6097,2026-07-31 19:59:59.999000+00:00,12268368.916554,55592,2376.25060000,4439602.79239600,0
2026-07-31 20:00:00+00:00,1868.19,1870.73,1861.6,1862.25,5039.9544,2026-07-31 20:59:59.999000+00:00,9406467.256068,55696,2026.45090000,3781836.68286300,0
2026-07-31 21:00:00+00:00,1862.25,1864.83,1859.64,1861.81,4404.1647,2026-07-31 21:59:59.999000+00:00,8202146.298251,51314,1849.45130000,3444304.79705900,0
2026-07-31 22:00:00+00:00,1861.81,1865.56,1858.8,1861.49,6218.8952,2026-07-31 22:59:59.999000+00:00,11586555.149395,42199,1799.90850000,3352581.09981700,0
2026-07-31 23:00:00+00:00,1861.49,1864.77,1860.95,1862.6,2938.1166,2026-07-31 23:59:59.999000+00:00,5474178.938713,32816,1312.36080000,2445011.80464200,0
2026-08-01 00:00:00+00:00,1862.6,1867.64,1862.38,1864.7,4320.5922,2026-08-01 00:59:59.999000+00:00,8059269.741732,40804,1900.93540000,3546490.61012500,0
2026-08-01 01:00:00+00:00,1864.69,1867.51,1864.69,1867.03,2874.5758,2026-08-01 01:59:59.999000+00:00,5365511.490275,19955,1649.30510000,3078524.19848700,0
2026-08-01 02:00:00+00:00,1867.03,1870.0,1866.74,1868.25,1629.9406,2026-08-01 02:59:59.999000+00:00,3045208.335202,14738,801.71940000,1497879.95153300,0
2026-08-01 03:00:00+00:00,1868.25,1869.89,1866.47,1869.88,1797.9406,2026-08-01 03:59:59.999000+00:00,3359289.892994,12318,873.66700000,1632421.52042700,0
2026-08-01 04:00:00+00:00,1869.88,1870.53,1867.13,1869.76,1890.5488,2026-08-01 04:59:59.999000+00:00,3534049.528858,11214,807.75740000,1510277.20894100,0
2026-08-01 05:00:00+00:00,1869.76,1871.05,1865.34,1867.59,2681.1896,2026-08-01 05:59:59.999000+00:00,5009353.54819,12917,1045.21010000,1952628.65473300,0
2026-08-01 06:00:00+00:00,1867.58,1871.21,1866.46,1870.5,2375.604,2026-08-01 06:59:59.999000+00:00,4441374.319449,13680,1261.91830000,2359480.52687700,0
2026-08-01 07:00:00+00:00,1870.5,1871.98,1868.49,1869.8,2112.7899,2026-08-01 07:59:59.999000+00:00,3951129.629557,16997,1159.71150000,2168885.88172400,0
2026-08-01 08:00:00+00:00,1869.81,1870.28,1867.6,1869.49,1883.948,2026-08-01 08:59:59.999000+00:00,3520874.411905,14130,943.18450000,1762597.31116500,0
2026-08-01 09:00:00+00:00,1869.5,1870.74,1867.59,1867.93,2411.8289,2026-08-01 09:59:59.999000+00:00,4508881.655102,21277,1295.89640000,2422592.33571900,0
2026-08-01 10:00:00+00:00,1867.94,1869.11,1863.1,1867.35,7323.6147,2026-08-01 10:59:59.999000+00:00,13662298.894569,40201,3594.93640000,6706965.97060200,0
2026-08-01 11:00:00+00:00,1867.36,1867.77,1865.79,1866.9,5035.6351,2026-08-01 11:59:59.999000+00:00,9400277.178222,16827,2070.42400000,3864851.45846000,0
2026-08-01 12:00:00+00:00,1866.9,1870.0,1866.89,1869.06,2013.3782,2026-08-01 12:59:59.999000+00:00,3761668.962401,23710,1076.63310000,2011477.23754900,0
2026-08-01 13:00:00+00:00,1869.07,1869.6,1867.54,1869.28,1883.4812,2026-08-01 13:59:59.999000+00:00,3519802.232823,15475,974.55010000,1821244.50042000,0
2026-08-01 14:00:00+00:00,1869.29,1875.33,1869.25,1875.18,4139.1814,2026-08-01 14:59:59.999000+00:00,7748617.68161,27739,2248.31240000,4208806.25155200,0
2026-08-01 15:00:00+00:00,1875.18,1875.45,1870.07,1870.09,3029.8805,2026-08-01 15:59:59.999000+00:00,5672702.719025,27255,1089.96800000,2040961.53810900,0
2026-08-01 16:00:00+00:00,1870.1,1873.6,1866.47,1868.79,2510.6059,2026-08-01 16:59:59.999000+00:00,4694699.298877,27068,1224.06060000,2289216.61701100,0
2026-08-01 17:00:00+00:00,1868.79,1870.25,1857.41,1862.07,4950.8385,2026-08-01 17:59:59.999000+00:00,9225159.485253,58716,1989.44700000,3705411.11977700,0
2026-08-01 18:00:00+00:00,1862.06,1863.03,1822.06,1836.81,30668.7809,2026-08-01 18:59:59.999000+00:00,56429784.717161,237814,12835.74840000,23602065.49180200,0
2026-08-01 19:00:00+00:00,1836.8,1840.58,1834.2,1837.3,6052.4254,2026-08-01 19:59:59.999000+00:00,11122633.768686,75925,2216.28440000,4072657.23012500,0
2026-08-01 20:00:00+00:00,1837.29,1840.48,1833.07,1838.41,5521.2918,2026-08-01 20:59:59.999000+00:00,10139236.766866,42655,2065.99460000,3795178.52286500,0
2026-08-01 21:00:00+00:00,1838.41,1845.96,1836.61,1845.78,5894.9077,2026-08-01 21:59:59.999000+00:00,10855868.264065,51331,2663.89790000,4906897.59910000,0
2026-08-01 22:00:00+00:00,1845.79,1849.26,1844.76,1847.28,2856.1786,2026-08-01 22:59:59.999000+00:00,5276663.078876,35025,1157.29580000,2137896.08380500,0
2026-08-01 23:00:00+00:00,1847.28,1849.1,1843.39,1844.94,3027.8295,2026-08-01 23:59:59.999000+00:00,5588158.202896,22829,1061.05360000,1958334.81477600,0
2026-08-02 00:00:00+00:00,1844.95,1849.7,1843.67,1846.69,4031.2087,2026-08-02 00:59:59.999000+00:00,7443219.268348,24804,1496.76900000,2763990.33403800,0
2026-08-02 01:00:00+00:00,1846.69,1859.41,1846.69,1857.09,7392.1031,2026-08-02 01:59:59.999000+00:00,13711494.197584,34232,3701.20920000,6862988.07947700,0
2026-08-02 02:00:00+00:00,1857.09,1884.69,1856.51,1876.9,17693.7596,2026-08-02 02:59:59.999000+00:00,33177039.742719,142791,9967.05720000,18686645.33978000,0
2026-08-02 03:00:00+00:00,1876.9,1880.54,1874.32,1877.43,4976.3428,2026-08-02 03:59:59.999000+00:00,9341728.551492,53311,2128.01710000,3994337.99418500,0
2026-08-02 04:00:00+00:00,1877.44,1882.67,1877.44,1881.22,4678.1317,2026-08-02 04:59:59.999000+00:00,8794508.024089,31205,2404.04580000,4519164.77469100,0
2026-08-02 05:00:00+00:00,1881.21,1882.68,1875.26,1876.33,4198.7677,2026-08-02 05:59:59.999000+00:00,7884506.843521,24181,1912.35050000,3591660.79129300,0
2026-08-02 06:00:00+00:00,1876.32,1879.33,1875.0,1877.54,3148.4584,2026-08-02 06:59:59.999000+00:00,5909571.725663,16846,1488.91880000,2794434.89524800,0
2026-08-02 07:00:00+00:00,1877.54,1878.78,1875.67,1876.1,2714.3967,2026-08-02 07:59:59.999000+00:00,5096705.881604,12139,1134.70550000,2130419.08828100,0
2026-08-02 08:00:00+00:00,1876.1,1879.0,1867.04,1868.2,5044.7312,2026-08-02 08:59:59.999000+00:00,9445851.320497,33580,2119.94320000,3969436.30811600,0
2026-08-02 09:00:00+00:00,1868.19,1872.97,1862.3,1870.95,3014.6538,2026-08-02 09:59:59.999000+00:00,5634738.238101,32715,1423.51080000,2661092.45597700,0
2026-08-02 10:00:00+00:00,1870.94,1871.13,1865.63,1868.75,1753.0272,2026-08-02 10:59:59.999000+00:00,3275889.624606,17883,852.37730000,1592815.04441000,0
2026-08-02 11:00:00+00:00,1868.76,1869.74,1849.5,1852.58,8195.8641,2026-08-02 11:59:59.999000+00:00,15222310.463163,62165,3340.91000000,6205923.10792000,0
2026-08-02 12:00:00+00:00,1852.65,1860.58,1852.46,1857.06,3764.4164,2026-08-02 12:59:59.999000+00:00,6990021.575253,41411,2209.09990000,4101413.77273700,0
2026-08-02 13:00:00+00:00,1857.07,1858.05,1852.41,1854.89,2230.6675,2026-08-02 13:59:59.999000+00:00,4139517.478061,39924,1187.48620000,2203483.81913800,0
2026-08-02 14:00:00+00:00,1854.88,1859.27,1852.42,1854.94,2752.8167,2026-08-02 14:59:59.999000+00:00,5109485.637417,36033,1418.30460000,2632590.23070200,0
2026-08-02 15:00:00+00:00,1854.95,1863.05,1853.81,1858.82,2831.0497,2026-08-02 15:59:59.999000+00:00,5262406.313131,32802,1747.00640000,3247362.39781700,0
2026-08-02 16:00:00+00:00,1858.82,1865.7,1856.03,1863.13,2850.251,2026-08-02 16:59:59.999000+00:00,5306724.012343,49536,1829.67090000,3406616.52027100,0
2026-08-02 17:00:00+00:00,1863.13,1870.57,1862.4,1868.65,3299.4741,2026-08-02 17:59:59.999000+00:00,6158395.434942,30512,1970.22220000,3677029.63487700,0
2026-08-02 18:00:00+00:00,1868.64,1887.2,1868.49,1875.86,10697.2543,2026-08-02 18:59:59.999000+00:00,20100411.977528,76810,6323.51000000,11882476.98891300,0
2026-08-02 19:00:00+00:00,1875.86,1883.93,1874.8,1882.2,4040.8119,2026-08-02 19:59:59.999000+00:00,7591529.375296,47909,2274.95570000,4273404.93717900,0
2026-08-02 20:00:00+00:00,1882.2,1885.71,1879.61,1883.78,3060.4289,2026-08-02 20:59:59.999000+00:00,5761266.429208,34467,1573.70630000,2962846.99431800,0
2026-08-02 21:00:00+00:00,1883.79,1898.5,1882.15,1890.43,8410.4818,2026-08-02 21:59:59.999000+00:00,15897955.202961,94374,4776.19930000,9030362.44275800,0
2026-08-02 22:00:00+00:00,1890.44,1897.8,1880.5,1882.11,9510.3373,2026-08-02 22:59:59.999000+00:00,17980332.361054,108668,5280.98890000,9987024.24111100,0
2026-08-02 23:00:00+00:00,1882.1,1885.68,1876.39,1885.36,3365.6286,2026-08-02 23:59:59.999000+00:00,6333698.682749,51529,1942.16330000,3655127.18414500,0
2026-08-03 00:00:00+00:00,1885.36,1885.95,1871.68,1873.87,4671.4907,2026-08-03 00:59:59.999000+00:00,8772784.038346,59704,1703.79550000,3198468.28222200,0
2026-08-03 01:00:00+00:00,1873.86,1875.52,1866.0,1867.19,4120.4684,2026-08-03 01:59:59.999000+00:00,7707184.074556,69028,1965.62050000,3676952.95268900,0
2026-08-03 02:00:00+00:00,1867.19,1872.0,1862.9,1864.51,4058.0605,2026-08-03 02:59:59.999000+00:00,7575898.260432,57684,1635.01860000,3052414.88618600,0
2026-08-03 03:00:00+00:00,1864.51,1865.71,1851.05,1857.22,5297.8404,2026-08-03 03:59:59.999000+00:00,9850586.124113,46798,2078.02960000,3864035.90433200,0
2026-08-03 04:00:00+00:00,1857.21,1863.14,1854.81,1854.97,3716.6199,2026-08-03 04:59:59.999000+00:00,6911352.459845,52380,1378.66200000,2563734.46757500,0
2026-08-03 05:00:00+00:00,1854.97,1860.91,1853.55,1859.88,4111.3952,2026-08-03 05:59:59.999000+00:00,7637450.966424,48238,2189.74870000,4068689.74039800,0
2026-08-03 06:00:00+00:00,1859.88,1861.11,1846.38,1849.28,7050.062,2026-08-03 06:59:59.999000+00:00,13061681.735259,63777,3196.23820000,5921834.22698700,0
2026-08-03 07:00:00+00:00,1849.29,1849.94,1840.0,1843.97,12612.232,2026-08-03 07:59:59.999000+00:00,23264423.067242,81307,6055.32270000,11169408.73875700,0
2026-08-03 08:00:00+00:00,1843.96,1845.57,1828.62,1840.32,15329.1092,2026-08-03 08:59:59.999000+00:00,28143284.554197,136761,6660.89370000,12227283.91637200,0
2026-08-03 09:00:00+00:00,1840.32,1853.91,1839.35,1852.63,8512.8596,2026-08-03 09:59:59.999000+00:00,15699192.27187,63792,4507.67020000,8314034.75366600,0
2026-08-03 10:00:00+00:00,1852.62,1854.46,1841.55,1846.24,7708.7926,2026-08-03 10:59:59.999000+00:00,14251046.171473,61847,3415.95470000,6316666.09477100,0
2026-08-03 11:00:00+00:00,1846.24,1847.88,1838.48,1839.89,4323.4095,2026-08-03 11:59:59.999000+00:00,7969220.753626,52813,1847.33740000,3405715.07595900,0
2026-08-03 12:00:00+00:00,1839.88,1845.38,1836.75,1843.7,5012.5495,2026-08-03 12:59:59.999000+00:00,9232034.204849,61524,2711.71450000,4994547.32006800,0
2026-08-03 13:00:00+00:00,1843.69,1860.24,1838.42,1859.18,13330.2037,2026-08-03 13:59:59.999000+00:00,24653223.346538,197151,7793.90660000,14419876.14846900,0
2026-08-03 14:00:00+00:00,1859.18,1874.35,1851.34,1873.79,21006.5246,2026-08-03 14:59:59.999000+00:00,39135942.21057,204118,12524.98580000,23338322.07036200,0
2026-08-03 15:00:00+00:00,1873.79,1874.08,1860.43,1863.34,10839.8182,2026-08-03 15:59:59.999000+00:00,20226172.757947,110763,5412.07050000,10099743.37165700,0
2026-08-03 16:00:00+00:00,1863.34,1872.22,1861.68,1866.22,6771.2457,2026-08-03 16:59:59.999000+00:00,12644998.67588,79304,3814.70940000,7123282.93852400,0
2026-08-03 17:00:00+00:00,1866.22,1874.93,1863.64,1868.84,5795.3562,2026-08-03 17:59:59.999000+00:00,10834197.082093,54816,2844.21620000,5317084.94980900,0
2026-08-03 18:00:00+00:00,1868.85,1874.0,1866.72,1868.96,4466.282,2026-08-03 18:59:59.999000+00:00,8353605.98151,72167,1713.75900000,3205703.68716200,0
2026-08-03 19:00:00+00:00,1868.96,1876.5,1868.2,1870.2,5831.2405,2026-08-03 19:59:59.999000+00:00,10915762.097201,54923,2288.58870000,4284489.96993300,0
2026-08-03 20:00:00+00:00,1870.2,1875.99,1866.61,1868.97,7347.3691,2026-08-03 20:59:59.999000+00:00,13743860.541295,36104,3497.55390000,6542139.14097500,0
2026-08-03 21:00:00+00:00,1868.97,1869.15,1863.57,1863.6,4725.1651,2026-08-03 21:59:59.999000+00:00,8818866.096121,28551,1619.84250000,3022853.16588000,0
2026-08-03 22:00:00+00:00,1863.6,1866.12,1852.45,1860.4,6401.3077,2026-08-03 22:59:59.999000+00:00,11901661.527125,55872,2760.19540000,5131531.66815400,0
2026-08-03 23:00:00+00:00,1860.39,1860.5,1856.22,1860.5,2567.6076,2026-08-03 23:59:59.999000+00:00,4772045.969287,25941,1159.23370000,2154323.74152300,0
2026-08-04 00:00:00+00:00,1860.5,1863.12,1848.38,1851.3,10087.437,2026-08-04 00:59:59.999000+00:00,18698022.546011,73285,5341.35970000,9897569.43672300,0
2026-08-04 01:00:00+00:00,1851.3,1869.72,1849.12,1867.64,9043.6029,2026-08-04 01:59:59.999000+00:00,16829027.21436,93586,5272.73060000,9808277.47118500,0
2026-08-04 02:00:00+00:00,1867.64,1872.5,1862.09,1866.17,5344.8134,2026-08-04 02:59:59.999000+00:00,9974975.021953,49563,2530.70670000,4723915.77490900,0
2026-08-04 03:00:00+00:00,1866.17,1866.96,1858.38,1864.19,4382.4669,2026-08-04 03:59:59.999000+00:00,8163565.796082,40392,2158.19840000,4020507.48886600,0
2026-08-04 04:00:00+00:00,1864.2,1874.71,1862.09,1868.01,6131.0573,2026-08-04 04:59:59.999000+00:00,11456377.144546,46484,3131.01780000,5850758.38282700,0
2026-08-04 05:00:00+00:00,1868.0,1870.54,1864.28,1864.42,3298.8071,2026-08-04 05:59:59.999000+00:00,6155928.924986,29335,1099.05980000,2050551.46452500,0
2026-08-04 06:00:00+00:00,1864.42,1882.44,1854.65,1856.96,15678.0058,2026-08-04 06:59:59.999000+00:00,29241255.092406,76093,10511.57690000,19621762.47162600,0
2026-08-04 07:00:00+00:00,1856.96,1864.98,1853.54,1863.87,7711.0201,2026-08-04 07:59:59.999000+00:00,14338819.970049,67782,3729.15200000,6932847.78090200,0
2026-08-04 08:00:00+00:00,1863.88,1865.88,1856.96,1857.89,4180.9094,2026-08-04 08:59:59.999000+00:00,7779854.917685,49285,2155.03500000,4009617.96315800,0
2026-08-04 09:00:00+00:00,1857.88,1858.83,1853.48,1858.71,5488.8272,2026-08-04 09:59:59.999000+00:00,10189980.025545,57579,2605.55760000,4836841.14538500,0
2026-08-04 10:00:00+00:00,1858.71,1873.03,1854.11,1866.94,8858.6566,2026-08-04 10:59:59.999000+00:00,16503223.080042,114033,4476.97630000,8338189.97356100,0
2026-08-04 11:00:00+00:00,1866.95,1874.78,1866.18,1872.89,6980.9397,2026-08-04 11:59:59.999000+00:00,13054042.976027,93561,3264.21420000,6105936.16047500,0
2026-08-04 12:00:00+00:00,1872.88,1882.0,1868.09,1875.11,8155.32,2026-08-04 12:59:59.999000+00:00,15294308.308912,95289,4497.82760000,8435900.06379100,0
2026-08-04 13:00:00+00:00,1875.11,1877.63,1860.01,1862.06,14674.1047,2026-08-04 13:59:59.999000+00:00,27451654.552214,184059,8031.49540000,15026107.33381600,0
2026-08-04 14:00:00+00:00,1862.06,1875.71,1858.72,1873.03,12625.0454,2026-08-04 14:59:59.999000+00:00,23574315.008848,121913,6996.82850000,13067680.21448900,0
2026-08-04 15:00:00+00:00,1873.02,1877.85,1862.05,1873.07,9729.2962,2026-08-04 15:59:59.999000+00:00,18198685.428204,104222,4365.98180000,8168010.54671700,0
2026-08-04 16:00:00+00:00,1873.08,1874.09,1865.65,1869.68,7985.3408,2026-08-04 16:59:59.999000+00:00,14939398.799801,70322,3591.74290000,6718870.95014700,0
2026-08-04 17:00:00+00:00,1869.69,1877.88,1867.01,1869.53,12012.494,2026-08-04 17:59:59.999000+00:00,22498875.286756,91708,5037.44640000,9437536.98484600,0
2026-08-04 18:00:00+00:00,1869.54,1880.94,1869.3,1875.29,7528.9302,2026-08-04 18:59:59.999000+00:00,14129310.750484,83758,3270.10640000,6136916.44286400,0
2026-08-04 19:00:00+00:00,1875.29,1881.81,1873.86,1875.26,8184.4653,2026-08-04 19:59:59.999000+00:00,15363520.460159,56678,3850.44870000,7228552.86012700,0
2026-08-04 20:00:00+00:00,1875.26,1879.84,1866.17,1876.65,5884.9577,2026-08-04 20:59:59.999000+00:00,11025161.013037,77798,2732.80420000,5120558.33095000,0
2026-08-04 21:00:00+00:00,1876.65,1876.65,1871.85,1872.32,2412.3242,2026-08-04 21:59:59.999000+00:00,4519904.727045,41772,1017.40700000,1905976.50942700,0
2026-08-04 22:00:00+00:00,1872.32,1876.92,1868.48,1875.64,3303.5295,2026-08-04 22:59:59.999000+00:00,6186773.526214,44048,1614.80460000,3024585.43106800,0
2026-08-04 23:00:00+00:00,1875.64,1881.28,1869.07,1869.75,5572.1938,2026-08-04 23:59:59.999000+00:00,10441930.061819,47261,2683.73760000,5029798.41796900,0
2026-08-05 00:00:00+00:00,1869.74,1873.87,1863.33,1863.93,7040.3828,2026-08-05 00:59:59.999000+00:00,13147816.494275,91190,3220.13460000,6013778.07602900,0
2026-08-05 01:00:00+00:00,1863.94,1874.4,1861.34,1873.37,3984.1549,2026-08-05 01:59:59.999000+00:00,7442977.821386,74667,2007.69560000,3751320.56398000,0
2026-08-05 02:00:00+00:00,1873.37,1878.0,1872.5,1874.49,5850.9223,2026-08-05 02:59:59.999000+00:00,10970992.670768,69510,2542.90640000,4768495.45896300,0
2026-08-05 03:00:00+00:00,1874.49,1876.23,1863.91,1867.75,7838.784,2026-08-05 03:59:59.999000+00:00,14646928.277903,74654,4035.88010000,7539757.76176700,0
2026-08-05 04:00:00+00:00,1867.75,1869.79,1865.0,1867.5,3487.1721,2026-08-05 04:59:59.999000+00:00,6511230.489411,35321,1714.98080000,3201527.36651600,0
2026-08-05 05:00:00+00:00,1867.5,1877.69,1867.21,1873.46,4816.0039,2026-08-05 05:59:59.999000+00:00,9020610.920929,53040,1754.71160000,3286520.04185500,0
2026-08-05 06:00:00+00:00,1873.46,1873.69,1868.26,1869.88,9338.5186,2026-08-05 06:59:59.999000+00:00,17464061.143929,32604,3671.15440000,6865520.81746300,0
2026-08-05 07:00:00+00:00,1869.88,1872.2,1863.53,1872.2,13188.6525,2026-08-05 07:59:59.999000+00:00,24628722.980041,60843,7557.66830000,14114329.02139600,0
2026-08-05 08:00:00+00:00,1872.2,1874.48,1868.0,1869.99,10385.8454,2026-08-05 08:59:59.999000+00:00,19440462.304351,49569,6660.83670000,12468838.79047600,0
2026-08-05 09:00:00+00:00,1869.99,1874.66,1868.89,1871.94,4866.2003,2026-08-05 09:59:59.999000+00:00,9113943.894017,43859,2135.28070000,3998903.60438900,0
2026-08-05 10:00:00+00:00,1871.94,1876.06,1866.16,1868.33,5390.3805,2026-08-05 10:59:59.999000+00:00,10085657.367631,67104,2713.59600000,5077751.96893600,0
2026-08-05 11:00:00+00:00,1868.32,1871.15,1867.27,1868.92,4882.5202,2026-08-05 11:59:59.999000+00:00,9125409.793923,62080,3002.27290000,5610793.38273500,0
2026-08-05 12:00:00+00:00,1868.92,1885.29,1867.47,1876.25,13717.3662,2026-08-05 12:59:59.999000+00:00,25774310.562492,122743,6800.10890000,12777596.60352300,0
2026-08-05 13:00:00+00:00,1876.26,1879.51,1855.5,1878.53,21971.7299,2026-08-05 13:59:59.999000+00:00,41028269.183414,228559,11232.28610000,20973458.14639700,0
2026-08-05 14:00:00+00:00,1878.52,1882.84,1869.24,1875.89,15946.0181,2026-08-05 14:59:59.999000+00:00,29909048.044651,165412,7982.85400000,14976301.12719300,0
2026-08-05 15:00:00+00:00,1875.89,1882.76,1872.95,1873.91,8156.1461,2026-08-05 15:59:59.999000+00:00,15316716.839459,109975,4231.18640000,7947878.05706400,0
2026-08-05 16:00:00+00:00,1873.91,1897.32,1873.4,1895.56,20344.7361,2026-08-05 16:59:59.999000+00:00,38444323.539133,172665,12213.26690000,23077976.81355900,0
2026-08-05 17:00:00+00:00,1895.55,1917.72,1891.07,1916.75,24840.2338,2026-08-05 17:59:59.999000+00:00,47333695.941967,188278,15417.02830000,29383546.05429600,0
2026-08-05 18:00:00+00:00,1916.75,1928.0,1913.9,1918.06,19879.6167,2026-08-05 18:59:59.999000+00:00,38158204.491889,189196,10498.62450000,20152908.12510500,0
2026-08-05 19:00:00+00:00,1918.05,1921.0,1915.6,1917.03,9433.0891,2026-08-05 19:59:59.999000+00:00,18098681.076856,91149,4267.13060000,8186532.49254200,0
2026-08-05 20:00:00+00:00,1917.02,1924.56,1916.71,1917.1,6965.0406,2026-08-05 20:59:59.999000+00:00,13370336.8778,84098,3397.40660000,6521815.18972900,0
2026-08-05 21:00:00+00:00,1917.1,1917.47,1907.07,1908.75,8180.0017,2026-08-05 21:59:59.999000+00:00,15627994.960533,100082,3777.84370000,7217060.87611800,0
2026-08-05 22:00:00+00:00,1908.75,1913.43,1906.59,1906.86,4213.4409,2026-08-05 22:59:59.999000+00:00,8048762.171275,62780,1994.30560000,3809459.43284800,0
2026-08-05 23:00:00+00:00,1906.85,1912.31,1904.34,1908.9,3613.3702,2026-08-05 23:59:59.999000+00:00,6897115.203923,41227,1594.09650000,3042538.73357200,0
2026-08-06 00:00:00+00:00,1908.91,1914.02,1907.29,1910.4,4876.5925,2026-08-06 00:59:59.999000+00:00,9315859.31872,55186,2455.58140000,4690906.90221800,0
2026-08-06 01:00:00+00:00,1910.4,1911.21,1903.36,1906.75,5637.5795,2026-08-06 01:59:59.999000+00:00,10755874.013466,56371,2607.33880000,4974714.36555200,0
2026-08-06 02:00:00+00:00,1906.74,1910.82,1895.1,1899.21,9631.1508,2026-08-06 02:59:59.999000+00:00,18306615.038967,87404,3678.51800000,6990376.50476300,0
2026-08-06 03:00:00+00:00,1899.21,1899.7,1895.37,1899.03,4875.4429,2026-08-06 03:59:59.999000+00:00,9251804.042077,63628,1939.01350000,3679557.69101100,0
2026-08-06 04:00:00+00:00,1899.04,1908.05,1895.73,1907.7,6770.1779,2026-08-06 04:59:59.999000+00:00,12883846.556492,70851,3496.20190000,6653617.62780300,0
2026-08-06 05:00:00+00:00,1907.7,1918.7,1907.29,1914.34,8409.6151,2026-08-06 05:59:59.999000+00:00,16094926.472379,99299,4473.73010000,8562053.31282500,0
2026-08-06 06:00:00+00:00,1914.35,1914.77,1909.6,1913.66,3374.4198,2026-08-06 06:59:59.999000+00:00,6453275.99835,57746,1604.01650000,3067584.52108800,0
2026-08-06 07:00:00+00:00,1913.67,1915.33,1907.65,1909.33,6344.0321,2026-08-06 07:59:59.999000+00:00,12124334.846056,49807,2003.93080000,3830756.04553400,0
2026-08-06 08:00:00+00:00,1909.33,1920.51,1908.41,1916.26,9089.5239,2026-08-06 08:59:59.999000+00:00,17393166.155732,66792,4526.59280000,8662677.14969000,0
2026-08-06 09:00:00+00:00,1916.26,1917.03,1904.83,1907.67,9792.3411,2026-08-06 09:59:59.999000+00:00,18703910.206519,66440,3955.58150000,7554325.82600900,0
2026-08-06 10:00:00+00:00,1907.67,1907.67,1901.62,1902.58,5165.4282,2026-08-06 10:59:59.999000+00:00,9836777.441938,44648,2221.05560000,4229701.02888600,0
2026-08-06 11:00:00+00:00,1902.59,1909.2,1897.0,1907.77,5920.4388,2026-08-06 11:59:59.999000+00:00,11271325.765733,51107,2897.87720000,5518393.94625200,0
2026-08-06 12:00:00+00:00,1907.77,1908.02,1899.02,1899.09,5851.2106,2026-08-06 12:59:59.999000+00:00,11136701.010815,51318,2366.61160000,4504445.79329200,0
2026-08-06 13:00:00+00:00,1899.1,1911.11,1892.38,1907.43,16539.6529,2026-08-06 13:59:59.999000+00:00,31431615.012854,184768,8636.86960000,16416731.23439000,0
2026-08-06 14:00:00+00:00,1907.44,1918.72,1892.04,1915.01,18795.1192,2026-08-06 14:59:59.999000+00:00,35893426.122357,222724,8033.69530000,15348596.07400600,0
2026-08-06 15:00:00+00:00,1915.01,1919.68,1910.38,1910.69,11802.6746,2026-08-06 15:59:59.999000+00:00,22609572.28353,127397,6091.86240000,11669987.40159700,0
2026-08-06 16:00:00+00:00,1910.7,1916.8,1908.46,1915.77,7760.9905,2026-08-06 16:59:59.999000+00:00,14840413.585512,95829,3698.78040000,7072890.00922400,0
2026-08-06 17:00:00+00:00,1915.78,1918.47,1910.38,1914.08,5696.3354,2026-08-06 17:59:59.999000+00:00,10907834.601462,54484,2716.33700000,5201724.29324100,0
2026-08-06 18:00:00+00:00,1914.08,1914.1,1903.08,1905.95,7958.3294,2026-08-06 18:59:59.999000+00:00,15176783.806284,74600,2147.88010000,4097791.70810000,0
2026-08-06 19:00:00+00:00,1905.95,1911.29,1905.95,1910.06,10004.7765,2026-08-06 19:59:59.999000+00:00,19093208.026594,60360,6119.22780000,11678036.01517100,0
2026-08-06 20:00:00+00:00,1910.07,1910.85,1906.0,1907.14,2869.7578,2026-08-06 20:59:59.999000+00:00,5476228.021645,36015,1059.96260000,2022321.86610200,0
2026-08-06 21:00:00+00:00,1907.15,1909.45,1905.88,1906.28,3309.8235,2026-08-06 21:59:59.999000+00:00,6313639.158616,38931,1335.13580000,2546579.40340300,0
2026-08-06 22:00:00+00:00,1906.28,1907.44,1902.27,1905.25,3479.9443,2026-08-06 22:59:59.999000+00:00,6629052.673873,34225,1546.96640000,2946594.72485800,0
2026-08-06 23:00:00+00:00,1905.24,1905.79,1898.94,1904.1,3574.3562,2026-08-06 23:59:59.999000+00:00,6798096.066113,32441,1547.36800000,2943001.93092600,0
2026-08-07 00:00:00+00:00,1904.1,1905.47,1899.84,1903.88,3516.2153,2026-08-07 00:59:59.999000+00:00,6689094.058856,46951,1641.82050000,3122921.54658600,0
2026-08-07 01:00:00+00:00,1903.89,1907.55,1899.04,1903.36,4823.4698,2026-08-07 01:59:59.999000+00:00,9180620.210709,57946,2310.23000000,4397473.01632800,0
2026-08-07 02:00:00+00:00,1903.36,1908.61,1897.52,1902.73,5702.729,2026-08-07 02:59:59.999000+00:00,10849601.734459,86144,2816.93340000,5360387.02889400,0
2026-08-07 03:00:00+00:00,1902.72,1903.95,1896.16,1897.43,4269.3759,2026-08-07 03:59:59.999000+00:00,8113434.751228,54617,2029.23440000,3856295.96469900,0
2026-08-07 04:00:00+00:00,1897.43,1900.76,1894.35,1897.44,6754.204,2026-08-07 04:59:59.999000+00:00,12823303.902118,57098,3523.07130000,6689687.83227500,0
2026-08-07 05:00:00+00:00,1897.44,1902.4,1895.41,1901.58,4024.0554,2026-08-07 05:59:59.999000+00:00,7640403.767555,36281,1916.50790000,3638308.54214200,0
2026-08-07 06:00:00+00:00,1901.59,1907.58,1900.0,1904.53,4864.3205,2026-08-07 06:59:59.999000+00:00,9261976.673906,34537,2436.15850000,4638326.48330200,0
2026-08-07 07:00:00+00:00,1904.54,1907.44,1902.35,1902.36,5166.215,2026-08-07 07:59:59.999000+00:00,9840644.847999,35542,2111.21100000,4022347.63878100,0
2026-08-07 08:00:00+00:00,1902.35,1914.9,1901.91,1910.7,10662.3713,2026-08-07 08:59:59.999000+00:00,20355810.309254,53781,5105.35950000,9748473.86318200,0
2026-08-07 09:00:00+00:00,1910.7,1917.67,1910.3,1913.04,28602.9542,2026-08-07 09:59:59.999000+00:00,54730225.108899,77669,6679.54870000,12781318.81040400,0
2026-08-07 10:00:00+00:00,1913.04,1916.0,1912.64,1912.85,4509.058,2026-08-07 10:59:59.999000+00:00,8631033.722571,27556,1816.17530000,3476362.35908300,0
2026-08-07 11:00:00+00:00,1912.85,1921.0,1912.62,1916.33,8756.7564,2026-08-07 11:59:59.999000+00:00,16784169.640345,43714,4478.14890000,8584324.07892200,0
2026-08-07 12:00:00+00:00,1916.33,1943.02,1916.33,1932.13,31004.2283,2026-08-07 12:59:59.999000+00:00,59856763.379356,186042,17612.05210000,34000178.16174500,0
2026-08-07 13:00:00+00:00,1932.14,1935.05,1921.53,1923.5,15610.4582,2026-08-07 13:59:59.999000+00:00,30115511.789421,134220,8785.19540000,16951373.75970800,0
2026-08-07 14:00:00+00:00,1923.5,1926.5,1910.53,1913.57,18780.5279,2026-08-07 14:59:59.999000+00:00,36015055.98635,169804,9551.69390000,18318728.10829000,0
2026-08-07 15:00:00+00:00,1913.57,1921.0,1913.02,1917.88,6340.5718,2026-08-07 15:59:59.999000+00:00,12156823.835667,75368,3051.77660000,5850496.31432400,0
2026-08-07 16:00:00+00:00,1917.87,1925.0,1909.34,1909.51,7968.6101,2026-08-07 16:59:59.999000+00:00,15274189.731332,90170,3133.24140000,6007006.07354700,0
2026-08-07 17:00:00+00:00,1909.5,1912.99,1905.4,1912.45,9390.7888,2026-08-07 17:59:59.999000+00:00,17925914.887708,85573,3827.30230000,7306702.60319600,0
2026-08-07 18:00:00+00:00,1912.45,1915.29,1906.28,1909.86,4337.392,2026-08-07 18:59:59.999000+00:00,8293507.705056,40688,2400.17170000,4589899.08951200,0
2026-08-07 19:00:00+00:00,1909.87,1920.24,1909.87,1918.85,10178.4996,2026-08-07 19:59:59.999000+00:00,19504668.293403,69719,3284.26920000,6293900.19345200,0
2026-08-07 20:00:00+00:00,1918.84,1920.36,1914.38,1914.81,3750.1199,2026-08-07 20:59:59.999000+00:00,7187569.93742,32067,1520.23380000,2914048.41599200,0
2026-08-07 21:00:00+00:00,1914.82,1922.81,1912.72,1916.55,6300.7153,2026-08-07 21:59:59.999000+00:00,12078295.07714,50629,3282.85620000,6294256.68003700,0
2026-08-07 22:00:00+00:00,1916.55,1916.56,1913.92,1914.84,3447.6054,2026-08-07 22:59:59.999000+00:00,6603114.354786,23185,1082.94560000,2073944.78630900,0
2026-08-07 23:00:00+00:00,1914.84,1916.41,1913.92,1914.18,1515.2869,2026-08-07 23:59:59.999000+00:00,2902006.302046,10635,632.97250000,1212313.95731100,0
2026-08-08 00:00:00+00:00,1914.19,1915.1,1912.5,1914.35,2385.6366,2026-08-08 00:59:59.999000+00:00,4566326.040864,14474,911.49070000,1744756.43312400,0
2026-08-08 01:00:00+00:00,1914.36,1916.62,1914.04,1914.65,3177.8497,2026-08-08 01:59:59.999000+00:00,6085172.745899,17993,789.20540000,1511166.59697300,0
2026-08-08 02:00:00+00:00,1914.66,1914.66,1912.27,1913.18,1370.5073,2026-08-08 02:59:59.999000+00:00,2622198.884956,7600,644.93270000,1233908.35986500,0
2026-08-08 03:00:00+00:00,1913.18,1919.02,1913.17,1918.08,2097.6249,2026-08-08 03:59:59.999000+00:00,4019907.530782,13774,1275.18980000,2443365.05254700,0
2026-08-08 04:00:00+00:00,1918.09,1919.58,1916.4,1917.0,2245.9862,2026-08-08 04:59:59.999000+00:00,4307093.656625,13654,1266.93400000,2429675.85709300,0
2026-08-08 05:00:00+00:00,1917.0,1918.78,1915.81,1917.56,1176.4942,2026-08-08 05:59:59.999000+00:00,2255513.211156,10721,666.17690000,1277119.34268400,0
2026-08-08 06:00:00+00:00,1917.55,1917.89,1916.17,1916.44,1409.709,2026-08-08 06:59:59.999000+00:00,2702286.771193,10481,581.89360000,1115338.79017700,0
2026-08-08 07:00:00+00:00,1916.45,1916.75,1914.0,1915.11,1799.6535,2026-08-08 07:59:59.999000+00:00,3446896.702568,10104,866.48310000,1659395.34867500,0
2026-08-08 08:00:00+00:00,1915.11,1917.73,1914.58,1916.85,1481.4706,2026-08-08 08:59:59.999000+00:00,2838689.540197,10778,491.91620000,942515.36780600,0
2026-08-08 09:00:00+00:00,1916.85,1923.22,1916.25,1918.95,3514.2564,2026-08-08 09:59:59.999000+00:00,6744309.20919,28579,1629.62070000,3126976.97567700,0
2026-08-08 10:00:00+00:00,1918.94,1922.72,1918.94,1921.17,2167.1079,2026-08-08 10:59:59.999000+00:00,4162881.802564,20846,875.83380000,1682313.07139000,0
2026-08-08 11:00:00+00:00,1921.18,1923.57,1919.53,1920.99,2555.556,2026-08-08 11:59:59.999000+00:00,4909230.261221,18309,1314.84720000,2525973.28878700,0
2026-08-08 12:00:00+00:00,1920.99,1922.47,1918.7,1919.19,2376.3197,2026-08-08 12:59:59.999000+00:00,4563450.608619,21137,1020.02870000,1958911.28041600,0
2026-08-08 13:00:00+00:00,1919.2,1920.55,1918.61,1920.0,1981.2186,2026-08-08 13:59:59.999000+00:00,3802760.842286,16190,870.71580000,1671260.25637900,0
2026-08-08 14:00:00+00:00,1920.0,1926.72,1919.99,1923.77,5059.4611,2026-08-08 14:59:59.999000+00:00,9729778.657568,44814,2816.64040000,5416553.20054500,0
2026-08-08 15:00:00+00:00,1923.78,1924.56,1921.35,1922.62,2945.8968,2026-08-08 15:59:59.999000+00:00,5664431.490196,22528,1677.09940000,3224787.16886400,0
2026-08-08 16:00:00+00:00,1922.63,1925.0,1921.65,1922.46,2239.3085,2026-08-08 16:59:59.999000+00:00,4305673.93587,21937,1317.90890000,2533902.49535200,0
2026-08-08 17:00:00+00:00,1922.45,1926.45,1922.25,1923.85,3927.5413,2026-08-08 17:59:59.999000+00:00,7556157.315032,26351,2420.90700000,4657472.49479400,0
2026-08-08 18:00:00+00:00,1923.84,1923.84,1919.77,1921.1,2781.192,2026-08-08 18:59:59.999000+00:00,5344085.330926,20719,1314.36020000,2525469.61969600,0
2026-08-08 19:00:00+00:00,1921.1,1921.54,1919.67,1920.41,1779.511,2026-08-08 19:59:59.999000+00:00,3417749.210526,15903,834.76800000,1603239.89741300,0
2026-08-08 20:00:00+00:00,1920.41,1921.21,1919.95,1920.39,1344.3956,2026-08-08 20:59:59.999000+00:00,2581901.906899,9992,702.65720000,1349464.12649200,0
2026-08-08 21:00:00+00:00,1920.39,1922.73,1920.27,1920.82,1842.5995,2026-08-08 21:59:59.999000+00:00,3540187.550242,19300,959.61540000,1843645.68792700,0
2026-08-08 22:00:00+00:00,1920.82,1921.59,1916.66,1916.75,2433.2468,2026-08-08 22:59:59.999000+00:00,4670954.739074,19499,1194.83690000,2293804.60086900,0
2026-08-08 23:00:00+00:00,1916.74,1919.0,1914.69,1916.74,2779.8499,2026-08-08 23:59:59.999000+00:00,5329500.349992,18272,1108.53840000,2125271.90338800,0
2026-08-09 00:00:00+00:00,1916.75,1918.66,1916.34,1918.09,2792.4612,2026-08-09 00:59:59.999000+00:00,5353808.043445,17426,974.33200000,1868167.08170500,0
2026-08-09 01:00:00+00:00,1918.08,1920.21,1913.37,1916.14,2176.0306,2026-08-09 01:59:59.999000+00:00,4171006.754216,21438,886.30630000,1698535.92189900,0
2026-08-09 02:00:00+00:00,1916.15,1916.71,1913.64,1914.8,1341.9749,2026-08-09 02:59:59.999000+00:00,2570487.77608,14559,520.01590000,996064.30578000,0
2026-08-09 03:00:00+00:00,1914.79,1914.79,1912.36,1914.04,2034.9863,2026-08-09 03:59:59.999000+00:00,3894194.266327,13832,975.13610000,1866020.24754300,0
2026-08-09 04:00:00+00:00,1914.04,1915.63,1912.99,1913.16,1394.2198,2026-08-09 04:59:59.999000+00:00,2668513.100991,13444,688.56630000,1317838.30531300,0
2026-08-09 05:00:00+00:00,1913.17,1915.04,1913.11,1914.46,1455.4914,2026-08-09 05:59:59.999000+00:00,2785947.048297,10945,624.69900000,1195697.43047500,0
2026-08-09 06:00:00+00:00,1914.45,1919.51,1912.83,1919.33,4314.9898,2026-08-09 06:59:59.999000+00:00,8267254.588151,16396,1504.89170000,2884442.46117900,0
2026-08-09 07:00:00+00:00,1919.34,1919.79,1917.14,1918.97,4950.8116,2026-08-09 07:59:59.999000+00:00,9497103.454445,21755,2894.29430000,5551772.37720900,0
2026-08-09 08:00:00+00:00,1918.97,1925.0,1914.0,1915.94,4019.2402,2026-08-09 08:59:59.999000+00:00,7715216.977649,37617,1825.32530000,3504382.35776900,0
2026-08-09 09:00:00+00:00,1915.94,1921.45,1913.39,1921.45,4402.5705,2026-08-09 09:59:59.999000+00:00,8435395.291362,31737,2956.88430000,5665851.42825500,0
2026-08-09 10:00:00+00:00,1921.45,1922.96,1919.64,1920.1,3788.5932,2026-08-09 10:59:59.999000+00:00,7278639.476928,28442,1293.22650000,2484327.17030800,0
2026-08-09 11:00:00+00:00,1920.09,1921.51,1918.37,1919.23,1585.7868,2026-08-09 11:59:59.999000+00:00,3045322.492854,13969,818.62190000,1572098.18678100,0
2026-08-09 12:00:00+00:00,1919.23,1919.23,1916.51,1917.5,2317.0555,2026-08-09 12:59:59.999000+00:00,4443329.914706,16883,1312.06360000,2515991.76514400,0
2026-08-09 13:00:00+00:00,1917.5,1926.31,1917.5,1923.36,6087.6127,2026-08-09 13:59:59.999000+00:00,11710128.086606,43268,3122.40710000,6005571.75279500,0
2026-08-09 14:00:00+00:00,1923.36,1926.58,1922.61,1925.07,3783.0976,2026-08-09 14:59:59.999000+00:00,7280662.465884,27583,1953.70890000,3760062.58489700,0
2026-08-09 15:00:00+00:00,1925.08,1927.36,1924.16,1926.56,3293.3403,2026-08-09 15:59:59.999000+00:00,6344147.159865,20294,1783.62150000,3435983.89799000,0
2026-08-09 16:00:00+00:00,1926.57,1926.95,1921.6,1924.11,2527.6686,2026-08-09 16:59:59.999000+00:00,4864689.95989,20625,1111.31490000,2138831.56028700,0
2026-08-09 17:00:00+00:00,1924.1,1924.84,1923.11,1923.11,2161.8139,2026-08-09 17:59:59.999000+00:00,4159542.820521,11611,949.24230000,1826452.32243800,0
2026-08-09 18:00:00+00:00,1923.1,1923.8,1920.15,1921.52,1893.9677,2026-08-09 18:59:59.999000+00:00,3639945.083936,14763,959.75720000,1844416.97136600,0
2026-08-09 19:00:00+00:00,1921.51,1922.47,1921.35,1922.04,1346.5922,2026-08-09 19:59:59.999000+00:00,2588180.663205,12389,714.73260000,1373692.13782800,0
2026-08-09 20:00:00+00:00,1922.04,1922.27,1918.0,1920.73,3716.9996,2026-08-09 20:59:59.999000+00:00,7138306.156014,32610,1501.63860000,2883592.60223400,0
2026-08-09 21:00:00+00:00,1920.72,1926.91,1919.84,1924.73,3133.0872,2026-08-09 21:59:59.999000+00:00,6028056.056133,31486,1427.42420000,2745908.84736000,0
2026-08-09 22:00:00+00:00,1924.73,1938.22,1915.0,1919.55,12501.372,2026-08-09 22:59:59.999000+00:00,24097286.00883,99681,6515.81700000,12562661.17597600,0
2026-08-09 23:00:00+00:00,1919.54,1920.61,1907.56,1910.65,10835.5617,2026-08-09 23:59:59.999000+00:00,20731330.773424,108438,5404.94780000,10342173.61210700,0
2026-08-10 00:00:00+00:00,1910.65,1928.28,1906.17,1912.78,10209.7156,2026-08-10 00:59:59.999000+00:00,19550991.14709,143879,5265.40470000,10084270.63463100,0
2026-08-10 01:00:00+00:00,1912.79,1931.57,1908.01,1925.23,8100.9108,2026-08-10 01:59:59.999000+00:00,15551463.758317,95443,4441.59130000,8525392.32377000,0
2026-08-10 02:00:00+00:00,1925.23,1926.72,1912.86,1923.52,6858.7003,2026-08-10 02:59:59.999000+00:00,13171977.896366,85397,3044.48480000,5845217.60815200,0
2026-08-10 03:00:00+00:00,1923.51,1924.66,1913.66,1917.44,6345.0528,2026-08-10 03:59:59.999000+00:00,12178588.448821,70387,2351.15330000,4511698.87658900,0
2026-08-10 04:00:00+00:00,1917.44,1921.01,1912.6,1915.79,7866.7888,2026-08-10 04:59:59.999000+00:00,15086133.640217,66745,3663.33780000,7024512.34690000,0
2026-08-10 05:00:00+00:00,1915.79,1925.02,1915.33,1923.17,4320.4089,2026-08-10 05:59:59.999000+00:00,8295141.381985,56022,2385.06580000,4578279.32670200,0
2026-08-10 06:00:00+00:00,1923.18,1929.43,1923.01,1928.03,7905.0173,2026-08-10 06:59:59.999000+00:00,15230178.104156,78197,3721.44930000,7170181.88654400,0
2026-08-10 07:00:00+00:00,1928.03,1930.84,1924.8,1925.26,5929.0261,2026-08-10 07:59:59.999000+00:00,11433956.754048,42307,2508.25410000,4837251.31122300,0
2026-08-10 08:00:00+00:00,1925.26,1929.74,1923.21,1926.8,4421.812,2026-08-10 08:59:59.999000+00:00,8518717.476642,45320,1977.52320000,3809466.54104800,0
2026-08-10 09:00:00+00:00,1926.8,1927.09,1916.21,1916.39,6913.4753,2026-08-10 09:59:59.999000+00:00,13273651.029172,65793,3813.89750000,7322473.72793900,0
2026-08-10 10:00:00+00:00,1916.38,1920.7,1916.12,1917.75,4895.296,2026-08-10 10:59:59.999000+00:00,9392693.610746,39696,2951.37150000,5662569.06332000,0
2026-08-10 11:00:00+00:00,1917.75,1921.11,1914.68,1920.42,4343.5736,2026-08-10 11:59:59.999000+00:00,8331980.174156,36487,2084.55100000,3999065.71698900,0
2026-08-10 12:00:00+00:00,1920.42,1923.34,1905.0,1906.0,13063.3565,2026-08-10 12:59:59.999000+00:00,24995621.106691,70375,5001.76560000,9574940.21074700,0
2026-08-10 13:00:00+00:00,1905.99,1910.46,1894.56,1897.6,20184.687,2026-08-10 13:59:59.999000+00:00,38396572.107811,138693,8868.52420000,16873397.19261600,0
2026-08-10 14:00:00+00:00,1897.61,1902.84,1891.6,1893.59,10048.2437,2026-08-10 14:59:59.999000+00:00,19073414.071659,87883,5245.40940000,9958709.41913400,0
2026-08-10 15:00:00+00:00,1893.58,1893.58,1871.37,1877.0,29430.8117,2026-08-10 15:59:59.999000+00:00,55339549.513541,224835,11199.97800000,21056021.83437200,0
2026-08-10 16:00:00+00:00,1876.99,1878.71,1867.96,1872.36,17767.9519,2026-08-10 16:59:59.999000+00:00,33304707.629069,128775,6738.11410000,12631147.32265400,0
2026-08-10 17:00:00+00:00,1872.38,1877.39,1868.71,1873.7,8222.6701,2026-08-10 17:59:59.999000+00:00,15409542.889473,69814,3807.00850000,7134425.53668800,0
2026-08-10 18:00:00+00:00,1873.7,1875.24,1868.0,1872.95,8602.6495,2026-08-10 18:59:59.999000+00:00,16105657.146038,65263,3591.96490000,6725629.45481900,0
2026-08-10 19:00:00+00:00,1872.95,1880.47,1871.86,1878.51,6928.2103,2026-08-10 19:59:59.999000+00:00,13002098.429022,64294,3290.93880000,6177855.05205800,0
2026-08-10 20:00:00+00:00,1878.52,1881.31,1877.74,1879.73,3650.5749,2026-08-10 20:59:59.999000+00:00,6859986.44394,42502,1641.42290000,3084444.49710600,0
2026-08-10 21:00:00+00:00,1879.72,1879.72,1873.54,1874.45,4144.1711,2026-08-10 21:59:59.999000+00:00,7774882.056775,56620,1612.91170000,3026116.21225200,0
2026-08-10 22:00:00+00:00,1874.45,1878.13,1872.13,1876.14,4964.4198,2026-08-10 22:59:59.999000+00:00,9308015.367185,54821,1861.08830000,3489256.14377600,0
2026-08-10 23:00:00+00:00,1876.15,1876.15,1870.12,1873.16,4691.4981,2026-08-10 23:59:59.999000+00:00,8789098.620179,37039,1800.82220000,3373061.97029900,0
2026-08-11 00:00:00+00:00,1873.16,1876.04,1871.0,1875.32,5360.8121,2026-08-11 00:59:59.999000+00:00,10042400.644927,41402,2211.22030000,4142033.73128500,0
2026-08-11 01:00:00+00:00,1875.31,1878.6,1873.49,1878.14,4604.8217,2026-08-11 01:59:59.999000+00:00,8641130.583067,51159,2341.58230000,4394166.17056800,0
2026-08-11 02:00:00+00:00,1878.13,1881.78,1877.36,1878.6,5445.0466,2026-08-11 02:59:59.999000+00:00,10230190.024624,24182,3411.61430000,6410476.39577800,0
2026-08-11 03:00:00+00:00,1878.61,1881.78,1878.6,1881.03,3766.3888,2026-08-11 03:59:59.999000+00:00,7082644.731817,19079,1945.10150000,3657704.23343600,0
2026-08-11 04:00:00+00:00,1881.02,1882.18,1876.22,1876.25,3740.0049,2026-08-11 04:59:59.999000+00:00,7028080.204422,14711,1392.21450000,2616004.73902800,0
2026-08-11 05:00:00+00:00,1876.25,1876.81,1872.19,1874.03,5181.4013,2026-08-11 05:59:59.999000+00:00,9715431.407727,23652,1718.90580000,3223293.58598800,0
2026-08-11 06:00:00+00:00,1874.03,1875.02,1870.86,1874.24,9415.5466,2026-08-11 06:59:59.999000+00:00,17634100.927938,49195,3327.40790000,6231872.30304900,0
2026-08-11 07:00:00+00:00,1874.25,1879.34,1870.29,1877.95,10253.5598,2026-08-11 07:59:59.999000+00:00,19235015.796812,56073,5211.29660000,9776963.80695100,0
2026-08-11 08:00:00+00:00,1877.95,1880.39,1875.75,1879.21,8442.7399,2026-08-11 08:59:59.999000+00:00,15853015.790701,34335,2990.85490000,5615407.72015600,0
2026-08-11 09:00:00+00:00,1879.2,1885.41,1877.32,1885.41,8242.4218,2026-08-11 09:59:59.999000+00:00,15495374.352182,43078,3687.86780000,6934930.15086600,0
2026-08-11 10:00:00+00:00,1885.41,1889.0,1882.66,1886.16,7409.168,2026-08-11 10:59:59.999000+00:00,13974141.489771,62714,3926.12260000,7405006.54095600,0
2026-08-11 11:00:00+00:00,1886.17,1895.6,1886.17,1892.97,9187.1645,2026-08-11 11:59:59.999000+00:00,17383756.007084,61501,5230.81660000,9895216.30164000,0
2026-08-11 12:00:00+00:00,1892.96,1897.8,1887.34,1888.0,10397.1725,2026-08-11 12:59:59.999000+00:00,19673979.925859,69253,5454.55530000,10322825.09787600,0
2026-08-11 13:00:00+00:00,1888.0,1892.69,1883.63,1890.03,9070.3061,2026-08-11 13:59:59.999000+00:00,17129362.552469,101714,4424.50090000,8356248.30041400,0
2026-08-11 14:00:00+00:00,1890.02,1891.61,1870.33,1873.69,14477.2528,2026-08-11 14:59:59.999000+00:00,27191075.366672,137628,5618.36740000,10552147.28102100,0
2026-08-11 15:00:00+00:00,1873.68,1877.71,1853.62,1862.74,22054.1842,2026-08-11 15:59:59.999000+00:00,41144004.522793,186351,8706.65390000,16246848.83985400,0
2026-08-11 16:00:00+00:00,1862.75,1867.06,1859.78,1864.82,8942.3877,2026-08-11 16:59:59.999000+00:00,16669520.629959,101306,3777.61940000,7042552.25583600,0
2026-08-11 17:00:00+00:00,1864.83,1867.95,1862.88,1864.69,6492.2921,2026-08-11 17:59:59.999000+00:00,12105797.062548,45362,2492.17020000,4647087.65322900,0
2026-08-11 18:00:00+00:00,1864.69,1867.09,1860.0,1866.03,7345.3446,2026-08-11 18:59:59.999000+00:00,13690820.474868,63147,3149.63780000,5871152.53059300,0
2026-08-11 19:00:00+00:00,1866.03,1884.83,1862.9,1881.9,9965.2898,2026-08-11 19:59:59.999000+00:00,18672022.631781,72580,5707.68420000,10695202.73901900,0
2026-08-11 20:00:00+00:00,1881.9,1885.38,1879.09,1882.22,7300.6273,2026-08-11 20:59:59.999000+00:00,13737497.575531,61230,4150.56900000,7809914.30495700,0
2026-08-11 21:00:00+00:00,1882.22,1885.32,1880.43,1884.68,6936.3919,2026-08-11 21:59:59.999000+00:00,13056859.837464,52615,3722.32220000,7006098.01252300,0
2026-08-11 22:00:00+00:00,1884.68,1887.64,1879.61,1882.16,5904.5462,2026-08-11 22:59:59.999000+00:00,11124123.180582,40233,3290.74070000,6200457.70514500,0
2026-08-11 23:00:00+00:00,1882.17,1884.41,1878.92,1882.59,3365.6454,2026-08-11 23:59:59.999000+00:00,6333158.216291,28639,1544.38540000,2906095.53068900,0
2026-08-12 00:00:00+00:00,1882.58,1883.72,1880.65,1882.35,4050.8679,2026-08-12 00:59:59.999000+00:00,7624098.995517,38019,2047.92590000,3854445.11990800,0
2026-08-12 01:00:00+00:00,1882.36,1886.53,1881.11,1884.77,4162.0973,2026-08-12 01:59:59.999000+00:00,7841706.238441,32440,2174.47790000,4096542.58480400,0
2026-08-12 02:00:00+00:00,1884.77,1887.91,1883.59,1884.47,3454.6953,2026-08-12 02:59:59.999000+00:00,6513812.487595,37085,1533.16260000,2890771.85884500,0
2026-08-12 03:00:00+00:00,1884.48,1887.33,1882.66,1886.62,2942.8508,2026-08-12 03:59:59.999000+00:00,5547353.282036,25843,1340.58390000,2527203.61715100,0
2026-08-12 04:00:00+00:00,1886.63,1893.37,1885.47,1889.42,6246.9058,2026-08-12 04:59:59.999000+00:00,11806913.901648,40360,3846.38130000,7271579.10593300,0
2026-08-12 05:00:00+00:00,1889.41,1892.44,1886.77,1891.71,3205.7091,2026-08-12 05:59:59.999000+00:00,6060523.359575,28935,1635.78860000,3092715.14577800,0
2026-08-12 06:00:00+00:00,1891.7,1891.71,1885.38,1887.73,4888.4475,2026-08-12 06:59:59.999000+00:00,9227573.315281,32755,1597.60620000,3015232.02226500,0
2026-08-12 07:00:00+00:00,1887.74,1891.82,1886.34,1891.69,4124.2743,2026-08-12 07:59:59.999000+00:00,7792725.161044,31865,1949.60390000,3683994.91251200,0
2026-08-12 08:00:00+00:00,1891.7,1896.11,1890.63,1890.95,4725.3454,2026-08-12 08:59:59.999000+00:00,8945390.437433,48291,2654.55890000,5025254.20893400,0
2026-08-12 09:00:00+00:00,1890.94,1909.63,1890.0,1905.84,13427.1549,2026-08-12 09:59:59.999000+00:00,25540201.998253,96406,7273.02750000,13831434.22737100,0
2026-08-12 10:00:00+00:00,1905.84,1915.54,1905.84,1909.17,12974.7164,2026-08-12 10:59:59.999000+00:00,24799778.256499,98374,6014.54420000,11496501.40859600,0
2026-08-12 11:00:00+00:00,1909.18,1915.99,1907.41,1915.57,6783.1487,2026-08-12 11:59:59.999000+00:00,12973558.034472,45482,3430.17170000,6560313.34028600,0
2026-08-12 12:00:00+00:00,1915.58,1925.0,1905.52,1911.32,22567.2084,2026-08-12 12:59:59.999000+00:00,43201483.005277,165700,10712.08090000,20516241.99400200,0
2026-08-12 13:00:00+00:00,1911.31,1912.6,1900.04,1901.32,11484.4335,2026-08-12 13:59:59.999000+00:00,21889394.77209,133209,5912.65500000,11269273.29789600,0
2026-08-12 14:00:00+00:00,1901.31,1903.71,1885.0,1887.79,15718.622,2026-08-12 14:59:59.999000+00:00,29752434.597678,200574,6884.60960000,13031161.00082900,0
2026-08-12 15:00:00+00:00,1887.78,1896.29,1884.54,1892.75,7679.7558,2026-08-12 15:59:59.999000+00:00,14536243.369984,106018,3944.38610000,7465474.93043300,0
2026-08-12 16:00:00+00:00,1892.75,1895.77,1889.24,1890.7,5223.5671,2026-08-12 16:59:59.999000+00:00,9887093.201056,60032,2613.30970000,4945959.59729500,0
2026-08-12 17:00:00+00:00,1890.7,1891.89,1885.12,1888.14,6045.2496,2026-08-12 17:59:59.999000+00:00,11415795.090063,48863,2774.41690000,5239403.14952400,0
2026-08-12 18:00:00+00:00,1888.13,1891.33,1885.5,1885.55,3671.5472,2026-08-12 18:59:59.999000+00:00,6931202.742307,41772,1890.55200000,3568985.85498300,0
2026-08-12 19:00:00+00:00,1885.54,1886.8,1877.98,1879.38,6667.3674,2026-08-12 19:59:59.999000+00:00,12548250.339266,70109,2711.62860000,5104017.88586400,0
2026-08-12 20:00:00+00:00,1879.37,1887.68,1877.81,1886.6,4232.1513,2026-08-12 20:59:59.999000+00:00,7969891.582676,30246,2792.93280000,5260247.99019100,0
2026-08-12 21:00:00+00:00,1886.6,1889.47,1873.29,1877.95,7857.9549,2026-08-12 21:59:59.999000+00:00,14784294.460252,72634,3579.18690000,6735569.00037500,0
2026-08-12 22:00:00+00:00,1877.94,1881.37,1875.63,1878.45,5234.3873,2026-08-12 22:59:59.999000+00:00,9834197.764755,47197,2649.41400000,4977745.28963200,0
2026-08-12 23:00:00+00:00,1878.46,1880.11,1874.81,1879.81,3887.5396,2026-08-12 23:59:59.999000+00:00,7298807.1479,32335,2126.63070000,3992843.68485200,0
2026-08-13 00:00:00+00:00,1879.8,1885.55,1877.26,1880.29,6876.0925,2026-08-13 00:59:59.999000+00:00,12935742.765706,63185,3616.48050000,6803680.91630300,0
2026-08-13 01:00:00+00:00,1880.28,1882.83,1875.01,1878.09,6179.0307,2026-08-13 01:59:59.999000+00:00,11607857.336059,43123,2927.95170000,5500296.60596400,0
2026-08-13 02:00:00+00:00,1878.09,1883.28,1873.17,1881.93,5675.9832,2026-08-13 02:59:59.999000+00:00,10656298.640719,47544,3120.94580000,5860530.60839600,0
2026-08-13 03:00:00+00:00,1881.94,1888.89,1881.68,1887.52,6304.2606,2026-08-13 03:59:59.999000+00:00,11881752.139276,43224,3893.82180000,7338689.11584900,0
2026-08-13 04:00:00+00:00,1887.52,1894.99,1885.46,1892.37,4484.4365,2026-08-13 04:59:59.999000+00:00,8475227.788058,46796,2694.64410000,5093074.71372800,0
2026-08-13 05:00:00+00:00,1892.37,1900.0,1891.77,1895.81,7618.3359,2026-08-13 05:59:59.999000+00:00,14454297.765318,68798,4356.09060000,8265012.80661000,0
2026-08-13 06:00:00+00:00,1895.8,1898.62,1892.17,1898.62,3461.1079,2026-08-13 06:59:59.999000+00:00,6557908.489586,41673,1718.16860000,3255935.93136200,0
2026-08-13 07:00:00+00:00,1898.62,1898.93,1895.31,1895.57,4212.4745,2026-08-13 07:59:59.999000+00:00,7990989.853942,24991,2228.58210000,4227537.17355000,0
2026-08-13 08:00:00+00:00,1895.57,1897.0,1888.38,1890.05,7584.8891,2026-08-13 08:59:59.999000+00:00,14349150.279722,39318,4062.56270000,7684748.76618800,0
2026-08-13 09:00:00+00:00,1890.05,1890.59,1881.39,1889.78,5856.4852,2026-08-13 09:59:59.999000+00:00,11051519.568087,54141,3104.75810000,5858848.52534800,0
2026-08-13 10:00:00+00:00,1889.78,1890.24,1882.08,1883.17,8965.8576,2026-08-13 10:59:59.999000+00:00,16901614.562883,71400,4718.01160000,8894645.92685900,0
2026-08-13 11:00:00+00:00,1883.18,1883.72,1875.49,1880.39,7000.7025,2026-08-13 11:59:59.999000+00:00,13154267.419077,74561,3664.96080000,6885728.84934300,0
2026-08-13 12:00:00+00:00,1880.4,1890.18,1879.17,1889.04,6735.8049,2026-08-13 12:59:59.999000+00:00,12703819.134096,69552,3425.37760000,6458682.75424600,0
2026-08-13 13:00:00+00:00,1889.04,1895.71,1887.06,1890.39,11615.9175,2026-08-13 13:59:59.999000+00:00,21974831.328789,99830,6286.77620000,11893064.39673900,0
2026-08-13 14:00:00+00:00,1890.39,1897.36,1888.64,1893.43,7248.0518,2026-08-13 14:59:59.999000+00:00,13724452.484597,82960,3819.43120000,7232882.03702600,0
2026-08-13 15:00:00+00:00,1893.44,1896.04,1880.0,1880.01,7332.7645,2026-08-13 15:59:59.999000+00:00,13849415.404439,85990,3115.68430000,5884498.90810100,0
2026-08-13 16:00:00+00:00,1880.01,1884.94,1863.67,1874.85,20788.5995,2026-08-13 16:59:59.999000+00:00,38955625.024567,173037,9804.77280000,18376603.75428900,0
2026-08-13 17:00:00+00:00,1874.86,1881.01,1873.73,1876.98,5292.3609,2026-08-13 17:59:59.999000+00:00,9936133.659769,90989,2812.45600000,5279608.06568700,0
2026-08-13 18:00:00+00:00,1876.98,1887.3,1876.63,1885.52,3857.1663,2026-08-13 18:59:59.999000+00:00,7256493.916143,82423,2152.56520000,4049796.62155700,0
2026-08-13 19:00:00+00:00,1885.52,1892.73,1885.16,1887.41,6746.6604,2026-08-13 19:59:59.999000+00:00,12739657.156902,92271,3015.33450000,5693438.77117700,0
2026-08-13 20:00:00+00:00,1887.41,1889.56,1885.32,1886.43,2575.2489,2026-08-13 20:59:59.999000+00:00,4860454.992182,26996,1087.19680000,2052079.46754900,0
2026-08-13 21:00:00+00:00,1886.43,1889.47,1886.01,1888.76,1906.7376,2026-08-13 21:59:59.999000+00:00,3600116.150713,24656,981.56940000,1853177.69612800,0
2026-08-13 22:00:00+00:00,1888.77,1893.03,1888.6,1889.4,2636.376,2026-08-13 22:59:59.999000+00:00,4984921.404759,31627,1353.45780000,2559190.50415500,0
2026-08-13 23:00:00+00:00,1889.41,1889.41,1884.6,1886.15,3185.2863,2026-08-13 23:59:59.999000+00:00,6008747.407883,35772,1382.02360000,2606948.32861500,0
2026-08-14 00:00:00+00:00,1886.16,1889.49,1883.53,1889.4,3116.909,2026-08-14 00:59:59.999000+00:00,5881080.945926,41572,1499.45080000,2829200.38304400,0
2026-08-14 01:00:00+00:00,1889.4,1890.23,1884.85,1889.41,3101.1848,2026-08-14 01:59:59.999000+00:00,5853655.401361,41612,1362.80660000,2572484.36410700,0
2026-08-14 02:00:00+00:00,1889.41,1891.3,1886.05,1886.62,2797.742,2026-08-14 02:59:59.999000+00:00,5283579.852626,29486,910.00980000,1718813.68886500,0
2026-08-14 03:00:00+00:00,1886.63,1889.07,1882.44,1883.0,2946.7122,2026-08-14 03:59:59.999000+00:00,5554379.119564,31200,1339.96560000,2525728.79690500,0
2026-08-14 04:00:00+00:00,1883.0,1887.87,1882.16,1884.77,2282.5247,2026-08-14 04:59:59.999000+00:00,4303339.908542,21477,1311.60220000,2472602.02289100,0
2026-08-14 05:00:00+00:00,1884.78,1885.54,1880.55,1884.07,2570.6038,2026-08-14 05:59:59.999000+00:00,4840805.400611,26231,910.84170000,1715057.81691500,0
2026-08-14 06:00:00+00:00,1884.07,1884.08,1872.83,1872.85,6617.5957,2026-08-14 06:59:59.999000+00:00,12424336.373445,61080,2595.47250000,4872265.42131400,0
2026-08-14 07:00:00+00:00,1872.86,1878.29,1872.28,1873.4,5655.4467,2026-08-14 07:59:59.999000+00:00,10606939.685698,44206,3153.62210000,5914724.28865700,0
2026-08-14 08:00:00+00:00,1873.4,1878.71,1869.32,1878.71,7520.2378,2026-08-14 08:59:59.999000+00:00,14086531.009534,75475,4148.21860000,7770343.38288800,0
2026-08-14 09:00:00+00:00,1878.72,1878.91,1871.34,1873.22,3960.7296,2026-08-14 09:59:59.999000+00:00,7424711.256921,51616,1752.06890000,3284197.35433500,0
2026-08-14 10:00:00+00:00,1873.21,1878.43,1872.51,1876.19,5023.663,2026-08-14 10:59:59.999000+00:00,9427187.319996,52911,3503.73480000,6575251.91890100,0
2026-08-14 11:00:00+00:00,1876.18,1881.19,1875.07,1878.2,3998.0616,2026-08-14 11:59:59.999000+00:00,7508532.678696,39652,1742.64250000,3272487.72483600,0
2026-08-14 12:00:00+00:00,1878.2,1879.59,1873.0,1873.51,5265.5062,2026-08-14 12:59:59.999000+00:00,9880101.016955,56089,2777.50830000,5211223.73700500,0
2026-08-14 13:00:00+00:00,1873.51,1873.94,1866.43,1869.97,9113.7904,2026-08-14 13:59:59.999000+00:00,17040005.056236,124928,4147.87880000,7754747.94959600,0
2026-08-14 14:00:00+00:00,1869.98,1873.54,1864.28,1866.93,7118.7642,2026-08-14 14:59:59.999000+00:00,13299671.218698,117451,3053.73320000,5705972.32408100,0
2026-08-14 15:00:00+00:00,1866.94,1884.71,1866.28,1881.56,9527.9298,2026-08-14 15:59:59.999000+00:00,17892917.189374,113842,5652.77710000,10612004.55766100,0
2026-08-14 16:00:00+00:00,1881.56,1888.42,1879.32,1885.41,6301.7991,2026-08-14 16:59:59.999000+00:00,11871656.859096,65445,3262.80020000,6146143.17669100,0
2026-08-14 17:00:00+00:00,1885.41,1887.66,1876.71,1878.57,4644.5413,2026-08-14 17:59:59.999000+00:00,8745748.309929,56812,1954.89020000,3680999.69795600,0
2026-08-14 18:00:00+00:00,1878.57,1879.0,1873.7,1875.76,4800.9552,2026-08-14 18:59:59.999000+00:00,9010964.900768,56596,2917.03730000,5474946.22920900,0
2026-08-14 19:00:00+00:00,1875.75,1881.96,1873.86,1880.89,3705.052,2026-08-14 19:59:59.999000+00:00,6956698.289149,50641,2143.54740000,4024532.57358800,0
2026-08-14 20:00:00+00:00,1880.89,1881.9,1878.95,1880.42,1812.2798,2026-08-14 20:59:59.999000+00:00,3407435.367121,28299,870.71290000,1637125.03595400,0
2026-08-14 21:00:00+00:00,1880.42,1881.25,1877.35,1879.44,2133.2925,2026-08-14 21:59:59.999000+00:00,4008539.672356,60105,963.29880000,1810001.36669700,0
2026-08-14 22:00:00+00:00,1879.43,1881.16,1876.1,1879.77,2175.3415,2026-08-14 22:59:59.999000+00:00,4086470.922542,41398,911.98870000,1713150.82460500,0
2026-08-14 23:00:00+00:00,1879.77,1882.67,1878.74,1882.2,1933.1105,2026-08-14 23:59:59.999000+00:00,3635399.708815,31104,913.00820000,1716960.78999500,0
2026-08-15 00:00:00+00:00,1882.2,1883.48,1881.71,1882.41,1606.541,2026-08-15 00:59:59.999000+00:00,3024374.146565,19087,774.02500000,1457049.58262200,0
2026-08-15 01:00:00+00:00,1882.41,1884.69,1881.12,1884.0,1837.3712,2026-08-15 01:59:59.999000+00:00,3459886.686613,16732,871.84270000,1641769.66650900,0
2026-08-15 02:00:00+00:00,1884.0,1885.82,1883.99,1884.94,1694.9788,2026-08-15 02:59:59.999000+00:00,3194881.871945,15039,808.10480000,1523148.69807800,0
2026-08-15 03:00:00+00:00,1884.94,1886.59,1882.68,1882.68,2004.6713,2026-08-15 03:59:59.999000+00:00,3778648.315025,13256,927.87690000,1749144.82741100,0
2026-08-15 04:00:00+00:00,1882.69,1885.69,1882.69,1884.37,1352.4549,2026-08-15 04:59:59.999000+00:00,2548607.772788,16018,645.67620000,1216703.03774800,0
2026-08-15 05:00:00+00:00,1884.38,1885.36,1880.0,1880.66,1880.8764,2026-08-15 05:59:59.999000+00:00,3540688.263855,22812,939.02650000,1767516.19029900,0
2026-08-15 06:00:00+00:00,1880.67,1883.61,1880.02,1882.16,2440.6445,2026-08-15 06:59:59.999000+00:00,4590961.794911,23661,1307.66040000,2459623.16827200,0
2026-08-15 07:00:00+00:00,1882.17,1882.59,1880.19,1880.4,1371.528,2026-08-15 07:59:59.999000+00:00,2580395.399969,14865,735.09280000,1383002.03704300,0
2026-08-15 08:00:00+00:00,1880.4,1881.69,1876.53,1877.05,3447.5778,2026-08-15 08:59:59.999000+00:00,6480815.834134,26194,1905.44890000,3582170.27462600,0
2026-08-15 09:00:00+00:00,1877.04,1881.32,1876.01,1880.44,2238.4774,2026-08-15 09:59:59.999000+00:00,4204402.21577,20169,1301.28390000,2443836.44072800,0
2026-08-15 10:00:00+00:00,1880.45,1881.39,1878.42,1881.01,1442.5592,2026-08-15 10:59:59.999000+00:00,2711632.162438,10102,799.92280000,1503650.60007000,0
2026-08-15 11:00:00+00:00,1881.0,1881.3,1879.24,1879.49,980.5767,2026-08-15 11:59:59.999000+00:00,1843613.465404,8205,404.80200000,761048.68280100,0
2026-08-15 12:00:00+00:00,1879.49,1883.97,1878.19,1883.86,2231.1153,2026-08-15 12:59:59.999000+00:00,4194589.145951,14095,1332.26810000,2505152.54797400,0
2026-08-15 13:00:00+00:00,1883.86,1884.93,1882.33,1883.86,3670.7843,2026-08-15 13:59:59.999000+00:00,6914476.063803,34355,1286.43220000,2423108.08625800,0
2026-08-15 14:00:00+00:00,1883.85,1884.61,1881.47,1883.56,2116.7417,2026-08-15 14:59:59.999000+00:00,3985779.675044,18237,827.66070000,1558417.25713100,0
2026-08-15 15:00:00+00:00,1883.55,1885.83,1883.11,1884.91,2355.0637,2026-08-15 15:59:59.999000+00:00,4438525.147895,22560,853.28310000,1608012.89674000,0
2026-08-15 16:00:00+00:00,1884.92,1885.7,1883.92,1884.98,2801.7212,2026-08-15 16:59:59.999000+00:00,5280361.615955,17307,1272.27300000,2397758.84358600,0
2026-08-15 17:00:00+00:00,1884.98,1886.58,1883.03,1884.49,3077.7651,2026-08-15 17:59:59.999000+00:00,5800016.751164,19078,1653.89910000,3116558.75680800,0
2026-08-15 18:00:00+00:00,1884.49,1885.8,1882.59,1882.82,1235.8078,2026-08-15 18:59:59.999000+00:00,2328016.506325,10512,576.33040000,1085836.28425100,0
2026-08-15 19:00:00+00:00,1882.82,1884.97,1882.82,1884.55,1114.2486,2026-08-15 19:59:59.999000+00:00,2099187.577102,10135,473.53730000,892119.72318200,0
2026-08-15 20:00:00+00:00,1884.55,1884.56,1882.8,1883.42,847.5523,2026-08-15 20:59:59.999000+00:00,1596368.661743,6983,438.29830000,825503.75027300,0
2026-08-15 21:00:00+00:00,1883.41,1885.6,1883.41,1885.17,2194.4682,2026-08-15 21:59:59.999000+00:00,4136130.566956,13622,1240.45640000,2337887.35956800,0
2026-08-15 22:00:00+00:00,1885.16,1885.8,1884.46,1884.84,1889.8622,2026-08-15 22:59:59.999000+00:00,3562487.323497,16280,789.84240000,1488847.36209500,0
2026-08-15 23:00:00+00:00,1884.84,1884.85,1881.98,1882.64,2363.7033,2026-08-15 23:59:59.999000+00:00,4451396.256967,20326,848.43600000,1597749.77243700,0
2026-08-16 00:00:00+00:00,1882.64,1883.33,1881.67,1882.57,1935.0343,2026-08-16 00:59:59.999000+00:00,3643019.027205,15327,948.55530000,1785835.46514900,0
2026-08-16 01:00:00+00:00,1882.57,1882.57,1877.01,1880.54,2701.766,2026-08-16 01:59:59.999000+00:00,5079751.319263,31157,1442.44100000,2711783.26143900,0
2026-08-16 02:00:00+00:00,1880.54,1885.0,1879.09,1883.71,2554.0022,2026-08-16 02:59:59.999000+00:00,4809184.689416,27559,1366.22750000,2572123.40306500,0
2026-08-16 03:00:00+00:00,1883.71,1884.28,1883.03,1883.3,1706.061,2026-08-16 03:59:59.999000+00:00,3213921.240387,13711,566.97940000,1068009.55815500,0
2026-08-16 04:00:00+00:00,1883.31,1884.56,1880.6,1881.7,1293.6813,2026-08-16 04:59:59.999000+00:00,2435789.066821,10829,576.77390000,1085923.72504000,0
2026-08-16 05:00:00+00:00,1881.7,1881.92,1879.16,1879.81,2045.0583,2026-08-16 05:59:59.999000+00:00,3846070.385336,19943,1208.18820000,2272091.68562800,0
2026-08-16 06:00:00+00:00,1879.82,1881.59,1879.0,1880.58,1889.9123,2026-08-16 06:59:59.999000+00:00,3553181.172586,16171,1171.72930000,2202918.85944700,0
2026-08-16 07:00:00+00:00,1880.58,1881.65,1879.91,1881.54,1099.7008,2026-08-16 07:59:59.999000+00:00,2068406.954066,8983,516.66570000,971724.56260800,0
2026-08-16 08:00:00+00:00,1881.54,1881.56,1880.48,1880.94,1229.3845,2026-08-16 08:59:59.999000+00:00,2312351.546692,9110,565.52180000,1063676.93190300,0
2026-08-16 09:00:00+00:00,1880.94,1882.52,1879.27,1880.43,3170.625,2026-08-16 09:59:59.999000+00:00,5965166.448431,16651,1775.81770000,3341174.17515100,0
2026-08-16 10:00:00+00:00,1880.42,1881.17,1879.62,1880.79,2045.3728,2026-08-16 10:59:59.999000+00:00,3845846.215645,15766,1058.51450000,1990187.80209500,0
2026-08-16 11:00:00+00:00,1880.8,1881.08,1880.16,1880.94,1272.2043,2026-08-16 11:59:59.999000+00:00,2392495.19014,8859,642.89180000,1208990.68911800,0
2026-08-16 12:00:00+00:00,1880.94,1880.95,1879.32,1879.83,1107.625,2026-08-16 12:59:59.999000+00:00,2082508.379413,8389,415.42720000,781037.13827400,0
2026-08-16 13:00:00+00:00,1879.82,1881.97,1879.82,1881.96,1623.8462,2026-08-16 13:59:59.999000+00:00,3054910.281063,11405,588.16050000,1106418.56930000,0
2026-08-16 14:00:00+00:00,1881.96,1884.49,1881.96,1883.5,2932.8428,2026-08-16 14:59:59.999000+00:00,5523015.758228,19193,910.84770000,1714989.40923300,0
2026-08-16 15:00:00+00:00,1883.51,1885.0,1882.33,1884.06,3467.9127,2026-08-16 15:59:59.999000+00:00,6533609.394805,17752,768.97160000,1448410.73179400,0
2026-08-16 16:00:00+00:00,1884.06,1892.31,1884.06,1889.58,7235.1296,2026-08-16 16:59:59.999000+00:00,13665068.491352,48312,4231.27930000,7990571.38291800,0
2026-08-16 17:00:00+00:00,1889.59,1891.03,1883.81,1885.17,2517.0516,2026-08-16 17:59:59.999000+00:00,4749498.237992,32086,1076.44270000,2030920.81428800,0
2026-08-16 18:00:00+00:00,1885.18,1886.41,1882.63,1885.49,2646.9734,2026-08-16 18:59:59.999000+00:00,4989995.588541,25521,1424.96710000,2686222.37808600,0
2026-08-16 19:00:00+00:00,1885.49,1888.75,1884.48,1885.83,2513.2318,2026-08-16 19:59:59.999000+00:00,4741622.188281,17466,1128.88670000,2129580.71161800,0
2026-08-16 20:00:00+00:00,1885.83,1887.58,1881.59,1882.0,2666.995,2026-08-16 20:59:59.999000+00:00,5026717.440459,24657,1524.41540000,2873030.37388900,0
2026-08-16 21:00:00+00:00,1881.99,1882.92,1869.17,1875.56,8003.7077,2026-08-16 21:59:59.999000+00:00,15022385.672295,77990,4204.06910000,7892004.97668900,0
2026-08-16 22:00:00+00:00,1875.55,1878.26,1869.26,1876.05,7937.8392,2026-08-16 22:59:59.999000+00:00,14874989.776815,71071,4502.54030000,8437870.23780300,0
2026-08-16 23:00:00+00:00,1876.05,1877.48,1873.54,1876.0,2978.4653,2026-08-16 23:59:59.999000+00:00,5586357.465771,25584,1490.89040000,2796272.06905400,0
2026-08-17 00:00:00+00:00,1876.01,1880.19,1872.46,1878.93,4630.5428,2026-08-17 00:59:59.999000+00:00,8684655.364786,53617,2982.54370000,5593724.41132500,0
2026-08-17 01:00:00+00:00,1878.92,1897.29,1878.21,1891.65,16219.9416,2026-08-17 01:59:59.999000+00:00,30692336.290686,165125,8114.96040000,15353541.64508500,0
2026-08-17 02:00:00+00:00,1891.66,1908.62,1888.72,1902.36,13096.9551,2026-08-17 02:59:59.999000+00:00,24865925.213901,84723,7060.69080000,13411348.22290000,0
2026-08-17 03:00:00+00:00,1902.35,1905.0,1898.06,1900.92,8249.9272,2026-08-17 03:59:59.999000+00:00,15688491.031646,44225,4957.95210000,9428210.43915000,0
2026-08-17 04:00:00+00:00,1900.93,1904.73,1900.93,1903.34,4623.4904,2026-08-17 04:59:59.999000+00:00,8799176.345987,31151,1998.55620000,3803063.20864400,0
2026-08-17 05:00:00+00:00,1903.33,1904.0,1898.25,1899.65,4151.2619,2026-08-17 05:59:59.999000+00:00,7891005.157119,23469,1600.73810000,3042900.32398000,0
2026-08-17 06:00:00+00:00,1899.66,1912.6,1897.13,1907.05,12834.5966,2026-08-17 06:59:59.999000+00:00,24452565.112865,55801,7690.03860000,14657688.23706400,0
2026-08-17 07:00:00+00:00,1907.06,1907.93,1900.77,1900.93,8547.8379,2026-08-17 07:59:59.999000+00:00,16273245.182964,48985,3107.95040000,5917788.10498800,0
2026-08-17 08:00:00+00:00,1900.93,1901.72,1891.57,1894.43,8015.9606,2026-08-17 08:59:59.999000+00:00,15192856.742796,68904,3462.60170000,6562464.12643600,0
2026-08-17 09:00:00+00:00,1894.44,1897.4,1893.15,1894.02,3286.3375,2026-08-17 09:59:59.999000+00:00,6228498.543165,30774,1336.95090000,2533534.56233700,0
2026-08-17 10:00:00+00:00,1894.02,1909.49,1892.16,1907.16,7049.5237,2026-08-17 10:59:59.999000+00:00,13408415.123068,82525,3765.48140000,7163922.24003200,0
2026-08-17 11:00:00+00:00,1907.15,1908.55,1904.09,1904.46,4836.4582,2026-08-17 11:59:59.999000+00:00,9219732.95243,44873,2514.46720000,4793195.57279900,0
2026-08-17 12:00:00+00:00,1904.46,1906.71,1896.46,1899.22,6347.6216,2026-08-17 12:59:59.999000+00:00,12066540.910824,50820,2493.06820000,4738745.22018400,0
2026-08-17 13:00:00+00:00,1899.22,1909.11,1896.28,1904.92,10174.4195,2026-08-17 13:59:59.999000+00:00,19364982.457782,108919,4687.42050000,8922899.29432600,0
2026-08-17 14:00:00+00:00,1904.92,1911.51,1898.37,1909.61,7986.3391,2026-08-17 14:59:59.999000+00:00,15204564.233661,67893,4018.05170000,7652581.79975100,0
2026-08-17 15:00:00+00:00,1909.61,1915.5,1904.54,1913.22,15263.4571,2026-08-17 15:59:59.999000+00:00,29158177.521393,104566,8201.27080000,15665235.59566300,0
2026-08-17 16:00:00+00:00,1913.22,1913.85,1905.37,1907.22,5506.4539,2026-08-17 16:59:59.999000+00:00,10513140.961338,62263,2387.90710000,4558712.23365200,0
2026-08-17 17:00:00+00:00,1907.21,1914.19,1904.59,1908.91,8926.7678,2026-08-17 17:59:59.999000+00:00,17035160.018032,88464,5434.25610000,10369983.75152700,0
2026-08-17 18:00:00+00:00,1908.9,1912.91,1907.33,1910.01,5594.8243,2026-08-17 18:59:59.999000+00:00,10686552.114499,50451,3133.73350000,5985653.78427100,0
2026-08-17 19:00:00+00:00,1910.0,1910.92,1906.69,1907.25,3725.4807,2026-08-17 19:59:59.999000+00:00,7110114.149494,40234,1784.03310000,3404674.82721900,0
2026-08-17 20:00:00+00:00,1907.24,1910.77,1905.0,1906.73,4484.5194,2026-08-17 20:59:59.999000+00:00,8553569.13524,35134,2469.06570000,4709205.99718300,0
2026-08-17 21:00:00+00:00,1906.73,1908.82,1905.91,1906.35,2958.0005,2026-08-17 21:59:59.999000+00:00,5641525.414062,30229,1251.32650000,2386287.88486900,0
2026-08-17 22:00:00+00:00,1906.35,1908.03,1903.59,1904.55,2080.0292,2026-08-17 22:59:59.999000+00:00,3962758.133377,22308,964.26660000,1836994.64639200,0
2026-08-17 23:00:00+00:00,1904.56,1918.71,1904.01,1913.6,7136.5405,2026-08-17 23:59:59.999000+00:00,13653875.922257,46032,3443.41040000,6588286.39140700,0
2026-08-18 00:00:00+00:00,1913.59,1914.38,1908.62,1910.11,3608.7213,2026-08-18 00:59:59.999000+00:00,6896005.278944,49104,1516.02990000,2896872.03520000,0
2026-08-18 01:00:00+00:00,1910.12,1910.33,1899.78,1901.54,5386.4683,2026-08-18 01:59:59.999000+00:00,10256314.016133,42880,2393.71820000,4556389.33410700,0
2026-08-18 02:00:00+00:00,1901.53,1903.6,1889.28,1893.19,9341.1567,2026-08-18 02:59:59.999000+00:00,17709708.198435,82322,3649.09880000,6918799.34920200,0
2026-08-18 03:00:00+00:00,1893.19,1895.49,1885.78,1894.69,9433.1464,2026-08-18 03:59:59.999000+00:00,17844743.664176,86921,4271.47770000,8081312.11663500,0
2026-08-18 04:00:00+00:00,1894.68,1897.7,1891.53,1896.66,4012.2189,2026-08-18 04:59:59.999000+00:00,7604546.591927,32038,1619.80550000,3070198.04076700,0
2026-08-18 05:00:00+00:00,1896.66,1898.95,1892.75,1895.63,4550.5462,2026-08-18 05:59:59.999000+00:00,8628485.98249,36460,1778.31510000,3371710.17619200,0
2026-08-18 06:00:00+00:00,1895.62,1906.94,1893.64,1902.83,5111.9241,2026-08-18 06:59:59.999000+00:00,9714058.468873,35246,2481.34440000,4716458.60243000,0
2026-08-18 07:00:00+00:00,1902.84,1903.27,1897.07,1898.84,5879.0561,2026-08-18 07:59:59.999000+00:00,11170421.033882,37048,3198.46460000,6075746.31732500,0
2026-08-18 08:00:00+00:00,1898.83,1901.83,1893.8,1900.3,5695.0774,2026-08-18 08:59:59.999000+00:00,10810815.917241,58468,3011.72170000,5717030.96626800,0
2026-08-18 09:00:00+00:00,1900.31,1900.31,1895.58,1896.93,5741.5425,2026-08-18 09:59:59.999000+00:00,10892169.116743,42764,2811.83780000,5334030.44508400,0
2026-08-18 10:00:00+00:00,1896.93,1899.56,1895.21,1898.02,3128.3749,2026-08-18 10:59:59.999000+00:00,5935706.354344,32358,1479.37820000,2807072.11171300,0
2026-08-18 11:00:00+00:00,1898.01,1905.65,1897.65,1903.11,4314.4873,2026-08-18 11:59:59.999000+00:00,8210675.454459,45154,2350.55600000,4472668.52875300,0
2026-08-18 12:00:00+00:00,1903.12,1904.07,1899.11,1899.48,2694.0778,2026-08-18 12:59:59.999000+00:00,5121695.39063,34602,1163.37430000,2211637.84407600,0
2026-08-18 13:00:00+00:00,1899.48,1900.0,1894.0,1897.84,6293.1075,2026-08-18 13:59:59.999000+00:00,11936879.221668,62821,2366.22000000,4488217.12577000,0
2026-08-18 14:00:00+00:00,1897.84,1923.27,1897.31,1911.02,20033.8048,2026-08-18 14:59:59.999000+00:00,38325896.694437,156892,11522.45930000,22046746.08189600,0
2026-08-18 15:00:00+00:00,1911.03,1919.93,1908.44,1917.7,13621.8722,2026-08-18 15:59:59.999000+00:00,26091082.113926,94584,6387.46290000,12234042.72282100,0
2026-08-18 16:00:00+00:00,1917.71,1922.3,1912.78,1918.47,8057.2402,2026-08-18 16:59:59.999000+00:00,15445136.932291,69121,3827.51300000,7338429.91513100,0
2026-08-18 17:00:00+00:00,1918.47,1918.62,1911.34,1911.38,5681.2003,2026-08-18 17:59:59.999000+00:00,10878998.514274,52555,2324.05430000,4450502.44185800,0
2026-08-18 18:00:00+00:00,1911.38,1917.54,1910.81,1916.6,3514.3837,2026-08-18 18:59:59.999000+00:00,6731720.732153,36324,1560.42040000,2988831.06299700,0
2026-08-18 19:00:00+00:00,1916.6,1917.58,1913.14,1913.28,3384.347,2026-08-18 19:59:59.999000+00:00,6482386.426538,31159,1168.86130000,2238580.65029400,0
2026-08-18 20:00:00+00:00,1913.28,1915.71,1911.81,1913.02,3700.2419,2026-08-18 20:59:59.999000+00:00,7080218.213927,26808,1678.14320000,3210644.55822100,0
2026-08-18 21:00:00+00:00,1913.01,1915.01,1910.87,1912.22,2957.6132,2026-08-18 21:59:59.999000+00:00,5657501.487346,21885,1023.91630000,1958464.76422500,0
2026-08-18 22:00:00+00:00,1912.21,1915.35,1911.81,1913.42,4692.0608,2026-08-18 22:59:59.999000+00:00,8980060.565974,32347,2625.07220000,5024060.17157600,0
2026-08-18 23:00:00+00:00,1913.42,1920.1,1912.97,1917.85,3604.2389,2026-08-18 23:59:59.999000+00:00,6913044.759979,29417,1712.63160000,3284483.59884500,0
2026-08-19 00:00:00+00:00,1917.85,1919.15,1912.14,1913.62,5165.0239,2026-08-19 00:59:59.999000+00:00,9893378.548933,51220,2264.25080000,4337085.23050000,0
2026-08-19 01:00:00+00:00,1913.62,1918.08,1912.28,1913.68,5909.3462,2026-08-19 01:59:59.999000+00:00,11315886.368828,47969,3199.95130000,6127533.40745800,0
2026-08-19 02:00:00+00:00,1913.68,1913.88,1907.43,1907.7,5680.322,2026-08-19 02:59:59.999000+00:00,10850506.093479,58273,2683.31840000,5125281.46314900,0
2026-08-19 03:00:00+00:00,1907.71,1915.57,1906.19,1912.15,5541.7325,2026-08-19 03:59:59.999000+00:00,10589126.706283,52473,2689.36530000,5139271.47380900,0
2026-08-19 04:00:00+00:00,1912.15,1914.56,1910.17,1910.85,4283.9768,2026-08-19 04:59:59.999000+00:00,8190060.863218,25489,1439.01500000,2750984.66373100,0
2026-08-19 05:00:00+00:00,1910.84,1914.14,1909.97,1910.27,4086.5257,2026-08-19 05:59:59.999000+00:00,7814411.541395,25815,2249.59400000,4301735.89560500,0
2026-08-19 06:00:00+00:00,1910.28,1917.64,1906.0,1917.63,7204.8531,2026-08-19 06:59:59.999000+00:00,13771945.249655,45178,4201.02080000,8032148.39745200,0
2026-08-19 07:00:00+00:00,1917.64,1921.32,1915.4,1916.01,9094.6623,2026-08-19 07:59:59.999000+00:00,17450377.496774,52068,5058.00550000,9704971.24166300,0
2026-08-19 08:00:00+00:00,1916.01,1929.94,1915.32,1921.52,10356.4357,2026-08-19 08:59:59.999000+00:00,19918672.618198,71462,6123.52260000,11778269.77810800,0
2026-08-19 09:00:00+00:00,1921.52,1923.85,1918.2,1919.3,4615.0676,2026-08-19 09:59:59.999000+00:00,8865378.246754,48835,2261.95590000,4344788.61300300,0
2026-08-19 10:00:00+00:00,1919.3,1920.24,1917.31,1920.22,3402.4216,2026-08-19 10:59:59.999000+00:00,6528462.015541,29948,1338.33450000,2567650.99407900,0
2026-08-19 11:00:00+00:00,1920.23,1926.43,1919.92,1923.06,5476.6675,2026-08-19 11:59:59.999000+00:00,10532540.945096,39239,2285.10940000,4394646.72593800,0
2026-08-19 12:00:00+00:00,1923.06,1943.21,1922.05,1937.21,21644.7332,2026-08-19 12:59:59.999000+00:00,41832571.564962,127481,12781.55880000,24708911.54488900,0
2026-08-19 13:00:00+00:00,1937.21,1941.65,1928.1,1932.9,25567.2983,2026-08-19 13:59:59.999000+00:00,49489752.981451,193401,11536.54460000,22328266.16455100,0
2026-08-19 14:00:00+00:00,1932.91,1980.0,1932.79,1970.6,58501.4613,2026-08-19 14:59:59.999000+00:00,114446085.433975,273025,29493.00260000,57669992.02149700,0
2026-08-19 15:00:00+00:00,1970.61,2115.0,1967.4,2085.83,195088.9753,2026-08-19 15:59:59.999000+00:00,399443798.45338,1019002,107243.33200000,219399126.60036500,0
2026-08-19 16:00:00+00:00,2085.83,2108.0,2082.24,2089.55,63550.9869,2026-08-19 16:59:59.999000+00:00,133134879.615807,407922,31801.47210000,66639190.50543200,0
2026-08-19 17:00:00+00:00,2089.55,2093.11,2067.43,2091.02,34540.4651,2026-08-19 17:59:59.999000+00:00,71873457.665089,224324,15921.64320000,33136716.85808100,0
2026-08-19 18:00:00+00:00,2091.03,2092.6,2079.04,2091.93,17971.8691,2026-08-19 18:59:59.999000+00:00,37522687.109963,167674,9612.62440000,20070586.95923100,0
2026-08-19 19:00:00+00:00,2091.92,2105.4,2088.92,2102.02,25325.6006,2026-08-19 19:59:59.999000+00:00,53124427.279217,220015,12953.60600000,27171245.42548600,0
2026-08-19 20:00:00+00:00,2102.02,2241.56,2102.02,2218.12,78138.944,2026-08-19 20:59:59.999000+00:00,169570247.502733,528975,44760.70500000,97003977.42840400,0
2026-08-19 21:00:00+00:00,2218.13,2333.65,2215.88,2286.0,138575.5398,2026-08-19 21:59:59.999000+00:00,315402229.903462,1031830,74438.09110000,169479977.37186500,0
2026-08-19 22:00:00+00:00,2286.0,2290.0,2241.27,2249.99,49292.8432,2026-08-19 22:59:59.999000+00:00,111625916.356848,391197,21004.18990000,47576490.31468700,0
2026-08-19 23:00:00+00:00,2250.0,2261.7,2243.36,2252.8,20537.593,2026-08-19 23:59:59.999000+00:00,46226931.313262,146863,9715.73030000,21867136.80664300,0
2026-08-20 00:00:00+00:00,2252.81,2274.25,2251.93,2262.24,33553.5396,2026-08-20 00:59:59.999000+00:00,75932750.012909,271112,14278.71800000,32316295.78902400,0
2026-08-20 01:00:00+00:00,2262.24,2270.94,2250.0,2266.66,22246.9746,2026-08-20 01:59:59.999000+00:00,50281392.990752,192545,12453.21680000,28149925.01857100,0
2026-08-20 02:00:00+00:00,2266.66,2270.68,2250.0,2251.89,13211.38,2026-08-20 02:59:59.999000+00:00,29872263.234299,137880,5354.31090000,12107477.81401100,0
2026-08-20 03:00:00+00:00,2251.88,2257.58,2221.54,2251.21,39137.1272,2026-08-20 03:59:59.999000+00:00,87515924.775832,295928,21829.52940000,48775105.61074700,0
2026-08-20 04:00:00+00:00,2251.21,2258.39,2248.46,2250.28,13799.7223,2026-08-20 04:59:59.999000+00:00,31100309.045154,88422,6920.78180000,15596591.77246300,0
2026-08-20 05:00:00+00:00,2250.27,2256.99,2243.86,2248.36,13843.9273,2026-08-20 05:59:59.999000+00:00,31174360.107353,85424,6137.39310000,13819297.51100400,0
2026-08-20 06:00:00+00:00,2248.36,2267.3,2238.97,2262.76,25308.2298,2026-08-20 06:59:59.999000+00:00,57005061.030262,217945,16153.45670000,36385539.29406300,0
2026-08-20 07:00:00+00:00,2262.77,2264.77,2244.1,2251.81,21215.33,2026-08-20 07:59:59.999000+00:00,47779208.518024,174103,9014.07050000,20312241.82597600,0
2026-08-20 08:00:00+00:00,2251.81,2287.26,2249.19,2282.25,39913.3403,2026-08-20 08:59:59.999000+00:00,90780242.956472,370818,22046.93160000,50133110.02914000,0
2026-08-20 09:00:00+00:00,2282.26,2298.39,2275.23,2278.56,33799.6848,2026-08-20 09:59:59.999000+00:00,77329722.917965,329961,18313.67540000,41911046.73161100,0
2026-08-20 10:00:00+00:00,2278.56,2295.87,2275.54,2287.0,28676.9797,2026-08-20 10:59:59.999000+00:00,65510615.634845,183607,13173.09000000,30100291.73949400,0
2026-08-20 11:00:00+00:00,2286.99,2320.0,2282.31,2296.58,46096.0654,2026-08-20 11:59:59.999000+00:00,106221495.312552,405821,28253.96860000,65110246.88821300,0
2026-08-20 12:00:00+00:00,2296.59,2300.97,2268.0,2290.23,30637.9729,2026-08-20 12:59:59.999000+00:00,69942194.564449,271259,15004.59860000,34254101.36256100,0
2026-08-20 13:00:00+00:00,2290.23,2298.19,2255.68,2276.91,30967.0693,2026-08-20 13:59:59.999000+00:00,70582588.536604,350824,15422.19130000,35162181.69135400,0
2026-08-20 14:00:00+00:00,2276.92,2289.33,2271.48,2281.24,20629.5566,2026-08-20 14:59:59.999000+00:00,47024512.411184,283045,10902.99790000,24857457.00539800,0
2026-08-20 15:00:00+00:00,2281.24,2337.89,2281.24,2326.41,57003.4211,2026-08-20 15:59:59.999000+00:00,131650259.844476,527166,33878.20500000,78244147.24269500,0
2026-08-20 16:00:00+00:00,2326.4,2360.0,2314.44,2344.48,53188.0747,2026-08-20 16:59:59.999000+00:00,124162662.786163,379106,29419.46070000,68706529.06723600,0
2026-08-20 17:00:00+00:00,2344.48,2351.28,2332.44,2344.26,26437.3155,2026-08-20 17:59:59.999000+00:00,61924892.564598,241409,12411.84160000,29079189.38100200,0
2026-08-20 18:00:00+00:00,2344.25,2348.11,2310.44,2316.38,32689.169,2026-08-20 18:59:59.999000+00:00,75997077.884573,197801,14373.22670000,33403658.31606800,0
2026-08-20 19:00:00+00:00,2316.37,2332.6,2312.14,2323.77,27281.6566,2026-08-20 19:59:59.999000+00:00,63430687.776538,204600,13632.73430000,31698714.62799100,0
2026-08-20 20:00:00+00:00,2323.78,2331.5,2313.81,2318.58,8625.8899,2026-08-20 20:59:59.999000+00:00,20039847.218407,108662,3911.61480000,9087748.94629000,0
2026-08-20 21:00:00+00:00,2318.58,2325.6,2313.32,2318.81,9548.3999,2026-08-20 21:59:59.999000+00:00,22142086.134632,84351,4632.62230000,10743117.82195300,0
2026-08-20 22:00:00+00:00,2318.81,2319.45,2306.67,2314.42,10626.9634,2026-08-20 22:59:59.999000+00:00,24589580.403852,89733,4999.39800000,11569096.94340400,0
2026-08-20 23:00:00+00:00,2314.42,2340.0,2313.1,2326.82,10182.9329,2026-08-20 23:59:59.999000+00:00,23699380.359542,149605,5534.50750000,12881374.99512900,0
2026-08-21 00:00:00+00:00,2326.83,2351.15,2324.99,2340.82,18927.206,2026-08-21 00:59:59.999000+00:00,44286398.643106,291879,10548.94750000,24684041.61810500,0
2026-08-21 01:00:00+00:00,2340.82,2380.82,2338.0,2359.37,39451.2176,2026-08-21 01:59:59.999000+00:00,93106342.326789,458978,21940.62320000,51796816.23128800,0
2026-08-21 02:00:00+00:00,2359.37,2365.0,2340.0,2345.75,22518.6061,2026-08-21 02:59:59.999000+00:00,52985423.227709,246640,9984.69100000,23502332.67057500,0
2026-08-21 03:00:00+00:00,2345.75,2354.5,2337.23,2341.04,14892.49,2026-08-21 03:59:59.999000+00:00,34955367.429526,132442,8554.46590000,20085643.41555000,0
2026-08-21 04:00:00+00:00,2341.05,2356.0,2341.05,2354.42,9675.3592,2026-08-21 04:59:59.999000+00:00,22724400.372704,130255,5399.45990000,12682211.80010600,0
2026-08-21 05:00:00+00:00,2354.43,2368.76,2349.67,2368.42,12323.7356,2026-08-21 05:59:59.999000+00:00,29056352.346161,161192,6940.28890000,16368018.77325900,0
2026-08-21 06:00:00+00:00,2368.42,2384.17,2355.15,2372.47,22273.2734,2026-08-21 06:59:59.999000+00:00,52787402.941208,261845,12209.11810000,28938420.78644100,0
2026-08-21 07:00:00+00:00,2372.48,2398.71,2362.66,2371.66,47035.8081,2026-08-21 07:59:59.999000+00:00,111963455.672711,361691,20050.90230000,47750815.35691300,0
2026-08-21 08:00:00+00:00,2371.67,2447.98,2370.24,2444.2,66934.0221,2026-08-21 08:59:59.999000+00:00,161505204.543172,501218,34382.60320000,82921144.40384300,0
2026-08-21 09:00:00+00:00,2444.2,2446.23,2376.32,2404.0,53795.2561,2026-08-21 09:59:59.999000+00:00,129292430.585371,669195,29020.55040000,69764159.56144400,0
2026-08-21 10:00:00+00:00,2404.0,2411.84,2390.64,2395.33,18901.7003,2026-08-21 10:59:59.999000+00:00,45357359.309838,237460,9954.97150000,23892221.20426000,0
2026-08-21 11:00:00+00:00,2395.32,2399.18,2357.18,2370.47,34215.0426,2026-08-21 11:59:59.999000+00:00,81309099.358224,348332,16345.44560000,38843260.70254800,0
2026-08-21 12:00:00+00:00,2370.48,2397.5,2365.44,2388.62,28507.693,2026-08-21 12:59:59.999000+00:00,67931960.668933,207862,16147.56760000,38456292.16816600,0
2026-08-21 13:00:00+00:00,2388.62,2406.41,2368.08,2387.65,32241.944,2026-08-21 13:59:59.999000+00:00,76983682.04591,339576,17660.88430000,42174494.33831300,0
2026-08-21 14:00:00+00:00,2387.65,2397.45,2369.41,2393.67,26809.8804,2026-08-21 14:59:59.999000+00:00,63909292.823675,320968,13517.18010000,32227644.94410500,0
2026-08-21 15:00:00+00:00,2393.67,2408.55,2389.02,2393.65,30899.6074,2026-08-21 15:59:59.999000+00:00,74159367.967026,286394,18523.42810000,44465770.57783200,0
2026-08-21 16:00:00+00:00,2393.64,2413.14,2384.0,2405.97,28678.8616,2026-08-21 16:59:59.999000+00:00,68779642.01116,261348,18438.94460000,44217870.73426500,0
2026-08-21 17:00:00+00:00,2405.97,2428.0,2402.1,2423.61,33958.3607,2026-08-21 17:59:59.999000+00:00,82063386.823548,221852,19079.80580000,46097616.92923200,0
2026-08-21 18:00:00+00:00,2423.61,2432.35,2395.89,2420.71,23152.9566,2026-08-21 18:59:59.999000+00:00,55961585.749,205178,12235.70150000,29575181.79705200,0
2026-08-21 19:00:00+00:00,2420.72,2420.92,2407.56,2413.55,13795.6133,2026-08-21 19:59:59.999000+00:00,33321676.848759,162094,6542.57860000,15803973.85952900,0
2026-08-21 20:00:00+00:00,2413.54,2447.85,2408.86,2441.05,20040.8536,2026-08-21 20:59:59.999000+00:00,48787447.848805,224766,10080.54670000,24543797.02986100,0
2026-08-21 21:00:00+00:00,2441.05,2520.86,2434.71,2513.27,59703.6427,2026-08-21 21:59:59.999000+00:00,148263644.848707,461308,37151.88970000,92310771.90847200,0
2026-08-21 22:00:00+00:00,2513.26,2546.78,2506.88,2521.89,52973.0082,2026-08-21 22:59:59.999000+00:00,133987416.523244,481275,30744.85120000,77761536.20923200,0
2026-08-21 23:00:00+00:00,2521.89,2546.42,2510.0,2516.3,28956.776,2026-08-21 23:59:59.999000+00:00,73106535.372513,268950,16613.49260000,41951300.25727900,0
2026-08-22 00:00:00+00:00,2516.31,2522.99,2491.11,2522.44,29540.6853,2026-08-22 00:59:59.999000+00:00,74130471.991095,234645,15754.59600000,39546120.23563500,0
2026-08-22 01:00:00+00:00,2522.44,2528.58,2506.97,2506.99,22310.0778,2026-08-22 01:59:59.999000+00:00,56218415.059705,212290,12841.70130000,32362995.85223100,0
2026-08-22 02:00:00+00:00,2506.99,2523.24,2495.65,2516.02,18116.772,2026-08-22 02:59:59.999000+00:00,45474699.16625,214266,8990.62640000,22572275.31022000,0
2026-08-22 03:00:00+00:00,2516.02,2526.68,2512.64,2515.06,16403.6638,2026-08-22 03:59:59.999000+00:00,41323005.454493,184461,8764.97380000,22080642.00172700,0
2026-08-22 04:00:00+00:00,2515.06,2529.99,2506.05,2514.43,25451.858,2026-08-22 04:59:59.999000+00:00,64108192.204832,240546,13875.03440000,34946193.89413800,0
2026-08-22 05:00:00+00:00,2514.43,2518.31,2385.0,2439.95,108215.8466,2026-08-22 05:59:59.999000+00:00,263880506.587327,679564,48673.60850000,118608174.35988700,0
2026-08-22 06:00:00+00:00,2439.95,2443.68,2412.18,2437.78,30636.7189,2026-08-22 06:59:59.999000+00:00,74448464.001741,262617,15712.02230000,38186061.03857900,0
2026-08-22 07:00:00+00:00,2437.79,2447.6,2426.8,2433.31,17298.4565,2026-08-22 07:59:59.999000+00:00,42165584.515594,232211,8307.10510000,20250433.02215300,0
2026-08-22 08:00:00+00:00,2433.32,2441.1,2412.16,2419.36,17456.5188,2026-08-22 08:59:59.999000+00:00,42334348.038333,208790,6824.18900000,16554156.35792200,0
