Strategy,Timeframe,Fast_EMA,Slow_EMA,Method,Initial_Capital,Final_Equity,Net_PnL_USD,Total_Return_Pct,Alpha_vs_ETH_Pct,Max_Drawdown_Pct,Sharpe_Ratio,Sortino_Ratio,Calmar_Ratio,Win_Rate_Pct,Profit_Factor,Expectancy_Pct,Total_Trades,Avg_Holding_Hours,Best_Trade_Pct,Worst_Trade_Pct,Exposure_Pct,Fees_Applied_Pct,Total_Fees_USD,Pos_Months,Neg_Months,M_Jan,M_Feb,M_Mar,M_Apr,M_May,M_Jun
EMA_SAR_20_30_30m,30m,20,30,Stop-and-Reverse (SAR),10000.0,15505.77,5505.77,55.06,102.16,19.83,1.8,2.48,7.17,33.9,1.25,0.29,186,23.2,22.1,-7.09,99.3,18.6,1860.0,4,2,27.11,13.44,8.96,-4.56,-4.62,8.4
EMA_SAR_70_190_5m,5m,70,190,Stop-and-Reverse (SAR),10000.0,15446.97,5446.97,54.47,101.57,20.99,1.77,2.35,6.69,30.8,1.21,0.22,260,16.6,22.55,-4.53,99.3,26.0,2600.0,5,1,24.12,20.59,2.22,4.73,-5.85,2.39
EMA_SAR_65_195_5m,5m,65,195,Stop-and-Reverse (SAR),10000.0,15322.8,5322.8,53.23,100.33,22.37,1.74,2.31,6.1,30.5,1.2,0.21,266,16.2,22.95,-4.72,99.3,26.6,2660.0,4,2,28.33,21.13,3.9,3.05,-7.38,-0.6
EMA_SAR_60_190_5m,5m,60,190,Stop-and-Reverse (SAR),10000.0,15016.41,5016.41,50.16,97.26,21.15,1.67,2.23,6.01,29.5,1.18,0.18,288,15.0,22.92,-4.49,99.3,28.8,2880.0,5,1,26.24,23.54,0.72,3.97,-8.88,0.91
EMA_SAR_5_15_1h,1h,5,15,Stop-and-Reverse (SAR),10000.0,14918.33,4918.33,49.18,96.28,28.82,1.68,2.44,4.3,30.1,1.16,0.17,292,14.8,23.11,-6.02,99.3,29.2,2920.0,4,2,26.29,34.99,0.09,5.43,-9.73,-8.13
EMA_SAR_65_190_5m,5m,65,190,Stop-and-Reverse (SAR),10000.0,14856.34,4856.34,48.56,95.66,21.81,1.63,2.18,5.6,31.1,1.18,0.2,270,16.0,22.85,-4.72,99.3,27.0,2700.0,5,1,25.96,22.73,3.52,2.69,-9.62,0.03
EMA_SAR_55_200_5m,5m,55,200,Stop-and-Reverse (SAR),10000.0,14836.81,4836.81,48.37,95.47,20.52,1.63,2.17,5.92,30.0,1.17,0.18,280,15.4,22.92,-4.33,99.2,28.0,2800.0,5,1,29.14,16.83,4.28,4.96,-10.99,0.94
EMA_SAR_110_200_5m,5m,110,200,Stop-and-Reverse (SAR),10000.0,14700.71,4700.71,47.01,94.11,21.63,1.6,2.11,5.43,33.7,1.21,0.27,178,24.2,21.98,-7.04,99.2,17.8,1780.0,4,2,27.61,17.04,0.19,-3.54,-5.96,8.31
EMA_SAR_70_185_5m,5m,70,185,Stop-and-Reverse (SAR),10000.0,14686.79,4686.79,46.87,93.97,21.66,1.6,2.12,5.41,31.0,1.18,0.2,258,16.7,22.95,-4.53,99.3,25.8,2580.0,5,1,23.63,19.72,2.61,3.62,-8.0,1.44
EMA_SAR_55_195_5m,5m,55,195,Stop-and-Reverse (SAR),10000.0,14609.3,4609.3,46.09,93.19,20.64,1.58,2.1,5.56,28.6,1.16,0.16,294,14.7,22.99,-4.33,99.3,29.4,2940.0,4,2,30.32,21.59,-2.24,4.62,-11.92,2.34
EMA_SAR_65_180_5m,5m,65,180,Stop-and-Reverse (SAR),10000.0,14600.56,4600.56,46.01,93.11,21.63,1.58,2.1,5.29,28.1,1.16,0.17,288,15.0,23.05,-4.68,99.3,28.8,2880.0,5,1,26.51,24.6,0.15,1.45,-10.06,1.38
EMA_SAR_75_175_5m,5m,75,175,Stop-and-Reverse (SAR),10000.0,14570.0,4570.0,45.7,92.8,23.43,1.57,2.08,4.85,30.4,1.17,0.2,260,16.6,22.93,-5.47,99.3,26.0,2600.0,4,2,25.83,22.71,0.21,4.4,-9.03,-0.85
EMA_SAR_10_55_30m,30m,10,55,Stop-and-Reverse (SAR),10000.0,14565.55,4565.55,45.66,92.76,21.21,1.59,2.27,5.35,30.5,1.25,0.23,200,21.4,19.91,-4.26,98.7,20.0,2000.0,4,2,23.14,8.77,0.83,-4.62,-1.77,15.12
EMA_SAR_70_175_5m,5m,70,175,Stop-and-Reverse (SAR),10000.0,14544.82,4544.82,45.45,92.55,22.91,1.56,2.08,4.93,28.8,1.16,0.19,274,15.7,23.23,-4.72,99.3,27.4,2740.0,4,2,25.87,27.0,0.08,2.88,-11.54,-0.11
EMA_SAR_60_195_5m,5m,60,195,Stop-and-Reverse (SAR),10000.0,14505.95,4505.95,45.06,92.16,21.81,1.55,2.07,5.12,28.6,1.16,0.17,276,15.6,23.1,-4.68,99.3,27.6,2760.0,4,2,29.76,19.8,2.9,0.65,-9.83,-0.07
EMA_SAR_75_170_5m,5m,75,170,Stop-and-Reverse (SAR),10000.0,14463.0,4463.0,44.63,91.73,24.28,1.54,2.05,4.55,29.9,1.16,0.19,264,16.3,23.3,-5.75,99.3,26.4,2640.0,4,2,25.86,22.2,3.5,4.21,-10.87,-2.18
EMA_SAR_65_175_5m,5m,65,175,Stop-and-Reverse (SAR),10000.0,14450.4,4450.4,44.5,91.6,21.55,1.54,2.04,5.11,29.7,1.15,0.16,290,14.9,23.07,-4.33,99.3,29.0,2900.0,4,2,27.85,23.69,-3.55,3.37,-10.3,2.17
EMA_SAR_10_35_30m,30m,10,35,Stop-and-Reverse (SAR),10000.0,14441.69,4441.69,44.42,91.52,23.38,1.56,2.19,4.7,28.8,1.16,0.18,278,15.5,22.72,-6.75,99.2,27.8,2780.0,3,3,28.87,19.63,3.78,-0.54,-7.78,-1.59
EMA_SAR_70_170_5m,5m,70,170,Stop-and-Reverse (SAR),10000.0,14410.72,4410.72,44.11,91.21,22.36,1.53,2.04,4.87,27.3,1.15,0.16,286,15.1,23.0,-4.68,99.3,28.6,2860.0,4,2,25.81,26.65,-1.92,3.86,-12.32,1.25
EMA_SAR_15_35_30m,30m,15,35,Stop-and-Reverse (SAR),10000.0,14391.58,4391.58,43.92,91.02,24.87,1.54,2.14,4.36,32.8,1.19,0.23,198,21.8,22.51,-6.79,99.2,19.8,1980.0,4,2,22.8,20.75,4.73,-4.52,-8.16,5.69
EMA_SAR_115_195_5m,5m,115,195,Stop-and-Reverse (SAR),10000.0,14377.38,4377.38,43.77,90.87,21.23,1.52,2.0,5.08,32.0,1.2,0.26,178,24.2,22.01,-7.04,99.3,17.8,1780.0,4,2,28.87,11.36,0.28,-3.58,-5.73,9.91
EMA_SAR_65_185_5m,5m,65,185,Stop-and-Reverse (SAR),10000.0,14334.4,4334.4,43.34,90.44,22.11,1.51,2.01,4.83,28.0,1.16,0.16,282,15.3,23.11,-4.72,99.3,28.2,2820.0,3,3,25.93,23.28,0.0,3.0,-10.21,-0.16
EMA_SAR_10_45_30m,30m,10,45,Stop-and-Reverse (SAR),10000.0,14268.18,4268.18,42.68,89.78,22.24,1.52,2.1,4.71,31.9,1.19,0.21,216,19.9,22.1,-6.79,99.0,21.6,2160.0,4,2,18.32,22.37,3.18,-3.35,-7.06,6.31
EMA_SAR_65_200_5m,5m,65,200,Stop-and-Reverse (SAR),10000.0,14264.78,4264.78,42.65,89.75,22.38,1.5,1.99,4.68,29.8,1.16,0.18,272,15.8,22.55,-4.72,99.2,27.2,2720.0,4,2,25.82,19.83,3.55,2.71,-10.29,-0.83
EMA_SAR_120_190_5m,5m,120,190,Stop-and-Reverse (SAR),10000.0,14214.03,4214.03,42.14,89.24,20.16,1.49,1.95,5.12,31.7,1.19,0.25,180,24.0,21.69,-7.09,99.3,18.0,1800.0,4,2,29.08,11.32,1.19,-3.35,-5.59,7.13
EMA_SAR_70_180_5m,5m,70,180,Stop-and-Reverse (SAR),10000.0,14212.91,4212.91,42.13,89.23,22.72,1.48,1.97,4.54,29.6,1.16,0.18,270,16.0,22.93,-4.72,99.3,27.0,2700.0,4,2,26.46,22.16,0.24,2.51,-10.31,-0.17
EMA_SAR_60_200_5m,5m,60,200,Stop-and-Reverse (SAR),10000.0,14138.21,4138.21,41.38,88.48,22.83,1.47,1.95,4.43,28.3,1.15,0.19,276,15.6,22.85,-4.72,99.2,27.6,2760.0,4,2,26.37,18.52,1.4,2.27,-7.8,-1.28
EMA_SAR_125_180_5m,5m,125,180,Stop-and-Reverse (SAR),10000.0,14113.09,4113.09,41.13,88.23,22.28,1.46,1.92,4.5,32.4,1.18,0.24,182,23.7,21.98,-7.04,99.3,18.2,1820.0,4,2,29.61,13.89,1.45,-4.22,-7.18,6.01
EMA_SAR_140_160_5m,5m,140,160,Stop-and-Reverse (SAR),10000.0,14101.59,4101.59,41.02,88.12,21.63,1.46,1.92,4.62,32.6,1.18,0.24,184,23.5,22.14,-7.04,99.4,18.4,1840.0,4,2,30.33,12.55,1.62,-4.42,-6.57,5.95
EMA_SAR_60_185_5m,5m,60,185,Stop-and-Reverse (SAR),10000.0,14084.29,4084.29,40.84,87.94,22.83,1.45,1.93,4.36,27.6,1.14,0.15,304,14.2,23.11,-4.33,99.3,30.4,3040.0,4,2,27.98,20.14,-2.77,2.35,-11.2,3.66
EMA_SAR_5_55_30m,30m,5,55,Stop-and-Reverse (SAR),10000.0,14082.54,4082.54,40.83,87.93,22.46,1.47,2.13,4.43,26.3,1.18,0.16,274,15.7,22.1,-4.63,98.7,27.4,2740.0,4,2,26.92,5.72,3.68,-1.94,-9.79,14.42
EMA_SAR_75_160_5m,5m,75,160,Stop-and-Reverse (SAR),10000.0,14055.73,4055.73,40.56,87.66,24.43,1.45,1.92,4.04,28.9,1.14,0.16,280,15.4,23.1,-5.53,99.4,28.0,2800.0,3,3,24.39,24.06,-1.16,6.46,-12.08,-1.55
EMA_SAR_75_150_5m,5m,75,150,Stop-and-Reverse (SAR),10000.0,14024.18,4024.18,40.24,87.34,22.45,1.44,1.91,4.36,29.6,1.14,0.16,284,15.2,23.26,-4.68,99.4,28.4,2840.0,5,1,26.36,21.26,0.43,6.35,-15.31,1.18
EMA_SAR_145_155_5m,5m,145,155,Stop-and-Reverse (SAR),10000.0,13995.5,3995.5,39.96,87.06,22.1,1.43,1.88,4.39,33.2,1.18,0.23,184,23.5,22.14,-7.04,99.4,18.4,1840.0,4,2,30.23,12.9,1.98,-5.27,-6.55,5.44
EMA_SAR_130_175_5m,5m,130,175,Stop-and-Reverse (SAR),10000.0,13964.13,3964.13,39.64,86.74,21.79,1.43,1.87,4.41,31.3,1.18,0.23,182,23.7,21.98,-7.04,99.3,18.2,1820.0,4,2,29.48,11.95,2.48,-4.81,-7.03,6.22
EMA_SAR_15_25_30m,30m,15,25,Stop-and-Reverse (SAR),10000.0,13946.83,3946.83,39.47,86.57,25.18,1.43,2.01,3.8,30.2,1.14,0.18,268,16.1,22.78,-6.75,99.4,26.8,2680.0,3,3,21.82,27.96,-3.92,5.45,-7.89,-4.12
EMA_SAR_65_160_5m,5m,65,160,Stop-and-Reverse (SAR),10000.0,13932.58,3932.58,39.33,86.43,23.73,1.42,1.88,4.01,28.6,1.13,0.15,294,14.7,22.95,-4.55,99.4,29.4,2940.0,4,2,29.2,25.14,-5.56,6.57,-17.6,3.91
EMA_SAR_80_170_5m,5m,80,170,Stop-and-Reverse (SAR),10000.0,13930.25,3930.25,39.3,86.4,24.87,1.42,1.88,3.82,30.4,1.15,0.16,260,16.6,23.03,-5.47,99.3,26.0,2600.0,4,2,24.32,20.93,1.21,3.66,-9.19,-2.74
EMA_SAR_130_170_5m,5m,130,170,Stop-and-Reverse (SAR),10000.0,13927.99,3927.99,39.28,86.38,21.61,1.42,1.86,4.4,32.6,1.18,0.23,184,23.5,21.61,-7.04,99.3,18.4,1840.0,4,2,28.96,12.47,0.93,-4.32,-5.8,5.56
EMA_SAR_95_130_5m,5m,95,130,Stop-and-Reverse (SAR),10000.0,13927.05,3927.05,39.27,86.37,24.39,1.41,1.88,3.9,28.9,1.14,0.18,270,16.0,23.23,-5.53,99.5,27.0,2700.0,4,2,24.12,20.65,2.41,6.7,-13.79,-1.28
EMA_SAR_145_165_5m,5m,145,165,Stop-and-Reverse (SAR),10000.0,13920.05,3920.05,39.2,86.3,22.06,1.41,1.86,4.3,31.5,1.17,0.26,184,23.5,21.55,-7.05,99.4,18.4,1840.0,4,2,29.0,14.52,1.75,-5.65,-7.85,6.53
EMA_SAR_135_170_5m,5m,135,170,Stop-and-Reverse (SAR),10000.0,13873.5,3873.5,38.73,85.83,22.08,1.4,1.85,4.24,31.3,1.17,0.23,182,23.7,21.98,-7.09,99.3,18.2,1820.0,4,2,29.7,12.68,1.2,-5.06,-6.95,6.18
EMA_SAR_80_165_5m,5m,80,165,Stop-and-Reverse (SAR),10000.0,13871.3,3871.3,38.71,85.81,24.4,1.4,1.86,3.83,30.5,1.14,0.18,262,16.5,23.06,-5.47,99.4,26.2,2620.0,4,2,27.15,18.25,0.22,4.56,-10.06,-2.12
EMA_SAR_85_160_5m,5m,85,160,Stop-and-Reverse (SAR),10000.0,13870.07,3870.07,38.7,85.8,25.34,1.4,1.85,3.69,30.6,1.14,0.18,258,16.7,23.15,-5.47,99.4,25.8,2580.0,4,2,25.96,18.1,0.69,4.21,-8.08,-3.34
EMA_SAR_115_200_5m,5m,115,200,Stop-and-Reverse (SAR),10000.0,13862.13,3862.13,38.62,85.72,22.15,1.4,1.84,4.21,30.0,1.18,0.23,180,23.9,21.73,-7.09,99.2,18.0,1800.0,4,2,27.87,13.7,0.96,-5.44,-6.17,6.44
EMA_SAR_125_175_5m,5m,125,175,Stop-and-Reverse (SAR),10000.0,13840.62,3840.62,38.41,85.51,22.28,1.4,1.83,4.16,33.3,1.17,0.22,186,23.2,21.61,-7.04,99.3,18.6,1860.0,4,2,29.77,10.71,1.7,-3.5,-6.84,5.37
EMA_SAR_70_160_5m,5m,70,160,Stop-and-Reverse (SAR),10000.0,13827.24,3827.24,38.27,85.37,23.32,1.39,1.85,3.95,29.2,1.13,0.15,288,15.0,23.46,-4.33,99.4,28.8,2880.0,4,2,26.95,24.45,-1.97,2.57,-14.4,1.67
EMA_SAR_150_160_5m,5m,150,160,Stop-and-Reverse (SAR),10000.0,13826.26,3826.26,38.26,85.36,23.02,1.39,1.83,4.01,31.5,1.17,0.25,184,23.5,21.55,-7.05,99.4,18.4,1840.0,4,2,29.52,14.06,1.67,-5.65,-8.77,6.95
EMA_SAR_55_190_5m,5m,55,190,Stop-and-Reverse (SAR),10000.0,13823.37,3823.37,38.23,85.33,24.57,1.39,1.85,3.75,28.9,1.13,0.14,304,14.2,23.37,-4.55,99.3,30.4,3040.0,4,2,29.95,22.94,-6.43,3.72,-13.07,2.55
EMA_SAR_140_170_5m,5m,140,170,Stop-and-Reverse (SAR),10000.0,13814.29,3814.29,38.14,85.24,21.31,1.39,1.83,4.31,30.4,1.17,0.23,184,23.5,21.51,-7.05,99.3,18.4,1840.0,4,2,27.77,13.84,1.39,-5.19,-6.82,6.02
EMA_SAR_130_195_5m,5m,130,195,Stop-and-Reverse (SAR),10000.0,13805.23,3805.23,38.05,85.15,27.49,1.39,1.83,3.33,31.9,1.17,0.23,182,23.7,20.39,-7.13,99.3,18.2,1820.0,3,3,30.62,18.55,-0.44,-8.92,-9.37,8.49
EMA_SAR_155_165_5m,5m,155,165,Stop-and-Reverse (SAR),10000.0,13797.31,3797.31,37.97,85.07,26.28,1.38,1.82,3.48,32.6,1.17,0.23,178,24.2,20.16,-7.13,99.4,17.8,1780.0,3,3,30.03,19.28,-2.41,-7.08,-8.77,7.53
EMA_SAR_85_145_5m,5m,85,145,Stop-and-Reverse (SAR),10000.0,13744.68,3744.68,37.45,84.55,25.24,1.37,1.82,3.56,28.8,1.13,0.17,274,15.8,23.16,-5.53,99.4,27.4,2740.0,4,2,24.75,19.8,2.17,5.94,-12.96,-2.39
EMA_SAR_135_165_5m,5m,135,165,Stop-and-Reverse (SAR),10000.0,13731.0,3731.0,37.31,84.41,21.82,1.37,1.8,4.1,32.6,1.17,0.22,184,23.5,21.61,-7.04,99.4,18.4,1840.0,4,2,29.62,11.15,1.26,-4.42,-6.43,5.23
EMA_SAR_90_145_5m,5m,90,145,Stop-and-Reverse (SAR),10000.0,13719.72,3719.72,37.2,84.3,28.1,1.36,1.81,3.17,29.6,1.13,0.18,260,16.6,23.22,-5.75,99.4,26.0,2600.0,4,2,26.16,17.91,2.59,7.69,-10.58,-6.65
EMA_SAR_80_160_5m,5m,80,160,Stop-and-Reverse (SAR),10000.0,13718.75,3718.75,37.19,84.29,25.66,1.36,1.81,3.48,28.9,1.13,0.17,266,16.2,23.19,-5.75,99.4,26.6,2660.0,4,2,26.48,18.58,1.34,5.62,-11.56,-3.37
EMA_SAR_105_135_5m,5m,105,135,Stop-and-Reverse (SAR),10000.0,13716.25,3716.25,37.16,84.26,25.27,1.36,1.81,3.53,31.5,1.14,0.16,254,17.0,23.11,-5.47,99.5,25.4,2540.0,4,2,24.55,17.89,1.17,2.79,-7.01,-3.4
EMA_SAR_65_170_5m,5m,65,170,Stop-and-Reverse (SAR),10000.0,13710.97,3710.97,37.11,84.21,25.27,1.36,1.81,3.52,28.0,1.12,0.14,300,14.4,23.4,-4.33,99.3,30.0,3000.0,4,2,27.06,29.95,-5.92,2.62,-15.09,1.29
EMA_SAR_75_185_5m,5m,75,185,Stop-and-Reverse (SAR),10000.0,13701.86,3701.86,37.02,84.12,23.31,1.36,1.8,3.81,29.6,1.14,0.16,260,16.6,22.72,-5.36,99.3,26.0,2600.0,4,2,22.63,17.14,0.7,2.98,-7.43,-0.63
EMA_SAR_70_155_5m,5m,70,155,Stop-and-Reverse (SAR),10000.0,13699.97,3699.97,37.0,84.1,24.57,1.36,1.8,3.61,29.1,1.13,0.14,292,14.8,23.15,-4.55,99.4,29.2,2920.0,4,2,26.6,22.47,-2.16,5.68,-17.52,3.61
EMA_SAR_120_185_5m,5m,120,185,Stop-and-Reverse (SAR),10000.0,13662.85,3662.85,36.63,83.73,23.24,1.35,1.78,3.77,32.4,1.16,0.22,182,23.7,22.16,-7.04,99.3,18.2,1820.0,4,2,28.79,12.81,0.81,-4.34,-7.36,5.26
EMA_SAR_150_165_5m,5m,150,165,Stop-and-Reverse (SAR),10000.0,13638.69,3638.69,36.39,83.49,23.14,1.35,1.77,3.76,32.4,1.16,0.22,182,23.7,21.14,-7.12,99.4,18.2,1820.0,4,2,27.76,14.12,0.64,-6.8,-6.89,7.11
EMA_SAR_145_170_5m,5m,145,170,Stop-and-Reverse (SAR),10000.0,13636.34,3636.34,36.36,83.46,23.04,1.34,1.77,3.77,32.4,1.16,0.22,182,23.7,21.14,-7.12,99.3,18.2,1820.0,4,2,27.86,14.5,0.84,-6.31,-7.26,6.31
EMA_SAR_90_125_5m,5m,90,125,Stop-and-Reverse (SAR),10000.0,13634.43,3634.43,36.34,83.44,25.62,1.34,1.78,3.39,29.8,1.12,0.14,292,14.8,23.17,-5.36,99.5,29.2,2920.0,4,2,28.2,29.24,-7.06,4.86,-16.92,1.64
EMA_SAR_140_165_5m,5m,140,165,Stop-and-Reverse (SAR),10000.0,13582.72,3582.72,35.83,82.93,22.64,1.33,1.75,3.77,29.9,1.16,0.22,184,23.5,21.98,-7.09,99.4,18.4,1840.0,4,2,29.29,11.86,1.75,-6.72,-6.29,5.59
EMA_SAR_65_165_5m,5m,65,165,Stop-and-Reverse (SAR),10000.0,13554.12,3554.12,35.54,82.64,25.94,1.32,1.76,3.26,29.2,1.12,0.14,298,14.5,23.15,-4.55,99.4,29.8,2980.0,4,2,27.87,26.15,-5.12,3.78,-17.13,2.97
EMA_SAR_125_185_5m,5m,125,185,Stop-and-Reverse (SAR),10000.0,13533.95,3533.95,35.34,82.44,22.63,1.32,1.73,3.72,30.3,1.16,0.22,178,24.2,21.69,-7.09,99.3,17.8,1780.0,4,2,27.58,11.15,1.72,-6.27,-5.99,6.48
EMA_SAR_150_170_5m,5m,150,170,Stop-and-Reverse (SAR),10000.0,13531.98,3531.98,35.32,82.42,26.75,1.32,1.74,3.14,32.8,1.16,0.22,180,24.0,20.16,-7.13,99.3,18.0,1800.0,3,3,29.37,17.5,-2.28,-7.46,-9.11,8.3
EMA_SAR_155_160_5m,5m,155,160,Stop-and-Reverse (SAR),10000.0,13531.48,3531.48,35.31,82.41,23.75,1.32,1.74,3.54,32.4,1.16,0.22,182,23.7,21.14,-7.05,99.4,18.2,1820.0,3,3,28.49,13.73,-0.62,-6.7,-6.89,7.26
EMA_SAR_105_120_5m,5m,105,120,Stop-and-Reverse (SAR),10000.0,13517.9,3517.9,35.18,82.28,26.49,1.31,1.75,3.16,28.5,1.12,0.15,270,16.0,22.92,-5.53,99.5,27.0,2700.0,4,2,24.1,20.41,1.5,7.16,-13.14,-4.24
EMA_SAR_70_195_5m,5m,70,195,Stop-and-Reverse (SAR),10000.0,13507.47,3507.47,35.07,82.17,22.31,1.31,1.74,3.74,29.5,1.14,0.15,264,16.3,22.82,-4.53,99.3,26.4,2640.0,4,2,23.86,16.62,-1.4,1.14,-7.44,1.31
EMA_SAR_110_115_5m,5m,110,115,Stop-and-Reverse (SAR),10000.0,13504.83,3504.83,35.05,82.15,26.43,1.31,1.74,3.15,29.3,1.12,0.15,270,16.0,22.92,-5.53,99.6,27.0,2700.0,4,2,23.68,21.6,0.88,7.04,-13.18,-4.22
EMA_SAR_125_200_5m,5m,125,200,Stop-and-Reverse (SAR),10000.0,13498.58,3498.58,34.99,82.09,26.94,1.31,1.72,3.09,32.4,1.16,0.22,182,23.7,20.16,-7.05,99.2,18.2,1820.0,3,3,29.23,18.27,-0.69,-7.68,-9.51,6.45
EMA_SAR_145_160_5m,5m,145,160,Stop-and-Reverse (SAR),10000.0,13497.19,3497.19,34.97,82.07,23.03,1.31,1.72,3.61,29.9,1.15,0.21,184,23.5,21.66,-7.09,99.4,18.4,1840.0,4,2,30.03,12.36,0.61,-6.73,-6.61,5.41
EMA_SAR_85_135_5m,5m,85,135,Stop-and-Reverse (SAR),10000.0,13494.81,3494.81,34.95,82.05,23.56,1.31,1.73,3.52,30.1,1.12,0.16,286,15.1,23.42,-5.49,99.5,28.6,2860.0,4,2,26.24,23.83,-4.41,6.24,-15.75,0.88
EMA_SAR_150_155_5m,5m,150,155,Stop-and-Reverse (SAR),10000.0,13491.49,3491.49,34.91,82.01,22.81,1.31,1.72,3.64,30.4,1.15,0.21,184,23.5,21.66,-7.09,99.4,18.4,1840.0,4,2,29.79,12.36,1.02,-7.0,-6.32,5.12
EMA_SAR_90_140_5m,5m,90,140,Stop-and-Reverse (SAR),10000.0,13488.07,3488.07,34.88,81.98,25.76,1.31,1.74,3.22,28.3,1.12,0.15,272,15.9,23.16,-5.53,99.5,27.2,2720.0,4,2,24.78,18.65,1.37,6.47,-12.76,-3.25
EMA_SAR_100_125_5m,5m,100,125,Stop-and-Reverse (SAR),10000.0,13473.88,3473.88,34.74,81.84,25.86,1.3,1.73,3.19,27.9,1.12,0.15,272,15.9,22.92,-5.53,99.5,27.2,2720.0,4,2,24.69,19.38,1.87,6.61,-13.71,-3.42
EMA_SAR_115_185_5m,5m,115,185,Stop-and-Reverse (SAR),10000.0,13464.83,3464.83,34.65,81.75,24.33,1.3,1.71,3.38,32.8,1.15,0.2,192,22.5,21.63,-7.13,99.3,19.2,1920.0,4,2,27.16,11.74,3.39,-4.94,-8.19,5.02
EMA_SAR_60_180_5m,5m,60,180,Stop-and-Reverse (SAR),10000.0,13445.27,3445.27,34.45,81.55,25.37,1.3,1.72,3.22,28.1,1.12,0.13,302,14.3,23.51,-4.55,99.3,30.2,3020.0,3,3,27.79,24.34,-5.39,3.91,-13.71,-0.25
EMA_SAR_70_165_5m,5m,70,165,Stop-and-Reverse (SAR),10000.0,13434.9,3434.9,34.35,81.45,21.47,1.29,1.71,3.79,30.4,1.12,0.15,286,15.1,23.4,-4.68,99.4,28.6,2860.0,4,2,26.01,21.64,-7.24,3.41,-10.66,2.28
EMA_SAR_15_40_30m,30m,15,40,Stop-and-Reverse (SAR),10000.0,13420.23,3420.23,34.2,81.3,24.67,1.31,1.8,3.28,32.6,1.16,0.2,190,22.6,20.9,-7.09,99.1,19.0,1900.0,4,2,27.48,13.38,2.85,-8.11,-6.15,4.68
EMA_SAR_135_190_5m,5m,135,190,Stop-and-Reverse (SAR),10000.0,13408.12,3408.12,34.08,81.18,26.95,1.29,1.69,2.99,30.8,1.15,0.21,182,23.7,20.39,-7.26,99.3,18.2,1820.0,3,3,32.48,16.13,-4.12,-8.42,-8.41,8.38
EMA_SAR_110_130_5m,5m,110,130,Stop-and-Reverse (SAR),10000.0,13400.92,3400.92,34.01,81.11,24.79,1.28,1.7,3.25,30.9,1.13,0.15,256,16.9,23.11,-5.36,99.5,25.6,2560.0,4,2,24.23,17.2,1.37,2.34,-8.7,-2.83
EMA_SAR_135_175_5m,5m,135,175,Stop-and-Reverse (SAR),10000.0,13388.36,3388.36,33.88,80.98,23.12,1.28,1.69,3.47,30.4,1.15,0.21,184,23.4,21.51,-7.05,99.3,18.4,1840.0,4,2,28.53,12.76,0.91,-6.0,-7.17,4.91
EMA_SAR_100_140_5m,5m,100,140,Stop-and-Reverse (SAR),10000.0,13368.01,3368.01,33.68,80.78,25.47,1.28,1.69,3.12,30.0,1.12,0.15,260,16.6,23.11,-5.47,99.5,26.0,2600.0,3,3,24.92,18.05,-0.29,3.97,-9.28,-3.62
EMA_SAR_95_140_5m,5m,95,140,Stop-and-Reverse (SAR),10000.0,13366.7,3366.7,33.67,80.77,27.69,1.28,1.69,2.87,29.8,1.12,0.16,262,16.5,23.22,-5.75,99.5,26.2,2620.0,4,2,23.86,17.08,3.93,6.58,-11.59,-5.89
EMA_SAR_115_190_5m,5m,115,190,Stop-and-Reverse (SAR),10000.0,13347.91,3347.91,33.48,80.58,22.82,1.27,1.67,3.46,32.4,1.15,0.2,188,22.9,22.16,-7.04,99.3,18.8,1880.0,4,2,28.22,10.26,1.47,-5.47,-6.4,5.16
EMA_SAR_120_195_5m,5m,120,195,Stop-and-Reverse (SAR),10000.0,13343.76,3343.76,33.44,80.54,23.82,1.27,1.67,3.31,30.4,1.15,0.21,184,23.4,21.55,-7.05,99.3,18.4,1840.0,4,2,27.14,11.87,1.16,-5.98,-7.8,6.98
EMA_SAR_75_180_5m,5m,75,180,Stop-and-Reverse (SAR),10000.0,13334.07,3334.07,33.34,80.44,24.33,1.27,1.68,3.23,30.4,1.13,0.18,260,16.6,22.6,-5.36,99.3,26.0,2600.0,3,3,21.76,18.42,-0.9,2.84,-7.45,-1.95
EMA_SAR_80_155_5m,5m,80,155,Stop-and-Reverse (SAR),10000.0,13319.78,3319.78,33.2,80.3,25.58,1.26,1.68,3.06,27.7,1.12,0.14,274,15.8,23.03,-5.53,99.4,27.4,2740.0,4,2,25.45,18.1,0.05,6.08,-12.51,-3.19
EMA_SAR_90_150_5m,5m,90,150,Stop-and-Reverse (SAR),10000.0,13304.67,3304.67,33.05,80.15,25.24,1.26,1.67,3.08,30.2,1.12,0.16,262,16.5,23.01,-5.47,99.4,26.2,2620.0,4,2,24.32,15.13,0.78,5.7,-10.31,-2.71
EMA_SAR_10_40_30m,30m,10,40,Stop-and-Reverse (SAR),10000.0,13287.05,3287.05,32.87,79.97,18.43,1.27,1.76,4.2,28.5,1.15,0.15,242,17.8,22.14,-6.64,99.1,24.2,2420.0,5,1,17.68,13.14,0.23,0.08,-5.63,5.43
EMA_SAR_80_140_5m,5m,80,140,Stop-and-Reverse (SAR),10000.0,13265.68,3265.68,32.66,79.76,25.2,1.25,1.66,3.05,28.8,1.11,0.14,288,15.0,23.31,-5.36,99.5,28.8,2880.0,3,3,26.41,27.11,-4.86,6.52,-17.13,-1.69
EMA_SAR_60_175_5m,5m,60,175,Stop-and-Reverse (SAR),10000.0,13261.03,3261.03,32.61,79.71,25.28,1.25,1.66,3.03,28.1,1.11,0.13,306,14.1,23.43,-4.55,99.3,30.6,3060.0,4,2,27.56,27.18,-8.93,5.06,-15.89,1.57
EMA_SAR_145_150_5m,5m,145,150,Stop-and-Reverse (SAR),10000.0,13259.32,3259.32,32.59,79.69,21.97,1.25,1.64,3.49,32.6,1.15,0.2,190,22.7,21.63,-7.04,99.4,19.0,1900.0,4,2,28.89,7.58,4.31,-3.66,-7.94,3.35
EMA_SAR_85_195_5m,5m,85,195,Stop-and-Reverse (SAR),10000.0,13255.39,3255.39,32.55,79.65,25.55,1.25,1.66,3.0,32.5,1.14,0.16,228,18.9,22.53,-5.53,99.3,22.8,2280.0,4,2,21.23,9.02,4.47,-2.33,-7.13,5.85
EMA_SAR_15_45_30m,30m,15,45,Stop-and-Reverse (SAR),10000.0,13253.91,3253.91,32.54,79.64,24.49,1.26,1.71,3.12,32.1,1.16,0.2,184,23.4,19.74,-7.15,99.0,18.4,1840.0,4,2,24.93,13.18,1.66,-4.89,-11.14,9.11
EMA_SAR_100_195_5m,5m,100,195,Stop-and-Reverse (SAR),10000.0,13235.25,3235.25,32.35,79.45,25.78,1.25,1.64,2.95,32.5,1.15,0.18,200,21.6,21.32,-5.67,99.3,20.0,2000.0,4,2,26.3,11.81,1.54,-4.24,-10.48,7.67
EMA_SAR_10_50_30m,30m,10,50,Stop-and-Reverse (SAR),10000.0,13215.53,3215.53,32.16,79.26,19.32,1.25,1.73,3.91,31.1,1.16,0.16,222,19.3,20.9,-6.79,98.9,22.2,2220.0,4,2,18.35,13.07,3.75,-3.1,-4.37,2.72
EMA_SAR_90_135_5m,5m,90,135,Stop-and-Reverse (SAR),10000.0,13202.73,3202.73,32.03,79.13,24.1,1.23,1.64,3.12,28.6,1.11,0.14,276,15.7,23.23,-5.49,99.5,27.6,2760.0,4,2,22.08,20.82,0.44,5.91,-15.1,-0.9
EMA_SAR_130_180_5m,5m,130,180,Stop-and-Reverse (SAR),10000.0,13193.79,3193.79,31.94,79.04,23.49,1.23,1.62,3.19,30.3,1.14,0.21,178,24.2,21.69,-7.05,99.3,17.8,1780.0,4,2,27.59,11.48,0.39,-6.91,-6.57,6.23
EMA_SAR_140_175_5m,5m,140,175,Stop-and-Reverse (SAR),10000.0,13184.0,3184.0,31.84,78.94,22.72,1.23,1.62,3.28,32.4,1.15,0.2,182,23.7,21.14,-7.12,99.3,18.2,1820.0,3,3,26.94,13.88,-1.14,-6.83,-6.74,6.17
EMA_SAR_135_180_5m,5m,135,180,Stop-and-Reverse (SAR),10000.0,13163.25,3163.25,31.63,78.73,22.28,1.23,1.61,3.32,32.4,1.14,0.2,182,23.7,21.14,-7.12,99.3,18.2,1820.0,3,3,27.36,14.61,-0.8,-5.89,-7.3,4.2
EMA_SAR_100_200_5m,5m,100,200,Stop-and-Reverse (SAR),10000.0,13159.89,3159.89,31.6,78.7,25.55,1.23,1.62,2.9,32.5,1.15,0.19,194,22.2,21.39,-5.7,99.2,19.4,1940.0,4,2,26.39,9.1,4.24,-3.62,-11.24,7.02
EMA_SAR_100_135_5m,5m,100,135,Stop-and-Reverse (SAR),10000.0,13147.99,3147.99,31.48,78.58,27.69,1.22,1.62,2.66,29.8,1.11,0.14,262,16.5,23.29,-5.75,99.5,26.2,2620.0,4,2,25.23,17.03,1.44,6.95,-12.12,-5.9
EMA_SAR_130_190_5m,5m,130,190,Stop-and-Reverse (SAR),10000.0,13144.28,3144.28,31.44,78.54,24.02,1.22,1.61,3.06,31.7,1.14,0.2,186,23.2,20.16,-7.05,99.3,18.6,1860.0,3,3,28.4,12.14,-0.43,-6.07,-8.28,6.42
EMA_SAR_95_200_5m,5m,95,200,Stop-and-Reverse (SAR),10000.0,13143.39,3143.39,31.43,78.53,24.15,1.22,1.61,3.05,31.2,1.14,0.17,208,20.7,21.32,-5.57,99.2,20.8,2080.0,4,2,24.71,9.38,2.85,-3.11,-9.72,7.08
EMA_SAR_85_155_5m,5m,85,155,Stop-and-Reverse (SAR),10000.0,13136.08,3136.08,31.36,78.46,26.01,1.22,1.61,2.82,29.8,1.11,0.14,262,16.5,23.26,-5.75,99.4,26.2,2620.0,4,2,24.73,17.04,0.2,5.83,-11.96,-3.61
EMA_SAR_90_200_5m,5m,90,200,Stop-and-Reverse (SAR),10000.0,13120.19,3120.19,31.2,78.3,24.07,1.22,1.61,3.03,32.2,1.14,0.17,214,20.1,22.39,-5.53,99.2,21.4,2140.0,4,2,24.34,13.19,1.14,-4.51,-6.7,3.45
EMA_SAR_95_135_5m,5m,95,135,Stop-and-Reverse (SAR),10000.0,13114.34,3114.34,31.14,78.24,27.2,1.21,1.61,2.68,28.5,1.11,0.14,270,16.0,23.09,-5.53,99.5,27.0,2700.0,4,2,23.12,18.5,3.15,5.16,-12.57,-5.22
EMA_SAR_140_155_5m,5m,140,155,Stop-and-Reverse (SAR),10000.0,13108.11,3108.11,31.08,78.18,22.5,1.21,1.59,3.23,33.3,1.14,0.19,192,22.5,21.63,-7.04,99.4,19.2,1920.0,4,2,28.35,7.34,5.2,-3.66,-8.31,2.38
EMA_SAR_95_195_5m,5m,95,195,Stop-and-Reverse (SAR),10000.0,13101.76,3101.76,31.02,78.12,24.48,1.21,1.6,2.96,31.8,1.14,0.17,214,20.1,21.49,-5.53,99.3,21.4,2140.0,4,2,24.94,11.9,1.99,-4.02,-8.56,4.7
EMA_SAR_75_145_5m,5m,75,145,Stop-and-Reverse (SAR),10000.0,13098.65,3098.65,30.99,78.09,26.43,1.21,1.6,2.74,28.3,1.1,0.13,300,14.4,23.11,-4.55,99.4,30.0,3000.0,4,2,27.95,24.34,-7.38,4.6,-18.27,3.97
EMA_SAR_105_125_5m,5m,105,125,Stop-and-Reverse (SAR),10000.0,13049.04,3049.04,30.49,77.59,27.3,1.2,1.59,2.6,28.7,1.11,0.14,268,16.1,23.09,-5.75,99.5,26.8,2680.0,4,2,22.14,17.76,3.59,6.11,-12.57,-5.61
EMA_SAR_100_190_5m,5m,100,190,Stop-and-Reverse (SAR),10000.0,13045.01,3045.01,30.45,77.55,23.52,1.2,1.58,3.02,30.7,1.13,0.17,212,20.3,21.49,-6.79,99.3,21.2,2120.0,4,2,24.48,13.85,4.66,-4.68,-8.88,1.24
EMA_SAR_80_145_5m,5m,80,145,Stop-and-Reverse (SAR),10000.0,13032.18,3032.18,30.32,77.42,25.97,1.19,1.58,2.72,29.9,1.1,0.14,284,15.2,23.23,-5.49,99.4,28.4,2840.0,3,3,27.46,23.05,-2.66,3.75,-16.69,-1.24
EMA_SAR_80_175_5m,5m,80,175,Stop-and-Reverse (SAR),10000.0,13030.78,3030.78,30.31,77.41,25.32,1.19,1.58,2.79,30.2,1.12,0.15,262,16.5,22.78,-5.36,99.3,26.2,2620.0,3,3,23.22,18.26,-1.41,2.53,-8.58,-3.24
EMA_SAR_95_145_5m,5m,95,145,Stop-and-Reverse (SAR),10000.0,13021.93,3021.93,30.22,77.32,26.1,1.19,1.57,2.69,29.8,1.11,0.14,258,16.7,23.01,-5.47,99.4,25.8,2580.0,3,3,25.08,17.26,-0.39,3.12,-9.54,-4.44
EMA_SAR_110_125_5m,5m,110,125,Stop-and-Reverse (SAR),10000.0,13012.69,3012.69,30.13,77.23,26.29,1.19,1.57,2.67,30.2,1.11,0.14,258,16.8,23.29,-5.47,99.5,25.8,2580.0,4,2,24.32,18.31,0.23,4.14,-11.6,-4.13
EMA_SAR_85_150_5m,5m,85,150,Stop-and-Reverse (SAR),10000.0,13010.85,3010.85,30.11,77.21,27.42,1.19,1.57,2.55,28.5,1.11,0.14,270,16.0,23.03,-5.75,99.4,27.0,2700.0,4,2,24.23,15.23,3.14,5.87,-11.78,-5.65
EMA_SAR_70_150_5m,5m,70,150,Stop-and-Reverse (SAR),10000.0,13000.01,3000.01,30.0,77.1,25.79,1.18,1.57,2.7,29.4,1.1,0.12,296,14.6,23.11,-4.55,99.4,29.6,2960.0,4,2,28.65,22.13,-6.89,3.43,-16.95,3.45
EMA_SAR_140_180_5m,5m,140,180,Stop-and-Reverse (SAR),10000.0,12997.47,2997.47,29.97,77.07,27.24,1.18,1.56,2.56,32.8,1.14,0.2,180,24.0,20.16,-7.05,99.3,18.0,1800.0,3,3,29.38,13.73,-1.33,-7.27,-9.81,7.04
EMA_SAR_75_155_5m,5m,75,155,Stop-and-Reverse (SAR),10000.0,12993.93,2993.93,29.94,77.04,23.77,1.18,1.56,2.93,29.3,1.1,0.14,290,14.9,23.46,-5.49,99.4,29.0,2900.0,3,3,26.01,22.23,-4.99,3.18,-13.8,-0.17
EMA_SAR_105_130_5m,5m,105,130,Stop-and-Reverse (SAR),10000.0,12989.82,2989.82,29.9,77.0,26.73,1.18,1.56,2.6,29.6,1.11,0.14,260,16.6,23.29,-5.75,99.5,26.0,2600.0,4,2,25.23,18.04,0.22,3.97,-11.56,-4.64
EMA_SAR_110_195_5m,5m,110,195,Stop-and-Reverse (SAR),10000.0,12982.59,2982.59,29.83,76.93,23.02,1.18,1.55,3.01,33.0,1.14,0.19,188,22.9,21.61,-7.04,99.3,18.8,1880.0,4,2,27.56,7.74,2.4,-4.9,-7.44,4.81
EMA_SAR_125_195_5m,5m,125,195,Stop-and-Reverse (SAR),10000.0,12974.48,2974.48,29.74,76.84,24.22,1.18,1.55,2.85,32.4,1.14,0.19,182,23.7,20.63,-7.12,99.3,18.2,1820.0,3,3,25.78,13.66,-0.97,-6.34,-8.22,6.61
EMA_SAR_145_175_5m,5m,145,175,Stop-and-Reverse (SAR),10000.0,12972.38,2972.38,29.72,76.82,26.68,1.18,1.55,2.59,31.5,1.13,0.19,184,23.4,20.16,-7.13,99.3,18.4,1840.0,3,3,29.28,14.94,-2.54,-7.01,-9.41,6.32
EMA_SAR_110_120_5m,5m,110,120,Stop-and-Reverse (SAR),10000.0,12970.14,2970.14,29.7,76.8,27.22,1.17,1.56,2.53,28.7,1.11,0.14,268,16.1,23.28,-5.75,99.5,26.8,2680.0,4,2,20.59,18.69,3.62,6.1,-12.77,-5.51
EMA_SAR_90_160_5m,5m,90,160,Stop-and-Reverse (SAR),10000.0,12964.95,2964.95,29.65,76.75,25.28,1.17,1.55,2.72,30.5,1.11,0.14,262,16.5,22.86,-5.36,99.4,26.2,2620.0,3,3,25.76,19.04,-0.52,0.15,-10.01,-3.41
EMA_SAR_105_195_5m,5m,105,195,Stop-and-Reverse (SAR),10000.0,12962.05,2962.05,29.62,76.72,25.36,1.17,1.54,2.71,31.1,1.14,0.18,196,22.0,21.39,-6.92,99.3,19.6,1960.0,4,2,26.27,9.51,2.97,-3.97,-10.2,5.57
EMA_SAR_120_180_5m,5m,120,180,Stop-and-Reverse (SAR),10000.0,12960.28,2960.28,29.6,76.7,24.9,1.17,1.54,2.76,31.6,1.13,0.19,190,22.7,21.61,-7.04,99.3,19.0,1900.0,4,2,28.15,9.13,2.54,-4.69,-8.99,4.2
EMA_SAR_85_130_5m,5m,85,130,Stop-and-Reverse (SAR),10000.0,12936.67,2936.67,29.37,76.47,27.64,1.17,1.55,2.46,29.3,1.1,0.12,300,14.4,23.17,-5.36,99.5,30.0,3000.0,4,2,28.75,29.68,-9.34,5.28,-18.88,0.07
EMA_SAR_115_125_5m,5m,115,125,Stop-and-Reverse (SAR),10000.0,12932.61,2932.61,29.33,76.43,26.77,1.16,1.54,2.54,30.0,1.11,0.14,260,16.6,23.11,-6.58,99.5,26.0,2600.0,3,3,24.01,18.09,-0.57,2.94,-8.8,-5.39
EMA_SAR_55_185_5m,5m,55,185,Stop-and-Reverse (SAR),10000.0,12919.05,2919.05,29.19,76.29,28.57,1.16,1.55,2.37,26.9,1.1,0.11,320,13.5,23.51,-4.55,99.3,32.0,3200.0,4,2,28.51,23.95,-10.41,3.79,-15.21,2.88
EMA_SAR_160_165_5m,5m,160,165,Stop-and-Reverse (SAR),10000.0,12917.16,2917.16,29.17,76.27,29.52,1.16,1.53,2.29,30.2,1.13,0.19,182,23.7,20.31,-7.26,99.4,18.2,1820.0,3,3,33.37,12.72,-5.2,-7.86,-10.47,9.87
EMA_SAR_130_200_5m,5m,130,200,Stop-and-Reverse (SAR),10000.0,12915.8,2915.8,29.16,76.26,28.19,1.16,1.53,2.4,31.5,1.13,0.19,178,24.2,20.37,-7.26,99.2,17.8,1780.0,3,3,31.01,13.44,-4.61,-5.72,-11.58,9.3
EMA_SAR_15_50_30m,30m,15,50,Stop-and-Reverse (SAR),10000.0,12913.41,2913.41,29.13,76.23,29.37,1.17,1.6,2.3,32.6,1.14,0.2,172,25.0,19.74,-7.15,98.9,17.2,1720.0,4,2,30.75,6.92,2.35,-5.55,-12.38,9.07
EMA_SAR_15_75_30m,30m,15,75,Stop-and-Reverse (SAR),10000.0,12896.2,2896.2,28.96,76.06,30.45,1.19,1.66,2.2,31.9,1.2,0.25,138,30.9,30.89,-5.08,98.3,13.8,1380.0,3,3,25.73,4.87,-0.75,-14.65,-6.15,23.04
EMA_SAR_85_140_5m,5m,85,140,Stop-and-Reverse (SAR),10000.0,12887.29,2887.29,28.87,75.97,23.91,1.15,1.53,2.79,29.9,1.1,0.14,278,15.5,23.23,-5.49,99.5,27.8,2780.0,3,3,25.64,19.31,-4.37,7.01,-15.46,-0.63
EMA_SAR_15_80_30m,30m,15,80,Stop-and-Reverse (SAR),10000.0,12883.04,2883.04,28.83,75.93,34.29,1.19,1.66,1.94,32.5,1.2,0.27,126,33.8,30.68,-5.08,98.2,12.6,1260.0,4,2,29.59,4.62,0.15,-18.08,-8.24,26.22
EMA_SAR_105_150_5m,5m,105,150,Stop-and-Reverse (SAR),10000.0,12875.81,2875.81,28.76,75.86,22.82,1.15,1.52,2.91,29.8,1.12,0.16,248,17.4,22.5,-6.65,99.4,24.8,2480.0,4,2,22.56,15.88,2.24,-2.85,-8.79,0.08
EMA_SAR_60_165_5m,5m,60,165,Stop-and-Reverse (SAR),10000.0,12851.63,2851.63,28.52,75.62,26.32,1.14,1.52,2.5,26.9,1.1,0.12,308,14.0,22.97,-4.55,99.4,30.8,3080.0,4,2,30.25,23.27,-10.69,5.53,-15.74,0.8
EMA_SAR_125_130_5m,5m,125,130,Stop-and-Reverse (SAR),10000.0,12842.9,2842.9,28.43,75.53,22.67,1.14,1.51,2.9,29.2,1.12,0.14,250,17.3,22.5,-6.64,99.5,25.0,2500.0,2,4,23.82,16.56,-0.63,-3.25,-7.0,-0.47
EMA_SAR_85_200_5m,5m,85,200,Stop-and-Reverse (SAR),10000.0,12837.75,2837.75,28.38,75.48,26.1,1.14,1.51,2.51,34.2,1.13,0.15,222,19.4,22.53,-5.5,99.2,22.2,2220.0,3,3,23.16,9.37,-0.78,-1.73,-5.82,3.78
EMA_SAR_195_200_5m,5m,195,200,Stop-and-Reverse (SAR),10000.0,12832.9,2832.9,28.33,75.43,32.79,1.14,1.5,1.99,34.6,1.15,0.21,156,27.6,19.82,-6.17,99.2,15.6,1560.0,3,3,33.03,15.5,-5.22,-10.06,-14.2,14.19
EMA_SAR_140_185_5m,5m,140,185,Stop-and-Reverse (SAR),10000.0,12825.07,2825.07,28.25,75.35,29.32,1.14,1.49,2.22,30.6,1.13,0.19,180,24.0,20.31,-7.26,99.3,18.0,1800.0,3,3,32.01,14.04,-4.56,-7.52,-11.24,8.73
EMA_SAR_135_160_5m,5m,135,160,Stop-and-Reverse (SAR),10000.0,12823.17,2823.17,28.23,75.33,23.72,1.14,1.49,2.75,33.3,1.13,0.18,192,22.5,21.63,-7.04,99.4,19.2,1920.0,4,2,27.71,7.36,5.13,-4.81,-8.42,2.05
EMA_SAR_110_145_5m,5m,110,145,Stop-and-Reverse (SAR),10000.0,12822.35,2822.35,28.22,75.32,23.9,1.14,1.51,2.72,29.0,1.11,0.14,248,17.4,22.5,-6.64,99.4,24.8,2480.0,4,2,23.35,14.78,1.51,-3.36,-9.1,1.57
EMA_SAR_60_160_5m,5m,60,160,Stop-and-Reverse (SAR),10000.0,12811.29,2811.29,28.11,75.21,26.24,1.13,1.5,2.47,25.8,1.09,0.11,318,13.6,23.34,-4.6,99.4,31.8,3180.0,3,3,31.09,23.95,-8.04,5.61,-17.71,-1.34
EMA_SAR_135_185_5m,5m,135,185,Stop-and-Reverse (SAR),10000.0,12808.07,2808.07,28.08,75.18,25.46,1.13,1.49,2.54,31.7,1.13,0.18,186,23.2,20.16,-7.05,99.3,18.6,1860.0,3,3,28.45,10.24,-1.28,-5.44,-9.39,6.93
EMA_SAR_95_155_5m,5m,95,155,Stop-and-Reverse (SAR),10000.0,12802.13,2802.13,28.02,75.12,23.3,1.13,1.5,2.77,30.2,1.11,0.13,258,16.7,22.86,-5.44,99.4,25.8,2580.0,2,4,25.13,14.24,-0.89,-0.71,-8.26,-0.79
EMA_SAR_90_190_5m,5m,90,190,Stop-and-Reverse (SAR),10000.0,12799.74,2799.74,28.0,75.1,25.57,1.13,1.5,2.52,34.7,1.12,0.17,222,19.4,22.67,-5.5,99.3,22.2,2220.0,4,2,22.36,8.69,2.37,-1.64,-7.76,3.63
EMA_SAR_155_170_5m,5m,155,170,Stop-and-Reverse (SAR),10000.0,12799.29,2799.29,27.99,75.09,29.63,1.13,1.49,2.18,30.2,1.13,0.19,182,23.7,20.31,-7.26,99.3,18.2,1820.0,3,3,32.81,12.17,-5.2,-8.11,-10.34,9.99
EMA_SAR_90_155_5m,5m,90,155,Stop-and-Reverse (SAR),10000.0,12792.62,2792.62,27.93,75.03,24.53,1.13,1.49,2.62,30.0,1.11,0.13,260,16.6,23.15,-5.47,99.4,26.0,2600.0,3,3,24.92,14.49,-3.19,3.08,-8.17,-2.4
EMA_SAR_95_150_5m,5m,95,150,Stop-and-Reverse (SAR),10000.0,12789.0,2789.0,27.89,74.99,24.96,1.13,1.49,2.57,30.2,1.11,0.13,262,16.5,22.81,-5.36,99.4,26.2,2620.0,3,3,24.0,14.95,-0.91,1.85,-8.35,-3.01
EMA_SAR_95_125_5m,5m,95,125,Stop-and-Reverse (SAR),10000.0,12778.15,2778.15,27.78,74.88,23.78,1.12,1.49,2.69,29.4,1.1,0.14,282,15.3,23.39,-5.49,99.5,28.2,2820.0,4,2,25.97,22.17,-7.13,6.82,-16.66,0.42
EMA_SAR_80_150_5m,5m,80,150,Stop-and-Reverse (SAR),10000.0,12768.16,2768.16,27.68,74.78,23.94,1.12,1.49,2.66,28.2,1.1,0.12,284,15.2,23.46,-5.53,99.4,28.4,2840.0,3,3,22.68,17.04,-0.68,4.33,-13.62,-0.66
EMA_SAR_100_130_5m,5m,100,130,Stop-and-Reverse (SAR),10000.0,12767.24,2767.24,27.67,74.77,27.65,1.12,1.49,2.3,28.7,1.1,0.13,268,16.1,23.09,-5.75,99.5,26.8,2680.0,4,2,21.52,16.86,2.79,4.85,-11.43,-5.81
EMA_SAR_130_185_5m,5m,130,185,Stop-and-Reverse (SAR),10000.0,12764.78,2764.78,27.65,74.75,22.73,1.12,1.48,2.8,32.2,1.13,0.21,180,24.0,21.14,-7.12,99.3,18.0,1800.0,3,3,26.58,13.38,-0.88,-5.34,-8.27,3.34
EMA_SAR_150_175_5m,5m,150,175,Stop-and-Reverse (SAR),10000.0,12757.92,2757.92,27.58,74.68,30.14,1.12,1.47,2.1,30.2,1.12,0.18,182,23.7,20.31,-7.26,99.3,18.2,1820.0,3,3,33.12,13.13,-5.02,-9.16,-10.52,9.74
EMA_SAR_80_180_5m,5m,80,180,Stop-and-Reverse (SAR),10000.0,12752.37,2752.37,27.52,74.62,25.56,1.12,1.48,2.48,30.2,1.11,0.13,258,16.7,22.82,-5.44,99.3,25.8,2580.0,3,3,22.75,20.86,-2.86,0.35,-8.54,-3.59
EMA_SAR_130_165_5m,5m,130,165,Stop-and-Reverse (SAR),10000.0,12735.04,2735.04,27.35,74.45,23.42,1.11,1.46,2.68,33.3,1.13,0.17,192,22.5,21.63,-7.13,99.4,19.2,1920.0,4,2,27.53,6.08,5.01,-4.27,-8.62,2.47
EMA_SAR_55_180_5m,5m,55,180,Stop-and-Reverse (SAR),10000.0,12735.33,2735.33,27.35,74.45,30.66,1.11,1.48,2.05,26.5,1.09,0.11,310,13.9,23.32,-4.55,99.3,31.0,3100.0,4,2,30.25,23.76,-8.73,2.8,-17.62,2.21
EMA_SAR_20_25_30m,30m,20,25,Stop-and-Reverse (SAR),10000.0,12735.21,2735.21,27.35,74.45,21.9,1.12,1.55,2.87,31.8,1.12,0.15,220,19.6,22.24,-6.64,99.4,22.0,2200.0,4,2,18.66,13.07,4.26,-6.0,-6.0,3.04
EMA_SAR_85_170_5m,5m,85,170,Stop-and-Reverse (SAR),10000.0,12716.96,2716.96,27.17,74.27,25.76,1.11,1.47,2.42,30.7,1.11,0.13,254,17.0,22.78,-5.44,99.3,25.4,2540.0,3,3,23.52,17.49,-2.54,2.39,-8.56,-3.97
EMA_SAR_100_145_5m,5m,100,145,Stop-and-Reverse (SAR),10000.0,12712.88,2712.88,27.13,74.23,25.7,1.11,1.47,2.42,30.4,1.1,0.13,260,16.6,22.81,-5.36,99.4,26.0,2600.0,3,3,24.73,16.69,-0.43,0.43,-9.01,-4.0
EMA_SAR_105_200_5m,5m,105,200,Stop-and-Reverse (SAR),10000.0,12684.82,2684.82,26.85,73.95,25.01,1.1,1.45,2.46,33.3,1.12,0.17,192,22.5,21.61,-7.13,99.2,19.2,1920.0,4,2,26.64,8.76,3.0,-5.59,-8.29,3.27
EMA_SAR_115_120_5m,5m,115,120,Stop-and-Reverse (SAR),10000.0,12658.55,2658.55,26.59,73.69,26.19,1.09,1.45,2.32,30.6,1.1,0.13,258,16.8,23.04,-5.47,99.5,25.8,2580.0,4,2,23.5,15.28,0.17,3.96,-11.06,-4.0
EMA_SAR_65_155_5m,5m,65,155,Stop-and-Reverse (SAR),10000.0,12642.48,2642.48,26.42,73.52,26.51,1.09,1.44,2.28,26.1,1.09,0.11,310,13.9,23.14,-4.55,99.4,31.0,3100.0,4,2,30.8,19.36,-6.56,4.53,-17.41,0.39
EMA_SAR_85_165_5m,5m,85,165,Stop-and-Reverse (SAR),10000.0,12640.51,2640.51,26.41,73.51,26.17,1.09,1.44,2.31,30.6,1.1,0.14,258,16.7,22.68,-5.36,99.4,25.8,2580.0,3,3,24.17,16.99,-1.53,1.88,-9.15,-4.52
EMA_SAR_80_200_5m,5m,80,200,Stop-and-Reverse (SAR),10000.0,12637.19,2637.19,26.37,73.47,25.52,1.09,1.44,2.36,30.7,1.11,0.14,238,18.1,22.34,-5.38,99.2,23.8,2380.0,4,2,21.64,10.34,2.91,-3.66,-9.63,5.09
EMA_SAR_120_135_5m,5m,120,135,Stop-and-Reverse (SAR),10000.0,12625.75,2625.75,26.26,73.36,23.58,1.08,1.44,2.55,28.6,1.11,0.13,252,17.1,22.5,-6.64,99.5,25.2,2520.0,2,4,23.87,15.35,-0.7,-3.18,-7.66,-0.46
EMA_SAR_115_165_5m,5m,115,165,Stop-and-Reverse (SAR),10000.0,12617.42,2617.42,26.17,73.27,26.34,1.08,1.43,2.27,31.0,1.11,0.17,216,20.0,22.57,-6.75,99.4,21.6,2160.0,4,2,23.44,11.07,1.27,-4.16,-7.99,3.05
EMA_SAR_15_30_30m,30m,15,30,Stop-and-Reverse (SAR),10000.0,12610.11,2610.11,26.1,73.2,22.93,1.09,1.51,2.6,31.1,1.11,0.14,238,18.1,22.24,-6.64,99.3,23.8,2380.0,4,2,16.22,17.72,2.35,-4.82,-8.76,3.7
EMA_SAR_110_135_5m,5m,110,135,Stop-and-Reverse (SAR),10000.0,12600.64,2600.64,26.01,73.11,25.74,1.08,1.42,2.31,30.5,1.1,0.13,256,16.9,22.99,-6.66,99.5,25.6,2560.0,2,4,25.06,18.43,-0.65,-0.88,-9.84,-4.18
EMA_SAR_190_195_5m,5m,190,195,Stop-and-Reverse (SAR),10000.0,12595.14,2595.14,25.95,73.05,36.36,1.08,1.41,1.63,31.5,1.13,0.22,168,25.7,19.96,-7.11,99.3,16.8,1680.0,3,3,33.81,17.86,-8.02,-11.37,-14.89,15.11
EMA_SAR_100_120_5m,5m,100,120,Stop-and-Reverse (SAR),10000.0,12586.3,2586.3,25.86,72.96,23.62,1.07,1.42,2.5,28.6,1.09,0.12,280,15.4,23.39,-5.49,99.5,28.0,2800.0,4,2,23.8,22.56,-7.41,6.93,-17.04,1.0
EMA_SAR_95_120_5m,5m,95,120,Stop-and-Reverse (SAR),10000.0,12563.35,2563.35,25.63,72.73,26.82,1.07,1.41,2.18,29.4,1.09,0.11,296,14.6,23.37,-5.36,99.5,29.6,2960.0,4,2,27.61,25.7,-9.67,4.26,-17.35,0.62
EMA_SAR_5_65_30m,30m,5,65,Stop-and-Reverse (SAR),10000.0,12559.28,2559.28,25.59,72.69,22.56,1.08,1.55,2.59,26.6,1.13,0.12,256,16.7,19.91,-4.63,98.5,25.6,2560.0,4,2,20.45,1.85,4.35,-5.36,-5.24,9.39
EMA_SAR_95_165_5m,5m,95,165,Stop-and-Reverse (SAR),10000.0,12545.59,2545.59,25.46,72.56,24.77,1.06,1.41,2.34,30.4,1.11,0.13,250,17.3,22.45,-5.41,99.4,25.0,2500.0,3,3,23.12,14.65,-0.84,-4.65,-8.43,2.65
EMA_SAR_75_165_5m,5m,75,165,Stop-and-Reverse (SAR),10000.0,12541.63,2541.63,25.42,72.52,26.23,1.06,1.41,2.21,27.1,1.09,0.12,280,15.4,23.0,-5.75,99.4,28.0,2800.0,3,3,25.15,17.77,-3.23,4.07,-11.96,-4.03
EMA_SAR_135_195_5m,5m,135,195,Stop-and-Reverse (SAR),10000.0,12540.19,2540.19,25.4,72.5,29.1,1.06,1.39,1.99,30.6,1.12,0.18,180,24.0,20.37,-7.26,99.3,18.0,1800.0,3,3,32.15,11.17,-5.98,-5.79,-11.53,8.94
EMA_SAR_90_165_5m,5m,90,165,Stop-and-Reverse (SAR),10000.0,12539.91,2539.91,25.4,72.5,25.87,1.06,1.4,2.24,29.9,1.1,0.13,254,17.0,22.88,-5.44,99.4,25.4,2540.0,2,4,23.23,17.26,-0.79,-0.71,-8.03,-4.22
EMA_SAR_125_135_5m,5m,125,135,Stop-and-Reverse (SAR),10000.0,12539.45,2539.45,25.39,72.49,25.31,1.06,1.4,2.28,31.0,1.1,0.13,242,17.9,22.37,-6.61,99.5,24.2,2420.0,3,3,21.41,16.78,1.48,-1.51,-10.34,-1.32
EMA_SAR_115_140_5m,5m,115,140,Stop-and-Reverse (SAR),10000.0,12537.35,2537.35,25.37,72.47,24.06,1.06,1.4,2.4,29.0,1.1,0.13,248,17.4,22.5,-6.64,99.5,24.8,2480.0,3,3,22.86,14.83,-0.44,-2.69,-8.67,0.44
EMA_SAR_120_200_5m,5m,120,200,Stop-and-Reverse (SAR),10000.0,12533.32,2533.32,25.33,72.43,24.74,1.06,1.39,2.33,31.5,1.12,0.17,184,23.4,20.63,-7.12,99.2,18.4,1840.0,3,3,26.3,13.76,-3.28,-7.33,-7.81,5.57
EMA_SAR_120_160_5m,5m,120,160,Stop-and-Reverse (SAR),10000.0,12533.49,2533.49,25.33,72.43,25.51,1.06,1.4,2.26,30.3,1.11,0.15,218,19.8,22.57,-6.79,99.4,21.8,2180.0,4,2,22.72,12.63,0.93,-4.68,-8.13,2.59
EMA_SAR_50_200_5m,5m,50,200,Stop-and-Reverse (SAR),10000.0,12526.27,2526.27,25.26,72.36,26.79,1.06,1.41,2.15,28.4,1.09,0.11,306,14.1,23.42,-4.55,99.2,30.6,3060.0,4,2,28.94,13.63,-2.86,3.03,-15.26,0.81
EMA_SAR_120_175_5m,5m,120,175,Stop-and-Reverse (SAR),10000.0,12524.63,2524.63,25.25,72.35,26.43,1.06,1.39,2.17,31.6,1.11,0.16,196,22.0,21.56,-7.13,99.3,19.6,1960.0,4,2,24.4,10.74,6.35,-5.51,-10.19,0.74
EMA_SAR_105_110_5m,5m,105,110,Stop-and-Reverse (SAR),10000.0,12524.95,2524.95,25.25,72.35,26.38,1.06,1.4,2.18,30.1,1.08,0.13,292,14.8,23.37,-5.36,99.6,29.2,2920.0,3,3,27.41,26.37,-11.0,5.53,-16.78,-0.48
EMA_SAR_125_190_5m,5m,125,190,Stop-and-Reverse (SAR),10000.0,12524.16,2524.16,25.24,72.34,23.38,1.06,1.39,2.46,30.3,1.11,0.17,188,22.9,21.53,-7.05,99.3,18.8,1880.0,4,2,25.95,11.32,0.09,-6.33,-8.2,3.81
EMA_SAR_110_190_5m,5m,110,190,Stop-and-Reverse (SAR),10000.0,12520.56,2520.56,25.21,72.31,27.11,1.06,1.39,2.12,31.4,1.11,0.16,194,22.2,21.63,-7.13,99.3,19.4,1940.0,4,2,26.29,10.25,3.3,-5.5,-11.09,3.6
EMA_SAR_145_180_5m,5m,145,180,Stop-and-Reverse (SAR),10000.0,12518.49,2518.49,25.18,72.28,29.99,1.06,1.39,1.91,30.2,1.11,0.17,182,23.7,20.31,-7.26,99.3,18.2,1820.0,3,3,32.5,13.56,-5.02,-7.75,-11.66,7.49
EMA_SAR_75_190_5m,5m,75,190,Stop-and-Reverse (SAR),10000.0,12502.55,2502.55,25.03,72.13,24.05,1.05,1.39,2.37,29.8,1.1,0.12,262,16.5,22.59,-5.44,99.3,26.2,2620.0,3,3,21.65,17.69,-1.23,0.08,-9.77,-2.08
EMA_SAR_125_170_5m,5m,125,170,Stop-and-Reverse (SAR),10000.0,12500.9,2500.9,25.01,72.11,25.63,1.05,1.38,2.22,32.3,1.11,0.16,192,22.5,21.63,-7.13,99.3,19.2,1920.0,4,2,26.33,8.81,5.48,-4.23,-10.48,0.56
EMA_SAR_145_200_5m,5m,145,200,Stop-and-Reverse (SAR),10000.0,12487.74,2487.74,24.88,71.98,34.54,1.05,1.38,1.64,32.0,1.12,0.18,172,25.1,19.64,-7.86,99.2,17.2,1720.0,3,3,29.44,13.42,-9.46,-6.51,-12.73,15.16
EMA_SAR_70_200_5m,5m,70,200,Stop-and-Reverse (SAR),10000.0,12476.46,2476.46,24.76,71.86,25.55,1.05,1.39,2.2,28.9,1.1,0.12,266,16.2,22.55,-4.58,99.2,26.6,2660.0,3,3,24.39,12.62,-3.35,-0.14,-10.48,3.08
EMA_SAR_100_175_5m,5m,100,175,Stop-and-Reverse (SAR),10000.0,12470.4,2470.4,24.7,71.8,26.38,1.04,1.38,2.13,30.6,1.11,0.14,232,18.6,22.57,-6.72,99.3,23.2,2320.0,4,2,23.36,9.52,0.45,-2.89,-7.67,2.49
EMA_SAR_20_35_30m,30m,20,35,Stop-and-Reverse (SAR),10000.0,12467.9,2467.9,24.68,71.78,25.64,1.05,1.45,2.19,31.7,1.12,0.17,186,23.2,19.91,-7.15,99.2,18.6,1860.0,3,3,23.32,13.22,-2.19,-8.96,-8.57,9.68
EMA_SAR_90_195_5m,5m,90,195,Stop-and-Reverse (SAR),10000.0,12458.56,2458.56,24.59,71.69,26.31,1.04,1.38,2.12,33.3,1.11,0.14,216,20.0,23.14,-5.57,99.3,21.6,2160.0,3,3,24.97,11.71,-0.44,-4.77,-6.01,0.15
EMA_SAR_115_180_5m,5m,115,180,Stop-and-Reverse (SAR),10000.0,12434.28,2434.28,24.34,71.44,25.99,1.03,1.36,2.12,31.6,1.11,0.16,196,22.0,21.31,-7.13,99.3,19.6,1960.0,4,2,24.69,11.04,3.95,-3.77,-11.18,1.07
EMA_SAR_95_190_5m,5m,95,190,Stop-and-Reverse (SAR),10000.0,12420.9,2420.9,24.21,71.31,25.9,1.03,1.36,2.12,31.2,1.11,0.14,218,19.8,22.46,-5.57,99.3,21.8,2180.0,3,3,25.28,10.36,-1.15,-4.84,-6.58,2.24
EMA_SAR_90_170_5m,5m,90,170,Stop-and-Reverse (SAR),10000.0,12411.13,2411.13,24.11,71.21,23.4,1.03,1.36,2.33,29.5,1.1,0.12,254,17.0,22.45,-5.42,99.3,25.4,2540.0,2,4,22.23,14.49,-0.15,-2.04,-8.66,-0.74
EMA_SAR_115_130_5m,5m,115,130,Stop-and-Reverse (SAR),10000.0,12409.24,2409.24,24.09,71.19,25.83,1.03,1.36,2.11,30.1,1.09,0.12,256,16.9,22.99,-6.66,99.5,25.6,2560.0,3,3,24.34,16.74,0.45,-1.14,-10.05,-4.29
EMA_SAR_100_155_5m,5m,100,155,Stop-and-Reverse (SAR),10000.0,12393.05,2393.05,23.93,71.03,26.16,1.02,1.35,2.07,30.3,1.09,0.14,254,17.0,22.65,-6.65,99.4,25.4,2540.0,3,3,24.14,15.29,2.43,-3.26,-9.41,-3.53
EMA_SAR_185_200_5m,5m,185,200,Stop-and-Reverse (SAR),10000.0,12391.8,2391.8,23.92,71.02,37.21,1.02,1.34,1.45,31.5,1.12,0.21,168,25.7,19.96,-7.11,99.2,16.8,1680.0,3,3,33.82,16.8,-9.02,-11.64,-14.89,15.87
EMA_SAR_150_190_5m,5m,150,190,Stop-and-Reverse (SAR),10000.0,12373.52,2373.52,23.74,70.84,34.21,1.02,1.34,1.57,32.0,1.11,0.18,172,25.1,19.77,-7.86,99.3,17.2,1720.0,3,3,29.91,13.73,-10.45,-6.66,-11.86,13.68
EMA_SAR_10_15_1h,1h,10,15,Stop-and-Reverse (SAR),10000.0,12366.87,2366.87,23.67,70.77,28.77,1.03,1.44,1.86,31.6,1.1,0.16,196,22.0,22.1,-7.09,99.3,19.6,1960.0,4,2,25.51,12.64,1.63,-4.34,-13.56,4.09
EMA_SAR_100_115_5m,5m,100,115,Stop-and-Reverse (SAR),10000.0,12363.21,2363.21,23.63,70.73,26.3,1.01,1.34,2.03,30.1,1.08,0.12,296,14.6,23.37,-5.36,99.6,29.6,2960.0,3,3,26.92,24.71,-10.7,5.32,-16.61,-0.41
EMA_SAR_100_180_5m,5m,100,180,Stop-and-Reverse (SAR),10000.0,12362.38,2362.38,23.62,70.72,26.99,1.01,1.34,1.98,31.1,1.1,0.14,222,19.4,23.14,-6.8,99.3,22.2,2220.0,3,3,22.57,10.94,-0.9,-2.94,-6.82,1.43
EMA_SAR_90_130_5m,5m,90,130,Stop-and-Reverse (SAR),10000.0,12359.99,2359.99,23.6,70.7,24.77,1.01,1.34,2.15,28.3,1.08,0.13,286,15.1,23.42,-5.49,99.5,28.6,2860.0,3,3,26.31,20.0,-7.08,6.17,-16.9,-0.53
EMA_SAR_105_115_5m,5m,105,115,Stop-and-Reverse (SAR),10000.0,12359.14,2359.14,23.59,70.69,24.47,1.01,1.34,2.18,28.4,1.08,0.11,282,15.3,23.39,-5.49,99.6,28.2,2820.0,4,2,24.41,22.08,-7.53,5.94,-17.34,0.49
EMA_SAR_20_40_30m,30m,20,40,Stop-and-Reverse (SAR),10000.0,12357.77,2357.77,23.58,70.68,32.14,1.02,1.37,1.66,31.7,1.12,0.18,164,26.2,19.74,-7.28,99.1,16.4,1640.0,3,3,30.24,9.78,-7.19,-5.42,-14.67,15.4
EMA_SAR_55_170_5m,5m,55,170,Stop-and-Reverse (SAR),10000.0,12352.05,2352.05,23.52,70.62,29.01,1.01,1.34,1.83,27.0,1.08,0.11,318,13.6,23.17,-4.55,99.3,31.8,3180.0,3,3,26.98,28.06,-11.51,4.75,-17.3,-0.9
EMA_SAR_5_60_30m,30m,5,60,Stop-and-Reverse (SAR),10000.0,12316.06,2316.06,23.16,70.26,27.07,1.01,1.45,1.93,25.9,1.11,0.1,282,15.2,20.9,-4.63,98.6,28.2,2820.0,3,3,23.04,-2.59,4.5,-5.44,-9.73,15.2
EMA_SAR_60_170_5m,5m,60,170,Stop-and-Reverse (SAR),10000.0,12308.15,2308.15,23.08,70.18,27.04,1.0,1.32,1.92,26.0,1.08,0.1,308,14.0,22.95,-4.55,99.3,30.8,3080.0,4,2,28.03,20.14,-9.47,4.77,-17.16,1.85
EMA_SAR_140_190_5m,5m,140,190,Stop-and-Reverse (SAR),10000.0,12308.32,2308.32,23.08,70.18,30.46,1.0,1.31,1.71,31.3,1.11,0.16,182,23.7,20.37,-7.26,99.3,18.2,1820.0,3,3,31.54,11.68,-6.11,-7.49,-11.05,8.44
EMA_SAR_15_55_30m,30m,15,55,Stop-and-Reverse (SAR),10000.0,12305.02,2305.02,23.05,70.15,40.11,1.01,1.4,1.29,34.0,1.13,0.18,162,26.5,19.47,-6.49,98.7,16.2,1620.0,2,4,31.52,-4.98,-0.85,-10.9,-9.62,23.32
EMA_SAR_85_175_5m,5m,85,175,Stop-and-Reverse (SAR),10000.0,12296.39,2296.39,22.96,70.06,25.75,1.0,1.32,2.01,29.1,1.09,0.12,258,16.7,22.59,-5.42,99.3,25.8,2580.0,2,4,23.17,17.6,-1.53,-1.51,-8.76,-4.07
EMA_SAR_105_140_5m,5m,105,140,Stop-and-Reverse (SAR),10000.0,12291.22,2291.22,22.91,70.01,26.5,0.99,1.31,1.95,30.4,1.09,0.12,260,16.6,22.81,-6.58,99.5,26.0,2600.0,2,4,24.4,16.47,-0.86,-0.79,-9.17,-5.04
EMA_SAR_110_185_5m,5m,110,185,Stop-and-Reverse (SAR),10000.0,12285.75,2285.75,22.86,69.96,26.34,0.99,1.31,1.95,32.1,1.1,0.15,196,22.0,21.31,-6.92,99.3,19.6,1960.0,4,2,26.19,9.77,1.6,-4.1,-11.45,2.8
EMA_SAR_110_155_5m,5m,110,155,Stop-and-Reverse (SAR),10000.0,12283.17,2283.17,22.83,69.93,26.17,0.99,1.31,1.96,31.4,1.1,0.13,236,18.3,22.2,-6.75,99.4,23.6,2360.0,3,3,21.57,14.1,-0.36,-1.68,-11.12,1.7
EMA_SAR_95_180_5m,5m,95,180,Stop-and-Reverse (SAR),10000.0,12281.71,2281.71,22.82,69.92,25.99,0.99,1.31,1.98,32.5,1.1,0.13,234,18.4,22.42,-5.5,99.3,23.4,2340.0,4,2,22.67,7.19,1.64,-2.17,-9.84,4.18
EMA_SAR_190_200_5m,5m,190,200,Stop-and-Reverse (SAR),10000.0,12277.33,2277.33,22.77,69.87,36.85,0.99,1.3,1.39,34.2,1.12,0.18,158,27.3,20.26,-6.59,99.2,15.8,1580.0,3,3,34.9,14.16,-8.36,-11.78,-13.79,14.38
EMA_SAR_170_175_5m,5m,170,175,Stop-and-Reverse (SAR),10000.0,12270.48,2270.48,22.7,69.8,33.28,0.99,1.3,1.53,32.2,1.11,0.17,174,24.8,19.54,-7.95,99.3,17.4,1740.0,3,3,30.51,12.76,-9.17,-6.75,-11.84,11.67
EMA_SAR_140_150_5m,5m,140,150,Stop-and-Reverse (SAR),10000.0,12268.22,2268.22,22.68,69.78,25.01,0.99,1.3,2.04,30.1,1.1,0.14,206,21.0,21.31,-7.13,99.4,20.6,2060.0,3,3,24.43,10.64,5.68,-5.22,-9.85,-1.31
EMA_SAR_105_170_5m,5m,105,170,Stop-and-Reverse (SAR),10000.0,12261.61,2261.61,22.62,69.72,25.8,0.99,1.3,1.97,32.4,1.1,0.15,222,19.4,22.67,-6.8,99.3,22.2,2220.0,4,2,23.26,8.19,0.95,-3.0,-6.95,0.92
EMA_SAR_120_125_5m,5m,120,125,Stop-and-Reverse (SAR),10000.0,12255.01,2255.01,22.55,69.65,25.94,0.98,1.3,1.95,30.1,1.09,0.12,256,16.9,22.99,-6.66,99.5,25.6,2560.0,3,3,23.09,17.69,0.64,-1.58,-10.64,-4.42
EMA_SAR_10_30_30m,30m,10,30,Stop-and-Reverse (SAR),10000.0,12252.3,2252.3,22.52,69.62,28.3,0.99,1.39,1.79,28.7,1.08,0.1,300,14.4,22.78,-6.75,99.3,30.0,3000.0,3,3,27.66,27.36,-14.62,4.13,-11.34,-4.4
EMA_SAR_100_165_5m,5m,100,165,Stop-and-Reverse (SAR),10000.0,12232.17,2232.17,22.32,69.42,25.98,0.98,1.29,1.93,29.9,1.09,0.12,244,17.7,22.33,-6.61,99.4,24.4,2440.0,4,2,19.12,16.06,0.75,-1.66,-11.19,0.56
EMA_SAR_105_160_5m,5m,105,160,Stop-and-Reverse (SAR),10000.0,12231.43,2231.43,22.31,69.41,27.42,0.98,1.29,1.83,30.3,1.09,0.12,244,17.7,22.33,-6.75,99.4,24.4,2440.0,4,2,19.96,17.44,0.87,-3.87,-11.02,0.62
EMA_SAR_105_145_5m,5m,105,145,Stop-and-Reverse (SAR),10000.0,12218.68,2218.68,22.19,69.29,24.51,0.97,1.29,2.03,29.9,1.09,0.12,254,17.0,22.96,-6.66,99.4,25.4,2540.0,3,3,22.21,14.25,0.1,-0.22,-10.14,-2.5
EMA_SAR_120_140_5m,5m,120,140,Stop-and-Reverse (SAR),10000.0,12199.99,2199.99,22.0,69.1,26.24,0.97,1.28,1.88,30.3,1.09,0.12,244,17.7,22.37,-6.61,99.5,24.4,2440.0,3,3,20.3,16.11,1.85,-2.46,-10.86,-1.36
EMA_SAR_165_180_5m,5m,165,180,Stop-and-Reverse (SAR),10000.0,12196.27,2196.27,21.96,69.06,33.64,0.97,1.27,1.46,31.8,1.11,0.16,176,24.5,19.54,-7.95,99.3,17.6,1760.0,3,3,30.42,12.14,-9.17,-6.82,-11.77,11.67
EMA_SAR_170_180_5m,5m,170,180,Stop-and-Reverse (SAR),10000.0,12185.39,2185.39,21.85,68.95,35.72,0.97,1.27,1.37,30.7,1.11,0.16,176,24.5,19.45,-7.95,99.3,17.6,1760.0,3,3,31.59,12.47,-8.33,-8.97,-13.45,13.99
EMA_SAR_155_195_5m,5m,155,195,Stop-and-Reverse (SAR),10000.0,12183.49,2183.49,21.83,68.93,35.51,0.97,1.27,1.38,31.6,1.11,0.16,174,24.8,19.45,-7.95,99.3,17.4,1740.0,3,3,31.61,11.25,-9.19,-8.07,-12.77,14.25
EMA_SAR_110_170_5m,5m,110,170,Stop-and-Reverse (SAR),10000.0,12178.52,2178.52,21.79,68.89,25.98,0.96,1.27,1.88,30.3,1.09,0.13,218,19.8,22.46,-6.75,99.3,21.8,2180.0,3,3,24.59,10.13,-0.29,-4.69,-8.02,1.54
EMA_SAR_150_200_5m,5m,150,200,Stop-and-Reverse (SAR),10000.0,12179.05,2179.05,21.79,68.89,35.33,0.96,1.27,1.38,32.6,1.11,0.19,172,25.1,19.41,-7.95,99.2,17.2,1720.0,3,3,31.08,10.79,-8.97,-8.31,-12.55,14.88
EMA_SAR_55_175_5m,5m,55,175,Stop-and-Reverse (SAR),10000.0,12176.0,2176.0,21.76,68.86,31.34,0.96,1.28,1.56,26.9,1.07,0.1,312,13.8,22.95,-4.55,99.3,31.2,3120.0,4,2,30.93,23.26,-12.08,3.81,-18.34,1.23
EMA_SAR_115_150_5m,5m,115,150,Stop-and-Reverse (SAR),10000.0,12169.82,2169.82,21.7,68.8,26.78,0.96,1.27,1.81,31.2,1.09,0.12,234,18.5,22.2,-6.75,99.4,23.4,2340.0,3,3,22.45,14.96,-0.47,-2.79,-10.75,0.11
EMA_SAR_155_185_5m,5m,155,185,Stop-and-Reverse (SAR),10000.0,12168.72,2168.72,21.69,68.79,34.33,0.96,1.26,1.41,32.0,1.1,0.17,172,25.1,19.77,-7.86,99.3,17.2,1720.0,3,3,29.48,12.48,-10.21,-6.41,-11.74,12.66
EMA_SAR_100_150_5m,5m,100,150,Stop-and-Reverse (SAR),10000.0,12164.81,2164.81,21.65,68.75,24.79,0.96,1.27,1.95,29.7,1.09,0.11,256,16.9,22.96,-5.44,99.4,25.6,2560.0,2,4,21.95,14.72,-0.75,-0.25,-9.58,-2.87
EMA_SAR_30_40_30m,30m,30,40,Stop-and-Reverse (SAR),10000.0,12164.01,2164.01,21.64,68.74,39.46,0.97,1.32,1.23,35.2,1.14,0.19,142,30.3,20.16,-6.47,99.1,14.2,1420.0,2,4,27.39,-0.51,-7.71,-10.08,-9.58,27.92
EMA_SAR_80_135_5m,5m,80,135,Stop-and-Reverse (SAR),10000.0,12160.33,2160.33,21.6,68.7,28.61,0.96,1.27,1.69,28.9,1.07,0.1,304,14.2,23.17,-4.55,99.5,30.4,3040.0,4,2,26.62,22.56,-11.66,4.97,-18.12,3.2
EMA_SAR_125_155_5m,5m,125,155,Stop-and-Reverse (SAR),10000.0,12156.29,2156.29,21.56,68.66,25.55,0.96,1.26,1.89,29.8,1.1,0.13,218,19.8,21.67,-6.79,99.4,21.8,2180.0,4,2,21.79,8.29,2.77,-4.26,-8.37,2.23
EMA_SAR_165_185_5m,5m,165,185,Stop-and-Reverse (SAR),10000.0,12154.37,2154.37,21.54,68.64,36.1,0.96,1.26,1.34,31.0,1.1,0.16,174,24.8,19.45,-7.95,99.3,17.4,1740.0,3,3,31.77,11.66,-8.53,-8.85,-13.35,14.34
EMA_SAR_105_180_5m,5m,105,180,Stop-and-Reverse (SAR),10000.0,12154.18,2154.18,21.54,68.64,25.62,0.96,1.26,1.88,32.1,1.1,0.15,212,20.3,21.49,-6.79,99.3,21.2,2120.0,4,2,23.39,10.21,1.81,-5.05,-9.2,1.83
EMA_SAR_130_160_5m,5m,130,160,Stop-and-Reverse (SAR),10000.0,12152.02,2152.02,21.52,68.62,26.5,0.96,1.26,1.82,30.6,1.1,0.14,206,21.0,21.31,-6.92,99.4,20.6,2060.0,3,3,24.75,10.7,6.09,-6.26,-10.28,-1.37
EMA_SAR_150_195_5m,5m,150,195,Stop-and-Reverse (SAR),10000.0,12141.58,2141.58,21.42,68.52,35.3,0.95,1.25,1.36,32.6,1.11,0.16,172,25.1,19.64,-7.86,99.3,17.2,1720.0,3,3,29.97,10.22,-9.98,-7.27,-11.42,14.62
EMA_SAR_95_160_5m,5m,95,160,Stop-and-Reverse (SAR),10000.0,12128.11,2128.11,21.28,68.38,26.25,0.95,1.26,1.81,28.9,1.08,0.11,256,16.9,22.65,-5.42,99.4,25.6,2560.0,3,3,23.23,14.3,1.9,-2.68,-8.84,-4.75
EMA_SAR_105_190_5m,5m,105,190,Stop-and-Reverse (SAR),10000.0,12122.71,2122.71,21.23,68.33,27.19,0.95,1.25,1.74,31.5,1.1,0.14,200,21.6,21.31,-6.92,99.3,20.0,2000.0,4,2,25.92,8.48,1.85,-4.98,-11.73,3.89
EMA_SAR_50_185_5m,5m,50,185,Stop-and-Reverse (SAR),10000.0,12121.88,2121.88,21.22,68.32,31.5,0.95,1.26,1.51,26.1,1.07,0.1,326,13.2,23.18,-4.55,99.3,32.6,3260.0,4,2,30.92,22.0,-12.2,3.92,-18.19,1.68
EMA_SAR_95_185_5m,5m,95,185,Stop-and-Reverse (SAR),10000.0,12117.47,2117.47,21.17,68.27,28.35,0.95,1.25,1.67,31.9,1.09,0.13,226,19.1,22.92,-5.57,99.3,22.6,2260.0,3,3,23.63,7.23,-1.64,-3.84,-7.05,3.98
EMA_SAR_100_185_5m,5m,100,185,Stop-and-Reverse (SAR),10000.0,12105.07,2105.07,21.05,68.15,25.89,0.94,1.24,1.82,31.7,1.09,0.13,218,19.8,22.39,-6.75,99.3,21.8,2180.0,3,3,24.38,11.24,0.47,-4.56,-7.86,-0.98
EMA_SAR_25_35_30m,30m,25,35,Stop-and-Reverse (SAR),10000.0,12104.26,2104.26,21.04,68.14,36.95,0.95,1.27,1.27,32.9,1.11,0.18,158,27.3,19.42,-7.28,99.2,15.8,1580.0,3,3,33.39,9.57,-12.05,-9.86,-12.5,19.39
EMA_SAR_50_190_5m,5m,50,190,Stop-and-Reverse (SAR),10000.0,12088.37,2088.37,20.88,67.98,31.4,0.94,1.25,1.48,26.1,1.07,0.1,326,13.2,23.32,-4.55,99.3,32.6,3260.0,3,3,32.13,22.16,-10.67,3.14,-18.43,-0.35
EMA_SAR_160_190_5m,5m,160,190,Stop-and-Reverse (SAR),10000.0,12085.51,2085.51,20.86,67.96,36.39,0.94,1.23,1.28,31.0,1.1,0.16,174,24.8,19.45,-7.95,99.3,17.4,1740.0,3,3,31.75,11.56,-9.16,-8.97,-13.0,14.29
EMA_SAR_175_180_5m,5m,175,180,Stop-and-Reverse (SAR),10000.0,12078.97,2078.97,20.79,67.89,37.18,0.94,1.23,1.25,30.2,1.1,0.16,172,25.1,19.69,-7.33,99.3,17.2,1720.0,3,3,32.07,12.53,-7.24,-10.71,-13.85,13.89
EMA_SAR_145_195_5m,5m,145,195,Stop-and-Reverse (SAR),10000.0,12068.3,2068.3,20.68,67.78,35.56,0.93,1.22,1.3,32.9,1.1,0.17,170,25.4,19.77,-7.86,99.3,17.0,1700.0,3,3,29.17,11.95,-10.99,-6.81,-12.35,14.79
EMA_SAR_135_155_5m,5m,135,155,Stop-and-Reverse (SAR),10000.0,12057.43,2057.43,20.57,67.67,25.48,0.93,1.22,1.8,30.6,1.09,0.13,206,21.0,21.31,-7.13,99.4,20.6,2060.0,3,3,24.12,10.28,5.25,-4.5,-10.57,-2.01
EMA_SAR_160_185_5m,5m,160,185,Stop-and-Reverse (SAR),10000.0,12054.7,2054.7,20.55,67.65,33.74,0.93,1.22,1.36,32.8,1.1,0.16,174,24.8,19.54,-7.86,99.3,17.4,1740.0,3,3,29.78,10.56,-8.4,-6.85,-11.83,11.67
EMA_SAR_120_145_5m,5m,120,145,Stop-and-Reverse (SAR),10000.0,12048.18,2048.18,20.48,67.58,27.19,0.93,1.22,1.68,30.9,1.09,0.12,230,18.8,22.2,-6.75,99.4,23.0,2300.0,2,4,22.8,15.89,-1.81,-3.17,-9.88,-1.2
EMA_SAR_15_65_30m,30m,15,65,Stop-and-Reverse (SAR),10000.0,12033.33,2033.33,20.33,67.43,32.25,0.93,1.29,1.4,31.8,1.13,0.17,154,27.8,20.16,-5.08,98.5,15.4,1540.0,2,4,27.01,-0.91,-2.82,-9.58,-5.77,15.47
EMA_SAR_125_165_5m,5m,125,165,Stop-and-Reverse (SAR),10000.0,12006.38,2006.38,20.06,67.16,26.66,0.92,1.2,1.67,31.6,1.09,0.13,206,21.0,21.31,-6.92,99.4,20.6,2060.0,3,3,24.56,11.75,4.31,-6.28,-11.2,-0.64
EMA_SAR_105_155_5m,5m,105,155,Stop-and-Reverse (SAR),10000.0,11992.98,1992.98,19.93,67.03,25.18,0.91,1.21,1.76,29.4,1.08,0.11,248,17.4,22.42,-6.64,99.4,24.8,2480.0,3,3,21.64,13.92,-0.83,-3.77,-9.59,0.31
EMA_SAR_110_175_5m,5m,110,175,Stop-and-Reverse (SAR),10000.0,11991.59,1991.59,19.92,67.02,24.97,0.91,1.2,1.77,30.7,1.09,0.13,212,20.4,21.49,-6.79,99.3,21.2,2120.0,4,2,22.28,9.34,3.27,-5.14,-8.86,0.45
EMA_SAR_130_135_5m,5m,130,135,Stop-and-Reverse (SAR),10000.0,11964.97,1964.97,19.65,66.75,28.08,0.9,1.19,1.55,31.3,1.08,0.13,230,18.8,22.2,-6.72,99.5,23.0,2300.0,2,4,23.83,15.45,-1.8,-3.34,-10.55,-1.42
EMA_SAR_125_140_5m,5m,125,140,Stop-and-Reverse (SAR),10000.0,11933.11,1933.11,19.33,66.43,27.41,0.89,1.18,1.56,30.9,1.08,0.12,230,18.8,22.2,-6.72,99.5,23.0,2300.0,2,4,23.23,15.2,-2.28,-3.28,-9.91,-1.27
EMA_SAR_70_145_5m,5m,70,145,Stop-and-Reverse (SAR),10000.0,11926.17,1926.17,19.26,66.36,29.39,0.89,1.18,1.45,26.9,1.06,0.09,312,13.8,23.19,-4.6,99.4,31.2,3120.0,4,2,31.21,20.39,-11.19,5.91,-20.0,0.34
EMA_SAR_90_185_5m,5m,90,185,Stop-and-Reverse (SAR),10000.0,11922.38,1922.38,19.22,66.32,26.5,0.89,1.18,1.61,31.4,1.08,0.11,242,17.8,22.24,-5.53,99.3,24.2,2420.0,4,2,19.6,7.75,2.79,-3.06,-11.19,4.55
EMA_SAR_115_145_5m,5m,115,145,Stop-and-Reverse (SAR),10000.0,11920.17,1920.17,19.2,66.3,26.79,0.89,1.18,1.59,30.5,1.08,0.11,246,17.6,22.37,-6.61,99.4,24.6,2460.0,3,3,19.73,14.41,1.57,-3.12,-10.76,-0.9
EMA_SAR_95_175_5m,5m,95,175,Stop-and-Reverse (SAR),10000.0,11908.95,1908.95,19.09,66.19,26.47,0.89,1.17,1.6,30.9,1.08,0.11,246,17.5,22.24,-5.53,99.3,24.6,2460.0,4,2,18.48,11.38,0.22,-1.84,-11.9,4.13
EMA_SAR_160_180_5m,5m,160,180,Stop-and-Reverse (SAR),10000.0,11900.58,1900.58,19.01,66.11,35.55,0.89,1.16,1.18,31.2,1.09,0.15,176,24.5,19.68,-7.86,99.3,17.6,1760.0,3,3,29.08,11.91,-10.12,-6.89,-12.54,12.54
EMA_SAR_170_185_5m,5m,170,185,Stop-and-Reverse (SAR),10000.0,11897.69,1897.69,18.98,66.08,37.89,0.89,1.16,1.11,30.2,1.09,0.15,172,25.1,19.69,-7.33,99.3,17.2,1720.0,3,3,31.48,12.83,-7.52,-11.3,-13.85,13.5
EMA_SAR_105_185_5m,5m,105,185,Stop-and-Reverse (SAR),10000.0,11896.97,1896.97,18.97,66.07,26.42,0.88,1.17,1.59,29.7,1.08,0.12,212,20.3,21.2,-6.89,99.3,21.2,2120.0,4,2,24.1,9.78,4.61,-6.14,-11.22,0.18
EMA_SAR_165_175_5m,5m,165,175,Stop-and-Reverse (SAR),10000.0,11894.52,1894.52,18.95,66.05,35.44,0.88,1.16,1.18,31.2,1.09,0.15,176,24.5,19.68,-7.86,99.3,17.6,1760.0,3,3,29.17,13.11,-11.03,-6.81,-12.46,12.17
EMA_SAR_110_165_5m,5m,110,165,Stop-and-Reverse (SAR),10000.0,11891.69,1891.69,18.92,66.02,27.23,0.88,1.16,1.54,31.4,1.08,0.14,220,19.6,23.06,-6.8,99.4,22.0,2200.0,2,4,23.47,9.66,-1.6,-3.65,-6.85,-0.56
EMA_SAR_110_150_5m,5m,110,150,Stop-and-Reverse (SAR),10000.0,11890.29,1890.29,18.9,66.0,25.39,0.88,1.17,1.65,29.6,1.08,0.11,250,17.3,22.42,-6.61,99.4,25.0,2500.0,2,4,19.92,14.94,-0.57,-2.72,-9.18,-1.81
EMA_SAR_65_150_5m,5m,65,150,Stop-and-Reverse (SAR),10000.0,11888.17,1888.17,18.88,65.98,28.74,0.88,1.17,1.45,26.1,1.06,0.09,318,13.6,23.39,-4.6,99.4,31.8,3180.0,3,3,29.0,21.82,-11.32,6.71,-18.28,-2.17
EMA_SAR_10_90_30m,30m,10,90,Stop-and-Reverse (SAR),10000.0,11886.76,1886.76,18.87,65.97,34.12,0.9,1.25,1.22,29.1,1.13,0.16,158,26.9,29.92,-4.63,97.9,15.8,1580.0,4,2,24.61,0.43,0.64,-13.05,-10.01,20.61
EMA_SAR_100_170_5m,5m,100,170,Stop-and-Reverse (SAR),10000.0,11877.21,1877.21,18.77,65.87,27.41,0.88,1.16,1.51,31.0,1.08,0.11,248,17.4,22.24,-6.75,99.3,24.8,2480.0,3,3,21.57,12.29,-0.89,-2.62,-11.61,2.0
EMA_SAR_100_160_5m,5m,100,160,Stop-and-Reverse (SAR),10000.0,11871.91,1871.91,18.72,65.82,26.35,0.88,1.16,1.57,28.8,1.08,0.11,250,17.3,22.42,-6.64,99.4,25.0,2500.0,3,3,23.83,11.16,-0.51,-4.54,-9.81,0.69
EMA_SAR_5_45_1h,1h,5,45,Stop-and-Reverse (SAR),10000.0,11856.36,1856.36,18.56,65.66,38.82,0.9,1.28,1.06,31.8,1.13,0.17,148,28.7,29.92,-5.46,98.0,14.8,1480.0,2,4,28.16,-4.52,-0.53,-17.25,-6.83,26.34
EMA_SAR_15_70_30m,30m,15,70,Stop-and-Reverse (SAR),10000.0,11851.44,1851.44,18.51,65.61,35.3,0.88,1.21,1.16,31.8,1.13,0.17,148,28.9,20.44,-5.08,98.4,14.8,1480.0,3,3,20.89,1.12,-3.32,-13.11,-5.71,22.38
EMA_SAR_115_170_5m,5m,115,170,Stop-and-Reverse (SAR),10000.0,11850.2,1850.2,18.5,65.6,24.84,0.87,1.15,1.64,30.8,1.08,0.12,208,20.7,21.49,-6.89,99.3,20.8,2080.0,4,2,21.74,10.25,2.84,-5.04,-10.16,0.64
EMA_SAR_155_190_5m,5m,155,190,Stop-and-Reverse (SAR),10000.0,11845.26,1845.26,18.45,65.55,35.35,0.87,1.14,1.15,32.2,1.09,0.15,174,24.8,19.64,-7.86,99.3,17.4,1740.0,3,3,30.51,10.53,-9.99,-7.62,-11.75,11.91
EMA_SAR_165_190_5m,5m,165,190,Stop-and-Reverse (SAR),10000.0,11828.62,1828.62,18.29,65.39,37.69,0.87,1.14,1.07,30.2,1.09,0.15,172,25.1,19.69,-7.33,99.3,17.2,1720.0,3,3,31.53,11.62,-7.24,-11.09,-13.9,13.46
EMA_SAR_140_200_5m,5m,140,200,Stop-and-Reverse (SAR),10000.0,11811.53,1811.53,18.12,65.22,35.73,0.86,1.13,1.12,32.4,1.09,0.17,176,24.5,19.77,-7.49,99.2,17.6,1760.0,3,3,29.11,10.61,-10.18,-7.09,-13.08,14.03
EMA_SAR_50_195_5m,5m,50,195,Stop-and-Reverse (SAR),10000.0,11801.42,1801.42,18.01,65.11,31.31,0.86,1.14,1.27,27.0,1.06,0.08,318,13.6,23.4,-4.55,99.3,31.8,3180.0,3,3,32.03,18.3,-9.83,1.37,-16.36,-1.17
EMA_SAR_10_95_30m,30m,10,95,Stop-and-Reverse (SAR),10000.0,11781.21,1781.21,17.81,64.91,32.63,0.87,1.21,1.2,29.1,1.12,0.17,148,28.7,30.89,-4.63,97.8,14.8,1480.0,4,2,23.51,4.68,0.3,-16.27,-7.76,17.64
EMA_SAR_115_175_5m,5m,115,175,Stop-and-Reverse (SAR),10000.0,11774.03,1774.03,17.74,64.84,27.09,0.85,1.12,1.44,31.4,1.08,0.12,204,21.2,21.2,-6.92,99.3,20.4,2040.0,3,3,24.02,11.59,3.7,-5.59,-11.8,-1.47
EMA_SAR_85_125_5m,5m,85,125,Stop-and-Reverse (SAR),10000.0,11754.86,1754.86,17.55,64.65,30.66,0.84,1.12,1.26,29.8,1.06,0.09,302,14.3,23.13,-4.6,99.5,30.2,3020.0,4,2,29.45,22.19,-13.27,4.46,-18.0,0.04
EMA_SAR_120_130_5m,5m,120,130,Stop-and-Reverse (SAR),10000.0,11732.05,1732.05,17.32,64.42,25.63,0.84,1.11,1.48,30.2,1.07,0.12,252,17.2,22.65,-6.65,99.5,25.2,2520.0,3,3,22.83,11.76,0.09,-3.07,-10.16,-1.95
EMA_SAR_105_165_5m,5m,105,165,Stop-and-Reverse (SAR),10000.0,11731.29,1731.29,17.31,64.41,27.08,0.84,1.1,1.4,30.5,1.07,0.11,236,18.3,22.42,-6.72,99.4,23.6,2360.0,3,3,23.88,11.35,-2.15,-2.62,-10.9,0.16
EMA_SAR_10_30_1h,1h,10,30,Stop-and-Reverse (SAR),10000.0,11729.17,1729.17,17.29,64.39,42.96,0.85,1.18,0.88,34.3,1.11,0.18,134,32.0,20.28,-7.06,98.6,13.4,1340.0,3,3,32.6,3.39,-12.62,-9.82,-13.53,25.56
EMA_SAR_95_170_5m,5m,95,170,Stop-and-Reverse (SAR),10000.0,11727.37,1727.37,17.27,64.37,26.62,0.84,1.11,1.42,30.1,1.07,0.1,246,17.5,22.38,-5.38,99.3,24.6,2460.0,3,3,20.91,13.52,-0.9,-3.26,-12.03,1.31
EMA_SAR_110_140_5m,5m,110,140,Stop-and-Reverse (SAR),10000.0,11726.45,1726.45,17.26,64.36,25.73,0.84,1.1,1.47,30.6,1.07,0.1,252,17.1,22.96,-6.65,99.5,25.2,2520.0,3,3,23.6,12.67,0.23,-2.93,-10.29,-3.52
EMA_SAR_125_160_5m,5m,125,160,Stop-and-Reverse (SAR),10000.0,11720.27,1720.27,17.2,64.3,25.34,0.83,1.1,1.49,31.1,1.08,0.14,206,21.0,21.2,-6.89,99.4,20.6,2060.0,4,2,23.88,9.7,1.77,-5.41,-10.47,0.06
EMA_SAR_180_185_5m,5m,180,185,Stop-and-Reverse (SAR),10000.0,11701.58,1701.58,17.02,64.12,40.49,0.83,1.08,0.92,32.3,1.08,0.15,164,26.3,19.55,-7.2,99.3,16.4,1640.0,3,3,35.42,10.29,-8.43,-10.86,-15.33,13.36
EMA_SAR_160_200_5m,5m,160,200,Stop-and-Reverse (SAR),10000.0,11694.78,1694.78,16.95,64.05,39.33,0.83,1.08,0.94,31.0,1.08,0.14,168,25.7,19.55,-7.33,99.2,16.8,1680.0,3,3,33.44,9.59,-9.64,-11.21,-12.79,14.29
EMA_SAR_105_175_5m,5m,105,175,Stop-and-Reverse (SAR),10000.0,11677.83,1677.83,16.78,63.88,26.23,0.82,1.08,1.4,29.9,1.07,0.11,224,19.3,22.46,-6.75,99.3,22.4,2240.0,3,3,23.13,10.03,-1.77,-5.68,-7.31,0.37
EMA_SAR_5_40_30m,30m,5,40,Stop-and-Reverse (SAR),10000.0,11677.49,1677.49,16.77,63.87,31.76,0.83,1.2,1.16,25.1,1.06,0.07,350,12.3,22.78,-4.63,99.1,35.0,3500.0,2,4,24.42,27.22,-3.1,-3.99,-16.44,-5.1
EMA_SAR_145_185_5m,5m,145,185,Stop-and-Reverse (SAR),10000.0,11675.47,1675.47,16.75,63.85,32.88,0.82,1.08,1.12,31.7,1.08,0.16,180,24.0,20.37,-7.26,99.3,18.0,1800.0,3,3,30.56,10.02,-9.06,-8.1,-10.63,8.84
EMA_SAR_75_140_5m,5m,75,140,Stop-and-Reverse (SAR),10000.0,11675.2,1675.2,16.75,63.85,31.76,0.82,1.09,1.15,27.2,1.06,0.08,312,13.8,23.19,-4.55,99.5,31.2,3120.0,4,2,29.54,23.28,-12.58,3.59,-19.72,0.55
EMA_SAR_120_170_5m,5m,120,170,Stop-and-Reverse (SAR),10000.0,11673.52,1673.52,16.74,63.84,26.92,0.82,1.08,1.36,31.4,1.07,0.12,204,21.2,21.31,-6.92,99.3,20.4,2040.0,3,3,24.52,10.13,3.62,-6.15,-11.63,-0.94
EMA_SAR_170_190_5m,5m,170,190,Stop-and-Reverse (SAR),10000.0,11672.32,1672.32,16.72,63.82,40.88,0.82,1.07,0.9,32.3,1.08,0.15,164,26.3,19.55,-7.33,99.3,16.4,1640.0,3,3,34.49,9.54,-9.11,-11.3,-15.07,15.72
EMA_SAR_85_190_5m,5m,85,190,Stop-and-Reverse (SAR),10000.0,11662.79,1662.79,16.63,63.73,26.34,0.82,1.08,1.38,30.0,1.07,0.1,250,17.2,22.24,-5.38,99.3,25.0,2500.0,4,2,19.09,7.49,2.2,-4.28,-9.79,3.24
EMA_SAR_20_65_30m,30m,20,65,Stop-and-Reverse (SAR),10000.0,11663.15,1663.15,16.63,63.73,41.83,0.82,1.13,0.87,34.8,1.12,0.17,132,32.4,20.44,-6.47,98.5,13.2,1320.0,2,4,26.65,-0.37,-6.52,-17.09,-6.1,27.0
EMA_SAR_25_30_30m,30m,25,30,Stop-and-Reverse (SAR),10000.0,11659.53,1659.53,16.6,63.7,33.01,0.82,1.11,1.1,31.8,1.08,0.14,176,24.5,19.91,-7.15,99.3,17.6,1760.0,3,3,30.22,8.46,-3.58,-9.79,-14.78,11.37
EMA_SAR_175_190_5m,5m,175,190,Stop-and-Reverse (SAR),10000.0,11654.23,1654.23,16.54,63.64,40.53,0.82,1.07,0.89,31.9,1.08,0.14,166,26.0,19.55,-7.2,99.3,16.6,1660.0,3,3,35.47,10.29,-8.45,-10.84,-15.4,12.94
EMA_SAR_10_20_1h,1h,10,20,Stop-and-Reverse (SAR),10000.0,11653.4,1653.4,16.53,63.63,33.7,0.82,1.14,1.07,32.9,1.08,0.14,170,25.3,19.74,-7.28,99.1,17.0,1700.0,3,3,28.93,10.26,-9.63,-5.19,-14.41,11.78
EMA_SAR_165_195_5m,5m,165,195,Stop-and-Reverse (SAR),10000.0,11653.2,1653.2,16.53,63.63,40.44,0.81,1.07,0.89,32.3,1.08,0.15,164,26.3,19.55,-7.33,99.3,16.4,1640.0,3,3,34.21,9.48,-8.81,-11.14,-14.98,15.12
EMA_SAR_135_150_5m,5m,135,150,Stop-and-Reverse (SAR),10000.0,11644.41,1644.41,16.44,63.54,25.67,0.81,1.07,1.4,30.6,1.07,0.12,206,21.0,21.2,-6.89,99.4,20.6,2060.0,4,2,21.1,10.6,2.47,-5.8,-10.56,0.7
EMA_SAR_175_185_5m,5m,175,185,Stop-and-Reverse (SAR),10000.0,11642.2,1642.2,16.42,63.52,40.89,0.81,1.06,0.88,32.3,1.08,0.15,164,26.3,19.55,-7.33,99.3,16.4,1640.0,3,3,34.18,9.21,-8.88,-11.56,-14.8,15.72
EMA_SAR_180_200_5m,5m,180,200,Stop-and-Reverse (SAR),10000.0,11640.11,1640.11,16.4,63.5,40.57,0.81,1.06,0.88,30.1,1.08,0.14,166,26.0,19.91,-7.22,99.2,16.6,1660.0,3,3,33.36,16.97,-11.16,-13.68,-14.37,13.64
EMA_SAR_185_190_5m,5m,185,190,Stop-and-Reverse (SAR),10000.0,11639.25,1639.25,16.39,63.49,39.14,0.81,1.06,0.92,32.1,1.08,0.14,168,25.7,19.59,-7.14,99.3,16.8,1680.0,3,3,35.31,10.74,-9.16,-9.68,-15.8,12.45
EMA_SAR_130_155_5m,5m,130,155,Stop-and-Reverse (SAR),10000.0,11637.51,1637.51,16.38,63.48,25.26,0.81,1.07,1.42,30.6,1.07,0.12,206,21.0,21.2,-6.89,99.4,20.6,2060.0,4,2,21.78,9.79,2.26,-5.23,-10.61,0.47
EMA_SAR_155_200_5m,5m,155,200,Stop-and-Reverse (SAR),10000.0,11636.73,1636.73,16.37,63.47,38.44,0.81,1.06,0.93,30.2,1.08,0.14,172,25.1,19.69,-7.95,99.2,17.2,1720.0,3,3,32.01,11.64,-9.55,-10.01,-13.76,12.49
EMA_SAR_115_135_5m,5m,115,135,Stop-and-Reverse (SAR),10000.0,11619.74,1619.74,16.2,63.3,26.11,0.8,1.06,1.35,29.9,1.07,0.11,254,17.0,22.65,-6.65,99.5,25.4,2540.0,2,4,23.68,10.76,-0.43,-3.45,-10.19,-1.75
EMA_SAR_10_85_30m,30m,10,85,Stop-and-Reverse (SAR),10000.0,11614.28,1614.28,16.14,63.24,37.35,0.82,1.13,0.94,29.4,1.11,0.15,160,26.6,29.97,-4.63,98.1,16.0,1600.0,3,3,25.77,0.04,-4.29,-13.76,-8.93,22.8
EMA_SAR_5_50_30m,30m,5,50,Stop-and-Reverse (SAR),10000.0,11613.03,1613.03,16.13,63.23,30.76,0.81,1.17,1.14,24.2,1.07,0.08,314,13.7,22.14,-4.63,98.9,31.4,3140.0,4,2,20.77,6.19,0.21,-5.84,-12.58,9.77
EMA_SAR_90_175_5m,5m,90,175,Stop-and-Reverse (SAR),10000.0,11609.83,1609.83,16.1,63.2,27.68,0.8,1.06,1.27,29.4,1.07,0.1,252,17.1,22.38,-5.41,99.3,25.2,2520.0,4,2,20.7,12.93,0.85,-6.39,-11.3,1.72
EMA_SAR_115_155_5m,5m,115,155,Stop-and-Reverse (SAR),10000.0,11610.38,1610.38,16.1,63.2,25.47,0.8,1.06,1.38,30.7,1.07,0.11,228,18.9,22.57,-6.72,99.4,22.8,2280.0,3,3,21.78,9.52,-1.51,-3.43,-8.49,0.01
EMA_SAR_90_180_5m,5m,90,180,Stop-and-Reverse (SAR),10000.0,11607.42,1607.42,16.07,63.17,26.54,0.8,1.06,1.32,30.7,1.07,0.1,244,17.7,22.33,-5.38,99.3,24.4,2440.0,4,2,18.7,7.06,2.2,-2.38,-11.25,3.16
EMA_SAR_165_200_5m,5m,165,200,Stop-and-Reverse (SAR),10000.0,11601.17,1601.17,16.01,63.11,40.08,0.8,1.05,0.87,31.5,1.08,0.14,168,25.7,19.55,-7.2,99.2,16.8,1680.0,3,3,33.89,9.8,-8.18,-10.69,-14.93,13.12
EMA_SAR_110_180_5m,5m,110,180,Stop-and-Reverse (SAR),10000.0,11598.54,1598.54,15.99,63.09,27.76,0.8,1.05,1.26,30.3,1.07,0.11,208,20.7,21.2,-6.89,99.3,20.8,2080.0,3,3,24.94,8.15,4.62,-6.66,-11.72,-0.42
EMA_SAR_170_195_5m,5m,170,195,Stop-and-Reverse (SAR),10000.0,11598.3,1598.3,15.98,63.08,40.53,0.8,1.04,0.86,31.9,1.08,0.14,166,26.0,19.55,-7.2,99.3,16.6,1660.0,3,3,35.25,9.79,-8.56,-10.46,-15.42,12.78
EMA_SAR_15_85_30m,30m,15,85,Stop-and-Reverse (SAR),10000.0,11586.01,1586.01,15.86,62.96,36.86,0.81,1.12,0.94,30.3,1.11,0.18,132,32.3,30.29,-5.08,98.1,13.2,1320.0,4,2,28.52,2.46,0.49,-19.88,-8.2,19.05
EMA_SAR_110_160_5m,5m,110,160,Stop-and-Reverse (SAR),10000.0,11586.14,1586.14,15.86,62.96,27.12,0.79,1.05,1.27,31.3,1.07,0.1,230,18.8,22.42,-6.72,99.4,23.0,2300.0,2,4,21.63,12.82,-1.87,-3.43,-9.74,-1.29
EMA_SAR_160_195_5m,5m,160,195,Stop-and-Reverse (SAR),10000.0,11583.32,1583.32,15.83,62.93,38.58,0.79,1.04,0.89,30.2,1.08,0.14,172,25.1,19.69,-8.02,99.3,17.2,1720.0,3,3,31.37,11.93,-9.0,-11.15,-13.69,12.89
EMA_SAR_140_145_5m,5m,140,145,Stop-and-Reverse (SAR),10000.0,11581.97,1581.97,15.82,62.92,25.57,0.79,1.04,1.35,31.1,1.07,0.11,206,21.0,21.2,-6.92,99.4,20.6,2060.0,4,2,21.41,9.11,2.9,-5.89,-10.36,0.71
EMA_SAR_80_185_5m,5m,80,185,Stop-and-Reverse (SAR),10000.0,11570.65,1570.65,15.71,62.81,26.43,0.79,1.05,1.29,30.1,1.06,0.09,256,16.8,22.41,-5.42,99.3,25.6,2560.0,2,4,21.34,16.22,-4.74,-1.7,-10.67,-1.93
EMA_SAR_5_25_1h,1h,5,25,Stop-and-Reverse (SAR),10000.0,11567.6,1567.6,15.68,62.78,29.75,0.8,1.12,1.15,29.6,1.07,0.11,216,19.9,21.22,-7.09,98.9,21.6,2160.0,2,4,21.42,19.66,-3.23,-4.42,-9.32,-5.08
EMA_SAR_115_160_5m,5m,115,160,Stop-and-Reverse (SAR),10000.0,11554.52,1554.52,15.55,62.65,27.92,0.79,1.04,1.21,31.8,1.07,0.13,220,19.6,23.28,-6.8,99.4,22.0,2200.0,2,4,23.81,9.82,-2.81,-5.23,-6.69,-1.12
EMA_SAR_60_155_5m,5m,60,155,Stop-and-Reverse (SAR),10000.0,11553.54,1553.54,15.54,62.64,30.05,0.79,1.04,1.12,27.0,1.05,0.09,326,13.2,23.52,-4.6,99.4,32.6,3260.0,3,3,24.5,24.94,-12.06,6.33,-17.54,-3.67
EMA_SAR_50_180_5m,5m,50,180,Stop-and-Reverse (SAR),10000.0,11546.27,1546.27,15.46,62.56,31.1,0.78,1.04,1.08,26.2,1.05,0.08,328,13.2,22.97,-4.55,99.3,32.8,3280.0,3,3,31.72,17.89,-11.62,3.25,-17.73,-0.96
EMA_SAR_185_195_5m,5m,185,195,Stop-and-Reverse (SAR),10000.0,11545.07,1545.07,15.45,62.55,40.39,0.78,1.03,0.83,29.5,1.08,0.14,166,26.0,19.91,-7.22,99.3,16.6,1660.0,3,3,33.86,14.82,-10.62,-13.8,-14.21,13.64
EMA_SAR_90_120_5m,5m,90,120,Stop-and-Reverse (SAR),10000.0,11499.95,1499.95,15.0,62.1,32.87,0.77,1.02,0.99,29.3,1.05,0.08,304,14.2,23.13,-5.39,99.5,30.4,3040.0,3,3,28.5,25.81,-13.64,2.31,-17.48,-2.43
EMA_SAR_5_45_30m,30m,5,45,Stop-and-Reverse (SAR),10000.0,11499.25,1499.25,14.99,62.09,31.81,0.77,1.12,1.02,24.1,1.06,0.07,336,12.8,22.72,-4.63,99.0,33.6,3360.0,4,2,19.38,19.49,2.18,-7.07,-17.99,3.51
EMA_SAR_95_115_5m,5m,95,115,Stop-and-Reverse (SAR),10000.0,11494.48,1494.48,14.94,62.04,33.91,0.77,1.02,0.96,29.3,1.05,0.08,304,14.2,23.13,-5.39,99.6,30.4,3040.0,3,3,29.0,26.62,-14.55,2.83,-17.95,-2.39
EMA_SAR_55_165_5m,5m,55,165,Stop-and-Reverse (SAR),10000.0,11438.89,1438.89,14.39,61.49,30.61,0.75,1.0,1.02,26.5,1.05,0.07,332,13.0,23.46,-4.6,99.4,33.2,3320.0,3,3,27.31,21.7,-12.82,4.85,-17.79,-1.76
EMA_SAR_130_140_5m,5m,130,140,Stop-and-Reverse (SAR),10000.0,11432.31,1432.31,14.32,61.42,26.46,0.75,0.99,1.17,30.7,1.06,0.1,228,18.9,22.57,-6.8,99.5,22.8,2280.0,3,3,22.38,7.42,0.04,-3.78,-8.57,-1.19
EMA_SAR_20_75_30m,30m,20,75,Stop-and-Reverse (SAR),10000.0,11406.77,1406.77,14.07,61.17,41.15,0.75,1.04,0.74,34.2,1.1,0.18,120,35.6,30.29,-6.47,98.3,12.0,1200.0,3,3,35.54,2.9,-5.26,-18.82,-10.82,19.24
EMA_SAR_130_150_5m,5m,130,150,Stop-and-Reverse (SAR),10000.0,11397.32,1397.32,13.97,61.07,25.69,0.74,0.97,1.17,29.6,1.06,0.1,216,20.0,21.67,-6.79,99.4,21.6,2160.0,3,3,21.46,8.25,1.63,-4.75,-8.86,-1.74
EMA_SAR_135_140_5m,5m,135,140,Stop-and-Reverse (SAR),10000.0,11388.8,1388.8,13.89,60.99,28.55,0.74,0.97,1.05,30.4,1.06,0.1,224,19.3,22.61,-6.75,99.5,22.4,2240.0,3,3,23.77,7.51,-4.15,-4.82,-6.6,0.45
EMA_SAR_80_130_5m,5m,80,130,Stop-and-Reverse (SAR),10000.0,11383.29,1383.29,13.83,60.93,32.31,0.74,0.98,0.92,28.6,1.05,0.08,304,14.2,23.33,-4.6,99.5,30.4,3040.0,3,3,29.75,21.77,-11.96,4.02,-20.23,-1.37
EMA_SAR_25_65_30m,30m,25,65,Stop-and-Reverse (SAR),10000.0,11382.1,1382.1,13.82,60.92,43.62,0.74,1.02,0.68,33.9,1.1,0.18,124,34.5,30.13,-6.24,98.5,12.4,1240.0,2,4,37.81,-1.17,-5.52,-17.62,-12.2,22.3
EMA_SAR_175_195_5m,5m,175,195,Stop-and-Reverse (SAR),10000.0,11368.06,1368.06,13.68,60.78,42.74,0.73,0.96,0.69,31.0,1.07,0.13,168,25.7,19.59,-7.14,99.3,16.8,1680.0,3,3,38.36,8.98,-10.3,-12.61,-14.6,12.61
EMA_SAR_180_195_5m,5m,180,195,Stop-and-Reverse (SAR),10000.0,11363.62,1363.62,13.64,60.74,40.24,0.73,0.95,0.73,31.8,1.07,0.13,170,25.4,19.59,-7.14,99.3,17.0,1700.0,3,3,35.1,9.76,-9.34,-10.72,-15.76,12.39
EMA_SAR_165_170_5m,5m,165,170,Stop-and-Reverse (SAR),10000.0,11344.06,1344.06,13.44,60.54,35.92,0.72,0.95,0.81,31.7,1.06,0.15,180,24.0,19.77,-7.49,99.3,18.0,1800.0,3,3,30.05,11.03,-10.2,-8.11,-12.93,9.34
EMA_SAR_100_110_5m,5m,100,110,Stop-and-Reverse (SAR),10000.0,11335.47,1335.47,13.35,60.45,33.58,0.72,0.95,0.86,28.8,1.04,0.08,306,14.1,23.13,-5.39,99.6,30.6,3060.0,3,3,28.66,25.34,-14.11,2.3,-17.63,-2.89
EMA_SAR_120_150_5m,5m,120,150,Stop-and-Reverse (SAR),10000.0,11333.14,1333.14,13.33,60.43,26.4,0.72,0.95,1.09,30.3,1.06,0.09,228,18.9,22.57,-6.8,99.4,22.8,2280.0,2,4,21.58,8.38,-1.03,-3.7,-8.9,-0.94
EMA_SAR_20_70_30m,30m,20,70,Stop-and-Reverse (SAR),10000.0,11320.7,1320.7,13.21,60.31,40.54,0.73,1.0,0.7,33.3,1.09,0.16,132,32.4,30.55,-6.47,98.4,13.2,1320.0,2,4,27.46,-0.96,-5.53,-16.09,-9.16,24.56
EMA_SAR_180_190_5m,5m,180,190,Stop-and-Reverse (SAR),10000.0,11319.5,1319.5,13.2,60.3,42.75,0.72,0.94,0.66,31.0,1.07,0.13,168,25.7,19.59,-7.14,99.3,16.8,1680.0,3,3,37.79,9.45,-10.37,-12.46,-15.06,12.61
EMA_SAR_25_60_30m,30m,25,60,Stop-and-Reverse (SAR),10000.0,11318.21,1318.21,13.18,60.28,44.29,0.72,0.98,0.64,36.3,1.09,0.16,124,34.5,20.04,-6.24,98.6,12.4,1240.0,2,4,31.46,-0.88,-8.81,-15.98,-10.67,26.91
EMA_SAR_125_145_5m,5m,125,145,Stop-and-Reverse (SAR),10000.0,11312.77,1312.77,13.13,60.23,26.76,0.71,0.94,1.06,30.7,1.06,0.09,228,18.9,22.57,-6.8,99.4,22.8,2280.0,2,4,21.95,7.42,-0.52,-3.86,-8.75,-1.04
EMA_SAR_10_100_30m,30m,10,100,Stop-and-Reverse (SAR),10000.0,11298.97,1298.97,12.99,60.09,32.67,0.72,0.99,0.85,31.0,1.09,0.15,142,29.9,30.68,-4.63,97.7,14.2,1420.0,3,3,24.71,3.23,-0.37,-16.78,-5.55,12.08
EMA_SAR_120_165_5m,5m,120,165,Stop-and-Reverse (SAR),10000.0,11282.87,1282.87,12.83,59.93,26.88,0.71,0.93,1.03,30.3,1.06,0.12,208,20.8,21.2,-6.89,99.4,20.8,2080.0,3,3,22.38,9.24,1.38,-6.0,-11.4,-0.05
EMA_SAR_130_145_5m,5m,130,145,Stop-and-Reverse (SAR),10000.0,11274.31,1274.31,12.74,59.84,28.83,0.7,0.93,0.95,30.4,1.06,0.09,224,19.3,22.61,-6.75,99.4,22.4,2240.0,2,4,23.99,7.73,-4.12,-5.67,-6.36,-0.35
EMA_SAR_25_75_30m,30m,25,75,Stop-and-Reverse (SAR),10000.0,11253.09,1253.09,12.53,59.63,40.47,0.7,0.97,0.66,36.4,1.1,0.18,110,38.8,30.48,-5.84,98.3,11.0,1100.0,3,3,34.08,2.14,-6.99,-18.32,-6.98,16.29
EMA_SAR_125_150_5m,5m,125,150,Stop-and-Reverse (SAR),10000.0,11249.87,1249.87,12.5,59.6,28.87,0.7,0.92,0.93,30.1,1.05,0.11,226,19.1,22.61,-6.75,99.4,22.6,2260.0,2,4,24.76,7.25,-4.04,-6.31,-5.99,-0.52
EMA_SAR_75_135_5m,5m,75,135,Stop-and-Reverse (SAR),10000.0,11223.93,1223.93,12.24,59.34,31.45,0.69,0.91,0.83,27.4,1.04,0.07,310,13.9,23.33,-4.6,99.5,31.0,3100.0,3,3,27.78,18.68,-12.01,7.3,-20.91,-0.88
EMA_SAR_20_60_30m,30m,20,60,Stop-and-Reverse (SAR),10000.0,11209.57,1209.57,12.1,59.2,44.48,0.69,0.93,0.58,36.0,1.08,0.14,136,31.5,20.58,-6.47,98.6,13.6,1360.0,3,3,27.6,1.14,-10.18,-16.92,-6.41,24.38
EMA_SAR_135_145_5m,5m,135,145,Stop-and-Reverse (SAR),10000.0,11204.88,1204.88,12.05,59.15,26.71,0.68,0.9,0.97,29.2,1.05,0.11,216,20.0,21.67,-6.79,99.4,21.6,2160.0,3,3,22.28,8.13,0.02,-5.8,-8.79,-1.38
EMA_SAR_160_175_5m,5m,160,175,Stop-and-Reverse (SAR),10000.0,11199.61,1199.61,12.0,59.1,36.51,0.68,0.89,0.7,30.2,1.06,0.11,182,23.7,19.77,-7.49,99.3,18.2,1820.0,3,3,29.76,10.86,-10.74,-8.21,-13.09,9.33
EMA_SAR_170_200_5m,5m,170,200,Stop-and-Reverse (SAR),10000.0,11183.81,1183.81,11.84,58.94,43.19,0.68,0.88,0.59,30.6,1.06,0.12,170,25.4,19.59,-7.2,99.2,17.0,1700.0,3,3,36.88,8.53,-10.62,-12.52,-14.69,12.87
EMA_SAR_50_175_5m,5m,50,175,Stop-and-Reverse (SAR),10000.0,11148.82,1148.82,11.49,58.59,31.9,0.67,0.88,0.77,25.9,1.04,0.06,336,12.8,23.29,-4.55,99.3,33.6,3360.0,3,3,28.28,18.01,-12.43,3.87,-17.1,-2.34
EMA_SAR_35_40_30m,30m,35,40,Stop-and-Reverse (SAR),10000.0,11142.27,1142.27,11.42,58.52,45.79,0.67,0.89,0.53,36.7,1.07,0.15,128,33.6,21.07,-6.24,99.1,12.8,1280.0,2,4,29.18,-3.09,-6.67,-18.53,-9.09,28.75
EMA_SAR_25_55_30m,30m,25,55,Stop-and-Reverse (SAR),10000.0,11134.98,1134.98,11.35,58.45,46.3,0.66,0.9,0.52,36.4,1.07,0.14,132,32.5,20.58,-6.47,98.7,13.2,1320.0,3,3,28.54,3.06,-10.65,-17.49,-10.17,26.92
EMA_SAR_175_200_5m,5m,175,200,Stop-and-Reverse (SAR),10000.0,11130.18,1130.18,11.3,58.4,41.33,0.66,0.86,0.58,31.8,1.06,0.11,170,25.4,19.59,-7.14,99.2,17.0,1700.0,3,3,34.99,9.9,-9.26,-12.01,-16.28,12.24
EMA_SAR_10_70_1h,1h,10,70,Stop-and-Reverse (SAR),10000.0,11088.43,1088.43,10.88,57.98,34.5,0.65,0.9,0.67,33.3,1.1,0.2,90,46.7,29.31,-5.81,96.8,9.0,900.0,2,4,23.26,-2.63,-7.95,-4.54,-4.34,9.92
EMA_SAR_5_40_1h,1h,5,40,Stop-and-Reverse (SAR),10000.0,11077.22,1077.22,10.77,57.87,40.15,0.65,0.93,0.57,30.5,1.07,0.11,164,26.0,30.08,-5.46,98.2,16.4,1640.0,2,4,27.43,-0.62,-7.6,-14.97,-7.01,19.71
EMA_SAR_85_185_5m,5m,85,185,Stop-and-Reverse (SAR),10000.0,11051.82,1051.82,10.52,57.62,29.66,0.64,0.84,0.75,30.1,1.05,0.09,256,16.8,22.33,-5.41,99.3,25.6,2560.0,4,2,18.25,7.14,0.85,-5.65,-10.79,2.76
EMA_SAR_120_155_5m,5m,120,155,Stop-and-Reverse (SAR),10000.0,11005.83,1005.83,10.06,57.16,29.92,0.62,0.82,0.71,30.6,1.04,0.1,222,19.5,22.61,-6.75,99.4,22.2,2220.0,2,4,23.73,7.19,-3.64,-7.13,-6.58,-0.74
EMA_SAR_75_195_5m,5m,75,195,Stop-and-Reverse (SAR),10000.0,10999.84,999.84,10.0,57.1,31.0,0.62,0.82,0.68,29.9,1.04,0.07,264,16.3,22.41,-5.42,99.3,26.4,2640.0,2,4,21.87,13.49,-2.92,-5.43,-12.03,-1.54
EMA_SAR_85_180_5m,5m,85,180,Stop-and-Reverse (SAR),10000.0,10989.11,989.11,9.89,56.99,30.21,0.62,0.82,0.69,29.1,1.04,0.07,258,16.7,22.41,-5.42,99.3,25.8,2580.0,2,4,22.05,11.21,-3.03,-4.88,-11.34,-1.0
EMA_SAR_75_200_5m,5m,75,200,Stop-and-Reverse (SAR),10000.0,10981.48,981.48,9.81,56.91,30.2,0.61,0.81,0.69,28.9,1.04,0.07,256,16.8,22.43,-5.41,99.2,25.6,2560.0,2,4,21.1,11.1,-3.06,-4.31,-9.73,-2.52
EMA_SAR_80_195_5m,5m,80,195,Stop-and-Reverse (SAR),10000.0,10976.3,976.3,9.76,56.86,28.5,0.61,0.81,0.73,29.1,1.04,0.07,254,17.0,22.37,-5.38,99.3,25.4,2540.0,2,4,18.83,8.41,-0.57,-3.49,-10.4,-0.9
EMA_SAR_20_95_30m,30m,20,95,Stop-and-Reverse (SAR),10000.0,10953.79,953.79,9.54,56.64,40.44,0.61,0.83,0.5,35.8,1.08,0.16,106,40.1,30.34,-5.81,97.8,10.6,1060.0,2,4,33.77,-0.22,-6.35,-15.64,-8.02,12.94
EMA_SAR_10_105_30m,30m,10,105,Stop-and-Reverse (SAR),10000.0,10937.65,937.65,9.38,56.48,33.31,0.6,0.83,0.59,28.5,1.06,0.12,144,29.4,30.42,-4.63,97.6,14.4,1440.0,3,3,23.7,2.16,-0.65,-15.43,-6.43,10.09
EMA_SAR_15_110_30m,30m,15,110,Stop-and-Reverse (SAR),10000.0,10874.52,874.52,8.75,55.85,34.76,0.58,0.8,0.53,35.7,1.07,0.15,112,37.8,30.13,-5.08,97.5,11.2,1120.0,2,4,25.87,-2.39,-6.5,-8.14,-4.94,8.41
EMA_SAR_15_135_30m,30m,15,135,Stop-and-Reverse (SAR),10000.0,10865.8,865.8,8.66,55.76,35.59,0.58,0.78,0.51,30.4,1.08,0.16,102,41.3,29.01,-5.46,96.9,10.2,1020.0,2,4,16.26,-7.25,-2.63,-1.79,-5.73,11.79
EMA_SAR_25_70_30m,30m,25,70,Stop-and-Reverse (SAR),10000.0,10837.64,837.64,8.38,55.48,42.42,0.57,0.78,0.42,32.0,1.06,0.13,128,33.4,30.51,-6.24,98.4,12.8,1280.0,3,3,34.01,4.34,-9.33,-19.16,-9.82,17.26
EMA_SAR_25_45_30m,30m,25,45,Stop-and-Reverse (SAR),10000.0,10837.98,837.98,8.38,55.48,44.34,0.57,0.78,0.4,32.7,1.05,0.1,150,28.7,19.81,-6.47,99.0,15.0,1500.0,2,4,28.04,-3.11,-11.15,-13.94,-9.4,26.1
EMA_SAR_25_40_30m,30m,25,40,Stop-and-Reverse (SAR),10000.0,10826.71,826.71,8.27,55.37,40.87,0.57,0.75,0.43,33.3,1.05,0.14,156,27.6,20.09,-7.06,99.1,15.6,1560.0,3,3,31.62,5.66,-10.19,-12.42,-11.5,11.83
EMA_SAR_150_180_5m,5m,150,180,Stop-and-Reverse (SAR),10000.0,10822.72,822.72,8.23,55.33,37.72,0.57,0.74,0.46,31.7,1.04,0.12,180,24.0,20.37,-7.49,99.3,18.0,1800.0,3,3,30.57,8.57,-11.78,-9.42,-11.47,7.93
EMA_SAR_5_190_1h,1h,5,190,Stop-and-Reverse (SAR),10000.0,10822.29,822.29,8.22,55.32,37.1,0.57,0.74,0.47,16.1,1.1,0.27,62,63.9,30.41,-5.46,91.3,6.2,620.0,4,2,18.76,6.43,-21.4,-4.89,6.07,7.99
EMA_SAR_15_60_30m,30m,15,60,Stop-and-Reverse (SAR),10000.0,10814.23,814.23,8.14,55.24,43.9,0.56,0.78,0.39,31.2,1.05,0.1,160,26.8,19.81,-7.06,98.6,16.0,1600.0,2,4,29.69,-5.83,-5.94,-9.97,-9.54,15.6
EMA_SAR_30_35_30m,30m,30,35,Stop-and-Reverse (SAR),10000.0,10813.27,813.27,8.13,55.23,40.76,0.56,0.75,0.42,33.5,1.04,0.13,158,27.3,20.09,-7.06,99.2,15.8,1580.0,3,3,31.68,7.76,-11.61,-11.44,-13.15,12.09
EMA_SAR_20_55_30m,30m,20,55,Stop-and-Reverse (SAR),10000.0,10807.66,807.66,8.08,55.18,44.54,0.56,0.76,0.38,35.4,1.05,0.11,144,29.8,20.16,-7.06,98.7,14.4,1440.0,2,4,25.69,-1.45,-12.8,-13.98,-5.57,23.18
EMA_SAR_10_80_30m,30m,10,80,Stop-and-Reverse (SAR),10000.0,10803.3,803.3,8.03,55.13,39.49,0.56,0.78,0.43,30.4,1.05,0.1,168,25.4,29.87,-4.63,98.2,16.8,1680.0,3,3,23.18,0.06,-5.28,-15.63,-7.94,19.15
EMA_SAR_155_180_5m,5m,155,180,Stop-and-Reverse (SAR),10000.0,10799.67,799.67,8.0,55.1,37.06,0.56,0.73,0.45,30.9,1.04,0.09,178,24.2,19.58,-7.49,99.3,17.8,1780.0,3,3,29.53,8.06,-10.71,-8.45,-12.72,8.14
EMA_SAR_45_195_5m,5m,45,195,Stop-and-Reverse (SAR),10000.0,10797.85,797.85,7.98,55.08,35.39,0.56,0.74,0.47,26.2,1.03,0.05,332,13.0,23.12,-4.55,99.3,33.2,3320.0,3,3,33.46,14.57,-10.4,1.43,-19.59,-3.37
EMA_SAR_135_200_5m,5m,135,200,Stop-and-Reverse (SAR),10000.0,10796.56,796.56,7.97,55.07,35.92,0.56,0.73,0.47,31.3,1.04,0.09,182,23.7,19.6,-7.49,99.2,18.2,1820.0,3,3,29.46,7.81,-11.47,-8.06,-10.96,6.73
EMA_SAR_70_140_5m,5m,70,140,Stop-and-Reverse (SAR),10000.0,10778.32,778.32,7.78,54.88,32.36,0.55,0.73,0.5,25.9,1.03,0.06,324,13.3,23.46,-4.6,99.5,32.4,3240.0,3,3,25.18,15.23,-13.03,6.99,-19.19,-0.62
EMA_SAR_15_90_30m,30m,15,90,Stop-and-Reverse (SAR),10000.0,10769.25,769.25,7.69,54.79,40.06,0.55,0.76,0.4,30.8,1.06,0.12,130,32.7,29.83,-5.08,97.9,13.0,1300.0,2,4,26.48,-1.22,-2.93,-19.5,-6.24,17.64
EMA_SAR_5_20_1h,1h,5,20,Stop-and-Reverse (SAR),10000.0,10769.28,769.28,7.69,54.79,33.01,0.55,0.77,0.49,28.5,1.03,0.07,242,17.8,22.14,-6.64,99.1,24.2,2420.0,3,3,21.85,10.46,-2.44,2.48,-12.14,-8.9
EMA_SAR_145_190_5m,5m,145,190,Stop-and-Reverse (SAR),10000.0,10751.84,751.84,7.52,54.62,37.91,0.54,0.71,0.42,31.2,1.04,0.09,176,24.5,19.6,-7.49,99.3,17.6,1760.0,3,3,30.15,8.48,-11.8,-8.13,-13.08,8.12
EMA_SAR_25_80_30m,30m,25,80,Stop-and-Reverse (SAR),10000.0,10725.13,725.13,7.25,54.35,42.13,0.53,0.73,0.36,33.6,1.06,0.14,110,38.8,30.22,-5.67,98.2,11.0,1100.0,3,3,33.29,1.04,-7.31,-19.26,-6.14,13.37
EMA_SAR_15_140_30m,30m,15,140,Stop-and-Reverse (SAR),10000.0,10714.55,714.55,7.15,54.25,36.27,0.53,0.71,0.41,29.4,1.07,0.14,102,41.2,29.34,-5.46,96.8,10.2,1020.0,2,4,15.65,-7.28,-4.49,-1.16,-4.15,10.44
EMA_SAR_150_185_5m,5m,150,185,Stop-and-Reverse (SAR),10000.0,10708.96,708.96,7.09,54.19,37.79,0.53,0.69,0.39,31.2,1.03,0.09,176,24.5,19.6,-7.49,99.3,17.6,1760.0,3,3,29.4,9.19,-11.85,-8.34,-13.24,8.11
EMA_SAR_155_175_5m,5m,155,175,Stop-and-Reverse (SAR),10000.0,10702.94,702.94,7.03,54.13,37.49,0.53,0.69,0.39,31.1,1.03,0.09,180,24.0,19.63,-7.49,99.3,18.0,1800.0,3,3,30.63,7.54,-11.57,-9.67,-11.54,7.81
EMA_SAR_160_170_5m,5m,160,170,Stop-and-Reverse (SAR),10000.0,10702.29,702.29,7.02,54.12,37.17,0.53,0.69,0.39,30.8,1.03,0.09,182,23.7,19.63,-7.49,99.3,18.2,1820.0,3,3,30.64,7.37,-11.27,-9.4,-11.49,7.23
EMA_SAR_30_55_30m,30m,30,55,Stop-and-Reverse (SAR),10000.0,10695.2,695.2,6.95,54.05,49.39,0.52,0.71,0.29,34.9,1.05,0.11,126,34.0,20.04,-5.84,98.7,12.6,1260.0,2,4,37.16,-2.91,-8.72,-21.35,-11.06,25.79
EMA_SAR_55_160_5m,5m,55,160,Stop-and-Reverse (SAR),10000.0,10670.41,670.41,6.7,53.8,35.78,0.52,0.69,0.39,26.0,1.02,0.05,342,12.6,23.61,-4.6,99.4,34.2,3420.0,3,3,25.57,23.67,-14.56,3.95,-19.75,-3.6
EMA_SAR_140_195_5m,5m,140,195,Stop-and-Reverse (SAR),10000.0,10668.57,668.57,6.69,53.79,37.22,0.52,0.68,0.37,31.1,1.03,0.09,180,24.0,19.6,-7.49,99.3,18.0,1800.0,3,3,29.57,8.8,-11.44,-9.16,-12.27,7.24
EMA_SAR_30_70_30m,30m,30,70,Stop-and-Reverse (SAR),10000.0,10654.2,654.2,6.54,53.64,42.1,0.51,0.7,0.32,34.3,1.05,0.14,108,39.6,30.22,-5.84,98.4,10.8,1080.0,3,3,32.84,1.91,-10.27,-18.03,-5.87,13.68
EMA_SAR_30_45_30m,30m,30,45,Stop-and-Reverse (SAR),10000.0,10638.03,638.03,6.38,53.48,47.63,0.51,0.68,0.28,35.9,1.04,0.11,128,33.6,20.95,-6.24,99.0,12.8,1280.0,2,4,26.22,-6.91,-7.6,-17.02,-9.25,30.11
EMA_SAR_5_50_1h,1h,5,50,Stop-and-Reverse (SAR),10000.0,10600.39,600.39,6.0,53.1,35.89,0.49,0.69,0.35,29.9,1.04,0.1,144,29.5,30.68,-5.46,97.7,14.4,1440.0,3,3,23.76,4.35,-7.22,-14.26,-8.11,12.29
EMA_SAR_20_50_30m,30m,20,50,Stop-and-Reverse (SAR),10000.0,10596.11,596.11,5.96,53.06,46.5,0.49,0.67,0.27,31.3,1.04,0.09,150,28.6,20.09,-7.06,98.9,15.0,1500.0,2,4,31.05,-2.67,-11.77,-12.84,-10.82,21.13
EMA_SAR_10_60_30m,30m,10,60,Stop-and-Reverse (SAR),10000.0,10594.27,594.27,5.94,53.04,39.75,0.49,0.68,0.31,27.9,1.03,0.07,204,21.0,19.74,-4.63,98.6,20.4,2040.0,2,4,22.74,-12.62,-1.96,-5.7,-7.04,14.94
EMA_SAR_10_120_30m,30m,10,120,Stop-and-Reverse (SAR),10000.0,10586.68,586.68,5.87,52.97,33.23,0.48,0.67,0.37,29.7,1.05,0.11,128,33.0,30.11,-4.63,97.2,12.8,1280.0,3,3,20.06,1.56,-6.18,-6.35,-7.42,6.74
EMA_SAR_40_200_5m,5m,40,200,Stop-and-Reverse (SAR),10000.0,10584.57,584.57,5.85,52.95,38.15,0.49,0.65,0.32,25.0,1.02,0.05,344,12.5,23.2,-4.44,99.2,34.4,3440.0,3,3,32.64,12.14,-9.63,-2.6,-19.64,0.62
EMA_SAR_105_140_1h,1h,105,140,Stop-and-Reverse (SAR),10000.0,10584.6,584.6,5.85,52.95,38.76,0.48,0.63,0.31,21.7,1.09,0.65,23,176.7,33.43,-9.82,93.6,2.3,230.0,3,3,16.04,-5.96,-10.6,-4.04,1.16,11.76
EMA_SAR_10_55_1h,1h,10,55,Stop-and-Reverse (SAR),10000.0,10571.95,571.95,5.72,52.82,33.18,0.48,0.67,0.36,34.7,1.05,0.14,98,43.2,30.02,-5.81,97.5,9.8,980.0,2,4,27.75,-5.17,-0.75,-8.17,-6.84,2.78
EMA_SAR_10_165_30m,30m,10,165,Stop-and-Reverse (SAR),10000.0,10565.35,565.35,5.65,52.75,33.73,0.48,0.64,0.35,29.5,1.05,0.12,105,39.8,29.06,-4.63,96.2,10.5,1050.0,3,3,20.03,1.2,-13.29,-0.63,-0.32,1.28
EMA_SAR_100_145_1h,1h,100,145,Stop-and-Reverse (SAR),10000.0,10562.06,562.06,5.62,52.72,38.68,0.47,0.62,0.3,21.7,1.09,0.64,23,176.2,33.5,-10.21,93.3,2.3,230.0,3,3,15.79,-6.64,-9.94,-4.04,1.16,11.76
EMA_SAR_5_185_1h,1h,5,185,Stop-and-Reverse (SAR),10000.0,10552.93,552.93,5.53,52.63,37.23,0.47,0.61,0.31,16.7,1.07,0.21,66,60.2,30.36,-5.46,91.5,6.6,660.0,4,2,16.85,6.71,-21.56,-5.56,6.58,7.19
EMA_SAR_20_85_30m,30m,20,85,Stop-and-Reverse (SAR),10000.0,10552.52,552.52,5.53,52.63,43.4,0.47,0.65,0.26,32.8,1.04,0.12,116,36.7,30.52,-5.93,98.1,11.6,1160.0,3,3,34.06,2.69,-10.89,-17.47,-8.21,13.55
EMA_SAR_20_90_30m,30m,20,90,Stop-and-Reverse (SAR),10000.0,10551.12,551.12,5.51,52.61,41.05,0.47,0.65,0.28,34.2,1.04,0.12,114,37.3,30.37,-5.5,97.9,11.4,1140.0,3,3,31.79,0.33,-9.87,-14.59,-7.15,11.63
EMA_SAR_20_140_30m,30m,20,140,Stop-and-Reverse (SAR),10000.0,10550.19,550.19,5.5,52.6,35.79,0.47,0.63,0.32,28.1,1.05,0.14,96,43.8,29.88,-5.67,96.8,9.6,960.0,2,4,23.85,-6.01,-6.63,-3.95,-4.29,5.59
EMA_SAR_15_105_30m,30m,15,105,Stop-and-Reverse (SAR),10000.0,10549.97,549.97,5.5,52.6,37.99,0.47,0.65,0.3,31.9,1.04,0.12,116,36.5,30.41,-5.08,97.6,11.6,1160.0,2,4,25.67,-5.64,-0.57,-14.91,-5.12,10.83
EMA_SAR_20_145_30m,30m,20,145,Stop-and-Reverse (SAR),10000.0,10542.84,542.84,5.43,52.53,35.62,0.47,0.63,0.32,29.3,1.05,0.14,92,45.6,28.94,-5.67,96.7,9.2,920.0,2,4,19.77,-3.3,-8.23,-7.55,-1.3,8.71
EMA_SAR_5_55_1h,1h,5,55,Stop-and-Reverse (SAR),10000.0,10538.07,538.07,5.38,52.48,35.9,0.47,0.66,0.31,30.0,1.04,0.1,130,32.6,29.97,-5.46,97.5,13.0,1300.0,3,3,27.43,4.81,-9.37,-10.33,-9.91,7.76
EMA_SAR_90_150_1h,1h,90,150,Stop-and-Reverse (SAR),10000.0,10529.21,529.21,5.29,52.39,37.96,0.46,0.6,0.29,20.0,1.08,0.58,25,161.7,34.02,-9.31,93.1,2.5,250.0,3,3,16.81,-5.22,-10.59,-4.15,1.71,9.1
EMA_SAR_35_45_30m,30m,35,45,Stop-and-Reverse (SAR),10000.0,10510.24,510.24,5.1,52.2,49.11,0.46,0.62,0.22,37.7,1.03,0.1,122,35.2,20.13,-5.93,99.0,12.2,1220.0,2,4,33.76,-4.17,-9.73,-20.59,-9.92,26.98
EMA_SAR_50_80_30m,30m,50,80,Stop-and-Reverse (SAR),10000.0,10505.67,505.67,5.06,52.16,41.8,0.46,0.62,0.25,33.3,1.05,0.15,84,50.8,29.05,-5.55,98.2,8.4,840.0,3,3,26.26,-9.43,-8.87,-10.72,1.15,11.63
EMA_SAR_20_80_30m,30m,20,80,Stop-and-Reverse (SAR),10000.0,10506.31,506.31,5.06,52.16,44.35,0.46,0.63,0.24,30.3,1.04,0.11,122,34.9,30.13,-6.47,98.2,12.2,1220.0,3,3,35.18,2.48,-8.42,-21.11,-9.13,15.53
EMA_SAR_10_45_1h,1h,10,45,Stop-and-Reverse (SAR),10000.0,10500.91,500.91,5.01,52.11,44.88,0.45,0.64,0.23,34.2,1.04,0.12,114,37.3,30.52,-5.81,98.0,11.4,1140.0,3,3,30.33,0.59,-10.17,-17.17,-11.55,21.71
EMA_SAR_45_190_5m,5m,45,190,Stop-and-Reverse (SAR),10000.0,10491.68,491.68,4.92,52.02,36.75,0.46,0.61,0.28,24.9,1.02,0.04,338,12.8,22.97,-4.44,99.3,33.8,3380.0,3,3,33.28,10.08,-11.69,0.79,-18.65,-1.25
EMA_SAR_5_30_1h,1h,5,30,Stop-and-Reverse (SAR),10000.0,10474.83,474.83,4.75,51.85,38.85,0.45,0.64,0.25,29.1,1.03,0.06,196,21.9,19.74,-5.46,98.6,19.6,1960.0,3,3,21.74,0.41,-10.81,-8.77,-9.95,16.95
EMA_SAR_10_75_30m,30m,10,75,Stop-and-Reverse (SAR),10000.0,10457.2,457.2,4.57,51.67,41.73,0.45,0.62,0.23,28.3,1.03,0.06,180,23.7,20.16,-4.63,98.3,18.0,1800.0,2,4,21.81,-3.78,-4.57,-13.65,-7.55,17.13
EMA_SAR_30_190_1h,1h,30,190,Stop-and-Reverse (SAR),10000.0,10452.23,452.23,4.52,51.62,41.09,0.43,0.56,0.23,17.6,1.06,0.37,34,116.6,29.23,-7.17,91.3,3.4,340.0,3,3,17.83,-6.59,-14.19,-6.13,5.29,11.97
EMA_SAR_30_195_1h,1h,30,195,Stop-and-Reverse (SAR),10000.0,10449.25,449.25,4.49,51.59,40.66,0.43,0.55,0.23,18.8,1.06,0.4,32,123.5,29.21,-7.17,91.0,3.2,320.0,3,3,17.05,-7.39,-14.56,-4.22,5.29,11.87
EMA_SAR_5_195_1h,1h,5,195,Stop-and-Reverse (SAR),10000.0,10445.0,445.0,4.45,51.55,38.71,0.43,0.56,0.24,14.5,1.05,0.21,62,63.8,29.56,-5.46,91.0,6.2,620.0,4,2,18.07,6.53,-22.47,-6.14,6.07,7.59
EMA_SAR_15_145_30m,30m,15,145,Stop-and-Reverse (SAR),10000.0,10439.2,439.2,4.39,51.49,36.89,0.43,0.58,0.25,30.0,1.04,0.12,100,42.0,29.35,-5.46,96.7,10.0,1000.0,3,3,14.14,-7.97,-4.67,0.5,-4.15,8.23
EMA_SAR_10_115_30m,30m,10,115,Stop-and-Reverse (SAR),10000.0,10424.61,424.61,4.25,51.35,31.06,0.43,0.59,0.28,29.9,1.03,0.09,134,31.6,30.22,-4.63,97.4,13.4,1340.0,3,3,19.1,1.28,-4.89,-7.3,-3.77,1.86
EMA_SAR_30_200_1h,1h,30,200,Stop-and-Reverse (SAR),10000.0,10419.2,419.2,4.19,51.29,40.71,0.42,0.54,0.21,18.8,1.06,0.39,32,123.2,29.17,-7.17,90.8,3.2,320.0,3,3,17.19,-6.42,-14.91,-5.23,5.71,11.46
EMA_SAR_5_35_1h,1h,5,35,Stop-and-Reverse (SAR),10000.0,10417.16,417.16,4.17,51.27,40.62,0.43,0.61,0.21,31.8,1.03,0.06,176,24.3,20.21,-5.46,98.4,17.6,1760.0,2,4,25.95,-4.48,-9.97,-10.33,-6.47,14.67
EMA_SAR_85_145_1h,1h,85,145,Stop-and-Reverse (SAR),10000.0,10412.86,412.86,4.13,51.23,38.56,0.41,0.54,0.22,20.0,1.06,0.55,25,162.1,35.22,-9.26,93.3,2.5,250.0,3,3,18.8,-5.39,-10.46,-6.19,2.52,7.58
EMA_SAR_95_150_1h,1h,95,150,Stop-and-Reverse (SAR),10000.0,10403.71,403.71,4.04,51.14,38.41,0.41,0.54,0.22,20.0,1.06,0.53,25,161.7,33.5,-10.21,93.1,2.5,250.0,3,3,17.21,-6.64,-9.27,-4.85,1.72,8.28
EMA_SAR_25_30_1h,1h,25,30,Stop-and-Reverse (SAR),10000.0,10395.86,395.86,3.96,51.06,43.11,0.42,0.58,0.19,32.2,1.03,0.14,90,47.6,30.93,-7.09,98.6,9.0,900.0,2,4,30.96,-1.25,-9.48,-20.84,-3.41,16.13
EMA_SAR_15_35_1h,1h,15,35,Stop-and-Reverse (SAR),10000.0,10394.0,394.0,3.94,51.04,44.92,0.42,0.58,0.18,32.5,1.03,0.11,114,37.5,30.34,-6.34,98.4,11.4,1140.0,3,3,31.24,1.33,-8.43,-22.03,-9.25,20.63
EMA_SAR_55_65_30m,30m,55,65,Stop-and-Reverse (SAR),10000.0,10387.92,387.92,3.88,50.98,41.39,0.42,0.56,0.19,33.3,1.03,0.14,84,50.9,29.21,-6.33,98.5,8.4,840.0,2,4,28.98,-4.05,-9.71,-15.95,-2.4,13.33
EMA_SAR_110_130_1h,1h,110,130,Stop-and-Reverse (SAR),10000.0,10381.98,381.98,3.82,50.92,40.19,0.4,0.53,0.2,21.7,1.06,0.58,23,177.5,33.5,-10.21,94.0,2.3,230.0,2,4,16.88,-6.64,-9.4,-3.67,-2.31,11.58
EMA_SAR_110_115_1h,1h,110,115,Stop-and-Reverse (SAR),10000.0,10375.07,375.07,3.75,50.85,38.91,0.4,0.52,0.2,20.0,1.05,0.54,25,164.5,35.19,-9.26,94.7,2.5,250.0,2,4,18.66,-5.38,-7.62,-5.67,-1.72,7.91
EMA_SAR_40_200_1h,1h,40,200,Stop-and-Reverse (SAR),10000.0,10366.3,366.3,3.66,50.76,38.41,0.39,0.51,0.2,21.4,1.05,0.43,28,140.8,28.95,-8.68,90.8,2.8,280.0,4,2,17.74,-1.84,-16.9,0.6,1.27,5.95
EMA_SAR_30_50_30m,30m,30,50,Stop-and-Reverse (SAR),10000.0,10360.5,360.5,3.61,50.71,50.32,0.41,0.56,0.15,36.3,1.02,0.09,124,34.6,20.13,-6.24,98.9,12.4,1240.0,2,4,30.03,-1.41,-9.48,-21.46,-11.19,28.01
EMA_SAR_45_200_5m,5m,45,200,Stop-and-Reverse (SAR),10000.0,10353.7,353.7,3.54,50.64,39.49,0.42,0.55,0.18,25.4,1.01,0.04,334,12.9,23.29,-4.55,99.2,33.4,3340.0,3,3,36.29,12.06,-13.46,0.05,-19.56,-2.65
EMA_SAR_10_25_1h,1h,10,25,Stop-and-Reverse (SAR),10000.0,10348.78,348.78,3.49,50.59,42.11,0.41,0.55,0.17,32.3,1.02,0.07,158,27.2,20.29,-7.06,98.9,15.8,1580.0,3,3,29.24,0.46,-11.15,-7.49,-11.08,9.06
EMA_SAR_195_200_1h,1h,195,200,Stop-and-Reverse (SAR),10000.0,10342.63,342.63,3.43,50.53,25.82,0.38,0.5,0.27,31.2,1.06,0.73,16,246.4,32.71,-11.04,90.8,1.6,160.0,3,3,4.28,14.04,-10.8,1.73,-1.18,-3.0
EMA_SAR_25_85_30m,30m,25,85,Stop-and-Reverse (SAR),10000.0,10338.48,338.48,3.38,50.48,41.31,0.4,0.55,0.17,34.9,1.03,0.11,106,40.2,29.99,-5.67,98.1,10.6,1060.0,2,4,31.24,-3.32,-2.93,-18.36,-6.14,9.53
EMA_SAR_90_115_5m,5m,90,115,Stop-and-Reverse (SAR),10000.0,10313.3,313.3,3.13,50.23,34.6,0.4,0.53,0.19,29.4,1.01,0.05,310,14.0,23.4,-4.6,99.6,31.0,3100.0,3,3,23.64,17.6,-15.84,5.77,-19.87,-0.55
EMA_SAR_15_170_30m,30m,15,170,Stop-and-Reverse (SAR),10000.0,10311.86,311.86,3.12,50.22,32.24,0.39,0.52,0.2,28.0,1.03,0.11,93,44.9,28.88,-5.46,96.1,9.3,930.0,3,3,19.1,2.09,-12.05,-3.69,-0.37,0.5
EMA_SAR_105_135_1h,1h,105,135,Stop-and-Reverse (SAR),10000.0,10307.17,307.17,3.07,50.17,41.29,0.37,0.49,0.15,21.7,1.05,0.55,23,177.1,33.5,-10.21,93.8,2.3,230.0,2,4,18.21,-6.64,-10.44,-4.34,-2.31,11.58
EMA_SAR_175_195_1h,1h,175,195,Stop-and-Reverse (SAR),10000.0,10306.5,306.5,3.06,50.16,28.09,0.37,0.48,0.22,27.8,1.05,0.59,18,219.6,30.35,-10.42,91.0,1.8,180.0,3,3,4.67,14.15,-17.44,5.86,-1.17,-0.13
EMA_SAR_30_75_30m,30m,30,75,Stop-and-Reverse (SAR),10000.0,10304.56,304.56,3.05,50.15,43.88,0.39,0.53,0.14,33.7,1.02,0.11,104,41.0,30.12,-5.84,98.3,10.4,1040.0,2,4,32.24,-2.93,-6.63,-18.87,-5.85,12.56
EMA_SAR_5_70_30m,30m,5,70,Stop-and-Reverse (SAR),10000.0,10304.48,304.48,3.04,50.14,32.08,0.39,0.56,0.19,24.4,1.02,0.04,254,16.8,19.85,-4.63,98.4,25.4,2540.0,3,3,18.03,-2.32,0.24,-11.45,-5.48,6.53
EMA_SAR_10_170_30m,30m,10,170,Stop-and-Reverse (SAR),10000.0,10302.76,302.76,3.03,50.13,35.06,0.38,0.52,0.18,28.6,1.03,0.1,105,39.7,28.75,-4.63,96.1,10.5,1050.0,4,2,22.15,-1.36,-16.07,0.57,0.29,1.01
EMA_SAR_15_130_30m,30m,15,130,Stop-and-Reverse (SAR),10000.0,10302.53,302.53,3.03,50.13,35.35,0.39,0.52,0.18,30.4,1.03,0.11,102,41.3,29.51,-5.46,97.0,10.2,1020.0,2,4,18.59,-6.85,-1.13,-3.13,-6.15,3.76
EMA_SAR_35_200_1h,1h,35,200,Stop-and-Reverse (SAR),10000.0,10287.2,287.2,2.87,49.97,40.06,0.36,0.47,0.15,20.0,1.04,0.37,30,131.4,29.82,-7.35,90.8,3.0,300.0,4,2,17.38,0.5,-19.18,-4.32,3.97,8.46
EMA_SAR_100_130_1h,1h,100,130,Stop-and-Reverse (SAR),10000.0,10285.38,285.38,2.85,49.95,39.16,0.36,0.48,0.15,20.0,1.04,0.5,25,163.3,34.02,-9.31,94.0,2.5,250.0,2,4,16.48,-5.22,-7.48,-5.98,-1.72,8.98
EMA_SAR_80_190_5m,5m,80,190,Stop-and-Reverse (SAR),10000.0,10279.85,279.85,2.8,49.9,32.81,0.39,0.52,0.17,28.4,1.01,0.05,264,16.3,22.38,-5.41,99.3,26.4,2640.0,2,4,19.78,8.78,-2.98,-6.58,-12.36,-0.67
EMA_SAR_90_140_1h,1h,90,140,Stop-and-Reverse (SAR),10000.0,10275.76,275.76,2.76,49.86,39.76,0.36,0.47,0.14,20.0,1.04,0.5,25,162.5,35.19,-9.26,93.6,2.5,250.0,3,3,20.07,-5.38,-11.96,-6.03,2.06,7.12
EMA_SAR_115_125_1h,1h,115,125,Stop-and-Reverse (SAR),10000.0,10266.84,266.84,2.67,49.77,40.46,0.36,0.47,0.13,21.7,1.04,0.53,23,178.0,33.5,-10.21,94.3,2.3,230.0,2,4,16.1,-6.64,-9.4,-3.81,-2.6,11.58
EMA_SAR_110_140_1h,1h,110,140,Stop-and-Reverse (SAR),10000.0,10260.6,260.6,2.61,49.71,38.16,0.35,0.46,0.14,21.7,1.04,0.51,23,176.7,33.43,-9.82,93.6,2.3,230.0,3,3,16.04,-5.96,-9.91,-4.44,1.8,7.3
EMA_SAR_45_185_5m,5m,45,185,Stop-and-Reverse (SAR),10000.0,10255.26,255.26,2.55,49.65,38.51,0.38,0.51,0.14,24.4,1.01,0.04,348,12.4,23.29,-4.44,99.3,34.8,3480.0,3,3,30.35,11.22,-12.81,0.51,-19.16,-0.16
EMA_SAR_15_125_30m,30m,15,125,Stop-and-Reverse (SAR),10000.0,10253.93,253.93,2.54,49.64,36.02,0.37,0.5,0.14,31.7,1.02,0.1,104,40.6,30.16,-5.08,97.1,10.4,1040.0,2,4,20.25,-6.9,-2.23,-4.39,-5.08,3.21
EMA_SAR_95_140_1h,1h,95,140,Stop-and-Reverse (SAR),10000.0,10248.94,248.94,2.49,49.59,39.45,0.35,0.46,0.13,20.0,1.04,0.48,25,162.5,34.02,-9.31,93.6,2.5,250.0,2,4,16.71,-5.22,-8.32,-5.09,-2.25,8.92
EMA_SAR_10_65_30m,30m,10,65,Stop-and-Reverse (SAR),10000.0,10240.48,240.48,2.4,49.5,41.57,0.37,0.52,0.12,29.7,1.01,0.05,192,22.3,19.47,-4.63,98.5,19.2,1920.0,2,4,25.16,-12.07,-1.88,-8.51,-9.87,15.0
EMA_SAR_95_145_1h,1h,95,145,Stop-and-Reverse (SAR),10000.0,10234.18,234.18,2.34,49.44,38.03,0.34,0.45,0.13,20.0,1.03,0.47,25,162.1,33.5,-10.21,93.3,2.5,250.0,3,3,15.79,-6.64,-9.03,-4.34,1.53,7.15
EMA_SAR_10_50_1h,1h,10,50,Stop-and-Reverse (SAR),10000.0,10227.25,227.25,2.27,49.37,45.0,0.36,0.51,0.1,33.6,1.02,0.1,110,38.6,29.63,-5.81,97.7,11.0,1100.0,2,4,29.07,-6.39,-6.74,-18.25,-7.38,19.88
EMA_SAR_30_185_1h,1h,30,185,Stop-and-Reverse (SAR),10000.0,10223.48,223.48,2.23,49.33,41.78,0.34,0.44,0.11,17.6,1.03,0.31,34,116.9,29.41,-7.3,91.5,3.4,340.0,3,3,16.86,-6.72,-15.64,-6.27,5.99,11.9
EMA_SAR_10_145_1h,1h,10,145,Stop-and-Reverse (SAR),10000.0,10216.91,216.91,2.17,49.27,39.71,0.34,0.46,0.11,26.3,1.02,0.18,57,71.1,30.32,-5.46,93.3,5.7,570.0,4,2,21.65,4.89,-25.57,-5.15,7.67,5.33
EMA_SAR_100_150_1h,1h,100,150,Stop-and-Reverse (SAR),10000.0,10207.59,207.59,2.08,49.18,38.44,0.33,0.43,0.11,26.1,1.03,0.48,23,175.8,33.43,-9.82,93.1,2.3,230.0,3,3,16.18,-5.96,-10.58,-3.73,1.34,7.09
EMA_SAR_50_170_5m,5m,50,170,Stop-and-Reverse (SAR),10000.0,10207.83,207.83,2.08,49.18,36.35,0.37,0.49,0.12,24.6,1.01,0.05,350,12.3,23.56,-4.6,99.3,35.0,3500.0,3,3,26.9,14.92,-13.73,4.55,-19.54,-3.56
EMA_SAR_100_105_5m,5m,100,105,Stop-and-Reverse (SAR),10000.0,10208.47,208.47,2.08,49.18,36.29,0.37,0.49,0.12,28.6,1.01,0.06,308,14.0,23.4,-5.39,99.6,30.8,3080.0,3,3,25.67,17.69,-16.19,6.3,-18.78,-4.61
EMA_SAR_180_190_1h,1h,180,190,Stop-and-Reverse (SAR),10000.0,10204.34,204.34,2.04,49.14,28.33,0.33,0.42,0.15,27.8,1.04,0.53,18,220.2,30.07,-10.38,91.3,1.8,180.0,3,3,4.42,14.24,-17.86,5.86,-1.5,-0.13
EMA_SAR_15_20_30m,30m,15,20,Stop-and-Reverse (SAR),10000.0,10198.99,198.99,1.99,49.09,33.32,0.36,0.51,0.12,28.3,1.01,0.05,314,13.8,23.11,-6.02,99.6,31.4,3140.0,3,3,18.13,23.1,-16.6,6.83,-16.57,-5.65
EMA_SAR_5_120_30m,30m,5,120,Stop-and-Reverse (SAR),10000.0,10191.65,191.65,1.92,49.02,29.19,0.35,0.48,0.13,27.0,1.01,0.06,174,24.3,30.73,-4.63,97.2,17.4,1740.0,2,4,19.69,9.96,-5.87,-2.22,-11.96,-4.44
EMA_SAR_15_100_30m,30m,15,100,Stop-and-Reverse (SAR),10000.0,10190.71,190.71,1.91,49.01,39.32,0.35,0.48,0.1,33.1,1.01,0.09,118,36.0,30.52,-5.08,97.7,11.8,1180.0,2,4,24.82,-2.65,-5.49,-14.38,-6.01,10.27
EMA_SAR_80_155_1h,1h,80,155,Stop-and-Reverse (SAR),10000.0,10188.92,188.92,1.89,48.99,40.29,0.32,0.42,0.1,20.8,1.03,0.49,24,168.0,35.19,-9.75,92.9,2.4,240.0,2,4,21.02,-6.47,-10.84,-4.32,-0.74,6.31
EMA_SAR_10_40_1h,1h,10,40,Stop-and-Reverse (SAR),10000.0,10181.39,181.39,1.81,48.91,47.62,0.34,0.48,0.08,32.2,1.01,0.09,118,36.1,30.13,-5.85,98.2,11.8,1180.0,2,4,36.2,-4.06,-13.42,-15.33,-11.62,20.25
EMA_SAR_90_145_1h,1h,90,145,Stop-and-Reverse (SAR),10000.0,10180.42,180.42,1.8,48.9,38.83,0.32,0.42,0.09,20.0,1.03,0.45,25,162.1,34.02,-9.31,93.3,2.5,250.0,3,3,15.39,-5.22,-10.77,-5.64,2.06,8.31
EMA_SAR_105_125_1h,1h,105,125,Stop-and-Reverse (SAR),10000.0,10177.42,177.42,1.77,48.87,39.34,0.32,0.42,0.09,20.0,1.03,0.45,25,163.7,34.02,-9.31,94.3,2.5,250.0,2,4,15.71,-5.22,-7.59,-5.65,-2.25,8.88
EMA_SAR_15_170_1h,1h,15,170,Stop-and-Reverse (SAR),10000.0,10175.36,175.36,1.75,48.85,38.88,0.32,0.42,0.09,21.7,1.02,0.24,46,87.0,30.67,-6.1,92.2,4.6,460.0,4,2,17.49,1.13,-19.83,-6.44,10.83,3.0
EMA_SAR_115_135_1h,1h,115,135,Stop-and-Reverse (SAR),10000.0,10173.88,173.88,1.74,48.84,38.9,0.32,0.42,0.09,21.7,1.03,0.47,23,177.1,33.16,-9.82,93.8,2.3,230.0,3,3,16.34,-5.9,-10.96,-4.44,1.8,7.3
EMA_SAR_85_150_1h,1h,85,150,Stop-and-Reverse (SAR),10000.0,10173.55,173.55,1.74,48.84,39.86,0.32,0.42,0.09,20.0,1.02,0.46,25,161.7,35.15,-9.31,93.1,2.5,250.0,2,4,20.17,-5.47,-9.8,-5.5,-1.01,6.13
EMA_SAR_110_135_1h,1h,110,135,Stop-and-Reverse (SAR),10000.0,10170.32,170.32,1.7,48.8,40.66,0.32,0.42,0.09,26.1,1.03,0.48,23,177.1,33.43,-9.82,93.8,2.3,230.0,2,4,17.13,-5.96,-11.0,-2.99,-2.6,9.79
EMA_SAR_85_155_1h,1h,85,155,Stop-and-Reverse (SAR),10000.0,10169.6,169.6,1.7,48.8,39.42,0.32,0.41,0.09,20.8,1.02,0.47,24,168.0,34.02,-9.31,92.9,2.4,240.0,2,4,17.63,-5.22,-9.93,-4.55,-1.01,7.17
EMA_SAR_95_135_1h,1h,95,135,Stop-and-Reverse (SAR),10000.0,10166.8,166.8,1.67,48.77,41.76,0.32,0.41,0.08,20.0,1.02,0.46,25,162.9,35.15,-9.31,93.8,2.5,250.0,2,4,21.2,-5.47,-11.51,-6.03,-1.72,8.59
EMA_SAR_5_100_30m,30m,5,100,Stop-and-Reverse (SAR),10000.0,10166.59,166.59,1.67,48.77,38.1,0.34,0.48,0.09,23.4,1.01,0.05,218,19.5,29.87,-4.63,97.7,21.8,2180.0,3,3,24.72,0.74,-8.14,-8.47,-10.81,7.89
EMA_SAR_65_145_5m,5m,65,145,Stop-and-Reverse (SAR),10000.0,10162.37,162.37,1.62,48.72,36.63,0.35,0.47,0.09,26.5,1.01,0.06,328,13.2,23.55,-4.6,99.4,32.8,3280.0,3,3,23.13,20.01,-16.99,4.97,-17.24,-4.64
EMA_SAR_20_150_1h,1h,20,150,Stop-and-Reverse (SAR),10000.0,10159.29,159.29,1.59,48.69,39.19,0.32,0.42,0.08,23.7,1.02,0.29,38,106.4,30.16,-5.13,93.1,3.8,380.0,3,3,21.64,-3.71,-14.08,-9.87,10.63,1.24
EMA_SAR_105_120_1h,1h,105,120,Stop-and-Reverse (SAR),10000.0,10158.34,158.34,1.58,48.68,39.45,0.31,0.41,0.08,20.0,1.02,0.46,25,164.1,35.19,-9.26,94.5,2.5,250.0,2,4,18.32,-5.38,-8.44,-5.67,-1.72,6.9
EMA_SAR_20_100_30m,30m,20,100,Stop-and-Reverse (SAR),10000.0,10152.83,152.83,1.53,48.63,41.53,0.34,0.46,0.07,32.4,1.01,0.1,102,41.6,29.63,-5.81,97.7,10.2,1020.0,2,4,27.4,-5.57,-4.43,-15.0,-7.1,11.84
EMA_SAR_5_200_1h,1h,5,200,Stop-and-Reverse (SAR),10000.0,10145.69,145.69,1.46,48.56,39.77,0.31,0.41,0.07,14.1,1.02,0.16,64,61.6,29.56,-5.46,90.8,6.4,640.0,4,2,16.7,6.53,-22.65,-6.94,5.37,7.59
EMA_SAR_10_190_1h,1h,10,190,Stop-and-Reverse (SAR),10000.0,10137.01,137.01,1.37,48.47,40.63,0.31,0.4,0.07,21.7,1.02,0.22,46,86.2,29.57,-5.46,91.3,4.6,460.0,4,2,18.39,0.55,-22.41,-5.88,8.55,7.43
EMA_SAR_170_200_1h,1h,170,200,Stop-and-Reverse (SAR),10000.0,10136.34,136.34,1.36,48.46,28.36,0.3,0.39,0.1,27.8,1.02,0.51,18,219.1,30.35,-11.45,90.8,1.8,180.0,3,3,3.46,14.15,-17.76,5.86,-1.17,-0.25
EMA_SAR_105_145_1h,1h,105,145,Stop-and-Reverse (SAR),10000.0,10129.49,129.49,1.29,48.39,38.16,0.3,0.4,0.07,26.1,1.02,0.45,23,176.2,33.43,-9.82,93.3,2.3,230.0,3,3,14.78,-5.96,-10.06,-3.76,1.24,7.09
EMA_SAR_5_125_30m,30m,5,125,Stop-and-Reverse (SAR),10000.0,10123.04,123.04,1.23,48.33,30.25,0.32,0.44,0.08,26.5,1.01,0.06,170,24.8,30.02,-4.63,97.1,17.0,1700.0,2,4,20.69,7.67,-3.89,-1.2,-12.52,-6.23
EMA_SAR_10_70_30m,30m,10,70,Stop-and-Reverse (SAR),10000.0,10120.65,120.65,1.21,48.31,41.95,0.33,0.46,0.06,30.6,1.01,0.05,186,23.0,20.09,-4.63,98.4,18.6,1860.0,2,4,23.91,-11.28,-4.5,-9.5,-7.05,14.6
EMA_SAR_95_110_5m,5m,95,110,Stop-and-Reverse (SAR),10000.0,10119.75,119.75,1.2,48.3,36.35,0.34,0.45,0.07,29.0,1.0,0.04,310,14.0,23.4,-5.45,99.6,31.0,3100.0,3,3,24.7,18.75,-16.41,6.08,-19.3,-4.5
EMA_SAR_10_110_30m,30m,10,110,Stop-and-Reverse (SAR),10000.0,10081.81,81.81,0.82,47.92,36.45,0.31,0.43,0.05,28.3,1.01,0.07,138,30.7,29.83,-4.63,97.5,13.8,1380.0,3,3,21.59,1.52,-7.03,-13.68,-3.66,5.64
EMA_SAR_10_150_1h,1h,10,150,Stop-and-Reverse (SAR),10000.0,10080.82,80.82,0.81,47.91,41.47,0.29,0.39,0.04,25.9,1.01,0.15,58,69.7,30.73,-5.46,93.1,5.8,580.0,4,2,23.77,6.58,-26.49,-7.3,7.55,4.28
EMA_SAR_10_195_1h,1h,10,195,Stop-and-Reverse (SAR),10000.0,10079.57,79.57,0.8,47.9,40.53,0.29,0.37,0.04,22.9,1.01,0.2,48,82.4,29.71,-5.46,91.0,4.8,480.0,4,2,17.86,1.71,-22.41,-5.66,7.22,7.13
EMA_SAR_20_45_30m,30m,20,45,Stop-and-Reverse (SAR),10000.0,10075.53,75.53,0.76,47.86,42.43,0.32,0.42,0.04,32.7,1.0,0.06,162,26.5,19.57,-7.28,99.0,16.2,1620.0,3,3,28.8,2.96,-11.6,-11.72,-12.5,11.27
EMA_SAR_5_150_1h,1h,5,150,Stop-and-Reverse (SAR),10000.0,10073.89,73.89,0.74,47.84,39.63,0.29,0.39,0.04,17.9,1.01,0.1,84,48.1,30.18,-5.46,93.1,8.4,840.0,4,2,26.47,4.31,-21.94,-7.42,3.65,1.95
EMA_SAR_10_35_1h,1h,10,35,Stop-and-Reverse (SAR),10000.0,10066.73,66.73,0.67,47.77,49.47,0.31,0.43,0.03,33.3,1.0,0.06,132,32.4,20.17,-7.06,98.4,13.2,1320.0,3,3,28.9,7.04,-20.34,-15.98,-14.47,27.43
EMA_SAR_15_155_30m,30m,15,155,Stop-and-Reverse (SAR),10000.0,10055.01,55.01,0.55,47.65,36.05,0.3,0.4,0.03,27.6,1.01,0.08,98,42.7,29.02,-5.46,96.4,9.8,980.0,2,4,18.34,-2.96,-11.21,-3.16,-4.54,6.68
EMA_SAR_25_90_30m,30m,25,90,Stop-and-Reverse (SAR),10000.0,10043.09,43.09,0.43,47.53,43.29,0.3,0.4,0.02,33.7,1.0,0.09,104,40.9,29.75,-5.67,97.9,10.4,1040.0,2,4,30.76,-2.04,-7.41,-19.06,-6.01,11.3
EMA_SAR_50_70_30m,30m,50,70,Stop-and-Reverse (SAR),10000.0,10043.1,43.1,0.43,47.53,42.36,0.3,0.4,0.02,34.5,1.0,0.1,84,50.9,29.29,-6.33,98.4,8.4,840.0,2,4,27.88,-3.63,-9.28,-18.48,-1.94,12.38
EMA_SAR_120_130_1h,1h,120,130,Stop-and-Reverse (SAR),10000.0,10041.05,41.05,0.41,47.51,39.02,0.27,0.35,0.02,21.7,1.01,0.41,23,177.5,33.16,-9.82,94.0,2.3,230.0,3,3,15.03,-5.9,-11.12,-4.44,1.8,7.3
EMA_SAR_95_130_1h,1h,95,130,Stop-and-Reverse (SAR),10000.0,10028.94,28.94,0.29,47.39,40.93,0.26,0.34,0.01,20.0,1.0,0.41,25,163.3,35.22,-9.26,94.0,2.5,250.0,2,4,19.93,-5.39,-11.36,-5.45,-1.2,6.75
EMA_SAR_35_65_30m,30m,35,65,Stop-and-Reverse (SAR),10000.0,10020.84,20.84,0.21,47.31,45.22,0.29,0.39,0.01,33.0,1.0,0.08,106,40.4,30.12,-6.34,98.5,10.6,1060.0,3,3,32.45,1.38,-11.78,-21.38,-5.38,13.71
EMA_SAR_10_185_1h,1h,10,185,Stop-and-Reverse (SAR),10000.0,10020.91,20.91,0.21,47.31,40.9,0.26,0.34,0.01,20.8,1.0,0.19,48,82.8,30.42,-5.46,91.5,4.8,480.0,4,2,17.3,2.44,-23.71,-6.27,8.55,7.43
EMA_SAR_5_180_1h,1h,5,180,Stop-and-Reverse (SAR),10000.0,10015.29,15.29,0.15,47.25,39.64,0.26,0.35,0.01,18.1,1.0,0.11,72,55.3,30.36,-5.46,91.7,7.2,720.0,4,2,16.45,8.26,-22.97,-8.58,5.83,6.6
EMA_SAR_115_130_1h,1h,115,130,Stop-and-Reverse (SAR),10000.0,10006.82,6.82,0.07,47.17,40.97,0.25,0.33,0.0,26.1,1.0,0.41,23,177.5,33.43,-9.82,94.0,2.3,230.0,2,4,15.86,-5.96,-11.9,-2.51,-2.6,9.79
EMA_SAR_15_25_1h,1h,15,25,Stop-and-Reverse (SAR),10000.0,10005.8,5.8,0.06,47.16,52.57,0.29,0.4,0.0,36.1,1.0,0.07,122,35.2,20.28,-6.24,98.9,12.2,1220.0,2,4,31.82,-0.06,-15.63,-21.35,-11.99,30.03
EMA_SAR_25_50_30m,30m,25,50,Stop-and-Reverse (SAR),10000.0,10003.4,3.4,0.03,47.13,48.16,0.29,0.4,0.0,36.0,1.0,0.06,136,31.6,20.49,-6.47,98.9,13.6,1360.0,2,4,24.65,-7.94,-9.42,-15.47,-9.91,26.38
EMA_SAR_40_45_30m,30m,40,45,Stop-and-Reverse (SAR),10000.0,9996.1,-3.9,-0.04,47.06,52.3,0.29,0.39,-0.0,37.5,1.0,0.06,120,35.8,20.46,-6.47,99.0,12.0,1200.0,2,4,36.73,-6.19,-15.8,-19.25,-7.96,24.52
EMA_SAR_20_180_30m,30m,20,180,Stop-and-Reverse (SAR),10000.0,9988.48,-11.52,-0.12,46.98,39.08,0.27,0.36,-0.01,26.5,1.0,0.09,83,50.2,28.18,-5.46,95.9,8.3,830.0,3,3,18.85,-1.3,-15.17,-6.21,1.89,5.04
EMA_SAR_120_125_1h,1h,120,125,Stop-and-Reverse (SAR),10000.0,9979.74,-20.26,-0.2,46.9,40.74,0.24,0.32,-0.01,26.1,1.0,0.4,23,178.0,33.43,-9.82,94.3,2.3,230.0,2,4,15.09,-5.96,-11.55,-2.51,-2.6,9.79
EMA_SAR_10_160_30m,30m,10,160,Stop-and-Reverse (SAR),10000.0,9979.12,-20.88,-0.21,46.89,34.03,0.27,0.36,-0.01,27.9,1.0,0.06,111,37.7,29.22,-4.63,96.3,11.1,1110.0,3,3,18.61,1.27,-14.03,-1.87,-2.1,0.58
EMA_SAR_20_110_30m,30m,20,110,Stop-and-Reverse (SAR),10000.0,9972.42,-27.58,-0.28,46.82,39.61,0.27,0.37,-0.01,34.0,1.0,0.08,100,42.3,30.15,-5.81,97.5,10.0,1000.0,2,4,29.59,-6.73,-5.04,-9.1,-8.34,4.29
EMA_SAR_55_60_30m,30m,55,60,Stop-and-Reverse (SAR),10000.0,9970.66,-29.34,-0.29,46.81,42.17,0.27,0.37,-0.01,33.7,1.0,0.09,86,49.8,30.11,-5.84,98.6,8.6,860.0,2,4,31.18,-1.57,-12.0,-17.84,-1.0,7.87
EMA_SAR_25_115_1h,1h,25,115,Stop-and-Reverse (SAR),10000.0,9965.59,-34.41,-0.34,46.76,39.9,0.25,0.34,-0.02,30.2,1.0,0.17,43,95.7,28.7,-5.29,94.7,4.3,430.0,3,3,11.81,-8.64,-12.21,-7.54,8.0,11.28
EMA_SAR_10_180_1h,1h,10,180,Stop-and-Reverse (SAR),10000.0,9959.6,-40.4,-0.4,46.7,41.41,0.24,0.31,-0.02,20.0,1.0,0.17,50,79.7,30.51,-5.46,91.7,5.0,500.0,4,2,17.35,2.66,-24.42,-5.85,8.15,7.43
EMA_SAR_45_70_30m,30m,45,70,Stop-and-Reverse (SAR),10000.0,9952.72,-47.28,-0.47,46.63,42.27,0.26,0.36,-0.02,34.9,1.0,0.09,86,49.7,30.18,-5.84,98.4,8.6,860.0,2,4,30.61,-2.58,-10.52,-17.54,-2.33,8.54
EMA_SAR_85_140_1h,1h,85,140,Stop-and-Reverse (SAR),10000.0,9948.4,-51.6,-0.52,46.58,41.44,0.23,0.3,-0.03,18.5,0.99,0.34,27,150.5,35.22,-9.26,93.6,2.7,270.0,3,3,20.16,-5.39,-13.21,-7.3,2.03,6.61
EMA_SAR_100_135_1h,1h,100,135,Stop-and-Reverse (SAR),10000.0,9941.8,-58.2,-0.58,46.52,40.68,0.23,0.3,-0.03,20.0,0.99,0.37,25,162.9,34.02,-9.31,93.8,2.5,250.0,2,4,17.81,-5.22,-10.03,-5.24,-2.25,6.83
EMA_SAR_40_60_30m,30m,40,60,Stop-and-Reverse (SAR),10000.0,9938.77,-61.23,-0.61,46.49,43.76,0.26,0.35,-0.03,31.5,1.0,0.07,108,39.7,30.12,-6.34,98.6,10.8,1080.0,3,3,30.53,3.89,-10.55,-22.75,-4.66,11.24
EMA_SAR_15_115_1h,1h,15,115,Stop-and-Reverse (SAR),10000.0,9936.55,-63.45,-0.63,46.47,37.29,0.24,0.33,-0.03,25.4,0.99,0.12,59,69.7,30.04,-6.1,94.7,5.9,590.0,3,3,16.7,-2.23,-15.34,-7.03,0.25,10.37
EMA_SAR_5_80_1h,1h,5,80,Stop-and-Reverse (SAR),10000.0,9937.02,-62.98,-0.63,46.47,35.95,0.25,0.35,-0.04,28.3,0.99,0.06,113,37.0,29.26,-5.46,96.3,11.3,1130.0,3,3,19.73,-2.34,-16.33,0.98,-3.24,3.95
EMA_SAR_15_45_1h,1h,15,45,Stop-and-Reverse (SAR),10000.0,9932.7,-67.3,-0.67,46.43,40.15,0.25,0.35,-0.03,34.0,0.99,0.08,94,45.2,30.93,-5.81,98.0,9.4,940.0,3,3,27.33,2.23,-11.95,-13.67,-7.52,8.54
EMA_SAR_110_120_1h,1h,110,120,Stop-and-Reverse (SAR),10000.0,9932.28,-67.72,-0.68,46.42,39.93,0.22,0.29,-0.03,20.0,0.99,0.36,25,164.1,34.02,-9.31,94.5,2.5,250.0,2,4,15.01,-5.22,-8.49,-5.65,-2.25,7.96
EMA_SAR_25_100_30m,30m,25,100,Stop-and-Reverse (SAR),10000.0,9929.93,-70.07,-0.7,46.4,39.56,0.26,0.34,-0.04,29.0,0.99,0.08,100,42.4,30.81,-5.67,97.7,10.0,1000.0,2,4,26.79,-0.48,-8.57,-11.71,-8.36,6.39
EMA_SAR_100_125_1h,1h,100,125,Stop-and-Reverse (SAR),10000.0,9928.51,-71.49,-0.71,46.39,41.34,0.22,0.29,-0.03,20.0,0.99,0.37,25,163.7,35.19,-9.26,94.3,2.5,250.0,2,4,19.04,-5.38,-11.56,-5.4,-1.72,7.21
EMA_SAR_80_150_1h,1h,80,150,Stop-and-Reverse (SAR),10000.0,9918.85,-81.15,-0.81,46.29,41.86,0.22,0.28,-0.04,20.0,0.99,0.37,25,161.7,35.22,-9.75,93.1,2.5,250.0,2,4,20.26,-6.47,-11.62,-6.03,-0.74,6.98
EMA_SAR_5_175_1h,1h,5,175,Stop-and-Reverse (SAR),10000.0,9904.9,-95.1,-0.95,46.15,38.06,0.22,0.29,-0.05,17.6,0.99,0.09,74,54.0,30.24,-5.46,92.0,7.4,740.0,4,2,14.63,8.24,-21.73,-8.05,5.04,5.59
EMA_SAR_50_65_30m,30m,50,65,Stop-and-Reverse (SAR),10000.0,9903.58,-96.42,-0.96,46.14,41.99,0.25,0.33,-0.05,33.7,0.99,0.09,86,49.8,30.11,-5.84,98.5,8.6,860.0,2,4,30.82,-1.45,-12.0,-17.81,-0.84,7.09
EMA_SAR_5_75_30m,30m,5,75,Stop-and-Reverse (SAR),10000.0,9897.87,-102.13,-1.02,46.08,35.12,0.25,0.36,-0.06,23.8,0.99,0.03,252,16.9,19.74,-4.63,98.3,25.2,2520.0,3,3,17.34,0.82,-1.77,-9.19,-10.31,4.57
EMA_SAR_10_155_1h,1h,10,155,Stop-and-Reverse (SAR),10000.0,9891.03,-108.97,-1.09,46.01,41.12,0.22,0.29,-0.05,23.3,0.99,0.12,60,67.2,30.44,-5.46,92.9,6.0,600.0,4,2,21.4,5.33,-24.72,-9.09,7.86,4.79
EMA_SAR_5_60_1h,1h,5,60,Stop-and-Reverse (SAR),10000.0,9889.35,-110.65,-1.11,45.99,34.91,0.24,0.33,-0.06,28.5,0.99,0.06,130,32.5,30.35,-5.46,97.3,13.0,1300.0,3,3,19.93,3.15,-10.46,-4.95,-9.74,4.08
EMA_SAR_15_175_1h,1h,15,175,Stop-and-Reverse (SAR),10000.0,9888.6,-111.4,-1.11,45.99,39.78,0.21,0.28,-0.06,22.5,0.99,0.2,40,99.8,30.34,-6.1,92.0,4.0,400.0,4,2,14.35,0.72,-18.31,-9.42,10.43,5.07
EMA_SAR_5_95_30m,30m,5,95,Stop-and-Reverse (SAR),10000.0,9882.74,-117.26,-1.17,45.93,38.38,0.24,0.34,-0.06,23.0,0.99,0.03,226,18.8,29.98,-4.63,97.8,22.6,2260.0,3,3,24.09,2.18,-7.09,-10.44,-11.13,5.41
EMA_SAR_15_150_30m,30m,15,150,Stop-and-Reverse (SAR),10000.0,9872.31,-127.69,-1.28,45.82,35.65,0.23,0.31,-0.07,28.4,0.99,0.06,102,41.1,29.18,-5.46,96.6,10.2,1020.0,2,4,15.19,-2.72,-11.78,-3.01,-4.68,8.03
EMA_SAR_90_135_1h,1h,90,135,Stop-and-Reverse (SAR),10000.0,9851.63,-148.37,-1.48,45.62,42.39,0.19,0.25,-0.07,18.5,0.98,0.31,27,150.9,35.22,-9.26,93.8,2.7,270.0,2,4,21.29,-5.39,-11.96,-6.92,-1.46,6.32
EMA_SAR_30_65_30m,30m,30,65,Stop-and-Reverse (SAR),10000.0,9849.71,-150.29,-1.5,45.6,46.46,0.23,0.31,-0.06,29.7,0.99,0.06,118,36.3,30.48,-6.35,98.5,11.8,1180.0,3,3,33.77,2.7,-11.84,-22.42,-8.68,14.79
EMA_SAR_155_180_1h,1h,155,180,Stop-and-Reverse (SAR),10000.0,9848.21,-151.79,-1.52,45.58,35.95,0.19,0.24,-0.08,27.8,0.97,0.39,18,221.3,32.26,-9.8,91.7,1.8,180.0,4,2,6.52,4.53,-19.86,4.61,-1.72,7.36
EMA_SAR_15_180_1h,1h,15,180,Stop-and-Reverse (SAR),10000.0,9842.16,-157.84,-1.58,45.52,40.22,0.19,0.25,-0.08,19.0,0.98,0.17,42,94.8,29.48,-5.59,91.7,4.2,420.0,3,3,16.17,-1.24,-20.07,-7.23,10.43,4.78
EMA_SAR_90_155_1h,1h,90,155,Stop-and-Reverse (SAR),10000.0,9840.29,-159.71,-1.6,45.5,42.24,0.19,0.24,-0.08,20.8,0.98,0.33,24,168.0,33.5,-10.21,92.9,2.4,240.0,2,4,18.03,-6.64,-12.5,-4.43,-1.53,8.44
EMA_SAR_165_170_1h,1h,165,170,Stop-and-Reverse (SAR),10000.0,9837.37,-162.63,-1.63,45.47,36.64,0.18,0.24,-0.09,27.8,0.97,0.38,18,222.4,32.26,-8.92,92.2,1.8,180.0,4,2,7.56,4.53,-20.9,4.61,-1.5,7.36
EMA_SAR_10_25_30m,30m,10,25,Stop-and-Reverse (SAR),10000.0,9830.63,-169.37,-1.69,45.41,35.7,0.24,0.33,-0.09,26.5,0.99,0.03,340,12.7,23.11,-6.02,99.4,34.0,3400.0,3,3,16.04,25.47,-13.75,0.55,-18.81,-4.11
EMA_SAR_15_160_1h,1h,15,160,Stop-and-Reverse (SAR),10000.0,9824.01,-175.99,-1.76,45.34,37.88,0.19,0.25,-0.09,27.3,0.98,0.17,44,91.4,30.49,-6.1,92.7,4.4,440.0,3,3,15.16,-0.92,-19.01,-4.27,9.48,1.44
EMA_SAR_40_195_1h,1h,40,195,Stop-and-Reverse (SAR),10000.0,9819.54,-180.46,-1.8,45.3,41.8,0.18,0.23,-0.09,18.8,0.98,0.2,32,123.5,28.79,-8.68,91.0,3.2,320.0,3,3,18.06,-1.8,-17.13,-4.67,1.27,5.87
EMA_SAR_5_90_30m,30m,5,90,Stop-and-Reverse (SAR),10000.0,9817.24,-182.76,-1.83,45.27,35.13,0.22,0.3,-0.1,22.1,0.99,0.03,240,17.7,31.12,-4.63,97.9,24.0,2400.0,3,3,21.34,7.36,-7.87,-9.17,-10.79,0.94
EMA_SAR_5_75_1h,1h,5,75,Stop-and-Reverse (SAR),10000.0,9816.49,-183.51,-1.84,45.26,37.01,0.21,0.29,-0.1,28.8,0.98,0.05,118,35.5,29.4,-5.46,96.6,11.8,1180.0,2,4,21.52,-4.18,-13.03,-0.2,-3.62,0.78
EMA_SAR_20_155_1h,1h,20,155,Stop-and-Reverse (SAR),10000.0,9803.77,-196.23,-1.96,45.14,40.47,0.18,0.24,-0.1,21.1,0.98,0.19,38,106.1,30.26,-6.11,92.9,3.8,380.0,3,3,18.77,-5.45,-13.85,-10.38,10.88,1.98
EMA_SAR_15_160_30m,30m,15,160,Stop-and-Reverse (SAR),10000.0,9803.58,-196.42,-1.96,45.14,35.09,0.2,0.27,-0.11,26.5,0.98,0.05,98,42.7,28.71,-5.46,96.3,9.8,980.0,2,4,19.57,-1.51,-12.63,-3.64,-3.12,2.06
EMA_SAR_15_165_1h,1h,15,165,Stop-and-Reverse (SAR),10000.0,9794.5,-205.5,-2.06,45.04,39.25,0.18,0.23,-0.1,21.7,0.98,0.16,46,87.2,30.56,-6.1,92.4,4.6,460.0,4,2,15.53,0.9,-19.52,-6.37,8.59,2.68
EMA_SAR_95_155_1h,1h,95,155,Stop-and-Reverse (SAR),10000.0,9785.15,-214.85,-2.15,44.95,40.25,0.16,0.21,-0.11,20.8,0.97,0.29,24,168.0,33.43,-9.82,92.9,2.4,240.0,2,4,17.0,-5.96,-9.36,-4.78,-1.89,5.03
EMA_SAR_180_185_1h,1h,180,185,Stop-and-Reverse (SAR),10000.0,9782.34,-217.66,-2.18,44.92,30.61,0.15,0.2,-0.14,27.8,0.96,0.32,18,220.7,30.71,-10.85,91.5,1.8,180.0,3,3,4.17,14.15,-20.84,5.93,-1.41,-0.48
EMA_SAR_20_130_30m,30m,20,130,Stop-and-Reverse (SAR),10000.0,9780.56,-219.44,-2.19,44.91,40.81,0.2,0.27,-0.11,28.7,0.98,0.06,94,44.8,29.32,-5.67,97.0,9.4,940.0,2,4,25.05,-11.97,-8.6,-3.27,-6.11,7.02
EMA_SAR_75_130_5m,5m,75,130,Stop-and-Reverse (SAR),10000.0,9776.57,-223.43,-2.23,44.87,37.6,0.22,0.3,-0.12,26.4,0.99,0.03,326,13.3,23.62,-4.6,99.5,32.6,3260.0,3,3,22.36,15.51,-17.51,7.71,-19.66,-3.09
EMA_SAR_20_120_1h,1h,20,120,Stop-and-Reverse (SAR),10000.0,9777.3,-222.7,-2.23,44.87,41.5,0.18,0.24,-0.11,31.9,0.97,0.12,47,87.3,29.97,-5.55,94.5,4.7,470.0,3,3,16.16,-5.72,-14.51,-10.94,8.39,8.18
EMA_SAR_45_85_30m,30m,45,85,Stop-and-Reverse (SAR),10000.0,9775.77,-224.23,-2.24,44.86,40.58,0.2,0.27,-0.11,34.1,0.98,0.15,82,51.9,29.12,-6.33,98.1,8.2,820.0,3,3,25.49,-6.89,-11.68,-12.34,0.5,7.52
EMA_SAR_15_155_1h,1h,15,155,Stop-and-Reverse (SAR),10000.0,9766.1,-233.9,-2.34,44.76,40.92,0.17,0.22,-0.11,25.0,0.97,0.13,52,77.6,30.35,-6.1,92.9,5.2,520.0,3,3,20.9,-0.02,-20.56,-8.66,9.39,1.8
EMA_SAR_20_135_30m,30m,20,135,Stop-and-Reverse (SAR),10000.0,9764.83,-235.17,-2.35,44.75,39.03,0.19,0.25,-0.12,28.1,0.98,0.06,96,43.8,29.46,-5.67,96.9,9.6,960.0,2,4,21.45,-9.45,-8.56,-3.27,-3.48,4.02
EMA_SAR_15_115_30m,30m,15,115,Stop-and-Reverse (SAR),10000.0,9750.72,-249.28,-2.49,44.61,38.19,0.19,0.26,-0.13,29.8,0.98,0.05,114,37.1,29.77,-5.08,97.4,11.4,1140.0,2,4,21.89,-6.4,-5.36,-10.94,-4.3,5.96
EMA_SAR_10_125_30m,30m,10,125,Stop-and-Reverse (SAR),10000.0,9749.6,-250.4,-2.5,44.6,36.27,0.19,0.26,-0.14,27.2,0.98,0.04,136,31.0,29.88,-4.63,97.1,13.6,1360.0,3,3,18.08,1.12,-8.32,-7.14,-8.6,4.93
EMA_SAR_50_60_30m,30m,50,60,Stop-and-Reverse (SAR),10000.0,9748.61,-251.39,-2.51,44.59,46.04,0.19,0.25,-0.11,33.0,0.98,0.07,88,48.7,30.72,-6.59,98.6,8.8,880.0,2,4,31.75,-1.89,-11.15,-22.47,-2.18,11.91
EMA_SAR_100_155_1h,1h,100,155,Stop-and-Reverse (SAR),10000.0,9747.35,-252.65,-2.53,44.57,40.65,0.15,0.19,-0.12,22.7,0.96,0.3,22,183.3,33.16,-9.82,92.9,2.2,220.0,2,4,16.21,-5.9,-10.71,-4.45,-1.44,6.01
EMA_SAR_15_120_1h,1h,15,120,Stop-and-Reverse (SAR),10000.0,9733.75,-266.25,-2.66,44.44,38.82,0.16,0.22,-0.14,22.8,0.97,0.09,57,72.0,30.04,-6.1,94.5,5.7,570.0,3,3,16.92,-2.29,-15.0,-9.59,5.58,5.03
EMA_SAR_30_180_1h,1h,30,180,Stop-and-Reverse (SAR),10000.0,9732.04,-267.96,-2.68,44.42,44.11,0.15,0.19,-0.12,17.6,0.96,0.17,34,117.1,29.48,-7.3,91.7,3.4,340.0,3,3,16.33,-6.58,-15.76,-9.95,5.99,11.38
EMA_SAR_85_160_1h,1h,85,160,Stop-and-Reverse (SAR),10000.0,9725.38,-274.62,-2.75,44.35,40.49,0.14,0.18,-0.13,20.8,0.96,0.29,24,167.6,33.36,-10.69,92.7,2.4,240.0,2,4,13.19,-7.68,-9.49,-4.19,-1.02,8.43
EMA_SAR_30_165_1h,1h,30,165,Stop-and-Reverse (SAR),10000.0,9721.77,-278.23,-2.78,44.32,44.82,0.15,0.19,-0.12,18.8,0.96,0.18,32,125.4,29.57,-7.02,92.4,3.2,320.0,3,3,17.85,-9.95,-15.9,-7.88,6.38,11.16
EMA_SAR_175_190_1h,1h,175,190,Stop-and-Reverse (SAR),10000.0,9719.18,-280.82,-2.81,44.29,31.08,0.13,0.16,-0.18,27.8,0.95,0.27,18,220.2,30.35,-10.02,91.3,1.8,180.0,3,3,5.13,14.15,-21.48,5.52,-1.44,-0.83
EMA_SAR_25_35_1h,1h,25,35,Stop-and-Reverse (SAR),10000.0,9716.35,-283.65,-2.84,44.26,41.98,0.17,0.24,-0.13,32.6,0.98,0.07,86,49.7,29.21,-7.37,98.4,8.6,860.0,2,4,26.99,-1.95,-9.13,-20.8,-1.69,10.28
EMA_SAR_5_105_30m,30m,5,105,Stop-and-Reverse (SAR),10000.0,9715.85,-284.15,-2.84,44.26,36.99,0.18,0.25,-0.15,23.1,0.98,0.03,208,20.4,29.87,-4.63,97.6,20.8,2080.0,3,3,21.64,0.04,-6.65,-8.73,-11.09,5.39
EMA_SAR_10_90_1h,1h,10,90,Stop-and-Reverse (SAR),10000.0,9710.77,-289.23,-2.89,44.21,39.56,0.16,0.22,-0.15,25.3,0.97,0.06,79,52.7,28.26,-5.46,95.9,7.9,790.0,2,4,21.59,-5.0,-11.89,-6.38,-0.09,2.01
EMA_SAR_15_185_1h,1h,15,185,Stop-and-Reverse (SAR),10000.0,9708.27,-291.73,-2.92,44.18,41.24,0.14,0.18,-0.14,20.0,0.96,0.14,40,99.3,29.52,-5.59,91.5,4.0,400.0,3,3,16.19,-0.92,-22.06,-6.75,10.74,4.78
EMA_SAR_30_90_30m,30m,30,90,Stop-and-Reverse (SAR),10000.0,9683.63,-316.37,-3.16,43.94,42.6,0.16,0.22,-0.15,34.8,0.97,0.12,92,46.2,30.93,-5.67,97.9,9.2,920.0,2,4,27.35,-0.36,-11.69,-16.88,-3.93,8.22
EMA_SAR_170_195_1h,1h,170,195,Stop-and-Reverse (SAR),10000.0,9676.04,-323.96,-3.24,43.86,31.08,0.11,0.14,-0.21,27.8,0.95,0.25,18,219.6,30.35,-10.42,91.0,1.8,180.0,3,3,4.67,14.15,-21.48,5.52,-1.44,-0.83
EMA_SAR_20_35_1h,1h,20,35,Stop-and-Reverse (SAR),10000.0,9671.91,-328.09,-3.28,43.82,46.7,0.16,0.22,-0.14,34.4,0.97,0.06,96,44.5,30.26,-6.47,98.4,9.6,960.0,2,4,29.88,-1.9,-12.01,-22.73,-3.18,15.32
EMA_SAR_20_115_1h,1h,20,115,Stop-and-Reverse (SAR),10000.0,9667.68,-332.32,-3.32,43.78,41.46,0.14,0.18,-0.16,31.9,0.96,0.1,47,87.5,29.98,-5.55,94.7,4.7,470.0,3,3,16.48,-7.57,-13.77,-9.88,8.12,6.87
EMA_SAR_15_165_30m,30m,15,165,Stop-and-Reverse (SAR),10000.0,9667.18,-332.82,-3.33,43.77,34.12,0.15,0.2,-0.19,28.3,0.97,0.04,99,42.2,28.69,-5.46,96.2,9.9,990.0,3,3,18.14,0.02,-13.75,-3.67,-2.27,0.75
EMA_SAR_100_140_1h,1h,100,140,Stop-and-Reverse (SAR),10000.0,9652.37,-347.63,-3.48,43.62,41.96,0.11,0.14,-0.16,18.5,0.95,0.22,27,150.5,33.5,-10.21,93.6,2.7,270.0,2,4,17.11,-6.64,-11.52,-4.34,-2.24,6.69
EMA_SAR_20_175_30m,30m,20,175,Stop-and-Reverse (SAR),10000.0,9650.52,-349.48,-3.49,43.61,40.85,0.14,0.19,-0.17,27.7,0.97,0.05,83,50.2,28.87,-5.46,96.0,8.3,830.0,3,3,17.23,-3.86,-13.63,-7.13,1.34,5.34
EMA_SAR_115_120_1h,1h,115,120,Stop-and-Reverse (SAR),10000.0,9649.18,-350.82,-3.51,43.59,42.14,0.11,0.14,-0.16,18.5,0.95,0.22,27,152.0,33.36,-10.21,94.5,2.7,270.0,2,4,15.01,-6.61,-10.72,-5.47,-2.24,8.89
EMA_SAR_30_110_1h,1h,30,110,Stop-and-Reverse (SAR),10000.0,9647.67,-352.33,-3.52,43.58,41.26,0.13,0.17,-0.17,27.9,0.96,0.09,43,95.9,28.5,-5.66,95.0,4.3,430.0,3,3,11.69,-10.54,-11.32,-8.65,6.75,11.65
EMA_SAR_25_120_1h,1h,25,120,Stop-and-Reverse (SAR),10000.0,9647.22,-352.78,-3.53,43.57,40.81,0.13,0.17,-0.17,29.8,0.96,0.09,47,87.3,28.48,-5.59,94.5,4.7,470.0,3,3,10.31,-9.34,-13.12,-7.26,7.84,11.02
EMA_SAR_35_50_30m,30m,35,50,Stop-and-Reverse (SAR),10000.0,9645.23,-354.77,-3.55,43.55,52.52,0.17,0.22,-0.13,35.5,0.98,0.03,124,34.6,20.38,-6.47,98.9,12.4,1240.0,2,4,34.52,-6.41,-13.4,-20.52,-9.98,23.65
EMA_SAR_20_105_30m,30m,20,105,Stop-and-Reverse (SAR),10000.0,9637.99,-362.01,-3.62,43.48,42.39,0.15,0.2,-0.17,31.1,0.97,0.04,106,40.0,29.93,-5.81,97.6,10.6,1060.0,2,4,27.69,-9.56,-6.08,-11.47,-6.4,7.24
EMA_SAR_190_200_1h,1h,190,200,Stop-and-Reverse (SAR),10000.0,9634.65,-365.35,-3.65,43.45,33.13,0.09,0.12,-0.22,31.2,0.94,0.29,16,246.4,32.06,-11.2,90.8,1.6,160.0,3,3,3.97,14.08,-20.07,4.3,-0.45,-2.13
EMA_SAR_140_195_1h,1h,140,195,Stop-and-Reverse (SAR),10000.0,9633.74,-366.26,-3.66,43.44,37.88,0.1,0.13,-0.19,27.8,0.94,0.27,18,219.6,32.16,-9.2,91.0,1.8,180.0,4,2,7.11,4.56,-21.54,4.43,-2.47,7.64
EMA_SAR_10_160_1h,1h,10,160,Stop-and-Reverse (SAR),10000.0,9632.89,-367.11,-3.67,43.43,42.13,0.12,0.15,-0.17,22.4,0.96,0.08,58,69.4,30.34,-5.46,92.7,5.8,580.0,4,2,16.52,5.14,-25.93,-9.0,8.38,7.63
EMA_SAR_30_60_30m,30m,30,60,Stop-and-Reverse (SAR),10000.0,9631.99,-368.01,-3.68,43.42,50.61,0.15,0.2,-0.14,34.2,0.97,0.04,120,35.7,30.13,-6.35,98.6,12.0,1200.0,2,4,36.65,-0.4,-14.56,-23.0,-8.37,17.39
EMA_SAR_60_65_30m,30m,60,65,Stop-and-Reverse (SAR),10000.0,9631.65,-368.35,-3.68,43.42,44.3,0.15,0.2,-0.16,34.1,0.97,0.05,82,52.2,29.03,-6.35,98.5,8.2,820.0,3,3,27.45,-10.66,-11.26,-15.04,0.6,11.55
EMA_SAR_165_200_1h,1h,165,200,Stop-and-Reverse (SAR),10000.0,9629.58,-370.42,-3.7,43.4,30.86,0.09,0.11,-0.24,27.8,0.94,0.23,18,219.1,30.35,-11.45,90.8,1.8,180.0,3,3,3.46,14.15,-21.48,5.52,-1.14,-0.46
EMA_SAR_105_130_1h,1h,105,130,Stop-and-Reverse (SAR),10000.0,9628.78,-371.22,-3.71,43.39,42.13,0.1,0.13,-0.17,20.0,0.95,0.23,25,163.3,33.36,-10.21,94.0,2.5,250.0,2,4,16.48,-6.61,-10.92,-5.24,-2.25,7.26
EMA_SAR_25_110_1h,1h,25,110,Stop-and-Reverse (SAR),10000.0,9629.04,-370.96,-3.71,43.39,42.86,0.12,0.17,-0.17,31.1,0.96,0.09,45,91.6,28.51,-5.55,95.0,4.5,450.0,3,3,12.44,-9.03,-15.35,-8.43,9.06,11.36
EMA_SAR_5_170_1h,1h,5,170,Stop-and-Reverse (SAR),10000.0,9623.55,-376.45,-3.76,43.34,39.72,0.11,0.15,-0.19,17.1,0.96,0.05,76,52.7,30.25,-5.46,92.2,7.6,760.0,4,2,17.59,8.11,-22.67,-9.79,5.46,2.91
EMA_SAR_20_105_1h,1h,20,105,Stop-and-Reverse (SAR),10000.0,9619.08,-380.92,-3.81,43.29,40.03,0.12,0.17,-0.19,28.3,0.96,0.07,53,78.0,28.13,-5.55,95.2,5.3,530.0,3,3,16.82,-9.86,-10.3,-8.98,3.95,7.65
EMA_SAR_85_120_5m,5m,85,120,Stop-and-Reverse (SAR),10000.0,9614.52,-385.48,-3.85,43.25,37.32,0.17,0.22,-0.2,27.7,0.99,0.02,318,13.6,23.53,-4.6,99.5,31.8,3180.0,3,3,18.81,20.1,-18.93,5.72,-20.83,-0.72
EMA_SAR_15_175_30m,30m,15,175,Stop-and-Reverse (SAR),10000.0,9610.96,-389.04,-3.89,43.21,32.63,0.13,0.17,-0.24,27.0,0.96,0.04,89,46.8,28.92,-5.46,96.0,8.9,890.0,2,4,14.97,1.73,-12.02,-4.9,-1.6,-0.18
EMA_SAR_15_40_1h,1h,15,40,Stop-and-Reverse (SAR),10000.0,9608.1,-391.9,-3.92,43.18,47.62,0.13,0.18,-0.16,33.7,0.97,0.04,104,41.0,29.73,-6.47,98.2,10.4,1040.0,3,3,29.49,1.84,-10.23,-23.55,-9.45,17.24
EMA_SAR_10_170_1h,1h,10,170,Stop-and-Reverse (SAR),10000.0,9606.97,-393.03,-3.93,43.17,42.47,0.1,0.13,-0.18,19.6,0.95,0.09,56,71.5,30.3,-5.46,92.2,5.6,560.0,4,2,17.96,1.38,-25.07,-7.71,10.23,5.38
EMA_SAR_55_70_30m,30m,55,70,Stop-and-Reverse (SAR),10000.0,9607.42,-392.58,-3.93,43.17,44.32,0.14,0.19,-0.18,35.4,0.97,0.05,82,52.1,29.03,-6.34,98.4,8.2,820.0,3,3,26.88,-10.57,-9.82,-16.52,0.83,11.55
EMA_SAR_15_140_1h,1h,15,140,Stop-and-Reverse (SAR),10000.0,9598.68,-401.32,-4.01,43.09,44.51,0.11,0.14,-0.18,21.4,0.96,0.07,56,72.6,30.12,-6.1,93.6,5.6,560.0,3,3,20.93,-4.7,-21.92,-8.59,7.18,8.88
EMA_SAR_35_185_1h,1h,35,185,Stop-and-Reverse (SAR),10000.0,9599.23,-400.77,-4.01,43.09,44.55,0.1,0.12,-0.18,17.6,0.95,0.12,34,116.9,29.21,-7.32,91.5,3.4,340.0,3,3,18.77,-6.95,-18.33,-5.95,4.33,8.38
EMA_SAR_165_175_1h,1h,165,175,Stop-and-Reverse (SAR),10000.0,9595.91,-404.09,-4.04,43.06,35.7,0.08,0.11,-0.22,27.8,0.94,0.26,18,221.8,32.46,-11.21,92.0,1.8,180.0,4,2,4.86,5.21,-19.73,4.79,-2.3,5.85
EMA_SAR_30_170_1h,1h,30,170,Stop-and-Reverse (SAR),10000.0,9591.54,-408.46,-4.08,43.02,45.84,0.09,0.12,-0.18,18.8,0.95,0.13,32,125.1,29.11,-7.02,92.2,3.2,320.0,3,3,18.45,-9.69,-16.79,-8.98,6.51,11.16
EMA_SAR_55_75_30m,30m,55,75,Stop-and-Reverse (SAR),10000.0,9591.35,-408.65,-4.09,43.01,46.38,0.13,0.18,-0.17,31.4,0.96,0.05,86,49.6,28.57,-6.35,98.3,8.6,860.0,3,3,23.34,-10.22,-13.88,-10.73,0.52,12.09
EMA_SAR_160_175_1h,1h,160,175,Stop-and-Reverse (SAR),10000.0,9590.13,-409.87,-4.1,43.0,36.64,0.08,0.1,-0.22,27.8,0.93,0.25,18,221.8,32.26,-11.21,92.0,1.8,180.0,4,2,4.86,4.53,-20.9,4.61,-1.5,7.36
EMA_SAR_95_160_1h,1h,95,160,Stop-and-Reverse (SAR),10000.0,9587.45,-412.55,-4.13,42.97,39.57,0.08,0.1,-0.21,22.7,0.94,0.23,22,182.9,33.43,-9.82,92.7,2.2,220.0,2,4,12.58,-5.96,-9.68,-3.77,-1.52,5.8
EMA_SAR_110_125_1h,1h,110,125,Stop-and-Reverse (SAR),10000.0,9586.44,-413.56,-4.14,42.96,42.05,0.08,0.11,-0.19,18.5,0.94,0.2,27,151.6,33.36,-10.21,94.3,2.7,270.0,2,4,15.71,-6.61,-10.58,-5.47,-2.24,7.36
EMA_SAR_40_50_30m,30m,40,50,Stop-and-Reverse (SAR),10000.0,9583.19,-416.81,-4.17,42.93,48.45,0.13,0.18,-0.17,33.9,0.97,0.04,112,38.3,30.48,-6.35,98.9,11.2,1120.0,3,3,34.0,0.06,-17.11,-22.61,-1.81,13.49
EMA_SAR_5_150_30m,30m,5,150,Stop-and-Reverse (SAR),10000.0,9581.53,-418.47,-4.18,42.92,34.89,0.12,0.16,-0.24,23.7,0.97,0.02,156,26.9,28.9,-4.63,96.6,15.6,1560.0,3,3,22.36,1.92,-10.99,0.78,-9.58,-5.28
EMA_SAR_10_175_30m,30m,10,175,Stop-and-Reverse (SAR),10000.0,9580.95,-419.05,-4.19,42.91,35.76,0.12,0.16,-0.23,28.0,0.96,0.03,107,39.0,28.75,-4.63,96.0,10.7,1070.0,2,4,18.99,-2.43,-16.88,0.73,-0.35,-1.08
EMA_SAR_40_195_5m,5m,40,195,Stop-and-Reverse (SAR),10000.0,9579.51,-420.49,-4.2,42.9,42.36,0.15,0.21,-0.2,24.0,0.99,0.02,358,12.0,23.29,-4.44,99.3,35.8,3580.0,2,4,29.75,11.81,-14.83,-1.77,-20.91,-0.19
EMA_SAR_160_180_1h,1h,160,180,Stop-and-Reverse (SAR),10000.0,9579.84,-420.16,-4.2,42.9,36.81,0.08,0.1,-0.23,27.8,0.93,0.24,18,221.3,32.46,-9.8,91.7,1.8,180.0,4,2,6.52,5.21,-21.11,4.79,-2.3,5.85
EMA_SAR_10_85_1h,1h,10,85,Stop-and-Reverse (SAR),10000.0,9569.63,-430.37,-4.3,42.8,41.3,0.11,0.15,-0.21,27.1,0.96,0.04,85,49.1,29.24,-5.84,96.1,8.5,850.0,3,3,19.99,-9.21,-8.42,-6.94,1.32,1.72
EMA_SAR_140_190_1h,1h,140,190,Stop-and-Reverse (SAR),10000.0,9557.14,-442.86,-4.43,42.67,39.28,0.07,0.09,-0.22,27.8,0.93,0.23,18,220.2,32.07,-8.79,91.3,1.8,180.0,4,2,7.59,3.77,-21.64,4.87,-4.19,8.73
EMA_SAR_30_105_1h,1h,30,105,Stop-and-Reverse (SAR),10000.0,9548.44,-451.56,-4.52,42.58,41.07,0.09,0.12,-0.22,27.9,0.94,0.06,43,96.1,27.16,-6.57,95.2,4.3,430.0,3,3,8.51,-9.73,-10.75,-9.28,6.35,13.2
EMA_SAR_75_155_1h,1h,75,155,Stop-and-Reverse (SAR),10000.0,9547.63,-452.37,-4.52,42.58,45.12,0.06,0.08,-0.2,19.2,0.94,0.21,26,155.1,35.38,-9.97,92.9,2.6,260.0,2,4,22.1,-6.88,-16.67,-5.36,-1.01,7.57
EMA_SAR_20_150_30m,30m,20,150,Stop-and-Reverse (SAR),10000.0,9545.92,-454.08,-4.54,42.56,38.85,0.11,0.14,-0.23,31.8,0.96,0.03,88,47.7,28.62,-5.67,96.6,8.8,880.0,2,4,19.47,-7.06,-12.0,-7.32,-1.05,6.53
EMA_SAR_80_125_5m,5m,80,125,Stop-and-Reverse (SAR),10000.0,9543.77,-456.23,-4.56,42.54,37.39,0.14,0.19,-0.24,26.2,0.98,0.02,328,13.2,23.53,-4.6,99.5,32.8,3280.0,3,3,18.5,16.95,-17.71,6.29,-20.46,-1.01
EMA_SAR_25_95_30m,30m,25,95,Stop-and-Reverse (SAR),10000.0,9542.69,-457.31,-4.57,42.53,45.15,0.11,0.15,-0.2,32.7,0.96,0.04,98,43.4,29.9,-5.67,97.8,9.8,980.0,2,4,27.72,-1.68,-10.62,-18.09,-7.17,11.82
EMA_SAR_145_190_1h,1h,145,190,Stop-and-Reverse (SAR),10000.0,9543.45,-456.55,-4.57,42.53,38.88,0.06,0.08,-0.23,27.8,0.93,0.22,18,220.2,32.26,-8.65,91.3,1.8,180.0,4,2,7.88,4.53,-22.81,4.43,-2.47,7.64
EMA_SAR_30_85_30m,30m,30,85,Stop-and-Reverse (SAR),10000.0,9540.19,-459.81,-4.6,42.5,45.5,0.11,0.15,-0.2,33.3,0.96,0.04,96,44.4,30.13,-5.67,98.1,9.6,960.0,3,3,29.53,0.13,-12.54,-18.41,-6.68,10.46
EMA_SAR_5_155_30m,30m,5,155,Stop-and-Reverse (SAR),10000.0,9539.93,-460.07,-4.6,42.5,35.45,0.1,0.14,-0.26,22.4,0.97,0.02,156,26.8,28.9,-4.63,96.4,15.6,1560.0,2,4,22.54,2.01,-11.13,-1.44,-8.72,-4.55
EMA_SAR_155_170_1h,1h,155,170,Stop-and-Reverse (SAR),10000.0,9534.49,-465.51,-4.66,42.44,38.71,0.06,0.07,-0.24,27.8,0.93,0.22,18,222.4,32.29,-9.06,92.2,1.8,180.0,4,2,7.28,3.72,-20.22,4.96,-5.06,7.78
EMA_SAR_135_200_1h,1h,135,200,Stop-and-Reverse (SAR),10000.0,9529.81,-470.19,-4.7,42.4,38.37,0.06,0.07,-0.24,27.8,0.93,0.21,18,219.1,31.97,-10.24,90.8,1.8,180.0,4,2,5.88,4.12,-21.48,4.4,-2.88,8.58
EMA_SAR_60_70_30m,30m,60,70,Stop-and-Reverse (SAR),10000.0,9527.28,-472.72,-4.73,42.37,43.83,0.11,0.15,-0.21,32.5,0.96,0.04,80,53.4,28.68,-6.35,98.4,8.0,800.0,2,4,24.23,-9.82,-11.93,-13.25,-0.44,11.79
EMA_SAR_30_80_30m,30m,30,80,Stop-and-Reverse (SAR),10000.0,9523.98,-476.02,-4.76,42.34,44.71,0.11,0.14,-0.21,32.1,0.96,0.03,106,40.2,29.73,-5.84,98.2,10.6,1060.0,2,4,29.2,-2.97,-9.23,-19.37,-4.09,8.23
EMA_SAR_125_145_1h,1h,125,145,Stop-and-Reverse (SAR),10000.0,9521.44,-478.56,-4.79,42.31,39.16,0.05,0.07,-0.24,21.7,0.93,0.18,23,176.2,33.87,-9.31,93.3,2.3,230.0,2,4,14.7,-5.17,-11.09,-3.88,-0.03,2.47
EMA_SAR_150_180_1h,1h,150,180,Stop-and-Reverse (SAR),10000.0,9516.55,-483.45,-4.83,42.27,38.77,0.05,0.06,-0.25,27.8,0.92,0.21,18,221.3,31.97,-9.94,91.7,1.8,180.0,4,2,6.24,3.54,-22.11,4.87,-2.59,8.73
EMA_SAR_45_100_1h,1h,45,100,Stop-and-Reverse (SAR),10000.0,9512.68,-487.32,-4.87,42.23,47.27,0.07,0.1,-0.2,25.7,0.94,0.11,35,118.4,27.57,-7.53,95.4,3.5,350.0,3,3,14.1,-10.79,-14.47,-9.91,4.36,16.22
EMA_SAR_45_195_1h,1h,45,195,Stop-and-Reverse (SAR),10000.0,9511.35,-488.65,-4.89,42.21,43.43,0.04,0.05,-0.22,19.2,0.93,0.19,26,152.0,34.62,-11.64,91.0,2.6,260.0,3,3,19.12,-9.84,-16.68,-0.91,0.66,6.56
EMA_SAR_120_135_1h,1h,120,135,Stop-and-Reverse (SAR),10000.0,9510.22,-489.78,-4.9,42.2,42.16,0.05,0.07,-0.23,21.7,0.93,0.17,23,177.1,33.27,-9.66,93.8,2.3,230.0,3,3,16.34,-5.66,-14.88,-5.81,1.95,6.01
EMA_SAR_150_185_1h,1h,150,185,Stop-and-Reverse (SAR),10000.0,9502.77,-497.23,-4.97,42.13,38.41,0.04,0.06,-0.25,27.8,0.92,0.2,18,220.7,32.26,-9.49,91.5,1.8,180.0,4,2,6.88,4.53,-22.81,4.43,-1.72,7.36
EMA_SAR_115_155_1h,1h,115,155,Stop-and-Reverse (SAR),10000.0,9500.01,-499.99,-5.0,42.1,40.59,0.04,0.06,-0.24,22.7,0.93,0.18,22,183.3,33.87,-9.8,92.9,2.2,220.0,2,4,17.19,-6.26,-12.5,-3.52,-0.03,2.47
EMA_SAR_25_140_1h,1h,25,140,Stop-and-Reverse (SAR),10000.0,9496.8,-503.2,-5.03,42.07,40.83,0.06,0.08,-0.24,20.0,0.94,0.1,40,101.6,29.99,-6.2,93.6,4.0,400.0,3,3,18.94,-8.64,-16.2,-5.17,9.9,0.07
EMA_SAR_15_190_1h,1h,15,190,Stop-and-Reverse (SAR),10000.0,9493.59,-506.41,-5.06,42.04,43.31,0.05,0.07,-0.23,20.0,0.94,0.08,40,99.1,29.55,-5.59,91.3,4.0,400.0,3,3,17.27,-1.63,-23.33,-7.88,11.21,4.78
EMA_SAR_10_175_1h,1h,10,175,Stop-and-Reverse (SAR),10000.0,9492.95,-507.05,-5.07,42.03,41.76,0.05,0.07,-0.24,20.4,0.94,0.08,54,73.9,30.33,-5.46,92.0,5.4,540.0,4,2,14.99,1.03,-24.47,-6.38,9.52,5.52
EMA_SAR_30_95_30m,30m,30,95,Stop-and-Reverse (SAR),10000.0,9485.23,-514.77,-5.15,41.95,42.58,0.09,0.12,-0.24,34.4,0.96,0.04,90,47.2,30.55,-5.67,97.8,9.0,900.0,2,4,28.22,-1.74,-15.32,-13.72,-2.15,5.31
EMA_SAR_35_95_30m,30m,35,95,Stop-and-Reverse (SAR),10000.0,9480.12,-519.88,-5.2,41.9,42.41,0.09,0.12,-0.24,33.7,0.96,0.03,86,49.4,29.38,-5.84,97.8,8.6,860.0,2,4,26.66,-2.78,-14.55,-14.98,-0.27,6.27
EMA_SAR_15_95_30m,30m,15,95,Stop-and-Reverse (SAR),10000.0,9475.93,-524.07,-5.24,41.86,42.37,0.09,0.12,-0.24,29.8,0.96,0.02,124,34.3,29.83,-5.08,97.8,12.4,1240.0,2,4,24.75,-4.67,-5.93,-16.2,-6.31,7.89
EMA_SAR_130_135_1h,1h,130,135,Stop-and-Reverse (SAR),10000.0,9474.81,-525.19,-5.25,41.85,40.7,0.03,0.04,-0.25,21.7,0.92,0.15,23,177.1,33.91,-9.26,93.8,2.3,230.0,2,4,17.05,-5.1,-13.59,-3.68,-0.03,2.51
EMA_SAR_50_190_1h,1h,50,190,Stop-and-Reverse (SAR),10000.0,9472.17,-527.83,-5.28,41.82,43.66,0.02,0.03,-0.24,19.2,0.93,0.17,26,152.4,35.32,-9.36,91.3,2.6,260.0,3,3,19.32,-5.55,-19.69,-3.26,1.73,6.34
EMA_SAR_25_110_30m,30m,25,110,Stop-and-Reverse (SAR),10000.0,9465.62,-534.38,-5.34,41.76,43.1,0.08,0.11,-0.24,33.0,0.96,0.1,88,48.1,29.75,-5.67,97.5,8.8,880.0,2,4,29.05,-6.13,-13.85,-8.67,-6.25,5.93
EMA_SAR_130_140_1h,1h,130,140,Stop-and-Reverse (SAR),10000.0,9462.56,-537.44,-5.37,41.73,40.2,0.03,0.04,-0.26,21.7,0.92,0.15,23,176.7,33.87,-9.31,93.6,2.3,230.0,2,4,15.96,-5.17,-11.09,-3.88,-1.73,2.47
EMA_SAR_50_185_1h,1h,50,185,Stop-and-Reverse (SAR),10000.0,9461.29,-538.71,-5.39,41.71,43.29,0.02,0.02,-0.24,19.2,0.93,0.17,26,152.8,34.62,-10.48,91.5,2.6,260.0,3,3,18.54,-7.29,-18.11,-1.9,0.86,6.26
EMA_SAR_5_115_30m,30m,5,115,Stop-and-Reverse (SAR),10000.0,9456.15,-543.85,-5.44,41.66,34.14,0.08,0.11,-0.31,25.0,0.97,0.02,188,22.5,29.97,-4.63,97.4,18.8,1880.0,2,4,18.36,6.57,-5.93,-5.62,-14.51,-1.24
EMA_SAR_160_170_1h,1h,160,170,Stop-and-Reverse (SAR),10000.0,9455.72,-544.28,-5.44,41.66,39.65,0.03,0.03,-0.27,27.8,0.91,0.17,18,222.4,31.97,-9.06,92.2,1.8,180.0,4,2,7.28,3.54,-23.36,4.87,-2.44,8.58
EMA_SAR_20_160_30m,30m,20,160,Stop-and-Reverse (SAR),10000.0,9455.33,-544.67,-5.45,41.65,41.62,0.07,0.1,-0.26,30.7,0.95,0.02,88,47.5,28.71,-5.46,96.3,8.8,880.0,2,4,22.38,-7.5,-12.64,-7.6,-2.27,5.88
EMA_SAR_145_195_1h,1h,145,195,Stop-and-Reverse (SAR),10000.0,9453.54,-546.46,-5.46,41.64,37.38,0.02,0.03,-0.29,27.8,0.91,0.16,18,219.6,32.46,-9.06,91.0,1.8,180.0,4,2,7.4,5.21,-22.47,4.79,-1.49,4.54
EMA_SAR_35_60_30m,30m,35,60,Stop-and-Reverse (SAR),10000.0,9453.29,-546.71,-5.47,41.63,49.06,0.08,0.11,-0.22,32.7,0.96,0.03,110,38.9,30.22,-6.23,98.6,11.0,1100.0,3,3,33.26,1.45,-14.37,-25.04,-4.79,14.43
EMA_SAR_35_55_30m,30m,35,55,Stop-and-Reverse (SAR),10000.0,9444.5,-555.5,-5.56,41.54,49.71,0.08,0.11,-0.22,33.3,0.96,0.03,114,37.6,30.47,-6.47,98.7,11.4,1140.0,2,4,34.96,-0.34,-15.3,-23.42,-4.91,13.84
EMA_SAR_115_140_1h,1h,115,140,Stop-and-Reverse (SAR),10000.0,9442.36,-557.64,-5.58,41.52,42.03,0.02,0.03,-0.26,21.7,0.92,0.14,23,176.7,33.27,-9.66,93.6,2.3,230.0,3,3,15.25,-5.66,-14.7,-5.81,1.95,6.01
EMA_SAR_20_155_30m,30m,20,155,Stop-and-Reverse (SAR),10000.0,9440.56,-559.44,-5.59,41.51,40.22,0.07,0.09,-0.27,31.1,0.95,0.01,90,46.5,28.61,-5.46,96.4,9.0,900.0,2,4,21.28,-6.67,-12.4,-7.25,-3.41,6.28
EMA_SAR_155_190_1h,1h,155,190,Stop-and-Reverse (SAR),10000.0,9440.57,-559.43,-5.59,41.51,38.57,0.02,0.02,-0.28,27.8,0.91,0.15,18,220.2,31.9,-8.34,91.3,1.8,180.0,4,2,8.5,2.12,-20.86,3.95,-1.77,5.44
EMA_SAR_30_175_1h,1h,30,175,Stop-and-Reverse (SAR),10000.0,9438.96,-561.04,-5.61,41.49,45.27,0.03,0.04,-0.24,18.8,0.93,0.08,32,124.8,28.99,-7.02,92.0,3.2,320.0,3,3,14.82,-9.84,-15.59,-8.93,6.23,11.65
EMA_SAR_125_130_1h,1h,125,130,Stop-and-Reverse (SAR),10000.0,9438.76,-561.24,-5.61,41.49,41.94,0.02,0.03,-0.26,21.7,0.92,0.14,23,177.5,33.27,-9.66,94.0,2.3,230.0,3,3,15.03,-5.66,-14.73,-5.81,2.15,6.01
EMA_SAR_35_195_1h,1h,35,195,Stop-and-Reverse (SAR),10000.0,9437.26,-562.74,-5.63,41.47,45.3,0.03,0.04,-0.24,18.8,0.92,0.08,32,123.5,29.26,-7.35,91.0,3.2,320.0,3,3,18.65,-6.6,-19.01,-6.47,4.01,8.09
EMA_SAR_35_190_1h,1h,35,190,Stop-and-Reverse (SAR),10000.0,9435.86,-564.14,-5.64,41.46,46.33,0.03,0.04,-0.24,17.6,0.93,0.08,34,116.6,29.46,-7.32,91.3,3.4,340.0,3,3,20.58,-6.97,-19.6,-7.19,4.01,8.38
EMA_SAR_90_130_1h,1h,90,130,Stop-and-Reverse (SAR),10000.0,9433.82,-566.18,-5.66,41.44,44.84,0.01,0.02,-0.25,22.2,0.92,0.16,27,151.2,35.38,-9.48,94.0,2.7,270.0,2,4,20.91,-5.8,-12.62,-9.65,-1.76,6.8
EMA_SAR_150_195_1h,1h,150,195,Stop-and-Reverse (SAR),10000.0,9428.78,-571.22,-5.71,41.39,38.37,0.01,0.01,-0.29,27.8,0.91,0.14,18,219.6,31.9,-8.75,91.0,1.8,180.0,4,2,8.01,2.12,-20.86,3.95,-1.45,5.44
EMA_SAR_145_185_1h,1h,145,185,Stop-and-Reverse (SAR),10000.0,9422.56,-577.44,-5.77,41.33,39.58,0.01,0.01,-0.29,27.8,0.91,0.16,18,220.7,31.97,-9.63,91.5,1.8,180.0,4,2,6.6,3.54,-22.11,4.87,-3.88,8.73
EMA_SAR_120_150_1h,1h,120,150,Stop-and-Reverse (SAR),10000.0,9418.44,-581.56,-5.82,41.28,40.55,0.01,0.01,-0.28,21.7,0.92,0.13,23,175.8,33.87,-9.8,93.1,2.3,230.0,2,4,16.1,-6.26,-12.11,-3.88,-0.03,2.47
EMA_SAR_150_190_1h,1h,150,190,Stop-and-Reverse (SAR),10000.0,9417.21,-582.79,-5.83,41.27,37.9,0.01,0.01,-0.3,27.8,0.91,0.14,18,220.2,32.46,-8.65,91.3,1.8,180.0,4,2,7.88,5.21,-22.47,4.79,-2.3,4.54
EMA_SAR_135_190_1h,1h,135,190,Stop-and-Reverse (SAR),10000.0,9408.55,-591.45,-5.91,41.19,38.69,0.0,0.0,-0.3,27.8,0.91,0.14,18,220.2,32.47,-8.55,91.3,1.8,180.0,4,2,8.07,3.67,-21.15,4.95,-3.9,5.61
EMA_SAR_45_190_1h,1h,45,190,Stop-and-Reverse (SAR),10000.0,9405.24,-594.76,-5.95,41.15,44.25,-0.0,-0.01,-0.26,19.2,0.92,0.15,26,152.4,34.61,-11.64,91.3,2.6,260.0,2,4,19.61,-9.84,-16.84,-1.29,-0.22,6.47
EMA_SAR_35_70_30m,30m,35,70,Stop-and-Reverse (SAR),10000.0,9394.58,-605.42,-6.05,41.05,48.68,0.06,0.08,-0.24,29.8,0.95,0.02,104,41.1,29.73,-6.57,98.4,10.4,1040.0,2,4,30.07,-3.3,-8.53,-24.95,-4.7,14.18
EMA_SAR_35_200_30m,30m,35,200,Stop-and-Reverse (SAR),10000.0,9391.46,-608.54,-6.09,41.01,44.55,0.04,0.06,-0.27,25.4,0.93,0.02,63,65.8,27.31,-5.59,95.4,6.3,630.0,3,3,19.9,-11.25,-16.23,-7.42,0.83,12.86
EMA_SAR_25_150_1h,1h,25,150,Stop-and-Reverse (SAR),10000.0,9386.18,-613.82,-6.14,40.96,42.4,0.02,0.02,-0.28,21.1,0.93,0.07,38,106.4,29.7,-5.79,93.1,3.8,380.0,2,4,21.89,-6.32,-19.83,-5.56,9.3,-0.67
EMA_SAR_145_180_1h,1h,145,180,Stop-and-Reverse (SAR),10000.0,9383.97,-616.03,-6.16,40.94,39.09,-0.01,-0.01,-0.31,27.8,0.9,0.13,18,221.3,32.29,-9.94,91.7,1.8,180.0,4,2,6.24,3.72,-21.43,4.96,-4.19,7.78
EMA_SAR_45_180_5m,5m,45,180,Stop-and-Reverse (SAR),10000.0,9384.15,-615.85,-6.16,40.94,39.74,0.09,0.11,-0.3,24.2,0.98,0.01,360,12.0,23.39,-4.44,99.3,36.0,3600.0,3,3,23.65,11.48,-14.96,2.52,-18.67,-3.98
EMA_SAR_155_175_1h,1h,155,175,Stop-and-Reverse (SAR),10000.0,9381.1,-618.9,-6.19,40.91,38.66,-0.01,-0.01,-0.31,27.8,0.9,0.14,18,221.8,31.97,-11.34,92.0,1.8,180.0,4,2,4.58,3.54,-22.11,4.87,-2.44,8.72
EMA_SAR_140_185_1h,1h,140,185,Stop-and-Reverse (SAR),10000.0,9378.62,-621.38,-6.21,40.89,39.33,-0.01,-0.01,-0.31,27.8,0.9,0.13,18,220.7,32.29,-9.63,91.5,1.8,180.0,4,2,6.6,3.72,-21.73,4.95,-4.19,7.78
EMA_SAR_35_100_30m,30m,35,100,Stop-and-Reverse (SAR),10000.0,9378.26,-621.74,-6.22,40.88,43.48,0.05,0.07,-0.28,31.0,0.95,0.02,84,50.5,28.99,-5.84,97.7,8.4,840.0,3,3,24.47,-9.65,-12.36,-11.76,0.96,6.82
EMA_SAR_20_190_30m,30m,20,190,Stop-and-Reverse (SAR),10000.0,9376.57,-623.43,-6.23,40.87,42.21,0.04,0.05,-0.29,22.1,0.94,0.02,77,53.9,28.24,-5.46,95.6,7.7,770.0,3,3,24.49,-4.7,-17.5,-7.8,0.4,3.49
EMA_SAR_80_145_1h,1h,80,145,Stop-and-Reverse (SAR),10000.0,9371.68,-628.32,-6.28,40.82,44.75,-0.01,-0.02,-0.27,22.2,0.92,0.13,27,150.1,35.38,-9.48,93.3,2.7,270.0,2,4,19.78,-5.8,-12.77,-10.02,-1.01,6.91
EMA_SAR_5_80_30m,30m,5,80,Stop-and-Reverse (SAR),10000.0,9366.61,-633.39,-6.33,40.77,34.33,0.06,0.09,-0.36,22.2,0.97,0.0,252,16.9,19.4,-4.63,98.2,25.2,2520.0,2,4,14.16,3.38,-6.27,-7.81,-7.85,-0.34
EMA_SAR_10_150_30m,30m,10,150,Stop-and-Reverse (SAR),10000.0,9364.56,-635.44,-6.35,40.75,37.4,0.04,0.05,-0.33,28.0,0.95,0.01,118,35.5,29.4,-4.63,96.6,11.8,1180.0,2,4,16.84,-4.14,-12.87,-0.27,-5.56,1.89
EMA_SAR_20_115_30m,30m,20,115,Stop-and-Reverse (SAR),10000.0,9363.19,-636.81,-6.37,40.73,40.4,0.04,0.06,-0.31,31.2,0.95,0.02,96,44.0,30.26,-5.81,97.4,9.6,960.0,2,4,27.53,-6.36,-9.81,-7.21,-6.97,0.71
EMA_SAR_5_130_30m,30m,5,130,Stop-and-Reverse (SAR),10000.0,9361.71,-638.29,-6.38,40.72,34.65,0.04,0.05,-0.36,25.6,0.96,0.01,172,24.5,30.4,-4.63,97.0,17.2,1720.0,2,4,19.13,5.25,-8.09,-1.8,-11.44,-6.6
EMA_SAR_10_130_30m,30m,10,130,Stop-and-Reverse (SAR),10000.0,9356.68,-643.32,-6.43,40.67,38.43,0.04,0.05,-0.33,26.8,0.95,0.04,138,30.5,29.51,-4.63,97.0,13.8,1380.0,2,4,18.33,-3.29,-8.12,-6.01,-8.98,4.02
EMA_SAR_110_145_1h,1h,110,145,Stop-and-Reverse (SAR),10000.0,9356.67,-643.33,-6.43,40.67,41.93,-0.02,-0.02,-0.3,21.7,0.9,0.1,23,176.2,33.27,-9.66,93.3,2.3,230.0,3,3,14.0,-5.66,-14.89,-5.81,2.37,6.01
EMA_SAR_20_30_1h,1h,20,30,Stop-and-Reverse (SAR),10000.0,9354.31,-645.69,-6.46,40.64,49.57,0.04,0.05,-0.25,33.6,0.95,0.02,110,38.9,29.73,-6.34,98.6,11.0,1100.0,3,3,31.68,1.14,-16.28,-23.65,-6.24,17.21
EMA_SAR_60_150_5m,5m,60,150,Stop-and-Reverse (SAR),10000.0,9351.01,-648.99,-6.49,40.61,39.82,0.07,0.1,-0.32,26.2,0.98,0.01,344,12.6,23.69,-4.6,99.4,34.4,3440.0,3,3,19.2,19.16,-18.77,3.48,-19.48,-2.73
EMA_SAR_50_180_1h,1h,50,180,Stop-and-Reverse (SAR),10000.0,9350.46,-649.54,-6.5,40.6,43.94,-0.03,-0.04,-0.29,17.9,0.91,0.11,28,142.2,34.61,-10.48,91.7,2.8,280.0,3,3,18.11,-7.29,-17.69,-3.52,0.86,6.62
EMA_SAR_15_130_1h,1h,15,130,Stop-and-Reverse (SAR),10000.0,9348.67,-651.33,-6.51,40.59,43.29,0.01,0.01,-0.29,21.3,0.93,0.03,61,66.9,30.17,-6.1,94.0,6.1,610.0,3,3,18.57,-5.27,-22.61,-4.53,8.31,4.01
EMA_SAR_40_75_30m,30m,40,75,Stop-and-Reverse (SAR),10000.0,9346.36,-653.64,-6.54,40.56,44.64,0.04,0.05,-0.29,31.9,0.95,0.02,94,45.4,30.1,-5.84,98.3,9.4,940.0,2,4,26.33,-3.46,-14.49,-15.96,-2.96,9.89
EMA_SAR_20_195_30m,30m,20,195,Stop-and-Reverse (SAR),10000.0,9342.96,-657.04,-6.57,40.53,42.76,0.02,0.03,-0.3,23.4,0.93,0.01,77,53.9,27.63,-5.46,95.5,7.7,770.0,3,3,19.36,-6.32,-16.87,-6.81,0.1,7.76
EMA_SAR_125_140_1h,1h,125,140,Stop-and-Reverse (SAR),10000.0,9342.83,-657.17,-6.57,40.53,40.98,-0.02,-0.03,-0.31,21.7,0.9,0.09,23,176.7,33.91,-9.26,93.6,2.3,230.0,2,4,15.96,-5.1,-13.59,-3.68,-0.49,2.51
EMA_SAR_95_125_1h,1h,95,125,Stop-and-Reverse (SAR),10000.0,9342.38,-657.62,-6.58,40.52,45.23,-0.02,-0.03,-0.28,22.2,0.91,0.12,27,151.6,35.54,-9.26,94.3,2.7,270.0,2,4,20.1,-5.46,-13.43,-10.03,-1.46,7.21
EMA_SAR_15_110_1h,1h,15,110,Stop-and-Reverse (SAR),10000.0,9335.93,-664.07,-6.64,40.46,41.32,0.01,0.02,-0.31,23.9,0.93,0.01,67,61.5,27.96,-5.55,95.0,6.7,670.0,3,3,20.85,-7.37,-16.23,-7.03,0.96,6.06
EMA_SAR_20_170_30m,30m,20,170,Stop-and-Reverse (SAR),10000.0,9333.96,-666.04,-6.66,40.44,40.72,0.02,0.03,-0.32,27.7,0.94,0.01,83,50.3,29.17,-5.46,96.1,8.3,830.0,3,3,19.25,-4.02,-16.14,-7.19,1.3,3.43
EMA_SAR_70_135_5m,5m,70,135,Stop-and-Reverse (SAR),10000.0,9317.48,-682.52,-6.83,40.27,39.47,0.06,0.08,-0.34,26.0,0.98,0.02,334,12.9,23.62,-4.6,99.5,33.4,3340.0,3,3,19.04,17.33,-19.28,5.19,-19.02,-2.98
EMA_SAR_35_180_1h,1h,35,180,Stop-and-Reverse (SAR),10000.0,9314.59,-685.41,-6.85,40.25,45.01,-0.02,-0.03,-0.3,17.6,0.91,0.04,34,117.1,29.15,-7.14,91.7,3.4,340.0,3,3,16.08,-6.91,-17.57,-7.67,4.4,8.47
EMA_SAR_15_150_1h,1h,15,150,Stop-and-Reverse (SAR),10000.0,9310.09,-689.91,-6.9,40.2,45.14,-0.01,-0.01,-0.3,23.1,0.93,0.02,52,77.8,30.08,-6.1,93.1,5.2,520.0,3,3,23.09,-3.53,-24.66,-8.04,9.57,3.29
EMA_SAR_20_165_30m,30m,20,165,Stop-and-Reverse (SAR),10000.0,9307.84,-692.16,-6.92,40.18,40.91,0.01,0.02,-0.33,27.1,0.93,0.0,85,49.2,28.76,-5.46,96.2,8.5,850.0,3,3,18.12,-6.38,-12.81,-7.87,0.24,4.52
EMA_SAR_50_90_30m,30m,50,90,Stop-and-Reverse (SAR),10000.0,9306.98,-693.02,-6.93,40.17,43.39,0.02,0.03,-0.31,33.3,0.94,0.01,78,54.5,29.94,-5.55,97.9,7.8,780.0,2,4,22.7,-9.54,-8.42,-14.71,-2.34,9.93
EMA_SAR_160_165_1h,1h,160,165,Stop-and-Reverse (SAR),10000.0,9306.98,-693.02,-6.93,40.17,38.71,-0.04,-0.05,-0.35,27.8,0.89,0.09,18,222.9,32.29,-10.58,92.4,1.8,180.0,4,2,5.48,3.72,-20.22,4.96,-5.06,7.0
EMA_SAR_85_135_1h,1h,85,135,Stop-and-Reverse (SAR),10000.0,9305.71,-694.29,-6.94,40.16,46.91,-0.02,-0.03,-0.29,20.7,0.91,0.09,29,140.4,35.27,-9.48,93.8,2.9,290.0,3,3,22.28,-10.55,-13.65,-9.87,2.06,7.1
EMA_SAR_35_80_30m,30m,35,80,Stop-and-Reverse (SAR),10000.0,9302.63,-697.37,-6.97,40.13,44.82,0.02,0.03,-0.3,33.0,0.94,0.02,94,45.4,30.93,-5.84,98.2,9.4,940.0,2,4,26.85,-2.05,-12.36,-18.46,-3.89,9.01
EMA_SAR_45_75_30m,30m,45,75,Stop-and-Reverse (SAR),10000.0,9302.34,-697.66,-6.98,40.12,43.09,0.02,0.03,-0.31,31.8,0.94,0.01,88,48.5,29.46,-6.33,98.3,8.8,880.0,2,4,28.28,-2.23,-12.56,-18.45,-0.6,4.64
EMA_SAR_5_95_1h,1h,5,95,Stop-and-Reverse (SAR),10000.0,9301.04,-698.96,-6.99,40.11,37.4,0.0,0.0,-0.36,26.2,0.94,0.0,103,40.3,28.24,-5.46,95.6,10.3,1030.0,2,4,21.15,0.56,-19.49,-2.76,-0.04,-2.44
EMA_SAR_25_125_1h,1h,25,125,Stop-and-Reverse (SAR),10000.0,9299.86,-700.14,-7.0,40.1,45.67,-0.01,-0.01,-0.3,27.7,0.92,0.02,47,87.1,29.96,-6.2,94.3,4.7,470.0,3,3,15.95,-12.61,-17.85,-7.13,8.72,10.65
EMA_SAR_35_125_1h,1h,35,125,Stop-and-Reverse (SAR),10000.0,9295.33,-704.67,-7.05,40.05,46.26,-0.02,-0.02,-0.3,21.6,0.91,0.05,37,110.6,28.53,-7.3,94.3,3.7,370.0,3,3,14.02,-8.97,-16.43,-9.38,5.51,12.08
EMA_SAR_10_65_1h,1h,10,65,Stop-and-Reverse (SAR),10000.0,9294.08,-705.92,-7.06,40.04,41.58,0.01,0.01,-0.33,30.9,0.94,0.01,94,44.8,29.31,-5.81,97.0,9.4,940.0,2,4,23.42,-9.05,-9.24,-8.06,-6.46,6.08
EMA_SAR_40_115_1h,1h,40,115,Stop-and-Reverse (SAR),10000.0,9292.46,-707.54,-7.08,40.02,46.76,-0.02,-0.02,-0.29,21.6,0.91,0.03,37,111.2,27.21,-7.28,94.7,3.7,370.0,3,3,13.68,-7.44,-17.14,-9.47,4.41,12.75
EMA_SAR_25_190_1h,1h,25,190,Stop-and-Reverse (SAR),10000.0,9291.21,-708.79,-7.09,40.01,46.39,-0.03,-0.04,-0.3,16.7,0.91,0.03,36,110.1,29.69,-7.05,91.3,3.6,360.0,3,3,19.36,-5.72,-23.04,-6.8,6.45,8.13
EMA_SAR_105_115_1h,1h,105,115,Stop-and-Reverse (SAR),10000.0,9289.74,-710.26,-7.1,40.0,45.14,-0.05,-0.06,-0.31,18.5,0.91,0.1,27,152.3,35.22,-9.26,94.7,2.7,270.0,2,4,18.74,-5.39,-12.64,-10.67,-1.46,7.53
EMA_SAR_35_105_30m,30m,35,105,Stop-and-Reverse (SAR),10000.0,9288.05,-711.95,-7.12,39.98,45.56,0.01,0.02,-0.3,34.1,0.94,0.01,82,51.7,29.14,-6.33,97.6,8.2,820.0,3,3,26.91,-11.18,-11.96,-11.68,0.89,5.04
EMA_SAR_45_80_30m,30m,45,80,Stop-and-Reverse (SAR),10000.0,9288.36,-711.64,-7.12,39.98,42.16,0.02,0.02,-0.33,34.5,0.94,0.01,84,50.8,28.66,-6.33,98.2,8.4,840.0,3,3,24.34,-5.0,-10.1,-17.53,0.07,5.99
EMA_SAR_25_40_1h,1h,25,40,Stop-and-Reverse (SAR),10000.0,9287.02,-712.98,-7.13,39.97,42.75,0.01,0.01,-0.32,32.5,0.94,0.01,80,53.3,29.16,-6.33,98.2,8.0,800.0,3,3,22.52,-12.54,-8.21,-12.57,0.18,7.8
EMA_SAR_50_195_1h,1h,50,195,Stop-and-Reverse (SAR),10000.0,9284.38,-715.62,-7.16,39.94,44.5,-0.06,-0.07,-0.31,19.2,0.91,0.11,26,152.0,35.32,-10.54,91.0,2.6,260.0,3,3,18.79,-8.14,-19.28,-2.51,1.74,6.29
EMA_SAR_175_200_1h,1h,175,200,Stop-and-Reverse (SAR),10000.0,9279.35,-720.65,-7.21,39.89,33.12,-0.06,-0.08,-0.42,22.7,0.89,0.03,22,179.2,30.97,-11.8,90.8,2.2,220.0,3,3,2.76,14.24,-20.56,4.77,-2.02,-3.08
EMA_SAR_15_120_30m,30m,15,120,Stop-and-Reverse (SAR),10000.0,9279.42,-720.58,-7.21,39.89,37.48,0.01,0.01,-0.37,27.5,0.94,0.01,120,35.2,29.8,-5.08,97.2,12.0,1200.0,2,4,18.45,-5.71,-4.53,-9.05,-5.8,1.58
EMA_SAR_60_75_30m,30m,60,75,Stop-and-Reverse (SAR),10000.0,9275.22,-724.78,-7.25,39.85,42.03,0.01,0.01,-0.33,32.4,0.93,0.0,74,57.7,30.21,-6.35,98.3,7.4,740.0,2,4,23.49,-7.84,-9.55,-13.7,-2.16,6.71
EMA_SAR_30_130_1h,1h,30,130,Stop-and-Reverse (SAR),10000.0,9273.97,-726.03,-7.26,39.84,43.11,-0.03,-0.03,-0.33,22.0,0.91,0.04,41,99.6,28.61,-7.29,94.0,4.1,410.0,3,3,11.3,-9.63,-17.83,-4.95,9.09,8.21
EMA_SAR_40_190_5m,5m,40,190,Stop-and-Reverse (SAR),10000.0,9272.57,-727.43,-7.27,39.83,43.12,0.05,0.06,-0.33,24.6,0.97,0.01,362,11.9,23.39,-4.44,99.3,36.2,3620.0,3,3,26.24,9.68,-12.89,-3.41,-20.48,0.09
EMA_SAR_155_185_1h,1h,155,185,Stop-and-Reverse (SAR),10000.0,9270.59,-729.41,-7.29,39.81,38.29,-0.06,-0.07,-0.37,27.8,0.88,0.05,18,220.7,32.46,-9.49,91.5,1.8,180.0,4,2,6.88,5.21,-22.97,4.79,-2.3,4.54
EMA_SAR_130_195_1h,1h,130,195,Stop-and-Reverse (SAR),10000.0,9266.28,-733.72,-7.34,39.76,39.34,-0.06,-0.07,-0.36,27.8,0.89,0.05,18,219.6,32.25,-8.96,91.0,1.8,180.0,4,2,7.59,3.17,-21.8,5.18,-3.9,5.61
EMA_SAR_190_195_1h,1h,190,195,Stop-and-Reverse (SAR),10000.0,9262.67,-737.33,-7.37,39.73,34.78,-0.07,-0.09,-0.41,25.0,0.89,0.02,20,197.7,31.69,-10.16,91.0,2.0,200.0,2,4,5.18,14.08,-18.8,-0.99,-1.63,-2.4
EMA_SAR_35_75_30m,30m,35,75,Stop-and-Reverse (SAR),10000.0,9262.14,-737.86,-7.38,39.72,47.28,0.01,0.01,-0.3,34.0,0.94,0.01,100,42.7,30.13,-5.84,98.3,10.0,1000.0,2,4,28.21,-2.41,-13.76,-19.15,-4.85,11.58
EMA_SAR_160_185_1h,1h,160,185,Stop-and-Reverse (SAR),10000.0,9256.94,-743.06,-7.43,39.67,39.2,-0.06,-0.08,-0.37,27.8,0.88,0.05,18,220.7,31.9,-9.18,91.5,1.8,180.0,4,2,7.5,2.12,-21.68,3.95,-1.77,5.44
EMA_SAR_135_195_1h,1h,135,195,Stop-and-Reverse (SAR),10000.0,9257.24,-742.76,-7.43,39.67,39.9,-0.06,-0.08,-0.36,27.8,0.88,0.05,18,219.6,32.07,-9.2,91.0,1.8,180.0,4,2,7.11,3.77,-22.45,4.87,-4.19,6.89
EMA_SAR_185_190_1h,1h,185,190,Stop-and-Reverse (SAR),10000.0,9256.81,-743.19,-7.43,39.67,33.65,-0.07,-0.09,-0.43,22.7,0.88,0.01,22,180.1,30.97,-10.38,91.3,2.2,220.0,3,3,4.42,14.24,-22.12,4.77,-1.92,-3.05
EMA_SAR_45_65_30m,30m,45,65,Stop-and-Reverse (SAR),10000.0,9255.62,-744.38,-7.44,39.66,49.06,0.0,0.0,-0.29,32.2,0.94,0.02,90,47.5,31.08,-6.59,98.5,9.0,900.0,2,4,32.92,-1.99,-13.11,-24.4,-3.19,11.71
EMA_SAR_130_200_1h,1h,130,200,Stop-and-Reverse (SAR),10000.0,9250.89,-749.11,-7.49,39.61,39.25,-0.06,-0.08,-0.37,27.8,0.88,0.05,18,219.1,32.07,-10.24,90.8,1.8,180.0,4,2,5.88,3.77,-21.6,4.87,-4.19,6.89
EMA_SAR_80_120_5m,5m,80,120,Stop-and-Reverse (SAR),10000.0,9247.54,-752.46,-7.52,39.58,39.64,0.04,0.05,-0.37,26.4,0.97,0.01,326,13.3,23.61,-4.6,99.5,32.6,3260.0,3,3,16.92,19.21,-21.6,7.16,-20.48,-0.68
EMA_SAR_120_145_1h,1h,120,145,Stop-and-Reverse (SAR),10000.0,9241.15,-758.85,-7.59,39.51,40.98,-0.07,-0.09,-0.36,21.7,0.89,0.04,23,176.2,33.91,-9.26,93.3,2.3,230.0,2,4,14.7,-5.1,-13.59,-3.68,-0.49,2.51
EMA_SAR_5_70_1h,1h,5,70,Stop-and-Reverse (SAR),10000.0,9229.29,-770.71,-7.71,39.39,38.22,-0.02,-0.03,-0.39,27.3,0.94,-0.0,132,31.8,29.62,-5.46,96.8,13.2,1320.0,1,5,23.17,-3.0,-15.79,-3.37,-4.84,-0.24
EMA_SAR_75_165_1h,1h,75,165,Stop-and-Reverse (SAR),10000.0,9227.38,-772.62,-7.73,39.37,44.16,-0.08,-0.1,-0.34,19.2,0.9,0.08,26,154.3,35.19,-9.75,92.4,2.6,260.0,2,4,16.22,-6.47,-16.24,-4.78,-0.74,7.22
EMA_SAR_25_105_1h,1h,25,105,Stop-and-Reverse (SAR),10000.0,9223.81,-776.19,-7.76,39.34,41.6,-0.04,-0.05,-0.36,30.6,0.91,-0.01,49,84.3,28.51,-5.16,95.2,4.9,490.0,3,3,13.49,-8.03,-14.15,-8.72,4.77,7.63
EMA_SAR_5_85_30m,30m,5,85,Stop-and-Reverse (SAR),10000.0,9218.13,-781.87,-7.82,39.28,38.68,0.01,0.01,-0.39,23.1,0.96,-0.0,238,17.9,19.33,-4.63,98.1,23.8,2380.0,2,4,19.08,3.65,-8.66,-7.77,-10.65,-0.78
EMA_SAR_180_195_1h,1h,180,195,Stop-and-Reverse (SAR),10000.0,9215.72,-784.28,-7.84,39.26,33.65,-0.09,-0.12,-0.45,22.7,0.88,-0.01,22,179.7,30.97,-10.77,91.0,2.2,220.0,3,3,3.96,14.24,-22.12,4.77,-1.92,-3.05
EMA_SAR_75_160_1h,1h,75,160,Stop-and-Reverse (SAR),10000.0,9209.28,-790.72,-7.91,39.19,44.21,-0.09,-0.11,-0.35,19.2,0.89,0.07,26,154.7,35.22,-9.75,92.7,2.6,260.0,2,4,16.53,-6.47,-15.89,-4.99,-1.01,6.81
EMA_SAR_115_150_1h,1h,115,150,Stop-and-Reverse (SAR),10000.0,9206.81,-793.19,-7.93,39.17,41.73,-0.08,-0.11,-0.37,21.7,0.89,0.03,23,175.8,33.76,-9.26,93.1,2.3,230.0,2,4,15.68,-5.07,-14.38,-3.94,-0.56,2.51
EMA_SAR_20_110_1h,1h,20,110,Stop-and-Reverse (SAR),10000.0,9205.87,-794.13,-7.94,39.16,41.45,-0.05,-0.07,-0.37,30.6,0.91,-0.0,49,84.1,30.27,-5.55,95.0,4.9,490.0,3,3,15.74,-7.19,-13.33,-10.68,3.08,7.38
EMA_SAR_15_125_1h,1h,15,125,Stop-and-Reverse (SAR),10000.0,9203.64,-796.36,-7.96,39.14,43.28,-0.05,-0.07,-0.36,22.8,0.91,-0.0,57,71.8,30.45,-6.1,94.3,5.7,570.0,3,3,17.42,-4.67,-22.42,-6.35,7.83,4.95
EMA_SAR_10_200_1h,1h,10,200,Stop-and-Reverse (SAR),10000.0,9202.67,-797.33,-7.97,39.13,44.89,-0.07,-0.09,-0.34,18.0,0.9,0.01,50,78.9,29.57,-5.6,90.8,5.0,500.0,4,2,16.04,1.81,-25.83,-7.87,6.41,7.13
EMA_SAR_10_155_30m,30m,10,155,Stop-and-Reverse (SAR),10000.0,9195.48,-804.52,-8.05,39.05,36.32,-0.03,-0.04,-0.43,27.1,0.93,-0.01,118,35.5,29.52,-4.63,96.4,11.8,1180.0,2,4,16.52,-1.9,-15.04,-1.26,-4.79,0.72
EMA_SAR_15_145_1h,1h,15,145,Stop-and-Reverse (SAR),10000.0,9193.22,-806.78,-8.07,39.03,45.31,-0.06,-0.08,-0.34,21.8,0.91,-0.0,55,73.7,30.3,-6.1,93.3,5.5,550.0,3,3,21.16,-2.83,-24.35,-8.81,8.97,3.88
EMA_SAR_30_100_30m,30m,30,100,Stop-and-Reverse (SAR),10000.0,9192.63,-807.37,-8.07,39.03,43.96,-0.02,-0.03,-0.36,31.8,0.93,-0.0,88,48.2,29.54,-5.67,97.7,8.8,880.0,2,4,25.94,-3.36,-15.75,-14.29,-1.53,6.22
EMA_SAR_165_195_1h,1h,165,195,Stop-and-Reverse (SAR),10000.0,9191.09,-808.91,-8.09,39.01,38.03,-0.09,-0.12,-0.41,25.0,0.88,0.0,20,197.7,32.01,-9.14,91.0,2.0,200.0,4,2,7.22,3.75,-22.37,4.94,-1.2,2.66
EMA_SAR_15_30_1h,1h,15,30,Stop-and-Reverse (SAR),10000.0,9188.07,-811.93,-8.12,38.98,50.78,-0.03,-0.04,-0.31,31.5,0.94,0.0,124,34.5,30.13,-6.35,98.6,12.4,1240.0,3,3,32.31,0.85,-15.66,-20.92,-12.27,17.68
EMA_SAR_45_90_30m,30m,45,90,Stop-and-Reverse (SAR),10000.0,9186.97,-813.03,-8.13,38.97,44.12,-0.02,-0.03,-0.36,31.0,0.93,-0.01,84,50.6,29.16,-5.55,97.9,8.4,840.0,2,4,24.27,-12.68,-7.83,-9.74,-0.12,1.89
EMA_SAR_40_190_1h,1h,40,190,Stop-and-Reverse (SAR),10000.0,9184.9,-815.1,-8.15,38.95,46.04,-0.08,-0.1,-0.34,18.8,0.9,0.0,32,123.8,29.26,-8.68,91.3,3.2,320.0,3,3,19.27,-9.78,-16.93,-5.54,2.47,6.17
EMA_SAR_10_100_1h,1h,10,100,Stop-and-Reverse (SAR),10000.0,9181.06,-818.94,-8.19,38.91,42.59,-0.05,-0.07,-0.37,24.0,0.91,-0.02,75,55.2,27.71,-5.46,95.4,7.5,750.0,3,3,22.32,-6.12,-19.3,-6.6,1.0,5.03
EMA_SAR_145_200_1h,1h,145,200,Stop-and-Reverse (SAR),10000.0,9180.73,-819.27,-8.19,38.91,39.0,-0.1,-0.12,-0.41,27.8,0.87,0.01,18,219.1,32.32,-10.1,90.8,1.8,180.0,4,2,6.16,3.67,-22.22,3.95,-2.14,5.44
EMA_SAR_5_110_30m,30m,5,110,Stop-and-Reverse (SAR),10000.0,9180.15,-819.85,-8.2,38.9,37.71,-0.03,-0.04,-0.42,24.3,0.95,0.0,202,21.0,29.97,-4.63,97.5,20.2,2020.0,2,4,22.08,-0.73,-6.54,-6.41,-13.73,0.37
EMA_SAR_10_60_1h,1h,10,60,Stop-and-Reverse (SAR),10000.0,9179.95,-820.05,-8.2,38.9,41.57,-0.04,-0.05,-0.38,32.6,0.93,-0.0,92,45.9,29.54,-5.81,97.3,9.2,920.0,2,4,26.14,-9.0,-7.43,-8.9,-7.43,2.46
EMA_SAR_10_140_30m,30m,10,140,Stop-and-Reverse (SAR),10000.0,9178.91,-821.09,-8.21,38.89,39.18,-0.03,-0.05,-0.4,24.3,0.94,-0.01,136,30.9,29.62,-4.63,96.8,13.6,1360.0,2,4,20.76,-7.04,-9.1,-3.23,-8.47,1.56
EMA_SAR_165_180_1h,1h,165,180,Stop-and-Reverse (SAR),10000.0,9177.88,-822.12,-8.22,38.88,39.2,-0.1,-0.12,-0.41,27.8,0.87,-0.0,18,221.3,31.9,-9.49,91.7,1.8,180.0,4,2,7.13,2.12,-21.68,3.95,-1.77,4.89
EMA_SAR_160_200_1h,1h,160,200,Stop-and-Reverse (SAR),10000.0,9175.72,-824.28,-8.24,38.86,37.58,-0.1,-0.12,-0.42,25.0,0.87,-0.01,20,197.2,32.03,-10.19,90.8,2.0,200.0,4,2,5.98,3.8,-21.86,4.94,-1.2,2.95
EMA_SAR_65_140_5m,5m,65,140,Stop-and-Reverse (SAR),10000.0,9174.01,-825.99,-8.26,38.84,40.95,0.01,0.01,-0.39,27.2,0.97,0.01,338,12.8,23.76,-4.6,99.5,33.8,3380.0,3,3,18.01,19.38,-18.45,5.18,-20.5,-4.5
EMA_SAR_20_25_1h,1h,20,25,Stop-and-Reverse (SAR),10000.0,9172.65,-827.35,-8.27,38.83,51.7,-0.03,-0.05,-0.31,34.2,0.94,0.0,114,37.7,30.33,-6.35,98.9,11.4,1140.0,2,4,32.29,-0.35,-17.53,-21.36,-10.32,19.64
EMA_SAR_50_75_30m,30m,50,75,Stop-and-Reverse (SAR),10000.0,9171.6,-828.4,-8.28,38.82,44.36,-0.03,-0.04,-0.36,34.5,0.93,-0.01,84,50.8,28.79,-6.33,98.3,8.4,840.0,2,4,25.81,-7.99,-11.04,-17.36,-0.33,8.13
EMA_SAR_40_85_30m,30m,40,85,Stop-and-Reverse (SAR),10000.0,9170.91,-829.09,-8.29,38.81,43.25,-0.03,-0.04,-0.37,33.7,0.93,-0.01,86,49.5,29.21,-5.84,98.1,8.6,860.0,2,4,24.22,-3.36,-12.72,-17.14,-1.05,6.76
EMA_SAR_30_150_1h,1h,30,150,Stop-and-Reverse (SAR),10000.0,9165.05,-834.95,-8.35,38.75,46.32,-0.07,-0.1,-0.35,19.4,0.9,0.01,36,112.3,29.15,-7.29,93.1,3.6,360.0,3,3,23.97,-12.53,-15.55,-8.5,6.91,2.32
EMA_SAR_185_200_1h,1h,185,200,Stop-and-Reverse (SAR),10000.0,9162.67,-837.33,-8.37,38.73,34.73,-0.12,-0.15,-0.47,25.0,0.87,-0.02,20,197.2,31.69,-11.2,90.8,2.0,200.0,2,4,3.97,14.08,-18.8,-0.91,-1.63,-2.4
EMA_SAR_10_200_30m,30m,10,200,Stop-and-Reverse (SAR),10000.0,9160.12,-839.88,-8.4,38.7,38.42,-0.05,-0.07,-0.42,24.3,0.93,-0.01,103,40.2,28.44,-4.63,95.4,10.3,1030.0,3,3,19.85,3.11,-19.45,-3.89,0.51,-4.74
EMA_SAR_25_185_1h,1h,25,185,Stop-and-Reverse (SAR),10000.0,9155.89,-844.11,-8.44,38.66,46.45,-0.09,-0.12,-0.35,16.7,0.89,-0.01,36,110.4,29.45,-7.04,91.5,3.6,360.0,3,3,18.3,-6.1,-22.21,-7.51,6.45,7.63
EMA_SAR_55_180_1h,1h,55,180,Stop-and-Reverse (SAR),10000.0,9155.45,-844.55,-8.45,38.65,44.36,-0.11,-0.14,-0.37,19.2,0.89,0.04,26,153.2,35.32,-9.36,91.7,2.6,260.0,3,3,17.81,-5.55,-20.31,-4.11,2.14,5.41
EMA_SAR_150_175_1h,1h,150,175,Stop-and-Reverse (SAR),10000.0,9153.92,-846.08,-8.46,38.64,39.64,-0.11,-0.13,-0.41,27.8,0.87,0.01,18,221.8,32.29,-11.34,92.0,1.8,180.0,4,2,4.58,3.72,-21.43,4.96,-5.06,7.78
EMA_SAR_105_150_1h,1h,105,150,Stop-and-Reverse (SAR),10000.0,9149.7,-850.3,-8.5,38.6,43.9,-0.11,-0.14,-0.37,21.7,0.88,0.01,23,175.8,33.27,-9.66,93.1,2.3,230.0,2,4,15.4,-5.66,-15.73,-5.07,-0.89,6.01
EMA_SAR_40_90_30m,30m,40,90,Stop-and-Reverse (SAR),10000.0,9147.02,-852.98,-8.53,38.57,42.8,-0.04,-0.05,-0.38,35.2,0.93,-0.01,88,48.3,28.66,-6.33,97.9,8.8,880.0,3,3,25.15,-7.23,-11.3,-14.48,0.85,2.98
EMA_SAR_15_20_1h,1h,15,20,Stop-and-Reverse (SAR),10000.0,9131.24,-868.76,-8.69,38.41,48.17,-0.03,-0.03,-0.35,33.1,0.95,-0.01,148,29.1,20.11,-7.06,99.1,14.8,1480.0,3,3,28.0,2.87,-12.25,-15.21,-17.96,13.61
EMA_SAR_25_145_1h,1h,25,145,Stop-and-Reverse (SAR),10000.0,9129.61,-870.39,-8.7,38.4,43.24,-0.09,-0.12,-0.39,20.5,0.9,0.0,39,103.9,29.99,-5.79,93.3,3.9,390.0,2,4,20.78,-7.83,-19.83,-5.47,9.3,-1.0
EMA_SAR_10_75_1h,1h,10,75,Stop-and-Reverse (SAR),10000.0,9130.21,-869.79,-8.7,38.4,39.05,-0.06,-0.08,-0.43,32.2,0.92,-0.02,90,46.6,28.62,-5.81,96.6,9.0,900.0,2,4,15.97,-7.14,-12.94,-5.85,-2.08,5.64
EMA_SAR_20_185_30m,30m,20,185,Stop-and-Reverse (SAR),10000.0,9128.71,-871.29,-8.71,38.39,43.05,-0.06,-0.08,-0.39,22.9,0.92,-0.02,83,50.1,28.48,-5.46,95.8,8.3,830.0,3,3,20.49,-4.22,-17.48,-7.27,0.31,3.06
EMA_SAR_25_45_1h,1h,25,45,Stop-and-Reverse (SAR),10000.0,9127.38,-872.62,-8.73,38.37,42.82,-0.06,-0.08,-0.39,32.9,0.92,-0.02,76,56.0,29.57,-5.88,98.0,7.6,760.0,2,4,22.74,-12.06,-10.2,-11.13,-2.55,8.74
EMA_SAR_10_145_30m,30m,10,145,Stop-and-Reverse (SAR),10000.0,9126.04,-873.96,-8.74,38.36,39.65,-0.06,-0.08,-0.42,24.6,0.93,-0.01,134,31.3,29.07,-4.63,96.7,13.4,1340.0,2,4,16.16,-6.82,-10.63,-0.34,-7.12,1.93
EMA_SAR_135_140_1h,1h,135,140,Stop-and-Reverse (SAR),10000.0,9120.11,-879.89,-8.8,38.3,41.68,-0.12,-0.16,-0.41,20.0,0.88,-0.01,25,162.5,33.24,-10.69,93.6,2.5,250.0,2,4,16.79,-7.65,-9.8,-5.44,-1.42,0.57
EMA_SAR_45_185_30m,30m,45,185,Stop-and-Reverse (SAR),10000.0,9115.93,-884.07,-8.84,38.26,43.12,-0.06,-0.08,-0.39,29.1,0.9,-0.03,55,75.6,27.27,-6.35,95.8,5.5,550.0,3,3,17.75,-11.32,-10.74,-10.57,2.39,6.82
EMA_SAR_20_145_1h,1h,20,145,Stop-and-Reverse (SAR),10000.0,9115.51,-884.49,-8.84,38.26,44.81,-0.1,-0.13,-0.38,21.3,0.9,-0.0,47,86.2,29.94,-5.13,93.3,4.7,470.0,3,3,19.03,-5.8,-18.12,-12.14,10.74,2.04
EMA_SAR_35_90_30m,30m,35,90,Stop-and-Reverse (SAR),10000.0,9112.62,-887.38,-8.87,38.23,43.74,-0.05,-0.07,-0.39,34.1,0.93,-0.01,88,48.3,29.46,-5.84,97.9,8.8,880.0,2,4,26.68,-1.21,-15.69,-17.09,-0.47,4.66
EMA_SAR_10_125_1h,1h,10,125,Stop-and-Reverse (SAR),10000.0,9107.48,-892.52,-8.93,38.17,44.88,-0.09,-0.13,-0.38,19.7,0.91,-0.02,71,57.6,30.25,-5.46,94.3,7.1,710.0,3,3,19.1,-0.77,-26.7,-6.61,1.72,10.66
EMA_SAR_10_180_30m,30m,10,180,Stop-and-Reverse (SAR),10000.0,9105.72,-894.28,-8.94,38.16,40.12,-0.07,-0.09,-0.43,25.2,0.92,-0.02,107,38.9,28.73,-4.63,95.9,10.7,1070.0,2,4,20.77,-4.43,-21.01,0.71,-0.05,-0.79
EMA_SAR_40_110_1h,1h,40,110,Stop-and-Reverse (SAR),10000.0,9100.76,-899.24,-8.99,38.11,47.02,-0.09,-0.12,-0.37,19.5,0.89,-0.01,41,100.6,27.3,-7.27,95.0,4.1,410.0,3,3,12.41,-10.02,-16.28,-8.76,4.97,12.22
EMA_SAR_85_115_5m,5m,85,115,Stop-and-Reverse (SAR),10000.0,9099.53,-900.47,-9.0,38.1,41.3,-0.02,-0.02,-0.42,27.1,0.97,0.0,328,13.2,23.47,-4.6,99.6,32.8,3280.0,3,3,18.75,18.2,-22.03,7.33,-21.75,-1.01
EMA_SAR_20_160_1h,1h,20,160,Stop-and-Reverse (SAR),10000.0,9097.66,-902.34,-9.02,38.08,42.38,-0.11,-0.14,-0.41,21.1,0.89,-0.0,38,105.9,30.13,-6.21,92.7,3.8,380.0,3,3,14.59,-5.8,-16.58,-10.07,11.49,0.77
EMA_SAR_110_155_1h,1h,110,155,Stop-and-Reverse (SAR),10000.0,9096.92,-903.08,-9.03,38.07,42.96,-0.13,-0.17,-0.4,22.7,0.87,-0.02,22,183.3,33.76,-9.26,92.9,2.2,220.0,2,4,16.76,-5.07,-15.23,-5.02,-0.56,2.51
EMA_SAR_25_135_1h,1h,25,135,Stop-and-Reverse (SAR),10000.0,9094.44,-905.56,-9.06,38.04,43.97,-0.1,-0.14,-0.4,27.3,0.9,-0.0,44,92.6,29.96,-6.2,93.8,4.4,440.0,3,3,17.84,-8.7,-17.52,-8.7,11.51,0.66
EMA_SAR_35_95_1h,1h,35,95,Stop-and-Reverse (SAR),10000.0,9092.78,-907.22,-9.07,38.03,42.81,-0.09,-0.12,-0.41,24.4,0.89,-0.04,45,92.3,27.16,-6.57,95.6,4.5,450.0,3,3,8.7,-8.81,-11.75,-11.85,3.65,13.77
EMA_SAR_55_190_1h,1h,55,190,Stop-and-Reverse (SAR),10000.0,9092.59,-907.41,-9.07,38.03,45.67,-0.14,-0.18,-0.38,19.2,0.88,0.02,26,152.4,35.34,-9.58,91.3,2.6,260.0,3,3,19.86,-5.92,-19.69,-5.36,0.62,5.44
EMA_SAR_130_145_1h,1h,130,145,Stop-and-Reverse (SAR),10000.0,9091.39,-908.61,-9.09,38.01,42.34,-0.13,-0.17,-0.41,21.7,0.87,-0.02,23,176.2,33.24,-10.69,93.3,2.3,230.0,2,4,17.75,-7.65,-10.82,-5.44,-1.42,0.57
EMA_SAR_5_35_30m,30m,5,35,Stop-and-Reverse (SAR),10000.0,9088.41,-911.59,-9.12,37.98,35.27,-0.03,-0.05,-0.5,23.7,0.97,0.0,392,11.0,23.11,-4.63,99.2,39.2,3920.0,2,4,12.82,18.48,-9.31,-6.22,-18.18,-2.28
EMA_SAR_35_100_1h,1h,35,100,Stop-and-Reverse (SAR),10000.0,9085.39,-914.61,-9.15,37.95,41.26,-0.09,-0.12,-0.43,25.5,0.89,-0.04,47,88.1,27.19,-6.57,95.4,4.7,470.0,3,3,7.16,-9.08,-11.42,-9.54,2.91,13.08
EMA_SAR_20_170_1h,1h,20,170,Stop-and-Reverse (SAR),10000.0,9082.66,-917.34,-9.17,37.93,45.03,-0.12,-0.16,-0.39,18.4,0.89,-0.03,38,105.3,29.54,-6.21,92.2,3.8,380.0,3,3,18.37,-4.15,-20.14,-11.69,9.22,3.93
EMA_SAR_45_200_1h,1h,45,200,Stop-and-Reverse (SAR),10000.0,9081.78,-918.22,-9.18,37.92,44.11,-0.15,-0.19,-0.4,17.9,0.88,0.02,28,140.8,34.62,-11.64,90.8,2.8,280.0,3,3,17.74,-9.84,-16.97,-1.75,0.66,4.19
EMA_SAR_70_160_1h,1h,70,160,Stop-and-Reverse (SAR),10000.0,9074.48,-925.52,-9.26,37.84,45.99,-0.15,-0.19,-0.39,19.2,0.88,0.02,26,154.7,35.47,-9.97,92.7,2.6,260.0,3,3,17.74,-6.9,-19.35,-4.79,0.06,7.76
EMA_SAR_30_155_1h,1h,30,155,Stop-and-Reverse (SAR),10000.0,9071.25,-928.75,-9.29,37.81,45.38,-0.11,-0.15,-0.39,16.7,0.89,-0.02,36,112.0,29.01,-7.29,92.9,3.6,360.0,3,3,20.18,-10.79,-15.81,-8.5,7.05,2.61
EMA_SAR_100_120_1h,1h,100,120,Stop-and-Reverse (SAR),10000.0,9066.77,-933.23,-9.33,37.77,45.94,-0.14,-0.19,-0.39,18.5,0.88,0.01,27,152.0,35.22,-9.26,94.5,2.7,270.0,2,4,18.41,-5.39,-13.43,-11.17,-1.46,6.81
EMA_SAR_35_170_1h,1h,35,170,Stop-and-Reverse (SAR),10000.0,9064.78,-935.22,-9.35,37.75,46.03,-0.12,-0.16,-0.39,18.8,0.88,-0.04,32,125.1,29.23,-7.14,92.2,3.2,320.0,3,3,16.3,-9.58,-17.23,-7.35,4.81,7.25
EMA_SAR_25_130_1h,1h,25,130,Stop-and-Reverse (SAR),10000.0,9064.44,-935.56,-9.36,37.74,45.56,-0.11,-0.15,-0.39,25.5,0.89,-0.03,55,74.2,30.1,-6.2,94.0,5.5,550.0,3,3,16.2,-11.34,-15.73,-10.59,9.79,6.36
EMA_SAR_55_185_1h,1h,55,185,Stop-and-Reverse (SAR),10000.0,9062.86,-937.14,-9.37,37.73,45.38,-0.16,-0.2,-0.4,19.2,0.88,0.01,26,152.8,35.35,-9.58,91.5,2.6,260.0,3,3,18.77,-5.92,-19.56,-6.5,2.23,5.49
EMA_SAR_5_145_30m,30m,5,145,Stop-and-Reverse (SAR),10000.0,9061.9,-938.1,-9.38,37.72,37.04,-0.08,-0.11,-0.49,23.2,0.94,0.02,164,25.6,29.45,-4.63,96.7,16.4,1640.0,3,3,19.6,0.64,-10.46,0.33,-12.3,-4.44
EMA_SAR_55_195_1h,1h,55,195,Stop-and-Reverse (SAR),10000.0,9057.74,-942.26,-9.42,37.68,45.72,-0.16,-0.2,-0.4,19.2,0.88,0.01,26,152.0,35.34,-9.58,91.0,2.6,260.0,3,3,19.32,-5.92,-20.14,-4.93,0.62,5.61
EMA_SAR_60_140_5m,5m,60,140,Stop-and-Reverse (SAR),10000.0,9056.99,-943.01,-9.43,37.67,39.55,-0.03,-0.04,-0.46,27.1,0.97,0.0,350,12.3,23.63,-4.6,99.5,35.0,3500.0,3,3,15.61,17.87,-17.84,5.09,-20.53,-3.14
EMA_SAR_45_55_30m,30m,45,55,Stop-and-Reverse (SAR),10000.0,9050.16,-949.84,-9.5,37.6,48.51,-0.07,-0.1,-0.38,32.1,0.93,-0.01,106,40.5,29.73,-6.57,98.7,10.6,1060.0,2,4,30.4,-2.35,-11.74,-23.95,-4.37,10.73
EMA_SAR_20_125_30m,30m,20,125,Stop-and-Reverse (SAR),10000.0,9049.51,-950.49,-9.5,37.6,44.55,-0.08,-0.11,-0.41,28.1,0.92,-0.02,96,43.9,29.54,-5.67,97.1,9.6,960.0,2,4,26.4,-10.58,-13.11,-3.77,-9.43,5.72
EMA_SAR_40_120_1h,1h,40,120,Stop-and-Reverse (SAR),10000.0,9036.91,-963.09,-9.63,37.47,49.37,-0.12,-0.16,-0.37,22.9,0.88,-0.04,35,117.2,27.25,-7.53,94.5,3.5,350.0,3,3,13.77,-9.95,-16.97,-11.92,4.69,15.2
EMA_SAR_80_160_1h,1h,80,160,Stop-and-Reverse (SAR),10000.0,9035.85,-964.15,-9.64,37.46,44.3,-0.16,-0.21,-0.42,19.2,0.87,-0.01,26,154.7,34.02,-9.8,92.7,2.6,260.0,2,4,13.19,-6.3,-15.74,-4.84,-1.26,7.63
EMA_SAR_170_175_1h,1h,170,175,Stop-and-Reverse (SAR),10000.0,9034.71,-965.29,-9.65,37.45,39.2,-0.16,-0.2,-0.47,27.8,0.85,-0.08,18,221.8,31.9,-10.9,92.0,1.8,180.0,4,2,5.46,2.12,-21.68,3.95,-1.77,4.89
EMA_SAR_70_130_5m,5m,70,130,Stop-and-Reverse (SAR),10000.0,9035.22,-964.78,-9.65,37.45,41.03,-0.04,-0.05,-0.45,27.4,0.97,0.0,340,12.7,23.91,-4.6,99.5,34.0,3400.0,4,2,14.16,16.99,-20.04,5.21,-21.07,1.88
EMA_SAR_175_180_1h,1h,175,180,Stop-and-Reverse (SAR),10000.0,9034.17,-965.83,-9.66,37.44,39.52,-0.16,-0.2,-0.47,25.0,0.85,-0.08,20,199.2,31.92,-9.89,91.7,2.0,200.0,4,2,6.34,2.55,-23.02,4.59,-1.29,4.24
EMA_SAR_10_165_1h,1h,10,165,Stop-and-Reverse (SAR),10000.0,9034.04,-965.96,-9.66,37.44,45.17,-0.13,-0.17,-0.41,20.0,0.89,-0.03,60,66.9,30.33,-5.46,92.4,6.0,600.0,4,2,16.29,1.49,-26.87,-9.53,8.54,6.59
EMA_SAR_45_195_30m,30m,45,195,Stop-and-Reverse (SAR),10000.0,9033.16,-966.84,-9.67,37.43,45.38,-0.1,-0.13,-0.41,28.3,0.89,-0.05,53,78.3,27.06,-6.35,95.5,5.3,530.0,3,3,15.22,-12.74,-11.23,-12.24,5.44,9.38
EMA_SAR_140_200_1h,1h,140,200,Stop-and-Reverse (SAR),10000.0,9028.74,-971.26,-9.71,37.39,39.5,-0.16,-0.21,-0.47,27.8,0.85,-0.08,18,219.1,32.69,-10.1,90.8,1.8,180.0,4,2,6.16,5.77,-25.32,4.79,-1.71,4.54
EMA_SAR_155_195_1h,1h,155,195,Stop-and-Reverse (SAR),10000.0,9028.53,-971.47,-9.71,37.39,40.01,-0.16,-0.21,-0.47,25.0,0.85,-0.09,20,197.7,31.99,-8.75,91.0,2.0,200.0,4,2,8.01,2.52,-22.4,5.03,-3.38,3.53
EMA_SAR_125_200_1h,1h,125,200,Stop-and-Reverse (SAR),10000.0,9025.86,-974.14,-9.74,37.36,39.66,-0.16,-0.21,-0.47,27.8,0.85,-0.09,18,219.1,32.25,-10.01,90.8,1.8,180.0,4,2,6.35,3.17,-21.46,4.24,-3.95,4.61
EMA_SAR_5_200_30m,30m,5,200,Stop-and-Reverse (SAR),10000.0,9025.35,-974.65,-9.75,37.35,38.44,-0.1,-0.14,-0.49,24.1,0.92,-0.02,137,30.2,28.83,-4.63,95.4,13.7,1370.0,1,5,17.69,-2.62,-14.81,-0.41,-0.22,-6.98
EMA_SAR_65_200_30m,30m,65,200,Stop-and-Reverse (SAR),10000.0,9017.31,-982.69,-9.83,37.27,42.86,-0.12,-0.15,-0.44,26.7,0.88,-0.06,45,92.1,27.16,-6.23,95.4,4.5,450.0,3,3,8.62,-9.16,-11.57,-10.62,1.84,13.52
EMA_SAR_30_100_1h,1h,30,100,Stop-and-Reverse (SAR),10000.0,9015.52,-984.48,-9.84,37.26,42.53,-0.12,-0.16,-0.44,27.7,0.88,-0.06,47,88.1,27.39,-6.44,95.4,4.7,470.0,3,3,8.68,-9.0,-9.61,-13.33,3.73,12.19
EMA_SAR_75_125_5m,5m,75,125,Stop-and-Reverse (SAR),10000.0,9015.01,-984.99,-9.85,37.25,39.95,-0.04,-0.06,-0.47,26.3,0.96,0.04,338,12.8,23.61,-4.6,99.5,33.8,3380.0,3,3,14.14,17.37,-19.83,7.54,-21.94,0.0
EMA_SAR_125_135_1h,1h,125,135,Stop-and-Reverse (SAR),10000.0,9007.14,-992.86,-9.93,37.17,43.58,-0.17,-0.22,-0.44,21.7,0.86,-0.06,23,177.1,33.76,-9.26,93.8,2.3,230.0,2,4,16.89,-5.07,-14.58,-6.77,-0.57,2.51
EMA_SAR_65_185_1h,1h,65,185,Stop-and-Reverse (SAR),10000.0,9006.44,-993.56,-9.94,37.16,45.4,-0.18,-0.23,-0.42,19.2,0.87,-0.02,26,152.8,35.19,-9.87,91.5,2.6,260.0,2,4,17.45,-6.74,-18.64,-4.19,-0.39,5.89
EMA_SAR_45_50_30m,30m,45,50,Stop-and-Reverse (SAR),10000.0,9005.03,-994.97,-9.95,37.15,49.52,-0.09,-0.12,-0.38,30.7,0.92,-0.02,114,37.7,30.47,-6.23,98.9,11.4,1140.0,3,3,29.08,1.42,-18.3,-22.94,-3.94,13.74
EMA_SAR_20_185_1h,1h,20,185,Stop-and-Reverse (SAR),10000.0,9004.99,-995.01,-9.95,37.15,45.66,-0.16,-0.2,-0.42,18.4,0.88,-0.05,38,104.6,29.03,-6.21,91.5,3.8,380.0,3,3,19.15,-5.22,-22.66,-9.09,9.43,3.64
EMA_SAR_40_185_5m,5m,40,185,Stop-and-Reverse (SAR),10000.0,8999.85,-1000.15,-10.0,37.1,43.72,-0.06,-0.07,-0.44,23.9,0.96,0.0,372,11.6,23.69,-4.44,99.3,37.2,3720.0,2,4,21.54,10.48,-12.38,-1.8,-21.71,-0.52
EMA_SAR_30_200_30m,30m,30,200,Stop-and-Reverse (SAR),10000.0,8993.92,-1006.08,-10.06,37.04,45.85,-0.12,-0.15,-0.42,25.4,0.89,-0.05,63,65.8,27.11,-5.84,95.4,6.3,630.0,3,3,21.45,-10.79,-16.74,-9.22,1.36,8.34
EMA_SAR_15_195_1h,1h,15,195,Stop-and-Reverse (SAR),10000.0,8990.06,-1009.94,-10.1,37.0,46.04,-0.16,-0.21,-0.42,20.0,0.88,-0.05,40,98.8,28.8,-6.36,91.0,4.0,400.0,3,3,17.3,-6.34,-22.82,-8.51,10.62,4.78
EMA_SAR_35_195_30m,30m,35,195,Stop-and-Reverse (SAR),10000.0,8990.02,-1009.98,-10.1,37.0,45.87,-0.12,-0.16,-0.42,25.4,0.89,-0.05,63,65.8,27.38,-5.55,95.5,6.3,630.0,3,3,19.58,-13.17,-16.6,-7.37,1.83,10.05
EMA_SAR_5_170_30m,30m,5,170,Stop-and-Reverse (SAR),10000.0,8990.22,-1009.78,-10.1,37.0,39.21,-0.12,-0.16,-0.49,21.3,0.92,-0.02,155,26.9,29.05,-4.63,96.1,15.5,1550.0,1,5,20.38,-3.48,-13.6,-1.56,-4.99,-4.24
EMA_SAR_100_165_30m,30m,100,165,Stop-and-Reverse (SAR),10000.0,8989.53,-1010.47,-10.1,37.0,46.07,-0.12,-0.16,-0.42,31.0,0.88,-0.07,42,99.5,27.46,-7.66,96.2,4.2,420.0,2,4,12.16,-10.81,-10.51,-12.26,-2.25,17.09
EMA_SAR_90_200_30m,30m,90,200,Stop-and-Reverse (SAR),10000.0,8987.47,-1012.53,-10.13,36.97,50.92,-0.13,-0.16,-0.38,25.6,0.88,-0.08,39,106.2,26.96,-7.66,95.4,3.9,390.0,3,3,12.77,-10.72,-16.6,-13.04,3.55,18.87
EMA_SAR_25_200_1h,1h,25,200,Stop-and-Reverse (SAR),10000.0,8987.39,-1012.61,-10.13,36.97,46.58,-0.16,-0.21,-0.42,17.6,0.87,-0.06,34,116.0,29.13,-7.05,90.8,3.4,340.0,3,3,15.87,-7.09,-22.8,-6.08,6.58,8.03
EMA_SAR_150_200_1h,1h,150,200,Stop-and-Reverse (SAR),10000.0,8987.02,-1012.98,-10.13,36.97,38.4,-0.18,-0.23,-0.5,25.0,0.85,-0.11,20,197.2,31.99,-9.8,90.8,2.0,200.0,4,2,6.77,2.52,-21.51,5.03,-2.09,1.72
EMA_SAR_170_190_1h,1h,170,190,Stop-and-Reverse (SAR),10000.0,8983.49,-1016.51,-10.17,36.93,38.77,-0.18,-0.23,-0.5,25.0,0.84,-0.12,20,198.2,31.04,-10.02,91.3,2.0,200.0,4,2,5.13,4.02,-23.01,4.94,-1.45,3.18
EMA_SAR_55_80_30m,30m,55,80,Stop-and-Reverse (SAR),10000.0,8980.67,-1019.33,-10.19,36.91,45.07,-0.1,-0.14,-0.43,32.9,0.9,-0.04,76,56.1,29.91,-6.35,98.2,7.6,760.0,2,4,23.84,-11.01,-11.0,-14.19,-1.8,8.68
EMA_SAR_70_195_30m,30m,70,195,Stop-and-Reverse (SAR),10000.0,8978.84,-1021.16,-10.21,36.89,42.44,-0.13,-0.17,-0.46,23.4,0.88,-0.07,47,88.3,27.15,-6.57,95.5,4.7,470.0,3,3,8.07,-9.42,-10.57,-10.71,1.46,13.21
EMA_SAR_165_190_1h,1h,165,190,Stop-and-Reverse (SAR),10000.0,8971.11,-1028.89,-10.29,36.81,39.52,-0.19,-0.24,-0.5,22.7,0.85,-0.11,22,180.1,31.92,-8.74,91.3,2.2,220.0,4,2,7.7,2.55,-23.02,4.59,-1.29,2.21
EMA_SAR_40_80_30m,30m,40,80,Stop-and-Reverse (SAR),10000.0,8966.4,-1033.6,-10.34,36.76,44.91,-0.11,-0.15,-0.44,33.3,0.92,-0.03,90,47.4,30.11,-5.84,98.2,9.0,900.0,2,4,27.39,-0.92,-16.52,-18.22,-0.83,4.92
EMA_SAR_105_180_30m,30m,105,180,Stop-and-Reverse (SAR),10000.0,8963.07,-1036.93,-10.37,36.73,50.67,-0.13,-0.17,-0.39,28.9,0.88,-0.06,38,109.6,27.55,-11.26,95.9,3.8,380.0,3,3,11.25,-17.98,-13.22,-7.99,2.13,20.46
EMA_SAR_25_105_30m,30m,25,105,Stop-and-Reverse (SAR),10000.0,8963.05,-1036.95,-10.37,36.73,44.43,-0.11,-0.15,-0.45,30.0,0.92,0.03,100,42.4,30.27,-5.67,97.6,10.0,1000.0,2,4,28.85,-5.5,-12.5,-9.46,-9.6,2.77
EMA_SAR_15_200_1h,1h,15,200,Stop-and-Reverse (SAR),10000.0,8955.68,-1044.32,-10.44,36.66,46.4,-0.18,-0.23,-0.43,21.4,0.87,-0.05,42,93.9,29.93,-6.36,90.8,4.2,420.0,3,3,16.89,-4.42,-25.5,-7.82,10.91,5.24
EMA_SAR_105_155_1h,1h,105,155,Stop-and-Reverse (SAR),10000.0,8951.34,-1048.66,-10.49,36.61,43.64,-0.2,-0.25,-0.46,22.7,0.85,-0.1,22,183.3,33.27,-9.66,92.9,2.2,220.0,2,4,16.21,-5.66,-14.75,-5.36,-1.29,2.51
EMA_SAR_5_160_30m,30m,5,160,Stop-and-Reverse (SAR),10000.0,8950.88,-1049.12,-10.49,36.61,37.79,-0.13,-0.17,-0.53,22.1,0.92,-0.02,149,28.1,29.23,-4.63,96.3,14.9,1490.0,1,5,19.63,-4.6,-11.02,-0.67,-7.24,-4.35
EMA_SAR_25_190_30m,30m,25,190,Stop-and-Reverse (SAR),10000.0,8945.94,-1054.06,-10.54,36.56,47.62,-0.14,-0.18,-0.42,23.9,0.89,-0.05,67,62.0,27.5,-5.6,95.6,6.7,670.0,3,3,27.11,-10.34,-20.74,-7.28,0.72,6.04
EMA_SAR_40_195_30m,30m,40,195,Stop-and-Reverse (SAR),10000.0,8941.84,-1058.16,-10.58,36.52,43.65,-0.14,-0.18,-0.46,28.8,0.88,-0.07,59,70.3,27.43,-5.55,95.5,5.9,590.0,3,3,16.4,-11.71,-11.6,-10.94,1.98,8.38
EMA_SAR_65_190_1h,1h,65,190,Stop-and-Reverse (SAR),10000.0,8940.35,-1059.65,-10.6,36.5,44.94,-0.21,-0.27,-0.45,19.2,0.86,-0.05,26,152.4,35.19,-9.87,91.3,2.6,260.0,2,4,18.54,-6.74,-18.06,-4.07,-0.39,3.29
EMA_SAR_160_190_1h,1h,160,190,Stop-and-Reverse (SAR),10000.0,8935.7,-1064.3,-10.64,36.46,40.9,-0.2,-0.26,-0.5,27.8,0.84,-0.16,18,220.2,31.99,-8.58,91.3,1.8,180.0,4,2,8.5,2.52,-23.4,4.86,-3.39,3.53
EMA_SAR_50_200_1h,1h,50,200,Stop-and-Reverse (SAR),10000.0,8933.58,-1066.42,-10.66,36.44,43.75,-0.22,-0.27,-0.47,17.9,0.87,-0.03,28,140.8,35.5,-10.54,90.8,2.8,280.0,3,3,17.97,-8.18,-18.57,-2.39,2.07,1.67
EMA_SAR_95_105_5m,5m,95,105,Stop-and-Reverse (SAR),10000.0,8933.87,-1066.13,-10.66,36.44,43.93,-0.08,-0.1,-0.46,26.5,0.96,0.01,324,13.4,23.47,-4.6,99.6,32.4,3240.0,3,3,21.72,16.57,-23.83,8.36,-22.69,-1.32
EMA_SAR_25_195_1h,1h,25,195,Stop-and-Reverse (SAR),10000.0,8930.53,-1069.47,-10.69,36.41,47.65,-0.19,-0.24,-0.43,16.7,0.87,-0.08,36,109.8,29.28,-7.05,91.0,3.6,360.0,3,3,17.43,-7.02,-22.8,-7.96,6.45,8.13
EMA_SAR_5_160_1h,1h,5,160,Stop-and-Reverse (SAR),10000.0,8931.42,-1068.58,-10.69,36.41,43.27,-0.18,-0.23,-0.47,17.1,0.89,-0.04,82,49.1,30.18,-5.46,92.7,8.2,820.0,4,2,15.85,4.84,-23.63,-11.69,4.8,4.05
EMA_SAR_5_135_30m,30m,5,135,Stop-and-Reverse (SAR),10000.0,8930.57,-1069.43,-10.69,36.41,36.47,-0.13,-0.18,-0.56,25.9,0.93,-0.02,170,24.8,30.06,-4.63,96.9,17.0,1700.0,2,4,16.9,0.47,-7.98,-1.89,-10.98,-5.39
EMA_SAR_10_95_1h,1h,10,95,Stop-and-Reverse (SAR),10000.0,8929.72,-1070.28,-10.7,36.4,41.09,-0.15,-0.2,-0.5,23.5,0.9,-0.04,81,51.3,28.79,-5.46,95.6,8.1,810.0,2,4,20.95,-3.13,-18.99,-7.5,-0.29,2.0
EMA_SAR_15_180_30m,30m,15,180,Stop-and-Reverse (SAR),10000.0,8924.25,-1075.75,-10.76,36.34,38.24,-0.14,-0.19,-0.54,25.3,0.9,-0.04,95,43.8,29.02,-5.46,95.9,9.5,950.0,2,4,14.7,-4.86,-14.42,-4.8,-1.92,2.35
EMA_SAR_120_140_1h,1h,120,140,Stop-and-Reverse (SAR),10000.0,8923.17,-1076.83,-10.77,36.33,43.58,-0.21,-0.27,-0.47,21.7,0.85,-0.1,23,176.7,33.76,-9.26,93.6,2.3,230.0,2,4,15.8,-5.07,-14.58,-6.77,-0.57,2.51
EMA_SAR_90_160_1h,1h,90,160,Stop-and-Reverse (SAR),10000.0,8919.72,-1080.28,-10.8,36.3,42.42,-0.22,-0.28,-0.49,20.8,0.86,-0.08,24,167.6,33.5,-10.21,92.7,2.4,240.0,2,4,13.57,-6.64,-12.68,-4.53,-1.52,2.48
EMA_SAR_20_45_1h,1h,20,45,Stop-and-Reverse (SAR),10000.0,8915.31,-1084.69,-10.85,36.25,43.34,-0.14,-0.19,-0.48,34.1,0.91,-0.04,88,48.3,28.99,-6.33,98.0,8.8,880.0,3,3,23.83,-4.81,-13.47,-17.61,1.01,5.01
EMA_SAR_15_105_1h,1h,15,105,Stop-and-Reverse (SAR),10000.0,8914.12,-1085.88,-10.86,36.24,45.54,-0.16,-0.21,-0.45,23.9,0.88,-0.06,67,61.7,27.26,-5.55,95.2,6.7,670.0,3,3,21.51,-12.98,-15.62,-8.87,0.97,8.58
EMA_SAR_30_35_1h,1h,30,35,Stop-and-Reverse (SAR),10000.0,8914.44,-1085.56,-10.86,36.24,45.1,-0.14,-0.19,-0.46,31.2,0.9,-0.04,80,53.4,29.16,-6.33,98.4,8.0,800.0,3,3,24.49,-16.13,-9.33,-12.57,0.76,6.9
EMA_SAR_160_195_1h,1h,160,195,Stop-and-Reverse (SAR),10000.0,8904.08,-1095.92,-10.96,36.14,39.97,-0.22,-0.28,-0.52,25.0,0.84,-0.16,20,197.7,31.92,-9.14,91.0,2.0,200.0,4,2,7.22,2.55,-23.22,4.59,-1.78,2.66
EMA_SAR_5_100_1h,1h,5,100,Stop-and-Reverse (SAR),10000.0,8903.14,-1096.86,-10.97,36.13,39.97,-0.16,-0.22,-0.52,25.7,0.9,-0.04,105,39.5,27.68,-5.46,95.4,10.5,1050.0,2,4,20.75,-0.24,-20.1,-4.75,1.41,-4.23
EMA_SAR_80_165_1h,1h,80,165,Stop-and-Reverse (SAR),10000.0,8900.83,-1099.17,-10.99,36.11,44.31,-0.22,-0.29,-0.47,19.2,0.86,-0.06,26,154.3,34.02,-9.8,92.4,2.6,260.0,2,4,12.96,-6.3,-16.37,-4.39,-1.01,6.25
EMA_SAR_185_195_1h,1h,185,195,Stop-and-Reverse (SAR),10000.0,8900.09,-1099.91,-11.0,36.1,36.72,-0.23,-0.3,-0.57,22.7,0.83,-0.17,22,179.7,30.69,-10.77,91.0,2.2,220.0,3,3,3.96,14.24,-23.47,1.07,-1.97,-1.17
EMA_SAR_20_100_1h,1h,20,100,Stop-and-Reverse (SAR),10000.0,8898.17,-1101.83,-11.02,36.08,44.14,-0.16,-0.22,-0.48,26.3,0.88,-0.07,57,72.7,27.49,-5.71,95.4,5.7,570.0,3,3,19.87,-13.56,-10.74,-11.72,0.84,8.07
EMA_SAR_5_140_30m,30m,5,140,Stop-and-Reverse (SAR),10000.0,8893.16,-1106.84,-11.07,36.03,38.4,-0.15,-0.2,-0.55,22.9,0.92,0.01,170,24.7,29.7,-4.63,96.8,17.0,1700.0,1,5,19.79,-3.52,-7.21,-0.81,-13.17,-3.71
EMA_SAR_20_140_1h,1h,20,140,Stop-and-Reverse (SAR),10000.0,8889.06,-1110.94,-11.11,35.99,45.94,-0.18,-0.24,-0.46,22.9,0.88,-0.08,48,84.6,29.8,-5.13,93.6,4.8,480.0,3,3,18.49,-5.35,-20.22,-12.08,9.8,2.91
EMA_SAR_55_155_5m,5m,55,155,Stop-and-Reverse (SAR),10000.0,8885.08,-1114.92,-11.15,35.95,43.2,-0.1,-0.13,-0.49,24.3,0.96,-0.0,358,12.1,24.0,-4.6,99.4,35.8,3580.0,3,3,17.32,21.45,-19.56,1.36,-19.83,-4.59
EMA_SAR_20_200_30m,30m,20,200,Stop-and-Reverse (SAR),10000.0,8881.63,-1118.37,-11.18,35.92,44.8,-0.17,-0.22,-0.47,22.8,0.89,-0.06,79,52.4,27.42,-5.46,95.4,7.9,790.0,3,3,18.75,-4.48,-22.42,-7.63,0.24,9.0
EMA_SAR_170_185_1h,1h,170,185,Stop-and-Reverse (SAR),10000.0,8880.36,-1119.64,-11.2,35.9,39.52,-0.23,-0.29,-0.54,22.7,0.83,-0.15,22,180.6,31.92,-9.58,91.5,2.2,220.0,4,2,6.7,2.55,-23.02,4.59,-1.29,2.12
EMA_SAR_10_190_30m,30m,10,190,Stop-and-Reverse (SAR),10000.0,8879.4,-1120.6,-11.21,35.89,40.12,-0.16,-0.22,-0.53,24.8,0.9,-0.04,109,38.1,28.38,-4.63,95.6,10.9,1090.0,2,4,19.76,1.57,-19.66,-0.82,-1.14,-7.33
EMA_SAR_5_165_1h,1h,5,165,Stop-and-Reverse (SAR),10000.0,8878.47,-1121.53,-11.22,35.88,42.06,-0.2,-0.27,-0.51,16.3,0.88,-0.05,86,46.7,30.25,-5.46,92.4,8.6,860.0,4,2,15.62,4.93,-22.73,-10.8,3.75,2.34
EMA_SAR_100_185_30m,30m,100,185,Stop-and-Reverse (SAR),10000.0,8871.79,-1128.21,-11.28,35.82,52.69,-0.17,-0.22,-0.41,25.6,0.86,-0.11,39,106.6,27.57,-9.42,95.8,3.9,390.0,3,3,14.8,-14.37,-16.56,-11.76,1.51,20.74
EMA_SAR_40_100_30m,30m,40,100,Stop-and-Reverse (SAR),10000.0,8864.98,-1135.02,-11.35,35.75,46.06,-0.15,-0.2,-0.47,29.1,0.9,-0.05,86,49.3,29.32,-5.84,97.7,8.6,860.0,3,3,23.46,-12.48,-12.72,-10.44,0.45,4.49
EMA_SAR_60_200_30m,30m,60,200,Stop-and-Reverse (SAR),10000.0,8864.32,-1135.68,-11.36,35.74,45.31,-0.18,-0.23,-0.48,24.4,0.86,-0.1,45,92.1,27.69,-6.35,95.4,4.5,450.0,3,3,9.39,-7.58,-13.71,-13.95,3.85,13.69
EMA_SAR_130_150_1h,1h,130,150,Stop-and-Reverse (SAR),10000.0,8863.13,-1136.87,-11.37,35.73,44.12,-0.23,-0.3,-0.49,20.0,0.84,-0.13,25,161.7,32.54,-10.69,93.1,2.5,250.0,3,3,17.85,-7.5,-15.19,-5.95,1.11,0.81
EMA_SAR_95_185_30m,30m,95,185,Stop-and-Reverse (SAR),10000.0,8860.98,-1139.02,-11.39,35.71,50.13,-0.18,-0.23,-0.43,25.6,0.86,-0.12,39,106.6,27.49,-7.66,95.8,3.9,390.0,3,3,13.69,-10.83,-15.42,-13.17,2.17,16.5
EMA_SAR_40_200_30m,30m,40,200,Stop-and-Reverse (SAR),10000.0,8860.82,-1139.18,-11.39,35.71,43.78,-0.17,-0.22,-0.49,27.3,0.87,-0.09,55,75.3,27.49,-5.55,95.4,5.5,550.0,3,3,15.94,-11.98,-10.29,-11.54,1.07,8.26
EMA_SAR_40_55_30m,30m,40,55,Stop-and-Reverse (SAR),10000.0,8855.5,-1144.5,-11.44,35.66,50.67,-0.15,-0.2,-0.43,31.2,0.91,-0.03,112,38.3,30.22,-6.23,98.7,11.2,1120.0,3,3,30.17,1.19,-19.7,-23.24,-4.11,13.75
EMA_SAR_45_175_5m,5m,45,175,Stop-and-Reverse (SAR),10000.0,8854.94,-1145.06,-11.45,35.65,43.93,-0.11,-0.14,-0.5,24.7,0.96,-0.0,360,12.0,23.69,-4.49,99.3,36.0,3600.0,3,3,22.59,12.67,-17.54,2.39,-19.01,-6.25
EMA_SAR_125_150_1h,1h,125,150,Stop-and-Reverse (SAR),10000.0,8852.28,-1147.72,-11.48,35.62,44.08,-0.24,-0.31,-0.49,20.0,0.84,-0.13,25,161.7,33.24,-10.69,93.1,2.5,250.0,1,5,19.35,-7.65,-15.68,-3.01,-1.42,-0.38
EMA_SAR_110_150_1h,1h,110,150,Stop-and-Reverse (SAR),10000.0,8852.31,-1147.69,-11.48,35.62,43.97,-0.24,-0.31,-0.5,21.7,0.84,-0.14,23,175.8,33.46,-9.66,93.1,2.3,230.0,2,4,15.68,-5.7,-14.54,-6.34,-1.09,2.51
EMA_SAR_20_135_1h,1h,20,135,Stop-and-Reverse (SAR),10000.0,8849.17,-1150.83,-11.51,35.59,44.48,-0.2,-0.27,-0.49,21.2,0.88,-0.08,52,78.3,29.77,-5.13,93.8,5.2,520.0,3,3,17.92,-6.91,-16.48,-12.31,9.69,0.35
EMA_SAR_5_145_1h,1h,5,145,Stop-and-Reverse (SAR),10000.0,8845.84,-1154.16,-11.54,35.56,43.41,-0.21,-0.28,-0.5,15.2,0.89,-0.04,99,40.9,30.34,-5.46,93.3,9.9,990.0,3,3,25.32,0.88,-19.99,-8.26,0.91,-5.53
EMA_SAR_30_160_1h,1h,30,160,Stop-and-Reverse (SAR),10000.0,8837.91,-1162.09,-11.62,35.48,46.31,-0.22,-0.28,-0.48,15.8,0.86,-0.09,38,105.9,28.25,-7.3,92.7,3.8,380.0,3,3,15.33,-12.27,-15.61,-8.56,6.81,5.98
EMA_SAR_20_175_1h,1h,20,175,Stop-and-Reverse (SAR),10000.0,8834.68,-1165.32,-11.65,35.45,45.03,-0.23,-0.3,-0.49,18.4,0.86,-0.1,38,105.1,29.57,-6.21,92.0,3.8,380.0,3,3,15.4,-4.1,-19.76,-12.46,9.66,3.64
EMA_SAR_80_140_1h,1h,80,140,Stop-and-Reverse (SAR),10000.0,8831.32,-1168.68,-11.69,35.41,49.42,-0.23,-0.3,-0.45,20.7,0.85,-0.08,29,140.1,35.37,-9.48,93.6,2.9,290.0,2,4,21.36,-10.54,-13.96,-11.61,-0.48,7.5
EMA_SAR_60_170_1h,1h,60,170,Stop-and-Reverse (SAR),10000.0,8829.54,-1170.46,-11.7,35.4,47.2,-0.26,-0.33,-0.47,19.2,0.85,-0.08,26,154.0,35.17,-10.27,92.2,2.6,260.0,3,3,18.97,-7.4,-23.21,-3.39,1.84,6.09
EMA_SAR_10_185_30m,30m,10,185,Stop-and-Reverse (SAR),10000.0,8827.95,-1172.05,-11.72,35.38,40.31,-0.18,-0.24,-0.55,25.2,0.9,-0.05,107,38.9,28.91,-4.63,95.8,10.7,1070.0,1,5,19.44,-4.17,-20.39,-0.45,-0.21,-2.48
EMA_SAR_115_145_1h,1h,115,145,Stop-and-Reverse (SAR),10000.0,8825.08,-1174.92,-11.75,35.35,43.46,-0.25,-0.32,-0.51,21.7,0.84,-0.15,23,176.2,33.76,-9.26,93.3,2.3,230.0,2,4,14.28,-5.07,-14.54,-6.11,-1.09,2.51
EMA_SAR_120_200_1h,1h,120,200,Stop-and-Reverse (SAR),10000.0,8821.65,-1178.35,-11.78,35.32,41.09,-0.25,-0.31,-0.54,27.8,0.83,-0.17,18,219.1,34.01,-10.89,90.8,1.8,180.0,3,3,6.93,-2.08,-20.39,4.24,-2.6,4.24
EMA_SAR_5_155_1h,1h,5,155,Stop-and-Reverse (SAR),10000.0,8820.82,-1179.18,-11.79,35.31,45.66,-0.22,-0.29,-0.49,15.6,0.88,-0.05,90,44.8,30.18,-5.46,92.9,9.0,900.0,4,2,20.4,4.31,-24.69,-13.63,3.54,4.29
EMA_SAR_40_95_30m,30m,40,95,Stop-and-Reverse (SAR),10000.0,8819.44,-1180.56,-11.81,35.29,44.4,-0.17,-0.23,-0.5,31.0,0.9,-0.05,84,50.6,29.14,-6.33,97.8,8.4,840.0,2,4,26.05,-10.55,-12.15,-11.91,-0.68,1.77
EMA_SAR_60_195_1h,1h,60,195,Stop-and-Reverse (SAR),10000.0,8815.86,-1184.14,-11.84,35.26,44.21,-0.27,-0.34,-0.51,19.2,0.85,-0.11,26,152.0,35.06,-9.4,91.0,2.6,260.0,3,3,18.1,-5.56,-19.59,-3.24,0.68,0.9
EMA_SAR_180_200_1h,1h,180,200,Stop-and-Reverse (SAR),10000.0,8812.56,-1187.44,-11.87,35.23,36.75,-0.28,-0.35,-0.61,22.7,0.82,-0.21,22,179.2,30.69,-11.8,90.8,2.2,220.0,3,3,2.76,14.24,-23.5,1.07,-1.97,-0.97
EMA_SAR_65_135_5m,5m,65,135,Stop-and-Reverse (SAR),10000.0,8813.37,-1186.63,-11.87,35.23,41.33,-0.12,-0.16,-0.54,25.6,0.96,-0.01,348,12.4,23.47,-4.6,99.5,34.8,3480.0,3,3,15.47,16.95,-21.19,6.22,-21.12,-1.17
EMA_SAR_70_190_30m,30m,70,190,Stop-and-Reverse (SAR),10000.0,8812.14,-1187.86,-11.88,35.22,45.37,-0.2,-0.26,-0.5,26.7,0.86,-0.11,45,92.3,27.16,-6.35,95.6,4.5,450.0,3,3,8.89,-9.44,-14.17,-11.69,3.23,14.2
EMA_SAR_30_195_30m,30m,30,195,Stop-and-Reverse (SAR),10000.0,8809.65,-1190.35,-11.9,35.2,47.29,-0.19,-0.25,-0.48,27.0,0.87,-0.08,63,65.8,27.16,-6.46,95.5,6.3,630.0,2,4,21.82,-13.21,-16.64,-9.01,-0.1,9.97
EMA_SAR_55_85_30m,30m,55,85,Stop-and-Reverse (SAR),10000.0,8806.94,-1193.06,-11.93,35.17,45.87,-0.18,-0.24,-0.49,32.1,0.89,-0.06,78,54.6,29.94,-6.35,98.1,7.8,780.0,2,4,22.15,-9.89,-11.01,-15.23,-3.39,9.77
EMA_SAR_70_200_30m,30m,70,200,Stop-and-Reverse (SAR),10000.0,8804.76,-1195.24,-11.95,35.15,42.4,-0.2,-0.27,-0.53,29.8,0.86,-0.11,47,88.2,27.19,-6.94,95.4,4.7,470.0,3,3,6.47,-11.15,-8.6,-10.87,0.95,13.18
EMA_SAR_15_200_30m,30m,15,200,Stop-and-Reverse (SAR),10000.0,8804.24,-1195.76,-11.96,35.14,43.28,-0.2,-0.26,-0.52,24.7,0.88,-0.06,89,46.6,27.8,-5.46,95.4,8.9,890.0,3,3,17.29,-3.42,-21.1,-8.09,0.61,6.52
EMA_SAR_30_140_1h,1h,30,140,Stop-and-Reverse (SAR),10000.0,8802.92,-1197.08,-11.97,35.13,46.08,-0.23,-0.3,-0.49,17.1,0.86,-0.09,41,99.1,29.01,-7.29,93.6,4.1,410.0,3,3,20.85,-12.8,-17.34,-6.18,7.32,0.36
EMA_SAR_45_90_1h,1h,45,90,Stop-and-Reverse (SAR),10000.0,8803.47,-1196.53,-11.97,35.13,46.59,-0.21,-0.28,-0.49,26.7,0.86,-0.11,45,92.5,27.46,-7.27,95.9,4.5,450.0,2,4,13.15,-11.08,-12.89,-10.46,-2.22,14.73
EMA_SAR_95_100_1h,1h,95,100,Stop-and-Reverse (SAR),10000.0,8802.27,-1197.73,-11.98,35.12,48.72,-0.22,-0.3,-0.47,25.0,0.85,-0.12,32,129.5,28.56,-9.44,95.4,3.2,320.0,3,3,14.79,-15.9,-11.6,-11.14,4.71,10.85
EMA_SAR_55_175_1h,1h,55,175,Stop-and-Reverse (SAR),10000.0,8795.91,-1204.09,-12.04,35.06,45.88,-0.28,-0.35,-0.5,17.9,0.84,-0.09,28,142.6,35.32,-9.36,92.0,2.8,280.0,3,3,15.98,-5.55,-22.28,-4.79,2.61,5.77
EMA_SAR_20_125_1h,1h,20,125,Stop-and-Reverse (SAR),10000.0,8795.08,-1204.92,-12.05,35.05,44.61,-0.22,-0.3,-0.51,25.5,0.87,-0.09,51,80.3,29.97,-5.31,94.3,5.1,510.0,3,3,15.61,-7.53,-18.11,-10.23,8.41,3.25
EMA_SAR_70_185_30m,30m,70,185,Stop-and-Reverse (SAR),10000.0,8792.08,-1207.92,-12.08,35.02,46.11,-0.21,-0.27,-0.5,24.4,0.86,-0.12,45,92.4,27.45,-6.35,95.8,4.5,450.0,3,3,9.02,-8.63,-15.0,-12.79,4.21,14.28
EMA_SAR_90_125_1h,1h,90,125,Stop-and-Reverse (SAR),10000.0,8784.48,-1215.52,-12.16,34.94,48.23,-0.25,-0.33,-0.48,20.7,0.84,-0.11,29,141.1,34.43,-9.48,94.3,2.9,290.0,2,4,20.36,-12.41,-12.06,-10.14,-1.2,6.72
EMA_SAR_90_105_1h,1h,90,105,Stop-and-Reverse (SAR),10000.0,8784.07,-1215.93,-12.16,34.94,49.04,-0.23,-0.31,-0.47,25.8,0.85,-0.12,31,133.3,28.72,-9.44,95.2,3.1,310.0,3,3,16.62,-15.61,-12.44,-11.14,4.71,9.55
EMA_SAR_10_105_1h,1h,10,105,Stop-and-Reverse (SAR),10000.0,8782.5,-1217.5,-12.17,34.93,44.46,-0.22,-0.29,-0.52,22.9,0.88,-0.07,83,49.8,27.74,-5.46,95.2,8.3,830.0,3,3,22.24,-4.43,-21.69,-8.55,0.88,4.05
EMA_SAR_5_195_30m,30m,5,195,Stop-and-Reverse (SAR),10000.0,8782.36,-1217.64,-12.18,34.92,39.94,-0.2,-0.27,-0.58,23.4,0.9,-0.04,141,29.4,28.61,-4.63,95.5,14.1,1410.0,2,4,17.38,-3.63,-14.95,-1.75,0.25,-7.31
EMA_SAR_35_110_30m,30m,35,110,Stop-and-Reverse (SAR),10000.0,8777.96,-1222.04,-12.22,34.88,46.91,-0.19,-0.25,-0.49,29.8,0.89,-0.06,84,50.4,29.41,-6.33,97.5,8.4,840.0,2,4,26.26,-13.31,-12.22,-11.65,-1.51,4.99
EMA_SAR_100_160_1h,1h,100,160,Stop-and-Reverse (SAR),10000.0,8778.35,-1221.65,-12.22,34.88,44.46,-0.28,-0.35,-0.52,22.7,0.83,-0.17,22,182.9,33.27,-9.66,92.7,2.2,220.0,2,4,11.82,-5.66,-16.31,-5.36,-0.89,6.01
EMA_SAR_5_85_1h,1h,5,85,Stop-and-Reverse (SAR),10000.0,8776.68,-1223.32,-12.23,34.87,40.87,-0.21,-0.29,-0.57,26.5,0.9,-0.05,113,36.9,28.79,-5.46,96.1,11.3,1130.0,2,4,20.54,-4.8,-19.63,-5.05,-1.43,1.67
EMA_SAR_25_175_1h,1h,25,175,Stop-and-Reverse (SAR),10000.0,8768.51,-1231.49,-12.31,34.79,46.91,-0.26,-0.33,-0.5,17.6,0.85,-0.13,34,117.4,29.55,-7.04,92.0,3.4,340.0,3,3,14.58,-5.34,-22.15,-9.77,7.41,7.15
EMA_SAR_35_165_1h,1h,35,165,Stop-and-Reverse (SAR),10000.0,8767.11,-1232.89,-12.33,34.77,49.01,-0.25,-0.33,-0.48,18.8,0.84,-0.14,32,125.4,29.19,-7.14,92.4,3.2,320.0,3,3,14.49,-10.93,-18.88,-8.43,3.75,11.55
EMA_SAR_10_110_1h,1h,10,110,Stop-and-Reverse (SAR),10000.0,8761.64,-1238.36,-12.38,34.72,45.51,-0.22,-0.3,-0.51,20.0,0.87,-0.08,75,55.0,27.83,-5.46,95.0,7.5,750.0,3,3,21.13,-6.66,-23.89,-5.49,1.09,6.56
EMA_SAR_60_195_30m,30m,60,195,Stop-and-Reverse (SAR),10000.0,8762.14,-1237.86,-12.38,34.72,45.05,-0.22,-0.29,-0.52,28.6,0.86,-0.12,49,84.7,27.64,-6.35,95.5,4.9,490.0,3,3,9.53,-7.64,-12.71,-14.47,4.21,11.32
EMA_SAR_95_175_30m,30m,95,175,Stop-and-Reverse (SAR),10000.0,8761.89,-1238.11,-12.38,34.72,46.89,-0.22,-0.29,-0.5,26.2,0.85,-0.13,42,99.2,27.46,-7.52,96.0,4.2,420.0,2,4,12.33,-10.34,-12.05,-11.64,-3.4,15.91
EMA_SAR_50_165_5m,5m,50,165,Stop-and-Reverse (SAR),10000.0,8758.93,-1241.07,-12.41,34.69,44.69,-0.15,-0.19,-0.52,25.1,0.96,0.0,358,12.1,24.06,-4.49,99.4,35.8,3580.0,3,3,20.36,16.14,-20.87,3.53,-19.38,-5.13
EMA_SAR_25_185_30m,30m,25,185,Stop-and-Reverse (SAR),10000.0,8757.61,-1242.39,-12.42,34.68,47.92,-0.21,-0.28,-0.49,22.5,0.88,-0.07,71,58.6,28.74,-5.6,95.8,7.1,710.0,3,3,27.09,-10.14,-19.73,-10.93,1.46,5.72
EMA_SAR_20_190_1h,1h,20,190,Stop-and-Reverse (SAR),10000.0,8758.44,-1241.56,-12.42,34.68,47.4,-0.27,-0.34,-0.49,15.0,0.85,-0.11,40,99.1,29.85,-7.45,91.3,4.0,400.0,3,3,19.13,-5.92,-22.41,-10.25,7.8,4.1
EMA_SAR_30_135_1h,1h,30,135,Stop-and-Reverse (SAR),10000.0,8757.72,-1242.28,-12.42,34.68,43.46,-0.25,-0.32,-0.54,16.7,0.86,-0.1,42,97.0,28.53,-7.29,93.8,4.2,420.0,3,3,12.66,-9.79,-17.17,-4.76,7.54,1.57
EMA_SAR_10_140_1h,1h,10,140,Stop-and-Reverse (SAR),10000.0,8758.04,-1241.96,-12.42,34.68,42.39,-0.24,-0.32,-0.55,19.2,0.88,-0.07,73,55.7,30.45,-5.46,93.6,7.3,730.0,3,3,21.05,3.27,-26.34,-7.03,7.67,-4.99
EMA_SAR_35_175_1h,1h,35,175,Stop-and-Reverse (SAR),10000.0,8755.52,-1244.48,-12.44,34.66,47.05,-0.26,-0.33,-0.5,18.8,0.84,-0.15,32,124.8,28.95,-7.14,92.0,3.2,320.0,3,3,13.63,-10.13,-17.83,-7.89,4.81,8.08
EMA_SAR_5_190_30m,30m,5,190,Stop-and-Reverse (SAR),10000.0,8754.73,-1245.27,-12.45,34.65,39.95,-0.22,-0.29,-0.59,22.4,0.9,-0.04,143,29.0,28.62,-4.63,95.6,14.3,1430.0,2,4,17.74,-4.04,-15.56,-1.96,1.4,-7.69
EMA_SAR_25_135_30m,30m,25,135,Stop-and-Reverse (SAR),10000.0,8754.9,-1245.1,-12.45,34.65,43.99,-0.21,-0.27,-0.53,30.2,0.89,-0.06,86,48.9,28.85,-5.82,96.9,8.6,860.0,2,4,20.45,-6.5,-14.93,-10.34,-3.83,5.98
EMA_SAR_165_185_1h,1h,165,185,Stop-and-Reverse (SAR),10000.0,8752.01,-1247.99,-12.48,34.62,41.57,-0.29,-0.37,-0.57,27.8,0.81,-0.27,18,220.7,31.99,-9.18,91.5,1.8,180.0,4,2,7.5,2.52,-24.28,4.86,-3.39,3.53
EMA_SAR_90_195_30m,30m,90,195,Stop-and-Reverse (SAR),10000.0,8750.71,-1249.29,-12.49,34.61,50.79,-0.22,-0.29,-0.46,25.6,0.85,-0.15,39,106.4,26.83,-7.66,95.5,3.9,390.0,3,3,11.53,-11.16,-15.7,-13.37,2.39,18.1
EMA_SAR_60_190_1h,1h,60,190,Stop-and-Reverse (SAR),10000.0,8747.01,-1252.99,-12.53,34.57,46.25,-0.3,-0.38,-0.51,19.2,0.84,-0.13,26,152.4,35.06,-10.09,91.3,2.6,260.0,3,3,18.62,-7.08,-21.05,-3.49,0.68,3.45
EMA_SAR_25_180_1h,1h,25,180,Stop-and-Reverse (SAR),10000.0,8744.47,-1255.53,-12.56,34.54,49.13,-0.27,-0.35,-0.48,16.7,0.85,-0.14,36,110.6,29.31,-7.04,91.7,3.6,360.0,3,3,18.85,-6.38,-22.15,-12.56,7.27,7.63
EMA_SAR_65_70_30m,30m,65,70,Stop-and-Reverse (SAR),10000.0,8743.43,-1256.57,-12.57,34.53,45.66,-0.2,-0.27,-0.52,30.8,0.89,-0.07,78,54.8,30.21,-6.35,98.4,7.8,780.0,2,4,24.91,-11.18,-10.31,-14.35,-3.32,6.11
EMA_SAR_60_185_1h,1h,60,185,Stop-and-Reverse (SAR),10000.0,8742.36,-1257.64,-12.58,34.52,47.02,-0.3,-0.38,-0.5,19.2,0.84,-0.12,26,152.8,35.38,-10.09,91.5,2.6,260.0,3,3,18.49,-7.15,-22.02,-4.41,1.39,5.14
EMA_SAR_175_185_1h,1h,175,185,Stop-and-Reverse (SAR),10000.0,8739.41,-1260.59,-12.61,34.49,39.04,-0.29,-0.37,-0.61,25.0,0.81,-0.26,20,198.7,31.04,-10.85,91.5,2.0,200.0,4,2,4.17,4.02,-23.01,4.94,-1.89,1.76
EMA_SAR_75_180_30m,30m,75,180,Stop-and-Reverse (SAR),10000.0,8738.5,-1261.5,-12.61,34.49,46.43,-0.23,-0.3,-0.51,24.4,0.85,-0.13,45,92.5,26.82,-6.66,95.9,4.5,450.0,3,3,8.56,-10.42,-14.32,-12.17,4.63,14.13
EMA_SAR_10_135_30m,30m,10,135,Stop-and-Reverse (SAR),10000.0,8739.25,-1260.75,-12.61,34.49,39.68,-0.21,-0.29,-0.6,24.3,0.9,-0.01,144,29.2,29.4,-4.63,96.9,14.4,1440.0,2,4,15.22,-6.34,-6.65,-6.34,-9.31,2.12
EMA_SAR_30_145_1h,1h,30,145,Stop-and-Reverse (SAR),10000.0,8736.37,-1263.63,-12.64,34.46,47.22,-0.26,-0.34,-0.51,17.9,0.86,-0.11,39,103.9,29.01,-7.29,93.3,3.9,390.0,3,3,22.27,-12.8,-18.06,-7.22,7.15,0.58
EMA_SAR_170_180_1h,1h,170,180,Stop-and-Reverse (SAR),10000.0,8733.72,-1266.28,-12.66,34.44,41.49,-0.3,-0.38,-0.58,27.8,0.81,-0.28,18,221.3,31.99,-9.49,91.7,1.8,180.0,4,2,7.13,2.52,-24.28,4.86,-3.27,3.53
EMA_SAR_105_185_30m,30m,105,185,Stop-and-Reverse (SAR),10000.0,8733.25,-1266.75,-12.67,34.43,52.32,-0.24,-0.31,-0.46,25.7,0.85,-0.12,35,118.8,27.49,-11.26,95.8,3.5,350.0,3,3,14.46,-18.38,-14.8,-8.53,3.1,16.35
EMA_SAR_95_120_1h,1h,95,120,Stop-and-Reverse (SAR),10000.0,8725.72,-1274.28,-12.74,34.36,48.58,-0.27,-0.36,-0.49,20.7,0.84,-0.13,29,141.5,35.13,-9.48,94.5,2.9,290.0,2,4,19.64,-11.01,-13.04,-9.95,-1.76,6.53
EMA_SAR_40_65_30m,30m,40,65,Stop-and-Reverse (SAR),10000.0,8723.97,-1276.03,-12.76,34.34,50.03,-0.21,-0.28,-0.48,32.4,0.9,-0.05,102,41.9,29.91,-6.57,98.5,10.2,1020.0,2,4,31.02,-3.78,-11.58,-24.77,-3.87,8.23
EMA_SAR_5_10_1h,1h,5,10,Stop-and-Reverse (SAR),10000.0,8721.19,-1278.81,-12.79,34.31,43.11,-0.17,-0.25,-0.56,28.0,0.96,-0.01,368,11.7,24.27,-5.78,99.6,36.8,3680.0,2,4,6.56,31.23,-3.85,-6.7,-20.89,-12.12
EMA_SAR_120_155_1h,1h,120,155,Stop-and-Reverse (SAR),10000.0,8719.52,-1280.48,-12.8,34.3,43.95,-0.3,-0.38,-0.55,20.8,0.83,-0.19,24,168.0,33.24,-10.69,92.9,2.4,240.0,1,5,17.28,-7.65,-15.12,-3.42,-1.42,-0.38
EMA_SAR_80_170_1h,1h,80,170,Stop-and-Reverse (SAR),10000.0,8715.66,-1284.34,-12.84,34.26,45.42,-0.31,-0.4,-0.53,19.2,0.83,-0.16,26,154.0,33.36,-10.69,92.2,2.6,260.0,2,4,14.88,-7.68,-16.49,-4.75,-1.02,4.37
EMA_SAR_20_165_1h,1h,20,165,Stop-and-Reverse (SAR),10000.0,8715.08,-1284.92,-12.85,34.25,44.46,-0.28,-0.36,-0.54,20.0,0.85,-0.11,40,100.3,29.16,-6.21,92.4,4.0,400.0,3,3,14.36,-7.8,-17.84,-10.07,11.0,0.78
EMA_SAR_15_135_1h,1h,15,135,Stop-and-Reverse (SAR),10000.0,8714.67,-1285.33,-12.85,34.25,43.86,-0.26,-0.35,-0.55,21.0,0.87,-0.09,62,65.7,30.12,-6.1,93.8,6.2,620.0,2,4,19.78,-3.55,-22.77,-7.64,8.1,-2.19
EMA_SAR_45_200_30m,30m,45,200,Stop-and-Reverse (SAR),10000.0,8712.27,-1287.73,-12.88,34.22,42.55,-0.24,-0.31,-0.57,31.4,0.86,-0.13,51,81.2,27.63,-6.35,95.4,5.1,510.0,3,3,14.47,-8.69,-9.87,-13.13,4.0,2.36
EMA_SAR_95_195_30m,30m,95,195,Stop-and-Reverse (SAR),10000.0,8710.22,-1289.78,-12.9,34.2,52.06,-0.25,-0.32,-0.47,25.7,0.84,-0.13,35,118.5,26.94,-9.42,95.5,3.5,350.0,3,3,12.35,-14.24,-17.42,-9.56,3.2,17.28
EMA_SAR_45_150_5m,5m,45,150,Stop-and-Reverse (SAR),10000.0,8707.5,-1292.5,-12.92,34.18,42.12,-0.16,-0.21,-0.58,25.5,0.95,-0.01,380,11.4,23.91,-5.38,99.4,38.0,3800.0,4,2,11.65,21.52,-19.73,1.28,-21.37,0.4
EMA_SAR_75_150_1h,1h,75,150,Stop-and-Reverse (SAR),10000.0,8702.68,-1297.32,-12.97,34.13,48.96,-0.31,-0.4,-0.5,20.7,0.84,-0.13,29,139.4,35.47,-9.97,93.1,2.9,290.0,2,4,21.51,-6.9,-18.7,-10.27,-0.48,5.97
EMA_SAR_110_165_1h,1h,110,165,Stop-and-Reverse (SAR),10000.0,8701.42,-1298.58,-12.99,34.11,41.72,-0.32,-0.4,-0.59,20.8,0.82,-0.2,24,167.2,33.87,-10.54,92.4,2.4,240.0,1,5,12.54,-6.26,-14.01,-3.68,-0.04,-0.38
EMA_SAR_110_175_30m,30m,110,175,Stop-and-Reverse (SAR),10000.0,8695.58,-1304.42,-13.04,34.06,52.05,-0.25,-0.32,-0.47,25.0,0.85,-0.13,40,104.2,27.55,-11.26,96.0,4.0,400.0,3,3,11.39,-18.13,-14.39,-8.71,1.92,19.7
EMA_SAR_105_110_1h,1h,105,110,Stop-and-Reverse (SAR),10000.0,8693.5,-1306.5,-13.06,34.04,49.08,-0.29,-0.38,-0.5,20.7,0.83,-0.14,29,142.2,35.04,-9.48,95.0,2.9,290.0,2,4,19.37,-10.99,-13.88,-9.94,-1.78,7.4
EMA_SAR_30_110_30m,30m,30,110,Stop-and-Reverse (SAR),10000.0,8692.31,-1307.69,-13.08,34.02,46.35,-0.22,-0.3,-0.53,28.4,0.89,-0.07,88,48.1,29.15,-5.82,97.5,8.8,880.0,2,4,26.83,-8.39,-16.68,-11.96,-2.75,4.87
EMA_SAR_50_85_30m,30m,50,85,Stop-and-Reverse (SAR),10000.0,8690.08,-1309.92,-13.1,34.0,46.9,-0.22,-0.3,-0.53,31.2,0.88,-0.08,80,53.2,28.84,-5.55,98.1,8.0,800.0,2,4,22.68,-11.87,-14.16,-11.52,-3.65,9.82
EMA_SAR_105_175_30m,30m,105,175,Stop-and-Reverse (SAR),10000.0,8688.58,-1311.42,-13.11,33.99,52.05,-0.25,-0.32,-0.47,25.0,0.84,-0.16,40,104.2,27.57,-9.42,96.0,4.0,400.0,3,3,12.97,-14.53,-15.17,-12.04,1.05,19.35
EMA_SAR_135_145_1h,1h,135,145,Stop-and-Reverse (SAR),10000.0,8688.46,-1311.54,-13.12,33.98,44.57,-0.31,-0.4,-0.55,20.0,0.82,-0.21,25,162.1,32.86,-10.27,93.3,2.5,250.0,3,3,16.47,-6.85,-16.46,-5.95,1.11,0.81
EMA_SAR_60_200_1h,1h,60,200,Stop-and-Reverse (SAR),10000.0,8686.1,-1313.9,-13.14,33.96,44.69,-0.33,-0.42,-0.55,19.2,0.83,-0.17,26,151.7,35.19,-9.18,90.8,2.6,260.0,3,3,16.65,-5.21,-19.15,-4.43,0.15,1.51
EMA_SAR_10_120_1h,1h,10,120,Stop-and-Reverse (SAR),10000.0,8684.03,-1315.97,-13.16,33.94,43.24,-0.27,-0.36,-0.57,18.7,0.87,-0.08,75,54.7,30.18,-5.46,94.5,7.5,750.0,3,3,18.41,-0.28,-25.05,-6.41,0.99,3.82
EMA_SAR_40_125_1h,1h,40,125,Stop-and-Reverse (SAR),10000.0,8683.47,-1316.53,-13.17,33.93,51.09,-0.27,-0.36,-0.49,22.9,0.84,-0.16,35,116.9,27.01,-7.53,94.3,3.5,350.0,3,3,14.0,-10.8,-18.41,-12.29,4.34,14.35
EMA_SAR_40_70_30m,30m,40,70,Stop-and-Reverse (SAR),10000.0,8682.35,-1317.65,-13.18,33.92,50.51,-0.23,-0.3,-0.49,32.6,0.9,-0.06,92,46.5,30.84,-6.59,98.4,9.2,920.0,2,4,30.2,-2.47,-14.23,-25.14,-3.23,10.05
EMA_SAR_45_95_1h,1h,45,95,Stop-and-Reverse (SAR),10000.0,8680.59,-1319.41,-13.19,33.91,50.53,-0.26,-0.35,-0.49,26.8,0.84,-0.16,41,101.3,27.49,-7.52,95.6,4.1,410.0,3,3,14.03,-11.09,-17.83,-12.41,2.68,15.87
EMA_SAR_40_130_1h,1h,40,130,Stop-and-Reverse (SAR),10000.0,8677.94,-1322.06,-13.22,33.88,52.14,-0.28,-0.37,-0.48,22.9,0.84,-0.15,35,116.7,27.7,-7.53,94.0,3.5,350.0,3,3,18.54,-11.04,-19.83,-12.29,3.64,12.91
EMA_SAR_25_95_1h,1h,25,95,Stop-and-Reverse (SAR),10000.0,8676.25,-1323.75,-13.24,33.86,43.82,-0.25,-0.34,-0.57,28.3,0.85,-0.13,53,78.4,25.98,-5.15,95.6,5.3,530.0,3,3,12.33,-14.42,-7.52,-12.41,4.96,6.16
EMA_SAR_50_185_30m,30m,50,185,Stop-and-Reverse (SAR),10000.0,8675.91,-1324.09,-13.24,33.86,44.49,-0.24,-0.32,-0.56,29.1,0.86,-0.13,55,75.6,26.46,-6.35,95.8,5.5,550.0,3,3,12.34,-12.03,-9.19,-13.15,4.37,6.66
EMA_SAR_50_95_30m,30m,50,95,Stop-and-Reverse (SAR),10000.0,8672.91,-1327.09,-13.27,33.83,47.17,-0.23,-0.31,-0.53,35.1,0.87,-0.09,74,57.4,28.57,-5.73,97.8,7.4,740.0,2,4,21.76,-14.26,-9.29,-14.78,-2.91,10.69
EMA_SAR_85_110_1h,1h,85,110,Stop-and-Reverse (SAR),10000.0,8671.62,-1328.38,-13.28,33.82,49.21,-0.28,-0.37,-0.51,25.8,0.83,-0.17,31,133.0,28.72,-9.44,95.0,3.1,310.0,3,3,15.52,-15.61,-13.53,-10.68,5.13,9.55
EMA_SAR_65_195_1h,1h,65,195,Stop-and-Reverse (SAR),10000.0,8670.77,-1329.23,-13.29,33.81,44.88,-0.33,-0.42,-0.56,19.2,0.83,-0.18,26,152.0,34.02,-9.93,91.0,2.6,260.0,3,3,14.71,-6.57,-18.64,-3.77,0.29,3.04
EMA_SAR_125_155_1h,1h,125,155,Stop-and-Reverse (SAR),10000.0,8665.0,-1335.0,-13.35,33.75,44.14,-0.33,-0.41,-0.57,20.8,0.82,-0.23,24,168.0,32.54,-10.69,92.9,2.4,240.0,2,4,15.27,-7.5,-13.06,-5.94,-1.42,0.81
EMA_SAR_35_135_1h,1h,35,135,Stop-and-Reverse (SAR),10000.0,8662.92,-1337.08,-13.37,33.73,50.61,-0.29,-0.38,-0.5,24.3,0.84,-0.15,37,110.1,27.67,-7.31,93.8,3.7,370.0,3,3,16.48,-11.48,-17.73,-12.24,4.69,11.15
EMA_SAR_65_190_30m,30m,65,190,Stop-and-Reverse (SAR),10000.0,8662.27,-1337.73,-13.38,33.72,44.94,-0.26,-0.34,-0.56,25.5,0.84,-0.15,47,88.4,27.39,-6.44,95.6,4.7,470.0,3,3,8.32,-7.54,-15.17,-11.79,3.11,12.11
EMA_SAR_65_180_1h,1h,65,180,Stop-and-Reverse (SAR),10000.0,8662.32,-1337.68,-13.38,33.72,47.97,-0.34,-0.43,-0.52,19.2,0.83,-0.15,26,153.2,35.06,-10.09,91.7,2.6,260.0,2,4,17.13,-7.08,-22.11,-4.28,-0.39,7.17
EMA_SAR_120_165_30m,30m,120,165,Stop-and-Reverse (SAR),10000.0,8661.33,-1338.67,-13.39,33.71,51.01,-0.27,-0.35,-0.49,27.8,0.84,-0.14,36,116.1,27.63,-10.44,96.2,3.6,360.0,3,3,10.7,-17.18,-13.09,-9.56,3.43,16.2
EMA_SAR_45_165_5m,5m,45,165,Stop-and-Reverse (SAR),10000.0,8661.01,-1338.99,-13.39,33.71,45.38,-0.18,-0.24,-0.55,25.1,0.95,-0.01,366,11.8,23.78,-4.49,99.4,36.6,3660.0,3,3,20.23,14.94,-21.4,1.83,-19.25,-3.03
EMA_SAR_25_155_30m,30m,25,155,Stop-and-Reverse (SAR),10000.0,8658.34,-1341.66,-13.42,33.68,45.38,-0.25,-0.33,-0.56,29.3,0.87,-0.08,82,51.1,28.68,-5.84,96.4,8.2,820.0,2,4,18.03,-10.66,-13.94,-8.01,-0.8,4.54
EMA_SAR_95_165_30m,30m,95,165,Stop-and-Reverse (SAR),10000.0,8654.91,-1345.09,-13.45,33.65,48.0,-0.27,-0.35,-0.53,28.3,0.84,-0.15,46,90.8,27.61,-7.27,96.2,4.6,460.0,2,4,11.1,-10.91,-12.81,-13.69,-0.33,16.59
EMA_SAR_35_105_1h,1h,35,105,Stop-and-Reverse (SAR),10000.0,8654.49,-1345.51,-13.46,33.64,45.23,-0.28,-0.37,-0.56,27.7,0.84,-0.14,47,87.9,27.34,-7.01,95.2,4.7,470.0,3,3,6.06,-11.55,-12.6,-11.54,6.26,12.29
EMA_SAR_10_20_30m,30m,10,20,Stop-and-Reverse (SAR),10000.0,8654.25,-1345.75,-13.46,33.64,38.63,-0.19,-0.27,-0.65,27.1,0.95,-0.01,380,11.4,24.15,-5.78,99.6,38.0,3800.0,2,4,7.5,24.9,-15.28,-0.28,-17.8,-7.17
EMA_SAR_55_150_5m,5m,55,150,Stop-and-Reverse (SAR),10000.0,8653.47,-1346.53,-13.47,33.63,42.53,-0.19,-0.25,-0.59,26.7,0.95,-0.01,348,12.4,23.78,-4.49,99.4,34.8,3480.0,3,3,15.14,15.65,-16.82,2.39,-20.39,-4.15
EMA_SAR_95_100_5m,5m,95,100,Stop-and-Reverse (SAR),10000.0,8652.7,-1347.3,-13.47,33.63,41.68,-0.18,-0.24,-0.61,26.3,0.95,-0.0,346,12.5,23.91,-4.6,99.6,34.6,3460.0,3,3,12.58,20.42,-21.19,5.77,-23.12,-0.4
EMA_SAR_70_155_1h,1h,70,155,Stop-and-Reverse (SAR),10000.0,8651.09,-1348.91,-13.49,33.61,50.12,-0.34,-0.43,-0.51,17.9,0.83,-0.15,28,144.0,35.34,-10.14,92.9,2.8,280.0,3,3,22.36,-7.17,-19.41,-12.38,0.77,7.04
EMA_SAR_195_200_30m,30m,195,200,Stop-and-Reverse (SAR),10000.0,8648.75,-1351.25,-13.51,33.59,50.09,-0.28,-0.37,-0.51,25.0,0.83,-0.16,32,129.5,29.08,-9.89,95.4,3.2,320.0,3,3,15.11,-17.01,-11.25,-11.52,4.14,10.71
EMA_SAR_75_190_30m,30m,75,190,Stop-and-Reverse (SAR),10000.0,8647.82,-1352.18,-13.52,33.58,43.75,-0.27,-0.35,-0.58,29.8,0.84,-0.14,47,88.4,27.19,-6.66,95.6,4.7,470.0,3,3,4.38,-11.07,-9.16,-12.51,2.05,14.87
EMA_SAR_5_90_1h,1h,5,90,Stop-and-Reverse (SAR),10000.0,8643.74,-1356.26,-13.56,33.54,41.22,-0.27,-0.37,-0.62,24.8,0.88,-0.07,109,38.2,28.77,-5.46,95.9,10.9,1090.0,2,4,19.9,-4.8,-18.72,-5.94,0.07,-1.02
EMA_SAR_15_185_30m,30m,15,185,Stop-and-Reverse (SAR),10000.0,8640.66,-1359.34,-13.59,33.51,40.23,-0.26,-0.35,-0.63,27.0,0.87,-0.08,89,46.7,28.35,-5.46,95.8,8.9,890.0,2,4,15.89,-2.32,-19.69,-4.98,-0.39,0.42
EMA_SAR_30_125_1h,1h,30,125,Stop-and-Reverse (SAR),10000.0,8641.47,-1358.53,-13.59,33.51,43.82,-0.3,-0.39,-0.58,20.4,0.84,-0.12,49,83.5,28.53,-7.29,94.3,4.9,490.0,3,3,9.37,-10.9,-14.58,-8.31,8.97,3.89
EMA_SAR_95_200_30m,30m,95,200,Stop-and-Reverse (SAR),10000.0,8640.44,-1359.56,-13.6,33.5,51.98,-0.28,-0.36,-0.49,25.7,0.83,-0.16,35,118.4,26.88,-9.42,95.4,3.5,350.0,3,3,12.36,-14.75,-17.03,-9.64,3.58,16.15
EMA_SAR_70_170_1h,1h,70,170,Stop-and-Reverse (SAR),10000.0,8635.04,-1364.96,-13.65,33.45,48.34,-0.35,-0.44,-0.53,19.2,0.83,-0.16,26,154.0,35.22,-9.75,92.2,2.6,260.0,2,4,18.28,-6.47,-22.72,-4.26,-1.01,6.57
EMA_SAR_60_145_5m,5m,60,145,Stop-and-Reverse (SAR),10000.0,8634.13,-1365.87,-13.66,33.44,43.03,-0.19,-0.25,-0.6,25.0,0.95,-0.01,352,12.3,23.63,-4.6,99.4,35.2,3520.0,3,3,17.21,17.28,-20.13,4.43,-20.28,-5.53
EMA_SAR_50_55_30m,30m,50,55,Stop-and-Reverse (SAR),10000.0,8632.91,-1367.09,-13.67,33.43,49.4,-0.25,-0.33,-0.52,33.0,0.9,-0.06,100,42.9,30.13,-6.47,98.7,10.0,1000.0,2,4,30.72,-3.56,-13.75,-22.84,-3.35,6.46
EMA_SAR_45_190_30m,30m,45,190,Stop-and-Reverse (SAR),10000.0,8630.84,-1369.16,-13.69,33.41,44.8,-0.26,-0.35,-0.57,27.3,0.85,-0.13,55,75.5,27.88,-6.35,95.6,5.5,550.0,3,3,15.03,-11.9,-10.06,-13.3,1.78,7.31
EMA_SAR_35_85_30m,30m,35,85,Stop-and-Reverse (SAR),10000.0,8627.7,-1372.3,-13.72,33.38,48.36,-0.25,-0.33,-0.53,33.0,0.89,-0.07,88,48.4,30.1,-5.84,98.1,8.8,880.0,2,4,27.63,-2.29,-16.96,-20.11,-2.7,7.17
EMA_SAR_35_195_5m,5m,35,195,Stop-and-Reverse (SAR),10000.0,8618.41,-1381.59,-13.82,33.28,44.23,-0.2,-0.27,-0.59,23.5,0.95,-0.01,388,11.1,23.69,-4.44,99.3,38.8,3880.0,3,3,17.85,12.05,-13.69,-2.91,-22.27,0.2
EMA_SAR_20_130_1h,1h,20,130,Stop-and-Reverse (SAR),10000.0,8617.29,-1382.71,-13.83,33.27,44.3,-0.3,-0.4,-0.59,22.8,0.86,-0.12,57,71.6,29.99,-5.31,94.0,5.7,570.0,3,3,17.27,-7.11,-19.65,-8.36,6.89,0.5
EMA_SAR_90_110_5m,5m,90,110,Stop-and-Reverse (SAR),10000.0,8611.49,-1388.51,-13.89,33.21,44.82,-0.2,-0.26,-0.58,26.4,0.95,0.0,330,13.1,23.47,-4.6,99.6,33.0,3300.0,3,3,19.21,14.73,-23.73,8.24,-22.49,-1.61
EMA_SAR_5_180_30m,30m,5,180,Stop-and-Reverse (SAR),10000.0,8609.39,-1390.61,-13.91,33.19,40.73,-0.27,-0.37,-0.64,23.1,0.89,-0.05,143,29.1,29.1,-4.63,95.9,14.3,1430.0,2,4,18.25,-5.19,-16.25,-2.52,0.71,-6.62
EMA_SAR_30_115_1h,1h,30,115,Stop-and-Reverse (SAR),10000.0,8609.2,-1390.8,-13.91,33.19,44.82,-0.3,-0.4,-0.58,27.5,0.84,-0.14,51,80.6,28.65,-5.66,94.7,5.1,510.0,3,3,9.06,-9.89,-15.65,-10.42,8.17,7.19
EMA_SAR_20_40_1h,1h,20,40,Stop-and-Reverse (SAR),10000.0,8606.71,-1393.29,-13.93,33.17,45.79,-0.27,-0.36,-0.57,31.8,0.89,-0.07,88,48.4,30.18,-7.09,98.2,8.8,880.0,2,4,26.92,-1.06,-15.52,-20.15,-2.14,3.83
EMA_SAR_100_190_30m,30m,100,190,Stop-and-Reverse (SAR),10000.0,8600.69,-1399.31,-13.99,33.11,53.05,-0.3,-0.38,-0.49,28.6,0.83,-0.16,35,118.7,27.55,-11.26,95.6,3.5,350.0,3,3,13.95,-18.18,-17.03,-8.16,3.58,16.88
EMA_SAR_20_120_30m,30m,20,120,Stop-and-Reverse (SAR),10000.0,8595.86,-1404.14,-14.04,33.06,44.95,-0.27,-0.35,-0.59,28.1,0.89,-0.07,96,44.0,29.62,-5.81,97.2,9.6,960.0,2,4,26.6,-10.01,-12.44,-6.11,-9.05,0.91
EMA_SAR_100_115_1h,1h,100,115,Stop-and-Reverse (SAR),10000.0,8592.31,-1407.69,-14.08,33.02,49.35,-0.33,-0.44,-0.53,20.7,0.82,-0.18,29,141.8,35.04,-9.48,94.7,2.9,290.0,2,4,19.71,-10.99,-13.88,-10.42,-1.78,6.41
EMA_SAR_5_165_30m,30m,5,165,Stop-and-Reverse (SAR),10000.0,8590.84,-1409.16,-14.09,33.01,38.89,-0.28,-0.38,-0.68,21.7,0.89,-0.05,157,26.6,28.9,-4.63,96.2,15.7,1570.0,1,5,16.62,-2.2,-13.09,-4.09,-5.35,-4.53
EMA_SAR_75_170_1h,1h,75,170,Stop-and-Reverse (SAR),10000.0,8589.85,-1410.15,-14.1,33.0,47.53,-0.37,-0.46,-0.56,19.2,0.82,-0.2,26,154.0,34.02,-9.8,92.2,2.6,260.0,2,4,14.88,-6.3,-20.77,-4.68,-1.26,7.01
EMA_SAR_105_160_1h,1h,105,160,Stop-and-Reverse (SAR),10000.0,8588.25,-1411.75,-14.12,32.98,44.03,-0.37,-0.47,-0.6,22.7,0.8,-0.27,22,182.9,33.76,-9.75,92.7,2.2,220.0,2,4,12.35,-6.15,-15.43,-5.02,-1.08,2.51
EMA_SAR_20_195_1h,1h,20,195,Stop-and-Reverse (SAR),10000.0,8586.93,-1413.07,-14.13,32.97,48.5,-0.34,-0.44,-0.55,15.8,0.83,-0.17,38,104.0,29.31,-7.36,91.0,3.8,380.0,3,3,19.3,-7.58,-22.41,-10.56,7.8,4.1
EMA_SAR_85_165_1h,1h,85,165,Stop-and-Reverse (SAR),10000.0,8586.42,-1413.58,-14.14,32.96,46.84,-0.37,-0.47,-0.57,19.2,0.82,-0.21,26,154.3,33.5,-10.69,92.4,2.6,260.0,2,4,13.35,-7.71,-17.88,-5.19,-1.53,7.06
EMA_SAR_110_160_1h,1h,110,160,Stop-and-Reverse (SAR),10000.0,8583.79,-1416.21,-14.16,32.94,44.21,-0.37,-0.47,-0.6,20.8,0.81,-0.25,24,167.6,33.87,-9.8,92.7,2.4,240.0,2,4,12.77,-6.26,-17.45,-3.52,-0.49,2.47
EMA_SAR_65_195_30m,30m,65,195,Stop-and-Reverse (SAR),10000.0,8583.49,-1416.51,-14.17,32.93,45.91,-0.3,-0.39,-0.58,24.4,0.83,-0.17,45,92.2,27.45,-6.35,95.5,4.5,450.0,3,3,8.56,-8.42,-14.81,-12.89,2.49,13.51
EMA_SAR_20_180_1h,1h,20,180,Stop-and-Reverse (SAR),10000.0,8580.05,-1419.95,-14.2,32.9,47.83,-0.35,-0.45,-0.56,18.4,0.83,-0.18,38,104.8,29.03,-6.21,91.7,3.8,380.0,3,3,18.25,-5.22,-21.9,-13.58,9.43,3.64
EMA_SAR_35_120_1h,1h,35,120,Stop-and-Reverse (SAR),10000.0,8577.2,-1422.8,-14.23,32.87,46.6,-0.32,-0.42,-0.57,19.5,0.83,-0.16,41,100.1,27.3,-7.3,94.5,4.1,410.0,3,3,9.46,-9.96,-16.64,-9.73,7.22,7.86
EMA_SAR_30_125_30m,30m,30,125,Stop-and-Reverse (SAR),10000.0,8574.92,-1425.08,-14.25,32.85,46.06,-0.28,-0.37,-0.58,29.8,0.87,-0.09,84,50.2,28.94,-5.67,97.1,8.4,840.0,2,4,22.9,-10.75,-11.47,-12.33,-4.82,5.81
EMA_SAR_35_130_1h,1h,35,130,Stop-and-Reverse (SAR),10000.0,8572.94,-1427.06,-14.27,32.83,50.7,-0.33,-0.43,-0.53,21.6,0.83,-0.17,37,110.4,27.53,-7.3,94.0,3.7,370.0,3,3,15.1,-11.74,-17.81,-11.95,4.56,11.53
EMA_SAR_5_185_30m,30m,5,185,Stop-and-Reverse (SAR),10000.0,8571.53,-1428.47,-14.28,32.82,41.04,-0.29,-0.39,-0.65,23.1,0.89,-0.06,143,29.1,28.94,-4.63,95.8,14.3,1430.0,2,4,17.54,-4.11,-16.23,-3.05,1.06,-7.34
EMA_SAR_115_160_1h,1h,115,160,Stop-and-Reverse (SAR),10000.0,8571.11,-1428.89,-14.29,32.81,42.74,-0.38,-0.48,-0.63,20.8,0.81,-0.26,24,167.6,33.24,-10.69,92.7,2.4,240.0,1,5,12.85,-7.65,-15.47,-2.3,-0.04,-0.38
EMA_SAR_45_185_1h,1h,45,185,Stop-and-Reverse (SAR),10000.0,8568.87,-1431.13,-14.31,32.79,49.84,-0.35,-0.44,-0.54,17.6,0.83,-0.18,34,116.9,30.11,-12.37,91.5,3.4,340.0,2,4,17.99,-15.36,-15.55,-4.81,-0.09,6.83
EMA_SAR_65_175_1h,1h,65,175,Stop-and-Reverse (SAR),10000.0,8565.7,-1434.3,-14.34,32.76,48.02,-0.39,-0.49,-0.56,19.2,0.82,-0.19,26,153.6,35.38,-10.09,92.0,2.6,260.0,3,3,16.25,-7.15,-23.18,-4.1,0.68,7.01
EMA_SAR_25_170_1h,1h,25,170,Stop-and-Reverse (SAR),10000.0,8561.02,-1438.98,-14.39,32.71,49.78,-0.35,-0.45,-0.54,17.6,0.82,-0.21,34,117.7,28.57,-7.04,92.2,3.4,340.0,3,3,18.28,-10.68,-22.32,-9.24,7.27,7.15
EMA_SAR_55_200_1h,1h,55,200,Stop-and-Reverse (SAR),10000.0,8557.89,-1442.11,-14.42,32.68,47.05,-0.39,-0.49,-0.57,19.2,0.82,-0.21,26,151.7,35.38,-9.4,90.8,2.6,260.0,3,3,17.69,-5.63,-21.76,-5.6,0.62,3.67
EMA_SAR_10_195_30m,30m,10,195,Stop-and-Reverse (SAR),10000.0,8557.7,-1442.3,-14.42,32.68,41.51,-0.3,-0.4,-0.65,23.4,0.88,-0.08,107,38.8,28.68,-4.63,95.5,10.7,1070.0,3,3,18.84,2.03,-20.34,-1.94,0.12,-9.76
EMA_SAR_85_200_30m,30m,85,200,Stop-and-Reverse (SAR),10000.0,8550.51,-1449.49,-14.49,32.61,50.09,-0.31,-0.4,-0.54,23.3,0.82,-0.19,43,96.4,26.88,-7.52,95.4,4.3,430.0,3,3,9.68,-10.75,-16.25,-12.2,2.54,15.84
EMA_SAR_50_160_5m,5m,50,160,Stop-and-Reverse (SAR),10000.0,8547.75,-1452.25,-14.52,32.58,45.84,-0.23,-0.3,-0.59,25.3,0.95,-0.01,352,12.3,23.56,-4.49,99.4,35.2,3520.0,3,3,20.11,15.24,-19.9,3.36,-20.12,-6.61
EMA_SAR_70_190_1h,1h,70,190,Stop-and-Reverse (SAR),10000.0,8546.73,-1453.27,-14.53,32.57,44.65,-0.39,-0.49,-0.61,19.2,0.82,-0.24,26,152.4,34.02,-9.93,91.3,2.6,260.0,2,4,15.22,-6.57,-17.64,-3.41,-0.88,0.7
EMA_SAR_10_80_1h,1h,10,80,Stop-and-Reverse (SAR),10000.0,8544.56,-1455.44,-14.55,32.55,41.16,-0.31,-0.42,-0.66,27.9,0.87,-0.09,86,48.6,28.79,-5.81,96.3,8.6,860.0,2,4,18.18,-10.82,-9.77,-8.5,-2.51,0.73
EMA_SAR_30_105_30m,30m,30,105,Stop-and-Reverse (SAR),10000.0,8541.62,-1458.38,-14.58,32.52,47.98,-0.28,-0.38,-0.57,29.3,0.88,-0.08,92,46.1,29.38,-5.82,97.6,9.2,920.0,2,4,25.31,-10.47,-15.73,-13.15,-2.75,6.97
EMA_SAR_95_170_30m,30m,95,170,Stop-and-Reverse (SAR),10000.0,8542.05,-1457.95,-14.58,32.52,47.62,-0.31,-0.41,-0.57,28.3,0.83,-0.18,46,90.7,27.56,-7.37,96.1,4.6,460.0,2,4,9.29,-10.54,-13.66,-12.37,-1.83,17.63
EMA_SAR_90_105_5m,5m,90,105,Stop-and-Reverse (SAR),10000.0,8530.42,-1469.58,-14.7,32.4,42.22,-0.23,-0.3,-0.65,27.0,0.95,-0.0,348,12.4,23.91,-4.6,99.6,34.8,3480.0,4,2,12.32,17.84,-21.96,6.05,-22.49,0.45
EMA_SAR_125_195_1h,1h,125,195,Stop-and-Reverse (SAR),10000.0,8530.17,-1469.83,-14.7,32.4,43.96,-0.39,-0.48,-0.62,27.8,0.79,-0.35,18,219.6,33.64,-12.15,91.0,1.8,180.0,3,3,7.59,-2.36,-22.41,4.24,-4.6,5.24
EMA_SAR_50_195_30m,30m,50,195,Stop-and-Reverse (SAR),10000.0,8527.36,-1472.64,-14.73,32.37,44.28,-0.31,-0.41,-0.62,30.2,0.84,-0.17,53,78.3,26.57,-6.35,95.5,5.3,530.0,3,3,11.56,-8.82,-11.59,-13.61,5.31,4.24
EMA_SAR_30_190_30m,30m,30,190,Stop-and-Reverse (SAR),10000.0,8522.84,-1477.16,-14.77,32.33,49.29,-0.31,-0.41,-0.56,25.4,0.85,-0.14,63,65.9,26.93,-6.46,95.6,6.3,630.0,2,4,23.45,-14.68,-16.87,-10.59,-0.42,9.32
EMA_SAR_85_170_1h,1h,85,170,Stop-and-Reverse (SAR),10000.0,8512.61,-1487.39,-14.87,32.23,46.78,-0.41,-0.52,-0.59,19.2,0.81,-0.25,26,154.0,33.5,-10.69,92.2,2.6,260.0,2,4,15.27,-7.71,-18.44,-4.85,-1.15,4.31
EMA_SAR_155_200_1h,1h,155,200,Stop-and-Reverse (SAR),10000.0,8506.83,-1493.17,-14.93,32.17,40.24,-0.4,-0.51,-0.69,25.0,0.78,-0.38,20,197.2,31.92,-10.19,90.8,2.0,200.0,3,3,5.98,2.55,-23.57,4.59,-1.78,-0.31
EMA_SAR_90_190_30m,30m,90,190,Stop-and-Reverse (SAR),10000.0,8501.71,-1498.29,-14.98,32.12,51.33,-0.33,-0.43,-0.54,26.8,0.82,-0.21,41,101.3,26.88,-7.52,95.6,4.1,410.0,3,3,11.88,-10.57,-17.27,-13.51,1.83,16.6
EMA_SAR_130_190_1h,1h,130,190,Stop-and-Reverse (SAR),10000.0,8497.66,-1502.34,-15.02,32.08,44.76,-0.4,-0.5,-0.63,27.8,0.79,-0.37,18,220.2,33.12,-12.15,91.3,1.8,180.0,3,3,8.07,-3.52,-22.6,4.25,-4.6,5.87
EMA_SAR_60_180_1h,1h,60,180,Stop-and-Reverse (SAR),10000.0,8489.34,-1510.66,-15.11,31.99,48.66,-0.42,-0.53,-0.58,19.2,0.81,-0.23,26,153.2,35.34,-10.27,91.7,2.6,260.0,3,3,18.35,-7.44,-22.74,-6.39,1.55,5.51
EMA_SAR_115_180_30m,30m,115,180,Stop-and-Reverse (SAR),10000.0,8487.07,-1512.93,-15.13,31.97,52.94,-0.35,-0.44,-0.53,23.5,0.82,-0.21,34,122.5,27.36,-10.44,95.9,3.4,340.0,3,3,13.04,-14.86,-16.47,-11.05,2.31,16.01
EMA_SAR_25_155_1h,1h,25,155,Stop-and-Reverse (SAR),10000.0,8482.01,-1517.99,-15.18,31.92,46.07,-0.37,-0.49,-0.61,15.8,0.83,-0.19,38,106.1,28.84,-7.04,92.9,3.8,380.0,2,4,19.56,-10.63,-19.45,-6.48,7.8,-2.26
EMA_SAR_110_180_30m,30m,110,180,Stop-and-Reverse (SAR),10000.0,8480.59,-1519.41,-15.19,31.91,52.41,-0.35,-0.45,-0.54,25.0,0.82,-0.2,36,115.7,27.45,-10.98,95.9,3.6,360.0,3,3,10.96,-18.16,-14.82,-9.23,3.43,16.76
EMA_SAR_70_185_1h,1h,70,185,Stop-and-Reverse (SAR),10000.0,8469.61,-1530.39,-15.3,31.8,45.29,-0.43,-0.54,-0.63,19.2,0.81,-0.26,26,152.8,34.02,-9.93,91.5,2.6,260.0,2,4,14.16,-6.57,-18.62,-3.88,-0.36,1.89
EMA_SAR_50_100_1h,1h,50,100,Stop-and-Reverse (SAR),10000.0,8470.44,-1529.56,-15.3,31.8,53.42,-0.36,-0.47,-0.53,24.2,0.82,-0.22,33,125.5,27.36,-11.26,95.4,3.3,330.0,3,3,14.52,-15.96,-18.3,-11.43,4.19,16.74
EMA_SAR_35_200_5m,5m,35,200,Stop-and-Reverse (SAR),10000.0,8468.09,-1531.91,-15.32,31.78,44.92,-0.26,-0.35,-0.63,23.7,0.94,-0.02,372,11.6,23.39,-4.44,99.2,37.2,3720.0,2,4,21.29,8.44,-12.82,-4.03,-21.8,-1.59
EMA_SAR_90_180_30m,30m,90,180,Stop-and-Reverse (SAR),10000.0,8465.49,-1534.51,-15.35,31.75,47.21,-0.35,-0.45,-0.6,28.9,0.82,-0.2,45,92.5,26.85,-7.27,95.9,4.5,450.0,2,4,9.28,-10.4,-14.0,-11.24,-2.53,16.21
EMA_SAR_135_185_1h,1h,135,185,Stop-and-Reverse (SAR),10000.0,8461.58,-1538.42,-15.38,31.72,44.48,-0.42,-0.52,-0.64,27.8,0.78,-0.39,18,220.7,33.12,-12.15,91.5,1.8,180.0,3,3,7.07,-3.52,-22.74,4.25,-3.95,5.87
EMA_SAR_15_100_1h,1h,15,100,Stop-and-Reverse (SAR),10000.0,8460.51,-1539.49,-15.39,31.71,46.19,-0.35,-0.48,-0.62,23.1,0.84,-0.14,65,63.7,27.33,-5.46,95.4,6.5,650.0,3,3,21.67,-12.7,-16.22,-9.59,1.31,3.8
EMA_SAR_70_175_1h,1h,70,175,Stop-and-Reverse (SAR),10000.0,8459.65,-1540.35,-15.4,31.7,47.87,-0.44,-0.55,-0.6,19.2,0.81,-0.24,26,153.6,35.19,-9.75,92.0,2.6,260.0,2,4,15.22,-6.47,-21.75,-4.88,-0.7,6.2
EMA_SAR_25_165_30m,30m,25,165,Stop-and-Reverse (SAR),10000.0,8456.65,-1543.35,-15.43,31.67,44.23,-0.34,-0.45,-0.65,26.6,0.86,-0.11,79,52.9,29.23,-5.46,96.2,7.9,790.0,2,4,20.57,-9.7,-15.47,-7.85,-1.3,1.04
EMA_SAR_90_175_30m,30m,90,175,Stop-and-Reverse (SAR),10000.0,8454.54,-1545.46,-15.45,31.65,48.14,-0.35,-0.46,-0.6,30.4,0.82,-0.2,46,90.6,26.95,-7.27,96.0,4.6,460.0,2,4,8.88,-9.48,-16.16,-12.79,-0.35,17.74
EMA_SAR_75_185_30m,30m,75,185,Stop-and-Reverse (SAR),10000.0,8454.13,-1545.87,-15.46,31.64,45.75,-0.35,-0.46,-0.63,24.5,0.82,-0.19,49,84.9,26.81,-7.0,95.8,4.9,490.0,3,3,5.73,-11.14,-13.06,-11.63,3.39,13.29
EMA_SAR_30_120_30m,30m,30,120,Stop-and-Reverse (SAR),10000.0,8449.65,-1550.35,-15.5,31.6,46.6,-0.33,-0.43,-0.62,30.2,0.87,-0.1,86,49.1,29.27,-5.67,97.2,8.6,860.0,2,4,23.45,-14.1,-9.6,-12.01,-2.77,3.04
EMA_SAR_110_185_30m,30m,110,185,Stop-and-Reverse (SAR),10000.0,8450.28,-1549.72,-15.5,31.6,53.66,-0.36,-0.46,-0.54,24.2,0.82,-0.23,33,126.0,27.36,-10.98,95.8,3.3,330.0,3,3,14.94,-15.56,-18.55,-10.32,3.33,15.36
EMA_SAR_100_160_30m,30m,100,160,Stop-and-Reverse (SAR),10000.0,8448.23,-1551.77,-15.52,31.58,48.57,-0.35,-0.46,-0.59,28.3,0.82,-0.2,46,90.9,27.56,-7.37,96.3,4.6,460.0,2,4,9.75,-10.24,-14.57,-13.29,-0.6,16.48
EMA_SAR_100_200_30m,30m,100,200,Stop-and-Reverse (SAR),10000.0,8446.83,-1553.17,-15.53,31.57,53.37,-0.36,-0.47,-0.54,24.2,0.81,-0.23,33,125.6,26.75,-10.98,95.4,3.3,330.0,3,3,12.83,-15.27,-18.53,-9.87,3.33,16.45
EMA_SAR_50_95_1h,1h,50,95,Stop-and-Reverse (SAR),10000.0,8446.03,-1553.97,-15.54,31.56,53.45,-0.37,-0.49,-0.54,22.9,0.82,-0.21,35,118.7,27.49,-11.26,95.6,3.5,350.0,3,3,13.84,-18.11,-18.57,-9.01,4.34,17.17
EMA_SAR_40_90_1h,1h,40,90,Stop-and-Reverse (SAR),10000.0,8443.93,-1556.07,-15.56,31.54,44.88,-0.37,-0.49,-0.64,26.5,0.82,-0.19,49,85.0,27.19,-7.01,95.9,4.9,490.0,3,3,7.56,-11.09,-11.0,-13.53,2.12,12.36
EMA_SAR_15_50_1h,1h,15,50,Stop-and-Reverse (SAR),10000.0,8440.18,-1559.82,-15.6,31.5,45.04,-0.34,-0.46,-0.64,31.9,0.87,-0.09,94,45.1,30.18,-5.82,97.7,9.4,940.0,2,4,24.69,-5.79,-15.31,-13.67,-4.16,2.53
EMA_SAR_30_185_30m,30m,30,185,Stop-and-Reverse (SAR),10000.0,8436.5,-1563.5,-15.63,31.47,49.65,-0.35,-0.46,-0.58,22.4,0.84,-0.14,67,62.1,27.13,-6.46,95.8,6.7,670.0,2,4,23.55,-14.07,-18.09,-10.33,-0.64,8.89
EMA_SAR_25_115_30m,30m,25,115,Stop-and-Reverse (SAR),10000.0,8435.41,-1564.59,-15.65,31.45,45.44,-0.33,-0.44,-0.64,29.3,0.87,-0.1,92,46.0,29.46,-5.67,97.4,9.2,920.0,2,4,24.61,-8.08,-15.45,-10.59,-4.3,1.79
EMA_SAR_115_170_30m,30m,115,170,Stop-and-Reverse (SAR),10000.0,8434.41,-1565.59,-15.66,31.44,52.18,-0.37,-0.47,-0.56,25.0,0.81,-0.21,36,115.9,27.49,-11.26,96.1,3.6,360.0,3,3,9.02,-18.8,-13.17,-9.73,3.33,17.63
EMA_SAR_30_120_1h,1h,30,120,Stop-and-Reverse (SAR),10000.0,8434.05,-1565.95,-15.66,31.44,46.88,-0.38,-0.5,-0.62,25.5,0.82,-0.18,51,80.5,28.5,-5.66,94.5,5.1,510.0,3,3,8.55,-9.59,-16.75,-12.47,7.47,9.73
EMA_SAR_25_125_30m,30m,25,125,Stop-and-Reverse (SAR),10000.0,8430.59,-1569.41,-15.69,31.41,45.55,-0.34,-0.45,-0.64,30.0,0.87,-0.1,90,46.9,29.17,-5.67,97.1,9.0,900.0,2,4,24.61,-10.02,-15.58,-7.66,-5.27,1.82
EMA_SAR_50_85_1h,1h,50,85,Stop-and-Reverse (SAR),10000.0,8431.2,-1568.8,-15.69,31.41,48.03,-0.37,-0.49,-0.61,27.3,0.81,-0.22,44,94.8,27.46,-7.52,96.1,4.4,440.0,2,4,9.27,-10.55,-14.43,-12.19,-1.82,16.93
EMA_SAR_60_80_30m,30m,60,80,Stop-and-Reverse (SAR),10000.0,8425.03,-1574.97,-15.75,31.35,48.41,-0.34,-0.45,-0.6,33.8,0.86,-0.13,74,57.6,29.98,-6.35,98.2,7.4,740.0,2,4,23.7,-10.97,-12.77,-16.51,-3.48,8.82
EMA_SAR_10_130_1h,1h,10,130,Stop-and-Reverse (SAR),10000.0,8420.69,-1579.31,-15.79,31.31,43.56,-0.39,-0.52,-0.67,18.4,0.84,-0.12,76,53.7,30.25,-5.46,94.0,7.6,760.0,4,2,17.6,1.2,-26.96,-6.73,2.87,0.96
EMA_SAR_65_200_1h,1h,65,200,Stop-and-Reverse (SAR),10000.0,8418.91,-1581.09,-15.81,31.29,44.98,-0.45,-0.57,-0.65,19.2,0.8,-0.29,26,151.7,34.02,-9.93,90.8,2.6,260.0,3,3,13.38,-6.57,-18.42,-4.18,0.26,1.4
EMA_SAR_40_190_30m,30m,40,190,Stop-and-Reverse (SAR),10000.0,8412.1,-1587.9,-15.88,31.22,46.73,-0.36,-0.47,-0.63,23.8,0.83,-0.16,63,65.9,27.5,-5.55,95.6,6.3,630.0,3,3,20.29,-14.03,-12.08,-12.75,0.54,5.48
EMA_SAR_5_65_1h,1h,5,65,Stop-and-Reverse (SAR),10000.0,8412.2,-1587.8,-15.88,31.22,42.42,-0.36,-0.5,-0.69,25.4,0.88,-0.07,142,29.7,29.81,-5.46,97.0,14.2,1420.0,1,5,20.58,-1.9,-15.59,-5.19,-10.78,-0.4
EMA_SAR_105_165_1h,1h,105,165,Stop-and-Reverse (SAR),10000.0,8408.48,-1591.52,-15.92,31.18,45.07,-0.46,-0.57,-0.65,20.8,0.79,-0.33,24,167.2,33.76,-9.75,92.4,2.4,240.0,2,4,12.13,-6.15,-19.26,-2.87,-0.56,2.47
EMA_SAR_35_90_1h,1h,35,90,Stop-and-Reverse (SAR),10000.0,8406.86,-1593.14,-15.93,31.17,42.66,-0.37,-0.5,-0.69,26.4,0.82,-0.2,53,78.5,24.96,-6.44,95.9,5.3,530.0,3,3,9.04,-10.34,-8.11,-13.67,2.73,5.52
EMA_SAR_50_80_1h,1h,50,80,Stop-and-Reverse (SAR),10000.0,8406.29,-1593.71,-15.94,31.16,48.1,-0.37,-0.5,-0.61,30.4,0.81,-0.22,46,90.9,25.56,-7.27,96.3,4.6,460.0,2,4,11.92,-12.34,-12.61,-13.67,-1.42,15.2
EMA_SAR_15_95_1h,1h,15,95,Stop-and-Reverse (SAR),10000.0,8404.92,-1595.08,-15.95,31.15,46.89,-0.37,-0.51,-0.63,23.9,0.84,-0.15,67,62.0,27.13,-5.46,95.6,6.7,670.0,3,3,21.89,-12.36,-17.64,-7.44,0.64,2.56
EMA_SAR_25_165_1h,1h,25,165,Stop-and-Reverse (SAR),10000.0,8400.31,-1599.69,-16.0,31.1,48.05,-0.42,-0.54,-0.62,16.7,0.81,-0.24,36,111.5,29.37,-7.04,92.4,3.6,360.0,3,3,17.08,-9.2,-21.63,-8.34,7.12,2.69
EMA_SAR_50_145_5m,5m,50,145,Stop-and-Reverse (SAR),10000.0,8397.4,-1602.6,-16.03,31.07,42.36,-0.28,-0.37,-0.7,25.3,0.94,-0.02,376,11.5,23.97,-5.38,99.4,37.6,3760.0,3,3,9.68,16.79,-17.52,0.51,-19.98,-1.17
EMA_SAR_20_200_1h,1h,20,200,Stop-and-Reverse (SAR),10000.0,8397.06,-1602.94,-16.03,31.07,48.66,-0.43,-0.55,-0.61,15.0,0.81,-0.22,40,98.6,29.36,-7.36,90.8,4.0,400.0,3,3,16.41,-7.25,-24.44,-8.85,7.96,4.59
EMA_SAR_55_180_30m,30m,55,180,Stop-and-Reverse (SAR),10000.0,8394.61,-1605.39,-16.05,31.05,45.58,-0.36,-0.47,-0.65,30.2,0.82,-0.19,53,78.6,25.55,-6.35,95.9,5.3,530.0,3,3,9.57,-14.55,-10.44,-10.75,3.76,8.1
EMA_SAR_55_145_5m,5m,55,145,Stop-and-Reverse (SAR),10000.0,8394.39,-1605.61,-16.06,31.04,43.83,-0.28,-0.38,-0.68,25.7,0.94,-0.02,362,11.9,23.69,-4.49,99.4,36.2,3620.0,3,3,14.56,14.42,-18.63,3.97,-20.9,-4.29
EMA_SAR_60_80_1h,1h,60,80,Stop-and-Reverse (SAR),10000.0,8394.14,-1605.86,-16.06,31.04,51.93,-0.39,-0.51,-0.57,28.9,0.81,-0.23,38,110.1,27.57,-11.26,96.3,3.8,380.0,3,3,10.51,-18.46,-13.49,-10.06,1.41,18.06
EMA_SAR_115_175_30m,30m,115,175,Stop-and-Reverse (SAR),10000.0,8388.62,-1611.38,-16.11,30.99,52.97,-0.39,-0.5,-0.56,22.2,0.81,-0.23,36,115.8,27.45,-10.44,96.0,3.6,360.0,3,3,11.53,-16.21,-16.85,-10.15,3.33,16.28
EMA_SAR_15_55_1h,1h,15,55,Stop-and-Reverse (SAR),10000.0,8387.01,-1612.99,-16.13,30.97,45.01,-0.36,-0.5,-0.66,30.7,0.87,-0.11,88,48.1,29.23,-5.82,97.5,8.8,880.0,2,4,26.89,-10.64,-12.1,-13.71,-2.54,0.06
EMA_SAR_10_135_1h,1h,10,135,Stop-and-Reverse (SAR),10000.0,8385.81,-1614.19,-16.14,30.96,43.66,-0.41,-0.55,-0.68,18.4,0.84,-0.12,76,53.6,30.46,-5.46,93.8,7.6,760.0,3,3,17.93,1.5,-26.71,-7.56,7.17,-3.51
EMA_SAR_95_190_30m,30m,95,190,Stop-and-Reverse (SAR),10000.0,8381.88,-1618.12,-16.18,30.92,54.21,-0.38,-0.49,-0.55,25.6,0.81,-0.25,39,106.5,26.83,-9.56,95.6,3.9,390.0,3,3,12.58,-14.77,-16.68,-14.37,2.08,19.96
EMA_SAR_65_170_1h,1h,65,170,Stop-and-Reverse (SAR),10000.0,8379.7,-1620.3,-16.2,30.9,50.33,-0.47,-0.6,-0.6,19.2,0.8,-0.28,26,154.0,35.47,-10.09,92.2,2.6,260.0,3,3,19.51,-7.17,-24.81,-5.82,0.06,6.6
EMA_SAR_40_185_30m,30m,40,185,Stop-and-Reverse (SAR),10000.0,8376.86,-1623.14,-16.23,30.87,47.42,-0.38,-0.49,-0.63,24.6,0.83,-0.17,61,68.2,27.33,-5.55,95.8,6.1,610.0,3,3,20.41,-15.13,-11.77,-12.99,1.25,5.44
EMA_SAR_45_60_30m,30m,45,60,Stop-and-Reverse (SAR),10000.0,8376.66,-1623.34,-16.23,30.87,51.05,-0.35,-0.47,-0.59,31.7,0.88,-0.09,104,41.2,29.91,-6.47,98.6,10.4,1040.0,2,4,29.96,-4.03,-14.29,-24.03,-3.97,7.41
EMA_SAR_105_190_30m,30m,105,190,Stop-and-Reverse (SAR),10000.0,8374.27,-1625.73,-16.26,30.84,54.27,-0.4,-0.51,-0.55,22.9,0.81,-0.24,35,118.7,27.45,-10.98,95.6,3.5,350.0,3,3,14.8,-16.81,-18.78,-10.0,3.43,15.99
EMA_SAR_65_165_1h,1h,65,165,Stop-and-Reverse (SAR),10000.0,8374.21,-1625.79,-16.26,30.84,49.69,-0.48,-0.6,-0.61,19.2,0.8,-0.28,26,154.3,35.34,-10.27,92.4,2.6,260.0,3,3,17.51,-7.44,-23.83,-6.23,0.77,6.96
EMA_SAR_70_165_1h,1h,70,165,Stop-and-Reverse (SAR),10000.0,8372.44,-1627.56,-16.28,30.82,49.28,-0.48,-0.6,-0.61,19.2,0.8,-0.28,26,154.3,35.38,-9.97,92.4,2.6,260.0,2,4,17.25,-6.88,-23.77,-4.4,-1.01,6.29
EMA_SAR_125_160_30m,30m,125,160,Stop-and-Reverse (SAR),10000.0,8371.09,-1628.91,-16.29,30.81,52.27,-0.4,-0.51,-0.58,25.0,0.81,-0.23,36,116.2,27.63,-10.44,96.3,3.6,360.0,3,3,9.81,-17.18,-14.78,-9.48,2.69,16.2
EMA_SAR_100_180_30m,30m,100,180,Stop-and-Reverse (SAR),10000.0,8369.49,-1630.51,-16.31,30.79,52.83,-0.39,-0.5,-0.57,25.0,0.8,-0.25,40,104.1,27.44,-9.56,95.9,4.0,400.0,3,3,11.93,-15.01,-15.3,-12.89,0.97,18.09
EMA_SAR_35_190_30m,30m,35,190,Stop-and-Reverse (SAR),10000.0,8367.72,-1632.28,-16.32,30.78,49.18,-0.38,-0.5,-0.61,22.2,0.83,-0.17,63,65.9,27.21,-5.84,95.6,6.3,630.0,3,3,22.11,-14.69,-18.19,-9.7,0.62,8.07
EMA_SAR_35_140_1h,1h,35,140,Stop-and-Reverse (SAR),10000.0,8365.42,-1634.58,-16.35,30.75,49.68,-0.42,-0.55,-0.61,18.9,0.81,-0.24,37,109.8,27.7,-7.28,93.6,3.7,370.0,3,3,18.9,-11.37,-18.25,-10.02,4.56,3.21
EMA_SAR_45_160_5m,5m,45,160,Stop-and-Reverse (SAR),10000.0,8364.07,-1635.93,-16.36,30.74,42.76,-0.3,-0.39,-0.71,24.7,0.94,-0.02,376,11.5,23.81,-4.49,99.4,37.6,3760.0,3,3,15.1,12.79,-18.02,0.11,-19.75,-2.17
EMA_SAR_50_155_5m,5m,50,155,Stop-and-Reverse (SAR),10000.0,8362.9,-1637.1,-16.37,30.73,46.31,-0.3,-0.39,-0.65,25.8,0.94,-0.02,364,11.9,23.85,-4.49,99.4,36.4,3640.0,3,3,18.35,9.96,-17.16,1.5,-19.72,-4.79
EMA_SAR_100_170_1h,1h,100,170,Stop-and-Reverse (SAR),10000.0,8359.69,-1640.31,-16.4,30.7,46.31,-0.48,-0.6,-0.65,20.8,0.78,-0.36,24,166.8,33.76,-9.75,92.2,2.4,240.0,2,4,14.04,-6.15,-19.57,-4.18,-1.08,2.47
EMA_SAR_35_160_1h,1h,35,160,Stop-and-Reverse (SAR),10000.0,8357.38,-1642.62,-16.43,30.67,49.39,-0.44,-0.57,-0.61,17.6,0.8,-0.28,34,118.3,28.75,-7.14,92.7,3.4,340.0,3,3,15.16,-11.0,-18.47,-9.38,3.76,6.37
EMA_SAR_85_190_30m,30m,85,190,Stop-and-Reverse (SAR),10000.0,8355.88,-1644.12,-16.44,30.66,47.73,-0.4,-0.51,-0.64,26.5,0.81,-0.21,49,84.8,26.85,-7.27,95.6,4.9,490.0,2,4,8.93,-10.42,-15.42,-10.79,-0.69,14.27
EMA_SAR_25_140_30m,30m,25,140,Stop-and-Reverse (SAR),10000.0,8354.67,-1645.33,-16.45,30.65,46.66,-0.38,-0.5,-0.65,27.9,0.85,-0.12,86,48.9,28.69,-5.67,96.8,8.6,860.0,2,4,21.36,-10.0,-14.33,-10.07,-5.15,4.68
EMA_SAR_20_95_1h,1h,20,95,Stop-and-Reverse (SAR),10000.0,8353.98,-1646.02,-16.46,30.64,46.85,-0.39,-0.54,-0.65,25.4,0.83,-0.18,59,70.4,27.5,-5.71,95.6,5.9,590.0,3,3,19.38,-15.22,-11.18,-13.51,2.09,5.24
EMA_SAR_25_180_30m,30m,25,180,Stop-and-Reverse (SAR),10000.0,8349.4,-1650.6,-16.51,30.59,48.52,-0.39,-0.51,-0.63,26.1,0.84,-0.15,69,60.3,28.06,-5.46,95.9,6.9,690.0,3,3,22.75,-10.93,-19.62,-11.3,1.5,5.53
EMA_SAR_50_150_5m,5m,50,150,Stop-and-Reverse (SAR),10000.0,8346.08,-1653.92,-16.54,30.56,44.62,-0.3,-0.4,-0.68,25.8,0.94,-0.02,364,11.9,23.81,-4.49,99.4,36.4,3640.0,3,3,17.61,8.49,-14.67,0.67,-19.39,-5.53
EMA_SAR_85_130_1h,1h,85,130,Stop-and-Reverse (SAR),10000.0,8344.48,-1655.52,-16.56,30.54,48.91,-0.45,-0.59,-0.63,19.4,0.8,-0.27,31,131.7,34.43,-9.48,94.0,3.1,310.0,3,3,21.17,-12.85,-14.05,-12.19,2.61,2.04
EMA_SAR_120_160_1h,1h,120,160,Stop-and-Reverse (SAR),10000.0,8340.33,-1659.67,-16.6,30.5,43.45,-0.49,-0.61,-0.71,20.8,0.78,-0.38,24,167.6,32.54,-10.69,92.7,2.4,240.0,1,5,10.91,-7.5,-13.06,-4.79,-1.42,-0.38
EMA_SAR_140_150_1h,1h,140,150,Stop-and-Reverse (SAR),10000.0,8339.45,-1660.55,-16.61,30.49,47.45,-0.47,-0.59,-0.65,22.7,0.78,-0.42,22,183.8,32.41,-10.06,93.1,2.2,220.0,2,4,16.05,-6.45,-21.85,-1.57,-2.2,2.11
EMA_SAR_35_155_1h,1h,35,155,Stop-and-Reverse (SAR),10000.0,8337.99,-1662.01,-16.62,30.48,50.3,-0.44,-0.57,-0.61,19.4,0.81,-0.25,36,112.0,29.38,-7.28,92.9,3.6,360.0,3,3,20.72,-12.06,-17.5,-11.04,3.76,3.15
EMA_SAR_55_200_30m,30m,55,200,Stop-and-Reverse (SAR),10000.0,8327.81,-1672.19,-16.72,30.38,46.42,-0.41,-0.54,-0.66,29.4,0.81,-0.21,51,81.2,27.5,-6.35,95.4,5.1,510.0,3,3,9.81,-7.42,-15.31,-14.24,4.56,7.86
EMA_SAR_145_150_1h,1h,145,150,Stop-and-Reverse (SAR),10000.0,8323.85,-1676.15,-16.76,30.34,47.24,-0.48,-0.6,-0.65,22.7,0.77,-0.44,22,183.8,31.68,-10.6,93.1,2.2,220.0,2,4,15.13,-7.22,-20.81,-0.82,-2.93,2.21
EMA_SAR_40_55_1h,1h,40,55,Stop-and-Reverse (SAR),10000.0,8324.41,-1675.59,-16.76,30.34,47.99,-0.39,-0.53,-0.64,25.9,0.83,-0.2,54,78.4,26.11,-5.55,97.5,5.4,540.0,2,4,21.06,-20.87,-8.69,-9.6,-1.14,6.5
EMA_SAR_105_160_30m,30m,105,160,Stop-and-Reverse (SAR),10000.0,8319.87,-1680.13,-16.8,30.3,49.21,-0.41,-0.54,-0.63,26.2,0.8,-0.25,42,99.6,27.46,-7.66,96.3,4.2,420.0,2,4,10.22,-10.78,-13.94,-12.82,-3.7,17.09
EMA_SAR_105_180_1h,1h,105,180,Stop-and-Reverse (SAR),10000.0,8318.9,-1681.1,-16.81,30.29,44.9,-0.5,-0.62,-0.69,22.7,0.77,-0.42,22,181.0,33.24,-10.81,91.7,2.2,220.0,1,5,13.43,-7.92,-17.95,-2.3,-0.54,-0.11
EMA_SAR_40_135_1h,1h,40,135,Stop-and-Reverse (SAR),10000.0,8317.86,-1682.14,-16.82,30.28,53.69,-0.44,-0.58,-0.58,25.7,0.8,-0.27,35,116.4,26.93,-7.53,93.8,3.5,350.0,3,3,19.11,-13.31,-19.85,-12.99,3.77,11.31
EMA_SAR_25_160_30m,30m,25,160,Stop-and-Reverse (SAR),10000.0,8315.85,-1684.15,-16.84,30.26,44.02,-0.4,-0.53,-0.71,25.6,0.85,-0.13,82,51.0,29.08,-5.84,96.3,8.2,820.0,2,4,18.82,-9.92,-14.95,-7.82,-0.96,0.06
EMA_SAR_80_115_5m,5m,80,115,Stop-and-Reverse (SAR),10000.0,8315.04,-1684.96,-16.85,30.25,42.87,-0.31,-0.41,-0.72,26.6,0.94,-0.02,350,12.4,23.47,-4.6,99.6,35.0,3500.0,3,3,12.83,17.04,-21.3,6.37,-22.69,-2.7
EMA_SAR_75_195_30m,30m,75,195,Stop-and-Reverse (SAR),10000.0,8313.74,-1686.26,-16.86,30.24,44.02,-0.42,-0.54,-0.71,28.6,0.8,-0.22,49,84.7,27.35,-6.75,95.5,4.9,490.0,3,3,3.03,-9.39,-11.36,-12.41,0.95,13.63
EMA_SAR_90_170_1h,1h,90,170,Stop-and-Reverse (SAR),10000.0,8310.94,-1689.06,-16.89,30.21,46.73,-0.5,-0.64,-0.67,19.2,0.78,-0.35,26,154.0,33.43,-10.31,92.2,2.6,260.0,2,4,14.27,-7.04,-19.46,-3.76,-1.52,2.5
EMA_SAR_50_190_30m,30m,50,190,Stop-and-Reverse (SAR),10000.0,8311.08,-1688.92,-16.89,30.21,44.6,-0.4,-0.53,-0.7,30.2,0.82,-0.22,53,78.4,25.98,-6.35,95.6,5.3,530.0,3,3,11.37,-13.38,-8.18,-12.94,4.05,3.58
EMA_SAR_35_150_1h,1h,35,150,Stop-and-Reverse (SAR),10000.0,8308.9,-1691.1,-16.91,30.19,51.18,-0.45,-0.59,-0.61,18.9,0.81,-0.25,37,109.3,28.43,-7.59,93.1,3.7,370.0,3,3,23.77,-13.88,-17.92,-10.52,3.99,2.07
EMA_SAR_60_175_1h,1h,60,175,Stop-and-Reverse (SAR),10000.0,8306.88,-1693.12,-16.93,30.17,49.08,-0.51,-0.65,-0.64,19.2,0.79,-0.31,26,153.6,35.35,-10.27,92.0,2.6,260.0,3,3,16.52,-7.44,-22.97,-6.48,1.12,5.73
EMA_SAR_25_160_1h,1h,25,160,Stop-and-Reverse (SAR),10000.0,8306.35,-1693.65,-16.94,30.16,46.92,-0.46,-0.6,-0.67,15.8,0.81,-0.25,38,105.9,29.34,-7.04,92.7,3.8,380.0,2,4,16.91,-10.43,-20.01,-7.62,7.8,-0.42
EMA_SAR_80_175_30m,30m,80,175,Stop-and-Reverse (SAR),10000.0,8300.68,-1699.32,-16.99,30.11,47.24,-0.41,-0.53,-0.66,25.0,0.8,-0.22,52,80.2,24.94,-6.66,96.0,5.2,520.0,3,3,6.84,-14.0,-12.55,-11.73,2.81,13.82
EMA_SAR_10_115_1h,1h,10,115,Stop-and-Reverse (SAR),10000.0,8296.98,-1703.02,-17.03,30.07,46.33,-0.43,-0.58,-0.68,19.0,0.82,-0.14,79,52.1,28.29,-5.46,94.7,7.9,790.0,3,3,18.9,-6.06,-23.92,-7.45,0.6,4.87
EMA_SAR_70_195_1h,1h,70,195,Stop-and-Reverse (SAR),10000.0,8296.69,-1703.31,-17.03,30.07,46.19,-0.51,-0.64,-0.68,19.2,0.79,-0.35,26,152.0,33.5,-10.81,91.0,2.6,260.0,2,4,15.1,-7.97,-18.91,-3.81,-0.27,0.7
EMA_SAR_75_180_1h,1h,75,180,Stop-and-Reverse (SAR),10000.0,8293.08,-1706.92,-17.07,30.03,46.28,-0.51,-0.65,-0.68,19.2,0.79,-0.34,26,153.2,34.02,-9.8,91.7,2.6,260.0,2,4,13.77,-6.3,-19.63,-4.45,-0.63,1.94
EMA_SAR_105_195_30m,30m,105,195,Stop-and-Reverse (SAR),10000.0,8288.85,-1711.15,-17.11,29.99,54.79,-0.44,-0.56,-0.58,24.2,0.8,-0.29,33,125.7,26.98,-10.98,95.5,3.3,330.0,3,3,15.02,-16.1,-19.38,-10.79,3.05,15.89
EMA_SAR_30_115_30m,30m,30,115,Stop-and-Reverse (SAR),10000.0,8287.5,-1712.5,-17.12,29.98,47.17,-0.4,-0.53,-0.67,29.3,0.85,-0.12,92,46.0,29.0,-5.82,97.4,9.2,920.0,2,4,23.78,-13.23,-12.0,-12.22,-3.95,4.01
EMA_SAR_105_155_30m,30m,105,155,Stop-and-Reverse (SAR),10000.0,8284.23,-1715.77,-17.16,29.94,49.45,-0.43,-0.56,-0.64,29.5,0.8,-0.25,44,95.2,27.56,-7.52,96.4,4.4,440.0,2,4,9.76,-10.97,-13.76,-14.34,-1.18,16.14
EMA_SAR_125_155_30m,30m,125,155,Stop-and-Reverse (SAR),10000.0,8281.05,-1718.95,-17.19,29.91,51.3,-0.43,-0.55,-0.62,28.9,0.8,-0.27,38,110.2,27.69,-11.26,96.4,3.8,380.0,3,3,7.85,-18.37,-12.33,-9.23,1.32,16.68
EMA_SAR_75_175_1h,1h,75,175,Stop-and-Reverse (SAR),10000.0,8275.08,-1724.92,-17.25,29.85,46.93,-0.52,-0.66,-0.68,19.2,0.78,-0.34,26,153.6,34.02,-9.8,92.0,2.6,260.0,2,4,11.99,-6.3,-19.76,-4.8,-1.26,4.55
EMA_SAR_55_105_1h,1h,55,105,Stop-and-Reverse (SAR),10000.0,8274.22,-1725.78,-17.26,29.84,54.9,-0.46,-0.59,-0.58,24.2,0.8,-0.29,33,125.2,27.49,-9.96,95.2,3.3,330.0,3,3,15.01,-14.65,-19.64,-13.15,2.99,17.26
EMA_SAR_35_145_1h,1h,35,145,Stop-and-Reverse (SAR),10000.0,8273.05,-1726.95,-17.27,29.83,51.16,-0.47,-0.61,-0.62,18.9,0.81,-0.27,37,109.5,28.42,-7.59,93.3,3.7,370.0,3,3,21.59,-13.88,-18.19,-10.33,4.14,3.41
EMA_SAR_105_175_1h,1h,105,175,Stop-and-Reverse (SAR),10000.0,8268.69,-1731.31,-17.31,29.79,44.17,-0.53,-0.65,-0.72,20.8,0.77,-0.4,24,166.4,33.24,-10.69,92.0,2.4,240.0,1,5,11.66,-7.65,-18.75,-0.91,-0.02,-0.38
EMA_SAR_25_120_30m,30m,25,120,Stop-and-Reverse (SAR),10000.0,8262.38,-1737.62,-17.38,29.72,48.36,-0.41,-0.54,-0.66,28.4,0.85,-0.13,88,48.0,29.23,-5.67,97.2,8.8,880.0,2,4,24.93,-10.59,-16.92,-9.32,-6.39,4.88
EMA_SAR_35_170_30m,30m,35,170,Stop-and-Reverse (SAR),10000.0,8260.22,-1739.78,-17.4,29.7,51.84,-0.42,-0.56,-0.62,23.1,0.83,-0.17,65,64.2,27.74,-5.84,96.1,6.5,650.0,3,3,27.09,-18.2,-16.42,-12.01,0.11,7.91
EMA_SAR_35_115_1h,1h,35,115,Stop-and-Reverse (SAR),10000.0,8251.75,-1748.25,-17.48,29.62,50.03,-0.47,-0.61,-0.64,23.3,0.79,-0.25,43,95.7,27.23,-7.01,94.7,4.3,430.0,3,3,9.48,-10.63,-17.68,-13.65,7.01,10.88
EMA_SAR_100_185_1h,1h,100,185,Stop-and-Reverse (SAR),10000.0,8250.18,-1749.82,-17.5,29.6,45.49,-0.54,-0.66,-0.71,20.8,0.77,-0.42,24,165.5,33.24,-10.81,91.5,2.4,240.0,2,4,13.82,-7.92,-20.98,0.24,-0.48,-0.14
EMA_SAR_45_105_1h,1h,45,105,Stop-and-Reverse (SAR),10000.0,8249.23,-1750.77,-17.51,29.59,53.46,-0.47,-0.6,-0.6,21.6,0.8,-0.26,37,111.7,27.21,-11.26,95.2,3.7,370.0,3,3,13.35,-17.29,-18.97,-9.36,4.34,14.83
EMA_SAR_100_195_30m,30m,100,195,Stop-and-Reverse (SAR),10000.0,8248.22,-1751.78,-17.52,29.58,53.88,-0.45,-0.58,-0.6,22.9,0.79,-0.28,35,118.5,26.83,-11.26,95.5,3.5,350.0,3,3,12.3,-17.21,-18.93,-8.58,3.63,15.5
EMA_SAR_35_175_30m,30m,35,175,Stop-and-Reverse (SAR),10000.0,8238.29,-1761.71,-17.62,29.48,50.3,-0.44,-0.58,-0.64,21.5,0.82,-0.18,65,64.1,28.61,-5.84,96.0,6.5,650.0,2,4,25.32,-12.17,-19.59,-12.13,-0.24,6.19
EMA_SAR_55_85_1h,1h,55,85,Stop-and-Reverse (SAR),10000.0,8237.16,-1762.84,-17.63,29.47,52.42,-0.46,-0.6,-0.62,25.0,0.79,-0.28,40,104.3,27.57,-11.26,96.1,4.0,400.0,3,3,10.23,-18.48,-14.28,-11.1,2.52,17.34
EMA_SAR_80_135_1h,1h,80,135,Stop-and-Reverse (SAR),10000.0,8234.59,-1765.41,-17.65,29.45,49.65,-0.5,-0.66,-0.65,19.4,0.79,-0.31,31,131.4,34.44,-9.66,93.8,3.1,310.0,3,3,22.52,-13.2,-12.93,-12.19,0.22,1.06
EMA_SAR_75_185_1h,1h,75,185,Stop-and-Reverse (SAR),10000.0,8228.65,-1771.35,-17.71,29.39,46.4,-0.55,-0.69,-0.7,19.2,0.78,-0.38,26,152.8,33.5,-10.81,91.5,2.6,260.0,2,4,14.55,-7.97,-18.6,-4.2,-0.64,0.75
EMA_SAR_95_180_30m,30m,95,180,Stop-and-Reverse (SAR),10000.0,8218.82,-1781.18,-17.81,29.29,50.17,-0.46,-0.59,-0.65,25.0,0.79,-0.27,44,94.6,27.38,-7.66,95.9,4.4,440.0,2,4,11.31,-11.44,-14.81,-13.54,-2.43,16.02
EMA_SAR_90_165_1h,1h,90,165,Stop-and-Reverse (SAR),10000.0,8216.74,-1783.26,-17.83,29.27,46.41,-0.55,-0.7,-0.7,19.2,0.77,-0.38,26,154.3,33.43,-10.31,92.4,2.6,260.0,2,4,12.36,-7.04,-18.05,-4.85,-1.52,2.45
EMA_SAR_95_170_1h,1h,95,170,Stop-and-Reverse (SAR),10000.0,8216.48,-1783.52,-17.84,29.26,47.03,-0.55,-0.69,-0.7,20.8,0.76,-0.43,24,166.8,33.27,-10.15,92.2,2.4,240.0,2,4,13.49,-6.74,-20.06,-4.43,-0.88,2.51
EMA_SAR_5_125_1h,1h,5,125,Stop-and-Reverse (SAR),10000.0,8214.87,-1785.13,-17.85,29.25,45.73,-0.47,-0.64,-0.72,20.2,0.83,-0.12,99,41.3,28.13,-5.46,94.3,9.9,990.0,3,3,21.14,4.27,-25.95,-11.16,-1.6,0.47
EMA_SAR_40_105_1h,1h,40,105,Stop-and-Reverse (SAR),10000.0,8212.11,-1787.89,-17.88,29.22,50.59,-0.47,-0.63,-0.65,22.4,0.79,-0.25,49,84.3,27.22,-7.27,95.2,4.9,490.0,3,3,11.45,-9.82,-17.96,-13.53,2.37,12.52
EMA_SAR_135_145_30m,30m,135,145,Stop-and-Reverse (SAR),10000.0,8211.78,-1788.22,-17.88,29.22,51.23,-0.46,-0.59,-0.64,26.3,0.79,-0.29,38,110.5,27.69,-10.44,96.7,3.8,380.0,3,3,6.54,-17.31,-13.23,-9.59,1.83,16.68
EMA_SAR_80_110_30m,30m,80,110,Stop-and-Reverse (SAR),10000.0,8212.26,-1787.74,-17.88,29.22,51.42,-0.43,-0.56,-0.64,26.9,0.81,-0.23,52,81.4,26.11,-6.93,97.5,5.2,520.0,3,3,19.0,-19.35,-10.88,-15.07,4.64,8.05
EMA_SAR_75_175_30m,30m,75,175,Stop-and-Reverse (SAR),10000.0,8210.61,-1789.39,-17.89,29.21,46.28,-0.45,-0.58,-0.71,28.8,0.8,-0.24,52,80.2,24.61,-6.87,96.0,5.2,520.0,3,3,8.89,-12.27,-12.43,-12.01,3.04,8.25
EMA_SAR_25_175_30m,30m,25,175,Stop-and-Reverse (SAR),10000.0,8210.13,-1789.87,-17.9,29.2,46.71,-0.45,-0.59,-0.7,24.7,0.83,-0.16,73,57.1,28.52,-5.46,96.0,7.3,730.0,3,3,22.12,-9.56,-18.2,-10.02,0.32,0.68
EMA_SAR_40_175_5m,5m,40,175,Stop-and-Reverse (SAR),10000.0,8208.73,-1791.27,-17.91,29.19,45.5,-0.36,-0.48,-0.72,22.8,0.94,-0.02,386,11.2,23.78,-4.44,99.3,38.6,3860.0,3,3,16.65,10.22,-17.66,0.84,-19.73,-4.2
EMA_SAR_15_195_30m,30m,15,195,Stop-and-Reverse (SAR),10000.0,8205.89,-1794.11,-17.94,29.16,43.57,-0.46,-0.6,-0.75,25.3,0.83,-0.13,91,45.6,28.4,-5.46,95.5,9.1,910.0,1,5,17.39,-3.46,-19.51,-8.81,-0.35,-1.0
EMA_SAR_25_100_1h,1h,25,100,Stop-and-Reverse (SAR),10000.0,8204.79,-1795.21,-17.95,29.15,43.36,-0.46,-0.62,-0.76,29.1,0.81,-0.23,55,75.3,26.63,-5.15,95.4,5.5,550.0,2,4,12.27,-11.09,-13.39,-9.23,4.6,-0.04
EMA_SAR_25_130_30m,30m,25,130,Stop-and-Reverse (SAR),10000.0,8201.15,-1798.85,-17.99,29.11,47.55,-0.44,-0.58,-0.69,27.8,0.85,-0.13,90,46.8,29.44,-5.82,97.0,9.0,900.0,2,4,24.66,-10.12,-16.38,-10.55,-4.73,2.71
EMA_SAR_35_55_1h,1h,35,55,Stop-and-Reverse (SAR),10000.0,8198.18,-1801.82,-18.02,29.08,47.49,-0.44,-0.61,-0.7,26.8,0.81,-0.23,56,75.6,27.04,-5.55,97.5,5.6,560.0,2,4,19.13,-19.47,-7.93,-10.66,-3.18,7.3
EMA_SAR_30_180_30m,30m,30,180,Stop-and-Reverse (SAR),10000.0,8195.92,-1804.08,-18.04,29.06,48.69,-0.45,-0.6,-0.68,22.5,0.82,-0.17,71,58.6,28.44,-6.46,95.9,7.1,710.0,2,4,22.54,-11.63,-19.6,-9.43,-0.63,4.6
EMA_SAR_110_150_30m,30m,110,150,Stop-and-Reverse (SAR),10000.0,8195.79,-1804.21,-18.04,29.06,48.82,-0.46,-0.61,-0.68,31.0,0.79,-0.29,42,99.8,27.56,-7.66,96.6,4.2,420.0,2,4,8.57,-11.28,-12.63,-14.42,-2.05,16.18
EMA_SAR_85_175_30m,30m,85,175,Stop-and-Reverse (SAR),10000.0,8196.17,-1803.83,-18.04,29.06,46.31,-0.47,-0.61,-0.71,28.0,0.79,-0.24,50,83.4,27.01,-7.0,96.0,5.0,500.0,3,3,4.6,-10.21,-13.78,-12.48,2.87,12.41
EMA_SAR_100_190_1h,1h,100,190,Stop-and-Reverse (SAR),10000.0,8195.09,-1804.91,-18.05,29.05,46.41,-0.56,-0.69,-0.71,22.7,0.76,-0.49,22,180.1,33.24,-10.81,91.3,2.2,220.0,1,5,14.88,-7.92,-21.01,-1.32,-0.51,-0.11
EMA_SAR_75_200_30m,30m,75,200,Stop-and-Reverse (SAR),10000.0,8195.44,-1804.56,-18.05,29.05,45.83,-0.47,-0.61,-0.72,26.5,0.79,-0.25,49,84.6,27.34,-6.78,95.4,4.9,490.0,3,3,4.37,-9.96,-12.95,-13.14,1.53,13.62
EMA_SAR_35_185_30m,30m,35,185,Stop-and-Reverse (SAR),10000.0,8194.11,-1805.89,-18.06,29.04,50.63,-0.46,-0.6,-0.65,23.1,0.81,-0.19,65,64.0,26.98,-5.84,95.8,6.5,650.0,3,3,21.41,-14.41,-20.63,-9.89,0.98,9.18
EMA_SAR_110_190_30m,30m,110,190,Stop-and-Reverse (SAR),10000.0,8190.24,-1809.76,-18.1,29.0,55.17,-0.48,-0.62,-0.6,24.2,0.79,-0.32,33,125.9,26.98,-10.44,95.6,3.3,330.0,3,3,14.12,-15.16,-20.05,-10.92,2.04,16.4
EMA_SAR_45_95_30m,30m,45,95,Stop-and-Reverse (SAR),10000.0,8190.05,-1809.95,-18.1,29.0,47.56,-0.44,-0.58,-0.7,30.0,0.84,-0.15,80,53.1,29.82,-5.55,97.8,8.0,800.0,2,4,23.61,-9.37,-16.72,-12.55,-2.84,3.32
EMA_SAR_140_180_1h,1h,140,180,Stop-and-Reverse (SAR),10000.0,8189.49,-1810.51,-18.11,28.99,46.08,-0.55,-0.68,-0.72,27.8,0.75,-0.57,18,221.3,32.25,-12.15,91.7,1.8,180.0,3,3,6.71,-5.36,-23.5,4.25,-3.95,5.87
EMA_SAR_130_150_30m,30m,130,150,Stop-and-Reverse (SAR),10000.0,8188.99,-1811.01,-18.11,28.99,51.5,-0.47,-0.6,-0.64,28.9,0.79,-0.3,38,110.4,27.69,-11.26,96.6,3.8,380.0,3,3,6.84,-18.91,-12.02,-9.59,1.83,16.68
EMA_SAR_90_100_1h,1h,90,100,Stop-and-Reverse (SAR),10000.0,8187.97,-1812.03,-18.12,28.98,51.89,-0.5,-0.66,-0.64,23.5,0.79,-0.31,34,121.9,28.75,-9.93,95.4,3.4,340.0,3,3,16.9,-15.81,-18.04,-10.72,5.29,7.98
EMA_SAR_25_195_30m,30m,25,195,Stop-and-Reverse (SAR),10000.0,8185.03,-1814.97,-18.15,28.95,48.63,-0.46,-0.61,-0.68,23.9,0.82,-0.18,71,58.4,27.3,-5.6,95.5,7.1,710.0,3,3,21.85,-12.56,-21.06,-7.22,0.62,4.24
EMA_SAR_45_155_5m,5m,45,155,Stop-and-Reverse (SAR),10000.0,8180.56,-1819.44,-18.19,28.91,42.52,-0.37,-0.49,-0.78,24.5,0.93,-0.03,376,11.5,23.88,-5.38,99.4,37.6,3760.0,3,3,10.74,15.05,-18.02,1.66,-20.95,-2.54
EMA_SAR_70_180_1h,1h,70,180,Stop-and-Reverse (SAR),10000.0,8178.64,-1821.36,-18.21,28.89,48.34,-0.57,-0.72,-0.69,19.2,0.77,-0.39,26,153.2,34.06,-9.87,91.7,2.6,260.0,2,4,13.77,-6.49,-21.87,-5.14,-0.74,4.49
EMA_SAR_5_175_30m,30m,5,175,Stop-and-Reverse (SAR),10000.0,8179.37,-1820.63,-18.21,28.89,43.36,-0.46,-0.62,-0.77,21.5,0.86,-0.08,149,28.0,29.05,-4.63,96.0,14.9,1490.0,1,5,17.65,-5.97,-15.61,-1.65,-4.61,-6.61
EMA_SAR_95_165_1h,1h,95,165,Stop-and-Reverse (SAR),10000.0,8174.94,-1825.06,-18.25,28.85,48.07,-0.57,-0.72,-0.69,20.8,0.76,-0.44,24,167.2,33.27,-10.15,92.4,2.4,240.0,2,4,11.6,-6.74,-21.02,-4.62,-1.44,5.8
EMA_SAR_55_140_5m,5m,55,140,Stop-and-Reverse (SAR),10000.0,8170.73,-1829.27,-18.29,28.81,42.73,-0.37,-0.49,-0.78,26.7,0.93,-0.02,360,12.0,23.81,-5.02,99.5,36.0,3600.0,3,3,9.89,15.36,-19.14,3.57,-20.93,-2.67
EMA_SAR_60_70_1h,1h,60,70,Stop-and-Reverse (SAR),10000.0,8169.3,-1830.7,-18.31,28.79,48.9,-0.47,-0.64,-0.68,27.3,0.78,-0.3,44,95.5,25.56,-7.52,96.8,4.4,440.0,2,4,9.44,-14.4,-12.55,-11.17,-3.47,16.3
EMA_SAR_25_150_30m,30m,25,150,Stop-and-Reverse (SAR),10000.0,8161.69,-1838.31,-18.38,28.72,46.1,-0.46,-0.62,-0.73,29.8,0.83,-0.15,84,49.9,28.36,-5.84,96.6,8.4,840.0,2,4,17.06,-11.49,-15.48,-7.61,-2.64,3.61
EMA_SAR_5_110_1h,1h,5,110,Stop-and-Reverse (SAR),10000.0,8160.55,-1839.45,-18.39,28.71,44.98,-0.49,-0.66,-0.75,23.7,0.83,-0.13,97,42.5,27.71,-5.46,95.0,9.7,970.0,2,4,20.44,-4.85,-22.68,-6.98,0.31,-1.3
EMA_SAR_5_105_1h,1h,5,105,Stop-and-Reverse (SAR),10000.0,8160.83,-1839.17,-18.39,28.71,45.54,-0.49,-0.66,-0.74,24.8,0.84,-0.13,101,40.9,27.68,-5.46,95.2,10.1,1010.0,2,4,21.55,-4.31,-22.43,-6.37,2.34,-5.61
EMA_SAR_135_155_1h,1h,135,155,Stop-and-Reverse (SAR),10000.0,8160.01,-1839.99,-18.4,28.7,47.34,-0.56,-0.7,-0.71,22.7,0.75,-0.52,22,183.3,32.41,-10.06,92.9,2.2,220.0,2,4,13.31,-6.45,-21.68,-1.57,-2.2,2.11
EMA_SAR_110_180_1h,1h,110,180,Stop-and-Reverse (SAR),10000.0,8157.87,-1842.13,-18.42,28.68,45.84,-0.58,-0.71,-0.73,22.7,0.75,-0.51,22,181.0,32.86,-10.4,91.7,2.2,220.0,2,4,11.49,-7.12,-17.61,-3.65,-1.87,1.14
EMA_SAR_55_185_30m,30m,55,185,Stop-and-Reverse (SAR),10000.0,8153.4,-1846.6,-18.47,28.63,44.81,-0.47,-0.62,-0.75,28.3,0.8,-0.25,53,78.5,25.39,-6.35,95.8,5.3,530.0,3,3,9.61,-15.22,-8.14,-11.06,3.99,3.28
EMA_SAR_115_145_30m,30m,115,145,Stop-and-Reverse (SAR),10000.0,8151.96,-1848.04,-18.48,28.62,49.04,-0.48,-0.63,-0.69,31.0,0.78,-0.3,42,100.0,27.6,-7.66,96.7,4.2,420.0,2,4,8.47,-11.0,-13.39,-14.36,-1.95,16.12
EMA_SAR_25_145_30m,30m,25,145,Stop-and-Reverse (SAR),10000.0,8146.7,-1853.3,-18.53,28.57,45.67,-0.47,-0.63,-0.74,28.4,0.83,-0.15,88,47.7,28.38,-5.84,96.7,8.8,880.0,2,4,17.08,-11.21,-12.32,-8.33,-6.43,4.21
EMA_SAR_60_130_5m,5m,60,130,Stop-and-Reverse (SAR),10000.0,8147.27,-1852.73,-18.53,28.57,44.75,-0.38,-0.51,-0.76,26.7,0.93,-0.02,356,12.1,23.88,-5.02,99.5,35.6,3560.0,3,3,12.37,17.97,-20.12,2.13,-22.58,-2.69
EMA_SAR_95_190_1h,1h,95,190,Stop-and-Reverse (SAR),10000.0,8144.66,-1855.34,-18.55,28.55,46.52,-0.59,-0.72,-0.73,20.8,0.76,-0.47,24,165.1,33.21,-10.81,91.3,2.4,240.0,1,5,14.79,-7.91,-21.34,-1.13,-0.56,-0.38
EMA_SAR_90_185_30m,30m,90,185,Stop-and-Reverse (SAR),10000.0,8145.22,-1854.78,-18.55,28.55,50.98,-0.49,-0.64,-0.66,27.9,0.78,-0.3,43,96.7,26.76,-7.52,95.8,4.3,430.0,2,4,11.42,-10.94,-17.26,-12.53,-2.34,16.12
EMA_SAR_5_130_1h,1h,5,130,Stop-and-Reverse (SAR),10000.0,8145.17,-1854.83,-18.55,28.55,46.63,-0.51,-0.69,-0.73,16.3,0.83,-0.13,104,39.3,28.22,-5.46,94.0,10.4,1040.0,3,3,22.07,3.92,-23.86,-13.87,-2.21,0.13
EMA_SAR_85_110_5m,5m,85,110,Stop-and-Reverse (SAR),10000.0,8143.87,-1856.13,-18.56,28.54,43.49,-0.38,-0.5,-0.78,26.4,0.93,-0.02,348,12.4,23.47,-4.6,99.6,34.8,3480.0,3,3,11.53,15.33,-22.54,6.77,-22.47,-1.26
EMA_SAR_120_170_30m,30m,120,170,Stop-and-Reverse (SAR),10000.0,8142.21,-1857.79,-18.58,28.52,53.65,-0.5,-0.64,-0.63,22.2,0.78,-0.31,36,115.9,27.36,-10.44,96.1,3.6,360.0,3,3,11.54,-16.39,-16.94,-10.08,2.08,14.51
EMA_SAR_55_100_1h,1h,55,100,Stop-and-Reverse (SAR),10000.0,8140.32,-1859.68,-18.6,28.5,54.45,-0.52,-0.67,-0.62,24.2,0.78,-0.35,33,125.5,26.62,-9.96,95.4,3.3,330.0,3,3,14.83,-14.7,-19.77,-12.18,3.09,14.41
EMA_SAR_85_185_30m,30m,85,185,Stop-and-Reverse (SAR),10000.0,8136.34,-1863.66,-18.64,28.46,47.23,-0.49,-0.64,-0.72,27.7,0.79,-0.28,47,88.5,26.95,-7.47,95.8,4.7,470.0,2,4,7.97,-10.51,-14.05,-12.42,-1.06,13.07
EMA_SAR_25_200_30m,30m,25,200,Stop-and-Reverse (SAR),10000.0,8134.2,-1865.8,-18.66,28.44,48.65,-0.49,-0.64,-0.7,23.9,0.81,-0.18,71,58.4,27.54,-5.6,95.4,7.1,710.0,3,3,21.82,-11.33,-20.72,-9.04,0.02,4.4
EMA_SAR_95_160_30m,30m,95,160,Stop-and-Reverse (SAR),10000.0,8132.91,-1867.09,-18.67,28.43,49.13,-0.49,-0.63,-0.69,29.2,0.78,-0.28,48,87.2,25.5,-7.47,96.3,4.8,480.0,3,3,8.16,-14.24,-13.86,-12.92,1.18,15.53
EMA_SAR_100_175_1h,1h,100,175,Stop-and-Reverse (SAR),10000.0,8132.81,-1867.19,-18.67,28.43,46.58,-0.59,-0.73,-0.73,20.8,0.76,-0.46,24,166.4,33.87,-9.8,92.0,2.4,240.0,2,4,11.58,-6.26,-20.76,-3.68,-0.57,2.47
EMA_SAR_50_90_1h,1h,50,90,Stop-and-Reverse (SAR),10000.0,8130.09,-1869.91,-18.7,28.4,54.19,-0.51,-0.66,-0.63,25.0,0.78,-0.31,40,104.1,27.57,-11.26,95.9,4.0,400.0,3,3,12.05,-17.91,-16.32,-13.07,2.19,18.91
EMA_SAR_130_155_30m,30m,130,155,Stop-and-Reverse (SAR),10000.0,8130.31,-1869.69,-18.7,28.4,52.86,-0.5,-0.65,-0.65,25.0,0.78,-0.31,36,116.3,27.58,-10.44,96.4,3.6,360.0,3,3,7.98,-18.04,-15.1,-9.31,2.69,16.2
EMA_SAR_60_135_5m,5m,60,135,Stop-and-Reverse (SAR),10000.0,8128.98,-1871.02,-18.71,28.39,42.74,-0.39,-0.52,-0.8,25.8,0.93,-0.02,360,12.0,23.66,-4.49,99.5,36.0,3600.0,3,3,13.26,17.09,-20.97,3.64,-22.06,-3.98
EMA_SAR_140_155_1h,1h,140,155,Stop-and-Reverse (SAR),10000.0,8127.13,-1872.87,-18.73,28.37,47.24,-0.58,-0.72,-0.72,22.7,0.75,-0.54,22,183.3,31.68,-10.6,92.9,2.2,220.0,2,4,12.41,-7.22,-20.81,-0.82,-2.93,2.21
EMA_SAR_30_80_1h,1h,30,80,Stop-and-Reverse (SAR),10000.0,8123.27,-1876.73,-18.77,28.33,48.26,-0.49,-0.66,-0.71,29.6,0.8,-0.25,54,77.5,24.46,-5.56,96.3,5.4,540.0,3,3,11.78,-23.14,-7.97,-9.26,5.64,7.18
EMA_SAR_100_180_1h,1h,100,180,Stop-and-Reverse (SAR),10000.0,8123.06,-1876.94,-18.77,28.33,45.98,-0.6,-0.74,-0.74,20.8,0.76,-0.48,24,166.0,33.87,-10.54,91.7,2.4,240.0,1,5,13.35,-6.26,-21.78,-1.34,-0.56,-0.38
EMA_SAR_80_180_30m,30m,80,180,Stop-and-Reverse (SAR),10000.0,8113.14,-1886.86,-18.87,28.23,45.93,-0.51,-0.66,-0.75,26.4,0.78,-0.25,53,78.6,26.85,-7.0,95.9,5.3,530.0,3,3,3.62,-11.11,-12.0,-13.03,2.84,11.91
EMA_SAR_25_170_30m,30m,25,170,Stop-and-Reverse (SAR),10000.0,8111.32,-1888.68,-18.89,28.21,47.6,-0.49,-0.65,-0.72,24.7,0.83,-0.16,81,51.5,28.83,-5.46,96.1,8.1,810.0,2,4,22.01,-10.48,-17.79,-9.95,-2.26,2.64
EMA_SAR_40_85_1h,1h,40,85,Stop-and-Reverse (SAR),10000.0,8107.18,-1892.82,-18.93,28.17,45.39,-0.5,-0.67,-0.76,23.1,0.78,-0.27,52,80.2,25.69,-6.44,96.1,5.2,520.0,3,3,6.79,-11.8,-12.08,-12.65,2.51,9.34
EMA_SAR_35_165_30m,30m,35,165,Stop-and-Reverse (SAR),10000.0,8104.81,-1895.19,-18.95,28.15,50.5,-0.49,-0.65,-0.68,21.5,0.81,-0.2,65,64.3,28.82,-5.84,96.2,6.5,650.0,3,3,22.85,-17.42,-15.28,-12.36,0.98,6.54
EMA_SAR_125_165_30m,30m,125,165,Stop-and-Reverse (SAR),10000.0,8104.97,-1895.03,-18.95,28.15,54.11,-0.52,-0.67,-0.64,22.2,0.78,-0.32,36,116.1,27.5,-10.44,96.2,3.6,360.0,3,3,12.22,-16.29,-17.2,-11.05,2.31,14.51
EMA_SAR_55_135_5m,5m,55,135,Stop-and-Reverse (SAR),10000.0,8097.37,-1902.63,-19.03,28.07,44.65,-0.4,-0.53,-0.78,25.4,0.93,-0.03,374,11.6,23.97,-5.02,99.5,37.4,3740.0,3,3,9.99,18.61,-18.76,1.54,-21.4,-4.28
EMA_SAR_85_105_30m,30m,85,105,Stop-and-Reverse (SAR),10000.0,8095.62,-1904.38,-19.04,28.06,51.18,-0.48,-0.63,-0.68,28.8,0.8,-0.26,52,81.5,26.03,-6.93,97.6,5.2,520.0,3,3,18.56,-18.95,-11.2,-14.77,4.81,6.21
EMA_SAR_35_190_5m,5m,35,190,Stop-and-Reverse (SAR),10000.0,8093.66,-1906.34,-19.06,28.04,46.66,-0.41,-0.55,-0.74,23.2,0.93,-0.02,392,11.0,23.56,-4.44,99.3,39.2,3920.0,2,4,15.99,7.65,-15.5,-1.96,-21.51,-0.33
EMA_SAR_150_170_1h,1h,150,170,Stop-and-Reverse (SAR),10000.0,8090.59,-1909.41,-19.09,28.01,47.25,-0.6,-0.75,-0.74,25.0,0.74,-0.6,20,200.2,32.25,-9.33,92.2,2.0,200.0,3,3,7.75,-5.36,-25.16,4.25,-3.95,5.87
EMA_SAR_140_170_1h,1h,140,170,Stop-and-Reverse (SAR),10000.0,8090.25,-1909.75,-19.1,28.0,46.44,-0.6,-0.75,-0.75,25.0,0.74,-0.61,20,200.2,31.77,-9.08,92.2,2.0,200.0,3,3,8.34,-4.26,-25.25,5.33,-4.55,3.78
EMA_SAR_65_150_1h,1h,65,150,Stop-and-Reverse (SAR),10000.0,8088.44,-1911.56,-19.12,27.98,49.74,-0.57,-0.74,-0.7,17.1,0.77,-0.32,35,115.5,34.45,-9.93,93.1,3.5,350.0,3,3,21.02,-13.6,-16.9,-8.55,1.13,0.65
EMA_SAR_55_95_1h,1h,55,95,Stop-and-Reverse (SAR),10000.0,8084.29,-1915.71,-19.16,27.94,54.95,-0.54,-0.7,-0.63,24.2,0.78,-0.36,33,125.8,26.96,-11.13,95.6,3.3,330.0,3,3,14.72,-17.3,-18.94,-11.05,2.78,14.99
EMA_SAR_50_105_1h,1h,50,105,Stop-and-Reverse (SAR),10000.0,8083.12,-1916.88,-19.17,27.93,55.1,-0.54,-0.7,-0.63,24.2,0.77,-0.36,33,125.2,26.48,-11.13,95.2,3.3,330.0,3,3,14.75,-17.3,-18.55,-11.43,2.37,15.34
EMA_SAR_40_160_30m,30m,40,160,Stop-and-Reverse (SAR),10000.0,8080.01,-1919.99,-19.2,27.9,50.26,-0.5,-0.66,-0.7,24.2,0.81,-0.21,62,67.5,29.0,-5.56,96.3,6.2,620.0,3,3,25.31,-19.22,-13.57,-11.45,0.12,4.16
EMA_SAR_125_180_30m,30m,125,180,Stop-and-Reverse (SAR),10000.0,8079.27,-1920.73,-19.21,27.89,56.02,-0.53,-0.68,-0.62,23.5,0.78,-0.35,34,122.5,27.06,-9.96,95.9,3.4,340.0,3,3,14.48,-15.17,-20.56,-12.59,2.69,16.67
EMA_SAR_35_115_30m,30m,35,115,Stop-and-Reverse (SAR),10000.0,8075.59,-1924.41,-19.24,27.86,48.41,-0.49,-0.66,-0.72,29.3,0.83,-0.17,82,51.6,28.7,-5.84,97.4,8.2,820.0,2,4,20.96,-13.51,-16.41,-10.31,-3.12,6.27
EMA_SAR_135_150_1h,1h,135,150,Stop-and-Reverse (SAR),10000.0,8071.91,-1928.09,-19.28,27.82,48.5,-0.6,-0.75,-0.72,22.7,0.74,-0.57,22,183.8,32.16,-10.27,93.1,2.2,220.0,2,4,16.05,-6.7,-22.15,-4.99,-0.06,0.85
EMA_SAR_120_170_1h,1h,120,170,Stop-and-Reverse (SAR),10000.0,8070.56,-1929.44,-19.29,27.81,46.74,-0.62,-0.76,-0.75,22.7,0.74,-0.56,22,182.0,32.41,-10.06,92.2,2.2,220.0,3,3,10.66,-6.45,-20.79,-4.22,0.63,2.11
EMA_SAR_70_125_5m,5m,70,125,Stop-and-Reverse (SAR),10000.0,8069.72,-1930.28,-19.3,27.8,43.99,-0.41,-0.55,-0.8,26.4,0.93,-0.03,348,12.4,23.63,-4.6,99.5,34.8,3480.0,3,3,14.34,13.08,-20.89,4.72,-21.91,-3.52
EMA_SAR_90_170_30m,30m,90,170,Stop-and-Reverse (SAR),10000.0,8068.51,-1931.49,-19.31,27.79,48.17,-0.52,-0.68,-0.73,27.1,0.77,-0.29,48,86.9,27.01,-7.47,96.1,4.8,480.0,3,3,5.38,-11.17,-14.17,-13.01,0.68,14.67
EMA_SAR_105_170_1h,1h,105,170,Stop-and-Reverse (SAR),10000.0,8066.59,-1933.41,-19.33,27.77,46.87,-0.63,-0.78,-0.75,20.8,0.75,-0.5,24,166.8,33.87,-10.54,92.2,2.4,240.0,1,5,14.45,-6.26,-20.66,-4.4,-0.5,-0.38
EMA_SAR_65_75_1h,1h,65,75,Stop-and-Reverse (SAR),10000.0,8063.11,-1936.89,-19.37,27.73,51.45,-0.53,-0.7,-0.68,27.5,0.78,-0.32,40,104.8,27.49,-11.26,96.6,4.0,400.0,3,3,6.26,-18.41,-13.23,-9.49,0.3,18.06
EMA_SAR_45_180_1h,1h,45,180,Stop-and-Reverse (SAR),10000.0,8062.87,-1937.13,-19.37,27.73,52.04,-0.58,-0.74,-0.68,17.6,0.77,-0.36,34,117.1,29.45,-12.37,91.7,3.4,340.0,2,4,17.38,-17.65,-16.24,-6.37,-0.09,6.46
EMA_SAR_110_195_30m,30m,110,195,Stop-and-Reverse (SAR),10000.0,8055.56,-1944.44,-19.44,27.66,56.37,-0.54,-0.7,-0.63,24.2,0.77,-0.37,33,125.7,27.08,-10.44,95.5,3.3,330.0,3,3,14.14,-16.08,-21.53,-10.55,1.85,17.63
EMA_SAR_65_130_5m,5m,65,130,Stop-and-Reverse (SAR),10000.0,8050.72,-1949.28,-19.49,27.61,44.55,-0.42,-0.56,-0.8,26.6,0.93,-0.03,350,12.3,23.69,-4.6,99.5,35.0,3500.0,3,3,14.96,13.08,-21.0,3.36,-20.85,-4.17
EMA_SAR_45_110_1h,1h,45,110,Stop-and-Reverse (SAR),10000.0,8048.91,-1951.09,-19.51,27.59,53.8,-0.56,-0.72,-0.66,22.9,0.77,-0.35,35,117.8,27.09,-11.26,95.0,3.5,350.0,3,3,12.83,-16.13,-18.58,-11.81,4.47,13.39
EMA_SAR_115_185_30m,30m,115,185,Stop-and-Reverse (SAR),10000.0,8047.18,-1952.82,-19.53,27.57,56.13,-0.55,-0.7,-0.63,24.2,0.77,-0.38,33,126.0,26.71,-10.44,95.8,3.3,330.0,3,3,14.09,-16.08,-21.32,-10.58,2.18,16.91
EMA_SAR_55_170_1h,1h,55,170,Stop-and-Reverse (SAR),10000.0,8045.26,-1954.74,-19.55,27.55,50.68,-0.61,-0.77,-0.7,15.6,0.77,-0.36,32,125.1,35.08,-9.36,92.2,3.2,320.0,3,3,19.3,-10.74,-21.77,-8.05,2.3,2.67
EMA_SAR_80_195_30m,30m,80,195,Stop-and-Reverse (SAR),10000.0,8043.85,-1956.15,-19.56,27.54,47.08,-0.54,-0.7,-0.75,26.5,0.78,-0.29,49,84.7,26.95,-7.3,95.5,4.9,490.0,3,3,7.41,-11.24,-14.79,-10.97,0.3,10.89
EMA_SAR_15_60_1h,1h,15,60,Stop-and-Reverse (SAR),10000.0,8038.91,-1961.09,-19.61,27.49,46.87,-0.52,-0.72,-0.76,31.0,0.83,-0.17,84,50.3,28.66,-5.82,97.3,8.4,840.0,2,4,22.66,-12.24,-12.58,-13.55,-3.85,2.77
EMA_SAR_110_170_1h,1h,110,170,Stop-and-Reverse (SAR),10000.0,8037.2,-1962.8,-19.63,27.47,47.1,-0.64,-0.79,-0.76,20.8,0.75,-0.52,24,166.8,33.24,-10.69,92.2,2.4,240.0,1,5,14.54,-7.65,-19.09,-4.09,-1.72,-0.38
EMA_SAR_50_165_30m,30m,50,165,Stop-and-Reverse (SAR),10000.0,8032.18,-1967.82,-19.68,27.42,49.44,-0.52,-0.69,-0.72,28.6,0.8,-0.26,56,74.6,25.79,-6.35,96.2,5.6,560.0,3,3,19.65,-20.11,-11.88,-10.24,2.87,3.27
EMA_SAR_115_170_1h,1h,115,170,Stop-and-Reverse (SAR),10000.0,8030.51,-1969.49,-19.69,27.41,46.54,-0.64,-0.79,-0.77,22.7,0.74,-0.59,22,182.0,32.86,-10.41,92.2,2.2,220.0,1,5,12.58,-6.85,-18.84,-3.71,-1.9,-0.11
EMA_SAR_40_95_1h,1h,40,95,Stop-and-Reverse (SAR),10000.0,8029.69,-1970.31,-19.7,27.4,47.34,-0.56,-0.74,-0.76,25.5,0.77,-0.28,51,81.4,27.34,-7.3,95.6,5.1,510.0,3,3,7.31,-11.36,-14.51,-12.49,0.25,12.56
EMA_SAR_105_200_30m,30m,105,200,Stop-and-Reverse (SAR),10000.0,8025.96,-1974.04,-19.74,27.36,55.68,-0.56,-0.71,-0.64,24.2,0.77,-0.39,33,125.6,27.08,-10.44,95.4,3.3,330.0,3,3,12.0,-15.8,-20.67,-10.99,2.78,17.27
EMA_SAR_60_90_1h,1h,60,90,Stop-and-Reverse (SAR),10000.0,8022.54,-1977.46,-19.77,27.33,55.02,-0.57,-0.74,-0.65,23.5,0.77,-0.38,34,122.4,26.96,-9.96,95.9,3.4,340.0,3,3,13.43,-15.52,-19.77,-11.81,2.37,15.58
EMA_SAR_100_165_1h,1h,100,165,Stop-and-Reverse (SAR),10000.0,8019.19,-1980.81,-19.81,27.29,47.64,-0.65,-0.82,-0.75,20.8,0.74,-0.53,24,167.2,33.46,-10.15,92.4,2.4,240.0,2,4,12.13,-6.78,-20.68,-4.43,-1.28,2.51
EMA_SAR_120_175_1h,1h,120,175,Stop-and-Reverse (SAR),10000.0,8012.47,-1987.53,-19.88,27.22,45.74,-0.65,-0.8,-0.79,22.7,0.73,-0.59,22,181.5,32.41,-10.06,92.0,2.2,220.0,3,3,7.88,-6.45,-21.19,-1.99,0.57,2.21
EMA_SAR_50_200_30m,30m,50,200,Stop-and-Reverse (SAR),10000.0,8009.86,-1990.14,-19.9,27.2,44.59,-0.56,-0.73,-0.81,26.4,0.79,-0.28,53,78.2,28.52,-6.35,95.4,5.3,530.0,3,3,11.62,-6.26,-14.72,-13.37,2.98,0.63
EMA_SAR_75_120_5m,5m,75,120,Stop-and-Reverse (SAR),10000.0,8009.84,-1990.16,-19.9,27.2,44.63,-0.44,-0.58,-0.81,26.6,0.93,-0.03,354,12.2,23.47,-4.6,99.5,35.4,3540.0,3,3,12.76,17.09,-22.78,6.43,-22.6,-4.63
EMA_SAR_135_150_30m,30m,135,150,Stop-and-Reverse (SAR),10000.0,8006.06,-1993.94,-19.94,27.16,52.86,-0.56,-0.72,-0.68,25.0,0.77,-0.35,36,116.5,27.58,-10.44,96.6,3.6,360.0,3,3,6.97,-18.04,-14.87,-9.48,2.59,15.52
EMA_SAR_45_105_30m,30m,45,105,Stop-and-Reverse (SAR),10000.0,8004.93,-1995.07,-19.95,27.15,48.5,-0.52,-0.69,-0.75,30.3,0.82,-0.19,76,55.8,28.34,-5.55,97.6,7.6,760.0,2,4,22.89,-15.22,-11.44,-14.15,-2.23,3.36
EMA_SAR_120_185_30m,30m,120,185,Stop-and-Reverse (SAR),10000.0,8004.8,-1995.2,-19.95,27.15,56.36,-0.57,-0.73,-0.64,23.5,0.77,-0.38,34,122.3,27.06,-9.96,95.8,3.4,340.0,3,3,14.44,-15.17,-20.2,-12.59,1.45,16.54
EMA_SAR_120_160_30m,30m,120,160,Stop-and-Reverse (SAR),10000.0,8005.31,-1994.69,-19.95,27.15,54.78,-0.55,-0.71,-0.66,25.0,0.77,-0.35,40,104.6,27.69,-11.26,96.3,4.0,400.0,3,3,9.95,-18.36,-17.36,-10.6,1.32,19.15
EMA_SAR_45_115_1h,1h,45,115,Stop-and-Reverse (SAR),10000.0,8003.63,-1996.37,-19.96,27.14,54.88,-0.58,-0.75,-0.66,22.9,0.77,-0.37,35,117.5,26.99,-11.26,94.7,3.5,350.0,3,3,13.64,-17.4,-18.81,-11.6,3.64,14.62
EMA_SAR_115_190_30m,30m,115,190,Stop-and-Reverse (SAR),10000.0,8003.84,-1996.16,-19.96,27.14,56.93,-0.57,-0.73,-0.64,24.2,0.77,-0.39,33,125.9,27.06,-10.59,95.6,3.3,330.0,3,3,14.43,-16.38,-20.23,-12.5,1.49,18.08
EMA_SAR_85_115_1h,1h,85,115,Stop-and-Reverse (SAR),10000.0,7999.7,-2000.3,-20.0,27.1,49.8,-0.59,-0.78,-0.73,20.0,0.77,-0.37,35,117.5,29.26,-9.44,94.7,3.5,350.0,3,3,16.99,-16.53,-13.24,-10.48,4.24,1.19
EMA_SAR_85_170_30m,30m,85,170,Stop-and-Reverse (SAR),10000.0,7999.15,-2000.85,-20.01,27.09,46.16,-0.55,-0.71,-0.79,30.0,0.77,-0.3,50,83.5,24.94,-7.0,96.1,5.0,500.0,3,3,1.37,-13.3,-12.0,-11.21,2.12,14.07
EMA_SAR_45_100_30m,30m,45,100,Stop-and-Reverse (SAR),10000.0,7994.05,-2005.95,-20.06,27.04,48.04,-0.53,-0.7,-0.76,29.3,0.82,-0.18,82,51.8,28.57,-5.55,97.7,8.2,820.0,2,4,20.74,-13.5,-15.14,-10.71,-3.47,4.65
EMA_SAR_115_165_30m,30m,115,165,Stop-and-Reverse (SAR),10000.0,7993.46,-2006.54,-20.07,27.03,55.74,-0.56,-0.72,-0.65,25.0,0.77,-0.35,40,104.5,27.71,-11.26,96.2,4.0,400.0,3,3,12.18,-18.54,-17.36,-12.31,1.32,19.15
EMA_SAR_120_175_30m,30m,120,175,Stop-and-Reverse (SAR),10000.0,7991.66,-2008.34,-20.08,27.02,55.15,-0.57,-0.73,-0.66,23.5,0.77,-0.39,34,122.6,26.98,-10.44,96.0,3.4,340.0,3,3,13.41,-15.56,-18.49,-12.19,2.04,14.25
EMA_SAR_145_170_1h,1h,145,170,Stop-and-Reverse (SAR),10000.0,7990.36,-2009.64,-20.1,27.0,47.59,-0.65,-0.81,-0.76,25.0,0.73,-0.64,20,200.2,33.8,-8.82,92.2,2.0,200.0,3,3,7.75,-2.02,-28.86,5.2,-3.9,5.24
EMA_SAR_130_160_30m,30m,130,160,Stop-and-Reverse (SAR),10000.0,7987.72,-2012.28,-20.12,26.98,54.59,-0.57,-0.74,-0.67,22.2,0.77,-0.36,36,116.2,27.5,-10.44,96.3,3.6,360.0,3,3,11.31,-16.31,-17.2,-11.96,2.31,14.97
EMA_SAR_115_195_30m,30m,115,195,Stop-and-Reverse (SAR),10000.0,7985.28,-2014.72,-20.15,26.95,56.6,-0.58,-0.74,-0.64,24.2,0.77,-0.41,33,125.7,26.66,-9.96,95.5,3.3,330.0,3,3,14.95,-14.77,-21.29,-12.3,1.45,16.39
EMA_SAR_45_170_5m,5m,45,170,Stop-and-Reverse (SAR),10000.0,7984.3,-2015.7,-20.16,26.94,47.84,-0.46,-0.6,-0.76,24.9,0.93,-0.03,366,11.8,23.62,-4.49,99.3,36.6,3660.0,3,3,17.05,12.02,-22.15,1.04,-18.84,-4.61
EMA_SAR_130_155_1h,1h,130,155,Stop-and-Reverse (SAR),10000.0,7981.12,-2018.88,-20.19,26.91,47.85,-0.65,-0.81,-0.76,22.7,0.73,-0.62,22,183.3,32.16,-10.27,92.9,2.2,220.0,3,3,13.31,-6.7,-21.68,-4.98,0.6,0.85
EMA_SAR_40_175_1h,1h,40,175,Stop-and-Reverse (SAR),10000.0,7978.17,-2021.83,-20.22,26.88,52.08,-0.62,-0.79,-0.7,18.8,0.76,-0.42,32,124.8,29.13,-11.3,92.0,3.2,320.0,3,3,16.43,-15.45,-18.46,-9.85,3.73,6.29
EMA_SAR_130_175_30m,30m,130,175,Stop-and-Reverse (SAR),10000.0,7976.91,-2023.09,-20.23,26.87,57.24,-0.58,-0.74,-0.64,26.5,0.77,-0.39,34,122.6,27.06,-9.96,96.0,3.4,340.0,3,3,16.89,-15.17,-21.05,-14.61,2.84,16.04
EMA_SAR_115_180_1h,1h,115,180,Stop-and-Reverse (SAR),10000.0,7971.96,-2028.04,-20.28,26.82,46.52,-0.67,-0.82,-0.79,22.7,0.73,-0.62,22,181.0,32.41,-10.06,91.7,2.2,220.0,3,3,9.59,-6.45,-20.92,-4.07,1.23,1.24
EMA_SAR_110_170_30m,30m,110,170,Stop-and-Reverse (SAR),10000.0,7971.4,-2028.6,-20.29,26.81,55.31,-0.57,-0.73,-0.66,25.0,0.76,-0.36,40,104.3,27.57,-11.26,96.1,4.0,400.0,3,3,10.92,-18.19,-17.23,-12.33,1.43,19.35
EMA_SAR_80_185_30m,30m,80,185,Stop-and-Reverse (SAR),10000.0,7966.6,-2033.4,-20.33,26.77,45.73,-0.57,-0.75,-0.8,25.5,0.77,-0.29,51,81.5,27.01,-7.18,95.8,5.1,510.0,3,3,2.83,-10.52,-14.2,-10.6,0.48,12.35
EMA_SAR_120_165_1h,1h,120,165,Stop-and-Reverse (SAR),10000.0,7964.71,-2035.29,-20.35,26.75,46.59,-0.67,-0.83,-0.79,22.7,0.73,-0.62,22,182.4,32.86,-10.27,92.4,2.2,220.0,3,3,10.7,-6.85,-20.93,-3.71,0.6,0.85
EMA_SAR_45_175_30m,30m,45,175,Stop-and-Reverse (SAR),10000.0,7964.63,-2035.37,-20.35,26.75,48.91,-0.56,-0.73,-0.75,24.6,0.79,-0.27,57,73.1,26.66,-6.35,96.0,5.7,570.0,3,3,18.52,-18.49,-12.91,-10.42,2.22,3.38
EMA_SAR_85_195_30m,30m,85,195,Stop-and-Reverse (SAR),10000.0,7961.15,-2038.85,-20.39,26.71,51.74,-0.57,-0.75,-0.71,24.4,0.76,-0.34,45,92.2,26.76,-7.27,95.5,4.5,450.0,3,3,8.98,-10.72,-18.27,-13.01,1.34,13.57
EMA_SAR_115_140_30m,30m,115,140,Stop-and-Reverse (SAR),10000.0,7959.79,-2040.21,-20.4,26.7,50.9,-0.56,-0.74,-0.72,30.4,0.76,-0.34,46,91.4,25.38,-7.52,96.8,4.6,460.0,2,4,9.63,-14.43,-14.01,-13.2,-2.4,16.48
EMA_SAR_50_140_5m,5m,50,140,Stop-and-Reverse (SAR),10000.0,7959.0,-2041.0,-20.41,26.69,45.85,-0.46,-0.61,-0.8,25.9,0.93,-0.02,374,11.6,23.91,-5.38,99.5,37.4,3740.0,2,4,9.4,16.78,-19.83,-1.42,-21.07,-0.13
EMA_SAR_80_165_30m,30m,80,165,Stop-and-Reverse (SAR),10000.0,7957.53,-2042.47,-20.42,26.68,46.63,-0.56,-0.73,-0.79,26.9,0.77,-0.3,52,80.4,25.08,-6.87,96.2,5.2,520.0,3,3,7.72,-12.31,-13.45,-11.52,4.37,5.41
EMA_SAR_85_180_30m,30m,85,180,Stop-and-Reverse (SAR),10000.0,7957.24,-2042.76,-20.43,26.67,48.73,-0.58,-0.75,-0.76,27.7,0.77,-0.32,47,88.6,27.0,-7.47,95.9,4.7,470.0,2,4,7.59,-11.39,-15.75,-12.51,-0.26,13.53
EMA_SAR_40_105_30m,30m,40,105,Stop-and-Reverse (SAR),10000.0,7957.5,-2042.5,-20.43,26.67,48.04,-0.54,-0.72,-0.77,30.0,0.82,-0.19,80,53.0,28.45,-5.84,97.6,8.0,800.0,2,4,21.33,-11.91,-17.11,-11.4,-1.51,2.93
EMA_SAR_35_110_1h,1h,35,110,Stop-and-Reverse (SAR),10000.0,7955.0,-2045.0,-20.45,26.65,49.82,-0.59,-0.79,-0.74,24.5,0.76,-0.31,49,84.1,27.19,-7.01,95.0,4.9,490.0,3,3,5.67,-11.23,-18.2,-13.78,6.82,12.57
EMA_SAR_65_85_1h,1h,65,85,Stop-and-Reverse (SAR),10000.0,7947.72,-2052.28,-20.52,26.58,55.25,-0.6,-0.79,-0.67,23.5,0.76,-0.41,34,122.7,26.73,-9.96,96.1,3.4,340.0,3,3,12.81,-15.52,-19.77,-12.33,2.52,15.65
EMA_SAR_125_175_30m,30m,125,175,Stop-and-Reverse (SAR),10000.0,7947.47,-2052.53,-20.53,26.57,56.49,-0.59,-0.76,-0.66,26.5,0.77,-0.4,34,122.6,26.71,-9.96,96.0,3.4,340.0,3,3,15.07,-15.52,-20.9,-11.76,1.49,15.42
EMA_SAR_75_145_1h,1h,75,145,Stop-and-Reverse (SAR),10000.0,7945.8,-2054.2,-20.54,26.56,52.85,-0.64,-0.83,-0.7,19.4,0.76,-0.41,31,130.7,35.15,-10.14,93.3,3.1,310.0,3,3,20.06,-13.14,-18.59,-11.95,0.05,6.23
EMA_SAR_140_145_1h,1h,140,145,Stop-and-Reverse (SAR),10000.0,7945.44,-2054.56,-20.55,26.55,48.5,-0.67,-0.83,-0.77,21.7,0.73,-0.61,23,176.2,32.16,-10.27,93.3,2.3,230.0,2,4,14.23,-6.7,-22.15,-4.99,-0.06,0.85
EMA_SAR_125_160_1h,1h,125,160,Stop-and-Reverse (SAR),10000.0,7944.01,-2055.99,-20.56,26.54,46.83,-0.68,-0.84,-0.79,22.7,0.73,-0.63,22,182.9,32.86,-10.27,92.7,2.2,220.0,3,3,10.91,-6.85,-20.24,-4.98,0.6,0.85
EMA_SAR_55_75_1h,1h,55,75,Stop-and-Reverse (SAR),10000.0,7942.63,-2057.37,-20.57,26.53,49.91,-0.58,-0.78,-0.74,28.3,0.76,-0.34,46,91.2,25.56,-7.52,96.6,4.6,460.0,2,4,8.55,-13.87,-12.38,-13.81,-3.27,16.3
EMA_SAR_45_180_30m,30m,45,180,Stop-and-Reverse (SAR),10000.0,7941.87,-2058.13,-20.58,26.52,47.56,-0.57,-0.75,-0.78,25.5,0.79,-0.28,55,75.7,26.85,-6.35,95.9,5.5,550.0,3,3,17.71,-17.57,-12.16,-9.87,0.48,2.89
EMA_SAR_150_160_1h,1h,150,160,Stop-and-Reverse (SAR),10000.0,7939.66,-2060.34,-20.6,26.5,46.65,-0.67,-0.84,-0.8,25.0,0.72,-0.69,20,201.2,32.36,-9.88,92.7,2.0,200.0,3,3,6.74,-2.98,-26.52,5.33,-4.55,3.78
EMA_SAR_50_120_1h,1h,50,120,Stop-and-Reverse (SAR),10000.0,7937.6,-2062.4,-20.62,26.48,55.79,-0.62,-0.8,-0.67,24.2,0.76,-0.43,33,124.3,26.8,-9.96,94.5,3.3,330.0,3,3,13.71,-15.91,-19.93,-13.17,2.98,15.94
EMA_SAR_35_160_30m,30m,35,160,Stop-and-Reverse (SAR),10000.0,7935.84,-2064.16,-20.64,26.46,50.86,-0.57,-0.75,-0.73,25.8,0.8,-0.23,66,63.4,28.65,-5.89,96.3,6.6,660.0,2,4,20.61,-17.91,-15.33,-11.66,-0.32,7.5
EMA_SAR_70_150_1h,1h,70,150,Stop-and-Reverse (SAR),10000.0,7935.45,-2064.55,-20.65,26.45,53.13,-0.65,-0.84,-0.7,18.2,0.76,-0.39,33,122.5,35.15,-10.14,93.1,3.3,330.0,3,3,21.53,-13.14,-19.62,-11.6,0.33,5.46
EMA_SAR_65_80_1h,1h,65,80,Stop-and-Reverse (SAR),10000.0,7934.28,-2065.72,-20.66,26.44,54.42,-0.61,-0.8,-0.69,22.2,0.76,-0.38,36,116.2,27.36,-9.96,96.3,3.6,360.0,3,3,9.81,-15.29,-18.73,-11.81,2.21,16.45
EMA_SAR_60_95_1h,1h,60,95,Stop-and-Reverse (SAR),10000.0,7934.3,-2065.7,-20.66,26.44,54.75,-0.61,-0.8,-0.68,24.2,0.76,-0.42,33,125.8,26.62,-9.96,95.6,3.3,330.0,3,3,12.3,-15.25,-19.56,-12.52,3.22,14.79
EMA_SAR_105_170_30m,30m,105,170,Stop-and-Reverse (SAR),10000.0,7929.86,-2070.14,-20.7,26.4,52.1,-0.59,-0.76,-0.72,23.8,0.76,-0.37,42,99.4,27.49,-9.56,96.1,4.2,420.0,2,4,10.01,-14.61,-14.45,-12.83,-4.87,19.0
EMA_SAR_55_90_1h,1h,55,90,Stop-and-Reverse (SAR),10000.0,7929.58,-2070.42,-20.7,26.4,54.48,-0.61,-0.8,-0.69,22.2,0.76,-0.37,36,115.6,27.49,-11.26,95.9,3.6,360.0,3,3,11.02,-18.75,-18.07,-9.74,3.06,15.35
EMA_SAR_130_170_30m,30m,130,170,Stop-and-Reverse (SAR),10000.0,7929.57,-2070.43,-20.7,26.4,56.02,-0.6,-0.77,-0.67,23.5,0.76,-0.41,34,122.8,26.71,-9.96,96.1,3.4,340.0,3,3,13.33,-15.52,-20.2,-11.76,1.69,15.67
EMA_SAR_95_185_1h,1h,95,185,Stop-and-Reverse (SAR),10000.0,7929.44,-2070.56,-20.71,26.39,47.44,-0.7,-0.86,-0.79,20.8,0.74,-0.57,24,165.5,33.87,-10.54,91.5,2.4,240.0,1,5,13.73,-6.53,-22.02,-2.93,-1.08,-0.38
EMA_SAR_135_175_1h,1h,135,175,Stop-and-Reverse (SAR),10000.0,7925.6,-2074.4,-20.74,26.36,46.17,-0.69,-0.85,-0.81,25.0,0.72,-0.7,20,199.7,31.77,-10.83,92.0,2.0,200.0,3,3,5.62,-4.26,-25.25,5.33,-4.08,3.78
EMA_SAR_65_75_30m,30m,65,75,Stop-and-Reverse (SAR),10000.0,7922.01,-2077.99,-20.78,26.32,51.69,-0.56,-0.74,-0.73,32.4,0.81,-0.21,74,57.7,29.79,-6.35,98.3,7.4,740.0,2,4,23.28,-13.87,-16.48,-14.83,-4.34,9.66
EMA_SAR_125_130_30m,30m,125,130,Stop-and-Reverse (SAR),10000.0,7921.97,-2078.03,-20.78,26.32,51.28,-0.57,-0.75,-0.73,30.4,0.76,-0.35,46,91.6,25.38,-7.52,97.0,4.6,460.0,2,4,9.97,-14.83,-13.95,-13.74,-2.18,16.48
EMA_SAR_190_200_30m,30m,190,200,Stop-and-Reverse (SAR),10000.0,7917.5,-2082.5,-20.83,26.27,53.46,-0.62,-0.79,-0.7,23.5,0.76,-0.41,34,121.9,28.61,-9.44,95.4,3.4,340.0,3,3,15.52,-15.82,-16.38,-12.34,2.74,8.1
EMA_SAR_45_170_30m,30m,45,170,Stop-and-Reverse (SAR),10000.0,7914.5,-2085.5,-20.85,26.25,48.86,-0.58,-0.76,-0.77,24.6,0.79,-0.28,57,73.2,26.87,-5.55,96.1,5.7,570.0,3,3,21.99,-19.94,-11.27,-10.41,1.49,0.45
EMA_SAR_125_170_1h,1h,125,170,Stop-and-Reverse (SAR),10000.0,7915.49,-2084.51,-20.85,26.25,47.74,-0.7,-0.86,-0.79,22.7,0.72,-0.65,22,182.0,32.01,-10.6,92.2,2.2,220.0,2,4,10.66,-7.29,-21.23,-1.99,-2.22,2.21
EMA_SAR_50_110_1h,1h,50,110,Stop-and-Reverse (SAR),10000.0,7911.94,-2088.06,-20.88,26.22,56.39,-0.63,-0.81,-0.67,24.2,0.76,-0.42,33,124.9,27.28,-11.13,95.0,3.3,330.0,3,3,13.19,-17.21,-20.35,-12.12,2.5,17.69
EMA_SAR_150_155_1h,1h,150,155,Stop-and-Reverse (SAR),10000.0,7910.97,-2089.03,-20.89,26.21,48.59,-0.68,-0.85,-0.78,25.0,0.72,-0.61,24,168.0,31.77,-9.08,92.9,2.4,240.0,3,3,10.93,-4.26,-27.54,3.84,-4.13,3.26
EMA_SAR_135_155_30m,30m,135,155,Stop-and-Reverse (SAR),10000.0,7911.4,-2088.6,-20.89,26.21,54.26,-0.61,-0.78,-0.69,23.5,0.76,-0.41,34,123.2,27.5,-10.44,96.4,3.4,340.0,3,3,9.45,-15.48,-17.2,-11.96,2.04,14.97
EMA_SAR_125_165_1h,1h,125,165,Stop-and-Reverse (SAR),10000.0,7905.87,-2094.13,-20.94,26.16,46.87,-0.7,-0.86,-0.81,22.7,0.72,-0.65,22,182.4,32.41,-10.06,92.4,2.2,220.0,2,4,8.81,-6.45,-21.03,-3.65,-0.04,2.11
EMA_SAR_70_200_1h,1h,70,200,Stop-and-Reverse (SAR),10000.0,7904.45,-2095.55,-20.96,26.14,46.37,-0.71,-0.89,-0.81,19.2,0.74,-0.54,26,151.7,33.5,-10.81,90.8,2.6,260.0,1,5,13.77,-7.97,-18.71,-4.6,-0.02,-2.63
EMA_SAR_110_145_30m,30m,110,145,Stop-and-Reverse (SAR),10000.0,7904.03,-2095.97,-20.96,26.14,50.76,-0.59,-0.77,-0.74,30.4,0.76,-0.35,46,91.3,25.24,-7.37,96.7,4.6,460.0,2,4,8.5,-14.76,-13.29,-13.65,-2.01,16.48
EMA_SAR_115_200_30m,30m,115,200,Stop-and-Reverse (SAR),10000.0,7903.78,-2096.22,-20.96,26.14,56.66,-0.61,-0.79,-0.67,24.2,0.76,-0.43,33,125.6,26.8,-9.96,95.4,3.3,330.0,3,3,12.89,-14.5,-21.06,-13.72,2.61,17.16
EMA_SAR_190_195_30m,30m,190,195,Stop-and-Reverse (SAR),10000.0,7901.53,-2098.47,-20.98,26.12,53.91,-0.62,-0.8,-0.7,23.5,0.75,-0.42,34,122.0,28.93,-9.85,95.5,3.4,340.0,3,3,16.28,-16.39,-17.96,-11.46,3.31,8.31
EMA_SAR_145_165_1h,1h,145,165,Stop-and-Reverse (SAR),10000.0,7899.33,-2100.67,-21.01,26.09,46.81,-0.7,-0.86,-0.81,25.0,0.71,-0.72,20,200.7,31.77,-10.06,92.4,2.0,200.0,3,3,6.53,-4.26,-25.77,5.33,-4.55,3.78
EMA_SAR_15_190_30m,30m,15,190,Stop-and-Reverse (SAR),10000.0,7897.83,-2102.17,-21.02,26.08,45.28,-0.59,-0.78,-0.84,23.2,0.81,-0.16,99,42.0,28.65,-5.46,95.6,9.9,990.0,1,5,16.56,-2.94,-19.53,-8.13,-0.05,-5.53
EMA_SAR_65_185_30m,30m,65,185,Stop-and-Reverse (SAR),10000.0,7894.89,-2105.11,-21.05,26.05,46.08,-0.59,-0.77,-0.82,27.5,0.77,-0.33,51,81.5,25.21,-6.44,95.8,5.1,510.0,3,3,9.18,-11.12,-13.31,-12.07,4.15,2.48
EMA_SAR_120_195_30m,30m,120,195,Stop-and-Reverse (SAR),10000.0,7895.38,-2104.62,-21.05,26.05,56.77,-0.62,-0.79,-0.67,24.2,0.76,-0.44,33,125.7,26.8,-9.46,95.5,3.3,330.0,3,3,14.52,-13.63,-20.69,-15.56,2.8,15.96
EMA_SAR_90_165_30m,30m,90,165,Stop-and-Reverse (SAR),10000.0,7893.98,-2106.02,-21.06,26.04,46.97,-0.59,-0.77,-0.81,28.0,0.75,-0.33,50,83.6,24.87,-7.0,96.2,5.0,500.0,3,3,2.28,-13.89,-11.47,-12.47,2.07,13.32
EMA_SAR_20_55_1h,1h,20,55,Stop-and-Reverse (SAR),10000.0,7894.48,-2105.52,-21.06,26.04,48.51,-0.59,-0.81,-0.78,29.3,0.81,-0.2,82,51.6,28.7,-5.88,97.5,8.2,820.0,2,4,23.73,-14.61,-17.85,-8.9,-3.31,3.25
EMA_SAR_65_90_1h,1h,65,90,Stop-and-Reverse (SAR),10000.0,7891.75,-2108.25,-21.08,26.02,55.0,-0.63,-0.82,-0.69,23.5,0.75,-0.43,34,122.4,26.62,-9.96,95.9,3.4,340.0,3,3,12.2,-15.25,-20.23,-11.96,2.92,14.81
EMA_SAR_5_120_1h,1h,5,120,Stop-and-Reverse (SAR),10000.0,7891.56,-2108.44,-21.08,26.02,45.3,-0.61,-0.83,-0.84,19.8,0.8,-0.16,101,40.6,28.0,-5.46,94.5,10.1,1010.0,3,3,15.6,1.96,-26.75,-8.82,-0.08,0.34
EMA_SAR_40_170_30m,30m,40,170,Stop-and-Reverse (SAR),10000.0,7886.75,-2113.25,-21.13,25.97,49.88,-0.59,-0.78,-0.76,24.6,0.79,-0.26,61,68.4,28.79,-5.55,96.1,6.1,610.0,3,3,24.21,-18.71,-14.24,-11.04,1.34,1.03
EMA_SAR_145_175_1h,1h,145,175,Stop-and-Reverse (SAR),10000.0,7887.25,-2112.75,-21.13,25.97,47.25,-0.7,-0.88,-0.81,25.0,0.71,-0.71,20,199.7,32.25,-11.11,92.0,2.0,200.0,3,3,5.04,-5.36,-25.16,4.25,-3.95,5.87
EMA_SAR_50_180_30m,30m,50,180,Stop-and-Reverse (SAR),10000.0,7884.37,-2115.63,-21.16,25.94,47.81,-0.59,-0.77,-0.8,28.3,0.78,-0.31,53,78.6,26.19,-6.35,95.9,5.3,530.0,3,3,12.3,-16.22,-10.42,-13.08,4.48,3.02
EMA_SAR_75_190_1h,1h,75,190,Stop-and-Reverse (SAR),10000.0,7884.12,-2115.88,-21.16,25.94,47.38,-0.72,-0.9,-0.8,19.2,0.74,-0.55,26,152.4,33.5,-10.81,91.3,2.6,260.0,1,5,15.61,-7.97,-19.65,-4.73,-0.64,-2.58
EMA_SAR_80_180_1h,1h,80,180,Stop-and-Reverse (SAR),10000.0,7882.74,-2117.26,-21.17,25.93,48.01,-0.72,-0.9,-0.79,19.2,0.74,-0.54,26,153.2,33.15,-10.69,91.7,2.6,260.0,2,4,13.16,-7.63,-21.35,-3.56,-1.15,0.58
EMA_SAR_90_100_30m,30m,90,100,Stop-and-Reverse (SAR),10000.0,7883.11,-2116.89,-21.17,25.93,51.3,-0.57,-0.76,-0.74,26.9,0.78,-0.31,52,81.6,26.03,-6.93,97.7,5.2,520.0,3,3,16.59,-18.95,-11.19,-14.98,4.44,5.79
EMA_SAR_5_30_30m,30m,5,30,Stop-and-Reverse (SAR),10000.0,7881.56,-2118.44,-21.18,25.92,41.62,-0.51,-0.74,-0.92,23.4,0.92,-0.02,428,10.1,24.15,-5.78,99.3,42.8,4280.0,2,4,6.21,14.66,-12.82,-5.11,-21.05,-0.91
EMA_SAR_80_200_30m,30m,80,200,Stop-and-Reverse (SAR),10000.0,7882.21,-2117.79,-21.18,25.92,50.17,-0.61,-0.8,-0.76,26.5,0.76,-0.33,49,84.6,26.85,-7.47,95.4,4.9,490.0,3,3,7.51,-11.56,-16.94,-13.26,4.24,10.39
EMA_SAR_100_155_30m,30m,100,155,Stop-and-Reverse (SAR),10000.0,7878.86,-2121.14,-21.21,25.89,50.82,-0.6,-0.78,-0.75,29.2,0.76,-0.34,48,87.3,25.5,-7.27,96.4,4.8,480.0,2,4,8.06,-13.96,-15.5,-12.8,-0.75,15.89
EMA_SAR_85_120_1h,1h,85,120,Stop-and-Reverse (SAR),10000.0,7875.93,-2124.07,-21.24,25.86,52.88,-0.65,-0.86,-0.72,20.0,0.75,-0.42,35,117.2,30.17,-9.66,94.5,3.5,350.0,3,3,18.21,-16.0,-14.48,-14.61,3.41,5.02
EMA_SAR_155_165_1h,1h,155,165,Stop-and-Reverse (SAR),10000.0,7874.27,-2125.73,-21.26,25.84,47.41,-0.71,-0.88,-0.81,25.0,0.71,-0.73,20,200.7,32.25,-10.35,92.4,2.0,200.0,3,3,5.95,-5.36,-25.16,4.25,-4.23,5.1
EMA_SAR_130_165_30m,30m,130,165,Stop-and-Reverse (SAR),10000.0,7870.55,-2129.45,-21.29,25.81,55.52,-0.63,-0.81,-0.69,23.5,0.75,-0.43,34,122.9,27.12,-9.96,96.2,3.4,340.0,3,3,12.37,-15.21,-19.34,-12.23,1.85,14.56
EMA_SAR_140_145_30m,30m,140,145,Stop-and-Reverse (SAR),10000.0,7867.53,-2132.47,-21.32,25.78,53.55,-0.63,-0.81,-0.72,25.0,0.75,-0.4,36,116.6,27.58,-10.44,96.7,3.6,360.0,3,3,6.67,-18.04,-14.62,-11.05,2.59,15.52
EMA_SAR_80_125_1h,1h,80,125,Stop-and-Reverse (SAR),10000.0,7865.8,-2134.2,-21.34,25.76,53.17,-0.66,-0.86,-0.72,21.2,0.75,-0.45,33,124.0,30.18,-9.66,94.3,3.3,330.0,3,3,18.54,-16.32,-14.4,-12.94,1.04,5.31
EMA_SAR_100_175_30m,30m,100,175,Stop-and-Reverse (SAR),10000.0,7864.53,-2135.47,-21.35,25.75,52.97,-0.62,-0.8,-0.72,25.0,0.76,-0.37,44,94.7,27.49,-9.56,96.0,4.4,440.0,2,4,12.24,-14.71,-15.99,-13.83,-2.65,16.57
EMA_SAR_40_100_1h,1h,40,100,Stop-and-Reverse (SAR),10000.0,7863.79,-2136.21,-21.36,25.74,51.47,-0.63,-0.85,-0.75,26.5,0.75,-0.33,49,84.6,27.19,-7.3,95.4,4.9,490.0,3,3,8.4,-11.07,-18.18,-13.29,2.12,12.6
EMA_SAR_110_165_30m,30m,110,165,Stop-and-Reverse (SAR),10000.0,7862.54,-2137.46,-21.37,25.73,53.28,-0.62,-0.8,-0.72,23.8,0.75,-0.38,42,99.5,27.44,-11.26,96.2,4.2,420.0,2,4,11.29,-18.19,-14.42,-11.25,-4.49,19.05
EMA_SAR_50_170_30m,30m,50,170,Stop-and-Reverse (SAR),10000.0,7858.81,-2141.19,-21.41,25.69,49.43,-0.6,-0.79,-0.78,25.0,0.78,-0.3,56,74.5,25.82,-6.35,96.1,5.6,560.0,3,3,16.54,-21.47,-10.04,-10.54,3.63,2.97
EMA_SAR_85_175_1h,1h,85,175,Stop-and-Reverse (SAR),10000.0,7859.24,-2140.76,-21.41,25.69,48.78,-0.73,-0.92,-0.79,19.2,0.73,-0.55,26,153.6,33.43,-10.31,92.0,2.6,260.0,2,4,11.4,-7.04,-23.02,-3.55,-1.15,3.41
EMA_SAR_135_160_30m,30m,135,160,Stop-and-Reverse (SAR),10000.0,7856.31,-2143.69,-21.44,25.66,55.28,-0.63,-0.82,-0.7,23.5,0.75,-0.44,34,123.0,27.12,-9.96,96.3,3.4,340.0,3,3,11.31,-15.21,-19.34,-11.76,1.85,14.84
EMA_SAR_45_120_1h,1h,45,120,Stop-and-Reverse (SAR),10000.0,7854.99,-2145.01,-21.45,25.65,55.62,-0.65,-0.84,-0.69,22.9,0.75,-0.42,35,117.2,26.97,-11.13,94.5,3.5,350.0,3,3,13.39,-16.88,-20.73,-11.6,3.77,14.61
EMA_SAR_70_75_1h,1h,70,75,Stop-and-Reverse (SAR),10000.0,7853.8,-2146.2,-21.46,25.64,54.5,-0.65,-0.84,-0.71,22.2,0.75,-0.41,36,116.5,27.36,-9.96,96.6,3.6,360.0,3,3,8.88,-15.29,-18.73,-11.96,2.21,16.45
EMA_SAR_35_60_1h,1h,35,60,Stop-and-Reverse (SAR),10000.0,7853.3,-2146.7,-21.47,25.63,48.23,-0.6,-0.82,-0.8,25.9,0.78,-0.31,54,78.2,26.11,-5.73,97.3,5.4,540.0,2,4,12.72,-21.58,-8.13,-9.03,-1.95,8.4
EMA_SAR_35_155_30m,30m,35,155,Stop-and-Reverse (SAR),10000.0,7852.12,-2147.88,-21.48,25.62,51.05,-0.6,-0.8,-0.76,27.9,0.79,-0.24,68,61.6,28.41,-5.89,96.4,6.8,680.0,2,4,18.33,-18.33,-15.8,-10.18,-2.04,9.66
EMA_SAR_45_125_1h,1h,45,125,Stop-and-Reverse (SAR),10000.0,7851.5,-2148.5,-21.48,25.62,55.44,-0.66,-0.85,-0.7,22.9,0.75,-0.42,35,116.9,26.71,-11.13,94.3,3.5,350.0,3,3,13.16,-16.83,-19.96,-12.58,4.27,14.34
EMA_SAR_60_100_1h,1h,60,100,Stop-and-Reverse (SAR),10000.0,7850.48,-2149.52,-21.5,25.6,55.63,-0.66,-0.85,-0.69,24.2,0.75,-0.45,33,125.5,27.16,-10.13,95.4,3.3,330.0,3,3,11.87,-14.99,-19.98,-13.03,2.09,16.19
EMA_SAR_70_175_30m,30m,70,175,Stop-and-Reverse (SAR),10000.0,7850.0,-2150.0,-21.5,25.6,46.41,-0.61,-0.8,-0.83,28.8,0.76,-0.33,52,80.2,24.98,-6.46,96.0,5.2,520.0,3,3,9.58,-10.7,-13.4,-12.92,3.22,3.07
EMA_SAR_50_175_30m,30m,50,175,Stop-and-Reverse (SAR),10000.0,7845.31,-2154.69,-21.55,25.55,48.17,-0.61,-0.8,-0.8,25.5,0.78,-0.31,55,75.8,25.77,-6.35,96.0,5.5,550.0,3,3,14.16,-18.47,-9.72,-12.0,2.77,3.23
EMA_SAR_80_115_1h,1h,80,115,Stop-and-Reverse (SAR),10000.0,7844.24,-2155.76,-21.56,25.54,54.53,-0.66,-0.87,-0.71,24.2,0.75,-0.45,33,124.6,28.72,-9.93,94.7,3.3,330.0,3,3,17.17,-17.34,-17.12,-12.24,2.02,9.14
EMA_SAR_150_165_1h,1h,150,165,Stop-and-Reverse (SAR),10000.0,7843.12,-2156.88,-21.57,25.53,47.68,-0.72,-0.9,-0.81,25.0,0.72,-0.72,20,200.7,33.8,-10.35,92.4,2.0,200.0,3,3,5.95,-2.02,-28.98,5.2,-3.9,5.24
EMA_SAR_20_50_1h,1h,20,50,Stop-and-Reverse (SAR),10000.0,7842.12,-2157.88,-21.58,25.52,49.59,-0.61,-0.83,-0.78,27.9,0.82,-0.19,86,49.3,29.16,-6.33,97.7,8.6,860.0,2,4,23.78,-17.87,-13.35,-10.82,-4.29,4.31
EMA_SAR_80_190_30m,30m,80,190,Stop-and-Reverse (SAR),10000.0,7841.24,-2158.76,-21.59,25.51,46.53,-0.63,-0.82,-0.83,25.5,0.76,-0.33,51,81.4,27.0,-7.3,95.6,5.1,510.0,2,4,4.45,-11.8,-12.23,-12.01,-0.87,11.18
EMA_SAR_115_160_30m,30m,115,160,Stop-and-Reverse (SAR),10000.0,7837.2,-2162.8,-21.63,25.47,53.59,-0.63,-0.81,-0.72,23.8,0.75,-0.38,42,99.6,27.58,-11.26,96.3,4.2,420.0,2,4,10.7,-18.69,-14.12,-11.67,-4.49,20.18
EMA_SAR_50_115_1h,1h,50,115,Stop-and-Reverse (SAR),10000.0,7835.74,-2164.26,-21.64,25.46,56.43,-0.66,-0.86,-0.69,24.2,0.75,-0.45,33,124.6,26.89,-11.13,94.7,3.3,330.0,3,3,12.8,-17.16,-20.41,-12.64,2.99,17.08
EMA_SAR_55_175_30m,30m,55,175,Stop-and-Reverse (SAR),10000.0,7836.17,-2163.83,-21.64,25.46,48.48,-0.61,-0.8,-0.8,28.3,0.76,-0.33,53,78.7,24.87,-6.35,96.0,5.3,530.0,3,3,9.0,-18.26,-11.3,-10.81,5.63,5.26
EMA_SAR_65_160_1h,1h,65,160,Stop-and-Reverse (SAR),10000.0,7833.84,-2166.16,-21.66,25.44,52.69,-0.75,-0.94,-0.74,17.9,0.74,-0.5,28,143.7,35.35,-10.27,92.7,2.8,280.0,3,3,17.76,-7.44,-23.59,-11.86,0.49,6.19
EMA_SAR_85_125_1h,1h,85,125,Stop-and-Reverse (SAR),10000.0,7829.2,-2170.8,-21.71,25.39,51.12,-0.69,-0.91,-0.76,19.4,0.74,-0.46,31,132.0,34.34,-9.66,94.3,3.1,310.0,3,3,19.82,-17.2,-15.3,-11.32,3.88,1.13
EMA_SAR_115_165_1h,1h,115,165,Stop-and-Reverse (SAR),10000.0,7826.06,-2173.94,-21.74,25.36,47.62,-0.75,-0.93,-0.82,20.8,0.72,-0.63,24,167.2,33.24,-10.69,92.4,2.4,240.0,1,5,12.63,-7.65,-19.72,-4.56,-1.42,-0.38
EMA_SAR_45_85_1h,1h,45,85,Stop-and-Reverse (SAR),10000.0,7825.6,-2174.4,-21.74,25.36,49.67,-0.64,-0.85,-0.79,28.0,0.75,-0.35,50,83.5,25.56,-7.3,96.1,5.0,500.0,2,4,8.39,-13.88,-14.26,-13.01,-0.86,13.38
EMA_SAR_120_190_30m,30m,120,190,Stop-and-Reverse (SAR),10000.0,7825.47,-2174.53,-21.75,25.35,56.71,-0.65,-0.84,-0.69,24.2,0.75,-0.47,33,125.9,26.62,-9.96,95.6,3.3,330.0,3,3,15.3,-14.85,-21.03,-13.91,2.84,14.0
EMA_SAR_155_160_1h,1h,155,160,Stop-and-Reverse (SAR),10000.0,7823.55,-2176.45,-21.76,25.34,47.92,-0.73,-0.91,-0.81,25.0,0.71,-0.74,20,201.2,33.64,-10.17,92.7,2.0,200.0,3,3,6.16,-2.36,-29.05,5.2,-3.9,5.24
EMA_SAR_95_105_1h,1h,95,105,Stop-and-Reverse (SAR),10000.0,7824.2,-2175.8,-21.76,25.34,52.08,-0.68,-0.89,-0.75,20.0,0.75,-0.43,35,118.1,29.47,-9.66,95.2,3.5,350.0,3,3,18.98,-16.99,-11.85,-12.18,0.31,2.02
EMA_SAR_5_115_1h,1h,5,115,Stop-and-Reverse (SAR),10000.0,7824.25,-2175.75,-21.76,25.34,45.1,-0.65,-0.88,-0.87,22.2,0.8,-0.17,99,41.5,27.71,-5.46,94.7,9.9,990.0,1,5,15.39,-2.43,-23.88,-7.91,-0.35,-0.5
EMA_SAR_70_145_1h,1h,70,145,Stop-and-Reverse (SAR),10000.0,7823.08,-2176.92,-21.77,25.33,51.63,-0.7,-0.91,-0.76,17.1,0.74,0.1,35,115.8,34.43,-10.14,93.3,3.5,350.0,3,3,19.5,-13.82,-18.59,-9.97,1.22,2.4
EMA_SAR_55_190_30m,30m,55,190,Stop-and-Reverse (SAR),10000.0,7821.96,-2178.04,-21.78,25.32,46.65,-0.63,-0.82,-0.84,30.2,0.76,-0.33,53,78.4,25.27,-6.35,95.6,5.3,530.0,3,3,9.48,-11.36,-15.99,-10.08,4.95,1.67
EMA_SAR_185_200_30m,30m,185,200,Stop-and-Reverse (SAR),10000.0,7821.09,-2178.91,-21.79,25.31,54.03,-0.66,-0.85,-0.72,23.5,0.75,-0.45,34,121.9,28.93,-9.85,95.4,3.4,340.0,3,3,16.21,-16.39,-17.96,-11.46,3.04,7.54
EMA_SAR_80_130_1h,1h,80,130,Stop-and-Reverse (SAR),10000.0,7818.54,-2181.46,-21.81,25.29,52.0,-0.7,-0.91,-0.75,19.4,0.74,-0.47,31,131.7,34.34,-9.66,94.0,3.1,310.0,3,3,20.63,-17.2,-15.71,-9.4,0.33,2.16
EMA_SAR_120_135_30m,30m,120,135,Stop-and-Reverse (SAR),10000.0,7818.33,-2181.67,-21.82,25.28,51.1,-0.62,-0.82,-0.77,30.4,0.75,-0.37,46,91.5,25.38,-7.52,96.9,4.6,460.0,2,4,8.12,-14.83,-14.25,-12.91,-2.4,16.48
EMA_SAR_60_165_1h,1h,60,165,Stop-and-Reverse (SAR),10000.0,7815.69,-2184.31,-21.84,25.26,52.75,-0.72,-0.91,-0.74,16.7,0.74,-0.47,30,133.8,35.18,-10.05,92.4,3.0,300.0,3,3,16.98,-11.74,-23.19,-8.68,2.14,5.65
EMA_SAR_60_175_30m,30m,60,175,Stop-and-Reverse (SAR),10000.0,7813.9,-2186.1,-21.86,25.24,47.83,-0.62,-0.82,-0.82,24.5,0.77,-0.33,53,78.7,25.55,-6.35,96.0,5.3,530.0,3,3,9.49,-17.59,-9.45,-12.26,6.14,2.69
EMA_SAR_130_160_1h,1h,130,160,Stop-and-Reverse (SAR),10000.0,7810.0,-2190.0,-21.9,25.2,47.62,-0.75,-0.92,-0.82,22.7,0.71,-0.7,22,182.9,32.41,-10.06,92.7,2.2,220.0,2,4,9.03,-6.45,-21.68,-2.1,-2.2,2.11
EMA_SAR_95_115_1h,1h,95,115,Stop-and-Reverse (SAR),10000.0,7798.82,-2201.18,-22.01,25.09,51.44,-0.71,-0.93,-0.77,19.4,0.74,-0.47,31,132.7,34.53,-9.48,94.7,3.1,310.0,2,4,19.99,-16.89,-12.4,-10.8,-1.22,1.32
EMA_SAR_30_40_1h,1h,30,40,Stop-and-Reverse (SAR),10000.0,7798.89,-2201.11,-22.01,25.09,50.0,-0.63,-0.86,-0.79,30.8,0.8,-0.22,78,54.7,29.57,-5.88,98.2,7.8,780.0,2,4,21.76,-14.0,-15.38,-13.63,-4.87,7.11
EMA_SAR_110_175_1h,1h,110,175,Stop-and-Reverse (SAR),10000.0,7798.9,-2201.1,-22.01,25.09,46.75,-0.76,-0.94,-0.84,22.7,0.71,-0.71,22,181.5,32.54,-10.69,92.0,2.2,220.0,1,5,9.75,-7.5,-18.76,-3.49,-1.9,-0.11
EMA_SAR_30_95_1h,1h,30,95,Stop-and-Reverse (SAR),10000.0,7798.46,-2201.54,-22.02,25.08,46.27,-0.65,-0.87,-0.85,30.2,0.76,-0.34,53,78.4,24.96,-6.44,95.6,5.3,530.0,3,3,8.86,-10.18,-13.55,-14.19,4.58,2.79
EMA_SAR_55_170_30m,30m,55,170,Stop-and-Reverse (SAR),10000.0,7794.73,-2205.27,-22.05,25.05,49.13,-0.63,-0.82,-0.8,27.8,0.77,-0.33,54,77.3,24.94,-6.35,96.1,5.4,540.0,3,3,9.42,-20.22,-9.07,-11.99,5.06,6.2
EMA_SAR_25_90_1h,1h,25,90,Stop-and-Reverse (SAR),10000.0,7794.68,-2205.32,-22.05,25.05,47.25,-0.64,-0.87,-0.84,25.5,0.78,-0.32,55,75.7,25.92,-5.55,95.9,5.5,550.0,3,3,15.29,-19.93,-7.77,-11.86,2.45,1.38
EMA_SAR_85_100_30m,30m,85,100,Stop-and-Reverse (SAR),10000.0,7794.27,-2205.73,-22.06,25.04,50.88,-0.61,-0.81,-0.78,25.0,0.77,-0.33,52,81.6,26.63,-6.35,97.7,5.2,520.0,3,3,13.89,-19.43,-10.36,-14.63,2.68,8.12
EMA_SAR_55_110_1h,1h,55,110,Stop-and-Reverse (SAR),10000.0,7791.59,-2208.41,-22.08,25.02,55.65,-0.69,-0.89,-0.71,24.2,0.74,-0.48,33,124.9,26.89,-9.96,95.0,3.3,330.0,3,3,10.83,-16.24,-19.13,-13.15,2.66,16.4
EMA_SAR_70_125_30m,30m,70,125,Stop-and-Reverse (SAR),10000.0,7791.01,-2208.99,-22.09,25.01,49.77,-0.62,-0.81,-0.79,25.0,0.77,-0.15,56,75.3,26.43,-6.35,97.1,5.6,560.0,3,3,16.4,-18.87,-9.61,-14.03,1.66,4.44
EMA_SAR_40_180_1h,1h,40,180,Stop-and-Reverse (SAR),10000.0,7789.54,-2210.46,-22.1,25.0,53.64,-0.72,-0.91,-0.74,17.6,0.74,-0.46,34,117.1,29.56,-11.3,91.7,3.4,340.0,3,3,17.67,-14.37,-18.87,-12.42,2.46,6.19
EMA_SAR_140_175_1h,1h,140,175,Stop-and-Reverse (SAR),10000.0,7789.54,-2210.46,-22.1,25.0,47.59,-0.75,-0.93,-0.83,25.0,0.71,-0.75,20,199.7,33.8,-11.11,92.0,2.0,200.0,3,3,5.04,-2.02,-28.86,5.2,-3.9,5.24
EMA_SAR_115_175_1h,1h,115,175,Stop-and-Reverse (SAR),10000.0,7788.91,-2211.09,-22.11,24.99,46.78,-0.76,-0.94,-0.85,22.7,0.71,-0.71,22,181.5,32.16,-10.4,92.0,2.2,220.0,3,3,7.88,-6.97,-20.39,-4.22,0.63,1.14
EMA_SAR_75_110_5m,5m,75,110,Stop-and-Reverse (SAR),10000.0,7787.7,-2212.3,-22.12,24.98,42.76,-0.53,-0.7,-0.93,26.4,0.92,-0.03,352,12.3,23.84,-5.08,99.6,35.2,3520.0,3,3,5.03,17.64,-21.62,3.7,-21.41,-1.33
EMA_SAR_75_140_1h,1h,75,140,Stop-and-Reverse (SAR),10000.0,7786.67,-2213.33,-22.13,24.97,52.67,-0.72,-0.93,-0.75,18.2,0.74,0.1,33,123.1,34.43,-10.14,93.6,3.3,330.0,3,3,20.81,-13.82,-18.85,-10.83,0.33,3.01
EMA_SAR_85_105_1h,1h,85,105,Stop-and-Reverse (SAR),10000.0,7787.1,-2212.9,-22.13,24.97,54.9,-0.69,-0.91,-0.72,24.2,0.75,-0.46,33,125.2,28.75,-11.04,95.2,3.3,330.0,3,3,18.61,-19.02,-16.81,-10.72,1.08,7.98
EMA_SAR_140_165_30m,30m,140,165,Stop-and-Reverse (SAR),10000.0,7784.49,-2215.51,-22.16,24.94,57.69,-0.67,-0.86,-0.69,23.5,0.75,-0.46,34,122.9,27.06,-9.92,96.2,3.4,340.0,3,3,15.05,-15.77,-21.38,-14.54,2.82,16.28
EMA_SAR_95_195_1h,1h,95,195,Stop-and-Reverse (SAR),10000.0,7782.72,-2217.28,-22.17,24.93,47.92,-0.77,-0.95,-0.83,19.2,0.72,-0.62,26,152.0,33.24,-10.81,91.0,2.6,260.0,1,5,14.37,-7.92,-23.78,-0.16,-0.96,-1.94
EMA_SAR_145_160_30m,30m,145,160,Stop-and-Reverse (SAR),10000.0,7782.29,-2217.71,-22.18,24.92,57.69,-0.67,-0.86,-0.69,23.5,0.75,-0.46,34,123.0,27.06,-9.92,96.3,3.4,340.0,3,3,14.51,-15.8,-21.38,-14.54,2.8,16.86
EMA_SAR_80_170_30m,30m,80,170,Stop-and-Reverse (SAR),10000.0,7779.68,-2220.32,-22.2,24.9,48.53,-0.64,-0.84,-0.82,25.0,0.75,-0.34,52,80.3,24.61,-6.7,96.1,5.2,520.0,3,3,6.28,-14.76,-14.19,-11.46,3.87,8.82
EMA_SAR_40_110_30m,30m,40,110,Stop-and-Reverse (SAR),10000.0,7779.22,-2220.78,-22.21,24.89,49.81,-0.62,-0.83,-0.8,29.3,0.8,-0.21,82,51.6,28.22,-5.84,97.5,8.2,820.0,2,4,22.22,-13.04,-19.65,-10.62,-1.4,3.37
EMA_SAR_140_150_30m,30m,140,150,Stop-and-Reverse (SAR),10000.0,7777.87,-2222.13,-22.22,24.88,54.62,-0.67,-0.86,-0.73,23.5,0.74,-0.46,34,123.3,27.5,-10.44,96.6,3.4,340.0,3,3,8.46,-15.48,-17.6,-12.23,2.04,14.97
EMA_SAR_100_110_1h,1h,100,110,Stop-and-Reverse (SAR),10000.0,7776.27,-2223.73,-22.24,24.86,51.44,-0.72,-0.94,-0.77,19.4,0.74,-0.48,31,133.0,34.53,-9.48,95.0,3.1,310.0,2,4,19.65,-16.89,-12.4,-10.8,-1.22,1.32
EMA_SAR_135_165_30m,30m,135,165,Stop-and-Reverse (SAR),10000.0,7772.06,-2227.94,-22.28,24.82,57.59,-0.67,-0.87,-0.69,23.5,0.75,-0.47,34,122.9,26.71,-9.96,96.2,3.4,340.0,3,3,15.05,-16.13,-20.2,-14.32,1.65,15.91
EMA_SAR_55_165_30m,30m,55,165,Stop-and-Reverse (SAR),10000.0,7771.07,-2228.93,-22.29,24.81,50.16,-0.64,-0.84,-0.79,29.6,0.77,-0.33,54,77.4,24.77,-6.35,96.2,5.4,540.0,3,3,14.54,-21.0,-8.74,-13.23,4.56,3.73
EMA_SAR_110_200_30m,30m,110,200,Stop-and-Reverse (SAR),10000.0,7769.28,-2230.72,-22.31,24.79,56.78,-0.68,-0.87,-0.7,24.2,0.74,-0.49,33,125.6,26.24,-10.59,95.4,3.3,330.0,3,3,12.33,-15.76,-21.45,-11.22,1.45,16.06
EMA_SAR_40_185_1h,1h,40,185,Stop-and-Reverse (SAR),10000.0,7766.24,-2233.76,-22.34,24.76,53.62,-0.73,-0.93,-0.74,17.6,0.74,-0.47,34,116.9,29.17,-12.37,91.5,3.4,340.0,3,3,17.64,-17.78,-18.83,-8.75,2.46,5.8
EMA_SAR_40_165_30m,30m,40,165,Stop-and-Reverse (SAR),10000.0,7765.07,-2234.93,-22.35,24.75,51.3,-0.65,-0.85,-0.78,25.8,0.78,-0.28,62,67.4,27.92,-5.56,96.2,6.2,620.0,3,3,27.31,-20.51,-14.21,-11.4,0.76,0.2
EMA_SAR_95_180_1h,1h,95,180,Stop-and-Reverse (SAR),10000.0,7760.68,-2239.32,-22.39,24.71,49.67,-0.78,-0.97,-0.81,20.8,0.72,-0.66,24,166.0,33.76,-9.75,91.7,2.4,240.0,2,4,12.93,-6.15,-24.51,-4.09,-1.29,2.47
EMA_SAR_40_180_5m,5m,40,180,Stop-and-Reverse (SAR),10000.0,7754.54,-2245.46,-22.45,24.65,49.54,-0.56,-0.74,-0.81,23.3,0.92,-0.04,386,11.2,23.62,-4.44,99.3,38.6,3860.0,3,3,19.46,6.96,-20.46,0.24,-20.81,-3.89
EMA_SAR_30_130_30m,30m,30,130,Stop-and-Reverse (SAR),10000.0,7749.92,-2250.08,-22.5,24.6,50.68,-0.64,-0.85,-0.79,27.9,0.8,-0.21,86,49.0,28.99,-5.67,97.0,8.6,860.0,2,4,22.69,-10.66,-19.65,-11.25,-5.94,5.41
EMA_SAR_40_170_5m,5m,40,170,Stop-and-Reverse (SAR),10000.0,7747.51,-2252.49,-22.52,24.58,48.97,-0.56,-0.74,-0.82,23.5,0.92,-0.04,388,11.1,23.74,-4.49,99.3,38.8,3880.0,3,3,15.83,10.12,-24.39,1.78,-20.21,-1.08
EMA_SAR_40_145_30m,30m,40,145,Stop-and-Reverse (SAR),10000.0,7746.09,-2253.91,-22.54,24.56,51.0,-0.65,-0.86,-0.79,28.1,0.78,-0.28,64,65.6,28.94,-5.63,96.7,6.4,640.0,2,4,17.13,-17.87,-13.12,-13.12,-3.06,10.04
EMA_SAR_45_80_1h,1h,45,80,Stop-and-Reverse (SAR),10000.0,7745.94,-2254.06,-22.54,24.56,47.32,-0.67,-0.9,-0.85,21.2,0.74,-0.35,52,80.4,25.68,-7.3,96.3,5.2,520.0,3,3,6.01,-15.45,-11.49,-12.62,2.08,9.47
EMA_SAR_40_165_5m,5m,40,165,Stop-and-Reverse (SAR),10000.0,7745.83,-2254.17,-22.54,24.56,46.22,-0.55,-0.73,-0.87,25.0,0.92,-0.04,392,11.0,24.03,-5.38,99.4,39.2,3920.0,4,2,10.81,10.23,-22.0,1.85,-20.31,0.16
EMA_SAR_130_165_1h,1h,130,165,Stop-and-Reverse (SAR),10000.0,7745.4,-2254.6,-22.55,24.55,47.64,-0.78,-0.96,-0.85,22.7,0.7,-0.75,22,182.4,31.68,-10.6,92.4,2.2,220.0,2,4,7.95,-7.22,-21.23,-1.76,-2.22,2.21
EMA_SAR_125_170_30m,30m,125,170,Stop-and-Reverse (SAR),10000.0,7741.83,-2258.17,-22.58,24.52,55.82,-0.69,-0.89,-0.72,23.5,0.74,-0.48,34,122.8,27.12,-10.59,96.1,3.4,340.0,3,3,11.28,-15.89,-19.48,-12.13,2.04,14.56
EMA_SAR_70_80_1h,1h,70,80,Stop-and-Reverse (SAR),10000.0,7741.16,-2258.84,-22.59,24.51,55.53,-0.7,-0.92,-0.73,23.5,0.73,-0.48,34,123.0,26.73,-9.96,96.3,3.4,340.0,3,3,10.38,-15.52,-20.36,-12.33,2.64,15.84
EMA_SAR_80_185_1h,1h,80,185,Stop-and-Reverse (SAR),10000.0,7739.86,-2260.14,-22.6,24.5,47.38,-0.8,-1.0,-0.85,19.2,0.73,-0.62,26,152.8,33.43,-10.31,91.5,2.6,260.0,1,5,13.55,-7.04,-20.63,-3.91,-1.15,-2.74
EMA_SAR_100_170_30m,30m,100,170,Stop-and-Reverse (SAR),10000.0,7739.34,-2260.66,-22.61,24.49,51.96,-0.68,-0.88,-0.78,26.1,0.74,-0.39,46,90.7,27.38,-7.66,96.1,4.6,460.0,2,4,9.97,-11.11,-17.02,-14.18,-3.8,15.57
EMA_SAR_135_170_30m,30m,135,170,Stop-and-Reverse (SAR),10000.0,7738.64,-2261.36,-22.61,24.49,57.45,-0.69,-0.89,-0.7,23.5,0.74,-0.48,34,122.8,27.06,-9.46,96.1,3.4,340.0,3,3,13.73,-14.85,-21.74,-14.61,2.84,16.28
EMA_SAR_65_95_1h,1h,65,95,Stop-and-Reverse (SAR),10000.0,7736.18,-2263.82,-22.64,24.46,56.35,-0.71,-0.92,-0.72,24.2,0.74,-0.49,33,125.8,27.12,-10.81,95.6,3.3,330.0,3,3,12.15,-16.9,-20.37,-12.47,2.59,16.08
EMA_SAR_60_170_30m,30m,60,170,Stop-and-Reverse (SAR),10000.0,7732.36,-2267.64,-22.68,24.42,49.85,-0.66,-0.86,-0.81,24.1,0.76,-0.34,54,77.3,25.78,-6.35,96.1,5.4,540.0,3,3,11.0,-18.82,-11.34,-12.56,4.7,5.71
EMA_SAR_105_150_30m,30m,105,150,Stop-and-Reverse (SAR),10000.0,7727.75,-2272.25,-22.72,24.38,50.58,-0.67,-0.88,-0.8,29.2,0.74,-0.38,48,87.4,25.24,-7.37,96.6,4.8,480.0,2,4,6.34,-14.61,-14.27,-12.4,-2.13,15.78
EMA_SAR_105_145_30m,30m,105,145,Stop-and-Reverse (SAR),10000.0,7728.25,-2271.75,-22.72,24.38,48.44,-0.66,-0.87,-0.84,27.1,0.74,-0.38,48,87.5,25.97,-7.27,96.7,4.8,480.0,3,3,5.12,-15.4,-12.66,-11.75,2.64,9.85
EMA_SAR_120_140_30m,30m,120,140,Stop-and-Reverse (SAR),10000.0,7727.32,-2272.68,-22.73,24.37,52.2,-0.68,-0.89,-0.78,28.6,0.74,-0.42,42,100.1,27.6,-9.56,96.8,4.2,420.0,2,4,9.62,-15.12,-13.44,-14.3,-3.59,16.12
EMA_SAR_105_165_30m,30m,105,165,Stop-and-Reverse (SAR),10000.0,7725.57,-2274.43,-22.74,24.36,52.72,-0.68,-0.89,-0.77,27.3,0.74,-0.41,44,95.0,27.38,-9.56,96.2,4.4,440.0,2,4,10.67,-14.99,-15.78,-12.97,-3.8,16.46
EMA_SAR_135_160_1h,1h,135,160,Stop-and-Reverse (SAR),10000.0,7725.34,-2274.66,-22.75,24.35,47.88,-0.79,-0.98,-0.85,22.7,0.7,-0.76,22,182.9,31.68,-10.6,92.7,2.2,220.0,2,4,8.16,-7.22,-20.98,-1.8,-2.93,2.21
EMA_SAR_125_190_1h,1h,125,190,Stop-and-Reverse (SAR),10000.0,7722.86,-2277.14,-22.77,24.33,50.02,-0.79,-0.97,-0.81,25.0,0.7,-0.82,20,198.2,32.36,-9.48,91.3,2.0,200.0,3,3,8.66,-5.65,-29.14,5.2,-4.55,5.86
EMA_SAR_55_70_1h,1h,55,70,Stop-and-Reverse (SAR),10000.0,7718.3,-2281.7,-22.82,24.28,48.93,-0.68,-0.91,-0.83,27.1,0.74,-0.39,48,87.6,25.32,-7.27,96.8,4.8,480.0,2,4,7.47,-18.83,-9.05,-11.71,-0.72,10.99
EMA_SAR_45_135_1h,1h,45,135,Stop-and-Reverse (SAR),10000.0,7717.58,-2282.42,-22.82,24.28,56.31,-0.73,-0.93,-0.72,25.7,0.75,-0.46,35,116.4,27.91,-11.13,93.8,3.5,350.0,3,3,19.37,-17.78,-19.64,-13.01,2.98,9.23
EMA_SAR_40_50_1h,1h,40,50,Stop-and-Reverse (SAR),10000.0,7718.09,-2281.91,-22.82,24.28,48.02,-0.66,-0.9,-0.85,26.8,0.77,-0.33,56,75.8,25.96,-5.66,97.7,5.6,560.0,2,4,13.43,-21.32,-6.31,-10.94,-2.77,6.59
EMA_SAR_140_160_30m,30m,140,160,Stop-and-Reverse (SAR),10000.0,7715.23,-2284.77,-22.85,24.25,57.35,-0.7,-0.9,-0.71,23.5,0.74,-0.49,34,123.0,26.81,-9.96,96.3,3.4,340.0,3,3,13.43,-15.79,-20.89,-14.32,2.69,16.04
EMA_SAR_35_180_30m,30m,35,180,Stop-and-Reverse (SAR),10000.0,7712.35,-2287.65,-22.88,24.22,52.1,-0.68,-0.89,-0.78,21.5,0.77,-0.29,65,64.1,27.18,-5.84,95.9,6.5,650.0,3,3,22.13,-17.43,-20.32,-9.45,0.41,5.57
EMA_SAR_90_185_1h,1h,90,185,Stop-and-Reverse (SAR),10000.0,7710.65,-2289.35,-22.89,24.21,48.46,-0.81,-1.0,-0.84,19.2,0.71,-0.64,26,152.8,33.76,-9.75,91.5,2.6,260.0,1,5,13.32,-6.15,-23.65,-3.29,-0.89,-0.92
EMA_SAR_40_45_1h,1h,40,45,Stop-and-Reverse (SAR),10000.0,7708.91,-2291.09,-22.91,24.19,50.1,-0.66,-0.91,-0.82,27.4,0.77,-0.3,62,68.6,27.37,-5.55,98.0,6.2,620.0,2,4,19.34,-18.67,-11.65,-12.32,-4.75,7.65
EMA_SAR_20_90_1h,1h,20,90,Stop-and-Reverse (SAR),10000.0,7706.99,-2293.01,-22.93,24.17,49.24,-0.69,-0.94,-0.83,22.0,0.77,-0.31,59,70.6,27.3,-5.69,95.9,5.9,590.0,3,3,21.63,-19.84,-10.88,-12.82,0.58,1.15
EMA_SAR_125_190_30m,30m,125,190,Stop-and-Reverse (SAR),10000.0,7704.16,-2295.84,-22.96,24.14,57.47,-0.71,-0.91,-0.71,24.2,0.74,-0.51,33,125.9,26.8,-9.46,95.6,3.3,330.0,3,3,14.87,-14.03,-22.02,-15.11,2.8,14.66
EMA_SAR_60_135_30m,30m,60,135,Stop-and-Reverse (SAR),10000.0,7701.59,-2298.41,-22.98,24.12,48.36,-0.66,-0.88,-0.85,25.0,0.77,-0.33,56,75.2,26.34,-6.35,96.9,5.6,560.0,2,4,14.87,-18.2,-10.16,-10.96,-0.7,3.19
EMA_SAR_60_105_1h,1h,60,105,Stop-and-Reverse (SAR),10000.0,7702.31,-2297.69,-22.98,24.12,55.86,-0.73,-0.94,-0.73,24.2,0.73,-0.51,33,125.2,26.95,-10.13,95.2,3.3,330.0,3,3,11.97,-16.35,-19.16,-13.56,2.9,14.35
EMA_SAR_40_170_1h,1h,40,170,Stop-and-Reverse (SAR),10000.0,7699.86,-2300.14,-23.0,24.1,54.42,-0.76,-0.96,-0.75,18.8,0.74,-0.53,32,125.1,28.9,-11.3,92.2,3.2,320.0,3,3,18.59,-18.42,-19.39,-10.08,3.79,5.79
EMA_SAR_40_155_5m,5m,40,155,Stop-and-Reverse (SAR),10000.0,7698.27,-2301.73,-23.02,24.08,46.19,-0.57,-0.76,-0.89,23.6,0.92,-0.04,398,10.8,23.99,-5.87,99.4,39.8,3980.0,3,3,9.1,12.46,-19.83,-0.16,-21.68,0.08
EMA_SAR_130_180_30m,30m,130,180,Stop-and-Reverse (SAR),10000.0,7695.96,-2304.04,-23.04,24.06,57.6,-0.71,-0.92,-0.71,23.5,0.74,-0.5,34,122.5,26.62,-9.46,95.9,3.4,340.0,3,3,15.18,-14.26,-21.6,-15.61,2.8,14.58
EMA_SAR_70_135_1h,1h,70,135,Stop-and-Reverse (SAR),10000.0,7694.91,-2305.09,-23.05,24.05,53.71,-0.74,-0.97,-0.76,20.0,0.74,-0.48,35,116.4,29.69,-9.93,93.8,3.5,350.0,3,3,20.03,-17.84,-17.02,-10.43,1.98,2.96
EMA_SAR_75_115_30m,30m,75,115,Stop-and-Reverse (SAR),10000.0,7694.05,-2305.95,-23.06,24.04,50.98,-0.66,-0.87,-0.81,24.1,0.76,-0.34,54,78.3,26.42,-6.35,97.4,5.4,540.0,3,3,14.92,-19.48,-10.33,-14.79,0.94,7.81
EMA_SAR_105_185_1h,1h,105,185,Stop-and-Reverse (SAR),10000.0,7693.01,-2306.99,-23.07,24.03,48.46,-0.82,-1.0,-0.85,22.7,0.7,-0.77,22,180.6,32.86,-10.41,91.5,2.2,220.0,1,5,11.87,-7.12,-21.55,-3.72,-1.87,-0.11
EMA_SAR_45_130_1h,1h,45,130,Stop-and-Reverse (SAR),10000.0,7690.41,-2309.59,-23.1,24.0,57.11,-0.74,-0.95,-0.72,21.6,0.74,-0.45,37,110.4,26.93,-11.13,94.0,3.7,370.0,3,3,19.96,-19.5,-20.31,-13.11,4.25,10.32
EMA_SAR_35_185_5m,5m,35,185,Stop-and-Reverse (SAR),10000.0,7688.63,-2311.37,-23.11,23.99,50.29,-0.58,-0.78,-0.82,22.8,0.91,-0.04,400,10.8,23.78,-4.44,99.3,40.0,4000.0,3,3,14.51,8.8,-20.35,-0.78,-23.05,1.47
EMA_SAR_125_185_30m,30m,125,185,Stop-and-Reverse (SAR),10000.0,7685.68,-2314.32,-23.14,23.96,57.46,-0.72,-0.92,-0.72,26.5,0.73,-0.51,34,122.3,26.62,-9.46,95.8,3.4,340.0,3,3,15.23,-14.26,-21.36,-15.61,2.82,14.0
EMA_SAR_80_120_1h,1h,80,120,Stop-and-Reverse (SAR),10000.0,7685.44,-2314.56,-23.15,23.95,50.9,-0.74,-0.97,-0.81,20.0,0.74,-0.48,35,117.2,29.01,-9.93,94.5,3.5,350.0,3,3,15.93,-17.44,-12.29,-10.02,1.54,0.21
EMA_SAR_145_155_1h,1h,145,155,Stop-and-Reverse (SAR),10000.0,7681.1,-2318.9,-23.19,23.91,50.42,-0.8,-1.0,-0.82,20.8,0.7,-0.73,24,168.0,31.84,-10.39,92.9,2.4,240.0,2,4,12.41,-6.89,-21.77,-3.99,-4.94,2.79
EMA_SAR_105_190_1h,1h,105,190,Stop-and-Reverse (SAR),10000.0,7672.39,-2327.61,-23.28,23.82,49.71,-0.83,-1.01,-0.83,20.8,0.7,-0.72,24,165.1,32.86,-10.4,91.3,2.4,240.0,2,4,12.91,-7.12,-24.04,-3.53,-1.29,1.14
EMA_SAR_40_150_30m,30m,40,150,Stop-and-Reverse (SAR),10000.0,7670.68,-2329.32,-23.29,23.81,51.34,-0.69,-0.91,-0.81,24.2,0.77,-0.28,66,63.5,28.55,-5.55,96.6,6.6,660.0,2,4,17.67,-19.74,-12.16,-13.79,-0.93,8.26
EMA_SAR_90_95_30m,30m,90,95,Stop-and-Reverse (SAR),10000.0,7667.63,-2332.37,-23.32,23.78,51.59,-0.67,-0.89,-0.8,26.9,0.75,-0.36,52,81.7,26.27,-6.93,97.8,5.2,520.0,3,3,13.21,-19.47,-11.36,-14.79,2.68,8.45
EMA_SAR_30_75_1h,1h,30,75,Stop-and-Reverse (SAR),10000.0,7662.13,-2337.87,-23.38,23.72,48.37,-0.7,-0.95,-0.86,25.0,0.76,-0.34,56,74.9,24.42,-5.91,96.6,5.6,560.0,3,3,11.2,-23.79,-8.16,-8.5,1.49,6.01
EMA_SAR_40_160_5m,5m,40,160,Stop-and-Reverse (SAR),10000.0,7660.15,-2339.85,-23.4,23.7,47.01,-0.59,-0.78,-0.88,24.1,0.91,-0.04,398,10.8,23.91,-5.38,99.4,39.8,3980.0,3,3,11.04,10.3,-21.91,0.47,-20.07,-0.28
EMA_SAR_55_160_30m,30m,55,160,Stop-and-Reverse (SAR),10000.0,7652.04,-2347.96,-23.48,23.62,50.11,-0.69,-0.91,-0.83,26.8,0.76,-0.19,56,74.7,24.74,-6.35,96.3,5.6,560.0,3,3,14.82,-22.77,-8.81,-11.09,2.82,3.51
EMA_SAR_130_185_1h,1h,130,185,Stop-and-Reverse (SAR),10000.0,7651.64,-2348.36,-23.48,23.62,50.02,-0.83,-1.01,-0.83,25.0,0.69,-0.86,20,198.7,32.36,-9.48,91.5,2.0,200.0,3,3,7.66,-5.65,-29.14,5.2,-4.55,5.86
EMA_SAR_150_155_30m,30m,150,155,Stop-and-Reverse (SAR),10000.0,7652.37,-2347.63,-23.48,23.62,57.69,-0.73,-0.94,-0.72,23.5,0.73,-0.51,34,123.2,27.06,-9.92,96.4,3.4,340.0,3,3,12.6,-15.8,-21.38,-14.54,2.8,16.86
EMA_SAR_60_150_30m,30m,60,150,Stop-and-Reverse (SAR),10000.0,7650.6,-2349.4,-23.49,23.61,48.68,-0.69,-0.91,-0.86,25.0,0.76,-0.35,56,74.9,25.37,-6.35,96.6,5.6,560.0,3,3,11.39,-20.66,-8.83,-10.96,1.65,4.91
EMA_SAR_125_195_30m,30m,125,195,Stop-and-Reverse (SAR),10000.0,7651.03,-2348.97,-23.49,23.61,57.13,-0.74,-0.94,-0.73,24.2,0.73,-0.53,33,125.7,26.95,-9.92,95.5,3.3,330.0,3,3,12.42,-14.74,-21.18,-14.24,2.29,15.45
EMA_SAR_80_175_1h,1h,80,175,Stop-and-Reverse (SAR),10000.0,7650.82,-2349.18,-23.49,23.61,49.71,-0.84,-1.06,-0.84,19.2,0.72,-0.64,26,153.6,33.5,-10.69,92.0,2.6,260.0,2,4,12.38,-7.71,-23.46,-4.69,-0.65,1.77
EMA_SAR_90_120_1h,1h,90,120,Stop-and-Reverse (SAR),10000.0,7647.25,-2352.75,-23.53,23.57,52.65,-0.78,-1.03,-0.79,19.4,0.73,-0.53,31,132.4,34.53,-9.66,94.5,3.1,310.0,2,4,19.66,-17.23,-13.8,-11.88,-0.52,2.19
EMA_SAR_80_105_30m,30m,80,105,Stop-and-Reverse (SAR),10000.0,7645.67,-2354.33,-23.54,23.56,52.49,-0.68,-0.9,-0.8,26.9,0.75,-0.37,52,81.5,26.63,-6.43,97.6,5.2,520.0,3,3,15.47,-18.71,-11.33,-17.28,2.65,8.18
EMA_SAR_65_180_30m,30m,65,180,Stop-and-Reverse (SAR),10000.0,7646.15,-2353.85,-23.54,23.56,47.31,-0.71,-0.92,-0.88,28.3,0.75,-0.21,53,78.6,24.98,-6.46,95.9,5.3,530.0,3,3,8.62,-10.66,-15.05,-12.76,3.39,2.84
EMA_SAR_70_115_5m,5m,70,115,Stop-and-Reverse (SAR),10000.0,7641.77,-2358.23,-23.58,23.52,44.47,-0.6,-0.78,-0.94,26.7,0.91,-0.02,356,12.1,23.9,-5.02,99.6,35.6,3560.0,3,3,6.08,14.52,-20.11,3.8,-22.01,-2.73
EMA_SAR_65_125_5m,5m,65,125,Stop-and-Reverse (SAR),10000.0,7640.36,-2359.64,-23.6,23.5,46.27,-0.6,-0.79,-0.91,26.4,0.91,-0.02,356,12.1,23.81,-5.02,99.5,35.6,3560.0,3,3,8.39,17.75,-20.86,2.22,-22.37,-4.67
EMA_SAR_65_135_1h,1h,65,135,Stop-and-Reverse (SAR),10000.0,7638.62,-2361.38,-23.61,23.49,54.76,-0.77,-1.0,-0.77,22.9,0.74,-0.5,35,116.4,28.93,-11.04,93.8,3.5,350.0,3,3,20.8,-20.53,-15.6,-9.78,0.73,3.73
EMA_SAR_65_130_30m,30m,65,130,Stop-and-Reverse (SAR),10000.0,7636.43,-2363.57,-23.64,23.46,48.98,-0.69,-0.91,-0.86,25.0,0.76,-0.35,56,75.2,26.79,-6.35,97.0,5.6,560.0,2,4,14.9,-19.39,-9.44,-11.65,-0.47,3.54
EMA_SAR_55_140_30m,30m,55,140,Stop-and-Reverse (SAR),10000.0,7635.43,-2364.57,-23.65,23.45,50.33,-0.7,-0.92,-0.83,24.1,0.77,-0.33,58,72.5,27.36,-6.35,96.8,5.8,580.0,2,4,18.59,-18.01,-12.64,-11.61,-1.7,3.45
EMA_SAR_55_110_30m,30m,55,110,Stop-and-Reverse (SAR),10000.0,7634.89,-2365.11,-23.65,23.45,54.79,-0.69,-0.92,-0.77,27.9,0.77,-0.28,68,62.3,28.21,-6.35,97.5,6.8,680.0,2,4,24.33,-20.78,-15.68,-12.56,-5.7,11.48
EMA_SAR_65_145_1h,1h,65,145,Stop-and-Reverse (SAR),10000.0,7632.06,-2367.94,-23.68,23.42,51.97,-0.78,-1.01,-0.81,20.0,0.73,-0.51,35,115.8,30.15,-9.93,93.3,3.5,350.0,3,3,17.27,-14.98,-16.93,-10.22,1.98,0.65
EMA_SAR_30_175_30m,30m,30,175,Stop-and-Reverse (SAR),10000.0,7628.71,-2371.29,-23.71,23.39,53.17,-0.72,-0.94,-0.79,22.4,0.77,-0.28,67,62.2,27.57,-6.46,96.0,6.7,670.0,2,4,24.37,-15.89,-22.62,-10.14,-0.23,5.12
EMA_SAR_5_140_1h,1h,5,140,Stop-and-Reverse (SAR),10000.0,7620.88,-2379.12,-23.79,23.31,50.64,-0.77,-1.03,-0.83,14.4,0.79,-0.2,97,41.9,30.27,-5.46,93.6,9.7,970.0,2,4,24.3,0.45,-23.89,-12.67,-1.33,-6.93
EMA_SAR_110_155_30m,30m,110,155,Stop-and-Reverse (SAR),10000.0,7618.14,-2381.86,-23.82,23.28,52.75,-0.73,-0.95,-0.8,26.2,0.73,-0.46,42,99.7,27.38,-9.56,96.4,4.2,420.0,2,4,8.38,-14.9,-16.01,-12.88,-3.7,17.22
EMA_SAR_50_125_1h,1h,50,125,Stop-and-Reverse (SAR),10000.0,7617.92,-2382.08,-23.82,23.28,54.57,-0.77,-0.99,-0.77,22.9,0.73,-0.51,35,116.9,26.73,-10.13,94.3,3.5,350.0,3,3,13.59,-14.4,-19.78,-12.5,2.97,8.4
EMA_SAR_30_50_1h,1h,30,50,Stop-and-Reverse (SAR),10000.0,7616.62,-2383.38,-23.83,23.27,53.39,-0.71,-0.98,-0.79,24.3,0.77,-0.28,70,60.6,28.22,-5.78,97.7,7.0,700.0,2,4,24.13,-21.34,-13.32,-12.8,-5.64,9.39
EMA_SAR_45_165_30m,30m,45,165,Stop-and-Reverse (SAR),10000.0,7615.82,-2384.18,-23.84,23.26,50.81,-0.72,-0.95,-0.83,25.8,0.77,-0.31,62,67.4,28.11,-5.55,96.2,6.2,620.0,3,3,23.25,-19.87,-14.33,-10.96,1.03,0.06
EMA_SAR_145_155_30m,30m,145,155,Stop-and-Reverse (SAR),10000.0,7614.38,-2385.62,-23.86,23.24,57.2,-0.75,-0.97,-0.74,23.5,0.73,-0.53,34,123.2,26.81,-9.96,96.4,3.4,340.0,3,3,11.54,-15.79,-20.89,-14.0,2.69,16.04
EMA_SAR_45_155_30m,30m,45,155,Stop-and-Reverse (SAR),10000.0,7613.89,-2386.11,-23.86,23.24,51.5,-0.72,-0.95,-0.82,24.2,0.77,-0.31,62,67.6,27.89,-5.69,96.4,6.2,620.0,3,3,22.0,-21.78,-13.83,-10.62,1.09,2.47
EMA_SAR_55_195_30m,30m,55,195,Stop-and-Reverse (SAR),10000.0,7609.66,-2390.34,-23.9,23.2,46.84,-0.74,-0.96,-0.9,28.3,0.75,-0.37,53,78.3,27.58,-6.35,95.5,5.3,530.0,2,4,9.96,-8.06,-16.5,-13.09,4.31,-0.56
EMA_SAR_85_190_1h,1h,85,190,Stop-and-Reverse (SAR),10000.0,7608.68,-2391.32,-23.91,23.19,49.69,-0.86,-1.06,-0.85,19.2,0.7,-0.7,26,152.4,33.27,-10.27,91.3,2.6,260.0,1,5,13.83,-7.01,-23.82,-3.85,-1.52,-0.35
EMA_SAR_100_105_1h,1h,100,105,Stop-and-Reverse (SAR),10000.0,7607.06,-2392.94,-23.93,23.17,53.61,-0.8,-1.05,-0.79,19.4,0.73,-0.54,31,133.3,35.27,-9.66,95.2,3.1,310.0,2,4,20.23,-16.97,-15.22,-12.04,-0.95,3.18
EMA_SAR_60_185_30m,30m,60,185,Stop-and-Reverse (SAR),10000.0,7606.52,-2393.48,-23.93,23.17,47.32,-0.73,-0.95,-0.9,29.1,0.74,-0.37,55,75.6,25.27,-6.35,95.8,5.5,550.0,3,3,9.69,-9.79,-15.56,-13.22,4.28,0.59
EMA_SAR_95_175_1h,1h,95,175,Stop-and-Reverse (SAR),10000.0,7606.87,-2393.13,-23.93,23.17,49.88,-0.86,-1.07,-0.85,20.8,0.7,-0.74,24,166.4,33.76,-9.75,92.0,2.4,240.0,2,4,11.17,-6.15,-25.3,-3.51,-1.28,2.47
EMA_SAR_75_110_30m,30m,75,110,Stop-and-Reverse (SAR),10000.0,7606.34,-2393.66,-23.94,23.16,52.48,-0.7,-0.92,-0.81,25.9,0.75,-0.36,54,78.4,26.63,-6.43,97.5,5.4,540.0,2,4,16.18,-17.52,-10.24,-17.19,-2.47,9.51
EMA_SAR_30_65_1h,1h,30,65,Stop-and-Reverse (SAR),10000.0,7603.86,-2396.14,-23.96,23.14,48.67,-0.72,-0.99,-0.87,25.0,0.76,-0.35,56,75.2,27.34,-5.88,97.0,5.6,560.0,2,4,15.69,-18.66,-9.74,-11.16,-2.81,3.69
EMA_SAR_70_120_30m,30m,70,120,Stop-and-Reverse (SAR),10000.0,7603.28,-2396.72,-23.97,23.13,52.14,-0.71,-0.93,-0.81,24.1,0.75,-0.36,54,78.2,26.41,-6.35,97.2,5.4,540.0,3,3,15.1,-19.21,-10.66,-16.8,0.35,9.61
EMA_SAR_90_190_1h,1h,90,190,Stop-and-Reverse (SAR),10000.0,7602.25,-2397.75,-23.98,23.12,47.57,-0.87,-1.07,-0.89,19.2,0.71,-0.7,26,152.4,33.76,-9.87,91.3,2.6,260.0,1,5,14.37,-6.43,-22.4,-2.54,-1.27,-4.86
EMA_SAR_60_155_1h,1h,60,155,Stop-and-Reverse (SAR),10000.0,7600.76,-2399.24,-23.99,23.11,53.26,-0.8,-1.03,-0.8,16.7,0.73,-0.51,36,112.0,29.19,-10.05,92.9,3.6,360.0,3,3,19.88,-12.84,-22.35,-9.43,2.67,0.75
EMA_SAR_120_180_30m,30m,120,180,Stop-and-Reverse (SAR),10000.0,7601.09,-2398.91,-23.99,23.11,57.42,-0.76,-0.97,-0.74,23.5,0.73,-0.53,34,122.5,26.71,-10.59,95.9,3.4,340.0,3,3,12.48,-16.77,-21.53,-11.66,1.49,15.42
EMA_SAR_60_190_30m,30m,60,190,Stop-and-Reverse (SAR),10000.0,7601.33,-2398.67,-23.99,23.11,48.51,-0.73,-0.95,-0.88,29.1,0.74,-0.22,55,75.5,25.59,-6.35,95.6,5.5,550.0,3,3,10.09,-10.05,-15.88,-14.6,4.77,2.0
EMA_SAR_55_155_30m,30m,55,155,Stop-and-Reverse (SAR),10000.0,7599.53,-2400.47,-24.0,23.1,50.43,-0.72,-0.94,-0.84,26.8,0.76,-0.36,56,74.8,25.37,-6.35,96.4,5.6,560.0,3,3,13.6,-22.69,-9.72,-10.87,1.67,5.76
EMA_SAR_15_65_1h,1h,15,65,Stop-and-Reverse (SAR),10000.0,7598.07,-2401.93,-24.02,23.08,49.32,-0.73,-1.0,-0.86,30.0,0.79,-0.25,80,52.7,28.85,-6.33,97.0,8.0,800.0,2,4,22.9,-14.96,-14.47,-11.11,-6.48,2.25
EMA_SAR_55_80_1h,1h,55,80,Stop-and-Reverse (SAR),10000.0,7597.52,-2402.48,-24.02,23.08,53.4,-0.76,-0.99,-0.8,27.3,0.73,-0.44,44,95.1,27.49,-11.26,96.3,4.4,440.0,2,4,9.82,-18.76,-15.07,-12.48,-2.03,16.93
EMA_SAR_70_140_1h,1h,70,140,Stop-and-Reverse (SAR),10000.0,7593.55,-2406.45,-24.06,23.04,52.92,-0.8,-1.04,-0.81,18.9,0.73,-0.5,37,109.8,29.61,-9.93,93.6,3.7,370.0,3,3,19.03,-16.03,-17.1,-9.95,1.13,0.64
EMA_SAR_125_140_30m,30m,125,140,Stop-and-Reverse (SAR),10000.0,7591.86,-2408.14,-24.08,23.02,53.44,-0.74,-0.97,-0.8,27.3,0.73,-0.44,44,95.5,27.51,-9.56,96.8,4.4,440.0,2,4,8.14,-15.4,-17.59,-11.68,-3.51,18.17
EMA_SAR_60_130_30m,30m,60,130,Stop-and-Reverse (SAR),10000.0,7592.08,-2407.92,-24.08,23.02,50.01,-0.71,-0.94,-0.85,25.9,0.75,-0.34,58,72.6,26.58,-6.35,97.0,5.8,580.0,2,4,12.42,-17.34,-12.02,-12.12,-1.59,7.37
EMA_SAR_40_180_30m,30m,40,180,Stop-and-Reverse (SAR),10000.0,7591.53,-2408.47,-24.08,23.02,50.61,-0.73,-0.97,-0.84,23.0,0.76,-0.18,61,68.3,27.1,-5.55,95.9,6.1,610.0,3,3,20.37,-18.67,-13.76,-12.62,0.61,2.28
EMA_SAR_75_135_1h,1h,75,135,Stop-and-Reverse (SAR),10000.0,7591.43,-2408.57,-24.09,23.01,53.66,-0.81,-1.06,-0.79,18.2,0.72,0.03,33,123.4,34.73,-10.14,93.8,3.3,330.0,3,3,21.95,-17.42,-18.74,-9.66,1.05,1.62
EMA_SAR_120_200_30m,30m,120,200,Stop-and-Reverse (SAR),10000.0,7588.18,-2411.82,-24.12,22.98,57.76,-0.77,-0.98,-0.74,24.2,0.73,-0.56,33,125.6,26.95,-9.46,95.4,3.3,330.0,3,3,13.27,-13.67,-22.52,-15.11,2.57,15.02
EMA_SAR_25_75_1h,1h,25,75,Stop-and-Reverse (SAR),10000.0,7586.91,-2413.09,-24.13,22.97,50.02,-0.74,-1.01,-0.85,24.1,0.76,-0.34,58,72.3,26.36,-5.91,96.6,5.8,580.0,2,4,20.16,-21.11,-10.74,-11.62,-0.85,2.33
EMA_SAR_60_110_30m,30m,60,110,Stop-and-Reverse (SAR),10000.0,7585.64,-2414.36,-24.14,22.96,53.59,-0.71,-0.94,-0.8,26.5,0.76,-0.3,68,62.3,26.95,-6.35,97.5,6.8,680.0,2,4,20.96,-20.38,-14.41,-12.67,-5.11,11.05
EMA_SAR_30_90_1h,1h,30,90,Stop-and-Reverse (SAR),10000.0,7583.85,-2416.15,-24.16,22.94,46.64,-0.74,-1.0,-0.92,27.3,0.74,-0.38,55,75.7,24.62,-6.6,95.9,5.5,550.0,2,4,9.27,-17.02,-7.66,-13.61,5.62,-0.72
EMA_SAR_90_195_1h,1h,90,195,Stop-and-Reverse (SAR),10000.0,7583.07,-2416.93,-24.17,22.93,47.63,-0.88,-1.08,-0.9,19.2,0.71,-0.71,26,152.0,33.87,-9.92,91.0,2.6,260.0,1,5,14.28,-6.53,-21.48,-3.94,-1.08,-4.86
EMA_SAR_90_115_1h,1h,90,115,Stop-and-Reverse (SAR),10000.0,7580.44,-2419.56,-24.2,22.9,53.67,-0.82,-1.07,-0.8,18.2,0.72,-0.52,33,124.6,35.25,-9.66,94.7,3.3,330.0,2,4,19.44,-17.01,-14.32,-13.52,-0.41,3.64
EMA_SAR_25_80_1h,1h,25,80,Stop-and-Reverse (SAR),10000.0,7577.94,-2422.06,-24.22,22.88,50.75,-0.74,-1.01,-0.84,26.8,0.76,-0.36,56,74.7,27.05,-5.84,96.3,5.6,560.0,3,3,19.54,-22.9,-10.8,-11.61,2.92,1.33
EMA_SAR_15_85_1h,1h,15,85,Stop-and-Reverse (SAR),10000.0,7577.95,-2422.05,-24.22,22.88,50.13,-0.75,-1.02,-0.85,24.6,0.78,-0.28,69,60.5,28.77,-5.84,96.1,6.9,690.0,1,5,24.01,-14.55,-21.27,-8.31,-0.5,-0.44
EMA_SAR_85_180_1h,1h,85,180,Stop-and-Reverse (SAR),10000.0,7576.77,-2423.23,-24.23,22.87,49.73,-0.88,-1.09,-0.86,19.2,0.7,-0.71,26,153.2,33.43,-10.31,91.7,2.6,260.0,1,5,13.16,-7.04,-24.73,-2.83,-1.51,-0.0
EMA_SAR_95_110_1h,1h,95,110,Stop-and-Reverse (SAR),10000.0,7576.03,-2423.97,-24.24,22.86,53.36,-0.82,-1.07,-0.8,19.4,0.72,-0.56,31,133.0,35.27,-9.66,95.0,3.1,310.0,2,4,19.09,-16.97,-15.22,-12.04,-0.41,3.18
EMA_SAR_185_195_30m,30m,185,195,Stop-and-Reverse (SAR),10000.0,7575.26,-2424.74,-24.25,22.85,55.95,-0.78,-1.0,-0.77,23.5,0.73,-0.53,34,122.0,28.33,-10.38,95.5,3.4,340.0,3,3,16.18,-17.21,-20.48,-11.14,2.68,8.55
EMA_SAR_125_135_30m,30m,125,135,Stop-and-Reverse (SAR),10000.0,7575.45,-2424.55,-24.25,22.85,52.35,-0.75,-0.98,-0.82,26.2,0.72,-0.47,42,100.2,27.6,-9.56,96.9,4.2,420.0,2,4,7.8,-15.12,-13.99,-14.02,-3.59,16.12
EMA_SAR_135_180_1h,1h,135,180,Stop-and-Reverse (SAR),10000.0,7573.12,-2426.88,-24.27,22.83,50.14,-0.86,-1.07,-0.86,25.0,0.68,-0.91,20,199.2,32.15,-9.7,91.7,2.0,200.0,3,3,6.71,-5.59,-29.28,5.2,-4.55,5.86
EMA_SAR_65_165_30m,30m,65,165,Stop-and-Reverse (SAR),10000.0,7570.76,-2429.24,-24.29,22.81,50.37,-0.73,-0.96,-0.85,25.9,0.74,-0.38,54,77.4,25.27,-6.6,96.2,5.4,540.0,3,3,10.42,-19.66,-10.61,-13.16,4.87,4.85
EMA_SAR_30_60_1h,1h,30,60,Stop-and-Reverse (SAR),10000.0,7569.68,-2430.32,-24.3,22.8,51.85,-0.74,-1.01,-0.83,25.0,0.75,-0.34,60,70.4,27.04,-5.88,97.3,6.0,600.0,2,4,15.32,-19.91,-12.93,-12.97,-2.93,11.41
EMA_SAR_5_135_1h,1h,5,135,Stop-and-Reverse (SAR),10000.0,7570.37,-2429.63,-24.3,22.8,50.0,-0.8,-1.07,-0.86,14.4,0.79,-0.19,104,39.2,30.27,-5.46,93.8,10.4,1040.0,2,4,21.89,4.54,-24.28,-13.1,-0.87,-8.92
EMA_SAR_40_175_30m,30m,40,175,Stop-and-Reverse (SAR),10000.0,7570.43,-2429.57,-24.3,22.8,50.38,-0.74,-0.98,-0.85,23.0,0.76,-0.33,61,68.3,27.36,-5.55,96.0,6.1,610.0,3,3,21.94,-19.4,-14.25,-10.99,0.38,0.53
EMA_SAR_25_85_1h,1h,25,85,Stop-and-Reverse (SAR),10000.0,7566.77,-2433.23,-24.33,22.77,48.83,-0.75,-1.02,-0.88,25.0,0.76,-0.36,56,74.5,25.82,-5.71,96.1,5.6,560.0,3,3,16.0,-23.11,-8.9,-9.85,0.22,3.06
EMA_SAR_70_85_1h,1h,70,85,Stop-and-Reverse (SAR),10000.0,7565.82,-2434.18,-24.34,22.76,55.44,-0.79,-1.03,-0.78,23.5,0.72,-0.55,34,122.7,26.62,-10.13,96.1,3.4,340.0,3,3,9.65,-15.59,-19.98,-12.47,2.6,13.75
EMA_SAR_135_175_30m,30m,135,175,Stop-and-Reverse (SAR),10000.0,7563.11,-2436.89,-24.37,22.73,57.91,-0.78,-1.0,-0.74,26.5,0.72,-0.55,34,122.6,26.74,-9.92,96.0,3.4,340.0,3,3,15.1,-14.97,-22.24,-14.85,2.8,13.53
EMA_SAR_80_105_5m,5m,80,105,Stop-and-Reverse (SAR),10000.0,7563.48,-2436.52,-24.37,22.73,44.13,-0.63,-0.83,-0.98,26.7,0.91,-0.05,348,12.4,23.84,-5.08,99.6,34.8,3480.0,3,3,5.17,17.28,-23.04,4.22,-21.83,-2.19
EMA_SAR_60_65_1h,1h,60,65,Stop-and-Reverse (SAR),10000.0,7561.45,-2438.55,-24.39,22.71,50.74,-0.75,-1.0,-0.85,27.1,0.73,-0.43,48,87.8,25.32,-7.27,97.0,4.8,480.0,2,4,9.7,-18.83,-11.91,-12.08,-0.72,10.44
EMA_SAR_85_195_1h,1h,85,195,Stop-and-Reverse (SAR),10000.0,7557.17,-2442.83,-24.43,22.67,48.48,-0.89,-1.1,-0.89,19.2,0.7,-0.72,26,152.0,33.76,-9.87,91.0,2.6,260.0,1,5,13.86,-6.43,-25.11,-1.17,-0.87,-3.32
EMA_SAR_90_110_1h,1h,90,110,Stop-and-Reverse (SAR),10000.0,7555.28,-2444.72,-24.45,22.65,52.65,-0.81,-1.06,-0.82,20.0,0.72,-0.53,35,117.8,29.26,-9.66,95.0,3.5,350.0,3,3,16.65,-16.95,-12.8,-12.18,0.22,1.61
EMA_SAR_35_150_30m,30m,35,150,Stop-and-Reverse (SAR),10000.0,7550.22,-2449.78,-24.5,22.6,49.92,-0.75,-0.99,-0.87,23.6,0.77,-0.28,72,58.2,28.9,-5.89,96.6,7.2,720.0,2,4,17.31,-18.68,-14.03,-9.82,-2.67,4.88
EMA_SAR_50_170_1h,1h,50,170,Stop-and-Reverse (SAR),10000.0,7548.57,-2451.43,-24.51,22.59,53.56,-0.84,-1.07,-0.81,15.8,0.73,-0.5,38,105.3,29.35,-10.48,92.2,3.8,380.0,3,3,18.61,-13.24,-19.62,-10.98,0.65,1.85
EMA_SAR_135_180_30m,30m,135,180,Stop-and-Reverse (SAR),10000.0,7546.21,-2453.79,-24.54,22.56,57.34,-0.79,-1.01,-0.76,23.5,0.72,-0.55,34,122.5,26.8,-9.92,95.9,3.4,340.0,3,3,11.53,-15.14,-21.17,-14.25,2.28,15.32
EMA_SAR_60_160_30m,30m,60,160,Stop-and-Reverse (SAR),10000.0,7544.24,-2455.76,-24.56,22.54,51.32,-0.74,-0.98,-0.84,27.8,0.74,-0.39,54,77.5,24.77,-6.35,96.3,5.4,540.0,3,3,13.17,-22.17,-12.3,-10.49,4.02,4.9
EMA_SAR_30_170_30m,30m,30,170,Stop-and-Reverse (SAR),10000.0,7543.12,-2456.88,-24.57,22.53,52.83,-0.76,-0.99,-0.82,25.4,0.77,-0.3,67,62.3,28.04,-5.84,96.1,6.7,670.0,2,4,23.8,-16.1,-22.3,-9.45,-0.41,3.64
EMA_SAR_60_105_30m,30m,60,105,Stop-and-Reverse (SAR),10000.0,7543.27,-2456.73,-24.57,22.53,54.51,-0.73,-0.98,-0.8,26.5,0.76,-0.3,68,62.3,27.78,-6.35,97.6,6.8,680.0,2,4,21.59,-20.59,-15.27,-12.99,-5.45,12.08
EMA_SAR_85_95_5m,5m,85,95,Stop-and-Reverse (SAR),10000.0,7539.45,-2460.55,-24.61,22.49,42.76,-0.64,-0.84,-1.02,25.7,0.91,-0.04,358,12.1,23.9,-5.02,99.6,35.8,3580.0,3,3,4.04,18.15,-23.99,3.31,-21.12,-0.99
EMA_SAR_60_85_1h,1h,60,85,Stop-and-Reverse (SAR),10000.0,7538.75,-2461.25,-24.61,22.49,56.17,-0.8,-1.04,-0.77,22.2,0.72,-0.51,36,115.9,27.36,-11.13,96.1,3.6,360.0,3,3,9.62,-18.99,-18.56,-12.19,2.91,15.35
EMA_SAR_50_165_1h,1h,50,165,Stop-and-Reverse (SAR),10000.0,7538.61,-2461.39,-24.61,22.49,53.06,-0.84,-1.07,-0.82,17.6,0.73,-0.55,34,118.0,30.1,-11.21,92.4,3.4,340.0,2,4,16.99,-13.58,-20.68,-7.57,-0.23,1.94
EMA_SAR_60_95_30m,30m,60,95,Stop-and-Reverse (SAR),10000.0,7537.42,-2462.58,-24.63,22.47,54.71,-0.73,-0.97,-0.79,27.9,0.78,-0.3,68,62.5,28.76,-6.35,97.8,6.8,680.0,2,4,26.35,-18.64,-18.31,-12.28,-4.98,7.68
EMA_SAR_110_140_30m,30m,110,140,Stop-and-Reverse (SAR),10000.0,7534.3,-2465.7,-24.66,22.44,50.95,-0.76,-0.99,-0.85,26.0,0.72,-0.42,50,84.1,25.7,-7.27,96.8,5.0,500.0,3,3,7.8,-16.03,-14.91,-11.61,0.83,9.75
EMA_SAR_55_160_1h,1h,55,160,Stop-and-Reverse (SAR),10000.0,7534.34,-2465.66,-24.66,22.44,52.78,-0.84,-1.07,-0.82,17.6,0.72,-0.56,34,118.3,29.58,-11.16,92.7,3.4,340.0,3,3,16.33,-14.26,-21.3,-7.04,1.35,1.88
EMA_SAR_40_140_30m,30m,40,140,Stop-and-Reverse (SAR),10000.0,7529.21,-2470.79,-24.71,22.39,52.39,-0.75,-1.0,-0.83,26.5,0.77,-0.3,68,61.8,29.05,-5.84,96.8,6.8,680.0,2,4,17.11,-20.54,-12.45,-13.39,-2.74,9.73
EMA_SAR_50_75_1h,1h,50,75,Stop-and-Reverse (SAR),10000.0,7516.52,-2483.48,-24.83,22.27,48.36,-0.78,-1.04,-0.91,26.0,0.72,-0.42,50,83.9,25.68,-7.27,96.6,5.0,500.0,2,4,3.79,-18.54,-9.39,-10.71,-0.72,10.68
EMA_SAR_65_100_1h,1h,65,100,Stop-and-Reverse (SAR),10000.0,7517.4,-2482.6,-24.83,22.27,57.27,-0.82,-1.06,-0.76,24.2,0.72,-0.58,33,125.5,27.15,-10.81,95.4,3.3,330.0,3,3,13.62,-17.75,-19.56,-14.19,2.48,13.73
EMA_SAR_110_160_30m,30m,110,160,Stop-and-Reverse (SAR),10000.0,7516.32,-2483.68,-24.84,22.26,53.66,-0.78,-1.02,-0.82,25.0,0.72,-0.47,44,95.1,27.49,-9.56,96.3,4.4,440.0,2,4,9.78,-14.74,-18.85,-11.12,-4.76,16.89
EMA_SAR_70_180_30m,30m,70,180,Stop-and-Reverse (SAR),10000.0,7504.76,-2495.24,-24.95,22.15,48.62,-0.77,-1.01,-0.9,24.5,0.72,-0.41,53,78.6,25.21,-6.44,95.9,5.3,530.0,3,3,7.99,-12.04,-16.74,-11.84,2.12,5.4
EMA_SAR_65_140_30m,30m,65,140,Stop-and-Reverse (SAR),10000.0,7504.25,-2495.75,-24.96,22.14,48.48,-0.76,-1.0,-0.91,23.2,0.75,-0.38,56,75.1,26.21,-6.35,96.8,5.6,560.0,3,3,11.99,-20.96,-8.99,-10.12,0.81,2.81
EMA_SAR_80_100_30m,30m,80,100,Stop-and-Reverse (SAR),10000.0,7503.45,-2496.55,-24.97,22.13,50.11,-0.74,-0.98,-0.88,28.6,0.74,-0.38,56,75.8,26.03,-6.44,97.7,5.6,560.0,2,4,13.11,-17.58,-8.88,-16.57,-1.78,7.79
EMA_SAR_115_150_30m,30m,115,150,Stop-and-Reverse (SAR),10000.0,7502.81,-2497.19,-24.97,22.13,53.5,-0.79,-1.03,-0.82,26.2,0.71,-0.49,42,99.8,27.51,-9.56,96.6,4.2,420.0,2,4,7.86,-14.97,-16.82,-13.05,-3.51,17.22
EMA_SAR_40_155_1h,1h,40,155,Stop-and-Reverse (SAR),10000.0,7500.84,-2499.16,-24.99,22.11,54.5,-0.84,-1.08,-0.81,20.6,0.72,-0.57,34,118.6,28.67,-11.13,92.9,3.4,340.0,3,3,18.17,-20.45,-18.99,-8.98,4.57,3.47
EMA_SAR_75_130_1h,1h,75,130,Stop-and-Reverse (SAR),10000.0,7500.48,-2499.52,-25.0,22.1,54.59,-0.84,-1.09,-0.81,20.0,0.72,-0.56,35,116.7,30.0,-9.93,94.0,3.5,350.0,3,3,18.64,-16.82,-17.1,-12.33,1.13,3.41
EMA_SAR_130_180_1h,1h,130,180,Stop-and-Reverse (SAR),10000.0,7499.82,-2500.18,-25.0,22.1,49.86,-0.91,-1.12,-0.88,22.7,0.68,-0.89,22,181.0,31.77,-9.41,91.7,2.2,220.0,3,3,7.29,-4.26,-27.97,1.83,-4.08,3.78
EMA_SAR_85_185_1h,1h,85,185,Stop-and-Reverse (SAR),10000.0,7496.61,-2503.39,-25.03,22.07,50.14,-0.92,-1.14,-0.88,19.2,0.69,-0.75,26,152.8,33.27,-10.15,91.5,2.6,260.0,1,5,12.78,-6.74,-24.62,-3.98,-1.52,-0.0
EMA_SAR_15_90_1h,1h,15,90,Stop-and-Reverse (SAR),10000.0,7491.55,-2508.45,-25.08,22.02,50.85,-0.8,-1.08,-0.87,22.4,0.76,-0.31,67,62.1,28.22,-5.6,95.9,6.7,670.0,2,4,21.99,-16.03,-19.73,-9.62,-0.9,1.72
EMA_SAR_35_65_1h,1h,35,65,Stop-and-Reverse (SAR),10000.0,7491.59,-2508.41,-25.08,22.02,47.65,-0.78,-1.06,-0.93,23.2,0.74,-0.39,56,75.2,25.0,-5.88,97.0,5.6,560.0,3,3,11.21,-21.57,-7.83,-9.93,0.12,3.33
EMA_SAR_95_155_30m,30m,95,155,Stop-and-Reverse (SAR),10000.0,7491.47,-2508.53,-25.09,22.01,48.09,-0.78,-1.02,-0.92,25.0,0.71,-0.41,52,80.5,25.26,-7.12,96.4,5.2,520.0,3,3,1.52,-16.02,-13.0,-10.82,3.52,9.41
EMA_SAR_30_165_30m,30m,30,165,Stop-and-Reverse (SAR),10000.0,7489.44,-2510.56,-25.11,21.99,52.18,-0.78,-1.03,-0.85,24.6,0.76,-0.3,69,60.6,28.5,-5.84,96.2,6.9,690.0,3,3,21.5,-14.83,-21.98,-10.22,1.15,2.15
EMA_SAR_50_130_30m,30m,50,130,Stop-and-Reverse (SAR),10000.0,7488.14,-2511.86,-25.12,21.98,52.14,-0.77,-1.01,-0.85,26.6,0.76,-0.33,64,65.8,28.65,-5.73,97.0,6.4,640.0,2,4,20.46,-21.43,-14.29,-11.52,-0.81,5.17
EMA_SAR_100_150_30m,30m,100,150,Stop-and-Reverse (SAR),10000.0,7488.38,-2511.62,-25.12,21.98,48.27,-0.78,-1.02,-0.92,26.0,0.72,-0.43,50,83.9,25.97,-7.47,96.6,5.0,500.0,3,3,1.0,-16.15,-12.43,-10.78,2.49,10.42
EMA_SAR_80_195_1h,1h,80,195,Stop-and-Reverse (SAR),10000.0,7487.25,-2512.75,-25.13,21.97,49.03,-0.93,-1.14,-0.9,19.2,0.69,-0.75,26,152.0,33.27,-10.27,91.0,2.6,260.0,1,5,13.32,-7.01,-23.94,-2.44,-1.52,-2.78
EMA_SAR_70_120_5m,5m,70,120,Stop-and-Reverse (SAR),10000.0,7486.14,-2513.86,-25.14,21.96,43.71,-0.66,-0.87,-1.01,26.2,0.9,-0.05,362,11.9,23.66,-5.08,99.5,36.2,3620.0,3,3,5.87,14.35,-21.2,4.13,-22.79,-2.41
EMA_SAR_90_160_30m,30m,90,160,Stop-and-Reverse (SAR),10000.0,7482.37,-2517.63,-25.18,21.92,48.16,-0.78,-1.02,-0.92,25.0,0.71,-0.42,52,80.5,24.63,-6.94,96.3,5.2,520.0,3,3,2.34,-15.68,-12.81,-11.28,3.53,8.26
EMA_SAR_80_190_1h,1h,80,190,Stop-and-Reverse (SAR),10000.0,7480.13,-2519.87,-25.2,21.9,49.62,-0.93,-1.15,-0.89,19.2,0.69,-0.76,26,152.4,33.43,-10.43,91.3,2.6,260.0,1,5,14.6,-7.31,-24.27,-3.29,-1.16,-2.74
EMA_SAR_145_160_1h,1h,145,160,Stop-and-Reverse (SAR),10000.0,7478.96,-2521.04,-25.21,21.89,49.49,-0.91,-1.14,-0.9,25.0,0.68,-0.83,24,167.6,31.77,-9.88,92.7,2.4,240.0,3,3,6.74,-4.26,-27.54,2.02,-4.13,3.26
EMA_SAR_20_85_1h,1h,20,85,Stop-and-Reverse (SAR),10000.0,7478.0,-2522.0,-25.22,21.88,51.68,-0.8,-1.09,-0.86,23.8,0.76,-0.33,63,66.2,28.39,-5.59,96.1,6.3,630.0,3,3,23.84,-19.99,-15.87,-11.93,0.24,1.61
EMA_SAR_75_170_30m,30m,75,170,Stop-and-Reverse (SAR),10000.0,7476.19,-2523.81,-25.24,21.86,47.95,-0.79,-1.03,-0.93,25.0,0.72,-0.42,52,80.3,25.34,-6.87,96.1,5.2,520.0,3,3,6.36,-11.47,-15.79,-12.15,3.37,3.83
EMA_SAR_55_155_1h,1h,55,155,Stop-and-Reverse (SAR),10000.0,7474.49,-2525.51,-25.26,21.84,54.97,-0.86,-1.1,-0.81,20.6,0.72,-0.58,34,118.6,29.48,-11.16,92.9,3.4,340.0,3,3,21.58,-17.61,-22.17,-6.52,1.15,1.4
EMA_SAR_45_110_30m,30m,45,110,Stop-and-Reverse (SAR),10000.0,7473.01,-2526.99,-25.27,21.83,52.04,-0.77,-1.02,-0.85,30.3,0.77,-0.28,76,55.7,28.53,-5.55,97.5,7.6,760.0,2,4,24.25,-17.46,-13.87,-14.14,-3.94,2.57
EMA_SAR_120_145_30m,30m,120,145,Stop-and-Reverse (SAR),10000.0,7469.6,-2530.4,-25.3,21.8,53.7,-0.81,-1.05,-0.83,27.3,0.71,-0.48,44,95.4,27.51,-9.56,96.7,4.4,440.0,2,4,7.0,-15.4,-16.99,-12.81,-3.51,18.17
EMA_SAR_75_115_5m,5m,75,115,Stop-and-Reverse (SAR),10000.0,7469.91,-2530.09,-25.3,21.8,44.29,-0.67,-0.88,-1.0,26.1,0.9,-0.05,356,12.1,23.72,-5.08,99.6,35.6,3560.0,3,3,6.29,15.24,-22.01,4.71,-23.38,-2.53
EMA_SAR_85_165_30m,30m,85,165,Stop-and-Reverse (SAR),10000.0,7468.98,-2531.02,-25.31,21.79,48.47,-0.79,-1.03,-0.92,22.2,0.72,-0.41,54,77.4,24.63,-6.72,96.2,5.4,540.0,3,3,5.0,-14.66,-13.64,-12.01,2.22,7.31
EMA_SAR_65_90_30m,30m,65,90,Stop-and-Reverse (SAR),10000.0,7467.29,-2532.71,-25.33,21.77,55.28,-0.77,-1.02,-0.81,27.3,0.76,-0.32,66,64.4,28.7,-6.35,97.9,6.6,660.0,2,4,24.74,-18.72,-18.61,-12.52,-5.34,9.28
EMA_SAR_85_90_30m,30m,85,90,Stop-and-Reverse (SAR),10000.0,7466.15,-2533.85,-25.34,21.76,53.21,-0.76,-1.0,-0.84,28.3,0.74,-0.36,60,70.9,26.43,-6.46,97.9,6.0,600.0,2,4,17.05,-18.02,-14.07,-16.65,-1.56,10.35
EMA_SAR_85_95_30m,30m,85,95,Stop-and-Reverse (SAR),10000.0,7465.89,-2534.11,-25.34,21.76,51.28,-0.76,-1.0,-0.87,28.6,0.74,-0.39,56,75.9,26.03,-6.43,97.8,5.6,560.0,2,4,14.79,-18.19,-10.34,-16.58,-1.83,8.27
EMA_SAR_60_160_1h,1h,60,160,Stop-and-Reverse (SAR),10000.0,7463.64,-2536.36,-25.36,21.74,52.63,-0.9,-1.14,-0.85,15.6,0.71,-0.59,32,125.7,34.36,-10.05,92.7,3.2,320.0,3,3,17.54,-13.66,-22.69,-8.59,2.57,1.45
EMA_SAR_50_160_30m,30m,50,160,Stop-and-Reverse (SAR),10000.0,7461.63,-2538.37,-25.38,21.72,50.6,-0.79,-1.04,-0.88,24.1,0.75,-0.37,58,72.1,27.05,-6.35,96.3,5.8,580.0,3,3,18.2,-19.7,-13.56,-11.04,1.95,0.28
EMA_SAR_145_175_30m,30m,145,175,Stop-and-Reverse (SAR),10000.0,7461.99,-2538.01,-25.38,21.72,57.86,-0.83,-1.07,-0.77,23.5,0.71,-0.59,34,122.6,26.95,-10.81,96.0,3.4,340.0,3,3,12.57,-18.09,-18.86,-14.56,2.06,14.38
EMA_SAR_180_200_30m,30m,180,200,Stop-and-Reverse (SAR),10000.0,7461.16,-2538.84,-25.39,21.71,56.59,-0.84,-1.07,-0.79,23.5,0.71,-0.58,34,121.9,28.33,-10.38,95.4,3.4,340.0,3,3,16.12,-17.21,-21.57,-11.21,2.68,8.55
EMA_SAR_140_155_30m,30m,140,155,Stop-and-Reverse (SAR),10000.0,7457.16,-2542.84,-25.43,21.67,56.93,-0.83,-1.07,-0.78,23.5,0.71,-0.59,34,123.2,26.62,-9.96,96.4,3.4,340.0,3,3,9.45,-16.13,-21.17,-11.76,1.49,15.08
EMA_SAR_115_155_30m,30m,115,155,Stop-and-Reverse (SAR),10000.0,7457.11,-2542.89,-25.43,21.67,53.52,-0.81,-1.05,-0.83,27.3,0.71,-0.48,44,95.2,27.63,-9.56,96.4,4.4,440.0,2,4,8.61,-14.96,-18.07,-11.52,-4.76,16.94
EMA_SAR_130_185_30m,30m,130,185,Stop-and-Reverse (SAR),10000.0,7455.57,-2544.43,-25.44,21.66,57.59,-0.83,-1.07,-0.78,23.5,0.71,-0.59,34,122.3,26.8,-9.92,95.8,3.4,340.0,3,3,11.5,-15.14,-21.78,-14.35,2.57,14.66
EMA_SAR_140_180_30m,30m,140,180,Stop-and-Reverse (SAR),10000.0,7454.5,-2545.5,-25.45,21.65,57.6,-0.83,-1.07,-0.78,23.5,0.71,-0.59,34,122.5,26.95,-10.59,95.9,3.4,340.0,3,3,11.76,-17.65,-18.68,-14.67,2.06,14.38
EMA_SAR_100_200_1h,1h,100,200,Stop-and-Reverse (SAR),10000.0,7454.7,-2545.3,-25.45,21.65,50.39,-0.94,-1.15,-0.89,22.7,0.68,-0.91,22,179.2,33.1,-9.69,90.8,2.2,220.0,2,4,11.11,-5.07,-26.07,-4.31,-1.32,1.24
EMA_SAR_65_125_30m,30m,65,125,Stop-and-Reverse (SAR),10000.0,7445.8,-2554.2,-25.54,21.56,51.98,-0.78,-1.03,-0.86,23.2,0.74,-0.39,56,75.3,26.32,-6.43,97.1,5.6,560.0,2,4,17.51,-17.61,-10.43,-17.15,-1.19,4.89
EMA_SAR_45_175_1h,1h,45,175,Stop-and-Reverse (SAR),10000.0,7444.01,-2555.99,-25.56,21.54,55.43,-0.89,-1.13,-0.81,17.6,0.71,-0.59,34,117.4,29.58,-12.37,92.0,3.4,340.0,2,4,16.07,-16.25,-18.26,-12.24,-0.1,6.86
EMA_SAR_135_185_30m,30m,135,185,Stop-and-Reverse (SAR),10000.0,7443.76,-2556.24,-25.56,21.54,57.7,-0.84,-1.08,-0.78,23.5,0.71,-0.59,34,122.3,26.95,-10.59,95.8,3.4,340.0,3,3,11.57,-17.65,-19.28,-14.67,2.56,14.69
EMA_SAR_55_115_1h,1h,55,115,Stop-and-Reverse (SAR),10000.0,7443.0,-2557.0,-25.57,21.53,55.34,-0.86,-1.11,-0.81,24.2,0.71,-0.61,33,124.6,26.98,-10.13,94.7,3.3,330.0,3,3,10.38,-14.74,-20.37,-13.01,2.97,10.88
EMA_SAR_75_80_1h,1h,75,80,Stop-and-Reverse (SAR),10000.0,7441.72,-2558.28,-25.58,21.52,56.33,-0.85,-1.11,-0.8,23.5,0.71,-0.6,34,123.0,26.62,-10.81,96.3,3.4,340.0,3,3,10.03,-16.95,-20.01,-12.76,2.6,13.75
EMA_SAR_50_100_30m,30m,50,100,Stop-and-Reverse (SAR),10000.0,7441.18,-2558.82,-25.59,21.51,54.34,-0.78,-1.04,-0.83,31.6,0.76,-0.29,76,55.8,28.39,-5.73,97.7,7.6,760.0,2,4,22.47,-18.06,-16.33,-14.84,-4.59,9.08
EMA_SAR_40_155_30m,30m,40,155,Stop-and-Reverse (SAR),10000.0,7440.54,-2559.46,-25.59,21.51,51.7,-0.8,-1.06,-0.87,22.6,0.75,-0.35,62,67.6,29.14,-5.55,96.4,6.2,620.0,3,3,19.89,-19.5,-14.15,-13.03,0.02,3.24
EMA_SAR_90_200_1h,1h,90,200,Stop-and-Reverse (SAR),10000.0,7440.3,-2559.7,-25.6,21.5,48.91,-0.96,-1.17,-0.92,19.2,0.69,-0.78,26,151.7,33.21,-10.81,90.8,2.6,260.0,2,4,12.96,-7.91,-26.24,1.19,-0.94,-3.26
EMA_SAR_65_135_30m,30m,65,135,Stop-and-Reverse (SAR),10000.0,7437.91,-2562.09,-25.62,21.48,49.25,-0.79,-1.04,-0.91,26.8,0.74,-0.24,56,75.2,25.32,-6.35,96.9,5.6,560.0,3,3,11.12,-20.39,-9.48,-11.62,0.82,4.24
EMA_SAR_30_70_1h,1h,30,70,Stop-and-Reverse (SAR),10000.0,7431.79,-2568.21,-25.68,21.42,49.66,-0.81,-1.11,-0.91,25.0,0.74,-0.39,56,75.1,26.36,-5.88,96.8,5.6,560.0,3,3,15.07,-22.86,-9.35,-11.17,0.84,3.1
EMA_SAR_60_165_30m,30m,60,165,Stop-and-Reverse (SAR),10000.0,7430.0,-2570.0,-25.7,21.4,51.51,-0.8,-1.05,-0.87,29.6,0.73,-0.41,54,77.4,24.94,-6.35,96.2,5.4,540.0,3,3,12.19,-21.95,-10.35,-13.03,4.77,3.88
EMA_SAR_140_160_1h,1h,140,160,Stop-and-Reverse (SAR),10000.0,7428.63,-2571.37,-25.71,21.39,50.17,-0.94,-1.17,-0.9,20.8,0.67,-0.86,24,167.6,31.84,-10.39,92.7,2.4,240.0,2,4,8.16,-6.89,-22.97,-3.99,-2.97,2.79
EMA_SAR_150_175_30m,30m,150,175,Stop-and-Reverse (SAR),10000.0,7427.57,-2572.43,-25.72,21.38,58.93,-0.85,-1.09,-0.77,26.5,0.71,-0.6,34,122.6,27.08,-10.81,96.0,3.4,340.0,3,3,15.02,-18.29,-21.34,-14.55,2.85,14.33
EMA_SAR_45_130_30m,30m,45,130,Stop-and-Reverse (SAR),10000.0,7428.45,-2571.55,-25.72,21.38,51.46,-0.8,-1.05,-0.88,25.0,0.75,-0.32,68,62.0,28.5,-5.55,97.0,6.8,680.0,2,4,18.19,-20.02,-13.94,-12.12,-2.38,6.44
EMA_SAR_65_155_1h,1h,65,155,Stop-and-Reverse (SAR),10000.0,7425.48,-2574.52,-25.75,21.35,54.74,-0.91,-1.16,-0.82,15.6,0.71,-0.61,32,126.0,34.25,-10.05,92.9,3.2,320.0,3,3,21.81,-13.64,-23.94,-10.02,1.22,1.89
EMA_SAR_55_150_30m,30m,55,150,Stop-and-Reverse (SAR),10000.0,7422.42,-2577.58,-25.78,21.32,48.5,-0.8,-1.05,-0.93,25.0,0.74,-0.4,56,74.9,25.63,-6.35,96.6,5.6,560.0,3,3,12.68,-19.15,-11.07,-10.1,0.34,1.56
EMA_SAR_15_70_1h,1h,15,70,Stop-and-Reverse (SAR),10000.0,7420.36,-2579.64,-25.8,21.3,49.44,-0.82,-1.13,-0.91,28.4,0.77,-0.25,88,47.8,28.42,-5.81,96.8,8.8,880.0,2,4,20.93,-15.39,-18.04,-9.47,-2.51,0.24
EMA_SAR_45_135_30m,30m,45,135,Stop-and-Reverse (SAR),10000.0,7418.11,-2581.89,-25.82,21.28,51.6,-0.8,-1.06,-0.88,26.6,0.75,-0.34,64,65.8,28.91,-5.63,96.9,6.4,640.0,2,4,18.18,-20.23,-12.51,-12.46,-2.58,5.47
EMA_SAR_30_200_5m,5m,30,200,Stop-and-Reverse (SAR),10000.0,7415.14,-2584.86,-25.85,21.25,47.95,-0.71,-0.94,-0.94,22.7,0.9,-0.05,410,10.5,23.62,-3.87,99.2,41.0,4100.0,2,4,14.3,4.32,-16.63,-3.4,-20.84,-2.45
EMA_SAR_40_150_5m,5m,40,150,Stop-and-Reverse (SAR),10000.0,7414.7,-2585.3,-25.85,21.25,46.58,-0.7,-0.92,-0.97,23.3,0.9,-0.05,408,10.6,24.0,-5.87,99.4,40.8,4080.0,3,3,4.71,9.43,-17.09,1.2,-22.67,-0.27
EMA_SAR_145_150_30m,30m,145,150,Stop-and-Reverse (SAR),10000.0,7412.62,-2587.38,-25.87,21.23,56.78,-0.85,-1.1,-0.8,23.5,0.7,-0.61,34,123.3,26.62,-9.96,96.6,3.4,340.0,3,3,8.43,-16.13,-21.06,-11.76,1.69,15.08
EMA_SAR_45_50_1h,1h,45,50,Stop-and-Reverse (SAR),10000.0,7411.14,-2588.86,-25.89,21.21,51.4,-0.81,-1.09,-0.88,22.2,0.74,-0.41,54,78.6,26.3,-6.9,97.7,5.4,540.0,2,4,16.58,-20.54,-8.39,-16.31,-0.97,5.37
EMA_SAR_45_170_1h,1h,45,170,Stop-and-Reverse (SAR),10000.0,7410.79,-2589.21,-25.89,21.21,54.77,-0.91,-1.15,-0.83,17.6,0.71,-0.6,34,117.7,29.47,-12.37,92.2,3.4,340.0,3,3,19.15,-17.37,-17.64,-10.62,0.02,2.22
EMA_SAR_30_85_1h,1h,30,85,Stop-and-Reverse (SAR),10000.0,7410.17,-2589.83,-25.9,21.2,49.47,-0.83,-1.12,-0.92,27.8,0.73,-0.42,54,77.3,24.56,-6.6,96.1,5.4,540.0,3,3,8.8,-22.59,-7.91,-12.07,4.97,3.52
EMA_SAR_50_105_30m,30m,50,105,Stop-and-Reverse (SAR),10000.0,7409.88,-2590.12,-25.9,21.2,53.66,-0.8,-1.06,-0.85,28.6,0.76,-0.32,70,60.5,28.71,-5.73,97.6,7.0,700.0,2,4,22.44,-18.94,-16.51,-13.09,-3.72,6.87
EMA_SAR_115_190_1h,1h,115,190,Stop-and-Reverse (SAR),10000.0,7408.73,-2591.27,-25.91,21.19,50.71,-0.96,-1.17,-0.9,22.7,0.67,-0.95,22,180.1,31.84,-9.7,91.3,2.2,220.0,3,3,10.1,-5.36,-28.51,-2.85,0.55,1.82
EMA_SAR_75_115_1h,1h,75,115,Stop-and-Reverse (SAR),10000.0,7405.51,-2594.49,-25.94,21.16,56.29,-0.88,-1.15,-0.81,27.3,0.7,-0.63,33,124.6,27.32,-11.04,94.7,3.3,330.0,3,3,14.08,-18.65,-17.38,-12.21,0.45,9.54
EMA_SAR_75_125_1h,1h,75,125,Stop-and-Reverse (SAR),10000.0,7403.9,-2596.1,-25.96,21.14,53.52,-0.89,-1.15,-0.85,18.9,0.71,-0.55,37,110.6,29.01,-9.93,94.3,3.7,370.0,3,3,16.39,-17.44,-16.56,-10.69,1.8,1.57
EMA_SAR_50_130_1h,1h,50,130,Stop-and-Reverse (SAR),10000.0,7403.59,-2596.41,-25.96,21.14,55.65,-0.88,-1.14,-0.82,22.9,0.71,-0.59,35,116.7,27.43,-10.13,94.0,3.5,350.0,3,3,14.05,-16.65,-20.29,-11.83,2.57,8.04
EMA_SAR_60_115_30m,30m,60,115,Stop-and-Reverse (SAR),10000.0,7402.93,-2597.07,-25.97,21.13,53.76,-0.8,-1.06,-0.85,24.2,0.74,-0.34,66,64.1,27.37,-6.35,97.4,6.6,660.0,2,4,17.62,-21.38,-14.68,-11.27,-5.21,11.57
EMA_SAR_70_90_1h,1h,70,90,Stop-and-Reverse (SAR),10000.0,7402.29,-2597.71,-25.98,21.12,57.56,-0.88,-1.14,-0.79,23.5,0.7,-0.61,34,122.4,27.12,-10.81,95.9,3.4,340.0,3,3,11.84,-18.29,-19.19,-14.98,2.9,14.57
EMA_SAR_50_155_30m,30m,50,155,Stop-and-Reverse (SAR),10000.0,7396.78,-2603.22,-26.03,21.07,50.6,-0.82,-1.08,-0.9,24.1,0.74,-0.39,58,72.2,26.67,-6.35,96.4,5.8,580.0,3,3,16.44,-19.42,-13.14,-11.78,0.77,2.11
EMA_SAR_100_105_30m,30m,100,105,Stop-and-Reverse (SAR),10000.0,7394.7,-2605.3,-26.05,21.05,52.12,-0.8,-1.05,-0.87,26.9,0.73,-0.44,52,81.5,24.71,-6.12,97.6,5.2,520.0,3,3,12.75,-22.59,-6.2,-16.96,5.37,3.23
EMA_SAR_60_125_30m,30m,60,125,Stop-and-Reverse (SAR),10000.0,7391.78,-2608.22,-26.08,21.02,51.53,-0.81,-1.07,-0.89,25.0,0.74,-0.38,60,70.3,27.3,-6.35,97.1,6.0,600.0,2,4,16.24,-18.17,-12.99,-11.63,-4.43,5.75
EMA_SAR_75_90_1h,1h,75,90,Stop-and-Reverse (SAR),10000.0,7390.24,-2609.76,-26.1,21.0,56.72,-0.88,-1.15,-0.81,23.5,0.7,-0.61,34,122.4,27.15,-10.81,95.9,3.4,340.0,3,3,10.49,-16.49,-21.11,-12.68,2.41,13.53
EMA_SAR_70_130_1h,1h,70,130,Stop-and-Reverse (SAR),10000.0,7390.39,-2609.61,-26.1,21.0,55.49,-0.9,-1.17,-0.82,20.0,0.71,-0.59,35,116.7,28.93,-11.04,94.0,3.5,350.0,3,3,19.66,-20.53,-17.54,-10.26,1.97,2.99
EMA_SAR_45_60_1h,1h,45,60,Stop-and-Reverse (SAR),10000.0,7383.35,-2616.65,-26.17,20.93,49.81,-0.83,-1.13,-0.92,25.9,0.73,-0.43,54,78.2,24.42,-5.55,97.3,5.4,540.0,3,3,10.96,-22.81,-8.68,-11.7,3.52,3.26
EMA_SAR_130_135_30m,30m,130,135,Stop-and-Reverse (SAR),10000.0,7380.96,-2619.04,-26.19,20.91,53.97,-0.85,-1.1,-0.85,27.3,0.71,-0.5,44,95.6,27.51,-9.56,96.9,4.4,440.0,2,4,6.34,-15.4,-17.97,-12.28,-3.51,18.17
EMA_SAR_55_95_30m,30m,55,95,Stop-and-Reverse (SAR),10000.0,7379.02,-2620.98,-26.21,20.89,54.37,-0.81,-1.08,-0.84,30.6,0.76,-0.31,72,59.0,28.51,-6.35,97.8,7.2,720.0,2,4,23.03,-19.42,-16.76,-13.45,-4.48,8.16
EMA_SAR_65_70_1h,1h,65,70,Stop-and-Reverse (SAR),10000.0,7376.75,-2623.25,-26.23,20.87,54.77,-0.86,-1.13,-0.84,25.0,0.71,-0.5,44,95.5,27.49,-11.26,96.8,4.4,440.0,2,4,8.5,-18.54,-17.49,-12.29,-2.45,18.22
EMA_SAR_125_180_1h,1h,125,180,Stop-and-Reverse (SAR),10000.0,7375.74,-2624.26,-26.24,20.86,51.0,-0.98,-1.2,-0.9,22.7,0.66,-0.96,22,181.0,31.84,-9.7,91.7,2.2,220.0,2,4,8.72,-5.36,-25.59,-3.84,-2.96,3.26
EMA_SAR_140_165_1h,1h,140,165,Stop-and-Reverse (SAR),10000.0,7375.34,-2624.66,-26.25,20.85,50.09,-0.97,-1.21,-0.92,25.0,0.66,-0.89,24,167.2,31.3,-10.06,92.4,2.4,240.0,3,3,6.53,-5.24,-27.65,2.02,-4.13,3.26
EMA_SAR_80_110_1h,1h,80,110,Stop-and-Reverse (SAR),10000.0,7375.3,-2624.7,-26.25,20.85,56.2,-0.9,-1.17,-0.82,24.2,0.7,-0.64,33,124.9,27.32,-11.04,95.0,3.3,330.0,3,3,13.37,-18.65,-17.9,-12.03,1.08,9.54
EMA_SAR_80_95_30m,30m,80,95,Stop-and-Reverse (SAR),10000.0,7374.08,-2625.92,-26.26,20.84,53.35,-0.8,-1.06,-0.86,28.3,0.73,-0.38,60,70.8,26.43,-6.46,97.8,6.0,600.0,2,4,16.98,-18.84,-13.45,-16.65,-2.44,10.35
EMA_SAR_55_120_30m,30m,55,120,Stop-and-Reverse (SAR),10000.0,7373.79,-2626.21,-26.26,20.84,54.28,-0.82,-1.08,-0.85,27.3,0.74,-0.34,66,64.0,28.62,-6.35,97.2,6.6,660.0,2,4,20.17,-21.43,-14.61,-12.67,-4.92,10.14
EMA_SAR_50_150_30m,30m,50,150,Stop-and-Reverse (SAR),10000.0,7368.43,-2631.57,-26.32,20.78,50.89,-0.83,-1.1,-0.9,24.1,0.74,-0.39,58,72.3,26.83,-6.35,96.6,5.8,580.0,2,4,18.12,-17.99,-15.68,-10.62,-0.45,1.38
EMA_SAR_100_110_30m,30m,100,110,Stop-and-Reverse (SAR),10000.0,7367.81,-2632.19,-26.32,20.78,52.93,-0.82,-1.07,-0.87,25.0,0.72,-0.45,52,81.4,23.86,-6.12,97.5,5.2,520.0,3,3,12.62,-24.82,-6.0,-16.19,6.56,3.67
EMA_SAR_65_140_1h,1h,65,140,Stop-and-Reverse (SAR),10000.0,7366.63,-2633.37,-26.33,20.77,54.92,-0.91,-1.18,-0.84,20.0,0.7,-0.6,35,116.1,29.26,-11.04,93.6,3.5,350.0,3,3,18.1,-20.34,-16.87,-10.13,1.97,2.78
EMA_SAR_125_145_30m,30m,125,145,Stop-and-Reverse (SAR),10000.0,7364.42,-2635.58,-26.36,20.74,54.5,-0.86,-1.11,-0.84,28.6,0.71,-0.53,42,100.0,27.63,-11.26,96.7,4.2,420.0,2,4,7.6,-18.57,-16.13,-11.49,-4.91,19.09
EMA_SAR_110_200_1h,1h,110,200,Stop-and-Reverse (SAR),10000.0,7358.61,-2641.39,-26.41,20.69,50.48,-0.99,-1.2,-0.91,22.7,0.66,-0.97,22,179.2,31.84,-9.7,90.8,2.2,220.0,3,3,8.35,-5.36,-28.74,-2.07,0.54,2.28
EMA_SAR_75_120_1h,1h,75,120,Stop-and-Reverse (SAR),10000.0,7358.93,-2641.07,-26.41,20.69,54.25,-0.91,-1.18,-0.85,20.0,0.71,-0.6,35,117.2,28.89,-11.04,94.5,3.5,350.0,3,3,17.28,-19.53,-15.73,-10.8,1.96,1.74
EMA_SAR_140_175_30m,30m,140,175,Stop-and-Reverse (SAR),10000.0,7357.95,-2642.05,-26.42,20.68,58.16,-0.88,-1.13,-0.79,23.5,0.7,-0.63,34,122.6,26.8,-10.59,96.0,3.4,340.0,3,3,10.89,-16.46,-21.73,-14.23,2.58,15.32
EMA_SAR_40_120_30m,30m,40,120,Stop-and-Reverse (SAR),10000.0,7357.0,-2643.0,-26.43,20.67,51.89,-0.83,-1.1,-0.89,26.8,0.76,-0.28,82,51.5,28.54,-5.84,97.2,8.2,820.0,2,4,21.05,-17.01,-17.41,-10.71,-4.06,3.5
EMA_SAR_50_125_30m,30m,50,125,Stop-and-Reverse (SAR),10000.0,7350.97,-2649.03,-26.49,20.61,51.83,-0.83,-1.1,-0.89,28.6,0.75,-0.33,70,60.3,28.8,-5.73,97.1,7.0,700.0,2,4,19.04,-20.06,-13.25,-12.19,-3.76,5.36
EMA_SAR_40_150_1h,1h,40,150,Stop-and-Reverse (SAR),10000.0,7349.87,-2650.13,-26.5,20.6,54.9,-0.92,-1.17,-0.84,18.9,0.72,-0.56,37,109.3,28.92,-11.13,93.1,3.7,370.0,2,4,21.81,-20.34,-19.57,-9.04,4.25,-0.69
EMA_SAR_60_155_30m,30m,60,155,Stop-and-Reverse (SAR),10000.0,7345.89,-2654.11,-26.54,20.56,50.97,-0.84,-1.11,-0.91,24.1,0.72,-0.44,54,77.6,24.53,-6.35,96.4,5.4,540.0,3,3,11.01,-23.05,-9.46,-11.68,2.85,4.56
EMA_SAR_130_190_30m,30m,130,190,Stop-and-Reverse (SAR),10000.0,7346.45,-2653.55,-26.54,20.56,58.57,-0.89,-1.14,-0.79,24.2,0.7,-0.65,33,125.9,26.95,-10.59,95.6,3.3,330.0,3,3,12.65,-17.65,-20.8,-14.58,2.29,14.45
EMA_SAR_55_145_30m,30m,55,145,Stop-and-Reverse (SAR),10000.0,7344.95,-2655.05,-26.55,20.55,49.85,-0.84,-1.11,-0.93,24.1,0.74,-0.4,58,72.4,26.83,-6.35,96.7,5.8,580.0,1,5,17.1,-18.99,-12.27,-11.55,-0.03,-0.19
EMA_SAR_155_160_30m,30m,155,160,Stop-and-Reverse (SAR),10000.0,7343.55,-2656.45,-26.56,20.54,57.32,-0.89,-1.14,-0.81,23.5,0.7,-0.63,34,123.0,26.9,-10.59,96.3,3.4,340.0,3,3,9.19,-17.04,-19.28,-14.56,2.58,14.58
EMA_SAR_55_105_30m,30m,55,105,Stop-and-Reverse (SAR),10000.0,7340.57,-2659.43,-26.59,20.51,56.09,-0.83,-1.1,-0.83,25.0,0.76,-0.34,68,62.3,28.22,-6.35,97.6,6.8,680.0,2,4,25.27,-20.66,-18.78,-12.28,-5.23,9.4
EMA_SAR_45_150_30m,30m,45,150,Stop-and-Reverse (SAR),10000.0,7334.79,-2665.21,-26.65,20.45,52.03,-0.85,-1.12,-0.89,24.2,0.74,-0.37,62,67.6,28.4,-5.69,96.6,6.2,620.0,3,3,17.91,-21.78,-13.96,-11.41,0.8,3.52
EMA_SAR_60_180_30m,30m,60,180,Stop-and-Reverse (SAR),10000.0,7334.49,-2665.51,-26.66,20.44,48.45,-0.85,-1.11,-0.96,29.1,0.72,-0.43,55,75.7,25.39,-6.35,95.9,5.5,550.0,2,4,9.34,-13.46,-13.76,-13.31,5.11,-1.36
EMA_SAR_50_55_1h,1h,50,55,Stop-and-Reverse (SAR),10000.0,7330.52,-2669.48,-26.69,20.41,50.54,-0.85,-1.16,-0.92,25.0,0.73,-0.43,56,75.6,24.46,-5.55,97.5,5.6,560.0,3,3,13.45,-22.76,-9.6,-12.15,3.52,1.76
EMA_SAR_45_140_30m,30m,45,140,Stop-and-Reverse (SAR),10000.0,7329.55,-2670.45,-26.7,20.4,52.95,-0.85,-1.12,-0.88,26.6,0.74,-0.36,64,65.7,28.95,-5.63,96.8,6.4,640.0,2,4,19.13,-20.76,-13.89,-12.99,-2.8,6.61
EMA_SAR_75_200_1h,1h,75,200,Stop-and-Reverse (SAR),10000.0,7329.53,-2670.47,-26.7,20.4,50.17,-1.02,-1.25,-0.93,19.2,0.67,-0.83,26,151.7,33.43,-10.43,90.8,2.6,260.0,1,5,12.78,-7.31,-25.92,-2.82,-0.55,-2.08
EMA_SAR_80_200_1h,1h,80,200,Stop-and-Reverse (SAR),10000.0,7328.55,-2671.45,-26.71,20.39,49.53,-1.01,-1.25,-0.94,17.9,0.68,-0.77,28,140.8,33.27,-10.27,90.8,2.8,280.0,1,5,12.02,-7.01,-26.23,-0.41,-1.5,-2.78
EMA_SAR_65_80_30m,30m,65,80,Stop-and-Reverse (SAR),10000.0,7325.76,-2674.24,-26.74,20.36,54.68,-0.84,-1.11,-0.85,32.4,0.76,-0.32,74,57.6,28.74,-6.35,98.2,7.4,740.0,2,4,22.77,-17.75,-17.38,-14.46,-5.51,8.63
EMA_SAR_130_140_30m,30m,130,140,Stop-and-Reverse (SAR),10000.0,7326.1,-2673.9,-26.74,20.36,55.22,-0.88,-1.13,-0.84,23.8,0.7,-0.54,42,100.1,27.58,-11.26,96.8,4.2,420.0,2,4,8.75,-18.47,-17.37,-11.69,-4.91,19.09
EMA_SAR_160_165_30m,30m,160,165,Stop-and-Reverse (SAR),10000.0,7323.46,-2676.54,-26.77,20.33,58.8,-0.9,-1.16,-0.79,23.5,0.7,-0.64,34,122.9,27.08,-10.5,96.2,3.4,340.0,3,3,13.77,-17.68,-20.88,-14.55,1.82,13.6
EMA_SAR_30_55_1h,1h,30,55,Stop-and-Reverse (SAR),10000.0,7320.43,-2679.57,-26.8,20.3,54.27,-0.85,-1.17,-0.86,26.5,0.74,-0.35,68,62.2,27.31,-5.73,97.5,6.8,680.0,2,4,19.39,-21.28,-14.28,-14.97,-4.15,11.49
EMA_SAR_120_155_30m,30m,120,155,Stop-and-Reverse (SAR),10000.0,7318.88,-2681.12,-26.81,20.29,55.93,-0.88,-1.14,-0.84,23.8,0.7,-0.55,42,99.7,27.58,-11.26,96.4,4.2,420.0,2,4,8.68,-18.87,-16.78,-12.9,-4.87,20.38
EMA_SAR_150_160_30m,30m,150,160,Stop-and-Reverse (SAR),10000.0,7316.77,-2683.23,-26.83,20.27,57.4,-0.9,-1.16,-0.81,23.5,0.69,-0.65,34,123.0,26.74,-9.92,96.3,3.4,340.0,3,3,10.01,-15.56,-21.64,-13.93,2.87,13.53
EMA_SAR_55_90_30m,30m,55,90,Stop-and-Reverse (SAR),10000.0,7316.4,-2683.6,-26.84,20.26,54.3,-0.84,-1.12,-0.86,32.4,0.75,-0.32,74,57.5,28.61,-6.35,97.9,7.4,740.0,2,4,22.14,-17.17,-17.22,-14.73,-4.81,7.62
EMA_SAR_110_195_1h,1h,110,195,Stop-and-Reverse (SAR),10000.0,7314.36,-2685.64,-26.86,20.24,51.12,-1.01,-1.24,-0.92,22.7,0.66,-1.0,22,179.7,31.68,-9.91,91.0,2.2,220.0,3,3,9.61,-5.7,-28.49,-3.04,0.23,1.82
EMA_SAR_75_85_1h,1h,75,85,Stop-and-Reverse (SAR),10000.0,7313.36,-2686.64,-26.87,20.23,57.34,-0.92,-1.2,-0.82,23.5,0.69,-0.64,34,122.7,27.12,-10.81,96.1,3.4,340.0,3,3,9.92,-18.29,-18.75,-14.98,2.88,14.57
EMA_SAR_145_165_30m,30m,145,165,Stop-and-Reverse (SAR),10000.0,7312.05,-2687.95,-26.88,20.22,57.77,-0.9,-1.16,-0.81,23.5,0.69,-0.65,34,122.9,26.74,-9.92,96.2,3.4,340.0,3,3,10.91,-15.56,-21.64,-14.44,2.57,13.53
EMA_SAR_40_115_30m,30m,40,115,Stop-and-Reverse (SAR),10000.0,7309.4,-2690.6,-26.91,20.19,51.47,-0.85,-1.13,-0.91,25.0,0.76,-0.2,88,48.1,28.48,-5.84,97.4,8.8,880.0,2,4,19.92,-16.2,-18.49,-10.35,-3.05,2.67
EMA_SAR_40_65_1h,1h,40,65,Stop-and-Reverse (SAR),10000.0,7305.23,-2694.77,-26.95,20.15,50.75,-0.87,-1.18,-0.92,27.8,0.72,-0.45,54,78.0,24.42,-5.88,97.0,5.4,540.0,3,3,11.03,-24.94,-7.95,-11.59,3.21,4.35
EMA_SAR_65_120_30m,30m,65,120,Stop-and-Reverse (SAR),10000.0,7305.01,-2694.99,-26.95,20.15,52.73,-0.85,-1.11,-0.89,25.9,0.72,-0.41,58,72.8,26.27,-6.44,97.2,5.8,580.0,2,4,12.77,-16.83,-11.81,-16.55,-3.61,9.8
EMA_SAR_45_160_30m,30m,45,160,Stop-and-Reverse (SAR),10000.0,7305.44,-2694.56,-26.95,20.15,53.15,-0.87,-1.15,-0.88,24.2,0.74,-0.38,62,67.5,27.73,-5.69,96.3,6.2,620.0,3,3,24.01,-22.72,-14.43,-11.98,0.76,0.44
EMA_SAR_25_50_1h,1h,25,50,Stop-and-Reverse (SAR),10000.0,7304.08,-2695.92,-26.96,20.14,53.11,-0.87,-1.19,-0.88,29.7,0.75,-0.32,74,57.3,28.34,-5.88,97.7,7.4,740.0,2,4,21.97,-16.69,-18.47,-13.09,-4.16,5.84
EMA_SAR_60_75_1h,1h,60,75,Stop-and-Reverse (SAR),10000.0,7299.79,-2700.21,-27.0,20.1,54.83,-0.9,-1.19,-0.86,25.0,0.7,-0.52,44,95.3,27.49,-11.26,96.6,4.4,440.0,2,4,7.66,-18.54,-17.56,-12.32,-2.59,18.22
EMA_SAR_75_90_5m,5m,75,90,Stop-and-Reverse (SAR),10000.0,7296.79,-2703.21,-27.03,20.07,47.73,-0.75,-0.98,-0.99,26.7,0.9,-0.05,382,11.3,24.17,-5.39,99.7,38.2,3820.0,2,4,6.13,18.86,-23.55,-2.88,-20.69,-1.77
EMA_SAR_55_115_30m,30m,55,115,Stop-and-Reverse (SAR),10000.0,7295.21,-2704.79,-27.05,20.05,55.01,-0.85,-1.14,-0.86,27.1,0.74,-0.34,70,60.4,28.01,-6.35,97.4,7.0,700.0,2,4,19.41,-20.86,-15.11,-12.71,-7.04,12.07
EMA_SAR_65_160_30m,30m,65,160,Stop-and-Reverse (SAR),10000.0,7289.67,-2710.33,-27.1,20.0,52.34,-0.87,-1.14,-0.9,24.1,0.72,-0.45,54,77.5,24.84,-6.45,96.3,5.4,540.0,3,3,11.26,-22.52,-10.53,-13.62,3.21,5.99
EMA_SAR_45_145_30m,30m,45,145,Stop-and-Reverse (SAR),10000.0,7288.22,-2711.78,-27.12,19.98,52.94,-0.88,-1.16,-0.89,22.6,0.73,-0.38,62,67.7,28.78,-5.63,96.7,6.2,620.0,2,4,18.3,-22.8,-13.6,-11.45,-0.83,5.17
EMA_SAR_150_165_30m,30m,150,165,Stop-and-Reverse (SAR),10000.0,7285.84,-2714.16,-27.14,19.96,57.81,-0.92,-1.18,-0.82,23.5,0.69,-0.65,34,122.9,26.9,-10.59,96.2,3.4,340.0,3,3,9.58,-17.04,-20.8,-13.91,2.58,14.58
EMA_SAR_40_145_1h,1h,40,145,Stop-and-Reverse (SAR),10000.0,7285.34,-2714.66,-27.15,19.95,55.53,-0.95,-1.21,-0.85,18.9,0.72,-0.59,37,109.5,29.38,-11.13,93.3,3.7,370.0,3,3,21.47,-18.83,-21.1,-10.27,4.25,0.11
EMA_SAR_55_120_1h,1h,55,120,Stop-and-Reverse (SAR),10000.0,7283.03,-2716.97,-27.17,19.93,55.09,-0.94,-1.21,-0.86,24.2,0.69,-0.68,33,124.3,26.82,-10.13,94.5,3.3,330.0,3,3,9.05,-14.44,-19.67,-13.23,2.56,9.18
EMA_SAR_70_75_30m,30m,70,75,Stop-and-Reverse (SAR),10000.0,7282.47,-2717.53,-27.18,19.92,54.31,-0.86,-1.14,-0.87,31.1,0.75,-0.32,74,57.7,28.74,-6.35,98.3,7.4,740.0,2,4,21.05,-19.62,-17.12,-12.66,-4.81,8.63
EMA_SAR_140_185_30m,30m,140,185,Stop-and-Reverse (SAR),10000.0,7281.36,-2718.64,-27.19,19.91,59.25,-0.92,-1.18,-0.8,23.5,0.7,-0.65,34,122.3,27.07,-10.81,95.8,3.4,340.0,3,3,13.66,-18.29,-21.22,-14.95,2.36,14.3
EMA_SAR_20_75_1h,1h,20,75,Stop-and-Reverse (SAR),10000.0,7276.99,-2723.01,-27.23,19.87,54.8,-0.89,-1.22,-0.86,25.0,0.74,-0.35,68,61.7,28.79,-5.84,96.6,6.8,680.0,2,4,18.27,-19.79,-17.72,-14.28,-2.6,11.67
EMA_SAR_75_195_1h,1h,75,195,Stop-and-Reverse (SAR),10000.0,7275.3,-2724.7,-27.25,19.85,50.86,-1.05,-1.29,-0.93,19.2,0.67,-0.86,26,152.0,33.43,-10.43,91.0,2.6,260.0,1,5,14.1,-7.31,-25.43,-4.2,-1.16,-2.58
EMA_SAR_35_45_1h,1h,35,45,Stop-and-Reverse (SAR),10000.0,7267.4,-2732.6,-27.33,19.77,54.81,-0.88,-1.21,-0.87,24.2,0.74,-0.37,66,64.4,26.73,-5.78,98.0,6.6,660.0,2,4,21.0,-24.07,-13.58,-13.22,-3.93,9.79
EMA_SAR_75_100_30m,30m,75,100,Stop-and-Reverse (SAR),10000.0,7266.05,-2733.95,-27.34,19.76,53.78,-0.86,-1.13,-0.88,24.2,0.72,-0.4,62,68.4,26.43,-6.46,97.7,6.2,620.0,2,4,15.28,-18.21,-12.46,-16.39,-5.44,11.35
EMA_SAR_50_175_1h,1h,50,175,Stop-and-Reverse (SAR),10000.0,7266.46,-2733.54,-27.34,19.76,54.35,-0.99,-1.25,-0.87,16.7,0.69,-0.63,36,110.9,29.09,-10.48,92.0,3.6,360.0,3,3,14.23,-14.17,-20.39,-10.64,0.66,3.5
EMA_SAR_65_155_30m,30m,65,155,Stop-and-Reverse (SAR),10000.0,7263.61,-2736.39,-27.36,19.74,51.49,-0.88,-1.15,-0.92,25.9,0.71,-0.46,54,77.6,24.4,-6.45,96.4,5.4,540.0,3,3,8.81,-23.78,-8.25,-12.84,3.29,6.02
EMA_SAR_115_135_30m,30m,115,135,Stop-and-Reverse (SAR),10000.0,7262.17,-2737.83,-27.38,19.72,51.81,-0.89,-1.16,-0.92,26.0,0.69,-0.49,50,84.2,25.7,-7.37,96.9,5.0,500.0,2,4,5.75,-16.32,-15.38,-11.57,-0.1,9.77
EMA_SAR_120_130_30m,30m,120,130,Stop-and-Reverse (SAR),10000.0,7256.99,-2743.01,-27.43,19.67,51.88,-0.89,-1.16,-0.92,26.0,0.7,-0.49,50,84.3,25.85,-7.37,97.0,5.0,500.0,2,4,7.64,-16.35,-15.38,-11.83,-1.78,9.98
EMA_SAR_50_110_30m,30m,50,110,Stop-and-Reverse (SAR),10000.0,7253.38,-2746.62,-27.47,19.63,55.88,-0.87,-1.16,-0.85,27.1,0.75,-0.35,70,60.5,28.55,-5.73,97.5,7.0,700.0,2,4,24.61,-20.74,-17.49,-12.9,-5.24,7.83
EMA_SAR_135_190_30m,30m,135,190,Stop-and-Reverse (SAR),10000.0,7250.71,-2749.29,-27.49,19.61,57.64,-0.94,-1.19,-0.83,24.2,0.69,-0.69,33,125.9,27.07,-10.59,95.6,3.3,330.0,3,3,13.71,-17.46,-19.03,-14.75,2.24,9.46
EMA_SAR_145_180_30m,30m,145,180,Stop-and-Reverse (SAR),10000.0,7251.15,-2748.85,-27.49,19.61,59.44,-0.94,-1.2,-0.8,23.5,0.69,-0.67,34,122.5,27.08,-10.81,95.9,3.4,340.0,3,3,13.7,-18.29,-21.76,-15.16,2.85,14.33
EMA_SAR_90_100_5m,5m,90,100,Stop-and-Reverse (SAR),10000.0,7250.55,-2749.45,-27.49,19.61,45.38,-0.77,-1.01,-1.05,26.0,0.89,-0.06,354,12.2,23.66,-5.08,99.6,35.4,3540.0,3,3,5.03,12.0,-23.54,6.14,-22.28,-2.28
EMA_SAR_70_110_30m,30m,70,110,Stop-and-Reverse (SAR),10000.0,7248.7,-2751.3,-27.51,19.59,53.59,-0.87,-1.14,-0.89,25.9,0.72,-0.43,58,73.0,26.01,-6.44,97.5,5.8,580.0,2,4,15.61,-18.14,-12.63,-16.61,-4.06,9.58
EMA_SAR_25_65_1h,1h,25,65,Stop-and-Reverse (SAR),10000.0,7247.15,-2752.85,-27.53,19.57,52.37,-0.9,-1.23,-0.91,26.6,0.73,-0.38,64,65.8,28.93,-5.88,97.0,6.4,640.0,2,4,18.48,-21.18,-13.76,-13.34,-1.99,5.95
EMA_SAR_120_180_1h,1h,120,180,Stop-and-Reverse (SAR),10000.0,7247.31,-2752.69,-27.53,19.57,51.63,-1.05,-1.29,-0.93,20.8,0.65,-0.96,24,166.0,31.68,-10.6,91.7,2.4,240.0,2,4,8.72,-7.22,-26.35,-2.91,-2.25,2.79
EMA_SAR_70_115_30m,30m,70,115,Stop-and-Reverse (SAR),10000.0,7245.85,-2754.15,-27.54,19.56,53.58,-0.87,-1.15,-0.89,25.0,0.72,-0.44,56,75.5,26.26,-6.43,97.4,5.6,560.0,2,4,13.87,-19.5,-9.64,-17.15,-3.78,9.75
EMA_SAR_50_120_30m,30m,50,120,Stop-and-Reverse (SAR),10000.0,7243.06,-2756.94,-27.57,19.53,53.89,-0.88,-1.17,-0.89,27.0,0.74,-0.33,74,57.1,28.39,-5.73,97.2,7.4,740.0,2,4,20.15,-19.67,-14.32,-11.22,-8.72,8.08
EMA_SAR_20_80_1h,1h,20,80,Stop-and-Reverse (SAR),10000.0,7241.41,-2758.59,-27.59,19.51,54.34,-0.92,-1.25,-0.88,22.7,0.74,-0.36,66,63.4,28.94,-5.84,96.3,6.6,660.0,2,4,22.51,-18.71,-18.48,-14.08,-1.56,5.46
EMA_SAR_150_170_30m,30m,150,170,Stop-and-Reverse (SAR),10000.0,7241.14,-2758.86,-27.59,19.51,58.23,-0.94,-1.21,-0.82,23.5,0.69,-0.67,34,122.8,26.95,-10.81,96.1,3.4,340.0,3,3,10.2,-18.09,-19.71,-14.56,2.24,14.38
EMA_SAR_90_95_1h,1h,90,95,Stop-and-Reverse (SAR),10000.0,7238.7,-2761.3,-27.61,19.49,56.51,-0.97,-1.27,-0.85,26.5,0.69,-0.67,34,122.1,27.42,-11.04,95.6,3.4,340.0,3,3,13.27,-17.42,-17.08,-14.58,0.81,8.38
EMA_SAR_110_185_1h,1h,110,185,Stop-and-Reverse (SAR),10000.0,7236.1,-2763.9,-27.64,19.46,51.42,-1.06,-1.3,-0.93,19.2,0.65,-0.89,26,152.8,32.41,-10.06,91.5,2.6,260.0,2,4,9.96,-6.45,-26.55,-4.72,-0.62,1.14
EMA_SAR_40_135_30m,30m,40,135,Stop-and-Reverse (SAR),10000.0,7236.44,-2763.56,-27.64,19.46,53.67,-0.9,-1.19,-0.89,25.7,0.74,-0.35,70,60.1,28.32,-5.89,96.9,7.0,700.0,2,4,14.81,-20.51,-15.89,-13.61,-0.18,9.32
EMA_SAR_55_125_30m,30m,55,125,Stop-and-Reverse (SAR),10000.0,7234.42,-2765.58,-27.66,19.44,53.84,-0.88,-1.17,-0.89,25.0,0.73,-0.39,64,65.9,27.45,-6.35,97.1,6.4,640.0,2,4,17.98,-21.8,-15.03,-12.59,-1.72,7.43
EMA_SAR_35_120_30m,30m,35,120,Stop-and-Reverse (SAR),10000.0,7232.63,-2767.37,-27.67,19.43,53.3,-0.89,-1.18,-0.9,29.8,0.75,-0.29,84,50.3,28.37,-5.84,97.2,8.4,840.0,2,4,20.91,-14.03,-21.0,-12.0,-4.88,5.22
EMA_SAR_175_200_30m,30m,175,200,Stop-and-Reverse (SAR),10000.0,7229.79,-2770.21,-27.7,19.4,57.02,-0.95,-1.21,-0.84,23.5,0.69,-0.68,34,121.9,27.32,-10.38,95.4,3.4,340.0,3,3,13.49,-16.31,-21.97,-11.62,1.97,8.24
EMA_SAR_80_100_5m,5m,80,100,Stop-and-Reverse (SAR),10000.0,7230.14,-2769.86,-27.7,19.4,44.46,-0.78,-1.02,-1.08,26.0,0.89,-0.05,362,12.0,24.0,-5.02,99.6,36.2,3620.0,3,3,2.96,17.18,-24.55,1.43,-20.48,-1.53
EMA_SAR_130_170_1h,1h,130,170,Stop-and-Reverse (SAR),10000.0,7228.76,-2771.24,-27.71,19.39,52.22,-1.06,-1.3,-0.92,20.8,0.65,-0.97,24,166.8,31.68,-10.6,92.2,2.4,240.0,2,4,9.78,-7.22,-26.98,-2.56,-2.97,2.79
EMA_SAR_80_85_5m,5m,80,85,Stop-and-Reverse (SAR),10000.0,7228.79,-2771.21,-27.71,19.39,47.92,-0.78,-1.02,-1.0,26.6,0.9,-0.06,384,11.3,24.17,-5.39,99.7,38.4,3840.0,2,4,5.91,18.75,-23.57,-2.8,-21.14,-1.88
EMA_SAR_65_100_5m,5m,65,100,Stop-and-Reverse (SAR),10000.0,7228.43,-2771.57,-27.72,19.38,48.1,-0.78,-1.03,-1.0,24.7,0.9,-0.05,396,10.9,24.24,-5.39,99.6,39.6,3960.0,2,4,4.16,17.7,-21.08,-2.96,-20.87,-2.72
EMA_SAR_65_115_30m,30m,65,115,Stop-and-Reverse (SAR),10000.0,7224.46,-2775.54,-27.76,19.34,53.51,-0.88,-1.16,-0.9,25.9,0.72,-0.44,58,72.9,26.01,-6.46,97.4,5.8,580.0,2,4,14.0,-17.71,-12.46,-16.81,-4.35,10.56
EMA_SAR_155_165_30m,30m,155,165,Stop-and-Reverse (SAR),10000.0,7222.25,-2777.75,-27.78,19.32,58.92,-0.95,-1.22,-0.82,23.5,0.69,-0.68,34,122.9,27.06,-10.81,96.2,3.4,340.0,3,3,11.49,-18.09,-20.84,-14.77,2.24,14.67
EMA_SAR_155_170_30m,30m,155,170,Stop-and-Reverse (SAR),10000.0,7217.88,-2782.12,-27.82,19.28,58.92,-0.96,-1.23,-0.82,23.5,0.69,-0.68,34,122.8,27.08,-10.5,96.1,3.4,340.0,3,3,12.46,-17.68,-21.12,-14.55,1.82,13.6
EMA_SAR_60_145_1h,1h,60,145,Stop-and-Reverse (SAR),10000.0,7213.68,-2786.32,-27.86,19.24,55.74,-0.99,-1.28,-0.87,20.0,0.69,-0.66,35,115.8,29.01,-11.16,93.3,3.5,350.0,3,3,18.18,-19.02,-22.0,-6.6,1.09,2.35
EMA_SAR_90_155_30m,30m,90,155,Stop-and-Reverse (SAR),10000.0,7210.26,-2789.74,-27.9,19.2,48.3,-0.91,-1.2,-1.0,21.4,0.69,-0.46,56,74.8,25.05,-6.93,96.4,5.6,560.0,3,3,3.46,-15.33,-12.82,-11.87,3.45,3.56
EMA_SAR_60_145_30m,30m,60,145,Stop-and-Reverse (SAR),10000.0,7210.42,-2789.58,-27.9,19.2,49.81,-0.91,-1.19,-0.97,25.0,0.72,-0.45,56,75.0,25.86,-6.35,96.7,5.6,560.0,3,3,11.61,-21.24,-9.48,-11.53,0.11,2.31
EMA_SAR_25_60_1h,1h,25,60,Stop-and-Reverse (SAR),10000.0,7207.84,-2792.16,-27.92,19.18,52.33,-0.92,-1.26,-0.92,24.3,0.73,-0.36,70,60.3,28.39,-5.88,97.3,7.0,700.0,2,4,19.62,-22.02,-13.72,-11.69,-4.14,5.8
EMA_SAR_90_180_1h,1h,90,180,Stop-and-Reverse (SAR),10000.0,7205.87,-2794.13,-27.94,19.16,50.84,-1.08,-1.34,-0.95,17.9,0.66,-0.83,28,142.2,33.27,-10.15,91.7,2.8,280.0,1,5,12.4,-6.74,-26.02,-4.15,-0.89,-2.18
EMA_SAR_80_105_1h,1h,80,105,Stop-and-Reverse (SAR),10000.0,7200.58,-2799.42,-27.99,19.11,57.2,-0.99,-1.3,-0.85,27.3,0.69,-0.71,33,125.2,27.42,-11.04,95.2,3.3,330.0,3,3,14.97,-17.42,-17.77,-14.93,0.45,7.94
EMA_SAR_120_190_1h,1h,120,190,Stop-and-Reverse (SAR),10000.0,7201.15,-2798.85,-27.99,19.11,52.23,-1.07,-1.31,-0.93,22.7,0.65,-1.07,22,180.1,31.77,-9.08,91.3,2.2,220.0,2,4,8.66,-4.26,-27.94,-4.12,-2.97,3.26
EMA_SAR_40_125_30m,30m,40,125,Stop-and-Reverse (SAR),10000.0,7200.28,-2799.72,-28.0,19.1,53.01,-0.91,-1.2,-0.91,25.0,0.74,-0.33,76,55.5,28.06,-5.84,97.1,7.6,760.0,2,4,21.04,-19.77,-15.31,-11.02,-5.31,3.92
EMA_SAR_105_200_1h,1h,105,200,Stop-and-Reverse (SAR),10000.0,7199.58,-2800.42,-28.0,19.1,51.66,-1.08,-1.32,-0.94,22.7,0.65,-1.07,22,179.2,32.01,-9.91,90.8,2.2,220.0,2,4,9.22,-5.77,-27.38,-4.78,-0.65,1.82
EMA_SAR_80_110_5m,5m,80,110,Stop-and-Reverse (SAR),10000.0,7199.86,-2800.14,-28.0,19.1,45.77,-0.79,-1.04,-1.06,25.7,0.89,-0.06,358,12.1,23.72,-5.08,99.6,35.8,3580.0,3,3,5.36,14.45,-24.35,4.74,-22.16,-3.19
EMA_SAR_125_150_30m,30m,125,150,Stop-and-Reverse (SAR),10000.0,7197.85,-2802.15,-28.02,19.08,56.53,-0.94,-1.21,-0.86,23.8,0.69,-0.58,42,99.8,27.71,-11.26,96.6,4.2,420.0,2,4,8.35,-18.63,-18.11,-12.95,-4.87,20.38
EMA_SAR_40_160_1h,1h,40,160,Stop-and-Reverse (SAR),10000.0,7197.18,-2802.82,-28.03,19.07,53.99,-1.01,-1.29,-0.9,17.6,0.69,-0.69,34,118.3,28.91,-11.3,92.7,3.4,340.0,3,3,13.97,-18.84,-19.33,-8.78,3.86,1.81
EMA_SAR_85_160_30m,30m,85,160,Stop-and-Reverse (SAR),10000.0,7194.72,-2805.28,-28.05,19.05,49.85,-0.92,-1.21,-0.97,24.1,0.69,-0.48,54,77.5,25.05,-6.93,96.3,5.4,540.0,3,3,5.68,-15.2,-15.55,-11.88,4.13,3.61
EMA_SAR_40_70_1h,1h,40,70,Stop-and-Reverse (SAR),10000.0,7194.18,-2805.82,-28.06,19.04,50.86,-0.93,-1.26,-0.95,25.9,0.71,-0.47,54,77.8,24.63,-6.6,96.8,5.4,540.0,3,3,8.38,-23.7,-8.62,-12.58,6.23,2.52
EMA_SAR_60_100_30m,30m,60,100,Stop-and-Reverse (SAR),10000.0,7193.17,-2806.83,-28.07,19.03,57.01,-0.9,-1.2,-0.85,27.3,0.74,-0.38,66,64.3,28.22,-6.35,97.7,6.6,660.0,2,4,23.68,-20.92,-21.1,-11.92,-4.59,10.91
EMA_SAR_100_195_1h,1h,100,195,Stop-and-Reverse (SAR),10000.0,7192.6,-2807.4,-28.07,19.03,52.64,-1.09,-1.33,-0.92,20.8,0.65,-0.98,24,164.7,32.86,-10.4,91.0,2.4,240.0,3,3,12.41,-7.12,-29.41,-3.9,0.42,1.14
EMA_SAR_70_120_1h,1h,70,120,Stop-and-Reverse (SAR),10000.0,7192.26,-2807.74,-28.08,19.02,57.66,-0.99,-1.3,-0.84,27.3,0.69,-0.71,33,124.3,27.32,-11.04,94.5,3.3,330.0,3,3,14.84,-18.65,-17.77,-14.55,0.45,9.09
EMA_SAR_85_100_1h,1h,85,100,Stop-and-Reverse (SAR),10000.0,7191.45,-2808.55,-28.09,19.01,56.67,-0.99,-1.3,-0.86,26.5,0.69,-0.69,34,121.9,27.42,-11.04,95.4,3.4,340.0,3,3,12.94,-17.42,-17.08,-14.58,0.45,8.38
EMA_SAR_185_190_30m,30m,185,190,Stop-and-Reverse (SAR),10000.0,7188.71,-2811.29,-28.11,18.99,57.11,-0.97,-1.24,-0.85,23.5,0.68,-0.7,34,122.2,27.32,-10.38,95.6,3.4,340.0,3,3,13.08,-16.31,-22.13,-11.62,1.97,8.24
EMA_SAR_145_170_30m,30m,145,170,Stop-and-Reverse (SAR),10000.0,7186.51,-2813.49,-28.13,18.97,57.94,-0.97,-1.24,-0.84,23.5,0.68,-0.69,34,122.8,26.9,-10.59,96.1,3.4,340.0,3,3,8.43,-16.46,-21.6,-13.91,2.58,14.58
EMA_SAR_50_150_1h,1h,50,150,Stop-and-Reverse (SAR),10000.0,7185.51,-2814.49,-28.14,18.96,57.24,-1.01,-1.29,-0.85,20.0,0.7,-0.67,35,115.5,28.63,-11.21,93.1,3.5,350.0,3,3,22.57,-20.71,-19.37,-9.79,0.02,1.63
EMA_SAR_95_115_30m,30m,95,115,Stop-and-Reverse (SAR),10000.0,7186.27,-2813.73,-28.14,18.96,52.49,-0.91,-1.19,-0.93,25.9,0.71,-0.48,54,78.3,23.86,-6.12,97.4,5.4,540.0,3,3,10.04,-24.41,-4.67,-17.04,4.0,5.05
EMA_SAR_180_195_30m,30m,180,195,Stop-and-Reverse (SAR),10000.0,7182.74,-2817.26,-28.17,18.93,57.11,-0.98,-1.24,-0.85,23.5,0.68,-0.7,34,122.0,27.32,-10.38,95.5,3.4,340.0,3,3,12.98,-16.31,-22.13,-11.62,1.97,8.24
EMA_SAR_60_120_30m,30m,60,120,Stop-and-Reverse (SAR),10000.0,7177.3,-2822.7,-28.23,18.87,54.16,-0.91,-1.21,-0.9,25.0,0.72,-0.43,60,70.4,27.47,-6.35,97.2,6.0,600.0,2,4,15.91,-21.07,-15.26,-11.83,-3.86,9.22
EMA_SAR_70_95_1h,1h,70,95,Stop-and-Reverse (SAR),10000.0,7176.75,-2823.25,-28.23,18.87,58.35,-1.0,-1.29,-0.84,23.5,0.68,-0.7,34,122.1,27.15,-10.81,95.6,3.4,340.0,3,3,11.49,-18.29,-20.97,-14.33,2.48,13.53
EMA_SAR_120_150_30m,30m,120,150,Stop-and-Reverse (SAR),10000.0,7176.66,-2823.34,-28.23,18.87,55.72,-0.95,-1.23,-0.88,27.3,0.69,-0.56,44,95.3,27.63,-11.26,96.6,4.4,440.0,2,4,7.91,-18.27,-19.06,-11.06,-4.91,18.89
EMA_SAR_85_200_1h,1h,85,200,Stop-and-Reverse (SAR),10000.0,7175.18,-2824.82,-28.25,18.85,50.4,-1.1,-1.36,-0.97,17.9,0.66,-0.85,28,140.8,33.73,-9.92,90.8,2.8,280.0,1,5,12.55,-6.5,-26.59,-2.86,-0.87,-3.54
EMA_SAR_140_170_30m,30m,140,170,Stop-and-Reverse (SAR),10000.0,7173.91,-2826.09,-28.26,18.84,58.09,-0.97,-1.25,-0.84,23.5,0.68,-0.71,34,122.8,26.74,-9.92,96.1,3.4,340.0,3,3,9.63,-15.56,-22.4,-14.44,2.8,13.53
EMA_SAR_75_105_30m,30m,75,105,Stop-and-Reverse (SAR),10000.0,7171.58,-2828.42,-28.28,18.82,53.41,-0.9,-1.19,-0.91,26.7,0.71,-0.43,60,70.6,26.03,-6.44,97.6,6.0,600.0,2,4,14.7,-18.47,-11.44,-16.56,-4.59,8.77
EMA_SAR_35_125_30m,30m,35,125,Stop-and-Reverse (SAR),10000.0,7169.0,-2831.0,-28.31,18.79,53.21,-0.92,-1.22,-0.92,25.0,0.75,-0.21,92,45.9,28.42,-5.84,97.1,9.2,920.0,2,4,21.22,-15.65,-20.71,-9.04,-6.08,3.5
EMA_SAR_30_150_30m,30m,30,150,Stop-and-Reverse (SAR),10000.0,7157.68,-2842.32,-28.42,18.68,51.09,-0.94,-1.25,-0.96,25.6,0.75,-0.31,82,51.1,28.15,-5.84,96.6,8.2,820.0,2,4,15.47,-14.71,-16.39,-11.28,-4.95,3.09
EMA_SAR_80_85_1h,1h,80,85,Stop-and-Reverse (SAR),10000.0,7155.59,-2844.41,-28.44,18.66,57.25,-1.01,-1.31,-0.86,23.5,0.68,-0.7,34,122.7,27.02,-10.81,96.1,3.4,340.0,3,3,8.59,-16.49,-21.11,-12.68,1.16,13.23
EMA_SAR_75_120_30m,30m,75,120,Stop-and-Reverse (SAR),10000.0,7149.89,-2850.11,-28.5,18.6,52.4,-0.93,-1.21,-0.94,26.8,0.71,-0.46,56,75.4,26.12,-6.93,97.2,5.6,560.0,3,3,12.52,-20.47,-11.2,-15.3,1.2,4.98
EMA_SAR_35_40_1h,1h,35,40,Stop-and-Reverse (SAR),10000.0,7148.74,-2851.26,-28.51,18.59,52.1,-0.94,-1.28,-0.94,27.8,0.75,-0.36,72,59.2,28.7,-5.73,98.2,7.2,720.0,2,4,24.28,-18.09,-15.67,-12.65,-5.16,0.52
EMA_SAR_135_140_30m,30m,135,140,Stop-and-Reverse (SAR),10000.0,7147.96,-2852.04,-28.52,18.58,56.59,-0.96,-1.25,-0.87,23.8,0.69,-0.6,42,100.1,27.71,-11.26,96.8,4.2,420.0,2,4,9.65,-18.54,-17.87,-13.43,-4.75,18.15
EMA_SAR_125_185_1h,1h,125,185,Stop-and-Reverse (SAR),10000.0,7145.79,-2854.21,-28.54,18.56,52.4,-1.1,-1.35,-0.94,22.7,0.64,-1.1,22,180.6,31.77,-9.1,91.5,2.2,220.0,2,4,7.66,-4.26,-27.78,-4.68,-2.97,3.78
EMA_SAR_115_195_1h,1h,115,195,Stop-and-Reverse (SAR),10000.0,7144.18,-2855.82,-28.56,18.54,52.48,-1.11,-1.35,-0.94,22.7,0.64,-1.1,22,179.7,31.84,-9.7,91.0,2.2,220.0,2,4,9.61,-5.36,-28.7,-2.67,-2.97,2.28
EMA_SAR_65_175_30m,30m,65,175,Stop-and-Reverse (SAR),10000.0,7144.32,-2855.68,-28.56,18.54,50.23,-0.95,-1.24,-0.98,26.3,0.7,-0.46,57,73.1,25.41,-6.46,96.0,5.7,570.0,2,4,8.27,-16.57,-14.15,-12.68,5.88,-0.35
EMA_SAR_85_100_5m,5m,85,100,Stop-and-Reverse (SAR),10000.0,7140.71,-2859.29,-28.59,18.51,46.14,-0.82,-1.08,-1.07,26.1,0.89,-0.07,352,12.3,23.69,-5.08,99.6,35.2,3520.0,3,3,3.68,14.4,-22.52,4.22,-22.55,-3.73
EMA_SAR_75_110_1h,1h,75,110,Stop-and-Reverse (SAR),10000.0,7136.0,-2864.0,-28.64,18.46,57.25,-1.02,-1.34,-0.86,27.3,0.68,-0.73,33,124.9,27.42,-11.04,95.0,3.3,330.0,2,4,13.88,-17.42,-17.14,-14.93,-0.43,8.12
EMA_SAR_60_140_30m,30m,60,140,Stop-and-Reverse (SAR),10000.0,7135.63,-2864.37,-28.64,18.46,51.0,-0.94,-1.24,-0.97,25.0,0.71,-0.47,56,75.1,25.32,-6.35,96.8,5.6,560.0,2,4,13.28,-23.09,-8.75,-11.8,-0.4,2.17
EMA_SAR_40_140_1h,1h,40,140,Stop-and-Reverse (SAR),10000.0,7136.37,-2863.63,-28.64,18.46,57.88,-1.03,-1.31,-0.85,18.9,0.7,-0.65,37,109.8,26.93,-11.13,93.6,3.7,370.0,3,3,20.38,-20.24,-20.1,-13.52,3.54,3.87
EMA_SAR_60_85_30m,30m,60,85,Stop-and-Reverse (SAR),10000.0,7135.13,-2864.87,-28.65,18.45,55.15,-0.93,-1.24,-0.9,33.8,0.74,-0.35,74,57.5,28.61,-6.35,98.1,7.4,740.0,2,4,22.16,-16.63,-18.18,-15.84,-5.32,7.47
EMA_SAR_65_120_5m,5m,65,120,Stop-and-Reverse (SAR),10000.0,7132.07,-2867.93,-28.68,18.42,47.82,-0.83,-1.09,-1.03,25.4,0.89,-0.04,370,11.7,24.0,-5.02,99.5,37.0,3700.0,3,3,3.45,15.34,-19.55,2.13,-23.9,-4.4
EMA_SAR_70_130_30m,30m,70,130,Stop-and-Reverse (SAR),10000.0,7131.94,-2868.06,-28.68,18.42,52.01,-0.94,-1.23,-0.95,26.8,0.71,-0.47,56,75.2,25.0,-6.35,97.0,5.6,560.0,3,3,11.74,-21.85,-8.99,-15.23,1.16,4.64
EMA_SAR_25_55_1h,1h,25,55,Stop-and-Reverse (SAR),10000.0,7129.58,-2870.42,-28.7,18.4,51.82,-0.95,-1.31,-0.95,24.3,0.74,-0.35,74,57.2,28.23,-5.88,97.5,7.4,740.0,1,5,24.39,-18.56,-12.48,-13.13,-5.39,-2.16
EMA_SAR_45_150_1h,1h,45,150,Stop-and-Reverse (SAR),10000.0,7129.42,-2870.58,-28.71,18.39,55.94,-1.04,-1.32,-0.88,18.9,0.7,-0.64,37,109.3,29.08,-11.3,93.1,3.7,370.0,2,4,21.06,-20.37,-18.6,-10.66,2.5,-0.78
EMA_SAR_120_185_1h,1h,120,185,Stop-and-Reverse (SAR),10000.0,7129.09,-2870.91,-28.71,18.39,52.8,-1.11,-1.36,-0.94,22.7,0.64,-1.11,22,180.6,31.84,-9.7,91.5,2.2,220.0,2,4,9.09,-5.36,-29.34,-2.47,-2.96,3.26
EMA_SAR_120_195_1h,1h,120,195,Stop-and-Reverse (SAR),10000.0,7128.31,-2871.69,-28.72,18.38,53.22,-1.11,-1.35,-0.93,22.7,0.64,-1.11,22,179.7,31.77,-10.27,91.0,2.2,220.0,2,4,8.18,-6.89,-26.68,-4.73,-3.38,4.86
EMA_SAR_45_155_1h,1h,45,155,Stop-and-Reverse (SAR),10000.0,7124.86,-2875.14,-28.75,18.35,55.5,-1.04,-1.33,-0.89,20.6,0.69,-0.72,34,118.6,28.74,-11.3,92.9,3.4,340.0,2,4,18.89,-20.65,-18.35,-9.63,2.46,-0.1
EMA_SAR_70_155_30m,30m,70,155,Stop-and-Reverse (SAR),10000.0,7123.84,-2876.16,-28.76,18.34,52.3,-0.95,-1.25,-0.95,24.1,0.7,-0.49,54,77.6,24.56,-6.45,96.4,5.4,540.0,3,3,8.47,-21.68,-11.28,-13.74,3.93,5.42
EMA_SAR_105_195_1h,1h,105,195,Stop-and-Reverse (SAR),10000.0,7124.31,-2875.69,-28.76,18.34,52.45,-1.12,-1.37,-0.94,22.7,0.64,-1.11,22,179.7,32.41,-9.69,91.0,2.2,220.0,2,4,10.49,-4.91,-28.66,-5.5,-0.66,1.24
EMA_SAR_130_195_30m,30m,130,195,Stop-and-Reverse (SAR),10000.0,7121.83,-2878.17,-28.78,18.32,57.63,-1.0,-1.27,-0.86,24.2,0.68,-0.75,33,125.7,27.04,-10.59,95.5,3.3,330.0,3,3,11.69,-17.34,-19.0,-14.66,2.24,9.14
EMA_SAR_70_95_30m,30m,70,95,Stop-and-Reverse (SAR),10000.0,7118.84,-2881.16,-28.81,18.29,56.29,-0.93,-1.24,-0.88,25.8,0.72,-0.4,66,64.4,26.9,-6.74,97.8,6.6,660.0,2,4,20.63,-21.03,-14.06,-18.03,-3.98,10.47
EMA_SAR_35_70_1h,1h,35,70,Stop-and-Reverse (SAR),10000.0,7118.57,-2881.43,-28.81,18.29,51.74,-0.97,-1.31,-0.96,27.8,0.7,-0.5,54,77.8,24.42,-5.88,96.8,5.4,540.0,3,3,9.85,-24.88,-9.34,-12.11,3.17,4.93
EMA_SAR_130_145_30m,30m,130,145,Stop-and-Reverse (SAR),10000.0,7111.71,-2888.29,-28.88,18.22,56.35,-0.98,-1.27,-0.88,23.8,0.68,-0.61,42,100.0,27.71,-11.26,96.7,4.2,420.0,2,4,8.49,-18.54,-17.87,-12.95,-4.75,18.15
EMA_SAR_35_75_1h,1h,35,75,Stop-and-Reverse (SAR),10000.0,7111.33,-2888.67,-28.89,18.21,51.22,-0.97,-1.31,-0.97,24.1,0.71,-0.49,54,77.6,24.63,-5.91,96.6,5.4,540.0,3,3,11.02,-24.74,-8.7,-11.96,4.42,1.39
EMA_SAR_50_145_30m,30m,50,145,Stop-and-Reverse (SAR),10000.0,7109.84,-2890.16,-28.9,18.2,52.78,-0.96,-1.27,-0.94,24.2,0.72,-0.42,62,67.7,27.43,-6.35,96.7,6.2,620.0,2,4,16.93,-20.61,-15.47,-11.32,-0.59,2.77
EMA_SAR_70_95_5m,5m,70,95,Stop-and-Reverse (SAR),10000.0,7104.32,-2895.68,-28.96,18.14,47.63,-0.83,-1.1,-1.05,24.7,0.89,-0.06,396,10.9,24.11,-5.39,99.6,39.6,3960.0,2,4,3.06,16.71,-21.74,-2.3,-21.49,-1.6
EMA_SAR_95_100_30m,30m,95,100,Stop-and-Reverse (SAR),10000.0,7097.59,-2902.41,-29.02,18.08,54.48,-0.95,-1.25,-0.92,23.1,0.7,-0.51,52,81.6,25.48,-6.93,97.7,5.2,520.0,3,3,12.68,-20.93,-14.25,-15.64,5.64,4.24
EMA_SAR_85_105_5m,5m,85,105,Stop-and-Reverse (SAR),10000.0,7097.26,-2902.74,-29.03,18.07,45.93,-0.84,-1.11,-1.09,25.4,0.89,-0.07,358,12.1,23.66,-5.08,99.6,35.8,3580.0,3,3,4.86,11.9,-23.41,5.4,-21.7,-4.31
EMA_SAR_50_115_30m,30m,50,115,Stop-and-Reverse (SAR),10000.0,7094.07,-2905.93,-29.06,18.04,55.37,-0.96,-1.26,-0.9,26.4,0.73,-0.37,72,58.7,28.27,-5.73,97.4,7.2,720.0,2,4,23.31,-20.29,-17.1,-12.23,-5.68,5.17
EMA_SAR_80_100_1h,1h,80,100,Stop-and-Reverse (SAR),10000.0,7093.57,-2906.43,-29.06,18.04,56.36,-1.04,-1.36,-0.89,27.3,0.67,-0.76,33,125.5,26.41,-11.04,95.4,3.3,330.0,2,4,9.73,-17.32,-16.85,-13.12,-0.43,8.7
EMA_SAR_35_145_30m,30m,35,145,Stop-and-Reverse (SAR),10000.0,7092.94,-2907.06,-29.07,18.03,50.87,-0.97,-1.28,-0.98,23.0,0.74,-0.35,74,56.7,28.63,-5.84,96.7,7.4,740.0,2,4,15.67,-17.84,-17.4,-9.07,-1.94,1.34
EMA_SAR_120_125_30m,30m,120,125,Stop-and-Reverse (SAR),10000.0,7090.27,-2909.73,-29.1,18.0,50.25,-0.97,-1.27,-1.0,26.0,0.68,-0.54,50,84.4,25.32,-7.27,97.1,5.0,500.0,3,3,2.51,-19.57,-12.44,-10.57,0.55,9.21
EMA_SAR_45_115_30m,30m,45,115,Stop-and-Reverse (SAR),10000.0,7085.19,-2914.81,-29.15,17.95,53.64,-0.96,-1.27,-0.93,26.4,0.74,-0.37,72,58.7,28.42,-5.55,97.4,7.2,720.0,2,4,20.28,-19.86,-15.28,-12.83,-3.83,3.5
EMA_SAR_115_185_1h,1h,115,185,Stop-and-Reverse (SAR),10000.0,7083.19,-2916.81,-29.17,17.93,52.49,-1.14,-1.4,-0.95,20.8,0.64,-1.05,24,165.5,32.01,-10.6,91.5,2.4,240.0,3,3,9.96,-7.29,-29.74,-2.85,0.54,1.24
EMA_SAR_75_95_1h,1h,75,95,Stop-and-Reverse (SAR),10000.0,7082.25,-2917.75,-29.18,17.92,58.39,-1.05,-1.36,-0.86,23.5,0.67,-0.73,34,122.1,26.78,-11.89,95.6,3.4,340.0,3,3,9.84,-18.07,-21.32,-13.0,1.11,13.7
EMA_SAR_75_90_30m,30m,75,90,Stop-and-Reverse (SAR),10000.0,7078.81,-2921.19,-29.21,17.89,56.2,-0.95,-1.26,-0.89,25.8,0.71,-0.41,66,64.4,26.9,-6.74,97.9,6.6,660.0,2,4,20.21,-21.38,-13.76,-17.72,-4.05,10.02
EMA_SAR_55_165_1h,1h,55,165,Stop-and-Reverse (SAR),10000.0,7071.24,-2928.76,-29.29,17.81,54.88,-1.09,-1.39,-0.92,15.8,0.68,-0.66,38,105.6,29.28,-11.16,92.4,3.8,380.0,3,3,15.22,-14.51,-21.26,-10.97,1.35,1.04
EMA_SAR_60_110_1h,1h,60,110,Stop-and-Reverse (SAR),10000.0,7070.66,-2929.34,-29.29,17.81,56.35,-1.05,-1.36,-0.89,24.2,0.67,-0.76,33,124.9,26.75,-10.81,95.0,3.3,330.0,3,3,9.62,-16.11,-20.87,-12.55,2.48,8.42
EMA_SAR_35_175_5m,5m,35,175,Stop-and-Reverse (SAR),10000.0,7063.3,-2936.7,-29.37,17.73,51.27,-0.87,-1.15,-0.98,22.5,0.89,-0.05,414,10.4,24.13,-4.44,99.3,41.4,4140.0,3,3,10.4,6.78,-21.43,-1.09,-23.95,1.37
EMA_SAR_65_100_30m,30m,65,100,Stop-and-Reverse (SAR),10000.0,7060.52,-2939.48,-29.39,17.71,56.03,-0.96,-1.28,-0.9,25.8,0.71,-0.41,66,64.3,26.9,-6.74,97.7,6.6,660.0,2,4,17.81,-21.01,-13.8,-17.15,-4.75,11.53
EMA_SAR_95_110_30m,30m,95,110,Stop-and-Reverse (SAR),10000.0,7060.86,-2939.14,-29.39,17.71,53.84,-0.97,-1.27,-0.94,26.9,0.7,-0.53,52,81.4,24.71,-6.12,97.5,5.2,520.0,3,3,13.08,-22.59,-8.54,-17.91,5.37,1.96
EMA_SAR_35_50_1h,1h,35,50,Stop-and-Reverse (SAR),10000.0,7060.95,-2939.05,-29.39,17.71,53.22,-0.98,-1.35,-0.95,25.8,0.71,-0.42,66,64.3,27.31,-5.73,97.7,6.6,660.0,2,4,16.84,-21.5,-13.38,-13.81,-4.0,7.41
EMA_SAR_90_105_30m,30m,90,105,Stop-and-Reverse (SAR),10000.0,7056.75,-2943.25,-29.43,17.67,55.05,-0.97,-1.27,-0.92,25.0,0.7,-0.52,52,81.5,25.48,-6.93,97.6,5.2,520.0,3,3,13.47,-20.93,-14.25,-16.71,5.64,4.24
EMA_SAR_50_155_1h,1h,50,155,Stop-and-Reverse (SAR),10000.0,7057.01,-2942.99,-29.43,17.67,57.18,-1.08,-1.39,-0.88,20.6,0.68,-0.75,34,118.6,29.09,-11.21,92.9,3.4,340.0,3,3,20.84,-19.1,-19.5,-11.43,0.02,1.24
EMA_SAR_40_165_1h,1h,40,165,Stop-and-Reverse (SAR),10000.0,7056.38,-2943.62,-29.44,17.66,55.12,-1.09,-1.39,-0.92,17.6,0.67,-0.75,34,118.0,28.99,-11.3,92.4,3.4,340.0,3,3,14.71,-19.41,-19.22,-10.58,3.79,1.81
EMA_SAR_125_200_30m,30m,125,200,Stop-and-Reverse (SAR),10000.0,7056.0,-2944.0,-29.44,17.66,57.82,-1.04,-1.32,-0.87,24.2,0.67,-0.78,33,125.6,27.04,-10.59,95.4,3.3,330.0,3,3,10.87,-17.14,-19.56,-14.68,2.27,9.44
EMA_SAR_125_175_1h,1h,125,175,Stop-and-Reverse (SAR),10000.0,7053.94,-2946.06,-29.46,17.64,52.18,-1.16,-1.42,-0.97,20.8,0.63,-1.06,24,166.4,31.68,-10.6,92.0,2.4,240.0,2,4,7.02,-7.22,-27.35,-1.97,-2.97,2.79
EMA_SAR_50_140_30m,30m,50,140,Stop-and-Reverse (SAR),10000.0,7050.91,-2949.09,-29.49,17.61,53.69,-0.99,-1.31,-0.94,24.2,0.72,-0.44,62,67.8,28.34,-5.69,96.8,6.2,620.0,2,4,18.54,-21.88,-14.44,-11.23,-2.61,2.94
EMA_SAR_80_90_1h,1h,80,90,Stop-and-Reverse (SAR),10000.0,7047.91,-2952.09,-29.52,17.58,58.39,-1.06,-1.39,-0.87,23.5,0.67,-0.74,34,122.4,26.74,-11.89,95.9,3.4,340.0,3,3,9.04,-18.07,-21.32,-13.0,1.11,13.99
EMA_SAR_45_55_1h,1h,45,55,Stop-and-Reverse (SAR),10000.0,7046.56,-2953.44,-29.53,17.57,51.75,-1.0,-1.36,-0.98,25.9,0.71,-0.51,54,78.4,25.55,-5.55,97.5,5.4,540.0,3,3,12.44,-22.68,-10.88,-13.15,3.1,1.57
EMA_SAR_65_170_30m,30m,65,170,Stop-and-Reverse (SAR),10000.0,7045.65,-2954.35,-29.54,17.56,48.57,-1.0,-1.3,-1.04,24.1,0.69,-0.52,54,77.3,25.11,-6.6,96.1,5.4,540.0,2,4,6.8,-16.28,-11.59,-12.69,6.46,-4.11
EMA_SAR_50_160_1h,1h,50,160,Stop-and-Reverse (SAR),10000.0,7044.94,-2955.06,-29.55,17.55,56.07,-1.1,-1.4,-0.9,17.6,0.68,-0.75,34,118.3,29.26,-11.21,92.7,3.4,340.0,2,4,17.14,-18.11,-19.35,-10.25,-0.23,1.69
EMA_SAR_55_125_1h,1h,55,125,Stop-and-Reverse (SAR),10000.0,7043.68,-2956.32,-29.56,17.54,56.53,-1.07,-1.38,-0.9,24.2,0.66,-0.78,33,124.0,26.75,-10.13,94.3,3.3,330.0,3,3,8.44,-15.32,-21.33,-13.16,2.41,9.64
EMA_SAR_30_155_30m,30m,30,155,Stop-and-Reverse (SAR),10000.0,7042.07,-2957.93,-29.58,17.52,50.88,-1.0,-1.32,-1.0,23.7,0.74,-0.36,76,55.1,28.56,-5.84,96.4,7.6,760.0,1,5,17.12,-14.49,-19.88,-11.24,-0.31,-0.83
EMA_SAR_90_95_5m,5m,90,95,Stop-and-Reverse (SAR),10000.0,7041.4,-2958.6,-29.59,17.51,46.66,-0.87,-1.14,-1.09,26.4,0.89,-0.07,352,12.3,23.69,-5.08,99.6,35.2,3520.0,3,3,3.37,14.21,-22.81,4.56,-23.25,-3.71
EMA_SAR_25_70_1h,1h,25,70,Stop-and-Reverse (SAR),10000.0,7039.13,-2960.87,-29.61,17.49,52.16,-1.01,-1.38,-0.97,24.2,0.71,-0.44,62,67.8,27.65,-5.88,96.8,6.2,620.0,2,4,15.35,-21.77,-13.89,-11.78,-0.62,3.32
EMA_SAR_45_120_30m,30m,45,120,Stop-and-Reverse (SAR),10000.0,7038.43,-2961.57,-29.62,17.48,56.53,-0.99,-1.31,-0.9,25.0,0.73,-0.38,72,58.7,28.23,-5.55,97.2,7.2,720.0,2,4,23.66,-21.09,-17.2,-13.44,-6.27,7.38
EMA_SAR_65_105_1h,1h,65,105,Stop-and-Reverse (SAR),10000.0,7036.95,-2963.05,-29.63,17.47,56.63,-1.07,-1.38,-0.9,24.2,0.67,-0.78,33,125.2,26.78,-10.81,95.2,3.3,330.0,3,3,9.75,-15.92,-21.11,-12.98,2.41,8.47
EMA_SAR_70_100_1h,1h,70,100,Stop-and-Reverse (SAR),10000.0,7036.73,-2963.27,-29.63,17.47,58.65,-1.07,-1.39,-0.87,24.2,0.67,-0.77,33,125.5,26.78,-11.89,95.4,3.3,330.0,3,3,9.63,-18.07,-22.19,-13.11,1.73,13.9
EMA_SAR_85_95_1h,1h,85,95,Stop-and-Reverse (SAR),10000.0,7035.13,-2964.87,-29.65,17.45,56.32,-1.07,-1.4,-0.9,26.5,0.67,-0.76,34,122.1,26.41,-11.04,95.6,3.4,340.0,2,4,9.88,-17.32,-16.85,-13.03,-0.43,7.55
EMA_SAR_110_190_1h,1h,110,190,Stop-and-Reverse (SAR),10000.0,7034.37,-2965.63,-29.66,17.44,53.25,-1.17,-1.43,-0.95,20.8,0.63,-1.08,24,165.1,32.01,-9.91,91.3,2.4,240.0,3,3,10.99,-5.77,-30.95,-4.93,1.21,1.24
EMA_SAR_60_150_1h,1h,60,150,Stop-and-Reverse (SAR),10000.0,7014.38,-2985.62,-29.86,17.24,56.06,-1.1,-1.41,-0.91,20.0,0.68,-0.74,35,115.5,30.1,-11.16,93.1,3.5,350.0,3,3,18.21,-17.73,-23.26,-7.58,1.35,0.34
EMA_SAR_70_170_30m,30m,70,170,Stop-and-Reverse (SAR),10000.0,7012.1,-2987.9,-29.88,17.22,50.43,-1.02,-1.32,-1.01,27.6,0.68,-0.49,58,72.0,25.26,-6.46,96.1,5.8,580.0,3,3,6.66,-16.71,-14.92,-12.11,5.26,0.28
EMA_SAR_30_160_30m,30m,30,160,Stop-and-Reverse (SAR),10000.0,7010.83,-2989.17,-29.89,17.21,53.21,-1.02,-1.34,-0.96,23.1,0.73,-0.35,78,53.6,28.25,-5.84,96.3,7.8,780.0,3,3,17.95,-15.15,-21.39,-13.31,1.12,1.66
EMA_SAR_115_130_30m,30m,115,130,Stop-and-Reverse (SAR),10000.0,7006.0,-2994.0,-29.94,17.16,50.15,-1.01,-1.33,-1.02,26.9,0.67,-0.54,52,81.0,25.32,-7.27,97.0,5.2,520.0,3,3,1.69,-19.43,-12.44,-10.55,0.73,8.37
EMA_SAR_70_125_1h,1h,70,125,Stop-and-Reverse (SAR),10000.0,7002.9,-2997.1,-29.97,17.13,56.11,-1.1,-1.43,-0.91,21.6,0.68,-0.7,37,110.6,28.76,-11.04,94.3,3.7,370.0,3,3,18.18,-19.76,-17.62,-11.11,0.71,0.15
EMA_SAR_45_145_5m,5m,45,145,Stop-and-Reverse (SAR),10000.0,7002.06,-2997.94,-29.98,17.12,49.09,-0.89,-1.17,-1.04,24.2,0.89,-0.05,392,11.0,23.99,-5.38,99.4,39.2,3920.0,2,4,5.81,7.34,-20.36,-1.12,-20.92,-1.01
EMA_SAR_140_200_30m,30m,140,200,Stop-and-Reverse (SAR),10000.0,6999.34,-3000.66,-30.01,17.09,57.28,-1.07,-1.36,-0.9,24.2,0.66,-0.8,33,125.6,26.77,-10.5,95.4,3.3,330.0,3,3,9.55,-15.23,-21.6,-12.73,1.55,8.47
EMA_SAR_80_135_30m,30m,80,135,Stop-and-Reverse (SAR),10000.0,6998.28,-3001.72,-30.02,17.08,52.46,-1.01,-1.33,-0.98,24.1,0.69,-0.52,54,77.9,24.46,-6.93,96.9,5.4,540.0,3,3,6.91,-23.97,-9.63,-13.05,2.75,6.65
EMA_SAR_75_105_5m,5m,75,105,Stop-and-Reverse (SAR),10000.0,6997.17,-3002.83,-30.03,17.07,44.77,-0.89,-1.16,-1.15,25.5,0.88,-0.05,372,11.6,24.0,-5.02,99.6,37.2,3720.0,1,5,-0.96,20.94,-25.24,-0.07,-20.51,-1.63
EMA_SAR_155_185_30m,30m,155,185,Stop-and-Reverse (SAR),10000.0,6996.39,-3003.61,-30.04,17.06,58.04,-1.07,-1.36,-0.88,26.5,0.67,-0.77,34,122.3,26.74,-11.58,95.8,3.4,340.0,3,3,10.86,-17.53,-20.25,-13.0,1.1,9.1
EMA_SAR_40_80_1h,1h,40,80,Stop-and-Reverse (SAR),10000.0,6995.66,-3004.34,-30.04,17.06,50.52,-1.04,-1.38,-1.02,23.2,0.68,-0.51,56,74.7,25.27,-6.44,96.3,5.6,560.0,3,3,7.87,-22.12,-10.61,-11.85,4.14,1.47
EMA_SAR_65_105_30m,30m,65,105,Stop-and-Reverse (SAR),10000.0,6994.76,-3005.24,-30.05,17.05,56.48,-1.0,-1.32,-0.91,25.8,0.7,-0.43,66,64.2,27.31,-6.73,97.6,6.6,660.0,2,4,19.76,-22.13,-13.76,-16.48,-4.81,9.41
EMA_SAR_135_165_1h,1h,135,165,Stop-and-Reverse (SAR),10000.0,6993.54,-3006.46,-30.06,17.04,52.99,-1.19,-1.46,-0.97,19.2,0.62,-1.02,26,154.3,31.84,-10.39,92.4,2.6,260.0,2,4,7.95,-6.89,-27.33,-4.0,-2.97,2.79
EMA_SAR_130_200_30m,30m,130,200,Stop-and-Reverse (SAR),10000.0,6977.98,-3022.02,-30.22,16.88,58.43,-1.08,-1.37,-0.88,24.2,0.67,-0.81,33,125.6,27.13,-10.59,95.4,3.3,330.0,3,3,11.68,-16.85,-20.92,-14.84,2.36,9.0
EMA_SAR_45_160_1h,1h,45,160,Stop-and-Reverse (SAR),10000.0,6972.71,-3027.29,-30.27,16.83,55.73,-1.14,-1.45,-0.93,17.6,0.67,-0.78,34,118.3,28.95,-11.3,92.7,3.4,340.0,3,3,16.75,-19.49,-18.79,-9.94,1.21,0.21
EMA_SAR_70_105_30m,30m,70,105,Stop-and-Reverse (SAR),10000.0,6965.18,-3034.82,-30.35,16.75,55.69,-1.01,-1.33,-0.93,23.4,0.7,-0.45,64,66.2,26.57,-6.46,97.6,6.4,640.0,2,4,16.45,-19.57,-14.4,-16.66,-5.44,10.24
EMA_SAR_70_135_30m,30m,70,135,Stop-and-Reverse (SAR),10000.0,6964.84,-3035.16,-30.35,16.75,52.4,-1.03,-1.35,-0.99,24.1,0.69,-0.53,54,77.9,25.9,-6.35,96.9,5.4,540.0,3,3,8.27,-21.47,-13.09,-12.36,2.33,5.1
EMA_SAR_55_130_1h,1h,55,130,Stop-and-Reverse (SAR),10000.0,6964.26,-3035.74,-30.36,16.74,58.03,-1.12,-1.44,-0.89,22.9,0.66,-0.76,35,116.7,27.51,-11.21,94.0,3.5,350.0,3,3,13.54,-18.65,-20.34,-13.68,1.73,7.79
EMA_SAR_60_115_1h,1h,60,115,Stop-and-Reverse (SAR),10000.0,6961.12,-3038.88,-30.39,16.71,57.21,-1.11,-1.43,-0.91,24.2,0.66,-0.81,33,124.6,26.59,-10.81,94.7,3.3,330.0,3,3,9.03,-17.01,-21.36,-12.75,2.41,9.48
EMA_SAR_135_195_30m,30m,135,195,Stop-and-Reverse (SAR),10000.0,6961.5,-3038.5,-30.39,16.71,58.28,-1.09,-1.38,-0.89,24.2,0.66,-0.81,33,125.7,27.16,-10.81,95.5,3.3,330.0,3,3,10.98,-17.29,-21.34,-13.78,2.55,9.06
EMA_SAR_150_185_30m,30m,150,185,Stop-and-Reverse (SAR),10000.0,6956.23,-3043.77,-30.44,16.66,57.13,-1.09,-1.39,-0.91,23.5,0.66,-0.79,34,122.3,26.77,-10.19,95.8,3.4,340.0,3,3,8.27,-14.58,-21.1,-13.62,1.54,8.7
EMA_SAR_150_190_30m,30m,150,190,Stop-and-Reverse (SAR),10000.0,6953.52,-3046.48,-30.46,16.64,57.88,-1.09,-1.39,-0.9,23.5,0.66,-0.79,34,122.2,26.74,-11.58,95.6,3.4,340.0,3,3,9.74,-17.53,-19.93,-13.0,1.1,9.1
EMA_SAR_65_95_30m,30m,65,95,Stop-and-Reverse (SAR),10000.0,6949.85,-3050.15,-30.5,16.6,58.17,-1.02,-1.36,-0.89,27.3,0.71,-0.43,66,64.4,27.8,-6.35,97.8,6.6,660.0,2,4,23.4,-23.99,-14.71,-17.3,-5.0,10.57
EMA_SAR_45_140_5m,5m,45,140,Stop-and-Reverse (SAR),10000.0,6949.85,-3050.15,-30.5,16.6,49.67,-0.91,-1.21,-1.05,23.5,0.88,-0.06,392,11.0,24.0,-5.38,99.5,39.2,3920.0,3,3,4.36,4.55,-18.28,0.35,-21.61,-0.91
EMA_SAR_30_135_30m,30m,30,135,Stop-and-Reverse (SAR),10000.0,6948.27,-3051.73,-30.52,16.58,53.55,-1.04,-1.37,-0.97,28.4,0.73,-0.33,88,47.8,28.74,-5.84,96.9,8.8,880.0,2,4,17.64,-15.92,-21.31,-8.79,-6.07,4.19
EMA_SAR_75_85_30m,30m,75,85,Stop-and-Reverse (SAR),10000.0,6948.26,-3051.74,-30.52,16.58,57.97,-1.02,-1.36,-0.9,25.8,0.71,-0.43,66,64.5,27.8,-6.74,98.1,6.6,660.0,2,4,23.44,-23.35,-14.35,-18.58,-4.15,9.86
EMA_SAR_140_190_30m,30m,140,190,Stop-and-Reverse (SAR),10000.0,6943.84,-3056.16,-30.56,16.54,57.84,-1.1,-1.4,-0.9,23.5,0.66,-0.8,34,122.2,27.01,-10.5,95.6,3.4,340.0,3,3,10.35,-16.68,-20.71,-14.2,2.55,8.26
EMA_SAR_60_90_30m,30m,60,90,Stop-and-Reverse (SAR),10000.0,6942.05,-3057.95,-30.58,16.52,56.28,-1.03,-1.37,-0.93,27.8,0.72,-0.4,72,59.1,28.51,-6.35,97.9,7.2,720.0,2,4,23.21,-20.28,-18.6,-12.8,-6.11,6.05
EMA_SAR_30_140_30m,30m,30,140,Stop-and-Reverse (SAR),10000.0,6939.73,-3060.27,-30.6,16.5,54.3,-1.05,-1.38,-0.96,27.9,0.73,-0.34,86,48.9,28.42,-5.84,96.8,8.6,860.0,2,4,20.45,-14.76,-22.39,-10.55,-4.99,2.48
EMA_SAR_130_175_1h,1h,130,175,Stop-and-Reverse (SAR),10000.0,6939.17,-3060.83,-30.61,16.49,53.17,-1.22,-1.5,-0.98,20.8,0.62,-1.13,24,166.4,31.84,-10.12,92.0,2.4,240.0,2,4,7.02,-5.36,-28.48,-4.4,-2.96,3.26
EMA_SAR_70_90_30m,30m,70,90,Stop-and-Reverse (SAR),10000.0,6932.99,-3067.01,-30.67,16.43,57.92,-1.03,-1.37,-0.9,25.8,0.71,-0.44,66,64.4,27.8,-6.74,97.9,6.6,660.0,2,4,23.03,-22.78,-15.18,-18.3,-4.15,9.86
EMA_SAR_35_140_30m,30m,35,140,Stop-and-Reverse (SAR),10000.0,6931.32,-3068.68,-30.69,16.41,53.25,-1.06,-1.4,-0.98,25.0,0.72,-0.38,76,55.3,28.22,-5.84,96.8,7.6,760.0,2,4,15.88,-17.36,-20.33,-10.75,-2.36,4.26
EMA_SAR_145_190_30m,30m,145,190,Stop-and-Reverse (SAR),10000.0,6924.51,-3075.49,-30.75,16.35,57.57,-1.11,-1.41,-0.91,23.5,0.66,-0.8,34,122.2,26.77,-10.5,95.6,3.4,340.0,3,3,9.4,-15.21,-21.42,-13.53,1.54,8.2
EMA_SAR_75_165_30m,30m,75,165,Stop-and-Reverse (SAR),10000.0,6917.27,-3082.73,-30.83,16.27,50.77,-1.06,-1.39,-1.03,23.2,0.67,-0.53,56,74.6,25.2,-6.89,96.2,5.6,560.0,3,3,6.61,-17.94,-13.41,-12.82,3.85,0.87
EMA_SAR_30_45_1h,1h,30,45,Stop-and-Reverse (SAR),10000.0,6914.36,-3085.64,-30.86,16.24,53.11,-1.06,-1.45,-0.99,27.8,0.72,-0.4,72,59.1,28.71,-5.88,98.0,7.2,720.0,2,4,23.22,-17.25,-19.09,-11.53,-5.33,0.07
EMA_SAR_140_195_30m,30m,140,195,Stop-and-Reverse (SAR),10000.0,6912.61,-3087.39,-30.87,16.23,57.89,-1.11,-1.42,-0.91,24.2,0.66,-0.83,33,125.7,26.76,-10.5,95.5,3.3,330.0,3,3,10.04,-15.34,-21.88,-13.53,1.52,8.2
EMA_SAR_80_90_30m,30m,80,90,Stop-and-Reverse (SAR),10000.0,6912.24,-3087.76,-30.88,16.22,56.94,-1.04,-1.37,-0.92,24.2,0.7,-0.45,66,64.4,27.57,-6.73,97.9,6.6,660.0,2,4,20.14,-20.63,-14.88,-17.69,-5.01,8.91
EMA_SAR_135_200_30m,30m,135,200,Stop-and-Reverse (SAR),10000.0,6911.97,-3088.03,-30.88,16.22,57.52,-1.11,-1.42,-0.91,24.2,0.66,-0.83,33,125.6,26.65,-10.5,95.4,3.3,330.0,3,3,10.11,-15.34,-21.55,-13.92,2.45,7.18
EMA_SAR_45_140_1h,1h,45,140,Stop-and-Reverse (SAR),10000.0,6910.79,-3089.21,-30.89,16.21,57.15,-1.15,-1.47,-0.92,18.9,0.68,-0.73,37,109.8,27.43,-11.3,93.6,3.7,370.0,3,3,17.19,-19.69,-19.85,-12.08,2.57,1.58
EMA_SAR_115_200_1h,1h,115,200,Stop-and-Reverse (SAR),10000.0,6911.36,-3088.64,-30.89,16.21,53.2,-1.23,-1.5,-0.99,22.7,0.62,-1.24,22,179.2,31.77,-10.27,90.8,2.2,220.0,2,4,6.93,-6.89,-27.07,-4.17,-3.38,2.8
EMA_SAR_70_80_30m,30m,70,80,Stop-and-Reverse (SAR),10000.0,6904.89,-3095.11,-30.95,16.15,56.18,-1.05,-1.39,-0.94,27.8,0.72,-0.41,72,59.2,28.71,-6.35,98.2,7.2,720.0,2,4,21.76,-18.9,-20.56,-12.49,-6.03,7.04
EMA_SAR_45_125_30m,30m,45,125,Stop-and-Reverse (SAR),10000.0,6903.51,-3096.49,-30.96,16.14,54.91,-1.06,-1.4,-0.96,22.4,0.72,-0.38,76,55.5,28.4,-5.55,97.1,7.6,760.0,2,4,20.38,-21.46,-12.08,-13.6,-8.42,4.95
EMA_SAR_85_110_30m,30m,85,110,Stop-and-Reverse (SAR),10000.0,6902.43,-3097.57,-30.98,16.12,55.43,-1.05,-1.38,-0.95,27.8,0.69,-0.54,54,78.4,25.48,-6.93,97.5,5.4,540.0,3,3,14.53,-21.6,-14.25,-16.71,3.57,3.91
EMA_SAR_50_145_1h,1h,50,145,Stop-and-Reverse (SAR),10000.0,6901.65,-3098.35,-30.98,16.12,57.9,-1.16,-1.48,-0.91,18.9,0.68,-0.73,37,109.5,28.91,-11.21,93.3,3.7,370.0,3,3,19.85,-20.55,-19.16,-11.63,0.02,1.44
EMA_SAR_105_140_30m,30m,105,140,Stop-and-Reverse (SAR),10000.0,6901.09,-3098.91,-30.99,16.11,50.58,-1.07,-1.4,-1.04,26.9,0.66,-0.57,52,80.8,25.53,-7.12,96.8,5.2,520.0,3,3,1.81,-18.76,-13.45,-11.79,1.58,7.6
EMA_SAR_155_180_30m,30m,155,180,Stop-and-Reverse (SAR),10000.0,6900.56,-3099.44,-30.99,16.11,57.48,-1.12,-1.43,-0.92,23.5,0.65,-0.82,34,122.5,26.77,-10.19,95.9,3.4,340.0,3,3,8.3,-14.58,-21.25,-14.18,1.55,8.7
EMA_SAR_35_170_5m,5m,35,170,Stop-and-Reverse (SAR),10000.0,6900.39,-3099.61,-31.0,16.1,51.27,-0.94,-1.24,-1.03,22.5,0.88,-0.05,418,10.3,23.91,-5.87,99.3,41.8,4180.0,3,3,7.16,5.53,-19.61,-0.64,-25.0,1.86
EMA_SAR_80_85_30m,30m,80,85,Stop-and-Reverse (SAR),10000.0,6899.37,-3100.63,-31.01,16.09,56.65,-1.05,-1.38,-0.93,25.8,0.7,-0.45,66,64.5,26.9,-6.73,98.1,6.6,660.0,2,4,19.85,-21.38,-13.56,-18.05,-4.88,8.67
EMA_SAR_65_150_30m,30m,65,150,Stop-and-Reverse (SAR),10000.0,6895.57,-3104.43,-31.04,16.06,53.04,-1.07,-1.4,-0.99,27.8,0.68,-0.55,54,77.7,24.21,-6.35,96.6,5.4,540.0,3,3,8.98,-23.83,-11.51,-12.46,2.47,4.64
EMA_SAR_155_175_30m,30m,155,175,Stop-and-Reverse (SAR),10000.0,6895.03,-3104.97,-31.05,16.05,58.57,-1.12,-1.43,-0.9,26.5,0.66,-0.82,34,122.6,27.02,-10.5,96.0,3.4,340.0,3,3,10.95,-17.07,-21.55,-13.58,1.61,8.79
EMA_SAR_135_170_1h,1h,135,170,Stop-and-Reverse (SAR),10000.0,6890.48,-3109.52,-31.1,16.0,54.15,-1.25,-1.53,-0.98,20.8,0.62,-1.17,24,166.8,31.3,-9.7,92.2,2.4,240.0,2,4,8.34,-5.24,-28.48,-4.4,-4.94,3.26
EMA_SAR_30_145_30m,30m,30,145,Stop-and-Reverse (SAR),10000.0,6889.6,-3110.4,-31.1,16.0,52.48,-1.07,-1.43,-1.01,26.2,0.72,-0.37,80,52.5,28.11,-5.84,96.7,8.0,800.0,2,4,14.18,-15.27,-18.12,-11.14,-5.27,3.32
EMA_SAR_45_165_1h,1h,45,165,Stop-and-Reverse (SAR),10000.0,6883.91,-3116.09,-31.16,15.94,56.65,-1.19,-1.51,-0.93,17.6,0.66,-0.81,34,118.0,29.04,-12.37,92.4,3.4,340.0,3,3,17.02,-20.27,-18.17,-11.05,0.64,0.72
EMA_SAR_40_60_1h,1h,40,60,Stop-and-Reverse (SAR),10000.0,6882.97,-3117.03,-31.17,15.93,50.71,-1.08,-1.47,-1.04,23.2,0.69,-0.53,56,75.4,25.55,-5.55,97.3,5.6,560.0,3,3,11.14,-22.68,-10.88,-11.05,0.76,0.27
EMA_SAR_65_110_30m,30m,65,110,Stop-and-Reverse (SAR),10000.0,6882.0,-3118.0,-31.18,15.92,58.01,-1.06,-1.39,-0.91,25.0,0.69,-0.46,64,66.1,27.37,-6.73,97.5,6.4,640.0,2,4,21.14,-22.6,-15.08,-17.77,-5.25,10.94
EMA_SAR_145_185_30m,30m,145,185,Stop-and-Reverse (SAR),10000.0,6879.23,-3120.77,-31.21,15.89,58.19,-1.13,-1.44,-0.91,23.5,0.65,-0.82,34,122.3,27.01,-10.5,95.8,3.4,340.0,3,3,10.22,-17.07,-20.71,-13.82,1.73,8.26
EMA_SAR_70_115_1h,1h,70,115,Stop-and-Reverse (SAR),10000.0,6874.81,-3125.19,-31.25,15.85,59.25,-1.16,-1.5,-0.9,24.2,0.66,-0.84,33,124.6,27.6,-11.04,94.7,3.3,330.0,2,4,13.87,-17.1,-22.41,-13.78,-0.38,9.27
EMA_SAR_95_200_1h,1h,95,200,Stop-and-Reverse (SAR),10000.0,6870.63,-3129.37,-31.29,15.81,52.13,-1.27,-1.56,-1.02,17.9,0.63,-1.0,28,140.8,32.86,-10.4,90.8,2.8,280.0,1,5,11.11,-7.12,-28.97,-2.71,-0.37,-3.29
EMA_SAR_45_145_1h,1h,45,145,Stop-and-Reverse (SAR),10000.0,6868.82,-3131.18,-31.31,15.79,56.32,-1.18,-1.51,-0.94,18.9,0.68,-0.74,37,109.5,28.84,-11.3,93.3,3.7,370.0,2,4,18.75,-20.11,-18.8,-11.58,2.57,-1.7
EMA_SAR_90_175_1h,1h,90,175,Stop-and-Reverse (SAR),10000.0,6868.11,-3131.89,-31.32,15.78,52.42,-1.27,-1.58,-1.01,17.9,0.63,-0.99,28,142.6,33.27,-10.15,92.0,2.8,280.0,1,5,10.64,-6.74,-28.73,-3.18,-1.44,-2.14
EMA_SAR_60_125_1h,1h,60,125,Stop-and-Reverse (SAR),10000.0,6866.9,-3133.1,-31.33,15.77,59.17,-1.17,-1.51,-0.9,24.2,0.66,-0.84,33,124.0,27.51,-11.89,94.3,3.3,330.0,3,3,12.99,-19.97,-20.8,-13.1,0.49,9.79
EMA_SAR_70_100_30m,30m,70,100,Stop-and-Reverse (SAR),10000.0,6866.11,-3133.89,-31.34,15.76,56.68,-1.06,-1.4,-0.94,24.2,0.69,-0.46,66,64.3,27.31,-6.73,97.7,6.6,660.0,2,4,18.62,-20.68,-14.17,-17.87,-4.94,8.91
EMA_SAR_35_130_30m,30m,35,130,Stop-and-Reverse (SAR),10000.0,6861.83,-3138.17,-31.38,15.72,55.65,-1.08,-1.43,-0.96,26.8,0.72,-0.37,82,51.4,27.94,-5.84,97.0,8.2,820.0,2,4,21.68,-16.79,-24.48,-9.76,-4.37,3.98
EMA_SAR_70_150_30m,30m,70,150,Stop-and-Reverse (SAR),10000.0,6859.72,-3140.28,-31.4,15.7,53.09,-1.09,-1.42,-1.0,22.2,0.67,-0.56,54,77.7,24.4,-6.45,96.6,5.4,540.0,3,3,8.14,-23.4,-10.96,-13.57,1.61,5.9
EMA_SAR_55_100_30m,30m,55,100,Stop-and-Reverse (SAR),10000.0,6853.85,-3146.15,-31.46,15.64,56.9,-1.08,-1.43,-0.94,25.7,0.72,-0.42,70,60.6,28.76,-6.35,97.7,7.0,700.0,2,4,22.95,-19.97,-19.17,-13.78,-5.55,5.83
EMA_SAR_75_95_30m,30m,75,95,Stop-and-Reverse (SAR),10000.0,6851.02,-3148.98,-31.49,15.61,57.22,-1.07,-1.41,-0.93,24.2,0.69,-0.46,66,64.4,27.31,-6.73,97.8,6.6,660.0,2,4,19.85,-21.31,-14.88,-17.77,-4.7,8.91
EMA_SAR_20_65_1h,1h,20,65,Stop-and-Reverse (SAR),10000.0,6843.12,-3156.88,-31.57,15.53,51.77,-1.11,-1.51,-1.03,23.7,0.72,-0.4,76,55.4,28.22,-5.88,97.0,7.6,760.0,1,5,19.19,-19.13,-16.22,-8.31,-6.17,-1.5
EMA_SAR_60_125_5m,5m,60,125,Stop-and-Reverse (SAR),10000.0,6842.38,-3157.62,-31.58,15.52,48.43,-0.96,-1.27,-1.1,25.0,0.88,-0.06,384,11.3,23.99,-5.02,99.5,38.4,3840.0,2,4,3.56,11.45,-19.95,-1.23,-22.44,-3.34
EMA_SAR_65_85_30m,30m,65,85,Stop-and-Reverse (SAR),10000.0,6840.05,-3159.95,-31.6,15.5,56.25,-1.08,-1.44,-0.95,26.4,0.71,-0.42,72,59.1,28.71,-6.35,98.1,7.2,720.0,2,4,21.93,-18.96,-20.47,-12.41,-6.31,6.06
EMA_SAR_65_120_1h,1h,65,120,Stop-and-Reverse (SAR),10000.0,6831.0,-3169.0,-31.69,15.41,59.4,-1.19,-1.54,-0.9,24.2,0.65,-0.86,33,124.3,27.6,-11.89,94.5,3.3,330.0,2,4,12.36,-18.77,-21.55,-13.3,-0.38,10.45
EMA_SAR_90_115_30m,30m,90,115,Stop-and-Reverse (SAR),10000.0,6827.47,-3172.53,-31.73,15.37,54.36,-1.09,-1.43,-0.99,26.9,0.68,-0.59,52,81.3,24.71,-6.93,97.4,5.2,520.0,3,3,9.95,-20.79,-10.95,-18.58,6.05,1.96
EMA_SAR_70_145_30m,30m,70,145,Stop-and-Reverse (SAR),10000.0,6825.82,-3174.18,-31.74,15.36,53.53,-1.1,-1.45,-1.0,25.9,0.68,-0.57,54,77.8,24.46,-6.35,96.7,5.4,540.0,3,3,9.78,-23.76,-9.95,-14.95,2.56,3.83
EMA_SAR_30_190_5m,5m,30,190,Stop-and-Reverse (SAR),10000.0,6826.31,-3173.69,-31.74,15.36,52.35,-0.98,-1.3,-1.03,23.0,0.88,-0.06,422,10.2,23.9,-4.43,99.3,42.2,4220.0,3,3,12.73,2.09,-21.7,-2.2,-22.96,0.53
EMA_SAR_70_85_30m,30m,70,85,Stop-and-Reverse (SAR),10000.0,6826.19,-3173.81,-31.74,15.36,58.62,-1.09,-1.43,-0.92,28.8,0.71,-0.46,66,64.5,28.54,-6.35,98.1,6.6,660.0,2,4,23.55,-20.69,-19.14,-16.83,-5.23,9.31
EMA_SAR_35_80_1h,1h,35,80,Stop-and-Reverse (SAR),10000.0,6824.73,-3175.27,-31.75,15.35,49.28,-1.13,-1.51,-1.09,22.2,0.67,-0.57,54,77.5,25.27,-6.6,96.3,5.4,540.0,2,4,6.09,-20.85,-11.05,-10.64,6.31,-3.81
EMA_SAR_50_135_1h,1h,50,135,Stop-and-Reverse (SAR),10000.0,6823.11,-3176.89,-31.77,15.33,55.84,-1.2,-1.53,-0.96,18.9,0.66,-0.78,37,110.1,27.35,-10.13,93.8,3.7,370.0,3,3,14.0,-16.8,-19.44,-12.91,2.49,0.04
EMA_SAR_95_150_30m,30m,95,150,Stop-and-Reverse (SAR),10000.0,6821.94,-3178.06,-31.78,15.32,50.18,-1.11,-1.46,-1.07,22.2,0.65,-0.57,54,77.7,25.53,-6.94,96.6,5.4,540.0,3,3,2.9,-18.6,-12.73,-11.98,1.59,4.37
EMA_SAR_50_140_1h,1h,50,140,Stop-and-Reverse (SAR),10000.0,6819.9,-3180.1,-31.8,15.3,56.42,-1.2,-1.54,-0.95,17.9,0.67,-0.73,39,104.2,28.99,-10.13,93.6,3.9,390.0,2,4,17.89,-17.57,-20.45,-12.62,2.46,-1.46
EMA_SAR_75_145_30m,30m,75,145,Stop-and-Reverse (SAR),10000.0,6818.0,-3182.0,-31.82,15.28,53.33,-1.11,-1.46,-1.01,24.1,0.67,-0.57,54,77.8,24.63,-6.93,96.7,5.4,540.0,3,3,6.89,-22.59,-12.3,-13.62,3.23,5.37
EMA_SAR_70_110_5m,5m,70,110,Stop-and-Reverse (SAR),10000.0,6816.53,-3183.47,-31.83,15.27,45.78,-0.98,-1.28,-1.18,25.0,0.88,-0.07,380,11.4,23.99,-5.02,99.6,38.0,3800.0,1,5,-1.34,18.16,-22.85,-1.78,-20.71,-2.68
EMA_SAR_160_180_30m,30m,160,180,Stop-and-Reverse (SAR),10000.0,6815.8,-3184.2,-31.84,15.26,58.23,-1.16,-1.48,-0.92,23.5,0.65,-0.85,34,122.5,26.74,-11.58,95.9,3.4,340.0,3,3,8.49,-17.53,-20.61,-13.0,1.1,9.1
EMA_SAR_65_95_5m,5m,65,95,Stop-and-Reverse (SAR),10000.0,6814.13,-3185.87,-31.86,15.24,49.93,-0.97,-1.28,-1.08,25.0,0.89,-0.07,412,10.5,23.71,-5.39,99.6,41.2,4120.0,2,4,5.6,20.07,-17.19,-2.96,-24.46,-11.46
EMA_SAR_150_200_30m,30m,150,200,Stop-and-Reverse (SAR),10000.0,6811.53,-3188.47,-31.88,15.22,58.1,-1.17,-1.49,-0.93,24.2,0.64,-0.88,33,125.6,26.48,-11.58,95.4,3.3,330.0,3,3,9.73,-18.5,-19.01,-13.73,1.31,7.61
EMA_SAR_145_195_30m,30m,145,195,Stop-and-Reverse (SAR),10000.0,6808.96,-3191.04,-31.91,15.19,58.5,-1.17,-1.49,-0.92,24.2,0.65,-0.87,33,125.7,26.77,-11.58,95.5,3.3,330.0,3,3,9.48,-17.53,-21.26,-12.81,1.06,8.7
EMA_SAR_55_130_30m,30m,55,130,Stop-and-Reverse (SAR),10000.0,6796.55,-3203.45,-32.03,15.07,54.86,-1.11,-1.47,-0.99,26.6,0.69,-0.49,64,65.8,27.06,-6.35,97.0,6.4,640.0,2,4,15.78,-21.17,-15.84,-11.76,-4.6,5.11
EMA_SAR_150_180_30m,30m,150,180,Stop-and-Reverse (SAR),10000.0,6795.65,-3204.35,-32.04,15.06,58.68,-1.17,-1.5,-0.92,23.5,0.65,-0.86,34,122.5,27.02,-10.5,95.9,3.4,340.0,3,3,10.19,-17.07,-21.55,-13.82,1.61,8.25
EMA_SAR_65_125_1h,1h,65,125,Stop-and-Reverse (SAR),10000.0,6796.41,-3203.59,-32.04,15.06,60.21,-1.21,-1.56,-0.9,24.2,0.65,-0.88,33,124.0,27.42,-11.16,94.3,3.3,330.0,2,4,14.58,-18.7,-21.78,-14.85,-0.38,9.95
EMA_SAR_55_135_30m,30m,55,135,Stop-and-Reverse (SAR),10000.0,6789.81,-3210.19,-32.1,15.0,53.17,-1.12,-1.48,-1.02,25.0,0.69,-0.51,60,70.1,27.65,-6.35,96.9,6.0,600.0,2,4,13.3,-18.75,-15.04,-11.8,-3.64,2.14
EMA_SAR_165_180_30m,30m,165,180,Stop-and-Reverse (SAR),10000.0,6788.38,-3211.62,-32.12,14.98,58.0,-1.18,-1.5,-0.93,23.5,0.64,-0.86,34,122.5,26.75,-11.58,95.9,3.4,340.0,3,3,8.08,-18.38,-19.15,-13.47,1.41,8.48
EMA_SAR_55_130_5m,5m,55,130,Stop-and-Reverse (SAR),10000.0,6788.05,-3211.95,-32.12,14.98,49.08,-0.99,-1.3,-1.1,24.0,0.88,-0.07,384,11.3,23.94,-5.38,99.5,38.4,3840.0,2,4,2.56,15.68,-25.62,-0.15,-20.29,-3.34
EMA_SAR_95_105_30m,30m,95,105,Stop-and-Reverse (SAR),10000.0,6786.77,-3213.23,-32.13,14.97,55.12,-1.11,-1.46,-0.98,25.0,0.68,-0.6,52,81.5,25.55,-6.12,97.6,5.2,520.0,3,3,12.61,-20.84,-11.42,-19.57,5.59,1.21
EMA_SAR_155_190_30m,30m,155,190,Stop-and-Reverse (SAR),10000.0,6785.36,-3214.64,-32.15,14.95,58.29,-1.18,-1.5,-0.93,23.5,0.64,-0.86,34,122.2,26.75,-11.58,95.6,3.4,340.0,3,3,8.78,-18.23,-19.66,-13.71,1.45,8.48
EMA_SAR_160_185_30m,30m,160,185,Stop-and-Reverse (SAR),10000.0,6784.39,-3215.61,-32.16,14.94,58.01,-1.18,-1.5,-0.94,23.5,0.64,-0.86,34,122.3,26.75,-11.58,95.8,3.4,340.0,3,3,8.04,-18.23,-19.01,-13.71,1.31,8.48
EMA_SAR_55_150_1h,1h,55,150,Stop-and-Reverse (SAR),10000.0,6784.36,-3215.64,-32.16,14.94,58.48,-1.23,-1.58,-0.93,20.0,0.66,-0.83,35,115.5,28.88,-11.89,93.1,3.5,350.0,3,3,19.89,-20.67,-21.84,-10.01,0.26,1.14
EMA_SAR_70_160_30m,30m,70,160,Stop-and-Reverse (SAR),10000.0,6776.84,-3223.16,-32.23,14.87,51.35,-1.13,-1.48,-1.06,24.1,0.67,-0.59,54,77.5,25.11,-6.6,96.3,5.4,540.0,2,4,7.49,-21.39,-12.15,-11.48,4.14,-0.96
EMA_SAR_95_120_30m,30m,95,120,Stop-and-Reverse (SAR),10000.0,6776.63,-3223.37,-32.23,14.87,55.1,-1.12,-1.46,-0.99,25.9,0.66,-0.58,54,78.2,24.05,-6.88,97.2,5.4,540.0,3,3,6.84,-24.61,-8.87,-17.78,5.1,6.83
EMA_SAR_170_175_30m,30m,170,175,Stop-and-Reverse (SAR),10000.0,6773.05,-3226.95,-32.27,14.83,58.31,-1.19,-1.51,-0.93,26.5,0.64,-0.87,34,122.6,26.75,-11.58,96.0,3.4,340.0,3,3,8.63,-18.38,-19.74,-13.47,1.41,8.48
EMA_SAR_165_175_30m,30m,165,175,Stop-and-Reverse (SAR),10000.0,6769.18,-3230.82,-32.31,14.79,58.19,-1.19,-1.51,-0.94,23.5,0.64,-0.87,34,122.6,26.74,-11.58,96.0,3.4,340.0,3,3,7.76,-17.53,-20.61,-12.92,1.1,8.98
EMA_SAR_50_135_30m,30m,50,135,Stop-and-Reverse (SAR),10000.0,6761.58,-3238.42,-32.38,14.72,54.62,-1.14,-1.5,-1.0,23.4,0.69,-0.49,64,65.8,28.1,-5.91,96.9,6.4,640.0,2,4,16.54,-23.17,-13.73,-12.22,-3.87,3.74
EMA_SAR_35_180_5m,5m,35,180,Stop-and-Reverse (SAR),10000.0,6760.09,-3239.91,-32.4,14.7,53.28,-1.02,-1.35,-1.02,21.2,0.88,-0.07,424,10.2,23.9,-4.44,99.3,42.4,4240.0,3,3,12.63,1.91,-22.1,-0.72,-24.4,0.74
EMA_SAR_75_155_30m,30m,75,155,Stop-and-Reverse (SAR),10000.0,6760.13,-3239.87,-32.4,14.7,49.97,-1.14,-1.49,-1.09,27.8,0.66,-0.59,54,77.6,26.07,-6.6,96.4,5.4,540.0,2,4,4.6,-19.85,-11.96,-10.91,4.42,-1.55
EMA_SAR_40_130_30m,30m,40,130,Stop-and-Reverse (SAR),10000.0,6757.42,-3242.58,-32.43,14.67,55.55,-1.14,-1.5,-0.98,23.2,0.71,-0.38,82,51.4,28.09,-5.89,97.0,8.2,820.0,2,4,18.61,-21.87,-17.47,-10.3,-6.57,5.43
EMA_SAR_15_80_1h,1h,15,80,Stop-and-Reverse (SAR),10000.0,6754.16,-3245.84,-32.46,14.64,52.84,-1.17,-1.59,-1.03,21.8,0.72,-0.4,78,53.6,28.73,-5.84,96.3,7.8,780.0,1,5,20.01,-16.8,-19.63,-11.4,-3.43,-1.63
EMA_SAR_80_130_30m,30m,80,130,Stop-and-Reverse (SAR),10000.0,6748.49,-3251.51,-32.52,14.58,55.48,-1.14,-1.48,-0.99,25.9,0.67,-0.59,54,78.0,24.42,-6.93,97.0,5.4,540.0,3,3,11.22,-23.35,-9.4,-19.44,2.45,5.86
EMA_SAR_110_135_30m,30m,110,135,Stop-and-Reverse (SAR),10000.0,6731.57,-3268.43,-32.68,14.42,50.48,-1.16,-1.52,-1.09,25.9,0.64,-0.59,54,77.9,25.32,-7.47,96.9,5.4,540.0,2,4,-0.88,-19.79,-13.19,-10.56,1.35,7.6
EMA_SAR_60_120_1h,1h,60,120,Stop-and-Reverse (SAR),10000.0,6727.26,-3272.74,-32.73,14.37,58.69,-1.24,-1.6,-0.94,24.2,0.63,-0.91,33,124.3,26.64,-11.89,94.5,3.3,330.0,3,3,7.98,-18.95,-21.11,-13.45,1.73,10.66
EMA_SAR_90_110_30m,30m,90,110,Stop-and-Reverse (SAR),10000.0,6725.96,-3274.04,-32.74,14.36,55.77,-1.14,-1.5,-0.99,25.0,0.67,-0.61,52,81.4,25.55,-6.93,97.5,5.2,520.0,3,3,13.26,-20.84,-12.84,-19.45,5.59,1.21
EMA_SAR_160_175_30m,30m,160,175,Stop-and-Reverse (SAR),10000.0,6724.46,-3275.54,-32.76,14.34,58.78,-1.21,-1.55,-0.94,23.5,0.64,-0.88,34,122.6,26.77,-11.58,96.0,3.4,340.0,3,3,8.86,-17.37,-21.66,-13.12,1.06,8.7
EMA_SAR_160_170_30m,30m,160,170,Stop-and-Reverse (SAR),10000.0,6714.46,-3285.54,-32.86,14.24,58.74,-1.22,-1.56,-0.94,23.5,0.64,-0.89,34,122.8,27.02,-10.5,96.1,3.4,340.0,3,3,8.49,-17.07,-21.88,-13.58,1.61,8.79
EMA_SAR_70_165_30m,30m,70,165,Stop-and-Reverse (SAR),10000.0,6713.69,-3286.31,-32.86,14.24,51.39,-1.17,-1.53,-1.07,25.9,0.66,-0.6,54,77.4,24.62,-6.6,96.2,5.4,540.0,2,4,6.93,-21.69,-11.74,-11.63,6.25,-3.25
EMA_SAR_85_120_30m,30m,85,120,Stop-and-Reverse (SAR),10000.0,6713.3,-3286.7,-32.87,14.23,54.58,-1.16,-1.51,-1.01,25.9,0.67,-0.6,54,78.2,25.06,-6.93,97.2,5.4,540.0,3,3,9.69,-21.34,-11.08,-18.39,3.7,3.41
EMA_SAR_165_200_30m,30m,165,200,Stop-and-Reverse (SAR),10000.0,6712.27,-3287.73,-32.88,14.22,59.45,-1.23,-1.56,-0.93,24.2,0.64,-0.92,33,125.6,26.75,-11.04,95.4,3.3,330.0,2,4,12.17,-17.22,-21.68,-13.95,-0.05,7.32
EMA_SAR_75_85_5m,5m,75,85,Stop-and-Reverse (SAR),10000.0,6707.7,-3292.3,-32.92,14.18,51.23,-1.02,-1.35,-1.08,25.0,0.88,-0.07,408,10.6,23.7,-5.39,99.7,40.8,4080.0,2,4,6.48,16.6,-20.94,-1.98,-23.31,-9.09
EMA_SAR_70_105_5m,5m,70,105,Stop-and-Reverse (SAR),10000.0,6703.74,-3296.26,-32.96,14.14,48.89,-1.03,-1.35,-1.13,24.7,0.87,-0.07,380,11.4,24.1,-5.02,99.6,38.0,3800.0,2,4,1.36,17.41,-25.95,-1.58,-21.82,-1.14
EMA_SAR_180_190_30m,30m,180,190,Stop-and-Reverse (SAR),10000.0,6702.85,-3297.15,-32.97,14.13,58.78,-1.23,-1.56,-0.94,23.5,0.64,-0.9,34,122.2,26.57,-10.96,95.6,3.4,340.0,3,3,10.16,-18.11,-21.41,-13.42,1.72,7.36
EMA_SAR_65_115_1h,1h,65,115,Stop-and-Reverse (SAR),10000.0,6698.97,-3301.03,-33.01,14.09,58.96,-1.26,-1.62,-0.94,24.2,0.64,-0.92,33,124.6,26.64,-11.89,94.7,3.3,330.0,3,3,9.32,-18.95,-20.43,-13.69,0.49,9.56
EMA_SAR_150_195_30m,30m,150,195,Stop-and-Reverse (SAR),10000.0,6695.04,-3304.96,-33.05,14.05,58.56,-1.23,-1.57,-0.95,24.2,0.63,-0.93,33,125.7,26.57,-11.58,95.5,3.3,330.0,3,3,7.92,-18.23,-20.1,-13.79,1.45,8.58
EMA_SAR_170_180_30m,30m,170,180,Stop-and-Reverse (SAR),10000.0,6692.45,-3307.55,-33.08,14.02,59.14,-1.23,-1.57,-0.94,23.5,0.63,-0.9,34,122.5,26.63,-11.75,95.9,3.4,340.0,2,4,10.0,-18.78,-19.65,-13.57,-0.26,8.14
EMA_SAR_165_185_30m,30m,165,185,Stop-and-Reverse (SAR),10000.0,6690.18,-3309.82,-33.1,14.0,59.14,-1.24,-1.57,-0.94,23.5,0.63,-0.9,34,122.3,26.63,-11.75,95.8,3.4,340.0,2,4,9.97,-18.78,-19.65,-13.57,-0.26,8.14
EMA_SAR_55_65_1h,1h,55,65,Stop-and-Reverse (SAR),10000.0,6689.06,-3310.94,-33.11,13.99,53.14,-1.19,-1.6,-1.05,21.4,0.64,-0.59,56,75.2,25.84,-7.3,97.0,5.6,560.0,3,3,4.32,-24.66,-12.23,-11.81,3.01,6.75
EMA_SAR_145_200_30m,30m,145,200,Stop-and-Reverse (SAR),10000.0,6688.55,-3311.45,-33.11,13.99,58.71,-1.24,-1.57,-0.95,24.2,0.63,-0.93,33,125.6,26.57,-11.58,95.4,3.3,330.0,3,3,8.42,-18.23,-20.61,-13.17,1.01,8.36
EMA_SAR_155_195_30m,30m,155,195,Stop-and-Reverse (SAR),10000.0,6684.17,-3315.83,-33.16,13.94,58.75,-1.24,-1.58,-0.95,23.5,0.63,-0.91,34,122.0,26.48,-11.58,95.5,3.4,340.0,2,4,9.43,-18.5,-18.73,-14.04,-0.26,7.56
EMA_SAR_60_140_1h,1h,60,140,Stop-and-Reverse (SAR),10000.0,6675.85,-3324.15,-33.24,13.86,59.62,-1.29,-1.65,-0.93,18.9,0.65,-0.83,37,109.8,28.72,-11.16,93.6,3.7,370.0,3,3,18.83,-20.42,-23.17,-11.85,1.09,3.13
EMA_SAR_160_195_30m,30m,160,195,Stop-and-Reverse (SAR),10000.0,6675.17,-3324.83,-33.25,13.85,59.15,-1.25,-1.58,-0.94,26.5,0.64,-0.91,34,122.0,26.55,-11.75,95.5,3.4,340.0,3,3,10.12,-17.87,-21.51,-13.08,0.37,7.79
EMA_SAR_50_70_1h,1h,50,70,Stop-and-Reverse (SAR),10000.0,6673.98,-3326.02,-33.26,13.84,54.04,-1.21,-1.61,-1.03,21.4,0.64,-0.59,56,75.1,26.22,-7.3,96.8,5.6,560.0,3,3,6.19,-26.04,-12.23,-12.06,3.2,6.68
EMA_SAR_175_180_30m,30m,175,180,Stop-and-Reverse (SAR),10000.0,6673.04,-3326.96,-33.27,13.83,59.23,-1.24,-1.58,-0.94,23.5,0.63,-0.91,34,122.5,26.59,-11.75,95.9,3.4,340.0,3,3,9.75,-17.87,-21.56,-13.06,0.23,8.32
EMA_SAR_170_185_30m,30m,170,185,Stop-and-Reverse (SAR),10000.0,6669.42,-3330.58,-33.31,13.79,59.24,-1.25,-1.59,-0.94,23.5,0.63,-0.91,34,122.3,26.59,-11.75,95.8,3.4,340.0,3,3,9.71,-17.87,-21.56,-13.08,0.23,8.32
EMA_SAR_65_105_5m,5m,65,105,Stop-and-Reverse (SAR),10000.0,6666.69,-3333.31,-33.33,13.77,49.25,-1.05,-1.38,-1.13,25.1,0.87,-0.07,386,11.2,24.07,-5.39,99.6,38.6,3860.0,2,4,0.98,16.26,-24.07,-1.27,-20.8,-4.35
EMA_SAR_75_80_30m,30m,75,80,Stop-and-Reverse (SAR),10000.0,6665.28,-3334.72,-33.35,13.75,59.04,-1.17,-1.54,-0.95,28.8,0.69,-0.49,66,64.6,28.11,-6.35,98.2,6.6,660.0,2,4,22.11,-21.23,-19.16,-16.96,-5.23,8.92
EMA_SAR_155_200_30m,30m,155,200,Stop-and-Reverse (SAR),10000.0,6662.64,-3337.36,-33.37,13.73,59.11,-1.25,-1.59,-0.95,24.2,0.63,-0.94,33,125.6,26.55,-11.75,95.4,3.3,330.0,2,4,9.78,-17.87,-20.93,-13.08,-0.26,7.79
EMA_SAR_20_70_1h,1h,20,70,Stop-and-Reverse (SAR),10000.0,6655.92,-3344.08,-33.44,13.66,53.91,-1.22,-1.65,-1.04,23.0,0.69,-0.44,74,56.8,28.85,-5.84,96.8,7.4,740.0,2,4,16.2,-20.41,-18.23,-10.58,-3.91,2.43
EMA_SAR_75_135_30m,30m,75,135,Stop-and-Reverse (SAR),10000.0,6655.19,-3344.81,-33.45,13.65,54.0,-1.19,-1.56,-1.04,25.9,0.66,-0.62,54,77.9,24.42,-6.93,96.9,5.4,540.0,3,3,8.69,-24.51,-11.32,-13.65,1.91,3.94
EMA_SAR_175_195_30m,30m,175,195,Stop-and-Reverse (SAR),10000.0,6652.62,-3347.38,-33.47,13.63,59.22,-1.26,-1.6,-0.95,23.5,0.63,-0.92,34,122.0,26.57,-10.96,95.5,3.4,340.0,3,3,10.49,-18.11,-21.41,-13.42,0.66,7.36
EMA_SAR_85_115_30m,30m,85,115,Stop-and-Reverse (SAR),10000.0,6650.89,-3349.11,-33.49,13.61,55.44,-1.19,-1.55,-1.01,25.0,0.66,-0.64,52,81.3,25.32,-6.93,97.4,5.2,520.0,3,3,10.67,-22.15,-12.6,-17.72,5.72,1.53
EMA_SAR_160_190_30m,30m,160,190,Stop-and-Reverse (SAR),10000.0,6646.04,-3353.96,-33.54,13.56,59.32,-1.26,-1.6,-0.95,23.5,0.63,-0.92,34,122.2,26.48,-11.75,95.6,3.4,340.0,2,4,10.09,-18.83,-19.74,-13.8,-0.26,7.79
EMA_SAR_20_60_1h,1h,20,60,Stop-and-Reverse (SAR),10000.0,6645.73,-3354.27,-33.54,13.56,55.55,-1.21,-1.66,-1.01,25.6,0.7,-0.39,86,49.1,28.06,-5.88,97.3,8.6,860.0,2,4,21.23,-16.84,-23.46,-8.61,-8.03,2.47
EMA_SAR_70_105_1h,1h,70,105,Stop-and-Reverse (SAR),10000.0,6644.88,-3355.12,-33.55,13.55,59.13,-1.29,-1.67,-0.95,24.2,0.63,-0.95,33,125.2,26.48,-11.89,95.2,3.3,330.0,2,4,9.26,-19.13,-20.43,-13.31,-0.13,9.17
EMA_SAR_85_125_30m,30m,85,125,Stop-and-Reverse (SAR),10000.0,6643.59,-3356.41,-33.56,13.54,55.5,-1.19,-1.55,-1.01,27.8,0.66,-0.62,54,78.1,23.86,-6.93,97.1,5.4,540.0,3,3,10.13,-22.95,-10.47,-18.78,2.12,5.43
EMA_SAR_95_140_30m,30m,95,140,Stop-and-Reverse (SAR),10000.0,6637.53,-3362.47,-33.62,13.48,52.06,-1.21,-1.58,-1.08,23.2,0.65,-0.6,56,75.1,25.69,-6.93,96.8,5.6,560.0,3,3,7.15,-21.82,-12.3,-12.26,2.17,0.78
EMA_SAR_165_190_30m,30m,165,190,Stop-and-Reverse (SAR),10000.0,6635.5,-3364.5,-33.65,13.45,59.45,-1.27,-1.61,-0.95,23.5,0.63,-0.92,34,122.2,26.59,-11.75,95.6,3.4,340.0,3,3,9.95,-17.87,-21.96,-13.08,0.23,8.09
EMA_SAR_80_140_30m,30m,80,140,Stop-and-Reverse (SAR),10000.0,6623.45,-3376.55,-33.77,13.33,53.07,-1.21,-1.59,-1.06,24.1,0.65,-0.63,54,77.8,24.28,-6.93,96.8,5.4,540.0,3,3,5.38,-23.31,-12.14,-12.37,3.54,2.81
EMA_SAR_80_115_30m,30m,80,115,Stop-and-Reverse (SAR),10000.0,6616.81,-3383.19,-33.83,13.27,55.67,-1.2,-1.58,-1.02,25.0,0.66,-0.6,56,75.5,25.48,-6.93,97.4,5.6,560.0,3,3,12.35,-21.91,-13.8,-17.16,0.55,5.05
EMA_SAR_70_110_1h,1h,70,110,Stop-and-Reverse (SAR),10000.0,6616.57,-3383.43,-33.83,13.27,58.92,-1.3,-1.68,-0.96,24.2,0.63,-0.96,33,124.9,26.41,-11.77,95.0,3.3,330.0,2,4,9.02,-18.76,-21.06,-12.48,-0.26,8.42
EMA_SAR_100_145_30m,30m,100,145,Stop-and-Reverse (SAR),10000.0,6611.69,-3388.31,-33.88,13.22,51.56,-1.23,-1.6,-1.1,22.2,0.63,-0.63,54,77.8,25.53,-6.94,96.7,5.4,540.0,2,4,-0.07,-18.54,-15.48,-11.71,1.58,7.15
EMA_SAR_75_150_30m,30m,75,150,Stop-and-Reverse (SAR),10000.0,6609.89,-3390.11,-33.9,13.2,53.88,-1.22,-1.6,-1.05,24.1,0.65,-0.63,54,77.7,24.56,-6.93,96.6,5.4,540.0,3,3,5.27,-23.8,-13.17,-12.41,3.35,4.84
EMA_SAR_65_145_30m,30m,65,145,Stop-and-Reverse (SAR),10000.0,6604.08,-3395.92,-33.96,13.14,54.31,-1.22,-1.61,-1.04,24.1,0.66,-0.63,54,77.8,24.74,-6.35,96.7,5.4,540.0,3,3,9.88,-23.61,-13.02,-13.7,1.97,2.79
EMA_SAR_85_90_5m,5m,85,90,Stop-and-Reverse (SAR),10000.0,6597.38,-3402.62,-34.03,13.07,49.6,-1.08,-1.42,-1.14,24.9,0.87,-0.07,378,11.5,24.01,-5.39,99.7,37.8,3780.0,2,4,2.69,14.15,-24.52,-1.89,-22.22,-2.29
EMA_SAR_180_185_30m,30m,180,185,Stop-and-Reverse (SAR),10000.0,6592.9,-3407.1,-34.07,13.03,59.65,-1.29,-1.64,-0.95,23.5,0.63,-0.95,34,122.3,26.61,-11.04,95.8,3.4,340.0,2,4,11.06,-17.33,-20.94,-15.06,-0.05,6.99
EMA_SAR_175_190_30m,30m,175,190,Stop-and-Reverse (SAR),10000.0,6591.83,-3408.17,-34.08,13.02,59.7,-1.29,-1.64,-0.95,23.5,0.63,-0.95,34,122.2,26.61,-11.04,95.6,3.4,340.0,2,4,11.19,-17.33,-21.05,-15.06,-0.05,6.99
EMA_SAR_50_135_5m,5m,50,135,Stop-and-Reverse (SAR),10000.0,6590.13,-3409.87,-34.1,13.0,49.84,-1.09,-1.44,-1.14,24.4,0.87,-0.08,394,11.0,24.02,-5.38,99.5,39.4,3940.0,3,3,2.2,6.58,-22.2,1.02,-20.98,-2.58
EMA_SAR_170_195_30m,30m,170,195,Stop-and-Reverse (SAR),10000.0,6587.24,-3412.76,-34.13,12.97,59.97,-1.3,-1.65,-0.95,23.5,0.63,-0.95,34,122.0,26.75,-11.04,95.5,3.4,340.0,2,4,11.52,-17.22,-21.68,-15.06,-0.05,7.32
EMA_SAR_80_95_1h,1h,80,95,Stop-and-Reverse (SAR),10000.0,6580.01,-3419.99,-34.2,12.9,59.66,-1.32,-1.71,-0.96,23.5,0.63,-0.95,34,122.1,26.48,-11.77,95.6,3.4,340.0,2,4,10.41,-18.82,-21.33,-13.7,-0.26,8.4
EMA_SAR_75_130_30m,30m,75,130,Stop-and-Reverse (SAR),10000.0,6574.59,-3425.41,-34.25,12.85,56.4,-1.23,-1.6,-1.01,25.9,0.65,-0.64,54,78.0,25.71,-6.93,97.0,5.4,540.0,3,3,10.45,-21.7,-14.08,-18.57,2.79,5.72
EMA_SAR_85_90_1h,1h,85,90,Stop-and-Reverse (SAR),10000.0,6574.76,-3425.24,-34.25,12.85,59.66,-1.32,-1.72,-0.96,23.5,0.63,-0.95,34,122.4,26.48,-11.77,95.9,3.4,340.0,2,4,10.32,-18.82,-21.33,-13.7,-0.26,8.4
EMA_SAR_70_90_5m,5m,70,90,Stop-and-Reverse (SAR),10000.0,6574.4,-3425.6,-34.26,12.84,52.04,-1.09,-1.44,-1.1,24.8,0.88,-0.08,412,10.5,23.7,-5.39,99.7,41.2,4120.0,2,4,6.04,15.4,-19.59,-2.18,-22.68,-11.66
EMA_SAR_65_110_1h,1h,65,110,Stop-and-Reverse (SAR),10000.0,6574.24,-3425.76,-34.26,12.84,59.04,-1.33,-1.72,-0.97,24.2,0.62,-0.98,33,124.9,26.59,-11.89,95.0,3.3,330.0,3,3,7.98,-19.13,-22.08,-12.92,1.73,9.06
EMA_SAR_30_195_5m,5m,30,195,Stop-and-Reverse (SAR),10000.0,6572.84,-3427.16,-34.27,12.83,52.99,-1.11,-1.47,-1.08,21.7,0.87,-0.06,424,10.2,23.78,-4.43,99.3,42.4,4240.0,2,4,12.06,0.91,-21.34,-4.68,-21.42,-1.34
EMA_SAR_35_135_30m,30m,35,135,Stop-and-Reverse (SAR),10000.0,6573.12,-3426.88,-34.27,12.83,56.59,-1.24,-1.64,-1.01,24.4,0.69,-0.41,82,51.3,28.04,-5.84,96.9,8.2,820.0,2,4,17.22,-18.28,-22.72,-10.59,-6.51,6.23
EMA_SAR_90_125_30m,30m,90,125,Stop-and-Reverse (SAR),10000.0,6568.27,-3431.73,-34.32,12.78,56.18,-1.23,-1.61,-1.02,25.9,0.64,-0.64,54,78.1,24.05,-6.93,97.1,5.4,540.0,3,3,6.91,-25.39,-10.11,-17.78,3.75,7.39
EMA_SAR_90_130_30m,30m,90,130,Stop-and-Reverse (SAR),10000.0,6566.28,-3433.72,-34.34,12.76,54.15,-1.24,-1.62,-1.06,24.1,0.64,-0.64,54,78.0,24.49,-6.93,97.0,5.4,540.0,3,3,5.18,-25.05,-11.62,-12.91,4.77,3.29
EMA_SAR_165_170_30m,30m,165,170,Stop-and-Reverse (SAR),10000.0,6561.84,-3438.16,-34.38,12.72,58.86,-1.3,-1.66,-0.97,23.5,0.62,-0.96,34,122.8,26.77,-11.58,96.1,3.4,340.0,3,3,6.44,-17.77,-21.45,-13.12,1.06,8.7
EMA_SAR_90_120_30m,30m,90,120,Stop-and-Reverse (SAR),10000.0,6558.95,-3441.05,-34.41,12.69,56.19,-1.24,-1.61,-1.02,22.2,0.65,-0.65,54,78.2,23.86,-6.93,97.2,5.4,540.0,3,3,10.39,-23.2,-11.83,-18.58,2.79,4.85
EMA_SAR_170_200_30m,30m,170,200,Stop-and-Reverse (SAR),10000.0,6554.41,-3445.59,-34.46,12.64,59.67,-1.31,-1.67,-0.96,23.5,0.62,-0.96,34,121.9,26.57,-10.96,95.4,3.4,340.0,3,3,10.43,-18.11,-21.41,-14.39,0.66,7.03
EMA_SAR_75_100_5m,5m,75,100,Stop-and-Reverse (SAR),10000.0,6553.24,-3446.76,-34.47,12.63,50.81,-1.1,-1.45,-1.13,24.9,0.87,-0.07,382,11.3,24.1,-5.39,99.6,38.2,3820.0,2,4,3.22,16.04,-27.61,-1.5,-21.47,-2.3
EMA_SAR_45_75_1h,1h,45,75,Stop-and-Reverse (SAR),10000.0,6548.18,-3451.82,-34.52,12.58,52.91,-1.28,-1.71,-1.09,23.2,0.63,-0.63,56,74.9,25.55,-6.09,96.6,5.6,560.0,3,3,4.4,-24.48,-10.42,-13.73,3.43,3.9
EMA_SAR_105_110_30m,30m,105,110,Stop-and-Reverse (SAR),10000.0,6535.86,-3464.14,-34.64,12.46,55.72,-1.25,-1.63,-1.03,22.2,0.64,-0.65,54,78.4,24.05,-6.88,97.5,5.4,540.0,3,3,7.19,-24.57,-9.94,-17.97,4.67,4.56
EMA_SAR_70_140_30m,30m,70,140,Stop-and-Reverse (SAR),10000.0,6527.9,-3472.1,-34.72,12.38,55.0,-1.26,-1.66,-1.05,25.9,0.65,-0.66,54,77.8,24.42,-6.35,96.8,5.4,540.0,3,3,9.06,-24.37,-13.29,-13.78,2.1,3.68
EMA_SAR_85_130_30m,30m,85,130,Stop-and-Reverse (SAR),10000.0,6525.24,-3474.76,-34.75,12.35,56.09,-1.26,-1.64,-1.03,22.2,0.64,-0.65,54,78.0,24.05,-6.93,97.0,5.4,540.0,3,3,6.91,-24.78,-10.75,-17.71,3.75,6.48
EMA_SAR_65_130_1h,1h,65,130,Stop-and-Reverse (SAR),10000.0,6524.55,-3475.45,-34.75,12.35,59.4,-1.37,-1.76,-0.97,18.9,0.64,-0.88,37,110.4,28.76,-11.16,94.0,3.7,370.0,2,4,19.41,-20.0,-22.51,-12.1,0.45,-0.18
EMA_SAR_80_95_5m,5m,80,95,Stop-and-Reverse (SAR),10000.0,6522.77,-3477.23,-34.77,12.33,50.32,-1.12,-1.47,-1.15,24.9,0.87,-0.08,382,11.3,24.01,-5.39,99.6,38.2,3820.0,2,4,2.99,15.72,-26.06,-2.43,-22.16,-2.53
EMA_SAR_65_110_5m,5m,65,110,Stop-and-Reverse (SAR),10000.0,6521.26,-3478.74,-34.79,12.31,48.81,-1.12,-1.47,-1.18,23.7,0.87,-0.08,388,11.1,24.02,-5.38,99.6,38.8,3880.0,1,5,-1.48,18.2,-25.22,-2.13,-21.61,-2.4
EMA_SAR_55_135_1h,1h,55,135,Stop-and-Reverse (SAR),10000.0,6519.84,-3480.16,-34.8,12.3,58.52,-1.37,-1.75,-0.99,18.9,0.64,-0.89,37,110.1,27.6,-11.21,93.8,3.7,370.0,3,3,15.05,-19.25,-20.7,-12.62,0.51,0.77
EMA_SAR_160_200_30m,30m,160,200,Stop-and-Reverse (SAR),10000.0,6517.17,-3482.83,-34.83,12.27,59.91,-1.34,-1.7,-0.97,24.2,0.62,-1.01,33,125.6,26.41,-11.75,95.4,3.3,330.0,2,4,10.46,-18.83,-21.29,-13.16,-0.52,6.88
EMA_SAR_25_185_5m,5m,25,185,Stop-and-Reverse (SAR),10000.0,6516.35,-3483.65,-34.84,12.26,49.25,-1.14,-1.51,-1.17,22.5,0.87,-0.07,458,9.4,23.6,-5.86,99.3,45.8,4580.0,2,4,5.27,1.33,-15.78,-4.18,-23.14,-1.51
EMA_SAR_170_190_30m,30m,170,190,Stop-and-Reverse (SAR),10000.0,6514.13,-3485.87,-34.86,12.24,59.83,-1.34,-1.7,-0.97,23.5,0.62,-0.98,34,122.2,26.36,-11.75,95.6,3.4,340.0,2,4,10.32,-18.63,-21.46,-13.01,-0.52,6.77
EMA_SAR_175_185_30m,30m,175,185,Stop-and-Reverse (SAR),10000.0,6506.73,-3493.27,-34.93,12.17,59.83,-1.34,-1.71,-0.97,23.5,0.62,-0.98,34,122.3,26.36,-11.75,95.8,3.4,340.0,2,4,10.2,-18.63,-21.46,-13.01,-0.52,6.77
EMA_SAR_75_140_30m,30m,75,140,Stop-and-Reverse (SAR),10000.0,6502.78,-3497.22,-34.97,12.13,54.25,-1.28,-1.68,-1.07,22.2,0.65,-0.66,54,77.8,24.46,-6.93,96.8,5.4,540.0,3,3,8.71,-23.65,-11.99,-14.46,1.8,2.22
EMA_SAR_55_140_1h,1h,55,140,Stop-and-Reverse (SAR),10000.0,6503.04,-3496.96,-34.97,12.13,59.7,-1.39,-1.77,-0.97,17.9,0.64,-0.84,39,104.2,28.8,-11.89,93.6,3.9,390.0,3,3,19.5,-21.33,-21.38,-12.59,0.51,0.14
EMA_SAR_80_125_30m,30m,80,125,Stop-and-Reverse (SAR),10000.0,6500.09,-3499.91,-35.0,12.1,56.44,-1.27,-1.66,-1.03,24.1,0.65,-0.66,54,78.1,25.06,-6.93,97.1,5.4,540.0,3,3,9.76,-21.99,-12.84,-19.5,2.49,5.57
EMA_SAR_50_60_1h,1h,50,60,Stop-and-Reverse (SAR),10000.0,6499.43,-3500.57,-35.01,12.09,52.58,-1.29,-1.74,-1.1,21.4,0.64,-0.63,56,75.4,24.84,-6.24,97.3,5.6,560.0,3,3,5.97,-26.9,-8.48,-12.18,3.49,0.87
EMA_SAR_60_100_5m,5m,60,100,Stop-and-Reverse (SAR),10000.0,6499.0,-3501.0,-35.01,12.09,49.59,-1.13,-1.49,-1.17,25.1,0.87,-0.07,426,10.2,23.82,-5.39,99.6,42.6,4260.0,2,4,2.88,14.91,-16.42,-1.81,-23.47,-12.47
EMA_SAR_90_150_30m,30m,90,150,Stop-and-Reverse (SAR),10000.0,6491.14,-3508.86,-35.09,12.01,53.43,-1.29,-1.68,-1.09,24.1,0.63,-0.62,58,72.3,25.51,-6.93,96.6,5.8,580.0,3,3,4.09,-24.37,-12.45,-11.49,2.48,3.84
EMA_SAR_75_105_1h,1h,75,105,Stop-and-Reverse (SAR),10000.0,6490.49,-3509.51,-35.1,12.0,60.12,-1.38,-1.78,-0.97,24.2,0.62,-1.02,33,125.2,26.41,-11.77,95.2,3.3,330.0,2,4,9.85,-18.76,-22.92,-12.87,-0.38,8.7
EMA_SAR_165_195_30m,30m,165,195,Stop-and-Reverse (SAR),10000.0,6488.87,-3511.13,-35.11,11.99,60.15,-1.35,-1.72,-0.97,26.5,0.62,-0.99,34,122.0,26.41,-11.75,95.5,3.4,340.0,2,4,10.65,-18.63,-21.96,-13.16,-0.52,6.88
EMA_SAR_75_100_1h,1h,75,100,Stop-and-Reverse (SAR),10000.0,6486.94,-3513.06,-35.13,11.97,60.05,-1.37,-1.78,-0.97,24.2,0.62,-1.02,33,125.5,26.48,-11.77,95.4,3.3,330.0,2,4,9.73,-18.82,-22.09,-13.7,-0.26,8.58
EMA_SAR_55_145_1h,1h,55,145,Stop-and-Reverse (SAR),10000.0,6485.64,-3514.36,-35.14,11.96,60.37,-1.4,-1.79,-0.96,20.0,0.63,-0.96,35,115.8,28.59,-11.89,93.3,3.5,350.0,3,3,17.23,-22.06,-20.71,-13.7,0.26,3.47
EMA_SAR_85_155_30m,30m,85,155,Stop-and-Reverse (SAR),10000.0,6484.65,-3515.35,-35.15,11.95,53.79,-1.29,-1.68,-1.08,22.4,0.63,-0.62,58,72.2,24.93,-6.93,96.4,5.8,580.0,3,3,5.77,-23.02,-14.45,-11.71,1.89,3.48
EMA_SAR_45_65_1h,1h,45,65,Stop-and-Reverse (SAR),10000.0,6473.94,-3526.06,-35.26,11.84,52.48,-1.31,-1.75,-1.11,22.2,0.63,-0.67,54,78.0,24.84,-6.24,97.0,5.4,540.0,3,3,6.03,-26.01,-9.19,-12.37,3.68,0.03
EMA_SAR_80_120_30m,30m,80,120,Stop-and-Reverse (SAR),10000.0,6472.88,-3527.12,-35.27,11.83,55.52,-1.29,-1.68,-1.05,22.2,0.65,-0.67,54,78.2,25.32,-6.93,97.2,5.4,540.0,3,3,10.45,-21.23,-14.74,-16.77,2.75,2.05
EMA_SAR_60_110_5m,5m,60,110,Stop-and-Reverse (SAR),10000.0,6471.17,-3528.83,-35.29,11.81,51.11,-1.15,-1.51,-1.14,24.1,0.86,-0.08,402,10.8,24.17,-4.97,99.6,40.2,4020.0,2,4,0.34,16.72,-24.07,-3.2,-21.76,-3.92
EMA_SAR_110_125_30m,30m,110,125,Stop-and-Reverse (SAR),10000.0,6471.09,-3528.91,-35.29,11.81,53.32,-1.29,-1.69,-1.1,22.2,0.63,-0.67,54,78.1,25.54,-6.93,97.1,5.4,540.0,3,3,5.39,-23.69,-12.94,-11.81,0.86,3.91
EMA_SAR_115_120_30m,30m,115,120,Stop-and-Reverse (SAR),10000.0,6469.39,-3530.61,-35.31,11.79,53.41,-1.29,-1.69,-1.09,20.4,0.63,-0.67,54,78.2,25.54,-6.94,97.2,5.4,540.0,3,3,5.32,-24.5,-12.11,-11.89,1.1,3.91
EMA_SAR_100_115_30m,30m,100,115,Stop-and-Reverse (SAR),10000.0,6462.76,-3537.24,-35.37,11.73,55.15,-1.29,-1.69,-1.06,24.1,0.63,-0.67,54,78.3,24.05,-6.88,97.4,5.4,540.0,3,3,4.73,-24.77,-9.35,-17.25,4.67,4.47
EMA_SAR_60_105_5m,5m,60,105,Stop-and-Reverse (SAR),10000.0,6461.86,-3538.14,-35.38,11.72,51.71,-1.15,-1.52,-1.13,23.3,0.87,-0.08,416,10.4,23.71,-5.39,99.6,41.6,4160.0,2,4,4.83,15.1,-20.05,-3.53,-24.65,-7.86
EMA_SAR_35_85_1h,1h,35,85,Stop-and-Reverse (SAR),10000.0,6455.9,-3544.1,-35.44,11.66,52.98,-1.33,-1.78,-1.11,24.1,0.64,-0.63,58,71.9,25.41,-6.6,96.1,5.8,580.0,3,3,5.72,-21.88,-14.27,-12.92,4.55,0.16
EMA_SAR_95_125_30m,30m,95,125,Stop-and-Reverse (SAR),10000.0,6453.98,-3546.02,-35.46,11.64,52.71,-1.3,-1.7,-1.11,22.2,0.63,-0.68,54,78.1,24.49,-7.03,97.1,5.4,540.0,2,4,4.86,-25.49,-9.3,-11.96,3.99,-0.53
EMA_SAR_60_120_5m,5m,60,120,Stop-and-Reverse (SAR),10000.0,6451.68,-3548.32,-35.48,11.62,49.56,-1.16,-1.53,-1.18,24.4,0.86,-0.09,386,11.2,24.02,-5.38,99.5,38.6,3860.0,2,4,-0.36,15.38,-25.38,0.12,-22.67,-2.86
EMA_SAR_75_160_30m,30m,75,160,Stop-and-Reverse (SAR),10000.0,6441.53,-3558.47,-35.58,11.52,53.61,-1.32,-1.72,-1.1,22.4,0.63,-0.64,58,72.1,24.27,-6.89,96.3,5.8,580.0,3,3,5.53,-20.47,-16.94,-11.63,3.94,0.6
EMA_SAR_40_75_1h,1h,40,75,Stop-and-Reverse (SAR),10000.0,6441.05,-3558.95,-35.59,11.51,50.94,-1.34,-1.79,-1.15,20.4,0.63,-0.68,54,77.6,25.24,-6.6,96.6,5.4,540.0,2,4,3.35,-22.33,-11.53,-11.44,4.91,-2.38
EMA_SAR_45_135_5m,5m,45,135,Stop-and-Reverse (SAR),10000.0,6440.96,-3559.04,-35.59,11.51,49.72,-1.17,-1.54,-1.18,22.7,0.86,-0.07,414,10.4,24.04,-5.87,99.5,41.4,4140.0,1,5,-1.91,6.52,-18.68,-0.64,-21.52,-2.8
EMA_SAR_100_120_30m,30m,100,120,Stop-and-Reverse (SAR),10000.0,6440.5,-3559.5,-35.6,11.5,52.05,-1.3,-1.71,-1.13,24.1,0.63,-0.68,54,78.2,24.49,-7.03,97.2,5.4,540.0,2,4,3.95,-24.57,-9.42,-11.7,3.13,-0.41
EMA_SAR_60_135_1h,1h,60,135,Stop-and-Reverse (SAR),10000.0,6437.39,-3562.61,-35.63,11.47,61.01,-1.42,-1.82,-0.96,18.9,0.64,-0.91,37,110.1,28.8,-11.89,93.8,3.7,370.0,3,3,21.28,-21.33,-21.63,-14.96,0.26,0.97
EMA_SAR_55_125_5m,5m,55,125,Stop-and-Reverse (SAR),10000.0,6432.84,-3567.16,-35.67,11.43,49.58,-1.17,-1.54,-1.19,24.1,0.86,-0.08,390,11.1,24.02,-5.38,99.5,39.0,3900.0,1,5,-0.28,14.37,-26.63,-0.75,-20.26,-2.87
EMA_SAR_75_125_30m,30m,75,125,Stop-and-Reverse (SAR),10000.0,6431.97,-3568.03,-35.68,11.42,55.89,-1.31,-1.71,-1.05,22.2,0.64,-0.68,54,78.1,25.32,-6.93,97.1,5.4,540.0,3,3,11.58,-22.2,-14.26,-16.92,1.94,2.03
EMA_SAR_100_140_30m,30m,100,140,Stop-and-Reverse (SAR),10000.0,6431.77,-3568.23,-35.68,11.42,54.64,-1.32,-1.72,-1.08,21.4,0.62,-0.65,56,75.1,26.14,-6.94,96.8,5.6,560.0,3,3,5.59,-25.05,-13.64,-11.93,1.25,5.53
EMA_SAR_25_175_5m,5m,25,175,Stop-and-Reverse (SAR),10000.0,6425.92,-3574.08,-35.74,11.36,49.77,-1.18,-1.55,-1.19,22.2,0.86,-0.06,472,9.1,23.99,-5.86,99.3,47.2,4720.0,1,5,4.64,-0.45,-16.46,-2.48,-22.55,-2.24
EMA_SAR_60_115_5m,5m,60,115,Stop-and-Reverse (SAR),10000.0,6424.99,-3575.01,-35.75,11.35,50.93,-1.17,-1.54,-1.16,23.7,0.86,-0.08,396,10.9,24.09,-5.38,99.6,39.6,3960.0,2,4,-2.23,17.66,-26.72,-2.91,-21.68,0.23
EMA_SAR_50_65_1h,1h,50,65,Stop-and-Reverse (SAR),10000.0,6419.43,-3580.57,-35.81,11.29,51.48,-1.34,-1.8,-1.15,23.2,0.64,-0.66,56,75.2,25.52,-6.24,97.0,5.6,560.0,2,4,6.48,-25.65,-7.86,-12.25,2.73,-2.38
EMA_SAR_110_130_30m,30m,110,130,Stop-and-Reverse (SAR),10000.0,6400.46,-3599.54,-36.0,11.1,54.38,-1.33,-1.74,-1.09,24.1,0.61,-0.52,54,78.0,25.84,-6.94,97.0,5.4,540.0,3,3,3.27,-23.22,-15.09,-12.17,1.61,6.53
EMA_SAR_50_130_5m,5m,50,130,Stop-and-Reverse (SAR),10000.0,6394.2,-3605.8,-36.06,11.04,50.81,-1.19,-1.57,-1.17,23.7,0.86,-0.09,396,10.9,24.0,-5.38,99.5,39.6,3960.0,1,5,-0.19,7.33,-21.88,-1.38,-20.48,-2.58
EMA_SAR_80_160_30m,30m,80,160,Stop-and-Reverse (SAR),10000.0,6389.93,-3610.07,-36.1,11.0,54.26,-1.34,-1.75,-1.1,21.4,0.62,-0.67,56,74.7,24.93,-6.89,96.3,5.6,560.0,3,3,6.21,-22.48,-15.14,-12.5,2.83,1.65
EMA_SAR_25_190_5m,5m,25,190,Stop-and-Reverse (SAR),10000.0,6388.25,-3611.75,-36.12,10.98,51.88,-1.21,-1.59,-1.15,22.1,0.86,-0.07,452,9.5,23.99,-4.42,99.3,45.2,4520.0,2,4,10.73,0.12,-19.15,-4.56,-23.37,-2.55
EMA_SAR_25_180_5m,5m,25,180,Stop-and-Reverse (SAR),10000.0,6385.75,-3614.25,-36.14,10.96,50.36,-1.2,-1.58,-1.18,23.4,0.86,-0.07,462,9.3,23.75,-5.86,99.3,46.2,4620.0,1,5,6.77,-2.78,-17.26,-3.6,-22.34,-0.68
EMA_SAR_85_140_30m,30m,85,140,Stop-and-Reverse (SAR),10000.0,6385.32,-3614.68,-36.15,10.95,53.07,-1.34,-1.75,-1.12,25.9,0.63,-0.69,54,77.8,25.13,-7.03,96.8,5.4,540.0,2,4,4.53,-23.7,-11.97,-12.07,3.45,-0.0
EMA_SAR_105_130_30m,30m,105,130,Stop-and-Reverse (SAR),10000.0,6381.66,-3618.34,-36.18,10.92,53.91,-1.34,-1.75,-1.11,22.2,0.63,-0.7,54,78.0,25.69,-6.93,97.0,5.4,540.0,3,3,7.75,-23.44,-13.73,-12.42,0.75,1.63
EMA_SAR_100_135_30m,30m,100,135,Stop-and-Reverse (SAR),10000.0,6376.12,-3623.88,-36.24,10.86,53.17,-1.35,-1.76,-1.12,24.1,0.62,-0.7,54,77.9,25.69,-6.93,96.9,5.4,540.0,3,3,5.46,-23.44,-12.36,-12.4,1.21,1.63
EMA_SAR_15_75_1h,1h,15,75,Stop-and-Reverse (SAR),10000.0,6358.91,-3641.09,-36.41,10.69,53.4,-1.39,-1.88,-1.12,22.5,0.68,-0.46,80,52.4,28.99,-5.84,96.6,8.0,800.0,1,5,14.78,-14.73,-21.09,-8.18,-4.93,-5.68
EMA_SAR_80_145_30m,30m,80,145,Stop-and-Reverse (SAR),10000.0,6349.08,-3650.92,-36.51,10.59,53.06,-1.37,-1.78,-1.13,24.1,0.63,-0.7,54,77.8,25.13,-7.03,96.7,5.4,540.0,3,3,4.17,-22.11,-13.82,-12.01,2.59,0.59
EMA_SAR_90_140_30m,30m,90,140,Stop-and-Reverse (SAR),10000.0,6346.11,-3653.89,-36.54,10.56,53.15,-1.37,-1.79,-1.13,22.4,0.63,-0.66,58,72.5,24.89,-6.93,96.8,5.8,580.0,3,3,4.59,-23.8,-11.8,-12.3,2.36,0.56
EMA_SAR_110_115_30m,30m,110,115,Stop-and-Reverse (SAR),10000.0,6334.54,-3665.46,-36.65,10.45,51.9,-1.36,-1.79,-1.16,24.1,0.63,-0.66,58,72.9,25.39,-6.24,97.4,5.8,580.0,2,4,6.63,-25.01,-8.11,-12.39,3.09,-4.54
EMA_SAR_60_130_1h,1h,60,130,Stop-and-Reverse (SAR),10000.0,6332.79,-3667.21,-36.67,10.43,59.86,-1.48,-1.89,-1.01,18.9,0.62,-0.97,37,110.4,27.42,-11.89,94.0,3.7,370.0,3,3,15.08,-20.12,-21.5,-13.42,0.24,1.12
EMA_SAR_55_120_5m,5m,55,120,Stop-and-Reverse (SAR),10000.0,6328.54,-3671.46,-36.71,10.39,49.9,-1.22,-1.61,-1.21,23.3,0.85,-0.09,412,10.5,24.1,-5.38,99.5,41.2,4120.0,1,5,-4.23,16.53,-25.5,-2.71,-20.64,-1.42
EMA_SAR_100_125_30m,30m,100,125,Stop-and-Reverse (SAR),10000.0,6322.79,-3677.21,-36.77,10.33,51.37,-1.37,-1.8,-1.17,23.2,0.63,-0.69,56,75.3,24.76,-7.03,97.1,5.6,560.0,2,4,5.23,-24.74,-7.57,-12.03,2.9,-4.58
EMA_SAR_30_185_5m,5m,30,185,Stop-and-Reverse (SAR),10000.0,6308.21,-3691.79,-36.92,10.18,54.08,-1.25,-1.65,-1.12,22.1,0.86,-0.08,430,10.0,24.13,-4.43,99.3,43.0,4300.0,1,5,12.89,-3.53,-19.63,-2.05,-23.11,-4.31
EMA_SAR_105_120_30m,30m,105,120,Stop-and-Reverse (SAR),10000.0,6306.05,-3693.95,-36.94,10.16,52.19,-1.38,-1.81,-1.16,24.1,0.63,-0.67,58,72.8,25.39,-6.24,97.2,5.8,580.0,2,4,6.74,-25.31,-8.5,-12.2,2.41,-3.86
EMA_SAR_5_25_30m,30m,5,25,Stop-and-Reverse (SAR),10000.0,6300.51,-3699.49,-36.99,10.11,43.63,-1.25,-1.79,-1.39,24.3,0.86,-0.07,474,9.1,23.92,-5.78,99.4,47.4,4740.0,1,5,-3.26,3.51,-7.93,-5.28,-23.05,-6.23
EMA_SAR_85_135_30m,30m,85,135,Stop-and-Reverse (SAR),10000.0,6293.41,-3706.59,-37.07,10.03,54.82,-1.39,-1.82,-1.11,24.1,0.62,-0.72,54,77.9,24.49,-6.93,96.9,5.4,540.0,3,3,3.41,-25.09,-13.32,-12.45,3.37,3.57
EMA_SAR_80_150_30m,30m,80,150,Stop-and-Reverse (SAR),10000.0,6287.65,-3712.35,-37.12,9.98,52.53,-1.4,-1.83,-1.16,24.1,0.62,-0.72,54,77.7,25.29,-7.03,96.6,5.4,540.0,2,4,2.79,-21.75,-13.18,-12.09,3.53,-1.07
EMA_SAR_90_145_30m,30m,90,145,Stop-and-Reverse (SAR),10000.0,6283.59,-3716.41,-37.16,9.94,53.33,-1.4,-1.83,-1.14,19.6,0.61,-0.7,56,75.0,24.73,-6.93,96.7,5.6,560.0,3,3,4.08,-22.4,-13.48,-12.41,1.29,1.36
EMA_SAR_95_145_30m,30m,95,145,Stop-and-Reverse (SAR),10000.0,6265.58,-3734.42,-37.34,9.76,54.25,-1.42,-1.85,-1.13,21.4,0.61,-0.7,56,75.0,26.22,-6.93,96.7,5.6,560.0,3,3,4.26,-24.78,-13.22,-12.03,1.94,2.66
EMA_SAR_105_135_30m,30m,105,135,Stop-and-Reverse (SAR),10000.0,6239.28,-3760.72,-37.61,9.49,54.46,-1.43,-1.86,-1.13,20.7,0.6,-0.68,58,72.6,26.14,-6.94,96.9,5.8,580.0,3,3,1.53,-25.05,-13.18,-12.17,1.41,6.01
EMA_SAR_115_125_30m,30m,115,125,Stop-and-Reverse (SAR),10000.0,6227.14,-3772.86,-37.73,9.37,55.16,-1.43,-1.87,-1.12,24.1,0.59,-0.57,54,78.1,25.84,-7.12,97.1,5.4,540.0,3,3,1.43,-23.83,-15.48,-12.59,1.61,7.37
EMA_SAR_75_95_5m,5m,75,95,Stop-and-Reverse (SAR),10000.0,6223.6,-3776.4,-37.76,9.34,52.12,-1.27,-1.67,-1.18,24.0,0.85,-0.1,384,11.3,24.17,-5.39,99.6,38.4,3840.0,2,4,0.06,18.57,-28.36,-0.82,-22.42,-4.82
EMA_SAR_95_130_30m,30m,95,130,Stop-and-Reverse (SAR),10000.0,6218.04,-3781.96,-37.82,9.28,52.87,-1.43,-1.87,-1.17,24.1,0.62,-0.74,54,78.0,24.92,-7.03,97.0,5.4,540.0,2,4,4.13,-24.61,-10.72,-11.89,2.52,-1.78
EMA_SAR_65_115_5m,5m,65,115,Stop-and-Reverse (SAR),10000.0,6218.09,-3781.91,-37.82,9.28,51.16,-1.28,-1.68,-1.2,24.7,0.85,-0.09,384,11.3,23.94,-5.02,99.6,38.4,3840.0,2,4,0.04,15.73,-25.88,-2.18,-22.2,-4.78
EMA_SAR_55_105_5m,5m,55,105,Stop-and-Reverse (SAR),10000.0,6214.71,-3785.29,-37.85,9.25,51.75,-1.28,-1.68,-1.19,24.4,0.86,-0.09,434,10.0,24.06,-4.97,99.6,43.4,4340.0,2,4,2.48,11.43,-16.46,-3.76,-22.86,-12.25
EMA_SAR_25_195_5m,5m,25,195,Stop-and-Reverse (SAR),10000.0,6213.56,-3786.44,-37.86,9.24,52.73,-1.3,-1.72,-1.17,22.4,0.85,-0.08,446,9.7,23.96,-4.42,99.3,44.6,4460.0,1,5,8.99,-1.36,-19.3,-4.21,-23.85,-1.82
EMA_SAR_85_150_30m,30m,85,150,Stop-and-Reverse (SAR),10000.0,6205.89,-3794.11,-37.94,9.16,54.1,-1.45,-1.89,-1.14,20.4,0.6,-0.75,54,77.7,24.73,-6.93,96.6,5.4,540.0,3,3,3.94,-23.18,-14.42,-12.15,1.66,1.69
EMA_SAR_55_110_5m,5m,55,110,Stop-and-Reverse (SAR),10000.0,6203.96,-3796.04,-37.96,9.14,52.82,-1.29,-1.69,-1.17,23.6,0.86,-0.08,428,10.1,23.71,-4.97,99.6,42.8,4280.0,2,4,5.36,11.09,-19.27,-4.75,-22.79,-10.73
EMA_SAR_45_70_1h,1h,45,70,Stop-and-Reverse (SAR),10000.0,6202.66,-3797.34,-37.97,9.13,52.06,-1.47,-1.97,-1.19,22.2,0.61,-0.75,54,77.8,25.52,-6.24,96.8,5.4,540.0,2,4,4.89,-26.1,-7.48,-13.12,2.78,-3.14
EMA_SAR_95_135_30m,30m,95,135,Stop-and-Reverse (SAR),10000.0,6197.7,-3802.3,-38.02,9.08,52.96,-1.45,-1.89,-1.17,23.2,0.61,-0.72,56,75.2,24.89,-6.93,96.9,5.6,560.0,3,3,2.55,-24.07,-10.38,-12.86,1.7,0.23
EMA_SAR_25_170_5m,5m,25,170,Stop-and-Reverse (SAR),10000.0,6185.84,-3814.16,-38.14,8.96,50.93,-1.3,-1.72,-1.22,22.2,0.85,-0.07,468,9.2,23.75,-5.86,99.3,46.8,4680.0,1,5,1.54,-1.37,-19.62,-2.3,-21.33,-0.01
EMA_SAR_80_155_30m,30m,80,155,Stop-and-Reverse (SAR),10000.0,6185.92,-3814.08,-38.14,8.96,54.76,-1.46,-1.91,-1.13,23.2,0.61,-0.73,56,74.8,24.27,-6.93,96.4,5.6,560.0,3,3,4.45,-23.32,-15.05,-12.6,3.55,0.47
EMA_SAR_70_100_5m,5m,70,100,Stop-and-Reverse (SAR),10000.0,6175.7,-3824.3,-38.24,8.86,53.61,-1.3,-1.71,-1.16,24.0,0.85,-0.1,388,11.2,24.07,-5.39,99.6,38.8,3880.0,2,4,2.35,13.71,-25.36,-2.26,-22.72,-5.88
EMA_SAR_25_200_5m,5m,25,200,Stop-and-Reverse (SAR),10000.0,6159.82,-3840.18,-38.4,8.7,52.36,-1.33,-1.75,-1.19,21.7,0.85,-0.08,442,9.8,23.97,-4.42,99.2,44.2,4420.0,2,4,6.66,3.51,-23.67,-3.54,-23.32,-1.17
EMA_SAR_90_135_30m,30m,90,135,Stop-and-Reverse (SAR),10000.0,6159.06,-3840.94,-38.41,8.69,52.85,-1.47,-1.92,-1.18,24.1,0.61,-0.76,54,77.9,24.92,-7.03,96.9,5.4,540.0,2,4,2.38,-25.2,-10.42,-11.46,2.79,-1.35
EMA_SAR_105_125_30m,30m,105,125,Stop-and-Reverse (SAR),10000.0,6156.37,-3843.63,-38.44,8.66,54.54,-1.47,-1.92,-1.14,20.4,0.61,-0.76,54,78.1,25.39,-6.12,97.1,5.4,540.0,2,4,6.79,-24.43,-12.85,-13.3,1.79,-0.81
EMA_SAR_110_120_30m,30m,110,120,Stop-and-Reverse (SAR),10000.0,6144.42,-3855.58,-38.56,8.54,54.27,-1.47,-1.93,-1.15,20.4,0.61,-0.77,54,78.2,25.39,-6.12,97.2,5.4,540.0,2,4,6.72,-24.43,-12.6,-13.11,1.96,-1.6
EMA_SAR_100_130_30m,30m,100,130,Stop-and-Reverse (SAR),10000.0,6086.48,-3913.52,-39.14,7.96,54.56,-1.51,-1.98,-1.16,21.4,0.6,-0.76,56,75.2,25.39,-6.93,97.0,5.6,560.0,2,4,6.78,-24.49,-12.94,-13.12,1.71,-1.88
EMA_SAR_50_125_5m,5m,50,125,Stop-and-Reverse (SAR),10000.0,6072.88,-3927.12,-39.27,7.83,51.57,-1.36,-1.79,-1.23,22.1,0.84,-0.09,416,10.4,24.04,-5.38,99.5,41.6,4160.0,1,5,-4.38,8.05,-23.09,-0.3,-21.23,-2.69
EMA_SAR_80_90_5m,5m,80,90,Stop-and-Reverse (SAR),10000.0,6068.08,-3931.92,-39.32,7.78,53.68,-1.36,-1.78,-1.18,24.0,0.85,-0.1,388,11.2,24.17,-5.39,99.7,38.8,3880.0,2,4,0.86,16.23,-27.43,-2.5,-22.13,-6.05
EMA_SAR_85_145_30m,30m,85,145,Stop-and-Reverse (SAR),10000.0,6047.88,-3952.12,-39.52,7.58,54.56,-1.54,-2.01,-1.17,24.1,0.6,-0.74,58,72.4,24.89,-7.03,96.7,5.8,580.0,2,4,3.16,-23.62,-15.44,-11.48,2.94,-0.39
EMA_SAR_65_90_5m,5m,65,90,Stop-and-Reverse (SAR),10000.0,6029.2,-3970.8,-39.71,7.39,53.61,-1.38,-1.81,-1.19,25.2,0.85,-0.1,424,10.2,24.05,-5.39,99.7,42.4,4240.0,2,4,3.31,10.07,-17.36,-3.26,-21.99,-14.97
EMA_SAR_50_105_5m,5m,50,105,Stop-and-Reverse (SAR),10000.0,6023.81,-3976.19,-39.76,7.34,51.74,-1.38,-1.81,-1.24,24.4,0.86,-0.09,454,9.5,23.81,-5.48,99.6,45.4,4540.0,2,4,1.08,4.52,-12.43,-2.79,-21.97,-14.16
EMA_SAR_105_115_30m,30m,105,115,Stop-and-Reverse (SAR),10000.0,6000.8,-3999.2,-39.99,7.11,55.67,-1.56,-2.02,-1.15,20.4,0.59,-0.81,54,78.3,24.21,-7.03,97.4,5.4,540.0,3,3,3.84,-26.26,-9.42,-16.49,3.56,0.06
EMA_SAR_55_115_5m,5m,55,115,Stop-and-Reverse (SAR),10000.0,5998.15,-4001.85,-40.02,7.08,51.94,-1.4,-1.84,-1.24,22.8,0.84,-0.1,416,10.4,24.24,-4.97,99.6,41.6,4160.0,1,5,-4.07,13.88,-23.57,-2.62,-21.98,-5.44
EMA_SAR_20_195_5m,5m,20,195,Stop-and-Reverse (SAR),10000.0,5987.07,-4012.93,-40.13,6.97,51.93,-1.42,-1.88,-1.24,20.9,0.84,-0.08,478,9.0,23.75,-4.41,99.3,47.8,4780.0,1,5,3.62,-0.04,-18.8,-4.51,-23.55,-2.49
EMA_SAR_55_60_1h,1h,55,60,Stop-and-Reverse (SAR),10000.0,5961.77,-4038.23,-40.38,6.72,54.92,-1.61,-2.16,-1.18,19.6,0.59,-0.79,56,75.4,24.91,-6.24,97.3,5.6,560.0,2,4,6.42,-26.62,-12.11,-13.39,2.85,-2.48
EMA_SAR_35_160_5m,5m,35,160,Stop-and-Reverse (SAR),10000.0,5951.11,-4048.89,-40.49,6.61,52.88,-1.43,-1.88,-1.23,21.7,0.85,-0.09,438,9.9,24.01,-5.87,99.4,43.8,4380.0,1,5,4.11,-0.76,-14.14,-2.68,-26.47,-6.26
EMA_SAR_70_85_5m,5m,70,85,Stop-and-Reverse (SAR),10000.0,5938.76,-4061.24,-40.61,6.49,53.73,-1.43,-1.88,-1.21,25.7,0.85,-0.1,424,10.2,23.81,-5.39,99.7,42.4,4240.0,2,4,2.52,10.66,-18.37,-2.99,-21.95,-15.3
EMA_SAR_20_200_5m,5m,20,200,Stop-and-Reverse (SAR),10000.0,5932.52,-4067.48,-40.67,6.43,53.34,-1.46,-1.92,-1.22,20.9,0.84,-0.08,478,9.0,23.6,-4.41,99.2,47.8,4780.0,1,5,5.97,-0.72,-19.3,-5.6,-24.27,-2.27
EMA_SAR_50_120_5m,5m,50,120,Stop-and-Reverse (SAR),10000.0,5920.48,-4079.52,-40.8,6.3,50.19,-1.44,-1.89,-1.3,22.8,0.84,-0.1,426,10.2,23.71,-4.97,99.5,42.6,4260.0,2,4,-3.07,4.53,-18.37,0.17,-21.44,-9.04
EMA_SAR_55_100_5m,5m,55,100,Stop-and-Reverse (SAR),10000.0,5917.28,-4082.72,-40.83,6.27,53.84,-1.44,-1.9,-1.21,24.8,0.85,-0.09,440,9.8,24.02,-4.99,99.6,44.0,4400.0,2,4,4.29,2.93,-12.42,-6.19,-23.16,-12.68
EMA_SAR_60_95_5m,5m,60,95,Stop-and-Reverse (SAR),10000.0,5915.32,-4084.68,-40.85,6.25,53.76,-1.44,-1.9,-1.21,24.2,0.85,-0.1,438,9.9,24.05,-5.39,99.6,43.8,4380.0,2,4,3.23,3.73,-14.38,-4.18,-23.37,-12.13
EMA_SAR_30_160_5m,5m,30,160,Stop-and-Reverse (SAR),10000.0,5877.4,-4122.6,-41.23,5.87,51.97,-1.47,-1.94,-1.27,22.4,0.84,-0.09,460,9.4,23.99,-5.86,99.4,46.0,4600.0,2,4,0.07,3.76,-14.93,-3.0,-26.77,-6.34
EMA_SAR_20_185_5m,5m,20,185,Stop-and-Reverse (SAR),10000.0,5863.43,-4136.57,-41.37,5.73,53.29,-1.48,-1.96,-1.24,21.2,0.84,-0.07,496,8.7,23.75,-4.41,99.3,49.6,4960.0,2,4,2.41,-3.21,-21.22,-5.39,-21.94,1.68
EMA_SAR_40_145_5m,5m,40,145,Stop-and-Reverse (SAR),10000.0,5857.76,-4142.24,-41.42,5.68,52.98,-1.48,-1.95,-1.25,22.2,0.84,-0.1,432,10.0,24.17,-5.87,99.4,43.2,4320.0,3,3,0.89,6.99,-22.78,0.62,-24.86,-7.05
EMA_SAR_25_165_5m,5m,25,165,Stop-and-Reverse (SAR),10000.0,5857.0,-4143.0,-41.43,5.67,52.03,-1.49,-1.96,-1.27,22.4,0.83,-0.09,486,8.9,23.71,-5.86,99.4,48.6,4860.0,1,5,-3.55,-4.76,-19.63,-0.86,-21.87,2.42
EMA_SAR_45_125_5m,5m,45,125,Stop-and-Reverse (SAR),10000.0,5857.35,-4142.65,-41.43,5.67,50.37,-1.48,-1.95,-1.31,22.7,0.84,-0.1,436,9.9,23.82,-4.7,99.5,43.6,4360.0,1,5,-2.23,2.31,-16.16,-0.87,-22.18,-9.46
EMA_SAR_30_170_5m,5m,30,170,Stop-and-Reverse (SAR),10000.0,5832.82,-4167.18,-41.67,5.43,53.72,-1.5,-1.97,-1.23,21.9,0.84,-0.09,456,9.5,23.6,-5.87,99.3,45.6,4560.0,1,5,5.0,-2.04,-14.67,-3.91,-24.66,-8.2
EMA_SAR_35_165_5m,5m,35,165,Stop-and-Reverse (SAR),10000.0,5817.5,-4182.5,-41.82,5.28,55.82,-1.51,-1.99,-1.19,21.9,0.84,-0.1,442,9.8,24.07,-5.87,99.4,44.2,4420.0,2,4,4.63,3.05,-19.1,-3.2,-27.99,-4.33
EMA_SAR_30_175_5m,5m,30,175,Stop-and-Reverse (SAR),10000.0,5768.4,-4231.6,-42.32,4.78,56.31,-1.54,-2.02,-1.19,21.5,0.84,-0.1,446,9.7,23.97,-5.87,99.3,44.6,4460.0,1,5,10.06,-2.15,-19.87,-4.63,-24.73,-6.87
EMA_SAR_50_115_5m,5m,50,115,Stop-and-Reverse (SAR),10000.0,5763.96,-4236.04,-42.36,4.74,53.8,-1.53,-2.01,-1.25,23.2,0.84,-0.1,440,9.8,23.82,-4.97,99.6,44.0,4400.0,1,5,-1.17,10.01,-17.04,-3.74,-21.66,-15.25
EMA_SAR_75_80_5m,5m,75,80,Stop-and-Reverse (SAR),10000.0,5759.71,-4240.29,-42.4,4.7,54.33,-1.53,-2.01,-1.24,25.2,0.84,-0.11,424,10.2,23.81,-5.39,99.7,42.4,4240.0,2,4,1.27,9.95,-18.35,-1.92,-23.45,-15.61
EMA_SAR_30_180_5m,5m,30,180,Stop-and-Reverse (SAR),10000.0,5732.26,-4267.74,-42.68,4.42,56.22,-1.57,-2.06,-1.2,21.2,0.83,-0.1,438,9.8,24.0,-5.87,99.3,43.8,4380.0,1,5,8.22,-4.14,-20.45,-2.95,-25.44,-4.0
EMA_SAR_30_165_5m,5m,30,165,Stop-and-Reverse (SAR),10000.0,5720.04,-4279.96,-42.8,4.3,52.98,-1.57,-2.06,-1.28,21.4,0.83,-0.1,462,9.3,23.75,-5.86,99.4,46.2,4620.0,1,5,0.36,-0.48,-14.43,-3.65,-25.7,-6.52
EMA_SAR_50_110_5m,5m,50,110,Stop-and-Reverse (SAR),10000.0,5714.98,-4285.02,-42.85,4.25,53.38,-1.56,-2.05,-1.27,24.7,0.84,-0.1,438,9.9,24.03,-4.7,99.6,43.8,4380.0,2,4,0.09,0.99,-14.39,-3.07,-22.5,-12.09
EMA_SAR_10_15_30m,30m,10,15,Stop-and-Reverse (SAR),10000.0,5710.63,-4289.37,-42.89,4.21,51.52,-1.57,-2.24,-1.31,25.1,0.84,-0.09,466,9.3,23.92,-6.51,99.7,46.6,4660.0,1,5,-2.26,3.1,-17.6,-3.87,-17.78,-12.98
EMA_SAR_40_130_5m,5m,40,130,Stop-and-Reverse (SAR),10000.0,5684.72,-4315.28,-43.15,3.95,50.4,-1.58,-2.08,-1.35,23.3,0.83,-0.1,450,9.6,24.03,-4.7,99.5,45.0,4500.0,1,5,-3.58,3.73,-13.99,-2.19,-21.31,-14.14
EMA_SAR_20_190_5m,5m,20,190,Stop-and-Reverse (SAR),10000.0,5680.52,-4319.48,-43.19,3.91,54.43,-1.59,-2.1,-1.25,20.4,0.83,-0.09,494,8.7,23.96,-4.41,99.3,49.4,4940.0,2,4,0.52,-5.24,-19.03,-5.79,-23.62,2.36
EMA_SAR_60_90_5m,5m,60,90,Stop-and-Reverse (SAR),10000.0,5640.47,-4359.53,-43.6,3.5,55.56,-1.59,-2.08,-1.23,24.0,0.84,-0.1,458,9.5,23.81,-5.79,99.7,45.8,4580.0,2,4,1.02,5.11,-12.86,-4.51,-22.7,-17.41
EMA_SAR_15_190_5m,5m,15,190,Stop-and-Reverse (SAR),10000.0,5593.25,-4406.75,-44.07,3.03,55.82,-1.64,-2.18,-1.24,20.5,0.82,-0.08,560,7.7,23.71,-4.18,99.3,56.0,5600.0,2,4,2.73,-11.63,-19.55,-7.6,-20.6,4.39
EMA_SAR_15_195_5m,5m,15,195,Stop-and-Reverse (SAR),10000.0,5586.64,-4413.36,-44.13,2.97,55.72,-1.65,-2.18,-1.24,20.3,0.82,-0.08,548,7.9,23.7,-4.5,99.3,54.8,5480.0,2,4,5.34,-10.24,-20.34,-9.64,-19.45,1.91
EMA_SAR_55_95_5m,5m,55,95,Stop-and-Reverse (SAR),10000.0,5574.81,-4425.19,-44.25,2.85,55.13,-1.62,-2.13,-1.26,25.1,0.84,-0.1,462,9.4,23.78,-5.79,99.6,46.2,4620.0,2,4,0.63,1.83,-13.98,-3.18,-22.98,-15.19
EMA_SAR_40_135_5m,5m,40,135,Stop-and-Reverse (SAR),10000.0,5572.2,-4427.8,-44.28,2.82,51.55,-1.65,-2.17,-1.34,22.4,0.82,-0.11,450,9.6,23.82,-4.7,99.5,45.0,4500.0,0,6,-4.86,-1.03,-14.31,-3.13,-22.69,-7.8
EMA_SAR_20_180_5m,5m,20,180,Stop-and-Reverse (SAR),10000.0,5523.86,-4476.14,-44.76,2.34,53.75,-1.68,-2.22,-1.3,20.3,0.82,-0.08,516,8.4,23.71,-5.85,99.3,51.6,5160.0,1,5,-1.89,-8.12,-20.07,-3.46,-21.37,0.99
EMA_SAR_50_100_5m,5m,50,100,Stop-and-Reverse (SAR),10000.0,5509.42,-4490.58,-44.91,2.19,54.41,-1.66,-2.18,-1.29,24.6,0.83,-0.1,472,9.2,23.78,-5.79,99.6,47.2,4720.0,1,5,-1.51,2.3,-15.31,-4.3,-21.13,-14.45
EMA_SAR_35_155_5m,5m,35,155,Stop-and-Reverse (SAR),10000.0,5489.3,-4510.7,-45.11,1.99,55.7,-1.7,-2.23,-1.26,22.7,0.83,-0.11,440,9.8,23.63,-5.87,99.4,44.0,4400.0,1,5,2.91,-1.41,-18.84,-1.76,-24.16,-10.52
EMA_SAR_35_150_5m,5m,35,150,Stop-and-Reverse (SAR),10000.0,5479.88,-4520.12,-45.2,1.9,54.87,-1.71,-2.25,-1.28,22.1,0.83,-0.11,452,9.6,23.75,-5.87,99.4,45.2,4520.0,1,5,-0.49,1.3,-16.84,-1.01,-25.83,-10.96
EMA_SAR_65_80_5m,5m,65,80,Stop-and-Reverse (SAR),10000.0,5467.34,-4532.66,-45.33,1.77,57.1,-1.69,-2.21,-1.23,25.4,0.84,-0.11,460,9.4,23.78,-6.48,99.7,46.0,4600.0,2,4,1.88,2.78,-16.77,-4.46,-22.49,-15.29
EMA_SAR_45_130_5m,5m,45,130,Stop-and-Reverse (SAR),10000.0,5461.01,-4538.99,-45.39,1.71,52.4,-1.71,-2.24,-1.34,22.4,0.82,-0.11,438,9.9,23.63,-5.87,99.5,43.8,4380.0,1,5,-5.6,1.13,-18.87,-1.53,-23.0,-7.0
EMA_SAR_70_75_5m,5m,70,75,Stop-and-Reverse (SAR),10000.0,5452.55,-4547.45,-45.47,1.63,56.88,-1.69,-2.22,-1.24,25.3,0.84,-0.11,462,9.4,23.78,-6.48,99.7,46.2,4620.0,2,4,1.19,3.05,-16.41,-3.97,-22.59,-15.84
EMA_SAR_25_160_5m,5m,25,160,Stop-and-Reverse (SAR),10000.0,5336.82,-4663.18,-46.63,0.47,53.87,-1.8,-2.37,-1.33,22.1,0.81,-0.1,498,8.7,23.78,-5.86,99.4,49.8,4980.0,1,5,-5.44,-7.59,-20.43,-0.84,-23.13,0.69
EMA_SAR_70_80_5m,5m,70,80,Stop-and-Reverse (SAR),10000.0,5298.45,-4701.55,-47.02,0.08,58.13,-1.8,-2.36,-1.24,24.4,0.83,-0.12,450,9.6,24.02,-5.46,99.7,45.0,4500.0,2,4,1.8,2.85,-14.75,-6.87,-22.62,-17.63
EMA_SAR_40_140_5m,5m,40,140,Stop-and-Reverse (SAR),10000.0,5295.79,-4704.21,-47.04,0.06,54.82,-1.82,-2.39,-1.32,21.9,0.81,-0.12,448,9.6,23.63,-5.87,99.5,44.8,4480.0,0,6,-2.59,-0.43,-18.34,-2.73,-22.59,-11.19
EMA_SAR_45_120_5m,5m,45,120,Stop-and-Reverse (SAR),10000.0,5288.59,-4711.41,-47.11,-0.01,52.84,-1.82,-2.39,-1.37,23.0,0.81,-0.12,460,9.4,24.03,-4.7,99.5,46.0,4600.0,1,5,-6.77,2.53,-15.83,-1.24,-22.31,-14.33
EMA_SAR_30_155_5m,5m,30,155,Stop-and-Reverse (SAR),10000.0,5267.97,-4732.03,-47.32,-0.22,53.63,-1.84,-2.42,-1.35,22.3,0.81,-0.11,470,9.2,23.96,-5.86,99.4,47.0,4700.0,0,6,-5.37,-2.72,-17.23,-0.96,-26.13,-5.49
EMA_SAR_20_175_5m,5m,20,175,Stop-and-Reverse (SAR),10000.0,5251.84,-4748.16,-47.48,-0.38,55.04,-1.85,-2.45,-1.32,20.9,0.8,-0.09,526,8.2,23.7,-5.85,99.3,52.6,5260.0,1,5,-4.96,-11.05,-19.74,-4.51,-20.14,1.49
EMA_SAR_65_85_5m,5m,65,85,Stop-and-Reverse (SAR),10000.0,5245.62,-4754.38,-47.54,-0.44,58.27,-1.83,-2.41,-1.25,24.0,0.83,-0.12,454,9.5,23.81,-5.79,99.7,45.4,4540.0,2,4,1.57,2.1,-15.65,-6.68,-22.83,-16.72
EMA_SAR_35_145_5m,5m,35,145,Stop-and-Reverse (SAR),10000.0,5233.28,-4766.72,-47.67,-0.57,53.93,-1.86,-2.45,-1.35,22.1,0.81,-0.12,458,9.4,23.99,-5.87,99.4,45.8,4580.0,0,6,-5.72,-1.43,-14.28,-0.29,-26.92,-9.85
EMA_SAR_15_185_5m,5m,15,185,Stop-and-Reverse (SAR),10000.0,5079.02,-4920.98,-49.21,-2.11,56.29,-1.96,-2.6,-1.32,20.4,0.8,-0.1,578,7.5,23.34,-4.18,99.3,57.8,5780.0,1,5,-0.98,-14.33,-16.72,-8.79,-21.67,0.61
EMA_SAR_45_110_5m,5m,45,110,Stop-and-Reverse (SAR),10000.0,5048.21,-4951.79,-49.52,-2.42,57.69,-1.95,-2.56,-1.3,23.4,0.81,-0.12,478,9.0,23.78,-5.54,99.6,47.8,4780.0,0,6,-1.36,-0.18,-16.52,-4.58,-22.55,-16.9
EMA_SAR_25_155_5m,5m,25,155,Stop-and-Reverse (SAR),10000.0,5030.71,-4969.29,-49.69,-2.59,52.84,-1.98,-2.62,-1.42,22.0,0.79,-0.11,508,8.5,23.7,-5.85,99.4,50.8,5080.0,0,6,-9.55,-7.97,-16.43,-3.42,-23.31,-2.37
EMA_SAR_45_115_5m,5m,45,115,Stop-and-Reverse (SAR),10000.0,5030.45,-4969.55,-49.7,-2.6,55.75,-1.98,-2.6,-1.34,22.7,0.8,-0.12,466,9.3,23.82,-4.7,99.6,46.6,4660.0,1,5,-6.48,0.46,-15.78,-4.02,-21.24,-15.9
EMA_SAR_60_85_5m,5m,60,85,Stop-and-Reverse (SAR),10000.0,5010.0,-4990.0,-49.9,-2.8,59.32,-1.97,-2.59,-1.27,24.9,0.81,-0.13,470,9.2,23.78,-6.48,99.7,47.0,4700.0,1,5,0.26,-1.11,-18.06,-5.36,-22.68,-15.73
EMA_SAR_30_150_5m,5m,30,150,Stop-and-Reverse (SAR),10000.0,5001.13,-4998.87,-49.99,-2.89,53.01,-2.01,-2.65,-1.42,21.8,0.79,-0.12,486,8.9,23.82,-5.86,99.4,48.6,4860.0,0,6,-10.64,-2.89,-17.47,-2.26,-26.0,-3.46
EMA_SAR_5_20_30m,30m,5,20,Stop-and-Reverse (SAR),10000.0,4999.34,-5000.66,-50.01,-2.91,53.21,-2.01,-2.87,-1.41,23.0,0.81,-0.1,556,7.8,14.51,-6.51,99.6,55.6,5560.0,0,6,-8.88,-2.35,-13.1,-0.68,-23.77,-14.6
EMA_SAR_20_170_5m,5m,20,170,Stop-and-Reverse (SAR),10000.0,4995.15,-5004.85,-50.05,-2.95,55.88,-2.02,-2.67,-1.35,21.1,0.79,-0.1,530,8.1,23.71,-5.85,99.3,53.0,5300.0,1,5,-7.63,-11.01,-21.82,-1.99,-20.84,0.19
EMA_SAR_40_120_5m,5m,40,120,Stop-and-Reverse (SAR),10000.0,4988.44,-5011.56,-50.12,-3.02,55.27,-1.99,-2.62,-1.36,22.7,0.8,-0.12,498,8.7,23.78,-5.48,99.5,49.8,4980.0,1,5,-7.74,0.87,-15.46,-4.68,-23.25,-13.34
EMA_SAR_15_200_5m,5m,15,200,Stop-and-Reverse (SAR),10000.0,4983.22,-5016.78,-50.17,-3.07,59.08,-2.04,-2.7,-1.28,18.7,0.79,-0.1,562,7.7,23.63,-4.5,99.2,56.2,5620.0,1,5,5.49,-12.22,-22.36,-13.32,-18.85,-1.46
EMA_SAR_40_95_5m,5m,40,95,Stop-and-Reverse (SAR),10000.0,4963.02,-5036.98,-50.37,-3.27,56.31,-1.98,-2.61,-1.34,23.1,0.81,-0.11,542,8.0,18.36,-6.48,99.6,54.2,5420.0,0,6,-4.98,-2.47,-14.18,-0.52,-24.2,-17.25
EMA_SAR_35_130_5m,5m,35,130,Stop-and-Reverse (SAR),10000.0,4956.66,-5043.34,-50.43,-3.33,54.91,-2.02,-2.65,-1.38,22.8,0.8,-0.12,492,8.8,23.78,-4.69,99.5,49.2,4920.0,0,6,-6.74,-4.24,-14.5,-4.14,-23.32,-11.68
EMA_SAR_20_165_5m,5m,20,165,Stop-and-Reverse (SAR),10000.0,4941.18,-5058.82,-50.59,-3.49,53.54,-2.04,-2.69,-1.42,21.2,0.78,-0.11,556,7.8,23.71,-5.85,99.4,55.6,5560.0,0,6,-10.51,-8.32,-20.6,-1.35,-21.34,-2.26
EMA_SAR_40_125_5m,5m,40,125,Stop-and-Reverse (SAR),10000.0,4892.56,-5107.44,-51.07,-3.97,55.74,-2.07,-2.73,-1.37,22.1,0.8,-0.13,470,9.2,23.82,-4.7,99.5,47.0,4700.0,0,6,-6.37,-0.64,-16.73,-4.96,-21.52,-15.32
EMA_SAR_50_85_5m,5m,50,85,Stop-and-Reverse (SAR),10000.0,4884.52,-5115.48,-51.15,-4.05,55.14,-2.04,-2.67,-1.39,24.6,0.81,-0.12,504,8.6,18.47,-6.48,99.7,50.4,5040.0,0,6,-9.45,-0.2,-13.36,-1.86,-23.09,-17.35
EMA_SAR_35_135_5m,5m,35,135,Stop-and-Reverse (SAR),10000.0,4870.35,-5129.65,-51.3,-4.2,55.8,-2.09,-2.75,-1.37,21.2,0.8,-0.13,480,9.0,23.78,-4.69,99.5,48.0,4800.0,1,5,-7.0,1.2,-15.98,-3.99,-24.01,-15.58
EMA_SAR_20_100_5m,5m,20,100,Stop-and-Reverse (SAR),10000.0,4870.33,-5129.67,-51.3,-4.2,55.98,-2.03,-2.7,-1.37,22.1,0.82,-0.09,712,6.1,10.88,-5.97,99.6,71.2,7120.0,0,6,-3.4,-9.55,-14.98,-6.12,-17.49,-15.35
EMA_SAR_30_145_5m,5m,30,145,Stop-and-Reverse (SAR),10000.0,4863.28,-5136.72,-51.37,-4.27,54.87,-2.1,-2.75,-1.4,21.8,0.79,-0.13,486,8.9,23.78,-5.86,99.4,48.6,4860.0,0,6,-9.11,-3.86,-17.26,-4.02,-24.51,-7.16
EMA_SAR_35_95_5m,5m,35,95,Stop-and-Reverse (SAR),10000.0,4846.02,-5153.98,-51.54,-4.44,56.89,-2.05,-2.7,-1.35,24.2,0.81,-0.11,570,7.6,10.79,-5.97,99.6,57.0,5700.0,0,6,-6.14,-4.21,-14.76,-1.59,-24.75,-14.61
EMA_SAR_55_90_5m,5m,55,90,Stop-and-Reverse (SAR),10000.0,4836.86,-5163.14,-51.63,-4.53,59.62,-2.09,-2.74,-1.29,24.6,0.8,-0.13,476,9.1,23.7,-6.48,99.7,47.6,4760.0,0,6,-1.99,-0.83,-18.31,-4.34,-22.37,-17.97
EMA_SAR_20_95_5m,5m,20,95,Stop-and-Reverse (SAR),10000.0,4835.74,-5164.26,-51.64,-4.54,55.66,-2.05,-2.72,-1.38,22.4,0.82,-0.09,718,6.0,11.2,-5.97,99.6,71.8,7180.0,0,6,-2.99,-11.1,-15.22,-5.07,-18.03,-15.01
EMA_SAR_25_85_5m,5m,25,85,Stop-and-Reverse (SAR),10000.0,4832.54,-5167.46,-51.67,-4.57,55.45,-2.05,-2.71,-1.39,24.3,0.81,-0.09,696,6.2,9.64,-5.97,99.7,69.6,6960.0,0,6,-8.28,-14.1,-16.33,-3.09,-13.18,-12.88
EMA_SAR_40_100_5m,5m,40,100,Stop-and-Reverse (SAR),10000.0,4820.99,-5179.01,-51.79,-4.69,57.04,-2.1,-2.77,-1.35,24.5,0.8,-0.11,518,8.4,23.34,-6.48,99.6,51.8,5180.0,1,5,-7.86,1.86,-16.83,-3.75,-23.96,-15.61
EMA_SAR_50_70_5m,5m,50,70,Stop-and-Reverse (SAR),10000.0,4794.62,-5205.38,-52.05,-4.95,58.43,-2.09,-2.75,-1.32,24.4,0.81,-0.11,562,7.7,18.43,-6.26,99.7,56.2,5620.0,0,6,-4.53,-4.36,-15.89,-1.4,-23.34,-17.41
EMA_SAR_45_85_5m,5m,45,85,Stop-and-Reverse (SAR),10000.0,4783.8,-5216.2,-52.16,-5.06,56.37,-2.1,-2.76,-1.37,24.3,0.81,-0.12,526,8.2,18.12,-6.77,99.7,52.6,5260.0,0,6,-5.55,-3.69,-15.42,-1.62,-22.65,-18.29
EMA_SAR_40_115_5m,5m,40,115,Stop-and-Reverse (SAR),10000.0,4766.69,-5233.31,-52.33,-5.23,57.68,-2.14,-2.81,-1.34,23.0,0.79,-0.13,492,8.8,23.7,-5.46,99.6,49.2,4920.0,1,5,-7.46,2.98,-19.54,-5.38,-23.54,-14.07
EMA_SAR_50_95_5m,5m,50,95,Stop-and-Reverse (SAR),10000.0,4759.13,-5240.87,-52.41,-5.31,59.58,-2.14,-2.81,-1.3,24.4,0.8,-0.13,484,8.9,23.7,-6.48,99.6,48.4,4840.0,1,5,-3.38,2.09,-19.7,-4.49,-24.32,-16.88
EMA_SAR_10_135_5m,5m,10,135,Stop-and-Reverse (SAR),10000.0,4744.39,-5255.61,-52.56,-5.46,57.31,-2.14,-2.87,-1.36,19.5,0.82,-0.08,844,5.1,16.24,-5.03,99.5,84.4,8440.0,1,5,-8.49,3.6,-26.01,-7.11,-16.24,-13.08
EMA_SAR_15_180_5m,5m,15,180,Stop-and-Reverse (SAR),10000.0,4718.25,-5281.75,-52.82,-5.72,58.91,-2.2,-2.92,-1.32,20.2,0.78,-0.11,598,7.2,23.34,-3.79,99.3,59.8,5980.0,0,6,-2.22,-14.69,-18.93,-12.31,-20.08,-0.44
EMA_SAR_55_65_5m,5m,55,65,Stop-and-Reverse (SAR),10000.0,4711.54,-5288.46,-52.88,-5.78,58.28,-2.15,-2.83,-1.34,24.1,0.81,-0.11,556,7.8,18.43,-6.77,99.8,55.6,5560.0,0,6,-6.57,-5.07,-14.03,-2.49,-22.81,-17.9
EMA_SAR_25_105_5m,5m,25,105,Stop-and-Reverse (SAR),10000.0,4689.95,-5310.05,-53.1,-6.0,57.61,-2.17,-2.88,-1.36,21.8,0.81,-0.1,646,6.7,15.75,-5.97,99.6,64.6,6460.0,0,6,-4.74,-4.61,-17.79,-6.3,-23.07,-12.9
EMA_SAR_45_105_5m,5m,45,105,Stop-and-Reverse (SAR),10000.0,4689.9,-5310.1,-53.1,-6.0,59.45,-2.19,-2.88,-1.32,24.2,0.8,-0.14,484,8.9,23.7,-5.79,99.6,48.4,4840.0,1,5,-3.83,0.47,-21.08,-5.16,-23.16,-15.61
EMA_SAR_5_15_30m,30m,5,15,Stop-and-Reverse (SAR),10000.0,4683.87,-5316.13,-53.16,-6.06,56.05,-2.2,-3.15,-1.4,22.6,0.8,-0.1,638,6.8,10.52,-6.51,99.7,63.8,6380.0,0,6,-8.47,-11.59,-11.48,-5.07,-18.07,-15.93
EMA_SAR_45_90_5m,5m,45,90,Stop-and-Reverse (SAR),10000.0,4669.01,-5330.99,-53.31,-6.21,58.21,-2.18,-2.86,-1.35,23.7,0.8,-0.12,524,8.3,18.36,-6.48,99.7,52.4,5240.0,0,6,-8.07,-2.11,-17.07,-1.7,-23.4,-16.92
EMA_SAR_35_140_5m,5m,35,140,Stop-and-Reverse (SAR),10000.0,4656.75,-5343.25,-53.43,-6.33,56.47,-2.24,-2.94,-1.39,21.4,0.78,-0.14,472,9.2,23.82,-5.86,99.5,47.2,4720.0,0,6,-9.93,-5.8,-15.85,-2.62,-23.6,-12.32
EMA_SAR_45_80_5m,5m,45,80,Stop-and-Reverse (SAR),10000.0,4627.07,-5372.93,-53.73,-6.63,57.96,-2.21,-2.9,-1.36,24.5,0.8,-0.11,550,7.9,18.42,-6.77,99.7,55.0,5500.0,0,6,-5.94,-6.8,-17.04,-1.18,-22.71,-16.7
EMA_SAR_35_90_5m,5m,35,90,Stop-and-Reverse (SAR),10000.0,4616.64,-5383.36,-53.83,-6.73,58.6,-2.21,-2.9,-1.35,24.7,0.81,-0.12,586,7.4,10.59,-6.26,99.7,58.6,5860.0,1,5,-5.46,-5.84,-19.39,2.42,-24.12,-17.22
EMA_SAR_35_110_5m,5m,35,110,Stop-and-Reverse (SAR),10000.0,4615.27,-5384.73,-53.85,-6.75,57.83,-2.24,-2.95,-1.37,23.3,0.79,-0.12,536,8.1,23.34,-6.48,99.6,53.6,5360.0,1,5,-9.84,0.16,-16.32,-1.63,-25.02,-17.2
EMA_SAR_25_115_5m,5m,25,115,Stop-and-Reverse (SAR),10000.0,4598.46,-5401.54,-54.02,-6.92,57.24,-2.24,-2.96,-1.38,22.4,0.8,-0.11,616,7.0,15.7,-5.97,99.6,61.6,6160.0,0,6,-9.25,-7.16,-14.92,-4.97,-22.72,-12.64
EMA_SAR_10_200_5m,5m,10,200,Stop-and-Reverse (SAR),10000.0,4594.56,-5405.44,-54.05,-6.95,62.26,-2.3,-3.06,-1.27,17.1,0.78,-0.09,692,6.2,22.87,-3.43,99.2,69.2,6920.0,1,5,1.3,-10.28,-24.01,-15.1,-19.25,-2.97
EMA_SAR_30_140_5m,5m,30,140,Stop-and-Reverse (SAR),10000.0,4589.83,-5410.17,-54.1,-7.0,57.9,-2.28,-2.98,-1.37,22.9,0.78,-0.13,510,8.5,23.7,-4.69,99.5,51.0,5100.0,0,6,-7.48,-5.66,-17.52,-5.1,-23.33,-12.37
EMA_SAR_45_95_5m,5m,45,95,Stop-and-Reverse (SAR),10000.0,4588.83,-5411.17,-54.11,-7.01,58.95,-2.26,-2.97,-1.34,23.7,0.79,-0.13,510,8.5,23.34,-6.48,99.6,51.0,5100.0,1,5,-7.52,1.64,-19.01,-2.85,-23.63,-18.76
EMA_SAR_50_90_5m,5m,50,90,Stop-and-Reverse (SAR),10000.0,4587.18,-5412.82,-54.13,-7.03,60.13,-2.26,-2.98,-1.32,24.1,0.8,-0.13,510,8.5,23.7,-6.48,99.7,51.0,5100.0,1,5,-5.59,0.18,-16.52,-6.23,-24.64,-17.79
EMA_SAR_35_100_5m,5m,35,100,Stop-and-Reverse (SAR),10000.0,4574.84,-5425.16,-54.25,-7.15,58.91,-2.27,-3.0,-1.35,22.6,0.79,-0.12,562,7.7,22.87,-5.97,99.6,56.2,5620.0,0,6,-7.18,-7.35,-10.44,-3.23,-27.57,-15.26
EMA_SAR_30_100_5m,5m,30,100,Stop-and-Reverse (SAR),10000.0,4561.17,-5438.83,-54.39,-7.29,57.76,-2.25,-2.96,-1.38,23.8,0.8,-0.11,604,7.2,10.79,-5.97,99.6,60.4,6040.0,0,6,-10.97,-3.78,-18.02,-0.1,-25.25,-13.02
EMA_SAR_25_120_5m,5m,25,120,Stop-and-Reverse (SAR),10000.0,4548.38,-5451.62,-54.52,-7.42,57.12,-2.28,-3.0,-1.39,21.6,0.78,-0.12,602,7.2,15.7,-5.27,99.5,60.2,6020.0,0,6,-11.38,-8.34,-16.33,-3.42,-22.2,-10.93
EMA_SAR_35_125_5m,5m,35,125,Stop-and-Reverse (SAR),10000.0,4541.59,-5458.41,-54.58,-7.48,57.37,-2.3,-3.02,-1.39,23.7,0.78,-0.14,506,8.5,23.7,-5.48,99.5,50.6,5060.0,0,6,-9.33,-3.92,-19.57,-5.87,-21.48,-12.31
EMA_SAR_15_175_5m,5m,15,175,Stop-and-Reverse (SAR),10000.0,4533.14,-5466.86,-54.67,-7.57,59.33,-2.32,-3.07,-1.34,21.3,0.77,-0.11,614,7.0,23.34,-3.79,99.3,61.4,6140.0,0,6,-5.37,-13.43,-19.87,-12.07,-20.98,-0.62
EMA_SAR_40_85_5m,5m,40,85,Stop-and-Reverse (SAR),10000.0,4532.5,-5467.5,-54.68,-7.58,59.9,-2.27,-2.98,-1.33,24.0,0.8,-0.12,566,7.6,10.89,-6.26,99.7,56.6,5660.0,0,6,-6.41,-5.22,-19.65,-1.18,-23.19,-16.23
EMA_SAR_45_75_5m,5m,45,75,Stop-and-Reverse (SAR),10000.0,4532.27,-5467.73,-54.68,-7.58,59.7,-2.27,-2.98,-1.34,23.7,0.8,-0.12,578,7.5,10.58,-6.26,99.7,57.8,5780.0,0,6,-6.66,-4.85,-19.94,-1.07,-21.36,-18.07
EMA_SAR_15_110_5m,5m,15,110,Stop-and-Reverse (SAR),10000.0,4528.83,-5471.17,-54.71,-7.61,57.85,-2.26,-3.01,-1.38,21.1,0.81,-0.09,786,5.5,11.41,-5.97,99.6,78.6,7860.0,0,6,-10.71,-0.33,-17.99,-10.35,-17.6,-15.99
EMA_SAR_10_130_5m,5m,10,130,Stop-and-Reverse (SAR),10000.0,4514.02,-5485.98,-54.86,-7.76,59.55,-2.3,-3.09,-1.34,19.6,0.81,-0.08,852,5.1,16.24,-5.03,99.5,85.2,8520.0,0,6,-8.06,-0.53,-25.57,-8.79,-18.29,-11.02
EMA_SAR_10_195_5m,5m,10,195,Stop-and-Reverse (SAR),10000.0,4504.14,-5495.86,-54.96,-7.86,61.76,-2.36,-3.14,-1.3,18.2,0.78,-0.1,694,6.2,22.87,-3.43,99.3,69.4,6940.0,0,6,-1.45,-5.94,-25.66,-15.28,-19.17,-4.54
EMA_SAR_55_70_5m,5m,55,70,Stop-and-Reverse (SAR),10000.0,4492.66,-5507.34,-55.07,-7.97,59.24,-2.3,-3.03,-1.35,24.2,0.8,-0.13,524,8.3,18.42,-6.77,99.7,52.4,5240.0,0,6,-6.26,-0.73,-17.81,-4.56,-23.22,-19.83
EMA_SAR_50_75_5m,5m,50,75,Stop-and-Reverse (SAR),10000.0,4490.35,-5509.65,-55.1,-8.0,59.18,-2.31,-3.03,-1.35,24.1,0.8,-0.13,536,8.1,18.42,-6.77,99.7,53.6,5360.0,1,5,-6.06,1.4,-18.44,-5.21,-23.78,-20.0
EMA_SAR_30_90_5m,5m,30,90,Stop-and-Reverse (SAR),10000.0,4479.87,-5520.13,-55.2,-8.1,58.09,-2.31,-3.04,-1.38,22.8,0.8,-0.11,626,6.9,10.98,-5.97,99.7,62.6,6260.0,0,6,-5.27,-12.36,-20.06,-2.92,-20.51,-12.52
EMA_SAR_25_90_5m,5m,25,90,Stop-and-Reverse (SAR),10000.0,4476.29,-5523.71,-55.24,-8.14,58.48,-2.3,-3.04,-1.37,23.8,0.8,-0.11,663,6.5,11.2,-5.97,99.7,66.3,6630.0,0,6,-6.65,-10.31,-18.04,-6.1,-16.03,-17.26
EMA_SAR_30_105_5m,5m,30,105,Stop-and-Reverse (SAR),10000.0,4472.33,-5527.67,-55.28,-8.18,59.22,-2.33,-3.08,-1.36,22.5,0.79,-0.12,596,7.3,15.7,-5.97,99.6,59.6,5960.0,1,5,-10.57,-5.69,-15.92,1.08,-25.4,-16.37
EMA_SAR_10_190_5m,5m,10,190,Stop-and-Reverse (SAR),10000.0,4465.53,-5534.47,-55.34,-8.24,62.02,-2.37,-3.15,-1.3,18.1,0.78,-0.1,696,6.2,15.45,-3.43,99.3,69.6,6960.0,0,6,-2.48,-8.59,-22.34,-15.27,-18.7,-6.36
EMA_SAR_40_80_5m,5m,40,80,Stop-and-Reverse (SAR),10000.0,4464.61,-5535.39,-55.35,-8.25,59.78,-2.32,-3.05,-1.34,24.9,0.8,-0.12,578,7.5,10.58,-6.26,99.7,57.8,5780.0,1,5,-6.35,-4.32,-20.76,2.13,-22.65,-20.4
EMA_SAR_45_100_5m,5m,45,100,Stop-and-Reverse (SAR),10000.0,4462.51,-5537.49,-55.37,-8.27,61.44,-2.35,-3.1,-1.31,24.2,0.79,-0.14,504,8.6,23.7,-6.48,99.6,50.4,5040.0,1,5,-5.23,1.33,-20.31,-5.9,-23.23,-19.28
EMA_SAR_10_125_5m,5m,10,125,Stop-and-Reverse (SAR),10000.0,4453.09,-5546.91,-55.47,-8.37,59.31,-2.34,-3.13,-1.36,19.6,0.8,-0.08,864,5.0,16.07,-4.94,99.5,86.4,8640.0,0,6,-9.31,-2.95,-24.14,-12.04,-15.42,-10.34
EMA_SAR_35_105_5m,5m,35,105,Stop-and-Reverse (SAR),10000.0,4440.94,-5559.06,-55.59,-8.49,59.12,-2.37,-3.12,-1.36,22.6,0.78,-0.12,548,7.9,22.87,-6.48,99.6,54.8,5480.0,0,6,-8.53,-5.99,-14.77,-0.12,-25.91,-18.11
EMA_SAR_30_95_5m,5m,30,95,Stop-and-Reverse (SAR),10000.0,4435.81,-5564.19,-55.64,-8.54,58.71,-2.34,-3.08,-1.37,23.2,0.79,-0.11,620,7.0,10.69,-5.97,99.6,62.0,6200.0,0,6,-7.15,-8.53,-20.69,-1.21,-23.43,-12.94
EMA_SAR_25_125_5m,5m,25,125,Stop-and-Reverse (SAR),10000.0,4434.31,-5565.69,-55.66,-8.56,58.25,-2.36,-3.11,-1.38,22.6,0.78,-0.12,594,7.3,14.74,-5.27,99.5,59.4,5940.0,0,6,-10.32,-8.62,-12.93,-6.77,-23.94,-12.36
EMA_SAR_20_160_5m,5m,20,160,Stop-and-Reverse (SAR),10000.0,4429.2,-5570.8,-55.71,-8.61,58.29,-2.4,-3.16,-1.38,21.5,0.76,-0.13,564,7.7,23.34,-5.85,99.4,56.4,5640.0,0,6,-11.77,-10.6,-18.86,-8.22,-22.28,-2.98
EMA_SAR_60_70_5m,5m,60,70,Stop-and-Reverse (SAR),10000.0,4424.2,-5575.8,-55.76,-8.66,59.23,-2.36,-3.09,-1.36,24.5,0.79,-0.13,514,8.4,18.12,-6.77,99.7,51.4,5140.0,0,6,-8.43,-6.14,-13.54,-3.03,-23.74,-19.5
EMA_SAR_15_105_5m,5m,15,105,Stop-and-Reverse (SAR),10000.0,4423.44,-5576.56,-55.77,-8.67,59.3,-2.34,-3.11,-1.36,21.4,0.8,-0.09,794,5.4,11.07,-5.97,99.6,79.4,7940.0,0,6,-12.51,-7.43,-15.99,-6.56,-18.58,-14.54
EMA_SAR_15_100_5m,5m,15,100,Stop-and-Reverse (SAR),10000.0,4416.65,-5583.35,-55.83,-8.73,59.8,-2.34,-3.12,-1.35,21.5,0.8,-0.09,820,5.3,10.05,-5.97,99.6,82.0,8200.0,0,6,-15.16,-4.69,-16.43,-5.67,-19.35,-14.09
EMA_SAR_30_120_5m,5m,30,120,Stop-and-Reverse (SAR),10000.0,4414.59,-5585.41,-55.85,-8.75,58.58,-2.39,-3.15,-1.38,22.0,0.77,-0.13,554,7.8,22.87,-5.27,99.5,55.4,5540.0,0,6,-10.66,-7.55,-15.94,-0.66,-23.67,-16.14
EMA_SAR_40_90_5m,5m,40,90,Stop-and-Reverse (SAR),10000.0,4408.33,-5591.67,-55.92,-8.82,59.07,-2.37,-3.11,-1.37,23.3,0.79,-0.12,544,8.0,18.12,-5.97,99.7,54.4,5440.0,0,6,-6.08,-6.03,-15.66,-3.0,-26.02,-17.48
EMA_SAR_35_85_5m,5m,35,85,Stop-and-Reverse (SAR),10000.0,4383.95,-5616.05,-56.16,-9.06,59.15,-2.38,-3.12,-1.37,24.0,0.79,-0.12,608,7.1,10.72,-6.26,99.7,60.8,6080.0,1,5,-9.0,-9.69,-20.13,1.14,-22.25,-15.08
EMA_SAR_20_120_5m,5m,20,120,Stop-and-Reverse (SAR),10000.0,4382.85,-5617.15,-56.17,-9.07,60.0,-2.4,-3.18,-1.35,21.5,0.79,-0.1,666,6.5,15.75,-5.27,99.5,66.6,6660.0,0,6,-6.45,-5.73,-18.19,-7.79,-22.54,-14.94
EMA_SAR_55_80_5m,5m,55,80,Stop-and-Reverse (SAR),10000.0,4381.15,-5618.85,-56.19,-9.09,59.73,-2.39,-3.14,-1.36,24.2,0.79,-0.14,512,8.5,18.43,-6.48,99.7,51.2,5120.0,1,5,-9.02,0.11,-14.25,-6.72,-24.49,-20.36
EMA_SAR_15_95_5m,5m,15,95,Stop-and-Reverse (SAR),10000.0,4377.14,-5622.86,-56.23,-9.13,60.59,-2.37,-3.16,-1.34,21.8,0.8,-0.09,834,5.2,10.08,-5.97,99.6,83.4,8340.0,0,6,-16.15,-9.5,-14.03,-4.82,-17.33,-14.74
EMA_SAR_15_165_5m,5m,15,165,Stop-and-Reverse (SAR),10000.0,4373.69,-5626.31,-56.26,-9.16,60.9,-2.41,-3.17,-1.33,21.5,0.77,-0.11,634,6.8,14.74,-5.13,99.4,63.4,6340.0,0,6,-5.26,-6.92,-27.63,-11.33,-19.79,-3.64
EMA_SAR_25_110_5m,5m,25,110,Stop-and-Reverse (SAR),10000.0,4371.95,-5628.05,-56.28,-9.18,59.74,-2.41,-3.17,-1.36,22.2,0.79,-0.12,626,6.9,15.75,-5.97,99.6,62.6,6260.0,0,6,-7.13,-4.9,-19.28,-4.1,-25.74,-13.88
EMA_SAR_65_75_5m,5m,65,75,Stop-and-Reverse (SAR),10000.0,4370.04,-5629.96,-56.3,-9.2,63.04,-2.4,-3.14,-1.29,23.5,0.79,-0.15,498,8.7,18.38,-6.48,99.7,49.8,4980.0,1,5,-4.01,2.55,-19.99,-8.66,-25.65,-18.3
EMA_SAR_35_115_5m,5m,35,115,Stop-and-Reverse (SAR),10000.0,4366.56,-5633.44,-56.33,-9.23,59.27,-2.43,-3.19,-1.37,23.5,0.77,-0.13,532,8.1,23.34,-5.79,99.6,53.2,5320.0,0,6,-8.0,-5.01,-21.02,-2.0,-23.98,-15.07
EMA_SAR_10_140_5m,5m,10,140,Stop-and-Reverse (SAR),10000.0,4357.0,-5643.0,-56.43,-9.33,59.81,-2.42,-3.24,-1.36,19.0,0.79,-0.08,820,5.3,16.23,-5.03,99.5,82.0,8200.0,1,5,-11.1,2.27,-27.89,-7.59,-15.71,-14.69
EMA_SAR_20_90_5m,5m,20,90,Stop-and-Reverse (SAR),10000.0,4346.93,-5653.07,-56.53,-9.43,59.77,-2.39,-3.18,-1.36,22.3,0.8,-0.09,761,5.7,10.04,-5.97,99.7,76.1,7610.0,0,6,-9.16,-12.19,-14.76,-4.48,-17.87,-18.51
EMA_SAR_20_135_5m,5m,20,135,Stop-and-Reverse (SAR),10000.0,4339.59,-5660.41,-56.6,-9.5,60.11,-2.43,-3.21,-1.35,21.2,0.78,-0.11,632,6.8,15.7,-5.13,99.5,63.2,6320.0,0,6,-8.48,-7.72,-16.88,-4.62,-22.64,-16.23
EMA_SAR_30_75_5m,5m,30,75,Stop-and-Reverse (SAR),10000.0,4328.62,-5671.38,-56.71,-9.61,59.89,-2.4,-3.18,-1.36,23.0,0.8,-0.11,704,6.2,9.64,-6.26,99.7,70.4,7040.0,0,6,-7.87,-11.4,-18.96,-1.63,-17.72,-19.14
EMA_SAR_20_105_5m,5m,20,105,Stop-and-Reverse (SAR),10000.0,4327.01,-5672.99,-56.73,-9.63,61.15,-2.42,-3.2,-1.33,21.9,0.8,-0.11,686,6.3,11.07,-5.97,99.6,68.6,6860.0,0,6,-5.54,-6.4,-18.33,-8.49,-17.95,-20.19
EMA_SAR_15_125_5m,5m,15,125,Stop-and-Reverse (SAR),10000.0,4311.84,-5688.16,-56.88,-9.78,60.28,-2.45,-3.26,-1.35,20.3,0.8,-0.1,728,5.9,16.24,-5.27,99.5,72.8,7280.0,1,5,-8.91,2.96,-22.52,-10.31,-20.61,-16.68
EMA_SAR_60_65_5m,5m,60,65,Stop-and-Reverse (SAR),10000.0,4306.33,-5693.67,-56.94,-9.84,60.69,-2.44,-3.21,-1.35,23.9,0.79,-0.14,522,8.3,18.42,-6.77,99.8,52.2,5220.0,0,6,-7.19,-2.87,-19.11,-2.42,-23.83,-20.55
EMA_SAR_20_125_5m,5m,20,125,Stop-and-Reverse (SAR),10000.0,4299.67,-5700.33,-57.0,-9.9,59.66,-2.46,-3.26,-1.37,21.8,0.78,-0.11,656,6.6,15.7,-5.27,99.5,65.6,6560.0,0,6,-9.37,-7.83,-19.4,-5.55,-22.52,-12.73
EMA_SAR_20_130_5m,5m,20,130,Stop-and-Reverse (SAR),10000.0,4286.58,-5713.42,-57.13,-10.03,60.81,-2.47,-3.27,-1.35,21.0,0.78,-0.11,634,6.8,15.7,-5.27,99.5,63.4,6340.0,0,6,-8.06,-11.13,-17.51,-4.89,-23.03,-13.13
EMA_SAR_10_185_5m,5m,10,185,Stop-and-Reverse (SAR),10000.0,4283.66,-5716.34,-57.16,-10.06,61.71,-2.5,-3.31,-1.33,18.2,0.77,-0.1,708,6.1,15.31,-3.09,99.3,70.8,7080.0,0,6,-5.47,-9.07,-23.55,-16.02,-17.92,-5.42
EMA_SAR_20_115_5m,5m,20,115,Stop-and-Reverse (SAR),10000.0,4278.62,-5721.38,-57.21,-10.11,62.71,-2.48,-3.28,-1.31,21.1,0.79,-0.11,692,6.2,15.75,-5.97,99.6,69.2,6920.0,0,6,-2.03,-5.56,-20.0,-12.38,-23.43,-13.84
EMA_SAR_35_65_5m,5m,35,65,Stop-and-Reverse (SAR),10000.0,4270.1,-5729.9,-57.3,-10.2,60.3,-2.45,-3.23,-1.36,22.9,0.8,-0.11,720,6.0,10.09,-6.26,99.8,72.0,7200.0,1,5,-8.88,-15.0,-19.23,3.21,-15.53,-21.72
EMA_SAR_10_150_5m,5m,10,150,Stop-and-Reverse (SAR),10000.0,4259.73,-5740.27,-57.4,-10.3,60.29,-2.5,-3.34,-1.36,19.6,0.78,-0.1,782,5.5,15.75,-4.97,99.4,78.2,7820.0,0,6,-8.7,-4.09,-28.73,-10.13,-14.83,-10.83
EMA_SAR_30_110_5m,5m,30,110,Stop-and-Reverse (SAR),10000.0,4255.92,-5744.08,-57.44,-10.34,60.1,-2.49,-3.28,-1.37,22.3,0.78,-0.13,578,7.5,14.74,-5.97,99.6,57.8,5780.0,0,6,-9.92,-9.32,-13.97,-2.87,-26.22,-15.47
EMA_SAR_5_10_30m,30m,5,10,Stop-and-Reverse (SAR),10000.0,4254.88,-5745.12,-57.45,-10.35,62.05,-2.5,-3.61,-1.32,23.1,0.8,-0.1,774,5.6,10.58,-6.51,99.8,77.4,7740.0,0,6,-7.7,-17.03,-14.08,-8.46,-15.74,-16.15
EMA_SAR_55_75_5m,5m,55,75,Stop-and-Reverse (SAR),10000.0,4249.36,-5750.64,-57.51,-10.41,60.28,-2.49,-3.26,-1.36,23.9,0.78,-0.14,518,8.4,18.12,-6.77,99.7,51.8,5180.0,0,6,-9.79,-6.21,-14.02,-4.26,-23.8,-19.93
EMA_SAR_40_110_5m,5m,40,110,Stop-and-Reverse (SAR),10000.0,4248.97,-5751.03,-57.51,-10.41,60.9,-2.52,-3.3,-1.35,23.3,0.77,-0.15,502,8.6,23.7,-5.79,99.6,50.2,5020.0,1,5,-8.8,0.14,-19.43,-5.14,-25.0,-18.84
EMA_SAR_5_200_5m,5m,5,200,Stop-and-Reverse (SAR),10000.0,4244.08,-5755.92,-57.56,-10.46,65.01,-2.53,-3.38,-1.27,15.8,0.78,-0.08,928,4.6,16.27,-4.63,99.2,92.8,9280.0,0,6,-0.51,-8.79,-24.38,-22.61,-17.46,-3.18
EMA_SAR_60_80_5m,5m,60,80,Stop-and-Reverse (SAR),10000.0,4238.93,-5761.07,-57.61,-10.51,63.96,-2.5,-3.27,-1.29,23.3,0.78,-0.15,498,8.7,18.38,-6.48,99.7,49.8,4980.0,1,5,-3.7,0.53,-21.05,-9.48,-24.9,-18.43
EMA_SAR_50_65_5m,5m,50,65,Stop-and-Reverse (SAR),10000.0,4237.14,-5762.86,-57.63,-10.53,60.47,-2.48,-3.26,-1.36,23.9,0.78,-0.13,594,7.3,10.39,-6.26,99.8,59.4,5940.0,1,5,-10.46,-8.17,-20.67,0.73,-20.69,-18.69
EMA_SAR_15_120_5m,5m,15,120,Stop-and-Reverse (SAR),10000.0,4234.82,-5765.18,-57.65,-10.55,60.11,-2.51,-3.34,-1.37,20.3,0.79,-0.1,754,5.7,15.55,-5.27,99.5,75.4,7540.0,0,6,-10.51,-0.85,-21.19,-11.54,-19.9,-14.53
EMA_SAR_55_85_5m,5m,55,85,Stop-and-Reverse (SAR),10000.0,4229.29,-5770.71,-57.71,-10.61,63.13,-2.51,-3.28,-1.3,23.5,0.78,-0.15,510,8.5,18.38,-6.48,99.7,51.0,5100.0,1,5,-6.0,0.24,-20.0,-7.84,-24.42,-19.47
EMA_SAR_30_85_5m,5m,30,85,Stop-and-Reverse (SAR),10000.0,4226.19,-5773.81,-57.74,-10.64,60.76,-2.49,-3.28,-1.36,22.9,0.78,-0.11,652,6.6,10.97,-6.26,99.7,65.2,6520.0,0,6,-7.63,-15.13,-17.08,-8.07,-19.38,-12.28
EMA_SAR_30_125_5m,5m,30,125,Stop-and-Reverse (SAR),10000.0,4223.71,-5776.29,-57.76,-10.66,60.63,-2.54,-3.34,-1.36,22.6,0.76,-0.12,544,7.9,23.34,-5.79,99.5,54.4,5440.0,0,6,-7.39,-11.22,-19.18,-3.66,-24.45,-12.66
EMA_SAR_55_60_5m,5m,55,60,Stop-and-Reverse (SAR),10000.0,4212.35,-5787.65,-57.88,-10.78,60.8,-2.5,-3.29,-1.36,23.9,0.78,-0.13,590,7.3,10.39,-6.26,99.8,59.0,5900.0,0,6,-9.63,-9.5,-20.5,-0.27,-19.65,-19.16
EMA_SAR_35_70_5m,5m,35,70,Stop-and-Reverse (SAR),10000.0,4211.46,-5788.54,-57.89,-10.79,61.15,-2.49,-3.29,-1.35,22.8,0.79,-0.11,674,6.4,9.73,-6.26,99.7,67.4,6740.0,1,5,-9.11,-13.15,-20.32,0.85,-14.7,-22.16
EMA_SAR_15_170_5m,5m,15,170,Stop-and-Reverse (SAR),10000.0,4205.64,-5794.36,-57.94,-10.84,61.45,-2.57,-3.4,-1.34,19.7,0.75,-0.12,634,6.8,22.87,-3.85,99.3,63.4,6340.0,1,5,-8.17,-12.01,-22.42,-16.17,-20.36,0.48
EMA_SAR_15_150_5m,5m,15,150,Stop-and-Reverse (SAR),10000.0,4202.75,-5797.25,-57.97,-10.87,62.38,-2.54,-3.37,-1.32,21.1,0.78,-0.11,682,6.3,15.7,-5.13,99.4,68.2,6820.0,0,6,-9.64,-0.52,-24.73,-10.63,-18.35,-14.88
EMA_SAR_30_80_5m,5m,30,80,Stop-and-Reverse (SAR),10000.0,4181.79,-5818.21,-58.18,-11.08,61.02,-2.52,-3.32,-1.36,23.2,0.79,-0.11,668,6.5,9.73,-6.26,99.7,66.8,6680.0,0,6,-7.63,-14.05,-17.49,-4.49,-16.72,-19.74
EMA_SAR_40_60_5m,5m,40,60,Stop-and-Reverse (SAR),10000.0,4179.07,-5820.93,-58.21,-11.11,61.0,-2.51,-3.32,-1.36,23.6,0.79,-0.11,690,6.3,10.09,-6.26,99.8,69.0,6900.0,1,5,-10.29,-15.97,-18.76,4.07,-14.79,-23.05
EMA_SAR_25_150_5m,5m,25,150,Stop-and-Reverse (SAR),10000.0,4169.69,-5830.31,-58.3,-11.2,60.39,-2.59,-3.41,-1.37,21.3,0.75,-0.14,534,8.1,23.71,-5.85,99.4,53.4,5340.0,0,6,-11.33,-11.74,-17.19,-5.37,-25.16,-9.15
EMA_SAR_25_95_5m,5m,25,95,Stop-and-Reverse (SAR),10000.0,4170.37,-5829.63,-58.3,-11.2,61.31,-2.54,-3.35,-1.35,22.2,0.78,-0.12,668,6.5,10.65,-5.97,99.6,66.8,6680.0,0,6,-6.94,-11.3,-18.65,-10.09,-18.84,-14.89
EMA_SAR_20_85_5m,5m,20,85,Stop-and-Reverse (SAR),10000.0,4169.55,-5830.45,-58.3,-11.2,61.68,-2.52,-3.35,-1.34,22.3,0.79,-0.1,780,5.6,10.04,-5.97,99.7,78.0,7800.0,0,6,-10.85,-14.06,-17.61,-5.49,-14.9,-17.88
EMA_SAR_15_160_5m,5m,15,160,Stop-and-Reverse (SAR),10000.0,4166.59,-5833.41,-58.33,-11.23,61.5,-2.57,-3.39,-1.35,20.9,0.76,-0.11,660,6.5,14.74,-5.13,99.4,66.0,6600.0,0,6,-8.22,-8.13,-25.71,-12.43,-20.4,-4.58
EMA_SAR_50_80_5m,5m,50,80,Stop-and-Reverse (SAR),10000.0,4166.46,-5833.54,-58.34,-11.24,60.95,-2.55,-3.34,-1.36,23.7,0.77,-0.15,518,8.4,18.12,-6.77,99.7,51.8,5180.0,0,6,-8.94,-7.95,-14.97,-4.47,-23.29,-20.24
EMA_SAR_15_90_5m,5m,15,90,Stop-and-Reverse (SAR),10000.0,4164.54,-5835.46,-58.35,-11.25,62.62,-2.53,-3.37,-1.32,21.0,0.8,-0.08,875,4.9,10.08,-5.97,99.7,87.5,8750.0,0,6,-13.83,-9.64,-18.56,-6.76,-16.95,-15.19
EMA_SAR_25_80_5m,5m,25,80,Stop-and-Reverse (SAR),10000.0,4162.82,-5837.18,-58.37,-11.27,61.31,-2.53,-3.35,-1.35,22.8,0.79,-0.11,744,5.8,10.1,-6.26,99.7,74.4,7440.0,0,6,-8.76,-15.69,-18.27,-3.87,-17.76,-16.26
EMA_SAR_25_100_5m,5m,25,100,Stop-and-Reverse (SAR),10000.0,4154.41,-5845.59,-58.46,-11.36,61.63,-2.55,-3.37,-1.35,21.8,0.79,-0.12,662,6.5,10.84,-5.97,99.6,66.2,6620.0,0,6,-6.66,-7.61,-19.0,-9.34,-22.19,-15.69
EMA_SAR_40_105_5m,5m,40,105,Stop-and-Reverse (SAR),10000.0,4149.27,-5850.73,-58.51,-11.41,61.35,-2.59,-3.41,-1.35,22.8,0.77,-0.15,522,8.3,23.34,-6.48,99.6,52.2,5220.0,0,6,-10.0,-1.32,-22.15,-2.59,-25.4,-17.42
EMA_SAR_20_110_5m,5m,20,110,Stop-and-Reverse (SAR),10000.0,4149.08,-5850.92,-58.51,-11.41,63.36,-2.57,-3.42,-1.31,21.1,0.79,-0.11,686,6.3,15.55,-5.97,99.6,68.6,6860.0,0,6,-5.51,-5.12,-19.52,-11.69,-20.87,-17.72
EMA_SAR_25_75_5m,5m,25,75,Stop-and-Reverse (SAR),10000.0,4146.72,-5853.28,-58.53,-11.43,61.79,-2.54,-3.37,-1.34,22.4,0.79,-0.1,778,5.6,10.1,-6.26,99.7,77.8,7780.0,0,6,-7.79,-17.1,-22.18,-2.42,-13.04,-17.84
EMA_SAR_30_70_5m,5m,30,70,Stop-and-Reverse (SAR),10000.0,4145.93,-5854.07,-58.54,-11.44,62.1,-2.54,-3.37,-1.34,22.3,0.8,-0.11,750,5.8,10.0,-6.26,99.7,75.0,7500.0,0,6,-8.29,-16.38,-18.87,-1.55,-14.76,-20.6
EMA_SAR_30_115_5m,5m,30,115,Stop-and-Reverse (SAR),10000.0,4137.64,-5862.36,-58.62,-11.52,61.0,-2.6,-3.43,-1.36,21.6,0.76,-0.13,582,7.4,22.87,-5.97,99.6,58.2,5820.0,0,6,-11.21,-10.45,-15.64,-3.31,-24.86,-15.1
EMA_SAR_35_120_5m,5m,35,120,Stop-and-Reverse (SAR),10000.0,4137.12,-5862.88,-58.63,-11.53,61.4,-2.61,-3.42,-1.35,23.4,0.76,-0.15,518,8.3,23.7,-5.79,99.5,51.8,5180.0,0,6,-8.66,-6.83,-22.05,-6.71,-22.97,-13.22
EMA_SAR_40_65_5m,5m,40,65,Stop-and-Reverse (SAR),10000.0,4131.06,-5868.94,-58.69,-11.59,61.6,-2.56,-3.38,-1.35,23.4,0.79,-0.12,658,6.6,9.76,-6.26,99.8,65.8,6580.0,0,6,-8.38,-11.24,-20.49,-0.84,-14.33,-24.8
EMA_SAR_20_155_5m,5m,20,155,Stop-and-Reverse (SAR),10000.0,4125.35,-5874.65,-58.75,-11.65,61.13,-2.62,-3.45,-1.36,21.6,0.75,-0.14,580,7.4,23.34,-5.85,99.4,58.0,5800.0,0,6,-13.36,-12.65,-20.02,-6.67,-24.06,-3.84
EMA_SAR_35_80_5m,5m,35,80,Stop-and-Reverse (SAR),10000.0,4124.3,-5875.7,-58.76,-11.66,60.92,-2.57,-3.38,-1.37,22.5,0.78,-0.13,630,6.9,10.65,-6.26,99.7,63.0,6300.0,0,6,-10.39,-11.48,-19.35,-0.3,-22.3,-16.78
EMA_SAR_15_155_5m,5m,15,155,Stop-and-Reverse (SAR),10000.0,4122.99,-5877.01,-58.77,-11.67,62.37,-2.6,-3.43,-1.33,20.7,0.76,-0.12,658,6.6,14.74,-5.13,99.4,65.8,6580.0,0,6,-8.58,-7.6,-22.68,-12.6,-19.31,-10.49
EMA_SAR_10_155_5m,5m,10,155,Stop-and-Reverse (SAR),10000.0,4108.25,-5891.75,-58.92,-11.82,62.68,-2.62,-3.5,-1.33,19.1,0.78,-0.1,786,5.5,15.75,-4.96,99.4,78.6,7860.0,0,6,-8.54,-3.39,-28.81,-12.62,-16.97,-9.98
EMA_SAR_40_75_5m,5m,40,75,Stop-and-Reverse (SAR),10000.0,4108.36,-5891.64,-58.92,-11.82,61.59,-2.58,-3.4,-1.35,23.7,0.78,-0.13,608,7.1,10.74,-6.26,99.7,60.8,6080.0,1,5,-9.4,-8.24,-22.97,1.3,-22.3,-18.5
EMA_SAR_25_145_5m,5m,25,145,Stop-and-Reverse (SAR),10000.0,4092.9,-5907.1,-59.07,-11.97,61.24,-2.65,-3.47,-1.36,22.7,0.74,-0.14,550,7.9,23.34,-5.85,99.4,55.0,5500.0,0,6,-11.35,-14.78,-17.12,-4.86,-22.77,-11.05
EMA_SAR_10_120_5m,5m,10,120,Stop-and-Reverse (SAR),10000.0,4089.59,-5910.41,-59.1,-12.0,62.72,-2.61,-3.51,-1.33,19.1,0.79,-0.09,920,4.7,16.07,-5.27,99.5,92.0,9200.0,0,6,-10.31,-3.58,-24.38,-15.26,-16.8,-11.3
EMA_SAR_45_70_5m,5m,45,70,Stop-and-Reverse (SAR),10000.0,4075.36,-5924.64,-59.25,-12.15,62.22,-2.61,-3.43,-1.34,23.5,0.78,-0.13,600,7.2,10.64,-6.26,99.7,60.0,6000.0,1,5,-8.09,-9.6,-22.44,1.08,-23.02,-18.74
EMA_SAR_10_145_5m,5m,10,145,Stop-and-Reverse (SAR),10000.0,4073.76,-5926.24,-59.26,-12.16,62.52,-2.64,-3.54,-1.34,19.3,0.78,-0.09,820,5.3,15.75,-4.97,99.4,82.0,8200.0,1,5,-9.39,0.33,-30.48,-9.48,-15.94,-15.3
EMA_SAR_20_140_5m,5m,20,140,Stop-and-Reverse (SAR),10000.0,4068.85,-5931.15,-59.31,-12.21,61.72,-2.65,-3.48,-1.36,21.3,0.76,-0.13,620,7.0,14.74,-5.13,99.5,62.0,6200.0,0,6,-7.78,-12.38,-14.89,-10.65,-21.85,-15.26
EMA_SAR_60_75_5m,5m,60,75,Stop-and-Reverse (SAR),10000.0,4066.75,-5933.25,-59.33,-12.23,63.03,-2.63,-3.45,-1.33,24.2,0.77,-0.16,504,8.6,18.43,-6.48,99.7,50.4,5040.0,0,6,-8.22,-2.68,-17.17,-7.5,-24.65,-21.13
EMA_SAR_10_180_5m,5m,10,180,Stop-and-Reverse (SAR),10000.0,4046.13,-5953.87,-59.54,-12.44,63.21,-2.68,-3.56,-1.33,18.5,0.76,-0.11,742,5.8,14.74,-3.53,99.3,74.2,7420.0,0,6,-6.65,-7.91,-27.22,-16.13,-18.85,-5.0
EMA_SAR_30_65_5m,5m,30,65,Stop-and-Reverse (SAR),10000.0,4037.31,-5962.69,-59.63,-12.53,63.17,-2.62,-3.48,-1.33,22.3,0.79,-0.1,762,5.7,10.03,-6.26,99.8,76.2,7620.0,1,5,-9.97,-12.24,-24.61,0.45,-14.96,-20.66
EMA_SAR_15_115_5m,5m,15,115,Stop-and-Reverse (SAR),10000.0,4024.73,-5975.27,-59.75,-12.65,62.32,-2.66,-3.55,-1.35,20.5,0.78,-0.1,780,5.5,15.38,-5.27,99.6,78.0,7800.0,0,6,-11.47,-6.55,-17.58,-12.53,-19.76,-15.91
EMA_SAR_25_130_5m,5m,25,130,Stop-and-Reverse (SAR),10000.0,4020.45,-5979.55,-59.8,-12.7,62.32,-2.7,-3.56,-1.35,22.3,0.75,-0.14,570,7.6,22.87,-5.27,99.5,57.0,5700.0,0,6,-13.04,-10.37,-13.43,-4.84,-25.31,-16.17
EMA_SAR_10_160_5m,5m,10,160,Stop-and-Reverse (SAR),10000.0,4016.48,-5983.52,-59.84,-12.74,64.39,-2.69,-3.59,-1.31,18.9,0.77,-0.1,782,5.5,15.7,-4.96,99.4,78.2,7820.0,0,6,-6.45,-5.19,-29.31,-11.13,-19.16,-10.83
EMA_SAR_15_145_5m,5m,15,145,Stop-and-Reverse (SAR),10000.0,4011.58,-5988.42,-59.88,-12.78,63.97,-2.69,-3.57,-1.32,20.5,0.77,-0.12,694,6.2,15.7,-5.03,99.4,69.4,6940.0,0,6,-9.16,-3.4,-23.37,-5.3,-18.11,-23.07
EMA_SAR_25_60_5m,5m,25,60,Stop-and-Reverse (SAR),10000.0,4007.15,-5992.85,-59.93,-12.83,63.73,-2.65,-3.53,-1.32,22.0,0.79,-0.1,864,5.0,10.63,-6.26,99.8,86.4,8640.0,0,6,-15.66,-5.34,-25.64,-5.74,-14.2,-16.54
EMA_SAR_25_55_5m,5m,25,55,Stop-and-Reverse (SAR),10000.0,4005.43,-5994.57,-59.95,-12.85,62.68,-2.65,-3.54,-1.34,22.2,0.79,-0.09,908,4.8,10.62,-6.26,99.8,90.8,9080.0,0,6,-14.9,-8.66,-24.73,-8.55,-11.52,-15.4
EMA_SAR_20_150_5m,5m,20,150,Stop-and-Reverse (SAR),10000.0,3999.45,-6000.55,-60.01,-12.91,62.21,-2.72,-3.58,-1.35,21.8,0.74,-0.13,592,7.3,22.87,-5.85,99.4,59.2,5920.0,0,6,-12.31,-16.55,-18.16,-5.89,-22.16,-8.85
EMA_SAR_30_135_5m,5m,30,135,Stop-and-Reverse (SAR),10000.0,3996.64,-6003.36,-60.03,-12.93,62.4,-2.72,-3.57,-1.35,22.5,0.75,-0.15,534,8.1,23.7,-5.48,99.5,53.4,5340.0,0,6,-7.73,-12.81,-18.2,-6.13,-23.38,-15.57
EMA_SAR_20_80_5m,5m,20,80,Stop-and-Reverse (SAR),10000.0,3968.55,-6031.45,-60.31,-13.21,63.33,-2.68,-3.56,-1.33,21.6,0.79,-0.1,824,5.3,10.07,-5.97,99.7,82.4,8240.0,0,6,-11.56,-14.84,-18.64,-7.16,-13.64,-19.22
EMA_SAR_30_130_5m,5m,30,130,Stop-and-Reverse (SAR),10000.0,3968.74,-6031.26,-60.31,-13.21,62.54,-2.75,-3.61,-1.35,22.5,0.75,-0.15,534,8.1,23.34,-5.54,99.5,53.4,5340.0,0,6,-8.36,-9.31,-21.48,-4.1,-24.43,-16.09
EMA_SAR_35_75_5m,5m,35,75,Stop-and-Reverse (SAR),10000.0,3953.41,-6046.59,-60.47,-13.37,63.22,-2.7,-3.55,-1.34,23.2,0.78,-0.13,650,6.7,9.76,-6.26,99.7,65.0,6500.0,0,6,-9.09,-14.29,-18.0,-3.48,-18.13,-21.7
EMA_SAR_15_135_5m,5m,15,135,Stop-and-Reverse (SAR),10000.0,3944.5,-6055.5,-60.55,-13.45,62.98,-2.74,-3.64,-1.34,20.7,0.77,-0.12,716,6.0,15.75,-4.96,99.5,71.6,7160.0,0,6,-10.2,-6.17,-23.49,-5.27,-20.73,-18.51
EMA_SAR_45_60_5m,5m,45,60,Stop-and-Reverse (SAR),10000.0,3943.44,-6056.56,-60.57,-13.47,63.15,-2.71,-3.57,-1.34,22.9,0.78,-0.12,654,6.6,9.58,-6.26,99.8,65.4,6540.0,1,5,-10.41,-11.91,-19.53,0.26,-14.98,-27.16
EMA_SAR_25_135_5m,5m,25,135,Stop-and-Reverse (SAR),10000.0,3931.33,-6068.67,-60.69,-13.59,63.06,-2.78,-3.65,-1.34,21.0,0.75,-0.14,580,7.5,22.87,-5.85,99.5,58.0,5800.0,0,6,-12.77,-10.76,-16.13,-4.9,-23.22,-17.54
EMA_SAR_25_140_5m,5m,25,140,Stop-and-Reverse (SAR),10000.0,3911.56,-6088.44,-60.88,-13.78,62.82,-2.79,-3.67,-1.35,22.2,0.74,-0.14,568,7.6,23.34,-5.85,99.5,56.8,5680.0,0,6,-12.27,-11.12,-17.79,-5.99,-23.4,-15.27
EMA_SAR_15_85_5m,5m,15,85,Stop-and-Reverse (SAR),10000.0,3910.38,-6089.62,-60.9,-13.8,64.29,-2.73,-3.64,-1.32,20.6,0.79,-0.09,913,4.7,10.08,-5.97,99.7,91.3,9130.0,0,6,-14.04,-9.67,-20.53,-9.44,-13.11,-19.47
EMA_SAR_15_130_5m,5m,15,130,Stop-and-Reverse (SAR),10000.0,3892.38,-6107.62,-61.08,-13.98,63.51,-2.79,-3.7,-1.34,20.3,0.77,-0.12,724,6.0,15.75,-5.27,99.5,72.4,7240.0,0,6,-10.79,-3.71,-25.19,-8.14,-19.68,-17.91
EMA_SAR_5_195_5m,5m,5,195,Stop-and-Reverse (SAR),10000.0,3867.91,-6132.09,-61.32,-14.22,68.97,-2.83,-3.77,-1.24,15.8,0.77,-0.09,942,4.6,16.27,-4.63,99.3,94.2,9420.0,1,5,2.94,-14.07,-25.43,-25.18,-18.82,-3.46
EMA_SAR_20_145_5m,5m,20,145,Stop-and-Reverse (SAR),10000.0,3868.47,-6131.53,-61.32,-14.22,63.7,-2.83,-3.73,-1.34,21.1,0.74,-0.14,608,7.1,22.87,-5.13,99.4,60.8,6080.0,0,6,-10.03,-14.12,-18.68,-8.54,-22.67,-12.95
EMA_SAR_65_70_5m,5m,65,70,Stop-and-Reverse (SAR),10000.0,3854.24,-6145.76,-61.46,-14.36,64.05,-2.81,-3.68,-1.33,24.2,0.76,-0.17,504,8.6,18.43,-6.48,99.7,50.4,5040.0,0,6,-10.17,-6.2,-16.97,-7.6,-23.85,-21.7
EMA_SAR_45_50_5m,5m,45,50,Stop-and-Reverse (SAR),10000.0,3843.6,-6156.4,-61.56,-14.46,64.55,-2.78,-3.67,-1.32,22.9,0.78,-0.11,739,5.9,10.09,-6.26,99.8,73.9,7390.0,1,5,-12.8,-15.53,-24.96,3.24,-13.54,-22.09
EMA_SAR_25_65_5m,5m,25,65,Stop-and-Reverse (SAR),10000.0,3844.18,-6155.82,-61.56,-14.46,65.5,-2.78,-3.7,-1.3,22.1,0.78,-0.1,834,5.2,10.07,-6.26,99.8,83.4,8340.0,0,6,-16.5,-13.47,-24.08,-2.9,-13.26,-16.79
EMA_SAR_25_70_5m,5m,25,70,Stop-and-Reverse (SAR),10000.0,3839.51,-6160.49,-61.6,-14.5,64.73,-2.78,-3.7,-1.32,22.1,0.77,-0.11,806,5.4,10.13,-6.26,99.7,80.6,8060.0,0,6,-16.36,-13.98,-21.54,-6.16,-11.64,-17.98
EMA_SAR_45_55_5m,5m,45,55,Stop-and-Reverse (SAR),10000.0,3818.93,-6181.07,-61.81,-14.71,64.23,-2.81,-3.7,-1.33,22.9,0.78,-0.12,682,6.4,9.76,-6.26,99.8,68.2,6820.0,1,5,-10.04,-11.72,-21.73,2.33,-15.18,-29.22
EMA_SAR_45_65_5m,5m,45,65,Stop-and-Reverse (SAR),10000.0,3808.16,-6191.84,-61.92,-14.82,64.02,-2.82,-3.71,-1.34,23.3,0.77,-0.14,634,6.8,11.02,-6.26,99.8,63.4,6340.0,1,5,-9.71,-9.97,-21.42,0.55,-22.02,-23.97
EMA_SAR_5_165_5m,5m,5,165,Stop-and-Reverse (SAR),10000.0,3794.46,-6205.54,-62.06,-14.96,66.44,-2.88,-3.88,-1.29,17.2,0.78,-0.08,1012,4.3,16.23,-4.85,99.4,101.2,10120.0,0,6,-5.43,-9.53,-26.08,-15.14,-14.31,-17.49
EMA_SAR_30_60_5m,5m,30,60,Stop-and-Reverse (SAR),10000.0,3784.54,-6215.46,-62.15,-15.05,65.82,-2.83,-3.76,-1.31,21.9,0.77,-0.11,802,5.4,10.13,-6.26,99.8,80.2,8020.0,0,6,-16.33,-11.67,-25.88,-3.42,-13.21,-17.58
EMA_SAR_15_80_5m,5m,15,80,Stop-and-Reverse (SAR),10000.0,3777.45,-6222.55,-62.23,-15.13,64.55,-2.84,-3.79,-1.33,20.7,0.78,-0.09,936,4.6,10.58,-5.97,99.7,93.6,9360.0,0,6,-19.05,-10.83,-19.24,-8.4,-10.44,-21.01
EMA_SAR_50_60_5m,5m,50,60,Stop-and-Reverse (SAR),10000.0,3771.0,-6229.0,-62.29,-15.19,64.62,-2.85,-3.75,-1.33,23.1,0.77,-0.14,628,6.9,11.02,-6.26,99.8,62.8,6280.0,0,6,-10.67,-11.55,-22.32,-0.4,-20.71,-22.2
EMA_SAR_30_40_5m,5m,30,40,Stop-and-Reverse (SAR),10000.0,3768.48,-6231.52,-62.32,-15.22,64.29,-2.83,-3.78,-1.34,23.4,0.79,-0.09,991,4.4,10.95,-6.26,99.8,99.1,9910.0,0,6,-13.33,-12.83,-15.87,-13.07,-14.94,-19.81
EMA_SAR_20_70_5m,5m,20,70,Stop-and-Reverse (SAR),10000.0,3766.23,-6233.77,-62.34,-15.24,65.95,-2.85,-3.8,-1.3,21.2,0.79,-0.1,888,4.9,10.64,-5.97,99.7,88.8,8880.0,0,6,-12.41,-10.02,-23.19,-12.41,-13.41,-17.97
EMA_SAR_20_65_5m,5m,20,65,Stop-and-Reverse (SAR),10000.0,3757.31,-6242.69,-62.43,-15.33,65.27,-2.85,-3.81,-1.32,21.6,0.79,-0.1,926,4.7,10.64,-5.97,99.8,92.6,9260.0,0,6,-14.81,-5.11,-25.5,-8.81,-13.58,-20.83
EMA_SAR_50_55_5m,5m,50,55,Stop-and-Reverse (SAR),10000.0,3754.66,-6245.34,-62.45,-15.35,64.89,-2.86,-3.77,-1.33,23.0,0.77,-0.13,644,6.7,9.58,-6.26,99.8,64.4,6440.0,1,5,-13.19,-14.61,-20.13,2.01,-16.03,-25.97
EMA_SAR_40_55_5m,5m,40,55,Stop-and-Reverse (SAR),10000.0,3722.52,-6277.48,-62.77,-15.67,65.64,-2.88,-3.81,-1.32,22.7,0.77,-0.12,746,5.8,10.09,-6.26,99.8,74.6,7460.0,1,5,-10.85,-18.07,-24.74,1.79,-13.47,-23.12
EMA_SAR_35_40_5m,5m,35,40,Stop-and-Reverse (SAR),10000.0,3708.07,-6291.93,-62.92,-15.82,65.3,-2.89,-3.87,-1.32,22.2,0.79,-0.1,931,4.7,10.62,-6.26,99.8,93.1,9310.0,0,6,-11.81,-9.07,-23.89,-10.0,-14.79,-20.77
EMA_SAR_35_60_5m,5m,35,60,Stop-and-Reverse (SAR),10000.0,3704.52,-6295.48,-62.95,-15.85,65.65,-2.9,-3.84,-1.32,22.1,0.77,-0.11,764,5.7,10.0,-6.26,99.8,76.4,7640.0,1,5,-12.51,-16.12,-23.51,3.27,-15.16,-24.68
EMA_SAR_35_50_5m,5m,35,50,Stop-and-Reverse (SAR),10000.0,3693.66,-6306.34,-63.06,-15.96,66.65,-2.91,-3.86,-1.3,22.6,0.77,-0.11,815,5.3,10.69,-6.26,99.8,81.5,8150.0,0,6,-18.28,-10.86,-22.34,-6.11,-15.14,-18.05
EMA_SAR_40_70_5m,5m,40,70,Stop-and-Reverse (SAR),10000.0,3675.85,-6324.15,-63.24,-16.14,65.25,-2.94,-3.86,-1.33,23.2,0.76,-0.14,638,6.8,11.02,-6.26,99.7,63.8,6380.0,0,6,-11.26,-10.26,-20.91,-3.09,-21.16,-23.62
EMA_SAR_10_115_5m,5m,10,115,Stop-and-Reverse (SAR),10000.0,3652.27,-6347.73,-63.48,-16.38,66.33,-2.96,-3.97,-1.31,18.8,0.76,-0.1,930,4.7,11.33,-5.27,99.6,93.0,9300.0,0,6,-16.23,-4.92,-24.79,-15.74,-18.17,-11.57
EMA_SAR_5_190_5m,5m,5,190,Stop-and-Reverse (SAR),10000.0,3644.77,-6355.23,-63.55,-16.45,68.87,-3.02,-4.04,-1.26,16.0,0.76,-0.09,964,4.5,16.32,-4.67,99.3,96.4,9640.0,0,6,-2.6,-11.26,-29.22,-24.12,-17.76,-4.54
EMA_SAR_10_165_5m,5m,10,165,Stop-and-Reverse (SAR),10000.0,3639.69,-6360.31,-63.6,-16.5,66.02,-3.02,-4.01,-1.32,18.8,0.75,-0.12,786,5.5,15.7,-4.96,99.4,78.6,7860.0,0,6,-9.07,-9.05,-31.71,-12.93,-19.06,-8.56
EMA_SAR_15_140_5m,5m,15,140,Stop-and-Reverse (SAR),10000.0,3627.97,-6372.03,-63.72,-16.62,65.83,-3.02,-4.0,-1.32,20.1,0.75,-0.13,722,6.0,15.7,-5.03,99.5,72.2,7220.0,0,6,-11.14,-8.57,-23.67,-5.43,-20.35,-22.35
EMA_SAR_30_55_5m,5m,30,55,Stop-and-Reverse (SAR),10000.0,3623.06,-6376.94,-63.77,-16.67,66.99,-2.97,-3.94,-1.3,22.8,0.77,-0.11,828,5.2,10.63,-6.26,99.8,82.8,8280.0,0,6,-17.27,-11.95,-27.43,-6.38,-13.36,-15.5
EMA_SAR_20_60_5m,5m,20,60,Stop-and-Reverse (SAR),10000.0,3622.3,-6377.7,-63.78,-16.68,66.58,-2.97,-3.97,-1.31,22.2,0.78,-0.09,972,4.5,10.57,-5.97,99.8,97.2,9720.0,0,6,-15.25,-10.22,-22.64,-10.84,-10.74,-22.68
EMA_SAR_10_175_5m,5m,10,175,Stop-and-Reverse (SAR),10000.0,3620.03,-6379.97,-63.8,-16.7,66.01,-3.04,-4.02,-1.32,18.6,0.74,-0.12,764,5.6,14.74,-4.76,99.3,76.4,7640.0,0,6,-9.66,-7.32,-27.7,-17.46,-19.37,-10.15
EMA_SAR_15_75_5m,5m,15,75,Stop-and-Reverse (SAR),10000.0,3606.95,-6393.05,-63.93,-16.83,66.36,-2.99,-4.0,-1.31,21.7,0.78,-0.1,972,4.5,10.58,-5.97,99.7,97.2,9720.0,0,6,-17.7,-4.12,-22.33,-11.86,-12.58,-23.62
EMA_SAR_40_50_5m,5m,40,50,Stop-and-Reverse (SAR),10000.0,3598.31,-6401.69,-64.02,-16.92,67.06,-2.99,-3.96,-1.3,22.7,0.77,-0.12,767,5.7,10.03,-6.26,99.8,76.7,7670.0,1,5,-12.66,-15.03,-26.8,1.3,-15.0,-23.08
EMA_SAR_10_170_5m,5m,10,170,Stop-and-Reverse (SAR),10000.0,3593.51,-6406.49,-64.06,-16.96,66.07,-3.06,-4.06,-1.32,18.9,0.74,-0.12,782,5.5,15.7,-4.85,99.3,78.2,7820.0,0,6,-9.73,-6.3,-31.71,-14.7,-19.17,-9.77
EMA_SAR_5_160_5m,5m,5,160,Stop-and-Reverse (SAR),10000.0,3592.9,-6407.1,-64.07,-16.97,68.16,-3.06,-4.12,-1.28,17.0,0.77,-0.09,1044,4.1,16.23,-4.85,99.4,104.4,10440.0,0,6,-6.34,-7.92,-28.3,-15.15,-16.21,-18.27
EMA_SAR_20_75_5m,5m,20,75,Stop-and-Reverse (SAR),10000.0,3591.55,-6408.45,-64.08,-16.98,67.45,-3.0,-3.99,-1.29,21.3,0.77,-0.1,862,5.0,10.08,-5.97,99.7,86.2,8620.0,0,6,-14.81,-15.32,-25.03,-9.93,-12.61,-15.62
EMA_SAR_35_55_5m,5m,35,55,Stop-and-Reverse (SAR),10000.0,3582.32,-6417.68,-64.18,-17.08,67.28,-3.01,-3.99,-1.3,22.5,0.77,-0.12,782,5.5,10.03,-6.26,99.8,78.2,7820.0,1,5,-14.98,-12.66,-28.34,0.46,-13.09,-22.89
EMA_SAR_5_185_5m,5m,5,185,Stop-and-Reverse (SAR),10000.0,3578.82,-6421.18,-64.21,-17.11,67.83,-3.08,-4.12,-1.29,16.3,0.75,-0.09,972,4.4,15.74,-4.76,99.3,97.2,9720.0,0,6,-6.6,-10.74,-29.68,-22.12,-16.85,-5.73
EMA_SAR_5_175_5m,5m,5,175,Stop-and-Reverse (SAR),10000.0,3570.43,-6429.57,-64.3,-17.2,66.99,-3.08,-4.14,-1.31,15.8,0.75,-0.09,1004,4.3,15.74,-4.85,99.3,100.4,10040.0,0,6,-8.72,-13.19,-26.88,-15.41,-16.75,-12.49
EMA_SAR_30_45_5m,5m,30,45,Stop-and-Reverse (SAR),10000.0,3550.34,-6449.66,-64.5,-17.4,66.73,-3.03,-4.05,-1.31,21.9,0.78,-0.1,947,4.6,10.62,-6.26,99.8,94.7,9470.0,0,6,-11.12,-10.03,-25.74,-13.18,-12.61,-21.2
EMA_SAR_5_180_5m,5m,5,180,Stop-and-Reverse (SAR),10000.0,3529.06,-6470.94,-64.71,-17.61,67.38,-3.12,-4.18,-1.3,15.7,0.75,-0.09,1004,4.3,15.74,-4.76,99.3,100.4,10040.0,0,6,-8.57,-11.59,-27.65,-22.22,-16.76,-6.8
EMA_SAR_25_45_5m,5m,25,45,Stop-and-Reverse (SAR),10000.0,3525.63,-6474.37,-64.74,-17.64,66.83,-3.04,-4.08,-1.31,23.5,0.79,-0.09,1041,4.2,9.94,-5.97,99.8,104.1,10410.0,0,6,-14.02,-9.86,-20.61,-16.51,-15.96,-18.33
EMA_SAR_40_45_5m,5m,40,45,Stop-and-Reverse (SAR),10000.0,3522.37,-6477.63,-64.78,-17.68,68.24,-3.06,-4.06,-1.29,22.7,0.76,-0.12,809,5.4,10.69,-6.26,99.8,80.9,8090.0,0,6,-17.86,-11.73,-24.44,-8.53,-12.11,-20.03
EMA_SAR_30_50_5m,5m,30,50,Stop-and-Reverse (SAR),10000.0,3521.66,-6478.34,-64.78,-17.68,67.97,-3.06,-4.08,-1.29,22.5,0.77,-0.11,877,4.9,10.62,-6.26,99.8,87.7,8770.0,0,6,-16.14,-8.46,-25.85,-9.91,-12.95,-21.1
EMA_SAR_5_170_5m,5m,5,170,Stop-and-Reverse (SAR),10000.0,3500.48,-6499.52,-65.0,-17.9,67.85,-3.14,-4.23,-1.3,16.5,0.75,-0.09,1030,4.2,15.74,-4.85,99.3,103.0,10300.0,0,6,-7.57,-15.91,-28.88,-11.9,-14.91,-15.52
EMA_SAR_10_110_5m,5m,10,110,Stop-and-Reverse (SAR),10000.0,3435.46,-6564.54,-65.65,-18.55,68.06,-3.16,-4.23,-1.3,18.5,0.76,-0.1,964,4.5,10.1,-5.27,99.6,96.4,9640.0,0,6,-17.27,-8.37,-20.8,-13.89,-18.02,-18.94
EMA_SAR_5_155_5m,5m,5,155,Stop-and-Reverse (SAR),10000.0,3418.55,-6581.45,-65.81,-18.71,69.05,-3.21,-4.33,-1.28,17.1,0.76,-0.09,1068,4.0,16.23,-4.96,99.4,106.8,10680.0,0,6,-9.51,-6.69,-31.57,-16.28,-15.08,-16.78
EMA_SAR_35_45_5m,5m,35,45,Stop-and-Reverse (SAR),10000.0,3413.27,-6586.73,-65.87,-18.77,68.97,-3.16,-4.2,-1.28,22.9,0.77,-0.11,853,5.1,10.62,-6.26,99.8,85.3,8530.0,0,6,-13.77,-12.33,-28.45,-7.85,-13.05,-21.24
EMA_SAR_15_70_5m,5m,15,70,Stop-and-Reverse (SAR),10000.0,3396.27,-6603.73,-66.04,-18.94,68.19,-3.18,-4.26,-1.3,22.2,0.78,-0.09,1022,4.2,10.57,-5.97,99.7,102.2,10220.0,0,6,-17.89,-2.81,-24.96,-12.4,-12.2,-26.27
EMA_SAR_15_65_5m,5m,15,65,Stop-and-Reverse (SAR),10000.0,3321.14,-6678.86,-66.79,-19.69,69.31,-3.25,-4.37,-1.29,22.5,0.77,-0.09,1054,4.1,10.57,-5.97,99.8,105.4,10540.0,0,6,-18.31,-13.98,-23.42,-9.17,-11.79,-22.96
EMA_SAR_20_55_5m,5m,20,55,Stop-and-Reverse (SAR),10000.0,3281.21,-6718.79,-67.19,-20.09,69.05,-3.28,-4.39,-1.3,22.8,0.77,-0.1,1028,4.2,10.95,-5.97,99.8,102.8,10280.0,0,6,-14.38,-13.88,-18.25,-19.11,-12.4,-23.19
EMA_SAR_25_50_5m,5m,25,50,Stop-and-Reverse (SAR),10000.0,3205.62,-6794.38,-67.94,-20.84,69.99,-3.35,-4.48,-1.28,21.8,0.76,-0.11,979,4.4,10.62,-6.26,99.8,97.9,9790.0,0,6,-13.64,-16.34,-23.25,-14.14,-11.74,-23.71
EMA_SAR_5_150_5m,5m,5,150,Stop-and-Reverse (SAR),10000.0,3161.56,-6838.44,-68.38,-21.28,70.81,-3.47,-4.67,-1.27,17.1,0.74,-0.09,1102,3.9,16.23,-4.96,99.4,110.2,11020.0,0,6,-10.71,-11.74,-29.45,-16.54,-15.77,-19.11
EMA_SAR_15_60_5m,5m,15,60,Stop-and-Reverse (SAR),10000.0,3067.32,-6932.68,-69.33,-22.23,70.89,-3.5,-4.71,-1.28,22.0,0.76,-0.1,1122,3.9,10.63,-5.97,99.8,112.2,11220.0,0,6,-20.84,-13.56,-22.58,-10.59,-14.89,-23.92
EMA_SAR_10_105_5m,5m,10,105,Stop-and-Reverse (SAR),10000.0,3044.49,-6955.51,-69.56,-22.46,71.56,-3.55,-4.75,-1.27,18.9,0.74,-0.11,1004,4.3,10.02,-5.27,99.6,100.4,10040.0,0,6,-17.77,-14.74,-25.91,-11.39,-17.19,-20.12
EMA_SAR_5_145_5m,5m,5,145,Stop-and-Reverse (SAR),10000.0,3025.18,-6974.82,-69.75,-22.65,71.73,-3.61,-4.86,-1.27,17.0,0.74,-0.09,1132,3.8,16.07,-4.96,99.4,113.2,11320.0,0,6,-15.26,-9.13,-30.31,-15.65,-15.58,-20.85
EMA_SAR_10_100_5m,5m,10,100,Stop-and-Reverse (SAR),10000.0,2978.62,-7021.38,-70.21,-23.11,71.93,-3.61,-4.84,-1.27,19.4,0.74,-0.11,1018,4.3,10.02,-5.27,99.6,101.8,10180.0,0,6,-16.65,-16.48,-26.82,-9.7,-16.39,-22.56
EMA_SAR_10_75_5m,5m,10,75,Stop-and-Reverse (SAR),10000.0,2752.13,-7247.87,-72.48,-25.38,74.1,-3.85,-5.2,-1.25,20.1,0.74,-0.1,1206,3.6,10.25,-5.27,99.7,120.6,12060.0,0,6,-21.14,-14.71,-25.81,-10.89,-15.66,-26.6
EMA_SAR_10_95_5m,5m,10,95,Stop-and-Reverse (SAR),10000.0,2748.95,-7251.05,-72.51,-25.41,74.13,-3.87,-5.18,-1.25,19.0,0.73,-0.11,1074,4.0,10.02,-5.27,99.6,107.4,10740.0,0,6,-14.28,-23.72,-26.92,-6.97,-19.81,-22.89
EMA_SAR_10_90_5m,5m,10,90,Stop-and-Reverse (SAR),10000.0,2734.07,-7265.93,-72.66,-25.56,74.48,-3.88,-5.22,-1.24,19.2,0.73,-0.11,1107,3.9,10.58,-5.27,99.7,110.7,11070.0,0,6,-16.51,-22.5,-24.12,-9.16,-19.07,-24.26
EMA_SAR_5_140_5m,5m,5,140,Stop-and-Reverse (SAR),10000.0,2725.23,-7274.77,-72.75,-25.65,74.5,-3.95,-5.33,-1.24,16.5,0.73,-0.1,1170,3.7,16.07,-4.96,99.5,117.0,11700.0,0,6,-14.78,-12.0,-29.91,-18.71,-17.57,-22.62
EMA_SAR_10_70_5m,5m,10,70,Stop-and-Reverse (SAR),10000.0,2713.67,-7286.33,-72.86,-25.76,74.29,-3.9,-5.28,-1.25,20.7,0.74,-0.1,1230,3.5,10.63,-5.27,99.7,123.0,12300.0,0,6,-21.33,-14.53,-25.23,-11.6,-14.84,-28.3
EMA_SAR_20_50_5m,5m,20,50,Stop-and-Reverse (SAR),10000.0,2704.21,-7295.79,-72.96,-25.86,74.42,-3.89,-5.22,-1.25,22.8,0.75,-0.11,1125,3.9,10.28,-5.97,99.8,112.5,11250.0,0,6,-20.11,-15.82,-21.61,-17.4,-17.19,-25.0
EMA_SAR_5_120_5m,5m,5,120,Stop-and-Reverse (SAR),10000.0,2669.19,-7330.81,-73.31,-26.21,74.86,-3.98,-5.37,-1.24,16.4,0.71,-0.09,1270,3.4,10.1,-4.97,99.5,127.0,12700.0,0,6,-24.3,-17.34,-26.49,-13.75,-18.94,-17.0
EMA_SAR_5_135_5m,5m,5,135,Stop-and-Reverse (SAR),10000.0,2604.4,-7395.6,-73.96,-26.86,75.12,-4.09,-5.53,-1.24,16.0,0.71,-0.1,1212,3.6,16.07,-4.97,99.5,121.2,12120.0,0,6,-19.99,-12.27,-30.32,-17.04,-18.96,-20.8
EMA_SAR_5_115_5m,5m,5,115,Stop-and-Reverse (SAR),10000.0,2574.52,-7425.48,-74.25,-27.15,75.92,-4.09,-5.53,-1.23,16.3,0.71,-0.09,1288,3.4,9.7,-5.03,99.6,128.8,12880.0,0,6,-24.69,-14.01,-28.55,-12.6,-19.06,-21.35
EMA_SAR_25_40_5m,5m,25,40,Stop-and-Reverse (SAR),10000.0,2561.13,-7438.87,-74.39,-27.29,76.12,-4.07,-5.44,-1.23,22.5,0.75,-0.11,1129,3.8,10.35,-5.97,99.8,112.9,11290.0,0,6,-16.15,-15.61,-25.09,-18.33,-18.69,-27.24
EMA_SAR_5_125_5m,5m,5,125,Stop-and-Reverse (SAR),10000.0,2546.96,-7453.04,-74.53,-27.43,75.94,-4.13,-5.55,-1.23,16.4,0.7,-0.1,1226,3.5,10.1,-4.97,99.5,122.6,12260.0,0,6,-23.22,-20.21,-28.61,-15.72,-17.34,-16.41
EMA_SAR_10_85_5m,5m,10,85,Stop-and-Reverse (SAR),10000.0,2545.67,-7454.33,-74.54,-27.44,76.25,-4.11,-5.53,-1.23,18.6,0.72,-0.11,1145,3.8,10.25,-5.27,99.7,114.5,11450.0,0,6,-18.04,-23.34,-27.12,-10.17,-19.73,-22.9
EMA_SAR_30_35_5m,5m,30,35,Stop-and-Reverse (SAR),10000.0,2537.7,-7462.3,-74.62,-27.52,76.3,-4.1,-5.47,-1.23,22.6,0.75,-0.11,1117,3.9,10.53,-5.97,99.9,111.7,11170.0,0,6,-13.45,-15.08,-27.1,-19.09,-21.08,-25.82
EMA_SAR_10_80_5m,5m,10,80,Stop-and-Reverse (SAR),10000.0,2530.49,-7469.51,-74.7,-27.6,76.24,-4.13,-5.56,-1.23,20.0,0.72,-0.11,1156,3.7,10.25,-5.27,99.7,115.6,11560.0,0,6,-20.31,-24.15,-25.73,-10.6,-16.28,-24.69
EMA_SAR_5_130_5m,5m,5,130,Stop-and-Reverse (SAR),10000.0,2505.94,-7494.06,-74.94,-27.84,75.92,-4.21,-5.68,-1.24,16.7,0.7,-0.1,1202,3.6,16.07,-4.97,99.5,120.2,12020.0,0,6,-19.79,-18.55,-29.94,-15.31,-16.76,-22.34
EMA_SAR_5_110_5m,5m,5,110,Stop-and-Reverse (SAR),10000.0,2414.95,-7585.05,-75.85,-28.75,77.42,-4.3,-5.82,-1.22,16.3,0.7,-0.1,1326,3.3,10.26,-5.03,99.6,132.6,13260.0,0,6,-25.2,-16.98,-27.41,-13.88,-21.58,-20.67
EMA_SAR_15_55_5m,5m,15,55,Stop-and-Reverse (SAR),10000.0,2409.36,-7590.64,-75.91,-28.81,76.96,-4.27,-5.76,-1.23,21.2,0.73,-0.11,1222,3.5,10.34,-5.97,99.8,122.2,12220.0,0,6,-21.17,-18.17,-24.68,-17.45,-14.67,-29.61
EMA_SAR_20_45_5m,5m,20,45,Stop-and-Reverse (SAR),10000.0,2399.94,-7600.06,-76.0,-28.9,77.51,-4.28,-5.74,-1.22,22.7,0.74,-0.11,1167,3.7,10.41,-5.97,99.8,116.7,11670.0,0,6,-18.88,-14.39,-27.6,-18.42,-18.18,-28.49
EMA_SAR_25_30_5m,5m,25,30,Stop-and-Reverse (SAR),10000.0,2321.0,-7679.0,-76.79,-29.69,77.59,-4.38,-5.89,-1.22,23.1,0.74,-0.11,1265,3.4,10.14,-5.97,99.9,126.5,12650.0,0,6,-23.25,-5.04,-36.76,-16.78,-18.67,-25.61
EMA_SAR_5_100_5m,5m,5,100,Stop-and-Reverse (SAR),10000.0,2303.44,-7696.56,-76.97,-29.87,78.19,-4.44,-6.03,-1.21,16.9,0.7,-0.1,1406,3.1,10.25,-5.34,99.6,140.6,14060.0,0,6,-25.35,-20.61,-25.09,-11.81,-23.44,-23.15
EMA_SAR_10_65_5m,5m,10,65,Stop-and-Reverse (SAR),10000.0,2282.03,-7717.97,-77.18,-30.08,78.12,-4.45,-6.04,-1.22,20.1,0.72,-0.1,1316,3.3,10.55,-5.42,99.8,131.6,13160.0,0,6,-21.94,-15.79,-29.4,-17.11,-16.63,-28.85
EMA_SAR_5_105_5m,5m,5,105,Stop-and-Reverse (SAR),10000.0,2270.56,-7729.44,-77.29,-30.19,78.51,-4.49,-6.09,-1.21,16.8,0.7,-0.1,1384,3.1,10.26,-5.25,99.6,138.4,13840.0,0,6,-24.76,-19.63,-25.52,-13.06,-22.31,-25.37
EMA_SAR_15_45_5m,5m,15,45,Stop-and-Reverse (SAR),10000.0,2271.44,-7728.56,-77.29,-30.19,78.64,-4.45,-6.03,-1.21,21.8,0.74,-0.1,1331,3.3,10.58,-5.97,99.8,133.1,13310.0,0,6,-19.01,-8.14,-37.69,-21.76,-17.96,-23.66
EMA_SAR_20_40_5m,5m,20,40,Stop-and-Reverse (SAR),10000.0,2210.67,-7789.33,-77.89,-30.79,78.92,-4.54,-6.1,-1.21,22.2,0.72,-0.11,1231,3.5,10.49,-5.97,99.8,123.1,12310.0,0,6,-21.21,-13.31,-35.91,-20.94,-17.23,-22.82
EMA_SAR_15_50_5m,5m,15,50,Stop-and-Reverse (SAR),10000.0,2162.29,-7837.71,-78.38,-31.28,79.45,-4.61,-6.22,-1.2,21.6,0.72,-0.11,1268,3.4,10.29,-5.97,99.8,126.8,12680.0,0,6,-21.67,-14.13,-32.51,-21.56,-18.68,-25.32
EMA_SAR_20_35_5m,5m,20,35,Stop-and-Reverse (SAR),10000.0,2159.52,-7840.48,-78.4,-31.3,79.33,-4.61,-6.22,-1.2,23.1,0.73,-0.11,1299,3.3,10.14,-5.97,99.9,129.9,12990.0,0,6,-21.26,-6.67,-41.3,-16.52,-18.64,-26.29
EMA_SAR_25_35_5m,5m,25,35,Stop-and-Reverse (SAR),10000.0,2064.59,-7935.41,-79.35,-32.25,80.35,-4.76,-6.36,-1.19,22.4,0.72,-0.12,1199,3.6,10.49,-5.97,99.9,119.9,11990.0,0,6,-20.04,-16.46,-34.01,-22.17,-15.77,-28.55
EMA_SAR_10_60_5m,5m,10,60,Stop-and-Reverse (SAR),10000.0,1955.42,-8044.58,-80.45,-33.35,81.45,-4.94,-6.73,-1.18,19.9,0.71,-0.11,1414,3.1,10.05,-5.44,99.8,141.4,14140.0,0,6,-23.69,-20.91,-31.63,-21.93,-18.01,-25.96
EMA_SAR_10_55_5m,5m,10,55,Stop-and-Reverse (SAR),10000.0,1934.32,-8065.68,-80.66,-33.56,81.8,-4.97,-6.79,-1.18,20.2,0.73,-0.1,1462,3.0,10.41,-5.51,99.8,146.2,14620.0,0,6,-19.33,-13.85,-32.88,-28.45,-21.32,-26.34
EMA_SAR_15_40_5m,5m,15,40,Stop-and-Reverse (SAR),10000.0,1882.49,-8117.51,-81.18,-34.08,82.28,-5.05,-6.85,-1.17,21.3,0.73,-0.11,1457,3.0,10.35,-5.51,99.8,145.7,14570.0,0,6,-20.38,-8.88,-42.11,-19.65,-19.62,-30.6
EMA_SAR_5_95_5m,5m,5,95,Stop-and-Reverse (SAR),10000.0,1869.19,-8130.81,-81.31,-34.21,82.17,-5.11,-6.93,-1.18,16.4,0.68,-0.11,1486,2.9,10.25,-5.34,99.6,148.6,14860.0,0,6,-24.56,-24.86,-31.31,-17.38,-22.29,-25.23
EMA_SAR_20_25_5m,5m,20,25,Stop-and-Reverse (SAR),10000.0,1809.33,-8190.67,-81.91,-34.81,82.38,-5.16,-7.17,-1.18,23.5,0.73,-0.1,1533,2.8,10.72,-2.41,99.9,153.3,15330.0,0,6,-20.49,-12.71,-36.89,-22.55,-22.3,-31.36
EMA_SAR_20_30_5m,5m,20,30,Stop-and-Reverse (SAR),10000.0,1803.95,-8196.05,-81.96,-34.86,82.75,-5.18,-7.0,-1.17,22.7,0.72,-0.11,1429,3.0,10.37,-5.88,99.9,142.9,14290.0,0,6,-22.92,-8.56,-43.67,-21.31,-20.49,-27.38
EMA_SAR_15_30_5m,5m,15,30,Stop-and-Reverse (SAR),10000.0,1731.2,-8268.8,-82.69,-35.59,83.0,-5.3,-7.4,-1.17,22.4,0.73,-0.1,1637,2.7,10.72,-2.68,99.9,163.7,16370.0,0,6,-22.07,-13.98,-40.11,-22.41,-21.8,-28.93
EMA_SAR_15_35_5m,5m,15,35,Stop-and-Reverse (SAR),10000.0,1688.53,-8311.47,-83.11,-36.01,83.86,-5.39,-7.33,-1.16,21.7,0.72,-0.11,1522,2.9,10.43,-5.88,99.9,152.2,15220.0,0,6,-22.24,-9.42,-40.46,-27.03,-23.44,-27.92
EMA_SAR_5_90_5m,5m,5,90,Stop-and-Reverse (SAR),10000.0,1679.83,-8320.17,-83.2,-36.1,83.84,-5.44,-7.39,-1.16,16.5,0.67,-0.11,1532,2.8,9.42,-5.34,99.7,153.2,15320.0,0,6,-26.52,-22.89,-31.58,-22.92,-22.04,-27.9
EMA_SAR_10_50_5m,5m,10,50,Stop-and-Reverse (SAR),10000.0,1644.47,-8355.53,-83.56,-36.46,84.34,-5.49,-7.49,-1.15,20.0,0.71,-0.11,1532,2.8,10.25,-5.51,99.8,153.2,15320.0,0,6,-20.18,-12.86,-38.55,-27.0,-25.72,-29.05
EMA_SAR_10_40_5m,5m,10,40,Stop-and-Reverse (SAR),10000.0,1597.52,-8402.48,-84.02,-36.92,84.56,-5.56,-7.83,-1.15,20.6,0.71,-0.1,1737,2.5,10.63,-2.55,99.8,173.7,17370.0,0,6,-25.4,-17.18,-34.93,-28.59,-20.1,-30.35
EMA_SAR_10_45_5m,5m,10,45,Stop-and-Reverse (SAR),10000.0,1573.23,-8426.77,-84.27,-37.17,84.98,-5.62,-7.88,-1.15,20.5,0.7,-0.1,1645,2.6,10.41,-2.29,99.8,164.5,16450.0,0,6,-25.82,-17.74,-34.98,-28.9,-21.97,-28.53
EMA_SAR_5_70_5m,5m,5,70,Stop-and-Reverse (SAR),10000.0,1558.56,-8441.44,-84.41,-37.31,85.19,-5.67,-7.78,-1.15,17.4,0.69,-0.1,1748,2.5,9.66,-5.44,99.7,174.8,17480.0,0,6,-27.68,-24.83,-27.93,-22.44,-22.31,-33.97
EMA_SAR_5_75_5m,5m,5,75,Stop-and-Reverse (SAR),10000.0,1511.77,-8488.23,-84.88,-37.78,85.55,-5.77,-7.9,-1.14,16.9,0.69,-0.1,1702,2.5,9.66,-5.42,99.7,170.2,17020.0,0,6,-25.42,-22.92,-27.08,-26.08,-26.32,-33.79
EMA_SAR_10_35_5m,5m,10,35,Stop-and-Reverse (SAR),10000.0,1501.79,-8498.21,-84.98,-37.88,85.21,-5.75,-8.06,-1.15,21.3,0.72,-0.09,1842,2.4,10.55,-2.55,99.9,184.2,18420.0,0,6,-25.67,-16.48,-36.75,-27.24,-24.25,-30.62
EMA_SAR_10_30_5m,5m,10,30,Stop-and-Reverse (SAR),10000.0,1493.74,-8506.26,-85.06,-37.96,85.3,-5.76,-8.15,-1.15,21.7,0.72,-0.09,1983,2.2,10.76,-2.55,99.9,198.3,19830.0,0,6,-30.7,-16.26,-24.52,-33.18,-26.79,-30.28
EMA_SAR_5_80_5m,5m,5,80,Stop-and-Reverse (SAR),10000.0,1489.62,-8510.38,-85.1,-38.0,85.7,-5.82,-7.94,-1.14,16.5,0.67,-0.11,1616,2.7,9.21,-5.42,99.7,161.6,16160.0,0,6,-29.59,-22.41,-30.52,-25.84,-24.07,-30.32
EMA_SAR_5_85_5m,5m,5,85,Stop-and-Reverse (SAR),10000.0,1440.99,-8559.01,-85.59,-38.49,86.18,-5.93,-8.05,-1.14,16.3,0.66,-0.12,1579,2.7,9.59,-5.42,99.7,157.9,15790.0,0,6,-25.49,-26.18,-34.75,-25.87,-23.07,-29.6
EMA_SAR_10_25_5m,5m,10,25,Stop-and-Reverse (SAR),10000.0,1441.47,-8558.53,-85.59,-38.49,85.9,-5.86,-8.33,-1.14,22.1,0.74,-0.08,2103,2.1,10.68,-2.77,99.9,210.3,21030.0,0,6,-25.3,-12.42,-30.23,-33.64,-28.62,-33.34
EMA_SAR_15_25_5m,5m,15,25,Stop-and-Reverse (SAR),10000.0,1412.17,-8587.83,-85.88,-38.78,86.22,-5.93,-8.3,-1.14,22.1,0.71,-0.1,1803,2.4,10.5,-2.67,99.9,180.3,18030.0,0,6,-26.96,-17.06,-37.09,-28.26,-25.74,-30.44
EMA_SAR_5_65_5m,5m,5,65,Stop-and-Reverse (SAR),10000.0,1356.56,-8643.44,-86.43,-39.33,86.96,-6.11,-8.62,-1.13,17.2,0.68,-0.1,1874,2.3,9.99,-2.29,99.8,187.4,18740.0,0,6,-28.81,-25.19,-27.84,-26.69,-24.91,-35.88
EMA_SAR_15_20_5m,5m,15,20,Stop-and-Reverse (SAR),10000.0,1354.47,-8645.53,-86.46,-39.36,86.76,-6.06,-8.54,-1.13,22.2,0.71,-0.09,1976,2.2,10.66,-2.88,99.9,197.6,19760.0,0,6,-30.61,-14.21,-34.37,-35.18,-27.29,-26.43
EMA_SAR_5_60_5m,5m,5,60,Stop-and-Reverse (SAR),10000.0,1211.17,-8788.83,-87.89,-40.79,88.3,-6.47,-9.12,-1.12,17.1,0.68,-0.1,1936,2.2,10.25,-2.29,99.8,193.6,19360.0,0,6,-26.19,-27.74,-32.11,-28.97,-26.01,-36.35
EMA_SAR_5_50_5m,5m,5,50,Stop-and-Reverse (SAR),10000.0,1206.09,-8793.91,-87.94,-40.84,88.34,-6.45,-9.15,-1.12,18.7,0.69,-0.09,2120,2.0,10.56,-2.29,99.8,212.0,21200.0,0,6,-25.73,-27.17,-35.34,-29.06,-26.31,-34.04
EMA_SAR_5_55_5m,5m,5,55,Stop-and-Reverse (SAR),10000.0,1192.91,-8807.09,-88.07,-40.97,88.51,-6.51,-9.2,-1.11,17.7,0.68,-0.1,2026,2.1,10.41,-2.29,99.8,202.6,20260.0,0,6,-24.27,-29.74,-36.27,-29.25,-26.03,-32.78
EMA_SAR_5_40_5m,5m,5,40,Stop-and-Reverse (SAR),10000.0,913.4,-9086.6,-90.87,-43.77,90.9,-7.32,-10.42,-1.09,18.8,0.69,-0.09,2407,1.8,10.78,-2.29,99.8,240.7,24070.0,0,6,-26.32,-23.87,-40.3,-33.68,-32.69,-38.9
EMA_SAR_5_45_5m,5m,5,45,Stop-and-Reverse (SAR),10000.0,896.23,-9103.77,-91.04,-43.94,91.23,-7.39,-10.48,-1.09,18.1,0.67,-0.1,2287,1.9,10.4,-2.55,99.8,228.7,22870.0,0,6,-26.15,-29.88,-37.84,-33.95,-31.07,-38.84
EMA_SAR_10_20_5m,5m,10,20,Stop-and-Reverse (SAR),10000.0,867.02,-9132.98,-91.33,-44.23,91.56,-7.46,-10.64,-1.08,21.6,0.71,-0.09,2446,1.8,9.5,-2.89,99.9,244.6,24460.0,0,6,-26.37,-25.97,-26.09,-40.86,-36.85,-42.37
EMA_SAR_5_35_5m,5m,5,35,Stop-and-Reverse (SAR),10000.0,692.91,-9307.09,-93.07,-45.97,93.1,-8.19,-11.65,-1.07,18.7,0.68,-0.1,2568,1.7,10.68,-2.01,99.9,256.8,25680.0,0,6,-25.75,-27.25,-44.03,-35.7,-35.1,-45.09
EMA_SAR_5_30_5m,5m,5,30,Stop-and-Reverse (SAR),10000.0,513.73,-9486.27,-94.86,-47.76,94.99,-9.13,-13.11,-1.05,18.9,0.67,-0.1,2811,1.5,11.26,-2.57,99.9,281.1,28110.0,0,6,-30.67,-34.34,-38.56,-42.48,-35.02,-50.85
EMA_SAR_10_15_5m,5m,10,15,Stop-and-Reverse (SAR),10000.0,467.53,-9532.47,-95.32,-48.22,95.4,-9.39,-13.4,-1.05,21.2,0.66,-0.1,2911,1.5,8.81,-3.66,99.9,291.1,29110.0,0,6,-31.55,-44.18,-31.34,-42.94,-39.61,-48.28
EMA_SAR_5_25_5m,5m,5,25,Stop-and-Reverse (SAR),10000.0,385.53,-9614.47,-96.14,-49.04,96.23,-10.01,-14.43,-1.04,19.3,0.65,-0.1,3122,1.4,9.32,-1.93,99.9,312.2,31220.0,0,6,-36.43,-36.93,-41.34,-44.07,-42.73,-48.83
EMA_SAR_5_20_5m,5m,5,20,Stop-and-Reverse (SAR),10000.0,269.5,-9730.5,-97.3,-50.2,97.33,-11.13,-16.11,-1.03,20.0,0.63,-0.1,3481,1.2,8.81,-1.9,99.9,348.1,34810.0,0,6,-40.83,-45.86,-41.63,-49.08,-42.07,-51.15
EMA_SAR_5_15_5m,5m,5,15,Stop-and-Reverse (SAR),10000.0,189.76,-9810.24,-98.1,-51.0,98.11,-12.22,-17.77,-1.02,20.4,0.62,-0.1,3955,1.1,8.61,-1.99,99.9,395.5,39550.0,0,6,-45.52,-48.04,-41.39,-54.44,-44.77,-54.55
EMA_SAR_5_10_5m,5m,5,10,Stop-and-Reverse (SAR),10000.0,93.66,-9906.34,-99.06,-51.96,99.07,-14.41,-20.98,-1.01,21.5,0.6,-0.09,4735,0.9,7.92,-1.96,100.0,473.5,47350.0,0,6,-49.61,-56.21,-50.0,-60.05,-48.76,-58.53
