trade_id,strategy,direction,entry_time,entry_price,exit_time,exit_price,duration_bars,duration_hours,invested_usd,realized_pnl_usd,realized_pnl_pct,portfolio_after,exit_reason
1,EMA_CONFIRMED_20_200,LONG,2026-01-01T17:15,2987.05,2026-01-01T18:15,2986.01,12,1.0,10000.0,-3.5,-0.04,9996.5,Signal Flip
2,EMA_CONFIRMED_20_200,LONG,2026-01-01T18:20,2991.21,2026-01-01T18:30,2985.12,2,0.17,9996.5,-20.38,-0.2,9976.12,Signal Flip
3,EMA_CONFIRMED_20_200,LONG,2026-01-01T18:45,2991.89,2026-01-01T19:10,2986.72,5,0.42,9976.12,-17.24,-0.17,9958.88,Signal Flip
4,EMA_CONFIRMED_20_200,LONG,2026-01-01T19:40,2993.9,2026-01-01T20:25,2990.05,9,0.75,9958.88,-12.78,-0.13,9946.1,Signal Flip
5,EMA_CONFIRMED_20_200,LONG,2026-01-01T20:30,2994.35,2026-01-01T20:35,2989.81,1,0.08,9946.1,-15.05,-0.15,9931.05,Signal Flip
6,EMA_CONFIRMED_20_200,LONG,2026-01-01T21:10,2992.7,2026-01-01T21:35,2987.94,5,0.42,9931.05,-15.8,-0.16,9915.25,Signal Flip
7,EMA_CONFIRMED_20_200,LONG,2026-01-01T22:05,2992.87,2026-01-01T22:40,2989.01,7,0.58,9915.25,-12.76,-0.13,9902.49,Signal Flip
8,EMA_CONFIRMED_20_200,LONG,2026-01-01T22:45,2992.75,2026-01-02T00:05,2998.21,16,1.33,9902.49,18.08,0.18,9920.57,Signal Flip
9,EMA_CONFIRMED_20_200,LONG,2026-01-02T00:25,3003.54,2026-01-02T00:45,2997.52,4,0.33,9920.57,-19.89,-0.2,9900.69,Signal Flip
10,EMA_CONFIRMED_20_200,LONG,2026-01-02T00:50,3004.6,2026-01-02T01:30,3000.97,8,0.67,9900.69,-11.97,-0.12,9888.72,Signal Flip
11,EMA_CONFIRMED_20_200,LONG,2026-01-02T01:50,3003.55,2026-01-02T02:05,2999.02,3,0.25,9888.72,-14.92,-0.15,9873.8,Signal Flip
12,EMA_CONFIRMED_20_200,LONG,2026-01-02T02:50,3002.2,2026-01-02T04:45,3013.78,23,1.92,9873.8,38.09,0.39,9911.89,Signal Flip
13,EMA_CONFIRMED_20_200,LONG,2026-01-02T05:20,3019.35,2026-01-02T05:25,3010.15,1,0.08,9911.89,-30.18,-0.3,9881.71,Signal Flip
14,EMA_CONFIRMED_20_200,LONG,2026-01-02T05:50,3015.79,2026-01-02T07:35,3020.61,21,1.75,9881.71,15.8,0.16,9897.5,Signal Flip
15,EMA_CONFIRMED_20_200,LONG,2026-01-02T08:10,3026.4,2026-01-02T11:05,3048.47,35,2.92,9897.5,72.15,0.73,9969.66,Signal Flip
16,EMA_CONFIRMED_20_200,LONG,2026-01-02T11:25,3056.0,2026-01-02T11:30,3045.87,1,0.08,9969.66,-33.05,-0.33,9936.61,Signal Flip
17,EMA_CONFIRMED_20_200,LONG,2026-01-02T12:20,3053.92,2026-01-02T12:25,3047.38,1,0.08,9936.61,-21.28,-0.21,9915.33,Signal Flip
18,EMA_CONFIRMED_20_200,LONG,2026-01-02T12:30,3051.88,2026-01-02T13:00,3047.14,6,0.5,9915.33,-15.4,-0.16,9899.93,Signal Flip
19,EMA_CONFIRMED_20_200,LONG,2026-01-02T13:05,3052.31,2026-01-02T13:35,3049.57,6,0.5,9899.93,-8.86,-0.09,9891.07,Signal Flip
20,EMA_CONFIRMED_20_200,LONG,2026-01-02T13:50,3056.9,2026-01-02T14:00,3048.75,2,0.17,9891.07,-26.35,-0.27,9864.72,Signal Flip
21,EMA_CONFIRMED_20_200,LONG,2026-01-02T14:05,3055.54,2026-01-02T14:10,3049.26,1,0.08,9864.72,-20.25,-0.21,9844.47,Signal Flip
22,EMA_CONFIRMED_20_200,LONG,2026-01-02T14:40,3049.5,2026-01-02T17:50,3113.86,38,3.17,9844.47,207.76,2.11,10052.23,Signal Flip
23,EMA_CONFIRMED_20_200,LONG,2026-01-02T17:55,3122.91,2026-01-02T18:10,3119.7,3,0.25,10052.23,-10.34,-0.1,10041.9,Signal Flip
24,EMA_CONFIRMED_20_200,LONG,2026-01-02T18:15,3125.36,2026-01-02T18:35,3113.33,4,0.33,10041.9,-38.65,-0.38,10003.25,Signal Flip
25,EMA_CONFIRMED_20_200,LONG,2026-01-02T19:15,3119.89,2026-01-02T20:10,3119.16,11,0.92,10003.25,-2.34,-0.02,10000.91,Signal Flip
26,EMA_CONFIRMED_20_200,LONG,2026-01-02T20:15,3131.08,2026-01-02T20:30,3120.04,3,0.25,10000.91,-35.28,-0.35,9965.63,Signal Flip
27,EMA_CONFIRMED_20_200,LONG,2026-01-02T20:40,3124.02,2026-01-02T20:50,3117.47,2,0.17,9965.63,-20.9,-0.21,9944.73,Signal Flip
28,EMA_CONFIRMED_20_200,LONG,2026-01-02T21:05,3122.68,2026-01-02T21:10,3118.34,1,0.08,9944.73,-13.82,-0.14,9930.91,Signal Flip
29,EMA_CONFIRMED_20_200,LONG,2026-01-02T21:30,3126.95,2026-01-02T23:10,3130.22,20,1.67,9930.91,10.39,0.1,9941.3,Signal Flip
30,EMA_CONFIRMED_20_200,LONG,2026-01-02T23:20,3133.96,2026-01-02T23:25,3124.45,1,0.08,9941.3,-30.16,-0.3,9911.13,Signal Flip
31,EMA_CONFIRMED_20_200,LONG,2026-01-03T00:05,3130.4,2026-01-03T00:10,3126.32,1,0.08,9911.13,-12.94,-0.13,9898.19,Signal Flip
32,EMA_CONFIRMED_20_200,LONG,2026-01-03T00:15,3130.55,2026-01-03T00:20,3122.46,1,0.08,9898.19,-25.6,-0.26,9872.59,Signal Flip
33,EMA_CONFIRMED_20_200,LONG,2026-01-03T00:25,3132.17,2026-01-03T01:10,3127.93,9,0.75,9872.59,-13.36,-0.14,9859.23,Signal Flip
34,EMA_CONFIRMED_20_200,LONG,2026-01-03T01:15,3133.05,2026-01-03T01:20,3124.1,1,0.08,9859.23,-28.16,-0.29,9831.07,Signal Flip
35,EMA_CONFIRMED_20_200,LONG,2026-01-03T01:40,3130.17,2026-01-03T01:55,3126.45,3,0.25,9831.07,-11.71,-0.12,9819.36,Signal Flip
36,EMA_CONFIRMED_20_200,LONG,2026-01-03T02:00,3132.38,2026-01-03T02:05,3123.66,1,0.08,9819.36,-27.33,-0.28,9792.03,Signal Flip
37,EMA_CONFIRMED_20_200,LONG,2026-01-03T02:25,3128.48,2026-01-03T02:35,3124.77,2,0.17,9792.03,-11.63,-0.12,9780.39,Signal Flip
38,EMA_CONFIRMED_20_200,LONG,2026-01-03T02:50,3130.05,2026-01-03T02:55,3124.97,1,0.08,9780.39,-15.9,-0.16,9764.5,Signal Flip
39,EMA_CONFIRMED_20_200,LONG,2026-01-03T03:45,3126.32,2026-01-03T04:10,3121.27,5,0.42,9764.5,-15.78,-0.16,9748.71,Signal Flip
40,EMA_CONFIRMED_20_200,LONG,2026-01-03T06:10,3117.12,2026-01-03T06:20,3111.43,2,0.17,9748.71,-17.78,-0.18,9730.93,Signal Flip
41,EMA_CONFIRMED_20_200,SHORT,2026-01-03T07:15,3093.94,2026-01-03T08:30,3101.77,15,1.25,9730.93,-24.62,-0.25,9706.31,Signal Flip
42,EMA_CONFIRMED_20_200,SHORT,2026-01-03T09:00,3093.93,2026-01-03T09:05,3099.33,1,0.08,9706.31,-16.93,-0.17,9689.38,Signal Flip
43,EMA_CONFIRMED_20_200,SHORT,2026-01-03T09:10,3094.95,2026-01-03T09:30,3101.12,4,0.33,9689.38,-19.31,-0.2,9670.07,Signal Flip
44,EMA_CONFIRMED_20_200,SHORT,2026-01-03T10:15,3096.61,2026-01-03T10:25,3102.04,2,0.17,9670.07,-16.95,-0.18,9653.12,Signal Flip
45,EMA_CONFIRMED_20_200,SHORT,2026-01-03T11:00,3095.76,2026-01-03T11:45,3100.2,9,0.75,9653.12,-13.84,-0.14,9639.28,Signal Flip
46,EMA_CONFIRMED_20_200,SHORT,2026-01-03T11:55,3096.25,2026-01-03T12:00,3100.05,1,0.08,9639.28,-11.82,-0.12,9627.46,Signal Flip
47,EMA_CONFIRMED_20_200,SHORT,2026-01-03T12:05,3093.57,2026-01-03T12:25,3100.89,4,0.33,9627.46,-22.77,-0.24,9604.68,Signal Flip
48,EMA_CONFIRMED_20_200,SHORT,2026-01-03T12:40,3094.46,2026-01-03T12:45,3101.89,1,0.08,9604.68,-23.06,-0.24,9581.63,Signal Flip
49,EMA_CONFIRMED_20_200,LONG,2026-01-03T13:40,3108.58,2026-01-03T14:50,3103.41,14,1.17,9581.63,-15.95,-0.17,9565.68,Signal Flip
50,EMA_CONFIRMED_20_200,LONG,2026-01-03T15:00,3107.55,2026-01-03T15:05,3101.08,1,0.08,9565.68,-19.93,-0.21,9545.75,Signal Flip
51,EMA_CONFIRMED_20_200,LONG,2026-01-03T15:30,3106.53,2026-01-03T16:00,3099.77,6,0.5,9545.75,-20.78,-0.22,9524.96,Signal Flip
52,EMA_CONFIRMED_20_200,LONG,2026-01-03T16:20,3107.05,2026-01-03T16:25,3099.9,1,0.08,9524.96,-21.93,-0.23,9503.03,Signal Flip
53,EMA_CONFIRMED_20_200,LONG,2026-01-03T16:35,3109.11,2026-01-03T17:10,3104.34,7,0.58,9503.03,-14.6,-0.15,9488.43,Signal Flip
54,EMA_CONFIRMED_20_200,LONG,2026-01-03T17:20,3108.11,2026-01-03T18:05,3105.62,9,0.75,9488.43,-7.62,-0.08,9480.81,Signal Flip
55,EMA_CONFIRMED_20_200,LONG,2026-01-03T18:20,3110.85,2026-01-03T19:10,3110.34,10,0.83,9480.81,-1.56,-0.02,9479.26,Signal Flip
56,EMA_CONFIRMED_20_200,LONG,2026-01-03T19:25,3113.59,2026-01-03T20:05,3109.07,8,0.67,9479.26,-13.73,-0.14,9465.52,Signal Flip
57,EMA_CONFIRMED_20_200,LONG,2026-01-03T20:35,3114.45,2026-01-03T22:15,3112.37,20,1.67,9465.52,-6.3,-0.07,9459.22,Signal Flip
58,EMA_CONFIRMED_20_200,LONG,2026-01-03T22:20,3121.1,2026-01-04T01:45,3144.84,41,3.42,9459.22,71.94,0.76,9531.16,Signal Flip
59,EMA_CONFIRMED_20_200,LONG,2026-01-04T01:55,3149.78,2026-01-04T02:10,3142.53,3,0.25,9531.16,-21.96,-0.23,9509.2,Signal Flip
60,EMA_CONFIRMED_20_200,LONG,2026-01-04T02:30,3148.17,2026-01-04T02:45,3141.22,3,0.25,9509.2,-21.01,-0.22,9488.2,Signal Flip
61,EMA_CONFIRMED_20_200,LONG,2026-01-04T03:15,3150.29,2026-01-04T03:30,3141.64,3,0.25,9488.2,-26.07,-0.27,9462.13,Signal Flip
62,EMA_CONFIRMED_20_200,LONG,2026-01-04T03:40,3146.3,2026-01-04T04:55,3146.69,15,1.25,9462.13,1.15,0.01,9463.28,Signal Flip
63,EMA_CONFIRMED_20_200,LONG,2026-01-04T05:20,3151.59,2026-01-04T05:40,3145.47,4,0.33,9463.28,-18.37,-0.19,9444.91,Signal Flip
64,EMA_CONFIRMED_20_200,LONG,2026-01-04T05:50,3151.54,2026-01-04T06:30,3148.2,8,0.67,9444.91,-10.04,-0.11,9434.87,Signal Flip
65,EMA_CONFIRMED_20_200,LONG,2026-01-04T08:45,3140.09,2026-01-04T08:55,3136.16,2,0.17,9434.87,-11.8,-0.13,9423.07,Signal Flip
66,EMA_CONFIRMED_20_200,LONG,2026-01-04T09:00,3140.19,2026-01-04T09:05,3136.33,1,0.08,9423.07,-11.58,-0.12,9411.49,Signal Flip
67,EMA_CONFIRMED_20_200,LONG,2026-01-04T09:20,3145.42,2026-01-04T09:25,3134.19,1,0.08,9411.49,-33.6,-0.36,9377.89,Signal Flip
68,EMA_CONFIRMED_20_200,LONG,2026-01-04T09:35,3141.95,2026-01-04T11:05,3140.32,18,1.5,9377.89,-4.87,-0.05,9373.02,Signal Flip
69,EMA_CONFIRMED_20_200,LONG,2026-01-04T12:25,3142.4,2026-01-04T12:40,3137.87,3,0.25,9373.02,-13.51,-0.14,9359.51,Signal Flip
70,EMA_CONFIRMED_20_200,LONG,2026-01-04T13:30,3140.47,2026-01-04T13:40,3134.59,2,0.17,9359.51,-17.52,-0.19,9341.99,Signal Flip
71,EMA_CONFIRMED_20_200,LONG,2026-01-04T13:55,3141.65,2026-01-04T14:05,3136.7,2,0.17,9341.99,-14.72,-0.16,9327.27,Signal Flip
72,EMA_CONFIRMED_20_200,LONG,2026-01-04T14:10,3142.5,2026-01-04T14:20,3136.93,2,0.17,9327.27,-16.53,-0.18,9310.74,Signal Flip
73,EMA_CONFIRMED_20_200,LONG,2026-01-04T14:55,3139.84,2026-01-04T15:00,3135.68,1,0.08,9310.74,-12.33,-0.13,9298.41,Signal Flip
74,EMA_CONFIRMED_20_200,LONG,2026-01-04T15:10,3139.72,2026-01-04T15:20,3135.75,2,0.17,9298.41,-11.75,-0.13,9286.66,Signal Flip
75,EMA_CONFIRMED_20_200,SHORT,2026-01-04T15:45,3129.64,2026-01-04T16:00,3137.12,3,0.25,9286.66,-22.18,-0.24,9264.48,Signal Flip
76,EMA_CONFIRMED_20_200,SHORT,2026-01-04T16:10,3133.3,2026-01-04T16:35,3140.58,5,0.42,9264.48,-21.52,-0.23,9242.97,Signal Flip
77,EMA_CONFIRMED_20_200,LONG,2026-01-04T17:05,3141.36,2026-01-04T17:20,3135.08,3,0.25,9242.97,-18.47,-0.2,9224.5,Signal Flip
78,EMA_CONFIRMED_20_200,LONG,2026-01-04T17:25,3140.66,2026-01-04T17:55,3136.32,6,0.5,9224.5,-12.74,-0.14,9211.75,Signal Flip
79,EMA_CONFIRMED_20_200,SHORT,2026-01-04T18:20,3127.33,2026-01-04T19:00,3136.61,8,0.67,9211.75,-27.34,-0.3,9184.41,Signal Flip
80,EMA_CONFIRMED_20_200,SHORT,2026-01-04T19:05,3127.89,2026-01-04T19:35,3133.93,6,0.5,9184.41,-17.74,-0.19,9166.67,Signal Flip
81,EMA_CONFIRMED_20_200,SHORT,2026-01-04T19:40,3129.56,2026-01-04T19:50,3134.18,2,0.17,9166.67,-13.51,-0.15,9153.17,Signal Flip
82,EMA_CONFIRMED_20_200,LONG,2026-01-04T20:50,3141.0,2026-01-04T21:45,3137.3,11,0.92,9153.17,-10.78,-0.12,9142.39,Signal Flip
83,EMA_CONFIRMED_20_200,LONG,2026-01-04T21:55,3145.46,2026-01-04T22:15,3139.53,4,0.33,9142.39,-17.24,-0.19,9125.14,Signal Flip
84,EMA_CONFIRMED_20_200,LONG,2026-01-04T22:20,3144.58,2026-01-04T22:25,3138.44,1,0.08,9125.14,-17.82,-0.2,9107.32,Signal Flip
85,EMA_CONFIRMED_20_200,LONG,2026-01-04T23:05,3151.43,2026-01-04T23:15,3137.87,2,0.17,9107.32,-39.2,-0.43,9068.12,Signal Flip
86,EMA_CONFIRMED_20_200,LONG,2026-01-04T23:20,3143.54,2026-01-04T23:40,3140.43,4,0.33,9068.12,-8.98,-0.1,9059.14,Signal Flip
87,EMA_CONFIRMED_20_200,LONG,2026-01-05T00:00,3146.28,2026-01-05T02:30,3183.65,30,2.5,9059.14,107.59,1.19,9166.73,Signal Flip
88,EMA_CONFIRMED_20_200,LONG,2026-01-05T02:35,3192.25,2026-01-05T03:15,3186.92,8,0.67,9166.73,-15.3,-0.17,9151.43,Signal Flip
89,EMA_CONFIRMED_20_200,LONG,2026-01-05T03:30,3191.66,2026-01-05T03:45,3185.29,3,0.25,9151.43,-18.26,-0.2,9133.17,Signal Flip
90,EMA_CONFIRMED_20_200,SHORT,2026-01-05T06:50,3154.6,2026-01-05T07:00,3159.26,2,0.17,9133.17,-13.48,-0.15,9119.68,Signal Flip
91,EMA_CONFIRMED_20_200,LONG,2026-01-05T07:05,3161.21,2026-01-05T07:10,3153.97,1,0.08,9119.68,-20.88,-0.23,9098.8,Signal Flip
92,EMA_CONFIRMED_20_200,LONG,2026-01-05T07:15,3163.16,2026-01-05T07:25,3156.0,2,0.17,9098.8,-20.59,-0.23,9078.21,Signal Flip
93,EMA_CONFIRMED_20_200,LONG,2026-01-05T07:30,3159.59,2026-01-05T07:35,3155.62,1,0.08,9078.21,-11.4,-0.13,9066.81,Signal Flip
94,EMA_CONFIRMED_20_200,LONG,2026-01-05T07:45,3161.74,2026-01-05T08:00,3155.66,3,0.25,9066.81,-17.43,-0.19,9049.38,Signal Flip
95,EMA_CONFIRMED_20_200,LONG,2026-01-05T08:05,3162.77,2026-01-05T08:40,3159.08,7,0.58,9049.38,-10.56,-0.12,9038.82,Signal Flip
96,EMA_CONFIRMED_20_200,LONG,2026-01-05T08:50,3165.07,2026-01-05T09:05,3158.72,3,0.25,9038.82,-18.14,-0.2,9020.68,Signal Flip
97,EMA_CONFIRMED_20_200,LONG,2026-01-05T09:25,3164.28,2026-01-05T10:40,3167.9,15,1.25,9020.68,10.3,0.11,9030.98,Signal Flip
98,EMA_CONFIRMED_20_200,LONG,2026-01-05T10:50,3173.21,2026-01-05T11:05,3168.7,3,0.25,9030.98,-12.81,-0.14,9018.17,Signal Flip
99,EMA_CONFIRMED_20_200,LONG,2026-01-05T11:10,3173.47,2026-01-05T11:15,3168.03,1,0.08,9018.17,-15.46,-0.17,9002.71,Signal Flip
100,EMA_CONFIRMED_20_200,LONG,2026-01-05T11:20,3174.48,2026-01-05T12:25,3173.78,13,1.08,9002.71,-1.97,-0.02,9000.74,Signal Flip
101,EMA_CONFIRMED_20_200,SHORT,2026-01-05T13:55,3149.48,2026-01-05T14:45,3171.05,10,0.83,9000.74,-61.64,-0.68,8939.1,Signal Flip
102,EMA_CONFIRMED_20_200,SHORT,2026-01-05T14:50,3156.14,2026-01-05T14:55,3170.28,1,0.08,8939.1,-40.06,-0.45,8899.04,Signal Flip
103,EMA_CONFIRMED_20_200,SHORT,2026-01-05T15:10,3158.41,2026-01-05T15:15,3164.13,1,0.08,8899.04,-16.12,-0.18,8882.92,Signal Flip
104,EMA_CONFIRMED_20_200,SHORT,2026-01-05T15:25,3158.77,2026-01-05T15:30,3166.37,1,0.08,8882.92,-21.38,-0.24,8861.54,Signal Flip
105,EMA_CONFIRMED_20_200,LONG,2026-01-05T15:35,3181.0,2026-01-05T16:45,3178.13,14,1.17,8861.54,-7.99,-0.09,8853.54,Signal Flip
106,EMA_CONFIRMED_20_200,LONG,2026-01-05T16:55,3184.22,2026-01-05T17:10,3178.94,3,0.25,8853.54,-14.69,-0.17,8838.86,Signal Flip
107,EMA_CONFIRMED_20_200,LONG,2026-01-05T17:15,3184.36,2026-01-05T17:20,3178.55,1,0.08,8838.86,-16.13,-0.18,8822.73,Signal Flip
108,EMA_CONFIRMED_20_200,LONG,2026-01-05T17:40,3182.45,2026-01-05T21:30,3231.27,46,3.83,8822.73,135.35,1.53,8958.08,Signal Flip
109,EMA_CONFIRMED_20_200,LONG,2026-01-05T21:40,3241.64,2026-01-05T22:05,3233.66,5,0.42,8958.08,-22.05,-0.25,8936.03,Signal Flip
110,EMA_CONFIRMED_20_200,LONG,2026-01-05T22:20,3244.13,2026-01-05T22:55,3238.21,7,0.58,8936.03,-16.31,-0.18,8919.72,Signal Flip
111,EMA_CONFIRMED_20_200,LONG,2026-01-06T01:05,3222.93,2026-01-06T01:50,3222.61,9,0.75,8919.72,-0.89,-0.01,8918.83,Signal Flip
112,EMA_CONFIRMED_20_200,LONG,2026-01-06T03:05,3220.49,2026-01-06T03:25,3216.93,4,0.33,8918.83,-9.86,-0.11,8908.98,Signal Flip
113,EMA_CONFIRMED_20_200,LONG,2026-01-06T03:30,3225.89,2026-01-06T04:45,3223.65,15,1.25,8908.98,-6.2,-0.07,8902.78,Signal Flip
114,EMA_CONFIRMED_20_200,LONG,2026-01-06T05:05,3226.8,2026-01-06T05:10,3221.7,1,0.08,8902.78,-14.08,-0.16,8888.69,Signal Flip
115,EMA_CONFIRMED_20_200,LONG,2026-01-06T05:15,3226.97,2026-01-06T05:25,3222.32,2,0.17,8888.69,-12.82,-0.14,8875.87,Signal Flip
116,EMA_CONFIRMED_20_200,LONG,2026-01-06T06:05,3225.18,2026-01-06T06:10,3217.85,1,0.08,8875.87,-20.18,-0.23,8855.7,Signal Flip
117,EMA_CONFIRMED_20_200,LONG,2026-01-06T06:15,3225.44,2026-01-06T06:20,3217.08,1,0.08,8855.7,-22.96,-0.26,8832.74,Signal Flip
118,EMA_CONFIRMED_20_200,LONG,2026-01-06T06:30,3226.14,2026-01-06T07:20,3230.23,10,0.83,8832.74,11.2,0.13,8843.94,Signal Flip
119,EMA_CONFIRMED_20_200,LONG,2026-01-06T08:10,3228.33,2026-01-06T08:15,3219.97,1,0.08,8843.94,-22.91,-0.26,8821.03,Signal Flip
120,EMA_CONFIRMED_20_200,LONG,2026-01-06T09:05,3225.2,2026-01-06T09:35,3219.7,6,0.5,8821.03,-15.05,-0.17,8805.98,Signal Flip
121,EMA_CONFIRMED_20_200,LONG,2026-01-06T09:50,3224.83,2026-01-06T12:40,3236.26,34,2.83,8805.98,31.21,0.35,8837.19,Signal Flip
122,EMA_CONFIRMED_20_200,LONG,2026-01-06T12:45,3241.35,2026-01-06T13:05,3231.98,4,0.33,8837.19,-25.54,-0.29,8811.65,Signal Flip
123,EMA_CONFIRMED_20_200,LONG,2026-01-06T14:00,3239.92,2026-01-06T15:40,3268.57,20,1.67,8811.65,77.94,0.88,8889.59,Signal Flip
124,EMA_CONFIRMED_20_200,LONG,2026-01-06T17:40,3258.43,2026-01-06T17:45,3239.37,1,0.08,8889.59,-52.0,-0.58,8837.59,Signal Flip
125,EMA_CONFIRMED_20_200,SHORT,2026-01-06T18:05,3205.36,2026-01-06T18:50,3229.71,9,0.75,8837.59,-67.16,-0.76,8770.44,Signal Flip
126,EMA_CONFIRMED_20_200,SHORT,2026-01-06T18:55,3222.96,2026-01-06T19:15,3229.0,4,0.33,8770.44,-16.45,-0.19,8753.98,Signal Flip
127,EMA_CONFIRMED_20_200,SHORT,2026-01-06T19:25,3222.92,2026-01-06T19:35,3228.15,2,0.17,8753.98,-14.22,-0.16,8739.76,Signal Flip
128,EMA_CONFIRMED_20_200,SHORT,2026-01-06T19:40,3223.44,2026-01-06T19:50,3227.24,2,0.17,8739.76,-10.32,-0.12,8729.44,Signal Flip
129,EMA_CONFIRMED_20_200,SHORT,2026-01-06T19:55,3219.34,2026-01-06T20:05,3235.27,2,0.17,8729.44,-43.19,-0.49,8686.26,Signal Flip
130,EMA_CONFIRMED_20_200,LONG,2026-01-06T20:50,3248.89,2026-01-06T22:20,3267.3,18,1.5,8686.26,49.2,0.57,8735.46,Signal Flip
131,EMA_CONFIRMED_20_200,LONG,2026-01-06T22:25,3275.41,2026-01-06T22:35,3267.56,2,0.17,8735.46,-20.94,-0.24,8714.52,Signal Flip
132,EMA_CONFIRMED_20_200,LONG,2026-01-06T22:45,3272.52,2026-01-07T00:20,3283.21,19,1.58,8714.52,28.47,0.33,8742.99,Signal Flip
133,EMA_CONFIRMED_20_200,LONG,2026-01-07T02:40,3264.35,2026-01-07T03:45,3265.45,13,1.08,8742.99,2.93,0.03,8745.92,Signal Flip
134,EMA_CONFIRMED_20_200,LONG,2026-01-07T03:55,3269.25,2026-01-07T04:00,3265.21,1,0.08,8745.92,-10.83,-0.12,8735.09,Signal Flip
135,EMA_CONFIRMED_20_200,LONG,2026-01-07T04:05,3272.38,2026-01-07T04:10,3264.78,1,0.08,8735.09,-20.28,-0.23,8714.81,Signal Flip
136,EMA_CONFIRMED_20_200,LONG,2026-01-07T05:35,3262.65,2026-01-07T05:40,3257.69,1,0.08,8714.81,-13.25,-0.15,8701.56,Signal Flip
137,EMA_CONFIRMED_20_200,SHORT,2026-01-07T06:10,3248.22,2026-01-07T06:25,3259.06,3,0.25,8701.56,-29.05,-0.33,8672.51,Signal Flip
138,EMA_CONFIRMED_20_200,SHORT,2026-01-07T06:35,3253.02,2026-01-07T07:05,3257.53,6,0.5,8672.51,-12.01,-0.14,8660.5,Signal Flip
139,EMA_CONFIRMED_20_200,LONG,2026-01-07T07:30,3261.47,2026-01-07T07:45,3254.19,3,0.25,8660.5,-19.33,-0.22,8641.18,Signal Flip
140,EMA_CONFIRMED_20_200,LONG,2026-01-07T08:05,3257.73,2026-01-07T08:25,3255.18,4,0.33,8641.18,-6.75,-0.08,8634.42,Signal Flip
141,EMA_CONFIRMED_20_200,LONG,2026-01-07T08:55,3258.97,2026-01-07T09:00,3252.82,1,0.08,8634.42,-16.28,-0.19,8618.14,Signal Flip
142,EMA_CONFIRMED_20_200,SHORT,2026-01-07T09:10,3237.88,2026-01-07T10:55,3220.97,21,1.75,8618.14,45.01,0.52,8663.15,Signal Flip
143,EMA_CONFIRMED_20_200,SHORT,2026-01-07T11:00,3216.83,2026-01-07T11:05,3222.09,1,0.08,8663.15,-14.16,-0.16,8648.99,Signal Flip
144,EMA_CONFIRMED_20_200,SHORT,2026-01-07T11:50,3217.25,2026-01-07T13:25,3222.37,19,1.58,8648.99,-13.76,-0.16,8635.22,Signal Flip
145,EMA_CONFIRMED_20_200,SHORT,2026-01-07T13:50,3210.49,2026-01-07T16:25,3174.97,31,2.58,8635.22,95.56,1.11,8730.78,Signal Flip
146,EMA_CONFIRMED_20_200,SHORT,2026-01-07T16:30,3167.3,2026-01-07T17:25,3167.86,11,0.92,8730.78,-1.56,-0.02,8729.21,Signal Flip
147,EMA_CONFIRMED_20_200,SHORT,2026-01-07T17:45,3161.36,2026-01-07T18:35,3162.39,10,0.83,8729.21,-2.85,-0.03,8726.37,Signal Flip
148,EMA_CONFIRMED_20_200,SHORT,2026-01-07T18:45,3151.24,2026-01-07T20:05,3150.13,16,1.33,8726.37,3.07,0.04,8729.44,Signal Flip
149,EMA_CONFIRMED_20_200,SHORT,2026-01-07T20:10,3142.52,2026-01-07T21:10,3145.17,12,1.0,8729.44,-7.37,-0.08,8722.07,Signal Flip
150,EMA_CONFIRMED_20_200,SHORT,2026-01-07T22:15,3142.4,2026-01-07T22:20,3149.12,1,0.08,8722.07,-18.67,-0.21,8703.4,Signal Flip
151,EMA_CONFIRMED_20_200,SHORT,2026-01-07T23:05,3142.46,2026-01-07T23:15,3156.85,2,0.17,8703.4,-39.85,-0.46,8663.54,Signal Flip
152,EMA_CONFIRMED_20_200,SHORT,2026-01-08T00:20,3156.92,2026-01-08T00:40,3165.55,4,0.33,8663.54,-23.69,-0.27,8639.86,Signal Flip
153,EMA_CONFIRMED_20_200,SHORT,2026-01-08T02:25,3162.87,2026-01-08T04:30,3158.19,25,2.08,8639.86,12.78,0.15,8652.64,Signal Flip
154,EMA_CONFIRMED_20_200,SHORT,2026-01-08T05:30,3152.46,2026-01-08T05:40,3158.38,2,0.17,8652.64,-16.24,-0.19,8636.4,Signal Flip
155,EMA_CONFIRMED_20_200,SHORT,2026-01-08T05:45,3147.54,2026-01-08T07:35,3125.96,22,1.83,8636.4,59.19,0.69,8695.6,Signal Flip
156,EMA_CONFIRMED_20_200,SHORT,2026-01-08T08:35,3125.99,2026-01-08T10:25,3118.99,22,1.83,8695.6,19.47,0.22,8715.06,Signal Flip
157,EMA_CONFIRMED_20_200,SHORT,2026-01-08T11:35,3117.79,2026-01-08T12:00,3122.81,5,0.42,8715.06,-14.03,-0.16,8701.03,Signal Flip
158,EMA_CONFIRMED_20_200,SHORT,2026-01-08T12:05,3116.43,2026-01-08T15:10,3087.86,37,3.08,8701.03,79.76,0.92,8780.79,Signal Flip
159,EMA_CONFIRMED_20_200,SHORT,2026-01-08T18:45,3118.94,2026-01-08T18:50,3124.63,1,0.08,8780.79,-16.02,-0.18,8764.77,Signal Flip
160,EMA_CONFIRMED_20_200,SHORT,2026-01-08T19:00,3118.66,2026-01-08T19:05,3124.01,1,0.08,8764.77,-15.04,-0.17,8749.73,Signal Flip
161,EMA_CONFIRMED_20_200,SHORT,2026-01-08T19:20,3114.74,2026-01-08T19:35,3126.92,3,0.25,8749.73,-34.22,-0.39,8715.51,Signal Flip
162,EMA_CONFIRMED_20_200,SHORT,2026-01-08T19:45,3114.69,2026-01-08T21:00,3108.85,15,1.25,8715.51,16.34,0.19,8731.85,Signal Flip
163,EMA_CONFIRMED_20_200,SHORT,2026-01-08T22:35,3115.49,2026-01-08T22:55,3119.56,4,0.33,8731.85,-11.4,-0.13,8720.45,Signal Flip
164,EMA_CONFIRMED_20_200,SHORT,2026-01-08T23:35,3109.75,2026-01-09T00:40,3114.14,13,1.08,8720.45,-12.29,-0.14,8708.16,Signal Flip
165,EMA_CONFIRMED_20_200,SHORT,2026-01-09T01:20,3111.93,2026-01-09T01:30,3140.95,2,0.17,8708.16,-81.2,-0.93,8626.96,Signal Flip
166,EMA_CONFIRMED_20_200,SHORT,2026-01-09T01:35,3107.31,2026-01-09T02:05,3112.5,6,0.5,8626.96,-14.41,-0.17,8612.55,Signal Flip
167,EMA_CONFIRMED_20_200,SHORT,2026-01-09T02:50,3109.7,2026-01-09T03:10,3116.45,4,0.33,8612.55,-18.68,-0.22,8593.88,Signal Flip
168,EMA_CONFIRMED_20_200,SHORT,2026-01-09T03:25,3107.48,2026-01-09T03:40,3117.91,3,0.25,8593.88,-28.85,-0.34,8565.02,Signal Flip
169,EMA_CONFIRMED_20_200,LONG,2026-01-09T04:25,3123.01,2026-01-09T04:35,3115.31,2,0.17,8565.02,-21.12,-0.25,8543.91,Signal Flip
170,EMA_CONFIRMED_20_200,LONG,2026-01-09T04:55,3118.48,2026-01-09T05:00,3114.98,1,0.08,8543.91,-9.58,-0.11,8534.33,Signal Flip
171,EMA_CONFIRMED_20_200,LONG,2026-01-09T05:05,3121.97,2026-01-09T05:20,3113.8,3,0.25,8534.33,-22.33,-0.26,8512.0,Signal Flip
172,EMA_CONFIRMED_20_200,LONG,2026-01-09T05:30,3119.39,2026-01-09T05:35,3114.51,1,0.08,8512.0,-13.31,-0.16,8498.69,Signal Flip
173,EMA_CONFIRMED_20_200,SHORT,2026-01-09T05:50,3113.77,2026-01-09T06:00,3120.07,2,0.17,8498.69,-17.19,-0.2,8481.51,Signal Flip
174,EMA_CONFIRMED_20_200,LONG,2026-01-09T06:00,3120.07,2026-01-09T07:10,3117.37,14,1.17,8481.51,-7.34,-0.09,8474.17,Signal Flip
175,EMA_CONFIRMED_20_200,SHORT,2026-01-09T08:05,3102.6,2026-01-09T09:30,3100.92,17,1.42,8474.17,4.58,0.05,8478.75,Signal Flip
176,EMA_CONFIRMED_20_200,SHORT,2026-01-09T09:40,3094.3,2026-01-09T10:25,3098.14,9,0.75,8478.75,-10.51,-0.12,8468.24,Signal Flip
177,EMA_CONFIRMED_20_200,SHORT,2026-01-09T10:30,3092.65,2026-01-09T10:35,3099.15,1,0.08,8468.24,-17.79,-0.21,8450.45,Signal Flip
178,EMA_CONFIRMED_20_200,SHORT,2026-01-09T11:10,3093.82,2026-01-09T11:15,3100.41,1,0.08,8450.45,-17.99,-0.21,8432.46,Signal Flip
179,EMA_CONFIRMED_20_200,SHORT,2026-01-09T11:40,3095.97,2026-01-09T13:15,3094.57,19,1.58,8432.46,3.83,0.05,8436.29,Signal Flip
180,EMA_CONFIRMED_20_200,SHORT,2026-01-09T13:50,3089.42,2026-01-09T13:55,3102.23,1,0.08,8436.29,-34.97,-0.41,8401.32,Signal Flip
181,EMA_CONFIRMED_20_200,SHORT,2026-01-09T14:10,3085.31,2026-01-09T14:30,3096.95,4,0.33,8401.32,-31.7,-0.38,8369.62,Signal Flip
182,EMA_CONFIRMED_20_200,SHORT,2026-01-09T14:35,3077.37,2026-01-09T15:25,3110.64,10,0.83,8369.62,-90.5,-1.08,8279.12,Signal Flip
183,EMA_CONFIRMED_20_200,LONG,2026-01-09T16:10,3122.01,2026-01-09T17:20,3107.41,14,1.17,8279.12,-38.73,-0.47,8240.39,Signal Flip
184,EMA_CONFIRMED_20_200,LONG,2026-01-09T17:50,3119.35,2026-01-09T18:00,3112.84,2,0.17,8240.39,-17.19,-0.21,8223.21,Signal Flip
185,EMA_CONFIRMED_20_200,SHORT,2026-01-09T18:40,3088.11,2026-01-09T20:10,3089.45,18,1.5,8223.21,-3.59,-0.04,8219.62,Signal Flip
186,EMA_CONFIRMED_20_200,SHORT,2026-01-09T20:20,3083.36,2026-01-09T20:25,3088.08,1,0.08,8219.62,-12.6,-0.15,8207.02,Signal Flip
187,EMA_CONFIRMED_20_200,SHORT,2026-01-09T20:30,3082.01,2026-01-09T20:35,3091.61,1,0.08,8207.02,-25.56,-0.31,8181.46,Signal Flip
188,EMA_CONFIRMED_20_200,SHORT,2026-01-09T20:45,3076.35,2026-01-09T21:20,3084.73,7,0.58,8181.46,-22.29,-0.27,8159.18,Signal Flip
189,EMA_CONFIRMED_20_200,SHORT,2026-01-09T21:50,3079.18,2026-01-09T21:55,3085.42,1,0.08,8159.18,-16.54,-0.2,8142.63,Signal Flip
190,EMA_CONFIRMED_20_200,SHORT,2026-01-09T22:15,3078.39,2026-01-09T22:35,3087.71,4,0.33,8142.63,-24.66,-0.3,8117.97,Signal Flip
191,EMA_CONFIRMED_20_200,SHORT,2026-01-09T22:45,3081.02,2026-01-09T22:50,3085.09,1,0.08,8117.97,-10.73,-0.13,8107.24,Signal Flip
192,EMA_CONFIRMED_20_200,SHORT,2026-01-09T23:55,3086.02,2026-01-10T00:00,3089.94,1,0.08,8107.24,-10.32,-0.13,8096.92,Signal Flip
193,EMA_CONFIRMED_20_200,SHORT,2026-01-10T00:15,3083.24,2026-01-10T00:30,3089.4,3,0.25,8096.92,-16.19,-0.2,8080.73,Signal Flip
194,EMA_CONFIRMED_20_200,SHORT,2026-01-10T00:45,3084.58,2026-01-10T01:15,3089.46,6,0.5,8080.73,-12.8,-0.16,8067.93,Signal Flip
195,EMA_CONFIRMED_20_200,SHORT,2026-01-10T02:35,3086.84,2026-01-10T03:30,3088.91,11,0.92,8067.93,-5.43,-0.07,8062.5,Signal Flip
196,EMA_CONFIRMED_20_200,SHORT,2026-01-10T03:35,3083.74,2026-01-10T03:50,3088.64,3,0.25,8062.5,-12.83,-0.16,8049.67,Signal Flip
197,EMA_CONFIRMED_20_200,SHORT,2026-01-10T04:05,3082.72,2026-01-10T05:15,3085.96,14,1.17,8049.67,-8.47,-0.11,8041.2,Signal Flip
198,EMA_CONFIRMED_20_200,SHORT,2026-01-10T05:25,3081.87,2026-01-10T05:30,3086.48,1,0.08,8041.2,-12.04,-0.15,8029.16,Signal Flip
199,EMA_CONFIRMED_20_200,SHORT,2026-01-10T06:20,3082.46,2026-01-10T06:30,3088.43,2,0.17,8029.16,-15.56,-0.19,8013.59,Signal Flip
200,EMA_CONFIRMED_20_200,SHORT,2026-01-10T08:10,3088.34,2026-01-10T08:15,3092.34,1,0.08,8013.59,-10.38,-0.13,8003.21,Signal Flip
201,EMA_CONFIRMED_20_200,SHORT,2026-01-10T08:20,3087.71,2026-01-10T08:55,3091.1,7,0.58,8003.21,-8.81,-0.11,7994.4,Signal Flip
202,EMA_CONFIRMED_20_200,SHORT,2026-01-10T09:10,3087.86,2026-01-10T09:15,3091.35,1,0.08,7994.4,-9.06,-0.11,7985.34,Signal Flip
203,EMA_CONFIRMED_20_200,LONG,2026-01-10T09:40,3094.38,2026-01-10T11:40,3094.92,24,2.0,7985.34,1.41,0.02,7986.75,Signal Flip
204,EMA_CONFIRMED_20_200,LONG,2026-01-10T12:00,3098.54,2026-01-10T12:25,3096.05,5,0.42,7986.75,-6.41,-0.08,7980.34,Signal Flip
205,EMA_CONFIRMED_20_200,LONG,2026-01-10T12:45,3098.98,2026-01-10T13:05,3095.95,4,0.33,7980.34,-7.8,-0.1,7972.54,Signal Flip
206,EMA_CONFIRMED_20_200,LONG,2026-01-10T13:10,3100.58,2026-01-10T13:15,3095.05,1,0.08,7972.54,-14.21,-0.18,7958.33,Signal Flip
207,EMA_CONFIRMED_20_200,LONG,2026-01-10T13:20,3100.2,2026-01-10T13:25,3094.89,1,0.08,7958.33,-13.62,-0.17,7944.7,Signal Flip
208,EMA_CONFIRMED_20_200,LONG,2026-01-10T13:35,3099.34,2026-01-10T13:50,3095.45,3,0.25,7944.7,-9.96,-0.13,7934.74,Signal Flip
209,EMA_CONFIRMED_20_200,LONG,2026-01-10T15:05,3096.19,2026-01-10T15:25,3091.96,4,0.33,7934.74,-10.83,-0.14,7923.91,Signal Flip
210,EMA_CONFIRMED_20_200,LONG,2026-01-10T15:35,3096.34,2026-01-10T16:15,3092.84,8,0.67,7923.91,-8.94,-0.11,7914.97,Signal Flip
211,EMA_CONFIRMED_20_200,LONG,2026-01-10T16:35,3096.82,2026-01-10T17:50,3094.1,15,1.25,7914.97,-6.94,-0.09,7908.03,Signal Flip
212,EMA_CONFIRMED_20_200,SHORT,2026-01-10T19:00,3091.3,2026-01-10T22:35,3089.24,43,3.58,7908.03,5.27,0.07,7913.3,Signal Flip
213,EMA_CONFIRMED_20_200,SHORT,2026-01-10T22:50,3083.61,2026-01-10T23:10,3087.36,4,0.33,7913.3,-9.64,-0.12,7903.66,Signal Flip
214,EMA_CONFIRMED_20_200,SHORT,2026-01-10T23:15,3082.9,2026-01-10T23:25,3086.89,2,0.17,7903.66,-10.24,-0.13,7893.42,Signal Flip
215,EMA_CONFIRMED_20_200,SHORT,2026-01-11T00:05,3083.67,2026-01-11T00:15,3089.66,2,0.17,7893.42,-15.35,-0.19,7878.07,Signal Flip
216,EMA_CONFIRMED_20_200,SHORT,2026-01-11T01:25,3088.1,2026-01-11T01:30,3093.58,1,0.08,7878.07,-13.98,-0.18,7864.09,Signal Flip
217,EMA_CONFIRMED_20_200,LONG,2026-01-11T01:55,3095.88,2026-01-11T02:35,3091.19,8,0.67,7864.09,-11.9,-0.15,7852.19,Signal Flip
218,EMA_CONFIRMED_20_200,LONG,2026-01-11T02:40,3095.11,2026-01-11T02:55,3090.49,3,0.25,7852.19,-11.7,-0.15,7840.49,Signal Flip
219,EMA_CONFIRMED_20_200,LONG,2026-01-11T03:15,3094.8,2026-01-11T05:25,3094.88,26,2.17,7840.49,0.22,0.0,7840.7,Signal Flip
220,EMA_CONFIRMED_20_200,LONG,2026-01-11T05:30,3098.84,2026-01-11T06:20,3091.48,10,0.83,7840.7,-18.61,-0.24,7822.09,Signal Flip
221,EMA_CONFIRMED_20_200,LONG,2026-01-11T06:55,3098.54,2026-01-11T07:15,3093.85,4,0.33,7822.09,-11.83,-0.15,7810.26,Signal Flip
222,EMA_CONFIRMED_20_200,LONG,2026-01-11T07:25,3098.1,2026-01-11T07:30,3093.21,1,0.08,7810.26,-12.32,-0.16,7797.95,Signal Flip
223,EMA_CONFIRMED_20_200,LONG,2026-01-11T08:15,3096.87,2026-01-11T09:40,3099.55,17,1.42,7797.95,6.75,0.09,7804.7,Signal Flip
224,EMA_CONFIRMED_20_200,LONG,2026-01-11T09:45,3104.05,2026-01-11T11:10,3102.32,17,1.42,7804.7,-4.36,-0.06,7800.34,Signal Flip
225,EMA_CONFIRMED_20_200,LONG,2026-01-11T11:30,3107.6,2026-01-11T11:50,3103.62,4,0.33,7800.34,-10.0,-0.13,7790.34,Signal Flip
226,EMA_CONFIRMED_20_200,LONG,2026-01-11T12:05,3109.23,2026-01-11T13:35,3108.54,18,1.5,7790.34,-1.73,-0.02,7788.61,Signal Flip
227,EMA_CONFIRMED_20_200,LONG,2026-01-11T13:40,3114.55,2026-01-11T13:45,3105.45,1,0.08,7788.61,-22.76,-0.29,7765.85,Signal Flip
228,EMA_CONFIRMED_20_200,LONG,2026-01-11T13:55,3113.48,2026-01-11T14:00,3107.91,1,0.08,7765.85,-13.89,-0.18,7751.96,Signal Flip
229,EMA_CONFIRMED_20_200,LONG,2026-01-11T14:05,3113.71,2026-01-11T15:45,3114.86,20,1.67,7751.96,2.88,0.04,7754.84,Signal Flip
230,EMA_CONFIRMED_20_200,LONG,2026-01-11T16:00,3119.78,2026-01-11T16:15,3115.21,3,0.25,7754.84,-11.35,-0.15,7743.48,Signal Flip
231,EMA_CONFIRMED_20_200,LONG,2026-01-11T16:20,3120.75,2026-01-11T17:40,3122.89,16,1.33,7743.48,5.31,0.07,7748.79,Signal Flip
232,EMA_CONFIRMED_20_200,LONG,2026-01-11T18:30,3127.44,2026-01-11T18:35,3123.31,1,0.08,7748.79,-10.25,-0.13,7738.54,Signal Flip
233,EMA_CONFIRMED_20_200,LONG,2026-01-11T18:50,3128.58,2026-01-11T19:35,3125.51,9,0.75,7738.54,-7.61,-0.1,7730.93,Signal Flip
234,EMA_CONFIRMED_20_200,LONG,2026-01-11T21:25,3116.31,2026-01-11T21:30,3112.66,1,0.08,7730.93,-9.04,-0.12,7721.89,Signal Flip
235,EMA_CONFIRMED_20_200,LONG,2026-01-11T21:35,3118.48,2026-01-11T21:40,3111.34,1,0.08,7721.89,-17.67,-0.23,7704.22,Signal Flip
236,EMA_CONFIRMED_20_200,LONG,2026-01-11T21:50,3120.61,2026-01-11T22:05,3110.34,3,0.25,7704.22,-25.34,-0.33,7678.88,Signal Flip
237,EMA_CONFIRMED_20_200,LONG,2026-01-11T22:25,3117.78,2026-01-11T22:30,3111.6,1,0.08,7678.88,-15.21,-0.2,7663.67,Signal Flip
238,EMA_CONFIRMED_20_200,LONG,2026-01-11T22:35,3116.96,2026-01-11T22:40,3112.16,1,0.08,7663.67,-11.79,-0.15,7651.88,Signal Flip
239,EMA_CONFIRMED_20_200,LONG,2026-01-11T22:45,3116.98,2026-01-11T22:50,3112.49,1,0.08,7651.88,-11.01,-0.14,7640.87,Signal Flip
240,EMA_CONFIRMED_20_200,SHORT,2026-01-11T23:05,3093.99,2026-01-11T23:15,3113.4,2,0.17,7640.87,-47.92,-0.63,7592.96,Signal Flip
241,EMA_CONFIRMED_20_200,LONG,2026-01-11T23:35,3116.0,2026-01-11T23:40,3109.73,1,0.08,7592.96,-15.26,-0.2,7577.69,Signal Flip
242,EMA_CONFIRMED_20_200,SHORT,2026-01-11T23:40,3109.73,2026-01-11T23:45,3122.46,1,0.08,7577.69,-31.01,-0.41,7546.68,Signal Flip
243,EMA_CONFIRMED_20_200,LONG,2026-01-11T23:45,3122.46,2026-01-12T00:10,3108.92,5,0.42,7546.68,-32.71,-0.43,7513.97,Signal Flip
244,EMA_CONFIRMED_20_200,LONG,2026-01-12T00:15,3117.19,2026-01-12T00:35,3114.1,4,0.33,7513.97,-7.44,-0.1,7506.53,Signal Flip
245,EMA_CONFIRMED_20_200,LONG,2026-01-12T01:00,3121.46,2026-01-12T01:35,3116.61,7,0.58,7506.53,-11.66,-0.16,7494.87,Signal Flip
246,EMA_CONFIRMED_20_200,LONG,2026-01-12T01:40,3123.47,2026-01-12T04:00,3150.98,28,2.33,7494.87,66.02,0.88,7560.89,Signal Flip
247,EMA_CONFIRMED_20_200,LONG,2026-01-12T04:15,3160.83,2026-01-12T05:45,3158.06,18,1.5,7560.89,-6.62,-0.09,7554.26,Signal Flip
248,EMA_CONFIRMED_20_200,LONG,2026-01-12T06:10,3164.08,2026-01-12T06:25,3156.17,3,0.25,7554.26,-18.89,-0.25,7535.38,Signal Flip
249,EMA_CONFIRMED_20_200,LONG,2026-01-12T07:10,3161.66,2026-01-12T07:15,3155.55,1,0.08,7535.38,-14.56,-0.19,7520.82,Signal Flip
250,EMA_CONFIRMED_20_200,LONG,2026-01-12T07:30,3158.95,2026-01-12T07:35,3148.67,1,0.08,7520.82,-24.46,-0.33,7496.36,Signal Flip
251,EMA_CONFIRMED_20_200,SHORT,2026-01-12T08:55,3115.5,2026-01-12T11:25,3118.02,30,2.5,7496.36,-6.06,-0.08,7490.3,Signal Flip
252,EMA_CONFIRMED_20_200,SHORT,2026-01-12T11:40,3112.19,2026-01-12T11:50,3117.92,2,0.17,7490.3,-13.78,-0.18,7476.52,Signal Flip
253,EMA_CONFIRMED_20_200,SHORT,2026-01-12T12:40,3111.91,2026-01-12T12:50,3118.62,2,0.17,7476.52,-16.11,-0.22,7460.41,Signal Flip
254,EMA_CONFIRMED_20_200,SHORT,2026-01-12T13:10,3108.6,2026-01-12T13:40,3115.95,6,0.5,7460.41,-17.62,-0.24,7442.79,Signal Flip
255,EMA_CONFIRMED_20_200,SHORT,2026-01-12T13:45,3108.5,2026-01-12T14:40,3114.36,11,0.92,7442.79,-14.01,-0.19,7428.78,Signal Flip
256,EMA_CONFIRMED_20_200,SHORT,2026-01-12T14:45,3100.41,2026-01-12T15:00,3106.92,3,0.25,7428.78,-15.61,-0.21,7413.18,Signal Flip
257,EMA_CONFIRMED_20_200,SHORT,2026-01-12T15:05,3095.48,2026-01-12T15:20,3110.73,3,0.25,7413.18,-36.53,-0.49,7376.65,Signal Flip
258,EMA_CONFIRMED_20_200,LONG,2026-01-12T16:30,3144.79,2026-01-12T17:15,3126.15,9,0.75,7376.65,-43.74,-0.59,7332.91,Signal Flip
259,EMA_CONFIRMED_20_200,LONG,2026-01-12T17:20,3130.85,2026-01-12T17:25,3118.94,1,0.08,7332.91,-27.91,-0.38,7305.01,Signal Flip
260,EMA_CONFIRMED_20_200,SHORT,2026-01-12T17:35,3090.54,2026-01-12T18:25,3117.59,10,0.83,7305.01,-63.92,-0.88,7241.08,Signal Flip
261,EMA_CONFIRMED_20_200,SHORT,2026-01-12T18:35,3102.76,2026-01-12T19:10,3110.64,7,0.58,7241.08,-18.41,-0.25,7222.68,Signal Flip
262,EMA_CONFIRMED_20_200,SHORT,2026-01-12T19:15,3106.15,2026-01-12T19:20,3115.91,1,0.08,7222.68,-22.7,-0.31,7199.98,Signal Flip
263,EMA_CONFIRMED_20_200,SHORT,2026-01-12T20:20,3114.09,2026-01-12T22:10,3104.65,22,1.83,7199.98,21.83,0.3,7221.81,Signal Flip
264,EMA_CONFIRMED_20_200,SHORT,2026-01-12T22:30,3095.31,2026-01-12T22:35,3105.78,1,0.08,7221.81,-24.43,-0.34,7197.38,Signal Flip
265,EMA_CONFIRMED_20_200,SHORT,2026-01-12T22:50,3099.94,2026-01-12T23:30,3099.18,8,0.67,7197.38,1.77,0.02,7199.14,Signal Flip
266,EMA_CONFIRMED_20_200,SHORT,2026-01-12T23:35,3090.49,2026-01-13T00:05,3099.91,6,0.5,7199.14,-21.93,-0.3,7177.21,Signal Flip
267,EMA_CONFIRMED_20_200,SHORT,2026-01-13T01:30,3100.94,2026-01-13T02:05,3107.92,7,0.58,7177.21,-16.17,-0.23,7161.04,Signal Flip
268,EMA_CONFIRMED_20_200,SHORT,2026-01-13T02:40,3099.96,2026-01-13T02:55,3106.17,3,0.25,7161.04,-14.35,-0.2,7146.69,Signal Flip
269,EMA_CONFIRMED_20_200,SHORT,2026-01-13T03:00,3099.89,2026-01-13T03:05,3105.57,1,0.08,7146.69,-13.1,-0.18,7133.59,Signal Flip
270,EMA_CONFIRMED_20_200,SHORT,2026-01-13T03:10,3100.23,2026-01-13T03:15,3111.15,1,0.08,7133.59,-25.14,-0.35,7108.45,Signal Flip
271,EMA_CONFIRMED_20_200,LONG,2026-01-13T04:05,3118.04,2026-01-13T04:35,3111.54,6,0.5,7108.45,-14.81,-0.21,7093.64,Signal Flip
272,EMA_CONFIRMED_20_200,LONG,2026-01-13T04:40,3117.79,2026-01-13T06:10,3126.47,18,1.5,7093.64,19.74,0.28,7113.39,Signal Flip
273,EMA_CONFIRMED_20_200,LONG,2026-01-13T06:25,3132.73,2026-01-13T06:45,3127.4,4,0.33,7113.39,-12.1,-0.17,7101.29,Signal Flip
274,EMA_CONFIRMED_20_200,LONG,2026-01-13T06:50,3133.02,2026-01-13T07:15,3129.14,5,0.42,7101.29,-8.77,-0.12,7092.51,Signal Flip
275,EMA_CONFIRMED_20_200,LONG,2026-01-13T08:10,3129.65,2026-01-13T08:15,3125.16,1,0.08,7092.51,-10.19,-0.14,7082.32,Signal Flip
276,EMA_CONFIRMED_20_200,LONG,2026-01-13T08:20,3129.42,2026-01-13T08:30,3124.73,2,0.17,7082.32,-10.63,-0.15,7071.69,Signal Flip
277,EMA_CONFIRMED_20_200,LONG,2026-01-13T08:35,3129.28,2026-01-13T09:45,3132.33,14,1.17,7071.69,6.89,0.1,7078.58,Signal Flip
278,EMA_CONFIRMED_20_200,LONG,2026-01-13T09:50,3140.56,2026-01-13T10:15,3134.45,5,0.42,7078.58,-13.77,-0.19,7064.81,Signal Flip
279,EMA_CONFIRMED_20_200,LONG,2026-01-13T10:20,3138.92,2026-01-13T10:40,3135.42,4,0.33,7064.81,-7.87,-0.11,7056.94,Signal Flip
280,EMA_CONFIRMED_20_200,LONG,2026-01-13T11:10,3139.06,2026-01-13T11:20,3133.97,2,0.17,7056.94,-11.44,-0.16,7045.51,Signal Flip
281,EMA_CONFIRMED_20_200,LONG,2026-01-13T11:25,3137.55,2026-01-13T11:35,3132.71,2,0.17,7045.51,-10.86,-0.15,7034.65,Signal Flip
282,EMA_CONFIRMED_20_200,LONG,2026-01-13T11:55,3137.14,2026-01-13T12:00,3132.38,1,0.08,7034.65,-10.66,-0.15,7023.99,Signal Flip
283,EMA_CONFIRMED_20_200,LONG,2026-01-13T12:40,3136.58,2026-01-13T12:55,3132.95,3,0.25,7023.99,-8.12,-0.12,7015.87,Signal Flip
284,EMA_CONFIRMED_20_200,LONG,2026-01-13T13:00,3136.7,2026-01-13T13:05,3129.79,1,0.08,7015.87,-15.44,-0.22,7000.43,Signal Flip
285,EMA_CONFIRMED_20_200,LONG,2026-01-13T13:10,3137.58,2026-01-13T14:05,3134.44,11,0.92,7000.43,-7.0,-0.1,6993.43,Signal Flip
286,EMA_CONFIRMED_20_200,LONG,2026-01-13T14:10,3142.56,2026-01-13T14:55,3143.43,9,0.75,6993.43,1.93,0.03,6995.36,Signal Flip
287,EMA_CONFIRMED_20_200,LONG,2026-01-13T15:15,3148.06,2026-01-13T15:20,3138.07,1,0.08,6995.36,-22.21,-0.32,6973.16,Signal Flip
288,EMA_CONFIRMED_20_200,LONG,2026-01-13T15:35,3155.71,2026-01-13T17:40,3173.39,25,2.08,6973.16,39.08,0.56,7012.24,Signal Flip
289,EMA_CONFIRMED_20_200,LONG,2026-01-13T17:45,3181.52,2026-01-13T20:35,3199.46,34,2.83,7012.24,39.54,0.56,7051.78,Signal Flip
290,EMA_CONFIRMED_20_200,LONG,2026-01-13T21:00,3206.2,2026-01-14T00:40,3318.76,44,3.67,7051.78,247.56,3.51,7299.34,Signal Flip
291,EMA_CONFIRMED_20_200,LONG,2026-01-14T00:55,3326.46,2026-01-14T01:50,3325.09,11,0.92,7299.34,-3.02,-0.04,7296.32,Signal Flip
292,EMA_CONFIRMED_20_200,LONG,2026-01-14T01:55,3335.14,2026-01-14T02:50,3333.0,11,0.92,7296.32,-4.67,-0.06,7291.65,Signal Flip
293,EMA_CONFIRMED_20_200,LONG,2026-01-14T03:35,3332.96,2026-01-14T04:45,3336.41,14,1.17,7291.65,7.56,0.1,7299.21,Signal Flip
294,EMA_CONFIRMED_20_200,LONG,2026-01-14T06:45,3335.39,2026-01-14T07:30,3330.06,9,0.75,7299.21,-11.65,-0.16,7287.56,Signal Flip
295,EMA_CONFIRMED_20_200,LONG,2026-01-14T07:50,3338.16,2026-01-14T08:35,3330.03,9,0.75,7287.56,-17.74,-0.24,7269.83,Signal Flip
296,EMA_CONFIRMED_20_200,LONG,2026-01-14T09:25,3334.51,2026-01-14T09:40,3330.19,3,0.25,7269.83,-9.4,-0.13,7260.42,Signal Flip
297,EMA_CONFIRMED_20_200,LONG,2026-01-14T10:15,3333.13,2026-01-14T10:20,3325.76,1,0.08,7260.42,-16.05,-0.22,7244.37,Signal Flip
298,EMA_CONFIRMED_20_200,LONG,2026-01-14T12:40,3300.35,2026-01-14T12:45,3293.12,1,0.08,7244.37,-15.86,-0.22,7228.51,Signal Flip
299,EMA_CONFIRMED_20_200,LONG,2026-01-14T13:20,3300.3,2026-01-14T13:55,3296.43,7,0.58,7228.51,-8.47,-0.12,7220.04,Signal Flip
300,EMA_CONFIRMED_20_200,LONG,2026-01-14T14:00,3304.44,2026-01-14T15:45,3334.33,21,1.75,7220.04,65.31,0.9,7285.34,Signal Flip
301,EMA_CONFIRMED_20_200,LONG,2026-01-14T15:50,3342.13,2026-01-14T17:35,3348.26,21,1.75,7285.34,13.35,0.18,7298.7,Signal Flip
302,EMA_CONFIRMED_20_200,LONG,2026-01-14T19:05,3346.08,2026-01-14T21:15,3367.86,26,2.17,7298.7,47.49,0.65,7346.19,Signal Flip
303,EMA_CONFIRMED_20_200,LONG,2026-01-14T21:20,3375.29,2026-01-14T21:45,3369.05,5,0.42,7346.19,-13.56,-0.18,7332.62,Signal Flip
304,EMA_CONFIRMED_20_200,LONG,2026-01-14T22:00,3374.68,2026-01-14T22:05,3366.24,1,0.08,7332.62,-18.34,-0.25,7314.28,Signal Flip
305,EMA_CONFIRMED_20_200,LONG,2026-01-14T23:10,3365.43,2026-01-14T23:20,3358.33,2,0.17,7314.28,-15.43,-0.21,7298.85,Signal Flip
306,EMA_CONFIRMED_20_200,SHORT,2026-01-15T01:25,3325.02,2026-01-15T04:25,3305.87,36,3.0,7298.85,42.02,0.58,7340.87,Signal Flip
307,EMA_CONFIRMED_20_200,SHORT,2026-01-15T04:30,3298.51,2026-01-15T04:35,3304.03,1,0.08,7340.87,-12.29,-0.17,7328.59,Signal Flip
308,EMA_CONFIRMED_20_200,SHORT,2026-01-15T06:45,3311.01,2026-01-15T06:50,3318.19,1,0.08,7328.59,-15.88,-0.22,7312.71,Signal Flip
309,EMA_CONFIRMED_20_200,SHORT,2026-01-15T08:30,3320.48,2026-01-15T08:40,3327.77,2,0.17,7312.71,-16.06,-0.22,7296.64,Signal Flip
310,EMA_CONFIRMED_20_200,LONG,2026-01-15T08:55,3336.82,2026-01-15T11:10,3357.18,27,2.25,7296.64,44.53,0.61,7341.17,Signal Flip
311,EMA_CONFIRMED_20_200,LONG,2026-01-15T11:20,3362.35,2026-01-15T11:35,3347.9,3,0.25,7341.17,-31.56,-0.43,7309.61,Signal Flip
312,EMA_CONFIRMED_20_200,LONG,2026-01-15T12:45,3360.07,2026-01-15T13:35,3357.49,10,0.83,7309.61,-5.61,-0.08,7304.0,Signal Flip
313,EMA_CONFIRMED_20_200,LONG,2026-01-15T13:40,3365.55,2026-01-15T14:25,3367.66,9,0.75,7304.0,4.56,0.06,7308.57,Signal Flip
314,EMA_CONFIRMED_20_200,SHORT,2026-01-15T15:50,3292.78,2026-01-15T16:45,3330.95,11,0.92,7308.57,-84.73,-1.16,7223.84,Signal Flip
315,EMA_CONFIRMED_20_200,SHORT,2026-01-15T16:55,3325.17,2026-01-15T17:00,3332.38,1,0.08,7223.84,-15.66,-0.22,7208.18,Signal Flip
316,EMA_CONFIRMED_20_200,SHORT,2026-01-15T17:10,3320.23,2026-01-15T17:30,3330.53,4,0.33,7208.18,-22.37,-0.31,7185.81,Signal Flip
317,EMA_CONFIRMED_20_200,SHORT,2026-01-15T17:50,3316.79,2026-01-15T19:35,3298.63,21,1.75,7185.81,39.35,0.55,7225.15,Signal Flip
318,EMA_CONFIRMED_20_200,SHORT,2026-01-15T19:40,3287.95,2026-01-15T19:50,3297.87,2,0.17,7225.15,-21.81,-0.3,7203.35,Signal Flip
319,EMA_CONFIRMED_20_200,SHORT,2026-01-15T20:20,3290.06,2026-01-15T21:05,3298.46,9,0.75,7203.35,-18.38,-0.26,7184.97,Signal Flip
320,EMA_CONFIRMED_20_200,SHORT,2026-01-15T21:10,3288.36,2026-01-15T21:15,3294.17,1,0.08,7184.97,-12.7,-0.18,7172.27,Signal Flip
321,EMA_CONFIRMED_20_200,SHORT,2026-01-15T23:10,3302.59,2026-01-15T23:15,3313.33,1,0.08,7172.27,-23.32,-0.33,7148.95,Signal Flip
322,EMA_CONFIRMED_20_200,SHORT,2026-01-16T01:00,3315.55,2026-01-16T01:35,3319.6,7,0.58,7148.95,-8.73,-0.12,7140.23,Signal Flip
323,EMA_CONFIRMED_20_200,SHORT,2026-01-16T01:45,3312.13,2026-01-16T01:50,3319.75,1,0.08,7140.23,-16.42,-0.23,7123.81,Signal Flip
324,EMA_CONFIRMED_20_200,SHORT,2026-01-16T02:00,3312.19,2026-01-16T03:10,3309.35,14,1.17,7123.81,6.11,0.09,7129.91,Signal Flip
325,EMA_CONFIRMED_20_200,SHORT,2026-01-16T03:15,3304.35,2026-01-16T03:25,3307.6,2,0.17,7129.91,-7.03,-0.1,7122.89,Signal Flip
326,EMA_CONFIRMED_20_200,SHORT,2026-01-16T03:30,3301.57,2026-01-16T04:20,3305.09,10,0.83,7122.89,-7.6,-0.11,7115.29,Signal Flip
327,EMA_CONFIRMED_20_200,SHORT,2026-01-16T04:25,3299.32,2026-01-16T05:15,3294.43,10,0.83,7115.29,10.55,0.15,7125.84,Signal Flip
328,EMA_CONFIRMED_20_200,SHORT,2026-01-16T05:20,3290.74,2026-01-16T05:35,3294.13,3,0.25,7125.84,-7.32,-0.1,7118.52,Signal Flip
329,EMA_CONFIRMED_20_200,SHORT,2026-01-16T07:30,3306.05,2026-01-16T08:00,3311.07,6,0.5,7118.52,-10.83,-0.15,7107.69,Signal Flip
330,EMA_CONFIRMED_20_200,LONG,2026-01-16T08:20,3319.36,2026-01-16T09:00,3311.7,8,0.67,7107.69,-16.39,-0.23,7091.3,Signal Flip
331,EMA_CONFIRMED_20_200,LONG,2026-01-16T09:05,3315.62,2026-01-16T09:15,3311.26,2,0.17,7091.3,-9.31,-0.13,7081.98,Signal Flip
332,EMA_CONFIRMED_20_200,SHORT,2026-01-16T10:05,3304.21,2026-01-16T11:35,3308.27,18,1.5,7081.98,-8.72,-0.12,7073.27,Signal Flip
333,EMA_CONFIRMED_20_200,SHORT,2026-01-16T11:45,3296.77,2026-01-16T11:50,3304.22,1,0.08,7073.27,-15.99,-0.23,7057.28,Signal Flip
334,EMA_CONFIRMED_20_200,SHORT,2026-01-16T12:00,3300.29,2026-01-16T12:05,3303.77,1,0.08,7057.28,-7.45,-0.11,7049.84,Signal Flip
335,EMA_CONFIRMED_20_200,SHORT,2026-01-16T12:55,3303.59,2026-01-16T13:00,3310.53,1,0.08,7049.84,-14.82,-0.21,7035.01,Signal Flip
336,EMA_CONFIRMED_20_200,SHORT,2026-01-16T13:10,3303.72,2026-01-16T13:15,3311.52,1,0.08,7035.01,-16.63,-0.24,7018.39,Signal Flip
337,EMA_CONFIRMED_20_200,SHORT,2026-01-16T13:20,3304.67,2026-01-16T13:25,3310.35,1,0.08,7018.39,-12.08,-0.17,7006.31,Signal Flip
338,EMA_CONFIRMED_20_200,SHORT,2026-01-16T13:35,3302.13,2026-01-16T13:55,3307.68,4,0.33,7006.31,-11.79,-0.17,6994.52,Signal Flip
339,EMA_CONFIRMED_20_200,SHORT,2026-01-16T14:10,3303.84,2026-01-16T14:30,3316.56,4,0.33,6994.52,-26.93,-0.39,6967.59,Signal Flip
340,EMA_CONFIRMED_20_200,SHORT,2026-01-16T14:35,3303.77,2026-01-16T15:10,3305.76,7,0.58,6967.59,-4.21,-0.06,6963.39,Signal Flip
341,EMA_CONFIRMED_20_200,SHORT,2026-01-16T15:20,3283.9,2026-01-16T16:40,3284.14,16,1.33,6963.39,-0.52,-0.01,6962.87,Signal Flip
342,EMA_CONFIRMED_20_200,SHORT,2026-01-16T17:00,3277.39,2026-01-16T17:35,3280.16,7,0.58,6962.87,-5.88,-0.08,6956.99,Signal Flip
343,EMA_CONFIRMED_20_200,SHORT,2026-01-16T17:55,3276.03,2026-01-16T18:00,3285.85,1,0.08,6956.99,-20.86,-0.3,6936.13,Signal Flip
344,EMA_CONFIRMED_20_200,SHORT,2026-01-16T18:50,3277.7,2026-01-16T18:55,3283.87,1,0.08,6936.13,-13.06,-0.19,6923.07,Signal Flip
345,EMA_CONFIRMED_20_200,SHORT,2026-01-16T19:00,3277.47,2026-01-16T20:00,3278.58,12,1.0,6923.07,-2.34,-0.03,6920.73,Signal Flip
346,EMA_CONFIRMED_20_200,SHORT,2026-01-16T20:05,3267.46,2026-01-16T20:20,3279.18,3,0.25,6920.73,-24.83,-0.36,6895.9,Signal Flip
347,EMA_CONFIRMED_20_200,SHORT,2026-01-16T22:15,3286.16,2026-01-16T22:55,3294.07,8,0.67,6895.9,-16.6,-0.24,6879.3,Signal Flip
348,EMA_CONFIRMED_20_200,LONG,2026-01-16T23:35,3298.9,2026-01-17T00:05,3291.78,6,0.5,6879.3,-14.84,-0.22,6864.46,Signal Flip
349,EMA_CONFIRMED_20_200,SHORT,2026-01-17T00:45,3290.74,2026-01-17T01:05,3294.85,4,0.33,6864.46,-8.56,-0.12,6855.91,Signal Flip
350,EMA_CONFIRMED_20_200,LONG,2026-01-17T01:20,3296.22,2026-01-17T01:30,3291.06,2,0.17,6855.91,-10.72,-0.16,6845.19,Signal Flip
351,EMA_CONFIRMED_20_200,SHORT,2026-01-17T01:35,3289.72,2026-01-17T02:50,3291.31,15,1.25,6845.19,-3.31,-0.05,6841.88,Signal Flip
352,EMA_CONFIRMED_20_200,SHORT,2026-01-17T03:35,3285.96,2026-01-17T03:45,3292.12,2,0.17,6841.88,-12.82,-0.19,6829.05,Signal Flip
353,EMA_CONFIRMED_20_200,SHORT,2026-01-17T04:00,3287.69,2026-01-17T04:45,3290.84,9,0.75,6829.05,-6.56,-0.1,6822.49,Signal Flip
354,EMA_CONFIRMED_20_200,SHORT,2026-01-17T06:05,3288.18,2026-01-17T06:40,3292.58,7,0.58,6822.49,-9.13,-0.13,6813.36,Signal Flip
355,EMA_CONFIRMED_20_200,SHORT,2026-01-17T06:50,3287.99,2026-01-17T06:55,3292.12,1,0.08,6813.36,-8.56,-0.13,6804.8,Signal Flip
356,EMA_CONFIRMED_20_200,SHORT,2026-01-17T07:05,3286.98,2026-01-17T07:20,3292.23,3,0.25,6804.8,-10.87,-0.16,6793.93,Signal Flip
357,EMA_CONFIRMED_20_200,SHORT,2026-01-17T07:50,3288.63,2026-01-17T07:55,3293.29,1,0.08,6793.93,-9.61,-0.14,6784.33,Signal Flip
358,EMA_CONFIRMED_20_200,LONG,2026-01-17T08:25,3295.03,2026-01-17T10:35,3295.05,26,2.17,6784.33,0.05,0.0,6784.38,Signal Flip
359,EMA_CONFIRMED_20_200,LONG,2026-01-17T11:10,3299.27,2026-01-17T12:20,3299.11,14,1.17,6784.38,-0.33,-0.0,6784.05,Signal Flip
360,EMA_CONFIRMED_20_200,LONG,2026-01-17T12:25,3303.0,2026-01-17T13:05,3298.35,8,0.67,6784.05,-9.55,-0.14,6774.5,Signal Flip
361,EMA_CONFIRMED_20_200,LONG,2026-01-17T13:20,3304.62,2026-01-17T14:10,3300.17,10,0.83,6774.5,-9.13,-0.13,6765.37,Signal Flip
362,EMA_CONFIRMED_20_200,LONG,2026-01-17T14:15,3309.53,2026-01-17T16:25,3315.73,26,2.17,6765.37,12.67,0.19,6778.04,Signal Flip
363,EMA_CONFIRMED_20_200,LONG,2026-01-17T16:30,3322.16,2026-01-17T16:35,3312.07,1,0.08,6778.04,-20.58,-0.3,6757.46,Signal Flip
364,EMA_CONFIRMED_20_200,LONG,2026-01-17T17:00,3320.94,2026-01-17T17:05,3315.74,1,0.08,6757.46,-10.58,-0.16,6746.88,Signal Flip
365,EMA_CONFIRMED_20_200,LONG,2026-01-17T17:10,3322.1,2026-01-17T17:50,3318.52,8,0.67,6746.88,-7.27,-0.11,6739.61,Signal Flip
366,EMA_CONFIRMED_20_200,LONG,2026-01-17T18:25,3322.06,2026-01-17T18:30,3317.56,1,0.08,6739.61,-9.13,-0.14,6730.48,Signal Flip
367,EMA_CONFIRMED_20_200,LONG,2026-01-17T18:40,3321.97,2026-01-17T18:45,3317.61,1,0.08,6730.48,-8.83,-0.13,6721.65,Signal Flip
368,EMA_CONFIRMED_20_200,LONG,2026-01-17T19:40,3322.42,2026-01-17T19:45,3316.43,1,0.08,6721.65,-12.12,-0.18,6709.53,Signal Flip
369,EMA_CONFIRMED_20_200,LONG,2026-01-17T20:20,3318.96,2026-01-17T20:35,3314.64,3,0.25,6709.53,-8.73,-0.13,6700.8,Signal Flip
370,EMA_CONFIRMED_20_200,LONG,2026-01-17T20:50,3319.54,2026-01-17T20:55,3315.66,1,0.08,6700.8,-7.83,-0.12,6692.98,Signal Flip
371,EMA_CONFIRMED_20_200,SHORT,2026-01-17T23:00,3300.36,2026-01-17T23:45,3310.98,9,0.75,6692.98,-21.55,-0.32,6671.43,Signal Flip
372,EMA_CONFIRMED_20_200,SHORT,2026-01-18T00:05,3305.15,2026-01-18T00:10,3314.3,1,0.08,6671.43,-18.47,-0.28,6652.96,Signal Flip
373,EMA_CONFIRMED_20_200,LONG,2026-01-18T00:15,3313.96,2026-01-18T00:45,3305.25,6,0.5,6652.96,-17.49,-0.26,6635.47,Signal Flip
374,EMA_CONFIRMED_20_200,SHORT,2026-01-18T01:00,3302.87,2026-01-18T02:05,3305.93,13,1.08,6635.47,-6.16,-0.09,6629.32,Signal Flip
375,EMA_CONFIRMED_20_200,SHORT,2026-01-18T02:25,3300.93,2026-01-18T02:50,3305.3,5,0.42,6629.32,-8.78,-0.13,6620.53,Signal Flip
376,EMA_CONFIRMED_20_200,LONG,2026-01-18T03:45,3317.77,2026-01-18T04:35,3310.07,10,0.83,6620.53,-15.35,-0.23,6605.18,Signal Flip
377,EMA_CONFIRMED_20_200,LONG,2026-01-18T04:45,3314.08,2026-01-18T04:55,3310.09,2,0.17,6605.18,-7.94,-0.12,6597.25,Signal Flip
378,EMA_CONFIRMED_20_200,LONG,2026-01-18T05:15,3315.06,2026-01-18T05:35,3310.46,4,0.33,6597.25,-9.14,-0.14,6588.11,Signal Flip
379,EMA_CONFIRMED_20_200,LONG,2026-01-18T05:40,3315.26,2026-01-18T06:25,3311.2,9,0.75,6588.11,-8.05,-0.12,6580.05,Signal Flip
380,EMA_CONFIRMED_20_200,LONG,2026-01-18T06:35,3316.55,2026-01-18T06:45,3312.81,2,0.17,6580.05,-7.41,-0.11,6572.64,Signal Flip
381,EMA_CONFIRMED_20_200,LONG,2026-01-18T07:00,3317.5,2026-01-18T07:10,3310.34,2,0.17,6572.64,-14.17,-0.22,6558.47,Signal Flip
382,EMA_CONFIRMED_20_200,SHORT,2026-01-18T08:15,3305.38,2026-01-18T08:30,3312.03,3,0.25,6558.47,-13.19,-0.2,6545.28,Signal Flip
383,EMA_CONFIRMED_20_200,LONG,2026-01-18T08:40,3313.63,2026-01-18T11:20,3318.39,32,2.67,6545.28,9.41,0.14,6554.69,Signal Flip
384,EMA_CONFIRMED_20_200,LONG,2026-01-18T11:45,3323.09,2026-01-18T12:10,3318.33,5,0.42,6554.69,-9.39,-0.14,6545.3,Signal Flip
385,EMA_CONFIRMED_20_200,LONG,2026-01-18T12:25,3322.56,2026-01-18T12:55,3320.73,6,0.5,6545.3,-3.61,-0.06,6541.69,Signal Flip
386,EMA_CONFIRMED_20_200,LONG,2026-01-18T13:00,3324.34,2026-01-18T13:05,3320.72,1,0.08,6541.69,-7.13,-0.11,6534.56,Signal Flip
387,EMA_CONFIRMED_20_200,LONG,2026-01-18T13:45,3330.25,2026-01-18T14:50,3327.15,13,1.08,6534.56,-6.1,-0.09,6528.46,Signal Flip
388,EMA_CONFIRMED_20_200,LONG,2026-01-18T15:20,3331.75,2026-01-18T16:30,3330.16,14,1.17,6528.46,-3.1,-0.05,6525.36,Signal Flip
389,EMA_CONFIRMED_20_200,LONG,2026-01-18T16:40,3335.16,2026-01-18T17:15,3330.83,7,0.58,6525.36,-8.46,-0.13,6516.9,Signal Flip
390,EMA_CONFIRMED_20_200,LONG,2026-01-18T17:20,3337.63,2026-01-18T19:30,3350.89,26,2.17,6516.9,25.9,0.4,6542.8,Signal Flip
391,EMA_CONFIRMED_20_200,LONG,2026-01-18T19:35,3354.68,2026-01-18T19:45,3348.91,2,0.17,6542.8,-11.24,-0.17,6531.57,Signal Flip
392,EMA_CONFIRMED_20_200,LONG,2026-01-18T20:25,3352.18,2026-01-18T20:35,3347.35,2,0.17,6531.57,-9.41,-0.14,6522.16,Signal Flip
393,EMA_CONFIRMED_20_200,LONG,2026-01-18T21:35,3346.03,2026-01-18T21:40,3341.45,1,0.08,6522.16,-8.93,-0.14,6513.22,Signal Flip
394,EMA_CONFIRMED_20_200,LONG,2026-01-18T21:45,3345.72,2026-01-18T21:55,3338.93,2,0.17,6513.22,-13.22,-0.2,6500.0,Signal Flip
395,EMA_CONFIRMED_20_200,LONG,2026-01-18T22:05,3345.34,2026-01-18T22:40,3343.79,7,0.58,6500.0,-3.02,-0.05,6496.98,Signal Flip
396,EMA_CONFIRMED_20_200,LONG,2026-01-18T22:45,3349.27,2026-01-18T23:05,3326.47,4,0.33,6496.98,-44.24,-0.68,6452.74,Signal Flip
397,EMA_CONFIRMED_20_200,SHORT,2026-01-18T23:40,3309.16,2026-01-19T02:25,3217.03,33,2.75,6452.74,179.66,2.78,6632.4,Signal Flip
398,EMA_CONFIRMED_20_200,SHORT,2026-01-19T02:30,3208.99,2026-01-19T03:10,3212.79,8,0.67,6632.4,-7.84,-0.12,6624.56,Signal Flip
399,EMA_CONFIRMED_20_200,SHORT,2026-01-19T03:15,3205.82,2026-01-19T03:45,3210.08,6,0.5,6624.56,-8.82,-0.13,6615.74,Signal Flip
400,EMA_CONFIRMED_20_200,SHORT,2026-01-19T04:15,3207.0,2026-01-19T04:20,3212.84,1,0.08,6615.74,-12.05,-0.18,6603.7,Signal Flip
401,EMA_CONFIRMED_20_200,SHORT,2026-01-19T04:25,3206.63,2026-01-19T04:30,3214.21,1,0.08,6603.7,-15.61,-0.24,6588.09,Signal Flip
402,EMA_CONFIRMED_20_200,SHORT,2026-01-19T05:15,3202.95,2026-01-19T07:10,3200.28,23,1.92,6588.09,5.49,0.08,6593.57,Signal Flip
403,EMA_CONFIRMED_20_200,SHORT,2026-01-19T08:15,3196.29,2026-01-19T08:20,3207.62,1,0.08,6593.57,-23.38,-0.35,6570.2,Signal Flip
404,EMA_CONFIRMED_20_200,SHORT,2026-01-19T09:20,3207.04,2026-01-19T09:25,3212.45,1,0.08,6570.2,-11.08,-0.17,6559.12,Signal Flip
405,EMA_CONFIRMED_20_200,SHORT,2026-01-19T09:40,3206.82,2026-01-19T09:50,3213.12,2,0.17,6559.12,-12.89,-0.2,6546.23,Signal Flip
406,EMA_CONFIRMED_20_200,SHORT,2026-01-19T09:55,3206.92,2026-01-19T10:15,3211.58,4,0.33,6546.23,-9.53,-0.15,6536.7,Signal Flip
407,EMA_CONFIRMED_20_200,SHORT,2026-01-19T10:35,3208.21,2026-01-19T10:45,3213.66,2,0.17,6536.7,-11.11,-0.17,6525.59,Signal Flip
408,EMA_CONFIRMED_20_200,SHORT,2026-01-19T13:05,3220.95,2026-01-19T15:05,3219.2,24,2.0,6525.59,3.55,0.05,6529.14,Signal Flip
409,EMA_CONFIRMED_20_200,SHORT,2026-01-19T15:25,3214.02,2026-01-19T15:35,3218.11,2,0.17,6529.14,-8.3,-0.13,6520.84,Signal Flip
410,EMA_CONFIRMED_20_200,SHORT,2026-01-19T15:40,3210.53,2026-01-19T15:50,3217.7,2,0.17,6520.84,-14.55,-0.22,6506.29,Signal Flip
411,EMA_CONFIRMED_20_200,SHORT,2026-01-19T16:10,3211.87,2026-01-19T16:20,3218.18,2,0.17,6506.29,-12.77,-0.2,6493.51,Signal Flip
412,EMA_CONFIRMED_20_200,SHORT,2026-01-19T17:45,3218.1,2026-01-19T18:00,3221.61,3,0.25,6493.51,-7.08,-0.11,6486.43,Signal Flip
413,EMA_CONFIRMED_20_200,SHORT,2026-01-19T18:05,3211.73,2026-01-19T18:45,3218.41,8,0.67,6486.43,-13.48,-0.21,6472.95,Signal Flip
414,EMA_CONFIRMED_20_200,SHORT,2026-01-19T18:50,3211.16,2026-01-19T19:10,3220.25,4,0.33,6472.95,-18.31,-0.28,6454.64,Signal Flip
415,EMA_CONFIRMED_20_200,SHORT,2026-01-19T19:40,3214.97,2026-01-19T19:45,3220.61,1,0.08,6454.64,-11.32,-0.18,6443.32,Signal Flip
416,EMA_CONFIRMED_20_200,SHORT,2026-01-19T20:35,3215.97,2026-01-19T20:40,3221.45,1,0.08,6443.32,-10.98,-0.17,6432.34,Signal Flip
417,EMA_CONFIRMED_20_200,SHORT,2026-01-19T20:45,3215.75,2026-01-19T21:05,3220.58,4,0.33,6432.34,-9.66,-0.15,6422.68,Signal Flip
418,EMA_CONFIRMED_20_200,SHORT,2026-01-19T21:10,3216.67,2026-01-19T23:35,3195.6,29,2.42,6422.68,42.08,0.66,6464.76,Signal Flip
419,EMA_CONFIRMED_20_200,SHORT,2026-01-19T23:40,3188.75,2026-01-20T00:05,3197.16,5,0.42,6464.76,-17.04,-0.26,6447.72,Signal Flip
420,EMA_CONFIRMED_20_200,SHORT,2026-01-20T00:15,3190.84,2026-01-20T00:45,3191.97,6,0.5,6447.72,-2.27,-0.04,6445.46,Signal Flip
421,EMA_CONFIRMED_20_200,SHORT,2026-01-20T00:50,3185.62,2026-01-20T01:20,3192.72,6,0.5,6445.46,-14.36,-0.22,6431.09,Signal Flip
422,EMA_CONFIRMED_20_200,SHORT,2026-01-20T02:05,3187.38,2026-01-20T02:40,3193.46,7,0.58,6431.09,-12.27,-0.19,6418.83,Signal Flip
423,EMA_CONFIRMED_20_200,SHORT,2026-01-20T03:10,3185.63,2026-01-20T03:20,3191.95,2,0.17,6418.83,-12.73,-0.2,6406.09,Signal Flip
424,EMA_CONFIRMED_20_200,SHORT,2026-01-20T03:25,3188.41,2026-01-20T03:50,3191.22,5,0.42,6406.09,-5.65,-0.09,6400.45,Signal Flip
425,EMA_CONFIRMED_20_200,SHORT,2026-01-20T03:55,3185.62,2026-01-20T04:35,3189.03,8,0.67,6400.45,-6.87,-0.11,6393.58,Signal Flip
426,EMA_CONFIRMED_20_200,SHORT,2026-01-20T04:40,3184.01,2026-01-20T05:55,3174.59,15,1.25,6393.58,18.92,0.3,6412.5,Signal Flip
427,EMA_CONFIRMED_20_200,SHORT,2026-01-20T06:00,3169.77,2026-01-20T10:15,3103.94,51,4.25,6412.5,133.18,2.08,6545.68,Signal Flip
428,EMA_CONFIRMED_20_200,SHORT,2026-01-20T12:20,3104.96,2026-01-20T12:35,3109.6,3,0.25,6545.68,-9.8,-0.15,6535.88,Signal Flip
429,EMA_CONFIRMED_20_200,SHORT,2026-01-20T13:05,3103.69,2026-01-20T16:20,3040.68,39,3.25,6535.88,132.68,2.03,6668.57,Signal Flip
430,EMA_CONFIRMED_20_200,SHORT,2026-01-20T16:25,3026.22,2026-01-20T19:55,2999.13,42,3.5,6668.57,59.69,0.9,6728.26,Signal Flip
431,EMA_CONFIRMED_20_200,SHORT,2026-01-20T20:05,2989.81,2026-01-20T20:20,3005.9,3,0.25,6728.26,-36.2,-0.54,6692.05,Signal Flip
432,EMA_CONFIRMED_20_200,SHORT,2026-01-20T20:40,2994.09,2026-01-20T20:45,2999.67,1,0.08,6692.05,-12.46,-0.19,6679.59,Signal Flip
433,EMA_CONFIRMED_20_200,SHORT,2026-01-20T20:55,2993.83,2026-01-20T21:00,3008.16,1,0.08,6679.59,-31.97,-0.48,6647.62,Signal Flip
434,EMA_CONFIRMED_20_200,SHORT,2026-01-20T21:20,2996.86,2026-01-20T22:10,2998.76,10,0.83,6647.62,-4.21,-0.06,6643.41,Signal Flip
435,EMA_CONFIRMED_20_200,SHORT,2026-01-20T22:20,2994.53,2026-01-21T00:40,2956.73,28,2.33,6643.41,83.87,1.26,6727.28,Signal Flip
436,EMA_CONFIRMED_20_200,SHORT,2026-01-21T02:30,2964.01,2026-01-21T02:50,2966.76,4,0.33,6727.28,-6.25,-0.09,6721.02,Signal Flip
437,EMA_CONFIRMED_20_200,SHORT,2026-01-21T03:00,2960.04,2026-01-21T03:05,2968.97,1,0.08,6721.02,-20.29,-0.3,6700.74,Signal Flip
438,EMA_CONFIRMED_20_200,SHORT,2026-01-21T06:35,2984.84,2026-01-21T09:05,2970.23,30,2.5,6700.74,32.78,0.49,6733.52,Signal Flip
439,EMA_CONFIRMED_20_200,SHORT,2026-01-21T09:10,2967.05,2026-01-21T09:15,2970.19,1,0.08,6733.52,-7.15,-0.11,6726.37,Signal Flip
440,EMA_CONFIRMED_20_200,SHORT,2026-01-21T09:50,2964.56,2026-01-21T10:40,2969.31,10,0.83,6726.37,-10.79,-0.16,6715.58,Signal Flip
441,EMA_CONFIRMED_20_200,SHORT,2026-01-21T10:55,2963.59,2026-01-21T11:15,2969.52,4,0.33,6715.58,-13.45,-0.2,6702.13,Signal Flip
442,EMA_CONFIRMED_20_200,SHORT,2026-01-21T11:40,2964.14,2026-01-21T13:05,2941.47,17,1.42,6702.13,51.25,0.76,6753.38,Signal Flip
443,EMA_CONFIRMED_20_200,SHORT,2026-01-21T13:20,2935.28,2026-01-21T13:35,2938.62,3,0.25,6753.38,-7.68,-0.11,6745.7,Signal Flip
444,EMA_CONFIRMED_20_200,SHORT,2026-01-21T13:40,2930.73,2026-01-21T14:05,2935.25,5,0.42,6745.7,-10.39,-0.15,6735.31,Signal Flip
445,EMA_CONFIRMED_20_200,LONG,2026-01-21T15:25,3008.02,2026-01-21T16:10,2986.0,9,0.75,6735.31,-49.32,-0.73,6685.99,Signal Flip
446,EMA_CONFIRMED_20_200,SHORT,2026-01-21T16:40,2927.35,2026-01-21T18:40,2912.65,24,2.0,6685.99,33.57,0.5,6719.57,Signal Flip
447,EMA_CONFIRMED_20_200,LONG,2026-01-21T19:50,3056.59,2026-01-21T22:25,3021.45,31,2.58,6719.57,-77.25,-1.15,6642.32,Signal Flip
448,EMA_CONFIRMED_20_200,LONG,2026-01-21T23:15,3023.65,2026-01-21T23:20,3015.43,1,0.08,6642.32,-18.06,-0.27,6624.26,Signal Flip
449,EMA_CONFIRMED_20_200,LONG,2026-01-22T00:30,3005.08,2026-01-22T02:50,3022.94,28,2.33,6624.26,39.36,0.59,6663.62,Signal Flip
450,EMA_CONFIRMED_20_200,LONG,2026-01-22T03:05,3026.71,2026-01-22T03:20,3017.57,3,0.25,6663.62,-20.13,-0.3,6643.49,Signal Flip
451,EMA_CONFIRMED_20_200,LONG,2026-01-22T04:10,3020.61,2026-01-22T04:15,3012.67,1,0.08,6643.49,-17.46,-0.26,6626.04,Signal Flip
452,EMA_CONFIRMED_20_200,LONG,2026-01-22T04:30,3019.84,2026-01-22T05:30,3015.45,12,1.0,6626.04,-9.63,-0.15,6616.41,Signal Flip
453,EMA_CONFIRMED_20_200,LONG,2026-01-22T06:00,3021.31,2026-01-22T06:10,3015.62,2,0.17,6616.41,-12.46,-0.19,6603.95,Signal Flip
454,EMA_CONFIRMED_20_200,LONG,2026-01-22T06:40,3019.66,2026-01-22T07:05,3013.87,5,0.42,6603.95,-12.66,-0.19,6591.3,Signal Flip
455,EMA_CONFIRMED_20_200,LONG,2026-01-22T08:55,3007.21,2026-01-22T10:15,3007.81,16,1.33,6591.3,1.3,0.02,6592.6,Signal Flip
456,EMA_CONFIRMED_20_200,SHORT,2026-01-22T11:15,2995.5,2026-01-22T12:35,2997.05,16,1.33,6592.6,-3.4,-0.05,6589.19,Signal Flip
457,EMA_CONFIRMED_20_200,SHORT,2026-01-22T12:45,2990.25,2026-01-22T13:05,2994.13,4,0.33,6589.19,-8.53,-0.13,6580.66,Signal Flip
458,EMA_CONFIRMED_20_200,SHORT,2026-01-22T13:10,2988.74,2026-01-22T13:15,2993.64,1,0.08,6580.66,-10.77,-0.16,6569.89,Signal Flip
459,EMA_CONFIRMED_20_200,SHORT,2026-01-22T13:35,2988.19,2026-01-22T15:50,2956.91,27,2.25,6569.89,68.77,1.05,6638.66,Signal Flip
460,EMA_CONFIRMED_20_200,SHORT,2026-01-22T15:55,2938.53,2026-01-22T16:05,2948.96,2,0.17,6638.66,-23.57,-0.36,6615.09,Signal Flip
461,EMA_CONFIRMED_20_200,SHORT,2026-01-22T16:10,2939.02,2026-01-22T16:25,2946.3,3,0.25,6615.09,-16.39,-0.25,6598.7,Signal Flip
462,EMA_CONFIRMED_20_200,SHORT,2026-01-22T16:30,2939.48,2026-01-22T16:50,2953.3,4,0.33,6598.7,-31.02,-0.47,6567.68,Signal Flip
463,EMA_CONFIRMED_20_200,SHORT,2026-01-22T17:15,2943.18,2026-01-22T17:20,2950.24,1,0.08,6567.68,-15.77,-0.24,6551.91,Signal Flip
464,EMA_CONFIRMED_20_200,SHORT,2026-01-22T17:30,2937.53,2026-01-22T17:45,2947.54,3,0.25,6551.91,-22.33,-0.34,6529.58,Signal Flip
465,EMA_CONFIRMED_20_200,SHORT,2026-01-22T18:45,2952.21,2026-01-22T19:35,2956.47,10,0.83,6529.58,-9.41,-0.14,6520.17,Signal Flip
466,EMA_CONFIRMED_20_200,SHORT,2026-01-22T19:50,2947.83,2026-01-22T19:55,2958.05,1,0.08,6520.17,-22.61,-0.35,6497.56,Signal Flip
467,EMA_CONFIRMED_20_200,SHORT,2026-01-22T20:05,2949.83,2026-01-22T20:15,2956.98,2,0.17,6497.56,-15.73,-0.24,6481.82,Signal Flip
468,EMA_CONFIRMED_20_200,SHORT,2026-01-22T20:25,2942.34,2026-01-22T21:20,2949.2,11,0.92,6481.82,-15.12,-0.23,6466.7,Signal Flip
469,EMA_CONFIRMED_20_200,SHORT,2026-01-22T21:45,2943.54,2026-01-22T21:50,2949.2,1,0.08,6466.7,-12.45,-0.19,6454.25,Signal Flip
470,EMA_CONFIRMED_20_200,SHORT,2026-01-22T22:35,2945.06,2026-01-22T22:40,2950.81,1,0.08,6454.25,-12.62,-0.2,6441.63,Signal Flip
471,EMA_CONFIRMED_20_200,SHORT,2026-01-22T23:05,2941.87,2026-01-22T23:25,2951.86,4,0.33,6441.63,-21.87,-0.34,6419.76,Signal Flip
472,EMA_CONFIRMED_20_200,SHORT,2026-01-23T00:30,2949.85,2026-01-23T00:50,2953.58,4,0.33,6419.76,-8.1,-0.13,6411.66,Signal Flip
473,EMA_CONFIRMED_20_200,SHORT,2026-01-23T02:30,2958.93,2026-01-23T02:35,2963.8,1,0.08,6411.66,-10.56,-0.16,6401.11,Signal Flip
474,EMA_CONFIRMED_20_200,SHORT,2026-01-23T02:45,2958.01,2026-01-23T03:15,2960.5,6,0.5,6401.11,-5.39,-0.08,6395.72,Signal Flip
475,EMA_CONFIRMED_20_200,LONG,2026-01-23T04:15,2979.08,2026-01-23T05:25,2967.6,14,1.17,6395.72,-24.65,-0.39,6371.07,Signal Flip
476,EMA_CONFIRMED_20_200,LONG,2026-01-23T06:05,2973.08,2026-01-23T06:25,2956.91,4,0.33,6371.07,-34.64,-0.54,6336.43,Signal Flip
477,EMA_CONFIRMED_20_200,SHORT,2026-01-23T06:45,2953.67,2026-01-23T10:25,2930.18,44,3.67,6336.43,50.39,0.8,6386.82,Signal Flip
478,EMA_CONFIRMED_20_200,SHORT,2026-01-23T10:30,2925.48,2026-01-23T10:40,2928.86,2,0.17,6386.82,-7.39,-0.12,6379.42,Signal Flip
479,EMA_CONFIRMED_20_200,SHORT,2026-01-23T12:15,2933.02,2026-01-23T12:25,2940.05,2,0.17,6379.42,-15.28,-0.24,6364.14,Signal Flip
480,EMA_CONFIRMED_20_200,SHORT,2026-01-23T12:35,2932.68,2026-01-23T13:05,2937.96,6,0.5,6364.14,-11.45,-0.18,6352.69,Signal Flip
481,EMA_CONFIRMED_20_200,SHORT,2026-01-23T13:10,2934.55,2026-01-23T13:15,2941.53,1,0.08,6352.69,-15.11,-0.24,6337.58,Signal Flip
482,EMA_CONFIRMED_20_200,SHORT,2026-01-23T13:35,2931.98,2026-01-23T14:10,2937.03,7,0.58,6337.58,-10.9,-0.17,6326.68,Signal Flip
483,EMA_CONFIRMED_20_200,SHORT,2026-01-23T14:15,2932.83,2026-01-23T14:20,2936.81,1,0.08,6326.68,-8.57,-0.14,6318.11,Signal Flip
484,EMA_CONFIRMED_20_200,SHORT,2026-01-23T14:35,2912.79,2026-01-23T15:25,2929.92,10,0.83,6318.11,-37.16,-0.59,6280.95,Signal Flip
485,EMA_CONFIRMED_20_200,LONG,2026-01-23T16:40,2972.27,2026-01-23T18:55,2985.89,27,2.25,6280.95,28.78,0.46,6309.73,Signal Flip
486,EMA_CONFIRMED_20_200,LONG,2026-01-23T19:00,2990.09,2026-01-23T19:05,2978.59,1,0.08,6309.73,-24.28,-0.38,6285.45,Signal Flip
487,EMA_CONFIRMED_20_200,SHORT,2026-01-23T20:50,2933.88,2026-01-23T21:25,2953.5,7,0.58,6285.45,-42.02,-0.67,6243.43,Signal Flip
488,EMA_CONFIRMED_20_200,SHORT,2026-01-23T21:30,2948.54,2026-01-23T22:05,2955.1,7,0.58,6243.43,-13.87,-0.22,6229.56,Signal Flip
489,EMA_CONFIRMED_20_200,LONG,2026-01-23T23:00,2961.5,2026-01-23T23:10,2952.89,2,0.17,6229.56,-18.11,-0.29,6211.45,Signal Flip
490,EMA_CONFIRMED_20_200,LONG,2026-01-23T23:15,2957.02,2026-01-23T23:20,2951.51,1,0.08,6211.45,-11.56,-0.19,6199.89,Signal Flip
491,EMA_CONFIRMED_20_200,LONG,2026-01-23T23:25,2957.54,2026-01-23T23:40,2952.88,3,0.25,6199.89,-9.76,-0.16,6190.13,Signal Flip
492,EMA_CONFIRMED_20_200,LONG,2026-01-23T23:55,2956.3,2026-01-24T00:15,2951.46,4,0.33,6190.13,-10.12,-0.16,6180.01,Signal Flip
493,EMA_CONFIRMED_20_200,LONG,2026-01-24T00:20,2956.89,2026-01-24T00:25,2952.48,1,0.08,6180.01,-9.21,-0.15,6170.81,Signal Flip
494,EMA_CONFIRMED_20_200,LONG,2026-01-24T00:35,2956.99,2026-01-24T00:40,2951.82,1,0.08,6170.81,-10.78,-0.17,6160.03,Signal Flip
495,EMA_CONFIRMED_20_200,SHORT,2026-01-24T00:45,2950.06,2026-01-24T01:10,2955.33,5,0.42,6160.03,-10.99,-0.18,6149.04,Signal Flip
496,EMA_CONFIRMED_20_200,LONG,2026-01-24T01:30,2960.28,2026-01-24T01:40,2952.88,2,0.17,6149.04,-15.36,-0.25,6133.68,Signal Flip
497,EMA_CONFIRMED_20_200,LONG,2026-01-24T01:45,2957.36,2026-01-24T01:50,2951.25,1,0.08,6133.68,-12.66,-0.21,6121.01,Signal Flip
498,EMA_CONFIRMED_20_200,LONG,2026-01-24T02:00,2957.6,2026-01-24T03:50,2960.35,22,1.83,6121.01,5.69,0.09,6126.71,Signal Flip
499,EMA_CONFIRMED_20_200,LONG,2026-01-24T03:55,2964.63,2026-01-24T04:30,2959.23,7,0.58,6126.71,-11.16,-0.18,6115.54,Signal Flip
500,EMA_CONFIRMED_20_200,LONG,2026-01-24T05:00,2964.89,2026-01-24T05:05,2960.53,1,0.08,6115.54,-9.0,-0.15,6106.55,Signal Flip
501,EMA_CONFIRMED_20_200,LONG,2026-01-24T05:15,2965.19,2026-01-24T05:40,2960.62,5,0.42,6106.55,-9.42,-0.15,6097.13,Signal Flip
502,EMA_CONFIRMED_20_200,LONG,2026-01-24T06:15,2964.9,2026-01-24T06:20,2958.73,1,0.08,6097.13,-12.69,-0.21,6084.44,Signal Flip
503,EMA_CONFIRMED_20_200,LONG,2026-01-24T06:40,2964.76,2026-01-24T07:00,2960.31,4,0.33,6084.44,-9.14,-0.15,6075.3,Signal Flip
504,EMA_CONFIRMED_20_200,LONG,2026-01-24T08:40,2960.82,2026-01-24T09:40,2959.49,12,1.0,6075.3,-2.73,-0.04,6072.57,Signal Flip
505,EMA_CONFIRMED_20_200,LONG,2026-01-24T09:45,2963.0,2026-01-24T09:50,2959.36,1,0.08,6072.57,-7.46,-0.12,6065.11,Signal Flip
506,EMA_CONFIRMED_20_200,LONG,2026-01-24T10:05,2962.81,2026-01-24T10:15,2958.29,2,0.17,6065.11,-9.25,-0.15,6055.85,Signal Flip
507,EMA_CONFIRMED_20_200,LONG,2026-01-24T10:45,2962.35,2026-01-24T12:00,2959.69,15,1.25,6055.85,-5.44,-0.09,6050.41,Signal Flip
508,EMA_CONFIRMED_20_200,LONG,2026-01-24T12:25,2963.79,2026-01-24T12:40,2959.61,3,0.25,6050.41,-8.54,-0.14,6041.88,Signal Flip
509,EMA_CONFIRMED_20_200,LONG,2026-01-24T12:45,2963.52,2026-01-24T13:10,2960.26,5,0.42,6041.88,-6.65,-0.11,6035.23,Signal Flip
510,EMA_CONFIRMED_20_200,SHORT,2026-01-24T14:05,2951.08,2026-01-24T14:35,2960.02,6,0.5,6035.23,-18.27,-0.3,6016.95,Signal Flip
511,EMA_CONFIRMED_20_200,LONG,2026-01-24T15:10,2967.7,2026-01-24T15:40,2958.84,6,0.5,6016.95,-17.97,-0.3,5998.98,Signal Flip
512,EMA_CONFIRMED_20_200,LONG,2026-01-24T15:50,2963.2,2026-01-24T15:55,2956.42,1,0.08,5998.98,-13.73,-0.23,5985.26,Signal Flip
513,EMA_CONFIRMED_20_200,LONG,2026-01-24T16:10,2961.9,2026-01-24T16:15,2955.38,1,0.08,5985.26,-13.17,-0.22,5972.08,Signal Flip
514,EMA_CONFIRMED_20_200,SHORT,2026-01-24T16:20,2952.52,2026-01-24T16:50,2961.18,6,0.5,5972.08,-17.51,-0.29,5954.57,Signal Flip
515,EMA_CONFIRMED_20_200,LONG,2026-01-24T17:25,2967.06,2026-01-24T18:45,2961.54,16,1.33,5954.57,-11.09,-0.19,5943.49,Signal Flip
516,EMA_CONFIRMED_20_200,LONG,2026-01-24T18:50,2965.05,2026-01-24T19:05,2961.39,3,0.25,5943.49,-7.34,-0.12,5936.14,Signal Flip
517,EMA_CONFIRMED_20_200,SHORT,2026-01-24T19:50,2952.72,2026-01-24T21:45,2958.19,23,1.92,5936.14,-10.99,-0.19,5925.16,Signal Flip
518,EMA_CONFIRMED_20_200,LONG,2026-01-24T22:55,2963.83,2026-01-24T23:05,2956.54,2,0.17,5925.16,-14.57,-0.25,5910.58,Signal Flip
519,EMA_CONFIRMED_20_200,SHORT,2026-01-24T23:20,2955.52,2026-01-25T00:45,2957.46,17,1.42,5910.58,-3.87,-0.07,5906.71,Signal Flip
520,EMA_CONFIRMED_20_200,SHORT,2026-01-25T01:20,2952.79,2026-01-25T01:50,2956.42,6,0.5,5906.71,-7.25,-0.12,5899.46,Signal Flip
521,EMA_CONFIRMED_20_200,SHORT,2026-01-25T01:55,2952.51,2026-01-25T02:00,2956.64,1,0.08,5899.46,-8.24,-0.14,5891.22,Signal Flip
522,EMA_CONFIRMED_20_200,SHORT,2026-01-25T02:25,2953.98,2026-01-25T02:35,2956.81,2,0.17,5891.22,-5.63,-0.1,5885.58,Signal Flip
523,EMA_CONFIRMED_20_200,SHORT,2026-01-25T02:40,2953.02,2026-01-25T04:35,2947.94,23,1.92,5885.58,10.12,0.17,5895.71,Signal Flip
524,EMA_CONFIRMED_20_200,SHORT,2026-01-25T05:00,2943.82,2026-01-25T05:10,2948.16,2,0.17,5895.71,-8.7,-0.15,5887.0,Signal Flip
525,EMA_CONFIRMED_20_200,SHORT,2026-01-25T05:35,2942.38,2026-01-25T05:50,2947.91,3,0.25,5887.0,-11.07,-0.19,5875.93,Signal Flip
526,EMA_CONFIRMED_20_200,SHORT,2026-01-25T06:05,2943.41,2026-01-25T06:45,2948.15,8,0.67,5875.93,-9.47,-0.16,5866.45,Signal Flip
527,EMA_CONFIRMED_20_200,SHORT,2026-01-25T07:05,2941.63,2026-01-25T07:30,2945.07,5,0.42,5866.45,-6.87,-0.12,5859.59,Signal Flip
528,EMA_CONFIRMED_20_200,SHORT,2026-01-25T07:45,2939.39,2026-01-25T08:10,2944.25,5,0.42,5859.59,-9.69,-0.17,5849.9,Signal Flip
529,EMA_CONFIRMED_20_200,SHORT,2026-01-25T08:30,2940.32,2026-01-25T09:35,2937.84,13,1.08,5849.9,4.94,0.08,5854.83,Signal Flip
530,EMA_CONFIRMED_20_200,SHORT,2026-01-25T10:00,2934.28,2026-01-25T10:05,2938.02,1,0.08,5854.83,-7.45,-0.13,5847.38,Signal Flip
531,EMA_CONFIRMED_20_200,SHORT,2026-01-25T11:40,2935.66,2026-01-25T12:15,2941.33,7,0.58,5847.38,-11.29,-0.19,5836.09,Signal Flip
532,EMA_CONFIRMED_20_200,SHORT,2026-01-25T12:20,2933.07,2026-01-25T12:25,2942.24,1,0.08,5836.09,-18.24,-0.31,5817.84,Signal Flip
533,EMA_CONFIRMED_20_200,SHORT,2026-01-25T12:35,2936.32,2026-01-25T12:40,2941.12,1,0.08,5817.84,-9.51,-0.16,5808.34,Signal Flip
534,EMA_CONFIRMED_20_200,SHORT,2026-01-25T13:15,2938.1,2026-01-25T13:20,2943.07,1,0.08,5808.34,-9.83,-0.17,5798.51,Signal Flip
535,EMA_CONFIRMED_20_200,SHORT,2026-01-25T13:25,2938.62,2026-01-25T13:40,2942.09,3,0.25,5798.51,-6.85,-0.12,5791.66,Signal Flip
536,EMA_CONFIRMED_20_200,SHORT,2026-01-25T14:05,2936.86,2026-01-25T15:30,2936.02,17,1.42,5791.66,1.66,0.03,5793.33,Signal Flip
537,EMA_CONFIRMED_20_200,SHORT,2026-01-25T15:35,2929.83,2026-01-25T21:05,2818.52,66,5.5,5793.33,220.11,3.8,6013.44,Signal Flip
538,EMA_CONFIRMED_20_200,SHORT,2026-01-25T21:35,2807.89,2026-01-25T21:50,2817.19,3,0.25,6013.44,-19.92,-0.33,5993.51,Signal Flip
539,EMA_CONFIRMED_20_200,SHORT,2026-01-25T22:20,2807.57,2026-01-25T23:00,2808.54,8,0.67,5993.51,-2.09,-0.03,5991.43,Signal Flip
540,EMA_CONFIRMED_20_200,SHORT,2026-01-25T23:05,2804.2,2026-01-25T23:25,2809.59,4,0.33,5991.43,-11.53,-0.19,5979.9,Signal Flip
541,EMA_CONFIRMED_20_200,SHORT,2026-01-25T23:30,2804.02,2026-01-25T23:35,2807.77,1,0.08,5979.9,-8.01,-0.13,5971.89,Signal Flip
542,EMA_CONFIRMED_20_200,SHORT,2026-01-25T23:40,2799.39,2026-01-25T23:50,2818.51,2,0.17,5971.89,-40.79,-0.68,5931.1,Signal Flip
543,EMA_CONFIRMED_20_200,LONG,2026-01-26T02:40,2876.39,2026-01-26T02:45,2866.7,1,0.08,5931.1,-19.98,-0.34,5911.12,Signal Flip
544,EMA_CONFIRMED_20_200,LONG,2026-01-26T02:50,2872.67,2026-01-26T02:55,2864.33,1,0.08,5911.12,-17.16,-0.29,5893.96,Signal Flip
545,EMA_CONFIRMED_20_200,SHORT,2026-01-26T03:00,2864.55,2026-01-26T03:05,2871.76,1,0.08,5893.96,-14.83,-0.25,5879.13,Signal Flip
546,EMA_CONFIRMED_20_200,SHORT,2026-01-26T03:10,2865.99,2026-01-26T04:15,2858.72,13,1.08,5879.13,14.91,0.25,5894.03,Signal Flip
547,EMA_CONFIRMED_20_200,SHORT,2026-01-26T05:10,2861.37,2026-01-26T05:20,2865.5,2,0.17,5894.03,-8.51,-0.14,5885.52,Signal Flip
548,EMA_CONFIRMED_20_200,LONG,2026-01-26T06:25,2875.11,2026-01-26T09:05,2899.96,32,2.67,5885.52,50.87,0.86,5936.39,Signal Flip
549,EMA_CONFIRMED_20_200,LONG,2026-01-26T10:15,2895.47,2026-01-26T10:20,2892.14,1,0.08,5936.39,-6.81,-0.11,5929.58,Signal Flip
550,EMA_CONFIRMED_20_200,LONG,2026-01-26T10:25,2896.57,2026-01-26T11:20,2895.27,11,0.92,5929.58,-2.65,-0.04,5926.93,Signal Flip
551,EMA_CONFIRMED_20_200,LONG,2026-01-26T12:05,2900.13,2026-01-26T13:05,2897.1,12,1.0,5926.93,-6.19,-0.1,5920.74,Signal Flip
552,EMA_CONFIRMED_20_200,LONG,2026-01-26T13:10,2903.16,2026-01-26T14:10,2903.01,12,1.0,5920.74,-0.31,-0.01,5920.43,Signal Flip
553,EMA_CONFIRMED_20_200,LONG,2026-01-26T14:35,2903.65,2026-01-26T15:35,2913.75,12,1.0,5920.43,20.6,0.35,5941.02,Signal Flip
554,EMA_CONFIRMED_20_200,LONG,2026-01-26T16:25,2913.39,2026-01-26T16:30,2905.22,1,0.08,5941.02,-16.66,-0.28,5924.36,Signal Flip
555,EMA_CONFIRMED_20_200,LONG,2026-01-26T16:35,2910.66,2026-01-26T16:40,2901.46,1,0.08,5924.36,-18.74,-0.32,5905.62,Signal Flip
556,EMA_CONFIRMED_20_200,LONG,2026-01-26T16:50,2917.08,2026-01-26T17:00,2900.06,2,0.17,5905.62,-34.45,-0.58,5871.17,Signal Flip
557,EMA_CONFIRMED_20_200,LONG,2026-01-26T17:05,2909.53,2026-01-26T17:10,2901.61,1,0.08,5871.17,-15.99,-0.27,5855.18,Signal Flip
558,EMA_CONFIRMED_20_200,LONG,2026-01-26T17:40,2907.18,2026-01-26T19:55,2918.93,27,2.25,5855.18,23.66,0.4,5878.84,Signal Flip
559,EMA_CONFIRMED_20_200,LONG,2026-01-26T20:05,2929.63,2026-01-26T20:10,2922.54,1,0.08,5878.84,-14.24,-0.24,5864.6,Signal Flip
560,EMA_CONFIRMED_20_200,LONG,2026-01-26T21:35,2914.02,2026-01-26T22:20,2919.08,9,0.75,5864.6,10.19,0.17,5874.79,Signal Flip
561,EMA_CONFIRMED_20_200,LONG,2026-01-26T22:25,2925.08,2026-01-26T23:05,2919.05,8,0.67,5874.79,-12.11,-0.21,5862.67,Signal Flip
562,EMA_CONFIRMED_20_200,LONG,2026-01-26T23:15,2925.34,2026-01-26T23:20,2921.75,1,0.08,5862.67,-7.2,-0.12,5855.47,Signal Flip
563,EMA_CONFIRMED_20_200,LONG,2026-01-26T23:25,2933.07,2026-01-27T00:05,2925.79,8,0.67,5855.47,-14.53,-0.25,5840.94,Signal Flip
564,EMA_CONFIRMED_20_200,LONG,2026-01-27T00:25,2929.97,2026-01-27T00:30,2923.57,1,0.08,5840.94,-12.77,-0.22,5828.17,Signal Flip
565,EMA_CONFIRMED_20_200,LONG,2026-01-27T01:25,2928.7,2026-01-27T03:15,2936.28,22,1.83,5828.17,15.08,0.26,5843.25,Signal Flip
566,EMA_CONFIRMED_20_200,LONG,2026-01-27T03:20,2941.11,2026-01-27T03:55,2939.13,7,0.58,5843.25,-3.93,-0.07,5839.31,Signal Flip
567,EMA_CONFIRMED_20_200,LONG,2026-01-27T04:00,2942.64,2026-01-27T04:05,2937.99,1,0.08,5839.31,-9.23,-0.16,5830.08,Signal Flip
568,EMA_CONFIRMED_20_200,LONG,2026-01-27T04:10,2948.15,2026-01-27T04:45,2941.7,7,0.58,5830.08,-12.76,-0.22,5817.32,Signal Flip
569,EMA_CONFIRMED_20_200,LONG,2026-01-27T05:50,2942.74,2026-01-27T05:55,2937.64,1,0.08,5817.32,-10.08,-0.17,5807.24,Signal Flip
570,EMA_CONFIRMED_20_200,LONG,2026-01-27T06:10,2942.47,2026-01-27T06:25,2938.23,3,0.25,5807.24,-8.37,-0.14,5798.87,Signal Flip
571,EMA_CONFIRMED_20_200,LONG,2026-01-27T07:30,2935.2,2026-01-27T07:50,2929.68,4,0.33,5798.87,-10.89,-0.19,5787.98,Signal Flip
572,EMA_CONFIRMED_20_200,SHORT,2026-01-27T09:15,2911.99,2026-01-27T11:35,2915.45,28,2.33,5787.98,-6.86,-0.12,5781.11,Signal Flip
573,EMA_CONFIRMED_20_200,SHORT,2026-01-27T12:50,2916.13,2026-01-27T12:55,2920.19,1,0.08,5781.11,-8.05,-0.14,5773.07,Signal Flip
574,EMA_CONFIRMED_20_200,SHORT,2026-01-27T13:05,2916.67,2026-01-27T13:45,2917.65,8,0.67,5773.07,-1.93,-0.03,5771.13,Signal Flip
575,EMA_CONFIRMED_20_200,SHORT,2026-01-27T13:50,2908.14,2026-01-27T14:05,2921.3,3,0.25,5771.13,-26.13,-0.45,5745.01,Signal Flip
576,EMA_CONFIRMED_20_200,SHORT,2026-01-27T14:40,2911.38,2026-01-27T14:55,2923.3,3,0.25,5745.01,-23.52,-0.41,5721.49,Signal Flip
577,EMA_CONFIRMED_20_200,SHORT,2026-01-27T15:00,2917.19,2026-01-27T15:05,2925.71,1,0.08,5721.49,-16.71,-0.29,5704.78,Signal Flip
578,EMA_CONFIRMED_20_200,LONG,2026-01-27T15:15,2932.4,2026-01-27T15:25,2919.98,2,0.17,5704.78,-24.15,-0.42,5680.62,Signal Flip
579,EMA_CONFIRMED_20_200,LONG,2026-01-27T15:40,2922.9,2026-01-27T15:45,2918.03,1,0.08,5680.62,-9.47,-0.17,5671.16,Signal Flip
580,EMA_CONFIRMED_20_200,LONG,2026-01-27T15:50,2934.21,2026-01-27T17:15,2958.42,17,1.42,5671.16,46.8,0.83,5717.96,Signal Flip
581,EMA_CONFIRMED_20_200,LONG,2026-01-27T18:30,2947.35,2026-01-27T18:35,2939.99,1,0.08,5717.96,-14.29,-0.25,5703.67,Signal Flip
582,EMA_CONFIRMED_20_200,LONG,2026-01-27T18:40,2947.01,2026-01-27T22:20,3005.27,44,3.67,5703.67,112.74,1.98,5816.42,Signal Flip
583,EMA_CONFIRMED_20_200,LONG,2026-01-27T22:40,3019.51,2026-01-27T23:05,3011.41,5,0.42,5816.42,-15.59,-0.27,5800.82,Signal Flip
584,EMA_CONFIRMED_20_200,LONG,2026-01-27T23:10,3019.98,2026-01-28T00:05,3019.66,11,0.92,5800.82,-0.61,-0.01,5800.21,Signal Flip
585,EMA_CONFIRMED_20_200,LONG,2026-01-28T00:10,3024.59,2026-01-28T00:20,3020.21,2,0.17,5800.21,-8.4,-0.14,5791.8,Signal Flip
586,EMA_CONFIRMED_20_200,LONG,2026-01-28T00:25,3027.89,2026-01-28T00:35,3018.63,2,0.17,5791.8,-17.72,-0.31,5774.09,Signal Flip
587,EMA_CONFIRMED_20_200,LONG,2026-01-28T00:50,3023.44,2026-01-28T00:55,3019.15,1,0.08,5774.09,-8.2,-0.14,5765.89,Signal Flip
588,EMA_CONFIRMED_20_200,LONG,2026-01-28T01:00,3025.77,2026-01-28T01:10,3020.68,2,0.17,5765.89,-9.71,-0.17,5756.18,Signal Flip
589,EMA_CONFIRMED_20_200,LONG,2026-01-28T01:55,3020.67,2026-01-28T02:05,3014.54,2,0.17,5756.18,-11.68,-0.2,5744.51,Signal Flip
590,EMA_CONFIRMED_20_200,LONG,2026-01-28T05:05,3007.11,2026-01-28T05:15,2996.73,2,0.17,5744.51,-19.83,-0.35,5724.68,Signal Flip
591,EMA_CONFIRMED_20_200,LONG,2026-01-28T05:35,3004.02,2026-01-28T05:40,2999.55,1,0.08,5724.68,-8.52,-0.15,5716.15,Signal Flip
592,EMA_CONFIRMED_20_200,LONG,2026-01-28T05:50,3003.6,2026-01-28T06:45,3004.66,11,0.92,5716.15,2.01,0.04,5718.16,Signal Flip
593,EMA_CONFIRMED_20_200,LONG,2026-01-28T06:50,3011.13,2026-01-28T07:15,3006.66,5,0.42,5718.16,-8.51,-0.15,5709.66,Signal Flip
594,EMA_CONFIRMED_20_200,LONG,2026-01-28T07:50,3010.8,2026-01-28T07:55,3004.0,1,0.08,5709.66,-12.91,-0.23,5696.75,Signal Flip
595,EMA_CONFIRMED_20_200,LONG,2026-01-28T09:35,3000.63,2026-01-28T11:15,3016.48,20,1.67,5696.75,30.09,0.53,5726.84,Signal Flip
596,EMA_CONFIRMED_20_200,LONG,2026-01-28T11:20,3021.76,2026-01-28T11:25,3017.24,1,0.08,5726.84,-8.57,-0.15,5718.28,Signal Flip
597,EMA_CONFIRMED_20_200,LONG,2026-01-28T11:30,3022.33,2026-01-28T11:35,3017.81,1,0.08,5718.28,-8.55,-0.15,5709.72,Signal Flip
598,EMA_CONFIRMED_20_200,LONG,2026-01-28T11:40,3022.18,2026-01-28T12:25,3025.43,9,0.75,5709.72,6.13,0.11,5715.86,Signal Flip
599,EMA_CONFIRMED_20_200,LONG,2026-01-28T12:30,3031.19,2026-01-28T12:35,3024.66,1,0.08,5715.86,-12.33,-0.22,5703.53,Signal Flip
600,EMA_CONFIRMED_20_200,LONG,2026-01-28T12:40,3032.43,2026-01-28T12:50,3025.68,2,0.17,5703.53,-12.69,-0.22,5690.84,Signal Flip
601,EMA_CONFIRMED_20_200,LONG,2026-01-28T12:55,3035.98,2026-01-28T14:05,3032.5,14,1.17,5690.84,-6.51,-0.11,5684.32,Signal Flip
602,EMA_CONFIRMED_20_200,LONG,2026-01-28T15:55,3013.61,2026-01-28T16:00,3006.75,1,0.08,5684.32,-12.94,-0.23,5671.38,Signal Flip
603,EMA_CONFIRMED_20_200,SHORT,2026-01-28T16:15,2996.11,2026-01-28T16:30,3017.24,3,0.25,5671.38,-39.99,-0.71,5631.39,Signal Flip
604,EMA_CONFIRMED_20_200,SHORT,2026-01-28T16:35,3005.17,2026-01-28T16:40,3010.17,1,0.08,5631.39,-9.38,-0.17,5622.01,Signal Flip
605,EMA_CONFIRMED_20_200,SHORT,2026-01-28T16:45,3000.02,2026-01-28T17:15,3007.76,6,0.5,5622.01,-14.51,-0.26,5607.5,Signal Flip
606,EMA_CONFIRMED_20_200,SHORT,2026-01-28T17:25,3001.68,2026-01-28T17:40,3013.13,3,0.25,5607.5,-21.39,-0.38,5586.11,Signal Flip
607,EMA_CONFIRMED_20_200,LONG,2026-01-28T17:55,3028.94,2026-01-28T18:05,3007.4,2,0.17,5586.11,-39.74,-0.71,5546.37,Signal Flip
608,EMA_CONFIRMED_20_200,LONG,2026-01-28T18:10,3013.7,2026-01-28T18:35,3011.11,5,0.42,5546.37,-4.75,-0.09,5541.62,Signal Flip
609,EMA_CONFIRMED_20_200,LONG,2026-01-28T19:00,3017.02,2026-01-28T19:10,3008.41,2,0.17,5541.62,-15.82,-0.29,5525.8,Signal Flip
610,EMA_CONFIRMED_20_200,LONG,2026-01-28T19:25,3015.02,2026-01-28T19:30,3010.22,1,0.08,5525.8,-8.78,-0.16,5517.01,Signal Flip
611,EMA_CONFIRMED_20_200,LONG,2026-01-28T19:50,3015.05,2026-01-28T20:40,3015.48,10,0.83,5517.01,0.8,0.01,5517.81,Signal Flip
612,EMA_CONFIRMED_20_200,LONG,2026-01-28T21:15,3017.51,2026-01-28T21:25,3013.59,2,0.17,5517.81,-7.16,-0.13,5510.65,Signal Flip
613,EMA_CONFIRMED_20_200,LONG,2026-01-28T21:40,3019.32,2026-01-28T22:15,3012.36,7,0.58,5510.65,-12.7,-0.23,5497.96,Signal Flip
614,EMA_CONFIRMED_20_200,LONG,2026-01-28T22:55,3019.69,2026-01-28T23:15,3013.9,4,0.33,5497.96,-10.54,-0.19,5487.42,Signal Flip
615,EMA_CONFIRMED_20_200,LONG,2026-01-28T23:20,3022.45,2026-01-28T23:30,3011.99,2,0.17,5487.42,-18.99,-0.35,5468.43,Signal Flip
616,EMA_CONFIRMED_20_200,SHORT,2026-01-29T00:20,3001.18,2026-01-29T01:00,3010.98,8,0.67,5468.43,-17.87,-0.33,5450.57,Signal Flip
617,EMA_CONFIRMED_20_200,SHORT,2026-01-29T01:10,3003.61,2026-01-29T04:50,2959.19,44,3.67,5450.57,80.61,1.48,5531.17,Signal Flip
618,EMA_CONFIRMED_20_200,SHORT,2026-01-29T05:30,2956.16,2026-01-29T05:35,2961.93,1,0.08,5531.17,-10.79,-0.2,5520.38,Signal Flip
619,EMA_CONFIRMED_20_200,SHORT,2026-01-29T05:45,2955.36,2026-01-29T06:05,2958.44,4,0.33,5520.38,-5.75,-0.1,5514.63,Signal Flip
620,EMA_CONFIRMED_20_200,SHORT,2026-01-29T06:10,2953.88,2026-01-29T06:30,2958.4,4,0.33,5514.63,-8.43,-0.15,5506.2,Signal Flip
621,EMA_CONFIRMED_20_200,SHORT,2026-01-29T06:50,2954.1,2026-01-29T07:05,2960.8,3,0.25,5506.2,-12.48,-0.23,5493.71,Signal Flip
622,EMA_CONFIRMED_20_200,SHORT,2026-01-29T07:30,2954.73,2026-01-29T07:35,2960.38,1,0.08,5493.71,-10.5,-0.19,5483.21,Signal Flip
623,EMA_CONFIRMED_20_200,SHORT,2026-01-29T08:05,2955.63,2026-01-29T08:30,2969.63,5,0.42,5483.21,-25.98,-0.47,5457.24,Signal Flip
624,EMA_CONFIRMED_20_200,SHORT,2026-01-29T08:40,2955.08,2026-01-29T10:25,2950.32,21,1.75,5457.24,8.79,0.16,5466.02,Signal Flip
625,EMA_CONFIRMED_20_200,SHORT,2026-01-29T10:30,2946.57,2026-01-29T10:40,2949.77,2,0.17,5466.02,-5.95,-0.11,5460.07,Signal Flip
626,EMA_CONFIRMED_20_200,SHORT,2026-01-29T10:45,2945.15,2026-01-29T12:35,2937.88,22,1.83,5460.07,13.48,0.25,5473.55,Signal Flip
627,EMA_CONFIRMED_20_200,SHORT,2026-01-29T12:40,2925.2,2026-01-29T12:55,2935.66,3,0.25,5473.55,-19.57,-0.36,5453.97,Signal Flip
628,EMA_CONFIRMED_20_200,SHORT,2026-01-29T13:55,2931.17,2026-01-29T14:00,2937.62,1,0.08,5453.97,-11.99,-0.22,5441.98,Signal Flip
629,EMA_CONFIRMED_20_200,SHORT,2026-01-29T14:05,2930.53,2026-01-29T14:10,2937.43,1,0.08,5441.98,-12.8,-0.24,5429.18,Signal Flip
630,EMA_CONFIRMED_20_200,SHORT,2026-01-29T14:15,2930.83,2026-01-29T17:00,2836.45,33,2.75,5429.18,174.84,3.22,5604.02,Signal Flip
631,EMA_CONFIRMED_20_200,SHORT,2026-01-29T17:45,2832.02,2026-01-29T19:35,2803.41,22,1.83,5604.02,56.62,1.01,5660.64,Signal Flip
632,EMA_CONFIRMED_20_200,SHORT,2026-01-29T20:05,2791.96,2026-01-29T20:20,2804.76,3,0.25,5660.64,-25.95,-0.46,5634.69,Signal Flip
633,EMA_CONFIRMED_20_200,SHORT,2026-01-29T20:30,2794.38,2026-01-29T20:35,2797.55,1,0.08,5634.69,-6.38,-0.11,5628.31,Signal Flip
634,EMA_CONFIRMED_20_200,SHORT,2026-01-29T20:40,2791.7,2026-01-29T20:45,2799.77,1,0.08,5628.31,-16.26,-0.29,5612.05,Signal Flip
635,EMA_CONFIRMED_20_200,SHORT,2026-01-29T22:15,2811.53,2026-01-29T22:20,2815.71,1,0.08,5612.05,-8.33,-0.15,5603.72,Signal Flip
636,EMA_CONFIRMED_20_200,SHORT,2026-01-29T23:15,2813.43,2026-01-29T23:20,2818.95,1,0.08,5603.72,-10.99,-0.2,5592.73,Signal Flip
637,EMA_CONFIRMED_20_200,SHORT,2026-01-30T00:15,2819.01,2026-01-30T04:05,2746.33,46,3.83,5592.73,144.19,2.58,5736.92,Signal Flip
638,EMA_CONFIRMED_20_200,SHORT,2026-01-30T05:05,2749.47,2026-01-30T05:25,2754.02,4,0.33,5736.92,-9.48,-0.17,5727.44,Signal Flip
639,EMA_CONFIRMED_20_200,SHORT,2026-01-30T05:45,2750.62,2026-01-30T05:55,2755.12,2,0.17,5727.44,-9.36,-0.16,5718.09,Signal Flip
640,EMA_CONFIRMED_20_200,SHORT,2026-01-30T06:00,2745.65,2026-01-30T07:10,2736.34,14,1.17,5718.09,19.39,0.34,5737.47,Signal Flip
641,EMA_CONFIRMED_20_200,SHORT,2026-01-30T07:40,2728.35,2026-01-30T07:50,2738.09,2,0.17,5737.47,-20.49,-0.36,5716.98,Signal Flip
642,EMA_CONFIRMED_20_200,SHORT,2026-01-30T08:35,2724.51,2026-01-30T08:50,2739.48,3,0.25,5716.98,-31.42,-0.55,5685.57,Signal Flip
643,EMA_CONFIRMED_20_200,SHORT,2026-01-30T09:15,2731.63,2026-01-30T10:25,2728.26,14,1.17,5685.57,7.01,0.12,5692.58,Signal Flip
644,EMA_CONFIRMED_20_200,SHORT,2026-01-30T12:30,2742.55,2026-01-30T12:40,2747.66,2,0.17,5692.58,-10.62,-0.19,5681.96,Signal Flip
645,EMA_CONFIRMED_20_200,SHORT,2026-01-30T12:45,2740.62,2026-01-30T12:50,2746.45,1,0.08,5681.96,-12.09,-0.21,5669.87,Signal Flip
646,EMA_CONFIRMED_20_200,SHORT,2026-01-30T12:55,2737.28,2026-01-30T14:15,2738.33,16,1.33,5669.87,-2.17,-0.04,5667.7,Signal Flip
647,EMA_CONFIRMED_20_200,SHORT,2026-01-30T14:30,2732.0,2026-01-30T14:35,2745.07,1,0.08,5667.7,-27.11,-0.48,5640.59,Signal Flip
648,EMA_CONFIRMED_20_200,SHORT,2026-01-30T14:55,2736.94,2026-01-30T15:10,2750.17,3,0.25,5640.59,-27.27,-0.48,5613.32,Signal Flip
649,EMA_CONFIRMED_20_200,SHORT,2026-01-30T15:15,2736.66,2026-01-30T15:45,2739.71,6,0.5,5613.32,-6.25,-0.11,5607.06,Signal Flip
650,EMA_CONFIRMED_20_200,SHORT,2026-01-30T15:50,2728.66,2026-01-30T16:10,2735.03,4,0.33,5607.06,-13.07,-0.23,5593.99,Signal Flip
651,EMA_CONFIRMED_20_200,SHORT,2026-01-30T16:20,2729.66,2026-01-30T16:30,2735.12,2,0.17,5593.99,-11.17,-0.2,5582.82,Signal Flip
652,EMA_CONFIRMED_20_200,SHORT,2026-01-30T16:35,2725.27,2026-01-30T16:40,2736.46,1,0.08,5582.82,-22.92,-0.41,5559.89,Signal Flip
653,EMA_CONFIRMED_20_200,SHORT,2026-01-30T16:50,2725.91,2026-01-30T17:25,2736.78,7,0.58,5559.89,-22.17,-0.4,5537.72,Signal Flip
654,EMA_CONFIRMED_20_200,SHORT,2026-01-30T17:35,2719.74,2026-01-30T18:45,2715.89,14,1.17,5537.72,7.84,0.14,5545.56,Signal Flip
655,EMA_CONFIRMED_20_200,SHORT,2026-01-30T20:10,2718.2,2026-01-30T21:20,2707.88,14,1.17,5545.56,21.05,0.38,5566.61,Signal Flip
656,EMA_CONFIRMED_20_200,SHORT,2026-01-30T21:30,2696.57,2026-01-30T21:50,2707.25,4,0.33,5566.61,-22.05,-0.4,5544.56,Signal Flip
657,EMA_CONFIRMED_20_200,SHORT,2026-01-30T22:15,2694.43,2026-01-30T22:35,2703.43,4,0.33,5544.56,-18.52,-0.33,5526.04,Signal Flip
658,EMA_CONFIRMED_20_200,SHORT,2026-01-30T23:10,2699.39,2026-01-30T23:20,2707.13,2,0.17,5526.04,-15.85,-0.29,5510.19,Signal Flip
659,EMA_CONFIRMED_20_200,SHORT,2026-01-30T23:30,2695.89,2026-01-30T23:40,2704.88,2,0.17,5510.19,-18.38,-0.33,5491.81,Signal Flip
660,EMA_CONFIRMED_20_200,SHORT,2026-01-31T01:00,2705.12,2026-01-31T01:05,2710.37,1,0.08,5491.81,-10.67,-0.19,5481.14,Signal Flip
661,EMA_CONFIRMED_20_200,SHORT,2026-01-31T01:35,2703.5,2026-01-31T02:40,2702.54,13,1.08,5481.14,1.94,0.04,5483.08,Signal Flip
662,EMA_CONFIRMED_20_200,SHORT,2026-01-31T03:35,2699.03,2026-01-31T04:15,2702.71,8,0.67,5483.08,-7.48,-0.14,5475.6,Signal Flip
663,EMA_CONFIRMED_20_200,SHORT,2026-01-31T04:20,2697.65,2026-01-31T04:25,2705.31,1,0.08,5475.6,-15.55,-0.28,5460.05,Signal Flip
664,EMA_CONFIRMED_20_200,SHORT,2026-01-31T04:45,2696.74,2026-01-31T05:25,2701.55,8,0.67,5460.05,-9.74,-0.18,5450.31,Signal Flip
665,EMA_CONFIRMED_20_200,SHORT,2026-01-31T05:45,2697.36,2026-01-31T05:50,2700.75,1,0.08,5450.31,-6.85,-0.13,5443.47,Signal Flip
666,EMA_CONFIRMED_20_200,SHORT,2026-01-31T05:55,2697.62,2026-01-31T09:35,2656.67,44,3.67,5443.47,82.64,1.52,5526.1,Signal Flip
667,EMA_CONFIRMED_20_200,SHORT,2026-01-31T09:40,2649.24,2026-01-31T10:35,2651.71,11,0.92,5526.1,-5.13,-0.09,5520.97,Signal Flip
668,EMA_CONFIRMED_20_200,SHORT,2026-01-31T11:05,2644.34,2026-01-31T11:25,2651.16,4,0.33,5520.97,-14.26,-0.26,5506.72,Signal Flip
669,EMA_CONFIRMED_20_200,SHORT,2026-01-31T11:30,2647.03,2026-01-31T14:05,2635.04,31,2.58,5506.72,24.94,0.45,5531.66,Signal Flip
670,EMA_CONFIRMED_20_200,SHORT,2026-01-31T14:10,2620.76,2026-01-31T19:10,2413.22,60,5.0,5531.66,438.06,7.92,5969.72,Signal Flip
671,EMA_CONFIRMED_20_200,SHORT,2026-01-31T19:35,2388.27,2026-01-31T21:00,2383.79,17,1.42,5969.72,11.18,0.19,5980.9,Signal Flip
672,EMA_CONFIRMED_20_200,SHORT,2026-01-31T21:05,2373.45,2026-01-31T21:10,2389.76,1,0.08,5980.9,-41.1,-0.69,5939.8,Signal Flip
673,EMA_CONFIRMED_20_200,SHORT,2026-02-01T00:40,2447.97,2026-02-01T00:45,2451.27,1,0.08,5939.8,-8.01,-0.13,5931.79,Signal Flip
674,EMA_CONFIRMED_20_200,SHORT,2026-02-01T01:05,2443.34,2026-02-01T01:30,2453.74,5,0.42,5931.79,-25.24,-0.43,5906.55,Signal Flip
675,EMA_CONFIRMED_20_200,SHORT,2026-02-01T01:40,2436.41,2026-02-01T02:10,2451.21,6,0.5,5906.55,-35.89,-0.61,5870.66,Signal Flip
676,EMA_CONFIRMED_20_200,SHORT,2026-02-01T02:25,2443.48,2026-02-01T02:35,2451.5,2,0.17,5870.66,-19.26,-0.33,5851.4,Signal Flip
677,EMA_CONFIRMED_20_200,SHORT,2026-02-01T03:05,2447.31,2026-02-01T03:10,2451.2,1,0.08,5851.4,-9.32,-0.16,5842.07,Signal Flip
678,EMA_CONFIRMED_20_200,SHORT,2026-02-01T03:15,2448.34,2026-02-01T04:15,2453.33,12,1.0,5842.07,-11.91,-0.2,5830.17,Signal Flip
679,EMA_CONFIRMED_20_200,SHORT,2026-02-01T05:00,2447.01,2026-02-01T05:30,2448.62,6,0.5,5830.17,-3.85,-0.07,5826.31,Signal Flip
680,EMA_CONFIRMED_20_200,SHORT,2026-02-01T05:35,2442.94,2026-02-01T07:45,2432.12,26,2.17,5826.31,25.81,0.44,5852.12,Signal Flip
681,EMA_CONFIRMED_20_200,SHORT,2026-02-01T07:55,2416.89,2026-02-01T08:40,2426.44,9,0.75,5852.12,-23.13,-0.4,5828.99,Signal Flip
682,EMA_CONFIRMED_20_200,SHORT,2026-02-01T08:50,2414.13,2026-02-01T09:05,2416.6,3,0.25,5828.99,-5.95,-0.1,5823.04,Signal Flip
683,EMA_CONFIRMED_20_200,SHORT,2026-02-01T09:20,2413.79,2026-02-01T09:35,2422.23,3,0.25,5823.04,-20.36,-0.35,5802.69,Signal Flip
684,EMA_CONFIRMED_20_200,SHORT,2026-02-01T10:35,2406.92,2026-02-01T11:40,2407.06,13,1.08,5802.69,-0.35,-0.01,5802.33,Signal Flip
685,EMA_CONFIRMED_20_200,SHORT,2026-02-01T12:20,2402.04,2026-02-01T13:05,2404.77,9,0.75,5802.33,-6.6,-0.11,5795.73,Signal Flip
686,EMA_CONFIRMED_20_200,SHORT,2026-02-01T13:25,2399.71,2026-02-01T15:00,2374.26,19,1.58,5795.73,61.47,1.06,5857.2,Signal Flip
687,EMA_CONFIRMED_20_200,SHORT,2026-02-01T15:05,2355.81,2026-02-01T16:35,2327.4,18,1.5,5857.2,70.63,1.21,5927.83,Signal Flip
688,EMA_CONFIRMED_20_200,SHORT,2026-02-01T16:40,2314.9,2026-02-01T17:10,2319.67,6,0.5,5927.83,-12.21,-0.21,5915.63,Signal Flip
689,EMA_CONFIRMED_20_200,SHORT,2026-02-01T17:25,2302.68,2026-02-01T18:00,2315.12,7,0.58,5915.63,-31.96,-0.54,5883.67,Signal Flip
690,EMA_CONFIRMED_20_200,SHORT,2026-02-01T19:20,2337.89,2026-02-01T19:25,2342.62,1,0.08,5883.67,-11.9,-0.2,5871.77,Signal Flip
691,EMA_CONFIRMED_20_200,SHORT,2026-02-01T19:40,2338.15,2026-02-01T20:40,2344.83,12,1.0,5871.77,-16.78,-0.29,5854.99,Signal Flip
692,EMA_CONFIRMED_20_200,SHORT,2026-02-01T20:50,2325.42,2026-02-01T21:40,2318.54,10,0.83,5854.99,17.32,0.3,5872.3,Signal Flip
693,EMA_CONFIRMED_20_200,SHORT,2026-02-01T21:45,2307.32,2026-02-01T22:10,2309.98,5,0.42,5872.3,-6.79,-0.12,5865.51,Signal Flip
694,EMA_CONFIRMED_20_200,SHORT,2026-02-01T22:25,2292.91,2026-02-01T22:30,2316.55,1,0.08,5865.51,-60.46,-1.03,5805.05,Signal Flip
695,EMA_CONFIRMED_20_200,SHORT,2026-02-01T23:05,2295.2,2026-02-01T23:40,2292.8,7,0.58,5805.05,6.09,0.1,5811.14,Signal Flip
696,EMA_CONFIRMED_20_200,SHORT,2026-02-01T23:50,2275.6,2026-02-02T00:10,2285.87,4,0.33,5811.14,-26.23,-0.45,5784.91,Signal Flip
697,EMA_CONFIRMED_20_200,SHORT,2026-02-02T01:00,2292.06,2026-02-02T01:05,2305.59,1,0.08,5784.91,-34.15,-0.59,5750.76,Signal Flip
698,EMA_CONFIRMED_20_200,SHORT,2026-02-02T01:10,2280.36,2026-02-02T01:25,2305.4,3,0.25,5750.76,-63.15,-1.1,5687.61,Signal Flip
699,EMA_CONFIRMED_20_200,SHORT,2026-02-02T01:50,2292.68,2026-02-02T01:55,2299.03,1,0.08,5687.61,-15.74,-0.28,5671.87,Signal Flip
700,EMA_CONFIRMED_20_200,SHORT,2026-02-02T02:00,2290.15,2026-02-02T02:30,2295.16,6,0.5,5671.87,-12.39,-0.22,5659.48,Signal Flip
701,EMA_CONFIRMED_20_200,SHORT,2026-02-02T02:35,2283.1,2026-02-02T04:00,2240.13,17,1.42,5659.48,106.51,1.88,5765.99,Signal Flip
702,EMA_CONFIRMED_20_200,SHORT,2026-02-02T04:05,2214.95,2026-02-02T04:20,2235.62,3,0.25,5765.99,-53.8,-0.93,5712.19,Signal Flip
703,EMA_CONFIRMED_20_200,SHORT,2026-02-02T05:00,2239.42,2026-02-02T06:20,2213.39,16,1.33,5712.19,66.41,1.16,5778.6,Signal Flip
704,EMA_CONFIRMED_20_200,SHORT,2026-02-02T06:25,2203.34,2026-02-02T06:45,2222.04,4,0.33,5778.6,-49.05,-0.85,5729.55,Signal Flip
705,EMA_CONFIRMED_20_200,SHORT,2026-02-02T09:10,2240.78,2026-02-02T09:15,2245.22,1,0.08,5729.55,-11.36,-0.2,5718.19,Signal Flip
706,EMA_CONFIRMED_20_200,LONG,2026-02-02T10:35,2292.78,2026-02-02T10:40,2274.42,1,0.08,5718.19,-45.77,-0.8,5672.41,Signal Flip
707,EMA_CONFIRMED_20_200,LONG,2026-02-02T10:45,2280.58,2026-02-02T10:50,2276.58,1,0.08,5672.41,-9.95,-0.18,5662.47,Signal Flip
708,EMA_CONFIRMED_20_200,LONG,2026-02-02T10:55,2281.7,2026-02-02T11:00,2276.66,1,0.08,5662.47,-12.51,-0.22,5649.96,Signal Flip
709,EMA_CONFIRMED_20_200,LONG,2026-02-02T11:05,2281.21,2026-02-02T12:00,2281.18,11,0.92,5649.96,-0.08,-0.0,5649.88,Signal Flip
710,EMA_CONFIRMED_20_200,LONG,2026-02-02T12:05,2292.75,2026-02-02T14:15,2305.2,26,2.17,5649.88,30.68,0.54,5680.57,Signal Flip
711,EMA_CONFIRMED_20_200,LONG,2026-02-02T14:25,2321.16,2026-02-02T16:50,2358.84,29,2.42,5680.57,92.21,1.62,5772.78,Signal Flip
712,EMA_CONFIRMED_20_200,LONG,2026-02-02T17:05,2373.19,2026-02-02T17:30,2365.84,5,0.42,5772.78,-17.88,-0.31,5754.9,Signal Flip
713,EMA_CONFIRMED_20_200,LONG,2026-02-02T18:35,2357.83,2026-02-02T18:40,2349.88,1,0.08,5754.9,-19.39,-0.34,5735.51,Signal Flip
714,EMA_CONFIRMED_20_200,LONG,2026-02-02T21:05,2338.99,2026-02-02T21:25,2329.07,4,0.33,5735.51,-24.31,-0.42,5711.2,Signal Flip
715,EMA_CONFIRMED_20_200,LONG,2026-02-02T21:30,2333.9,2026-02-02T23:25,2344.46,23,1.92,5711.2,25.84,0.45,5737.05,Signal Flip
716,EMA_CONFIRMED_20_200,LONG,2026-02-02T23:35,2348.67,2026-02-02T23:50,2345.43,3,0.25,5737.05,-7.93,-0.14,5729.12,Signal Flip
717,EMA_CONFIRMED_20_200,LONG,2026-02-02T23:55,2349.37,2026-02-03T00:05,2333.93,2,0.17,5729.12,-37.66,-0.66,5691.46,Signal Flip
718,EMA_CONFIRMED_20_200,LONG,2026-02-03T00:30,2347.71,2026-02-03T00:35,2341.31,1,0.08,5691.46,-15.53,-0.27,5675.93,Signal Flip
719,EMA_CONFIRMED_20_200,LONG,2026-02-03T00:40,2344.62,2026-02-03T01:20,2338.2,8,0.67,5675.93,-15.55,-0.27,5660.39,Signal Flip
720,EMA_CONFIRMED_20_200,LONG,2026-02-03T01:25,2347.21,2026-02-03T02:05,2344.78,8,0.67,5660.39,-5.87,-0.1,5654.51,Signal Flip
721,EMA_CONFIRMED_20_200,SHORT,2026-02-03T02:55,2304.15,2026-02-03T03:35,2320.46,8,0.67,5654.51,-40.03,-0.71,5614.48,Signal Flip
722,EMA_CONFIRMED_20_200,LONG,2026-02-03T04:25,2338.81,2026-02-03T05:15,2325.42,10,0.83,5614.48,-32.15,-0.57,5582.33,Signal Flip
723,EMA_CONFIRMED_20_200,SHORT,2026-02-03T05:55,2321.11,2026-02-03T06:30,2325.5,7,0.58,5582.33,-10.57,-0.19,5571.77,Signal Flip
724,EMA_CONFIRMED_20_200,SHORT,2026-02-03T06:40,2318.65,2026-02-03T06:50,2323.23,2,0.17,5571.77,-11.01,-0.2,5560.76,Signal Flip
725,EMA_CONFIRMED_20_200,SHORT,2026-02-03T06:55,2320.59,2026-02-03T07:10,2327.42,3,0.25,5560.76,-16.38,-0.29,5544.38,Signal Flip
726,EMA_CONFIRMED_20_200,SHORT,2026-02-03T07:20,2317.99,2026-02-03T07:30,2322.68,2,0.17,5544.38,-11.22,-0.2,5533.16,Signal Flip
727,EMA_CONFIRMED_20_200,SHORT,2026-02-03T08:00,2321.97,2026-02-03T08:25,2325.75,5,0.42,5533.16,-9.02,-0.16,5524.15,Signal Flip
728,EMA_CONFIRMED_20_200,SHORT,2026-02-03T08:55,2317.8,2026-02-03T11:50,2286.81,35,2.92,5524.15,73.85,1.34,5598.0,Signal Flip
729,EMA_CONFIRMED_20_200,SHORT,2026-02-03T11:55,2279.8,2026-02-03T12:15,2293.24,4,0.33,5598.0,-32.99,-0.59,5565.01,Signal Flip
730,EMA_CONFIRMED_20_200,SHORT,2026-02-03T14:20,2299.88,2026-02-03T14:30,2310.0,2,0.17,5565.01,-24.5,-0.44,5540.51,Signal Flip
731,EMA_CONFIRMED_20_200,SHORT,2026-02-03T14:35,2294.32,2026-02-03T15:30,2295.59,11,0.92,5540.51,-3.05,-0.06,5537.46,Signal Flip
732,EMA_CONFIRMED_20_200,SHORT,2026-02-03T15:45,2280.12,2026-02-03T15:50,2300.91,1,0.08,5537.46,-50.49,-0.91,5486.96,Signal Flip
733,EMA_CONFIRMED_20_200,SHORT,2026-02-03T16:10,2283.2,2026-02-03T19:15,2180.52,37,3.08,5486.96,246.76,4.5,5733.72,Signal Flip
734,EMA_CONFIRMED_20_200,LONG,2026-02-03T21:20,2304.55,2026-02-03T22:05,2276.16,9,0.75,5733.72,-70.64,-1.23,5663.08,Signal Flip
735,EMA_CONFIRMED_20_200,SHORT,2026-02-03T22:50,2231.32,2026-02-04T00:20,2241.31,18,1.5,5663.08,-25.35,-0.45,5637.74,Signal Flip
736,EMA_CONFIRMED_20_200,SHORT,2026-02-04T00:55,2240.88,2026-02-04T01:05,2266.97,2,0.17,5637.74,-65.65,-1.16,5572.09,Signal Flip
737,EMA_CONFIRMED_20_200,LONG,2026-02-04T02:00,2269.78,2026-02-04T02:30,2259.81,6,0.5,5572.09,-24.49,-0.44,5547.6,Signal Flip
738,EMA_CONFIRMED_20_200,SHORT,2026-02-04T02:50,2246.69,2026-02-04T03:10,2265.91,4,0.33,5547.6,-47.47,-0.86,5500.13,Signal Flip
739,EMA_CONFIRMED_20_200,LONG,2026-02-04T03:25,2269.55,2026-02-04T04:45,2273.86,16,1.33,5500.13,10.44,0.19,5510.57,Signal Flip
740,EMA_CONFIRMED_20_200,LONG,2026-02-04T05:15,2279.89,2026-02-04T05:20,2269.96,1,0.08,5510.57,-23.99,-0.44,5486.58,Signal Flip
741,EMA_CONFIRMED_20_200,LONG,2026-02-04T06:10,2276.38,2026-02-04T06:20,2269.27,2,0.17,5486.58,-17.12,-0.31,5469.46,Signal Flip
742,EMA_CONFIRMED_20_200,LONG,2026-02-04T06:30,2271.26,2026-02-04T07:05,2268.14,7,0.58,5469.46,-7.51,-0.14,5461.95,Signal Flip
743,EMA_CONFIRMED_20_200,LONG,2026-02-04T07:15,2283.46,2026-02-04T08:05,2273.71,10,0.83,5461.95,-23.32,-0.43,5438.63,Signal Flip
744,EMA_CONFIRMED_20_200,LONG,2026-02-04T08:15,2281.4,2026-02-04T08:25,2271.79,2,0.17,5438.63,-22.9,-0.42,5415.73,Signal Flip
745,EMA_CONFIRMED_20_200,LONG,2026-02-04T08:45,2279.46,2026-02-04T09:05,2273.81,4,0.33,5415.73,-13.42,-0.25,5402.31,Signal Flip
746,EMA_CONFIRMED_20_200,SHORT,2026-02-04T09:50,2258.16,2026-02-04T10:55,2262.68,13,1.08,5402.31,-10.81,-0.2,5391.5,Signal Flip
747,EMA_CONFIRMED_20_200,SHORT,2026-02-04T11:00,2259.61,2026-02-04T11:40,2256.35,8,0.67,5391.5,7.78,0.14,5399.28,Signal Flip
748,EMA_CONFIRMED_20_200,SHORT,2026-02-04T12:30,2233.43,2026-02-04T17:05,2143.74,55,4.58,5399.28,216.83,4.02,5616.11,Signal Flip
749,EMA_CONFIRMED_20_200,SHORT,2026-02-04T17:10,2123.15,2026-02-04T18:30,2124.78,16,1.33,5616.11,-4.32,-0.08,5611.79,Signal Flip
750,EMA_CONFIRMED_20_200,SHORT,2026-02-04T19:25,2138.46,2026-02-04T19:35,2147.03,2,0.17,5611.79,-22.5,-0.4,5589.29,Signal Flip
751,EMA_CONFIRMED_20_200,SHORT,2026-02-04T19:40,2137.6,2026-02-04T19:45,2154.38,1,0.08,5589.29,-43.87,-0.78,5545.43,Signal Flip
752,EMA_CONFIRMED_20_200,SHORT,2026-02-04T21:10,2158.65,2026-02-04T22:25,2157.92,15,1.25,5545.43,1.88,0.03,5547.31,Signal Flip
753,EMA_CONFIRMED_20_200,SHORT,2026-02-04T22:45,2128.94,2026-02-04T23:20,2144.08,7,0.58,5547.31,-39.44,-0.71,5507.87,Signal Flip
754,EMA_CONFIRMED_20_200,SHORT,2026-02-05T00:05,2141.76,2026-02-05T00:20,2148.82,3,0.25,5507.87,-18.17,-0.33,5489.7,Signal Flip
755,EMA_CONFIRMED_20_200,SHORT,2026-02-05T01:00,2148.71,2026-02-05T01:05,2156.1,1,0.08,5489.7,-18.89,-0.34,5470.81,Signal Flip
756,EMA_CONFIRMED_20_200,SHORT,2026-02-05T01:20,2140.09,2026-02-05T01:30,2164.61,2,0.17,5470.81,-62.69,-1.15,5408.12,Signal Flip
757,EMA_CONFIRMED_20_200,SHORT,2026-02-05T01:55,2148.1,2026-02-05T02:40,2155.74,9,0.75,5408.12,-19.24,-0.36,5388.88,Signal Flip
758,EMA_CONFIRMED_20_200,SHORT,2026-02-05T02:50,2135.95,2026-02-05T04:45,2123.75,23,1.92,5388.88,30.78,0.57,5419.66,Signal Flip
759,EMA_CONFIRMED_20_200,SHORT,2026-02-05T04:55,2102.81,2026-02-05T05:40,2106.24,9,0.75,5419.66,-8.85,-0.16,5410.81,Signal Flip
760,EMA_CONFIRMED_20_200,SHORT,2026-02-05T05:50,2095.85,2026-02-05T07:05,2118.16,15,1.25,5410.81,-57.59,-1.06,5353.22,Signal Flip
761,EMA_CONFIRMED_20_200,SHORT,2026-02-05T07:50,2101.08,2026-02-05T07:55,2104.02,1,0.08,5353.22,-7.5,-0.14,5345.72,Signal Flip
762,EMA_CONFIRMED_20_200,SHORT,2026-02-05T08:00,2090.45,2026-02-05T08:10,2103.68,2,0.17,5345.72,-33.82,-0.63,5311.9,Signal Flip
763,EMA_CONFIRMED_20_200,SHORT,2026-02-05T10:10,2121.64,2026-02-05T10:15,2132.57,1,0.08,5311.9,-27.36,-0.52,5284.54,Signal Flip
764,EMA_CONFIRMED_20_200,SHORT,2026-02-05T10:40,2127.64,2026-02-05T14:05,2075.09,41,3.42,5284.54,130.52,2.47,5415.06,Signal Flip
765,EMA_CONFIRMED_20_200,SHORT,2026-02-05T14:20,2060.43,2026-02-05T14:25,2071.13,1,0.08,5415.06,-28.11,-0.52,5386.95,Signal Flip
766,EMA_CONFIRMED_20_200,SHORT,2026-02-05T14:55,2066.17,2026-02-05T16:25,1993.68,18,1.5,5386.95,189.0,3.51,5575.95,Signal Flip
767,EMA_CONFIRMED_20_200,SHORT,2026-02-05T16:40,1982.48,2026-02-05T16:55,2009.24,3,0.25,5575.95,-75.28,-1.35,5500.67,Signal Flip
768,EMA_CONFIRMED_20_200,SHORT,2026-02-05T17:05,1983.12,2026-02-05T17:25,1988.22,4,0.33,5500.67,-14.16,-0.26,5486.5,Signal Flip
769,EMA_CONFIRMED_20_200,SHORT,2026-02-05T17:30,1980.24,2026-02-05T20:10,1941.42,32,2.67,5486.5,107.55,1.96,5594.06,Signal Flip
770,EMA_CONFIRMED_20_200,SHORT,2026-02-05T20:15,1921.59,2026-02-05T21:05,1901.79,10,0.83,5594.06,57.64,1.03,5651.69,Signal Flip
771,EMA_CONFIRMED_20_200,SHORT,2026-02-05T21:10,1886.25,2026-02-05T22:30,1877.21,16,1.33,5651.69,27.08,0.48,5678.77,Signal Flip
772,EMA_CONFIRMED_20_200,SHORT,2026-02-05T23:25,1870.44,2026-02-05T23:30,1882.77,1,0.08,5678.77,-37.42,-0.66,5641.35,Signal Flip
773,EMA_CONFIRMED_20_200,SHORT,2026-02-05T23:35,1869.76,2026-02-06T00:35,1831.94,12,1.0,5641.35,114.14,2.02,5755.49,Signal Flip
774,EMA_CONFIRMED_20_200,SHORT,2026-02-06T02:25,1897.44,2026-02-06T02:30,1907.79,1,0.08,5755.49,-31.4,-0.55,5724.08,Signal Flip
775,EMA_CONFIRMED_20_200,SHORT,2026-02-06T02:55,1904.42,2026-02-06T03:05,1910.31,2,0.17,5724.08,-17.73,-0.31,5706.36,Signal Flip
776,EMA_CONFIRMED_20_200,SHORT,2026-02-06T03:10,1903.93,2026-02-06T04:15,1901.63,13,1.08,5706.36,6.89,0.12,5713.24,Signal Flip
777,EMA_CONFIRMED_20_200,SHORT,2026-02-06T06:35,1930.96,2026-02-06T09:20,1892.59,33,2.75,5713.24,113.55,1.99,5826.79,Signal Flip
778,EMA_CONFIRMED_20_200,LONG,2026-02-06T12:00,1933.64,2026-02-06T12:10,1922.67,2,0.17,5826.79,-33.05,-0.57,5793.74,Signal Flip
779,EMA_CONFIRMED_20_200,LONG,2026-02-06T12:15,1926.86,2026-02-06T12:20,1918.27,1,0.08,5793.74,-25.84,-0.45,5767.91,Signal Flip
780,EMA_CONFIRMED_20_200,SHORT,2026-02-06T12:20,1918.27,2026-02-06T12:25,1926.29,1,0.08,5767.91,-24.12,-0.42,5743.78,Signal Flip
781,EMA_CONFIRMED_20_200,SHORT,2026-02-06T12:30,1921.19,2026-02-06T13:05,1934.46,7,0.58,5743.78,-39.67,-0.69,5704.12,Signal Flip
782,EMA_CONFIRMED_20_200,LONG,2026-02-06T13:15,1943.67,2026-02-06T14:25,1933.88,14,1.17,5704.12,-28.73,-0.5,5675.39,Signal Flip
783,EMA_CONFIRMED_20_200,LONG,2026-02-06T14:30,1950.78,2026-02-06T18:10,2032.58,44,3.67,5675.39,237.97,4.19,5913.37,Signal Flip
784,EMA_CONFIRMED_20_200,LONG,2026-02-06T18:15,2050.22,2026-02-06T18:20,2040.17,1,0.08,5913.37,-29.0,-0.49,5884.36,Signal Flip
785,EMA_CONFIRMED_20_200,LONG,2026-02-06T18:35,2048.98,2026-02-06T18:55,2046.45,4,0.33,5884.36,-7.29,-0.12,5877.08,Signal Flip
786,EMA_CONFIRMED_20_200,LONG,2026-02-06T19:05,2050.66,2026-02-06T19:10,2042.07,1,0.08,5877.08,-24.64,-0.42,5852.44,Signal Flip
787,EMA_CONFIRMED_20_200,LONG,2026-02-06T19:25,2052.77,2026-02-06T20:15,2051.92,10,0.83,5852.44,-2.4,-0.04,5850.04,Signal Flip
788,EMA_CONFIRMED_20_200,LONG,2026-02-06T20:30,2055.39,2026-02-06T21:00,2053.2,6,0.5,5850.04,-6.22,-0.11,5843.82,Signal Flip
789,EMA_CONFIRMED_20_200,LONG,2026-02-06T21:30,2058.48,2026-02-06T21:35,2045.54,1,0.08,5843.82,-36.74,-0.63,5807.08,Signal Flip
790,EMA_CONFIRMED_20_200,LONG,2026-02-06T22:05,2064.22,2026-02-06T22:15,2051.5,2,0.17,5807.08,-35.78,-0.62,5771.3,Signal Flip
791,EMA_CONFIRMED_20_200,LONG,2026-02-06T22:25,2058.61,2026-02-06T23:20,2053.23,11,0.92,5771.3,-15.07,-0.26,5756.23,Signal Flip
792,EMA_CONFIRMED_20_200,LONG,2026-02-06T23:30,2070.96,2026-02-06T23:45,2063.34,3,0.25,5756.23,-21.2,-0.37,5735.03,Signal Flip
793,EMA_CONFIRMED_20_200,LONG,2026-02-07T01:35,2051.55,2026-02-07T02:50,2050.97,15,1.25,5735.03,-1.6,-0.03,5733.43,Signal Flip
794,EMA_CONFIRMED_20_200,LONG,2026-02-07T02:55,2057.05,2026-02-07T04:45,2079.49,22,1.83,5733.43,62.55,1.09,5795.98,Signal Flip
795,EMA_CONFIRMED_20_200,LONG,2026-02-07T05:00,2088.43,2026-02-07T05:30,2085.83,6,0.5,5795.98,-7.24,-0.12,5788.75,Signal Flip
796,EMA_CONFIRMED_20_200,LONG,2026-02-07T06:10,2089.88,2026-02-07T06:15,2081.74,1,0.08,5788.75,-22.56,-0.39,5766.19,Signal Flip
797,EMA_CONFIRMED_20_200,LONG,2026-02-07T06:40,2085.01,2026-02-07T06:45,2076.41,1,0.08,5766.19,-23.79,-0.41,5742.4,Signal Flip
798,EMA_CONFIRMED_20_200,SHORT,2026-02-07T07:50,2028.43,2026-02-07T09:15,2030.0,17,1.42,5742.4,-4.47,-0.08,5737.93,Signal Flip
799,EMA_CONFIRMED_20_200,SHORT,2026-02-07T09:20,2024.03,2026-02-07T09:25,2029.73,1,0.08,5737.93,-16.18,-0.28,5721.75,Signal Flip
800,EMA_CONFIRMED_20_200,SHORT,2026-02-07T09:30,2020.86,2026-02-07T11:05,2013.83,19,1.58,5721.75,19.91,0.35,5741.66,Signal Flip
801,EMA_CONFIRMED_20_200,SHORT,2026-02-07T11:15,2009.98,2026-02-07T11:20,2014.68,1,0.08,5741.66,-13.4,-0.23,5728.26,Signal Flip
802,EMA_CONFIRMED_20_200,SHORT,2026-02-07T11:25,2007.56,2026-02-07T11:35,2012.41,2,0.17,5728.26,-13.84,-0.24,5714.42,Signal Flip
803,EMA_CONFIRMED_20_200,SHORT,2026-02-07T11:40,2009.21,2026-02-07T11:55,2013.06,3,0.25,5714.42,-10.92,-0.19,5703.49,Signal Flip
804,EMA_CONFIRMED_20_200,LONG,2026-02-07T12:40,2048.52,2026-02-07T13:40,2027.42,12,1.0,5703.49,-58.77,-1.03,5644.73,Signal Flip
805,EMA_CONFIRMED_20_200,LONG,2026-02-07T14:00,2042.5,2026-02-07T14:35,2037.68,7,0.58,5644.73,-13.32,-0.24,5631.41,Signal Flip
806,EMA_CONFIRMED_20_200,SHORT,2026-02-07T14:55,2016.58,2026-02-07T15:10,2037.47,3,0.25,5631.41,-58.33,-1.04,5573.08,Signal Flip
807,EMA_CONFIRMED_20_200,LONG,2026-02-07T15:25,2048.75,2026-02-07T17:00,2049.27,19,1.58,5573.08,1.42,0.03,5574.49,Signal Flip
808,EMA_CONFIRMED_20_200,LONG,2026-02-07T17:20,2051.63,2026-02-07T19:35,2084.92,27,2.25,5574.49,90.46,1.62,5664.95,Signal Flip
809,EMA_CONFIRMED_20_200,LONG,2026-02-07T19:40,2092.91,2026-02-07T20:10,2085.3,6,0.5,5664.95,-20.6,-0.36,5644.36,Signal Flip
810,EMA_CONFIRMED_20_200,LONG,2026-02-07T20:25,2094.15,2026-02-07T21:55,2098.63,18,1.5,5644.36,12.08,0.21,5656.44,Signal Flip
811,EMA_CONFIRMED_20_200,LONG,2026-02-07T22:00,2101.48,2026-02-07T22:05,2098.49,1,0.08,5656.44,-8.05,-0.14,5648.39,Signal Flip
812,EMA_CONFIRMED_20_200,LONG,2026-02-07T22:10,2105.65,2026-02-07T22:15,2099.43,1,0.08,5648.39,-16.69,-0.3,5631.7,Signal Flip
813,EMA_CONFIRMED_20_200,LONG,2026-02-07T23:50,2093.73,2026-02-08T00:00,2086.04,2,0.17,5631.7,-20.68,-0.37,5611.02,Signal Flip
814,EMA_CONFIRMED_20_200,LONG,2026-02-08T00:05,2092.87,2026-02-08T00:20,2079.87,3,0.25,5611.02,-34.84,-0.62,5576.17,Signal Flip
815,EMA_CONFIRMED_20_200,LONG,2026-02-08T01:05,2087.57,2026-02-08T01:25,2083.73,4,0.33,5576.17,-10.27,-0.18,5565.9,Signal Flip
816,EMA_CONFIRMED_20_200,LONG,2026-02-08T01:35,2088.86,2026-02-08T02:35,2091.52,12,1.0,5565.9,7.09,0.13,5572.99,Signal Flip
817,EMA_CONFIRMED_20_200,LONG,2026-02-08T03:30,2090.48,2026-02-08T03:45,2084.37,3,0.25,5572.99,-16.31,-0.29,5556.68,Signal Flip
818,EMA_CONFIRMED_20_200,LONG,2026-02-08T05:00,2088.76,2026-02-08T05:35,2078.82,7,0.58,5556.68,-26.45,-0.48,5530.23,Signal Flip
819,EMA_CONFIRMED_20_200,LONG,2026-02-08T05:45,2085.11,2026-02-08T06:05,2079.57,4,0.33,5530.23,-14.7,-0.27,5515.53,Signal Flip
820,EMA_CONFIRMED_20_200,LONG,2026-02-08T06:15,2087.84,2026-02-08T06:35,2081.84,4,0.33,5515.53,-15.86,-0.29,5499.66,Signal Flip
821,EMA_CONFIRMED_20_200,LONG,2026-02-08T06:40,2085.85,2026-02-08T06:45,2080.71,1,0.08,5499.66,-13.56,-0.25,5486.1,Signal Flip
822,EMA_CONFIRMED_20_200,LONG,2026-02-08T07:35,2081.03,2026-02-08T07:40,2078.12,1,0.08,5486.1,-7.67,-0.14,5478.43,Signal Flip
823,EMA_CONFIRMED_20_200,LONG,2026-02-08T07:50,2080.76,2026-02-08T08:15,2079.75,5,0.42,5478.43,-2.66,-0.05,5475.77,Signal Flip
824,EMA_CONFIRMED_20_200,LONG,2026-02-08T08:25,2098.34,2026-02-08T09:45,2097.53,16,1.33,5475.77,-2.11,-0.04,5473.66,Signal Flip
825,EMA_CONFIRMED_20_200,LONG,2026-02-08T10:05,2107.16,2026-02-08T10:25,2088.18,4,0.33,5473.66,-49.32,-0.9,5424.34,Signal Flip
826,EMA_CONFIRMED_20_200,LONG,2026-02-08T11:05,2104.5,2026-02-08T13:10,2123.55,25,2.08,5424.34,49.09,0.91,5473.43,Signal Flip
827,EMA_CONFIRMED_20_200,LONG,2026-02-08T13:20,2134.91,2026-02-08T13:40,2123.3,4,0.33,5473.43,-29.76,-0.54,5443.67,Signal Flip
828,EMA_CONFIRMED_20_200,LONG,2026-02-08T14:35,2125.8,2026-02-08T14:45,2121.48,2,0.17,5443.67,-11.07,-0.2,5432.6,Signal Flip
829,EMA_CONFIRMED_20_200,LONG,2026-02-08T14:55,2125.47,2026-02-08T15:20,2121.67,5,0.42,5432.6,-9.72,-0.18,5422.87,Signal Flip
830,EMA_CONFIRMED_20_200,SHORT,2026-02-08T17:10,2091.89,2026-02-08T18:05,2097.6,11,0.92,5422.87,-14.79,-0.27,5408.09,Signal Flip
831,EMA_CONFIRMED_20_200,SHORT,2026-02-08T18:15,2093.85,2026-02-08T18:20,2096.73,1,0.08,5408.09,-7.43,-0.14,5400.66,Signal Flip
832,EMA_CONFIRMED_20_200,LONG,2026-02-08T18:50,2113.74,2026-02-08T20:30,2112.83,20,1.67,5400.66,-2.31,-0.04,5398.35,Signal Flip
833,EMA_CONFIRMED_20_200,LONG,2026-02-08T20:35,2117.19,2026-02-08T20:40,2114.02,1,0.08,5398.35,-8.07,-0.15,5390.28,Signal Flip
834,EMA_CONFIRMED_20_200,LONG,2026-02-08T21:20,2113.76,2026-02-08T21:30,2107.84,2,0.17,5390.28,-15.1,-0.28,5375.18,Signal Flip
835,EMA_CONFIRMED_20_200,SHORT,2026-02-08T22:10,2096.74,2026-02-08T22:20,2105.34,2,0.17,5375.18,-22.05,-0.41,5353.13,Signal Flip
836,EMA_CONFIRMED_20_200,SHORT,2026-02-08T22:30,2099.6,2026-02-08T22:50,2103.89,4,0.33,5353.13,-10.94,-0.2,5342.19,Signal Flip
837,EMA_CONFIRMED_20_200,SHORT,2026-02-08T22:55,2100.4,2026-02-08T23:00,2109.5,1,0.08,5342.19,-23.16,-0.43,5319.03,Signal Flip
838,EMA_CONFIRMED_20_200,LONG,2026-02-08T23:05,2124.04,2026-02-08T23:25,2081.36,4,0.33,5319.03,-106.89,-2.01,5212.15,Signal Flip
839,EMA_CONFIRMED_20_200,SHORT,2026-02-08T23:35,2084.14,2026-02-09T01:20,2089.9,21,1.75,5212.15,-14.42,-0.28,5197.72,Signal Flip
840,EMA_CONFIRMED_20_200,SHORT,2026-02-09T01:35,2086.41,2026-02-09T02:40,2081.81,13,1.08,5197.72,11.45,0.22,5209.17,Signal Flip
841,EMA_CONFIRMED_20_200,SHORT,2026-02-09T04:40,2086.45,2026-02-09T04:50,2092.26,2,0.17,5209.17,-14.5,-0.28,5194.67,Signal Flip
842,EMA_CONFIRMED_20_200,SHORT,2026-02-09T04:55,2087.03,2026-02-09T05:25,2090.99,6,0.5,5194.67,-9.88,-0.19,5184.79,Signal Flip
843,EMA_CONFIRMED_20_200,SHORT,2026-02-09T06:05,2086.33,2026-02-09T07:15,2086.64,14,1.17,5184.79,-0.79,-0.02,5184.0,Signal Flip
844,EMA_CONFIRMED_20_200,SHORT,2026-02-09T07:25,2082.05,2026-02-09T11:05,2035.76,44,3.67,5184.0,115.26,2.22,5299.26,Signal Flip
845,EMA_CONFIRMED_20_200,SHORT,2026-02-09T11:10,2030.37,2026-02-09T12:05,2033.5,11,0.92,5299.26,-8.15,-0.15,5291.11,Signal Flip
846,EMA_CONFIRMED_20_200,SHORT,2026-02-09T13:05,2031.2,2026-02-09T13:10,2038.18,1,0.08,5291.11,-18.17,-0.34,5272.94,Signal Flip
847,EMA_CONFIRMED_20_200,SHORT,2026-02-09T13:50,2033.55,2026-02-09T14:40,2040.46,10,0.83,5272.94,-17.91,-0.34,5255.04,Signal Flip
848,EMA_CONFIRMED_20_200,SHORT,2026-02-09T15:25,2034.75,2026-02-09T15:35,2044.2,2,0.17,5255.04,-24.4,-0.46,5230.63,Signal Flip
849,EMA_CONFIRMED_20_200,LONG,2026-02-09T16:55,2093.9,2026-02-09T20:20,2122.34,41,3.42,5230.63,71.05,1.36,5301.68,Signal Flip
850,EMA_CONFIRMED_20_200,LONG,2026-02-09T20:40,2129.32,2026-02-09T20:55,2126.42,3,0.25,5301.68,-7.24,-0.14,5294.44,Signal Flip
851,EMA_CONFIRMED_20_200,LONG,2026-02-09T21:55,2129.45,2026-02-09T22:25,2115.04,6,0.5,5294.44,-35.83,-0.68,5258.61,Signal Flip
852,EMA_CONFIRMED_20_200,LONG,2026-02-09T22:30,2118.99,2026-02-09T22:45,2115.74,3,0.25,5258.61,-8.06,-0.15,5250.55,Signal Flip
853,EMA_CONFIRMED_20_200,LONG,2026-02-09T23:05,2119.52,2026-02-09T23:15,2112.54,2,0.17,5250.55,-17.28,-0.33,5233.27,Signal Flip
854,EMA_CONFIRMED_20_200,LONG,2026-02-10T00:15,2111.36,2026-02-10T00:20,2106.87,1,0.08,5233.27,-11.13,-0.21,5222.14,Signal Flip
855,EMA_CONFIRMED_20_200,LONG,2026-02-10T01:10,2110.95,2026-02-10T02:30,2109.0,16,1.33,5222.14,-4.82,-0.09,5217.32,Signal Flip
856,EMA_CONFIRMED_20_200,SHORT,2026-02-10T03:35,2063.54,2026-02-10T08:55,2017.01,64,5.33,5217.32,117.64,2.25,5334.96,Signal Flip
857,EMA_CONFIRMED_20_200,SHORT,2026-02-10T09:50,2014.78,2026-02-10T10:25,2019.1,7,0.58,5334.96,-11.43,-0.21,5323.53,Signal Flip
858,EMA_CONFIRMED_20_200,SHORT,2026-02-10T10:35,2014.09,2026-02-10T11:30,2018.35,11,0.92,5323.53,-11.25,-0.21,5312.28,Signal Flip
859,EMA_CONFIRMED_20_200,SHORT,2026-02-10T11:45,2008.19,2026-02-10T12:25,2017.25,8,0.67,5312.28,-23.97,-0.45,5288.3,Signal Flip
860,EMA_CONFIRMED_20_200,SHORT,2026-02-10T12:35,2009.34,2026-02-10T13:10,2013.84,7,0.58,5288.3,-11.82,-0.22,5276.48,Signal Flip
861,EMA_CONFIRMED_20_200,SHORT,2026-02-10T14:05,2013.65,2026-02-10T14:10,2021.48,1,0.08,5276.48,-20.51,-0.39,5255.97,Signal Flip
862,EMA_CONFIRMED_20_200,SHORT,2026-02-10T14:40,2013.09,2026-02-10T15:10,2023.57,6,0.5,5255.97,-27.36,-0.52,5228.61,Signal Flip
863,EMA_CONFIRMED_20_200,SHORT,2026-02-10T15:15,2009.83,2026-02-10T15:20,2019.59,1,0.08,5228.61,-25.38,-0.49,5203.24,Signal Flip
864,EMA_CONFIRMED_20_200,SHORT,2026-02-10T16:05,2016.36,2026-02-10T16:15,2035.54,2,0.17,5203.24,-49.48,-0.95,5153.75,Signal Flip
865,EMA_CONFIRMED_20_200,SHORT,2026-02-10T16:55,2021.83,2026-02-10T17:00,2027.09,1,0.08,5153.75,-13.42,-0.26,5140.33,Signal Flip
866,EMA_CONFIRMED_20_200,SHORT,2026-02-10T17:05,2020.14,2026-02-10T17:10,2026.93,1,0.08,5140.33,-17.29,-0.34,5123.05,Signal Flip
867,EMA_CONFIRMED_20_200,SHORT,2026-02-10T17:15,2023.62,2026-02-10T17:20,2034.56,1,0.08,5123.05,-27.69,-0.54,5095.35,Signal Flip
868,EMA_CONFIRMED_20_200,SHORT,2026-02-10T18:10,2029.87,2026-02-10T19:40,2024.55,18,1.5,5095.35,13.36,0.26,5108.71,Signal Flip
869,EMA_CONFIRMED_20_200,SHORT,2026-02-10T19:55,2015.63,2026-02-10T20:00,2018.96,1,0.08,5108.71,-8.43,-0.17,5100.28,Signal Flip
870,EMA_CONFIRMED_20_200,SHORT,2026-02-10T20:05,2014.43,2026-02-10T20:45,2015.49,8,0.67,5100.28,-2.67,-0.05,5097.61,Signal Flip
871,EMA_CONFIRMED_20_200,SHORT,2026-02-10T20:50,2011.24,2026-02-10T21:05,2016.36,3,0.25,5097.61,-12.96,-0.25,5084.65,Signal Flip
872,EMA_CONFIRMED_20_200,SHORT,2026-02-10T21:15,2012.09,2026-02-10T21:20,2015.7,1,0.08,5084.65,-9.11,-0.18,5075.54,Signal Flip
873,EMA_CONFIRMED_20_200,SHORT,2026-02-10T21:25,2011.62,2026-02-10T22:05,2012.78,8,0.67,5075.54,-2.91,-0.06,5072.64,Signal Flip
874,EMA_CONFIRMED_20_200,SHORT,2026-02-10T22:10,2006.82,2026-02-10T22:25,2013.55,3,0.25,5072.64,-17.01,-0.34,5055.62,Signal Flip
875,EMA_CONFIRMED_20_200,SHORT,2026-02-10T23:25,2012.44,2026-02-10T23:35,2016.21,2,0.17,5055.62,-9.46,-0.19,5046.17,Signal Flip
876,EMA_CONFIRMED_20_200,SHORT,2026-02-11T01:25,2018.3,2026-02-11T01:45,2027.37,4,0.33,5046.17,-22.68,-0.45,5023.48,Signal Flip
877,EMA_CONFIRMED_20_200,LONG,2026-02-11T02:30,2030.94,2026-02-11T02:45,2021.99,3,0.25,5023.48,-22.15,-0.44,5001.33,Signal Flip
878,EMA_CONFIRMED_20_200,SHORT,2026-02-11T02:50,2014.36,2026-02-11T03:45,2017.89,11,0.92,5001.33,-8.75,-0.18,4992.57,Signal Flip
879,EMA_CONFIRMED_20_200,SHORT,2026-02-11T03:50,2014.34,2026-02-11T07:55,1958.48,49,4.08,4992.57,138.46,2.77,5131.03,Signal Flip
880,EMA_CONFIRMED_20_200,SHORT,2026-02-11T08:00,1949.92,2026-02-11T08:45,1952.58,9,0.75,5131.03,-6.98,-0.14,5124.06,Signal Flip
881,EMA_CONFIRMED_20_200,SHORT,2026-02-11T08:50,1947.41,2026-02-11T09:15,1952.5,5,0.42,5124.06,-13.39,-0.26,5110.66,Signal Flip
882,EMA_CONFIRMED_20_200,SHORT,2026-02-11T09:20,1946.71,2026-02-11T09:30,1952.34,2,0.17,5110.66,-14.78,-0.29,5095.88,Signal Flip
883,EMA_CONFIRMED_20_200,SHORT,2026-02-11T09:35,1947.39,2026-02-11T10:30,1946.77,11,0.92,5095.88,1.6,0.03,5097.49,Signal Flip
884,EMA_CONFIRMED_20_200,SHORT,2026-02-11T10:35,1937.32,2026-02-11T11:05,1944.38,6,0.5,5097.49,-18.58,-0.36,5078.91,Signal Flip
885,EMA_CONFIRMED_20_200,SHORT,2026-02-11T12:40,1952.93,2026-02-11T13:35,1965.48,11,0.92,5078.91,-32.64,-0.64,5046.27,Signal Flip
886,EMA_CONFIRMED_20_200,SHORT,2026-02-11T13:55,1950.43,2026-02-11T14:00,1961.58,1,0.08,5046.27,-28.84,-0.57,5017.44,Signal Flip
887,EMA_CONFIRMED_20_200,SHORT,2026-02-11T14:40,1961.68,2026-02-11T16:15,1954.54,19,1.58,5017.44,18.27,0.36,5035.7,Signal Flip
888,EMA_CONFIRMED_20_200,SHORT,2026-02-11T16:30,1935.28,2026-02-11T17:25,1928.39,11,0.92,5035.7,17.92,0.36,5053.63,Signal Flip
889,EMA_CONFIRMED_20_200,SHORT,2026-02-11T18:00,1928.99,2026-02-11T18:20,1935.53,4,0.33,5053.63,-17.14,-0.34,5036.49,Signal Flip
890,EMA_CONFIRMED_20_200,SHORT,2026-02-11T20:25,1944.15,2026-02-11T20:40,1948.35,3,0.25,5036.49,-10.9,-0.22,5025.59,Signal Flip
891,EMA_CONFIRMED_20_200,LONG,2026-02-11T21:35,1977.37,2026-02-11T22:15,1960.84,8,0.67,5025.59,-42.01,-0.84,4983.58,Signal Flip
892,EMA_CONFIRMED_20_200,SHORT,2026-02-11T23:20,1946.21,2026-02-12T00:10,1953.48,10,0.83,4983.58,-18.62,-0.37,4964.96,Signal Flip
893,EMA_CONFIRMED_20_200,LONG,2026-02-12T01:15,1969.38,2026-02-12T02:05,1961.69,10,0.83,4964.96,-19.4,-0.39,4945.56,Signal Flip
894,EMA_CONFIRMED_20_200,LONG,2026-02-12T02:10,1968.63,2026-02-12T02:15,1958.11,1,0.08,4945.56,-26.44,-0.53,4919.13,Signal Flip
895,EMA_CONFIRMED_20_200,LONG,2026-02-12T02:35,1969.89,2026-02-12T02:55,1960.54,4,0.33,4919.13,-23.36,-0.47,4895.77,Signal Flip
896,EMA_CONFIRMED_20_200,LONG,2026-02-12T03:35,1967.18,2026-02-12T04:20,1965.31,9,0.75,4895.77,-4.67,-0.1,4891.1,Signal Flip
897,EMA_CONFIRMED_20_200,LONG,2026-02-12T04:35,1969.54,2026-02-12T04:55,1965.88,4,0.33,4891.1,-9.11,-0.19,4881.99,Signal Flip
898,EMA_CONFIRMED_20_200,LONG,2026-02-12T05:05,1969.82,2026-02-12T05:10,1964.22,1,0.08,4881.99,-13.9,-0.28,4868.09,Signal Flip
899,EMA_CONFIRMED_20_200,LONG,2026-02-12T05:35,1969.86,2026-02-12T05:40,1963.26,1,0.08,4868.09,-16.33,-0.34,4851.77,Signal Flip
900,EMA_CONFIRMED_20_200,LONG,2026-02-12T05:45,1970.01,2026-02-12T06:05,1965.06,4,0.33,4851.77,-12.21,-0.25,4839.56,Signal Flip
901,EMA_CONFIRMED_20_200,LONG,2026-02-12T06:10,1969.71,2026-02-12T07:10,1966.72,12,1.0,4839.56,-7.37,-0.15,4832.19,Signal Flip
902,EMA_CONFIRMED_20_200,LONG,2026-02-12T07:25,1975.79,2026-02-12T07:35,1970.55,2,0.17,4832.19,-12.8,-0.26,4819.39,Signal Flip
903,EMA_CONFIRMED_20_200,LONG,2026-02-12T07:40,1973.63,2026-02-12T07:45,1968.65,1,0.08,4819.39,-12.16,-0.25,4807.23,Signal Flip
904,EMA_CONFIRMED_20_200,LONG,2026-02-12T08:10,1973.78,2026-02-12T08:15,1968.91,1,0.08,4807.23,-11.86,-0.25,4795.36,Signal Flip
905,EMA_CONFIRMED_20_200,LONG,2026-02-12T08:55,1967.2,2026-02-12T09:00,1964.54,1,0.08,4795.36,-6.5,-0.14,4788.86,Signal Flip
906,EMA_CONFIRMED_20_200,LONG,2026-02-12T09:05,1967.17,2026-02-12T09:10,1963.27,1,0.08,4788.86,-9.51,-0.2,4779.36,Signal Flip
907,EMA_CONFIRMED_20_200,LONG,2026-02-12T09:15,1970.26,2026-02-12T12:00,1988.03,33,2.75,4779.36,43.08,0.9,4822.44,Signal Flip
908,EMA_CONFIRMED_20_200,LONG,2026-02-12T13:10,1986.51,2026-02-12T13:15,1983.22,1,0.08,4822.44,-8.0,-0.17,4814.44,Signal Flip
909,EMA_CONFIRMED_20_200,LONG,2026-02-12T13:20,1986.43,2026-02-12T13:30,1980.01,2,0.17,4814.44,-15.57,-0.32,4798.87,Signal Flip
910,EMA_CONFIRMED_20_200,LONG,2026-02-12T13:35,1988.04,2026-02-12T14:05,1982.78,6,0.5,4798.87,-12.71,-0.26,4786.16,Signal Flip
911,EMA_CONFIRMED_20_200,LONG,2026-02-12T14:30,1987.53,2026-02-12T14:40,1984.02,2,0.17,4786.16,-8.47,-0.18,4777.7,Signal Flip
912,EMA_CONFIRMED_20_200,LONG,2026-02-12T14:55,1988.19,2026-02-12T15:00,1977.51,1,0.08,4777.7,-25.67,-0.54,4752.03,Signal Flip
913,EMA_CONFIRMED_20_200,SHORT,2026-02-12T15:45,1954.86,2026-02-12T18:40,1918.72,35,2.92,4752.03,87.86,1.85,4839.89,Signal Flip
914,EMA_CONFIRMED_20_200,SHORT,2026-02-12T19:10,1914.47,2026-02-12T19:15,1919.01,1,0.08,4839.89,-11.47,-0.24,4828.42,Signal Flip
915,EMA_CONFIRMED_20_200,SHORT,2026-02-12T20:00,1924.49,2026-02-12T20:05,1931.86,1,0.08,4828.42,-18.49,-0.38,4809.93,Signal Flip
916,EMA_CONFIRMED_20_200,SHORT,2026-02-12T20:10,1923.9,2026-02-12T21:20,1925.83,14,1.17,4809.93,-4.84,-0.1,4805.09,Signal Flip
917,EMA_CONFIRMED_20_200,SHORT,2026-02-12T21:25,1918.88,2026-02-12T21:35,1925.93,2,0.17,4805.09,-17.66,-0.37,4787.43,Signal Flip
918,EMA_CONFIRMED_20_200,SHORT,2026-02-13T00:20,1939.93,2026-02-13T01:10,1943.32,10,0.83,4787.43,-8.37,-0.17,4779.06,Signal Flip
919,EMA_CONFIRMED_20_200,SHORT,2026-02-13T01:25,1937.4,2026-02-13T01:30,1941.91,1,0.08,4779.06,-11.12,-0.23,4767.94,Signal Flip
920,EMA_CONFIRMED_20_200,LONG,2026-02-13T02:30,1947.18,2026-02-13T02:40,1942.83,2,0.17,4767.94,-10.66,-0.22,4757.28,Signal Flip
921,EMA_CONFIRMED_20_200,LONG,2026-02-13T02:45,1948.43,2026-02-13T02:50,1943.44,1,0.08,4757.28,-12.2,-0.26,4745.08,Signal Flip
922,EMA_CONFIRMED_20_200,LONG,2026-02-13T02:55,1949.85,2026-02-13T03:15,1944.54,4,0.33,4745.08,-12.94,-0.27,4732.14,Signal Flip
923,EMA_CONFIRMED_20_200,LONG,2026-02-13T03:20,1949.21,2026-02-13T04:30,1949.89,14,1.17,4732.14,1.65,0.03,4733.79,Signal Flip
924,EMA_CONFIRMED_20_200,LONG,2026-02-13T04:35,1952.33,2026-02-13T04:40,1949.82,1,0.08,4733.79,-6.06,-0.13,4727.73,Signal Flip
925,EMA_CONFIRMED_20_200,SHORT,2026-02-13T05:35,1939.41,2026-02-13T07:00,1937.54,17,1.42,4727.73,4.56,0.1,4732.29,Signal Flip
926,EMA_CONFIRMED_20_200,SHORT,2026-02-13T07:40,1936.1,2026-02-13T07:55,1939.95,3,0.25,4732.29,-9.41,-0.2,4722.88,Signal Flip
927,EMA_CONFIRMED_20_200,SHORT,2026-02-13T08:00,1934.78,2026-02-13T08:05,1940.11,1,0.08,4722.88,-13.0,-0.28,4709.88,Signal Flip
928,EMA_CONFIRMED_20_200,LONG,2026-02-13T08:50,1960.58,2026-02-13T11:05,1957.06,27,2.25,4709.88,-8.45,-0.18,4701.42,Signal Flip
929,EMA_CONFIRMED_20_200,LONG,2026-02-13T11:45,1959.44,2026-02-13T12:05,1954.93,4,0.33,4701.42,-10.81,-0.23,4690.61,Signal Flip
930,EMA_CONFIRMED_20_200,LONG,2026-02-13T12:25,1958.48,2026-02-13T13:10,1957.23,9,0.75,4690.61,-2.99,-0.06,4687.62,Signal Flip
931,EMA_CONFIRMED_20_200,LONG,2026-02-13T13:20,1963.76,2026-02-13T14:10,1964.42,10,0.83,4687.62,1.57,0.03,4689.19,Signal Flip
932,EMA_CONFIRMED_20_200,LONG,2026-02-13T14:20,1972.06,2026-02-13T18:15,2054.67,47,3.92,4689.19,196.45,4.19,4885.63,Signal Flip
933,EMA_CONFIRMED_20_200,LONG,2026-02-13T18:35,2057.48,2026-02-13T19:05,2054.18,6,0.5,4885.63,-7.83,-0.16,4877.81,Signal Flip
934,EMA_CONFIRMED_20_200,LONG,2026-02-13T19:10,2058.64,2026-02-13T19:30,2052.98,4,0.33,4877.81,-13.4,-0.27,4864.41,Signal Flip
935,EMA_CONFIRMED_20_200,LONG,2026-02-13T19:55,2060.16,2026-02-13T20:10,2055.78,3,0.25,4864.41,-10.34,-0.21,4854.07,Signal Flip
936,EMA_CONFIRMED_20_200,LONG,2026-02-13T21:05,2056.51,2026-02-13T21:30,2050.68,5,0.42,4854.07,-13.75,-0.28,4840.32,Signal Flip
937,EMA_CONFIRMED_20_200,LONG,2026-02-13T21:35,2053.75,2026-02-13T21:40,2050.63,1,0.08,4840.32,-7.33,-0.15,4832.99,Signal Flip
938,EMA_CONFIRMED_20_200,LONG,2026-02-13T21:45,2054.37,2026-02-13T21:55,2049.57,2,0.17,4832.99,-11.27,-0.23,4821.72,Signal Flip
939,EMA_CONFIRMED_20_200,LONG,2026-02-13T22:00,2055.06,2026-02-13T22:15,2044.57,3,0.25,4821.72,-24.61,-0.51,4797.1,Signal Flip
940,EMA_CONFIRMED_20_200,LONG,2026-02-13T22:55,2053.82,2026-02-13T23:10,2050.32,3,0.25,4797.1,-8.16,-0.17,4788.95,Signal Flip
941,EMA_CONFIRMED_20_200,LONG,2026-02-13T23:35,2053.02,2026-02-13T23:40,2047.51,1,0.08,4788.95,-12.85,-0.27,4776.09,Signal Flip
942,EMA_CONFIRMED_20_200,LONG,2026-02-14T00:35,2050.22,2026-02-14T00:40,2047.24,1,0.08,4776.09,-6.96,-0.15,4769.13,Signal Flip
943,EMA_CONFIRMED_20_200,LONG,2026-02-14T00:45,2052.69,2026-02-14T02:20,2051.4,19,1.58,4769.13,-2.98,-0.06,4766.15,Signal Flip
944,EMA_CONFIRMED_20_200,LONG,2026-02-14T03:15,2052.72,2026-02-14T03:20,2049.53,1,0.08,4766.15,-7.39,-0.15,4758.77,Signal Flip
945,EMA_CONFIRMED_20_200,LONG,2026-02-14T03:25,2052.48,2026-02-14T04:55,2053.2,18,1.5,4758.77,1.69,0.04,4760.45,Signal Flip
946,EMA_CONFIRMED_20_200,LONG,2026-02-14T05:15,2055.16,2026-02-14T05:40,2051.77,5,0.42,4760.45,-7.84,-0.16,4752.62,Signal Flip
947,EMA_CONFIRMED_20_200,LONG,2026-02-14T05:50,2055.72,2026-02-14T05:55,2050.62,1,0.08,4752.62,-11.77,-0.25,4740.84,Signal Flip
948,EMA_CONFIRMED_20_200,LONG,2026-02-14T06:40,2055.05,2026-02-14T07:10,2051.62,6,0.5,4740.84,-7.9,-0.17,4732.94,Signal Flip
949,EMA_CONFIRMED_20_200,LONG,2026-02-14T07:15,2054.77,2026-02-14T07:35,2052.21,4,0.33,4732.94,-5.88,-0.12,4727.06,Signal Flip
950,EMA_CONFIRMED_20_200,LONG,2026-02-14T07:45,2056.48,2026-02-14T10:05,2073.22,28,2.33,4727.06,38.49,0.81,4765.55,Signal Flip
951,EMA_CONFIRMED_20_200,LONG,2026-02-14T10:40,2078.81,2026-02-14T10:45,2074.72,1,0.08,4765.55,-9.37,-0.2,4756.18,Signal Flip
952,EMA_CONFIRMED_20_200,LONG,2026-02-14T11:00,2078.47,2026-02-14T12:30,2090.85,18,1.5,4756.18,28.34,0.6,4784.53,Signal Flip
953,EMA_CONFIRMED_20_200,LONG,2026-02-14T14:40,2077.87,2026-02-14T14:50,2073.53,2,0.17,4784.53,-9.98,-0.21,4774.54,Signal Flip
954,EMA_CONFIRMED_20_200,LONG,2026-02-14T14:55,2085.71,2026-02-14T16:10,2081.18,15,1.25,4774.54,-10.38,-0.22,4764.16,Signal Flip
955,EMA_CONFIRMED_20_200,LONG,2026-02-14T16:50,2081.65,2026-02-14T17:05,2078.27,3,0.25,4764.16,-7.74,-0.16,4756.43,Signal Flip
956,EMA_CONFIRMED_20_200,LONG,2026-02-14T17:15,2086.64,2026-02-14T17:50,2079.2,7,0.58,4756.43,-16.97,-0.36,4739.46,Signal Flip
957,EMA_CONFIRMED_20_200,LONG,2026-02-14T18:05,2083.97,2026-02-14T18:10,2080.72,1,0.08,4739.46,-7.4,-0.16,4732.07,Signal Flip
958,EMA_CONFIRMED_20_200,LONG,2026-02-14T18:15,2083.87,2026-02-14T18:30,2080.96,3,0.25,4732.07,-6.61,-0.14,4725.45,Signal Flip
959,EMA_CONFIRMED_20_200,LONG,2026-02-14T18:35,2086.22,2026-02-14T19:15,2082.14,8,0.67,4725.45,-9.25,-0.2,4716.2,Signal Flip
960,EMA_CONFIRMED_20_200,LONG,2026-02-14T19:20,2086.68,2026-02-14T20:10,2084.38,10,0.83,4716.2,-5.21,-0.11,4710.99,Signal Flip
961,EMA_CONFIRMED_20_200,LONG,2026-02-14T20:40,2087.78,2026-02-14T21:25,2084.51,9,0.75,4710.99,-7.39,-0.16,4703.6,Signal Flip
962,EMA_CONFIRMED_20_200,LONG,2026-02-14T22:05,2088.71,2026-02-14T22:25,2086.11,4,0.33,4703.6,-5.87,-0.12,4697.73,Signal Flip
963,EMA_CONFIRMED_20_200,LONG,2026-02-14T22:30,2090.17,2026-02-14T23:20,2087.04,10,0.83,4697.73,-7.05,-0.15,4690.67,Signal Flip
964,EMA_CONFIRMED_20_200,LONG,2026-02-15T00:20,2089.02,2026-02-15T00:25,2082.86,1,0.08,4690.67,-13.84,-0.3,4676.83,Signal Flip
965,EMA_CONFIRMED_20_200,LONG,2026-02-15T01:10,2085.89,2026-02-15T01:20,2080.84,2,0.17,4676.83,-11.33,-0.24,4665.5,Signal Flip
966,EMA_CONFIRMED_20_200,SHORT,2026-02-15T01:35,2061.12,2026-02-15T03:10,2064.07,19,1.58,4665.5,-6.68,-0.14,4658.81,Signal Flip
967,EMA_CONFIRMED_20_200,SHORT,2026-02-15T03:15,2056.45,2026-02-15T03:55,2058.32,8,0.67,4658.81,-4.23,-0.09,4654.58,Signal Flip
968,EMA_CONFIRMED_20_200,LONG,2026-02-15T05:20,2090.45,2026-02-15T06:50,2082.9,18,1.5,4654.58,-16.83,-0.36,4637.76,Signal Flip
969,EMA_CONFIRMED_20_200,LONG,2026-02-15T07:05,2088.54,2026-02-15T07:10,2082.98,1,0.08,4637.76,-12.36,-0.27,4625.4,Signal Flip
970,EMA_CONFIRMED_20_200,LONG,2026-02-15T07:35,2089.01,2026-02-15T08:15,2083.98,8,0.67,4625.4,-11.15,-0.24,4614.25,Signal Flip
971,EMA_CONFIRMED_20_200,LONG,2026-02-15T08:20,2090.08,2026-02-15T08:30,2075.3,2,0.17,4614.25,-32.64,-0.71,4581.61,Signal Flip
972,EMA_CONFIRMED_20_200,SHORT,2026-02-15T09:00,2068.17,2026-02-15T11:20,2066.19,28,2.33,4581.61,4.37,0.1,4585.98,Signal Flip
973,EMA_CONFIRMED_20_200,SHORT,2026-02-15T11:25,2061.02,2026-02-15T12:25,2065.1,12,1.0,4585.98,-9.09,-0.2,4576.9,Signal Flip
974,EMA_CONFIRMED_20_200,SHORT,2026-02-15T12:40,2058.59,2026-02-15T15:10,2014.24,30,2.5,4576.9,98.61,2.15,4675.51,Signal Flip
975,EMA_CONFIRMED_20_200,SHORT,2026-02-15T15:20,2006.93,2026-02-15T15:45,2010.8,5,0.42,4675.51,-9.04,-0.19,4666.47,Signal Flip
976,EMA_CONFIRMED_20_200,SHORT,2026-02-15T15:50,2008.37,2026-02-15T16:00,2012.3,2,0.17,4666.47,-9.13,-0.2,4657.34,Signal Flip
977,EMA_CONFIRMED_20_200,SHORT,2026-02-15T16:05,2004.76,2026-02-15T16:30,2008.5,5,0.42,4657.34,-8.7,-0.19,4648.64,Signal Flip
978,EMA_CONFIRMED_20_200,SHORT,2026-02-15T16:35,2003.66,2026-02-15T16:45,2010.11,2,0.17,4648.64,-14.98,-0.32,4633.66,Signal Flip
979,EMA_CONFIRMED_20_200,SHORT,2026-02-15T16:50,2005.81,2026-02-15T16:55,2007.94,1,0.08,4633.66,-4.94,-0.11,4628.72,Signal Flip
980,EMA_CONFIRMED_20_200,SHORT,2026-02-15T17:00,2005.27,2026-02-15T20:30,1950.53,42,3.5,4628.72,126.34,2.73,4755.06,Signal Flip
981,EMA_CONFIRMED_20_200,SHORT,2026-02-15T20:55,1947.09,2026-02-15T21:00,1951.09,1,0.08,4755.06,-9.77,-0.21,4745.29,Signal Flip
982,EMA_CONFIRMED_20_200,SHORT,2026-02-15T23:05,1956.9,2026-02-15T23:35,1963.31,6,0.5,4745.29,-15.54,-0.33,4729.75,Signal Flip
983,EMA_CONFIRMED_20_200,SHORT,2026-02-15T23:40,1957.52,2026-02-15T23:45,1963.33,1,0.08,4729.75,-14.04,-0.3,4715.71,Signal Flip
984,EMA_CONFIRMED_20_200,SHORT,2026-02-16T00:45,1964.19,2026-02-16T00:50,1970.73,1,0.08,4715.71,-15.72,-0.33,4699.99,Signal Flip
985,EMA_CONFIRMED_20_200,SHORT,2026-02-16T01:25,1965.84,2026-02-16T02:05,1966.78,8,0.67,4699.99,-2.26,-0.05,4697.72,Signal Flip
986,EMA_CONFIRMED_20_200,SHORT,2026-02-16T02:10,1961.84,2026-02-16T03:55,1958.7,21,1.75,4697.72,7.52,0.16,4705.24,Signal Flip
987,EMA_CONFIRMED_20_200,SHORT,2026-02-16T05:15,1959.97,2026-02-16T06:05,1961.85,10,0.83,4705.24,-4.52,-0.1,4700.73,Signal Flip
988,EMA_CONFIRMED_20_200,SHORT,2026-02-16T06:10,1958.82,2026-02-16T06:30,1961.21,4,0.33,4700.73,-5.74,-0.12,4694.99,Signal Flip
989,EMA_CONFIRMED_20_200,LONG,2026-02-16T09:20,1985.97,2026-02-16T10:25,1980.26,13,1.08,4694.99,-13.51,-0.29,4681.49,Signal Flip
990,EMA_CONFIRMED_20_200,SHORT,2026-02-16T11:25,1960.15,2026-02-16T11:55,1977.87,6,0.5,4681.49,-42.32,-0.9,4639.17,Signal Flip
991,EMA_CONFIRMED_20_200,SHORT,2026-02-16T12:20,1972.82,2026-02-16T12:25,1976.62,1,0.08,4639.17,-8.92,-0.19,4630.24,Signal Flip
992,EMA_CONFIRMED_20_200,LONG,2026-02-16T12:35,1996.87,2026-02-16T13:30,1975.62,11,0.92,4630.24,-49.26,-1.06,4580.98,Signal Flip
993,EMA_CONFIRMED_20_200,SHORT,2026-02-16T14:15,1966.92,2026-02-16T14:50,1976.03,7,0.58,4580.98,-21.22,-0.46,4559.76,Signal Flip
994,EMA_CONFIRMED_20_200,SHORT,2026-02-16T14:55,1969.44,2026-02-16T15:05,1981.65,2,0.17,4559.76,-28.26,-0.62,4531.5,Signal Flip
995,EMA_CONFIRMED_20_200,SHORT,2026-02-16T15:15,1972.05,2026-02-16T16:10,1972.57,11,0.92,4531.5,-1.18,-0.03,4530.32,Signal Flip
996,EMA_CONFIRMED_20_200,SHORT,2026-02-16T16:35,1963.96,2026-02-16T16:45,1975.07,2,0.17,4530.32,-25.63,-0.57,4504.7,Signal Flip
997,EMA_CONFIRMED_20_200,SHORT,2026-02-16T17:20,1966.18,2026-02-16T17:25,1972.59,1,0.08,4504.7,-14.68,-0.33,4490.01,Signal Flip
998,EMA_CONFIRMED_20_200,LONG,2026-02-16T18:10,1984.09,2026-02-16T18:40,1974.64,6,0.5,4490.01,-21.38,-0.48,4468.63,Signal Flip
999,EMA_CONFIRMED_20_200,SHORT,2026-02-16T19:00,1967.96,2026-02-16T19:40,1978.72,8,0.67,4468.63,-24.44,-0.55,4444.19,Signal Flip
1000,EMA_CONFIRMED_20_200,SHORT,2026-02-16T20:00,1973.05,2026-02-16T20:05,1976.65,1,0.08,4444.19,-8.1,-0.18,4436.09,Signal Flip
1001,EMA_CONFIRMED_20_200,SHORT,2026-02-16T20:15,1973.44,2026-02-16T20:25,1975.96,2,0.17,4436.09,-5.65,-0.13,4430.44,Signal Flip
1002,EMA_CONFIRMED_20_200,LONG,2026-02-16T20:35,1985.98,2026-02-16T23:00,1989.19,29,2.42,4430.44,7.17,0.16,4437.6,Signal Flip
1003,EMA_CONFIRMED_20_200,LONG,2026-02-16T23:05,1994.99,2026-02-17T01:05,1994.61,24,2.0,4437.6,-0.83,-0.02,4436.77,Signal Flip
1004,EMA_CONFIRMED_20_200,LONG,2026-02-17T01:10,2000.37,2026-02-17T01:50,1999.3,8,0.67,4436.77,-2.37,-0.05,4434.4,Signal Flip
1005,EMA_CONFIRMED_20_200,LONG,2026-02-17T02:15,2004.7,2026-02-17T02:40,1999.12,5,0.42,4434.4,-12.35,-0.28,4422.05,Signal Flip
1006,EMA_CONFIRMED_20_200,LONG,2026-02-17T02:45,2003.1,2026-02-17T03:00,1997.6,3,0.25,4422.05,-12.14,-0.27,4409.91,Signal Flip
1007,EMA_CONFIRMED_20_200,LONG,2026-02-17T04:25,1998.18,2026-02-17T04:35,1984.59,2,0.17,4409.91,-30.0,-0.68,4379.91,Signal Flip
1008,EMA_CONFIRMED_20_200,SHORT,2026-02-17T05:25,1973.29,2026-02-17T06:10,1980.9,9,0.75,4379.91,-16.88,-0.39,4363.03,Signal Flip
1009,EMA_CONFIRMED_20_200,SHORT,2026-02-17T06:15,1977.77,2026-02-17T06:25,1980.87,2,0.17,4363.03,-6.84,-0.16,4356.19,Signal Flip
1010,EMA_CONFIRMED_20_200,SHORT,2026-02-17T07:05,1978.89,2026-02-17T07:40,1983.7,7,0.58,4356.19,-10.59,-0.24,4345.6,Signal Flip
1011,EMA_CONFIRMED_20_200,SHORT,2026-02-17T08:35,1981.81,2026-02-17T09:55,1977.51,16,1.33,4345.6,9.43,0.22,4355.03,Signal Flip
1012,EMA_CONFIRMED_20_200,SHORT,2026-02-17T10:00,1975.16,2026-02-17T11:15,1972.21,15,1.25,4355.03,6.52,0.15,4361.55,Signal Flip
1013,EMA_CONFIRMED_20_200,SHORT,2026-02-17T11:20,1968.09,2026-02-17T11:30,1971.48,2,0.17,4361.55,-7.51,-0.17,4354.03,Signal Flip
1014,EMA_CONFIRMED_20_200,SHORT,2026-02-17T11:40,1967.15,2026-02-17T12:05,1971.21,5,0.42,4354.03,-8.98,-0.21,4345.05,Signal Flip
1015,EMA_CONFIRMED_20_200,SHORT,2026-02-17T13:00,1968.78,2026-02-17T13:10,1976.5,2,0.17,4345.05,-17.04,-0.39,4328.01,Signal Flip
1016,EMA_CONFIRMED_20_200,LONG,2026-02-17T14:00,1991.53,2026-02-17T14:40,1978.39,8,0.67,4328.01,-28.55,-0.66,4299.46,Signal Flip
1017,EMA_CONFIRMED_20_200,SHORT,2026-02-17T14:55,1947.6,2026-02-17T15:55,1964.98,12,1.0,4299.46,-38.38,-0.89,4261.08,Signal Flip
1018,EMA_CONFIRMED_20_200,LONG,2026-02-17T16:40,2005.09,2026-02-17T17:00,1979.38,4,0.33,4261.08,-54.64,-1.28,4206.44,Signal Flip
1019,EMA_CONFIRMED_20_200,SHORT,2026-02-17T17:25,1968.52,2026-02-17T18:25,1988.51,12,1.0,4206.44,-42.73,-1.02,4163.7,Signal Flip
1020,EMA_CONFIRMED_20_200,LONG,2026-02-17T18:45,2002.13,2026-02-17T20:10,1992.15,17,1.42,4163.7,-20.75,-0.5,4142.95,Signal Flip
1021,EMA_CONFIRMED_20_200,LONG,2026-02-17T20:45,2000.01,2026-02-17T21:00,1993.71,3,0.25,4142.95,-13.04,-0.31,4129.91,Signal Flip
1022,EMA_CONFIRMED_20_200,LONG,2026-02-17T21:15,2002.03,2026-02-17T21:25,1993.01,2,0.17,4129.91,-18.6,-0.45,4111.31,Signal Flip
1023,EMA_CONFIRMED_20_200,LONG,2026-02-17T21:45,1997.34,2026-02-17T22:50,1997.21,13,1.08,4111.31,-0.26,-0.01,4111.05,Signal Flip
1024,EMA_CONFIRMED_20_200,LONG,2026-02-18T00:10,1997.73,2026-02-18T00:25,1993.07,3,0.25,4111.05,-9.58,-0.23,4101.47,Signal Flip
1025,EMA_CONFIRMED_20_200,LONG,2026-02-18T00:40,1996.24,2026-02-18T00:45,1991.33,1,0.08,4101.47,-10.08,-0.25,4091.39,Signal Flip
1026,EMA_CONFIRMED_20_200,SHORT,2026-02-18T01:20,1974.48,2026-02-18T02:05,1982.86,9,0.75,4091.39,-17.36,-0.42,4074.03,Signal Flip
1027,EMA_CONFIRMED_20_200,LONG,2026-02-18T03:15,1990.38,2026-02-18T04:45,1993.29,18,1.5,4074.03,5.95,0.15,4079.98,Signal Flip
1028,EMA_CONFIRMED_20_200,LONG,2026-02-18T04:50,1996.59,2026-02-18T05:55,1996.56,13,1.08,4079.98,-0.05,-0.0,4079.93,Signal Flip
1029,EMA_CONFIRMED_20_200,LONG,2026-02-18T06:10,2000.07,2026-02-18T07:15,1998.81,13,1.08,4079.93,-2.57,-0.06,4077.36,Signal Flip
1030,EMA_CONFIRMED_20_200,LONG,2026-02-18T07:40,2008.88,2026-02-18T09:50,2018.01,26,2.17,4077.36,18.52,0.45,4095.88,Signal Flip
1031,EMA_CONFIRMED_20_200,SHORT,2026-02-18T11:30,1982.23,2026-02-18T13:10,1988.91,20,1.67,4095.88,-13.81,-0.34,4082.07,Signal Flip
1032,EMA_CONFIRMED_20_200,SHORT,2026-02-18T13:35,1981.9,2026-02-18T13:40,1986.5,1,0.08,4082.07,-9.48,-0.23,4072.58,Signal Flip
1033,EMA_CONFIRMED_20_200,SHORT,2026-02-18T13:45,1975.02,2026-02-18T15:00,1975.64,15,1.25,4072.58,-1.27,-0.03,4071.32,Signal Flip
1034,EMA_CONFIRMED_20_200,SHORT,2026-02-18T16:05,1975.38,2026-02-18T17:05,1978.09,12,1.0,4071.32,-5.58,-0.14,4065.74,Signal Flip
1035,EMA_CONFIRMED_20_200,SHORT,2026-02-18T17:15,1975.17,2026-02-18T17:20,1979.62,1,0.08,4065.74,-9.15,-0.23,4056.58,Signal Flip
1036,EMA_CONFIRMED_20_200,SHORT,2026-02-18T17:25,1974.05,2026-02-18T17:35,1978.7,2,0.17,4056.58,-9.55,-0.24,4047.03,Signal Flip
1037,EMA_CONFIRMED_20_200,SHORT,2026-02-18T17:45,1974.03,2026-02-18T17:50,1977.71,1,0.08,4047.03,-7.54,-0.19,4039.5,Signal Flip
1038,EMA_CONFIRMED_20_200,SHORT,2026-02-18T17:55,1971.6,2026-02-18T20:35,1950.08,32,2.67,4039.5,44.09,1.09,4083.59,Signal Flip
1039,EMA_CONFIRMED_20_200,SHORT,2026-02-18T20:55,1944.01,2026-02-18T21:20,1946.33,5,0.42,4083.59,-4.88,-0.12,4078.7,Signal Flip
1040,EMA_CONFIRMED_20_200,SHORT,2026-02-18T21:50,1943.44,2026-02-18T22:10,1945.66,4,0.33,4078.7,-4.67,-0.11,4074.03,Signal Flip
1041,EMA_CONFIRMED_20_200,SHORT,2026-02-18T22:15,1940.15,2026-02-18T22:35,1946.46,4,0.33,4074.03,-13.26,-0.33,4060.78,Signal Flip
1042,EMA_CONFIRMED_20_200,SHORT,2026-02-19T02:40,1963.37,2026-02-19T03:00,1969.04,4,0.33,4060.78,-11.74,-0.29,4049.04,Signal Flip
1043,EMA_CONFIRMED_20_200,SHORT,2026-02-19T03:15,1964.37,2026-02-19T03:20,1968.64,1,0.08,4049.04,-8.81,-0.22,4040.22,Signal Flip
1044,EMA_CONFIRMED_20_200,LONG,2026-02-19T03:25,1970.75,2026-02-19T03:40,1966.36,3,0.25,4040.22,-9.02,-0.22,4031.21,Signal Flip
1045,EMA_CONFIRMED_20_200,LONG,2026-02-19T03:45,1969.94,2026-02-19T04:45,1970.62,12,1.0,4031.21,1.39,0.03,4032.6,Signal Flip
1046,EMA_CONFIRMED_20_200,LONG,2026-02-19T04:50,1973.48,2026-02-19T04:55,1970.03,1,0.08,4032.6,-7.03,-0.17,4025.56,Signal Flip
1047,EMA_CONFIRMED_20_200,LONG,2026-02-19T05:20,1973.43,2026-02-19T05:25,1966.64,1,0.08,4025.56,-13.85,-0.34,4011.71,Signal Flip
1048,EMA_CONFIRMED_20_200,LONG,2026-02-19T05:55,1971.19,2026-02-19T08:05,1978.18,26,2.17,4011.71,14.24,0.35,4025.95,Signal Flip
1049,EMA_CONFIRMED_20_200,LONG,2026-02-19T09:25,1979.62,2026-02-19T09:40,1972.59,3,0.25,4025.95,-14.29,-0.35,4011.66,Signal Flip
1050,EMA_CONFIRMED_20_200,SHORT,2026-02-19T10:10,1964.31,2026-02-19T14:40,1931.65,54,4.5,4011.66,66.7,1.66,4078.37,Signal Flip
1051,EMA_CONFIRMED_20_200,SHORT,2026-02-19T15:10,1930.15,2026-02-19T15:45,1932.25,7,0.58,4078.37,-4.42,-0.11,4073.95,Signal Flip
1052,EMA_CONFIRMED_20_200,SHORT,2026-02-19T15:50,1920.23,2026-02-19T16:20,1926.26,6,0.5,4073.95,-12.8,-0.31,4061.15,Signal Flip
1053,EMA_CONFIRMED_20_200,SHORT,2026-02-19T16:25,1921.78,2026-02-19T16:35,1930.06,2,0.17,4061.15,-17.51,-0.43,4043.64,Signal Flip
1054,EMA_CONFIRMED_20_200,SHORT,2026-02-19T16:50,1922.11,2026-02-19T16:55,1927.85,1,0.08,4043.64,-12.09,-0.3,4031.55,Signal Flip
1055,EMA_CONFIRMED_20_200,SHORT,2026-02-19T17:00,1921.12,2026-02-19T17:15,1930.81,3,0.25,4031.55,-20.35,-0.5,4011.2,Signal Flip
1056,EMA_CONFIRMED_20_200,SHORT,2026-02-19T17:40,1923.88,2026-02-19T17:45,1928.64,1,0.08,4011.2,-9.94,-0.25,4001.27,Signal Flip
1057,EMA_CONFIRMED_20_200,SHORT,2026-02-19T17:50,1919.59,2026-02-19T18:10,1926.46,4,0.33,4001.27,-14.33,-0.36,3986.94,Signal Flip
1058,EMA_CONFIRMED_20_200,SHORT,2026-02-19T19:40,1928.92,2026-02-19T19:55,1940.45,3,0.25,3986.94,-23.84,-0.6,3963.1,Signal Flip
1059,EMA_CONFIRMED_20_200,LONG,2026-02-19T21:55,1948.26,2026-02-19T22:05,1943.42,2,0.17,3963.1,-9.86,-0.25,3953.24,Signal Flip
1060,EMA_CONFIRMED_20_200,SHORT,2026-02-19T22:20,1943.22,2026-02-19T22:55,1945.16,7,0.58,3953.24,-3.96,-0.1,3949.29,Signal Flip
1061,EMA_CONFIRMED_20_200,LONG,2026-02-19T23:40,1950.59,2026-02-20T01:25,1953.3,21,1.75,3949.29,5.48,0.14,3954.77,Signal Flip
1062,EMA_CONFIRMED_20_200,LONG,2026-02-20T01:35,1956.68,2026-02-20T01:50,1951.17,3,0.25,3954.77,-11.12,-0.28,3943.64,Signal Flip
1063,EMA_CONFIRMED_20_200,LONG,2026-02-20T02:05,1956.93,2026-02-20T02:15,1951.62,2,0.17,3943.64,-10.69,-0.27,3932.95,Signal Flip
1064,EMA_CONFIRMED_20_200,LONG,2026-02-20T02:40,1955.31,2026-02-20T02:50,1952.4,2,0.17,3932.95,-5.84,-0.15,3927.11,Signal Flip
1065,EMA_CONFIRMED_20_200,LONG,2026-02-20T03:05,1954.15,2026-02-20T03:10,1950.99,1,0.08,3927.11,-6.34,-0.16,3920.78,Signal Flip
1066,EMA_CONFIRMED_20_200,LONG,2026-02-20T03:25,1957.59,2026-02-20T04:05,1948.03,8,0.67,3920.78,-19.15,-0.49,3901.63,Signal Flip
1067,EMA_CONFIRMED_20_200,SHORT,2026-02-20T04:30,1936.96,2026-02-20T05:30,1945.02,12,1.0,3901.63,-16.24,-0.42,3885.39,Signal Flip
1068,EMA_CONFIRMED_20_200,LONG,2026-02-20T05:50,1961.47,2026-02-20T08:35,1956.61,33,2.75,3885.39,-9.63,-0.25,3875.76,Signal Flip
1069,EMA_CONFIRMED_20_200,LONG,2026-02-20T08:55,1963.59,2026-02-20T09:00,1959.02,1,0.08,3875.76,-9.02,-0.23,3866.74,Signal Flip
1070,EMA_CONFIRMED_20_200,LONG,2026-02-20T09:05,1968.37,2026-02-20T10:25,1966.11,16,1.33,3866.74,-4.45,-0.12,3862.29,Signal Flip
1071,EMA_CONFIRMED_20_200,LONG,2026-02-20T10:30,1970.77,2026-02-20T10:45,1961.24,3,0.25,3862.29,-18.69,-0.48,3843.6,Signal Flip
1072,EMA_CONFIRMED_20_200,SHORT,2026-02-20T11:55,1945.11,2026-02-20T13:00,1950.79,13,1.08,3843.6,-11.24,-0.29,3832.36,Signal Flip
1073,EMA_CONFIRMED_20_200,SHORT,2026-02-20T13:05,1944.03,2026-02-20T14:30,1941.02,17,1.42,3832.36,5.93,0.15,3838.29,Signal Flip
1074,EMA_CONFIRMED_20_200,SHORT,2026-02-20T15:35,1946.15,2026-02-20T15:40,1952.08,1,0.08,3838.29,-11.69,-0.3,3826.59,Signal Flip
1075,EMA_CONFIRMED_20_200,LONG,2026-02-20T16:05,1968.17,2026-02-20T16:30,1955.8,5,0.42,3826.59,-24.05,-0.63,3802.54,Signal Flip
1076,EMA_CONFIRMED_20_200,LONG,2026-02-20T16:35,1958.11,2026-02-20T17:10,1957.03,7,0.58,3802.54,-2.09,-0.06,3800.45,Signal Flip
1077,EMA_CONFIRMED_20_200,LONG,2026-02-20T17:40,1957.9,2026-02-20T19:15,1965.57,19,1.58,3800.45,14.88,0.39,3815.33,Signal Flip
1078,EMA_CONFIRMED_20_200,LONG,2026-02-20T19:25,1969.22,2026-02-20T19:30,1963.39,1,0.08,3815.33,-11.31,-0.3,3804.02,Signal Flip
1079,EMA_CONFIRMED_20_200,LONG,2026-02-20T19:35,1971.29,2026-02-20T19:45,1962.39,2,0.17,3804.02,-17.17,-0.45,3786.86,Signal Flip
1080,EMA_CONFIRMED_20_200,LONG,2026-02-20T20:05,1967.18,2026-02-20T20:25,1964.44,4,0.33,3786.86,-5.29,-0.14,3781.57,Signal Flip
1081,EMA_CONFIRMED_20_200,LONG,2026-02-20T20:40,1967.78,2026-02-20T22:05,1969.55,17,1.42,3781.57,3.4,0.09,3784.97,Signal Flip
1082,EMA_CONFIRMED_20_200,LONG,2026-02-20T22:25,1972.15,2026-02-20T22:40,1968.65,3,0.25,3784.97,-6.72,-0.18,3778.26,Signal Flip
1083,EMA_CONFIRMED_20_200,LONG,2026-02-20T22:55,1972.91,2026-02-20T23:10,1968.85,3,0.25,3778.26,-7.78,-0.21,3770.48,Signal Flip
1084,EMA_CONFIRMED_20_200,LONG,2026-02-20T23:55,1970.47,2026-02-21T00:05,1966.39,2,0.17,3770.48,-7.82,-0.21,3762.66,Signal Flip
1085,EMA_CONFIRMED_20_200,LONG,2026-02-21T01:10,1966.93,2026-02-21T01:20,1963.91,2,0.17,3762.66,-5.79,-0.15,3756.87,Signal Flip
1086,EMA_CONFIRMED_20_200,LONG,2026-02-21T01:35,1966.71,2026-02-21T01:55,1965.02,4,0.33,3756.87,-3.24,-0.09,3753.63,Signal Flip
1087,EMA_CONFIRMED_20_200,LONG,2026-02-21T02:00,1967.23,2026-02-21T02:05,1964.61,1,0.08,3753.63,-5.01,-0.13,3748.62,Signal Flip
1088,EMA_CONFIRMED_20_200,LONG,2026-02-21T02:10,1969.21,2026-02-21T02:50,1964.83,8,0.67,3748.62,-8.35,-0.22,3740.27,Signal Flip
1089,EMA_CONFIRMED_20_200,SHORT,2026-02-21T04:00,1958.05,2026-02-21T04:35,1961.79,7,0.58,3740.27,-7.14,-0.19,3733.12,Signal Flip
1090,EMA_CONFIRMED_20_200,SHORT,2026-02-21T04:40,1959.58,2026-02-21T05:00,1963.38,4,0.33,3733.12,-7.24,-0.19,3725.88,Signal Flip
1091,EMA_CONFIRMED_20_200,SHORT,2026-02-21T05:50,1960.69,2026-02-21T05:55,1963.47,1,0.08,3725.88,-5.29,-0.14,3720.59,Signal Flip
1092,EMA_CONFIRMED_20_200,LONG,2026-02-21T06:05,1964.37,2026-02-21T06:35,1961.41,6,0.5,3720.59,-5.61,-0.15,3714.98,Signal Flip
1093,EMA_CONFIRMED_20_200,SHORT,2026-02-21T07:05,1960.19,2026-02-21T07:10,1964.21,1,0.08,3714.98,-7.62,-0.21,3707.36,Signal Flip
1094,EMA_CONFIRMED_20_200,LONG,2026-02-21T07:10,1964.21,2026-02-21T07:45,1960.77,7,0.58,3707.36,-6.5,-0.18,3700.86,Signal Flip
1095,EMA_CONFIRMED_20_200,LONG,2026-02-21T08:00,1963.68,2026-02-21T12:00,1976.03,48,4.0,3700.86,23.28,0.63,3724.14,Signal Flip
1096,EMA_CONFIRMED_20_200,LONG,2026-02-21T12:05,1979.16,2026-02-21T12:10,1974.73,1,0.08,3724.14,-8.33,-0.22,3715.81,Signal Flip
1097,EMA_CONFIRMED_20_200,LONG,2026-02-21T12:55,1976.27,2026-02-21T13:05,1973.27,2,0.17,3715.81,-5.63,-0.15,3710.18,Signal Flip
1098,EMA_CONFIRMED_20_200,LONG,2026-02-21T13:10,1977.01,2026-02-21T13:15,1973.27,1,0.08,3710.18,-7.01,-0.19,3703.17,Signal Flip
1099,EMA_CONFIRMED_20_200,LONG,2026-02-21T13:25,1978.03,2026-02-21T15:30,1984.99,25,2.08,3703.17,13.03,0.35,3716.19,Signal Flip
1100,EMA_CONFIRMED_20_200,LONG,2026-02-21T15:35,1989.82,2026-02-21T16:05,1979.22,6,0.5,3716.19,-19.8,-0.53,3696.39,Signal Flip
1101,EMA_CONFIRMED_20_200,LONG,2026-02-21T16:40,1989.89,2026-02-21T17:20,1983.67,8,0.67,3696.39,-11.57,-0.31,3684.82,Signal Flip
1102,EMA_CONFIRMED_20_200,LONG,2026-02-21T17:40,1989.72,2026-02-21T19:35,1989.61,23,1.92,3684.82,-0.2,-0.01,3684.62,Signal Flip
1103,EMA_CONFIRMED_20_200,LONG,2026-02-21T20:20,1990.93,2026-02-21T20:30,1988.48,2,0.17,3684.62,-4.55,-0.12,3680.07,Signal Flip
1104,EMA_CONFIRMED_20_200,LONG,2026-02-21T22:00,1983.03,2026-02-21T22:05,1980.05,1,0.08,3680.07,-5.53,-0.15,3674.53,Signal Flip
1105,EMA_CONFIRMED_20_200,SHORT,2026-02-21T22:40,1973.51,2026-02-21T23:25,1977.58,9,0.75,3674.53,-7.57,-0.21,3666.96,Signal Flip
1106,EMA_CONFIRMED_20_200,SHORT,2026-02-21T23:45,1974.65,2026-02-22T01:00,1973.86,15,1.25,3666.96,1.48,0.04,3668.44,Signal Flip
1107,EMA_CONFIRMED_20_200,SHORT,2026-02-22T02:25,1975.13,2026-02-22T04:00,1975.7,19,1.58,3668.44,-1.05,-0.03,3667.39,Signal Flip
1108,EMA_CONFIRMED_20_200,SHORT,2026-02-22T04:25,1971.37,2026-02-22T04:55,1975.09,6,0.5,3667.39,-6.91,-0.19,3660.48,Signal Flip
1109,EMA_CONFIRMED_20_200,SHORT,2026-02-22T05:10,1972.25,2026-02-22T05:25,1974.68,3,0.25,3660.48,-4.5,-0.12,3655.99,Signal Flip
1110,EMA_CONFIRMED_20_200,SHORT,2026-02-22T05:35,1971.77,2026-02-22T05:45,1974.27,2,0.17,3655.99,-4.62,-0.13,3651.36,Signal Flip
1111,EMA_CONFIRMED_20_200,SHORT,2026-02-22T05:50,1971.79,2026-02-22T05:55,1974.39,1,0.08,3651.36,-4.8,-0.13,3646.56,Signal Flip
1112,EMA_CONFIRMED_20_200,SHORT,2026-02-22T07:20,1974.22,2026-02-22T07:30,1977.4,2,0.17,3646.56,-5.87,-0.16,3640.7,Signal Flip
1113,EMA_CONFIRMED_20_200,SHORT,2026-02-22T07:55,1975.12,2026-02-22T08:05,1977.44,2,0.17,3640.7,-4.27,-0.12,3636.43,Signal Flip
1114,EMA_CONFIRMED_20_200,SHORT,2026-02-22T08:10,1974.23,2026-02-22T08:15,1977.68,1,0.08,3636.43,-6.35,-0.17,3630.08,Signal Flip
1115,EMA_CONFIRMED_20_200,SHORT,2026-02-22T08:25,1973.24,2026-02-22T09:45,1975.81,16,1.33,3630.08,-4.72,-0.13,3625.36,Signal Flip
1116,EMA_CONFIRMED_20_200,LONG,2026-02-22T10:40,1979.69,2026-02-22T12:05,1976.98,17,1.42,3625.36,-4.96,-0.14,3620.4,Signal Flip
1117,EMA_CONFIRMED_20_200,SHORT,2026-02-22T12:40,1962.9,2026-02-22T15:30,1954.99,34,2.83,3620.4,14.59,0.4,3634.99,Signal Flip
1118,EMA_CONFIRMED_20_200,SHORT,2026-02-22T16:05,1952.12,2026-02-22T16:50,1952.92,9,0.75,3634.99,-1.48,-0.04,3633.52,Signal Flip
1119,EMA_CONFIRMED_20_200,SHORT,2026-02-22T17:05,1950.34,2026-02-22T19:05,1945.37,24,2.0,3633.52,9.26,0.25,3642.78,Signal Flip
1120,EMA_CONFIRMED_20_200,SHORT,2026-02-22T19:15,1940.75,2026-02-22T19:35,1944.8,4,0.33,3642.78,-7.61,-0.21,3635.17,Signal Flip
1121,EMA_CONFIRMED_20_200,SHORT,2026-02-22T20:05,1942.54,2026-02-22T20:20,1945.31,3,0.25,3635.17,-5.19,-0.14,3629.98,Signal Flip
1122,EMA_CONFIRMED_20_200,SHORT,2026-02-22T20:55,1939.5,2026-02-22T21:20,1944.28,5,0.42,3629.98,-8.95,-0.25,3621.03,Signal Flip
1123,EMA_CONFIRMED_20_200,SHORT,2026-02-22T21:30,1940.36,2026-02-22T21:35,1944.35,1,0.08,3621.03,-7.45,-0.21,3613.58,Signal Flip
1124,EMA_CONFIRMED_20_200,SHORT,2026-02-22T23:25,1951.98,2026-02-22T23:55,1957.79,6,0.5,3613.58,-10.75,-0.3,3602.84,Signal Flip
1125,EMA_CONFIRMED_20_200,SHORT,2026-02-23T00:20,1951.53,2026-02-23T05:05,1862.48,57,4.75,3602.84,164.41,4.56,3767.24,Signal Flip
1126,EMA_CONFIRMED_20_200,SHORT,2026-02-23T05:50,1862.92,2026-02-23T05:55,1865.77,1,0.08,3767.24,-5.77,-0.15,3761.47,Signal Flip
1127,EMA_CONFIRMED_20_200,SHORT,2026-02-23T08:35,1879.99,2026-02-23T09:05,1886.28,6,0.5,3761.47,-12.59,-0.33,3748.88,Signal Flip
1128,EMA_CONFIRMED_20_200,LONG,2026-02-23T10:20,1925.47,2026-02-23T11:40,1912.09,16,1.33,3748.88,-26.05,-0.69,3722.83,Signal Flip
1129,EMA_CONFIRMED_20_200,LONG,2026-02-23T11:55,1915.2,2026-02-23T12:25,1912.88,6,0.5,3722.83,-4.5,-0.12,3718.33,Signal Flip
1130,EMA_CONFIRMED_20_200,LONG,2026-02-23T12:40,1921.55,2026-02-23T14:20,1917.34,20,1.67,3718.33,-8.15,-0.22,3710.19,Signal Flip
1131,EMA_CONFIRMED_20_200,SHORT,2026-02-23T15:35,1904.23,2026-02-23T18:35,1867.13,36,3.0,3710.19,72.27,1.95,3782.46,Signal Flip
1132,EMA_CONFIRMED_20_200,SHORT,2026-02-23T18:50,1864.76,2026-02-23T20:05,1860.54,15,1.25,3782.46,8.55,0.23,3791.02,Signal Flip
1133,EMA_CONFIRMED_20_200,SHORT,2026-02-23T20:10,1854.54,2026-02-23T20:35,1857.37,5,0.42,3791.02,-5.78,-0.15,3785.24,Signal Flip
1134,EMA_CONFIRMED_20_200,SHORT,2026-02-23T20:40,1854.54,2026-02-23T20:45,1857.57,1,0.08,3785.24,-6.18,-0.16,3779.06,Signal Flip
1135,EMA_CONFIRMED_20_200,SHORT,2026-02-23T21:40,1858.16,2026-02-23T21:45,1863.51,1,0.08,3779.06,-10.88,-0.29,3768.18,Signal Flip
1136,EMA_CONFIRMED_20_200,SHORT,2026-02-23T22:55,1859.55,2026-02-23T23:05,1865.06,2,0.17,3768.18,-11.17,-0.3,3757.01,Signal Flip
1137,EMA_CONFIRMED_20_200,SHORT,2026-02-23T23:20,1861.75,2026-02-24T00:15,1864.34,11,0.92,3757.01,-5.23,-0.14,3751.78,Signal Flip
1138,EMA_CONFIRMED_20_200,SHORT,2026-02-24T01:10,1858.13,2026-02-24T02:35,1851.92,17,1.42,3751.78,12.55,0.33,3764.33,Signal Flip
1139,EMA_CONFIRMED_20_200,SHORT,2026-02-24T02:40,1845.75,2026-02-24T05:00,1831.72,28,2.33,3764.33,28.62,0.76,3792.94,Signal Flip
1140,EMA_CONFIRMED_20_200,SHORT,2026-02-24T05:20,1829.4,2026-02-24T06:10,1829.52,10,0.83,3792.94,-0.25,-0.01,3792.69,Signal Flip
1141,EMA_CONFIRMED_20_200,SHORT,2026-02-24T06:15,1824.0,2026-02-24T06:20,1829.11,1,0.08,3792.69,-10.64,-0.28,3782.05,Signal Flip
1142,EMA_CONFIRMED_20_200,SHORT,2026-02-24T06:40,1825.97,2026-02-24T06:45,1828.43,1,0.08,3782.05,-5.11,-0.14,3776.94,Signal Flip
1143,EMA_CONFIRMED_20_200,SHORT,2026-02-24T06:50,1826.27,2026-02-24T07:10,1830.13,4,0.33,3776.94,-8.0,-0.21,3768.94,Signal Flip
1144,EMA_CONFIRMED_20_200,SHORT,2026-02-24T07:20,1823.11,2026-02-24T07:25,1826.93,1,0.08,3768.94,-7.91,-0.21,3761.04,Signal Flip
1145,EMA_CONFIRMED_20_200,SHORT,2026-02-24T07:45,1823.05,2026-02-24T08:25,1831.21,8,0.67,3761.04,-16.83,-0.45,3744.21,Signal Flip
1146,EMA_CONFIRMED_20_200,SHORT,2026-02-24T09:10,1824.47,2026-02-24T10:00,1828.06,10,0.83,3744.21,-7.38,-0.2,3736.83,Signal Flip
1147,EMA_CONFIRMED_20_200,SHORT,2026-02-24T10:05,1824.09,2026-02-24T10:10,1826.28,1,0.08,3736.83,-4.5,-0.12,3732.33,Signal Flip
1148,EMA_CONFIRMED_20_200,SHORT,2026-02-24T10:35,1823.32,2026-02-24T10:55,1828.41,4,0.33,3732.33,-10.43,-0.28,3721.9,Signal Flip
1149,EMA_CONFIRMED_20_200,SHORT,2026-02-24T11:05,1823.9,2026-02-24T11:40,1824.45,7,0.58,3721.9,-1.13,-0.03,3720.77,Signal Flip
1150,EMA_CONFIRMED_20_200,SHORT,2026-02-24T11:45,1821.34,2026-02-24T11:50,1824.86,1,0.08,3720.77,-7.2,-0.19,3713.57,Signal Flip
1151,EMA_CONFIRMED_20_200,SHORT,2026-02-24T12:40,1820.6,2026-02-24T12:55,1826.35,3,0.25,3713.57,-11.74,-0.32,3701.84,Signal Flip
1152,EMA_CONFIRMED_20_200,SHORT,2026-02-24T13:00,1823.01,2026-02-24T13:05,1825.96,1,0.08,3701.84,-6.0,-0.16,3695.84,Signal Flip
1153,EMA_CONFIRMED_20_200,SHORT,2026-02-24T13:20,1822.47,2026-02-24T14:40,1822.78,16,1.33,3695.84,-0.63,-0.02,3695.2,Signal Flip
1154,EMA_CONFIRMED_20_200,LONG,2026-02-24T15:55,1844.13,2026-02-24T16:35,1839.44,8,0.67,3695.2,-9.4,-0.25,3685.8,Signal Flip
1155,EMA_CONFIRMED_20_200,LONG,2026-02-24T16:40,1846.78,2026-02-24T17:45,1852.54,13,1.08,3685.8,11.5,0.31,3697.3,Signal Flip
1156,EMA_CONFIRMED_20_200,LONG,2026-02-24T18:00,1856.36,2026-02-24T18:10,1849.82,2,0.17,3697.3,-13.01,-0.35,3684.29,Signal Flip
1157,EMA_CONFIRMED_20_200,LONG,2026-02-24T18:20,1853.8,2026-02-24T18:25,1851.47,1,0.08,3684.29,-4.62,-0.13,3679.67,Signal Flip
1158,EMA_CONFIRMED_20_200,LONG,2026-02-24T18:35,1855.72,2026-02-24T19:15,1848.68,8,0.67,3679.67,-13.96,-0.38,3665.71,Signal Flip
1159,EMA_CONFIRMED_20_200,LONG,2026-02-24T19:45,1854.94,2026-02-24T19:55,1851.53,2,0.17,3665.71,-6.73,-0.18,3658.98,Signal Flip
1160,EMA_CONFIRMED_20_200,LONG,2026-02-24T20:20,1854.54,2026-02-24T21:05,1850.16,9,0.75,3658.98,-8.63,-0.24,3650.35,Signal Flip
1161,EMA_CONFIRMED_20_200,LONG,2026-02-24T21:45,1854.11,2026-02-24T21:50,1851.28,1,0.08,3650.35,-5.56,-0.15,3644.8,Signal Flip
1162,EMA_CONFIRMED_20_200,LONG,2026-02-24T22:00,1855.1,2026-02-24T23:05,1855.01,13,1.08,3644.8,-0.17,-0.0,3644.63,Signal Flip
1163,EMA_CONFIRMED_20_200,LONG,2026-02-24T23:15,1857.69,2026-02-24T23:20,1855.03,1,0.08,3644.63,-5.21,-0.14,3639.42,Signal Flip
1164,EMA_CONFIRMED_20_200,LONG,2026-02-24T23:25,1857.98,2026-02-24T23:50,1851.97,5,0.42,3639.42,-11.76,-0.32,3627.66,Signal Flip
1165,EMA_CONFIRMED_20_200,LONG,2026-02-25T00:40,1853.79,2026-02-25T01:00,1851.05,4,0.33,3627.66,-5.35,-0.15,3622.31,Signal Flip
1166,EMA_CONFIRMED_20_200,LONG,2026-02-25T01:05,1855.1,2026-02-25T03:20,1909.8,27,2.25,3622.31,106.82,2.95,3729.13,Signal Flip
1167,EMA_CONFIRMED_20_200,LONG,2026-02-25T04:25,1912.84,2026-02-25T04:50,1909.37,5,0.42,3729.13,-6.75,-0.18,3722.38,Signal Flip
1168,EMA_CONFIRMED_20_200,LONG,2026-02-25T07:20,1892.9,2026-02-25T07:25,1889.1,1,0.08,3722.38,-7.46,-0.2,3714.93,Signal Flip
1169,EMA_CONFIRMED_20_200,LONG,2026-02-25T07:30,1892.8,2026-02-25T07:40,1889.65,2,0.17,3714.93,-6.17,-0.17,3708.76,Signal Flip
1170,EMA_CONFIRMED_20_200,LONG,2026-02-25T07:55,1893.3,2026-02-25T08:15,1890.33,4,0.33,3708.76,-5.8,-0.16,3702.96,Signal Flip
1171,EMA_CONFIRMED_20_200,LONG,2026-02-25T08:20,1893.68,2026-02-25T11:00,1911.66,32,2.67,3702.96,35.17,0.95,3738.14,Signal Flip
1172,EMA_CONFIRMED_20_200,LONG,2026-02-25T11:10,1916.09,2026-02-25T14:40,1961.4,42,3.5,3738.14,88.4,2.36,3826.53,Signal Flip
1173,EMA_CONFIRMED_20_200,LONG,2026-02-25T14:45,1969.66,2026-02-25T19:10,2064.73,53,4.42,3826.53,184.68,4.83,4011.22,Signal Flip
1174,EMA_CONFIRMED_20_200,LONG,2026-02-25T19:25,2069.89,2026-02-25T19:35,2061.16,2,0.17,4011.22,-16.93,-0.42,3994.29,Signal Flip
1175,EMA_CONFIRMED_20_200,LONG,2026-02-25T19:45,2067.44,2026-02-25T20:15,2062.1,6,0.5,3994.29,-10.33,-0.26,3983.96,Signal Flip
1176,EMA_CONFIRMED_20_200,LONG,2026-02-25T20:35,2071.86,2026-02-25T21:30,2066.73,11,0.92,3983.96,-9.86,-0.25,3974.1,Signal Flip
1177,EMA_CONFIRMED_20_200,LONG,2026-02-25T21:35,2093.5,2026-02-25T22:45,2089.01,14,1.17,3974.1,-8.51,-0.21,3965.59,Signal Flip
1178,EMA_CONFIRMED_20_200,LONG,2026-02-26T00:25,2074.6,2026-02-26T00:40,2054.47,3,0.25,3965.59,-38.47,-0.97,3927.12,Signal Flip
1179,EMA_CONFIRMED_20_200,LONG,2026-02-26T02:45,2055.47,2026-02-26T02:50,2048.35,1,0.08,3927.12,-13.61,-0.35,3913.52,Signal Flip
1180,EMA_CONFIRMED_20_200,LONG,2026-02-26T03:00,2054.31,2026-02-26T03:05,2051.39,1,0.08,3913.52,-5.55,-0.14,3907.97,Signal Flip
1181,EMA_CONFIRMED_20_200,LONG,2026-02-26T03:35,2058.13,2026-02-26T05:10,2065.6,19,1.58,3907.97,14.18,0.36,3922.15,Signal Flip
1182,EMA_CONFIRMED_20_200,LONG,2026-02-26T05:45,2066.19,2026-02-26T06:05,2061.02,4,0.33,3922.15,-9.82,-0.25,3912.33,Signal Flip
1183,EMA_CONFIRMED_20_200,LONG,2026-02-26T06:10,2072.39,2026-02-26T06:30,2063.45,4,0.33,3912.33,-16.87,-0.43,3895.45,Signal Flip
1184,EMA_CONFIRMED_20_200,LONG,2026-02-26T07:05,2067.2,2026-02-26T07:20,2061.1,3,0.25,3895.45,-11.5,-0.3,3883.95,Signal Flip
1185,EMA_CONFIRMED_20_200,LONG,2026-02-26T08:55,2056.27,2026-02-26T09:00,2053.4,1,0.08,3883.95,-5.41,-0.14,3878.54,Signal Flip
1186,EMA_CONFIRMED_20_200,LONG,2026-02-26T09:05,2055.83,2026-02-26T10:30,2065.55,17,1.42,3878.54,18.34,0.47,3896.88,Signal Flip
1187,EMA_CONFIRMED_20_200,LONG,2026-02-26T10:35,2070.46,2026-02-26T10:50,2064.32,3,0.25,3896.88,-11.57,-0.3,3885.31,Signal Flip
1188,EMA_CONFIRMED_20_200,LONG,2026-02-26T12:05,2063.37,2026-02-26T13:15,2064.15,14,1.17,3885.31,1.46,0.04,3886.77,Signal Flip
1189,EMA_CONFIRMED_20_200,LONG,2026-02-26T13:30,2072.99,2026-02-26T14:00,2064.19,6,0.5,3886.77,-16.5,-0.42,3870.27,Signal Flip
1190,EMA_CONFIRMED_20_200,LONG,2026-02-26T14:15,2067.15,2026-02-26T14:20,2063.37,1,0.08,3870.27,-7.09,-0.18,3863.18,Signal Flip
1191,EMA_CONFIRMED_20_200,LONG,2026-02-26T14:25,2071.06,2026-02-26T14:40,2060.22,3,0.25,3863.18,-20.21,-0.52,3842.97,Signal Flip
1192,EMA_CONFIRMED_20_200,SHORT,2026-02-26T15:20,2022.69,2026-02-26T18:35,1998.79,39,3.25,3842.97,45.41,1.18,3888.38,Signal Flip
1193,EMA_CONFIRMED_20_200,SHORT,2026-02-26T20:55,2022.96,2026-02-26T21:05,2029.14,2,0.17,3888.38,-11.89,-0.31,3876.49,Signal Flip
1194,EMA_CONFIRMED_20_200,SHORT,2026-02-26T21:10,2021.06,2026-02-26T21:20,2028.87,2,0.17,3876.49,-14.99,-0.39,3861.5,Signal Flip
1195,EMA_CONFIRMED_20_200,SHORT,2026-02-26T22:25,2028.06,2026-02-26T22:30,2030.69,1,0.08,3861.5,-5.03,-0.13,3856.47,Signal Flip
1196,EMA_CONFIRMED_20_200,SHORT,2026-02-26T23:05,2027.19,2026-02-26T23:25,2032.34,4,0.33,3856.47,-9.8,-0.25,3846.68,Signal Flip
1197,EMA_CONFIRMED_20_200,SHORT,2026-02-26T23:40,2027.77,2026-02-27T00:10,2030.42,6,0.5,3846.68,-5.04,-0.13,3841.63,Signal Flip
1198,EMA_CONFIRMED_20_200,SHORT,2026-02-27T00:15,2024.94,2026-02-27T01:35,2018.66,16,1.33,3841.63,11.91,0.31,3853.54,Signal Flip
1199,EMA_CONFIRMED_20_200,SHORT,2026-02-27T01:45,2011.56,2026-02-27T01:50,2017.4,1,0.08,3853.54,-11.18,-0.29,3842.37,Signal Flip
1200,EMA_CONFIRMED_20_200,SHORT,2026-02-27T03:10,2023.1,2026-02-27T03:35,2027.9,5,0.42,3842.37,-9.13,-0.24,3833.24,Signal Flip
1201,EMA_CONFIRMED_20_200,LONG,2026-02-27T04:05,2054.25,2026-02-27T05:00,2041.62,11,0.92,3833.24,-23.56,-0.61,3809.68,Signal Flip
1202,EMA_CONFIRMED_20_200,LONG,2026-02-27T05:05,2046.33,2026-02-27T05:25,2040.75,4,0.33,3809.68,-10.39,-0.27,3799.28,Signal Flip
1203,EMA_CONFIRMED_20_200,LONG,2026-02-27T05:30,2045.41,2026-02-27T05:50,2043.07,4,0.33,3799.28,-4.35,-0.11,3794.93,Signal Flip
1204,EMA_CONFIRMED_20_200,LONG,2026-02-27T07:10,2039.88,2026-02-27T07:15,2036.18,1,0.08,3794.93,-6.88,-0.18,3788.05,Signal Flip
1205,EMA_CONFIRMED_20_200,LONG,2026-02-27T08:05,2034.62,2026-02-27T08:35,2033.64,6,0.5,3788.05,-1.81,-0.05,3786.23,Signal Flip
1206,EMA_CONFIRMED_20_200,LONG,2026-02-27T09:10,2036.15,2026-02-27T09:25,2033.54,3,0.25,3786.23,-4.84,-0.13,3781.39,Signal Flip
1207,EMA_CONFIRMED_20_200,LONG,2026-02-27T09:30,2038.86,2026-02-27T09:40,2028.0,2,0.17,3781.39,-20.15,-0.53,3761.24,Signal Flip
1208,EMA_CONFIRMED_20_200,SHORT,2026-02-27T09:45,2018.91,2026-02-27T13:05,1968.58,40,3.33,3761.24,93.76,2.49,3855.0,Signal Flip
1209,EMA_CONFIRMED_20_200,SHORT,2026-02-27T13:10,1959.62,2026-02-27T13:55,1961.51,9,0.75,3855.0,-3.72,-0.1,3851.28,Signal Flip
1210,EMA_CONFIRMED_20_200,SHORT,2026-02-27T14:05,1957.22,2026-02-27T14:15,1962.61,2,0.17,3851.28,-10.61,-0.28,3840.67,Signal Flip
1211,EMA_CONFIRMED_20_200,SHORT,2026-02-27T14:20,1953.21,2026-02-27T18:00,1933.32,44,3.67,3840.67,39.12,1.02,3879.8,Signal Flip
1212,EMA_CONFIRMED_20_200,SHORT,2026-02-27T18:10,1924.0,2026-02-27T19:55,1923.01,21,1.75,3879.8,1.99,0.05,3881.79,Signal Flip
1213,EMA_CONFIRMED_20_200,SHORT,2026-02-27T20:40,1921.07,2026-02-27T20:45,1923.74,1,0.08,3881.79,-5.4,-0.14,3876.39,Signal Flip
1214,EMA_CONFIRMED_20_200,SHORT,2026-02-27T21:40,1924.77,2026-02-27T21:45,1927.55,1,0.08,3876.39,-5.61,-0.14,3870.78,Signal Flip
1215,EMA_CONFIRMED_20_200,SHORT,2026-02-27T21:50,1923.88,2026-02-27T22:45,1922.73,11,0.92,3870.78,2.31,0.06,3873.08,Signal Flip
1216,EMA_CONFIRMED_20_200,SHORT,2026-02-28T00:30,1925.51,2026-02-28T00:40,1929.48,2,0.17,3873.08,-8.0,-0.21,3865.08,Signal Flip
1217,EMA_CONFIRMED_20_200,SHORT,2026-02-28T01:30,1924.34,2026-02-28T02:20,1929.37,10,0.83,3865.08,-10.12,-0.26,3854.97,Signal Flip
1218,EMA_CONFIRMED_20_200,SHORT,2026-02-28T03:05,1926.43,2026-02-28T03:20,1931.21,3,0.25,3854.97,-9.56,-0.25,3845.4,Signal Flip
1219,EMA_CONFIRMED_20_200,SHORT,2026-02-28T03:35,1924.21,2026-02-28T04:40,1927.02,13,1.08,3845.4,-5.63,-0.15,3839.78,Signal Flip
1220,EMA_CONFIRMED_20_200,SHORT,2026-02-28T05:00,1924.16,2026-02-28T05:05,1927.13,1,0.08,3839.78,-5.94,-0.15,3833.84,Signal Flip
1221,EMA_CONFIRMED_20_200,SHORT,2026-02-28T05:25,1924.04,2026-02-28T07:40,1877.35,27,2.25,3833.84,93.03,2.43,3926.87,Signal Flip
1222,EMA_CONFIRMED_20_200,SHORT,2026-02-28T07:50,1867.45,2026-02-28T09:25,1862.65,19,1.58,3926.87,10.08,0.26,3936.95,Signal Flip
1223,EMA_CONFIRMED_20_200,SHORT,2026-02-28T09:35,1854.92,2026-02-28T10:20,1857.89,9,0.75,3936.95,-6.3,-0.16,3930.66,Signal Flip
1224,EMA_CONFIRMED_20_200,SHORT,2026-02-28T12:00,1862.39,2026-02-28T12:20,1872.95,4,0.33,3930.66,-22.28,-0.57,3908.38,Signal Flip
1225,EMA_CONFIRMED_20_200,SHORT,2026-02-28T12:50,1864.23,2026-02-28T13:00,1869.46,2,0.17,3908.38,-10.98,-0.28,3897.4,Signal Flip
1226,EMA_CONFIRMED_20_200,SHORT,2026-02-28T13:05,1866.16,2026-02-28T13:10,1871.29,1,0.08,3897.4,-10.71,-0.27,3886.69,Signal Flip
1227,EMA_CONFIRMED_20_200,SHORT,2026-02-28T13:40,1866.57,2026-02-28T13:45,1873.06,1,0.08,3886.69,-13.51,-0.35,3873.17,Signal Flip
1228,EMA_CONFIRMED_20_200,SHORT,2026-02-28T14:55,1887.12,2026-02-28T15:05,1894.48,2,0.17,3873.17,-15.11,-0.39,3858.06,Signal Flip
1229,EMA_CONFIRMED_20_200,SHORT,2026-02-28T15:10,1888.53,2026-02-28T15:25,1890.5,3,0.25,3858.06,-4.04,-0.1,3854.02,Signal Flip
1230,EMA_CONFIRMED_20_200,LONG,2026-02-28T16:25,1903.65,2026-02-28T17:15,1897.83,10,0.83,3854.02,-11.78,-0.31,3842.24,Signal Flip
1231,EMA_CONFIRMED_20_200,LONG,2026-02-28T17:25,1901.11,2026-02-28T17:40,1896.98,3,0.25,3842.24,-8.35,-0.22,3833.89,Signal Flip
1232,EMA_CONFIRMED_20_200,LONG,2026-02-28T17:50,1901.95,2026-02-28T21:20,1946.5,42,3.5,3833.89,89.79,2.34,3923.69,Signal Flip
1233,EMA_CONFIRMED_20_200,LONG,2026-02-28T21:25,1954.26,2026-02-28T21:30,1948.49,1,0.08,3923.69,-11.59,-0.3,3912.1,Signal Flip
1234,EMA_CONFIRMED_20_200,LONG,2026-02-28T21:40,1957.8,2026-02-28T23:15,1961.83,19,1.58,3912.1,8.05,0.21,3920.15,Signal Flip
1235,EMA_CONFIRMED_20_200,LONG,2026-02-28T23:50,1967.27,2026-03-01T00:10,1959.62,4,0.33,3920.15,-15.25,-0.39,3904.9,Signal Flip
1236,EMA_CONFIRMED_20_200,LONG,2026-03-01T00:55,1964.48,2026-03-01T01:05,1954.59,2,0.17,3904.9,-19.66,-0.5,3885.24,Signal Flip
1237,EMA_CONFIRMED_20_200,LONG,2026-03-01T01:35,1961.57,2026-03-01T03:55,2018.61,28,2.33,3885.24,112.98,2.91,3998.22,Signal Flip
1238,EMA_CONFIRMED_20_200,LONG,2026-03-01T04:05,2027.97,2026-03-01T04:10,2018.41,1,0.08,3998.22,-18.85,-0.47,3979.37,Signal Flip
1239,EMA_CONFIRMED_20_200,LONG,2026-03-01T05:25,2023.35,2026-03-01T05:45,2013.95,4,0.33,3979.37,-18.48,-0.46,3960.88,Signal Flip
1240,EMA_CONFIRMED_20_200,LONG,2026-03-01T07:15,2004.25,2026-03-01T07:25,1999.75,2,0.17,3960.88,-8.9,-0.22,3951.98,Signal Flip
1241,EMA_CONFIRMED_20_200,LONG,2026-03-01T07:35,2004.0,2026-03-01T08:05,1999.35,6,0.5,3951.98,-9.17,-0.23,3942.81,Signal Flip
1242,EMA_CONFIRMED_20_200,LONG,2026-03-01T08:10,2006.97,2026-03-01T08:35,2002.76,5,0.42,3942.81,-8.28,-0.21,3934.53,Signal Flip
1243,EMA_CONFIRMED_20_200,LONG,2026-03-01T08:40,2006.29,2026-03-01T08:45,2000.77,1,0.08,3934.53,-10.83,-0.28,3923.7,Signal Flip
1244,EMA_CONFIRMED_20_200,LONG,2026-03-01T10:35,1986.95,2026-03-01T10:40,1982.88,1,0.08,3923.7,-8.05,-0.21,3915.65,Signal Flip
1245,EMA_CONFIRMED_20_200,LONG,2026-03-01T11:00,1985.8,2026-03-01T11:35,1981.81,7,0.58,3915.65,-7.88,-0.2,3907.78,Signal Flip
1246,EMA_CONFIRMED_20_200,LONG,2026-03-01T12:10,1988.47,2026-03-01T12:15,1983.91,1,0.08,3907.78,-8.97,-0.23,3898.8,Signal Flip
1247,EMA_CONFIRMED_20_200,LONG,2026-03-01T12:20,1988.02,2026-03-01T12:25,1982.6,1,0.08,3898.8,-10.64,-0.27,3888.16,Signal Flip
1248,EMA_CONFIRMED_20_200,LONG,2026-03-01T12:45,1985.11,2026-03-01T12:50,1977.16,1,0.08,3888.16,-15.57,-0.4,3872.59,Signal Flip
1249,EMA_CONFIRMED_20_200,SHORT,2026-03-01T13:30,1975.39,2026-03-01T13:55,2018.73,5,0.42,3872.59,-84.96,-2.19,3787.63,Signal Flip
1250,EMA_CONFIRMED_20_200,LONG,2026-03-01T13:55,2018.73,2026-03-01T14:45,1997.64,10,0.83,3787.63,-39.57,-1.04,3748.06,Signal Flip
1251,EMA_CONFIRMED_20_200,LONG,2026-03-01T14:50,2003.69,2026-03-01T15:55,2004.94,13,1.08,3748.06,2.33,0.06,3750.39,Signal Flip
1252,EMA_CONFIRMED_20_200,LONG,2026-03-01T16:30,2006.77,2026-03-01T16:45,1999.05,3,0.25,3750.39,-14.43,-0.38,3735.96,Signal Flip
1253,EMA_CONFIRMED_20_200,SHORT,2026-03-01T17:25,1964.37,2026-03-01T18:05,1985.31,8,0.67,3735.96,-39.83,-1.07,3696.13,Signal Flip
1254,EMA_CONFIRMED_20_200,SHORT,2026-03-01T18:55,1975.64,2026-03-01T21:55,1929.89,36,3.0,3696.13,85.59,2.32,3781.71,Signal Flip
1255,EMA_CONFIRMED_20_200,SHORT,2026-03-01T22:10,1926.5,2026-03-01T22:15,1947.05,1,0.08,3781.71,-40.35,-1.07,3741.36,Signal Flip
1256,EMA_CONFIRMED_20_200,SHORT,2026-03-01T22:35,1922.44,2026-03-01T23:05,1936.97,6,0.5,3741.36,-28.28,-0.76,3713.08,Signal Flip
1257,EMA_CONFIRMED_20_200,SHORT,2026-03-01T23:30,1931.54,2026-03-01T23:35,1936.15,1,0.08,3713.08,-8.85,-0.24,3704.23,Signal Flip
1258,EMA_CONFIRMED_20_200,LONG,2026-03-02T01:55,1967.87,2026-03-02T02:10,1949.22,3,0.25,3704.23,-35.1,-0.95,3669.13,Signal Flip
1259,EMA_CONFIRMED_20_200,SHORT,2026-03-02T02:10,1949.22,2026-03-02T02:40,1961.04,6,0.5,3669.13,-22.24,-0.61,3646.89,Signal Flip
1260,EMA_CONFIRMED_20_200,SHORT,2026-03-02T02:45,1954.99,2026-03-02T03:10,1956.89,5,0.42,3646.89,-3.54,-0.1,3643.35,Signal Flip
1261,EMA_CONFIRMED_20_200,LONG,2026-03-02T03:35,1972.76,2026-03-02T04:50,1969.83,15,1.25,3643.35,-5.4,-0.15,3637.96,Signal Flip
1262,EMA_CONFIRMED_20_200,LONG,2026-03-02T04:55,1972.87,2026-03-02T05:05,1966.61,2,0.17,3637.96,-11.54,-0.32,3626.41,Signal Flip
1263,EMA_CONFIRMED_20_200,LONG,2026-03-02T05:20,1971.08,2026-03-02T05:25,1964.59,1,0.08,3626.41,-11.94,-0.33,3614.48,Signal Flip
1264,EMA_CONFIRMED_20_200,LONG,2026-03-02T05:35,1971.48,2026-03-02T06:00,1969.91,5,0.42,3614.48,-2.86,-0.08,3611.62,Signal Flip
1265,EMA_CONFIRMED_20_200,SHORT,2026-03-02T06:40,1946.72,2026-03-02T08:45,1939.93,25,2.08,3611.62,12.59,0.35,3624.21,Signal Flip
1266,EMA_CONFIRMED_20_200,SHORT,2026-03-02T10:00,1946.81,2026-03-02T10:05,1953.91,1,0.08,3624.21,-13.22,-0.36,3610.99,Signal Flip
1267,EMA_CONFIRMED_20_200,SHORT,2026-03-02T10:15,1946.46,2026-03-02T10:25,1952.93,2,0.17,3610.99,-12.0,-0.33,3598.99,Signal Flip
1268,EMA_CONFIRMED_20_200,SHORT,2026-03-02T10:45,1950.07,2026-03-02T10:50,1952.76,1,0.08,3598.99,-4.95,-0.14,3594.04,Signal Flip
1269,EMA_CONFIRMED_20_200,SHORT,2026-03-02T10:55,1949.13,2026-03-02T11:00,1953.22,1,0.08,3594.04,-7.53,-0.21,3586.51,Signal Flip
1270,EMA_CONFIRMED_20_200,SHORT,2026-03-02T11:10,1937.44,2026-03-02T11:45,1947.33,7,0.58,3586.51,-18.31,-0.51,3568.2,Signal Flip
1271,EMA_CONFIRMED_20_200,SHORT,2026-03-02T12:15,1945.38,2026-03-02T13:25,1943.5,14,1.17,3568.2,3.44,0.1,3571.64,Signal Flip
1272,EMA_CONFIRMED_20_200,SHORT,2026-03-02T13:30,1933.23,2026-03-02T14:35,1954.8,13,1.08,3571.64,-39.84,-1.12,3531.8,Signal Flip
1273,EMA_CONFIRMED_20_200,LONG,2026-03-02T15:05,1985.99,2026-03-02T17:40,2040.15,31,2.58,3531.8,96.31,2.73,3628.11,Signal Flip
1274,EMA_CONFIRMED_20_200,LONG,2026-03-02T19:35,2037.1,2026-03-02T19:45,2030.88,2,0.17,3628.11,-11.07,-0.31,3617.04,Signal Flip
1275,EMA_CONFIRMED_20_200,LONG,2026-03-02T19:50,2039.13,2026-03-02T20:15,2031.1,5,0.42,3617.04,-14.24,-0.39,3602.81,Signal Flip
1276,EMA_CONFIRMED_20_200,LONG,2026-03-02T20:20,2038.72,2026-03-02T20:30,2036.29,2,0.17,3602.81,-4.29,-0.12,3598.52,Signal Flip
1277,EMA_CONFIRMED_20_200,LONG,2026-03-02T20:35,2042.12,2026-03-02T21:00,2034.48,5,0.42,3598.52,-13.46,-0.37,3585.06,Signal Flip
1278,EMA_CONFIRMED_20_200,LONG,2026-03-02T21:15,2039.02,2026-03-02T23:05,2047.18,22,1.83,3585.06,14.34,0.4,3599.4,Signal Flip
1279,EMA_CONFIRMED_20_200,LONG,2026-03-02T23:10,2050.46,2026-03-02T23:15,2044.32,1,0.08,3599.4,-10.79,-0.3,3588.61,Signal Flip
1280,EMA_CONFIRMED_20_200,LONG,2026-03-03T00:40,2037.37,2026-03-03T00:50,2028.41,2,0.17,3588.61,-15.79,-0.44,3572.82,Signal Flip
1281,EMA_CONFIRMED_20_200,LONG,2026-03-03T01:00,2036.48,2026-03-03T01:20,2031.75,4,0.33,3572.82,-8.29,-0.23,3564.53,Signal Flip
1282,EMA_CONFIRMED_20_200,LONG,2026-03-03T01:25,2035.09,2026-03-03T01:30,2028.2,1,0.08,3564.53,-12.07,-0.34,3552.46,Signal Flip
1283,EMA_CONFIRMED_20_200,SHORT,2026-03-03T03:30,2009.71,2026-03-03T05:15,2011.56,21,1.75,3552.46,-3.25,-0.09,3549.21,Signal Flip
1284,EMA_CONFIRMED_20_200,SHORT,2026-03-03T05:30,2006.1,2026-03-03T07:00,2000.28,18,1.5,3549.21,10.29,0.29,3559.5,Signal Flip
1285,EMA_CONFIRMED_20_200,SHORT,2026-03-03T07:10,1994.61,2026-03-03T07:15,2001.34,1,0.08,3559.5,-12.01,-0.34,3547.5,Signal Flip
1286,EMA_CONFIRMED_20_200,SHORT,2026-03-03T07:35,1996.59,2026-03-03T07:45,1998.99,2,0.17,3547.5,-4.26,-0.12,3543.23,Signal Flip
1287,EMA_CONFIRMED_20_200,SHORT,2026-03-03T07:50,1994.41,2026-03-03T10:45,1957.34,35,2.92,3543.23,65.87,1.86,3609.1,Signal Flip
1288,EMA_CONFIRMED_20_200,SHORT,2026-03-03T11:20,1952.38,2026-03-03T11:25,1961.37,1,0.08,3609.1,-16.61,-0.46,3592.49,Signal Flip
1289,EMA_CONFIRMED_20_200,SHORT,2026-03-03T13:05,1954.64,2026-03-03T14:05,1962.17,12,1.0,3592.49,-13.84,-0.39,3578.65,Signal Flip
1290,EMA_CONFIRMED_20_200,SHORT,2026-03-03T14:35,1950.15,2026-03-03T15:35,1953.49,12,1.0,3578.65,-6.11,-0.17,3572.54,Signal Flip
1291,EMA_CONFIRMED_20_200,SHORT,2026-03-03T16:40,1969.69,2026-03-03T16:50,1981.42,2,0.17,3572.54,-21.27,-0.6,3551.27,Signal Flip
1292,EMA_CONFIRMED_20_200,SHORT,2026-03-03T17:05,1974.59,2026-03-03T17:25,1978.39,4,0.33,3551.27,-6.83,-0.19,3544.44,Signal Flip
1293,EMA_CONFIRMED_20_200,SHORT,2026-03-03T17:35,1962.64,2026-03-03T17:45,1976.62,2,0.17,3544.44,-25.25,-0.71,3519.19,Signal Flip
1294,EMA_CONFIRMED_20_200,SHORT,2026-03-03T18:15,1972.68,2026-03-03T18:20,1982.34,1,0.08,3519.19,-17.23,-0.49,3501.97,Signal Flip
1295,EMA_CONFIRMED_20_200,LONG,2026-03-03T18:35,1993.74,2026-03-03T19:10,1979.68,7,0.58,3501.97,-24.69,-0.71,3477.28,Signal Flip
1296,EMA_CONFIRMED_20_200,LONG,2026-03-03T19:15,1986.22,2026-03-03T19:35,1981.42,4,0.33,3477.28,-8.41,-0.24,3468.87,Signal Flip
1297,EMA_CONFIRMED_20_200,LONG,2026-03-03T19:40,1988.52,2026-03-03T20:10,1983.0,6,0.5,3468.87,-9.64,-0.28,3459.23,Signal Flip
1298,EMA_CONFIRMED_20_200,LONG,2026-03-03T20:45,1985.64,2026-03-03T20:50,1981.82,1,0.08,3459.23,-6.66,-0.19,3452.56,Signal Flip
1299,EMA_CONFIRMED_20_200,SHORT,2026-03-03T21:15,1967.0,2026-03-03T22:05,1977.8,10,0.83,3452.56,-18.96,-0.55,3433.6,Signal Flip
1300,EMA_CONFIRMED_20_200,LONG,2026-03-03T23:05,1987.61,2026-03-03T23:55,1981.72,10,0.83,3433.6,-10.18,-0.3,3423.42,Signal Flip
1301,EMA_CONFIRMED_20_200,LONG,2026-03-04T00:20,1986.34,2026-03-04T00:25,1979.13,1,0.08,3423.42,-12.43,-0.36,3410.99,Signal Flip
1302,EMA_CONFIRMED_20_200,SHORT,2026-03-04T00:45,1963.67,2026-03-04T01:05,1983.85,4,0.33,3410.99,-35.06,-1.03,3375.93,Signal Flip
1303,EMA_CONFIRMED_20_200,SHORT,2026-03-04T01:15,1976.95,2026-03-04T01:30,1980.29,3,0.25,3375.93,-5.7,-0.17,3370.23,Signal Flip
1304,EMA_CONFIRMED_20_200,LONG,2026-03-04T01:40,1994.16,2026-03-04T01:50,1979.65,2,0.17,3370.23,-24.52,-0.73,3345.71,Signal Flip
1305,EMA_CONFIRMED_20_200,LONG,2026-03-04T01:55,1983.61,2026-03-04T02:05,1977.94,2,0.17,3345.71,-9.56,-0.29,3336.15,Signal Flip
1306,EMA_CONFIRMED_20_200,SHORT,2026-03-04T02:30,1972.19,2026-03-04T02:50,1979.37,4,0.33,3336.15,-12.14,-0.36,3324.01,Signal Flip
1307,EMA_CONFIRMED_20_200,SHORT,2026-03-04T03:05,1970.4,2026-03-04T03:20,1978.21,3,0.25,3324.01,-13.17,-0.4,3310.84,Signal Flip
1308,EMA_CONFIRMED_20_200,SHORT,2026-03-04T03:25,1972.75,2026-03-04T04:55,1961.69,18,1.5,3310.84,18.57,0.56,3329.41,Signal Flip
1309,EMA_CONFIRMED_20_200,SHORT,2026-03-04T05:00,1959.28,2026-03-04T05:05,1961.29,1,0.08,3329.41,-3.42,-0.1,3325.99,Signal Flip
1310,EMA_CONFIRMED_20_200,SHORT,2026-03-04T05:30,1959.15,2026-03-04T05:40,1966.75,2,0.17,3325.99,-12.91,-0.39,3313.09,Signal Flip
1311,EMA_CONFIRMED_20_200,SHORT,2026-03-04T06:20,1964.71,2026-03-04T06:25,1968.01,1,0.08,3313.09,-5.58,-0.17,3307.51,Signal Flip
1312,EMA_CONFIRMED_20_200,LONG,2026-03-04T07:25,1982.26,2026-03-04T10:50,2068.23,41,3.42,3307.51,143.44,4.34,3450.95,Signal Flip
1313,EMA_CONFIRMED_20_200,LONG,2026-03-04T10:55,2072.15,2026-03-04T11:10,2066.06,3,0.25,3450.95,-10.14,-0.29,3440.81,Signal Flip
1314,EMA_CONFIRMED_20_200,LONG,2026-03-04T11:15,2075.9,2026-03-04T11:25,2069.3,2,0.17,3440.81,-10.93,-0.32,3429.88,Signal Flip
1315,EMA_CONFIRMED_20_200,LONG,2026-03-04T13:00,2055.37,2026-03-04T14:45,2065.72,21,1.75,3429.88,17.27,0.5,3447.15,Signal Flip
1316,EMA_CONFIRMED_20_200,LONG,2026-03-04T14:50,2079.05,2026-03-04T17:25,2131.83,31,2.58,3447.15,87.52,2.54,3534.67,Signal Flip
1317,EMA_CONFIRMED_20_200,LONG,2026-03-04T17:35,2139.99,2026-03-04T18:15,2140.83,8,0.67,3534.67,1.39,0.04,3536.05,Signal Flip
1318,EMA_CONFIRMED_20_200,LONG,2026-03-04T18:20,2152.82,2026-03-04T20:10,2163.82,22,1.83,3536.05,18.07,0.51,3554.13,Signal Flip
1319,EMA_CONFIRMED_20_200,LONG,2026-03-04T20:30,2172.77,2026-03-04T20:40,2168.3,2,0.17,3554.13,-7.31,-0.21,3546.81,Signal Flip
1320,EMA_CONFIRMED_20_200,LONG,2026-03-04T20:45,2174.02,2026-03-04T20:55,2158.81,2,0.17,3546.81,-24.81,-0.7,3522.0,Signal Flip
1321,EMA_CONFIRMED_20_200,LONG,2026-03-04T22:05,2159.42,2026-03-04T22:30,2151.89,5,0.42,3522.0,-12.27,-0.35,3509.73,Signal Flip
1322,EMA_CONFIRMED_20_200,LONG,2026-03-05T00:20,2132.99,2026-03-05T00:30,2125.98,2,0.17,3509.73,-11.53,-0.33,3498.2,Signal Flip
1323,EMA_CONFIRMED_20_200,LONG,2026-03-05T00:45,2132.1,2026-03-05T00:55,2127.29,2,0.17,3498.2,-7.89,-0.23,3490.3,Signal Flip
1324,EMA_CONFIRMED_20_200,LONG,2026-03-05T01:10,2138.48,2026-03-05T01:20,2127.99,2,0.17,3490.3,-17.13,-0.49,3473.18,Signal Flip
1325,EMA_CONFIRMED_20_200,LONG,2026-03-05T02:10,2130.47,2026-03-05T02:35,2118.93,5,0.42,3473.18,-18.82,-0.54,3454.36,Signal Flip
1326,EMA_CONFIRMED_20_200,LONG,2026-03-05T03:05,2124.55,2026-03-05T03:10,2121.01,1,0.08,3454.36,-5.76,-0.17,3448.6,Signal Flip
1327,EMA_CONFIRMED_20_200,LONG,2026-03-05T04:00,2121.21,2026-03-05T05:25,2121.01,17,1.42,3448.6,-0.33,-0.01,3448.27,Signal Flip
1328,EMA_CONFIRMED_20_200,LONG,2026-03-05T06:25,2125.07,2026-03-05T06:30,2119.88,1,0.08,3448.27,-8.43,-0.24,3439.84,Signal Flip
1329,EMA_CONFIRMED_20_200,LONG,2026-03-05T06:40,2125.47,2026-03-05T07:35,2118.8,11,0.92,3439.84,-10.8,-0.31,3429.05,Signal Flip
1330,EMA_CONFIRMED_20_200,SHORT,2026-03-05T08:10,2098.53,2026-03-05T08:45,2115.15,7,0.58,3429.05,-27.15,-0.79,3401.89,Signal Flip
1331,EMA_CONFIRMED_20_200,LONG,2026-03-05T09:20,2127.25,2026-03-05T11:25,2141.44,25,2.08,3401.89,22.69,0.67,3424.58,Signal Flip
1332,EMA_CONFIRMED_20_200,LONG,2026-03-05T11:30,2149.44,2026-03-05T11:40,2134.53,2,0.17,3424.58,-23.76,-0.69,3400.82,Signal Flip
1333,EMA_CONFIRMED_20_200,LONG,2026-03-05T12:50,2143.49,2026-03-05T13:05,2127.61,3,0.25,3400.82,-25.2,-0.74,3375.62,Signal Flip
1334,EMA_CONFIRMED_20_200,SHORT,2026-03-05T14:25,2115.49,2026-03-05T14:35,2126.67,2,0.17,3375.62,-17.84,-0.53,3357.78,Signal Flip
1335,EMA_CONFIRMED_20_200,SHORT,2026-03-05T14:40,2105.22,2026-03-05T15:00,2120.24,4,0.33,3357.78,-23.96,-0.71,3333.82,Signal Flip
1336,EMA_CONFIRMED_20_200,SHORT,2026-03-05T15:05,2105.65,2026-03-05T16:40,2083.69,19,1.58,3333.82,34.76,1.04,3368.58,Signal Flip
1337,EMA_CONFIRMED_20_200,SHORT,2026-03-05T16:45,2078.58,2026-03-05T17:05,2092.56,4,0.33,3368.58,-22.65,-0.67,3345.93,Signal Flip
1338,EMA_CONFIRMED_20_200,SHORT,2026-03-05T17:10,2072.58,2026-03-05T18:35,2076.38,17,1.42,3345.93,-6.13,-0.18,3339.8,Signal Flip
1339,EMA_CONFIRMED_20_200,SHORT,2026-03-05T19:35,2075.52,2026-03-05T19:45,2079.48,2,0.17,3339.8,-6.37,-0.19,3333.43,Signal Flip
1340,EMA_CONFIRMED_20_200,SHORT,2026-03-05T19:55,2074.17,2026-03-05T20:05,2080.43,2,0.17,3333.43,-10.06,-0.3,3323.38,Signal Flip
1341,EMA_CONFIRMED_20_200,SHORT,2026-03-05T21:35,2084.18,2026-03-05T23:25,2082.88,22,1.83,3323.38,2.07,0.06,3325.45,Signal Flip
1342,EMA_CONFIRMED_20_200,SHORT,2026-03-05T23:35,2073.62,2026-03-06T00:15,2081.42,8,0.67,3325.45,-12.5,-0.38,3312.94,Signal Flip
1343,EMA_CONFIRMED_20_200,SHORT,2026-03-06T00:20,2075.29,2026-03-06T01:10,2078.6,10,0.83,3312.94,-5.28,-0.16,3307.66,Signal Flip
1344,EMA_CONFIRMED_20_200,SHORT,2026-03-06T01:15,2072.64,2026-03-06T01:20,2077.44,1,0.08,3307.66,-7.65,-0.23,3300.01,Signal Flip
1345,EMA_CONFIRMED_20_200,SHORT,2026-03-06T01:30,2064.34,2026-03-06T01:35,2083.44,1,0.08,3300.01,-30.54,-0.93,3269.47,Signal Flip
1346,EMA_CONFIRMED_20_200,SHORT,2026-03-06T02:55,2081.04,2026-03-06T03:05,2086.42,2,0.17,3269.47,-8.46,-0.26,3261.01,Signal Flip
1347,EMA_CONFIRMED_20_200,SHORT,2026-03-06T03:15,2077.46,2026-03-06T03:25,2087.55,2,0.17,3261.01,-15.84,-0.49,3245.17,Signal Flip
1348,EMA_CONFIRMED_20_200,SHORT,2026-03-06T03:45,2082.63,2026-03-06T04:00,2084.85,3,0.25,3245.17,-3.47,-0.11,3241.7,Signal Flip
1349,EMA_CONFIRMED_20_200,SHORT,2026-03-06T04:10,2079.57,2026-03-06T06:05,2070.33,23,1.92,3241.7,14.4,0.44,3256.1,Signal Flip
1350,EMA_CONFIRMED_20_200,SHORT,2026-03-06T06:10,2065.05,2026-03-06T06:25,2072.46,3,0.25,3256.1,-11.68,-0.36,3244.42,Signal Flip
1351,EMA_CONFIRMED_20_200,SHORT,2026-03-06T06:30,2067.54,2026-03-06T06:40,2071.5,2,0.17,3244.42,-6.21,-0.19,3238.21,Signal Flip
1352,EMA_CONFIRMED_20_200,SHORT,2026-03-06T08:30,2076.68,2026-03-06T08:45,2081.42,3,0.25,3238.21,-7.39,-0.23,3230.82,Signal Flip
1353,EMA_CONFIRMED_20_200,SHORT,2026-03-06T08:55,2077.24,2026-03-06T10:15,2065.09,16,1.33,3230.82,18.9,0.58,3249.71,Signal Flip
1354,EMA_CONFIRMED_20_200,SHORT,2026-03-06T10:35,2062.17,2026-03-06T10:55,2066.93,4,0.33,3249.71,-7.51,-0.23,3242.2,Signal Flip
1355,EMA_CONFIRMED_20_200,SHORT,2026-03-06T11:00,2062.38,2026-03-06T11:15,2065.46,3,0.25,3242.2,-4.85,-0.15,3237.35,Signal Flip
1356,EMA_CONFIRMED_20_200,SHORT,2026-03-06T11:20,2062.32,2026-03-06T11:25,2066.2,1,0.08,3237.35,-6.1,-0.19,3231.26,Signal Flip
1357,EMA_CONFIRMED_20_200,SHORT,2026-03-06T11:35,2061.1,2026-03-06T11:40,2065.47,1,0.08,3231.26,-6.86,-0.21,3224.4,Signal Flip
1358,EMA_CONFIRMED_20_200,SHORT,2026-03-06T11:45,2055.76,2026-03-06T13:20,2052.73,19,1.58,3224.4,4.76,0.15,3229.16,Signal Flip
1359,EMA_CONFIRMED_20_200,SHORT,2026-03-06T13:25,2045.96,2026-03-06T13:35,2057.4,2,0.17,3229.16,-18.06,-0.56,3211.1,Signal Flip
1360,EMA_CONFIRMED_20_200,SHORT,2026-03-06T13:50,2047.93,2026-03-06T18:10,1975.55,52,4.33,3211.1,113.49,3.53,3324.59,Signal Flip
1361,EMA_CONFIRMED_20_200,SHORT,2026-03-06T18:55,1974.71,2026-03-06T19:05,1978.27,2,0.17,3324.59,-5.99,-0.18,3318.6,Signal Flip
1362,EMA_CONFIRMED_20_200,SHORT,2026-03-06T20:15,1977.76,2026-03-06T20:50,1982.07,7,0.58,3318.6,-7.23,-0.22,3311.37,Signal Flip
1363,EMA_CONFIRMED_20_200,SHORT,2026-03-06T21:00,1977.65,2026-03-06T21:05,1981.48,1,0.08,3311.37,-6.41,-0.19,3304.96,Signal Flip
1364,EMA_CONFIRMED_20_200,SHORT,2026-03-06T21:20,1977.9,2026-03-06T21:45,1979.33,5,0.42,3304.96,-2.39,-0.07,3302.57,Signal Flip
1365,EMA_CONFIRMED_20_200,SHORT,2026-03-06T23:40,1981.69,2026-03-07T00:55,1984.16,15,1.25,3302.57,-4.12,-0.12,3298.45,Signal Flip
1366,EMA_CONFIRMED_20_200,SHORT,2026-03-07T01:00,1980.46,2026-03-07T01:05,1984.15,1,0.08,3298.45,-6.15,-0.19,3292.3,Signal Flip
1367,EMA_CONFIRMED_20_200,SHORT,2026-03-07T01:15,1979.13,2026-03-07T01:50,1982.6,7,0.58,3292.3,-5.77,-0.18,3286.53,Signal Flip
1368,EMA_CONFIRMED_20_200,SHORT,2026-03-07T02:00,1979.68,2026-03-07T02:10,1981.75,2,0.17,3286.53,-3.44,-0.1,3283.09,Signal Flip
1369,EMA_CONFIRMED_20_200,SHORT,2026-03-07T02:15,1978.39,2026-03-07T02:55,1981.08,8,0.67,3283.09,-4.46,-0.14,3278.63,Signal Flip
1370,EMA_CONFIRMED_20_200,SHORT,2026-03-07T03:40,1981.53,2026-03-07T03:45,1983.8,1,0.08,3278.63,-3.76,-0.11,3274.87,Signal Flip
1371,EMA_CONFIRMED_20_200,SHORT,2026-03-07T03:55,1979.02,2026-03-07T04:40,1979.46,9,0.75,3274.87,-0.73,-0.02,3274.14,Signal Flip
1372,EMA_CONFIRMED_20_200,SHORT,2026-03-07T04:50,1975.11,2026-03-07T05:05,1978.25,3,0.25,3274.14,-5.2,-0.16,3268.94,Signal Flip
1373,EMA_CONFIRMED_20_200,SHORT,2026-03-07T05:15,1975.37,2026-03-07T05:40,1979.13,5,0.42,3268.94,-6.22,-0.19,3262.72,Signal Flip
1374,EMA_CONFIRMED_20_200,SHORT,2026-03-07T06:10,1975.37,2026-03-07T06:45,1977.44,7,0.58,3262.72,-3.41,-0.1,3259.31,Signal Flip
1375,EMA_CONFIRMED_20_200,SHORT,2026-03-07T06:50,1973.63,2026-03-07T07:25,1976.5,7,0.58,3259.31,-4.73,-0.15,3254.58,Signal Flip
1376,EMA_CONFIRMED_20_200,SHORT,2026-03-07T09:00,1977.03,2026-03-07T09:15,1984.95,3,0.25,3254.58,-13.04,-0.4,3241.54,Signal Flip
1377,EMA_CONFIRMED_20_200,SHORT,2026-03-07T10:25,1983.72,2026-03-07T10:30,1985.85,1,0.08,3241.54,-3.49,-0.11,3238.05,Signal Flip
1378,EMA_CONFIRMED_20_200,SHORT,2026-03-07T10:35,1982.78,2026-03-07T10:40,1986.65,1,0.08,3238.05,-6.33,-0.2,3231.72,Signal Flip
1379,EMA_CONFIRMED_20_200,SHORT,2026-03-07T10:45,1983.42,2026-03-07T10:50,1986.67,1,0.08,3231.72,-5.3,-0.16,3226.42,Signal Flip
1380,EMA_CONFIRMED_20_200,SHORT,2026-03-07T10:55,1983.33,2026-03-07T11:15,1995.17,4,0.33,3226.42,-19.26,-0.6,3207.16,Signal Flip
1381,EMA_CONFIRMED_20_200,SHORT,2026-03-07T12:10,1986.66,2026-03-07T12:20,1989.66,2,0.17,3207.16,-4.86,-0.15,3202.3,Signal Flip
1382,EMA_CONFIRMED_20_200,LONG,2026-03-07T12:20,1989.66,2026-03-07T12:35,1985.83,3,0.25,3202.3,-6.18,-0.19,3196.13,Signal Flip
1383,EMA_CONFIRMED_20_200,SHORT,2026-03-07T12:40,1985.01,2026-03-07T14:40,1988.42,24,2.0,3196.13,-5.5,-0.17,3190.62,Signal Flip
1384,EMA_CONFIRMED_20_200,SHORT,2026-03-07T15:30,1981.99,2026-03-07T15:35,1985.62,1,0.08,3190.62,-5.85,-0.18,3184.77,Signal Flip
1385,EMA_CONFIRMED_20_200,SHORT,2026-03-07T15:40,1977.04,2026-03-07T17:05,1981.07,17,1.42,3184.77,-6.49,-0.2,3178.28,Signal Flip
1386,EMA_CONFIRMED_20_200,SHORT,2026-03-07T18:00,1976.6,2026-03-07T20:25,1965.61,29,2.42,3178.28,17.67,0.56,3195.95,Signal Flip
1387,EMA_CONFIRMED_20_200,SHORT,2026-03-07T20:30,1962.72,2026-03-07T20:40,1968.73,2,0.17,3195.95,-9.8,-0.31,3186.16,Signal Flip
1388,EMA_CONFIRMED_20_200,SHORT,2026-03-07T21:40,1964.43,2026-03-07T21:45,1967.84,1,0.08,3186.16,-5.54,-0.17,3180.62,Signal Flip
1389,EMA_CONFIRMED_20_200,SHORT,2026-03-07T22:15,1966.35,2026-03-07T22:20,1969.97,1,0.08,3180.62,-5.87,-0.18,3174.75,Signal Flip
1390,EMA_CONFIRMED_20_200,SHORT,2026-03-07T22:30,1965.8,2026-03-07T22:50,1969.45,4,0.33,3174.75,-5.91,-0.19,3168.84,Signal Flip
1391,EMA_CONFIRMED_20_200,SHORT,2026-03-07T23:00,1965.49,2026-03-07T23:05,1969.68,1,0.08,3168.84,-6.77,-0.21,3162.07,Signal Flip
1392,EMA_CONFIRMED_20_200,SHORT,2026-03-08T00:30,1969.5,2026-03-08T00:35,1972.05,1,0.08,3162.07,-4.08,-0.13,3158.0,Signal Flip
1393,EMA_CONFIRMED_20_200,SHORT,2026-03-08T00:40,1968.0,2026-03-08T01:10,1971.89,6,0.5,3158.0,-6.24,-0.2,3151.75,Signal Flip
1394,EMA_CONFIRMED_20_200,SHORT,2026-03-08T01:20,1968.38,2026-03-08T01:25,1971.14,1,0.08,3151.75,-4.42,-0.14,3147.33,Signal Flip
1395,EMA_CONFIRMED_20_200,SHORT,2026-03-08T01:30,1967.51,2026-03-08T01:45,1970.48,3,0.25,3147.33,-4.77,-0.15,3142.57,Signal Flip
1396,EMA_CONFIRMED_20_200,SHORT,2026-03-08T02:00,1967.96,2026-03-08T02:45,1970.08,9,0.75,3142.57,-3.4,-0.11,3139.17,Signal Flip
1397,EMA_CONFIRMED_20_200,SHORT,2026-03-08T02:50,1948.98,2026-03-08T04:20,1953.84,18,1.5,3139.17,-7.83,-0.25,3131.34,Signal Flip
1398,EMA_CONFIRMED_20_200,SHORT,2026-03-08T04:25,1951.06,2026-03-08T05:25,1950.42,12,1.0,3131.34,1.03,0.03,3132.36,Signal Flip
1399,EMA_CONFIRMED_20_200,SHORT,2026-03-08T06:15,1945.81,2026-03-08T06:40,1948.79,5,0.42,3132.36,-4.81,-0.15,3127.56,Signal Flip
1400,EMA_CONFIRMED_20_200,SHORT,2026-03-08T06:50,1944.52,2026-03-08T07:00,1949.02,2,0.17,3127.56,-7.25,-0.23,3120.31,Signal Flip
1401,EMA_CONFIRMED_20_200,SHORT,2026-03-08T08:15,1950.27,2026-03-08T08:35,1953.99,4,0.33,3120.31,-5.94,-0.19,3114.37,Signal Flip
1402,EMA_CONFIRMED_20_200,LONG,2026-03-08T10:00,1964.52,2026-03-08T11:05,1966.75,13,1.08,3114.37,3.53,0.11,3117.89,Signal Flip
1403,EMA_CONFIRMED_20_200,SHORT,2026-03-08T11:45,1947.72,2026-03-08T13:50,1946.8,25,2.08,3117.89,1.46,0.05,3119.36,Signal Flip
1404,EMA_CONFIRMED_20_200,SHORT,2026-03-08T14:30,1942.4,2026-03-08T14:40,1945.4,2,0.17,3119.36,-4.82,-0.15,3114.53,Signal Flip
1405,EMA_CONFIRMED_20_200,SHORT,2026-03-08T14:45,1939.35,2026-03-08T14:55,1945.76,2,0.17,3114.53,-10.3,-0.33,3104.23,Signal Flip
1406,EMA_CONFIRMED_20_200,SHORT,2026-03-08T15:25,1941.76,2026-03-08T16:00,1944.29,7,0.58,3104.23,-4.05,-0.13,3100.18,Signal Flip
1407,EMA_CONFIRMED_20_200,SHORT,2026-03-08T16:15,1940.34,2026-03-08T16:25,1944.51,2,0.17,3100.18,-6.67,-0.22,3093.52,Signal Flip
1408,EMA_CONFIRMED_20_200,SHORT,2026-03-08T16:30,1941.17,2026-03-08T17:05,1946.14,7,0.58,3093.52,-7.93,-0.26,3085.59,Signal Flip
1409,EMA_CONFIRMED_20_200,SHORT,2026-03-08T17:15,1939.9,2026-03-08T17:20,1942.16,1,0.08,3085.59,-3.6,-0.12,3081.99,Signal Flip
1410,EMA_CONFIRMED_20_200,SHORT,2026-03-08T17:25,1938.53,2026-03-08T19:05,1936.54,20,1.67,3081.99,3.17,0.1,3085.16,Signal Flip
1411,EMA_CONFIRMED_20_200,LONG,2026-03-08T19:55,1965.3,2026-03-08T21:10,1949.44,15,1.25,3085.16,-24.89,-0.81,3060.27,Signal Flip
1412,EMA_CONFIRMED_20_200,SHORT,2026-03-08T22:05,1919.76,2026-03-08T22:55,1944.1,10,0.83,3060.27,-38.8,-1.27,3021.47,Signal Flip
1413,EMA_CONFIRMED_20_200,SHORT,2026-03-08T23:40,1940.69,2026-03-09T00:10,1947.86,6,0.5,3021.47,-11.17,-0.37,3010.3,Signal Flip
1414,EMA_CONFIRMED_20_200,SHORT,2026-03-09T00:20,1941.53,2026-03-09T00:35,1952.8,3,0.25,3010.3,-17.47,-0.58,2992.83,Signal Flip
1415,EMA_CONFIRMED_20_200,SHORT,2026-03-09T01:10,1945.57,2026-03-09T01:15,1950.93,1,0.08,2992.83,-8.26,-0.28,2984.57,Signal Flip
1416,EMA_CONFIRMED_20_200,LONG,2026-03-09T01:35,1960.79,2026-03-09T01:55,1950.12,4,0.33,2984.57,-16.23,-0.54,2968.33,Signal Flip
1417,EMA_CONFIRMED_20_200,SHORT,2026-03-09T02:20,1940.0,2026-03-09T02:40,1957.6,4,0.33,2968.33,-26.93,-0.91,2941.41,Signal Flip
1418,EMA_CONFIRMED_20_200,LONG,2026-03-09T02:45,1960.18,2026-03-09T05:00,1976.32,27,2.25,2941.41,24.22,0.82,2965.63,Signal Flip
1419,EMA_CONFIRMED_20_200,LONG,2026-03-09T05:05,1981.41,2026-03-09T06:40,1992.58,19,1.58,2965.63,16.72,0.56,2982.35,Signal Flip
1420,EMA_CONFIRMED_20_200,LONG,2026-03-09T08:00,1984.9,2026-03-09T08:05,1980.1,1,0.08,2982.35,-7.22,-0.24,2975.14,Signal Flip
1421,EMA_CONFIRMED_20_200,LONG,2026-03-09T08:10,1987.26,2026-03-09T10:20,2000.5,26,2.17,2975.14,19.82,0.67,2994.95,Signal Flip
1422,EMA_CONFIRMED_20_200,LONG,2026-03-09T10:25,2003.85,2026-03-09T10:30,2000.52,1,0.08,2994.95,-4.98,-0.17,2989.97,Signal Flip
1423,EMA_CONFIRMED_20_200,LONG,2026-03-09T10:35,2005.14,2026-03-09T10:40,1998.99,1,0.08,2989.97,-9.17,-0.31,2980.8,Signal Flip
1424,EMA_CONFIRMED_20_200,LONG,2026-03-09T11:55,1996.26,2026-03-09T12:00,1991.2,1,0.08,2980.8,-7.55,-0.25,2973.25,Signal Flip
1425,EMA_CONFIRMED_20_200,LONG,2026-03-09T12:05,1998.5,2026-03-09T13:25,2000.77,16,1.33,2973.25,3.38,0.11,2976.63,Signal Flip
1426,EMA_CONFIRMED_20_200,LONG,2026-03-09T13:30,2019.24,2026-03-09T14:10,2010.45,8,0.67,2976.63,-12.95,-0.44,2963.68,Signal Flip
1427,EMA_CONFIRMED_20_200,LONG,2026-03-09T14:15,2015.01,2026-03-09T15:10,2014.94,11,0.92,2963.68,-0.1,-0.0,2963.58,Signal Flip
1428,EMA_CONFIRMED_20_200,LONG,2026-03-09T15:15,2026.74,2026-03-09T15:35,2017.72,4,0.33,2963.58,-13.19,-0.45,2950.39,Signal Flip
1429,EMA_CONFIRMED_20_200,LONG,2026-03-09T15:50,2022.83,2026-03-09T16:20,2020.75,6,0.5,2950.39,-3.04,-0.1,2947.36,Signal Flip
1430,EMA_CONFIRMED_20_200,LONG,2026-03-09T16:25,2023.86,2026-03-09T16:35,2020.88,2,0.17,2947.36,-4.34,-0.15,2943.01,Signal Flip
1431,EMA_CONFIRMED_20_200,LONG,2026-03-09T16:40,2027.7,2026-03-09T17:25,2023.54,9,0.75,2943.01,-6.05,-0.21,2936.97,Signal Flip
1432,EMA_CONFIRMED_20_200,LONG,2026-03-09T18:20,2021.87,2026-03-09T18:25,2017.11,1,0.08,2936.97,-6.91,-0.24,2930.05,Signal Flip
1433,EMA_CONFIRMED_20_200,LONG,2026-03-09T18:35,2022.0,2026-03-09T18:40,2015.97,1,0.08,2930.05,-8.74,-0.3,2921.32,Signal Flip
1434,EMA_CONFIRMED_20_200,LONG,2026-03-09T19:20,2027.04,2026-03-09T20:35,2023.35,15,1.25,2921.32,-5.33,-0.18,2915.99,Signal Flip
1435,EMA_CONFIRMED_20_200,LONG,2026-03-09T21:05,2034.24,2026-03-09T21:30,2027.36,5,0.42,2915.99,-9.86,-0.34,2906.13,Signal Flip
1436,EMA_CONFIRMED_20_200,LONG,2026-03-09T21:50,2029.69,2026-03-09T21:55,2025.58,1,0.08,2906.13,-5.9,-0.2,2900.23,Signal Flip
1437,EMA_CONFIRMED_20_200,LONG,2026-03-09T22:00,2029.34,2026-03-09T22:05,2022.95,1,0.08,2900.23,-9.14,-0.32,2891.09,Signal Flip
1438,EMA_CONFIRMED_20_200,SHORT,2026-03-09T23:35,1999.11,2026-03-10T00:20,2007.44,9,0.75,2891.09,-12.05,-0.42,2879.04,Signal Flip
1439,EMA_CONFIRMED_20_200,LONG,2026-03-10T00:55,2014.82,2026-03-10T01:40,2006.55,9,0.75,2879.04,-11.82,-0.41,2867.22,Signal Flip
1440,EMA_CONFIRMED_20_200,LONG,2026-03-10T01:50,2015.3,2026-03-10T03:45,2033.25,23,1.92,2867.22,25.55,0.89,2892.77,Signal Flip
1441,EMA_CONFIRMED_20_200,LONG,2026-03-10T04:15,2035.62,2026-03-10T05:45,2040.24,18,1.5,2892.77,6.57,0.23,2899.34,Signal Flip
1442,EMA_CONFIRMED_20_200,LONG,2026-03-10T05:55,2044.89,2026-03-10T06:05,2041.5,2,0.17,2899.34,-4.81,-0.17,2894.52,Signal Flip
1443,EMA_CONFIRMED_20_200,LONG,2026-03-10T06:30,2048.72,2026-03-10T06:55,2041.33,5,0.42,2894.52,-10.45,-0.36,2884.08,Signal Flip
1444,EMA_CONFIRMED_20_200,LONG,2026-03-10T07:00,2044.79,2026-03-10T07:05,2040.56,1,0.08,2884.08,-5.97,-0.21,2878.11,Signal Flip
1445,EMA_CONFIRMED_20_200,LONG,2026-03-10T07:10,2047.36,2026-03-10T09:00,2056.24,22,1.83,2878.11,12.48,0.43,2890.59,Signal Flip
1446,EMA_CONFIRMED_20_200,LONG,2026-03-10T09:05,2060.83,2026-03-10T10:10,2062.87,13,1.08,2890.59,2.86,0.1,2893.45,Signal Flip
1447,EMA_CONFIRMED_20_200,LONG,2026-03-10T10:55,2063.62,2026-03-10T11:15,2057.03,4,0.33,2893.45,-9.24,-0.32,2884.21,Signal Flip
1448,EMA_CONFIRMED_20_200,LONG,2026-03-10T11:25,2066.2,2026-03-10T11:45,2060.5,4,0.33,2884.21,-7.96,-0.28,2876.24,Signal Flip
1449,EMA_CONFIRMED_20_200,LONG,2026-03-10T11:50,2064.78,2026-03-10T12:00,2060.67,2,0.17,2876.24,-5.73,-0.2,2870.51,Signal Flip
1450,EMA_CONFIRMED_20_200,LONG,2026-03-10T13:10,2057.95,2026-03-10T13:15,2053.89,1,0.08,2870.51,-5.66,-0.2,2864.86,Signal Flip
1451,EMA_CONFIRMED_20_200,LONG,2026-03-10T13:25,2060.0,2026-03-10T13:30,2053.35,1,0.08,2864.86,-9.24,-0.32,2855.61,Signal Flip
1452,EMA_CONFIRMED_20_200,SHORT,2026-03-10T14:15,2013.61,2026-03-10T14:40,2038.22,5,0.42,2855.61,-34.89,-1.22,2820.72,Signal Flip
1453,EMA_CONFIRMED_20_200,LONG,2026-03-10T15:00,2076.23,2026-03-10T17:30,2071.39,30,2.5,2820.72,-6.57,-0.23,2814.15,Signal Flip
1454,EMA_CONFIRMED_20_200,LONG,2026-03-10T17:55,2076.83,2026-03-10T18:00,2070.63,1,0.08,2814.15,-8.39,-0.3,2805.76,Signal Flip
1455,EMA_CONFIRMED_20_200,SHORT,2026-03-10T19:15,2034.89,2026-03-10T20:25,2044.14,14,1.17,2805.76,-12.75,-0.45,2793.01,Signal Flip
1456,EMA_CONFIRMED_20_200,SHORT,2026-03-10T20:55,2041.13,2026-03-10T21:00,2043.58,1,0.08,2793.01,-3.36,-0.12,2789.65,Signal Flip
1457,EMA_CONFIRMED_20_200,SHORT,2026-03-10T21:15,2037.51,2026-03-10T23:05,2032.87,22,1.83,2789.65,6.36,0.23,2796.01,Signal Flip
1458,EMA_CONFIRMED_20_200,SHORT,2026-03-11T00:05,2029.48,2026-03-11T00:10,2038.02,1,0.08,2796.01,-11.76,-0.42,2784.25,Signal Flip
1459,EMA_CONFIRMED_20_200,SHORT,2026-03-11T00:35,2031.32,2026-03-11T00:55,2040.19,4,0.33,2784.25,-12.15,-0.44,2772.1,Signal Flip
1460,EMA_CONFIRMED_20_200,SHORT,2026-03-11T01:25,2032.39,2026-03-11T01:30,2037.26,1,0.08,2772.1,-6.64,-0.24,2765.47,Signal Flip
1461,EMA_CONFIRMED_20_200,SHORT,2026-03-11T01:40,2029.75,2026-03-11T01:55,2036.98,3,0.25,2765.47,-9.84,-0.36,2755.62,Signal Flip
1462,EMA_CONFIRMED_20_200,SHORT,2026-03-11T02:15,2032.83,2026-03-11T04:15,2024.76,24,2.0,2755.62,10.94,0.4,2766.56,Signal Flip
1463,EMA_CONFIRMED_20_200,SHORT,2026-03-11T05:35,2028.98,2026-03-11T06:35,2024.39,12,1.0,2766.56,6.25,0.23,2772.81,Signal Flip
1464,EMA_CONFIRMED_20_200,SHORT,2026-03-11T06:40,2021.27,2026-03-11T06:55,2024.51,3,0.25,2772.81,-4.45,-0.16,2768.37,Signal Flip
1465,EMA_CONFIRMED_20_200,SHORT,2026-03-11T07:20,2020.65,2026-03-11T08:35,2021.38,15,1.25,2768.37,-1.0,-0.04,2767.36,Signal Flip
1466,EMA_CONFIRMED_20_200,SHORT,2026-03-11T09:20,2017.71,2026-03-11T09:25,2021.7,1,0.08,2767.36,-5.47,-0.2,2761.89,Signal Flip
1467,EMA_CONFIRMED_20_200,SHORT,2026-03-11T09:30,2017.22,2026-03-11T09:35,2020.12,1,0.08,2761.89,-3.97,-0.14,2757.92,Signal Flip
1468,EMA_CONFIRMED_20_200,SHORT,2026-03-11T09:40,2016.96,2026-03-11T09:45,2021.8,1,0.08,2757.92,-6.62,-0.24,2751.31,Signal Flip
1469,EMA_CONFIRMED_20_200,SHORT,2026-03-11T10:00,2016.86,2026-03-11T10:05,2021.16,1,0.08,2751.31,-5.86,-0.21,2745.44,Signal Flip
1470,EMA_CONFIRMED_20_200,SHORT,2026-03-11T11:30,2022.68,2026-03-11T12:25,2025.95,11,0.92,2745.44,-4.44,-0.16,2741.0,Signal Flip
1471,EMA_CONFIRMED_20_200,SHORT,2026-03-11T12:35,2019.46,2026-03-11T12:40,2025.8,1,0.08,2741.0,-8.61,-0.31,2732.39,Signal Flip
1472,EMA_CONFIRMED_20_200,SHORT,2026-03-11T12:45,2021.34,2026-03-11T12:50,2024.42,1,0.08,2732.39,-4.17,-0.15,2728.22,Signal Flip
1473,EMA_CONFIRMED_20_200,LONG,2026-03-11T13:30,2047.1,2026-03-11T15:10,2051.3,20,1.67,2728.22,5.6,0.21,2733.82,Signal Flip
1474,EMA_CONFIRMED_20_200,LONG,2026-03-11T15:25,2057.9,2026-03-11T15:30,2048.18,1,0.08,2733.82,-12.92,-0.47,2720.9,Signal Flip
1475,EMA_CONFIRMED_20_200,LONG,2026-03-11T16:10,2052.67,2026-03-11T17:40,2063.35,18,1.5,2720.9,14.16,0.52,2735.06,Signal Flip
1476,EMA_CONFIRMED_20_200,LONG,2026-03-11T17:45,2071.03,2026-03-11T17:55,2065.55,2,0.17,2735.06,-7.25,-0.27,2727.81,Signal Flip
1477,EMA_CONFIRMED_20_200,LONG,2026-03-11T18:00,2069.18,2026-03-11T18:10,2065.32,2,0.17,2727.81,-5.1,-0.19,2722.72,Signal Flip
1478,EMA_CONFIRMED_20_200,LONG,2026-03-11T18:15,2069.19,2026-03-11T18:40,2066.62,5,0.42,2722.72,-3.39,-0.12,2719.32,Signal Flip
1479,EMA_CONFIRMED_20_200,LONG,2026-03-11T18:45,2070.37,2026-03-11T20:05,2070.64,16,1.33,2719.32,0.35,0.01,2719.68,Signal Flip
1480,EMA_CONFIRMED_20_200,LONG,2026-03-11T21:50,2071.8,2026-03-11T22:25,2069.22,7,0.58,2719.68,-3.37,-0.12,2716.3,Signal Flip
1481,EMA_CONFIRMED_20_200,LONG,2026-03-12T00:25,2058.67,2026-03-12T00:30,2053.37,1,0.08,2716.3,-6.99,-0.26,2709.32,Signal Flip
1482,EMA_CONFIRMED_20_200,LONG,2026-03-12T00:50,2057.69,2026-03-12T00:55,2055.07,1,0.08,2709.32,-3.44,-0.13,2705.87,Signal Flip
1483,EMA_CONFIRMED_20_200,SHORT,2026-03-12T01:10,2046.25,2026-03-12T01:45,2052.67,7,0.58,2705.87,-8.49,-0.31,2697.38,Signal Flip
1484,EMA_CONFIRMED_20_200,SHORT,2026-03-12T01:50,2046.87,2026-03-12T05:45,2027.99,47,3.92,2697.38,24.87,0.92,2722.25,Signal Flip
1485,EMA_CONFIRMED_20_200,SHORT,2026-03-12T05:50,2024.25,2026-03-12T05:55,2026.82,1,0.08,2722.25,-3.46,-0.13,2718.79,Signal Flip
1486,EMA_CONFIRMED_20_200,SHORT,2026-03-12T07:10,2025.85,2026-03-12T07:15,2029.47,1,0.08,2718.79,-4.87,-0.18,2713.92,Signal Flip
1487,EMA_CONFIRMED_20_200,LONG,2026-03-12T09:00,2048.81,2026-03-12T09:15,2042.08,3,0.25,2713.92,-8.92,-0.33,2705.0,Signal Flip
1488,EMA_CONFIRMED_20_200,LONG,2026-03-12T09:40,2044.81,2026-03-12T11:55,2059.76,27,2.25,2705.0,19.77,0.73,2724.77,Signal Flip
1489,EMA_CONFIRMED_20_200,LONG,2026-03-12T12:30,2065.74,2026-03-12T12:35,2060.13,1,0.08,2724.77,-7.4,-0.27,2717.37,Signal Flip
1490,EMA_CONFIRMED_20_200,LONG,2026-03-12T12:45,2067.99,2026-03-12T12:55,2062.7,2,0.17,2717.37,-6.96,-0.26,2710.41,Signal Flip
1491,EMA_CONFIRMED_20_200,LONG,2026-03-12T13:00,2066.4,2026-03-12T13:20,2059.56,4,0.33,2710.41,-8.98,-0.33,2701.43,Signal Flip
1492,EMA_CONFIRMED_20_200,LONG,2026-03-12T13:35,2072.03,2026-03-12T13:55,2062.21,4,0.33,2701.43,-12.8,-0.47,2688.64,Signal Flip
1493,EMA_CONFIRMED_20_200,LONG,2026-03-12T14:00,2066.38,2026-03-12T14:30,2057.52,6,0.5,2688.64,-11.53,-0.43,2677.1,Signal Flip
1494,EMA_CONFIRMED_20_200,LONG,2026-03-12T15:25,2056.43,2026-03-12T16:10,2058.19,9,0.75,2677.1,2.29,0.09,2679.4,Signal Flip
1495,EMA_CONFIRMED_20_200,LONG,2026-03-12T16:15,2065.7,2026-03-12T16:30,2062.55,3,0.25,2679.4,-4.09,-0.15,2675.31,Signal Flip
1496,EMA_CONFIRMED_20_200,LONG,2026-03-12T16:35,2070.18,2026-03-12T17:20,2060.62,9,0.75,2675.31,-12.36,-0.46,2662.95,Signal Flip
1497,EMA_CONFIRMED_20_200,SHORT,2026-03-12T19:10,2049.88,2026-03-12T19:20,2057.1,2,0.17,2662.95,-9.37,-0.35,2653.58,Signal Flip
1498,EMA_CONFIRMED_20_200,LONG,2026-03-12T19:30,2062.91,2026-03-12T20:35,2062.47,13,1.08,2653.58,-0.57,-0.02,2653.01,Signal Flip
1499,EMA_CONFIRMED_20_200,LONG,2026-03-12T20:50,2065.72,2026-03-12T20:55,2060.93,1,0.08,2653.01,-6.16,-0.23,2646.85,Signal Flip
1500,EMA_CONFIRMED_20_200,LONG,2026-03-12T21:05,2066.28,2026-03-12T21:20,2062.66,3,0.25,2646.85,-4.64,-0.18,2642.21,Signal Flip
1501,EMA_CONFIRMED_20_200,LONG,2026-03-12T21:55,2064.03,2026-03-12T22:00,2061.59,1,0.08,2642.21,-3.13,-0.12,2639.08,Signal Flip
1502,EMA_CONFIRMED_20_200,LONG,2026-03-12T22:05,2065.78,2026-03-12T22:20,2061.87,3,0.25,2639.08,-5.0,-0.19,2634.08,Signal Flip
1503,EMA_CONFIRMED_20_200,LONG,2026-03-12T22:25,2064.99,2026-03-12T22:35,2060.54,2,0.17,2634.08,-5.68,-0.22,2628.4,Signal Flip
1504,EMA_CONFIRMED_20_200,LONG,2026-03-12T23:00,2066.33,2026-03-13T00:00,2072.47,12,1.0,2628.4,7.81,0.3,2636.21,Signal Flip
1505,EMA_CONFIRMED_20_200,LONG,2026-03-13T00:10,2078.98,2026-03-13T02:25,2114.74,27,2.25,2636.21,45.35,1.72,2681.56,Signal Flip
1506,EMA_CONFIRMED_20_200,LONG,2026-03-13T03:25,2114.03,2026-03-13T03:30,2106.53,1,0.08,2681.56,-9.51,-0.35,2672.05,Signal Flip
1507,EMA_CONFIRMED_20_200,LONG,2026-03-13T03:55,2120.65,2026-03-13T04:30,2111.04,7,0.58,2672.05,-12.1,-0.45,2659.94,Signal Flip
1508,EMA_CONFIRMED_20_200,LONG,2026-03-13T04:40,2114.49,2026-03-13T04:50,2111.27,2,0.17,2659.94,-4.04,-0.15,2655.9,Signal Flip
1509,EMA_CONFIRMED_20_200,LONG,2026-03-13T05:35,2114.77,2026-03-13T05:50,2109.59,3,0.25,2655.9,-6.5,-0.24,2649.41,Signal Flip
1510,EMA_CONFIRMED_20_200,LONG,2026-03-13T06:10,2113.83,2026-03-13T06:15,2108.32,1,0.08,2649.41,-6.91,-0.26,2642.5,Signal Flip
1511,EMA_CONFIRMED_20_200,LONG,2026-03-13T07:20,2103.18,2026-03-13T07:25,2100.63,1,0.08,2642.5,-3.21,-0.12,2639.29,Signal Flip
1512,EMA_CONFIRMED_20_200,LONG,2026-03-13T08:35,2103.88,2026-03-13T09:00,2099.0,5,0.42,2639.29,-6.12,-0.23,2633.17,Signal Flip
1513,EMA_CONFIRMED_20_200,LONG,2026-03-13T09:05,2103.68,2026-03-13T09:25,2098.66,4,0.33,2633.17,-6.28,-0.24,2626.88,Signal Flip
1514,EMA_CONFIRMED_20_200,LONG,2026-03-13T09:30,2104.25,2026-03-13T11:45,2120.2,27,2.25,2626.88,19.91,0.76,2646.79,Signal Flip
1515,EMA_CONFIRMED_20_200,LONG,2026-03-13T12:05,2128.64,2026-03-13T14:45,2172.74,32,2.67,2646.79,54.83,2.07,2701.63,Signal Flip
1516,EMA_CONFIRMED_20_200,LONG,2026-03-13T16:55,2141.79,2026-03-13T17:00,2132.84,1,0.08,2701.63,-11.29,-0.42,2690.34,Signal Flip
1517,EMA_CONFIRMED_20_200,LONG,2026-03-13T17:10,2138.97,2026-03-13T17:25,2133.58,3,0.25,2690.34,-6.77,-0.25,2683.57,Signal Flip
1518,EMA_CONFIRMED_20_200,SHORT,2026-03-13T17:55,2096.76,2026-03-13T20:10,2106.02,27,2.25,2683.57,-11.85,-0.44,2671.71,Signal Flip
1519,EMA_CONFIRMED_20_200,SHORT,2026-03-13T21:30,2104.75,2026-03-13T23:20,2093.68,22,1.83,2671.71,14.05,0.53,2685.76,Signal Flip
1520,EMA_CONFIRMED_20_200,SHORT,2026-03-13T23:30,2090.6,2026-03-13T23:45,2093.09,3,0.25,2685.76,-3.19,-0.12,2682.58,Signal Flip
1521,EMA_CONFIRMED_20_200,SHORT,2026-03-13T23:55,2090.73,2026-03-14T00:00,2093.26,1,0.08,2682.58,-3.24,-0.12,2679.34,Signal Flip
1522,EMA_CONFIRMED_20_200,SHORT,2026-03-14T00:05,2088.16,2026-03-14T00:15,2094.71,2,0.17,2679.34,-8.41,-0.31,2670.93,Signal Flip
1523,EMA_CONFIRMED_20_200,SHORT,2026-03-14T00:30,2090.99,2026-03-14T00:35,2093.88,1,0.08,2670.93,-3.68,-0.14,2667.25,Signal Flip
1524,EMA_CONFIRMED_20_200,SHORT,2026-03-14T00:40,2087.01,2026-03-14T01:10,2090.58,6,0.5,2667.25,-4.57,-0.17,2662.68,Signal Flip
1525,EMA_CONFIRMED_20_200,SHORT,2026-03-14T01:15,2086.71,2026-03-14T01:20,2091.34,1,0.08,2662.68,-5.91,-0.22,2656.77,Signal Flip
1526,EMA_CONFIRMED_20_200,SHORT,2026-03-14T01:35,2087.31,2026-03-14T01:45,2091.28,2,0.17,2656.77,-5.05,-0.19,2651.72,Signal Flip
1527,EMA_CONFIRMED_20_200,SHORT,2026-03-14T02:25,2090.52,2026-03-14T02:35,2094.04,2,0.17,2651.72,-4.46,-0.17,2647.26,Signal Flip
1528,EMA_CONFIRMED_20_200,SHORT,2026-03-14T02:40,2090.32,2026-03-14T02:45,2092.76,1,0.08,2647.26,-3.08,-0.12,2644.19,Signal Flip
1529,EMA_CONFIRMED_20_200,SHORT,2026-03-14T04:55,2089.42,2026-03-14T08:15,2081.66,40,3.33,2644.19,9.83,0.37,2654.01,Signal Flip
1530,EMA_CONFIRMED_20_200,SHORT,2026-03-14T08:20,2076.45,2026-03-14T11:05,2070.45,33,2.75,2654.01,7.66,0.29,2661.68,Signal Flip
1531,EMA_CONFIRMED_20_200,SHORT,2026-03-14T12:35,2071.88,2026-03-14T12:50,2075.21,3,0.25,2661.68,-4.27,-0.16,2657.41,Signal Flip
1532,EMA_CONFIRMED_20_200,SHORT,2026-03-14T14:10,2074.74,2026-03-14T14:30,2079.3,4,0.33,2657.41,-5.84,-0.22,2651.57,Signal Flip
1533,EMA_CONFIRMED_20_200,SHORT,2026-03-14T14:35,2075.38,2026-03-14T15:20,2078.25,9,0.75,2651.57,-3.66,-0.14,2647.91,Signal Flip
1534,EMA_CONFIRMED_20_200,SHORT,2026-03-14T15:35,2072.07,2026-03-14T16:00,2075.76,5,0.42,2647.91,-4.71,-0.18,2643.2,Signal Flip
1535,EMA_CONFIRMED_20_200,SHORT,2026-03-14T16:05,2071.67,2026-03-14T16:10,2075.68,1,0.08,2643.2,-5.11,-0.19,2638.09,Signal Flip
1536,EMA_CONFIRMED_20_200,SHORT,2026-03-14T16:15,2072.44,2026-03-14T16:20,2075.82,1,0.08,2638.09,-4.3,-0.16,2633.8,Signal Flip
1537,EMA_CONFIRMED_20_200,SHORT,2026-03-14T16:25,2073.27,2026-03-14T16:30,2076.59,1,0.08,2633.8,-4.21,-0.16,2629.58,Signal Flip
1538,EMA_CONFIRMED_20_200,SHORT,2026-03-14T17:35,2074.63,2026-03-14T18:35,2077.87,12,1.0,2629.58,-4.1,-0.16,2625.48,Signal Flip
1539,EMA_CONFIRMED_20_200,SHORT,2026-03-14T20:05,2075.33,2026-03-14T20:10,2078.66,1,0.08,2625.48,-4.21,-0.16,2621.27,Signal Flip
1540,EMA_CONFIRMED_20_200,LONG,2026-03-14T21:00,2087.05,2026-03-14T22:50,2083.03,22,1.83,2621.27,-5.06,-0.19,2616.22,Signal Flip
1541,EMA_CONFIRMED_20_200,LONG,2026-03-14T23:05,2094.0,2026-03-15T00:10,2090.72,13,1.08,2616.22,-4.09,-0.16,2612.13,Signal Flip
1542,EMA_CONFIRMED_20_200,LONG,2026-03-15T00:15,2094.84,2026-03-15T00:20,2091.3,1,0.08,2612.13,-4.41,-0.17,2607.72,Signal Flip
1543,EMA_CONFIRMED_20_200,LONG,2026-03-15T01:55,2090.52,2026-03-15T03:25,2095.85,18,1.5,2607.72,6.64,0.25,2614.37,Signal Flip
1544,EMA_CONFIRMED_20_200,LONG,2026-03-15T03:35,2099.36,2026-03-15T03:45,2094.4,2,0.17,2614.37,-6.17,-0.24,2608.2,Signal Flip
1545,EMA_CONFIRMED_20_200,LONG,2026-03-15T04:05,2100.65,2026-03-15T06:25,2105.11,28,2.33,2608.2,5.53,0.21,2613.73,Signal Flip
1546,EMA_CONFIRMED_20_200,LONG,2026-03-15T06:55,2108.13,2026-03-15T07:35,2105.94,8,0.67,2613.73,-2.72,-0.1,2611.01,Signal Flip
1547,EMA_CONFIRMED_20_200,LONG,2026-03-15T08:10,2108.06,2026-03-15T11:10,2116.14,36,3.0,2611.01,10.01,0.38,2621.01,Signal Flip
1548,EMA_CONFIRMED_20_200,LONG,2026-03-15T11:15,2119.37,2026-03-15T11:30,2115.21,3,0.25,2621.01,-5.14,-0.2,2615.87,Signal Flip
1549,EMA_CONFIRMED_20_200,LONG,2026-03-15T11:50,2120.11,2026-03-15T12:10,2115.75,4,0.33,2615.87,-5.38,-0.21,2610.49,Signal Flip
1550,EMA_CONFIRMED_20_200,SHORT,2026-03-15T13:45,2089.48,2026-03-15T15:00,2098.04,15,1.25,2610.49,-10.69,-0.41,2599.81,Signal Flip
1551,EMA_CONFIRMED_20_200,SHORT,2026-03-15T15:05,2093.53,2026-03-15T15:25,2096.76,4,0.33,2599.81,-4.01,-0.15,2595.8,Signal Flip
1552,EMA_CONFIRMED_20_200,SHORT,2026-03-15T15:30,2091.45,2026-03-15T15:50,2096.08,4,0.33,2595.8,-5.74,-0.22,2590.06,Signal Flip
1553,EMA_CONFIRMED_20_200,SHORT,2026-03-15T15:55,2093.33,2026-03-15T16:05,2096.64,2,0.17,2590.06,-4.09,-0.16,2585.97,Signal Flip
1554,EMA_CONFIRMED_20_200,SHORT,2026-03-15T16:20,2092.07,2026-03-15T17:05,2096.16,9,0.75,2585.97,-5.05,-0.2,2580.92,Signal Flip
1555,EMA_CONFIRMED_20_200,LONG,2026-03-15T18:10,2110.9,2026-03-15T18:50,2098.05,8,0.67,2580.92,-15.72,-0.61,2565.21,Signal Flip
1556,EMA_CONFIRMED_20_200,LONG,2026-03-15T19:05,2105.83,2026-03-15T19:10,2101.66,1,0.08,2565.21,-5.08,-0.2,2560.12,Signal Flip
1557,EMA_CONFIRMED_20_200,LONG,2026-03-15T19:15,2112.61,2026-03-15T22:15,2128.95,36,3.0,2560.12,19.81,0.77,2579.94,Signal Flip
1558,EMA_CONFIRMED_20_200,LONG,2026-03-15T22:25,2134.11,2026-03-16T00:25,2169.96,24,2.0,2579.94,43.35,1.68,2623.29,Signal Flip
1559,EMA_CONFIRMED_20_200,LONG,2026-03-16T00:50,2174.67,2026-03-16T01:00,2170.14,2,0.17,2623.29,-5.46,-0.21,2617.83,Signal Flip
1560,EMA_CONFIRMED_20_200,LONG,2026-03-16T01:20,2172.23,2026-03-16T02:20,2176.61,12,1.0,2617.83,5.29,0.2,2623.12,Signal Flip
1561,EMA_CONFIRMED_20_200,LONG,2026-03-16T02:55,2181.24,2026-03-16T06:50,2261.87,47,3.92,2623.12,96.96,3.7,2720.08,Signal Flip
1562,EMA_CONFIRMED_20_200,LONG,2026-03-16T07:05,2268.66,2026-03-16T07:35,2259.63,6,0.5,2720.08,-10.83,-0.4,2709.25,Signal Flip
1563,EMA_CONFIRMED_20_200,LONG,2026-03-16T09:25,2250.5,2026-03-16T10:40,2256.11,15,1.25,2709.25,6.75,0.25,2716.0,Signal Flip
1564,EMA_CONFIRMED_20_200,LONG,2026-03-16T10:50,2268.57,2026-03-16T12:50,2278.34,24,2.0,2716.0,11.69,0.43,2727.69,Signal Flip
1565,EMA_CONFIRMED_20_200,LONG,2026-03-16T13:15,2280.84,2026-03-16T13:20,2272.98,1,0.08,2727.69,-9.4,-0.34,2718.29,Signal Flip
1566,EMA_CONFIRMED_20_200,LONG,2026-03-16T13:25,2281.73,2026-03-16T13:55,2276.59,6,0.5,2718.29,-6.12,-0.23,2712.17,Signal Flip
1567,EMA_CONFIRMED_20_200,LONG,2026-03-16T14:00,2289.94,2026-03-16T14:30,2279.97,6,0.5,2712.17,-11.81,-0.44,2700.36,Signal Flip
1568,EMA_CONFIRMED_20_200,LONG,2026-03-16T15:00,2289.13,2026-03-16T15:45,2282.86,9,0.75,2700.36,-7.4,-0.27,2692.95,Signal Flip
1569,EMA_CONFIRMED_20_200,LONG,2026-03-16T16:20,2286.14,2026-03-16T16:25,2278.21,1,0.08,2692.95,-9.34,-0.35,2683.61,Signal Flip
1570,EMA_CONFIRMED_20_200,LONG,2026-03-16T16:30,2283.96,2026-03-16T16:35,2279.37,1,0.08,2683.61,-5.4,-0.2,2678.21,Signal Flip
1571,EMA_CONFIRMED_20_200,LONG,2026-03-16T16:40,2285.58,2026-03-16T19:00,2320.3,28,2.33,2678.21,40.68,1.52,2718.89,Signal Flip
1572,EMA_CONFIRMED_20_200,LONG,2026-03-16T19:10,2345.47,2026-03-16T19:50,2327.21,8,0.67,2718.89,-21.17,-0.78,2697.72,Signal Flip
1573,EMA_CONFIRMED_20_200,LONG,2026-03-16T20:00,2332.09,2026-03-16T20:05,2324.07,1,0.08,2697.72,-9.28,-0.34,2688.44,Signal Flip
1574,EMA_CONFIRMED_20_200,LONG,2026-03-16T20:25,2330.99,2026-03-16T22:25,2357.74,24,2.0,2688.44,30.85,1.15,2719.29,Signal Flip
1575,EMA_CONFIRMED_20_200,LONG,2026-03-16T22:30,2360.78,2026-03-16T22:55,2358.21,5,0.42,2719.29,-2.96,-0.11,2716.33,Signal Flip
1576,EMA_CONFIRMED_20_200,LONG,2026-03-16T23:35,2356.51,2026-03-16T23:55,2349.21,4,0.33,2716.33,-8.41,-0.31,2707.93,Signal Flip
1577,EMA_CONFIRMED_20_200,LONG,2026-03-17T00:15,2368.49,2026-03-17T00:25,2345.89,2,0.17,2707.93,-25.85,-0.95,2682.08,Signal Flip
1578,EMA_CONFIRMED_20_200,LONG,2026-03-17T00:30,2355.23,2026-03-17T00:40,2351.82,2,0.17,2682.08,-3.88,-0.14,2678.2,Signal Flip
1579,EMA_CONFIRMED_20_200,LONG,2026-03-17T01:00,2358.8,2026-03-17T01:05,2347.89,1,0.08,2678.2,-12.39,-0.46,2665.81,Signal Flip
1580,EMA_CONFIRMED_20_200,LONG,2026-03-17T01:10,2360.57,2026-03-17T01:55,2352.82,9,0.75,2665.81,-8.75,-0.33,2657.06,Signal Flip
1581,EMA_CONFIRMED_20_200,LONG,2026-03-17T02:00,2362.38,2026-03-17T02:05,2357.26,1,0.08,2657.06,-5.76,-0.22,2651.3,Signal Flip
1582,EMA_CONFIRMED_20_200,LONG,2026-03-17T02:40,2361.18,2026-03-17T03:00,2350.13,4,0.33,2651.3,-12.4,-0.47,2638.9,Signal Flip
1583,EMA_CONFIRMED_20_200,SHORT,2026-03-17T05:05,2310.39,2026-03-17T06:15,2316.56,14,1.17,2638.9,-7.04,-0.27,2631.86,Signal Flip
1584,EMA_CONFIRMED_20_200,SHORT,2026-03-17T06:45,2309.22,2026-03-17T07:00,2316.51,3,0.25,2631.86,-8.3,-0.32,2623.56,Signal Flip
1585,EMA_CONFIRMED_20_200,LONG,2026-03-17T07:25,2337.58,2026-03-17T08:15,2321.25,10,0.83,2623.56,-18.33,-0.7,2605.23,Signal Flip
1586,EMA_CONFIRMED_20_200,LONG,2026-03-17T08:20,2329.07,2026-03-17T08:35,2321.34,3,0.25,2605.23,-8.65,-0.33,2596.58,Signal Flip
1587,EMA_CONFIRMED_20_200,LONG,2026-03-17T08:45,2332.46,2026-03-17T09:00,2319.51,3,0.25,2596.58,-14.41,-0.56,2582.17,Signal Flip
1588,EMA_CONFIRMED_20_200,LONG,2026-03-17T09:30,2326.16,2026-03-17T09:35,2319.29,1,0.08,2582.17,-7.63,-0.3,2574.54,Signal Flip
1589,EMA_CONFIRMED_20_200,LONG,2026-03-17T09:40,2324.67,2026-03-17T09:50,2319.9,2,0.17,2574.54,-5.29,-0.21,2569.26,Signal Flip
1590,EMA_CONFIRMED_20_200,SHORT,2026-03-17T10:10,2310.83,2026-03-17T11:05,2317.52,11,0.92,2569.26,-7.43,-0.29,2561.82,Signal Flip
1591,EMA_CONFIRMED_20_200,LONG,2026-03-17T11:30,2329.56,2026-03-17T12:25,2323.24,11,0.92,2561.82,-6.96,-0.27,2554.87,Signal Flip
1592,EMA_CONFIRMED_20_200,LONG,2026-03-17T13:35,2337.07,2026-03-17T14:05,2321.8,6,0.5,2554.87,-16.69,-0.65,2538.17,Signal Flip
1593,EMA_CONFIRMED_20_200,LONG,2026-03-17T14:10,2334.5,2026-03-17T15:15,2327.78,13,1.08,2538.17,-7.31,-0.29,2530.87,Signal Flip
1594,EMA_CONFIRMED_20_200,LONG,2026-03-17T16:20,2328.73,2026-03-17T16:40,2322.51,4,0.33,2530.87,-6.77,-0.27,2524.1,Signal Flip
1595,EMA_CONFIRMED_20_200,LONG,2026-03-17T16:45,2327.16,2026-03-17T17:35,2325.28,10,0.83,2524.1,-2.05,-0.08,2522.05,Signal Flip
1596,EMA_CONFIRMED_20_200,LONG,2026-03-17T17:40,2332.93,2026-03-17T18:30,2331.71,10,0.83,2522.05,-1.31,-0.05,2520.74,Signal Flip
1597,EMA_CONFIRMED_20_200,LONG,2026-03-17T18:35,2339.15,2026-03-17T19:00,2331.81,5,0.42,2520.74,-7.9,-0.31,2512.84,Signal Flip
1598,EMA_CONFIRMED_20_200,LONG,2026-03-17T19:10,2336.11,2026-03-17T19:30,2333.73,4,0.33,2512.84,-2.55,-0.1,2510.28,Signal Flip
1599,EMA_CONFIRMED_20_200,LONG,2026-03-17T20:25,2329.32,2026-03-17T20:35,2325.09,2,0.17,2510.28,-4.57,-0.18,2505.72,Signal Flip
1600,EMA_CONFIRMED_20_200,LONG,2026-03-17T20:40,2329.74,2026-03-17T20:45,2325.45,1,0.08,2505.72,-4.62,-0.18,2501.1,Signal Flip
1601,EMA_CONFIRMED_20_200,LONG,2026-03-17T21:00,2329.04,2026-03-17T22:15,2331.94,15,1.25,2501.1,3.11,0.12,2504.21,Signal Flip
1602,EMA_CONFIRMED_20_200,LONG,2026-03-17T23:10,2331.69,2026-03-17T23:25,2328.63,3,0.25,2504.21,-3.29,-0.13,2500.92,Signal Flip
1603,EMA_CONFIRMED_20_200,SHORT,2026-03-17T23:55,2317.83,2026-03-18T00:50,2321.94,11,0.92,2500.92,-4.43,-0.18,2496.49,Signal Flip
1604,EMA_CONFIRMED_20_200,SHORT,2026-03-18T01:55,2322.95,2026-03-18T02:05,2327.71,2,0.17,2496.49,-5.12,-0.21,2491.37,Signal Flip
1605,EMA_CONFIRMED_20_200,LONG,2026-03-18T02:10,2335.82,2026-03-18T03:10,2328.88,12,1.0,2491.37,-7.39,-0.3,2483.97,Signal Flip
1606,EMA_CONFIRMED_20_200,LONG,2026-03-18T03:25,2339.86,2026-03-18T04:20,2335.1,11,0.92,2483.97,-5.05,-0.2,2478.92,Signal Flip
1607,EMA_CONFIRMED_20_200,SHORT,2026-03-18T05:50,2321.16,2026-03-18T06:25,2329.52,7,0.58,2478.92,-8.93,-0.36,2469.99,Signal Flip
1608,EMA_CONFIRMED_20_200,SHORT,2026-03-18T06:40,2323.44,2026-03-18T06:55,2328.63,3,0.25,2469.99,-5.52,-0.22,2464.47,Signal Flip
1609,EMA_CONFIRMED_20_200,SHORT,2026-03-18T07:00,2321.57,2026-03-18T08:05,2322.88,13,1.08,2464.47,-1.39,-0.06,2463.07,Signal Flip
1610,EMA_CONFIRMED_20_200,SHORT,2026-03-18T08:10,2318.51,2026-03-18T08:15,2323.17,1,0.08,2463.07,-4.95,-0.2,2458.12,Signal Flip
1611,EMA_CONFIRMED_20_200,LONG,2026-03-18T09:50,2331.8,2026-03-18T10:05,2324.63,3,0.25,2458.12,-7.56,-0.31,2450.56,Signal Flip
1612,EMA_CONFIRMED_20_200,LONG,2026-03-18T10:15,2332.0,2026-03-18T10:40,2321.34,5,0.42,2450.56,-11.2,-0.46,2439.37,Signal Flip
1613,EMA_CONFIRMED_20_200,SHORT,2026-03-18T10:45,2313.19,2026-03-18T16:55,2186.45,74,6.17,2439.37,133.65,5.48,2573.02,Signal Flip
1614,EMA_CONFIRMED_20_200,SHORT,2026-03-18T17:00,2179.91,2026-03-18T17:20,2186.88,4,0.33,2573.02,-8.23,-0.32,2564.79,Signal Flip
1615,EMA_CONFIRMED_20_200,SHORT,2026-03-18T18:20,2194.23,2026-03-18T18:40,2200.54,4,0.33,2564.79,-7.37,-0.29,2557.42,Signal Flip
1616,EMA_CONFIRMED_20_200,SHORT,2026-03-18T18:50,2192.14,2026-03-18T19:20,2196.59,6,0.5,2557.42,-5.18,-0.2,2552.23,Signal Flip
1617,EMA_CONFIRMED_20_200,SHORT,2026-03-18T19:25,2189.76,2026-03-18T19:35,2195.53,2,0.17,2552.23,-6.72,-0.26,2545.51,Signal Flip
1618,EMA_CONFIRMED_20_200,SHORT,2026-03-18T19:40,2190.02,2026-03-18T20:40,2186.08,12,1.0,2545.51,4.58,0.18,2550.1,Signal Flip
1619,EMA_CONFIRMED_20_200,SHORT,2026-03-18T20:45,2179.89,2026-03-18T20:50,2191.91,1,0.08,2550.1,-14.06,-0.55,2536.04,Signal Flip
1620,EMA_CONFIRMED_20_200,SHORT,2026-03-18T22:10,2192.17,2026-03-18T22:20,2195.91,2,0.17,2536.04,-4.32,-0.17,2531.72,Signal Flip
1621,EMA_CONFIRMED_20_200,SHORT,2026-03-18T22:25,2192.92,2026-03-18T23:00,2195.51,7,0.58,2531.72,-2.98,-0.12,2528.74,Signal Flip
1622,EMA_CONFIRMED_20_200,SHORT,2026-03-18T23:05,2190.88,2026-03-18T23:10,2196.24,1,0.08,2528.74,-6.18,-0.24,2522.56,Signal Flip
1623,EMA_CONFIRMED_20_200,SHORT,2026-03-18T23:20,2189.87,2026-03-18T23:30,2196.07,2,0.17,2522.56,-7.13,-0.28,2515.42,Signal Flip
1624,EMA_CONFIRMED_20_200,SHORT,2026-03-19T00:25,2195.75,2026-03-19T00:30,2204.6,1,0.08,2515.42,-10.14,-0.4,2505.28,Signal Flip
1625,EMA_CONFIRMED_20_200,SHORT,2026-03-19T00:35,2192.84,2026-03-19T01:35,2197.09,12,1.0,2505.28,-4.85,-0.19,2500.43,Signal Flip
1626,EMA_CONFIRMED_20_200,SHORT,2026-03-19T02:05,2193.01,2026-03-19T02:10,2198.42,1,0.08,2500.43,-6.16,-0.25,2494.27,Signal Flip
1627,EMA_CONFIRMED_20_200,SHORT,2026-03-19T02:50,2198.05,2026-03-19T03:05,2201.7,3,0.25,2494.27,-4.14,-0.17,2490.13,Signal Flip
1628,EMA_CONFIRMED_20_200,SHORT,2026-03-19T04:05,2209.02,2026-03-19T09:10,2167.11,61,5.08,2490.13,47.25,1.9,2537.37,Signal Flip
1629,EMA_CONFIRMED_20_200,SHORT,2026-03-19T09:15,2162.88,2026-03-19T09:20,2168.38,1,0.08,2537.37,-6.46,-0.25,2530.92,Signal Flip
1630,EMA_CONFIRMED_20_200,SHORT,2026-03-19T10:35,2177.99,2026-03-19T13:50,2141.06,39,3.25,2530.92,42.91,1.7,2573.83,Signal Flip
1631,EMA_CONFIRMED_20_200,SHORT,2026-03-19T14:00,2136.43,2026-03-19T15:05,2131.62,13,1.08,2573.83,5.8,0.23,2579.63,Signal Flip
1632,EMA_CONFIRMED_20_200,SHORT,2026-03-19T15:20,2116.58,2026-03-19T15:55,2123.11,7,0.58,2579.63,-7.96,-0.31,2571.67,Signal Flip
1633,EMA_CONFIRMED_20_200,SHORT,2026-03-19T16:00,2117.75,2026-03-19T16:45,2117.94,9,0.75,2571.67,-0.23,-0.01,2571.45,Signal Flip
1634,EMA_CONFIRMED_20_200,SHORT,2026-03-19T16:50,2112.84,2026-03-19T17:20,2119.3,6,0.5,2571.45,-7.86,-0.31,2563.59,Signal Flip
1635,EMA_CONFIRMED_20_200,SHORT,2026-03-19T18:30,2117.77,2026-03-19T18:55,2120.82,5,0.42,2563.59,-3.69,-0.14,2559.9,Signal Flip
1636,EMA_CONFIRMED_20_200,SHORT,2026-03-19T22:05,2145.5,2026-03-19T22:10,2150.3,1,0.08,2559.9,-5.74,-0.22,2554.16,Signal Flip
1637,EMA_CONFIRMED_20_200,SHORT,2026-03-19T22:35,2141.51,2026-03-19T23:05,2147.08,6,0.5,2554.16,-6.65,-0.26,2547.51,Signal Flip
1638,EMA_CONFIRMED_20_200,SHORT,2026-03-19T23:20,2139.24,2026-03-20T00:10,2143.93,10,0.83,2547.51,-5.59,-0.22,2541.93,Signal Flip
1639,EMA_CONFIRMED_20_200,SHORT,2026-03-20T00:25,2139.5,2026-03-20T00:30,2143.96,1,0.08,2541.93,-5.3,-0.21,2536.62,Signal Flip
1640,EMA_CONFIRMED_20_200,LONG,2026-03-20T01:45,2160.15,2026-03-20T02:05,2147.76,4,0.33,2536.62,-14.55,-0.57,2522.07,Signal Flip
1641,EMA_CONFIRMED_20_200,SHORT,2026-03-20T02:25,2138.01,2026-03-20T02:55,2148.81,6,0.5,2522.07,-12.74,-0.51,2509.33,Signal Flip
1642,EMA_CONFIRMED_20_200,SHORT,2026-03-20T03:00,2143.38,2026-03-20T03:10,2146.41,2,0.17,2509.33,-3.55,-0.14,2505.77,Signal Flip
1643,EMA_CONFIRMED_20_200,LONG,2026-03-20T04:00,2152.46,2026-03-20T04:35,2142.58,7,0.58,2505.77,-11.5,-0.46,2494.27,Signal Flip
1644,EMA_CONFIRMED_20_200,SHORT,2026-03-20T04:55,2144.76,2026-03-20T05:00,2149.46,1,0.08,2494.27,-5.47,-0.22,2488.8,Signal Flip
1645,EMA_CONFIRMED_20_200,SHORT,2026-03-20T05:05,2146.55,2026-03-20T05:10,2151.97,1,0.08,2488.8,-6.28,-0.25,2482.52,Signal Flip
1646,EMA_CONFIRMED_20_200,LONG,2026-03-20T05:15,2152.09,2026-03-20T05:25,2146.58,2,0.17,2482.52,-6.36,-0.26,2476.16,Signal Flip
1647,EMA_CONFIRMED_20_200,SHORT,2026-03-20T05:30,2142.24,2026-03-20T07:25,2141.15,23,1.92,2476.16,1.26,0.05,2477.42,Signal Flip
1648,EMA_CONFIRMED_20_200,LONG,2026-03-20T08:15,2171.88,2026-03-20T09:15,2153.61,12,1.0,2477.42,-20.83,-0.84,2456.59,Signal Flip
1649,EMA_CONFIRMED_20_200,SHORT,2026-03-20T10:05,2135.89,2026-03-20T10:40,2145.91,7,0.58,2456.59,-11.53,-0.47,2445.06,Signal Flip
1650,EMA_CONFIRMED_20_200,LONG,2026-03-20T11:25,2152.49,2026-03-20T11:35,2146.94,2,0.17,2445.06,-6.3,-0.26,2438.76,Signal Flip
1651,EMA_CONFIRMED_20_200,SHORT,2026-03-20T11:40,2136.84,2026-03-20T12:10,2151.82,6,0.5,2438.76,-17.09,-0.7,2421.67,Signal Flip
1652,EMA_CONFIRMED_20_200,SHORT,2026-03-20T12:30,2141.3,2026-03-20T13:25,2146.2,11,0.92,2421.67,-5.55,-0.23,2416.12,Signal Flip
1653,EMA_CONFIRMED_20_200,SHORT,2026-03-20T13:35,2131.59,2026-03-20T13:45,2142.15,2,0.17,2416.12,-11.97,-0.5,2404.16,Signal Flip
1654,EMA_CONFIRMED_20_200,SHORT,2026-03-20T13:50,2139.48,2026-03-20T14:30,2136.59,8,0.67,2404.16,3.25,0.14,2407.41,Signal Flip
1655,EMA_CONFIRMED_20_200,SHORT,2026-03-20T14:50,2134.8,2026-03-20T15:35,2134.13,9,0.75,2407.41,0.76,0.03,2408.17,Signal Flip
1656,EMA_CONFIRMED_20_200,SHORT,2026-03-20T16:40,2133.64,2026-03-20T17:00,2138.39,4,0.33,2408.17,-5.36,-0.22,2402.81,Signal Flip
1657,EMA_CONFIRMED_20_200,SHORT,2026-03-20T17:15,2132.08,2026-03-20T18:00,2137.77,9,0.75,2402.81,-6.41,-0.27,2396.4,Signal Flip
1658,EMA_CONFIRMED_20_200,SHORT,2026-03-20T18:25,2124.58,2026-03-20T19:45,2130.57,16,1.33,2396.4,-6.76,-0.28,2389.64,Signal Flip
1659,EMA_CONFIRMED_20_200,SHORT,2026-03-20T19:50,2123.0,2026-03-20T19:55,2133.13,1,0.08,2389.64,-11.4,-0.48,2378.24,Signal Flip
1660,EMA_CONFIRMED_20_200,SHORT,2026-03-20T20:35,2124.45,2026-03-20T20:50,2134.09,3,0.25,2378.24,-10.79,-0.45,2367.45,Signal Flip
1661,EMA_CONFIRMED_20_200,LONG,2026-03-20T21:40,2152.28,2026-03-20T23:05,2151.14,17,1.42,2367.45,-1.24,-0.05,2366.2,Signal Flip
1662,EMA_CONFIRMED_20_200,LONG,2026-03-21T00:20,2155.5,2026-03-21T01:35,2150.46,15,1.25,2366.2,-5.52,-0.23,2360.68,Signal Flip
1663,EMA_CONFIRMED_20_200,LONG,2026-03-21T01:40,2153.14,2026-03-21T01:45,2148.28,1,0.08,2360.68,-5.33,-0.23,2355.35,Signal Flip
1664,EMA_CONFIRMED_20_200,LONG,2026-03-21T02:25,2152.46,2026-03-21T03:20,2151.12,11,0.92,2355.35,-1.46,-0.06,2353.89,Signal Flip
1665,EMA_CONFIRMED_20_200,LONG,2026-03-21T03:25,2153.57,2026-03-21T03:35,2150.99,2,0.17,2353.89,-2.81,-0.12,2351.08,Signal Flip
1666,EMA_CONFIRMED_20_200,LONG,2026-03-21T03:45,2153.51,2026-03-21T04:35,2150.48,10,0.83,2351.08,-3.3,-0.14,2347.78,Signal Flip
1667,EMA_CONFIRMED_20_200,LONG,2026-03-21T05:10,2154.58,2026-03-21T05:55,2152.61,9,0.75,2347.78,-2.14,-0.09,2345.64,Signal Flip
1668,EMA_CONFIRMED_20_200,LONG,2026-03-21T06:20,2155.52,2026-03-21T07:55,2154.05,19,1.58,2345.64,-1.59,-0.07,2344.05,Signal Flip
1669,EMA_CONFIRMED_20_200,LONG,2026-03-21T08:15,2157.22,2026-03-21T08:20,2152.25,1,0.08,2344.05,-5.39,-0.23,2338.65,Signal Flip
1670,EMA_CONFIRMED_20_200,LONG,2026-03-21T09:05,2158.08,2026-03-21T09:30,2154.05,5,0.42,2338.65,-4.36,-0.19,2334.29,Signal Flip
1671,EMA_CONFIRMED_20_200,LONG,2026-03-21T09:35,2157.73,2026-03-21T10:15,2155.01,8,0.67,2334.29,-2.94,-0.13,2331.35,Signal Flip
1672,EMA_CONFIRMED_20_200,LONG,2026-03-21T10:40,2157.43,2026-03-21T10:45,2154.16,1,0.08,2331.35,-3.53,-0.15,2327.82,Signal Flip
1673,EMA_CONFIRMED_20_200,LONG,2026-03-21T11:25,2156.38,2026-03-21T12:55,2155.91,18,1.5,2327.82,-0.5,-0.02,2327.32,Signal Flip
1674,EMA_CONFIRMED_20_200,LONG,2026-03-21T13:00,2159.06,2026-03-21T13:05,2155.71,1,0.08,2327.32,-3.61,-0.16,2323.71,Signal Flip
1675,EMA_CONFIRMED_20_200,LONG,2026-03-21T13:10,2158.62,2026-03-21T13:15,2156.21,1,0.08,2323.71,-2.59,-0.11,2321.12,Signal Flip
1676,EMA_CONFIRMED_20_200,LONG,2026-03-21T13:20,2160.38,2026-03-21T13:25,2155.28,1,0.08,2321.12,-5.48,-0.24,2315.64,Signal Flip
1677,EMA_CONFIRMED_20_200,LONG,2026-03-21T13:35,2158.53,2026-03-21T13:40,2154.51,1,0.08,2315.64,-4.31,-0.19,2311.33,Signal Flip
1678,EMA_CONFIRMED_20_200,LONG,2026-03-21T14:10,2158.71,2026-03-21T14:50,2155.69,8,0.67,2311.33,-3.23,-0.14,2308.1,Signal Flip
1679,EMA_CONFIRMED_20_200,LONG,2026-03-21T15:35,2158.49,2026-03-21T15:40,2152.09,1,0.08,2308.1,-6.84,-0.3,2301.26,Signal Flip
1680,EMA_CONFIRMED_20_200,SHORT,2026-03-21T16:35,2149.43,2026-03-21T17:40,2150.38,13,1.08,2301.26,-1.02,-0.04,2300.25,Signal Flip
1681,EMA_CONFIRMED_20_200,SHORT,2026-03-21T17:50,2148.02,2026-03-21T18:10,2150.45,4,0.33,2300.25,-2.61,-0.11,2297.63,Signal Flip
1682,EMA_CONFIRMED_20_200,SHORT,2026-03-21T19:35,2149.16,2026-03-21T20:00,2153.25,5,0.42,2297.63,-4.36,-0.19,2293.27,Signal Flip
1683,EMA_CONFIRMED_20_200,LONG,2026-03-21T20:40,2156.2,2026-03-21T21:55,2152.69,15,1.25,2293.27,-3.73,-0.16,2289.54,Signal Flip
1684,EMA_CONFIRMED_20_200,SHORT,2026-03-21T22:45,2150.49,2026-03-22T02:15,2092.86,42,3.5,2289.54,61.37,2.68,2350.91,Signal Flip
1685,EMA_CONFIRMED_20_200,SHORT,2026-03-22T05:40,2113.99,2026-03-22T07:25,2112.21,21,1.75,2350.91,1.99,0.08,2352.9,Signal Flip
1686,EMA_CONFIRMED_20_200,SHORT,2026-03-22T07:30,2109.94,2026-03-22T09:10,2091.74,20,1.67,2352.9,20.31,0.86,2373.2,Signal Flip
1687,EMA_CONFIRMED_20_200,SHORT,2026-03-22T09:20,2081.74,2026-03-22T12:20,2078.76,36,3.0,2373.2,3.4,0.14,2376.6,Signal Flip
1688,EMA_CONFIRMED_20_200,SHORT,2026-03-22T12:50,2077.66,2026-03-22T12:55,2082.21,1,0.08,2376.6,-5.2,-0.22,2371.4,Signal Flip
1689,EMA_CONFIRMED_20_200,SHORT,2026-03-22T13:35,2080.88,2026-03-22T14:25,2084.35,10,0.83,2371.4,-3.96,-0.17,2367.44,Signal Flip
1690,EMA_CONFIRMED_20_200,SHORT,2026-03-22T14:35,2078.48,2026-03-22T14:40,2084.16,1,0.08,2367.44,-6.47,-0.27,2360.97,Signal Flip
1691,EMA_CONFIRMED_20_200,SHORT,2026-03-22T14:50,2077.44,2026-03-22T15:05,2081.26,3,0.25,2360.97,-4.34,-0.18,2356.63,Signal Flip
1692,EMA_CONFIRMED_20_200,SHORT,2026-03-22T15:25,2077.9,2026-03-22T15:45,2081.61,4,0.33,2356.63,-4.21,-0.18,2352.42,Signal Flip
1693,EMA_CONFIRMED_20_200,SHORT,2026-03-22T16:25,2079.81,2026-03-22T16:50,2083.46,5,0.42,2352.42,-4.13,-0.18,2348.29,Signal Flip
1694,EMA_CONFIRMED_20_200,SHORT,2026-03-22T17:40,2077.71,2026-03-22T20:05,2068.35,29,2.42,2348.29,10.58,0.45,2358.86,Signal Flip
1695,EMA_CONFIRMED_20_200,SHORT,2026-03-22T20:30,2063.77,2026-03-22T20:45,2067.05,3,0.25,2358.86,-3.76,-0.16,2355.11,Signal Flip
1696,EMA_CONFIRMED_20_200,SHORT,2026-03-22T20:50,2063.03,2026-03-22T22:10,2051.81,16,1.33,2355.11,12.81,0.54,2367.92,Signal Flip
1697,EMA_CONFIRMED_20_200,SHORT,2026-03-22T22:15,2042.09,2026-03-22T22:25,2053.55,2,0.17,2367.92,-13.29,-0.56,2354.63,Signal Flip
1698,EMA_CONFIRMED_20_200,SHORT,2026-03-22T23:35,2057.92,2026-03-22T23:40,2061.48,1,0.08,2354.63,-4.07,-0.17,2350.56,Signal Flip
1699,EMA_CONFIRMED_20_200,SHORT,2026-03-22T23:50,2053.38,2026-03-23T00:25,2059.94,7,0.58,2350.56,-7.51,-0.32,2343.06,Signal Flip
1700,EMA_CONFIRMED_20_200,SHORT,2026-03-23T00:30,2052.95,2026-03-23T01:10,2052.59,8,0.67,2343.06,0.42,0.02,2343.47,Signal Flip
1701,EMA_CONFIRMED_20_200,SHORT,2026-03-23T01:15,2049.54,2026-03-23T01:20,2059.7,1,0.08,2343.47,-11.61,-0.5,2331.86,Signal Flip
1702,EMA_CONFIRMED_20_200,SHORT,2026-03-23T01:50,2049.56,2026-03-23T02:10,2055.94,4,0.33,2331.86,-7.25,-0.31,2324.61,Signal Flip
1703,EMA_CONFIRMED_20_200,SHORT,2026-03-23T02:15,2047.95,2026-03-23T02:25,2058.5,2,0.17,2324.61,-11.98,-0.52,2312.63,Signal Flip
1704,EMA_CONFIRMED_20_200,SHORT,2026-03-23T03:15,2058.08,2026-03-23T04:35,2058.3,16,1.33,2312.63,-0.25,-0.01,2312.39,Signal Flip
1705,EMA_CONFIRMED_20_200,SHORT,2026-03-23T04:45,2055.01,2026-03-23T04:50,2058.76,1,0.08,2312.39,-4.22,-0.18,2308.17,Signal Flip
1706,EMA_CONFIRMED_20_200,SHORT,2026-03-23T05:50,2061.09,2026-03-23T05:55,2065.53,1,0.08,2308.17,-4.98,-0.22,2303.2,Signal Flip
1707,EMA_CONFIRMED_20_200,SHORT,2026-03-23T06:05,2061.61,2026-03-23T07:40,2046.74,19,1.58,2303.2,16.61,0.72,2319.8,Signal Flip
1708,EMA_CONFIRMED_20_200,SHORT,2026-03-23T08:55,2048.48,2026-03-23T10:00,2044.66,13,1.08,2319.8,4.32,0.19,2324.12,Signal Flip
1709,EMA_CONFIRMED_20_200,SHORT,2026-03-23T10:25,2043.36,2026-03-23T10:30,2046.14,1,0.08,2324.12,-3.17,-0.14,2320.96,Signal Flip
1710,EMA_CONFIRMED_20_200,SHORT,2026-03-23T10:35,2042.85,2026-03-23T10:55,2049.01,4,0.33,2320.96,-7.01,-0.3,2313.95,Signal Flip
1711,EMA_CONFIRMED_20_200,LONG,2026-03-23T11:15,2170.36,2026-03-23T12:15,2116.0,12,1.0,2313.95,-57.96,-2.5,2255.99,Signal Flip
1712,EMA_CONFIRMED_20_200,LONG,2026-03-23T12:20,2124.35,2026-03-23T15:20,2170.37,36,3.0,2255.99,48.87,2.17,2304.87,Signal Flip
1713,EMA_CONFIRMED_20_200,LONG,2026-03-23T17:35,2149.66,2026-03-23T18:30,2145.22,11,0.92,2304.87,-4.77,-0.21,2300.1,Signal Flip
1714,EMA_CONFIRMED_20_200,LONG,2026-03-23T18:35,2155.68,2026-03-23T19:50,2157.31,15,1.25,2300.1,1.74,0.08,2301.84,Signal Flip
1715,EMA_CONFIRMED_20_200,LONG,2026-03-23T20:15,2160.77,2026-03-23T21:05,2156.97,10,0.83,2301.84,-4.05,-0.18,2297.79,Signal Flip
1716,EMA_CONFIRMED_20_200,LONG,2026-03-23T21:35,2161.97,2026-03-23T21:50,2157.22,3,0.25,2297.79,-5.05,-0.22,2292.75,Signal Flip
1717,EMA_CONFIRMED_20_200,LONG,2026-03-23T21:55,2161.08,2026-03-23T22:00,2156.62,1,0.08,2292.75,-4.73,-0.21,2288.01,Signal Flip
1718,EMA_CONFIRMED_20_200,LONG,2026-03-23T23:45,2151.51,2026-03-23T23:50,2146.85,1,0.08,2288.01,-4.95,-0.22,2283.06,Signal Flip
1719,EMA_CONFIRMED_20_200,LONG,2026-03-24T00:00,2153.11,2026-03-24T00:10,2145.85,2,0.17,2283.06,-7.7,-0.34,2275.36,Signal Flip
1720,EMA_CONFIRMED_20_200,LONG,2026-03-24T00:55,2147.01,2026-03-24T01:00,2142.15,1,0.08,2275.36,-5.16,-0.23,2270.21,Signal Flip
1721,EMA_CONFIRMED_20_200,LONG,2026-03-24T01:25,2146.81,2026-03-24T01:40,2130.74,3,0.25,2270.21,-16.99,-0.75,2253.21,Signal Flip
1722,EMA_CONFIRMED_20_200,LONG,2026-03-24T02:05,2142.61,2026-03-24T02:10,2138.56,1,0.08,2253.21,-4.26,-0.19,2248.95,Signal Flip
1723,EMA_CONFIRMED_20_200,LONG,2026-03-24T02:35,2141.38,2026-03-24T02:40,2134.9,1,0.08,2248.95,-6.8,-0.3,2242.15,Signal Flip
1724,EMA_CONFIRMED_20_200,LONG,2026-03-24T03:25,2138.64,2026-03-24T03:35,2135.0,2,0.17,2242.15,-3.81,-0.17,2238.34,Signal Flip
1725,EMA_CONFIRMED_20_200,LONG,2026-03-24T03:45,2139.82,2026-03-24T04:30,2139.41,9,0.75,2238.34,-0.43,-0.02,2237.91,Signal Flip
1726,EMA_CONFIRMED_20_200,SHORT,2026-03-24T05:25,2129.55,2026-03-24T05:45,2136.77,4,0.33,2237.91,-7.58,-0.34,2230.33,Signal Flip
1727,EMA_CONFIRMED_20_200,SHORT,2026-03-24T06:00,2132.57,2026-03-24T06:05,2136.2,1,0.08,2230.33,-3.79,-0.17,2226.54,Signal Flip
1728,EMA_CONFIRMED_20_200,LONG,2026-03-24T06:35,2142.39,2026-03-24T08:20,2154.8,21,1.75,2226.54,12.9,0.58,2239.44,Signal Flip
1729,EMA_CONFIRMED_20_200,LONG,2026-03-24T08:35,2157.41,2026-03-24T08:50,2155.23,3,0.25,2239.44,-2.26,-0.1,2237.18,Signal Flip
1730,EMA_CONFIRMED_20_200,LONG,2026-03-24T09:05,2159.07,2026-03-24T09:10,2153.28,1,0.08,2237.18,-6.0,-0.27,2231.18,Signal Flip
1731,EMA_CONFIRMED_20_200,LONG,2026-03-24T09:40,2158.21,2026-03-24T10:30,2155.14,10,0.83,2231.18,-3.17,-0.14,2228.01,Signal Flip
1732,EMA_CONFIRMED_20_200,LONG,2026-03-24T10:40,2162.26,2026-03-24T10:50,2157.36,2,0.17,2228.01,-5.05,-0.23,2222.96,Signal Flip
1733,EMA_CONFIRMED_20_200,LONG,2026-03-24T10:55,2160.91,2026-03-24T11:05,2152.54,2,0.17,2222.96,-8.61,-0.39,2214.36,Signal Flip
1734,EMA_CONFIRMED_20_200,LONG,2026-03-24T11:10,2162.07,2026-03-24T11:20,2156.01,2,0.17,2214.36,-6.21,-0.28,2208.15,Signal Flip
1735,EMA_CONFIRMED_20_200,LONG,2026-03-24T11:25,2159.9,2026-03-24T12:35,2159.9,14,1.17,2208.15,0.0,0.0,2208.15,Signal Flip
1736,EMA_CONFIRMED_20_200,LONG,2026-03-24T12:55,2164.73,2026-03-24T13:00,2161.35,1,0.08,2208.15,-3.45,-0.16,2204.7,Signal Flip
1737,EMA_CONFIRMED_20_200,SHORT,2026-03-24T14:15,2129.7,2026-03-24T15:25,2146.55,14,1.17,2204.7,-17.44,-0.79,2187.26,Signal Flip
1738,EMA_CONFIRMED_20_200,SHORT,2026-03-24T15:30,2137.78,2026-03-24T15:40,2142.91,2,0.17,2187.26,-5.25,-0.24,2182.01,Signal Flip
1739,EMA_CONFIRMED_20_200,SHORT,2026-03-24T16:00,2134.08,2026-03-24T16:20,2140.37,4,0.33,2182.01,-6.43,-0.29,2175.58,Signal Flip
1740,EMA_CONFIRMED_20_200,SHORT,2026-03-24T16:25,2136.43,2026-03-24T18:25,2116.83,24,2.0,2175.58,19.96,0.92,2195.54,Signal Flip
1741,EMA_CONFIRMED_20_200,SHORT,2026-03-24T19:30,2119.42,2026-03-24T19:45,2121.34,3,0.25,2195.54,-1.99,-0.09,2193.56,Signal Flip
1742,EMA_CONFIRMED_20_200,SHORT,2026-03-24T19:50,2114.89,2026-03-24T20:15,2121.79,5,0.42,2193.56,-7.15,-0.33,2186.4,Signal Flip
1743,EMA_CONFIRMED_20_200,LONG,2026-03-24T21:10,2146.01,2026-03-24T22:35,2142.02,17,1.42,2186.4,-4.07,-0.19,2182.33,Signal Flip
1744,EMA_CONFIRMED_20_200,LONG,2026-03-24T22:50,2146.83,2026-03-24T22:55,2144.07,1,0.08,2182.33,-2.81,-0.13,2179.52,Signal Flip
1745,EMA_CONFIRMED_20_200,LONG,2026-03-24T23:05,2147.46,2026-03-25T00:25,2153.43,16,1.33,2179.52,6.06,0.28,2185.58,Signal Flip
1746,EMA_CONFIRMED_20_200,LONG,2026-03-25T00:30,2156.4,2026-03-25T01:20,2157.75,10,0.83,2185.58,1.37,0.06,2186.95,Signal Flip
1747,EMA_CONFIRMED_20_200,LONG,2026-03-25T01:25,2161.08,2026-03-25T01:35,2158.46,2,0.17,2186.95,-2.65,-0.12,2184.3,Signal Flip
1748,EMA_CONFIRMED_20_200,LONG,2026-03-25T01:40,2161.22,2026-03-25T02:00,2155.87,4,0.33,2184.3,-5.41,-0.25,2178.89,Signal Flip
1749,EMA_CONFIRMED_20_200,LONG,2026-03-25T02:40,2160.35,2026-03-25T02:50,2155.96,2,0.17,2178.89,-4.43,-0.2,2174.47,Signal Flip
1750,EMA_CONFIRMED_20_200,LONG,2026-03-25T03:35,2156.78,2026-03-25T06:05,2166.24,30,2.5,2174.47,9.54,0.44,2184.0,Signal Flip
1751,EMA_CONFIRMED_20_200,LONG,2026-03-25T06:20,2169.38,2026-03-25T07:00,2162.74,8,0.67,2184.0,-6.69,-0.31,2177.31,Signal Flip
1752,EMA_CONFIRMED_20_200,LONG,2026-03-25T07:15,2173.26,2026-03-25T07:30,2166.98,3,0.25,2177.31,-6.29,-0.29,2171.02,Signal Flip
1753,EMA_CONFIRMED_20_200,LONG,2026-03-25T07:35,2172.78,2026-03-25T07:50,2165.34,3,0.25,2171.02,-7.43,-0.34,2163.59,Signal Flip
1754,EMA_CONFIRMED_20_200,LONG,2026-03-25T08:20,2173.58,2026-03-25T11:50,2182.11,42,3.5,2163.59,8.49,0.39,2172.08,Signal Flip
1755,EMA_CONFIRMED_20_200,LONG,2026-03-25T12:05,2192.35,2026-03-25T12:20,2176.64,3,0.25,2172.08,-15.56,-0.72,2156.52,Signal Flip
1756,EMA_CONFIRMED_20_200,LONG,2026-03-25T13:00,2184.4,2026-03-25T14:05,2180.82,13,1.08,2156.52,-3.54,-0.16,2152.98,Signal Flip
1757,EMA_CONFIRMED_20_200,LONG,2026-03-25T14:35,2185.3,2026-03-25T14:40,2178.28,1,0.08,2152.98,-6.92,-0.32,2146.07,Signal Flip
1758,EMA_CONFIRMED_20_200,SHORT,2026-03-25T15:45,2160.89,2026-03-25T16:25,2168.1,8,0.67,2146.07,-7.17,-0.33,2138.9,Signal Flip
1759,EMA_CONFIRMED_20_200,LONG,2026-03-25T16:45,2179.03,2026-03-25T17:10,2168.89,5,0.42,2138.9,-9.96,-0.47,2128.94,Signal Flip
1760,EMA_CONFIRMED_20_200,SHORT,2026-03-25T17:40,2163.15,2026-03-25T18:15,2169.58,7,0.58,2128.94,-6.33,-0.3,2122.61,Signal Flip
1761,EMA_CONFIRMED_20_200,SHORT,2026-03-25T18:40,2165.57,2026-03-25T18:55,2169.11,3,0.25,2122.61,-3.48,-0.16,2119.13,Signal Flip
1762,EMA_CONFIRMED_20_200,SHORT,2026-03-25T19:00,2161.29,2026-03-25T19:05,2170.11,1,0.08,2119.13,-8.65,-0.41,2110.48,Signal Flip
1763,EMA_CONFIRMED_20_200,SHORT,2026-03-25T19:10,2165.07,2026-03-25T19:15,2170.36,1,0.08,2110.48,-5.16,-0.24,2105.31,Signal Flip
1764,EMA_CONFIRMED_20_200,LONG,2026-03-25T19:45,2172.83,2026-03-25T20:05,2166.09,4,0.33,2105.31,-6.53,-0.31,2098.78,Signal Flip
1765,EMA_CONFIRMED_20_200,SHORT,2026-03-25T20:15,2164.88,2026-03-25T20:55,2168.59,8,0.67,2098.78,-3.6,-0.17,2095.18,Signal Flip
1766,EMA_CONFIRMED_20_200,SHORT,2026-03-25T21:00,2165.41,2026-03-25T21:10,2168.73,2,0.17,2095.18,-3.22,-0.15,2091.96,Signal Flip
1767,EMA_CONFIRMED_20_200,SHORT,2026-03-25T21:25,2165.18,2026-03-25T22:05,2167.92,8,0.67,2091.96,-2.65,-0.13,2089.31,Signal Flip
1768,EMA_CONFIRMED_20_200,SHORT,2026-03-25T22:10,2161.06,2026-03-25T22:35,2175.94,5,0.42,2089.31,-14.38,-0.69,2074.92,Signal Flip
1769,EMA_CONFIRMED_20_200,LONG,2026-03-25T23:00,2175.63,2026-03-25T23:40,2166.8,8,0.67,2074.92,-8.42,-0.41,2066.5,Signal Flip
1770,EMA_CONFIRMED_20_200,SHORT,2026-03-26T00:20,2163.93,2026-03-26T00:50,2172.56,6,0.5,2066.5,-8.24,-0.4,2058.26,Signal Flip
1771,EMA_CONFIRMED_20_200,SHORT,2026-03-26T00:55,2163.19,2026-03-26T01:30,2167.93,7,0.58,2058.26,-4.52,-0.22,2053.75,Signal Flip
1772,EMA_CONFIRMED_20_200,SHORT,2026-03-26T01:45,2163.63,2026-03-26T03:15,2156.6,18,1.5,2053.75,6.67,0.32,2060.42,Signal Flip
1773,EMA_CONFIRMED_20_200,SHORT,2026-03-26T03:20,2150.69,2026-03-26T03:55,2154.79,7,0.58,2060.42,-3.92,-0.19,2056.5,Signal Flip
1774,EMA_CONFIRMED_20_200,SHORT,2026-03-26T04:05,2150.21,2026-03-26T04:30,2153.81,5,0.42,2056.5,-3.44,-0.17,2053.06,Signal Flip
1775,EMA_CONFIRMED_20_200,SHORT,2026-03-26T04:55,2149.91,2026-03-26T07:55,2125.5,36,3.0,2053.06,23.31,1.14,2076.38,Signal Flip
1776,EMA_CONFIRMED_20_200,SHORT,2026-03-26T08:15,2116.39,2026-03-26T09:00,2120.71,9,0.75,2076.38,-4.24,-0.2,2072.14,Signal Flip
1777,EMA_CONFIRMED_20_200,SHORT,2026-03-26T09:05,2117.14,2026-03-26T09:10,2121.06,1,0.08,2072.14,-3.84,-0.19,2068.3,Signal Flip
1778,EMA_CONFIRMED_20_200,SHORT,2026-03-26T09:15,2117.73,2026-03-26T12:50,2074.77,43,3.58,2068.3,41.96,2.03,2110.26,Signal Flip
1779,EMA_CONFIRMED_20_200,SHORT,2026-03-26T12:55,2071.54,2026-03-26T13:00,2074.64,1,0.08,2110.26,-3.15,-0.15,2107.11,Signal Flip
1780,EMA_CONFIRMED_20_200,SHORT,2026-03-26T13:35,2071.13,2026-03-26T13:45,2084.53,2,0.17,2107.11,-13.63,-0.65,2093.48,Signal Flip
1781,EMA_CONFIRMED_20_200,SHORT,2026-03-26T14:20,2074.68,2026-03-26T14:35,2085.04,3,0.25,2093.48,-10.45,-0.5,2083.03,Signal Flip
1782,EMA_CONFIRMED_20_200,SHORT,2026-03-26T14:45,2076.32,2026-03-26T15:55,2073.89,14,1.17,2083.03,2.44,0.12,2085.47,Signal Flip
1783,EMA_CONFIRMED_20_200,SHORT,2026-03-26T16:05,2067.42,2026-03-26T17:20,2067.93,15,1.25,2085.47,-0.52,-0.03,2084.95,Signal Flip
1784,EMA_CONFIRMED_20_200,SHORT,2026-03-26T17:50,2061.42,2026-03-26T19:40,2050.77,22,1.83,2084.95,10.77,0.52,2095.71,Signal Flip
1785,EMA_CONFIRMED_20_200,SHORT,2026-03-26T20:05,2047.25,2026-03-26T20:10,2051.03,1,0.08,2095.71,-3.87,-0.18,2091.85,Signal Flip
1786,EMA_CONFIRMED_20_200,SHORT,2026-03-26T22:25,2061.12,2026-03-26T23:00,2066.92,7,0.58,2091.85,-5.89,-0.28,2085.96,Signal Flip
1787,EMA_CONFIRMED_20_200,SHORT,2026-03-26T23:10,2063.34,2026-03-26T23:20,2066.82,2,0.17,2085.96,-3.52,-0.17,2082.43,Signal Flip
1788,EMA_CONFIRMED_20_200,SHORT,2026-03-26T23:25,2058.87,2026-03-27T00:10,2067.65,9,0.75,2082.43,-8.88,-0.43,2073.55,Signal Flip
1789,EMA_CONFIRMED_20_200,SHORT,2026-03-27T00:25,2061.44,2026-03-27T00:55,2066.32,6,0.5,2073.55,-4.91,-0.24,2068.64,Signal Flip
1790,EMA_CONFIRMED_20_200,SHORT,2026-03-27T02:40,2069.67,2026-03-27T05:10,2059.82,30,2.5,2068.64,9.85,0.48,2078.49,Signal Flip
1791,EMA_CONFIRMED_20_200,SHORT,2026-03-27T07:10,2059.34,2026-03-27T07:15,2068.97,1,0.08,2078.49,-9.72,-0.47,2068.76,Signal Flip
1792,EMA_CONFIRMED_20_200,SHORT,2026-03-27T08:05,2064.68,2026-03-27T13:20,1993.56,63,5.25,2068.76,71.26,3.44,2140.02,Signal Flip
1793,EMA_CONFIRMED_20_200,SHORT,2026-03-27T13:35,1984.26,2026-03-27T14:50,1984.42,15,1.25,2140.02,-0.18,-0.01,2139.85,Signal Flip
1794,EMA_CONFIRMED_20_200,SHORT,2026-03-27T15:55,1990.45,2026-03-27T16:50,1991.16,11,0.92,2139.85,-0.75,-0.04,2139.09,Signal Flip
1795,EMA_CONFIRMED_20_200,SHORT,2026-03-27T16:55,1986.34,2026-03-27T17:05,1989.31,2,0.17,2139.09,-3.21,-0.15,2135.89,Signal Flip
1796,EMA_CONFIRMED_20_200,SHORT,2026-03-27T17:20,1987.84,2026-03-27T18:20,1985.02,12,1.0,2135.89,3.02,0.14,2138.91,Signal Flip
1797,EMA_CONFIRMED_20_200,SHORT,2026-03-27T18:25,1975.38,2026-03-27T18:35,1984.51,2,0.17,2138.91,-9.89,-0.46,2129.02,Signal Flip
1798,EMA_CONFIRMED_20_200,SHORT,2026-03-27T18:45,1981.14,2026-03-27T18:50,1985.21,1,0.08,2129.02,-4.38,-0.21,2124.65,Signal Flip
1799,EMA_CONFIRMED_20_200,SHORT,2026-03-27T19:05,1980.19,2026-03-27T19:10,1983.94,1,0.08,2124.65,-4.03,-0.19,2120.62,Signal Flip
1800,EMA_CONFIRMED_20_200,SHORT,2026-03-27T19:15,1981.17,2026-03-27T19:20,1988.54,1,0.08,2120.62,-7.89,-0.37,2112.73,Signal Flip
1801,EMA_CONFIRMED_20_200,SHORT,2026-03-27T20:30,1982.49,2026-03-27T20:55,1989.14,5,0.42,2112.73,-7.09,-0.34,2105.63,Signal Flip
1802,EMA_CONFIRMED_20_200,SHORT,2026-03-27T21:00,1985.06,2026-03-27T21:05,1991.5,1,0.08,2105.63,-6.83,-0.32,2098.8,Signal Flip
1803,EMA_CONFIRMED_20_200,SHORT,2026-03-27T21:40,1985.41,2026-03-27T22:25,1987.87,9,0.75,2098.8,-2.61,-0.12,2096.2,Signal Flip
1804,EMA_CONFIRMED_20_200,SHORT,2026-03-27T22:30,1983.94,2026-03-27T23:15,1986.77,9,0.75,2096.2,-3.0,-0.14,2093.2,Signal Flip
1805,EMA_CONFIRMED_20_200,SHORT,2026-03-27T23:20,1983.83,2026-03-27T23:25,1990.1,1,0.08,2093.2,-6.62,-0.32,2086.58,Signal Flip
1806,EMA_CONFIRMED_20_200,SHORT,2026-03-28T01:10,1988.06,2026-03-28T01:50,1990.87,8,0.67,2086.58,-2.96,-0.14,2083.62,Signal Flip
1807,EMA_CONFIRMED_20_200,SHORT,2026-03-28T02:20,1985.34,2026-03-28T03:10,1989.16,10,0.83,2083.62,-4.02,-0.19,2079.6,Signal Flip
1808,EMA_CONFIRMED_20_200,SHORT,2026-03-28T04:10,1986.95,2026-03-28T04:20,1992.35,2,0.17,2079.6,-5.65,-0.27,2073.95,Signal Flip
1809,EMA_CONFIRMED_20_200,SHORT,2026-03-28T05:05,1988.49,2026-03-28T05:25,1993.93,4,0.33,2073.95,-5.68,-0.27,2068.28,Signal Flip
1810,EMA_CONFIRMED_20_200,LONG,2026-03-28T06:40,2003.6,2026-03-28T08:35,2001.82,23,1.92,2068.28,-1.84,-0.09,2066.44,Signal Flip
1811,EMA_CONFIRMED_20_200,LONG,2026-03-28T10:00,2000.51,2026-03-28T10:20,1998.42,4,0.33,2066.44,-2.16,-0.1,2064.28,Signal Flip
1812,EMA_CONFIRMED_20_200,SHORT,2026-03-28T10:45,1993.51,2026-03-28T11:30,1998.44,9,0.75,2064.28,-5.1,-0.25,2059.18,Signal Flip
1813,EMA_CONFIRMED_20_200,SHORT,2026-03-28T12:00,1996.64,2026-03-28T12:05,1998.71,1,0.08,2059.18,-2.13,-0.1,2057.04,Signal Flip
1814,EMA_CONFIRMED_20_200,LONG,2026-03-28T12:20,2002.66,2026-03-28T12:35,1996.86,3,0.25,2057.04,-5.96,-0.29,2051.09,Signal Flip
1815,EMA_CONFIRMED_20_200,LONG,2026-03-28T12:50,1999.86,2026-03-28T14:55,2017.11,25,2.08,2051.09,17.69,0.86,2068.78,Signal Flip
1816,EMA_CONFIRMED_20_200,LONG,2026-03-28T15:00,2021.84,2026-03-28T15:05,2017.92,1,0.08,2068.78,-4.01,-0.19,2064.77,Signal Flip
1817,EMA_CONFIRMED_20_200,LONG,2026-03-28T15:15,2023.57,2026-03-28T16:40,2023.4,17,1.42,2064.77,-0.18,-0.01,2064.59,Signal Flip
1818,EMA_CONFIRMED_20_200,LONG,2026-03-28T17:05,2027.72,2026-03-28T17:10,2022.09,1,0.08,2064.59,-5.74,-0.28,2058.85,Signal Flip
1819,EMA_CONFIRMED_20_200,LONG,2026-03-28T18:15,2025.55,2026-03-28T18:25,2021.84,2,0.17,2058.85,-3.77,-0.18,2055.08,Signal Flip
1820,EMA_CONFIRMED_20_200,LONG,2026-03-28T18:45,2024.55,2026-03-28T18:50,2021.56,1,0.08,2055.08,-3.04,-0.15,2052.04,Signal Flip
1821,EMA_CONFIRMED_20_200,LONG,2026-03-28T20:05,2024.49,2026-03-28T21:10,2019.68,13,1.08,2052.04,-4.88,-0.24,2047.16,Signal Flip
1822,EMA_CONFIRMED_20_200,SHORT,2026-03-28T23:00,2010.87,2026-03-29T01:00,2000.16,24,2.0,2047.16,10.91,0.53,2058.07,Signal Flip
1823,EMA_CONFIRMED_20_200,SHORT,2026-03-29T01:40,1998.45,2026-03-29T01:45,2003.32,1,0.08,2058.07,-5.02,-0.24,2053.06,Signal Flip
1824,EMA_CONFIRMED_20_200,LONG,2026-03-29T03:40,2013.51,2026-03-29T04:20,2007.87,8,0.67,2053.06,-5.75,-0.28,2047.3,Signal Flip
1825,EMA_CONFIRMED_20_200,SHORT,2026-03-29T04:40,2004.3,2026-03-29T05:55,2006.96,15,1.25,2047.3,-2.72,-0.13,2044.58,Signal Flip
1826,EMA_CONFIRMED_20_200,SHORT,2026-03-29T06:25,2001.0,2026-03-29T06:50,2006.89,5,0.42,2044.58,-6.02,-0.29,2038.56,Signal Flip
1827,EMA_CONFIRMED_20_200,SHORT,2026-03-29T07:05,2000.43,2026-03-29T07:20,2004.76,3,0.25,2038.56,-4.42,-0.22,2034.14,Signal Flip
1828,EMA_CONFIRMED_20_200,SHORT,2026-03-29T07:35,2002.58,2026-03-29T07:40,2005.09,1,0.08,2034.14,-2.55,-0.13,2031.59,Signal Flip
1829,EMA_CONFIRMED_20_200,SHORT,2026-03-29T08:15,2002.74,2026-03-29T08:30,2005.93,3,0.25,2031.59,-3.24,-0.16,2028.35,Signal Flip
1830,EMA_CONFIRMED_20_200,SHORT,2026-03-29T08:55,2003.04,2026-03-29T11:05,2002.48,26,2.17,2028.35,0.56,0.03,2028.91,Signal Flip
1831,EMA_CONFIRMED_20_200,SHORT,2026-03-29T12:35,1997.46,2026-03-29T12:55,2003.74,4,0.33,2028.91,-6.38,-0.31,2022.54,Signal Flip
1832,EMA_CONFIRMED_20_200,SHORT,2026-03-29T13:05,1999.22,2026-03-29T14:15,1996.45,14,1.17,2022.54,2.8,0.14,2025.34,Signal Flip
1833,EMA_CONFIRMED_20_200,SHORT,2026-03-29T14:25,1991.48,2026-03-29T14:35,1995.38,2,0.17,2025.34,-3.96,-0.2,2021.38,Signal Flip
1834,EMA_CONFIRMED_20_200,SHORT,2026-03-29T14:55,1991.11,2026-03-29T15:00,1995.17,1,0.08,2021.38,-4.11,-0.2,2017.27,Signal Flip
1835,EMA_CONFIRMED_20_200,SHORT,2026-03-29T15:25,1992.36,2026-03-29T15:55,1994.4,6,0.5,2017.27,-2.06,-0.1,2015.21,Signal Flip
1836,EMA_CONFIRMED_20_200,SHORT,2026-03-29T17:15,1993.15,2026-03-29T17:45,1997.76,6,0.5,2015.21,-4.66,-0.23,2010.55,Signal Flip
1837,EMA_CONFIRMED_20_200,SHORT,2026-03-29T18:05,1991.38,2026-03-29T18:20,1995.46,3,0.25,2010.55,-4.11,-0.2,2006.44,Signal Flip
1838,EMA_CONFIRMED_20_200,SHORT,2026-03-29T18:25,1992.51,2026-03-29T18:40,1999.97,3,0.25,2006.44,-7.51,-0.37,1998.93,Signal Flip
1839,EMA_CONFIRMED_20_200,SHORT,2026-03-29T19:40,1994.29,2026-03-29T20:05,1999.06,5,0.42,1998.93,-4.78,-0.24,1994.15,Signal Flip
1840,EMA_CONFIRMED_20_200,LONG,2026-03-29T20:40,2004.28,2026-03-29T22:05,1994.17,17,1.42,1994.15,-10.06,-0.5,1984.09,Signal Flip
1841,EMA_CONFIRMED_20_200,SHORT,2026-03-29T22:30,1993.65,2026-03-29T23:15,1987.28,9,0.75,1984.09,6.34,0.32,1990.43,Signal Flip
1842,EMA_CONFIRMED_20_200,SHORT,2026-03-29T23:30,1982.3,2026-03-29T23:45,1986.79,3,0.25,1990.43,-4.51,-0.23,1985.92,Signal Flip
1843,EMA_CONFIRMED_20_200,SHORT,2026-03-29T23:50,1981.5,2026-03-29T23:55,1988.15,1,0.08,1985.92,-6.67,-0.34,1979.25,Signal Flip
1844,EMA_CONFIRMED_20_200,SHORT,2026-03-30T00:00,1983.66,2026-03-30T00:20,2019.81,4,0.33,1979.25,-36.07,-1.82,1943.18,Signal Flip
1845,EMA_CONFIRMED_20_200,SHORT,2026-03-30T00:55,1993.06,2026-03-30T01:00,1998.27,1,0.08,1943.18,-5.08,-0.26,1938.1,Signal Flip
1846,EMA_CONFIRMED_20_200,LONG,2026-03-30T01:20,2007.18,2026-03-30T06:00,2046.82,56,4.67,1938.1,38.27,1.97,1976.37,Signal Flip
1847,EMA_CONFIRMED_20_200,LONG,2026-03-30T06:05,2052.43,2026-03-30T06:15,2044.36,2,0.17,1976.37,-7.77,-0.39,1968.6,Signal Flip
1848,EMA_CONFIRMED_20_200,LONG,2026-03-30T06:45,2048.47,2026-03-30T06:50,2046.25,1,0.08,1968.6,-2.14,-0.11,1966.46,Signal Flip
1849,EMA_CONFIRMED_20_200,LONG,2026-03-30T07:10,2049.26,2026-03-30T07:25,2043.93,3,0.25,1966.46,-5.12,-0.26,1961.34,Signal Flip
1850,EMA_CONFIRMED_20_200,LONG,2026-03-30T07:50,2057.32,2026-03-30T09:15,2058.54,17,1.42,1961.34,1.17,0.06,1962.51,Signal Flip
1851,EMA_CONFIRMED_20_200,LONG,2026-03-30T10:20,2058.23,2026-03-30T10:25,2054.1,1,0.08,1962.51,-3.93,-0.2,1958.57,Signal Flip
1852,EMA_CONFIRMED_20_200,LONG,2026-03-30T10:55,2056.77,2026-03-30T13:40,2071.14,33,2.75,1958.57,13.69,0.7,1972.26,Signal Flip
1853,EMA_CONFIRMED_20_200,LONG,2026-03-30T14:55,2065.16,2026-03-30T16:05,2066.77,14,1.17,1972.26,1.53,0.08,1973.79,Signal Flip
1854,EMA_CONFIRMED_20_200,SHORT,2026-03-30T18:15,2039.06,2026-03-30T20:55,2026.67,32,2.67,1973.79,11.99,0.61,1985.78,Signal Flip
1855,EMA_CONFIRMED_20_200,SHORT,2026-03-30T21:00,2022.18,2026-03-30T21:10,2027.72,2,0.17,1985.78,-5.45,-0.27,1980.34,Signal Flip
1856,EMA_CONFIRMED_20_200,SHORT,2026-03-30T22:10,2033.38,2026-03-30T22:20,2037.11,2,0.17,1980.34,-3.63,-0.18,1976.71,Signal Flip
1857,EMA_CONFIRMED_20_200,SHORT,2026-03-30T22:35,2033.84,2026-03-31T00:30,2027.98,23,1.92,1976.71,5.69,0.29,1982.41,Signal Flip
1858,EMA_CONFIRMED_20_200,SHORT,2026-03-31T00:35,2023.43,2026-03-31T00:40,2030.17,1,0.08,1982.41,-6.61,-0.33,1975.8,Signal Flip
1859,EMA_CONFIRMED_20_200,LONG,2026-03-31T01:35,2088.84,2026-03-31T03:20,2067.15,21,1.75,1975.8,-20.52,-1.04,1955.27,Signal Flip
1860,EMA_CONFIRMED_20_200,LONG,2026-03-31T03:55,2069.11,2026-03-31T04:00,2065.68,1,0.08,1955.27,-3.25,-0.17,1952.02,Signal Flip
1861,EMA_CONFIRMED_20_200,LONG,2026-03-31T04:20,2069.11,2026-03-31T04:30,2059.42,2,0.17,1952.02,-9.15,-0.47,1942.88,Signal Flip
1862,EMA_CONFIRMED_20_200,LONG,2026-03-31T05:25,2065.15,2026-03-31T06:00,2063.29,7,0.58,1942.88,-1.75,-0.09,1941.12,Signal Flip
1863,EMA_CONFIRMED_20_200,LONG,2026-03-31T06:55,2062.99,2026-03-31T07:10,2056.78,3,0.25,1941.12,-5.84,-0.3,1935.28,Signal Flip
1864,EMA_CONFIRMED_20_200,LONG,2026-03-31T07:50,2056.64,2026-03-31T08:15,2053.02,5,0.42,1935.28,-3.4,-0.18,1931.88,Signal Flip
1865,EMA_CONFIRMED_20_200,LONG,2026-03-31T08:20,2057.08,2026-03-31T08:30,2053.4,2,0.17,1931.88,-3.45,-0.18,1928.43,Signal Flip
1866,EMA_CONFIRMED_20_200,SHORT,2026-03-31T08:55,2041.28,2026-03-31T10:55,2030.82,24,2.0,1928.43,9.88,0.51,1938.3,Signal Flip
1867,EMA_CONFIRMED_20_200,SHORT,2026-03-31T11:00,2025.49,2026-03-31T11:05,2029.78,1,0.08,1938.3,-4.11,-0.21,1934.19,Signal Flip
1868,EMA_CONFIRMED_20_200,SHORT,2026-03-31T11:10,2022.25,2026-03-31T11:15,2034.8,1,0.08,1934.19,-12.0,-0.62,1922.19,Signal Flip
1869,EMA_CONFIRMED_20_200,LONG,2026-03-31T13:10,2057.91,2026-03-31T14:45,2067.65,19,1.58,1922.19,9.1,0.47,1931.28,Signal Flip
1870,EMA_CONFIRMED_20_200,LONG,2026-03-31T15:15,2076.51,2026-03-31T15:30,2059.47,3,0.25,1931.28,-15.85,-0.82,1915.44,Signal Flip
1871,EMA_CONFIRMED_20_200,LONG,2026-03-31T16:10,2066.1,2026-03-31T16:35,2061.97,5,0.42,1915.44,-3.83,-0.2,1911.6,Signal Flip
1872,EMA_CONFIRMED_20_200,LONG,2026-03-31T16:40,2082.53,2026-03-31T18:00,2092.3,16,1.33,1911.6,8.97,0.47,1920.58,Signal Flip
1873,EMA_CONFIRMED_20_200,LONG,2026-03-31T18:05,2099.6,2026-03-31T18:55,2096.93,10,0.83,1920.58,-2.44,-0.13,1918.13,Signal Flip
1874,EMA_CONFIRMED_20_200,LONG,2026-03-31T19:00,2100.93,2026-03-31T19:10,2097.22,2,0.17,1918.13,-3.39,-0.18,1914.75,Signal Flip
1875,EMA_CONFIRMED_20_200,LONG,2026-03-31T19:15,2102.8,2026-03-31T19:30,2097.16,3,0.25,1914.75,-5.14,-0.27,1909.61,Signal Flip
1876,EMA_CONFIRMED_20_200,LONG,2026-03-31T20:05,2099.56,2026-03-31T21:05,2098.11,12,1.0,1909.61,-1.32,-0.07,1908.29,Signal Flip
1877,EMA_CONFIRMED_20_200,LONG,2026-03-31T21:35,2102.57,2026-03-31T22:05,2097.99,6,0.5,1908.29,-4.16,-0.22,1904.14,Signal Flip
1878,EMA_CONFIRMED_20_200,LONG,2026-03-31T23:10,2100.3,2026-03-31T23:15,2095.79,1,0.08,1904.14,-4.09,-0.21,1900.05,Signal Flip
1879,EMA_CONFIRMED_20_200,LONG,2026-03-31T23:20,2104.67,2026-04-01T00:25,2098.95,13,1.08,1900.05,-5.17,-0.27,1894.89,Signal Flip
1880,EMA_CONFIRMED_20_200,LONG,2026-04-01T00:45,2104.56,2026-04-01T01:20,2100.69,7,0.58,1894.89,-3.49,-0.18,1891.4,Signal Flip
1881,EMA_CONFIRMED_20_200,LONG,2026-04-01T03:10,2105.59,2026-04-01T07:25,2138.66,51,4.25,1891.4,29.7,1.57,1921.1,Signal Flip
1882,EMA_CONFIRMED_20_200,LONG,2026-04-01T08:30,2137.37,2026-04-01T08:35,2134.17,1,0.08,1921.1,-2.87,-0.15,1918.23,Signal Flip
1883,EMA_CONFIRMED_20_200,LONG,2026-04-01T08:40,2141.13,2026-04-01T08:55,2133.92,3,0.25,1918.23,-6.46,-0.34,1911.77,Signal Flip
1884,EMA_CONFIRMED_20_200,LONG,2026-04-01T09:00,2138.02,2026-04-01T09:10,2131.47,2,0.17,1911.77,-5.85,-0.31,1905.92,Signal Flip
1885,EMA_CONFIRMED_20_200,LONG,2026-04-01T09:35,2136.49,2026-04-01T09:40,2129.06,1,0.08,1905.92,-6.62,-0.35,1899.3,Signal Flip
1886,EMA_CONFIRMED_20_200,LONG,2026-04-01T09:50,2135.91,2026-04-01T10:05,2131.02,3,0.25,1899.3,-4.34,-0.23,1894.96,Signal Flip
1887,EMA_CONFIRMED_20_200,LONG,2026-04-01T10:50,2136.56,2026-04-01T11:00,2131.57,2,0.17,1894.96,-4.42,-0.23,1890.54,Signal Flip
1888,EMA_CONFIRMED_20_200,LONG,2026-04-01T11:05,2134.76,2026-04-01T11:10,2130.62,1,0.08,1890.54,-3.66,-0.19,1886.88,Signal Flip
1889,EMA_CONFIRMED_20_200,LONG,2026-04-01T11:15,2138.36,2026-04-01T11:35,2131.49,4,0.33,1886.88,-6.06,-0.32,1880.82,Signal Flip
1890,EMA_CONFIRMED_20_200,LONG,2026-04-01T11:40,2137.38,2026-04-01T12:05,2130.57,5,0.42,1880.82,-5.99,-0.32,1874.83,Signal Flip
1891,EMA_CONFIRMED_20_200,LONG,2026-04-01T12:15,2135.3,2026-04-01T12:25,2132.76,2,0.17,1874.83,-2.22,-0.12,1872.61,Signal Flip
1892,EMA_CONFIRMED_20_200,LONG,2026-04-01T12:45,2143.22,2026-04-01T12:50,2130.61,1,0.08,1872.61,-11.02,-0.59,1861.59,Signal Flip
1893,EMA_CONFIRMED_20_200,LONG,2026-04-01T13:20,2132.89,2026-04-01T13:25,2128.64,1,0.08,1861.59,-3.71,-0.2,1857.88,Signal Flip
1894,EMA_CONFIRMED_20_200,LONG,2026-04-01T13:30,2134.15,2026-04-01T13:40,2128.44,2,0.17,1857.88,-4.97,-0.27,1852.91,Signal Flip
1895,EMA_CONFIRMED_20_200,LONG,2026-04-01T14:30,2126.5,2026-04-01T14:35,2115.29,1,0.08,1852.91,-9.77,-0.53,1843.14,Signal Flip
1896,EMA_CONFIRMED_20_200,LONG,2026-04-01T14:50,2128.22,2026-04-01T15:15,2123.74,5,0.42,1843.14,-3.89,-0.21,1839.26,Signal Flip
1897,EMA_CONFIRMED_20_200,LONG,2026-04-01T15:20,2128.69,2026-04-01T16:15,2126.06,11,0.92,1839.26,-2.28,-0.12,1836.98,Signal Flip
1898,EMA_CONFIRMED_20_200,LONG,2026-04-01T16:20,2133.35,2026-04-01T17:30,2140.7,14,1.17,1836.98,6.33,0.34,1843.31,Signal Flip
1899,EMA_CONFIRMED_20_200,LONG,2026-04-01T19:30,2143.11,2026-04-01T20:05,2132.48,7,0.58,1843.31,-9.14,-0.5,1834.17,Signal Flip
1900,EMA_CONFIRMED_20_200,LONG,2026-04-01T20:15,2137.81,2026-04-01T20:30,2132.83,3,0.25,1834.17,-4.27,-0.23,1829.9,Signal Flip
1901,EMA_CONFIRMED_20_200,LONG,2026-04-01T20:40,2140.4,2026-04-01T22:10,2149.5,18,1.5,1829.9,7.78,0.43,1837.68,Signal Flip
1902,EMA_CONFIRMED_20_200,LONG,2026-04-01T22:15,2152.17,2026-04-01T22:20,2143.17,1,0.08,1837.68,-7.68,-0.42,1830.0,Signal Flip
1903,EMA_CONFIRMED_20_200,LONG,2026-04-01T22:25,2152.17,2026-04-01T22:30,2146.44,1,0.08,1830.0,-4.87,-0.27,1825.13,Signal Flip
1904,EMA_CONFIRMED_20_200,LONG,2026-04-02T00:40,2149.6,2026-04-02T01:05,2134.19,5,0.42,1825.13,-13.09,-0.72,1812.04,Signal Flip
1905,EMA_CONFIRMED_20_200,LONG,2026-04-02T01:10,2147.39,2026-04-02T01:15,2139.66,1,0.08,1812.04,-6.53,-0.36,1805.52,Signal Flip
1906,EMA_CONFIRMED_20_200,SHORT,2026-04-02T01:35,2101.56,2026-04-02T06:00,2051.24,53,4.42,1805.52,43.23,2.39,1848.75,Signal Flip
1907,EMA_CONFIRMED_20_200,SHORT,2026-04-02T06:05,2048.27,2026-04-02T06:20,2054.38,3,0.25,1848.75,-5.52,-0.3,1843.24,Signal Flip
1908,EMA_CONFIRMED_20_200,SHORT,2026-04-02T06:40,2046.6,2026-04-02T06:55,2050.13,3,0.25,1843.24,-3.19,-0.17,1840.05,Signal Flip
1909,EMA_CONFIRMED_20_200,SHORT,2026-04-02T07:10,2046.47,2026-04-02T07:35,2052.71,5,0.42,1840.05,-5.61,-0.3,1834.44,Signal Flip
1910,EMA_CONFIRMED_20_200,SHORT,2026-04-02T08:20,2048.94,2026-04-02T08:35,2052.48,3,0.25,1834.44,-3.17,-0.17,1831.27,Signal Flip
1911,EMA_CONFIRMED_20_200,SHORT,2026-04-02T08:40,2047.86,2026-04-02T13:30,2031.66,58,4.83,1831.27,14.49,0.79,1845.76,Signal Flip
1912,EMA_CONFIRMED_20_200,SHORT,2026-04-02T13:35,2023.76,2026-04-02T13:50,2028.16,3,0.25,1845.76,-4.02,-0.22,1841.74,Signal Flip
1913,EMA_CONFIRMED_20_200,SHORT,2026-04-02T16:20,2053.99,2026-04-02T16:30,2059.14,2,0.17,1841.74,-4.61,-0.25,1837.12,Signal Flip
1914,EMA_CONFIRMED_20_200,SHORT,2026-04-02T17:05,2056.41,2026-04-02T17:10,2063.32,1,0.08,1837.12,-6.17,-0.34,1830.95,Signal Flip
1915,EMA_CONFIRMED_20_200,LONG,2026-04-02T17:25,2070.29,2026-04-02T17:35,2058.48,2,0.17,1830.95,-10.45,-0.57,1820.5,Signal Flip
1916,EMA_CONFIRMED_20_200,SHORT,2026-04-02T17:50,2049.56,2026-04-02T18:50,2055.04,12,1.0,1820.5,-4.86,-0.27,1815.64,Signal Flip
1917,EMA_CONFIRMED_20_200,LONG,2026-04-02T20:20,2071.58,2026-04-02T21:10,2062.82,10,0.83,1815.64,-7.68,-0.42,1807.96,Signal Flip
1918,EMA_CONFIRMED_20_200,LONG,2026-04-02T22:00,2064.02,2026-04-02T22:15,2060.81,3,0.25,1807.96,-2.81,-0.16,1805.15,Signal Flip
1919,EMA_CONFIRMED_20_200,LONG,2026-04-02T22:20,2063.85,2026-04-02T22:25,2057.98,1,0.08,1805.15,-5.14,-0.28,1800.02,Signal Flip
1920,EMA_CONFIRMED_20_200,SHORT,2026-04-02T23:05,2058.92,2026-04-02T23:25,2061.41,4,0.33,1800.02,-2.18,-0.12,1797.84,Signal Flip
1921,EMA_CONFIRMED_20_200,SHORT,2026-04-02T23:30,2054.22,2026-04-03T00:05,2059.89,7,0.58,1797.84,-4.96,-0.28,1792.88,Signal Flip
1922,EMA_CONFIRMED_20_200,SHORT,2026-04-03T00:10,2054.09,2026-04-03T00:25,2060.16,3,0.25,1792.88,-5.3,-0.3,1787.58,Signal Flip
1923,EMA_CONFIRMED_20_200,SHORT,2026-04-03T00:30,2054.03,2026-04-03T01:25,2057.05,11,0.92,1787.58,-2.62,-0.15,1784.96,Signal Flip
1924,EMA_CONFIRMED_20_200,SHORT,2026-04-03T01:40,2045.35,2026-04-03T02:20,2060.03,8,0.67,1784.96,-12.81,-0.72,1772.15,Signal Flip
1925,EMA_CONFIRMED_20_200,SHORT,2026-04-03T02:30,2047.99,2026-04-03T02:55,2052.41,5,0.42,1772.15,-3.82,-0.22,1768.32,Signal Flip
1926,EMA_CONFIRMED_20_200,SHORT,2026-04-03T04:25,2051.01,2026-04-03T04:50,2056.43,5,0.42,1768.32,-4.67,-0.26,1763.65,Signal Flip
1927,EMA_CONFIRMED_20_200,SHORT,2026-04-03T05:15,2052.37,2026-04-03T05:30,2054.86,3,0.25,1763.65,-2.13,-0.12,1761.52,Signal Flip
1928,EMA_CONFIRMED_20_200,LONG,2026-04-03T06:30,2060.82,2026-04-03T08:30,2064.97,24,2.0,1761.52,3.54,0.2,1765.06,Signal Flip
1929,EMA_CONFIRMED_20_200,LONG,2026-04-03T08:35,2067.65,2026-04-03T08:40,2061.64,1,0.08,1765.06,-5.13,-0.29,1759.93,Signal Flip
1930,EMA_CONFIRMED_20_200,LONG,2026-04-03T09:45,2063.42,2026-04-03T09:50,2060.19,1,0.08,1759.93,-2.76,-0.16,1757.17,Signal Flip
1931,EMA_CONFIRMED_20_200,SHORT,2026-04-03T10:45,2055.76,2026-04-03T10:50,2060.17,1,0.08,1757.17,-3.77,-0.21,1753.41,Signal Flip
1932,EMA_CONFIRMED_20_200,LONG,2026-04-03T11:05,2061.37,2026-04-03T11:10,2057.68,1,0.08,1753.41,-3.14,-0.18,1750.27,Signal Flip
1933,EMA_CONFIRMED_20_200,SHORT,2026-04-03T11:10,2057.68,2026-04-03T11:25,2061.64,3,0.25,1750.27,-3.37,-0.19,1746.9,Signal Flip
1934,EMA_CONFIRMED_20_200,LONG,2026-04-03T11:25,2061.64,2026-04-03T12:15,2059.87,10,0.83,1746.9,-1.5,-0.09,1745.4,Signal Flip
1935,EMA_CONFIRMED_20_200,LONG,2026-04-03T12:30,2068.37,2026-04-03T12:35,2059.96,1,0.08,1745.4,-7.1,-0.41,1738.3,Signal Flip
1936,EMA_CONFIRMED_20_200,SHORT,2026-04-03T12:55,2049.77,2026-04-03T14:25,2051.32,18,1.5,1738.3,-1.31,-0.08,1736.99,Signal Flip
1937,EMA_CONFIRMED_20_200,SHORT,2026-04-03T14:45,2049.47,2026-04-03T14:50,2054.37,1,0.08,1736.99,-4.15,-0.24,1732.85,Signal Flip
1938,EMA_CONFIRMED_20_200,SHORT,2026-04-03T15:20,2051.55,2026-04-03T15:25,2054.1,1,0.08,1732.85,-2.15,-0.12,1730.7,Signal Flip
1939,EMA_CONFIRMED_20_200,SHORT,2026-04-03T15:35,2051.67,2026-04-03T16:05,2053.6,6,0.5,1730.7,-1.62,-0.09,1729.08,Signal Flip
1940,EMA_CONFIRMED_20_200,SHORT,2026-04-03T16:10,2049.51,2026-04-03T16:15,2053.88,1,0.08,1729.08,-3.68,-0.21,1725.4,Signal Flip
1941,EMA_CONFIRMED_20_200,SHORT,2026-04-03T16:45,2051.46,2026-04-03T16:50,2055.69,1,0.08,1725.4,-3.55,-0.21,1721.84,Signal Flip
1942,EMA_CONFIRMED_20_200,SHORT,2026-04-03T17:05,2052.27,2026-04-03T17:10,2055.72,1,0.08,1721.84,-2.89,-0.17,1718.95,Signal Flip
1943,EMA_CONFIRMED_20_200,SHORT,2026-04-03T17:15,2051.16,2026-04-03T18:20,2053.61,13,1.08,1718.95,-2.05,-0.12,1716.91,Signal Flip
1944,EMA_CONFIRMED_20_200,SHORT,2026-04-03T18:30,2049.53,2026-04-03T18:35,2053.72,1,0.08,1716.91,-3.5,-0.2,1713.4,Signal Flip
1945,EMA_CONFIRMED_20_200,SHORT,2026-04-03T18:45,2049.91,2026-04-03T19:25,2051.25,8,0.67,1713.4,-1.11,-0.06,1712.29,Signal Flip
1946,EMA_CONFIRMED_20_200,SHORT,2026-04-03T19:30,2047.99,2026-04-03T19:45,2051.68,3,0.25,1712.29,-3.09,-0.18,1709.21,Signal Flip
1947,EMA_CONFIRMED_20_200,LONG,2026-04-03T21:35,2058.97,2026-04-03T22:10,2053.68,7,0.58,1709.21,-4.39,-0.26,1704.82,Signal Flip
1948,EMA_CONFIRMED_20_200,SHORT,2026-04-03T23:00,2050.77,2026-04-03T23:50,2054.29,10,0.83,1704.82,-2.92,-0.17,1701.9,Signal Flip
1949,EMA_CONFIRMED_20_200,SHORT,2026-04-04T00:05,2050.98,2026-04-04T00:15,2053.63,2,0.17,1701.9,-2.19,-0.13,1699.71,Signal Flip
1950,EMA_CONFIRMED_20_200,SHORT,2026-04-04T00:20,2051.31,2026-04-04T00:25,2054.26,1,0.08,1699.71,-2.44,-0.14,1697.27,Signal Flip
1951,EMA_CONFIRMED_20_200,SHORT,2026-04-04T00:30,2051.21,2026-04-04T00:35,2054.49,1,0.08,1697.27,-2.71,-0.16,1694.56,Signal Flip
1952,EMA_CONFIRMED_20_200,SHORT,2026-04-04T00:55,2051.53,2026-04-04T01:05,2053.79,2,0.17,1694.56,-1.86,-0.11,1692.7,Signal Flip
1953,EMA_CONFIRMED_20_200,SHORT,2026-04-04T01:15,2049.87,2026-04-04T02:05,2054.31,10,0.83,1692.7,-3.66,-0.22,1689.04,Signal Flip
1954,EMA_CONFIRMED_20_200,SHORT,2026-04-04T02:10,2049.86,2026-04-04T03:05,2051.86,11,0.92,1689.04,-1.64,-0.1,1687.4,Signal Flip
1955,EMA_CONFIRMED_20_200,SHORT,2026-04-04T03:40,2049.08,2026-04-04T03:50,2051.98,2,0.17,1687.4,-2.38,-0.14,1685.02,Signal Flip
1956,EMA_CONFIRMED_20_200,SHORT,2026-04-04T03:55,2049.42,2026-04-04T04:30,2051.8,7,0.58,1685.02,-1.95,-0.12,1683.07,Signal Flip
1957,EMA_CONFIRMED_20_200,LONG,2026-04-04T06:20,2056.47,2026-04-04T07:10,2053.0,10,0.83,1683.07,-2.84,-0.17,1680.23,Signal Flip
1958,EMA_CONFIRMED_20_200,LONG,2026-04-04T08:00,2054.85,2026-04-04T08:35,2051.35,7,0.58,1680.23,-2.86,-0.17,1677.38,Signal Flip
1959,EMA_CONFIRMED_20_200,SHORT,2026-04-04T09:00,2049.54,2026-04-04T10:40,2052.46,20,1.67,1677.38,-2.38,-0.14,1675.0,Signal Flip
1960,EMA_CONFIRMED_20_200,SHORT,2026-04-04T11:35,2051.0,2026-04-04T12:05,2053.31,6,0.5,1675.0,-1.88,-0.11,1673.12,Signal Flip
1961,EMA_CONFIRMED_20_200,SHORT,2026-04-04T12:10,2049.48,2026-04-04T12:25,2053.1,3,0.25,1673.12,-2.95,-0.18,1670.17,Signal Flip
1962,EMA_CONFIRMED_20_200,SHORT,2026-04-04T12:30,2050.42,2026-04-04T13:40,2053.79,14,1.17,1670.17,-2.74,-0.16,1667.43,Signal Flip
1963,EMA_CONFIRMED_20_200,SHORT,2026-04-04T14:25,2051.14,2026-04-04T15:00,2054.13,7,0.58,1667.43,-2.42,-0.15,1665.0,Signal Flip
1964,EMA_CONFIRMED_20_200,LONG,2026-04-04T15:10,2057.34,2026-04-04T16:15,2053.14,13,1.08,1665.0,-3.4,-0.2,1661.61,Signal Flip
1965,EMA_CONFIRMED_20_200,LONG,2026-04-04T16:25,2057.99,2026-04-04T17:00,2054.72,7,0.58,1661.61,-2.64,-0.16,1658.97,Signal Flip
1966,EMA_CONFIRMED_20_200,LONG,2026-04-04T17:15,2057.45,2026-04-04T17:20,2055.01,1,0.08,1658.97,-1.96,-0.12,1657.01,Signal Flip
1967,EMA_CONFIRMED_20_200,LONG,2026-04-04T17:25,2058.29,2026-04-04T17:40,2054.37,3,0.25,1657.01,-3.15,-0.19,1653.85,Signal Flip
1968,EMA_CONFIRMED_20_200,LONG,2026-04-04T17:55,2057.41,2026-04-04T18:35,2054.48,8,0.67,1653.85,-2.35,-0.14,1651.5,Signal Flip
1969,EMA_CONFIRMED_20_200,LONG,2026-04-04T19:05,2060.66,2026-04-04T20:05,2059.07,12,1.0,1651.5,-1.27,-0.08,1650.23,Signal Flip
1970,EMA_CONFIRMED_20_200,LONG,2026-04-04T20:30,2064.85,2026-04-04T20:35,2061.63,1,0.08,1650.23,-2.58,-0.16,1647.65,Signal Flip
1971,EMA_CONFIRMED_20_200,LONG,2026-04-04T20:40,2064.57,2026-04-04T20:50,2061.5,2,0.17,1647.65,-2.45,-0.15,1645.2,Signal Flip
1972,EMA_CONFIRMED_20_200,LONG,2026-04-04T21:10,2065.13,2026-04-04T21:15,2062.04,1,0.08,1645.2,-2.46,-0.15,1642.73,Signal Flip
1973,EMA_CONFIRMED_20_200,LONG,2026-04-04T21:20,2065.49,2026-04-04T23:05,2066.22,21,1.75,1642.73,0.58,0.04,1643.31,Signal Flip
1974,EMA_CONFIRMED_20_200,LONG,2026-04-05T00:45,2066.28,2026-04-05T00:50,2062.43,1,0.08,1643.31,-3.07,-0.19,1640.25,Signal Flip
1975,EMA_CONFIRMED_20_200,SHORT,2026-04-05T02:10,2054.09,2026-04-05T02:35,2060.26,5,0.42,1640.25,-4.92,-0.3,1635.32,Signal Flip
1976,EMA_CONFIRMED_20_200,SHORT,2026-04-05T02:45,2057.39,2026-04-05T02:55,2060.47,2,0.17,1635.32,-2.45,-0.15,1632.87,Signal Flip
1977,EMA_CONFIRMED_20_200,SHORT,2026-04-05T03:20,2056.97,2026-04-05T04:30,2058.98,14,1.17,1632.87,-1.59,-0.1,1631.28,Signal Flip
1978,EMA_CONFIRMED_20_200,SHORT,2026-04-05T04:35,2055.43,2026-04-05T08:20,2040.15,45,3.75,1631.28,12.13,0.74,1643.41,Signal Flip
1979,EMA_CONFIRMED_20_200,SHORT,2026-04-05T08:25,2037.43,2026-04-05T08:40,2039.82,3,0.25,1643.41,-1.93,-0.12,1641.48,Signal Flip
1980,EMA_CONFIRMED_20_200,SHORT,2026-04-05T08:45,2036.62,2026-04-05T09:00,2040.19,3,0.25,1641.48,-2.88,-0.18,1638.61,Signal Flip
1981,EMA_CONFIRMED_20_200,SHORT,2026-04-05T11:05,2042.86,2026-04-05T11:10,2045.93,1,0.08,1638.61,-2.47,-0.15,1636.14,Signal Flip
1982,EMA_CONFIRMED_20_200,SHORT,2026-04-05T11:25,2043.22,2026-04-05T13:50,2033.63,29,2.42,1636.14,7.68,0.47,1643.82,Signal Flip
1983,EMA_CONFIRMED_20_200,LONG,2026-04-05T15:50,2057.66,2026-04-05T16:55,2050.2,13,1.08,1643.82,-5.95,-0.36,1637.87,Signal Flip
1984,EMA_CONFIRMED_20_200,LONG,2026-04-05T17:10,2056.24,2026-04-05T19:40,2059.42,30,2.5,1637.87,2.53,0.15,1640.4,Signal Flip
1985,EMA_CONFIRMED_20_200,LONG,2026-04-05T20:00,2063.41,2026-04-05T21:15,2059.99,15,1.25,1640.4,-2.72,-0.17,1637.68,Signal Flip
1986,EMA_CONFIRMED_20_200,LONG,2026-04-05T21:55,2066.44,2026-04-05T22:00,2058.98,1,0.08,1637.68,-5.91,-0.36,1631.77,Signal Flip
1987,EMA_CONFIRMED_20_200,LONG,2026-04-05T22:05,2067.38,2026-04-05T22:10,2061.93,1,0.08,1631.77,-4.31,-0.26,1627.46,Signal Flip
1988,EMA_CONFIRMED_20_200,LONG,2026-04-05T22:40,2062.19,2026-04-06T01:20,2114.15,32,2.67,1627.46,41.01,2.52,1668.47,Signal Flip
1989,EMA_CONFIRMED_20_200,LONG,2026-04-06T01:30,2120.77,2026-04-06T01:45,2114.66,3,0.25,1668.47,-4.81,-0.29,1663.66,Signal Flip
1990,EMA_CONFIRMED_20_200,LONG,2026-04-06T02:05,2120.2,2026-04-06T03:50,2129.88,21,1.75,1663.66,7.6,0.46,1671.26,Signal Flip
1991,EMA_CONFIRMED_20_200,LONG,2026-04-06T04:05,2135.25,2026-04-06T04:10,2125.81,1,0.08,1671.26,-7.39,-0.44,1663.87,Signal Flip
1992,EMA_CONFIRMED_20_200,LONG,2026-04-06T04:40,2134.32,2026-04-06T05:30,2129.68,10,0.83,1663.87,-3.61,-0.22,1660.26,Signal Flip
1993,EMA_CONFIRMED_20_200,LONG,2026-04-06T05:35,2132.55,2026-04-06T05:40,2129.65,1,0.08,1660.26,-2.25,-0.14,1658.01,Signal Flip
1994,EMA_CONFIRMED_20_200,LONG,2026-04-06T05:45,2132.55,2026-04-06T05:50,2127.37,1,0.08,1658.01,-4.03,-0.24,1653.98,Signal Flip
1995,EMA_CONFIRMED_20_200,LONG,2026-04-06T06:00,2132.36,2026-04-06T06:05,2127.54,1,0.08,1653.98,-3.74,-0.23,1650.25,Signal Flip
1996,EMA_CONFIRMED_20_200,LONG,2026-04-06T06:10,2133.9,2026-04-06T06:25,2125.43,3,0.25,1650.25,-6.55,-0.4,1643.7,Signal Flip
1997,EMA_CONFIRMED_20_200,LONG,2026-04-06T07:20,2131.35,2026-04-06T10:55,2150.13,43,3.58,1643.7,14.49,0.88,1658.19,Signal Flip
1998,EMA_CONFIRMED_20_200,LONG,2026-04-06T11:00,2154.35,2026-04-06T11:05,2149.2,1,0.08,1658.19,-3.96,-0.24,1654.23,Signal Flip
1999,EMA_CONFIRMED_20_200,LONG,2026-04-06T11:35,2153.39,2026-04-06T11:40,2149.51,1,0.08,1654.23,-2.97,-0.18,1651.25,Signal Flip
2000,EMA_CONFIRMED_20_200,LONG,2026-04-06T11:55,2153.69,2026-04-06T12:10,2148.65,3,0.25,1651.25,-3.87,-0.23,1647.39,Signal Flip
2001,EMA_CONFIRMED_20_200,LONG,2026-04-06T12:40,2153.94,2026-04-06T12:50,2148.91,2,0.17,1647.39,-3.85,-0.23,1643.54,Signal Flip
2002,EMA_CONFIRMED_20_200,LONG,2026-04-06T13:35,2148.14,2026-04-06T13:40,2141.02,1,0.08,1643.54,-5.45,-0.33,1638.09,Signal Flip
2003,EMA_CONFIRMED_20_200,LONG,2026-04-06T14:00,2147.07,2026-04-06T14:05,2137.56,1,0.08,1638.09,-7.26,-0.44,1630.83,Signal Flip
2004,EMA_CONFIRMED_20_200,LONG,2026-04-06T14:20,2148.96,2026-04-06T14:40,2144.14,4,0.33,1630.83,-3.66,-0.22,1627.17,Signal Flip
2005,EMA_CONFIRMED_20_200,LONG,2026-04-06T14:45,2149.09,2026-04-06T14:50,2144.73,1,0.08,1627.17,-3.31,-0.2,1623.86,Signal Flip
2006,EMA_CONFIRMED_20_200,LONG,2026-04-06T14:55,2158.81,2026-04-06T16:30,2157.36,19,1.58,1623.86,-1.09,-0.07,1622.77,Signal Flip
2007,EMA_CONFIRMED_20_200,LONG,2026-04-06T16:45,2163.18,2026-04-06T16:55,2154.0,2,0.17,1622.77,-6.89,-0.42,1615.89,Signal Flip
2008,EMA_CONFIRMED_20_200,LONG,2026-04-06T18:15,2143.2,2026-04-06T19:10,2136.57,11,0.92,1615.89,-5.0,-0.31,1610.89,Signal Flip
2009,EMA_CONFIRMED_20_200,LONG,2026-04-06T19:25,2144.52,2026-04-06T19:45,2140.67,4,0.33,1610.89,-2.89,-0.18,1608.0,Signal Flip
2010,EMA_CONFIRMED_20_200,LONG,2026-04-06T19:55,2145.73,2026-04-06T21:10,2145.97,15,1.25,1608.0,0.18,0.01,1608.17,Signal Flip
2011,EMA_CONFIRMED_20_200,SHORT,2026-04-06T22:45,2128.24,2026-04-07T00:10,2116.69,17,1.42,1608.17,8.73,0.54,1616.9,Signal Flip
2012,EMA_CONFIRMED_20_200,SHORT,2026-04-07T00:35,2108.76,2026-04-07T00:45,2113.27,2,0.17,1616.9,-3.46,-0.21,1613.44,Signal Flip
2013,EMA_CONFIRMED_20_200,SHORT,2026-04-07T01:05,2110.02,2026-04-07T01:20,2116.91,3,0.25,1613.44,-5.26,-0.33,1608.17,Signal Flip
2014,EMA_CONFIRMED_20_200,SHORT,2026-04-07T01:40,2106.01,2026-04-07T02:40,2110.55,12,1.0,1608.17,-3.47,-0.22,1604.7,Signal Flip
2015,EMA_CONFIRMED_20_200,SHORT,2026-04-07T02:45,2104.98,2026-04-07T03:00,2107.89,3,0.25,1604.7,-2.22,-0.14,1602.48,Signal Flip
2016,EMA_CONFIRMED_20_200,SHORT,2026-04-07T03:20,2103.59,2026-04-07T03:25,2109.09,1,0.08,1602.48,-4.19,-0.26,1598.28,Signal Flip
2017,EMA_CONFIRMED_20_200,SHORT,2026-04-07T03:50,2105.98,2026-04-07T03:55,2109.97,1,0.08,1598.28,-3.03,-0.19,1595.25,Signal Flip
2018,EMA_CONFIRMED_20_200,SHORT,2026-04-07T04:05,2105.4,2026-04-07T04:35,2113.18,6,0.5,1595.25,-5.89,-0.37,1589.36,Signal Flip
2019,EMA_CONFIRMED_20_200,SHORT,2026-04-07T05:25,2109.01,2026-04-07T06:55,2106.05,18,1.5,1589.36,2.23,0.14,1591.59,Signal Flip
2020,EMA_CONFIRMED_20_200,SHORT,2026-04-07T07:05,2101.34,2026-04-07T07:35,2104.67,6,0.5,1591.59,-2.52,-0.16,1589.06,Signal Flip
2021,EMA_CONFIRMED_20_200,SHORT,2026-04-07T07:40,2101.33,2026-04-07T07:45,2104.66,1,0.08,1589.06,-2.52,-0.16,1586.54,Signal Flip
2022,EMA_CONFIRMED_20_200,SHORT,2026-04-07T07:50,2101.55,2026-04-07T07:55,2105.17,1,0.08,1586.54,-2.74,-0.17,1583.81,Signal Flip
2023,EMA_CONFIRMED_20_200,LONG,2026-04-07T09:30,2126.45,2026-04-07T10:10,2120.24,8,0.67,1583.81,-4.63,-0.29,1579.18,Signal Flip
2024,EMA_CONFIRMED_20_200,SHORT,2026-04-07T10:40,2099.44,2026-04-07T13:00,2088.03,28,2.33,1579.18,8.58,0.54,1587.76,Signal Flip
2025,EMA_CONFIRMED_20_200,SHORT,2026-04-07T13:20,2084.13,2026-04-07T15:20,2077.63,24,2.0,1587.76,4.95,0.31,1592.71,Signal Flip
2026,EMA_CONFIRMED_20_200,SHORT,2026-04-07T17:15,2081.46,2026-04-07T17:25,2086.08,2,0.17,1592.71,-3.54,-0.22,1589.17,Signal Flip
2027,EMA_CONFIRMED_20_200,SHORT,2026-04-07T18:45,2089.86,2026-04-07T19:20,2101.0,7,0.58,1589.17,-8.47,-0.53,1580.7,Signal Flip
2028,EMA_CONFIRMED_20_200,LONG,2026-04-07T20:00,2114.45,2026-04-08T00:50,2228.12,58,4.83,1580.7,84.98,5.38,1665.68,Signal Flip
2029,EMA_CONFIRMED_20_200,LONG,2026-04-08T01:00,2237.21,2026-04-08T01:25,2232.41,5,0.42,1665.68,-3.57,-0.21,1662.11,Signal Flip
2030,EMA_CONFIRMED_20_200,LONG,2026-04-08T01:35,2235.74,2026-04-08T02:00,2232.95,5,0.42,1662.11,-2.07,-0.12,1660.04,Signal Flip
2031,EMA_CONFIRMED_20_200,LONG,2026-04-08T02:05,2237.54,2026-04-08T02:20,2235.22,3,0.25,1660.04,-1.72,-0.1,1658.32,Signal Flip
2032,EMA_CONFIRMED_20_200,LONG,2026-04-08T02:50,2237.49,2026-04-08T03:10,2234.55,4,0.33,1658.32,-2.18,-0.13,1656.15,Signal Flip
2033,EMA_CONFIRMED_20_200,LONG,2026-04-08T03:30,2240.34,2026-04-08T03:40,2234.64,2,0.17,1656.15,-4.21,-0.25,1651.93,Signal Flip
2034,EMA_CONFIRMED_20_200,LONG,2026-04-08T03:45,2238.31,2026-04-08T03:50,2233.26,1,0.08,1651.93,-3.72,-0.23,1648.21,Signal Flip
2035,EMA_CONFIRMED_20_200,LONG,2026-04-08T04:05,2239.5,2026-04-08T05:00,2239.64,11,0.92,1648.21,0.1,0.01,1648.31,Signal Flip
2036,EMA_CONFIRMED_20_200,LONG,2026-04-08T05:05,2244.31,2026-04-08T05:15,2240.6,2,0.17,1648.31,-2.73,-0.17,1645.59,Signal Flip
2037,EMA_CONFIRMED_20_200,LONG,2026-04-08T05:25,2245.72,2026-04-08T05:35,2240.94,2,0.17,1645.59,-3.51,-0.21,1642.08,Signal Flip
2038,EMA_CONFIRMED_20_200,LONG,2026-04-08T05:55,2243.51,2026-04-08T06:00,2239.58,1,0.08,1642.08,-2.88,-0.18,1639.2,Signal Flip
2039,EMA_CONFIRMED_20_200,LONG,2026-04-08T06:15,2242.65,2026-04-08T07:05,2243.79,10,0.83,1639.2,0.83,0.05,1640.04,Signal Flip
2040,EMA_CONFIRMED_20_200,LONG,2026-04-08T07:10,2250.41,2026-04-08T07:35,2246.86,5,0.42,1640.04,-2.59,-0.16,1637.44,Signal Flip
2041,EMA_CONFIRMED_20_200,LONG,2026-04-08T07:40,2250.74,2026-04-08T08:45,2252.09,13,1.08,1637.44,0.98,0.06,1638.42,Signal Flip
2042,EMA_CONFIRMED_20_200,LONG,2026-04-08T08:50,2257.39,2026-04-08T09:30,2249.33,8,0.67,1638.42,-5.85,-0.36,1632.58,Signal Flip
2043,EMA_CONFIRMED_20_200,LONG,2026-04-08T11:15,2249.36,2026-04-08T11:40,2239.11,5,0.42,1632.58,-7.44,-0.46,1625.14,Signal Flip
2044,EMA_CONFIRMED_20_200,LONG,2026-04-08T11:55,2249.25,2026-04-08T12:00,2246.11,1,0.08,1625.14,-2.27,-0.14,1622.86,Signal Flip
2045,EMA_CONFIRMED_20_200,LONG,2026-04-08T12:05,2251.4,2026-04-08T12:25,2244.8,4,0.33,1622.86,-4.76,-0.29,1618.11,Signal Flip
2046,EMA_CONFIRMED_20_200,LONG,2026-04-08T12:30,2249.47,2026-04-08T13:35,2247.65,13,1.08,1618.11,-1.32,-0.08,1616.79,Signal Flip
2047,EMA_CONFIRMED_20_200,SHORT,2026-04-08T15:00,2194.13,2026-04-08T15:40,2215.51,8,0.67,1616.79,-15.75,-0.97,1601.04,Signal Flip
2048,EMA_CONFIRMED_20_200,SHORT,2026-04-08T15:45,2210.52,2026-04-08T15:55,2214.76,2,0.17,1601.04,-3.07,-0.19,1597.97,Signal Flip
2049,EMA_CONFIRMED_20_200,SHORT,2026-04-08T16:10,2212.71,2026-04-08T16:15,2216.8,1,0.08,1597.97,-2.95,-0.18,1595.02,Signal Flip
2050,EMA_CONFIRMED_20_200,SHORT,2026-04-08T16:35,2212.29,2026-04-08T16:40,2217.27,1,0.08,1595.02,-3.59,-0.22,1591.44,Signal Flip
2051,EMA_CONFIRMED_20_200,SHORT,2026-04-08T17:25,2217.19,2026-04-08T17:30,2220.39,1,0.08,1591.44,-2.3,-0.14,1589.14,Signal Flip
2052,EMA_CONFIRMED_20_200,LONG,2026-04-08T17:50,2234.62,2026-04-08T18:20,2215.25,6,0.5,1589.14,-13.77,-0.87,1575.37,Signal Flip
2053,EMA_CONFIRMED_20_200,SHORT,2026-04-08T18:40,2212.54,2026-04-08T20:00,2212.14,16,1.33,1575.37,0.29,0.02,1575.66,Signal Flip
2054,EMA_CONFIRMED_20_200,SHORT,2026-04-08T20:40,2207.92,2026-04-08T21:10,2211.97,6,0.5,1575.66,-2.89,-0.18,1572.77,Signal Flip
2055,EMA_CONFIRMED_20_200,SHORT,2026-04-08T22:05,2209.3,2026-04-09T01:55,2180.16,46,3.83,1572.77,20.75,1.32,1593.52,Signal Flip
2056,EMA_CONFIRMED_20_200,SHORT,2026-04-09T02:00,2177.59,2026-04-09T02:10,2180.57,2,0.17,1593.52,-2.18,-0.14,1591.34,Signal Flip
2057,EMA_CONFIRMED_20_200,SHORT,2026-04-09T02:15,2173.88,2026-04-09T02:20,2181.7,1,0.08,1591.34,-5.72,-0.36,1585.61,Signal Flip
2058,EMA_CONFIRMED_20_200,SHORT,2026-04-09T03:10,2179.38,2026-04-09T03:15,2181.93,1,0.08,1585.61,-1.86,-0.12,1583.76,Signal Flip
2059,EMA_CONFIRMED_20_200,SHORT,2026-04-09T03:20,2178.79,2026-04-09T03:25,2182.27,1,0.08,1583.76,-2.53,-0.16,1581.23,Signal Flip
2060,EMA_CONFIRMED_20_200,SHORT,2026-04-09T03:30,2177.46,2026-04-09T03:50,2181.52,4,0.33,1581.23,-2.95,-0.19,1578.28,Signal Flip
2061,EMA_CONFIRMED_20_200,SHORT,2026-04-09T04:10,2178.73,2026-04-09T04:35,2181.53,5,0.42,1578.28,-2.03,-0.13,1576.25,Signal Flip
2062,EMA_CONFIRMED_20_200,SHORT,2026-04-09T04:45,2178.67,2026-04-09T05:20,2180.98,7,0.58,1576.25,-1.67,-0.11,1574.58,Signal Flip
2063,EMA_CONFIRMED_20_200,SHORT,2026-04-09T05:25,2177.51,2026-04-09T05:30,2182.7,1,0.08,1574.58,-3.75,-0.24,1570.83,Signal Flip
2064,EMA_CONFIRMED_20_200,SHORT,2026-04-09T05:55,2179.73,2026-04-09T06:00,2183.27,1,0.08,1570.83,-2.55,-0.16,1568.28,Signal Flip
2065,EMA_CONFIRMED_20_200,SHORT,2026-04-09T06:20,2178.84,2026-04-09T07:00,2182.61,8,0.67,1568.28,-2.71,-0.17,1565.56,Signal Flip
2066,EMA_CONFIRMED_20_200,SHORT,2026-04-09T07:30,2180.02,2026-04-09T07:35,2184.6,1,0.08,1565.56,-3.29,-0.21,1562.27,Signal Flip
2067,EMA_CONFIRMED_20_200,SHORT,2026-04-09T07:50,2180.46,2026-04-09T08:05,2184.61,3,0.25,1562.27,-2.98,-0.19,1559.3,Signal Flip
2068,EMA_CONFIRMED_20_200,SHORT,2026-04-09T08:10,2180.26,2026-04-09T08:35,2184.4,5,0.42,1559.3,-2.96,-0.19,1556.33,Signal Flip
2069,EMA_CONFIRMED_20_200,SHORT,2026-04-09T09:05,2179.95,2026-04-09T09:15,2184.16,2,0.17,1556.33,-3.01,-0.19,1553.33,Signal Flip
2070,EMA_CONFIRMED_20_200,SHORT,2026-04-09T11:10,2188.93,2026-04-09T12:30,2185.89,16,1.33,1553.33,2.16,0.14,1555.49,Signal Flip
2071,EMA_CONFIRMED_20_200,SHORT,2026-04-09T12:35,2181.3,2026-04-09T12:45,2184.8,2,0.17,1555.49,-2.5,-0.16,1552.99,Signal Flip
2072,EMA_CONFIRMED_20_200,SHORT,2026-04-09T12:50,2179.72,2026-04-09T13:00,2184.42,2,0.17,1552.99,-3.35,-0.22,1549.64,Signal Flip
2073,EMA_CONFIRMED_20_200,SHORT,2026-04-09T13:05,2178.98,2026-04-09T14:45,2172.94,20,1.67,1549.64,4.3,0.28,1553.94,Signal Flip
2074,EMA_CONFIRMED_20_200,SHORT,2026-04-09T15:10,2168.66,2026-04-09T15:15,2186.46,1,0.08,1553.94,-12.76,-0.82,1541.18,Signal Flip
2075,EMA_CONFIRMED_20_200,LONG,2026-04-09T15:50,2216.0,2026-04-09T16:40,2197.34,10,0.83,1541.18,-12.98,-0.84,1528.2,Signal Flip
2076,EMA_CONFIRMED_20_200,LONG,2026-04-09T17:00,2209.43,2026-04-09T17:35,2208.96,7,0.58,1528.2,-0.32,-0.02,1527.88,Signal Flip
2077,EMA_CONFIRMED_20_200,LONG,2026-04-09T17:40,2222.64,2026-04-09T18:05,2206.1,5,0.42,1527.88,-11.37,-0.74,1516.5,Signal Flip
2078,EMA_CONFIRMED_20_200,LONG,2026-04-09T19:10,2217.74,2026-04-09T19:25,2204.72,3,0.25,1516.5,-8.9,-0.59,1507.6,Signal Flip
2079,EMA_CONFIRMED_20_200,LONG,2026-04-09T19:35,2211.13,2026-04-09T20:50,2212.19,15,1.25,1507.6,0.73,0.05,1508.33,Signal Flip
2080,EMA_CONFIRMED_20_200,LONG,2026-04-09T21:05,2217.74,2026-04-09T21:10,2210.5,1,0.08,1508.33,-4.92,-0.33,1503.41,Signal Flip
2081,EMA_CONFIRMED_20_200,LONG,2026-04-09T21:45,2216.97,2026-04-09T21:55,2210.42,2,0.17,1503.41,-4.44,-0.3,1498.97,Signal Flip
2082,EMA_CONFIRMED_20_200,LONG,2026-04-09T22:05,2216.03,2026-04-09T22:40,2211.5,7,0.58,1498.97,-3.06,-0.2,1495.91,Signal Flip
2083,EMA_CONFIRMED_20_200,SHORT,2026-04-09T23:45,2188.01,2026-04-10T00:45,2193.92,12,1.0,1495.91,-4.04,-0.27,1491.87,Signal Flip
2084,EMA_CONFIRMED_20_200,SHORT,2026-04-10T01:05,2190.99,2026-04-10T01:10,2194.74,1,0.08,1491.87,-2.55,-0.17,1489.32,Signal Flip
2085,EMA_CONFIRMED_20_200,SHORT,2026-04-10T01:20,2191.2,2026-04-10T01:35,2198.35,3,0.25,1489.32,-4.86,-0.33,1484.46,Signal Flip
2086,EMA_CONFIRMED_20_200,SHORT,2026-04-10T02:00,2193.59,2026-04-10T02:10,2198.31,2,0.17,1484.46,-3.19,-0.21,1481.27,Signal Flip
2087,EMA_CONFIRMED_20_200,SHORT,2026-04-10T02:20,2193.17,2026-04-10T02:30,2197.31,2,0.17,1481.27,-2.79,-0.19,1478.48,Signal Flip
2088,EMA_CONFIRMED_20_200,SHORT,2026-04-10T02:50,2189.45,2026-04-10T04:20,2189.34,18,1.5,1478.48,0.07,0.01,1478.55,Signal Flip
2089,EMA_CONFIRMED_20_200,SHORT,2026-04-10T06:10,2194.53,2026-04-10T06:15,2198.27,1,0.08,1478.55,-2.52,-0.17,1476.04,Signal Flip
2090,EMA_CONFIRMED_20_200,SHORT,2026-04-10T06:20,2190.51,2026-04-10T08:35,2185.59,27,2.25,1476.04,3.32,0.22,1479.35,Signal Flip
2091,EMA_CONFIRMED_20_200,SHORT,2026-04-10T08:50,2181.74,2026-04-10T08:55,2186.56,1,0.08,1479.35,-3.27,-0.22,1476.08,Signal Flip
2092,EMA_CONFIRMED_20_200,SHORT,2026-04-10T10:30,2190.42,2026-04-10T10:35,2193.78,1,0.08,1476.08,-2.26,-0.15,1473.82,Signal Flip
2093,EMA_CONFIRMED_20_200,LONG,2026-04-10T11:05,2202.17,2026-04-10T13:35,2212.62,30,2.5,1473.82,7.0,0.47,1480.82,Signal Flip
2094,EMA_CONFIRMED_20_200,LONG,2026-04-10T13:50,2223.54,2026-04-10T15:30,2236.68,20,1.67,1480.82,8.75,0.59,1489.57,Signal Flip
2095,EMA_CONFIRMED_20_200,LONG,2026-04-10T16:20,2240.96,2026-04-10T18:05,2240.13,21,1.75,1489.57,-0.55,-0.04,1489.02,Signal Flip
2096,EMA_CONFIRMED_20_200,LONG,2026-04-10T18:10,2246.03,2026-04-10T19:35,2245.43,17,1.42,1489.02,-0.4,-0.03,1488.62,Signal Flip
2097,EMA_CONFIRMED_20_200,LONG,2026-04-10T19:55,2251.8,2026-04-10T20:40,2242.37,9,0.75,1488.62,-6.23,-0.42,1482.38,Signal Flip
2098,EMA_CONFIRMED_20_200,LONG,2026-04-10T20:55,2251.23,2026-04-10T21:10,2247.83,3,0.25,1482.38,-2.24,-0.15,1480.15,Signal Flip
2099,EMA_CONFIRMED_20_200,LONG,2026-04-10T21:45,2250.64,2026-04-10T22:20,2249.07,7,0.58,1480.15,-1.03,-0.07,1479.11,Signal Flip
2100,EMA_CONFIRMED_20_200,LONG,2026-04-10T23:50,2246.21,2026-04-10T23:55,2242.08,1,0.08,1479.11,-2.72,-0.18,1476.39,Signal Flip
2101,EMA_CONFIRMED_20_200,LONG,2026-04-11T00:00,2246.18,2026-04-11T00:05,2239.11,1,0.08,1476.39,-4.65,-0.31,1471.74,Signal Flip
2102,EMA_CONFIRMED_20_200,LONG,2026-04-11T01:10,2241.9,2026-04-11T01:15,2237.59,1,0.08,1471.74,-2.83,-0.19,1468.91,Signal Flip
2103,EMA_CONFIRMED_20_200,LONG,2026-04-11T01:35,2243.81,2026-04-11T03:35,2244.69,24,2.0,1468.91,0.57,0.04,1469.49,Signal Flip
2104,EMA_CONFIRMED_20_200,SHORT,2026-04-11T06:05,2230.89,2026-04-11T06:50,2236.23,9,0.75,1469.49,-3.51,-0.24,1465.97,Signal Flip
2105,EMA_CONFIRMED_20_200,SHORT,2026-04-11T07:10,2233.26,2026-04-11T07:25,2237.26,3,0.25,1465.97,-2.62,-0.18,1463.35,Signal Flip
2106,EMA_CONFIRMED_20_200,SHORT,2026-04-11T07:40,2233.61,2026-04-11T08:15,2235.34,7,0.58,1463.35,-1.13,-0.08,1462.22,Signal Flip
2107,EMA_CONFIRMED_20_200,SHORT,2026-04-11T08:40,2232.63,2026-04-11T08:45,2235.21,1,0.08,1462.22,-1.69,-0.12,1460.54,Signal Flip
2108,EMA_CONFIRMED_20_200,SHORT,2026-04-11T08:55,2232.44,2026-04-11T09:15,2236.33,4,0.33,1460.54,-2.54,-0.17,1457.99,Signal Flip
2109,EMA_CONFIRMED_20_200,LONG,2026-04-11T09:25,2247.1,2026-04-11T10:15,2238.85,10,0.83,1457.99,-5.35,-0.37,1452.64,Signal Flip
2110,EMA_CONFIRMED_20_200,LONG,2026-04-11T10:20,2241.49,2026-04-11T10:45,2237.8,5,0.42,1452.64,-2.39,-0.16,1450.25,Signal Flip
2111,EMA_CONFIRMED_20_200,LONG,2026-04-11T10:55,2241.79,2026-04-11T11:20,2238.03,5,0.42,1450.25,-2.43,-0.17,1447.82,Signal Flip
2112,EMA_CONFIRMED_20_200,LONG,2026-04-11T11:25,2242.39,2026-04-11T11:30,2238.11,1,0.08,1447.82,-2.76,-0.19,1445.05,Signal Flip
2113,EMA_CONFIRMED_20_200,LONG,2026-04-11T11:40,2241.96,2026-04-11T12:25,2240.37,9,0.75,1445.05,-1.03,-0.07,1444.03,Signal Flip
2114,EMA_CONFIRMED_20_200,LONG,2026-04-11T12:30,2243.83,2026-04-11T13:05,2241.0,7,0.58,1444.03,-1.82,-0.13,1442.2,Signal Flip
2115,EMA_CONFIRMED_20_200,LONG,2026-04-11T13:50,2242.34,2026-04-11T13:55,2239.46,1,0.08,1442.2,-1.85,-0.13,1440.35,Signal Flip
2116,EMA_CONFIRMED_20_200,LONG,2026-04-11T14:10,2244.44,2026-04-11T14:30,2239.99,4,0.33,1440.35,-2.86,-0.2,1437.49,Signal Flip
2117,EMA_CONFIRMED_20_200,LONG,2026-04-11T14:55,2243.26,2026-04-11T20:25,2300.84,66,5.5,1437.49,36.9,2.57,1474.39,Signal Flip
2118,EMA_CONFIRMED_20_200,LONG,2026-04-11T21:10,2302.61,2026-04-11T21:20,2299.43,2,0.17,1474.39,-2.04,-0.14,1472.35,Signal Flip
2119,EMA_CONFIRMED_20_200,LONG,2026-04-11T21:55,2303.39,2026-04-11T22:00,2298.2,1,0.08,1472.35,-3.32,-0.23,1469.04,Signal Flip
2120,EMA_CONFIRMED_20_200,LONG,2026-04-11T22:05,2302.34,2026-04-11T22:35,2299.99,6,0.5,1469.04,-1.5,-0.1,1467.53,Signal Flip
2121,EMA_CONFIRMED_20_200,LONG,2026-04-12T01:00,2286.86,2026-04-12T01:05,2283.74,1,0.08,1467.53,-2.01,-0.14,1465.53,Signal Flip
2122,EMA_CONFIRMED_20_200,LONG,2026-04-12T01:20,2286.26,2026-04-12T01:25,2283.43,1,0.08,1465.53,-1.82,-0.12,1463.71,Signal Flip
2123,EMA_CONFIRMED_20_200,SHORT,2026-04-12T01:50,2211.56,2026-04-12T05:25,2217.31,43,3.58,1463.71,-3.8,-0.26,1459.91,Signal Flip
2124,EMA_CONFIRMED_20_200,SHORT,2026-04-12T06:35,2215.65,2026-04-12T07:35,2217.13,12,1.0,1459.91,-0.97,-0.07,1458.94,Signal Flip
2125,EMA_CONFIRMED_20_200,SHORT,2026-04-12T08:05,2215.61,2026-04-12T08:25,2219.11,4,0.33,1458.94,-2.3,-0.16,1456.63,Signal Flip
2126,EMA_CONFIRMED_20_200,SHORT,2026-04-12T08:50,2213.43,2026-04-12T09:25,2216.91,7,0.58,1456.63,-2.29,-0.16,1454.35,Signal Flip
2127,EMA_CONFIRMED_20_200,SHORT,2026-04-12T09:30,2213.21,2026-04-12T10:10,2218.34,8,0.67,1454.35,-3.37,-0.23,1450.98,Signal Flip
2128,EMA_CONFIRMED_20_200,SHORT,2026-04-12T10:15,2213.77,2026-04-12T10:20,2216.48,1,0.08,1450.98,-1.77,-0.12,1449.21,Signal Flip
2129,EMA_CONFIRMED_20_200,SHORT,2026-04-12T10:30,2213.75,2026-04-12T12:40,2207.39,26,2.17,1449.21,4.16,0.29,1453.37,Signal Flip
2130,EMA_CONFIRMED_20_200,SHORT,2026-04-12T12:55,2196.25,2026-04-12T15:55,2188.52,36,3.0,1453.37,5.11,0.35,1458.48,Signal Flip
2131,EMA_CONFIRMED_20_200,SHORT,2026-04-12T16:10,2183.62,2026-04-12T16:15,2189.2,1,0.08,1458.48,-3.73,-0.26,1454.75,Signal Flip
2132,EMA_CONFIRMED_20_200,SHORT,2026-04-12T16:20,2184.48,2026-04-12T16:25,2188.11,1,0.08,1454.75,-2.42,-0.17,1452.33,Signal Flip
2133,EMA_CONFIRMED_20_200,SHORT,2026-04-12T16:40,2183.71,2026-04-12T16:55,2187.1,3,0.25,1452.33,-2.26,-0.16,1450.07,Signal Flip
2134,EMA_CONFIRMED_20_200,SHORT,2026-04-12T19:45,2200.13,2026-04-12T20:35,2201.74,10,0.83,1450.07,-1.06,-0.07,1449.01,Signal Flip
2135,EMA_CONFIRMED_20_200,SHORT,2026-04-12T21:35,2204.24,2026-04-12T21:40,2211.52,1,0.08,1449.01,-4.78,-0.33,1444.23,Signal Flip
2136,EMA_CONFIRMED_20_200,SHORT,2026-04-12T22:05,2187.74,2026-04-12T23:00,2200.46,11,0.92,1444.23,-8.4,-0.58,1435.83,Signal Flip
2137,EMA_CONFIRMED_20_200,SHORT,2026-04-12T23:05,2191.98,2026-04-13T00:10,2196.78,13,1.08,1435.83,-3.14,-0.22,1432.69,Signal Flip
2138,EMA_CONFIRMED_20_200,SHORT,2026-04-13T02:10,2199.47,2026-04-13T02:30,2202.66,4,0.33,1432.69,-2.08,-0.15,1430.61,Signal Flip
2139,EMA_CONFIRMED_20_200,SHORT,2026-04-13T02:35,2198.81,2026-04-13T04:30,2196.09,23,1.92,1430.61,1.77,0.12,1432.38,Signal Flip
2140,EMA_CONFIRMED_20_200,SHORT,2026-04-13T04:50,2193.06,2026-04-13T06:00,2192.44,14,1.17,1432.38,0.41,0.03,1432.79,Signal Flip
2141,EMA_CONFIRMED_20_200,SHORT,2026-04-13T07:10,2192.81,2026-04-13T09:05,2193.64,23,1.92,1432.79,-0.54,-0.04,1432.25,Signal Flip
2142,EMA_CONFIRMED_20_200,SHORT,2026-04-13T09:55,2186.68,2026-04-13T11:10,2187.23,15,1.25,1432.25,-0.36,-0.03,1431.89,Signal Flip
2143,EMA_CONFIRMED_20_200,SHORT,2026-04-13T11:20,2183.85,2026-04-13T11:25,2187.93,1,0.08,1431.89,-2.68,-0.19,1429.21,Signal Flip
2144,EMA_CONFIRMED_20_200,SHORT,2026-04-13T12:05,2182.68,2026-04-13T12:10,2188.76,1,0.08,1429.21,-3.98,-0.28,1425.22,Signal Flip
2145,EMA_CONFIRMED_20_200,SHORT,2026-04-13T12:20,2183.95,2026-04-13T12:55,2198.02,7,0.58,1425.22,-9.18,-0.64,1416.04,Signal Flip
2146,EMA_CONFIRMED_20_200,SHORT,2026-04-13T13:40,2182.92,2026-04-13T13:50,2213.0,2,0.17,1416.04,-19.51,-1.38,1396.53,Signal Flip
2147,EMA_CONFIRMED_20_200,LONG,2026-04-13T13:55,2204.93,2026-04-13T15:25,2213.03,18,1.5,1396.53,5.13,0.37,1401.66,Signal Flip
2148,EMA_CONFIRMED_20_200,LONG,2026-04-13T16:10,2215.34,2026-04-13T17:55,2224.36,21,1.75,1401.66,5.71,0.41,1407.37,Signal Flip
2149,EMA_CONFIRMED_20_200,LONG,2026-04-13T18:05,2228.16,2026-04-13T18:10,2225.77,1,0.08,1407.37,-1.51,-0.11,1405.85,Signal Flip
2150,EMA_CONFIRMED_20_200,LONG,2026-04-13T18:15,2228.48,2026-04-13T18:20,2225.2,1,0.08,1405.85,-2.07,-0.15,1403.78,Signal Flip
2151,EMA_CONFIRMED_20_200,LONG,2026-04-13T18:35,2230.31,2026-04-13T19:15,2227.13,8,0.67,1403.78,-2.01,-0.14,1401.77,Signal Flip
2152,EMA_CONFIRMED_20_200,LONG,2026-04-13T19:20,2237.33,2026-04-14T01:00,2359.83,68,5.67,1401.77,76.75,5.48,1478.52,Signal Flip
2153,EMA_CONFIRMED_20_200,LONG,2026-04-14T01:10,2364.25,2026-04-14T01:35,2360.18,5,0.42,1478.52,-2.55,-0.17,1475.98,Signal Flip
2154,EMA_CONFIRMED_20_200,LONG,2026-04-14T01:40,2365.41,2026-04-14T02:35,2366.44,11,0.92,1475.98,0.64,0.04,1476.62,Signal Flip
2155,EMA_CONFIRMED_20_200,LONG,2026-04-14T02:40,2374.42,2026-04-14T02:55,2366.72,3,0.25,1476.62,-4.79,-0.32,1471.83,Signal Flip
2156,EMA_CONFIRMED_20_200,LONG,2026-04-14T03:10,2371.43,2026-04-14T03:15,2365.58,1,0.08,1471.83,-3.63,-0.25,1468.2,Signal Flip
2157,EMA_CONFIRMED_20_200,LONG,2026-04-14T03:45,2369.66,2026-04-14T03:50,2365.42,1,0.08,1468.2,-2.63,-0.18,1465.56,Signal Flip
2158,EMA_CONFIRMED_20_200,LONG,2026-04-14T05:25,2366.15,2026-04-14T05:35,2362.25,2,0.17,1465.56,-2.42,-0.17,1463.15,Signal Flip
2159,EMA_CONFIRMED_20_200,LONG,2026-04-14T06:10,2363.68,2026-04-14T06:15,2359.9,1,0.08,1463.15,-2.34,-0.16,1460.81,Signal Flip
2160,EMA_CONFIRMED_20_200,LONG,2026-04-14T06:20,2365.19,2026-04-14T07:45,2370.13,17,1.42,1460.81,3.05,0.21,1463.86,Signal Flip
2161,EMA_CONFIRMED_20_200,LONG,2026-04-14T07:55,2377.45,2026-04-14T09:50,2383.77,23,1.92,1463.86,3.89,0.27,1467.75,Signal Flip
2162,EMA_CONFIRMED_20_200,LONG,2026-04-14T10:00,2388.33,2026-04-14T10:05,2383.24,1,0.08,1467.75,-3.13,-0.21,1464.62,Signal Flip
2163,EMA_CONFIRMED_20_200,LONG,2026-04-14T12:10,2377.46,2026-04-14T12:15,2368.53,1,0.08,1464.62,-5.5,-0.38,1459.11,Signal Flip
2164,EMA_CONFIRMED_20_200,LONG,2026-04-14T12:40,2375.6,2026-04-14T12:45,2369.71,1,0.08,1459.11,-3.61,-0.25,1455.5,Signal Flip
2165,EMA_CONFIRMED_20_200,LONG,2026-04-14T13:00,2375.14,2026-04-14T13:30,2372.78,6,0.5,1455.5,-1.44,-0.1,1454.06,Signal Flip
2166,EMA_CONFIRMED_20_200,LONG,2026-04-14T13:35,2384.38,2026-04-14T14:20,2380.41,9,0.75,1454.06,-2.42,-0.17,1451.64,Signal Flip
2167,EMA_CONFIRMED_20_200,LONG,2026-04-14T14:25,2385.34,2026-04-14T14:40,2375.76,3,0.25,1451.64,-5.83,-0.4,1445.81,Signal Flip
2168,EMA_CONFIRMED_20_200,LONG,2026-04-14T15:45,2367.53,2026-04-14T16:15,2359.98,6,0.5,1445.81,-4.61,-0.32,1441.19,Signal Flip
2169,EMA_CONFIRMED_20_200,SHORT,2026-04-14T17:00,2332.83,2026-04-14T18:05,2342.42,13,1.08,1441.19,-5.92,-0.41,1435.27,Signal Flip
2170,EMA_CONFIRMED_20_200,SHORT,2026-04-14T18:15,2338.1,2026-04-14T20:10,2319.95,23,1.92,1435.27,11.14,0.78,1446.41,Signal Flip
2171,EMA_CONFIRMED_20_200,SHORT,2026-04-14T20:20,2314.52,2026-04-14T21:05,2326.19,9,0.75,1446.41,-7.29,-0.5,1439.12,Signal Flip
2172,EMA_CONFIRMED_20_200,SHORT,2026-04-14T21:25,2315.12,2026-04-14T21:30,2322.62,1,0.08,1439.12,-4.66,-0.32,1434.46,Signal Flip
2173,EMA_CONFIRMED_20_200,SHORT,2026-04-14T22:20,2319.23,2026-04-14T23:05,2320.47,9,0.75,1434.46,-0.77,-0.05,1433.69,Signal Flip
2174,EMA_CONFIRMED_20_200,SHORT,2026-04-14T23:10,2316.38,2026-04-14T23:15,2320.08,1,0.08,1433.69,-2.29,-0.16,1431.4,Signal Flip
2175,EMA_CONFIRMED_20_200,SHORT,2026-04-15T00:50,2327.92,2026-04-15T00:55,2331.39,1,0.08,1431.4,-2.13,-0.15,1429.27,Signal Flip
2176,EMA_CONFIRMED_20_200,SHORT,2026-04-15T02:10,2332.19,2026-04-15T03:25,2328.75,15,1.25,1429.27,2.11,0.15,1431.38,Signal Flip
2177,EMA_CONFIRMED_20_200,SHORT,2026-04-15T03:40,2323.61,2026-04-15T03:55,2327.57,3,0.25,1431.38,-2.44,-0.17,1428.93,Signal Flip
2178,EMA_CONFIRMED_20_200,SHORT,2026-04-15T05:10,2328.94,2026-04-15T07:15,2321.35,25,2.08,1428.93,4.66,0.33,1433.59,Signal Flip
2179,EMA_CONFIRMED_20_200,SHORT,2026-04-15T07:20,2310.69,2026-04-15T07:55,2318.52,7,0.58,1433.59,-4.85,-0.34,1428.74,Signal Flip
2180,EMA_CONFIRMED_20_200,SHORT,2026-04-15T09:30,2319.09,2026-04-15T10:10,2324.94,8,0.67,1428.74,-3.61,-0.25,1425.13,Signal Flip
2181,EMA_CONFIRMED_20_200,SHORT,2026-04-15T10:20,2316.77,2026-04-15T10:45,2323.51,5,0.42,1425.13,-4.15,-0.29,1420.99,Signal Flip
2182,EMA_CONFIRMED_20_200,SHORT,2026-04-15T11:00,2315.49,2026-04-15T11:10,2323.37,2,0.17,1420.99,-4.84,-0.34,1416.15,Signal Flip
2183,EMA_CONFIRMED_20_200,LONG,2026-04-15T12:05,2337.36,2026-04-15T13:05,2328.23,12,1.0,1416.15,-5.53,-0.39,1410.62,Signal Flip
2184,EMA_CONFIRMED_20_200,LONG,2026-04-15T13:10,2334.06,2026-04-15T13:15,2330.51,1,0.08,1410.62,-2.14,-0.15,1408.48,Signal Flip
2185,EMA_CONFIRMED_20_200,LONG,2026-04-15T13:30,2333.56,2026-04-15T13:35,2326.76,1,0.08,1408.48,-4.1,-0.29,1404.37,Signal Flip
2186,EMA_CONFIRMED_20_200,SHORT,2026-04-15T14:10,2324.06,2026-04-15T14:15,2334.22,1,0.08,1404.37,-6.14,-0.44,1398.23,Signal Flip
2187,EMA_CONFIRMED_20_200,LONG,2026-04-15T14:15,2334.22,2026-04-15T14:40,2328.84,5,0.42,1398.23,-3.22,-0.23,1395.01,Signal Flip
2188,EMA_CONFIRMED_20_200,LONG,2026-04-15T14:50,2337.7,2026-04-15T15:35,2321.8,9,0.75,1395.01,-9.49,-0.68,1385.52,Signal Flip
2189,EMA_CONFIRMED_20_200,LONG,2026-04-15T15:50,2335.67,2026-04-15T15:55,2331.37,1,0.08,1385.52,-2.55,-0.18,1382.98,Signal Flip
2190,EMA_CONFIRMED_20_200,LONG,2026-04-15T16:05,2339.62,2026-04-15T16:45,2337.01,8,0.67,1382.98,-1.54,-0.11,1381.43,Signal Flip
2191,EMA_CONFIRMED_20_200,LONG,2026-04-15T16:50,2343.35,2026-04-15T16:55,2335.42,1,0.08,1381.43,-4.67,-0.34,1376.76,Signal Flip
2192,EMA_CONFIRMED_20_200,LONG,2026-04-15T17:00,2342.65,2026-04-15T17:45,2341.46,9,0.75,1376.76,-0.7,-0.05,1376.06,Signal Flip
2193,EMA_CONFIRMED_20_200,LONG,2026-04-15T17:50,2346.49,2026-04-15T20:10,2363.8,28,2.33,1376.06,10.15,0.74,1386.21,Signal Flip
2194,EMA_CONFIRMED_20_200,LONG,2026-04-15T20:55,2364.26,2026-04-15T21:05,2357.47,2,0.17,1386.21,-3.98,-0.29,1382.23,Signal Flip
2195,EMA_CONFIRMED_20_200,LONG,2026-04-15T21:40,2361.34,2026-04-15T23:00,2362.28,16,1.33,1382.23,0.55,0.04,1382.77,Signal Flip
2196,EMA_CONFIRMED_20_200,LONG,2026-04-15T23:55,2361.13,2026-04-16T00:05,2351.31,2,0.17,1382.77,-5.75,-0.42,1377.03,Signal Flip
2197,EMA_CONFIRMED_20_200,LONG,2026-04-16T00:35,2364.19,2026-04-16T01:05,2353.92,6,0.5,1377.03,-5.98,-0.43,1371.04,Signal Flip
2198,EMA_CONFIRMED_20_200,LONG,2026-04-16T01:50,2357.0,2026-04-16T01:55,2351.72,1,0.08,1371.04,-3.07,-0.22,1367.98,Signal Flip
2199,EMA_CONFIRMED_20_200,LONG,2026-04-16T02:05,2356.67,2026-04-16T02:10,2350.91,1,0.08,1367.98,-3.34,-0.24,1364.64,Signal Flip
2200,EMA_CONFIRMED_20_200,LONG,2026-04-16T02:30,2360.2,2026-04-16T02:55,2355.4,5,0.42,1364.64,-2.77,-0.2,1361.86,Signal Flip
2201,EMA_CONFIRMED_20_200,LONG,2026-04-16T03:05,2361.55,2026-04-16T03:10,2355.84,1,0.08,1361.86,-3.29,-0.24,1358.57,Signal Flip
2202,EMA_CONFIRMED_20_200,LONG,2026-04-16T03:15,2359.18,2026-04-16T03:35,2357.12,4,0.33,1358.57,-1.19,-0.09,1357.39,Signal Flip
2203,EMA_CONFIRMED_20_200,LONG,2026-04-16T03:40,2361.8,2026-04-16T04:00,2356.67,4,0.33,1357.39,-2.95,-0.22,1354.44,Signal Flip
2204,EMA_CONFIRMED_20_200,LONG,2026-04-16T04:15,2360.36,2026-04-16T04:25,2356.03,2,0.17,1354.44,-2.48,-0.18,1351.95,Signal Flip
2205,EMA_CONFIRMED_20_200,LONG,2026-04-16T04:40,2360.85,2026-04-16T04:50,2351.59,2,0.17,1351.95,-5.3,-0.39,1346.65,Signal Flip
2206,EMA_CONFIRMED_20_200,LONG,2026-04-16T05:30,2358.54,2026-04-16T05:55,2355.43,5,0.42,1346.65,-1.77,-0.13,1344.88,Signal Flip
2207,EMA_CONFIRMED_20_200,LONG,2026-04-16T06:10,2360.2,2026-04-16T06:15,2355.44,1,0.08,1344.88,-2.71,-0.2,1342.17,Signal Flip
2208,EMA_CONFIRMED_20_200,LONG,2026-04-16T06:20,2359.51,2026-04-16T06:25,2355.86,1,0.08,1342.17,-2.07,-0.15,1340.09,Signal Flip
2209,EMA_CONFIRMED_20_200,LONG,2026-04-16T07:00,2357.2,2026-04-16T07:10,2351.83,2,0.17,1340.09,-3.05,-0.23,1337.04,Signal Flip
2210,EMA_CONFIRMED_20_200,SHORT,2026-04-16T07:55,2335.93,2026-04-16T09:15,2344.82,16,1.33,1337.04,-5.09,-0.38,1331.95,Signal Flip
2211,EMA_CONFIRMED_20_200,SHORT,2026-04-16T09:35,2342.7,2026-04-16T09:40,2345.89,1,0.08,1331.95,-1.82,-0.14,1330.14,Signal Flip
2212,EMA_CONFIRMED_20_200,SHORT,2026-04-16T09:45,2338.41,2026-04-16T11:35,2335.41,22,1.83,1330.14,1.71,0.13,1331.85,Signal Flip
2213,EMA_CONFIRMED_20_200,SHORT,2026-04-16T11:40,2331.2,2026-04-16T11:55,2337.04,3,0.25,1331.85,-3.33,-0.25,1328.51,Signal Flip
2214,EMA_CONFIRMED_20_200,SHORT,2026-04-16T13:40,2335.17,2026-04-16T15:05,2314.85,17,1.42,1328.51,11.56,0.87,1340.08,Signal Flip
2215,EMA_CONFIRMED_20_200,SHORT,2026-04-16T16:35,2321.46,2026-04-16T17:25,2325.59,10,0.83,1340.08,-2.39,-0.18,1337.69,Signal Flip
2216,EMA_CONFIRMED_20_200,SHORT,2026-04-16T17:35,2321.27,2026-04-16T17:45,2329.47,2,0.17,1337.69,-4.73,-0.35,1332.96,Signal Flip
2217,EMA_CONFIRMED_20_200,SHORT,2026-04-16T18:10,2319.76,2026-04-16T18:15,2328.63,1,0.08,1332.96,-5.1,-0.38,1327.86,Signal Flip
2218,EMA_CONFIRMED_20_200,SHORT,2026-04-16T18:25,2322.4,2026-04-16T18:30,2327.06,1,0.08,1327.86,-2.67,-0.2,1325.2,Signal Flip
2219,EMA_CONFIRMED_20_200,LONG,2026-04-16T19:35,2346.88,2026-04-16T20:35,2345.44,12,1.0,1325.2,-0.82,-0.06,1324.38,Signal Flip
2220,EMA_CONFIRMED_20_200,LONG,2026-04-16T20:55,2349.48,2026-04-16T21:25,2338.82,6,0.5,1324.38,-6.01,-0.45,1318.37,Signal Flip
2221,EMA_CONFIRMED_20_200,LONG,2026-04-16T22:05,2349.17,2026-04-16T22:15,2342.53,2,0.17,1318.37,-3.73,-0.28,1314.64,Signal Flip
2222,EMA_CONFIRMED_20_200,LONG,2026-04-16T22:45,2346.12,2026-04-16T22:55,2342.11,2,0.17,1314.64,-2.25,-0.17,1312.39,Signal Flip
2223,EMA_CONFIRMED_20_200,LONG,2026-04-16T23:05,2345.96,2026-04-16T23:10,2342.75,1,0.08,1312.39,-1.8,-0.14,1310.59,Signal Flip
2224,EMA_CONFIRMED_20_200,LONG,2026-04-16T23:15,2346.3,2026-04-16T23:55,2345.94,8,0.67,1310.59,-0.2,-0.02,1310.39,Signal Flip
2225,EMA_CONFIRMED_20_200,LONG,2026-04-17T00:00,2349.33,2026-04-17T00:05,2346.11,1,0.08,1310.39,-1.8,-0.14,1308.59,Signal Flip
2226,EMA_CONFIRMED_20_200,LONG,2026-04-17T00:35,2350.42,2026-04-17T00:45,2344.37,2,0.17,1308.59,-3.37,-0.26,1305.21,Signal Flip
2227,EMA_CONFIRMED_20_200,LONG,2026-04-17T01:10,2347.26,2026-04-17T01:15,2342.86,1,0.08,1305.21,-2.45,-0.19,1302.76,Signal Flip
2228,EMA_CONFIRMED_20_200,SHORT,2026-04-17T01:45,2331.52,2026-04-17T04:20,2333.2,31,2.58,1302.76,-0.93,-0.07,1301.83,Signal Flip
2229,EMA_CONFIRMED_20_200,SHORT,2026-04-17T04:50,2328.24,2026-04-17T06:15,2324.87,17,1.42,1301.83,1.88,0.14,1303.71,Signal Flip
2230,EMA_CONFIRMED_20_200,SHORT,2026-04-17T07:50,2329.42,2026-04-17T07:55,2334.66,1,0.08,1303.71,-2.93,-0.22,1300.78,Signal Flip
2231,EMA_CONFIRMED_20_200,LONG,2026-04-17T08:30,2341.65,2026-04-17T10:15,2352.41,21,1.75,1300.78,5.98,0.46,1306.76,Signal Flip
2232,EMA_CONFIRMED_20_200,LONG,2026-04-17T10:20,2355.88,2026-04-17T10:30,2341.23,2,0.17,1306.76,-8.13,-0.62,1298.64,Signal Flip
2233,EMA_CONFIRMED_20_200,LONG,2026-04-17T11:10,2349.44,2026-04-17T11:15,2345.82,1,0.08,1298.64,-2.01,-0.15,1296.63,Signal Flip
2234,EMA_CONFIRMED_20_200,LONG,2026-04-17T11:20,2353.11,2026-04-17T15:50,2435.89,54,4.5,1296.63,45.62,3.52,1342.25,Signal Flip
2235,EMA_CONFIRMED_20_200,LONG,2026-04-17T15:55,2445.99,2026-04-17T17:10,2437.65,15,1.25,1342.25,-4.58,-0.34,1337.67,Signal Flip
2236,EMA_CONFIRMED_20_200,LONG,2026-04-17T19:25,2428.46,2026-04-17T19:30,2423.15,1,0.08,1337.67,-2.93,-0.22,1334.74,Signal Flip
2237,EMA_CONFIRMED_20_200,LONG,2026-04-17T19:35,2429.18,2026-04-17T20:00,2426.71,5,0.42,1334.74,-1.36,-0.1,1333.38,Signal Flip
2238,EMA_CONFIRMED_20_200,LONG,2026-04-17T20:05,2435.74,2026-04-17T20:30,2426.96,5,0.42,1333.38,-4.81,-0.36,1328.57,Signal Flip
2239,EMA_CONFIRMED_20_200,LONG,2026-04-17T21:05,2430.59,2026-04-17T21:35,2425.4,6,0.5,1328.57,-2.84,-0.21,1325.73,Signal Flip
2240,EMA_CONFIRMED_20_200,LONG,2026-04-17T21:45,2429.36,2026-04-17T22:15,2424.43,6,0.5,1325.73,-2.69,-0.2,1323.04,Signal Flip
2241,EMA_CONFIRMED_20_200,LONG,2026-04-17T22:25,2429.33,2026-04-17T23:05,2430.63,8,0.67,1323.04,0.71,0.05,1323.75,Signal Flip
2242,EMA_CONFIRMED_20_200,LONG,2026-04-18T00:50,2422.4,2026-04-18T01:05,2418.97,3,0.25,1323.75,-1.87,-0.14,1321.87,Signal Flip
2243,EMA_CONFIRMED_20_200,LONG,2026-04-18T01:10,2423.62,2026-04-18T01:35,2419.22,5,0.42,1321.87,-2.4,-0.18,1319.47,Signal Flip
2244,EMA_CONFIRMED_20_200,LONG,2026-04-18T02:15,2422.24,2026-04-18T02:35,2418.79,4,0.33,1319.47,-1.88,-0.14,1317.59,Signal Flip
2245,EMA_CONFIRMED_20_200,LONG,2026-04-18T02:40,2422.76,2026-04-18T02:45,2419.35,1,0.08,1317.59,-1.86,-0.14,1315.74,Signal Flip
2246,EMA_CONFIRMED_20_200,SHORT,2026-04-18T04:35,2401.35,2026-04-18T05:05,2411.43,6,0.5,1315.74,-5.52,-0.42,1310.21,Signal Flip
2247,EMA_CONFIRMED_20_200,SHORT,2026-04-18T05:20,2408.55,2026-04-18T05:25,2411.49,1,0.08,1310.21,-1.6,-0.12,1308.62,Signal Flip
2248,EMA_CONFIRMED_20_200,SHORT,2026-04-18T05:30,2407.77,2026-04-18T06:05,2410.66,7,0.58,1308.62,-1.58,-0.12,1307.04,Signal Flip
2249,EMA_CONFIRMED_20_200,SHORT,2026-04-18T06:20,2407.11,2026-04-18T06:35,2412.21,3,0.25,1307.04,-2.77,-0.21,1304.27,Signal Flip
2250,EMA_CONFIRMED_20_200,SHORT,2026-04-18T07:10,2407.8,2026-04-18T12:05,2359.62,59,4.92,1304.27,26.1,2.0,1330.37,Signal Flip
2251,EMA_CONFIRMED_20_200,SHORT,2026-04-18T12:25,2356.07,2026-04-18T12:45,2357.97,4,0.33,1330.37,-1.07,-0.08,1329.3,Signal Flip
2252,EMA_CONFIRMED_20_200,SHORT,2026-04-18T13:05,2355.44,2026-04-18T13:25,2357.92,4,0.33,1329.3,-1.4,-0.11,1327.9,Signal Flip
2253,EMA_CONFIRMED_20_200,SHORT,2026-04-18T13:30,2352.74,2026-04-18T13:50,2356.18,4,0.33,1327.9,-1.94,-0.15,1325.96,Signal Flip
2254,EMA_CONFIRMED_20_200,SHORT,2026-04-18T14:05,2353.28,2026-04-18T14:10,2356.8,1,0.08,1325.96,-1.98,-0.15,1323.98,Signal Flip
2255,EMA_CONFIRMED_20_200,SHORT,2026-04-18T14:25,2351.06,2026-04-18T14:30,2357.34,1,0.08,1323.98,-3.53,-0.27,1320.45,Signal Flip
2256,EMA_CONFIRMED_20_200,SHORT,2026-04-18T15:50,2360.05,2026-04-18T15:55,2363.29,1,0.08,1320.45,-1.81,-0.14,1318.63,Signal Flip
2257,EMA_CONFIRMED_20_200,SHORT,2026-04-18T16:05,2357.91,2026-04-18T16:10,2365.01,1,0.08,1318.63,-3.97,-0.3,1314.66,Signal Flip
2258,EMA_CONFIRMED_20_200,SHORT,2026-04-18T16:50,2360.83,2026-04-18T17:30,2363.03,8,0.67,1314.66,-1.23,-0.09,1313.43,Signal Flip
2259,EMA_CONFIRMED_20_200,SHORT,2026-04-18T18:00,2360.29,2026-04-18T18:10,2364.81,2,0.17,1313.43,-2.52,-0.19,1310.92,Signal Flip
2260,EMA_CONFIRMED_20_200,SHORT,2026-04-18T18:15,2360.03,2026-04-18T20:45,2353.39,30,2.5,1310.92,3.69,0.28,1314.61,Signal Flip
2261,EMA_CONFIRMED_20_200,SHORT,2026-04-18T21:20,2348.08,2026-04-18T21:30,2353.72,2,0.17,1314.61,-3.16,-0.24,1311.45,Signal Flip
2262,EMA_CONFIRMED_20_200,SHORT,2026-04-18T21:35,2349.37,2026-04-18T21:45,2354.1,2,0.17,1311.45,-2.64,-0.2,1308.81,Signal Flip
2263,EMA_CONFIRMED_20_200,SHORT,2026-04-18T22:05,2349.42,2026-04-18T22:25,2354.04,4,0.33,1308.81,-2.57,-0.2,1306.25,Signal Flip
2264,EMA_CONFIRMED_20_200,SHORT,2026-04-18T23:35,2352.24,2026-04-19T00:10,2356.32,7,0.58,1306.25,-2.26,-0.17,1303.98,Signal Flip
2265,EMA_CONFIRMED_20_200,SHORT,2026-04-19T00:15,2350.82,2026-04-19T01:05,2351.59,10,0.83,1303.98,-0.42,-0.03,1303.56,Signal Flip
2266,EMA_CONFIRMED_20_200,SHORT,2026-04-19T01:10,2346.98,2026-04-19T01:55,2351.06,9,0.75,1303.56,-2.27,-0.17,1301.29,Signal Flip
2267,EMA_CONFIRMED_20_200,SHORT,2026-04-19T02:05,2345.53,2026-04-19T02:45,2345.71,8,0.67,1301.29,-0.1,-0.01,1301.19,Signal Flip
2268,EMA_CONFIRMED_20_200,SHORT,2026-04-19T02:50,2340.83,2026-04-19T03:30,2344.51,8,0.67,1301.19,-2.05,-0.16,1299.14,Signal Flip
2269,EMA_CONFIRMED_20_200,SHORT,2026-04-19T03:35,2340.45,2026-04-19T03:40,2343.45,1,0.08,1299.14,-1.67,-0.13,1297.47,Signal Flip
2270,EMA_CONFIRMED_20_200,SHORT,2026-04-19T04:00,2338.6,2026-04-19T04:05,2343.61,1,0.08,1297.47,-2.78,-0.21,1294.69,Signal Flip
2271,EMA_CONFIRMED_20_200,SHORT,2026-04-19T04:30,2340.69,2026-04-19T05:35,2338.57,13,1.08,1294.69,1.17,0.09,1295.87,Signal Flip
2272,EMA_CONFIRMED_20_200,SHORT,2026-04-19T05:40,2334.44,2026-04-19T05:45,2337.16,1,0.08,1295.87,-1.51,-0.12,1294.36,Signal Flip
2273,EMA_CONFIRMED_20_200,SHORT,2026-04-19T05:50,2334.42,2026-04-19T08:20,2319.17,30,2.5,1294.36,8.46,0.65,1302.82,Signal Flip
2274,EMA_CONFIRMED_20_200,SHORT,2026-04-19T08:30,2314.22,2026-04-19T08:40,2319.18,2,0.17,1302.82,-2.79,-0.21,1300.03,Signal Flip
2275,EMA_CONFIRMED_20_200,SHORT,2026-04-19T09:05,2316.41,2026-04-19T10:35,2315.01,18,1.5,1300.03,0.79,0.06,1300.81,Signal Flip
2276,EMA_CONFIRMED_20_200,SHORT,2026-04-19T12:40,2325.2,2026-04-19T12:55,2330.92,3,0.25,1300.81,-3.2,-0.25,1297.61,Signal Flip
2277,EMA_CONFIRMED_20_200,LONG,2026-04-19T13:45,2343.35,2026-04-19T14:05,2332.01,4,0.33,1297.61,-6.28,-0.48,1291.33,Signal Flip
2278,EMA_CONFIRMED_20_200,SHORT,2026-04-19T14:20,2332.71,2026-04-19T14:30,2340.16,2,0.17,1291.33,-4.12,-0.32,1287.21,Signal Flip
2279,EMA_CONFIRMED_20_200,LONG,2026-04-19T14:30,2340.16,2026-04-19T15:10,2334.35,8,0.67,1287.21,-3.19,-0.25,1284.01,Signal Flip
2280,EMA_CONFIRMED_20_200,LONG,2026-04-19T15:20,2339.98,2026-04-19T15:25,2334.75,1,0.08,1284.01,-2.87,-0.22,1281.15,Signal Flip
2281,EMA_CONFIRMED_20_200,SHORT,2026-04-19T15:40,2323.38,2026-04-19T19:10,2301.4,42,3.5,1281.15,12.12,0.95,1293.26,Signal Flip
2282,EMA_CONFIRMED_20_200,SHORT,2026-04-19T19:25,2294.3,2026-04-19T20:00,2300.81,7,0.58,1293.26,-3.67,-0.28,1289.6,Signal Flip
2283,EMA_CONFIRMED_20_200,SHORT,2026-04-19T20:05,2292.03,2026-04-19T20:35,2297.81,6,0.5,1289.6,-3.25,-0.25,1286.35,Signal Flip
2284,EMA_CONFIRMED_20_200,SHORT,2026-04-19T20:40,2291.33,2026-04-19T21:40,2289.47,12,1.0,1286.35,1.04,0.08,1287.39,Signal Flip
2285,EMA_CONFIRMED_20_200,SHORT,2026-04-19T21:45,2286.65,2026-04-20T00:05,2273.05,28,2.33,1287.39,7.66,0.59,1295.05,Signal Flip
2286,EMA_CONFIRMED_20_200,SHORT,2026-04-20T02:15,2274.73,2026-04-20T02:50,2282.24,7,0.58,1295.05,-4.27,-0.33,1290.77,Signal Flip
2287,EMA_CONFIRMED_20_200,SHORT,2026-04-20T02:55,2278.67,2026-04-20T03:15,2283.4,4,0.33,1290.77,-2.68,-0.21,1288.09,Signal Flip
2288,EMA_CONFIRMED_20_200,SHORT,2026-04-20T03:20,2278.26,2026-04-20T03:25,2282.5,1,0.08,1288.09,-2.4,-0.19,1285.7,Signal Flip
2289,EMA_CONFIRMED_20_200,SHORT,2026-04-20T04:20,2279.96,2026-04-20T04:50,2284.53,6,0.5,1285.7,-2.58,-0.2,1283.12,Signal Flip
2290,EMA_CONFIRMED_20_200,SHORT,2026-04-20T05:05,2278.41,2026-04-20T06:05,2275.72,12,1.0,1283.12,1.52,0.12,1284.63,Signal Flip
2291,EMA_CONFIRMED_20_200,SHORT,2026-04-20T06:15,2269.41,2026-04-20T06:20,2274.83,1,0.08,1284.63,-3.06,-0.24,1281.57,Signal Flip
2292,EMA_CONFIRMED_20_200,LONG,2026-04-20T07:40,2300.77,2026-04-20T07:55,2287.41,3,0.25,1281.57,-7.44,-0.58,1274.13,Signal Flip
2293,EMA_CONFIRMED_20_200,LONG,2026-04-20T08:00,2299.96,2026-04-20T08:40,2293.91,8,0.67,1274.13,-3.35,-0.26,1270.78,Signal Flip
2294,EMA_CONFIRMED_20_200,LONG,2026-04-20T09:10,2303.62,2026-04-20T10:35,2307.91,17,1.42,1270.78,2.36,0.19,1273.14,Signal Flip
2295,EMA_CONFIRMED_20_200,LONG,2026-04-20T10:40,2310.45,2026-04-20T10:45,2307.79,1,0.08,1273.14,-1.47,-0.12,1271.67,Signal Flip
2296,EMA_CONFIRMED_20_200,LONG,2026-04-20T11:15,2310.31,2026-04-20T11:25,2306.64,2,0.17,1271.67,-2.02,-0.16,1269.64,Signal Flip
2297,EMA_CONFIRMED_20_200,LONG,2026-04-20T11:40,2309.42,2026-04-20T13:20,2313.22,20,1.67,1269.64,2.09,0.16,1271.73,Signal Flip
2298,EMA_CONFIRMED_20_200,LONG,2026-04-20T13:30,2317.57,2026-04-20T13:40,2312.07,2,0.17,1271.73,-3.02,-0.24,1268.72,Signal Flip
2299,EMA_CONFIRMED_20_200,LONG,2026-04-20T14:25,2316.38,2026-04-20T14:40,2305.31,3,0.25,1268.72,-6.06,-0.48,1262.65,Signal Flip
2300,EMA_CONFIRMED_20_200,LONG,2026-04-20T15:25,2309.92,2026-04-20T16:20,2303.77,11,0.92,1262.65,-3.37,-0.27,1259.29,Signal Flip
2301,EMA_CONFIRMED_20_200,LONG,2026-04-20T16:45,2307.85,2026-04-20T16:50,2299.91,1,0.08,1259.29,-4.33,-0.34,1254.95,Signal Flip
2302,EMA_CONFIRMED_20_200,LONG,2026-04-20T17:05,2306.64,2026-04-20T19:25,2326.99,28,2.33,1254.95,11.07,0.88,1266.02,Signal Flip
2303,EMA_CONFIRMED_20_200,LONG,2026-04-20T19:30,2330.77,2026-04-20T19:45,2327.4,3,0.25,1266.02,-1.84,-0.14,1264.19,Signal Flip
2304,EMA_CONFIRMED_20_200,LONG,2026-04-20T19:50,2330.82,2026-04-20T20:35,2329.6,9,0.75,1264.19,-0.66,-0.05,1263.52,Signal Flip
2305,EMA_CONFIRMED_20_200,LONG,2026-04-20T20:50,2338.01,2026-04-20T21:15,2324.06,5,0.42,1263.52,-7.54,-0.6,1255.98,Signal Flip
2306,EMA_CONFIRMED_20_200,LONG,2026-04-20T22:05,2326.48,2026-04-20T22:10,2323.63,1,0.08,1255.98,-1.54,-0.12,1254.44,Signal Flip
2307,EMA_CONFIRMED_20_200,LONG,2026-04-20T22:35,2324.99,2026-04-20T22:40,2321.02,1,0.08,1254.44,-2.14,-0.17,1252.3,Signal Flip
2308,EMA_CONFIRMED_20_200,LONG,2026-04-21T00:15,2316.75,2026-04-21T01:55,2314.27,20,1.67,1252.3,-1.34,-0.11,1250.96,Signal Flip
2309,EMA_CONFIRMED_20_200,SHORT,2026-04-21T02:40,2309.27,2026-04-21T03:35,2309.69,11,0.92,1250.96,-0.23,-0.02,1250.73,Signal Flip
2310,EMA_CONFIRMED_20_200,SHORT,2026-04-21T03:40,2303.81,2026-04-21T03:50,2310.91,2,0.17,1250.73,-3.86,-0.31,1246.88,Signal Flip
2311,EMA_CONFIRMED_20_200,SHORT,2026-04-21T04:10,2307.4,2026-04-21T04:30,2309.34,4,0.33,1246.88,-1.05,-0.08,1245.82,Signal Flip
2312,EMA_CONFIRMED_20_200,SHORT,2026-04-21T04:35,2304.19,2026-04-21T04:40,2310.19,1,0.08,1245.82,-3.25,-0.26,1242.58,Signal Flip
2313,EMA_CONFIRMED_20_200,LONG,2026-04-21T05:35,2316.74,2026-04-21T05:50,2312.26,3,0.25,1242.58,-2.4,-0.19,1240.18,Signal Flip
2314,EMA_CONFIRMED_20_200,LONG,2026-04-21T05:55,2315.78,2026-04-21T06:05,2309.42,2,0.17,1240.18,-3.4,-0.27,1236.77,Signal Flip
2315,EMA_CONFIRMED_20_200,SHORT,2026-04-21T06:10,2309.5,2026-04-21T06:35,2321.39,5,0.42,1236.77,-6.36,-0.51,1230.41,Signal Flip
2316,EMA_CONFIRMED_20_200,LONG,2026-04-21T06:40,2321.4,2026-04-21T07:05,2312.34,5,0.42,1230.41,-4.8,-0.39,1225.61,Signal Flip
2317,EMA_CONFIRMED_20_200,LONG,2026-04-21T07:20,2317.91,2026-04-21T08:15,2315.07,11,0.92,1225.61,-1.5,-0.12,1224.11,Signal Flip
2318,EMA_CONFIRMED_20_200,LONG,2026-04-21T08:25,2323.1,2026-04-21T09:30,2318.6,13,1.08,1224.11,-2.37,-0.19,1221.74,Signal Flip
2319,EMA_CONFIRMED_20_200,LONG,2026-04-21T09:40,2324.99,2026-04-21T11:10,2325.49,18,1.5,1221.74,0.26,0.02,1222.0,Signal Flip
2320,EMA_CONFIRMED_20_200,LONG,2026-04-21T11:25,2329.56,2026-04-21T11:30,2325.56,1,0.08,1222.0,-2.1,-0.17,1219.89,Signal Flip
2321,EMA_CONFIRMED_20_200,SHORT,2026-04-21T12:50,2297.21,2026-04-21T13:45,2312.3,11,0.92,1219.89,-8.01,-0.66,1211.88,Signal Flip
2322,EMA_CONFIRMED_20_200,SHORT,2026-04-21T13:50,2308.38,2026-04-21T13:55,2311.64,1,0.08,1211.88,-1.71,-0.14,1210.17,Signal Flip
2323,EMA_CONFIRMED_20_200,SHORT,2026-04-21T14:05,2307.86,2026-04-21T14:20,2316.16,3,0.25,1210.17,-4.35,-0.36,1205.82,Signal Flip
2324,EMA_CONFIRMED_20_200,SHORT,2026-04-21T14:55,2311.17,2026-04-21T15:20,2311.45,5,0.42,1205.82,-0.14,-0.01,1205.68,Signal Flip
2325,EMA_CONFIRMED_20_200,SHORT,2026-04-21T15:25,2301.99,2026-04-21T15:40,2308.75,3,0.25,1205.68,-3.54,-0.29,1202.13,Signal Flip
2326,EMA_CONFIRMED_20_200,SHORT,2026-04-21T15:45,2303.03,2026-04-21T15:50,2308.83,1,0.08,1202.13,-3.03,-0.25,1199.1,Signal Flip
2327,EMA_CONFIRMED_20_200,SHORT,2026-04-21T15:55,2303.25,2026-04-21T16:00,2311.41,1,0.08,1199.1,-4.25,-0.35,1194.86,Signal Flip
2328,EMA_CONFIRMED_20_200,SHORT,2026-04-21T16:55,2310.79,2026-04-21T17:40,2308.12,9,0.75,1194.86,1.38,0.12,1196.24,Signal Flip
2329,EMA_CONFIRMED_20_200,SHORT,2026-04-21T18:00,2305.05,2026-04-21T18:35,2310.87,7,0.58,1196.24,-3.02,-0.25,1193.21,Signal Flip
2330,EMA_CONFIRMED_20_200,SHORT,2026-04-21T18:45,2304.69,2026-04-21T18:55,2308.78,2,0.17,1193.21,-2.12,-0.18,1191.09,Signal Flip
2331,EMA_CONFIRMED_20_200,LONG,2026-04-21T19:35,2316.87,2026-04-21T19:40,2301.7,1,0.08,1191.09,-7.8,-0.65,1183.29,Signal Flip
2332,EMA_CONFIRMED_20_200,SHORT,2026-04-21T19:40,2301.7,2026-04-21T20:10,2316.03,6,0.5,1183.29,-7.37,-0.62,1175.93,Signal Flip
2333,EMA_CONFIRMED_20_200,LONG,2026-04-21T20:40,2321.51,2026-04-21T21:10,2311.2,6,0.5,1175.93,-5.22,-0.44,1170.71,Signal Flip
2334,EMA_CONFIRMED_20_200,LONG,2026-04-21T21:25,2316.04,2026-04-21T21:30,2311.61,1,0.08,1170.71,-2.24,-0.19,1168.47,Signal Flip
2335,EMA_CONFIRMED_20_200,LONG,2026-04-21T21:40,2315.43,2026-04-21T21:45,2308.91,1,0.08,1168.47,-3.29,-0.28,1165.18,Signal Flip
2336,EMA_CONFIRMED_20_200,LONG,2026-04-21T22:15,2316.75,2026-04-21T22:20,2306.13,1,0.08,1165.18,-5.34,-0.46,1159.84,Signal Flip
2337,EMA_CONFIRMED_20_200,SHORT,2026-04-21T22:20,2306.13,2026-04-21T22:45,2312.7,5,0.42,1159.84,-3.3,-0.28,1156.54,Signal Flip
2338,EMA_CONFIRMED_20_200,SHORT,2026-04-21T22:50,2306.31,2026-04-21T23:00,2312.51,2,0.17,1156.54,-3.11,-0.27,1153.43,Signal Flip
2339,EMA_CONFIRMED_20_200,LONG,2026-04-21T23:20,2320.24,2026-04-22T01:20,2317.44,24,2.0,1153.43,-1.39,-0.12,1152.04,Signal Flip
2340,EMA_CONFIRMED_20_200,LONG,2026-04-22T02:00,2323.53,2026-04-22T04:25,2358.89,29,2.42,1152.04,17.53,1.52,1169.57,Signal Flip
2341,EMA_CONFIRMED_20_200,LONG,2026-04-22T04:30,2363.35,2026-04-22T04:35,2358.9,1,0.08,1169.57,-2.2,-0.19,1167.37,Signal Flip
2342,EMA_CONFIRMED_20_200,LONG,2026-04-22T04:40,2367.5,2026-04-22T07:20,2389.33,32,2.67,1167.37,10.76,0.92,1178.13,Signal Flip
2343,EMA_CONFIRMED_20_200,LONG,2026-04-22T07:45,2395.07,2026-04-22T07:55,2388.71,2,0.17,1178.13,-3.13,-0.27,1175.0,Signal Flip
2344,EMA_CONFIRMED_20_200,LONG,2026-04-22T08:10,2392.09,2026-04-22T08:25,2385.28,3,0.25,1175.0,-3.34,-0.28,1171.66,Signal Flip
2345,EMA_CONFIRMED_20_200,LONG,2026-04-22T08:55,2390.48,2026-04-22T09:55,2384.55,12,1.0,1171.66,-2.91,-0.25,1168.75,Signal Flip
2346,EMA_CONFIRMED_20_200,LONG,2026-04-22T10:15,2391.39,2026-04-22T11:10,2386.37,11,0.92,1168.75,-2.45,-0.21,1166.29,Signal Flip
2347,EMA_CONFIRMED_20_200,LONG,2026-04-22T11:20,2392.31,2026-04-22T14:20,2409.61,36,3.0,1166.29,8.44,0.72,1174.73,Signal Flip
2348,EMA_CONFIRMED_20_200,LONG,2026-04-22T14:25,2416.72,2026-04-22T14:35,2398.8,2,0.17,1174.73,-8.71,-0.74,1166.02,Signal Flip
2349,EMA_CONFIRMED_20_200,LONG,2026-04-22T15:40,2410.92,2026-04-22T16:00,2402.64,4,0.33,1166.02,-4.01,-0.34,1162.02,Signal Flip
2350,EMA_CONFIRMED_20_200,LONG,2026-04-22T16:05,2413.18,2026-04-22T16:15,2403.38,2,0.17,1162.02,-4.72,-0.41,1157.3,Signal Flip
2351,EMA_CONFIRMED_20_200,LONG,2026-04-22T17:40,2399.19,2026-04-22T18:30,2397.04,10,0.83,1157.3,-1.04,-0.09,1156.26,Signal Flip
2352,EMA_CONFIRMED_20_200,LONG,2026-04-22T18:40,2399.33,2026-04-22T19:00,2395.72,4,0.33,1156.26,-1.74,-0.15,1154.52,Signal Flip
2353,EMA_CONFIRMED_20_200,LONG,2026-04-22T19:20,2402.76,2026-04-22T19:40,2395.83,4,0.33,1154.52,-3.33,-0.29,1151.19,Signal Flip
2354,EMA_CONFIRMED_20_200,LONG,2026-04-22T19:55,2399.61,2026-04-22T20:00,2396.6,1,0.08,1151.19,-1.44,-0.13,1149.75,Signal Flip
2355,EMA_CONFIRMED_20_200,LONG,2026-04-22T20:05,2402.65,2026-04-22T20:20,2395.52,3,0.25,1149.75,-3.41,-0.3,1146.34,Signal Flip
2356,EMA_CONFIRMED_20_200,LONG,2026-04-22T21:25,2398.5,2026-04-22T22:25,2397.12,12,1.0,1146.34,-0.66,-0.06,1145.68,Signal Flip
2357,EMA_CONFIRMED_20_200,LONG,2026-04-22T23:00,2401.28,2026-04-22T23:05,2393.8,1,0.08,1145.68,-3.57,-0.31,1142.11,Signal Flip
2358,EMA_CONFIRMED_20_200,SHORT,2026-04-22T23:50,2378.28,2026-04-23T04:35,2349.27,57,4.75,1142.11,13.93,1.22,1156.04,Signal Flip
2359,EMA_CONFIRMED_20_200,SHORT,2026-04-23T05:30,2345.57,2026-04-23T05:50,2348.72,4,0.33,1156.04,-1.56,-0.13,1154.49,Signal Flip
2360,EMA_CONFIRMED_20_200,SHORT,2026-04-23T06:50,2348.06,2026-04-23T06:55,2355.91,1,0.08,1154.49,-3.86,-0.33,1150.63,Signal Flip
2361,EMA_CONFIRMED_20_200,SHORT,2026-04-23T07:20,2349.27,2026-04-23T07:35,2353.41,3,0.25,1150.63,-2.02,-0.18,1148.6,Signal Flip
2362,EMA_CONFIRMED_20_200,SHORT,2026-04-23T07:40,2349.77,2026-04-23T07:50,2353.61,2,0.17,1148.6,-1.87,-0.16,1146.73,Signal Flip
2363,EMA_CONFIRMED_20_200,SHORT,2026-04-23T07:55,2340.13,2026-04-23T11:05,2318.77,38,3.17,1146.73,10.47,0.91,1157.2,Signal Flip
2364,EMA_CONFIRMED_20_200,SHORT,2026-04-23T11:10,2315.1,2026-04-23T11:15,2318.37,1,0.08,1157.2,-1.63,-0.14,1155.56,Signal Flip
2365,EMA_CONFIRMED_20_200,SHORT,2026-04-23T11:35,2315.89,2026-04-23T11:40,2324.64,1,0.08,1155.56,-4.37,-0.38,1151.2,Signal Flip
2366,EMA_CONFIRMED_20_200,SHORT,2026-04-23T12:50,2324.4,2026-04-23T12:55,2327.86,1,0.08,1151.2,-1.72,-0.15,1149.48,Signal Flip
2367,EMA_CONFIRMED_20_200,SHORT,2026-04-23T13:15,2323.5,2026-04-23T14:05,2324.94,10,0.83,1149.48,-0.71,-0.06,1148.77,Signal Flip
2368,EMA_CONFIRMED_20_200,SHORT,2026-04-23T14:10,2320.61,2026-04-23T14:25,2328.73,3,0.25,1148.77,-4.02,-0.35,1144.74,Signal Flip
2369,EMA_CONFIRMED_20_200,SHORT,2026-04-23T15:05,2324.96,2026-04-23T15:10,2328.11,1,0.08,1144.74,-1.55,-0.14,1143.19,Signal Flip
2370,EMA_CONFIRMED_20_200,SHORT,2026-04-23T15:55,2327.49,2026-04-23T16:00,2334.43,1,0.08,1143.19,-3.41,-0.3,1139.78,Signal Flip
2371,EMA_CONFIRMED_20_200,SHORT,2026-04-23T16:05,2327.54,2026-04-23T16:10,2332.86,1,0.08,1139.78,-2.61,-0.23,1137.18,Signal Flip
2372,EMA_CONFIRMED_20_200,SHORT,2026-04-23T16:15,2329.31,2026-04-23T16:20,2334.12,1,0.08,1137.18,-2.34,-0.21,1134.83,Signal Flip
2373,EMA_CONFIRMED_20_200,SHORT,2026-04-23T16:30,2328.89,2026-04-23T16:35,2334.24,1,0.08,1134.83,-2.6,-0.23,1132.23,Signal Flip
2374,EMA_CONFIRMED_20_200,SHORT,2026-04-23T16:40,2328.93,2026-04-23T18:10,2314.92,18,1.5,1132.23,6.81,0.6,1139.04,Signal Flip
2375,EMA_CONFIRMED_20_200,SHORT,2026-04-23T18:20,2311.1,2026-04-23T18:40,2315.73,4,0.33,1139.04,-2.28,-0.2,1136.76,Signal Flip
2376,EMA_CONFIRMED_20_200,SHORT,2026-04-23T18:50,2309.85,2026-04-23T19:20,2313.53,6,0.5,1136.76,-1.81,-0.16,1134.96,Signal Flip
2377,EMA_CONFIRMED_20_200,SHORT,2026-04-23T19:35,2309.07,2026-04-23T19:50,2316.88,3,0.25,1134.96,-3.84,-0.34,1131.12,Signal Flip
2378,EMA_CONFIRMED_20_200,SHORT,2026-04-23T21:15,2319.79,2026-04-23T21:20,2323.43,1,0.08,1131.12,-1.78,-0.16,1129.35,Signal Flip
2379,EMA_CONFIRMED_20_200,SHORT,2026-04-23T22:00,2320.5,2026-04-23T22:05,2326.64,1,0.08,1129.35,-2.99,-0.26,1126.36,Signal Flip
2380,EMA_CONFIRMED_20_200,LONG,2026-04-23T22:55,2335.78,2026-04-23T23:10,2328.03,3,0.25,1126.36,-3.74,-0.33,1122.62,Signal Flip
2381,EMA_CONFIRMED_20_200,SHORT,2026-04-23T23:15,2326.15,2026-04-23T23:45,2332.17,6,0.5,1122.62,-2.9,-0.26,1119.71,Signal Flip
2382,EMA_CONFIRMED_20_200,SHORT,2026-04-24T00:05,2326.43,2026-04-24T00:10,2332.69,1,0.08,1119.71,-3.01,-0.27,1116.7,Signal Flip
2383,EMA_CONFIRMED_20_200,LONG,2026-04-24T00:20,2334.55,2026-04-24T01:05,2326.24,9,0.75,1116.7,-3.98,-0.36,1112.73,Signal Flip
2384,EMA_CONFIRMED_20_200,SHORT,2026-04-24T01:20,2322.23,2026-04-24T01:50,2331.59,6,0.5,1112.73,-4.48,-0.4,1108.24,Signal Flip
2385,EMA_CONFIRMED_20_200,SHORT,2026-04-24T02:25,2323.94,2026-04-24T02:35,2329.5,2,0.17,1108.24,-2.65,-0.24,1105.59,Signal Flip
2386,EMA_CONFIRMED_20_200,SHORT,2026-04-24T02:40,2325.94,2026-04-24T02:45,2330.67,1,0.08,1105.59,-2.25,-0.2,1103.34,Signal Flip
2387,EMA_CONFIRMED_20_200,SHORT,2026-04-24T02:55,2318.67,2026-04-24T05:35,2309.09,32,2.67,1103.34,4.56,0.41,1107.89,Signal Flip
2388,EMA_CONFIRMED_20_200,SHORT,2026-04-24T06:35,2310.02,2026-04-24T06:50,2312.82,3,0.25,1107.89,-1.34,-0.12,1106.55,Signal Flip
2389,EMA_CONFIRMED_20_200,SHORT,2026-04-24T06:55,2309.69,2026-04-24T07:05,2313.01,2,0.17,1106.55,-1.59,-0.14,1104.97,Signal Flip
2390,EMA_CONFIRMED_20_200,SHORT,2026-04-24T07:55,2310.52,2026-04-24T08:20,2319.09,5,0.42,1104.97,-4.1,-0.37,1100.87,Signal Flip
2391,EMA_CONFIRMED_20_200,SHORT,2026-04-24T08:45,2312.01,2026-04-24T08:50,2317.68,1,0.08,1100.87,-2.7,-0.25,1098.17,Signal Flip
2392,EMA_CONFIRMED_20_200,SHORT,2026-04-24T09:05,2311.5,2026-04-24T10:25,2314.69,16,1.33,1098.17,-1.51,-0.14,1096.66,Signal Flip
2393,EMA_CONFIRMED_20_200,LONG,2026-04-24T11:30,2332.76,2026-04-24T12:35,2323.49,13,1.08,1096.66,-4.36,-0.4,1092.3,Signal Flip
2394,EMA_CONFIRMED_20_200,LONG,2026-04-24T13:00,2326.42,2026-04-24T13:25,2324.32,5,0.42,1092.3,-0.99,-0.09,1091.32,Signal Flip
2395,EMA_CONFIRMED_20_200,SHORT,2026-04-24T14:15,2309.97,2026-04-24T15:35,2316.23,16,1.33,1091.32,-2.95,-0.27,1088.36,Signal Flip
2396,EMA_CONFIRMED_20_200,SHORT,2026-04-24T16:15,2315.75,2026-04-24T16:35,2321.65,4,0.33,1088.36,-2.77,-0.25,1085.59,Signal Flip
2397,EMA_CONFIRMED_20_200,SHORT,2026-04-24T16:45,2312.48,2026-04-24T17:00,2317.82,3,0.25,1085.59,-2.5,-0.23,1083.08,Signal Flip
2398,EMA_CONFIRMED_20_200,SHORT,2026-04-24T17:05,2313.97,2026-04-24T17:15,2320.52,2,0.17,1083.08,-3.06,-0.28,1080.02,Signal Flip
2399,EMA_CONFIRMED_20_200,SHORT,2026-04-24T17:20,2314.6,2026-04-24T17:55,2320.64,7,0.58,1080.02,-2.82,-0.26,1077.2,Signal Flip
2400,EMA_CONFIRMED_20_200,SHORT,2026-04-24T18:15,2313.4,2026-04-24T18:35,2319.41,4,0.33,1077.2,-2.8,-0.26,1074.41,Signal Flip
2401,EMA_CONFIRMED_20_200,LONG,2026-04-24T19:20,2323.36,2026-04-24T20:10,2317.23,10,0.83,1074.41,-2.83,-0.26,1071.57,Signal Flip
2402,EMA_CONFIRMED_20_200,LONG,2026-04-24T20:15,2321.38,2026-04-24T20:20,2316.08,1,0.08,1071.57,-2.45,-0.23,1069.13,Signal Flip
2403,EMA_CONFIRMED_20_200,LONG,2026-04-24T20:35,2321.86,2026-04-24T21:15,2314.44,8,0.67,1069.13,-3.42,-0.32,1065.71,Signal Flip
2404,EMA_CONFIRMED_20_200,SHORT,2026-04-24T22:00,2314.03,2026-04-24T23:15,2315.89,15,1.25,1065.71,-0.85,-0.08,1064.86,Signal Flip
2405,EMA_CONFIRMED_20_200,SHORT,2026-04-24T23:20,2312.56,2026-04-24T23:30,2315.96,2,0.17,1064.86,-1.56,-0.15,1063.29,Signal Flip
2406,EMA_CONFIRMED_20_200,SHORT,2026-04-25T00:05,2312.86,2026-04-25T00:50,2316.44,9,0.75,1063.29,-1.64,-0.15,1061.65,Signal Flip
2407,EMA_CONFIRMED_20_200,SHORT,2026-04-25T02:05,2313.94,2026-04-25T02:15,2318.34,2,0.17,1061.65,-2.02,-0.19,1059.63,Signal Flip
2408,EMA_CONFIRMED_20_200,SHORT,2026-04-25T02:45,2316.15,2026-04-25T03:00,2318.57,3,0.25,1059.63,-1.11,-0.1,1058.53,Signal Flip
2409,EMA_CONFIRMED_20_200,LONG,2026-04-25T03:05,2320.1,2026-04-25T03:10,2316.3,1,0.08,1058.53,-1.73,-0.16,1056.79,Signal Flip
2410,EMA_CONFIRMED_20_200,LONG,2026-04-25T03:15,2318.7,2026-04-25T03:30,2315.2,3,0.25,1056.79,-1.59,-0.15,1055.2,Signal Flip
2411,EMA_CONFIRMED_20_200,SHORT,2026-04-25T03:40,2315.75,2026-04-25T03:45,2319.27,1,0.08,1055.2,-1.6,-0.15,1053.6,Signal Flip
2412,EMA_CONFIRMED_20_200,LONG,2026-04-25T03:45,2319.27,2026-04-25T04:30,2316.45,9,0.75,1053.6,-1.28,-0.12,1052.32,Signal Flip
2413,EMA_CONFIRMED_20_200,SHORT,2026-04-25T05:05,2312.14,2026-04-25T06:00,2317.17,11,0.92,1052.32,-2.29,-0.22,1050.03,Signal Flip
2414,EMA_CONFIRMED_20_200,SHORT,2026-04-25T06:20,2314.4,2026-04-25T06:35,2317.46,3,0.25,1050.03,-1.39,-0.13,1048.64,Signal Flip
2415,EMA_CONFIRMED_20_200,SHORT,2026-04-25T07:00,2314.84,2026-04-25T07:25,2317.1,5,0.42,1048.64,-1.02,-0.1,1047.62,Signal Flip
2416,EMA_CONFIRMED_20_200,LONG,2026-04-25T08:35,2320.42,2026-04-25T09:25,2316.99,10,0.83,1047.62,-1.55,-0.15,1046.07,Signal Flip
2417,EMA_CONFIRMED_20_200,LONG,2026-04-25T09:40,2322.32,2026-04-25T10:00,2317.95,4,0.33,1046.07,-1.97,-0.19,1044.1,Signal Flip
2418,EMA_CONFIRMED_20_200,LONG,2026-04-25T10:15,2321.1,2026-04-25T10:50,2318.56,7,0.58,1044.1,-1.14,-0.11,1042.96,Signal Flip
2419,EMA_CONFIRMED_20_200,LONG,2026-04-25T11:00,2321.73,2026-04-25T11:05,2317.53,1,0.08,1042.96,-1.89,-0.18,1041.08,Signal Flip
2420,EMA_CONFIRMED_20_200,SHORT,2026-04-25T11:45,2311.85,2026-04-25T12:25,2318.05,8,0.67,1041.08,-2.79,-0.27,1038.29,Signal Flip
2421,EMA_CONFIRMED_20_200,SHORT,2026-04-25T12:30,2312.83,2026-04-25T13:10,2317.96,8,0.67,1038.29,-2.3,-0.22,1035.99,Signal Flip
2422,EMA_CONFIRMED_20_200,SHORT,2026-04-25T14:05,2314.12,2026-04-25T14:10,2318.59,1,0.08,1035.99,-2.0,-0.19,1033.99,Signal Flip
2423,EMA_CONFIRMED_20_200,SHORT,2026-04-25T14:20,2314.88,2026-04-25T14:30,2318.65,2,0.17,1033.99,-1.68,-0.16,1032.3,Signal Flip
2424,EMA_CONFIRMED_20_200,SHORT,2026-04-25T14:55,2315.59,2026-04-25T15:25,2319.04,6,0.5,1032.3,-1.54,-0.15,1030.77,Signal Flip
2425,EMA_CONFIRMED_20_200,SHORT,2026-04-25T15:45,2315.67,2026-04-25T17:25,2312.28,20,1.67,1030.77,1.51,0.15,1032.28,Signal Flip
2426,EMA_CONFIRMED_20_200,SHORT,2026-04-25T17:30,2307.96,2026-04-25T17:40,2312.69,2,0.17,1032.28,-2.12,-0.2,1030.16,Signal Flip
2427,EMA_CONFIRMED_20_200,SHORT,2026-04-25T17:50,2308.29,2026-04-25T18:05,2312.58,3,0.25,1030.16,-1.91,-0.19,1028.25,Signal Flip
2428,EMA_CONFIRMED_20_200,SHORT,2026-04-25T19:10,2309.91,2026-04-25T19:15,2313.16,1,0.08,1028.25,-1.44,-0.14,1026.8,Signal Flip
2429,EMA_CONFIRMED_20_200,SHORT,2026-04-25T19:30,2307.87,2026-04-25T20:10,2311.31,8,0.67,1026.8,-1.53,-0.15,1025.27,Signal Flip
2430,EMA_CONFIRMED_20_200,LONG,2026-04-25T22:05,2317.8,2026-04-26T00:10,2316.01,25,2.08,1025.27,-0.79,-0.08,1024.48,Signal Flip
2431,EMA_CONFIRMED_20_200,LONG,2026-04-26T00:45,2318.4,2026-04-26T00:50,2315.56,1,0.08,1024.48,-1.25,-0.12,1023.23,Signal Flip
2432,EMA_CONFIRMED_20_200,LONG,2026-04-26T01:35,2318.16,2026-04-26T01:45,2314.73,2,0.17,1023.23,-1.51,-0.15,1021.72,Signal Flip
2433,EMA_CONFIRMED_20_200,LONG,2026-04-26T02:10,2317.29,2026-04-26T02:45,2314.3,7,0.58,1021.72,-1.32,-0.13,1020.4,Signal Flip
2434,EMA_CONFIRMED_20_200,LONG,2026-04-26T03:15,2317.33,2026-04-26T03:30,2311.12,3,0.25,1020.4,-2.73,-0.27,1017.67,Signal Flip
2435,EMA_CONFIRMED_20_200,SHORT,2026-04-26T03:35,2309.66,2026-04-26T04:45,2313.99,14,1.17,1017.67,-1.9,-0.19,1015.77,Signal Flip
2436,EMA_CONFIRMED_20_200,LONG,2026-04-26T05:15,2329.49,2026-04-26T07:45,2327.44,30,2.5,1015.77,-0.9,-0.09,1014.87,Signal Flip
2437,EMA_CONFIRMED_20_200,LONG,2026-04-26T07:50,2330.18,2026-04-26T09:05,2329.6,15,1.25,1014.87,-0.25,-0.02,1014.61,Signal Flip
2438,EMA_CONFIRMED_20_200,LONG,2026-04-26T09:25,2333.77,2026-04-26T10:35,2331.97,14,1.17,1014.61,-0.78,-0.08,1013.84,Signal Flip
2439,EMA_CONFIRMED_20_200,LONG,2026-04-26T11:00,2334.12,2026-04-26T12:10,2332.66,14,1.17,1013.84,-0.63,-0.06,1013.2,Signal Flip
2440,EMA_CONFIRMED_20_200,LONG,2026-04-26T13:35,2335.27,2026-04-26T16:15,2343.97,32,2.67,1013.2,3.77,0.37,1016.98,Signal Flip
2441,EMA_CONFIRMED_20_200,LONG,2026-04-26T16:20,2347.56,2026-04-26T16:40,2344.47,4,0.33,1016.98,-1.34,-0.13,1015.64,Signal Flip
2442,EMA_CONFIRMED_20_200,LONG,2026-04-26T16:50,2347.62,2026-04-26T17:00,2341.75,2,0.17,1015.64,-2.54,-0.25,1013.1,Signal Flip
2443,EMA_CONFIRMED_20_200,LONG,2026-04-26T17:15,2346.55,2026-04-26T17:35,2343.77,4,0.33,1013.1,-1.2,-0.12,1011.89,Signal Flip
2444,EMA_CONFIRMED_20_200,LONG,2026-04-26T17:45,2348.26,2026-04-26T20:50,2364.17,37,3.08,1011.89,6.85,0.68,1018.75,Signal Flip
2445,EMA_CONFIRMED_20_200,LONG,2026-04-26T21:05,2367.36,2026-04-26T21:30,2364.23,5,0.42,1018.75,-1.35,-0.13,1017.4,Signal Flip
2446,EMA_CONFIRMED_20_200,LONG,2026-04-26T22:00,2365.52,2026-04-26T22:35,2353.6,7,0.58,1017.4,-5.13,-0.5,1012.27,Signal Flip
2447,EMA_CONFIRMED_20_200,LONG,2026-04-26T22:50,2366.32,2026-04-26T22:55,2362.47,1,0.08,1012.27,-1.65,-0.16,1010.62,Signal Flip
2448,EMA_CONFIRMED_20_200,LONG,2026-04-26T23:25,2368.18,2026-04-26T23:30,2360.35,1,0.08,1010.62,-3.34,-0.33,1007.28,Signal Flip
2449,EMA_CONFIRMED_20_200,LONG,2026-04-26T23:35,2364.96,2026-04-27T00:15,2365.37,8,0.67,1007.28,0.17,0.02,1007.45,Signal Flip
2450,EMA_CONFIRMED_20_200,LONG,2026-04-27T00:20,2368.38,2026-04-27T00:25,2363.8,1,0.08,1007.45,-1.95,-0.19,1005.5,Signal Flip
2451,EMA_CONFIRMED_20_200,LONG,2026-04-27T00:40,2370.4,2026-04-27T04:05,2393.02,41,3.42,1005.5,9.59,0.95,1015.09,Signal Flip
2452,EMA_CONFIRMED_20_200,SHORT,2026-04-27T05:40,2328.72,2026-04-27T09:00,2320.84,40,3.33,1015.09,3.43,0.34,1018.53,Signal Flip
2453,EMA_CONFIRMED_20_200,SHORT,2026-04-27T09:25,2314.84,2026-04-27T09:30,2320.34,1,0.08,1018.53,-2.42,-0.24,1016.11,Signal Flip
2454,EMA_CONFIRMED_20_200,SHORT,2026-04-27T10:25,2318.6,2026-04-27T10:55,2322.29,6,0.5,1016.11,-1.62,-0.16,1014.49,Signal Flip
2455,EMA_CONFIRMED_20_200,SHORT,2026-04-27T11:00,2318.98,2026-04-27T11:20,2321.64,4,0.33,1014.49,-1.16,-0.11,1013.33,Signal Flip
2456,EMA_CONFIRMED_20_200,SHORT,2026-04-27T11:35,2319.09,2026-04-27T12:00,2321.55,5,0.42,1013.33,-1.08,-0.11,1012.25,Signal Flip
2457,EMA_CONFIRMED_20_200,SHORT,2026-04-27T12:05,2316.11,2026-04-27T12:15,2321.02,2,0.17,1012.25,-2.15,-0.21,1010.11,Signal Flip
2458,EMA_CONFIRMED_20_200,SHORT,2026-04-27T12:20,2318.29,2026-04-27T13:25,2317.87,13,1.08,1010.11,0.18,0.02,1010.29,Signal Flip
2459,EMA_CONFIRMED_20_200,SHORT,2026-04-27T13:30,2313.73,2026-04-27T13:40,2318.12,2,0.17,1010.29,-1.92,-0.19,1008.38,Signal Flip
2460,EMA_CONFIRMED_20_200,SHORT,2026-04-27T13:45,2314.88,2026-04-27T14:15,2315.45,6,0.5,1008.38,-0.25,-0.02,1008.13,Signal Flip
2461,EMA_CONFIRMED_20_200,SHORT,2026-04-27T14:30,2312.26,2026-04-27T14:35,2316.77,1,0.08,1008.13,-1.96,-0.19,1006.17,Signal Flip
2462,EMA_CONFIRMED_20_200,SHORT,2026-04-27T15:00,2313.59,2026-04-27T17:05,2284.46,25,2.08,1006.17,12.67,1.26,1018.83,Signal Flip
2463,EMA_CONFIRMED_20_200,SHORT,2026-04-27T17:10,2280.04,2026-04-27T17:15,2282.8,1,0.08,1018.83,-1.23,-0.12,1017.6,Signal Flip
2464,EMA_CONFIRMED_20_200,SHORT,2026-04-27T17:20,2280.39,2026-04-27T17:25,2287.11,1,0.08,1017.6,-3.0,-0.29,1014.6,Signal Flip
2465,EMA_CONFIRMED_20_200,SHORT,2026-04-27T18:30,2284.75,2026-04-27T18:35,2288.76,1,0.08,1014.6,-1.78,-0.18,1012.82,Signal Flip
2466,EMA_CONFIRMED_20_200,SHORT,2026-04-27T19:05,2285.73,2026-04-27T19:15,2291.53,2,0.17,1012.82,-2.57,-0.25,1010.25,Signal Flip
2467,EMA_CONFIRMED_20_200,SHORT,2026-04-27T19:25,2284.64,2026-04-27T19:45,2288.3,4,0.33,1010.25,-1.62,-0.16,1008.63,Signal Flip
2468,EMA_CONFIRMED_20_200,SHORT,2026-04-27T21:05,2288.1,2026-04-27T21:35,2292.69,6,0.5,1008.63,-2.02,-0.2,1006.6,Signal Flip
2469,EMA_CONFIRMED_20_200,SHORT,2026-04-27T21:55,2287.87,2026-04-27T22:30,2293.14,7,0.58,1006.6,-2.32,-0.23,1004.28,Signal Flip
2470,EMA_CONFIRMED_20_200,SHORT,2026-04-27T23:15,2290.37,2026-04-27T23:20,2295.43,1,0.08,1004.28,-2.22,-0.22,1002.07,Signal Flip
2471,EMA_CONFIRMED_20_200,SHORT,2026-04-28T01:35,2298.85,2026-04-28T03:55,2290.35,28,2.33,1002.07,3.7,0.37,1005.77,Signal Flip
2472,EMA_CONFIRMED_20_200,SHORT,2026-04-28T04:05,2287.74,2026-04-28T04:10,2291.32,1,0.08,1005.77,-1.57,-0.16,1004.2,Signal Flip
2473,EMA_CONFIRMED_20_200,SHORT,2026-04-28T04:20,2287.5,2026-04-28T04:45,2289.76,5,0.42,1004.2,-1.0,-0.1,1003.2,Signal Flip
2474,EMA_CONFIRMED_20_200,SHORT,2026-04-28T05:00,2287.44,2026-04-28T05:05,2293.58,1,0.08,1003.2,-2.69,-0.27,1000.51,Signal Flip
2475,EMA_CONFIRMED_20_200,SHORT,2026-04-28T05:40,2287.52,2026-04-28T06:05,2290.98,5,0.42,1000.51,-1.52,-0.15,998.99,Signal Flip
2476,EMA_CONFIRMED_20_200,SHORT,2026-04-28T06:20,2286.97,2026-04-28T07:40,2284.12,16,1.33,998.99,1.24,0.12,1000.23,Signal Flip
2477,EMA_CONFIRMED_20_200,SHORT,2026-04-28T09:35,2283.01,2026-04-28T10:05,2285.95,6,0.5,1000.23,-1.29,-0.13,998.94,Signal Flip
2478,EMA_CONFIRMED_20_200,SHORT,2026-04-28T10:10,2281.98,2026-04-28T10:35,2286.1,5,0.42,998.94,-1.81,-0.18,997.14,Signal Flip
2479,EMA_CONFIRMED_20_200,SHORT,2026-04-28T11:00,2283.37,2026-04-28T12:15,2278.82,15,1.25,997.14,1.99,0.2,999.12,Signal Flip
2480,EMA_CONFIRMED_20_200,SHORT,2026-04-28T12:20,2273.03,2026-04-28T12:40,2277.72,4,0.33,999.12,-2.06,-0.21,997.07,Signal Flip
2481,EMA_CONFIRMED_20_200,SHORT,2026-04-28T13:05,2273.87,2026-04-28T13:40,2275.93,7,0.58,997.07,-0.9,-0.09,996.16,Signal Flip
2482,EMA_CONFIRMED_20_200,SHORT,2026-04-28T14:05,2271.36,2026-04-28T14:45,2272.79,8,0.67,996.16,-0.62,-0.06,995.54,Signal Flip
2483,EMA_CONFIRMED_20_200,SHORT,2026-04-28T14:50,2265.95,2026-04-28T15:00,2274.58,2,0.17,995.54,-3.79,-0.38,991.75,Signal Flip
2484,EMA_CONFIRMED_20_200,SHORT,2026-04-28T15:35,2270.83,2026-04-28T15:40,2275.69,1,0.08,991.75,-2.12,-0.21,989.63,Signal Flip
2485,EMA_CONFIRMED_20_200,SHORT,2026-04-28T16:35,2274.61,2026-04-28T16:50,2277.48,3,0.25,989.63,-1.25,-0.13,988.38,Signal Flip
2486,EMA_CONFIRMED_20_200,SHORT,2026-04-28T17:20,2277.95,2026-04-28T17:25,2285.87,1,0.08,988.38,-3.44,-0.35,984.95,Signal Flip
2487,EMA_CONFIRMED_20_200,LONG,2026-04-28T17:50,2292.7,2026-04-28T18:50,2287.89,12,1.0,984.95,-2.07,-0.21,982.88,Signal Flip
2488,EMA_CONFIRMED_20_200,LONG,2026-04-28T18:55,2293.85,2026-04-28T20:45,2295.04,22,1.83,982.88,0.51,0.05,983.39,Signal Flip
2489,EMA_CONFIRMED_20_200,LONG,2026-04-28T20:50,2299.62,2026-04-28T20:55,2295.59,1,0.08,983.39,-1.72,-0.18,981.67,Signal Flip
2490,EMA_CONFIRMED_20_200,LONG,2026-04-28T22:10,2295.26,2026-04-28T22:15,2289.13,1,0.08,981.67,-2.62,-0.27,979.05,Signal Flip
2491,EMA_CONFIRMED_20_200,LONG,2026-04-28T23:50,2289.78,2026-04-29T00:25,2286.81,7,0.58,979.05,-1.27,-0.13,977.78,Signal Flip
2492,EMA_CONFIRMED_20_200,LONG,2026-04-29T00:45,2290.34,2026-04-29T01:10,2283.3,5,0.42,977.78,-3.01,-0.31,974.77,Signal Flip
2493,EMA_CONFIRMED_20_200,SHORT,2026-04-29T01:25,2281.31,2026-04-29T01:45,2288.17,4,0.33,974.77,-2.93,-0.3,971.84,Signal Flip
2494,EMA_CONFIRMED_20_200,LONG,2026-04-29T02:00,2293.6,2026-04-29T02:30,2288.35,6,0.5,971.84,-2.22,-0.23,969.61,Signal Flip
2495,EMA_CONFIRMED_20_200,LONG,2026-04-29T03:00,2290.01,2026-04-29T03:05,2286.88,1,0.08,969.61,-1.33,-0.14,968.28,Signal Flip
2496,EMA_CONFIRMED_20_200,LONG,2026-04-29T03:10,2291.38,2026-04-29T06:40,2325.35,42,3.5,968.28,14.36,1.48,982.64,Signal Flip
2497,EMA_CONFIRMED_20_200,LONG,2026-04-29T07:15,2327.81,2026-04-29T07:20,2322.4,1,0.08,982.64,-2.29,-0.23,980.35,Signal Flip
2498,EMA_CONFIRMED_20_200,LONG,2026-04-29T07:35,2329.3,2026-04-29T07:50,2324.53,3,0.25,980.35,-2.01,-0.21,978.34,Signal Flip
2499,EMA_CONFIRMED_20_200,LONG,2026-04-29T08:20,2329.06,2026-04-29T08:35,2321.13,3,0.25,978.34,-3.33,-0.34,975.01,Signal Flip
2500,EMA_CONFIRMED_20_200,LONG,2026-04-29T08:45,2326.74,2026-04-29T08:50,2322.62,1,0.08,975.01,-1.73,-0.18,973.28,Signal Flip
2501,EMA_CONFIRMED_20_200,LONG,2026-04-29T09:00,2326.49,2026-04-29T09:05,2323.52,1,0.08,973.28,-1.24,-0.13,972.03,Signal Flip
2502,EMA_CONFIRMED_20_200,LONG,2026-04-29T09:15,2328.44,2026-04-29T10:45,2330.84,18,1.5,972.03,1.0,0.1,973.04,Signal Flip
2503,EMA_CONFIRMED_20_200,SHORT,2026-04-29T13:40,2295.84,2026-04-29T17:25,2276.39,45,3.75,973.04,8.25,0.85,981.28,Signal Flip
2504,EMA_CONFIRMED_20_200,SHORT,2026-04-29T17:30,2269.52,2026-04-29T17:35,2274.97,1,0.08,981.28,-2.35,-0.24,978.93,Signal Flip
2505,EMA_CONFIRMED_20_200,SHORT,2026-04-29T17:55,2272.43,2026-04-29T18:00,2284.26,1,0.08,978.93,-5.1,-0.52,973.83,Signal Flip
2506,EMA_CONFIRMED_20_200,SHORT,2026-04-29T18:05,2269.82,2026-04-29T20:05,2238.68,24,2.0,973.83,13.36,1.37,987.2,Signal Flip
2507,EMA_CONFIRMED_20_200,SHORT,2026-04-29T20:15,2230.21,2026-04-29T20:20,2237.53,1,0.08,987.2,-3.24,-0.33,983.96,Signal Flip
2508,EMA_CONFIRMED_20_200,SHORT,2026-04-29T23:05,2251.98,2026-04-29T23:10,2259.76,1,0.08,983.96,-3.4,-0.35,980.56,Signal Flip
2509,EMA_CONFIRMED_20_200,SHORT,2026-04-29T23:20,2253.45,2026-04-29T23:35,2257.5,3,0.25,980.56,-1.76,-0.18,978.8,Signal Flip
2510,EMA_CONFIRMED_20_200,SHORT,2026-04-29T23:55,2253.12,2026-04-30T00:30,2255.78,7,0.58,978.8,-1.15,-0.12,977.65,Signal Flip
2511,EMA_CONFIRMED_20_200,SHORT,2026-04-30T02:25,2265.26,2026-04-30T03:40,2255.04,15,1.25,977.65,4.41,0.45,982.06,Signal Flip
2512,EMA_CONFIRMED_20_200,SHORT,2026-04-30T04:05,2250.24,2026-04-30T05:35,2246.1,18,1.5,982.06,1.81,0.18,983.87,Signal Flip
2513,EMA_CONFIRMED_20_200,SHORT,2026-04-30T06:00,2241.64,2026-04-30T06:10,2245.85,2,0.17,983.87,-1.85,-0.19,982.02,Signal Flip
2514,EMA_CONFIRMED_20_200,SHORT,2026-04-30T06:15,2242.88,2026-04-30T06:20,2247.31,1,0.08,982.02,-1.94,-0.2,980.07,Signal Flip
2515,EMA_CONFIRMED_20_200,SHORT,2026-04-30T09:00,2255.52,2026-04-30T09:05,2259.39,1,0.08,980.07,-1.68,-0.17,978.39,Signal Flip
2516,EMA_CONFIRMED_20_200,LONG,2026-04-30T09:45,2263.79,2026-04-30T10:15,2260.25,6,0.5,978.39,-1.53,-0.16,976.86,Signal Flip
2517,EMA_CONFIRMED_20_200,LONG,2026-04-30T10:40,2263.17,2026-04-30T10:50,2259.33,2,0.17,976.86,-1.66,-0.17,975.2,Signal Flip
2518,EMA_CONFIRMED_20_200,LONG,2026-04-30T11:00,2263.13,2026-04-30T11:45,2257.32,9,0.75,975.2,-2.5,-0.26,972.7,Signal Flip
2519,EMA_CONFIRMED_20_200,LONG,2026-04-30T12:20,2264.35,2026-04-30T13:15,2262.56,11,0.92,972.7,-0.77,-0.08,971.93,Signal Flip
2520,EMA_CONFIRMED_20_200,LONG,2026-04-30T13:40,2265.29,2026-04-30T13:55,2263.06,3,0.25,971.93,-0.96,-0.1,970.97,Signal Flip
2521,EMA_CONFIRMED_20_200,LONG,2026-04-30T14:05,2269.22,2026-04-30T14:10,2263.5,1,0.08,970.97,-2.45,-0.25,968.52,Signal Flip
2522,EMA_CONFIRMED_20_200,LONG,2026-04-30T14:50,2265.93,2026-04-30T15:05,2260.31,3,0.25,968.52,-2.4,-0.25,966.12,Signal Flip
2523,EMA_CONFIRMED_20_200,LONG,2026-04-30T15:10,2267.21,2026-04-30T16:10,2263.0,12,1.0,966.12,-1.8,-0.19,964.32,Signal Flip
2524,EMA_CONFIRMED_20_200,LONG,2026-04-30T16:15,2266.74,2026-04-30T16:20,2260.46,1,0.08,964.32,-2.67,-0.28,961.65,Signal Flip
2525,EMA_CONFIRMED_20_200,SHORT,2026-04-30T17:05,2256.46,2026-04-30T18:05,2261.93,12,1.0,961.65,-2.33,-0.24,959.32,Signal Flip
2526,EMA_CONFIRMED_20_200,SHORT,2026-04-30T18:10,2256.24,2026-04-30T18:20,2261.66,2,0.17,959.32,-2.3,-0.24,957.01,Signal Flip
2527,EMA_CONFIRMED_20_200,SHORT,2026-04-30T18:30,2254.82,2026-04-30T18:40,2259.45,2,0.17,957.01,-1.96,-0.21,955.05,Signal Flip
2528,EMA_CONFIRMED_20_200,LONG,2026-04-30T19:35,2266.93,2026-04-30T19:55,2261.04,4,0.33,955.05,-2.48,-0.26,952.57,Signal Flip
2529,EMA_CONFIRMED_20_200,LONG,2026-04-30T20:15,2265.06,2026-04-30T21:10,2260.48,11,0.92,952.57,-1.93,-0.2,950.64,Signal Flip
2530,EMA_CONFIRMED_20_200,LONG,2026-04-30T21:15,2265.23,2026-04-30T21:20,2260.51,1,0.08,950.64,-1.98,-0.21,948.66,Signal Flip
2531,EMA_CONFIRMED_20_200,SHORT,2026-04-30T21:50,2256.31,2026-04-30T22:20,2261.15,6,0.5,948.66,-2.03,-0.21,946.62,Signal Flip
2532,EMA_CONFIRMED_20_200,SHORT,2026-04-30T22:35,2256.7,2026-04-30T23:35,2258.28,12,1.0,946.62,-0.66,-0.07,945.96,Signal Flip
2533,EMA_CONFIRMED_20_200,SHORT,2026-05-01T00:00,2256.38,2026-05-01T00:05,2264.77,1,0.08,945.96,-3.52,-0.37,942.44,Signal Flip
2534,EMA_CONFIRMED_20_200,SHORT,2026-05-01T00:55,2259.28,2026-05-01T01:05,2262.88,2,0.17,942.44,-1.5,-0.16,940.94,Signal Flip
2535,EMA_CONFIRMED_20_200,LONG,2026-05-01T01:10,2265.17,2026-05-01T04:30,2278.17,40,3.33,940.94,5.4,0.57,946.34,Signal Flip
2536,EMA_CONFIRMED_20_200,LONG,2026-05-01T04:35,2280.99,2026-05-01T06:40,2279.68,25,2.08,946.34,-0.54,-0.06,945.8,Signal Flip
2537,EMA_CONFIRMED_20_200,LONG,2026-05-01T07:50,2281.33,2026-05-01T08:05,2277.55,3,0.25,945.8,-1.57,-0.17,944.23,Signal Flip
2538,EMA_CONFIRMED_20_200,LONG,2026-05-01T08:10,2281.59,2026-05-01T09:35,2282.74,17,1.42,944.23,0.48,0.05,944.71,Signal Flip
2539,EMA_CONFIRMED_20_200,LONG,2026-05-01T10:25,2286.14,2026-05-01T10:40,2278.78,3,0.25,944.71,-3.04,-0.32,941.66,Signal Flip
2540,EMA_CONFIRMED_20_200,LONG,2026-05-01T11:00,2283.67,2026-05-01T11:10,2280.83,2,0.17,941.66,-1.17,-0.12,940.49,Signal Flip
2541,EMA_CONFIRMED_20_200,LONG,2026-05-01T11:15,2285.03,2026-05-01T14:30,2308.11,39,3.25,940.49,9.5,1.01,949.99,Signal Flip
2542,EMA_CONFIRMED_20_200,LONG,2026-05-01T14:50,2311.46,2026-05-01T14:55,2305.89,1,0.08,949.99,-2.29,-0.24,947.7,Signal Flip
2543,EMA_CONFIRMED_20_200,LONG,2026-05-01T15:15,2311.01,2026-05-01T15:25,2307.16,2,0.17,947.7,-1.58,-0.17,946.12,Signal Flip
2544,EMA_CONFIRMED_20_200,LONG,2026-05-01T15:30,2310.28,2026-05-01T15:55,2304.13,5,0.42,946.12,-2.52,-0.27,943.6,Signal Flip
2545,EMA_CONFIRMED_20_200,LONG,2026-05-01T16:05,2313.96,2026-05-01T16:10,2307.05,1,0.08,943.6,-2.82,-0.3,940.78,Signal Flip
2546,EMA_CONFIRMED_20_200,LONG,2026-05-01T17:15,2308.42,2026-05-01T17:25,2302.14,2,0.17,940.78,-2.56,-0.27,938.22,Signal Flip
2547,EMA_CONFIRMED_20_200,LONG,2026-05-01T17:40,2311.71,2026-05-01T18:35,2305.7,11,0.92,938.22,-2.44,-0.26,935.78,Signal Flip
2548,EMA_CONFIRMED_20_200,LONG,2026-05-01T19:10,2308.4,2026-05-01T19:15,2304.96,1,0.08,935.78,-1.4,-0.15,934.38,Signal Flip
2549,EMA_CONFIRMED_20_200,SHORT,2026-05-01T21:20,2287.82,2026-05-01T22:00,2293.82,8,0.67,934.38,-2.45,-0.26,931.93,Signal Flip
2550,EMA_CONFIRMED_20_200,LONG,2026-05-01T22:35,2296.68,2026-05-01T22:50,2290.44,3,0.25,931.93,-2.53,-0.27,929.4,Signal Flip
2551,EMA_CONFIRMED_20_200,SHORT,2026-05-01T22:50,2290.44,2026-05-01T23:50,2294.73,12,1.0,929.4,-1.74,-0.19,927.66,Signal Flip
2552,EMA_CONFIRMED_20_200,LONG,2026-05-02T00:45,2299.04,2026-05-02T02:10,2296.27,17,1.42,927.66,-1.12,-0.12,926.55,Signal Flip
2553,EMA_CONFIRMED_20_200,LONG,2026-05-02T02:20,2299.26,2026-05-02T02:25,2296.1,1,0.08,926.55,-1.27,-0.14,925.27,Signal Flip
2554,EMA_CONFIRMED_20_200,LONG,2026-05-02T02:40,2300.28,2026-05-02T04:10,2300.6,18,1.5,925.27,0.13,0.01,925.4,Signal Flip
2555,EMA_CONFIRMED_20_200,LONG,2026-05-02T04:20,2303.95,2026-05-02T04:30,2301.64,2,0.17,925.4,-0.93,-0.1,924.47,Signal Flip
2556,EMA_CONFIRMED_20_200,LONG,2026-05-02T04:35,2304.42,2026-05-02T04:40,2301.3,1,0.08,924.47,-1.25,-0.14,923.22,Signal Flip
2557,EMA_CONFIRMED_20_200,LONG,2026-05-02T06:05,2302.58,2026-05-02T06:15,2298.51,2,0.17,923.22,-1.63,-0.18,921.59,Signal Flip
2558,EMA_CONFIRMED_20_200,LONG,2026-05-02T06:40,2301.78,2026-05-02T07:40,2301.55,12,1.0,921.59,-0.09,-0.01,921.49,Signal Flip
2559,EMA_CONFIRMED_20_200,LONG,2026-05-02T08:25,2303.47,2026-05-02T10:10,2303.0,21,1.75,921.49,-0.19,-0.02,921.31,Signal Flip
2560,EMA_CONFIRMED_20_200,LONG,2026-05-02T10:15,2306.01,2026-05-02T10:25,2302.91,2,0.17,921.31,-1.24,-0.13,920.07,Signal Flip
2561,EMA_CONFIRMED_20_200,LONG,2026-05-02T11:25,2306.09,2026-05-02T11:35,2301.5,2,0.17,920.07,-1.83,-0.2,918.23,Signal Flip
2562,EMA_CONFIRMED_20_200,LONG,2026-05-02T12:25,2304.56,2026-05-02T12:55,2301.91,6,0.5,918.23,-1.06,-0.12,917.18,Signal Flip
2563,EMA_CONFIRMED_20_200,LONG,2026-05-02T13:00,2304.68,2026-05-02T14:15,2304.73,15,1.25,917.18,0.02,0.0,917.19,Signal Flip
2564,EMA_CONFIRMED_20_200,LONG,2026-05-02T14:35,2309.14,2026-05-02T14:40,2304.48,1,0.08,917.19,-1.85,-0.2,915.34,Signal Flip
2565,EMA_CONFIRMED_20_200,LONG,2026-05-02T14:50,2307.88,2026-05-02T15:20,2304.34,6,0.5,915.34,-1.41,-0.15,913.93,Signal Flip
2566,EMA_CONFIRMED_20_200,LONG,2026-05-02T15:25,2308.34,2026-05-02T15:30,2305.49,1,0.08,913.93,-1.13,-0.12,912.8,Signal Flip
2567,EMA_CONFIRMED_20_200,LONG,2026-05-02T15:35,2308.55,2026-05-02T15:50,2305.79,3,0.25,912.8,-1.09,-0.12,911.71,Signal Flip
2568,EMA_CONFIRMED_20_200,LONG,2026-05-02T15:55,2309.95,2026-05-02T16:35,2307.25,8,0.67,911.71,-1.07,-0.12,910.64,Signal Flip
2569,EMA_CONFIRMED_20_200,LONG,2026-05-02T16:40,2309.88,2026-05-02T16:45,2307.11,1,0.08,910.64,-1.1,-0.12,909.54,Signal Flip
2570,EMA_CONFIRMED_20_200,LONG,2026-05-02T16:50,2310.58,2026-05-02T17:20,2307.11,6,0.5,909.54,-1.37,-0.15,908.17,Signal Flip
2571,EMA_CONFIRMED_20_200,LONG,2026-05-02T18:20,2310.09,2026-05-02T20:05,2308.94,21,1.75,908.17,-0.45,-0.05,907.72,Signal Flip
2572,EMA_CONFIRMED_20_200,LONG,2026-05-02T20:25,2311.82,2026-05-02T20:50,2309.2,5,0.42,907.72,-1.03,-0.11,906.7,Signal Flip
2573,EMA_CONFIRMED_20_200,LONG,2026-05-02T20:55,2312.75,2026-05-02T21:15,2309.64,4,0.33,906.7,-1.22,-0.13,905.48,Signal Flip
2574,EMA_CONFIRMED_20_200,LONG,2026-05-02T21:20,2313.54,2026-05-02T22:25,2318.17,13,1.08,905.48,1.81,0.2,907.3,Signal Flip
2575,EMA_CONFIRMED_20_200,LONG,2026-05-02T22:35,2324.37,2026-05-02T23:20,2320.44,9,0.75,907.3,-1.53,-0.17,905.76,Signal Flip
2576,EMA_CONFIRMED_20_200,LONG,2026-05-02T23:30,2323.76,2026-05-02T23:35,2320.5,1,0.08,905.76,-1.27,-0.14,904.49,Signal Flip
2577,EMA_CONFIRMED_20_200,SHORT,2026-05-03T01:45,2303.53,2026-05-03T03:35,2304.15,22,1.83,904.49,-0.24,-0.03,904.24,Signal Flip
2578,EMA_CONFIRMED_20_200,SHORT,2026-05-03T03:45,2299.22,2026-05-03T04:25,2304.43,8,0.67,904.24,-2.05,-0.23,902.19,Signal Flip
2579,EMA_CONFIRMED_20_200,SHORT,2026-05-03T04:45,2300.56,2026-05-03T05:05,2304.78,4,0.33,902.19,-1.66,-0.18,900.54,Signal Flip
2580,EMA_CONFIRMED_20_200,SHORT,2026-05-03T05:40,2301.34,2026-05-03T05:50,2304.79,2,0.17,900.54,-1.35,-0.15,899.19,Signal Flip
2581,EMA_CONFIRMED_20_200,SHORT,2026-05-03T06:05,2301.58,2026-05-03T06:50,2303.33,9,0.75,899.19,-0.68,-0.08,898.5,Signal Flip
2582,EMA_CONFIRMED_20_200,LONG,2026-05-03T07:45,2311.5,2026-05-03T08:30,2307.65,9,0.75,898.5,-1.5,-0.17,897.01,Signal Flip
2583,EMA_CONFIRMED_20_200,LONG,2026-05-03T08:40,2310.58,2026-05-03T08:55,2307.85,3,0.25,897.01,-1.06,-0.12,895.94,Signal Flip
2584,EMA_CONFIRMED_20_200,LONG,2026-05-03T09:25,2312.7,2026-05-03T10:25,2310.98,12,1.0,895.94,-0.66,-0.07,895.28,Signal Flip
2585,EMA_CONFIRMED_20_200,LONG,2026-05-03T10:35,2316.25,2026-05-03T10:50,2311.03,3,0.25,895.28,-2.02,-0.23,893.26,Signal Flip
2586,EMA_CONFIRMED_20_200,LONG,2026-05-03T11:10,2315.05,2026-05-03T13:45,2321.35,31,2.58,893.26,2.43,0.27,895.7,Signal Flip
2587,EMA_CONFIRMED_20_200,LONG,2026-05-03T14:05,2326.17,2026-05-03T14:25,2322.05,4,0.33,895.7,-1.59,-0.18,894.11,Signal Flip
2588,EMA_CONFIRMED_20_200,LONG,2026-05-03T14:30,2325.8,2026-05-03T14:50,2323.42,4,0.33,894.11,-0.92,-0.1,893.19,Signal Flip
2589,EMA_CONFIRMED_20_200,LONG,2026-05-03T14:55,2328.95,2026-05-03T15:40,2326.12,9,0.75,893.19,-1.09,-0.12,892.1,Signal Flip
2590,EMA_CONFIRMED_20_200,LONG,2026-05-03T15:55,2328.38,2026-05-03T16:10,2324.67,3,0.25,892.1,-1.42,-0.16,890.68,Signal Flip
2591,EMA_CONFIRMED_20_200,LONG,2026-05-03T16:30,2329.2,2026-05-03T17:05,2324.15,7,0.58,890.68,-1.93,-0.22,888.74,Signal Flip
2592,EMA_CONFIRMED_20_200,LONG,2026-05-03T17:15,2329.69,2026-05-03T18:10,2329.18,11,0.92,888.74,-0.19,-0.02,888.55,Signal Flip
2593,EMA_CONFIRMED_20_200,LONG,2026-05-03T18:20,2332.72,2026-05-03T18:35,2328.73,3,0.25,888.55,-1.52,-0.17,887.03,Signal Flip
2594,EMA_CONFIRMED_20_200,LONG,2026-05-03T18:45,2332.38,2026-05-03T19:05,2329.51,4,0.33,887.03,-1.09,-0.12,885.94,Signal Flip
2595,EMA_CONFIRMED_20_200,LONG,2026-05-03T19:10,2332.38,2026-05-03T19:15,2328.84,1,0.08,885.94,-1.34,-0.15,884.6,Signal Flip
2596,EMA_CONFIRMED_20_200,LONG,2026-05-03T19:35,2337.41,2026-05-03T20:50,2327.42,15,1.25,884.6,-3.78,-0.43,880.82,Signal Flip
2597,EMA_CONFIRMED_20_200,LONG,2026-05-03T21:15,2334.05,2026-05-03T21:20,2330.41,1,0.08,880.82,-1.37,-0.16,879.45,Signal Flip
2598,EMA_CONFIRMED_20_200,LONG,2026-05-03T21:35,2333.32,2026-05-03T21:40,2327.44,1,0.08,879.45,-2.22,-0.25,877.23,Signal Flip
2599,EMA_CONFIRMED_20_200,LONG,2026-05-03T22:05,2341.43,2026-05-03T23:15,2337.58,14,1.17,877.23,-1.44,-0.16,875.79,Signal Flip
2600,EMA_CONFIRMED_20_200,SHORT,2026-05-04T00:25,2310.22,2026-05-04T01:30,2321.34,13,1.08,875.79,-4.21,-0.48,871.58,Signal Flip
2601,EMA_CONFIRMED_20_200,LONG,2026-05-04T02:00,2352.39,2026-05-04T05:15,2383.16,39,3.25,871.58,11.4,1.31,882.98,Signal Flip
2602,EMA_CONFIRMED_20_200,LONG,2026-05-04T07:15,2373.26,2026-05-04T07:20,2369.67,1,0.08,882.98,-1.33,-0.15,881.65,Signal Flip
2603,EMA_CONFIRMED_20_200,LONG,2026-05-04T09:30,2364.02,2026-05-04T10:05,2344.53,7,0.58,881.65,-7.27,-0.82,874.38,Signal Flip
2604,EMA_CONFIRMED_20_200,SHORT,2026-05-04T10:25,2315.09,2026-05-04T12:20,2343.91,23,1.92,874.38,-10.88,-1.24,863.49,Signal Flip
2605,EMA_CONFIRMED_20_200,SHORT,2026-05-04T12:35,2336.06,2026-05-04T12:45,2342.54,2,0.17,863.49,-2.39,-0.28,861.1,Signal Flip
2606,EMA_CONFIRMED_20_200,SHORT,2026-05-04T13:00,2334.36,2026-05-04T13:30,2339.97,6,0.5,861.1,-2.07,-0.24,859.03,Signal Flip
2607,EMA_CONFIRMED_20_200,SHORT,2026-05-04T13:45,2335.43,2026-05-04T14:15,2341.8,6,0.5,859.03,-2.34,-0.27,856.68,Signal Flip
2608,EMA_CONFIRMED_20_200,LONG,2026-05-04T14:55,2379.33,2026-05-04T15:20,2346.22,5,0.42,856.68,-11.92,-1.39,844.76,Signal Flip
2609,EMA_CONFIRMED_20_200,LONG,2026-05-04T15:45,2354.86,2026-05-04T15:50,2346.12,1,0.08,844.76,-3.14,-0.37,841.63,Signal Flip
2610,EMA_CONFIRMED_20_200,LONG,2026-05-04T16:20,2357.31,2026-05-04T18:25,2364.82,25,2.08,841.63,2.68,0.32,844.31,Signal Flip
2611,EMA_CONFIRMED_20_200,LONG,2026-05-04T21:05,2355.44,2026-05-04T22:30,2358.7,17,1.42,844.31,1.17,0.14,845.48,Signal Flip
2612,EMA_CONFIRMED_20_200,LONG,2026-05-04T22:50,2360.49,2026-05-04T22:55,2353.41,1,0.08,845.48,-2.53,-0.3,842.94,Signal Flip
2613,EMA_CONFIRMED_20_200,SHORT,2026-05-04T23:40,2345.78,2026-05-05T00:05,2352.7,5,0.42,842.94,-2.49,-0.29,840.46,Signal Flip
2614,EMA_CONFIRMED_20_200,SHORT,2026-05-05T00:10,2348.74,2026-05-05T00:15,2352.45,1,0.08,840.46,-1.33,-0.16,839.13,Signal Flip
2615,EMA_CONFIRMED_20_200,SHORT,2026-05-05T00:20,2349.91,2026-05-05T00:35,2356.18,3,0.25,839.13,-2.24,-0.27,836.89,Signal Flip
2616,EMA_CONFIRMED_20_200,LONG,2026-05-05T01:10,2360.64,2026-05-05T02:50,2363.18,20,1.67,836.89,0.9,0.11,837.79,Signal Flip
2617,EMA_CONFIRMED_20_200,LONG,2026-05-05T02:55,2367.18,2026-05-05T03:05,2364.51,2,0.17,837.79,-0.95,-0.11,836.84,Signal Flip
2618,EMA_CONFIRMED_20_200,LONG,2026-05-05T03:10,2368.69,2026-05-05T05:05,2377.08,23,1.92,836.84,2.96,0.35,839.81,Signal Flip
2619,EMA_CONFIRMED_20_200,LONG,2026-05-05T05:10,2380.6,2026-05-05T05:20,2377.82,2,0.17,839.81,-0.98,-0.12,838.83,Signal Flip
2620,EMA_CONFIRMED_20_200,LONG,2026-05-05T05:25,2386.06,2026-05-05T05:50,2377.62,5,0.42,838.83,-2.97,-0.35,835.86,Signal Flip
2621,EMA_CONFIRMED_20_200,LONG,2026-05-05T05:55,2382.42,2026-05-05T06:00,2379.0,1,0.08,835.86,-1.2,-0.14,834.66,Signal Flip
2622,EMA_CONFIRMED_20_200,LONG,2026-05-05T07:00,2380.03,2026-05-05T07:10,2375.15,2,0.17,834.66,-1.71,-0.2,832.95,Signal Flip
2623,EMA_CONFIRMED_20_200,LONG,2026-05-05T07:15,2382.55,2026-05-05T08:00,2379.4,9,0.75,832.95,-1.1,-0.13,831.85,Signal Flip
2624,EMA_CONFIRMED_20_200,LONG,2026-05-05T08:10,2383.0,2026-05-05T08:20,2378.68,2,0.17,831.85,-1.51,-0.18,830.34,Signal Flip
2625,EMA_CONFIRMED_20_200,LONG,2026-05-05T08:25,2382.76,2026-05-05T08:30,2377.15,1,0.08,830.34,-1.95,-0.24,828.38,Signal Flip
2626,EMA_CONFIRMED_20_200,LONG,2026-05-05T10:25,2373.24,2026-05-05T10:55,2372.24,6,0.5,828.38,-0.35,-0.04,828.04,Signal Flip
2627,EMA_CONFIRMED_20_200,LONG,2026-05-05T11:00,2379.61,2026-05-05T11:20,2373.59,4,0.33,828.04,-2.09,-0.25,825.94,Signal Flip
2628,EMA_CONFIRMED_20_200,LONG,2026-05-05T11:25,2377.5,2026-05-05T13:40,2386.66,27,2.25,825.94,3.18,0.39,829.13,Signal Flip
2629,EMA_CONFIRMED_20_200,LONG,2026-05-05T13:45,2390.84,2026-05-05T13:55,2386.71,2,0.17,829.13,-1.44,-0.17,827.69,Signal Flip
2630,EMA_CONFIRMED_20_200,LONG,2026-05-05T14:05,2392.6,2026-05-05T14:10,2386.73,1,0.08,827.69,-2.03,-0.25,825.66,Signal Flip
2631,EMA_CONFIRMED_20_200,LONG,2026-05-05T15:15,2384.87,2026-05-05T15:20,2380.09,1,0.08,825.66,-1.66,-0.2,824.0,Signal Flip
2632,EMA_CONFIRMED_20_200,LONG,2026-05-05T15:25,2385.18,2026-05-05T15:55,2381.8,6,0.5,824.0,-1.17,-0.14,822.83,Signal Flip
2633,EMA_CONFIRMED_20_200,SHORT,2026-05-05T16:55,2364.63,2026-05-05T18:15,2374.19,16,1.33,822.83,-3.33,-0.4,819.51,Signal Flip
2634,EMA_CONFIRMED_20_200,SHORT,2026-05-05T19:55,2370.37,2026-05-05T20:00,2373.13,1,0.08,819.51,-0.95,-0.12,818.56,Signal Flip
2635,EMA_CONFIRMED_20_200,LONG,2026-05-05T20:20,2381.73,2026-05-05T21:15,2376.98,11,0.92,818.56,-1.63,-0.2,816.92,Signal Flip
2636,EMA_CONFIRMED_20_200,LONG,2026-05-05T21:55,2378.62,2026-05-05T22:00,2374.24,1,0.08,816.92,-1.5,-0.18,815.42,Signal Flip
2637,EMA_CONFIRMED_20_200,LONG,2026-05-05T22:05,2380.17,2026-05-05T22:10,2375.59,1,0.08,815.42,-1.57,-0.19,813.85,Signal Flip
2638,EMA_CONFIRMED_20_200,LONG,2026-05-05T22:30,2377.96,2026-05-05T22:35,2365.85,1,0.08,813.85,-4.15,-0.51,809.71,Signal Flip
2639,EMA_CONFIRMED_20_200,SHORT,2026-05-05T22:40,2360.61,2026-05-06T00:55,2366.96,27,2.25,809.71,-2.18,-0.27,807.53,Signal Flip
2640,EMA_CONFIRMED_20_200,SHORT,2026-05-06T02:20,2368.26,2026-05-06T03:00,2370.93,8,0.67,807.53,-0.91,-0.11,806.61,Signal Flip
2641,EMA_CONFIRMED_20_200,LONG,2026-05-06T03:45,2377.55,2026-05-06T04:30,2371.73,9,0.75,806.61,-1.97,-0.24,804.64,Signal Flip
2642,EMA_CONFIRMED_20_200,LONG,2026-05-06T04:50,2374.45,2026-05-06T04:55,2366.11,1,0.08,804.64,-2.83,-0.35,801.82,Signal Flip
2643,EMA_CONFIRMED_20_200,SHORT,2026-05-06T05:05,2365.31,2026-05-06T06:05,2367.23,12,1.0,801.82,-0.65,-0.08,801.16,Signal Flip
2644,EMA_CONFIRMED_20_200,SHORT,2026-05-06T06:10,2361.58,2026-05-06T06:30,2366.68,4,0.33,801.16,-1.73,-0.22,799.43,Signal Flip
2645,EMA_CONFIRMED_20_200,LONG,2026-05-06T08:05,2376.77,2026-05-06T11:45,2408.8,44,3.67,799.43,10.78,1.35,810.21,Signal Flip
2646,EMA_CONFIRMED_20_200,LONG,2026-05-06T11:50,2413.57,2026-05-06T11:55,2409.26,1,0.08,810.21,-1.44,-0.18,808.76,Signal Flip
2647,EMA_CONFIRMED_20_200,LONG,2026-05-06T12:25,2411.68,2026-05-06T12:30,2408.51,1,0.08,808.76,-1.06,-0.13,807.7,Signal Flip
2648,EMA_CONFIRMED_20_200,LONG,2026-05-06T12:35,2412.71,2026-05-06T12:40,2407.68,1,0.08,807.7,-1.68,-0.21,806.02,Signal Flip
2649,EMA_CONFIRMED_20_200,SHORT,2026-05-06T14:10,2357.6,2026-05-06T16:15,2364.64,25,2.08,806.02,-2.41,-0.3,803.61,Signal Flip
2650,EMA_CONFIRMED_20_200,SHORT,2026-05-06T16:20,2358.72,2026-05-06T19:55,2349.67,43,3.58,803.61,3.08,0.38,806.69,Signal Flip
2651,EMA_CONFIRMED_20_200,SHORT,2026-05-06T20:35,2345.34,2026-05-06T21:00,2352.12,5,0.42,806.69,-2.33,-0.29,804.36,Signal Flip
2652,EMA_CONFIRMED_20_200,SHORT,2026-05-06T21:15,2347.47,2026-05-06T21:20,2350.88,1,0.08,804.36,-1.17,-0.15,803.19,Signal Flip
2653,EMA_CONFIRMED_20_200,SHORT,2026-05-06T22:10,2348.62,2026-05-06T23:25,2350.05,15,1.25,803.19,-0.49,-0.06,802.7,Signal Flip
2654,EMA_CONFIRMED_20_200,SHORT,2026-05-06T23:40,2346.15,2026-05-06T23:45,2350.15,1,0.08,802.7,-1.37,-0.17,801.32,Signal Flip
2655,EMA_CONFIRMED_20_200,SHORT,2026-05-07T00:25,2345.2,2026-05-07T03:40,2323.67,39,3.25,801.32,7.36,0.92,808.68,Signal Flip
2656,EMA_CONFIRMED_20_200,SHORT,2026-05-07T04:05,2320.2,2026-05-07T04:15,2325.18,2,0.17,808.68,-1.74,-0.21,806.94,Signal Flip
2657,EMA_CONFIRMED_20_200,SHORT,2026-05-07T06:10,2324.98,2026-05-07T06:35,2333.9,5,0.42,806.94,-3.1,-0.38,803.85,Signal Flip
2658,EMA_CONFIRMED_20_200,SHORT,2026-05-07T08:20,2336.24,2026-05-07T11:05,2331.19,33,2.75,803.85,1.74,0.22,805.59,Signal Flip
2659,EMA_CONFIRMED_20_200,SHORT,2026-05-07T11:30,2326.9,2026-05-07T11:35,2331.25,1,0.08,805.59,-1.51,-0.19,804.08,Signal Flip
2660,EMA_CONFIRMED_20_200,SHORT,2026-05-07T11:50,2326.93,2026-05-07T12:00,2331.1,2,0.17,804.08,-1.44,-0.18,802.64,Signal Flip
2661,EMA_CONFIRMED_20_200,SHORT,2026-05-07T13:05,2329.18,2026-05-07T16:30,2298.5,41,3.42,802.64,10.57,1.32,813.21,Signal Flip
2662,EMA_CONFIRMED_20_200,SHORT,2026-05-07T16:35,2293.22,2026-05-07T17:55,2295.47,16,1.33,813.21,-0.8,-0.1,812.42,Signal Flip
2663,EMA_CONFIRMED_20_200,SHORT,2026-05-07T18:45,2294.83,2026-05-07T19:40,2297.14,11,0.92,812.42,-0.82,-0.1,811.6,Signal Flip
2664,EMA_CONFIRMED_20_200,SHORT,2026-05-07T19:45,2292.54,2026-05-07T20:00,2297.13,3,0.25,811.6,-1.62,-0.2,809.98,Signal Flip
2665,EMA_CONFIRMED_20_200,SHORT,2026-05-07T20:20,2292.4,2026-05-07T21:30,2294.98,14,1.17,809.98,-0.91,-0.11,809.07,Signal Flip
2666,EMA_CONFIRMED_20_200,SHORT,2026-05-07T21:45,2289.46,2026-05-07T21:50,2293.11,1,0.08,809.07,-1.29,-0.16,807.78,Signal Flip
2667,EMA_CONFIRMED_20_200,SHORT,2026-05-07T21:55,2289.71,2026-05-07T23:05,2289.96,14,1.17,807.78,-0.09,-0.01,807.69,Signal Flip
2668,EMA_CONFIRMED_20_200,SHORT,2026-05-07T23:20,2285.62,2026-05-07T23:25,2289.54,1,0.08,807.69,-1.39,-0.17,806.3,Signal Flip
2669,EMA_CONFIRMED_20_200,SHORT,2026-05-08T00:30,2289.32,2026-05-08T02:35,2283.52,25,2.08,806.3,2.04,0.25,808.35,Signal Flip
2670,EMA_CONFIRMED_20_200,SHORT,2026-05-08T02:40,2277.71,2026-05-08T02:50,2282.77,2,0.17,808.35,-1.8,-0.22,806.55,Signal Flip
2671,EMA_CONFIRMED_20_200,SHORT,2026-05-08T02:55,2278.51,2026-05-08T03:25,2280.29,6,0.5,806.55,-0.63,-0.08,805.92,Signal Flip
2672,EMA_CONFIRMED_20_200,SHORT,2026-05-08T04:00,2277.63,2026-05-08T04:05,2281.73,1,0.08,805.92,-1.45,-0.18,804.47,Signal Flip
2673,EMA_CONFIRMED_20_200,SHORT,2026-05-08T04:35,2278.06,2026-05-08T04:50,2281.41,3,0.25,804.47,-1.18,-0.15,803.29,Signal Flip
2674,EMA_CONFIRMED_20_200,SHORT,2026-05-08T05:20,2279.22,2026-05-08T05:35,2283.45,3,0.25,803.29,-1.49,-0.19,801.8,Signal Flip
2675,EMA_CONFIRMED_20_200,SHORT,2026-05-08T05:50,2279.5,2026-05-08T07:35,2275.21,21,1.75,801.8,1.51,0.19,803.31,Signal Flip
2676,EMA_CONFIRMED_20_200,SHORT,2026-05-08T09:05,2279.88,2026-05-08T09:10,2287.59,1,0.08,803.31,-2.72,-0.34,800.59,Signal Flip
2677,EMA_CONFIRMED_20_200,SHORT,2026-05-08T09:50,2281.89,2026-05-08T10:05,2288.71,3,0.25,800.59,-2.39,-0.3,798.19,Signal Flip
2678,EMA_CONFIRMED_20_200,SHORT,2026-05-08T10:10,2281.64,2026-05-08T10:35,2287.92,5,0.42,798.19,-2.2,-0.28,796.0,Signal Flip
2679,EMA_CONFIRMED_20_200,LONG,2026-05-08T11:25,2294.25,2026-05-08T12:25,2289.56,12,1.0,796.0,-1.62,-0.2,794.37,Signal Flip
2680,EMA_CONFIRMED_20_200,LONG,2026-05-08T12:30,2294.35,2026-05-08T12:40,2290.11,2,0.17,794.37,-1.47,-0.18,792.91,Signal Flip
2681,EMA_CONFIRMED_20_200,SHORT,2026-05-08T13:15,2274.98,2026-05-08T14:05,2281.99,10,0.83,792.91,-2.44,-0.31,790.46,Signal Flip
2682,EMA_CONFIRMED_20_200,SHORT,2026-05-08T14:30,2280.35,2026-05-08T14:35,2284.54,1,0.08,790.46,-1.45,-0.18,789.01,Signal Flip
2683,EMA_CONFIRMED_20_200,SHORT,2026-05-08T15:05,2281.35,2026-05-08T15:35,2283.38,6,0.5,789.01,-0.7,-0.09,788.31,Signal Flip
2684,EMA_CONFIRMED_20_200,LONG,2026-05-08T16:30,2291.16,2026-05-08T20:05,2313.27,43,3.58,788.31,7.61,0.97,795.92,Signal Flip
2685,EMA_CONFIRMED_20_200,LONG,2026-05-08T21:35,2312.11,2026-05-08T22:30,2311.95,11,0.92,795.92,-0.05,-0.01,795.86,Signal Flip
2686,EMA_CONFIRMED_20_200,LONG,2026-05-08T22:35,2315.12,2026-05-08T22:40,2311.8,1,0.08,795.86,-1.14,-0.14,794.73,Signal Flip
2687,EMA_CONFIRMED_20_200,LONG,2026-05-09T00:25,2310.04,2026-05-09T01:00,2307.4,7,0.58,794.73,-0.91,-0.11,793.81,Signal Flip
2688,EMA_CONFIRMED_20_200,LONG,2026-05-09T01:05,2310.73,2026-05-09T03:35,2313.41,30,2.5,793.81,0.92,0.12,794.73,Signal Flip
2689,EMA_CONFIRMED_20_200,LONG,2026-05-09T04:05,2319.41,2026-05-09T04:30,2315.6,5,0.42,794.73,-1.3,-0.16,793.43,Signal Flip
2690,EMA_CONFIRMED_20_200,LONG,2026-05-09T05:20,2316.71,2026-05-09T05:50,2314.05,6,0.5,793.43,-0.91,-0.11,792.52,Signal Flip
2691,EMA_CONFIRMED_20_200,LONG,2026-05-09T06:05,2318.84,2026-05-09T06:20,2314.21,3,0.25,792.52,-1.58,-0.2,790.94,Signal Flip
2692,EMA_CONFIRMED_20_200,LONG,2026-05-09T06:30,2318.15,2026-05-09T06:40,2313.48,2,0.17,790.94,-1.59,-0.2,789.35,Signal Flip
2693,EMA_CONFIRMED_20_200,LONG,2026-05-09T07:20,2317.04,2026-05-09T07:50,2313.92,6,0.5,789.35,-1.06,-0.13,788.29,Signal Flip
2694,EMA_CONFIRMED_20_200,LONG,2026-05-09T08:05,2319.96,2026-05-09T08:50,2315.14,9,0.75,788.29,-1.64,-0.21,786.65,Signal Flip
2695,EMA_CONFIRMED_20_200,LONG,2026-05-09T08:55,2318.51,2026-05-09T09:00,2316.0,1,0.08,786.65,-0.85,-0.11,785.8,Signal Flip
2696,EMA_CONFIRMED_20_200,LONG,2026-05-09T10:40,2315.84,2026-05-09T10:50,2311.63,2,0.17,785.8,-1.43,-0.18,784.37,Signal Flip
2697,EMA_CONFIRMED_20_200,LONG,2026-05-09T11:05,2315.01,2026-05-09T11:40,2312.84,7,0.58,784.37,-0.73,-0.09,783.64,Signal Flip
2698,EMA_CONFIRMED_20_200,LONG,2026-05-09T12:00,2315.72,2026-05-09T12:15,2313.02,3,0.25,783.64,-0.91,-0.12,782.73,Signal Flip
2699,EMA_CONFIRMED_20_200,LONG,2026-05-09T12:20,2315.78,2026-05-09T12:40,2313.31,4,0.33,782.73,-0.83,-0.11,781.89,Signal Flip
2700,EMA_CONFIRMED_20_200,LONG,2026-05-09T12:45,2316.44,2026-05-09T13:05,2314.14,4,0.33,781.89,-0.77,-0.1,781.12,Signal Flip
2701,EMA_CONFIRMED_20_200,LONG,2026-05-09T13:10,2317.62,2026-05-09T13:25,2311.92,3,0.25,781.12,-1.92,-0.25,779.2,Signal Flip
2702,EMA_CONFIRMED_20_200,SHORT,2026-05-09T14:40,2305.58,2026-05-09T15:30,2312.06,10,0.83,779.2,-2.19,-0.28,777.01,Signal Flip
2703,EMA_CONFIRMED_20_200,LONG,2026-05-09T16:00,2318.8,2026-05-09T18:55,2328.61,35,2.92,777.01,3.29,0.42,780.3,Signal Flip
2704,EMA_CONFIRMED_20_200,LONG,2026-05-09T19:00,2331.4,2026-05-09T19:05,2327.65,1,0.08,780.3,-1.25,-0.16,779.04,Signal Flip
2705,EMA_CONFIRMED_20_200,LONG,2026-05-09T19:10,2332.05,2026-05-09T19:20,2327.76,2,0.17,779.04,-1.43,-0.18,777.61,Signal Flip
2706,EMA_CONFIRMED_20_200,LONG,2026-05-09T19:50,2330.63,2026-05-09T20:10,2328.6,4,0.33,777.61,-0.68,-0.09,776.93,Signal Flip
2707,EMA_CONFIRMED_20_200,LONG,2026-05-09T20:45,2330.63,2026-05-09T20:50,2327.55,1,0.08,776.93,-1.03,-0.13,775.9,Signal Flip
2708,EMA_CONFIRMED_20_200,LONG,2026-05-09T20:55,2330.63,2026-05-09T21:25,2327.6,6,0.5,775.9,-1.01,-0.13,774.89,Signal Flip
2709,EMA_CONFIRMED_20_200,LONG,2026-05-09T21:30,2331.66,2026-05-09T21:40,2328.12,2,0.17,774.89,-1.18,-0.15,773.71,Signal Flip
2710,EMA_CONFIRMED_20_200,LONG,2026-05-09T21:45,2331.05,2026-05-09T22:55,2329.24,14,1.17,773.71,-0.6,-0.08,773.11,Signal Flip
2711,EMA_CONFIRMED_20_200,LONG,2026-05-10T00:20,2329.43,2026-05-10T00:30,2326.25,2,0.17,773.11,-1.06,-0.14,772.05,Signal Flip
2712,EMA_CONFIRMED_20_200,LONG,2026-05-10T00:35,2329.55,2026-05-10T00:40,2325.83,1,0.08,772.05,-1.24,-0.16,770.82,Signal Flip
2713,EMA_CONFIRMED_20_200,LONG,2026-05-10T01:55,2325.9,2026-05-10T02:05,2320.82,2,0.17,770.82,-1.68,-0.22,769.13,Signal Flip
2714,EMA_CONFIRMED_20_200,LONG,2026-05-10T02:25,2326.51,2026-05-10T03:30,2324.51,13,1.08,769.13,-0.66,-0.09,768.47,Signal Flip
2715,EMA_CONFIRMED_20_200,LONG,2026-05-10T03:35,2328.48,2026-05-10T04:05,2325.89,6,0.5,768.47,-0.86,-0.11,767.61,Signal Flip
2716,EMA_CONFIRMED_20_200,LONG,2026-05-10T04:10,2328.62,2026-05-10T04:20,2325.86,2,0.17,767.61,-0.91,-0.12,766.7,Signal Flip
2717,EMA_CONFIRMED_20_200,LONG,2026-05-10T04:25,2328.3,2026-05-10T04:45,2326.54,4,0.33,766.7,-0.58,-0.08,766.12,Signal Flip
2718,EMA_CONFIRMED_20_200,LONG,2026-05-10T04:50,2328.97,2026-05-10T05:45,2326.85,11,0.92,766.12,-0.7,-0.09,765.42,Signal Flip
2719,EMA_CONFIRMED_20_200,LONG,2026-05-10T06:05,2329.64,2026-05-10T06:20,2326.66,3,0.25,765.42,-0.98,-0.13,764.43,Signal Flip
2720,EMA_CONFIRMED_20_200,LONG,2026-05-10T06:40,2330.38,2026-05-10T07:15,2326.39,7,0.58,764.43,-1.31,-0.17,763.12,Signal Flip
2721,EMA_CONFIRMED_20_200,LONG,2026-05-10T07:20,2330.23,2026-05-10T07:35,2327.44,3,0.25,763.12,-0.92,-0.12,762.21,Signal Flip
2722,EMA_CONFIRMED_20_200,LONG,2026-05-10T07:40,2330.56,2026-05-10T07:55,2326.55,3,0.25,762.21,-1.31,-0.17,760.89,Signal Flip
2723,EMA_CONFIRMED_20_200,LONG,2026-05-10T08:10,2330.97,2026-05-10T09:25,2328.68,15,1.25,760.89,-0.75,-0.1,760.14,Signal Flip
2724,EMA_CONFIRMED_20_200,SHORT,2026-05-10T11:15,2323.0,2026-05-10T12:15,2324.75,12,1.0,760.14,-0.57,-0.08,759.57,Signal Flip
2725,EMA_CONFIRMED_20_200,SHORT,2026-05-10T12:20,2321.91,2026-05-10T12:25,2326.15,1,0.08,759.57,-1.39,-0.18,758.18,Signal Flip
2726,EMA_CONFIRMED_20_200,SHORT,2026-05-10T12:35,2322.2,2026-05-10T12:40,2325.21,1,0.08,758.18,-0.98,-0.13,757.2,Signal Flip
2727,EMA_CONFIRMED_20_200,SHORT,2026-05-10T12:50,2322.13,2026-05-10T13:00,2325.28,2,0.17,757.2,-1.03,-0.14,756.17,Signal Flip
2728,EMA_CONFIRMED_20_200,LONG,2026-05-10T13:30,2330.63,2026-05-10T14:30,2326.41,12,1.0,756.17,-1.37,-0.18,754.8,Signal Flip
2729,EMA_CONFIRMED_20_200,LONG,2026-05-10T14:35,2330.5,2026-05-10T14:50,2327.1,3,0.25,754.8,-1.1,-0.15,753.69,Signal Flip
2730,EMA_CONFIRMED_20_200,LONG,2026-05-10T14:55,2333.03,2026-05-10T18:45,2355.58,46,3.83,753.69,7.29,0.97,760.98,Signal Flip
2731,EMA_CONFIRMED_20_200,LONG,2026-05-10T18:50,2360.76,2026-05-10T19:05,2352.62,3,0.25,760.98,-2.62,-0.34,758.36,Signal Flip
2732,EMA_CONFIRMED_20_200,LONG,2026-05-10T19:15,2358.99,2026-05-10T20:15,2353.58,12,1.0,758.36,-1.74,-0.23,756.62,Signal Flip
2733,EMA_CONFIRMED_20_200,SHORT,2026-05-10T21:40,2329.31,2026-05-10T22:05,2340.1,5,0.42,756.62,-3.5,-0.46,753.11,Signal Flip
2734,EMA_CONFIRMED_20_200,LONG,2026-05-10T22:20,2352.62,2026-05-11T00:10,2367.04,22,1.83,753.11,4.62,0.61,757.73,Signal Flip
2735,EMA_CONFIRMED_20_200,LONG,2026-05-11T01:20,2365.25,2026-05-11T01:40,2357.53,4,0.33,757.73,-2.47,-0.33,755.26,Signal Flip
2736,EMA_CONFIRMED_20_200,LONG,2026-05-11T01:50,2362.92,2026-05-11T01:55,2357.35,1,0.08,755.26,-1.78,-0.24,753.48,Signal Flip
2737,EMA_CONFIRMED_20_200,SHORT,2026-05-11T03:15,2325.88,2026-05-11T04:35,2335.06,16,1.33,753.48,-2.97,-0.39,750.5,Signal Flip
2738,EMA_CONFIRMED_20_200,SHORT,2026-05-11T04:50,2328.84,2026-05-11T04:55,2336.55,1,0.08,750.5,-2.49,-0.33,748.02,Signal Flip
2739,EMA_CONFIRMED_20_200,SHORT,2026-05-11T05:00,2331.68,2026-05-11T05:05,2335.93,1,0.08,748.02,-1.36,-0.18,746.66,Signal Flip
2740,EMA_CONFIRMED_20_200,SHORT,2026-05-11T05:10,2331.77,2026-05-11T05:20,2336.87,2,0.17,746.66,-1.63,-0.22,745.02,Signal Flip
2741,EMA_CONFIRMED_20_200,SHORT,2026-05-11T05:45,2333.15,2026-05-11T05:50,2338.23,1,0.08,745.02,-1.62,-0.22,743.4,Signal Flip
2742,EMA_CONFIRMED_20_200,SHORT,2026-05-11T06:05,2333.82,2026-05-11T06:10,2339.58,1,0.08,743.4,-1.83,-0.25,741.57,Signal Flip
2743,EMA_CONFIRMED_20_200,SHORT,2026-05-11T06:45,2331.96,2026-05-11T08:20,2333.51,19,1.58,741.57,-0.49,-0.07,741.08,Signal Flip
2744,EMA_CONFIRMED_20_200,SHORT,2026-05-11T08:30,2326.65,2026-05-11T08:40,2332.89,2,0.17,741.08,-1.99,-0.27,739.09,Signal Flip
2745,EMA_CONFIRMED_20_200,SHORT,2026-05-11T09:00,2329.31,2026-05-11T09:05,2334.81,1,0.08,739.09,-1.74,-0.24,737.35,Signal Flip
2746,EMA_CONFIRMED_20_200,SHORT,2026-05-11T10:35,2332.8,2026-05-11T11:20,2335.18,9,0.75,737.35,-0.75,-0.1,736.6,Signal Flip
2747,EMA_CONFIRMED_20_200,SHORT,2026-05-11T11:25,2332.36,2026-05-11T11:35,2335.88,2,0.17,736.6,-1.11,-0.15,735.49,Signal Flip
2748,EMA_CONFIRMED_20_200,SHORT,2026-05-11T12:05,2332.53,2026-05-11T12:25,2339.4,4,0.33,735.49,-2.16,-0.29,733.32,Signal Flip
2749,EMA_CONFIRMED_20_200,SHORT,2026-05-11T12:45,2331.87,2026-05-11T14:10,2329.6,17,1.42,733.32,0.71,0.1,734.04,Signal Flip
2750,EMA_CONFIRMED_20_200,SHORT,2026-05-11T14:15,2325.13,2026-05-11T15:15,2322.33,12,1.0,734.04,0.88,0.12,734.92,Signal Flip
2751,EMA_CONFIRMED_20_200,SHORT,2026-05-11T16:45,2328.62,2026-05-11T16:50,2334.15,1,0.08,734.92,-1.75,-0.24,733.17,Signal Flip
2752,EMA_CONFIRMED_20_200,SHORT,2026-05-11T16:55,2330.66,2026-05-11T17:40,2335.52,9,0.75,733.17,-1.53,-0.21,731.65,Signal Flip
2753,EMA_CONFIRMED_20_200,LONG,2026-05-11T18:05,2341.34,2026-05-11T19:00,2334.18,11,0.92,731.65,-2.24,-0.31,729.41,Signal Flip
2754,EMA_CONFIRMED_20_200,LONG,2026-05-11T19:10,2339.84,2026-05-11T19:30,2335.99,4,0.33,729.41,-1.2,-0.16,728.21,Signal Flip
2755,EMA_CONFIRMED_20_200,LONG,2026-05-11T19:35,2339.02,2026-05-11T20:15,2336.91,8,0.67,728.21,-0.66,-0.09,727.55,Signal Flip
2756,EMA_CONFIRMED_20_200,LONG,2026-05-11T20:20,2340.97,2026-05-11T20:25,2337.96,1,0.08,727.55,-0.94,-0.13,726.62,Signal Flip
2757,EMA_CONFIRMED_20_200,LONG,2026-05-11T20:35,2341.77,2026-05-11T20:45,2336.8,2,0.17,726.62,-1.54,-0.21,725.08,Signal Flip
2758,EMA_CONFIRMED_20_200,LONG,2026-05-11T20:50,2340.98,2026-05-11T20:55,2337.62,1,0.08,725.08,-1.04,-0.14,724.04,Signal Flip
2759,EMA_CONFIRMED_20_200,LONG,2026-05-11T21:05,2340.42,2026-05-11T21:10,2336.97,1,0.08,724.04,-1.07,-0.15,722.97,Signal Flip
2760,EMA_CONFIRMED_20_200,LONG,2026-05-11T21:15,2341.65,2026-05-11T21:20,2336.7,1,0.08,722.97,-1.53,-0.21,721.44,Signal Flip
2761,EMA_CONFIRMED_20_200,LONG,2026-05-11T21:40,2340.75,2026-05-11T22:25,2339.2,9,0.75,721.44,-0.48,-0.07,720.96,Signal Flip
2762,EMA_CONFIRMED_20_200,LONG,2026-05-11T22:40,2341.48,2026-05-11T23:05,2338.28,5,0.42,720.96,-0.99,-0.14,719.98,Signal Flip
2763,EMA_CONFIRMED_20_200,LONG,2026-05-11T23:40,2342.0,2026-05-12T00:00,2338.71,4,0.33,719.98,-1.01,-0.14,718.97,Signal Flip
2764,EMA_CONFIRMED_20_200,SHORT,2026-05-12T01:00,2332.37,2026-05-12T03:00,2317.05,24,2.0,718.97,4.72,0.66,723.69,Signal Flip
2765,EMA_CONFIRMED_20_200,SHORT,2026-05-12T03:05,2313.95,2026-05-12T03:10,2317.45,1,0.08,723.69,-1.09,-0.15,722.6,Signal Flip
2766,EMA_CONFIRMED_20_200,SHORT,2026-05-12T03:15,2312.08,2026-05-12T04:25,2312.87,14,1.17,722.6,-0.24,-0.03,722.35,Signal Flip
2767,EMA_CONFIRMED_20_200,SHORT,2026-05-12T04:45,2310.69,2026-05-12T04:50,2314.92,1,0.08,722.35,-1.32,-0.18,721.03,Signal Flip
2768,EMA_CONFIRMED_20_200,SHORT,2026-05-12T04:55,2310.11,2026-05-12T05:05,2313.8,2,0.17,721.03,-1.15,-0.16,719.88,Signal Flip
2769,EMA_CONFIRMED_20_200,SHORT,2026-05-12T05:10,2309.8,2026-05-12T05:25,2313.67,3,0.25,719.88,-1.2,-0.17,718.68,Signal Flip
2770,EMA_CONFIRMED_20_200,SHORT,2026-05-12T05:35,2308.91,2026-05-12T05:40,2314.05,1,0.08,718.68,-1.6,-0.22,717.08,Signal Flip
2771,EMA_CONFIRMED_20_200,SHORT,2026-05-12T05:55,2310.67,2026-05-12T06:15,2313.07,4,0.33,717.08,-0.74,-0.1,716.34,Signal Flip
2772,EMA_CONFIRMED_20_200,SHORT,2026-05-12T06:30,2309.28,2026-05-12T09:35,2294.72,37,3.08,716.34,4.52,0.63,720.86,Signal Flip
2773,EMA_CONFIRMED_20_200,SHORT,2026-05-12T10:25,2289.14,2026-05-12T11:45,2288.03,16,1.33,720.86,0.35,0.05,721.21,Signal Flip
2774,EMA_CONFIRMED_20_200,SHORT,2026-05-12T12:05,2282.86,2026-05-12T12:10,2287.81,1,0.08,721.21,-1.57,-0.22,719.65,Signal Flip
2775,EMA_CONFIRMED_20_200,SHORT,2026-05-12T12:45,2285.66,2026-05-12T12:50,2290.48,1,0.08,719.65,-1.52,-0.21,718.13,Signal Flip
2776,EMA_CONFIRMED_20_200,SHORT,2026-05-12T13:15,2286.75,2026-05-12T16:15,2269.14,36,3.0,718.13,5.53,0.77,723.65,Signal Flip
2777,EMA_CONFIRMED_20_200,SHORT,2026-05-12T16:25,2266.7,2026-05-12T16:30,2269.14,1,0.08,723.65,-0.78,-0.11,722.87,Signal Flip
2778,EMA_CONFIRMED_20_200,SHORT,2026-05-12T16:35,2264.32,2026-05-12T17:05,2270.4,6,0.5,722.87,-1.94,-0.27,720.93,Signal Flip
2779,EMA_CONFIRMED_20_200,SHORT,2026-05-12T20:35,2281.53,2026-05-12T20:45,2284.8,2,0.17,720.93,-1.03,-0.14,719.89,Signal Flip
2780,EMA_CONFIRMED_20_200,SHORT,2026-05-12T20:50,2281.65,2026-05-12T20:55,2285.69,1,0.08,719.89,-1.28,-0.18,718.62,Signal Flip
2781,EMA_CONFIRMED_20_200,SHORT,2026-05-12T21:35,2283.58,2026-05-12T21:40,2286.25,1,0.08,718.62,-0.84,-0.12,717.78,Signal Flip
2782,EMA_CONFIRMED_20_200,SHORT,2026-05-12T21:45,2283.67,2026-05-12T22:00,2286.55,3,0.25,717.78,-0.91,-0.13,716.87,Signal Flip
2783,EMA_CONFIRMED_20_200,SHORT,2026-05-12T22:30,2284.67,2026-05-13T00:20,2284.8,22,1.83,716.87,-0.04,-0.01,716.83,Signal Flip
2784,EMA_CONFIRMED_20_200,SHORT,2026-05-13T01:00,2280.42,2026-05-13T01:05,2283.94,1,0.08,716.83,-1.11,-0.15,715.72,Signal Flip
2785,EMA_CONFIRMED_20_200,LONG,2026-05-13T01:45,2293.7,2026-05-13T05:20,2299.57,43,3.58,715.72,1.83,0.26,717.55,Signal Flip
2786,EMA_CONFIRMED_20_200,LONG,2026-05-13T06:10,2302.72,2026-05-13T06:55,2301.18,9,0.75,717.55,-0.48,-0.07,717.07,Signal Flip
2787,EMA_CONFIRMED_20_200,LONG,2026-05-13T07:45,2302.08,2026-05-13T07:50,2298.92,1,0.08,717.07,-0.98,-0.14,716.09,Signal Flip
2788,EMA_CONFIRMED_20_200,LONG,2026-05-13T08:00,2302.22,2026-05-13T10:15,2313.78,27,2.25,716.09,3.6,0.5,719.68,Signal Flip
2789,EMA_CONFIRMED_20_200,LONG,2026-05-13T12:05,2308.33,2026-05-13T12:10,2303.77,1,0.08,719.68,-1.42,-0.2,718.26,Signal Flip
2790,EMA_CONFIRMED_20_200,LONG,2026-05-13T12:20,2307.4,2026-05-13T12:25,2294.94,1,0.08,718.26,-3.88,-0.54,714.38,Signal Flip
2791,EMA_CONFIRMED_20_200,SHORT,2026-05-13T12:45,2280.64,2026-05-13T16:35,2253.79,46,3.83,714.38,8.41,1.18,722.79,Signal Flip
2792,EMA_CONFIRMED_20_200,SHORT,2026-05-13T16:50,2250.14,2026-05-13T17:05,2256.26,3,0.25,722.79,-1.96,-0.27,720.83,Signal Flip
2793,EMA_CONFIRMED_20_200,SHORT,2026-05-13T18:50,2258.64,2026-05-13T18:55,2261.74,1,0.08,720.83,-0.99,-0.14,719.84,Signal Flip
2794,EMA_CONFIRMED_20_200,SHORT,2026-05-13T19:00,2258.54,2026-05-13T20:05,2258.28,13,1.08,719.84,0.08,0.01,719.92,Signal Flip
2795,EMA_CONFIRMED_20_200,SHORT,2026-05-13T21:10,2255.46,2026-05-13T22:45,2258.62,19,1.58,719.92,-1.01,-0.14,718.92,Signal Flip
2796,EMA_CONFIRMED_20_200,SHORT,2026-05-13T23:30,2256.47,2026-05-13T23:55,2260.43,5,0.42,718.92,-1.26,-0.18,717.65,Signal Flip
2797,EMA_CONFIRMED_20_200,SHORT,2026-05-14T01:25,2262.35,2026-05-14T01:50,2265.8,5,0.42,717.65,-1.1,-0.15,716.56,Signal Flip
2798,EMA_CONFIRMED_20_200,SHORT,2026-05-14T02:05,2262.56,2026-05-14T02:10,2265.82,1,0.08,716.56,-1.03,-0.14,715.52,Signal Flip
2799,EMA_CONFIRMED_20_200,SHORT,2026-05-14T02:15,2260.76,2026-05-14T04:15,2250.79,24,2.0,715.52,3.15,0.44,718.68,Signal Flip
2800,EMA_CONFIRMED_20_200,LONG,2026-05-14T06:20,2273.29,2026-05-14T07:05,2264.71,9,0.75,718.68,-2.71,-0.38,715.97,Signal Flip
2801,EMA_CONFIRMED_20_200,LONG,2026-05-14T07:30,2267.65,2026-05-14T08:00,2264.36,6,0.5,715.97,-1.04,-0.15,714.93,Signal Flip
2802,EMA_CONFIRMED_20_200,LONG,2026-05-14T08:15,2269.51,2026-05-14T08:25,2264.87,2,0.17,714.93,-1.46,-0.2,713.46,Signal Flip
2803,EMA_CONFIRMED_20_200,LONG,2026-05-14T08:35,2270.96,2026-05-14T08:50,2264.7,3,0.25,713.46,-1.97,-0.28,711.49,Signal Flip
2804,EMA_CONFIRMED_20_200,LONG,2026-05-14T08:55,2268.84,2026-05-14T09:00,2265.22,1,0.08,711.49,-1.14,-0.16,710.35,Signal Flip
2805,EMA_CONFIRMED_20_200,SHORT,2026-05-14T09:40,2253.94,2026-05-14T10:20,2265.69,8,0.67,710.35,-3.7,-0.52,706.65,Signal Flip
2806,EMA_CONFIRMED_20_200,SHORT,2026-05-14T10:40,2258.82,2026-05-14T10:55,2263.57,3,0.25,706.65,-1.49,-0.21,705.17,Signal Flip
2807,EMA_CONFIRMED_20_200,SHORT,2026-05-14T11:15,2257.99,2026-05-14T12:35,2261.64,16,1.33,705.17,-1.14,-0.16,704.03,Signal Flip
2808,EMA_CONFIRMED_20_200,SHORT,2026-05-14T13:20,2256.36,2026-05-14T13:25,2265.87,1,0.08,704.03,-2.97,-0.42,701.06,Signal Flip
2809,EMA_CONFIRMED_20_200,SHORT,2026-05-14T13:35,2256.1,2026-05-14T13:50,2261.13,3,0.25,701.06,-1.56,-0.22,699.5,Signal Flip
2810,EMA_CONFIRMED_20_200,SHORT,2026-05-14T13:55,2255.74,2026-05-14T14:20,2266.05,5,0.42,699.5,-3.2,-0.46,696.3,Signal Flip
2811,EMA_CONFIRMED_20_200,LONG,2026-05-14T14:50,2282.33,2026-05-14T16:55,2296.44,25,2.08,696.3,4.3,0.62,700.6,Signal Flip
2812,EMA_CONFIRMED_20_200,LONG,2026-05-14T17:00,2317.51,2026-05-14T17:20,2299.01,4,0.33,700.6,-5.59,-0.8,695.01,Signal Flip
2813,EMA_CONFIRMED_20_200,LONG,2026-05-14T17:35,2305.58,2026-05-14T18:05,2302.4,6,0.5,695.01,-0.96,-0.14,694.05,Signal Flip
2814,EMA_CONFIRMED_20_200,LONG,2026-05-14T18:10,2312.36,2026-05-14T18:35,2306.66,5,0.42,694.05,-1.71,-0.25,692.34,Signal Flip
2815,EMA_CONFIRMED_20_200,LONG,2026-05-14T18:40,2310.03,2026-05-14T18:45,2307.0,1,0.08,692.34,-0.91,-0.13,691.43,Signal Flip
2816,EMA_CONFIRMED_20_200,LONG,2026-05-14T18:50,2310.45,2026-05-14T18:55,2307.16,1,0.08,691.43,-0.99,-0.14,690.44,Signal Flip
2817,EMA_CONFIRMED_20_200,LONG,2026-05-14T19:00,2310.79,2026-05-14T19:05,2307.34,1,0.08,690.44,-1.03,-0.15,689.41,Signal Flip
2818,EMA_CONFIRMED_20_200,LONG,2026-05-14T21:00,2299.23,2026-05-14T21:05,2294.67,1,0.08,689.41,-1.37,-0.2,688.04,Signal Flip
2819,EMA_CONFIRMED_20_200,LONG,2026-05-14T21:35,2298.99,2026-05-14T22:20,2294.51,9,0.75,688.04,-1.34,-0.19,686.7,Signal Flip
2820,EMA_CONFIRMED_20_200,LONG,2026-05-14T22:35,2300.98,2026-05-14T23:05,2293.25,6,0.5,686.7,-2.31,-0.34,684.4,Signal Flip
2821,EMA_CONFIRMED_20_200,LONG,2026-05-14T23:30,2297.51,2026-05-14T23:35,2293.57,1,0.08,684.4,-1.17,-0.17,683.22,Signal Flip
2822,EMA_CONFIRMED_20_200,LONG,2026-05-15T00:15,2293.07,2026-05-15T00:45,2286.31,6,0.5,683.22,-2.01,-0.29,681.21,Signal Flip
2823,EMA_CONFIRMED_20_200,LONG,2026-05-15T01:05,2295.32,2026-05-15T01:10,2290.18,1,0.08,681.21,-1.52,-0.22,679.69,Signal Flip
2824,EMA_CONFIRMED_20_200,SHORT,2026-05-15T02:00,2274.32,2026-05-15T02:55,2278.89,11,0.92,679.69,-1.36,-0.2,678.32,Signal Flip
2825,EMA_CONFIRMED_20_200,SHORT,2026-05-15T03:05,2273.65,2026-05-15T03:20,2276.77,3,0.25,678.32,-0.93,-0.14,677.39,Signal Flip
2826,EMA_CONFIRMED_20_200,SHORT,2026-05-15T03:35,2268.97,2026-05-15T06:40,2256.23,37,3.08,677.39,3.81,0.56,681.2,Signal Flip
2827,EMA_CONFIRMED_20_200,SHORT,2026-05-15T07:10,2253.65,2026-05-15T07:15,2263.22,1,0.08,681.2,-2.89,-0.42,678.31,Signal Flip
2828,EMA_CONFIRMED_20_200,SHORT,2026-05-15T08:05,2259.57,2026-05-15T09:30,2259.02,17,1.42,678.31,0.17,0.02,678.47,Signal Flip
2829,EMA_CONFIRMED_20_200,SHORT,2026-05-15T09:40,2256.18,2026-05-15T10:10,2258.0,6,0.5,678.47,-0.55,-0.08,677.93,Signal Flip
2830,EMA_CONFIRMED_20_200,SHORT,2026-05-15T10:20,2254.29,2026-05-15T10:45,2257.9,5,0.42,677.93,-1.08,-0.16,676.84,Signal Flip
2831,EMA_CONFIRMED_20_200,SHORT,2026-05-15T12:00,2256.43,2026-05-15T12:25,2259.14,5,0.42,676.84,-0.81,-0.12,676.03,Signal Flip
2832,EMA_CONFIRMED_20_200,SHORT,2026-05-15T12:35,2255.44,2026-05-15T15:50,2220.86,39,3.25,676.03,10.37,1.53,686.39,Signal Flip
2833,EMA_CONFIRMED_20_200,SHORT,2026-05-15T16:50,2222.16,2026-05-15T17:00,2225.7,2,0.17,686.39,-1.09,-0.16,685.3,Signal Flip
2834,EMA_CONFIRMED_20_200,SHORT,2026-05-15T18:20,2224.27,2026-05-15T18:25,2230.27,1,0.08,685.3,-1.85,-0.27,683.45,Signal Flip
2835,EMA_CONFIRMED_20_200,SHORT,2026-05-15T18:35,2225.48,2026-05-15T18:40,2230.25,1,0.08,683.45,-1.47,-0.21,681.98,Signal Flip
2836,EMA_CONFIRMED_20_200,SHORT,2026-05-15T18:55,2226.77,2026-05-15T19:00,2229.46,1,0.08,681.98,-0.83,-0.12,681.15,Signal Flip
2837,EMA_CONFIRMED_20_200,SHORT,2026-05-15T19:05,2223.08,2026-05-15T19:35,2228.16,6,0.5,681.15,-1.56,-0.23,679.6,Signal Flip
2838,EMA_CONFIRMED_20_200,SHORT,2026-05-15T19:45,2222.49,2026-05-15T20:30,2226.32,9,0.75,679.6,-1.17,-0.17,678.42,Signal Flip
2839,EMA_CONFIRMED_20_200,SHORT,2026-05-15T20:35,2221.18,2026-05-15T21:10,2224.73,7,0.58,678.42,-1.09,-0.16,677.34,Signal Flip
2840,EMA_CONFIRMED_20_200,SHORT,2026-05-15T21:25,2220.21,2026-05-15T22:20,2222.11,11,0.92,677.34,-0.58,-0.09,676.76,Signal Flip
2841,EMA_CONFIRMED_20_200,SHORT,2026-05-16T01:00,2225.88,2026-05-16T01:05,2228.32,1,0.08,676.76,-0.74,-0.11,676.01,Signal Flip
2842,EMA_CONFIRMED_20_200,SHORT,2026-05-16T01:30,2223.2,2026-05-16T01:50,2228.87,4,0.33,676.01,-1.73,-0.26,674.29,Signal Flip
2843,EMA_CONFIRMED_20_200,SHORT,2026-05-16T02:35,2226.86,2026-05-16T02:45,2229.4,2,0.17,674.29,-0.77,-0.11,673.52,Signal Flip
2844,EMA_CONFIRMED_20_200,SHORT,2026-05-16T03:45,2226.29,2026-05-16T05:00,2227.1,15,1.25,673.52,-0.25,-0.04,673.27,Signal Flip
2845,EMA_CONFIRMED_20_200,SHORT,2026-05-16T05:05,2224.55,2026-05-16T05:10,2226.94,1,0.08,673.27,-0.73,-0.11,672.54,Signal Flip
2846,EMA_CONFIRMED_20_200,SHORT,2026-05-16T05:20,2224.64,2026-05-16T05:30,2227.65,2,0.17,672.54,-0.91,-0.14,671.63,Signal Flip
2847,EMA_CONFIRMED_20_200,SHORT,2026-05-16T05:35,2224.49,2026-05-16T05:50,2227.73,3,0.25,671.63,-0.98,-0.15,670.65,Signal Flip
2848,EMA_CONFIRMED_20_200,SHORT,2026-05-16T06:00,2224.27,2026-05-16T06:05,2227.65,1,0.08,670.65,-1.02,-0.15,669.63,Signal Flip
2849,EMA_CONFIRMED_20_200,SHORT,2026-05-16T06:10,2222.85,2026-05-16T11:05,2178.68,59,4.92,669.63,13.31,1.99,682.94,Signal Flip
2850,EMA_CONFIRMED_20_200,SHORT,2026-05-16T11:55,2175.42,2026-05-16T12:05,2178.99,2,0.17,682.94,-1.12,-0.16,681.82,Signal Flip
2851,EMA_CONFIRMED_20_200,SHORT,2026-05-16T12:10,2175.26,2026-05-16T12:15,2178.03,1,0.08,681.82,-0.87,-0.13,680.95,Signal Flip
2852,EMA_CONFIRMED_20_200,SHORT,2026-05-16T12:20,2173.02,2026-05-16T12:25,2178.78,1,0.08,680.95,-1.8,-0.26,679.15,Signal Flip
2853,EMA_CONFIRMED_20_200,SHORT,2026-05-16T12:30,2174.68,2026-05-16T12:35,2178.65,1,0.08,679.15,-1.24,-0.18,677.91,Signal Flip
2854,EMA_CONFIRMED_20_200,SHORT,2026-05-16T13:00,2175.41,2026-05-16T13:20,2178.77,4,0.33,677.91,-1.05,-0.15,676.86,Signal Flip
2855,EMA_CONFIRMED_20_200,SHORT,2026-05-16T13:25,2173.56,2026-05-16T13:30,2178.16,1,0.08,676.86,-1.43,-0.21,675.43,Signal Flip
2856,EMA_CONFIRMED_20_200,SHORT,2026-05-16T13:35,2175.28,2026-05-16T13:45,2178.55,2,0.17,675.43,-1.01,-0.15,674.42,Signal Flip
2857,EMA_CONFIRMED_20_200,SHORT,2026-05-16T14:05,2173.19,2026-05-16T14:25,2178.4,4,0.33,674.42,-1.62,-0.24,672.8,Signal Flip
2858,EMA_CONFIRMED_20_200,SHORT,2026-05-16T15:25,2177.14,2026-05-16T15:35,2181.98,2,0.17,672.8,-1.5,-0.22,671.31,Signal Flip
2859,EMA_CONFIRMED_20_200,SHORT,2026-05-16T15:55,2178.13,2026-05-16T16:00,2181.09,1,0.08,671.31,-0.91,-0.14,670.39,Signal Flip
2860,EMA_CONFIRMED_20_200,SHORT,2026-05-16T16:10,2177.3,2026-05-16T17:20,2178.78,14,1.17,670.39,-0.46,-0.07,669.94,Signal Flip
2861,EMA_CONFIRMED_20_200,SHORT,2026-05-16T18:10,2177.02,2026-05-16T18:15,2179.56,1,0.08,669.94,-0.78,-0.12,669.16,Signal Flip
2862,EMA_CONFIRMED_20_200,SHORT,2026-05-16T18:20,2176.02,2026-05-16T18:30,2179.34,2,0.17,669.16,-1.02,-0.15,668.14,Signal Flip
2863,EMA_CONFIRMED_20_200,SHORT,2026-05-16T19:55,2178.7,2026-05-16T20:05,2183.55,2,0.17,668.14,-1.49,-0.22,666.65,Signal Flip
2864,EMA_CONFIRMED_20_200,SHORT,2026-05-16T20:40,2179.63,2026-05-16T20:50,2182.41,2,0.17,666.65,-0.85,-0.13,665.8,Signal Flip
2865,EMA_CONFIRMED_20_200,SHORT,2026-05-16T21:20,2180.35,2026-05-16T21:30,2182.95,2,0.17,665.8,-0.79,-0.12,665.0,Signal Flip
2866,EMA_CONFIRMED_20_200,SHORT,2026-05-16T22:05,2179.02,2026-05-16T22:15,2182.9,2,0.17,665.0,-1.18,-0.18,663.82,Signal Flip
2867,EMA_CONFIRMED_20_200,SHORT,2026-05-16T22:45,2180.62,2026-05-16T23:20,2183.61,7,0.58,663.82,-0.91,-0.14,662.91,Signal Flip
2868,EMA_CONFIRMED_20_200,SHORT,2026-05-16T23:25,2180.17,2026-05-16T23:30,2183.17,1,0.08,662.91,-0.91,-0.14,662.0,Signal Flip
2869,EMA_CONFIRMED_20_200,SHORT,2026-05-16T23:50,2180.16,2026-05-17T00:05,2185.16,3,0.25,662.0,-1.52,-0.23,660.48,Signal Flip
2870,EMA_CONFIRMED_20_200,SHORT,2026-05-17T00:45,2180.15,2026-05-17T01:10,2182.7,5,0.42,660.48,-0.77,-0.12,659.7,Signal Flip
2871,EMA_CONFIRMED_20_200,SHORT,2026-05-17T01:20,2179.15,2026-05-17T03:05,2179.01,21,1.75,659.7,0.04,0.01,659.75,Signal Flip
2872,EMA_CONFIRMED_20_200,LONG,2026-05-17T04:55,2189.34,2026-05-17T05:55,2185.14,12,1.0,659.75,-1.27,-0.19,658.48,Signal Flip
2873,EMA_CONFIRMED_20_200,LONG,2026-05-17T07:35,2189.09,2026-05-17T08:15,2184.4,8,0.67,658.48,-1.41,-0.21,657.07,Signal Flip
2874,EMA_CONFIRMED_20_200,LONG,2026-05-17T08:45,2187.03,2026-05-17T11:05,2191.33,28,2.33,657.07,1.29,0.2,658.36,Signal Flip
2875,EMA_CONFIRMED_20_200,LONG,2026-05-17T11:10,2194.91,2026-05-17T11:15,2189.57,1,0.08,658.36,-1.6,-0.24,656.76,Signal Flip
2876,EMA_CONFIRMED_20_200,LONG,2026-05-17T11:35,2195.05,2026-05-17T11:50,2190.45,3,0.25,656.76,-1.37,-0.21,655.39,Signal Flip
2877,EMA_CONFIRMED_20_200,LONG,2026-05-17T12:00,2193.1,2026-05-17T12:05,2190.43,1,0.08,655.39,-0.8,-0.12,654.59,Signal Flip
2878,EMA_CONFIRMED_20_200,LONG,2026-05-17T12:10,2193.26,2026-05-17T13:10,2191.71,12,1.0,654.59,-0.46,-0.07,654.13,Signal Flip
2879,EMA_CONFIRMED_20_200,LONG,2026-05-17T13:40,2194.51,2026-05-17T13:55,2190.17,3,0.25,654.13,-1.29,-0.2,652.84,Signal Flip
2880,EMA_CONFIRMED_20_200,SHORT,2026-05-17T15:20,2184.18,2026-05-17T15:50,2187.76,6,0.5,652.84,-1.07,-0.16,651.77,Signal Flip
2881,EMA_CONFIRMED_20_200,SHORT,2026-05-17T15:55,2185.14,2026-05-17T16:05,2188.55,2,0.17,651.77,-1.02,-0.16,650.75,Signal Flip
2882,EMA_CONFIRMED_20_200,SHORT,2026-05-17T16:10,2185.05,2026-05-17T16:30,2187.73,4,0.33,650.75,-0.8,-0.12,649.95,Signal Flip
2883,EMA_CONFIRMED_20_200,SHORT,2026-05-17T16:35,2185.18,2026-05-17T16:45,2188.43,2,0.17,649.95,-0.97,-0.15,648.98,Signal Flip
2884,EMA_CONFIRMED_20_200,SHORT,2026-05-17T16:50,2183.67,2026-05-17T17:50,2184.57,12,1.0,648.98,-0.27,-0.04,648.71,Signal Flip
2885,EMA_CONFIRMED_20_200,SHORT,2026-05-17T18:20,2179.44,2026-05-17T18:30,2184.98,2,0.17,648.71,-1.65,-0.25,647.06,Signal Flip
2886,EMA_CONFIRMED_20_200,LONG,2026-05-17T19:35,2190.8,2026-05-17T20:20,2186.96,9,0.75,647.06,-1.14,-0.18,645.92,Signal Flip
2887,EMA_CONFIRMED_20_200,LONG,2026-05-17T20:25,2190.35,2026-05-17T20:30,2187.82,1,0.08,645.92,-0.75,-0.12,645.17,Signal Flip
2888,EMA_CONFIRMED_20_200,LONG,2026-05-17T20:45,2190.56,2026-05-17T20:50,2188.03,1,0.08,645.17,-0.75,-0.12,644.43,Signal Flip
2889,EMA_CONFIRMED_20_200,LONG,2026-05-17T20:55,2190.63,2026-05-17T21:05,2187.08,2,0.17,644.43,-1.05,-0.16,643.38,Signal Flip
2890,EMA_CONFIRMED_20_200,LONG,2026-05-17T21:15,2190.53,2026-05-17T22:05,2186.2,10,0.83,643.38,-1.27,-0.2,642.11,Signal Flip
2891,EMA_CONFIRMED_20_200,SHORT,2026-05-17T22:30,2180.28,2026-05-18T02:05,2122.3,43,3.58,642.11,17.08,2.66,659.18,Signal Flip
2892,EMA_CONFIRMED_20_200,SHORT,2026-05-18T02:35,2117.91,2026-05-18T03:05,2122.01,6,0.5,659.18,-1.28,-0.19,657.9,Signal Flip
2893,EMA_CONFIRMED_20_200,SHORT,2026-05-18T03:15,2117.01,2026-05-18T03:25,2121.5,2,0.17,657.9,-1.4,-0.21,656.51,Signal Flip
2894,EMA_CONFIRMED_20_200,SHORT,2026-05-18T03:35,2117.2,2026-05-18T03:45,2122.15,2,0.17,656.51,-1.53,-0.23,654.97,Signal Flip
2895,EMA_CONFIRMED_20_200,SHORT,2026-05-18T03:55,2116.98,2026-05-18T04:05,2120.8,2,0.17,654.97,-1.18,-0.18,653.79,Signal Flip
2896,EMA_CONFIRMED_20_200,SHORT,2026-05-18T04:25,2114.58,2026-05-18T04:45,2123.14,4,0.33,653.79,-2.65,-0.4,651.15,Signal Flip
2897,EMA_CONFIRMED_20_200,SHORT,2026-05-18T05:20,2120.02,2026-05-18T05:25,2124.2,1,0.08,651.15,-1.28,-0.2,649.86,Signal Flip
2898,EMA_CONFIRMED_20_200,SHORT,2026-05-18T05:45,2118.54,2026-05-18T06:50,2120.41,13,1.08,649.86,-0.57,-0.09,649.29,Signal Flip
2899,EMA_CONFIRMED_20_200,SHORT,2026-05-18T07:15,2116.55,2026-05-18T07:30,2121.09,3,0.25,649.29,-1.39,-0.21,647.9,Signal Flip
2900,EMA_CONFIRMED_20_200,SHORT,2026-05-18T07:45,2114.99,2026-05-18T07:50,2120.43,1,0.08,647.9,-1.67,-0.26,646.23,Signal Flip
2901,EMA_CONFIRMED_20_200,SHORT,2026-05-18T08:40,2117.62,2026-05-18T08:55,2122.47,3,0.25,646.23,-1.48,-0.23,644.75,Signal Flip
2902,EMA_CONFIRMED_20_200,SHORT,2026-05-18T09:05,2117.45,2026-05-18T09:40,2120.84,7,0.58,644.75,-1.03,-0.16,643.72,Signal Flip
2903,EMA_CONFIRMED_20_200,SHORT,2026-05-18T09:45,2116.65,2026-05-18T10:50,2117.65,13,1.08,643.72,-0.3,-0.05,643.42,Signal Flip
2904,EMA_CONFIRMED_20_200,SHORT,2026-05-18T10:55,2114.98,2026-05-18T11:20,2116.48,5,0.42,643.42,-0.46,-0.07,642.96,Signal Flip
2905,EMA_CONFIRMED_20_200,SHORT,2026-05-18T11:25,2113.24,2026-05-18T11:35,2120.51,2,0.17,642.96,-2.21,-0.34,640.75,Signal Flip
2906,EMA_CONFIRMED_20_200,LONG,2026-05-18T12:40,2153.28,2026-05-18T13:30,2141.67,10,0.83,640.75,-3.45,-0.54,637.3,Signal Flip
2907,EMA_CONFIRMED_20_200,SHORT,2026-05-18T14:15,2123.38,2026-05-18T16:20,2110.02,25,2.08,637.3,4.01,0.63,641.3,Signal Flip
2908,EMA_CONFIRMED_20_200,SHORT,2026-05-18T16:25,2104.25,2026-05-18T17:10,2105.03,9,0.75,641.3,-0.24,-0.04,641.06,Signal Flip
2909,EMA_CONFIRMED_20_200,SHORT,2026-05-18T17:15,2101.37,2026-05-18T17:20,2106.84,1,0.08,641.06,-1.67,-0.26,639.39,Signal Flip
2910,EMA_CONFIRMED_20_200,SHORT,2026-05-18T18:05,2103.62,2026-05-18T19:05,2109.14,12,1.0,639.39,-1.68,-0.26,637.71,Signal Flip
2911,EMA_CONFIRMED_20_200,SHORT,2026-05-18T20:50,2115.56,2026-05-18T20:55,2119.59,1,0.08,637.71,-1.21,-0.19,636.5,Signal Flip
2912,EMA_CONFIRMED_20_200,SHORT,2026-05-18T21:00,2116.56,2026-05-18T21:10,2121.35,2,0.17,636.5,-1.44,-0.23,635.06,Signal Flip
2913,EMA_CONFIRMED_20_200,LONG,2026-05-18T21:30,2131.95,2026-05-18T22:50,2131.02,16,1.33,635.06,-0.27,-0.04,634.79,Signal Flip
2914,EMA_CONFIRMED_20_200,LONG,2026-05-18T22:55,2134.9,2026-05-18T23:20,2132.45,5,0.42,634.79,-0.73,-0.11,634.06,Signal Flip
2915,EMA_CONFIRMED_20_200,LONG,2026-05-18T23:45,2135.65,2026-05-18T23:50,2128.66,1,0.08,634.06,-2.08,-0.33,631.98,Signal Flip
2916,EMA_CONFIRMED_20_200,LONG,2026-05-19T00:15,2133.85,2026-05-19T01:05,2132.61,10,0.83,631.98,-0.37,-0.06,631.62,Signal Flip
2917,EMA_CONFIRMED_20_200,LONG,2026-05-19T01:10,2137.72,2026-05-19T01:15,2134.55,1,0.08,631.62,-0.94,-0.15,630.68,Signal Flip
2918,EMA_CONFIRMED_20_200,LONG,2026-05-19T02:25,2136.53,2026-05-19T02:35,2127.29,2,0.17,630.68,-2.73,-0.43,627.95,Signal Flip
2919,EMA_CONFIRMED_20_200,LONG,2026-05-19T03:15,2129.94,2026-05-19T03:25,2126.31,2,0.17,627.95,-1.07,-0.17,626.88,Signal Flip
2920,EMA_CONFIRMED_20_200,LONG,2026-05-19T03:30,2129.3,2026-05-19T04:25,2128.77,11,0.92,626.88,-0.16,-0.03,626.72,Signal Flip
2921,EMA_CONFIRMED_20_200,LONG,2026-05-19T04:35,2132.08,2026-05-19T05:15,2129.91,8,0.67,626.72,-0.64,-0.1,626.09,Signal Flip
2922,EMA_CONFIRMED_20_200,LONG,2026-05-19T05:40,2135.63,2026-05-19T08:10,2135.94,30,2.5,626.09,0.09,0.01,626.18,Signal Flip
2923,EMA_CONFIRMED_20_200,LONG,2026-05-19T08:45,2138.53,2026-05-19T08:50,2135.68,1,0.08,626.18,-0.83,-0.13,625.35,Signal Flip
2924,EMA_CONFIRMED_20_200,SHORT,2026-05-19T09:40,2116.39,2026-05-19T11:00,2119.43,16,1.33,625.35,-0.9,-0.14,624.45,Signal Flip
2925,EMA_CONFIRMED_20_200,SHORT,2026-05-19T11:20,2114.81,2026-05-19T12:25,2117.16,13,1.08,624.45,-0.69,-0.11,623.76,Signal Flip
2926,EMA_CONFIRMED_20_200,SHORT,2026-05-19T13:10,2113.41,2026-05-19T13:35,2119.35,5,0.42,623.76,-1.75,-0.28,622.0,Signal Flip
2927,EMA_CONFIRMED_20_200,SHORT,2026-05-19T13:45,2111.74,2026-05-19T13:50,2120.74,1,0.08,622.0,-2.65,-0.43,619.35,Signal Flip
2928,EMA_CONFIRMED_20_200,SHORT,2026-05-19T14:10,2112.43,2026-05-19T15:05,2111.63,11,0.92,619.35,0.24,0.04,619.59,Signal Flip
2929,EMA_CONFIRMED_20_200,SHORT,2026-05-19T15:10,2107.19,2026-05-19T15:15,2111.26,1,0.08,619.59,-1.2,-0.19,618.39,Signal Flip
2930,EMA_CONFIRMED_20_200,SHORT,2026-05-19T15:20,2108.01,2026-05-19T15:35,2112.77,3,0.25,618.39,-1.4,-0.23,617.0,Signal Flip
2931,EMA_CONFIRMED_20_200,SHORT,2026-05-19T16:10,2106.72,2026-05-19T16:20,2111.54,2,0.17,617.0,-1.41,-0.23,615.59,Signal Flip
2932,EMA_CONFIRMED_20_200,SHORT,2026-05-19T17:35,2113.54,2026-05-19T17:40,2120.39,1,0.08,615.59,-1.99,-0.32,613.59,Signal Flip
2933,EMA_CONFIRMED_20_200,SHORT,2026-05-19T17:45,2115.93,2026-05-19T18:10,2118.78,5,0.42,613.59,-0.83,-0.13,612.77,Signal Flip
2934,EMA_CONFIRMED_20_200,SHORT,2026-05-19T18:25,2113.29,2026-05-19T18:50,2117.89,5,0.42,612.77,-1.33,-0.22,611.43,Signal Flip
2935,EMA_CONFIRMED_20_200,SHORT,2026-05-19T19:00,2114.21,2026-05-19T19:05,2118.21,1,0.08,611.43,-1.16,-0.19,610.28,Signal Flip
2936,EMA_CONFIRMED_20_200,SHORT,2026-05-19T19:25,2115.56,2026-05-19T20:10,2117.44,9,0.75,610.28,-0.54,-0.09,609.74,Signal Flip
2937,EMA_CONFIRMED_20_200,SHORT,2026-05-19T20:20,2113.88,2026-05-19T20:30,2116.67,2,0.17,609.74,-0.8,-0.13,608.93,Signal Flip
2938,EMA_CONFIRMED_20_200,SHORT,2026-05-19T22:00,2115.91,2026-05-19T23:15,2112.22,15,1.25,608.93,1.06,0.17,610.0,Signal Flip
2939,EMA_CONFIRMED_20_200,SHORT,2026-05-19T23:55,2111.98,2026-05-20T00:50,2112.41,11,0.92,610.0,-0.12,-0.02,609.88,Signal Flip
2940,EMA_CONFIRMED_20_200,SHORT,2026-05-20T01:25,2110.59,2026-05-20T01:50,2111.63,5,0.42,609.88,-0.3,-0.05,609.58,Signal Flip
2941,EMA_CONFIRMED_20_200,SHORT,2026-05-20T02:35,2108.95,2026-05-20T03:20,2111.05,9,0.75,609.58,-0.61,-0.1,608.97,Signal Flip
2942,EMA_CONFIRMED_20_200,SHORT,2026-05-20T03:50,2109.95,2026-05-20T04:00,2112.66,2,0.17,608.97,-0.78,-0.13,608.19,Signal Flip
2943,EMA_CONFIRMED_20_200,SHORT,2026-05-20T04:35,2110.74,2026-05-20T04:55,2113.92,4,0.33,608.19,-0.91,-0.15,607.27,Signal Flip
2944,EMA_CONFIRMED_20_200,LONG,2026-05-20T05:20,2125.27,2026-05-20T07:50,2129.28,30,2.5,607.27,1.15,0.19,608.42,Signal Flip
2945,EMA_CONFIRMED_20_200,LONG,2026-05-20T08:05,2131.91,2026-05-20T08:10,2128.28,1,0.08,608.42,-1.04,-0.17,607.38,Signal Flip
2946,EMA_CONFIRMED_20_200,LONG,2026-05-20T08:20,2132.59,2026-05-20T09:00,2130.84,8,0.67,607.38,-0.5,-0.08,606.89,Signal Flip
2947,EMA_CONFIRMED_20_200,LONG,2026-05-20T09:30,2132.71,2026-05-20T09:45,2129.98,3,0.25,606.89,-0.77,-0.13,606.11,Signal Flip
2948,EMA_CONFIRMED_20_200,LONG,2026-05-20T10:05,2132.48,2026-05-20T10:55,2131.11,10,0.83,606.11,-0.39,-0.06,605.73,Signal Flip
2949,EMA_CONFIRMED_20_200,LONG,2026-05-20T12:05,2131.97,2026-05-20T12:25,2128.35,4,0.33,605.73,-1.03,-0.17,604.7,Signal Flip
2950,EMA_CONFIRMED_20_200,LONG,2026-05-20T12:30,2132.2,2026-05-20T13:15,2130.07,9,0.75,604.7,-0.6,-0.1,604.1,Signal Flip
2951,EMA_CONFIRMED_20_200,LONG,2026-05-20T14:20,2134.76,2026-05-20T15:15,2128.61,11,0.92,604.1,-1.74,-0.29,602.36,Signal Flip
2952,EMA_CONFIRMED_20_200,LONG,2026-05-20T15:20,2143.29,2026-05-20T16:20,2134.29,12,1.0,602.36,-2.53,-0.42,599.83,Signal Flip
2953,EMA_CONFIRMED_20_200,LONG,2026-05-20T16:45,2136.6,2026-05-20T16:55,2132.89,2,0.17,599.83,-1.04,-0.17,598.79,Signal Flip
2954,EMA_CONFIRMED_20_200,LONG,2026-05-20T17:00,2136.53,2026-05-20T17:05,2131.78,1,0.08,598.79,-1.33,-0.22,597.46,Signal Flip
2955,EMA_CONFIRMED_20_200,LONG,2026-05-20T17:10,2135.73,2026-05-20T18:10,2138.06,12,1.0,597.46,0.65,0.11,598.11,Signal Flip
2956,EMA_CONFIRMED_20_200,LONG,2026-05-20T18:20,2140.63,2026-05-20T18:25,2134.54,1,0.08,598.11,-1.7,-0.28,596.41,Signal Flip
2957,EMA_CONFIRMED_20_200,LONG,2026-05-20T19:20,2136.41,2026-05-20T20:20,2136.07,12,1.0,596.41,-0.09,-0.02,596.31,Signal Flip
2958,EMA_CONFIRMED_20_200,LONG,2026-05-20T21:05,2138.48,2026-05-20T21:20,2133.66,3,0.25,596.31,-1.34,-0.23,594.97,Signal Flip
2959,EMA_CONFIRMED_20_200,SHORT,2026-05-20T22:20,2117.83,2026-05-20T23:00,2129.38,8,0.67,594.97,-3.25,-0.55,591.73,Signal Flip
2960,EMA_CONFIRMED_20_200,SHORT,2026-05-20T23:05,2124.08,2026-05-20T23:40,2128.1,7,0.58,591.73,-1.12,-0.19,590.6,Signal Flip
2961,EMA_CONFIRMED_20_200,LONG,2026-05-21T00:35,2137.34,2026-05-21T02:10,2139.36,19,1.58,590.6,0.56,0.09,591.16,Signal Flip
2962,EMA_CONFIRMED_20_200,LONG,2026-05-21T02:15,2142.62,2026-05-21T02:50,2141.29,7,0.58,591.16,-0.37,-0.06,590.8,Signal Flip
2963,EMA_CONFIRMED_20_200,LONG,2026-05-21T03:25,2145.88,2026-05-21T04:20,2143.13,11,0.92,590.8,-0.76,-0.13,590.04,Signal Flip
2964,EMA_CONFIRMED_20_200,LONG,2026-05-21T04:25,2146.72,2026-05-21T04:35,2142.81,2,0.17,590.04,-1.08,-0.18,588.96,Signal Flip
2965,EMA_CONFIRMED_20_200,LONG,2026-05-21T04:55,2145.52,2026-05-21T05:15,2141.26,4,0.33,588.96,-1.17,-0.2,587.79,Signal Flip
2966,EMA_CONFIRMED_20_200,SHORT,2026-05-21T06:55,2128.58,2026-05-21T07:45,2132.89,10,0.83,587.79,-1.19,-0.2,586.6,Signal Flip
2967,EMA_CONFIRMED_20_200,LONG,2026-05-21T08:20,2142.65,2026-05-21T08:50,2135.23,6,0.5,586.6,-2.03,-0.35,584.57,Signal Flip
2968,EMA_CONFIRMED_20_200,LONG,2026-05-21T09:00,2139.33,2026-05-21T09:35,2132.0,7,0.58,584.57,-2.0,-0.34,582.57,Signal Flip
2969,EMA_CONFIRMED_20_200,SHORT,2026-05-21T09:45,2127.73,2026-05-21T12:35,2119.77,34,2.83,582.57,2.18,0.37,584.75,Signal Flip
2970,EMA_CONFIRMED_20_200,SHORT,2026-05-21T13:00,2116.16,2026-05-21T13:05,2119.26,1,0.08,584.75,-0.86,-0.15,583.89,Signal Flip
2971,EMA_CONFIRMED_20_200,SHORT,2026-05-21T13:20,2115.29,2026-05-21T13:25,2118.95,1,0.08,583.89,-1.01,-0.17,582.88,Signal Flip
2972,EMA_CONFIRMED_20_200,SHORT,2026-05-21T13:35,2115.05,2026-05-21T13:55,2120.59,4,0.33,582.88,-1.53,-0.26,581.35,Signal Flip
2973,EMA_CONFIRMED_20_200,SHORT,2026-05-21T14:20,2113.36,2026-05-21T14:30,2121.26,2,0.17,581.35,-2.17,-0.37,579.18,Signal Flip
2974,EMA_CONFIRMED_20_200,SHORT,2026-05-21T14:50,2116.28,2026-05-21T14:55,2120.74,1,0.08,579.18,-1.22,-0.21,577.96,Signal Flip
2975,EMA_CONFIRMED_20_200,LONG,2026-05-21T16:05,2135.99,2026-05-21T16:40,2124.87,7,0.58,577.96,-3.01,-0.52,574.95,Signal Flip
2976,EMA_CONFIRMED_20_200,LONG,2026-05-21T17:15,2136.83,2026-05-21T18:30,2138.49,15,1.25,574.95,0.45,0.08,575.4,Signal Flip
2977,EMA_CONFIRMED_20_200,LONG,2026-05-21T18:35,2141.68,2026-05-21T18:40,2137.13,1,0.08,575.4,-1.22,-0.21,574.18,Signal Flip
2978,EMA_CONFIRMED_20_200,LONG,2026-05-21T19:35,2136.49,2026-05-21T20:30,2137.42,11,0.92,574.18,0.25,0.04,574.43,Signal Flip
2979,EMA_CONFIRMED_20_200,LONG,2026-05-21T20:35,2142.03,2026-05-21T20:40,2136.99,1,0.08,574.43,-1.35,-0.24,573.08,Signal Flip
2980,EMA_CONFIRMED_20_200,LONG,2026-05-21T20:50,2141.98,2026-05-21T20:55,2137.24,1,0.08,573.08,-1.27,-0.22,571.81,Signal Flip
2981,EMA_CONFIRMED_20_200,LONG,2026-05-21T21:25,2139.82,2026-05-21T21:35,2137.41,2,0.17,571.81,-0.64,-0.11,571.17,Signal Flip
2982,EMA_CONFIRMED_20_200,LONG,2026-05-21T21:40,2139.84,2026-05-21T21:45,2135.81,1,0.08,571.17,-1.08,-0.19,570.09,Signal Flip
2983,EMA_CONFIRMED_20_200,LONG,2026-05-21T23:35,2135.61,2026-05-22T00:00,2132.7,5,0.42,570.09,-0.78,-0.14,569.32,Signal Flip
2984,EMA_CONFIRMED_20_200,LONG,2026-05-22T00:35,2134.9,2026-05-22T00:40,2130.81,1,0.08,569.32,-1.09,-0.19,568.23,Signal Flip
2985,EMA_CONFIRMED_20_200,SHORT,2026-05-22T00:45,2130.53,2026-05-22T01:15,2134.46,6,0.5,568.23,-1.05,-0.18,567.18,Signal Flip
2986,EMA_CONFIRMED_20_200,SHORT,2026-05-22T01:25,2127.74,2026-05-22T01:45,2132.73,4,0.33,567.18,-1.33,-0.23,565.85,Signal Flip
2987,EMA_CONFIRMED_20_200,LONG,2026-05-22T02:05,2139.84,2026-05-22T03:20,2134.65,15,1.25,565.85,-1.37,-0.24,564.48,Signal Flip
2988,EMA_CONFIRMED_20_200,LONG,2026-05-22T03:25,2138.53,2026-05-22T04:30,2136.55,13,1.08,564.48,-0.52,-0.09,563.96,Signal Flip
2989,EMA_CONFIRMED_20_200,SHORT,2026-05-22T05:50,2132.11,2026-05-22T07:20,2132.09,18,1.5,563.96,0.01,0.0,563.96,Signal Flip
2990,EMA_CONFIRMED_20_200,SHORT,2026-05-22T08:00,2127.64,2026-05-22T08:05,2130.63,1,0.08,563.96,-0.79,-0.14,563.17,Signal Flip
2991,EMA_CONFIRMED_20_200,SHORT,2026-05-22T08:10,2125.72,2026-05-22T08:20,2132.89,2,0.17,563.17,-1.9,-0.34,561.27,Signal Flip
2992,EMA_CONFIRMED_20_200,SHORT,2026-05-22T08:35,2125.18,2026-05-22T09:55,2126.06,16,1.33,561.27,-0.23,-0.04,561.04,Signal Flip
2993,EMA_CONFIRMED_20_200,SHORT,2026-05-22T10:00,2122.91,2026-05-22T10:10,2125.32,2,0.17,561.04,-0.64,-0.11,560.4,Signal Flip
2994,EMA_CONFIRMED_20_200,SHORT,2026-05-22T10:15,2122.53,2026-05-22T10:30,2125.33,3,0.25,560.4,-0.74,-0.13,559.66,Signal Flip
2995,EMA_CONFIRMED_20_200,SHORT,2026-05-22T10:55,2122.47,2026-05-22T11:30,2125.67,7,0.58,559.66,-0.84,-0.15,558.81,Signal Flip
2996,EMA_CONFIRMED_20_200,LONG,2026-05-22T12:50,2135.23,2026-05-22T13:25,2130.85,7,0.58,558.81,-1.14,-0.2,557.67,Signal Flip
2997,EMA_CONFIRMED_20_200,SHORT,2026-05-22T14:05,2124.43,2026-05-22T15:35,2124.17,18,1.5,557.67,0.07,0.01,557.73,Signal Flip
2998,EMA_CONFIRMED_20_200,SHORT,2026-05-22T15:40,2117.79,2026-05-22T16:05,2122.12,5,0.42,557.73,-1.14,-0.2,556.59,Signal Flip
2999,EMA_CONFIRMED_20_200,SHORT,2026-05-22T16:10,2118.55,2026-05-22T16:15,2121.75,1,0.08,556.59,-0.84,-0.15,555.75,Signal Flip
3000,EMA_CONFIRMED_20_200,SHORT,2026-05-22T16:20,2117.83,2026-05-22T16:30,2121.83,2,0.17,555.75,-1.05,-0.19,554.7,Signal Flip
3001,EMA_CONFIRMED_20_200,SHORT,2026-05-22T16:40,2118.95,2026-05-22T16:50,2122.95,2,0.17,554.7,-1.05,-0.19,553.66,Signal Flip
3002,EMA_CONFIRMED_20_200,SHORT,2026-05-22T17:20,2119.87,2026-05-22T17:30,2129.76,2,0.17,553.66,-2.58,-0.47,551.07,Signal Flip
3003,EMA_CONFIRMED_20_200,SHORT,2026-05-22T17:50,2121.74,2026-05-22T21:35,2078.1,45,3.75,551.07,11.33,2.06,562.41,Signal Flip
3004,EMA_CONFIRMED_20_200,SHORT,2026-05-22T22:20,2072.53,2026-05-22T23:05,2077.28,9,0.75,562.41,-1.29,-0.23,561.12,Signal Flip
3005,EMA_CONFIRMED_20_200,SHORT,2026-05-22T23:20,2072.0,2026-05-23T01:05,2070.04,21,1.75,561.12,0.53,0.09,561.65,Signal Flip
3006,EMA_CONFIRMED_20_200,SHORT,2026-05-23T01:15,2063.1,2026-05-23T01:20,2068.07,1,0.08,561.65,-1.35,-0.24,560.3,Signal Flip
3007,EMA_CONFIRMED_20_200,SHORT,2026-05-23T01:50,2065.93,2026-05-23T01:55,2070.76,1,0.08,560.3,-1.31,-0.23,558.98,Signal Flip
3008,EMA_CONFIRMED_20_200,SHORT,2026-05-23T02:05,2065.28,2026-05-23T02:10,2069.26,1,0.08,558.98,-1.08,-0.19,557.9,Signal Flip
3009,EMA_CONFIRMED_20_200,SHORT,2026-05-23T02:15,2065.5,2026-05-23T02:50,2069.78,7,0.58,557.9,-1.16,-0.21,556.75,Signal Flip
3010,EMA_CONFIRMED_20_200,SHORT,2026-05-23T04:20,2067.32,2026-05-23T10:35,2032.23,75,6.25,556.75,9.45,1.7,566.2,Signal Flip
3011,EMA_CONFIRMED_20_200,SHORT,2026-05-23T11:40,2030.04,2026-05-23T11:55,2033.31,3,0.25,566.2,-0.91,-0.16,565.29,Signal Flip
3012,EMA_CONFIRMED_20_200,SHORT,2026-05-23T12:00,2030.46,2026-05-23T12:40,2032.42,8,0.67,565.29,-0.54,-0.1,564.74,Signal Flip
3013,EMA_CONFIRMED_20_200,SHORT,2026-05-23T12:45,2029.66,2026-05-23T12:50,2032.22,1,0.08,564.74,-0.71,-0.13,564.03,Signal Flip
3014,EMA_CONFIRMED_20_200,SHORT,2026-05-23T12:55,2029.56,2026-05-23T13:00,2032.1,1,0.08,564.03,-0.7,-0.12,563.33,Signal Flip
3015,EMA_CONFIRMED_20_200,LONG,2026-05-23T15:30,2062.61,2026-05-23T16:25,2056.53,11,0.92,563.33,-1.66,-0.29,561.67,Signal Flip
3016,EMA_CONFIRMED_20_200,LONG,2026-05-23T16:30,2060.02,2026-05-23T17:05,2058.26,7,0.58,561.67,-0.48,-0.09,561.19,Signal Flip
3017,EMA_CONFIRMED_20_200,LONG,2026-05-23T17:10,2064.51,2026-05-23T21:50,2111.52,56,4.67,561.19,12.78,2.28,573.97,Signal Flip
3018,EMA_CONFIRMED_20_200,LONG,2026-05-23T21:55,2117.15,2026-05-23T22:25,2111.62,6,0.5,573.97,-1.5,-0.26,572.47,Signal Flip
3019,EMA_CONFIRMED_20_200,LONG,2026-05-23T22:45,2115.1,2026-05-24T00:05,2115.86,16,1.33,572.47,0.21,0.04,572.68,Signal Flip
3020,EMA_CONFIRMED_20_200,LONG,2026-05-24T00:35,2118.13,2026-05-24T02:25,2117.5,22,1.83,572.68,-0.17,-0.03,572.51,Signal Flip
3021,EMA_CONFIRMED_20_200,LONG,2026-05-24T02:40,2123.22,2026-05-24T03:35,2121.29,11,0.92,572.51,-0.52,-0.09,571.99,Signal Flip
3022,EMA_CONFIRMED_20_200,LONG,2026-05-24T04:05,2122.91,2026-05-24T04:10,2119.73,1,0.08,571.99,-0.86,-0.15,571.13,Signal Flip
3023,EMA_CONFIRMED_20_200,LONG,2026-05-24T04:15,2123.76,2026-05-24T04:30,2120.02,3,0.25,571.13,-1.01,-0.18,570.12,Signal Flip
3024,EMA_CONFIRMED_20_200,LONG,2026-05-24T04:45,2122.64,2026-05-24T04:50,2119.92,1,0.08,570.12,-0.73,-0.13,569.39,Signal Flip
3025,EMA_CONFIRMED_20_200,LONG,2026-05-24T04:55,2122.7,2026-05-24T05:00,2119.16,1,0.08,569.39,-0.95,-0.17,568.44,Signal Flip
3026,EMA_CONFIRMED_20_200,LONG,2026-05-24T05:50,2120.47,2026-05-24T06:25,2117.65,7,0.58,568.44,-0.76,-0.13,567.69,Signal Flip
3027,EMA_CONFIRMED_20_200,LONG,2026-05-24T06:45,2121.76,2026-05-24T07:35,2121.7,10,0.83,567.69,-0.02,-0.0,567.67,Signal Flip
3028,EMA_CONFIRMED_20_200,LONG,2026-05-24T08:25,2123.78,2026-05-24T08:30,2120.41,1,0.08,567.67,-0.9,-0.16,566.77,Signal Flip
3029,EMA_CONFIRMED_20_200,LONG,2026-05-24T09:10,2122.52,2026-05-24T09:30,2120.29,4,0.33,566.77,-0.6,-0.11,566.17,Signal Flip
3030,EMA_CONFIRMED_20_200,LONG,2026-05-24T09:40,2122.91,2026-05-24T10:05,2119.8,5,0.42,566.17,-0.83,-0.15,565.34,Signal Flip
3031,EMA_CONFIRMED_20_200,LONG,2026-05-24T10:30,2126.58,2026-05-24T10:40,2120.54,2,0.17,565.34,-1.61,-0.28,563.74,Signal Flip
3032,EMA_CONFIRMED_20_200,LONG,2026-05-24T10:55,2123.05,2026-05-24T12:05,2122.96,14,1.17,563.74,-0.02,-0.0,563.71,Signal Flip
3033,EMA_CONFIRMED_20_200,SHORT,2026-05-24T14:20,2084.81,2026-05-24T16:05,2100.23,21,1.75,563.71,-4.17,-0.74,559.54,Signal Flip
3034,EMA_CONFIRMED_20_200,SHORT,2026-05-24T16:40,2096.87,2026-05-24T16:50,2102.14,2,0.17,559.54,-1.41,-0.25,558.14,Signal Flip
3035,EMA_CONFIRMED_20_200,SHORT,2026-05-24T18:00,2101.84,2026-05-24T18:10,2104.81,2,0.17,558.14,-0.79,-0.14,557.35,Signal Flip
3036,EMA_CONFIRMED_20_200,SHORT,2026-05-24T18:25,2101.51,2026-05-24T19:50,2102.27,17,1.42,557.35,-0.2,-0.04,557.14,Signal Flip
3037,EMA_CONFIRMED_20_200,SHORT,2026-05-24T20:05,2095.31,2026-05-24T21:15,2099.67,14,1.17,557.14,-1.16,-0.21,555.99,Signal Flip
3038,EMA_CONFIRMED_20_200,SHORT,2026-05-24T21:30,2087.87,2026-05-24T22:05,2088.03,7,0.58,555.99,-0.04,-0.01,555.94,Signal Flip
3039,EMA_CONFIRMED_20_200,LONG,2026-05-25T00:45,2105.93,2026-05-25T01:40,2102.59,11,0.92,555.94,-0.88,-0.16,555.06,Signal Flip
3040,EMA_CONFIRMED_20_200,LONG,2026-05-25T02:10,2110.53,2026-05-25T02:25,2102.56,3,0.25,555.06,-2.1,-0.38,552.96,Signal Flip
3041,EMA_CONFIRMED_20_200,SHORT,2026-05-25T02:45,2098.12,2026-05-25T04:30,2099.62,21,1.75,552.96,-0.4,-0.07,552.57,Signal Flip
3042,EMA_CONFIRMED_20_200,LONG,2026-05-25T05:15,2110.95,2026-05-25T06:05,2105.14,10,0.83,552.57,-1.52,-0.28,551.04,Signal Flip
3043,EMA_CONFIRMED_20_200,LONG,2026-05-25T06:10,2111.1,2026-05-25T06:15,2101.97,1,0.08,551.04,-2.38,-0.43,548.66,Signal Flip
3044,EMA_CONFIRMED_20_200,LONG,2026-05-25T06:35,2106.81,2026-05-25T07:30,2106.61,11,0.92,548.66,-0.05,-0.01,548.61,Signal Flip
3045,EMA_CONFIRMED_20_200,LONG,2026-05-25T07:35,2111.36,2026-05-25T10:00,2115.97,29,2.42,548.61,1.2,0.22,549.81,Signal Flip
3046,EMA_CONFIRMED_20_200,LONG,2026-05-25T10:10,2119.49,2026-05-25T10:30,2116.12,4,0.33,549.81,-0.87,-0.16,548.93,Signal Flip
3047,EMA_CONFIRMED_20_200,LONG,2026-05-25T11:35,2120.44,2026-05-25T11:55,2115.62,4,0.33,548.93,-1.25,-0.23,547.69,Signal Flip
3048,EMA_CONFIRMED_20_200,LONG,2026-05-25T12:25,2117.72,2026-05-25T12:50,2115.5,5,0.42,547.69,-0.57,-0.1,547.11,Signal Flip
3049,EMA_CONFIRMED_20_200,LONG,2026-05-25T12:55,2120.1,2026-05-25T13:15,2114.91,4,0.33,547.11,-1.34,-0.24,545.77,Signal Flip
3050,EMA_CONFIRMED_20_200,LONG,2026-05-25T13:40,2117.73,2026-05-25T13:50,2115.4,2,0.17,545.77,-0.6,-0.11,545.17,Signal Flip
3051,EMA_CONFIRMED_20_200,LONG,2026-05-25T13:55,2117.64,2026-05-25T14:00,2115.22,1,0.08,545.17,-0.62,-0.11,544.55,Signal Flip
3052,EMA_CONFIRMED_20_200,LONG,2026-05-25T14:05,2120.81,2026-05-25T15:30,2123.98,17,1.42,544.55,0.81,0.15,545.37,Signal Flip
3053,EMA_CONFIRMED_20_200,LONG,2026-05-25T15:35,2127.73,2026-05-25T15:50,2123.77,3,0.25,545.37,-1.02,-0.19,544.35,Signal Flip
3054,EMA_CONFIRMED_20_200,LONG,2026-05-25T16:00,2128.19,2026-05-25T16:15,2124.09,3,0.25,544.35,-1.05,-0.19,543.3,Signal Flip
3055,EMA_CONFIRMED_20_200,LONG,2026-05-25T16:20,2127.27,2026-05-25T17:50,2129.84,18,1.5,543.3,0.66,0.12,543.96,Signal Flip
3056,EMA_CONFIRMED_20_200,LONG,2026-05-25T18:05,2132.52,2026-05-25T18:20,2129.69,3,0.25,543.96,-0.72,-0.13,543.24,Signal Flip
3057,EMA_CONFIRMED_20_200,LONG,2026-05-25T18:30,2132.96,2026-05-25T18:35,2129.55,1,0.08,543.24,-0.87,-0.16,542.37,Signal Flip
3058,EMA_CONFIRMED_20_200,SHORT,2026-05-25T21:00,2107.59,2026-05-25T22:15,2114.85,15,1.25,542.37,-1.87,-0.34,540.5,Signal Flip
3059,EMA_CONFIRMED_20_200,SHORT,2026-05-25T22:20,2111.64,2026-05-25T22:25,2115.33,1,0.08,540.5,-0.94,-0.17,539.56,Signal Flip
3060,EMA_CONFIRMED_20_200,SHORT,2026-05-25T22:30,2109.79,2026-05-25T23:35,2112.35,13,1.08,539.56,-0.65,-0.12,538.91,Signal Flip
3061,EMA_CONFIRMED_20_200,SHORT,2026-05-26T00:20,2108.35,2026-05-26T03:35,2093.05,39,3.25,538.91,3.91,0.73,542.82,Signal Flip
3062,EMA_CONFIRMED_20_200,SHORT,2026-05-26T04:10,2089.76,2026-05-26T04:25,2092.33,3,0.25,542.82,-0.67,-0.12,542.15,Signal Flip
3063,EMA_CONFIRMED_20_200,SHORT,2026-05-26T06:30,2095.94,2026-05-26T06:40,2103.06,2,0.17,542.15,-1.84,-0.34,540.31,Signal Flip
3064,EMA_CONFIRMED_20_200,SHORT,2026-05-26T07:10,2095.51,2026-05-26T07:50,2099.52,8,0.67,540.31,-1.03,-0.19,539.28,Signal Flip
3065,EMA_CONFIRMED_20_200,SHORT,2026-05-26T08:00,2094.56,2026-05-26T08:15,2099.67,3,0.25,539.28,-1.31,-0.24,537.96,Signal Flip
3066,EMA_CONFIRMED_20_200,SHORT,2026-05-26T08:35,2095.87,2026-05-26T08:40,2101.18,1,0.08,537.96,-1.36,-0.25,536.6,Signal Flip
3067,EMA_CONFIRMED_20_200,SHORT,2026-05-26T08:50,2096.27,2026-05-26T08:55,2099.92,1,0.08,536.6,-0.93,-0.17,535.66,Signal Flip
3068,EMA_CONFIRMED_20_200,SHORT,2026-05-26T09:00,2096.21,2026-05-26T09:20,2098.89,4,0.33,535.66,-0.68,-0.13,534.98,Signal Flip
3069,EMA_CONFIRMED_20_200,SHORT,2026-05-26T09:25,2093.84,2026-05-26T09:30,2098.9,1,0.08,534.98,-1.29,-0.24,533.69,Signal Flip
3070,EMA_CONFIRMED_20_200,SHORT,2026-05-26T09:35,2095.88,2026-05-26T10:10,2098.38,7,0.58,533.69,-0.64,-0.12,533.05,Signal Flip
3071,EMA_CONFIRMED_20_200,LONG,2026-05-26T10:35,2125.04,2026-05-26T12:10,2111.23,19,1.58,533.05,-3.46,-0.65,529.59,Signal Flip
3072,EMA_CONFIRMED_20_200,LONG,2026-05-26T12:45,2120.41,2026-05-26T13:20,2117.8,7,0.58,529.59,-0.65,-0.12,528.94,Signal Flip
3073,EMA_CONFIRMED_20_200,LONG,2026-05-26T13:50,2128.56,2026-05-26T14:40,2112.58,10,0.83,528.94,-3.97,-0.75,524.97,Signal Flip
3074,EMA_CONFIRMED_20_200,SHORT,2026-05-26T15:40,2087.84,2026-05-26T18:15,2076.64,31,2.58,524.97,2.82,0.54,527.78,Signal Flip
3075,EMA_CONFIRMED_20_200,SHORT,2026-05-26T18:30,2074.86,2026-05-26T19:35,2073.56,13,1.08,527.78,0.33,0.06,528.11,Signal Flip
3076,EMA_CONFIRMED_20_200,SHORT,2026-05-26T21:10,2073.66,2026-05-26T21:25,2076.01,3,0.25,528.11,-0.6,-0.11,527.52,Signal Flip
3077,EMA_CONFIRMED_20_200,SHORT,2026-05-26T21:35,2073.58,2026-05-26T21:40,2078.5,1,0.08,527.52,-1.25,-0.24,526.27,Signal Flip
3078,EMA_CONFIRMED_20_200,SHORT,2026-05-26T21:55,2072.53,2026-05-26T23:05,2074.53,14,1.17,526.27,-0.51,-0.1,525.76,Signal Flip
3079,EMA_CONFIRMED_20_200,SHORT,2026-05-27T01:20,2075.93,2026-05-27T03:00,2077.29,20,1.67,525.76,-0.34,-0.07,525.42,Signal Flip
3080,EMA_CONFIRMED_20_200,SHORT,2026-05-27T03:40,2072.66,2026-05-27T04:50,2070.73,14,1.17,525.42,0.49,0.09,525.91,Signal Flip
3081,EMA_CONFIRMED_20_200,LONG,2026-05-27T08:10,2086.8,2026-05-27T08:55,2083.76,9,0.75,525.91,-0.77,-0.15,525.14,Signal Flip
3082,EMA_CONFIRMED_20_200,LONG,2026-05-27T09:40,2088.18,2026-05-27T09:55,2082.78,3,0.25,525.14,-1.36,-0.26,523.78,Signal Flip
3083,EMA_CONFIRMED_20_200,LONG,2026-05-27T10:15,2087.57,2026-05-27T10:35,2081.54,4,0.33,523.78,-1.51,-0.29,522.26,Signal Flip
3084,EMA_CONFIRMED_20_200,LONG,2026-05-27T11:20,2084.03,2026-05-27T11:35,2079.76,3,0.25,522.26,-1.07,-0.2,521.19,Signal Flip
3085,EMA_CONFIRMED_20_200,LONG,2026-05-27T11:40,2085.13,2026-05-27T11:45,2081.3,1,0.08,521.19,-0.96,-0.18,520.24,Signal Flip
3086,EMA_CONFIRMED_20_200,SHORT,2026-05-27T12:15,2075.38,2026-05-27T12:20,2085.97,1,0.08,520.24,-2.65,-0.51,517.58,Signal Flip
3087,EMA_CONFIRMED_20_200,LONG,2026-05-27T12:25,2085.9,2026-05-27T12:50,2081.58,5,0.42,517.58,-1.07,-0.21,516.51,Signal Flip
3088,EMA_CONFIRMED_20_200,SHORT,2026-05-27T13:10,2073.63,2026-05-27T14:05,2071.75,11,0.92,516.51,0.47,0.09,516.98,Signal Flip
3089,EMA_CONFIRMED_20_200,SHORT,2026-05-27T14:10,2063.96,2026-05-27T15:10,2066.67,12,1.0,516.98,-0.68,-0.13,516.3,Signal Flip
3090,EMA_CONFIRMED_20_200,SHORT,2026-05-27T16:05,2068.22,2026-05-27T16:10,2071.76,1,0.08,516.3,-0.88,-0.17,515.41,Signal Flip
3091,EMA_CONFIRMED_20_200,SHORT,2026-05-27T16:20,2062.8,2026-05-27T16:50,2068.6,6,0.5,515.41,-1.45,-0.28,513.96,Signal Flip
3092,EMA_CONFIRMED_20_200,SHORT,2026-05-27T17:10,2060.13,2026-05-27T18:55,2056.18,21,1.75,513.96,0.99,0.19,514.95,Signal Flip
3093,EMA_CONFIRMED_20_200,SHORT,2026-05-27T19:50,2054.05,2026-05-27T19:55,2058.49,1,0.08,514.95,-1.11,-0.22,513.84,Signal Flip
3094,EMA_CONFIRMED_20_200,SHORT,2026-05-27T20:35,2058.0,2026-05-27T20:40,2061.43,1,0.08,513.84,-0.86,-0.17,512.98,Signal Flip
3095,EMA_CONFIRMED_20_200,SHORT,2026-05-27T21:05,2058.33,2026-05-28T00:35,2028.3,42,3.5,512.98,7.48,1.46,520.46,Signal Flip
3096,EMA_CONFIRMED_20_200,SHORT,2026-05-28T00:40,2024.46,2026-05-28T00:45,2028.69,1,0.08,520.46,-1.09,-0.21,519.38,Signal Flip
3097,EMA_CONFIRMED_20_200,SHORT,2026-05-28T01:20,2020.77,2026-05-28T02:50,2021.44,18,1.5,519.38,-0.17,-0.03,519.2,Signal Flip
3098,EMA_CONFIRMED_20_200,SHORT,2026-05-28T02:55,2018.56,2026-05-28T06:50,1983.4,47,3.92,519.2,9.04,1.74,528.25,Signal Flip
3099,EMA_CONFIRMED_20_200,SHORT,2026-05-28T08:25,1987.7,2026-05-28T08:40,1991.37,3,0.25,528.25,-0.98,-0.18,527.27,Signal Flip
3100,EMA_CONFIRMED_20_200,SHORT,2026-05-28T08:45,1988.26,2026-05-28T08:50,1991.18,1,0.08,527.27,-0.77,-0.15,526.5,Signal Flip
3101,EMA_CONFIRMED_20_200,SHORT,2026-05-28T09:00,1987.28,2026-05-28T09:05,1991.01,1,0.08,526.5,-0.99,-0.19,525.51,Signal Flip
3102,EMA_CONFIRMED_20_200,SHORT,2026-05-28T09:10,1986.05,2026-05-28T09:20,1991.29,2,0.17,525.51,-1.39,-0.26,524.12,Signal Flip
3103,EMA_CONFIRMED_20_200,SHORT,2026-05-28T10:20,1990.91,2026-05-28T10:30,1993.86,2,0.17,524.12,-0.77,-0.15,523.35,Signal Flip
3104,EMA_CONFIRMED_20_200,SHORT,2026-05-28T10:55,1990.78,2026-05-28T12:35,1990.06,20,1.67,523.35,0.19,0.04,523.54,Signal Flip
3105,EMA_CONFIRMED_20_200,SHORT,2026-05-28T13:10,1986.36,2026-05-28T14:15,1994.71,13,1.08,523.54,-2.2,-0.42,521.34,Signal Flip
3106,EMA_CONFIRMED_20_200,SHORT,2026-05-28T14:45,1983.37,2026-05-28T14:55,1991.08,2,0.17,521.34,-2.03,-0.39,519.31,Signal Flip
3107,EMA_CONFIRMED_20_200,SHORT,2026-05-28T15:20,1984.96,2026-05-28T15:25,1991.33,1,0.08,519.31,-1.67,-0.32,517.64,Signal Flip
3108,EMA_CONFIRMED_20_200,SHORT,2026-05-28T16:05,1984.7,2026-05-28T16:10,1992.35,1,0.08,517.64,-1.99,-0.39,515.65,Signal Flip
3109,EMA_CONFIRMED_20_200,LONG,2026-05-28T17:10,2016.56,2026-05-28T19:10,2018.3,24,2.0,515.65,0.45,0.09,516.09,Signal Flip
3110,EMA_CONFIRMED_20_200,LONG,2026-05-28T19:25,2023.29,2026-05-28T19:35,2019.47,2,0.17,516.09,-0.97,-0.19,515.12,Signal Flip
3111,EMA_CONFIRMED_20_200,LONG,2026-05-28T20:25,2019.29,2026-05-28T20:35,2015.75,2,0.17,515.12,-0.9,-0.18,514.22,Signal Flip
3112,EMA_CONFIRMED_20_200,LONG,2026-05-28T20:45,2020.27,2026-05-28T20:55,2016.37,2,0.17,514.22,-0.99,-0.19,513.23,Signal Flip
3113,EMA_CONFIRMED_20_200,LONG,2026-05-28T21:10,2019.56,2026-05-28T22:05,2017.46,11,0.92,513.23,-0.53,-0.1,512.69,Signal Flip
3114,EMA_CONFIRMED_20_200,LONG,2026-05-29T00:05,2012.48,2026-05-29T00:55,2011.18,10,0.83,512.69,-0.33,-0.06,512.36,Signal Flip
3115,EMA_CONFIRMED_20_200,LONG,2026-05-29T01:05,2015.37,2026-05-29T01:15,2012.38,2,0.17,512.36,-0.76,-0.15,511.6,Signal Flip
3116,EMA_CONFIRMED_20_200,SHORT,2026-05-29T02:25,2003.39,2026-05-29T03:10,2008.46,9,0.75,511.6,-1.3,-0.25,510.31,Signal Flip
3117,EMA_CONFIRMED_20_200,SHORT,2026-05-29T03:20,2004.37,2026-05-29T04:05,2005.51,9,0.75,510.31,-0.29,-0.06,510.02,Signal Flip
3118,EMA_CONFIRMED_20_200,SHORT,2026-05-29T04:10,1998.3,2026-05-29T04:30,2005.72,4,0.33,510.02,-1.89,-0.37,508.12,Signal Flip
3119,EMA_CONFIRMED_20_200,LONG,2026-05-29T05:45,2010.65,2026-05-29T07:35,2009.0,22,1.83,508.12,-0.42,-0.08,507.7,Signal Flip
3120,EMA_CONFIRMED_20_200,LONG,2026-05-29T08:25,2013.07,2026-05-29T08:30,2009.0,1,0.08,507.7,-1.03,-0.2,506.68,Signal Flip
3121,EMA_CONFIRMED_20_200,SHORT,2026-05-29T09:00,2005.11,2026-05-29T09:10,2011.3,2,0.17,506.68,-1.56,-0.31,505.11,Signal Flip
3122,EMA_CONFIRMED_20_200,LONG,2026-05-29T09:15,2014.3,2026-05-29T10:20,2011.38,13,1.08,505.11,-0.73,-0.14,504.38,Signal Flip
3123,EMA_CONFIRMED_20_200,LONG,2026-05-29T10:25,2013.6,2026-05-29T10:30,2010.81,1,0.08,504.38,-0.7,-0.14,503.69,Signal Flip
3124,EMA_CONFIRMED_20_200,LONG,2026-05-29T10:40,2013.62,2026-05-29T10:45,2009.98,1,0.08,503.69,-0.91,-0.18,502.78,Signal Flip
3125,EMA_CONFIRMED_20_200,LONG,2026-05-29T10:50,2013.32,2026-05-29T10:55,2010.75,1,0.08,502.78,-0.64,-0.13,502.14,Signal Flip
3126,EMA_CONFIRMED_20_200,LONG,2026-05-29T11:15,2013.02,2026-05-29T11:30,2009.18,3,0.25,502.14,-0.96,-0.19,501.18,Signal Flip
3127,EMA_CONFIRMED_20_200,SHORT,2026-05-29T11:55,2004.18,2026-05-29T13:40,2000.77,21,1.75,501.18,0.85,0.17,502.03,Signal Flip
3128,EMA_CONFIRMED_20_200,SHORT,2026-05-29T13:55,1997.16,2026-05-29T14:55,1997.96,12,1.0,502.03,-0.2,-0.04,501.83,Signal Flip
3129,EMA_CONFIRMED_20_200,LONG,2026-05-29T15:35,2040.22,2026-05-29T17:50,2031.43,27,2.25,501.83,-2.16,-0.43,499.67,Signal Flip
3130,EMA_CONFIRMED_20_200,LONG,2026-05-29T19:40,2022.54,2026-05-29T20:00,2015.95,4,0.33,499.67,-1.63,-0.33,498.04,Signal Flip
3131,EMA_CONFIRMED_20_200,LONG,2026-05-29T20:10,2021.33,2026-05-29T20:55,2016.99,9,0.75,498.04,-1.07,-0.21,496.97,Signal Flip
3132,EMA_CONFIRMED_20_200,LONG,2026-05-29T21:15,2022.71,2026-05-29T21:20,2018.6,1,0.08,496.97,-1.01,-0.2,495.96,Signal Flip
3133,EMA_CONFIRMED_20_200,SHORT,2026-05-29T22:00,2008.41,2026-05-29T22:25,2015.17,5,0.42,495.96,-1.67,-0.34,494.3,Signal Flip
3134,EMA_CONFIRMED_20_200,SHORT,2026-05-29T22:40,2012.46,2026-05-29T22:45,2015.16,1,0.08,494.3,-0.66,-0.13,493.63,Signal Flip
3135,EMA_CONFIRMED_20_200,SHORT,2026-05-29T22:55,2011.48,2026-05-29T23:45,2013.47,10,0.83,493.63,-0.49,-0.1,493.15,Signal Flip
3136,EMA_CONFIRMED_20_200,SHORT,2026-05-30T00:30,2011.78,2026-05-30T00:40,2015.87,2,0.17,493.15,-1.0,-0.2,492.15,Signal Flip
3137,EMA_CONFIRMED_20_200,LONG,2026-05-30T01:20,2020.13,2026-05-30T02:25,2016.34,13,1.08,492.15,-0.92,-0.19,491.22,Signal Flip
3138,EMA_CONFIRMED_20_200,LONG,2026-05-30T02:35,2020.93,2026-05-30T03:30,2018.91,11,0.92,491.22,-0.49,-0.1,490.73,Signal Flip
3139,EMA_CONFIRMED_20_200,SHORT,2026-05-30T04:30,2008.1,2026-05-30T05:10,2014.99,8,0.67,490.73,-1.68,-0.34,489.05,Signal Flip
3140,EMA_CONFIRMED_20_200,SHORT,2026-05-30T06:10,2012.62,2026-05-30T06:15,2015.54,1,0.08,489.05,-0.71,-0.14,488.34,Signal Flip
3141,EMA_CONFIRMED_20_200,SHORT,2026-05-30T06:20,2013.02,2026-05-30T06:25,2016.92,1,0.08,488.34,-0.94,-0.19,487.39,Signal Flip
3142,EMA_CONFIRMED_20_200,LONG,2026-05-30T06:45,2020.27,2026-05-30T07:05,2014.05,4,0.33,487.39,-1.5,-0.31,485.89,Signal Flip
3143,EMA_CONFIRMED_20_200,LONG,2026-05-30T07:30,2018.43,2026-05-30T07:40,2013.26,2,0.17,485.89,-1.24,-0.26,484.65,Signal Flip
3144,EMA_CONFIRMED_20_200,LONG,2026-05-30T08:00,2017.33,2026-05-30T08:05,2014.22,1,0.08,484.65,-0.75,-0.15,483.91,Signal Flip
3145,EMA_CONFIRMED_20_200,SHORT,2026-05-30T08:20,2012.91,2026-05-30T08:25,2016.86,1,0.08,483.91,-0.95,-0.2,482.96,Signal Flip
3146,EMA_CONFIRMED_20_200,SHORT,2026-05-30T08:30,2014.15,2026-05-30T09:10,2016.62,8,0.67,482.96,-0.59,-0.12,482.37,Signal Flip
3147,EMA_CONFIRMED_20_200,LONG,2026-05-30T09:50,2017.12,2026-05-30T11:00,2016.98,14,1.17,482.37,-0.03,-0.01,482.33,Signal Flip
3148,EMA_CONFIRMED_20_200,LONG,2026-05-30T11:40,2019.2,2026-05-30T11:50,2016.56,2,0.17,482.33,-0.63,-0.13,481.7,Signal Flip
3149,EMA_CONFIRMED_20_200,LONG,2026-05-30T11:55,2018.66,2026-05-30T12:00,2016.39,1,0.08,481.7,-0.54,-0.11,481.16,Signal Flip
3150,EMA_CONFIRMED_20_200,LONG,2026-05-30T12:10,2018.63,2026-05-30T12:15,2016.14,1,0.08,481.16,-0.59,-0.12,480.57,Signal Flip
3151,EMA_CONFIRMED_20_200,LONG,2026-05-30T12:20,2019.91,2026-05-30T12:40,2016.89,4,0.33,480.57,-0.72,-0.15,479.85,Signal Flip
3152,EMA_CONFIRMED_20_200,LONG,2026-05-30T12:50,2019.01,2026-05-30T13:35,2017.48,9,0.75,479.85,-0.36,-0.08,479.49,Signal Flip
3153,EMA_CONFIRMED_20_200,LONG,2026-05-30T13:45,2020.83,2026-05-30T13:50,2017.87,1,0.08,479.49,-0.7,-0.15,478.79,Signal Flip
3154,EMA_CONFIRMED_20_200,LONG,2026-05-30T13:55,2021.54,2026-05-30T15:25,2024.56,18,1.5,478.79,0.71,0.15,479.5,Signal Flip
3155,EMA_CONFIRMED_20_200,LONG,2026-05-30T15:30,2027.76,2026-05-30T15:40,2023.82,2,0.17,479.5,-0.93,-0.19,478.57,Signal Flip
3156,EMA_CONFIRMED_20_200,LONG,2026-05-30T15:55,2028.22,2026-05-30T16:05,2023.81,2,0.17,478.57,-1.04,-0.22,477.52,Signal Flip
3157,EMA_CONFIRMED_20_200,LONG,2026-05-30T16:15,2028.52,2026-05-30T16:20,2024.89,1,0.08,477.52,-0.86,-0.18,476.67,Signal Flip
3158,EMA_CONFIRMED_20_200,LONG,2026-05-30T16:35,2028.49,2026-05-30T17:10,2024.45,7,0.58,476.67,-0.95,-0.2,475.72,Signal Flip
3159,EMA_CONFIRMED_20_200,LONG,2026-05-30T17:25,2029.34,2026-05-30T17:30,2025.39,1,0.08,475.72,-0.93,-0.2,474.79,Signal Flip
3160,EMA_CONFIRMED_20_200,LONG,2026-05-30T17:50,2027.66,2026-05-30T18:25,2024.83,7,0.58,474.79,-0.66,-0.14,474.13,Signal Flip
3161,EMA_CONFIRMED_20_200,LONG,2026-05-30T18:35,2027.78,2026-05-30T19:10,2025.06,7,0.58,474.13,-0.64,-0.13,473.49,Signal Flip
3162,EMA_CONFIRMED_20_200,LONG,2026-05-30T19:20,2028.07,2026-05-30T19:25,2025.07,1,0.08,473.49,-0.7,-0.15,472.79,Signal Flip
3163,EMA_CONFIRMED_20_200,LONG,2026-05-30T19:40,2028.47,2026-05-30T20:35,2026.13,11,0.92,472.79,-0.55,-0.12,472.24,Signal Flip
3164,EMA_CONFIRMED_20_200,LONG,2026-05-30T21:05,2028.63,2026-05-30T22:00,2027.14,11,0.92,472.24,-0.35,-0.07,471.89,Signal Flip
3165,EMA_CONFIRMED_20_200,LONG,2026-05-30T23:05,2027.11,2026-05-30T23:10,2023.19,1,0.08,471.89,-0.91,-0.19,470.98,Signal Flip
3166,EMA_CONFIRMED_20_200,SHORT,2026-05-30T23:45,2019.52,2026-05-31T00:20,2024.19,7,0.58,470.98,-1.09,-0.23,469.89,Signal Flip
3167,EMA_CONFIRMED_20_200,LONG,2026-05-31T00:30,2026.21,2026-05-31T02:30,2026.95,24,2.0,469.89,0.17,0.04,470.06,Signal Flip
3168,EMA_CONFIRMED_20_200,LONG,2026-05-31T02:45,2031.22,2026-05-31T02:50,2028.6,1,0.08,470.06,-0.61,-0.13,469.45,Signal Flip
3169,EMA_CONFIRMED_20_200,LONG,2026-05-31T02:55,2031.29,2026-05-31T04:10,2031.11,15,1.25,469.45,-0.04,-0.01,469.41,Signal Flip
3170,EMA_CONFIRMED_20_200,LONG,2026-05-31T04:25,2035.33,2026-05-31T04:35,2031.33,2,0.17,469.41,-0.92,-0.2,468.49,Signal Flip
3171,EMA_CONFIRMED_20_200,LONG,2026-05-31T04:40,2034.61,2026-05-31T05:05,2031.87,5,0.42,468.49,-0.63,-0.13,467.86,Signal Flip
3172,EMA_CONFIRMED_20_200,LONG,2026-05-31T06:50,2031.83,2026-05-31T06:55,2029.31,1,0.08,467.86,-0.58,-0.12,467.28,Signal Flip
3173,EMA_CONFIRMED_20_200,SHORT,2026-05-31T07:45,2022.38,2026-05-31T08:05,2028.89,4,0.33,467.28,-1.51,-0.32,465.78,Signal Flip
3174,EMA_CONFIRMED_20_200,SHORT,2026-05-31T08:10,2025.15,2026-05-31T08:20,2027.67,2,0.17,465.78,-0.58,-0.12,465.2,Signal Flip
3175,EMA_CONFIRMED_20_200,SHORT,2026-05-31T08:35,2023.89,2026-05-31T08:55,2027.04,4,0.33,465.2,-0.73,-0.16,464.47,Signal Flip
3176,EMA_CONFIRMED_20_200,SHORT,2026-05-31T09:05,2024.01,2026-05-31T09:10,2027.19,1,0.08,464.47,-0.73,-0.16,463.74,Signal Flip
3177,EMA_CONFIRMED_20_200,SHORT,2026-05-31T09:15,2024.4,2026-05-31T09:20,2028.54,1,0.08,463.74,-0.95,-0.2,462.79,Signal Flip
3178,EMA_CONFIRMED_20_200,SHORT,2026-05-31T09:55,2024.62,2026-05-31T11:05,2024.06,14,1.17,462.79,0.13,0.03,462.92,Signal Flip
3179,EMA_CONFIRMED_20_200,SHORT,2026-05-31T12:05,2019.08,2026-05-31T12:15,2023.08,2,0.17,462.92,-0.92,-0.2,462.0,Signal Flip
3180,EMA_CONFIRMED_20_200,SHORT,2026-05-31T12:55,2020.97,2026-05-31T13:10,2025.18,3,0.25,462.0,-0.96,-0.21,461.04,Signal Flip
3181,EMA_CONFIRMED_20_200,SHORT,2026-05-31T13:40,2022.3,2026-05-31T15:25,2015.04,21,1.75,461.04,1.66,0.36,462.69,Signal Flip
3182,EMA_CONFIRMED_20_200,SHORT,2026-05-31T15:30,2012.53,2026-05-31T15:35,2015.19,1,0.08,462.69,-0.61,-0.13,462.08,Signal Flip
3183,EMA_CONFIRMED_20_200,SHORT,2026-05-31T15:40,2012.46,2026-05-31T17:35,2006.4,23,1.92,462.08,1.39,0.3,463.47,Signal Flip
3184,EMA_CONFIRMED_20_200,SHORT,2026-05-31T18:05,2001.59,2026-05-31T19:55,2000.74,22,1.83,463.47,0.2,0.04,463.67,Signal Flip
3185,EMA_CONFIRMED_20_200,SHORT,2026-05-31T20:00,1998.58,2026-05-31T20:05,2003.23,1,0.08,463.67,-1.08,-0.23,462.59,Signal Flip
3186,EMA_CONFIRMED_20_200,SHORT,2026-05-31T22:05,2005.12,2026-05-31T22:10,2009.63,1,0.08,462.59,-1.04,-0.23,461.55,Signal Flip
3187,EMA_CONFIRMED_20_200,SHORT,2026-05-31T23:25,2008.11,2026-06-01T00:05,2015.02,8,0.67,461.55,-1.59,-0.34,459.96,Signal Flip
3188,EMA_CONFIRMED_20_200,SHORT,2026-06-01T00:20,2007.83,2026-06-01T00:25,2013.51,1,0.08,459.96,-1.3,-0.28,458.66,Signal Flip
3189,EMA_CONFIRMED_20_200,LONG,2026-06-01T00:55,2016.83,2026-06-01T01:05,2010.52,2,0.17,458.66,-1.43,-0.31,457.23,Signal Flip
3190,EMA_CONFIRMED_20_200,SHORT,2026-06-01T01:10,2005.48,2026-06-01T02:15,2006.26,13,1.08,457.23,-0.18,-0.04,457.05,Signal Flip
3191,EMA_CONFIRMED_20_200,SHORT,2026-06-01T02:20,2002.33,2026-06-01T02:30,2005.58,2,0.17,457.05,-0.74,-0.16,456.3,Signal Flip
3192,EMA_CONFIRMED_20_200,SHORT,2026-06-01T02:35,2002.04,2026-06-01T02:40,2006.44,1,0.08,456.3,-1.0,-0.22,455.3,Signal Flip
3193,EMA_CONFIRMED_20_200,LONG,2026-06-01T03:35,2016.59,2026-06-01T03:55,2008.08,4,0.33,455.3,-1.92,-0.42,453.38,Signal Flip
3194,EMA_CONFIRMED_20_200,SHORT,2026-06-01T04:05,2007.74,2026-06-01T09:00,1984.95,59,4.92,453.38,5.14,1.13,458.52,Signal Flip
3195,EMA_CONFIRMED_20_200,SHORT,2026-06-01T10:15,1983.91,2026-06-01T10:45,1986.09,6,0.5,458.52,-0.5,-0.11,458.02,Signal Flip
3196,EMA_CONFIRMED_20_200,SHORT,2026-06-01T11:00,1983.5,2026-06-01T11:10,1986.43,2,0.17,458.02,-0.68,-0.15,457.34,Signal Flip
3197,EMA_CONFIRMED_20_200,SHORT,2026-06-01T11:15,1983.08,2026-06-01T11:20,1986.71,1,0.08,457.34,-0.84,-0.18,456.5,Signal Flip
3198,EMA_CONFIRMED_20_200,SHORT,2026-06-01T11:30,1983.0,2026-06-01T11:45,1986.89,3,0.25,456.5,-0.9,-0.2,455.61,Signal Flip
3199,EMA_CONFIRMED_20_200,SHORT,2026-06-01T11:50,1983.1,2026-06-01T12:25,1985.72,7,0.58,455.61,-0.6,-0.13,455.0,Signal Flip
3200,EMA_CONFIRMED_20_200,SHORT,2026-06-01T13:05,1982.64,2026-06-01T15:05,1973.06,24,2.0,455.0,2.2,0.48,457.2,Signal Flip
3201,EMA_CONFIRMED_20_200,SHORT,2026-06-01T15:10,1970.51,2026-06-01T15:35,1976.87,5,0.42,457.2,-1.47,-0.32,455.73,Signal Flip
3202,EMA_CONFIRMED_20_200,SHORT,2026-06-01T15:55,1968.19,2026-06-01T16:05,1971.82,2,0.17,455.73,-0.84,-0.18,454.89,Signal Flip
3203,EMA_CONFIRMED_20_200,SHORT,2026-06-01T16:10,1963.73,2026-06-01T16:30,1972.16,4,0.33,454.89,-1.95,-0.43,452.93,Signal Flip
3204,EMA_CONFIRMED_20_200,LONG,2026-06-01T18:35,1994.64,2026-06-01T21:10,1994.79,31,2.58,452.93,0.04,0.01,452.97,Signal Flip
3205,EMA_CONFIRMED_20_200,LONG,2026-06-01T22:30,2000.8,2026-06-01T22:40,1992.49,2,0.17,452.97,-1.88,-0.42,451.09,Signal Flip
3206,EMA_CONFIRMED_20_200,LONG,2026-06-01T22:45,1996.85,2026-06-01T23:30,1997.67,9,0.75,451.09,0.19,0.04,451.28,Signal Flip
3207,EMA_CONFIRMED_20_200,LONG,2026-06-01T23:35,2003.39,2026-06-02T00:20,2001.34,9,0.75,451.28,-0.46,-0.1,450.81,Signal Flip
3208,EMA_CONFIRMED_20_200,SHORT,2026-06-02T01:55,1982.76,2026-06-02T02:30,1989.76,7,0.58,450.81,-1.59,-0.35,449.22,Signal Flip
3209,EMA_CONFIRMED_20_200,SHORT,2026-06-02T02:45,1984.52,2026-06-02T02:50,1989.21,1,0.08,449.22,-1.06,-0.24,448.16,Signal Flip
3210,EMA_CONFIRMED_20_200,LONG,2026-06-02T03:30,2002.08,2026-06-02T04:15,1997.25,9,0.75,448.16,-1.08,-0.24,447.08,Signal Flip
3211,EMA_CONFIRMED_20_200,LONG,2026-06-02T04:20,2002.29,2026-06-02T04:50,1997.68,6,0.5,447.08,-1.03,-0.23,446.05,Signal Flip
3212,EMA_CONFIRMED_20_200,LONG,2026-06-02T05:15,2001.11,2026-06-02T05:20,1997.2,1,0.08,446.05,-0.87,-0.2,445.17,Signal Flip
3213,EMA_CONFIRMED_20_200,SHORT,2026-06-02T06:05,1985.46,2026-06-02T07:20,1988.72,15,1.25,445.17,-0.73,-0.16,444.44,Signal Flip
3214,EMA_CONFIRMED_20_200,SHORT,2026-06-02T07:25,1982.85,2026-06-02T07:35,1985.67,2,0.17,444.44,-0.63,-0.14,443.81,Signal Flip
3215,EMA_CONFIRMED_20_200,SHORT,2026-06-02T07:50,1983.2,2026-06-02T08:15,1984.95,5,0.42,443.81,-0.39,-0.09,443.42,Signal Flip
3216,EMA_CONFIRMED_20_200,SHORT,2026-06-02T08:20,1982.32,2026-06-02T08:30,1986.7,2,0.17,443.42,-0.98,-0.22,442.44,Signal Flip
3217,EMA_CONFIRMED_20_200,SHORT,2026-06-02T08:40,1982.27,2026-06-02T10:10,1979.99,18,1.5,442.44,0.51,0.11,442.94,Signal Flip
3218,EMA_CONFIRMED_20_200,SHORT,2026-06-02T10:35,1975.19,2026-06-02T10:55,1982.59,4,0.33,442.94,-1.66,-0.37,441.29,Signal Flip
3219,EMA_CONFIRMED_20_200,SHORT,2026-06-02T11:20,1976.93,2026-06-02T11:25,1981.23,1,0.08,441.29,-0.96,-0.22,440.33,Signal Flip
3220,EMA_CONFIRMED_20_200,SHORT,2026-06-02T11:30,1976.63,2026-06-02T11:40,1980.42,2,0.17,440.33,-0.84,-0.19,439.48,Signal Flip
3221,EMA_CONFIRMED_20_200,SHORT,2026-06-02T11:45,1977.42,2026-06-02T11:50,1981.05,1,0.08,439.48,-0.81,-0.18,438.68,Signal Flip
3222,EMA_CONFIRMED_20_200,SHORT,2026-06-02T12:00,1977.54,2026-06-02T12:05,1981.3,1,0.08,438.68,-0.83,-0.19,437.84,Signal Flip
3223,EMA_CONFIRMED_20_200,SHORT,2026-06-02T12:15,1976.75,2026-06-02T12:25,1983.19,2,0.17,437.84,-1.43,-0.33,436.41,Signal Flip
3224,EMA_CONFIRMED_20_200,SHORT,2026-06-02T12:35,1975.46,2026-06-02T12:45,1980.14,2,0.17,436.41,-1.03,-0.24,435.38,Signal Flip
3225,EMA_CONFIRMED_20_200,SHORT,2026-06-02T12:50,1975.1,2026-06-02T13:20,1978.56,6,0.5,435.38,-0.76,-0.18,434.62,Signal Flip
3226,EMA_CONFIRMED_20_200,SHORT,2026-06-02T13:40,1973.52,2026-06-02T13:50,1979.34,2,0.17,434.62,-1.28,-0.29,433.34,Signal Flip
3227,EMA_CONFIRMED_20_200,SHORT,2026-06-02T13:55,1972.94,2026-06-02T16:15,1934.37,28,2.33,433.34,8.47,1.96,441.81,Signal Flip
3228,EMA_CONFIRMED_20_200,SHORT,2026-06-02T16:35,1925.85,2026-06-02T17:25,1930.62,10,0.83,441.81,-1.1,-0.25,440.72,Signal Flip
3229,EMA_CONFIRMED_20_200,SHORT,2026-06-02T17:35,1924.98,2026-06-02T17:40,1928.02,1,0.08,440.72,-0.7,-0.16,440.02,Signal Flip
3230,EMA_CONFIRMED_20_200,SHORT,2026-06-02T17:45,1922.93,2026-06-02T18:05,1926.47,4,0.33,440.02,-0.81,-0.18,439.21,Signal Flip
3231,EMA_CONFIRMED_20_200,SHORT,2026-06-02T18:15,1921.69,2026-06-02T19:55,1911.89,20,1.67,439.21,2.24,0.51,441.45,Signal Flip
3232,EMA_CONFIRMED_20_200,SHORT,2026-06-02T20:20,1905.08,2026-06-02T20:50,1908.22,6,0.5,441.45,-0.73,-0.17,440.72,Signal Flip
3233,EMA_CONFIRMED_20_200,SHORT,2026-06-02T21:00,1905.8,2026-06-02T21:10,1909.19,2,0.17,440.72,-0.79,-0.18,439.93,Signal Flip
3234,EMA_CONFIRMED_20_200,SHORT,2026-06-02T21:15,1900.95,2026-06-02T21:25,1908.17,2,0.17,439.93,-1.67,-0.38,438.26,Signal Flip
3235,EMA_CONFIRMED_20_200,SHORT,2026-06-02T21:40,1904.95,2026-06-02T22:25,1905.75,9,0.75,438.26,-0.19,-0.04,438.08,Signal Flip
3236,EMA_CONFIRMED_20_200,SHORT,2026-06-02T22:35,1892.84,2026-06-03T00:15,1868.88,20,1.67,438.08,5.55,1.27,443.62,Signal Flip
3237,EMA_CONFIRMED_20_200,SHORT,2026-06-03T00:25,1864.69,2026-06-03T00:35,1871.31,2,0.17,443.62,-1.57,-0.35,442.05,Signal Flip
3238,EMA_CONFIRMED_20_200,SHORT,2026-06-03T01:00,1866.42,2026-06-03T01:30,1868.86,6,0.5,442.05,-0.58,-0.13,441.47,Signal Flip
3239,EMA_CONFIRMED_20_200,SHORT,2026-06-03T01:35,1862.91,2026-06-03T01:55,1867.4,4,0.33,441.47,-1.07,-0.24,440.4,Signal Flip
3240,EMA_CONFIRMED_20_200,SHORT,2026-06-03T02:05,1861.26,2026-06-03T04:05,1844.38,24,2.0,440.4,3.99,0.91,444.39,Signal Flip
3241,EMA_CONFIRMED_20_200,SHORT,2026-06-03T04:10,1839.66,2026-06-03T04:25,1844.65,3,0.25,444.39,-1.21,-0.27,443.19,Signal Flip
3242,EMA_CONFIRMED_20_200,SHORT,2026-06-03T04:35,1841.39,2026-06-03T04:45,1845.34,2,0.17,443.19,-0.95,-0.21,442.24,Signal Flip
3243,EMA_CONFIRMED_20_200,SHORT,2026-06-03T08:10,1874.49,2026-06-03T08:20,1876.81,2,0.17,442.24,-0.55,-0.12,441.69,Signal Flip
3244,EMA_CONFIRMED_20_200,SHORT,2026-06-03T08:25,1872.65,2026-06-03T08:35,1878.32,2,0.17,441.69,-1.34,-0.3,440.35,Signal Flip
3245,EMA_CONFIRMED_20_200,SHORT,2026-06-03T09:20,1876.92,2026-06-03T09:50,1878.25,6,0.5,440.35,-0.31,-0.07,440.04,Signal Flip
3246,EMA_CONFIRMED_20_200,SHORT,2026-06-03T10:00,1875.34,2026-06-03T10:05,1878.79,1,0.08,440.04,-0.81,-0.18,439.23,Signal Flip
3247,EMA_CONFIRMED_20_200,SHORT,2026-06-03T11:35,1881.66,2026-06-03T12:55,1878.22,16,1.33,439.23,0.8,0.18,440.04,Signal Flip
3248,EMA_CONFIRMED_20_200,SHORT,2026-06-03T13:00,1875.47,2026-06-03T13:20,1878.74,4,0.33,440.04,-0.77,-0.17,439.27,Signal Flip
3249,EMA_CONFIRMED_20_200,SHORT,2026-06-03T13:25,1872.44,2026-06-03T13:35,1876.45,2,0.17,439.27,-0.94,-0.21,438.33,Signal Flip
3250,EMA_CONFIRMED_20_200,SHORT,2026-06-03T13:40,1871.27,2026-06-03T17:35,1839.5,47,3.92,438.33,7.44,1.7,445.77,Signal Flip
3251,EMA_CONFIRMED_20_200,SHORT,2026-06-03T17:50,1828.36,2026-06-03T18:10,1832.13,4,0.33,445.77,-0.92,-0.21,444.85,Signal Flip
3252,EMA_CONFIRMED_20_200,SHORT,2026-06-03T18:15,1828.35,2026-06-03T18:45,1831.15,6,0.5,444.85,-0.68,-0.15,444.17,Signal Flip
3253,EMA_CONFIRMED_20_200,SHORT,2026-06-03T19:10,1825.6,2026-06-03T21:30,1802.7,28,2.33,444.17,5.57,1.25,449.74,Signal Flip
3254,EMA_CONFIRMED_20_200,SHORT,2026-06-03T22:55,1823.02,2026-06-03T23:00,1829.92,1,0.08,449.74,-1.7,-0.38,448.04,Signal Flip
3255,EMA_CONFIRMED_20_200,SHORT,2026-06-03T23:05,1821.22,2026-06-04T02:25,1772.85,40,3.33,448.04,11.9,2.66,459.94,Signal Flip
3256,EMA_CONFIRMED_20_200,SHORT,2026-06-04T02:30,1765.67,2026-06-04T02:40,1772.17,2,0.17,459.94,-1.69,-0.37,458.25,Signal Flip
3257,EMA_CONFIRMED_20_200,SHORT,2026-06-04T03:00,1765.95,2026-06-04T03:05,1786.86,1,0.08,458.25,-5.43,-1.18,452.82,Signal Flip
3258,EMA_CONFIRMED_20_200,SHORT,2026-06-04T05:05,1794.35,2026-06-04T06:20,1798.47,15,1.25,452.82,-1.04,-0.23,451.78,Signal Flip
3259,EMA_CONFIRMED_20_200,SHORT,2026-06-04T06:35,1791.24,2026-06-04T06:40,1800.35,1,0.08,451.78,-2.3,-0.51,449.48,Signal Flip
3260,EMA_CONFIRMED_20_200,SHORT,2026-06-04T06:50,1791.86,2026-06-04T10:00,1767.46,38,3.17,449.48,6.12,1.36,455.61,Signal Flip
3261,EMA_CONFIRMED_20_200,SHORT,2026-06-04T10:05,1758.5,2026-06-04T10:35,1763.29,6,0.5,455.61,-1.24,-0.27,454.36,Signal Flip
3262,EMA_CONFIRMED_20_200,SHORT,2026-06-04T10:45,1751.97,2026-06-04T11:50,1751.24,13,1.08,454.36,0.19,0.04,454.56,Signal Flip
3263,EMA_CONFIRMED_20_200,SHORT,2026-06-04T12:10,1746.52,2026-06-04T12:25,1766.97,3,0.25,454.56,-5.32,-1.17,449.23,Signal Flip
3264,EMA_CONFIRMED_20_200,SHORT,2026-06-04T13:20,1763.88,2026-06-04T13:35,1779.44,3,0.25,449.23,-3.96,-0.88,445.27,Signal Flip
3265,EMA_CONFIRMED_20_200,SHORT,2026-06-04T14:40,1770.54,2026-06-04T15:05,1776.76,5,0.42,445.27,-1.56,-0.35,443.71,Signal Flip
3266,EMA_CONFIRMED_20_200,SHORT,2026-06-04T15:25,1777.5,2026-06-04T15:30,1779.78,1,0.08,443.71,-0.57,-0.13,443.14,Signal Flip
3267,EMA_CONFIRMED_20_200,SHORT,2026-06-04T15:35,1777.48,2026-06-04T16:40,1776.68,13,1.08,443.14,0.2,0.05,443.34,Signal Flip
3268,EMA_CONFIRMED_20_200,SHORT,2026-06-04T16:55,1772.66,2026-06-04T17:55,1773.29,12,1.0,443.34,-0.16,-0.04,443.18,Signal Flip
3269,EMA_CONFIRMED_20_200,SHORT,2026-06-04T18:05,1762.98,2026-06-04T18:20,1767.47,3,0.25,443.18,-1.13,-0.25,442.05,Signal Flip
3270,EMA_CONFIRMED_20_200,SHORT,2026-06-04T19:55,1775.54,2026-06-04T20:00,1777.82,1,0.08,442.05,-0.57,-0.13,441.48,Signal Flip
3271,EMA_CONFIRMED_20_200,SHORT,2026-06-04T20:05,1769.71,2026-06-04T20:35,1775.62,6,0.5,441.48,-1.47,-0.33,440.01,Signal Flip
3272,EMA_CONFIRMED_20_200,SHORT,2026-06-04T20:40,1769.84,2026-06-04T21:00,1775.76,4,0.33,440.01,-1.47,-0.33,438.54,Signal Flip
3273,EMA_CONFIRMED_20_200,SHORT,2026-06-04T21:25,1771.57,2026-06-04T22:50,1765.14,17,1.42,438.54,1.59,0.36,440.13,Signal Flip
3274,EMA_CONFIRMED_20_200,SHORT,2026-06-04T22:55,1762.46,2026-06-04T23:00,1769.62,1,0.08,440.13,-1.79,-0.41,438.34,Signal Flip
3275,EMA_CONFIRMED_20_200,SHORT,2026-06-04T23:20,1757.42,2026-06-04T23:35,1766.09,3,0.25,438.34,-2.16,-0.49,436.18,Signal Flip
3276,EMA_CONFIRMED_20_200,SHORT,2026-06-05T00:05,1764.34,2026-06-05T00:10,1768.86,1,0.08,436.18,-1.12,-0.26,435.06,Signal Flip
3277,EMA_CONFIRMED_20_200,SHORT,2026-06-05T00:15,1763.1,2026-06-05T00:25,1770.55,2,0.17,435.06,-1.84,-0.42,433.22,Signal Flip
3278,EMA_CONFIRMED_20_200,SHORT,2026-06-05T00:55,1762.25,2026-06-05T04:30,1737.44,43,3.58,433.22,6.1,1.41,439.32,Signal Flip
3279,EMA_CONFIRMED_20_200,SHORT,2026-06-05T04:45,1729.47,2026-06-05T04:55,1738.17,2,0.17,439.32,-2.21,-0.5,437.11,Signal Flip
3280,EMA_CONFIRMED_20_200,SHORT,2026-06-05T05:10,1731.62,2026-06-05T05:30,1735.84,4,0.33,437.11,-1.06,-0.24,436.05,Signal Flip
3281,EMA_CONFIRMED_20_200,SHORT,2026-06-05T05:35,1727.05,2026-06-05T07:40,1669.24,25,2.08,436.05,14.59,3.35,450.64,Signal Flip
3282,EMA_CONFIRMED_20_200,SHORT,2026-06-05T08:20,1664.79,2026-06-05T08:30,1674.0,2,0.17,450.64,-2.49,-0.55,448.15,Signal Flip
3283,EMA_CONFIRMED_20_200,SHORT,2026-06-05T08:45,1666.22,2026-06-05T08:50,1669.79,1,0.08,448.15,-0.96,-0.21,447.19,Signal Flip
3284,EMA_CONFIRMED_20_200,SHORT,2026-06-05T08:55,1661.73,2026-06-05T09:05,1669.2,2,0.17,447.19,-2.01,-0.45,445.18,Signal Flip
3285,EMA_CONFIRMED_20_200,SHORT,2026-06-05T10:10,1672.91,2026-06-05T10:15,1678.37,1,0.08,445.18,-1.45,-0.33,443.72,Signal Flip
3286,EMA_CONFIRMED_20_200,SHORT,2026-06-05T10:20,1671.75,2026-06-05T10:30,1677.48,2,0.17,443.72,-1.52,-0.34,442.2,Signal Flip
3287,EMA_CONFIRMED_20_200,SHORT,2026-06-05T10:40,1672.7,2026-06-05T10:45,1680.91,1,0.08,442.2,-2.17,-0.49,440.04,Signal Flip
3288,EMA_CONFIRMED_20_200,SHORT,2026-06-05T10:55,1674.99,2026-06-05T11:00,1677.7,1,0.08,440.04,-0.71,-0.16,439.32,Signal Flip
3289,EMA_CONFIRMED_20_200,SHORT,2026-06-05T11:05,1672.14,2026-06-05T11:20,1677.73,3,0.25,439.32,-1.47,-0.33,437.86,Signal Flip
3290,EMA_CONFIRMED_20_200,SHORT,2026-06-05T11:25,1672.62,2026-06-05T11:30,1678.74,1,0.08,437.86,-1.6,-0.37,436.26,Signal Flip
3291,EMA_CONFIRMED_20_200,SHORT,2026-06-05T11:35,1672.83,2026-06-05T12:25,1669.46,10,0.83,436.26,0.88,0.2,437.13,Signal Flip
3292,EMA_CONFIRMED_20_200,SHORT,2026-06-05T12:30,1663.43,2026-06-05T13:05,1668.12,7,0.58,437.13,-1.23,-0.28,435.9,Signal Flip
3293,EMA_CONFIRMED_20_200,SHORT,2026-06-05T13:40,1660.19,2026-06-05T16:20,1592.69,32,2.67,435.9,17.72,4.07,453.62,Signal Flip
3294,EMA_CONFIRMED_20_200,SHORT,2026-06-05T16:35,1583.89,2026-06-05T16:50,1599.09,3,0.25,453.62,-4.35,-0.96,449.27,Signal Flip
3295,EMA_CONFIRMED_20_200,SHORT,2026-06-05T17:20,1589.89,2026-06-05T17:40,1596.92,4,0.33,449.27,-1.98,-0.44,447.29,Signal Flip
3296,EMA_CONFIRMED_20_200,SHORT,2026-06-05T17:45,1592.13,2026-06-05T19:50,1574.89,25,2.08,447.29,4.85,1.08,452.13,Signal Flip
3297,EMA_CONFIRMED_20_200,SHORT,2026-06-05T20:05,1560.21,2026-06-05T20:10,1587.43,1,0.08,452.13,-7.89,-1.74,444.24,Signal Flip
3298,EMA_CONFIRMED_20_200,SHORT,2026-06-05T22:05,1597.7,2026-06-05T22:20,1603.41,3,0.25,444.24,-1.59,-0.36,442.65,Signal Flip
3299,EMA_CONFIRMED_20_200,SHORT,2026-06-05T22:25,1595.39,2026-06-05T22:40,1604.85,3,0.25,442.65,-2.62,-0.59,440.03,Signal Flip
3300,EMA_CONFIRMED_20_200,SHORT,2026-06-05T22:45,1598.31,2026-06-05T22:55,1602.74,2,0.17,440.03,-1.22,-0.28,438.81,Signal Flip
3301,EMA_CONFIRMED_20_200,SHORT,2026-06-05T23:00,1596.34,2026-06-06T00:05,1599.22,13,1.08,438.81,-0.79,-0.18,438.02,Signal Flip
3302,EMA_CONFIRMED_20_200,SHORT,2026-06-06T01:15,1584.6,2026-06-06T01:30,1593.57,3,0.25,438.02,-2.48,-0.57,435.54,Signal Flip
3303,EMA_CONFIRMED_20_200,SHORT,2026-06-06T01:40,1585.76,2026-06-06T02:50,1585.28,14,1.17,435.54,0.13,0.03,435.67,Signal Flip
3304,EMA_CONFIRMED_20_200,SHORT,2026-06-06T03:00,1575.41,2026-06-06T05:25,1557.53,29,2.42,435.67,4.95,1.14,440.62,Signal Flip
3305,EMA_CONFIRMED_20_200,SHORT,2026-06-06T06:50,1561.23,2026-06-06T07:10,1573.05,4,0.33,440.62,-3.34,-0.76,437.28,Signal Flip
3306,EMA_CONFIRMED_20_200,SHORT,2026-06-06T09:20,1578.34,2026-06-06T09:30,1587.96,2,0.17,437.28,-2.67,-0.61,434.61,Signal Flip
3307,EMA_CONFIRMED_20_200,SHORT,2026-06-06T09:45,1578.68,2026-06-06T11:20,1558.49,19,1.58,434.61,5.56,1.28,440.17,Signal Flip
3308,EMA_CONFIRMED_20_200,SHORT,2026-06-06T12:00,1558.12,2026-06-06T12:05,1560.96,1,0.08,440.17,-0.8,-0.18,439.37,Signal Flip
3309,EMA_CONFIRMED_20_200,SHORT,2026-06-06T12:25,1555.8,2026-06-06T12:45,1562.98,4,0.33,439.37,-2.03,-0.46,437.34,Signal Flip
3310,EMA_CONFIRMED_20_200,SHORT,2026-06-06T13:30,1561.0,2026-06-06T13:45,1564.61,3,0.25,437.34,-1.01,-0.23,436.33,Signal Flip
3311,EMA_CONFIRMED_20_200,SHORT,2026-06-06T13:50,1558.28,2026-06-06T14:20,1565.26,6,0.5,436.33,-1.95,-0.45,434.38,Signal Flip
3312,EMA_CONFIRMED_20_200,SHORT,2026-06-06T14:30,1560.25,2026-06-06T14:35,1563.34,1,0.08,434.38,-0.86,-0.2,433.52,Signal Flip
3313,EMA_CONFIRMED_20_200,SHORT,2026-06-06T15:00,1556.93,2026-06-06T15:35,1559.57,7,0.58,433.52,-0.73,-0.17,432.78,Signal Flip
3314,EMA_CONFIRMED_20_200,SHORT,2026-06-06T16:20,1558.86,2026-06-06T16:45,1562.58,5,0.42,432.78,-1.03,-0.24,431.75,Signal Flip
3315,EMA_CONFIRMED_20_200,SHORT,2026-06-06T17:10,1559.07,2026-06-06T17:15,1563.14,1,0.08,431.75,-1.13,-0.26,430.62,Signal Flip
3316,EMA_CONFIRMED_20_200,SHORT,2026-06-06T17:20,1560.0,2026-06-06T17:35,1565.07,3,0.25,430.62,-1.4,-0.33,429.22,Signal Flip
3317,EMA_CONFIRMED_20_200,SHORT,2026-06-06T17:40,1554.72,2026-06-06T18:30,1564.59,10,0.83,429.22,-2.72,-0.63,426.5,Signal Flip
3318,EMA_CONFIRMED_20_200,SHORT,2026-06-06T18:50,1553.35,2026-06-06T19:10,1563.57,4,0.33,426.5,-2.81,-0.66,423.69,Signal Flip
3319,EMA_CONFIRMED_20_200,SHORT,2026-06-06T19:30,1555.36,2026-06-06T20:35,1555.86,13,1.08,423.69,-0.14,-0.03,423.55,Signal Flip
3320,EMA_CONFIRMED_20_200,SHORT,2026-06-06T22:00,1557.42,2026-06-06T22:20,1562.01,4,0.33,423.55,-1.25,-0.29,422.31,Signal Flip
3321,EMA_CONFIRMED_20_200,SHORT,2026-06-06T22:25,1552.87,2026-06-06T22:45,1558.26,4,0.33,422.31,-1.46,-0.35,420.84,Signal Flip
3322,EMA_CONFIRMED_20_200,SHORT,2026-06-06T23:20,1557.94,2026-06-06T23:30,1561.4,2,0.17,420.84,-0.93,-0.22,419.91,Signal Flip
3323,EMA_CONFIRMED_20_200,LONG,2026-06-07T00:15,1566.85,2026-06-07T00:45,1564.96,6,0.5,419.91,-0.51,-0.12,419.4,Signal Flip
3324,EMA_CONFIRMED_20_200,LONG,2026-06-07T00:55,1567.31,2026-06-07T01:00,1564.25,1,0.08,419.4,-0.82,-0.2,418.58,Signal Flip
3325,EMA_CONFIRMED_20_200,LONG,2026-06-07T01:05,1576.6,2026-06-07T04:10,1590.93,37,3.08,418.58,3.81,0.91,422.39,Signal Flip
3326,EMA_CONFIRMED_20_200,LONG,2026-06-07T04:35,1592.79,2026-06-07T06:05,1597.93,18,1.5,422.39,1.36,0.32,423.75,Signal Flip
3327,EMA_CONFIRMED_20_200,LONG,2026-06-07T06:20,1606.3,2026-06-07T10:05,1629.97,45,3.75,423.75,6.24,1.47,429.99,Signal Flip
3328,EMA_CONFIRMED_20_200,LONG,2026-06-07T10:25,1635.1,2026-06-07T10:40,1629.74,3,0.25,429.99,-1.41,-0.33,428.59,Signal Flip
3329,EMA_CONFIRMED_20_200,LONG,2026-06-07T11:25,1630.74,2026-06-07T11:30,1627.7,1,0.08,428.59,-0.8,-0.19,427.79,Signal Flip
3330,EMA_CONFIRMED_20_200,LONG,2026-06-07T11:40,1632.43,2026-06-07T12:05,1629.03,5,0.42,427.79,-0.89,-0.21,426.89,Signal Flip
3331,EMA_CONFIRMED_20_200,LONG,2026-06-07T13:15,1621.39,2026-06-07T13:20,1615.4,1,0.08,426.89,-1.58,-0.37,425.32,Signal Flip
3332,EMA_CONFIRMED_20_200,LONG,2026-06-07T13:30,1622.02,2026-06-07T13:40,1617.24,2,0.17,425.32,-1.25,-0.29,424.06,Signal Flip
3333,EMA_CONFIRMED_20_200,LONG,2026-06-07T14:05,1619.72,2026-06-07T14:15,1617.74,2,0.17,424.06,-0.52,-0.12,423.55,Signal Flip
3334,EMA_CONFIRMED_20_200,LONG,2026-06-07T14:20,1622.76,2026-06-07T14:50,1622.44,6,0.5,423.55,-0.08,-0.02,423.46,Signal Flip
3335,EMA_CONFIRMED_20_200,LONG,2026-06-07T14:55,1626.93,2026-06-07T16:05,1626.19,14,1.17,423.46,-0.19,-0.05,423.27,Signal Flip
3336,EMA_CONFIRMED_20_200,LONG,2026-06-07T16:15,1631.08,2026-06-07T16:30,1627.44,3,0.25,423.27,-0.94,-0.22,422.32,Signal Flip
3337,EMA_CONFIRMED_20_200,LONG,2026-06-07T16:35,1631.81,2026-06-07T17:00,1627.71,5,0.42,422.32,-1.06,-0.25,421.26,Signal Flip
3338,EMA_CONFIRMED_20_200,LONG,2026-06-07T17:05,1633.11,2026-06-07T17:55,1631.03,10,0.83,421.26,-0.53,-0.13,420.73,Signal Flip
3339,EMA_CONFIRMED_20_200,LONG,2026-06-07T18:10,1634.35,2026-06-07T18:20,1628.74,2,0.17,420.73,-1.44,-0.34,419.28,Signal Flip
3340,EMA_CONFIRMED_20_200,LONG,2026-06-07T18:30,1633.93,2026-06-07T18:50,1630.85,4,0.33,419.28,-0.79,-0.19,418.49,Signal Flip
3341,EMA_CONFIRMED_20_200,LONG,2026-06-07T20:10,1620.77,2026-06-07T21:45,1624.91,19,1.58,418.49,1.07,0.26,419.56,Signal Flip
3342,EMA_CONFIRMED_20_200,LONG,2026-06-07T21:50,1629.92,2026-06-08T01:10,1689.36,40,3.33,419.56,15.3,3.65,434.86,Signal Flip
3343,EMA_CONFIRMED_20_200,LONG,2026-06-08T02:00,1688.18,2026-06-08T02:05,1683.17,1,0.08,434.86,-1.29,-0.3,433.57,Signal Flip
3344,EMA_CONFIRMED_20_200,LONG,2026-06-08T02:15,1686.44,2026-06-08T02:20,1679.29,1,0.08,433.57,-1.84,-0.42,431.73,Signal Flip
3345,EMA_CONFIRMED_20_200,LONG,2026-06-08T02:25,1686.91,2026-06-08T02:35,1679.47,2,0.17,431.73,-1.9,-0.44,429.83,Signal Flip
3346,EMA_CONFIRMED_20_200,LONG,2026-06-08T03:10,1688.23,2026-06-08T03:25,1683.11,3,0.25,429.83,-1.31,-0.3,428.52,Signal Flip
3347,EMA_CONFIRMED_20_200,LONG,2026-06-08T06:05,1662.49,2026-06-08T08:05,1667.25,24,2.0,428.52,1.23,0.29,429.75,Signal Flip
3348,EMA_CONFIRMED_20_200,LONG,2026-06-08T08:10,1670.83,2026-06-08T08:15,1668.56,1,0.08,429.75,-0.59,-0.14,429.16,Signal Flip
3349,EMA_CONFIRMED_20_200,LONG,2026-06-08T08:35,1670.28,2026-06-08T08:40,1664.38,1,0.08,429.16,-1.52,-0.35,427.64,Signal Flip
3350,EMA_CONFIRMED_20_200,LONG,2026-06-08T09:20,1667.18,2026-06-08T09:25,1662.02,1,0.08,427.64,-1.32,-0.31,426.32,Signal Flip
3351,EMA_CONFIRMED_20_200,LONG,2026-06-08T09:50,1668.05,2026-06-08T10:20,1665.25,6,0.5,426.32,-0.72,-0.17,425.6,Signal Flip
3352,EMA_CONFIRMED_20_200,LONG,2026-06-08T10:25,1668.06,2026-06-08T10:30,1664.7,1,0.08,425.6,-0.86,-0.2,424.74,Signal Flip
3353,EMA_CONFIRMED_20_200,LONG,2026-06-08T10:35,1673.74,2026-06-08T11:05,1667.1,6,0.5,424.74,-1.69,-0.4,423.06,Signal Flip
3354,EMA_CONFIRMED_20_200,LONG,2026-06-08T11:10,1673.91,2026-06-08T12:05,1670.22,11,0.92,423.06,-0.93,-0.22,422.13,Signal Flip
3355,EMA_CONFIRMED_20_200,LONG,2026-06-08T12:30,1680.25,2026-06-08T13:35,1683.6,13,1.08,422.13,0.84,0.2,422.97,Signal Flip
3356,EMA_CONFIRMED_20_200,LONG,2026-06-08T14:10,1687.63,2026-06-08T14:20,1683.69,2,0.17,422.97,-0.99,-0.23,421.98,Signal Flip
3357,EMA_CONFIRMED_20_200,LONG,2026-06-08T14:25,1685.86,2026-06-08T14:30,1683.91,1,0.08,421.98,-0.49,-0.12,421.49,Signal Flip
3358,EMA_CONFIRMED_20_200,LONG,2026-06-08T14:35,1689.61,2026-06-08T14:50,1684.54,3,0.25,421.49,-1.27,-0.3,420.22,Signal Flip
3359,EMA_CONFIRMED_20_200,LONG,2026-06-08T14:55,1688.46,2026-06-08T15:50,1691.11,11,0.92,420.22,0.66,0.16,420.88,Signal Flip
3360,EMA_CONFIRMED_20_200,LONG,2026-06-08T15:55,1694.84,2026-06-08T16:00,1690.74,1,0.08,420.88,-1.02,-0.24,419.87,Signal Flip
3361,EMA_CONFIRMED_20_200,LONG,2026-06-08T16:05,1694.4,2026-06-08T16:35,1689.66,6,0.5,419.87,-1.17,-0.28,418.69,Signal Flip
3362,EMA_CONFIRMED_20_200,LONG,2026-06-08T18:00,1687.65,2026-06-08T18:20,1685.83,4,0.33,418.69,-0.45,-0.11,418.24,Signal Flip
3363,EMA_CONFIRMED_20_200,LONG,2026-06-08T18:30,1688.9,2026-06-08T18:35,1682.36,1,0.08,418.24,-1.62,-0.39,416.62,Signal Flip
3364,EMA_CONFIRMED_20_200,LONG,2026-06-08T19:05,1688.17,2026-06-08T19:10,1681.79,1,0.08,416.62,-1.58,-0.38,415.04,Signal Flip
3365,EMA_CONFIRMED_20_200,LONG,2026-06-08T19:20,1687.28,2026-06-08T19:25,1683.76,1,0.08,415.04,-0.87,-0.21,414.18,Signal Flip
3366,EMA_CONFIRMED_20_200,LONG,2026-06-08T19:30,1688.36,2026-06-08T19:55,1684.63,5,0.42,414.18,-0.92,-0.22,413.26,Signal Flip
3367,EMA_CONFIRMED_20_200,LONG,2026-06-08T20:05,1687.41,2026-06-08T20:10,1684.28,1,0.08,413.26,-0.77,-0.19,412.49,Signal Flip
3368,EMA_CONFIRMED_20_200,LONG,2026-06-08T20:25,1686.35,2026-06-08T20:30,1678.78,1,0.08,412.49,-1.85,-0.45,410.64,Signal Flip
3369,EMA_CONFIRMED_20_200,LONG,2026-06-08T20:40,1687.9,2026-06-08T22:05,1697.26,17,1.42,410.64,2.28,0.55,412.92,Signal Flip
3370,EMA_CONFIRMED_20_200,LONG,2026-06-08T22:50,1700.34,2026-06-08T23:20,1696.37,6,0.5,412.92,-0.96,-0.23,411.95,Signal Flip
3371,EMA_CONFIRMED_20_200,SHORT,2026-06-09T00:50,1661.01,2026-06-09T03:00,1668.71,26,2.17,411.95,-1.91,-0.46,410.04,Signal Flip
3372,EMA_CONFIRMED_20_200,SHORT,2026-06-09T03:10,1665.34,2026-06-09T03:15,1669.73,1,0.08,410.04,-1.08,-0.26,408.96,Signal Flip
3373,EMA_CONFIRMED_20_200,SHORT,2026-06-09T03:35,1663.53,2026-06-09T03:45,1669.32,2,0.17,408.96,-1.42,-0.35,407.53,Signal Flip
3374,EMA_CONFIRMED_20_200,SHORT,2026-06-09T03:55,1665.23,2026-06-09T04:00,1670.27,1,0.08,407.53,-1.24,-0.3,406.3,Signal Flip
3375,EMA_CONFIRMED_20_200,SHORT,2026-06-09T04:05,1664.68,2026-06-09T04:10,1671.37,1,0.08,406.3,-1.63,-0.4,404.67,Signal Flip
3376,EMA_CONFIRMED_20_200,SHORT,2026-06-09T04:30,1665.35,2026-06-09T04:35,1680.84,1,0.08,404.67,-3.76,-0.93,400.9,Signal Flip
3377,EMA_CONFIRMED_20_200,LONG,2026-06-09T05:20,1690.53,2026-06-09T06:50,1685.6,18,1.5,400.9,-1.17,-0.29,399.73,Signal Flip
3378,EMA_CONFIRMED_20_200,LONG,2026-06-09T07:05,1690.74,2026-06-09T07:15,1685.58,2,0.17,399.73,-1.22,-0.31,398.51,Signal Flip
3379,EMA_CONFIRMED_20_200,LONG,2026-06-09T07:20,1689.09,2026-06-09T07:25,1686.45,1,0.08,398.51,-0.62,-0.16,397.88,Signal Flip
3380,EMA_CONFIRMED_20_200,SHORT,2026-06-09T08:20,1672.99,2026-06-09T09:20,1680.32,12,1.0,397.88,-1.74,-0.44,396.14,Signal Flip
3381,EMA_CONFIRMED_20_200,SHORT,2026-06-09T09:25,1676.94,2026-06-09T10:30,1674.13,13,1.08,396.14,0.66,0.17,396.81,Signal Flip
3382,EMA_CONFIRMED_20_200,SHORT,2026-06-09T10:35,1669.13,2026-06-09T10:55,1674.12,4,0.33,396.81,-1.19,-0.3,395.62,Signal Flip
3383,EMA_CONFIRMED_20_200,SHORT,2026-06-09T11:05,1669.26,2026-06-09T11:45,1672.04,8,0.67,395.62,-0.66,-0.17,394.96,Signal Flip
3384,EMA_CONFIRMED_20_200,SHORT,2026-06-09T12:45,1673.21,2026-06-09T12:50,1676.21,1,0.08,394.96,-0.71,-0.18,394.26,Signal Flip
3385,EMA_CONFIRMED_20_200,SHORT,2026-06-09T12:55,1673.72,2026-06-09T13:00,1677.74,1,0.08,394.26,-0.95,-0.24,393.31,Signal Flip
3386,EMA_CONFIRMED_20_200,SHORT,2026-06-09T13:20,1668.93,2026-06-09T13:45,1673.97,5,0.42,393.31,-1.19,-0.3,392.12,Signal Flip
3387,EMA_CONFIRMED_20_200,SHORT,2026-06-09T13:55,1669.0,2026-06-09T15:10,1654.25,15,1.25,392.12,3.47,0.88,395.59,Signal Flip
3388,EMA_CONFIRMED_20_200,SHORT,2026-06-09T15:15,1650.52,2026-06-09T17:05,1641.64,22,1.83,395.59,2.13,0.54,397.72,Signal Flip
3389,EMA_CONFIRMED_20_200,SHORT,2026-06-09T21:20,1652.02,2026-06-09T22:20,1653.6,12,1.0,397.72,-0.38,-0.1,397.34,Signal Flip
3390,EMA_CONFIRMED_20_200,SHORT,2026-06-09T22:25,1650.06,2026-06-10T00:05,1644.14,20,1.67,397.34,1.43,0.36,398.76,Signal Flip
3391,EMA_CONFIRMED_20_200,SHORT,2026-06-10T00:25,1640.56,2026-06-10T00:30,1644.32,1,0.08,398.76,-0.91,-0.23,397.85,Signal Flip
3392,EMA_CONFIRMED_20_200,SHORT,2026-06-10T00:35,1633.6,2026-06-10T00:55,1641.2,4,0.33,397.85,-1.85,-0.47,396.0,Signal Flip
3393,EMA_CONFIRMED_20_200,SHORT,2026-06-10T01:10,1638.9,2026-06-10T01:15,1643.7,1,0.08,396.0,-1.16,-0.29,394.84,Signal Flip
3394,EMA_CONFIRMED_20_200,SHORT,2026-06-10T01:25,1640.1,2026-06-10T01:30,1643.08,1,0.08,394.84,-0.72,-0.18,394.12,Signal Flip
3395,EMA_CONFIRMED_20_200,SHORT,2026-06-10T01:40,1638.59,2026-06-10T01:50,1641.64,2,0.17,394.12,-0.73,-0.19,393.39,Signal Flip
3396,EMA_CONFIRMED_20_200,SHORT,2026-06-10T01:55,1639.14,2026-06-10T03:30,1637.14,19,1.58,393.39,0.48,0.12,393.87,Signal Flip
3397,EMA_CONFIRMED_20_200,SHORT,2026-06-10T03:55,1629.8,2026-06-10T04:00,1631.64,1,0.08,393.87,-0.44,-0.11,393.43,Signal Flip
3398,EMA_CONFIRMED_20_200,SHORT,2026-06-10T04:05,1627.99,2026-06-10T04:20,1632.03,3,0.25,393.43,-0.98,-0.25,392.45,Signal Flip
3399,EMA_CONFIRMED_20_200,SHORT,2026-06-10T04:30,1629.65,2026-06-10T05:30,1626.81,12,1.0,392.45,0.68,0.17,393.13,Signal Flip
3400,EMA_CONFIRMED_20_200,SHORT,2026-06-10T05:35,1624.8,2026-06-10T05:55,1630.08,4,0.33,393.13,-1.28,-0.33,391.85,Signal Flip
3401,EMA_CONFIRMED_20_200,SHORT,2026-06-10T06:35,1622.81,2026-06-10T06:40,1633.07,1,0.08,391.85,-2.48,-0.63,389.38,Signal Flip
3402,EMA_CONFIRMED_20_200,SHORT,2026-06-10T08:25,1632.57,2026-06-10T10:00,1624.48,19,1.58,389.38,1.93,0.5,391.31,Signal Flip
3403,EMA_CONFIRMED_20_200,SHORT,2026-06-10T10:05,1621.48,2026-06-10T10:25,1623.15,4,0.33,391.31,-0.4,-0.1,390.9,Signal Flip
3404,EMA_CONFIRMED_20_200,SHORT,2026-06-10T11:05,1614.7,2026-06-10T11:50,1621.88,9,0.75,390.9,-1.74,-0.44,389.17,Signal Flip
3405,EMA_CONFIRMED_20_200,SHORT,2026-06-10T11:55,1619.79,2026-06-10T12:05,1622.74,2,0.17,389.17,-0.71,-0.18,388.46,Signal Flip
3406,EMA_CONFIRMED_20_200,LONG,2026-06-10T13:40,1661.19,2026-06-10T14:20,1644.7,8,0.67,388.46,-3.86,-0.99,384.6,Signal Flip
3407,EMA_CONFIRMED_20_200,LONG,2026-06-10T14:25,1651.42,2026-06-10T14:35,1645.22,2,0.17,384.6,-1.44,-0.38,383.16,Signal Flip
3408,EMA_CONFIRMED_20_200,LONG,2026-06-10T15:00,1647.54,2026-06-10T15:10,1638.56,2,0.17,383.16,-2.09,-0.55,381.07,Signal Flip
3409,EMA_CONFIRMED_20_200,LONG,2026-06-10T15:25,1650.01,2026-06-10T15:50,1645.83,5,0.42,381.07,-0.97,-0.25,380.1,Signal Flip
3410,EMA_CONFIRMED_20_200,LONG,2026-06-10T15:55,1662.83,2026-06-10T16:25,1646.14,6,0.5,380.1,-3.82,-1.0,376.28,Signal Flip
3411,EMA_CONFIRMED_20_200,LONG,2026-06-10T16:35,1652.52,2026-06-10T16:40,1647.82,1,0.08,376.28,-1.07,-0.28,375.21,Signal Flip
3412,EMA_CONFIRMED_20_200,LONG,2026-06-10T17:05,1647.8,2026-06-10T17:10,1642.29,1,0.08,375.21,-1.26,-0.33,373.96,Signal Flip
3413,EMA_CONFIRMED_20_200,SHORT,2026-06-10T17:50,1635.38,2026-06-10T18:30,1637.13,8,0.67,373.96,-0.4,-0.11,373.56,Signal Flip
3414,EMA_CONFIRMED_20_200,SHORT,2026-06-10T18:35,1631.25,2026-06-10T19:10,1633.34,7,0.58,373.56,-0.48,-0.13,373.08,Signal Flip
3415,EMA_CONFIRMED_20_200,SHORT,2026-06-10T19:15,1626.18,2026-06-10T19:35,1632.47,4,0.33,373.08,-1.44,-0.39,371.64,Signal Flip
3416,EMA_CONFIRMED_20_200,SHORT,2026-06-10T19:50,1629.43,2026-06-10T20:25,1635.68,7,0.58,371.64,-1.42,-0.38,370.22,Signal Flip
3417,EMA_CONFIRMED_20_200,SHORT,2026-06-10T20:45,1628.85,2026-06-10T21:00,1631.46,3,0.25,370.22,-0.59,-0.16,369.62,Signal Flip
3418,EMA_CONFIRMED_20_200,SHORT,2026-06-10T21:05,1627.5,2026-06-10T22:40,1617.96,19,1.58,369.62,2.17,0.59,371.79,Signal Flip
3419,EMA_CONFIRMED_20_200,SHORT,2026-06-10T23:00,1615.71,2026-06-10T23:20,1618.1,4,0.33,371.79,-0.55,-0.15,371.24,Signal Flip
3420,EMA_CONFIRMED_20_200,LONG,2026-06-11T01:30,1641.36,2026-06-11T02:25,1635.76,11,0.92,371.24,-1.27,-0.34,369.97,Signal Flip
3421,EMA_CONFIRMED_20_200,LONG,2026-06-11T02:55,1638.87,2026-06-11T03:15,1636.61,4,0.33,369.97,-0.51,-0.14,369.46,Signal Flip
3422,EMA_CONFIRMED_20_200,LONG,2026-06-11T03:20,1638.86,2026-06-11T05:15,1650.47,23,1.92,369.46,2.62,0.71,372.08,Signal Flip
3423,EMA_CONFIRMED_20_200,LONG,2026-06-11T05:45,1652.5,2026-06-11T05:50,1649.35,1,0.08,372.08,-0.71,-0.19,371.37,Signal Flip
3424,EMA_CONFIRMED_20_200,LONG,2026-06-11T06:15,1657.86,2026-06-11T07:00,1653.98,9,0.75,371.37,-0.87,-0.23,370.51,Signal Flip
3425,EMA_CONFIRMED_20_200,LONG,2026-06-11T07:20,1655.67,2026-06-11T07:35,1653.93,3,0.25,370.51,-0.39,-0.1,370.12,Signal Flip
3426,EMA_CONFIRMED_20_200,LONG,2026-06-11T08:05,1656.75,2026-06-11T09:10,1656.78,13,1.08,370.12,0.01,0.0,370.13,Signal Flip
3427,EMA_CONFIRMED_20_200,LONG,2026-06-11T09:15,1659.55,2026-06-11T09:20,1657.47,1,0.08,370.13,-0.46,-0.13,369.66,Signal Flip
3428,EMA_CONFIRMED_20_200,LONG,2026-06-11T09:35,1661.31,2026-06-11T10:00,1658.14,5,0.42,369.66,-0.71,-0.19,368.96,Signal Flip
3429,EMA_CONFIRMED_20_200,LONG,2026-06-11T10:50,1659.05,2026-06-11T12:10,1659.05,16,1.33,368.96,0.0,0.0,368.96,Signal Flip
3430,EMA_CONFIRMED_20_200,LONG,2026-06-11T13:50,1655.22,2026-06-11T14:10,1647.82,4,0.33,368.96,-1.65,-0.45,367.31,Signal Flip
3431,EMA_CONFIRMED_20_200,LONG,2026-06-11T14:45,1652.04,2026-06-11T15:00,1642.22,3,0.25,367.31,-2.18,-0.59,365.12,Signal Flip
3432,EMA_CONFIRMED_20_200,SHORT,2026-06-11T15:10,1643.48,2026-06-11T15:25,1649.14,3,0.25,365.12,-1.26,-0.34,363.87,Signal Flip
3433,EMA_CONFIRMED_20_200,SHORT,2026-06-11T15:30,1645.33,2026-06-11T15:40,1649.8,2,0.17,363.87,-0.99,-0.27,362.88,Signal Flip
3434,EMA_CONFIRMED_20_200,SHORT,2026-06-11T15:45,1643.85,2026-06-11T16:10,1647.23,5,0.42,362.88,-0.75,-0.21,362.13,Signal Flip
3435,EMA_CONFIRMED_20_200,SHORT,2026-06-11T16:25,1640.0,2026-06-11T17:30,1655.05,13,1.08,362.13,-3.32,-0.92,358.81,Signal Flip
3436,EMA_CONFIRMED_20_200,LONG,2026-06-11T17:45,1678.28,2026-06-11T20:05,1680.33,28,2.33,358.81,0.44,0.12,359.24,Signal Flip
3437,EMA_CONFIRMED_20_200,LONG,2026-06-11T21:15,1682.54,2026-06-11T22:00,1676.15,9,0.75,359.24,-1.36,-0.38,357.88,Signal Flip
3438,EMA_CONFIRMED_20_200,LONG,2026-06-11T22:05,1680.61,2026-06-11T22:25,1676.05,4,0.33,357.88,-0.97,-0.27,356.91,Signal Flip
3439,EMA_CONFIRMED_20_200,LONG,2026-06-11T23:45,1677.72,2026-06-11T23:50,1674.46,1,0.08,356.91,-0.69,-0.19,356.22,Signal Flip
3440,EMA_CONFIRMED_20_200,LONG,2026-06-12T00:10,1676.71,2026-06-12T00:20,1673.16,2,0.17,356.22,-0.75,-0.21,355.46,Signal Flip
3441,EMA_CONFIRMED_20_200,LONG,2026-06-12T00:40,1675.52,2026-06-12T01:00,1671.9,4,0.33,355.46,-0.77,-0.22,354.7,Signal Flip
3442,EMA_CONFIRMED_20_200,LONG,2026-06-12T02:10,1673.78,2026-06-12T03:20,1672.34,14,1.17,354.7,-0.3,-0.09,354.39,Signal Flip
3443,EMA_CONFIRMED_20_200,LONG,2026-06-12T03:35,1674.44,2026-06-12T03:40,1670.76,1,0.08,354.39,-0.78,-0.22,353.62,Signal Flip
3444,EMA_CONFIRMED_20_200,LONG,2026-06-12T04:00,1674.09,2026-06-12T04:05,1670.97,1,0.08,353.62,-0.66,-0.19,352.96,Signal Flip
3445,EMA_CONFIRMED_20_200,LONG,2026-06-12T04:20,1674.56,2026-06-12T05:05,1673.58,9,0.75,352.96,-0.21,-0.06,352.75,Signal Flip
3446,EMA_CONFIRMED_20_200,SHORT,2026-06-12T06:20,1659.69,2026-06-12T07:40,1661.84,16,1.33,352.75,-0.46,-0.13,352.3,Signal Flip
3447,EMA_CONFIRMED_20_200,SHORT,2026-06-12T07:50,1659.23,2026-06-12T08:00,1662.95,2,0.17,352.3,-0.79,-0.22,351.51,Signal Flip
3448,EMA_CONFIRMED_20_200,LONG,2026-06-12T08:40,1674.72,2026-06-12T10:25,1676.36,21,1.75,351.51,0.35,0.1,351.85,Signal Flip
3449,EMA_CONFIRMED_20_200,LONG,2026-06-12T11:15,1677.17,2026-06-12T11:20,1674.38,1,0.08,351.85,-0.58,-0.17,351.27,Signal Flip
3450,EMA_CONFIRMED_20_200,LONG,2026-06-12T11:25,1679.23,2026-06-12T11:30,1675.37,1,0.08,351.27,-0.81,-0.23,350.46,Signal Flip
3451,EMA_CONFIRMED_20_200,SHORT,2026-06-12T13:05,1665.08,2026-06-12T14:05,1665.5,12,1.0,350.46,-0.09,-0.03,350.37,Signal Flip
3452,EMA_CONFIRMED_20_200,SHORT,2026-06-12T14:20,1663.29,2026-06-12T14:25,1666.82,1,0.08,350.37,-0.74,-0.21,349.63,Signal Flip
3453,EMA_CONFIRMED_20_200,LONG,2026-06-12T15:00,1686.49,2026-06-12T15:35,1671.39,7,0.58,349.63,-3.13,-0.9,346.49,Signal Flip
3454,EMA_CONFIRMED_20_200,LONG,2026-06-12T16:40,1675.19,2026-06-12T16:45,1667.85,1,0.08,346.49,-1.52,-0.44,344.98,Signal Flip
3455,EMA_CONFIRMED_20_200,LONG,2026-06-12T16:50,1672.72,2026-06-12T16:55,1669.47,1,0.08,344.98,-0.67,-0.19,344.31,Signal Flip
3456,EMA_CONFIRMED_20_200,LONG,2026-06-12T17:00,1673.75,2026-06-12T17:15,1670.87,3,0.25,344.31,-0.59,-0.17,343.72,Signal Flip
3457,EMA_CONFIRMED_20_200,SHORT,2026-06-12T18:10,1665.98,2026-06-12T18:40,1672.33,6,0.5,343.72,-1.31,-0.38,342.41,Signal Flip
3458,EMA_CONFIRMED_20_200,SHORT,2026-06-12T19:00,1666.03,2026-06-12T19:05,1670.69,1,0.08,342.41,-0.96,-0.28,341.45,Signal Flip
3459,EMA_CONFIRMED_20_200,SHORT,2026-06-12T19:10,1668.28,2026-06-12T19:15,1670.04,1,0.08,341.45,-0.36,-0.11,341.09,Signal Flip
3460,EMA_CONFIRMED_20_200,SHORT,2026-06-12T19:25,1667.6,2026-06-12T19:30,1670.36,1,0.08,341.09,-0.57,-0.17,340.52,Signal Flip
3461,EMA_CONFIRMED_20_200,SHORT,2026-06-12T19:35,1666.33,2026-06-12T21:10,1667.56,19,1.58,340.52,-0.25,-0.07,340.27,Signal Flip
3462,EMA_CONFIRMED_20_200,SHORT,2026-06-12T21:30,1665.34,2026-06-12T21:35,1667.28,1,0.08,340.27,-0.4,-0.12,339.87,Signal Flip
3463,EMA_CONFIRMED_20_200,SHORT,2026-06-12T21:45,1664.96,2026-06-12T22:25,1666.45,8,0.67,339.87,-0.31,-0.09,339.56,Signal Flip
3464,EMA_CONFIRMED_20_200,SHORT,2026-06-12T22:30,1664.28,2026-06-12T23:40,1664.58,14,1.17,339.56,-0.06,-0.02,339.5,Signal Flip
3465,EMA_CONFIRMED_20_200,LONG,2026-06-13T01:45,1673.59,2026-06-13T02:30,1669.23,9,0.75,339.5,-0.88,-0.26,338.62,Signal Flip
3466,EMA_CONFIRMED_20_200,SHORT,2026-06-13T03:35,1664.1,2026-06-13T04:35,1668.18,12,1.0,338.62,-0.83,-0.25,337.79,Signal Flip
3467,EMA_CONFIRMED_20_200,SHORT,2026-06-13T05:00,1663.69,2026-06-13T06:00,1666.05,12,1.0,337.79,-0.48,-0.14,337.31,Signal Flip
3468,EMA_CONFIRMED_20_200,SHORT,2026-06-13T06:05,1663.97,2026-06-13T06:10,1666.34,1,0.08,337.31,-0.48,-0.14,336.83,Signal Flip
3469,EMA_CONFIRMED_20_200,SHORT,2026-06-13T06:15,1663.79,2026-06-13T06:25,1666.2,2,0.17,336.83,-0.49,-0.15,336.34,Signal Flip
3470,EMA_CONFIRMED_20_200,LONG,2026-06-13T07:15,1670.71,2026-06-13T09:30,1672.93,27,2.25,336.34,0.45,0.13,336.78,Signal Flip
3471,EMA_CONFIRMED_20_200,LONG,2026-06-13T09:45,1675.74,2026-06-13T09:50,1673.39,1,0.08,336.78,-0.47,-0.14,336.31,Signal Flip
3472,EMA_CONFIRMED_20_200,LONG,2026-06-13T10:35,1676.53,2026-06-13T10:55,1672.73,4,0.33,336.31,-0.76,-0.23,335.55,Signal Flip
3473,EMA_CONFIRMED_20_200,LONG,2026-06-13T11:05,1675.53,2026-06-13T13:55,1676.7,34,2.83,335.55,0.24,0.07,335.79,Signal Flip
3474,EMA_CONFIRMED_20_200,LONG,2026-06-13T14:05,1680.58,2026-06-13T14:25,1677.5,4,0.33,335.79,-0.62,-0.18,335.17,Signal Flip
3475,EMA_CONFIRMED_20_200,LONG,2026-06-13T14:35,1680.91,2026-06-13T15:10,1678.62,7,0.58,335.17,-0.46,-0.14,334.71,Signal Flip
3476,EMA_CONFIRMED_20_200,LONG,2026-06-13T15:15,1682.01,2026-06-13T15:45,1678.91,6,0.5,334.71,-0.62,-0.18,334.1,Signal Flip
3477,EMA_CONFIRMED_20_200,LONG,2026-06-13T15:55,1682.59,2026-06-13T16:05,1675.88,2,0.17,334.1,-1.33,-0.4,332.76,Signal Flip
3478,EMA_CONFIRMED_20_200,LONG,2026-06-13T17:00,1677.58,2026-06-13T17:05,1673.99,1,0.08,332.76,-0.71,-0.21,332.05,Signal Flip
3479,EMA_CONFIRMED_20_200,LONG,2026-06-13T17:20,1677.55,2026-06-13T17:25,1675.27,1,0.08,332.05,-0.45,-0.14,331.6,Signal Flip
3480,EMA_CONFIRMED_20_200,LONG,2026-06-13T17:30,1678.43,2026-06-13T17:50,1675.75,4,0.33,331.6,-0.53,-0.16,331.07,Signal Flip
3481,EMA_CONFIRMED_20_200,LONG,2026-06-13T18:10,1677.46,2026-06-13T18:55,1676.99,9,0.75,331.07,-0.09,-0.03,330.98,Signal Flip
3482,EMA_CONFIRMED_20_200,LONG,2026-06-13T19:00,1679.37,2026-06-13T19:20,1676.38,4,0.33,330.98,-0.59,-0.18,330.39,Signal Flip
3483,EMA_CONFIRMED_20_200,LONG,2026-06-13T19:45,1680.46,2026-06-13T20:00,1677.46,3,0.25,330.39,-0.59,-0.18,329.8,Signal Flip
3484,EMA_CONFIRMED_20_200,LONG,2026-06-13T21:35,1677.82,2026-06-13T22:55,1681.32,16,1.33,329.8,0.69,0.21,330.49,Signal Flip
3485,EMA_CONFIRMED_20_200,LONG,2026-06-13T23:20,1685.01,2026-06-13T23:30,1679.3,2,0.17,330.49,-1.12,-0.34,329.37,Signal Flip
3486,EMA_CONFIRMED_20_200,LONG,2026-06-14T00:35,1683.71,2026-06-14T02:00,1683.14,17,1.42,329.37,-0.11,-0.03,329.26,Signal Flip
3487,EMA_CONFIRMED_20_200,LONG,2026-06-14T02:10,1685.39,2026-06-14T02:25,1683.0,3,0.25,329.26,-0.47,-0.14,328.79,Signal Flip
3488,EMA_CONFIRMED_20_200,SHORT,2026-06-14T05:20,1676.17,2026-06-14T05:55,1679.4,7,0.58,328.79,-0.63,-0.19,328.16,Signal Flip
3489,EMA_CONFIRMED_20_200,SHORT,2026-06-14T06:00,1677.29,2026-06-14T06:05,1680.7,1,0.08,328.16,-0.67,-0.2,327.49,Signal Flip
3490,EMA_CONFIRMED_20_200,SHORT,2026-06-14T06:25,1678.03,2026-06-14T06:30,1680.14,1,0.08,327.49,-0.41,-0.13,327.08,Signal Flip
3491,EMA_CONFIRMED_20_200,SHORT,2026-06-14T06:35,1677.16,2026-06-14T07:25,1678.39,10,0.83,327.08,-0.24,-0.07,326.84,Signal Flip
3492,EMA_CONFIRMED_20_200,SHORT,2026-06-14T07:30,1676.0,2026-06-14T08:10,1677.8,8,0.67,326.84,-0.35,-0.11,326.49,Signal Flip
3493,EMA_CONFIRMED_20_200,SHORT,2026-06-14T08:55,1675.38,2026-06-14T09:40,1675.88,9,0.75,326.49,-0.1,-0.03,326.39,Signal Flip
3494,EMA_CONFIRMED_20_200,SHORT,2026-06-14T10:45,1675.32,2026-06-14T11:35,1677.44,10,0.83,326.39,-0.41,-0.13,325.98,Signal Flip
3495,EMA_CONFIRMED_20_200,SHORT,2026-06-14T11:55,1674.17,2026-06-14T15:10,1664.4,39,3.25,325.98,1.9,0.58,327.88,Signal Flip
3496,EMA_CONFIRMED_20_200,SHORT,2026-06-14T15:15,1662.07,2026-06-14T15:25,1664.08,2,0.17,327.88,-0.4,-0.12,327.49,Signal Flip
3497,EMA_CONFIRMED_20_200,SHORT,2026-06-14T15:35,1661.43,2026-06-14T15:40,1663.83,1,0.08,327.49,-0.47,-0.14,327.01,Signal Flip
3498,EMA_CONFIRMED_20_200,SHORT,2026-06-14T16:00,1662.12,2026-06-14T16:05,1664.13,1,0.08,327.01,-0.4,-0.12,326.62,Signal Flip
3499,EMA_CONFIRMED_20_200,SHORT,2026-06-14T16:10,1661.85,2026-06-14T16:15,1666.22,1,0.08,326.62,-0.86,-0.26,325.76,Signal Flip
3500,EMA_CONFIRMED_20_200,SHORT,2026-06-14T16:50,1662.02,2026-06-14T17:05,1665.06,3,0.25,325.76,-0.6,-0.18,325.16,Signal Flip
3501,EMA_CONFIRMED_20_200,SHORT,2026-06-14T17:10,1662.64,2026-06-14T17:15,1665.58,1,0.08,325.16,-0.58,-0.18,324.58,Signal Flip
3502,EMA_CONFIRMED_20_200,SHORT,2026-06-14T17:30,1663.38,2026-06-14T17:35,1666.85,1,0.08,324.58,-0.68,-0.21,323.91,Signal Flip
3503,EMA_CONFIRMED_20_200,SHORT,2026-06-14T17:40,1661.11,2026-06-14T17:45,1665.21,1,0.08,323.91,-0.8,-0.25,323.11,Signal Flip
3504,EMA_CONFIRMED_20_200,SHORT,2026-06-14T17:50,1661.27,2026-06-14T19:00,1662.9,14,1.17,323.11,-0.32,-0.1,322.79,Signal Flip
3505,EMA_CONFIRMED_20_200,SHORT,2026-06-14T20:10,1662.98,2026-06-14T20:20,1665.33,2,0.17,322.79,-0.46,-0.14,322.33,Signal Flip
3506,EMA_CONFIRMED_20_200,LONG,2026-06-14T21:20,1688.23,2026-06-15T00:40,1720.31,40,3.33,322.33,6.12,1.9,328.46,Signal Flip
3507,EMA_CONFIRMED_20_200,LONG,2026-06-15T01:40,1722.1,2026-06-15T01:55,1716.18,3,0.25,328.46,-1.13,-0.34,327.33,Signal Flip
3508,EMA_CONFIRMED_20_200,LONG,2026-06-15T02:10,1720.65,2026-06-15T02:45,1718.9,7,0.58,327.33,-0.33,-0.1,326.99,Signal Flip
3509,EMA_CONFIRMED_20_200,LONG,2026-06-15T03:15,1723.85,2026-06-15T04:05,1717.56,10,0.83,326.99,-1.19,-0.36,325.8,Signal Flip
3510,EMA_CONFIRMED_20_200,LONG,2026-06-15T05:20,1719.76,2026-06-15T05:40,1716.62,4,0.33,325.8,-0.59,-0.18,325.21,Signal Flip
3511,EMA_CONFIRMED_20_200,LONG,2026-06-15T05:55,1720.65,2026-06-15T06:35,1718.7,8,0.67,325.21,-0.37,-0.11,324.84,Signal Flip
3512,EMA_CONFIRMED_20_200,LONG,2026-06-15T06:50,1723.14,2026-06-15T07:00,1718.96,2,0.17,324.84,-0.79,-0.24,324.05,Signal Flip
3513,EMA_CONFIRMED_20_200,LONG,2026-06-15T07:10,1721.86,2026-06-15T07:35,1717.72,5,0.42,324.05,-0.78,-0.24,323.27,Signal Flip
3514,EMA_CONFIRMED_20_200,LONG,2026-06-15T08:05,1720.67,2026-06-15T08:10,1718.74,1,0.08,323.27,-0.36,-0.11,322.91,Signal Flip
3515,EMA_CONFIRMED_20_200,LONG,2026-06-15T08:15,1720.68,2026-06-15T08:20,1718.68,1,0.08,322.91,-0.38,-0.12,322.53,Signal Flip
3516,EMA_CONFIRMED_20_200,LONG,2026-06-15T08:35,1722.02,2026-06-15T08:50,1718.86,3,0.25,322.53,-0.59,-0.18,321.94,Signal Flip
3517,EMA_CONFIRMED_20_200,LONG,2026-06-15T08:55,1721.29,2026-06-15T09:35,1715.98,8,0.67,321.94,-0.99,-0.31,320.95,Signal Flip
3518,EMA_CONFIRMED_20_200,LONG,2026-06-15T10:05,1721.14,2026-06-15T17:05,1828.1,84,7.0,320.95,19.94,6.21,340.89,Signal Flip
3519,EMA_CONFIRMED_20_200,LONG,2026-06-15T18:50,1835.34,2026-06-15T19:00,1827.21,2,0.17,340.89,-1.51,-0.44,339.38,Signal Flip
3520,EMA_CONFIRMED_20_200,LONG,2026-06-15T19:05,1832.5,2026-06-15T19:20,1812.61,3,0.25,339.38,-3.68,-1.08,335.7,Signal Flip
3521,EMA_CONFIRMED_20_200,LONG,2026-06-15T19:40,1828.68,2026-06-15T19:50,1824.17,2,0.17,335.7,-0.83,-0.25,334.87,Signal Flip
3522,EMA_CONFIRMED_20_200,LONG,2026-06-15T23:55,1796.54,2026-06-16T00:25,1791.95,6,0.5,334.87,-0.85,-0.26,334.02,Signal Flip
3523,EMA_CONFIRMED_20_200,LONG,2026-06-16T00:40,1797.48,2026-06-16T00:50,1793.61,2,0.17,334.02,-0.72,-0.22,333.3,Signal Flip
3524,EMA_CONFIRMED_20_200,LONG,2026-06-16T01:30,1796.7,2026-06-16T01:55,1793.51,5,0.42,333.3,-0.59,-0.18,332.71,Signal Flip
3525,EMA_CONFIRMED_20_200,SHORT,2026-06-16T02:30,1772.54,2026-06-16T03:40,1779.79,14,1.17,332.71,-1.36,-0.41,331.35,Signal Flip
3526,EMA_CONFIRMED_20_200,SHORT,2026-06-16T04:15,1776.12,2026-06-16T06:15,1766.82,24,2.0,331.35,1.73,0.52,333.08,Signal Flip
3527,EMA_CONFIRMED_20_200,SHORT,2026-06-16T06:25,1763.68,2026-06-16T06:30,1768.97,1,0.08,333.08,-1.0,-0.3,332.08,Signal Flip
3528,EMA_CONFIRMED_20_200,LONG,2026-06-16T08:55,1808.72,2026-06-16T09:50,1787.52,11,0.92,332.08,-3.89,-1.17,328.19,Signal Flip
3529,EMA_CONFIRMED_20_200,LONG,2026-06-16T09:55,1792.44,2026-06-16T10:00,1788.74,1,0.08,328.19,-0.68,-0.21,327.51,Signal Flip
3530,EMA_CONFIRMED_20_200,LONG,2026-06-16T10:05,1791.2,2026-06-16T10:15,1788.42,2,0.17,327.51,-0.51,-0.16,327.0,Signal Flip
3531,EMA_CONFIRMED_20_200,LONG,2026-06-16T10:20,1792.45,2026-06-16T11:25,1793.52,13,1.08,327.0,0.2,0.06,327.2,Signal Flip
3532,EMA_CONFIRMED_20_200,LONG,2026-06-16T11:45,1796.73,2026-06-16T13:10,1803.36,17,1.42,327.2,1.21,0.37,328.41,Signal Flip
3533,EMA_CONFIRMED_20_200,SHORT,2026-06-16T14:55,1781.34,2026-06-16T15:55,1784.88,12,1.0,328.41,-0.65,-0.2,327.75,Signal Flip
3534,EMA_CONFIRMED_20_200,SHORT,2026-06-16T16:00,1781.54,2026-06-16T17:15,1780.9,15,1.25,327.75,0.12,0.04,327.87,Signal Flip
3535,EMA_CONFIRMED_20_200,LONG,2026-06-16T18:10,1804.83,2026-06-16T19:05,1792.6,11,0.92,327.87,-2.22,-0.68,325.65,Signal Flip
3536,EMA_CONFIRMED_20_200,LONG,2026-06-16T19:10,1796.23,2026-06-16T19:15,1793.49,1,0.08,325.65,-0.5,-0.15,325.15,Signal Flip
3537,EMA_CONFIRMED_20_200,LONG,2026-06-16T19:25,1797.86,2026-06-16T19:55,1794.09,6,0.5,325.15,-0.68,-0.21,324.47,Signal Flip
3538,EMA_CONFIRMED_20_200,LONG,2026-06-16T20:20,1797.17,2026-06-16T20:25,1793.07,1,0.08,324.47,-0.74,-0.23,323.73,Signal Flip
3539,EMA_CONFIRMED_20_200,LONG,2026-06-16T20:40,1797.39,2026-06-16T21:20,1794.82,8,0.67,323.73,-0.46,-0.14,323.27,Signal Flip
3540,EMA_CONFIRMED_20_200,LONG,2026-06-16T21:50,1796.73,2026-06-16T22:05,1793.76,3,0.25,323.27,-0.53,-0.17,322.74,Signal Flip
3541,EMA_CONFIRMED_20_200,LONG,2026-06-16T22:10,1796.43,2026-06-16T22:25,1791.99,3,0.25,322.74,-0.8,-0.25,321.94,Signal Flip
3542,EMA_CONFIRMED_20_200,LONG,2026-06-16T23:00,1797.12,2026-06-16T23:20,1792.44,4,0.33,321.94,-0.84,-0.26,321.1,Signal Flip
3543,EMA_CONFIRMED_20_200,LONG,2026-06-16T23:30,1796.38,2026-06-16T23:40,1794.11,2,0.17,321.1,-0.4,-0.13,320.7,Signal Flip
3544,EMA_CONFIRMED_20_200,LONG,2026-06-17T00:10,1795.86,2026-06-17T00:15,1793.18,1,0.08,320.7,-0.48,-0.15,320.22,Signal Flip
3545,EMA_CONFIRMED_20_200,LONG,2026-06-17T00:20,1796.34,2026-06-17T00:25,1792.85,1,0.08,320.22,-0.62,-0.19,319.6,Signal Flip
3546,EMA_CONFIRMED_20_200,LONG,2026-06-17T00:35,1797.35,2026-06-17T00:55,1792.52,4,0.33,319.6,-0.86,-0.27,318.74,Signal Flip
3547,EMA_CONFIRMED_20_200,LONG,2026-06-17T01:05,1796.63,2026-06-17T01:10,1794.11,1,0.08,318.74,-0.45,-0.14,318.29,Signal Flip
3548,EMA_CONFIRMED_20_200,SHORT,2026-06-17T01:35,1783.11,2026-06-17T01:50,1797.99,3,0.25,318.29,-2.66,-0.83,315.64,Signal Flip
3549,EMA_CONFIRMED_20_200,LONG,2026-06-17T01:55,1797.73,2026-06-17T02:35,1795.1,8,0.67,315.64,-0.46,-0.15,315.18,Signal Flip
3550,EMA_CONFIRMED_20_200,LONG,2026-06-17T03:00,1796.49,2026-06-17T03:05,1792.7,1,0.08,315.18,-0.66,-0.21,314.51,Signal Flip
3551,EMA_CONFIRMED_20_200,LONG,2026-06-17T03:35,1795.92,2026-06-17T03:45,1792.43,2,0.17,314.51,-0.61,-0.19,313.9,Signal Flip
3552,EMA_CONFIRMED_20_200,LONG,2026-06-17T03:55,1795.47,2026-06-17T04:00,1792.68,1,0.08,313.9,-0.49,-0.16,313.42,Signal Flip
3553,EMA_CONFIRMED_20_200,LONG,2026-06-17T04:05,1795.59,2026-06-17T04:15,1792.81,2,0.17,313.42,-0.48,-0.15,312.93,Signal Flip
3554,EMA_CONFIRMED_20_200,LONG,2026-06-17T04:25,1796.49,2026-06-17T05:00,1793.4,7,0.58,312.93,-0.54,-0.17,312.39,Signal Flip
3555,EMA_CONFIRMED_20_200,LONG,2026-06-17T05:05,1799.61,2026-06-17T05:10,1791.2,1,0.08,312.39,-1.46,-0.47,310.94,Signal Flip
3556,EMA_CONFIRMED_20_200,LONG,2026-06-17T05:35,1795.22,2026-06-17T05:55,1791.92,4,0.33,310.94,-0.57,-0.18,310.37,Signal Flip
3557,EMA_CONFIRMED_20_200,LONG,2026-06-17T06:05,1796.14,2026-06-17T06:30,1787.94,5,0.42,310.37,-1.42,-0.46,308.95,Signal Flip
3558,EMA_CONFIRMED_20_200,SHORT,2026-06-17T06:50,1789.62,2026-06-17T09:30,1775.93,32,2.67,308.95,2.36,0.77,311.31,Signal Flip
3559,EMA_CONFIRMED_20_200,SHORT,2026-06-17T09:40,1771.99,2026-06-17T09:50,1776.16,2,0.17,311.31,-0.73,-0.23,310.58,Signal Flip
3560,EMA_CONFIRMED_20_200,SHORT,2026-06-17T09:55,1770.76,2026-06-17T10:35,1774.13,8,0.67,310.58,-0.59,-0.19,309.99,Signal Flip
3561,EMA_CONFIRMED_20_200,SHORT,2026-06-17T10:40,1771.28,2026-06-17T13:15,1762.44,31,2.58,309.99,1.55,0.5,311.54,Signal Flip
3562,EMA_CONFIRMED_20_200,SHORT,2026-06-17T13:25,1755.56,2026-06-17T13:40,1766.5,3,0.25,311.54,-1.94,-0.62,309.6,Signal Flip
3563,EMA_CONFIRMED_20_200,SHORT,2026-06-17T14:00,1760.36,2026-06-17T14:15,1762.27,3,0.25,309.6,-0.34,-0.11,309.26,Signal Flip
3564,EMA_CONFIRMED_20_200,SHORT,2026-06-17T14:20,1757.7,2026-06-17T14:55,1760.97,7,0.58,309.26,-0.58,-0.19,308.69,Signal Flip
3565,EMA_CONFIRMED_20_200,SHORT,2026-06-17T15:00,1754.09,2026-06-17T15:15,1760.16,3,0.25,308.69,-1.07,-0.35,307.62,Signal Flip
3566,EMA_CONFIRMED_20_200,SHORT,2026-06-17T17:10,1770.9,2026-06-17T17:15,1773.03,1,0.08,307.62,-0.37,-0.12,307.25,Signal Flip
3567,EMA_CONFIRMED_20_200,LONG,2026-06-17T17:55,1791.19,2026-06-17T18:05,1756.94,2,0.17,307.25,-5.87,-1.91,301.38,Signal Flip
3568,EMA_CONFIRMED_20_200,SHORT,2026-06-17T18:10,1766.05,2026-06-17T18:40,1774.08,6,0.5,301.38,-1.37,-0.45,300.01,Signal Flip
3569,EMA_CONFIRMED_20_200,SHORT,2026-06-17T19:00,1769.42,2026-06-17T21:00,1748.24,24,2.0,300.01,3.59,1.2,303.6,Signal Flip
3570,EMA_CONFIRMED_20_200,SHORT,2026-06-17T21:15,1741.94,2026-06-17T21:25,1746.11,2,0.17,303.6,-0.73,-0.24,302.87,Signal Flip
3571,EMA_CONFIRMED_20_200,SHORT,2026-06-17T21:30,1742.99,2026-06-17T21:40,1746.27,2,0.17,302.87,-0.57,-0.19,302.3,Signal Flip
3572,EMA_CONFIRMED_20_200,SHORT,2026-06-17T21:45,1739.01,2026-06-17T22:25,1743.26,8,0.67,302.3,-0.74,-0.24,301.56,Signal Flip
3573,EMA_CONFIRMED_20_200,SHORT,2026-06-17T23:00,1739.44,2026-06-17T23:05,1746.61,1,0.08,301.56,-1.24,-0.41,300.32,Signal Flip
3574,EMA_CONFIRMED_20_200,SHORT,2026-06-18T01:50,1753.51,2026-06-18T02:05,1757.81,3,0.25,300.32,-0.74,-0.24,299.58,Signal Flip
3575,EMA_CONFIRMED_20_200,SHORT,2026-06-18T02:15,1753.62,2026-06-18T02:25,1759.11,2,0.17,299.58,-0.94,-0.31,298.64,Signal Flip
3576,EMA_CONFIRMED_20_200,SHORT,2026-06-18T02:35,1754.41,2026-06-18T02:40,1757.99,1,0.08,298.64,-0.61,-0.2,298.03,Signal Flip
3577,EMA_CONFIRMED_20_200,SHORT,2026-06-18T03:00,1754.98,2026-06-18T06:05,1735.08,37,3.08,298.03,3.38,1.13,301.41,Signal Flip
3578,EMA_CONFIRMED_20_200,SHORT,2026-06-18T06:10,1727.08,2026-06-18T06:35,1733.39,5,0.42,301.41,-1.1,-0.37,300.31,Signal Flip
3579,EMA_CONFIRMED_20_200,SHORT,2026-06-18T09:05,1745.09,2026-06-18T09:15,1748.39,2,0.17,300.31,-0.57,-0.19,299.74,Signal Flip
3580,EMA_CONFIRMED_20_200,SHORT,2026-06-18T09:30,1742.49,2026-06-18T09:50,1748.36,4,0.33,299.74,-1.01,-0.34,298.73,Signal Flip
3581,EMA_CONFIRMED_20_200,SHORT,2026-06-18T10:00,1745.2,2026-06-18T10:05,1748.16,1,0.08,298.73,-0.51,-0.17,298.23,Signal Flip
3582,EMA_CONFIRMED_20_200,SHORT,2026-06-18T10:10,1741.64,2026-06-18T10:55,1750.68,9,0.75,298.23,-1.55,-0.52,296.68,Signal Flip
3583,EMA_CONFIRMED_20_200,SHORT,2026-06-18T11:20,1743.24,2026-06-18T11:30,1746.8,2,0.17,296.68,-0.61,-0.2,296.07,Signal Flip
3584,EMA_CONFIRMED_20_200,SHORT,2026-06-18T11:40,1742.69,2026-06-18T12:05,1744.93,5,0.42,296.07,-0.38,-0.13,295.69,Signal Flip
3585,EMA_CONFIRMED_20_200,SHORT,2026-06-18T12:10,1742.73,2026-06-18T12:15,1746.15,1,0.08,295.69,-0.58,-0.2,295.11,Signal Flip
3586,EMA_CONFIRMED_20_200,LONG,2026-06-18T13:25,1750.13,2026-06-18T13:35,1739.84,2,0.17,295.11,-1.74,-0.59,293.37,Signal Flip
3587,EMA_CONFIRMED_20_200,SHORT,2026-06-18T13:35,1739.84,2026-06-18T14:25,1742.21,10,0.83,293.37,-0.4,-0.14,292.97,Signal Flip
3588,EMA_CONFIRMED_20_200,SHORT,2026-06-18T14:30,1732.79,2026-06-18T14:40,1743.85,2,0.17,292.97,-1.87,-0.64,291.1,Signal Flip
3589,EMA_CONFIRMED_20_200,SHORT,2026-06-18T14:45,1738.19,2026-06-18T14:50,1742.82,1,0.08,291.1,-0.78,-0.27,290.33,Signal Flip
3590,EMA_CONFIRMED_20_200,SHORT,2026-06-18T14:55,1732.43,2026-06-18T18:25,1688.12,42,3.5,290.33,7.43,2.56,297.75,Signal Flip
3591,EMA_CONFIRMED_20_200,SHORT,2026-06-18T18:40,1681.23,2026-06-18T18:45,1686.09,1,0.08,297.75,-0.86,-0.29,296.89,Signal Flip
3592,EMA_CONFIRMED_20_200,SHORT,2026-06-18T18:55,1682.27,2026-06-18T19:00,1686.22,1,0.08,296.89,-0.7,-0.24,296.19,Signal Flip
3593,EMA_CONFIRMED_20_200,SHORT,2026-06-18T19:05,1683.03,2026-06-18T19:10,1686.98,1,0.08,296.19,-0.7,-0.23,295.5,Signal Flip
3594,EMA_CONFIRMED_20_200,SHORT,2026-06-18T21:15,1703.54,2026-06-18T21:35,1710.4,4,0.33,295.5,-1.19,-0.4,294.31,Signal Flip
3595,EMA_CONFIRMED_20_200,SHORT,2026-06-18T21:45,1705.37,2026-06-18T21:55,1707.71,2,0.17,294.31,-0.4,-0.14,293.9,Signal Flip
3596,EMA_CONFIRMED_20_200,SHORT,2026-06-18T22:05,1705.2,2026-06-18T22:50,1708.06,9,0.75,293.9,-0.49,-0.17,293.41,Signal Flip
3597,EMA_CONFIRMED_20_200,SHORT,2026-06-18T23:10,1703.85,2026-06-18T23:20,1706.8,2,0.17,293.41,-0.51,-0.17,292.9,Signal Flip
3598,EMA_CONFIRMED_20_200,SHORT,2026-06-19T01:15,1711.05,2026-06-19T01:20,1714.47,1,0.08,292.9,-0.58,-0.2,292.31,Signal Flip
3599,EMA_CONFIRMED_20_200,SHORT,2026-06-19T01:30,1708.46,2026-06-19T01:55,1713.54,5,0.42,292.31,-0.87,-0.3,291.44,Signal Flip
3600,EMA_CONFIRMED_20_200,SHORT,2026-06-19T02:10,1711.06,2026-06-19T04:15,1700.98,25,2.08,291.44,1.72,0.59,293.16,Signal Flip
3601,EMA_CONFIRMED_20_200,SHORT,2026-06-19T04:20,1696.61,2026-06-19T05:10,1698.23,10,0.83,293.16,-0.28,-0.1,292.88,Signal Flip
3602,EMA_CONFIRMED_20_200,SHORT,2026-06-19T05:20,1693.94,2026-06-19T05:45,1696.55,5,0.42,292.88,-0.45,-0.15,292.43,Signal Flip
3603,EMA_CONFIRMED_20_200,SHORT,2026-06-19T06:40,1696.64,2026-06-19T06:45,1701.34,1,0.08,292.43,-0.81,-0.28,291.62,Signal Flip
3604,EMA_CONFIRMED_20_200,SHORT,2026-06-19T06:50,1697.05,2026-06-19T06:55,1701.36,1,0.08,291.62,-0.74,-0.25,290.88,Signal Flip
3605,EMA_CONFIRMED_20_200,SHORT,2026-06-19T07:05,1697.49,2026-06-19T08:15,1697.51,14,1.17,290.88,-0.0,-0.0,290.88,Signal Flip
3606,EMA_CONFIRMED_20_200,SHORT,2026-06-19T08:35,1695.2,2026-06-19T08:40,1699.86,1,0.08,290.88,-0.8,-0.27,290.08,Signal Flip
3607,EMA_CONFIRMED_20_200,SHORT,2026-06-19T08:45,1695.08,2026-06-19T08:50,1697.41,1,0.08,290.08,-0.4,-0.14,289.68,Signal Flip
3608,EMA_CONFIRMED_20_200,SHORT,2026-06-19T08:55,1694.96,2026-06-19T09:00,1698.79,1,0.08,289.68,-0.65,-0.23,289.03,Signal Flip
3609,EMA_CONFIRMED_20_200,SHORT,2026-06-19T09:05,1695.15,2026-06-19T10:55,1693.99,22,1.83,289.03,0.2,0.07,289.23,Signal Flip
3610,EMA_CONFIRMED_20_200,SHORT,2026-06-19T11:10,1689.91,2026-06-19T11:20,1692.69,2,0.17,289.23,-0.47,-0.16,288.75,Signal Flip
3611,EMA_CONFIRMED_20_200,SHORT,2026-06-19T12:00,1690.89,2026-06-19T12:05,1695.01,1,0.08,288.75,-0.7,-0.24,288.05,Signal Flip
3612,EMA_CONFIRMED_20_200,SHORT,2026-06-19T12:15,1689.65,2026-06-19T12:55,1693.44,8,0.67,288.05,-0.64,-0.22,287.4,Signal Flip
3613,EMA_CONFIRMED_20_200,SHORT,2026-06-19T13:20,1688.66,2026-06-19T13:30,1692.25,2,0.17,287.4,-0.61,-0.21,286.79,Signal Flip
3614,EMA_CONFIRMED_20_200,LONG,2026-06-19T14:45,1705.72,2026-06-19T15:25,1697.89,8,0.67,286.79,-1.32,-0.46,285.48,Signal Flip
3615,EMA_CONFIRMED_20_200,LONG,2026-06-19T15:35,1707.63,2026-06-19T16:35,1705.24,12,1.0,285.48,-0.4,-0.14,285.08,Signal Flip
3616,EMA_CONFIRMED_20_200,LONG,2026-06-19T16:40,1707.15,2026-06-19T16:45,1704.59,1,0.08,285.08,-0.43,-0.15,284.65,Signal Flip
3617,EMA_CONFIRMED_20_200,LONG,2026-06-19T17:40,1702.14,2026-06-19T18:40,1697.97,12,1.0,284.65,-0.7,-0.24,283.95,Signal Flip
3618,EMA_CONFIRMED_20_200,LONG,2026-06-19T19:00,1703.54,2026-06-19T19:10,1700.69,2,0.17,283.95,-0.48,-0.17,283.47,Signal Flip
3619,EMA_CONFIRMED_20_200,LONG,2026-06-19T19:50,1702.56,2026-06-19T20:00,1700.36,2,0.17,283.47,-0.37,-0.13,283.11,Signal Flip
3620,EMA_CONFIRMED_20_200,LONG,2026-06-19T20:05,1703.46,2026-06-19T20:20,1700.17,3,0.25,283.11,-0.55,-0.19,282.56,Signal Flip
3621,EMA_CONFIRMED_20_200,LONG,2026-06-19T20:30,1703.65,2026-06-19T20:40,1700.72,2,0.17,282.56,-0.49,-0.17,282.07,Signal Flip
3622,EMA_CONFIRMED_20_200,LONG,2026-06-19T20:45,1703.56,2026-06-19T21:30,1703.94,9,0.75,282.07,0.06,0.02,282.14,Signal Flip
3623,EMA_CONFIRMED_20_200,LONG,2026-06-19T22:20,1706.01,2026-06-19T23:10,1705.23,10,0.83,282.14,-0.13,-0.05,282.01,Signal Flip
3624,EMA_CONFIRMED_20_200,LONG,2026-06-19T23:25,1708.22,2026-06-20T01:00,1707.95,19,1.58,282.01,-0.05,-0.02,281.96,Signal Flip
3625,EMA_CONFIRMED_20_200,LONG,2026-06-20T01:30,1710.07,2026-06-20T01:45,1708.13,3,0.25,281.96,-0.32,-0.11,281.64,Signal Flip
3626,EMA_CONFIRMED_20_200,LONG,2026-06-20T01:50,1710.73,2026-06-20T02:05,1707.96,3,0.25,281.64,-0.46,-0.16,281.18,Signal Flip
3627,EMA_CONFIRMED_20_200,LONG,2026-06-20T03:20,1708.79,2026-06-20T03:35,1705.85,3,0.25,281.18,-0.48,-0.17,280.7,Signal Flip
3628,EMA_CONFIRMED_20_200,LONG,2026-06-20T03:40,1709.45,2026-06-20T03:55,1706.5,3,0.25,280.7,-0.49,-0.17,280.21,Signal Flip
3629,EMA_CONFIRMED_20_200,LONG,2026-06-20T04:00,1709.03,2026-06-20T04:10,1706.08,2,0.17,280.21,-0.48,-0.17,279.73,Signal Flip
3630,EMA_CONFIRMED_20_200,LONG,2026-06-20T04:15,1708.52,2026-06-20T07:05,1723.95,34,2.83,279.73,2.53,0.9,282.25,Signal Flip
3631,EMA_CONFIRMED_20_200,LONG,2026-06-20T07:15,1726.06,2026-06-20T07:55,1724.88,8,0.67,282.25,-0.19,-0.07,282.06,Signal Flip
3632,EMA_CONFIRMED_20_200,LONG,2026-06-20T08:05,1727.13,2026-06-20T08:10,1723.89,1,0.08,282.06,-0.53,-0.19,281.53,Signal Flip
3633,EMA_CONFIRMED_20_200,LONG,2026-06-20T08:20,1727.47,2026-06-20T08:25,1723.81,1,0.08,281.53,-0.6,-0.21,280.93,Signal Flip
3634,EMA_CONFIRMED_20_200,LONG,2026-06-20T09:05,1725.95,2026-06-20T09:20,1723.05,3,0.25,280.93,-0.47,-0.17,280.46,Signal Flip
3635,EMA_CONFIRMED_20_200,LONG,2026-06-20T09:25,1725.55,2026-06-20T09:30,1723.0,1,0.08,280.46,-0.42,-0.15,280.04,Signal Flip
3636,EMA_CONFIRMED_20_200,LONG,2026-06-20T09:35,1726.53,2026-06-20T10:35,1725.69,12,1.0,280.04,-0.14,-0.05,279.91,Signal Flip
3637,EMA_CONFIRMED_20_200,LONG,2026-06-20T10:50,1728.7,2026-06-20T11:10,1725.72,4,0.33,279.91,-0.48,-0.17,279.42,Signal Flip
3638,EMA_CONFIRMED_20_200,LONG,2026-06-20T11:25,1728.91,2026-06-20T11:30,1725.75,1,0.08,279.42,-0.51,-0.18,278.91,Signal Flip
3639,EMA_CONFIRMED_20_200,LONG,2026-06-20T11:45,1728.78,2026-06-20T12:35,1726.71,10,0.83,278.91,-0.34,-0.12,278.57,Signal Flip
3640,EMA_CONFIRMED_20_200,SHORT,2026-06-20T14:20,1711.54,2026-06-20T14:45,1720.77,5,0.42,278.57,-1.5,-0.54,277.07,Signal Flip
3641,EMA_CONFIRMED_20_200,LONG,2026-06-20T14:50,1737.57,2026-06-20T16:30,1732.57,20,1.67,277.07,-0.8,-0.29,276.28,Signal Flip
3642,EMA_CONFIRMED_20_200,LONG,2026-06-20T18:05,1730.67,2026-06-20T18:10,1728.14,1,0.08,276.28,-0.41,-0.15,275.87,Signal Flip
3643,EMA_CONFIRMED_20_200,LONG,2026-06-20T18:30,1730.57,2026-06-20T18:35,1727.91,1,0.08,275.87,-0.43,-0.15,275.45,Signal Flip
3644,EMA_CONFIRMED_20_200,LONG,2026-06-20T19:40,1729.4,2026-06-20T20:30,1728.14,10,0.83,275.45,-0.2,-0.07,275.24,Signal Flip
3645,EMA_CONFIRMED_20_200,LONG,2026-06-20T20:50,1730.03,2026-06-21T00:05,1737.67,39,3.25,275.24,1.21,0.44,276.46,Signal Flip
3646,EMA_CONFIRMED_20_200,LONG,2026-06-21T01:45,1738.25,2026-06-21T02:00,1736.13,3,0.25,276.46,-0.34,-0.12,276.12,Signal Flip
3647,EMA_CONFIRMED_20_200,LONG,2026-06-21T02:05,1738.87,2026-06-21T02:15,1736.44,2,0.17,276.12,-0.39,-0.14,275.74,Signal Flip
3648,EMA_CONFIRMED_20_200,LONG,2026-06-21T02:50,1738.43,2026-06-21T02:55,1735.94,1,0.08,275.74,-0.39,-0.14,275.34,Signal Flip
3649,EMA_CONFIRMED_20_200,LONG,2026-06-21T03:20,1738.28,2026-06-21T03:30,1735.77,2,0.17,275.34,-0.4,-0.14,274.94,Signal Flip
3650,EMA_CONFIRMED_20_200,LONG,2026-06-21T03:35,1739.03,2026-06-21T04:05,1736.61,6,0.5,274.94,-0.38,-0.14,274.56,Signal Flip
3651,EMA_CONFIRMED_20_200,LONG,2026-06-21T04:25,1739.32,2026-06-21T04:45,1736.89,4,0.33,274.56,-0.38,-0.14,274.18,Signal Flip
3652,EMA_CONFIRMED_20_200,LONG,2026-06-21T05:35,1736.3,2026-06-21T05:40,1734.07,1,0.08,274.18,-0.35,-0.13,273.83,Signal Flip
3653,EMA_CONFIRMED_20_200,LONG,2026-06-21T06:15,1735.57,2026-06-21T07:05,1733.5,10,0.83,273.83,-0.33,-0.12,273.5,Signal Flip
3654,EMA_CONFIRMED_20_200,SHORT,2026-06-21T08:20,1729.13,2026-06-21T09:35,1731.46,15,1.25,273.5,-0.37,-0.13,273.13,Signal Flip
3655,EMA_CONFIRMED_20_200,SHORT,2026-06-21T10:55,1731.66,2026-06-21T11:15,1733.4,4,0.33,273.13,-0.27,-0.1,272.86,Signal Flip
3656,EMA_CONFIRMED_20_200,SHORT,2026-06-21T11:20,1721.88,2026-06-21T12:55,1725.0,19,1.58,272.86,-0.49,-0.18,272.37,Signal Flip
3657,EMA_CONFIRMED_20_200,SHORT,2026-06-21T13:35,1722.36,2026-06-21T13:55,1725.15,4,0.33,272.37,-0.44,-0.16,271.92,Signal Flip
3658,EMA_CONFIRMED_20_200,SHORT,2026-06-21T14:10,1722.54,2026-06-21T14:25,1725.44,3,0.25,271.92,-0.46,-0.17,271.47,Signal Flip
3659,EMA_CONFIRMED_20_200,SHORT,2026-06-21T14:30,1721.53,2026-06-21T14:40,1725.53,2,0.17,271.47,-0.63,-0.23,270.84,Signal Flip
3660,EMA_CONFIRMED_20_200,SHORT,2026-06-21T16:10,1727.39,2026-06-21T16:50,1728.6,8,0.67,270.84,-0.19,-0.07,270.64,Signal Flip
3661,EMA_CONFIRMED_20_200,SHORT,2026-06-21T17:20,1727.21,2026-06-21T17:50,1729.59,6,0.5,270.64,-0.37,-0.14,270.27,Signal Flip
3662,EMA_CONFIRMED_20_200,SHORT,2026-06-21T18:00,1726.51,2026-06-21T18:35,1734.14,7,0.58,270.27,-1.19,-0.44,269.08,Signal Flip
3663,EMA_CONFIRMED_20_200,LONG,2026-06-21T18:55,1736.85,2026-06-21T20:10,1732.39,15,1.25,269.08,-0.69,-0.26,268.39,Signal Flip
3664,EMA_CONFIRMED_20_200,SHORT,2026-06-21T20:55,1719.81,2026-06-21T21:40,1724.11,9,0.75,268.39,-0.67,-0.25,267.71,Signal Flip
3665,EMA_CONFIRMED_20_200,SHORT,2026-06-21T21:45,1719.79,2026-06-21T21:50,1722.22,1,0.08,267.71,-0.38,-0.14,267.34,Signal Flip
3666,EMA_CONFIRMED_20_200,SHORT,2026-06-21T21:55,1717.44,2026-06-21T22:55,1719.09,12,1.0,267.34,-0.26,-0.1,267.08,Signal Flip
3667,EMA_CONFIRMED_20_200,SHORT,2026-06-21T23:05,1712.19,2026-06-22T00:10,1715.97,13,1.08,267.08,-0.59,-0.22,266.49,Signal Flip
3668,EMA_CONFIRMED_20_200,LONG,2026-06-22T01:30,1753.3,2026-06-22T02:55,1737.62,17,1.42,266.49,-2.38,-0.89,264.11,Signal Flip
3669,EMA_CONFIRMED_20_200,LONG,2026-06-22T03:20,1738.15,2026-06-22T03:30,1735.72,2,0.17,264.11,-0.37,-0.14,263.74,Signal Flip
3670,EMA_CONFIRMED_20_200,LONG,2026-06-22T03:35,1739.37,2026-06-22T03:40,1736.16,1,0.08,263.74,-0.49,-0.18,263.25,Signal Flip
3671,EMA_CONFIRMED_20_200,LONG,2026-06-22T04:25,1735.78,2026-06-22T04:30,1733.65,1,0.08,263.25,-0.32,-0.12,262.93,Signal Flip
3672,EMA_CONFIRMED_20_200,LONG,2026-06-22T04:50,1735.72,2026-06-22T05:55,1735.06,13,1.08,262.93,-0.1,-0.04,262.83,Signal Flip
3673,EMA_CONFIRMED_20_200,LONG,2026-06-22T06:00,1737.72,2026-06-22T06:05,1734.03,1,0.08,262.83,-0.56,-0.21,262.27,Signal Flip
3674,EMA_CONFIRMED_20_200,LONG,2026-06-22T06:10,1740.74,2026-06-22T06:30,1735.64,4,0.33,262.27,-0.77,-0.29,261.51,Signal Flip
3675,EMA_CONFIRMED_20_200,LONG,2026-06-22T07:05,1742.46,2026-06-22T08:40,1744.57,19,1.58,261.51,0.32,0.12,261.82,Signal Flip
3676,EMA_CONFIRMED_20_200,LONG,2026-06-22T08:45,1750.34,2026-06-22T09:25,1745.91,8,0.67,261.82,-0.66,-0.25,261.16,Signal Flip
3677,EMA_CONFIRMED_20_200,LONG,2026-06-22T09:35,1748.5,2026-06-22T09:40,1743.42,1,0.08,261.16,-0.76,-0.29,260.4,Signal Flip
3678,EMA_CONFIRMED_20_200,LONG,2026-06-22T09:45,1747.85,2026-06-22T09:50,1745.41,1,0.08,260.4,-0.36,-0.14,260.03,Signal Flip
3679,EMA_CONFIRMED_20_200,LONG,2026-06-22T09:55,1748.15,2026-06-22T10:00,1745.32,1,0.08,260.03,-0.42,-0.16,259.61,Signal Flip
3680,EMA_CONFIRMED_20_200,LONG,2026-06-22T10:05,1748.7,2026-06-22T10:30,1746.65,5,0.42,259.61,-0.31,-0.12,259.31,Signal Flip
3681,EMA_CONFIRMED_20_200,LONG,2026-06-22T10:35,1750.55,2026-06-22T10:45,1746.21,2,0.17,259.31,-0.64,-0.25,258.66,Signal Flip
3682,EMA_CONFIRMED_20_200,LONG,2026-06-22T10:50,1749.86,2026-06-22T14:15,1767.02,41,3.42,258.66,2.54,0.98,261.2,Signal Flip
3683,EMA_CONFIRMED_20_200,SHORT,2026-06-22T16:40,1739.9,2026-06-22T17:55,1741.76,15,1.25,261.2,-0.28,-0.11,260.92,Signal Flip
3684,EMA_CONFIRMED_20_200,SHORT,2026-06-22T18:30,1740.85,2026-06-22T20:05,1739.89,19,1.58,260.92,0.14,0.06,261.06,Signal Flip
3685,EMA_CONFIRMED_20_200,SHORT,2026-06-22T20:25,1732.66,2026-06-22T20:40,1737.12,3,0.25,261.06,-0.67,-0.26,260.39,Signal Flip
3686,EMA_CONFIRMED_20_200,SHORT,2026-06-22T20:55,1732.06,2026-06-22T21:05,1736.63,2,0.17,260.39,-0.69,-0.26,259.7,Signal Flip
3687,EMA_CONFIRMED_20_200,SHORT,2026-06-22T21:10,1733.59,2026-06-22T21:15,1736.54,1,0.08,259.7,-0.44,-0.17,259.26,Signal Flip
3688,EMA_CONFIRMED_20_200,SHORT,2026-06-22T21:20,1733.92,2026-06-22T22:05,1735.75,9,0.75,259.26,-0.27,-0.11,258.99,Signal Flip
3689,EMA_CONFIRMED_20_200,SHORT,2026-06-22T22:15,1732.41,2026-06-22T23:30,1727.62,15,1.25,258.99,0.72,0.28,259.71,Signal Flip
3690,EMA_CONFIRMED_20_200,SHORT,2026-06-22T23:50,1725.69,2026-06-22T23:55,1729.6,1,0.08,259.71,-0.59,-0.23,259.12,Signal Flip
3691,EMA_CONFIRMED_20_200,SHORT,2026-06-23T00:10,1725.34,2026-06-23T00:35,1727.27,5,0.42,259.12,-0.29,-0.11,258.83,Signal Flip
3692,EMA_CONFIRMED_20_200,SHORT,2026-06-23T01:40,1727.73,2026-06-23T02:00,1731.48,4,0.33,258.83,-0.56,-0.22,258.26,Signal Flip
3693,EMA_CONFIRMED_20_200,SHORT,2026-06-23T02:10,1727.47,2026-06-23T02:15,1730.14,1,0.08,258.26,-0.4,-0.16,257.86,Signal Flip
3694,EMA_CONFIRMED_20_200,SHORT,2026-06-23T03:05,1727.77,2026-06-23T04:00,1730.77,11,0.92,257.86,-0.45,-0.17,257.41,Signal Flip
3695,EMA_CONFIRMED_20_200,SHORT,2026-06-23T04:20,1726.44,2026-06-23T10:05,1658.83,69,5.75,257.41,10.08,3.92,267.5,Signal Flip
3696,EMA_CONFIRMED_20_200,SHORT,2026-06-23T10:10,1654.78,2026-06-23T10:15,1657.35,1,0.08,267.5,-0.41,-0.16,267.08,Signal Flip
3697,EMA_CONFIRMED_20_200,SHORT,2026-06-23T10:20,1654.64,2026-06-23T11:10,1654.95,10,0.83,267.08,-0.05,-0.02,267.03,Signal Flip
3698,EMA_CONFIRMED_20_200,SHORT,2026-06-23T12:25,1657.11,2026-06-23T12:30,1659.21,1,0.08,267.03,-0.34,-0.13,266.69,Signal Flip
3699,EMA_CONFIRMED_20_200,SHORT,2026-06-23T12:35,1655.28,2026-06-23T12:45,1658.84,2,0.17,266.69,-0.57,-0.21,266.12,Signal Flip
3700,EMA_CONFIRMED_20_200,SHORT,2026-06-23T12:50,1656.83,2026-06-23T13:35,1659.45,9,0.75,266.12,-0.42,-0.16,265.7,Signal Flip
3701,EMA_CONFIRMED_20_200,SHORT,2026-06-23T15:05,1660.16,2026-06-23T15:35,1660.22,6,0.5,265.7,-0.01,-0.0,265.69,Signal Flip
3702,EMA_CONFIRMED_20_200,SHORT,2026-06-23T15:40,1655.67,2026-06-23T16:00,1660.61,4,0.33,265.69,-0.79,-0.3,264.9,Signal Flip
3703,EMA_CONFIRMED_20_200,SHORT,2026-06-23T16:05,1656.94,2026-06-23T16:10,1671.17,1,0.08,264.9,-2.27,-0.86,262.62,Signal Flip
3704,EMA_CONFIRMED_20_200,SHORT,2026-06-23T16:50,1660.27,2026-06-23T17:25,1662.62,7,0.58,262.62,-0.37,-0.14,262.25,Signal Flip
3705,EMA_CONFIRMED_20_200,SHORT,2026-06-23T17:45,1658.69,2026-06-23T19:05,1660.59,16,1.33,262.25,-0.3,-0.11,261.95,Signal Flip
3706,EMA_CONFIRMED_20_200,SHORT,2026-06-23T19:45,1657.38,2026-06-23T19:50,1659.88,1,0.08,261.95,-0.39,-0.15,261.56,Signal Flip
3707,EMA_CONFIRMED_20_200,SHORT,2026-06-23T22:25,1664.1,2026-06-23T23:25,1665.4,12,1.0,261.56,-0.21,-0.08,261.35,Signal Flip
3708,EMA_CONFIRMED_20_200,SHORT,2026-06-23T23:30,1663.31,2026-06-23T23:35,1665.45,1,0.08,261.35,-0.34,-0.13,261.01,Signal Flip
3709,EMA_CONFIRMED_20_200,SHORT,2026-06-23T23:40,1661.33,2026-06-23T23:50,1668.25,2,0.17,261.01,-1.09,-0.42,259.93,Signal Flip
3710,EMA_CONFIRMED_20_200,SHORT,2026-06-24T01:05,1666.98,2026-06-24T01:15,1673.13,2,0.17,259.93,-0.96,-0.37,258.97,Signal Flip
3711,EMA_CONFIRMED_20_200,SHORT,2026-06-24T01:20,1665.78,2026-06-24T01:25,1672.18,1,0.08,258.97,-0.99,-0.38,257.97,Signal Flip
3712,EMA_CONFIRMED_20_200,LONG,2026-06-24T01:40,1678.22,2026-06-24T02:05,1669.27,5,0.42,257.97,-1.37,-0.53,256.6,Signal Flip
3713,EMA_CONFIRMED_20_200,SHORT,2026-06-24T02:30,1666.97,2026-06-24T03:35,1666.82,13,1.08,256.6,0.02,0.01,256.62,Signal Flip
3714,EMA_CONFIRMED_20_200,SHORT,2026-06-24T04:05,1664.09,2026-06-24T04:45,1665.39,8,0.67,256.62,-0.2,-0.08,256.42,Signal Flip
3715,EMA_CONFIRMED_20_200,LONG,2026-06-24T05:40,1676.71,2026-06-24T06:05,1669.93,5,0.42,256.42,-1.04,-0.4,255.38,Signal Flip
3716,EMA_CONFIRMED_20_200,LONG,2026-06-24T06:10,1674.58,2026-06-24T07:25,1673.44,15,1.25,255.38,-0.17,-0.07,255.21,Signal Flip
3717,EMA_CONFIRMED_20_200,LONG,2026-06-24T07:35,1675.4,2026-06-24T07:40,1670.72,1,0.08,255.21,-0.71,-0.28,254.5,Signal Flip
3718,EMA_CONFIRMED_20_200,LONG,2026-06-24T08:05,1674.55,2026-06-24T08:10,1670.55,1,0.08,254.5,-0.61,-0.24,253.89,Signal Flip
3719,EMA_CONFIRMED_20_200,LONG,2026-06-24T08:35,1674.39,2026-06-24T08:40,1671.05,1,0.08,253.89,-0.51,-0.2,253.39,Signal Flip
3720,EMA_CONFIRMED_20_200,LONG,2026-06-24T08:45,1675.07,2026-06-24T08:50,1671.79,1,0.08,253.39,-0.5,-0.2,252.89,Signal Flip
3721,EMA_CONFIRMED_20_200,LONG,2026-06-24T08:55,1674.97,2026-06-24T09:05,1669.31,2,0.17,252.89,-0.85,-0.34,252.04,Signal Flip
3722,EMA_CONFIRMED_20_200,SHORT,2026-06-24T09:40,1666.5,2026-06-24T11:40,1667.87,24,2.0,252.04,-0.21,-0.08,251.83,Signal Flip
3723,EMA_CONFIRMED_20_200,LONG,2026-06-24T12:10,1680.34,2026-06-24T12:55,1671.29,9,0.75,251.83,-1.36,-0.54,250.47,Signal Flip
3724,EMA_CONFIRMED_20_200,SHORT,2026-06-24T13:15,1654.78,2026-06-24T14:35,1654.44,16,1.33,250.47,0.05,0.02,250.53,Signal Flip
3725,EMA_CONFIRMED_20_200,SHORT,2026-06-24T14:40,1646.96,2026-06-24T19:30,1576.82,58,4.83,250.53,10.67,4.26,261.19,Signal Flip
3726,EMA_CONFIRMED_20_200,SHORT,2026-06-24T22:50,1613.77,2026-06-24T22:55,1616.14,1,0.08,261.19,-0.38,-0.15,260.81,Signal Flip
3727,EMA_CONFIRMED_20_200,SHORT,2026-06-25T00:40,1618.81,2026-06-25T01:25,1620.03,9,0.75,260.81,-0.2,-0.08,260.62,Signal Flip
3728,EMA_CONFIRMED_20_200,SHORT,2026-06-25T01:30,1618.17,2026-06-25T01:35,1621.07,1,0.08,260.62,-0.47,-0.18,260.15,Signal Flip
3729,EMA_CONFIRMED_20_200,SHORT,2026-06-25T01:45,1618.58,2026-06-25T01:50,1622.22,1,0.08,260.15,-0.59,-0.22,259.56,Signal Flip
3730,EMA_CONFIRMED_20_200,SHORT,2026-06-25T02:05,1618.74,2026-06-25T02:20,1620.43,3,0.25,259.56,-0.27,-0.1,259.29,Signal Flip
3731,EMA_CONFIRMED_20_200,SHORT,2026-06-25T02:25,1616.82,2026-06-25T02:30,1621.15,1,0.08,259.29,-0.69,-0.27,258.6,Signal Flip
3732,EMA_CONFIRMED_20_200,SHORT,2026-06-25T02:35,1617.79,2026-06-25T02:55,1620.4,4,0.33,258.6,-0.42,-0.16,258.18,Signal Flip
3733,EMA_CONFIRMED_20_200,SHORT,2026-06-25T03:15,1617.98,2026-06-25T03:20,1621.36,1,0.08,258.18,-0.54,-0.21,257.64,Signal Flip
3734,EMA_CONFIRMED_20_200,SHORT,2026-06-25T03:30,1618.4,2026-06-25T03:55,1620.82,5,0.42,257.64,-0.39,-0.15,257.26,Signal Flip
3735,EMA_CONFIRMED_20_200,SHORT,2026-06-25T04:10,1617.74,2026-06-25T04:25,1621.18,3,0.25,257.26,-0.55,-0.21,256.71,Signal Flip
3736,EMA_CONFIRMED_20_200,SHORT,2026-06-25T04:35,1617.26,2026-06-25T04:40,1622.5,1,0.08,256.71,-0.83,-0.32,255.88,Signal Flip
3737,EMA_CONFIRMED_20_200,LONG,2026-06-25T05:05,1641.79,2026-06-25T08:20,1651.24,39,3.25,255.88,1.47,0.58,257.35,Signal Flip
3738,EMA_CONFIRMED_20_200,LONG,2026-06-25T08:45,1654.27,2026-06-25T09:00,1652.1,3,0.25,257.35,-0.34,-0.13,257.01,Signal Flip
3739,EMA_CONFIRMED_20_200,LONG,2026-06-25T09:05,1655.26,2026-06-25T09:20,1651.68,3,0.25,257.01,-0.55,-0.22,256.46,Signal Flip
3740,EMA_CONFIRMED_20_200,SHORT,2026-06-25T11:55,1629.55,2026-06-25T12:35,1636.83,8,0.67,256.46,-1.14,-0.45,255.31,Signal Flip
3741,EMA_CONFIRMED_20_200,SHORT,2026-06-25T13:25,1634.09,2026-06-25T16:00,1570.8,31,2.58,255.31,9.89,3.87,265.2,Signal Flip
3742,EMA_CONFIRMED_20_200,SHORT,2026-06-25T16:35,1564.85,2026-06-25T17:15,1568.88,8,0.67,265.2,-0.68,-0.26,264.52,Signal Flip
3743,EMA_CONFIRMED_20_200,SHORT,2026-06-25T18:15,1564.41,2026-06-25T18:20,1575.34,1,0.08,264.52,-1.85,-0.7,262.67,Signal Flip
3744,EMA_CONFIRMED_20_200,SHORT,2026-06-25T18:35,1561.37,2026-06-25T20:05,1569.34,18,1.5,262.67,-1.34,-0.51,261.33,Signal Flip
3745,EMA_CONFIRMED_20_200,SHORT,2026-06-25T20:35,1563.28,2026-06-25T21:10,1564.43,7,0.58,261.33,-0.19,-0.07,261.14,Signal Flip
3746,EMA_CONFIRMED_20_200,SHORT,2026-06-25T22:15,1569.28,2026-06-25T22:45,1571.81,6,0.5,261.14,-0.42,-0.16,260.72,Signal Flip
3747,EMA_CONFIRMED_20_200,SHORT,2026-06-25T22:50,1568.54,2026-06-25T22:55,1572.64,1,0.08,260.72,-0.68,-0.26,260.04,Signal Flip
3748,EMA_CONFIRMED_20_200,SHORT,2026-06-25T23:00,1569.5,2026-06-25T23:05,1572.73,1,0.08,260.04,-0.53,-0.21,259.5,Signal Flip
3749,EMA_CONFIRMED_20_200,SHORT,2026-06-25T23:10,1567.72,2026-06-25T23:15,1573.47,1,0.08,259.5,-0.95,-0.37,258.55,Signal Flip
3750,EMA_CONFIRMED_20_200,SHORT,2026-06-25T23:45,1571.51,2026-06-26T03:40,1539.0,47,3.92,258.55,5.35,2.07,263.9,Signal Flip
3751,EMA_CONFIRMED_20_200,SHORT,2026-06-26T06:05,1548.23,2026-06-26T06:25,1559.44,4,0.33,263.9,-1.91,-0.72,261.99,Signal Flip
3752,EMA_CONFIRMED_20_200,LONG,2026-06-26T07:35,1581.39,2026-06-26T08:10,1570.94,7,0.58,261.99,-1.73,-0.66,260.26,Signal Flip
3753,EMA_CONFIRMED_20_200,LONG,2026-06-26T08:25,1574.89,2026-06-26T08:30,1572.11,1,0.08,260.26,-0.46,-0.18,259.8,Signal Flip
3754,EMA_CONFIRMED_20_200,SHORT,2026-06-26T09:10,1560.59,2026-06-26T12:20,1549.62,38,3.17,259.8,1.83,0.7,261.63,Signal Flip
3755,EMA_CONFIRMED_20_200,SHORT,2026-06-26T12:40,1536.83,2026-06-26T13:40,1541.6,12,1.0,261.63,-0.81,-0.31,260.81,Signal Flip
3756,EMA_CONFIRMED_20_200,LONG,2026-06-26T15:20,1571.86,2026-06-26T16:25,1573.86,13,1.08,260.81,0.33,0.13,261.15,Signal Flip
3757,EMA_CONFIRMED_20_200,LONG,2026-06-26T16:30,1576.61,2026-06-26T17:40,1580.38,14,1.17,261.15,0.62,0.24,261.77,Signal Flip
3758,EMA_CONFIRMED_20_200,LONG,2026-06-26T17:45,1584.49,2026-06-26T18:20,1579.51,7,0.58,261.77,-0.82,-0.31,260.95,Signal Flip
3759,EMA_CONFIRMED_20_200,LONG,2026-06-26T19:10,1584.31,2026-06-26T19:30,1577.8,4,0.33,260.95,-1.07,-0.41,259.88,Signal Flip
3760,EMA_CONFIRMED_20_200,LONG,2026-06-26T19:35,1581.76,2026-06-26T19:45,1578.01,2,0.17,259.88,-0.62,-0.24,259.26,Signal Flip
3761,EMA_CONFIRMED_20_200,LONG,2026-06-26T20:25,1578.94,2026-06-26T20:35,1570.81,2,0.17,259.26,-1.33,-0.51,257.93,Signal Flip
3762,EMA_CONFIRMED_20_200,LONG,2026-06-26T21:30,1575.66,2026-06-26T21:40,1572.89,2,0.17,257.93,-0.45,-0.18,257.47,Signal Flip
3763,EMA_CONFIRMED_20_200,LONG,2026-06-26T21:45,1578.74,2026-06-26T22:05,1569.47,4,0.33,257.47,-1.51,-0.59,255.96,Signal Flip
3764,EMA_CONFIRMED_20_200,LONG,2026-06-26T22:15,1576.09,2026-06-26T22:30,1572.58,3,0.25,255.96,-0.57,-0.22,255.39,Signal Flip
3765,EMA_CONFIRMED_20_200,LONG,2026-06-26T22:40,1575.57,2026-06-26T23:30,1574.89,10,0.83,255.39,-0.11,-0.04,255.28,Signal Flip
3766,EMA_CONFIRMED_20_200,LONG,2026-06-26T23:35,1577.32,2026-06-27T00:25,1576.97,10,0.83,255.28,-0.06,-0.02,255.23,Signal Flip
3767,EMA_CONFIRMED_20_200,LONG,2026-06-27T00:50,1577.79,2026-06-27T01:00,1576.04,2,0.17,255.23,-0.28,-0.11,254.95,Signal Flip
3768,EMA_CONFIRMED_20_200,LONG,2026-06-27T01:25,1577.64,2026-06-27T01:40,1575.37,3,0.25,254.95,-0.37,-0.14,254.58,Signal Flip
3769,EMA_CONFIRMED_20_200,LONG,2026-06-27T01:50,1577.34,2026-06-27T01:55,1575.0,1,0.08,254.58,-0.38,-0.15,254.2,Signal Flip
3770,EMA_CONFIRMED_20_200,LONG,2026-06-27T02:05,1578.18,2026-06-27T03:10,1578.45,13,1.08,254.2,0.04,0.02,254.25,Signal Flip
3771,EMA_CONFIRMED_20_200,LONG,2026-06-27T03:20,1583.55,2026-06-27T03:45,1579.89,5,0.42,254.25,-0.59,-0.23,253.66,Signal Flip
3772,EMA_CONFIRMED_20_200,LONG,2026-06-27T04:05,1583.44,2026-06-27T04:40,1581.21,7,0.58,253.66,-0.36,-0.14,253.3,Signal Flip
3773,EMA_CONFIRMED_20_200,LONG,2026-06-27T06:30,1579.72,2026-06-27T08:40,1581.72,26,2.17,253.3,0.32,0.13,253.62,Signal Flip
3774,EMA_CONFIRMED_20_200,LONG,2026-06-27T08:55,1585.61,2026-06-27T09:15,1580.01,4,0.33,253.62,-0.9,-0.35,252.72,Signal Flip
3775,EMA_CONFIRMED_20_200,LONG,2026-06-27T10:00,1583.72,2026-06-27T11:20,1580.63,16,1.33,252.72,-0.49,-0.2,252.23,Signal Flip
3776,EMA_CONFIRMED_20_200,LONG,2026-06-27T11:50,1584.91,2026-06-27T12:15,1581.85,5,0.42,252.23,-0.49,-0.19,251.74,Signal Flip
3777,EMA_CONFIRMED_20_200,LONG,2026-06-27T12:20,1583.79,2026-06-27T12:40,1581.13,4,0.33,251.74,-0.42,-0.17,251.32,Signal Flip
3778,EMA_CONFIRMED_20_200,LONG,2026-06-27T12:50,1585.19,2026-06-27T17:05,1588.62,51,4.25,251.32,0.54,0.22,251.86,Signal Flip
3779,EMA_CONFIRMED_20_200,LONG,2026-06-27T19:05,1595.8,2026-06-27T19:15,1593.49,2,0.17,251.86,-0.36,-0.14,251.5,Signal Flip
3780,EMA_CONFIRMED_20_200,SHORT,2026-06-27T19:50,1578.71,2026-06-27T21:10,1584.21,16,1.33,251.5,-0.88,-0.35,250.62,Signal Flip
3781,EMA_CONFIRMED_20_200,SHORT,2026-06-27T21:25,1580.54,2026-06-27T21:30,1585.63,1,0.08,250.62,-0.81,-0.32,249.82,Signal Flip
3782,EMA_CONFIRMED_20_200,SHORT,2026-06-27T21:40,1579.79,2026-06-27T22:40,1578.73,12,1.0,249.82,0.17,0.07,249.98,Signal Flip
3783,EMA_CONFIRMED_20_200,SHORT,2026-06-27T22:45,1575.58,2026-06-27T22:50,1579.0,1,0.08,249.98,-0.54,-0.22,249.44,Signal Flip
3784,EMA_CONFIRMED_20_200,SHORT,2026-06-27T23:15,1572.5,2026-06-28T00:10,1577.02,11,0.92,249.44,-0.72,-0.29,248.72,Signal Flip
3785,EMA_CONFIRMED_20_200,SHORT,2026-06-28T00:50,1574.79,2026-06-28T01:25,1575.76,7,0.58,248.72,-0.15,-0.06,248.57,Signal Flip
3786,EMA_CONFIRMED_20_200,SHORT,2026-06-28T02:00,1574.32,2026-06-28T02:05,1578.38,1,0.08,248.57,-0.64,-0.26,247.93,Signal Flip
3787,EMA_CONFIRMED_20_200,SHORT,2026-06-28T02:25,1569.26,2026-06-28T03:05,1574.61,8,0.67,247.93,-0.84,-0.34,247.09,Signal Flip
3788,EMA_CONFIRMED_20_200,SHORT,2026-06-28T03:35,1573.1,2026-06-28T03:50,1575.28,3,0.25,247.09,-0.34,-0.14,246.75,Signal Flip
3789,EMA_CONFIRMED_20_200,SHORT,2026-06-28T03:55,1572.9,2026-06-28T04:00,1575.87,1,0.08,246.75,-0.47,-0.19,246.28,Signal Flip
3790,EMA_CONFIRMED_20_200,SHORT,2026-06-28T04:05,1573.13,2026-06-28T04:10,1575.0,1,0.08,246.28,-0.29,-0.12,245.99,Signal Flip
3791,EMA_CONFIRMED_20_200,SHORT,2026-06-28T04:15,1573.08,2026-06-28T04:25,1576.1,2,0.17,245.99,-0.47,-0.19,245.52,Signal Flip
3792,EMA_CONFIRMED_20_200,SHORT,2026-06-28T04:35,1570.97,2026-06-28T04:45,1576.26,2,0.17,245.52,-0.83,-0.34,244.69,Signal Flip
3793,EMA_CONFIRMED_20_200,SHORT,2026-06-28T05:05,1569.06,2026-06-28T06:55,1569.76,22,1.83,244.69,-0.11,-0.05,244.58,Signal Flip
3794,EMA_CONFIRMED_20_200,SHORT,2026-06-28T07:00,1567.07,2026-06-28T07:05,1572.29,1,0.08,244.58,-0.81,-0.33,243.77,Signal Flip
3795,EMA_CONFIRMED_20_200,LONG,2026-06-28T09:00,1582.37,2026-06-28T10:00,1578.29,12,1.0,243.77,-0.63,-0.26,243.14,Signal Flip
3796,EMA_CONFIRMED_20_200,LONG,2026-06-28T10:15,1581.52,2026-06-28T10:20,1577.61,1,0.08,243.14,-0.6,-0.25,242.54,Signal Flip
3797,EMA_CONFIRMED_20_200,LONG,2026-06-28T11:05,1580.46,2026-06-28T11:10,1575.36,1,0.08,242.54,-0.78,-0.32,241.75,Signal Flip
3798,EMA_CONFIRMED_20_200,LONG,2026-06-28T11:20,1579.16,2026-06-28T12:20,1578.07,12,1.0,241.75,-0.17,-0.07,241.59,Signal Flip
3799,EMA_CONFIRMED_20_200,LONG,2026-06-28T12:25,1581.37,2026-06-28T12:45,1579.88,4,0.33,241.59,-0.23,-0.09,241.36,Signal Flip
3800,EMA_CONFIRMED_20_200,LONG,2026-06-28T12:50,1583.3,2026-06-28T13:05,1575.07,3,0.25,241.36,-1.25,-0.52,240.11,Signal Flip
3801,EMA_CONFIRMED_20_200,LONG,2026-06-28T13:25,1582.04,2026-06-28T13:30,1579.71,1,0.08,240.11,-0.35,-0.15,239.75,Signal Flip
3802,EMA_CONFIRMED_20_200,LONG,2026-06-28T13:35,1582.76,2026-06-28T14:00,1578.89,5,0.42,239.75,-0.59,-0.24,239.17,Signal Flip
3803,EMA_CONFIRMED_20_200,LONG,2026-06-28T14:10,1582.34,2026-06-28T14:55,1580.32,9,0.75,239.17,-0.31,-0.13,238.86,Signal Flip
3804,EMA_CONFIRMED_20_200,LONG,2026-06-28T15:05,1584.73,2026-06-28T15:10,1578.39,1,0.08,238.86,-0.96,-0.4,237.9,Signal Flip
3805,EMA_CONFIRMED_20_200,LONG,2026-06-28T15:15,1584.4,2026-06-28T15:40,1579.94,5,0.42,237.9,-0.67,-0.28,237.23,Signal Flip
3806,EMA_CONFIRMED_20_200,SHORT,2026-06-28T16:40,1569.25,2026-06-28T18:00,1573.13,16,1.33,237.23,-0.59,-0.25,236.65,Signal Flip
3807,EMA_CONFIRMED_20_200,SHORT,2026-06-28T18:20,1571.44,2026-06-28T19:00,1572.58,8,0.67,236.65,-0.17,-0.07,236.48,Signal Flip
3808,EMA_CONFIRMED_20_200,SHORT,2026-06-28T19:05,1567.86,2026-06-28T19:35,1573.2,6,0.5,236.48,-0.81,-0.34,235.67,Signal Flip
3809,EMA_CONFIRMED_20_200,SHORT,2026-06-28T19:40,1567.9,2026-06-28T20:15,1573.71,7,0.58,235.67,-0.87,-0.37,234.8,Signal Flip
3810,EMA_CONFIRMED_20_200,SHORT,2026-06-28T21:05,1570.51,2026-06-28T21:10,1572.73,1,0.08,234.8,-0.33,-0.14,234.47,Signal Flip
3811,EMA_CONFIRMED_20_200,SHORT,2026-06-28T21:15,1570.06,2026-06-28T21:35,1572.54,4,0.33,234.47,-0.37,-0.16,234.1,Signal Flip
3812,EMA_CONFIRMED_20_200,SHORT,2026-06-28T21:40,1569.63,2026-06-28T22:05,1577.93,5,0.42,234.1,-1.24,-0.53,232.86,Signal Flip
3813,EMA_CONFIRMED_20_200,SHORT,2026-06-28T22:20,1562.98,2026-06-28T23:20,1566.19,12,1.0,232.86,-0.48,-0.21,232.38,Signal Flip
3814,EMA_CONFIRMED_20_200,SHORT,2026-06-29T00:05,1566.48,2026-06-29T00:15,1570.93,2,0.17,232.38,-0.66,-0.28,231.72,Signal Flip
3815,EMA_CONFIRMED_20_200,SHORT,2026-06-29T00:20,1565.45,2026-06-29T00:55,1567.45,7,0.58,231.72,-0.3,-0.13,231.43,Signal Flip
3816,EMA_CONFIRMED_20_200,SHORT,2026-06-29T01:20,1562.26,2026-06-29T01:40,1570.87,4,0.33,231.43,-1.27,-0.55,230.15,Signal Flip
3817,EMA_CONFIRMED_20_200,SHORT,2026-06-29T02:05,1566.37,2026-06-29T02:25,1567.69,4,0.33,230.15,-0.19,-0.08,229.96,Signal Flip
3818,EMA_CONFIRMED_20_200,LONG,2026-06-29T03:10,1586.02,2026-06-29T04:40,1577.45,18,1.5,229.96,-1.24,-0.54,228.71,Signal Flip
3819,EMA_CONFIRMED_20_200,LONG,2026-06-29T05:45,1578.82,2026-06-29T06:40,1579.08,11,0.92,228.71,0.04,0.02,228.75,Signal Flip
3820,EMA_CONFIRMED_20_200,LONG,2026-06-29T06:45,1582.27,2026-06-29T07:05,1579.99,4,0.33,228.75,-0.33,-0.14,228.42,Signal Flip
3821,EMA_CONFIRMED_20_200,LONG,2026-06-29T07:15,1582.15,2026-06-29T07:20,1579.18,1,0.08,228.42,-0.43,-0.19,227.99,Signal Flip
3822,EMA_CONFIRMED_20_200,LONG,2026-06-29T07:30,1582.03,2026-06-29T07:35,1579.45,1,0.08,227.99,-0.37,-0.16,227.62,Signal Flip
3823,EMA_CONFIRMED_20_200,LONG,2026-06-29T07:40,1582.65,2026-06-29T07:45,1579.55,1,0.08,227.62,-0.45,-0.2,227.18,Signal Flip
3824,EMA_CONFIRMED_20_200,LONG,2026-06-29T07:50,1582.08,2026-06-29T08:00,1579.38,2,0.17,227.18,-0.39,-0.17,226.79,Signal Flip
3825,EMA_CONFIRMED_20_200,LONG,2026-06-29T08:05,1582.03,2026-06-29T08:10,1578.81,1,0.08,226.79,-0.46,-0.2,226.33,Signal Flip
3826,EMA_CONFIRMED_20_200,LONG,2026-06-29T09:20,1577.89,2026-06-29T09:25,1573.41,1,0.08,226.33,-0.64,-0.28,225.68,Signal Flip
3827,EMA_CONFIRMED_20_200,LONG,2026-06-29T09:30,1577.51,2026-06-29T09:40,1573.64,2,0.17,225.68,-0.55,-0.25,225.13,Signal Flip
3828,EMA_CONFIRMED_20_200,LONG,2026-06-29T10:00,1576.99,2026-06-29T10:50,1577.06,10,0.83,225.13,0.01,0.0,225.14,Signal Flip
3829,EMA_CONFIRMED_20_200,SHORT,2026-06-29T11:45,1571.4,2026-06-29T12:00,1575.72,3,0.25,225.14,-0.62,-0.27,224.52,Signal Flip
3830,EMA_CONFIRMED_20_200,LONG,2026-06-29T12:10,1585.8,2026-06-29T12:40,1573.53,6,0.5,224.52,-1.74,-0.77,222.79,Signal Flip
3831,EMA_CONFIRMED_20_200,LONG,2026-06-29T13:05,1582.62,2026-06-29T13:25,1579.3,4,0.33,222.79,-0.47,-0.21,222.32,Signal Flip
3832,EMA_CONFIRMED_20_200,LONG,2026-06-29T13:35,1583.67,2026-06-29T13:40,1572.18,1,0.08,222.32,-1.61,-0.73,220.71,Signal Flip
3833,EMA_CONFIRMED_20_200,SHORT,2026-06-29T14:00,1571.95,2026-06-29T14:35,1576.11,7,0.58,220.71,-0.58,-0.26,220.12,Signal Flip
3834,EMA_CONFIRMED_20_200,SHORT,2026-06-29T14:45,1566.89,2026-06-29T14:55,1574.99,2,0.17,220.12,-1.14,-0.52,218.99,Signal Flip
3835,EMA_CONFIRMED_20_200,SHORT,2026-06-29T15:05,1565.39,2026-06-29T15:30,1574.99,5,0.42,218.99,-1.34,-0.61,217.64,Signal Flip
3836,EMA_CONFIRMED_20_200,LONG,2026-06-29T16:15,1578.61,2026-06-29T16:30,1574.14,3,0.25,217.64,-0.62,-0.28,217.03,Signal Flip
3837,EMA_CONFIRMED_20_200,LONG,2026-06-29T16:35,1577.95,2026-06-29T19:05,1616.78,30,2.5,217.03,5.34,2.46,222.37,Signal Flip
3838,EMA_CONFIRMED_20_200,LONG,2026-06-29T19:20,1621.25,2026-06-29T20:20,1620.61,12,1.0,222.37,-0.09,-0.04,222.28,Signal Flip
3839,EMA_CONFIRMED_20_200,LONG,2026-06-29T20:25,1625.36,2026-06-29T20:45,1621.69,4,0.33,222.28,-0.5,-0.23,221.78,Signal Flip
3840,EMA_CONFIRMED_20_200,LONG,2026-06-29T21:40,1621.72,2026-06-29T22:00,1619.19,4,0.33,221.78,-0.35,-0.16,221.43,Signal Flip
3841,EMA_CONFIRMED_20_200,LONG,2026-06-29T22:10,1621.1,2026-06-29T22:15,1618.32,1,0.08,221.43,-0.38,-0.17,221.05,Signal Flip
3842,EMA_CONFIRMED_20_200,LONG,2026-06-29T22:20,1620.88,2026-06-29T22:25,1617.82,1,0.08,221.05,-0.42,-0.19,220.63,Signal Flip
3843,EMA_CONFIRMED_20_200,LONG,2026-06-30T00:05,1614.42,2026-06-30T00:10,1610.25,1,0.08,220.63,-0.57,-0.26,220.07,Signal Flip
3844,EMA_CONFIRMED_20_200,SHORT,2026-06-30T01:35,1596.64,2026-06-30T02:50,1594.54,15,1.25,220.07,0.29,0.13,220.36,Signal Flip
3845,EMA_CONFIRMED_20_200,SHORT,2026-06-30T02:55,1591.89,2026-06-30T03:20,1596.77,5,0.42,220.36,-0.67,-0.31,219.68,Signal Flip
3846,EMA_CONFIRMED_20_200,SHORT,2026-06-30T03:25,1590.13,2026-06-30T04:35,1591.34,14,1.17,219.68,-0.17,-0.08,219.51,Signal Flip
3847,EMA_CONFIRMED_20_200,SHORT,2026-06-30T04:55,1586.77,2026-06-30T05:05,1590.73,2,0.17,219.51,-0.55,-0.25,218.97,Signal Flip
3848,EMA_CONFIRMED_20_200,SHORT,2026-06-30T05:20,1586.36,2026-06-30T05:25,1589.7,1,0.08,218.97,-0.46,-0.21,218.5,Signal Flip
3849,EMA_CONFIRMED_20_200,SHORT,2026-06-30T05:30,1585.0,2026-06-30T05:40,1589.22,2,0.17,218.5,-0.58,-0.27,217.92,Signal Flip
3850,EMA_CONFIRMED_20_200,SHORT,2026-06-30T07:10,1590.9,2026-06-30T07:15,1592.74,1,0.08,217.92,-0.25,-0.12,217.67,Signal Flip
3851,EMA_CONFIRMED_20_200,SHORT,2026-06-30T07:20,1590.49,2026-06-30T07:35,1593.74,3,0.25,217.67,-0.44,-0.2,217.23,Signal Flip
3852,EMA_CONFIRMED_20_200,SHORT,2026-06-30T07:45,1590.95,2026-06-30T07:50,1594.21,1,0.08,217.23,-0.44,-0.2,216.78,Signal Flip
3853,EMA_CONFIRMED_20_200,SHORT,2026-06-30T08:10,1590.26,2026-06-30T09:55,1586.49,21,1.75,216.78,0.51,0.24,217.3,Signal Flip
3854,EMA_CONFIRMED_20_200,SHORT,2026-06-30T10:00,1584.56,2026-06-30T10:50,1585.64,10,0.83,217.3,-0.15,-0.07,217.15,Signal Flip
3855,EMA_CONFIRMED_20_200,SHORT,2026-06-30T11:00,1583.73,2026-06-30T11:05,1586.34,1,0.08,217.15,-0.36,-0.17,216.79,Signal Flip
3856,EMA_CONFIRMED_20_200,SHORT,2026-06-30T11:15,1583.87,2026-06-30T13:55,1563.81,32,2.67,216.79,2.75,1.27,219.53,Signal Flip
3857,EMA_CONFIRMED_20_200,SHORT,2026-06-30T14:40,1565.71,2026-06-30T14:45,1573.41,1,0.08,219.53,-1.08,-0.49,218.45,Signal Flip
3858,EMA_CONFIRMED_20_200,SHORT,2026-06-30T14:50,1564.22,2026-06-30T15:25,1567.41,7,0.58,218.45,-0.45,-0.2,218.01,Signal Flip
3859,EMA_CONFIRMED_20_200,SHORT,2026-06-30T15:40,1563.41,2026-06-30T15:45,1566.64,1,0.08,218.01,-0.45,-0.21,217.56,Signal Flip
3860,EMA_CONFIRMED_20_200,SHORT,2026-06-30T16:00,1564.41,2026-06-30T16:05,1568.47,1,0.08,217.56,-0.57,-0.26,216.99,Signal Flip
3861,EMA_CONFIRMED_20_200,SHORT,2026-06-30T16:15,1565.84,2026-06-30T16:20,1568.01,1,0.08,216.99,-0.3,-0.14,216.69,Signal Flip
3862,EMA_CONFIRMED_20_200,SHORT,2026-06-30T16:25,1563.41,2026-06-30T16:40,1571.0,3,0.25,216.69,-1.05,-0.49,215.64,Signal Flip
3863,EMA_CONFIRMED_20_200,SHORT,2026-06-30T16:45,1565.77,2026-06-30T16:50,1571.19,1,0.08,215.64,-0.75,-0.35,214.89,Signal Flip
3864,EMA_CONFIRMED_20_200,SHORT,2026-06-30T17:50,1568.22,2026-06-30T17:55,1571.82,1,0.08,214.89,-0.49,-0.23,214.4,Signal Flip
3865,EMA_CONFIRMED_20_200,LONG,2026-06-30T20:15,1582.36,2026-06-30T20:20,1577.91,1,0.08,214.4,-0.6,-0.28,213.8,Signal Flip
3866,EMA_CONFIRMED_20_200,SHORT,2026-06-30T20:25,1576.12,2026-06-30T22:05,1574.61,20,1.67,213.8,0.21,0.1,214.0,Signal Flip
3867,EMA_CONFIRMED_20_200,SHORT,2026-06-30T22:10,1572.25,2026-06-30T22:20,1575.44,2,0.17,214.0,-0.43,-0.2,213.57,Signal Flip
3868,EMA_CONFIRMED_20_200,SHORT,2026-06-30T22:25,1571.75,2026-06-30T23:35,1572.24,14,1.17,213.57,-0.07,-0.03,213.5,Signal Flip
3869,EMA_CONFIRMED_20_200,SHORT,2026-06-30T23:40,1569.22,2026-06-30T23:45,1571.66,1,0.08,213.5,-0.33,-0.16,213.17,Signal Flip
