trade_id,strategy,direction,entry_time,entry_price,exit_time,exit_price,duration_bars,duration_hours,invested_usd,realized_pnl_usd,realized_pnl_pct,portfolio_after,exit_reason
1,EMA_CONFIRMED_209_223,LONG,2026-01-01T16:40,2985.67,2026-01-01T16:45,2980.29,1,0.08,10000.0,-18.03,-0.18,9981.97,Signal Flip
2,EMA_CONFIRMED_209_223,LONG,2026-01-01T16:50,2984.37,2026-01-01T16:55,2979.59,1,0.08,9981.97,-15.99,-0.16,9965.98,Signal Flip
3,EMA_CONFIRMED_209_223,LONG,2026-01-01T17:00,2983.77,2026-01-03T06:45,3101.33,453,37.75,9965.98,392.65,3.94,10358.63,Signal Flip
4,EMA_CONFIRMED_209_223,LONG,2026-01-03T09:35,3110.13,2026-01-03T09:55,3101.04,4,0.33,10358.63,-30.29,-0.29,10328.33,Signal Flip
5,EMA_CONFIRMED_209_223,LONG,2026-01-03T10:40,3106.77,2026-01-03T10:50,3099.68,2,0.17,10328.33,-23.58,-0.23,10304.75,Signal Flip
6,EMA_CONFIRMED_209_223,LONG,2026-01-03T12:50,3105.25,2026-01-03T13:15,3099.52,5,0.42,10304.75,-19.02,-0.18,10285.73,Signal Flip
7,EMA_CONFIRMED_209_223,LONG,2026-01-03T13:20,3106.31,2026-01-03T15:10,3100.23,22,1.83,10285.73,-20.14,-0.2,10265.58,Signal Flip
8,EMA_CONFIRMED_209_223,LONG,2026-01-03T15:25,3105.25,2026-01-03T16:00,3099.77,7,0.58,10265.58,-18.12,-0.18,10247.46,Signal Flip
9,EMA_CONFIRMED_209_223,LONG,2026-01-03T16:05,3105.15,2026-01-03T16:10,3100.45,1,0.08,10247.46,-15.52,-0.15,10231.94,Signal Flip
10,EMA_CONFIRMED_209_223,LONG,2026-01-03T16:15,3104.71,2026-01-03T16:25,3099.9,2,0.17,10231.94,-15.86,-0.16,10216.08,Signal Flip
11,EMA_CONFIRMED_209_223,LONG,2026-01-03T16:30,3104.97,2026-01-04T08:05,3127.72,187,15.58,10216.08,74.83,0.73,10290.91,Signal Flip
12,EMA_CONFIRMED_209_223,LONG,2026-01-04T08:10,3135.33,2026-01-04T12:45,3132.66,55,4.58,10290.91,-8.74,-0.08,10282.17,Signal Flip
13,EMA_CONFIRMED_209_223,LONG,2026-01-04T12:50,3138.37,2026-01-04T13:20,3133.05,6,0.5,10282.17,-17.42,-0.17,10264.75,Signal Flip
14,EMA_CONFIRMED_209_223,LONG,2026-01-04T13:25,3137.85,2026-01-04T14:35,3131.16,14,1.17,10264.75,-21.87,-0.21,10242.89,Signal Flip
15,EMA_CONFIRMED_209_223,LONG,2026-01-04T14:55,3139.84,2026-01-04T15:25,3134.62,6,0.5,10242.89,-17.02,-0.17,10225.87,Signal Flip
16,EMA_CONFIRMED_209_223,LONG,2026-01-04T15:30,3138.19,2026-01-04T15:35,3134.33,1,0.08,10225.87,-12.57,-0.12,10213.3,Signal Flip
17,EMA_CONFIRMED_209_223,LONG,2026-01-04T16:05,3138.48,2026-01-04T16:10,3133.3,1,0.08,10213.3,-16.84,-0.16,10196.46,Signal Flip
18,EMA_CONFIRMED_209_223,LONG,2026-01-04T16:35,3140.58,2026-01-04T18:05,3133.42,18,1.5,10196.46,-23.24,-0.23,10173.22,Signal Flip
19,EMA_CONFIRMED_209_223,LONG,2026-01-04T20:10,3137.18,2026-01-05T05:45,3154.64,115,9.58,10173.22,56.63,0.56,10229.85,Signal Flip
20,EMA_CONFIRMED_209_223,LONG,2026-01-05T06:45,3158.08,2026-01-05T06:50,3154.6,1,0.08,10229.85,-11.26,-0.11,10218.59,Signal Flip
21,EMA_CONFIRMED_209_223,LONG,2026-01-05T06:55,3158.05,2026-01-05T07:10,3153.97,3,0.25,10218.59,-13.19,-0.13,10205.4,Signal Flip
22,EMA_CONFIRMED_209_223,LONG,2026-01-05T07:15,3163.16,2026-01-05T09:10,3155.82,23,1.92,10205.4,-23.68,-0.23,10181.72,Signal Flip
23,EMA_CONFIRMED_209_223,LONG,2026-01-05T09:20,3162.1,2026-01-05T13:20,3160.25,48,4.0,10181.72,-5.96,-0.06,10175.76,Signal Flip
24,EMA_CONFIRMED_209_223,LONG,2026-01-05T14:45,3171.05,2026-01-05T14:50,3156.14,1,0.08,10175.76,-47.86,-0.47,10127.91,Signal Flip
25,EMA_CONFIRMED_209_223,LONG,2026-01-05T14:55,3170.28,2026-01-05T15:10,3158.41,3,0.25,10127.91,-37.93,-0.37,10089.97,Signal Flip
26,EMA_CONFIRMED_209_223,LONG,2026-01-05T15:15,3164.13,2026-01-05T15:25,3158.77,2,0.17,10089.97,-17.1,-0.17,10072.87,Signal Flip
27,EMA_CONFIRMED_209_223,LONG,2026-01-05T15:30,3166.37,2026-01-05T17:25,3163.58,23,1.92,10072.87,-8.89,-0.09,10063.98,Signal Flip
28,EMA_CONFIRMED_209_223,LONG,2026-01-05T17:30,3168.09,2026-01-06T07:40,3211.29,170,14.17,10063.98,137.23,1.36,10201.22,Signal Flip
29,EMA_CONFIRMED_209_223,LONG,2026-01-06T07:45,3220.43,2026-01-06T17:50,3213.79,121,10.08,10201.22,-21.02,-0.21,10180.19,Signal Flip
30,EMA_CONFIRMED_209_223,LONG,2026-01-06T20:10,3236.31,2026-01-07T01:20,3249.25,62,5.17,10180.19,40.73,0.4,10220.92,Signal Flip
31,EMA_CONFIRMED_209_223,LONG,2026-01-07T01:25,3259.92,2026-01-07T01:35,3249.37,2,0.17,10220.92,-33.06,-0.32,10187.86,Signal Flip
32,EMA_CONFIRMED_209_223,LONG,2026-01-07T02:15,3254.25,2026-01-07T02:20,3245.58,1,0.08,10187.86,-27.14,-0.27,10160.72,Signal Flip
33,EMA_CONFIRMED_209_223,LONG,2026-01-07T02:35,3254.91,2026-01-07T04:40,3253.34,25,2.08,10160.72,-4.88,-0.05,10155.83,Signal Flip
34,EMA_CONFIRMED_209_223,LONG,2026-01-07T04:45,3264.17,2026-01-07T05:05,3251.8,4,0.33,10155.83,-38.48,-0.38,10117.35,Signal Flip
35,EMA_CONFIRMED_209_223,LONG,2026-01-07T05:15,3257.63,2026-01-07T05:30,3251.95,3,0.25,10117.35,-17.62,-0.17,10099.73,Signal Flip
36,EMA_CONFIRMED_209_223,LONG,2026-01-07T05:35,3262.65,2026-01-07T05:50,3248.7,3,0.25,10099.73,-43.17,-0.43,10056.56,Signal Flip
37,EMA_CONFIRMED_209_223,LONG,2026-01-07T06:25,3259.06,2026-01-07T06:35,3253.02,2,0.17,10056.56,-18.63,-0.19,10037.93,Signal Flip
38,EMA_CONFIRMED_209_223,LONG,2026-01-07T07:05,3257.53,2026-01-07T07:50,3253.06,9,0.75,10037.93,-13.76,-0.14,10024.17,Signal Flip
39,EMA_CONFIRMED_209_223,LONG,2026-01-07T08:00,3256.94,2026-01-07T08:40,3253.53,8,0.67,10024.17,-10.48,-0.1,10013.69,Signal Flip
40,EMA_CONFIRMED_209_223,LONG,2026-01-07T08:55,3258.97,2026-01-07T09:00,3252.82,1,0.08,10013.69,-18.88,-0.19,9994.81,Signal Flip
41,EMA_CONFIRMED_209_223,SHORT,2026-01-07T11:55,3218.33,2026-01-08T02:15,3182.95,172,14.33,9994.81,109.87,1.1,10104.68,Signal Flip
42,EMA_CONFIRMED_209_223,SHORT,2026-01-08T02:20,3175.97,2026-01-08T17:05,3126.97,177,14.75,10104.68,155.89,1.54,10260.58,Signal Flip
43,EMA_CONFIRMED_209_223,SHORT,2026-01-08T17:20,3118.21,2026-01-08T17:50,3127.12,6,0.5,10260.58,-29.33,-0.29,10231.25,Signal Flip
44,EMA_CONFIRMED_209_223,SHORT,2026-01-08T18:25,3121.11,2026-01-08T18:30,3127.21,1,0.08,10231.25,-20.01,-0.2,10211.24,Signal Flip
45,EMA_CONFIRMED_209_223,SHORT,2026-01-08T18:40,3121.99,2026-01-08T19:10,3126.94,6,0.5,10211.24,-16.2,-0.16,10195.03,Signal Flip
46,EMA_CONFIRMED_209_223,SHORT,2026-01-08T19:20,3114.74,2026-01-08T19:35,3126.92,3,0.25,10195.03,-39.87,-0.39,10155.16,Signal Flip
47,EMA_CONFIRMED_209_223,SHORT,2026-01-08T19:45,3114.69,2026-01-08T22:05,3122.69,28,2.33,10155.16,-26.08,-0.26,10129.09,Signal Flip
48,EMA_CONFIRMED_209_223,SHORT,2026-01-08T22:10,3117.41,2026-01-08T22:15,3128.0,1,0.08,10129.09,-34.42,-0.34,10094.67,Signal Flip
49,EMA_CONFIRMED_209_223,SHORT,2026-01-08T22:35,3115.49,2026-01-08T23:10,3122.4,7,0.58,10094.67,-22.39,-0.22,10072.28,Signal Flip
50,EMA_CONFIRMED_209_223,SHORT,2026-01-08T23:15,3116.89,2026-01-08T23:20,3122.7,1,0.08,10072.28,-18.77,-0.19,10053.51,Signal Flip
51,EMA_CONFIRMED_209_223,SHORT,2026-01-08T23:25,3117.65,2026-01-09T01:30,3140.95,25,2.08,10053.51,-75.13,-0.75,9978.37,Signal Flip
52,EMA_CONFIRMED_209_223,SHORT,2026-01-09T01:35,3107.31,2026-01-09T02:10,3123.62,7,0.58,9978.37,-52.39,-0.53,9925.98,Signal Flip
53,EMA_CONFIRMED_209_223,SHORT,2026-01-09T02:35,3114.51,2026-01-09T03:50,3120.24,15,1.25,9925.98,-18.25,-0.18,9907.73,Signal Flip
54,EMA_CONFIRMED_209_223,SHORT,2026-01-09T04:15,3115.3,2026-01-09T04:20,3120.73,1,0.08,9907.73,-17.26,-0.17,9890.46,Signal Flip
55,EMA_CONFIRMED_209_223,SHORT,2026-01-09T04:35,3115.31,2026-01-09T05:05,3121.97,6,0.5,9890.46,-21.14,-0.21,9869.32,Signal Flip
56,EMA_CONFIRMED_209_223,SHORT,2026-01-09T05:20,3113.8,2026-01-09T05:30,3119.39,2,0.17,9869.32,-17.71,-0.18,9851.62,Signal Flip
57,EMA_CONFIRMED_209_223,SHORT,2026-01-09T05:35,3114.51,2026-01-09T06:00,3120.07,5,0.42,9851.62,-17.58,-0.18,9834.04,Signal Flip
58,EMA_CONFIRMED_209_223,SHORT,2026-01-09T07:35,3113.45,2026-01-09T15:25,3110.64,94,7.83,9834.04,8.87,0.09,9842.91,Signal Flip
59,EMA_CONFIRMED_209_223,SHORT,2026-01-09T17:45,3105.38,2026-01-09T17:50,3119.35,1,0.08,9842.91,-44.29,-0.45,9798.62,Signal Flip
60,EMA_CONFIRMED_209_223,SHORT,2026-01-09T18:20,3096.32,2026-01-10T07:15,3093.81,155,12.92,9798.62,7.96,0.08,9806.58,Signal Flip
61,EMA_CONFIRMED_209_223,SHORT,2026-01-10T07:20,3089.11,2026-01-10T07:25,3093.01,1,0.08,9806.58,-12.35,-0.13,9794.23,Signal Flip
62,EMA_CONFIRMED_209_223,SHORT,2026-01-10T07:45,3088.77,2026-01-10T07:50,3092.8,1,0.08,9794.23,-12.75,-0.13,9781.48,Signal Flip
63,EMA_CONFIRMED_209_223,SHORT,2026-01-10T08:10,3088.34,2026-01-10T09:25,3093.19,15,1.25,9781.48,-15.36,-0.16,9766.11,Signal Flip
64,EMA_CONFIRMED_209_223,SHORT,2026-01-10T14:35,3089.82,2026-01-10T15:05,3096.19,6,0.5,9766.11,-20.11,-0.21,9746.0,Signal Flip
65,EMA_CONFIRMED_209_223,SHORT,2026-01-10T15:30,3091.69,2026-01-10T15:35,3096.34,1,0.08,9746.0,-14.64,-0.15,9731.36,Signal Flip
66,EMA_CONFIRMED_209_223,SHORT,2026-01-10T16:20,3090.94,2026-01-10T16:25,3095.8,1,0.08,9731.36,-15.28,-0.16,9716.08,Signal Flip
67,EMA_CONFIRMED_209_223,SHORT,2026-01-10T17:55,3092.45,2026-01-10T18:30,3095.58,7,0.58,9716.08,-9.82,-0.1,9706.27,Signal Flip
68,EMA_CONFIRMED_209_223,SHORT,2026-01-10T18:35,3091.98,2026-01-11T00:25,3092.7,70,5.83,9706.27,-2.24,-0.02,9704.03,Signal Flip
69,EMA_CONFIRMED_209_223,SHORT,2026-01-11T00:35,3088.49,2026-01-11T00:55,3093.81,4,0.33,9704.03,-16.69,-0.17,9687.34,Signal Flip
70,EMA_CONFIRMED_209_223,SHORT,2026-01-11T01:25,3088.1,2026-01-11T01:30,3093.58,1,0.08,9687.34,-17.19,-0.18,9670.15,Signal Flip
71,EMA_CONFIRMED_209_223,SHORT,2026-01-11T01:35,3089.39,2026-01-11T01:45,3094.1,2,0.17,9670.15,-14.72,-0.15,9655.43,Signal Flip
72,EMA_CONFIRMED_209_223,LONG,2026-01-11T05:55,3100.27,2026-01-11T06:20,3091.48,5,0.42,9655.43,-27.36,-0.28,9628.07,Signal Flip
73,EMA_CONFIRMED_209_223,LONG,2026-01-11T06:30,3095.46,2026-01-11T06:35,3091.3,1,0.08,9628.07,-12.92,-0.13,9615.15,Signal Flip
74,EMA_CONFIRMED_209_223,LONG,2026-01-11T06:45,3095.46,2026-01-11T20:20,3103.41,163,13.58,9615.15,24.7,0.26,9639.85,Signal Flip
75,EMA_CONFIRMED_209_223,LONG,2026-01-11T20:55,3116.32,2026-01-11T21:05,3107.57,2,0.17,9639.85,-27.07,-0.28,9612.78,Signal Flip
76,EMA_CONFIRMED_209_223,LONG,2026-01-11T21:15,3113.79,2026-01-11T22:05,3110.34,10,0.83,9612.78,-10.63,-0.11,9602.15,Signal Flip
77,EMA_CONFIRMED_209_223,LONG,2026-01-11T22:25,3117.78,2026-01-11T22:55,3109.1,6,0.5,9602.15,-26.71,-0.28,9575.44,Signal Flip
78,EMA_CONFIRMED_209_223,LONG,2026-01-11T23:20,3126.11,2026-01-11T23:40,3109.73,4,0.33,9575.44,-50.17,-0.52,9525.27,Signal Flip
79,EMA_CONFIRMED_209_223,LONG,2026-01-11T23:45,3122.46,2026-01-12T00:10,3108.92,5,0.42,9525.27,-41.29,-0.43,9483.98,Signal Flip
80,EMA_CONFIRMED_209_223,LONG,2026-01-12T00:15,3117.19,2026-01-12T00:40,3107.99,5,0.42,9483.98,-28.0,-0.3,9455.98,Signal Flip
81,EMA_CONFIRMED_209_223,LONG,2026-01-12T01:00,3121.46,2026-01-12T07:55,3132.68,83,6.92,9455.98,34.0,0.36,9489.98,Signal Flip
82,EMA_CONFIRMED_209_223,LONG,2026-01-12T08:00,3136.9,2026-01-12T08:05,3132.2,1,0.08,9489.98,-14.2,-0.15,9475.78,Signal Flip
83,EMA_CONFIRMED_209_223,LONG,2026-01-12T08:10,3142.99,2026-01-12T08:35,3124.04,5,0.42,9475.78,-57.14,-0.6,9418.63,Signal Flip
84,EMA_CONFIRMED_209_223,SHORT,2026-01-12T15:00,3103.82,2026-01-12T15:40,3124.08,8,0.67,9418.63,-61.49,-0.65,9357.14,Signal Flip
85,EMA_CONFIRMED_209_223,LONG,2026-01-12T16:35,3133.96,2026-01-12T17:25,3118.94,10,0.83,9357.14,-44.84,-0.48,9312.31,Signal Flip
86,EMA_CONFIRMED_209_223,SHORT,2026-01-12T17:40,3094.82,2026-01-12T19:55,3122.62,27,2.25,9312.31,-83.65,-0.9,9228.66,Signal Flip
87,EMA_CONFIRMED_209_223,SHORT,2026-01-12T20:20,3114.09,2026-01-13T01:10,3113.52,58,4.83,9228.66,1.71,0.02,9230.37,Signal Flip
88,EMA_CONFIRMED_209_223,SHORT,2026-01-13T01:15,3108.8,2026-01-13T03:25,3117.72,26,2.17,9230.37,-26.46,-0.29,9203.9,Signal Flip
89,EMA_CONFIRMED_209_223,LONG,2026-01-13T07:10,3132.93,2026-01-14T11:20,3291.42,338,28.17,9203.9,465.63,5.06,9669.54,Signal Flip
90,EMA_CONFIRMED_209_223,LONG,2026-01-14T11:25,3299.05,2026-01-14T11:45,3288.35,4,0.33,9669.54,-31.37,-0.32,9638.17,Signal Flip
91,EMA_CONFIRMED_209_223,LONG,2026-01-14T12:15,3297.96,2026-01-14T12:35,3291.26,4,0.33,9638.17,-19.56,-0.2,9618.6,Signal Flip
92,EMA_CONFIRMED_209_223,LONG,2026-01-14T12:40,3300.35,2026-01-14T13:05,3290.6,5,0.42,9618.6,-28.4,-0.3,9590.2,Signal Flip
93,EMA_CONFIRMED_209_223,LONG,2026-01-14T13:10,3296.12,2026-01-15T00:35,3332.38,137,11.42,9590.2,105.52,1.1,9695.72,Signal Flip
94,EMA_CONFIRMED_209_223,LONG,2026-01-15T01:05,3342.31,2026-01-15T01:10,3334.42,1,0.08,9695.72,-22.88,-0.24,9672.83,Signal Flip
95,EMA_CONFIRMED_209_223,LONG,2026-01-15T07:25,3329.77,2026-01-15T08:15,3323.02,10,0.83,9672.83,-19.63,-0.2,9653.2,Signal Flip
96,EMA_CONFIRMED_209_223,LONG,2026-01-15T08:25,3329.39,2026-01-15T08:30,3320.48,1,0.08,9653.2,-25.85,-0.27,9627.36,Signal Flip
97,EMA_CONFIRMED_209_223,LONG,2026-01-15T08:40,3327.77,2026-01-15T14:45,3332.68,73,6.08,9627.36,14.2,0.15,9641.56,Signal Flip
98,EMA_CONFIRMED_209_223,LONG,2026-01-15T14:50,3346.65,2026-01-15T15:00,3340.63,2,0.17,9641.56,-17.35,-0.18,9624.21,Signal Flip
99,EMA_CONFIRMED_209_223,LONG,2026-01-15T15:10,3356.49,2026-01-15T15:25,3335.03,3,0.25,9624.21,-61.52,-0.64,9562.69,Signal Flip
100,EMA_CONFIRMED_209_223,SHORT,2026-01-15T19:30,3287.01,2026-01-15T23:55,3321.37,53,4.42,9562.69,-99.97,-1.05,9462.71,Signal Flip
101,EMA_CONFIRMED_209_223,SHORT,2026-01-16T00:00,3317.04,2026-01-16T00:05,3323.3,1,0.08,9462.71,-17.86,-0.19,9444.85,Signal Flip
102,EMA_CONFIRMED_209_223,SHORT,2026-01-16T00:15,3316.06,2026-01-16T00:20,3322.23,1,0.08,9444.85,-17.57,-0.19,9427.28,Signal Flip
103,EMA_CONFIRMED_209_223,SHORT,2026-01-16T01:00,3315.55,2026-01-16T05:45,3312.93,57,4.75,9427.28,7.47,0.08,9434.75,Signal Flip
104,EMA_CONFIRMED_209_223,SHORT,2026-01-16T05:55,3307.59,2026-01-16T06:40,3313.58,9,0.75,9434.75,-17.09,-0.18,9417.66,Signal Flip
105,EMA_CONFIRMED_209_223,SHORT,2026-01-16T07:30,3306.05,2026-01-16T08:10,3314.95,8,0.67,9417.66,-25.35,-0.27,9392.31,Signal Flip
106,EMA_CONFIRMED_209_223,SHORT,2026-01-16T09:20,3308.16,2026-01-16T09:30,3313.61,2,0.17,9392.31,-15.48,-0.16,9376.83,Signal Flip
107,EMA_CONFIRMED_209_223,SHORT,2026-01-16T09:35,3308.04,2026-01-16T09:40,3313.17,1,0.08,9376.83,-14.54,-0.16,9362.29,Signal Flip
108,EMA_CONFIRMED_209_223,SHORT,2026-01-16T09:45,3309.23,2026-01-16T12:20,3311.8,31,2.58,9362.29,-7.24,-0.08,9355.04,Signal Flip
109,EMA_CONFIRMED_209_223,SHORT,2026-01-16T12:50,3306.66,2026-01-16T13:15,3311.52,5,0.42,9355.04,-13.78,-0.15,9341.27,Signal Flip
110,EMA_CONFIRMED_209_223,SHORT,2026-01-16T13:20,3304.67,2026-01-16T14:05,3312.19,9,0.75,9341.27,-21.25,-0.23,9320.02,Signal Flip
111,EMA_CONFIRMED_209_223,SHORT,2026-01-16T14:10,3303.84,2026-01-16T14:30,3316.56,4,0.33,9320.02,-35.88,-0.39,9284.13,Signal Flip
112,EMA_CONFIRMED_209_223,SHORT,2026-01-16T14:35,3303.77,2026-01-16T15:15,3310.1,8,0.67,9284.13,-17.81,-0.19,9266.33,Signal Flip
113,EMA_CONFIRMED_209_223,SHORT,2026-01-16T15:20,3283.9,2026-01-16T21:05,3297.28,69,5.75,9266.33,-37.76,-0.41,9228.57,Signal Flip
114,EMA_CONFIRMED_209_223,SHORT,2026-01-16T21:15,3288.85,2026-01-16T21:35,3297.25,4,0.33,9228.57,-23.55,-0.26,9205.02,Signal Flip
115,EMA_CONFIRMED_209_223,SHORT,2026-01-16T22:05,3291.08,2026-01-16T23:00,3295.75,11,0.92,9205.02,-13.04,-0.14,9191.97,Signal Flip
116,EMA_CONFIRMED_209_223,SHORT,2026-01-17T00:05,3291.78,2026-01-17T00:15,3295.51,2,0.17,9191.97,-10.4,-0.11,9181.58,Signal Flip
117,EMA_CONFIRMED_209_223,SHORT,2026-01-17T00:20,3291.79,2026-01-17T01:10,3295.34,10,0.83,9181.58,-9.88,-0.11,9171.69,Signal Flip
118,EMA_CONFIRMED_209_223,SHORT,2026-01-17T01:30,3291.06,2026-01-17T05:00,3293.79,42,3.5,9171.69,-7.59,-0.08,9164.11,Signal Flip
119,EMA_CONFIRMED_209_223,SHORT,2026-01-17T05:10,3290.07,2026-01-17T05:40,3293.9,6,0.5,9164.11,-10.65,-0.12,9153.46,Signal Flip
120,EMA_CONFIRMED_209_223,SHORT,2026-01-17T05:55,3290.15,2026-01-17T07:40,3293.42,21,1.75,9153.46,-9.07,-0.1,9144.39,Signal Flip
121,EMA_CONFIRMED_209_223,SHORT,2026-01-17T07:45,3289.8,2026-01-17T08:05,3294.88,4,0.33,9144.39,-14.1,-0.15,9130.29,Signal Flip
122,EMA_CONFIRMED_209_223,LONG,2026-01-17T13:45,3305.07,2026-01-17T22:30,3306.96,105,8.75,9130.29,5.2,0.06,9135.49,Signal Flip
123,EMA_CONFIRMED_209_223,LONG,2026-01-17T23:45,3310.98,2026-01-17T23:55,3306.21,2,0.17,9135.49,-13.18,-0.14,9122.31,Signal Flip
124,EMA_CONFIRMED_209_223,LONG,2026-01-18T00:00,3312.22,2026-01-18T00:05,3305.15,1,0.08,9122.31,-19.47,-0.21,9102.84,Signal Flip
125,EMA_CONFIRMED_209_223,LONG,2026-01-18T00:10,3314.3,2026-01-18T00:45,3305.25,7,0.58,9102.84,-24.86,-0.27,9077.98,Signal Flip
126,EMA_CONFIRMED_209_223,LONG,2026-01-18T03:20,3309.6,2026-01-18T07:15,3306.61,47,3.92,9077.98,-8.22,-0.09,9069.76,Signal Flip
127,EMA_CONFIRMED_209_223,LONG,2026-01-18T07:25,3312.57,2026-01-18T07:35,3305.74,2,0.17,9069.76,-18.7,-0.21,9051.06,Signal Flip
128,EMA_CONFIRMED_209_223,LONG,2026-01-18T08:30,3312.03,2026-01-18T23:05,3326.47,175,14.58,9051.06,39.46,0.44,9090.52,Signal Flip
129,EMA_CONFIRMED_209_223,LONG,2026-01-18T23:20,3337.62,2026-01-18T23:25,3323.09,1,0.08,9090.52,-39.58,-0.44,9050.95,Signal Flip
130,EMA_CONFIRMED_209_223,SHORT,2026-01-19T00:50,3218.39,2026-01-21T14:25,2977.15,739,61.58,9050.95,678.44,7.5,9729.38,Signal Flip
131,EMA_CONFIRMED_209_223,SHORT,2026-01-21T16:20,2976.5,2026-01-21T19:30,2985.59,38,3.17,9729.38,-29.72,-0.31,9699.67,Signal Flip
132,EMA_CONFIRMED_209_223,SHORT,2026-01-21T23:50,2972.07,2026-01-22T00:05,2993.32,3,0.25,9699.67,-69.33,-0.71,9630.34,Signal Flip
133,EMA_CONFIRMED_209_223,LONG,2026-01-22T02:05,3029.75,2026-01-22T08:00,2999.44,71,5.92,9630.34,-96.36,-1.0,9533.98,Signal Flip
134,EMA_CONFIRMED_209_223,LONG,2026-01-22T08:05,3008.64,2026-01-22T08:15,2994.55,2,0.17,9533.98,-44.65,-0.47,9489.33,Signal Flip
135,EMA_CONFIRMED_209_223,LONG,2026-01-22T08:55,3007.21,2026-01-22T10:40,3000.92,21,1.75,9489.33,-19.86,-0.21,9469.47,Signal Flip
136,EMA_CONFIRMED_209_223,SHORT,2026-01-22T14:30,2971.27,2026-01-23T01:40,2966.68,134,11.17,9469.47,14.63,0.15,9484.1,Signal Flip
137,EMA_CONFIRMED_209_223,SHORT,2026-01-23T01:45,2961.58,2026-01-23T01:50,2965.93,1,0.08,9484.1,-13.94,-0.15,9470.16,Signal Flip
138,EMA_CONFIRMED_209_223,SHORT,2026-01-23T02:05,2961.29,2026-01-23T02:10,2964.98,1,0.08,9470.16,-11.81,-0.12,9458.35,Signal Flip
139,EMA_CONFIRMED_209_223,SHORT,2026-01-23T02:25,2959.96,2026-01-23T03:25,2965.83,12,1.0,9458.35,-18.77,-0.2,9439.58,Signal Flip
140,EMA_CONFIRMED_209_223,SHORT,2026-01-23T03:35,2959.32,2026-01-23T03:50,2964.43,3,0.25,9439.58,-16.31,-0.17,9423.27,Signal Flip
141,EMA_CONFIRMED_209_223,SHORT,2026-01-23T06:25,2956.91,2026-01-23T15:50,2960.74,113,9.42,9423.27,-12.2,-0.13,9411.07,Signal Flip
142,EMA_CONFIRMED_209_223,SHORT,2026-01-23T19:35,2948.1,2026-01-23T19:45,2959.78,2,0.17,9411.07,-37.3,-0.4,9373.77,Signal Flip
143,EMA_CONFIRMED_209_223,SHORT,2026-01-23T19:50,2949.43,2026-01-23T20:00,2961.27,2,0.17,9373.77,-37.61,-0.4,9336.16,Signal Flip
144,EMA_CONFIRMED_209_223,SHORT,2026-01-23T20:25,2953.36,2026-01-23T22:10,2956.07,21,1.75,9336.16,-8.55,-0.09,9327.61,Signal Flip
145,EMA_CONFIRMED_209_223,SHORT,2026-01-23T22:15,2951.21,2026-01-23T22:25,2957.14,2,0.17,9327.61,-18.72,-0.2,9308.88,Signal Flip
146,EMA_CONFIRMED_209_223,SHORT,2026-01-23T23:20,2951.51,2026-01-23T23:25,2957.54,1,0.08,9308.88,-19.0,-0.2,9289.88,Signal Flip
147,EMA_CONFIRMED_209_223,SHORT,2026-01-23T23:45,2951.31,2026-01-23T23:55,2956.3,2,0.17,9289.88,-15.69,-0.17,9274.2,Signal Flip
148,EMA_CONFIRMED_209_223,SHORT,2026-01-24T00:15,2951.46,2026-01-24T00:20,2956.89,1,0.08,9274.2,-17.04,-0.18,9257.15,Signal Flip
149,EMA_CONFIRMED_209_223,SHORT,2026-01-24T00:25,2952.48,2026-01-24T00:35,2956.99,2,0.17,9257.15,-14.12,-0.15,9243.03,Signal Flip
150,EMA_CONFIRMED_209_223,SHORT,2026-01-24T00:40,2951.82,2026-01-24T01:15,2955.76,7,0.58,9243.03,-12.32,-0.13,9230.71,Signal Flip
151,EMA_CONFIRMED_209_223,SHORT,2026-01-24T01:50,2951.25,2026-01-24T01:55,2955.85,1,0.08,9230.71,-14.37,-0.16,9216.34,Signal Flip
152,EMA_CONFIRMED_209_223,LONG,2026-01-24T03:30,2971.76,2026-01-24T07:20,2954.43,46,3.83,9216.34,-53.72,-0.58,9162.62,Signal Flip
153,EMA_CONFIRMED_209_223,LONG,2026-01-24T07:35,2960.18,2026-01-24T07:40,2955.78,1,0.08,9162.62,-13.61,-0.15,9149.01,Signal Flip
154,EMA_CONFIRMED_209_223,LONG,2026-01-24T07:45,2960.47,2026-01-24T08:00,2955.86,3,0.25,9149.01,-14.24,-0.16,9134.76,Signal Flip
155,EMA_CONFIRMED_209_223,LONG,2026-01-24T08:15,2959.73,2026-01-24T14:00,2947.45,69,5.75,9134.76,-37.91,-0.42,9096.85,Signal Flip
156,EMA_CONFIRMED_209_223,LONG,2026-01-24T14:50,2960.82,2026-01-24T15:55,2956.42,13,1.08,9096.85,-13.51,-0.15,9083.34,Signal Flip
157,EMA_CONFIRMED_209_223,LONG,2026-01-24T16:10,2961.9,2026-01-24T16:15,2955.38,1,0.08,9083.34,-19.99,-0.22,9063.35,Signal Flip
158,EMA_CONFIRMED_209_223,LONG,2026-01-24T16:50,2961.18,2026-01-24T17:00,2957.43,2,0.17,9063.35,-11.48,-0.13,9051.87,Signal Flip
159,EMA_CONFIRMED_209_223,LONG,2026-01-24T17:15,2964.82,2026-01-24T19:15,2956.76,24,2.0,9051.87,-24.61,-0.27,9027.26,Signal Flip
160,EMA_CONFIRMED_209_223,LONG,2026-01-24T22:05,2960.53,2026-01-24T23:05,2956.54,12,1.0,9027.26,-12.16,-0.13,9015.1,Signal Flip
161,EMA_CONFIRMED_209_223,SHORT,2026-01-25T00:20,2953.88,2026-01-25T01:00,2960.34,8,0.67,9015.1,-19.71,-0.22,8995.39,Signal Flip
162,EMA_CONFIRMED_209_223,SHORT,2026-01-25T01:05,2956.8,2026-01-26T01:25,2877.39,292,24.33,8995.39,241.6,2.69,9236.99,Signal Flip
163,EMA_CONFIRMED_209_223,SHORT,2026-01-26T02:10,2867.12,2026-01-26T02:20,2872.39,2,0.17,9236.99,-16.98,-0.18,9220.01,Signal Flip
164,EMA_CONFIRMED_209_223,SHORT,2026-01-26T02:45,2866.7,2026-01-26T02:50,2872.67,1,0.08,9220.01,-19.2,-0.21,9200.81,Signal Flip
165,EMA_CONFIRMED_209_223,SHORT,2026-01-26T02:55,2864.33,2026-01-26T04:25,2872.89,18,1.5,9200.81,-27.49,-0.3,9173.32,Signal Flip
166,EMA_CONFIRMED_209_223,SHORT,2026-01-26T04:45,2862.03,2026-01-26T04:55,2871.14,2,0.17,9173.32,-29.22,-0.32,9144.1,Signal Flip
167,EMA_CONFIRMED_209_223,SHORT,2026-01-26T05:00,2864.54,2026-01-26T05:35,2870.59,7,0.58,9144.1,-19.34,-0.21,9124.76,Signal Flip
168,EMA_CONFIRMED_209_223,SHORT,2026-01-26T05:40,2864.54,2026-01-26T05:50,2870.5,2,0.17,9124.76,-19.01,-0.21,9105.75,Signal Flip
169,EMA_CONFIRMED_209_223,SHORT,2026-01-26T06:15,2866.38,2026-01-26T06:20,2872.27,1,0.08,9105.75,-18.71,-0.21,9087.04,Signal Flip
170,EMA_CONFIRMED_209_223,SHORT,2026-01-26T14:15,2884.4,2026-01-26T14:25,2888.48,2,0.17,9087.04,-12.87,-0.14,9074.17,Signal Flip
171,EMA_CONFIRMED_209_223,LONG,2026-01-26T14:45,2919.41,2026-01-26T17:35,2890.16,34,2.83,9074.17,-90.9,-1.0,8983.27,Signal Flip
172,EMA_CONFIRMED_209_223,LONG,2026-01-26T17:40,2907.18,2026-01-26T20:55,2899.86,39,3.25,8983.27,-22.63,-0.25,8960.64,Signal Flip
173,EMA_CONFIRMED_209_223,LONG,2026-01-26T21:15,2909.28,2026-01-27T08:30,2923.55,135,11.25,8960.64,43.93,0.49,9004.57,Signal Flip
174,EMA_CONFIRMED_209_223,LONG,2026-01-27T12:20,2922.56,2026-01-27T12:45,2918.52,5,0.42,9004.57,-12.45,-0.14,8992.12,Signal Flip
175,EMA_CONFIRMED_209_223,LONG,2026-01-27T14:15,2928.24,2026-01-27T14:40,2911.38,5,0.42,8992.12,-51.77,-0.58,8940.35,Signal Flip
176,EMA_CONFIRMED_209_223,LONG,2026-01-27T14:55,2923.3,2026-01-27T15:00,2917.19,1,0.08,8940.35,-18.69,-0.21,8921.66,Signal Flip
177,EMA_CONFIRMED_209_223,LONG,2026-01-27T15:05,2925.71,2026-01-27T15:30,2914.52,5,0.42,8921.66,-34.12,-0.38,8887.54,Signal Flip
178,EMA_CONFIRMED_209_223,LONG,2026-01-27T15:40,2922.9,2026-01-27T15:45,2918.03,1,0.08,8887.54,-14.81,-0.17,8872.73,Signal Flip
179,EMA_CONFIRMED_209_223,LONG,2026-01-27T15:50,2934.21,2026-01-27T17:45,2920.5,23,1.92,8872.73,-41.45,-0.47,8831.28,Signal Flip
180,EMA_CONFIRMED_209_223,LONG,2026-01-27T18:00,2931.76,2026-01-28T09:00,2989.18,180,15.0,8831.28,172.99,1.96,9004.28,Signal Flip
181,EMA_CONFIRMED_209_223,LONG,2026-01-28T09:10,2994.03,2026-01-28T09:15,2988.75,1,0.08,9004.28,-15.85,-0.18,8988.42,Signal Flip
182,EMA_CONFIRMED_209_223,LONG,2026-01-28T09:25,2994.44,2026-01-28T15:10,3003.7,69,5.75,8988.42,27.8,0.31,9016.22,Signal Flip
183,EMA_CONFIRMED_209_223,LONG,2026-01-28T15:45,3011.9,2026-01-28T15:50,3003.2,1,0.08,9016.22,-26.04,-0.29,8990.18,Signal Flip
184,EMA_CONFIRMED_209_223,LONG,2026-01-28T15:55,3013.61,2026-01-28T16:05,3000.96,2,0.17,8990.18,-37.73,-0.42,8952.45,Signal Flip
185,EMA_CONFIRMED_209_223,LONG,2026-01-28T16:30,3017.24,2026-01-28T16:35,3005.17,1,0.08,8952.45,-35.82,-0.4,8916.64,Signal Flip
186,EMA_CONFIRMED_209_223,LONG,2026-01-28T16:40,3010.17,2026-01-28T16:45,3000.02,1,0.08,8916.64,-30.08,-0.34,8886.56,Signal Flip
187,EMA_CONFIRMED_209_223,LONG,2026-01-28T17:40,3013.13,2026-01-28T19:35,3005.05,23,1.92,8886.56,-23.83,-0.27,8862.73,Signal Flip
188,EMA_CONFIRMED_209_223,LONG,2026-01-28T19:50,3015.05,2026-01-28T20:50,3007.85,12,1.0,8862.73,-21.17,-0.24,8841.56,Signal Flip
189,EMA_CONFIRMED_209_223,LONG,2026-01-28T20:55,3015.2,2026-01-28T21:05,3004.09,2,0.17,8841.56,-32.58,-0.37,8808.98,Signal Flip
190,EMA_CONFIRMED_209_223,LONG,2026-01-28T21:10,3015.04,2026-01-28T22:45,3009.1,19,1.58,8808.98,-17.33,-0.2,8791.65,Signal Flip
191,EMA_CONFIRMED_209_223,LONG,2026-01-28T22:50,3016.84,2026-01-28T23:35,3009.26,9,0.75,8791.65,-22.07,-0.25,8769.58,Signal Flip
192,EMA_CONFIRMED_209_223,LONG,2026-01-28T23:45,3015.1,2026-01-28T23:55,3009.16,2,0.17,8769.58,-17.25,-0.2,8752.33,Signal Flip
193,EMA_CONFIRMED_209_223,SHORT,2026-01-29T03:50,2949.47,2026-01-30T19:05,2752.09,471,39.25,8752.33,585.74,6.69,9338.07,Signal Flip
194,EMA_CONFIRMED_209_223,SHORT,2026-01-30T19:10,2739.97,2026-01-30T19:20,2753.52,2,0.17,9338.07,-46.17,-0.49,9291.9,Signal Flip
195,EMA_CONFIRMED_209_223,SHORT,2026-01-30T19:40,2744.85,2026-01-30T19:55,2750.4,3,0.25,9291.9,-18.81,-0.2,9273.08,Signal Flip
196,EMA_CONFIRMED_209_223,SHORT,2026-01-30T20:00,2741.02,2026-02-02T09:30,2281.49,738,61.5,9273.08,1554.62,16.76,10827.7,Signal Flip
197,EMA_CONFIRMED_209_223,SHORT,2026-02-02T09:35,2274.78,2026-02-02T09:40,2290.22,1,0.08,10827.7,-73.5,-0.68,10754.2,Signal Flip
198,EMA_CONFIRMED_209_223,SHORT,2026-02-02T10:40,2274.42,2026-02-02T10:55,2281.7,3,0.25,10754.2,-34.41,-0.32,10719.79,Signal Flip
199,EMA_CONFIRMED_209_223,SHORT,2026-02-02T11:00,2276.66,2026-02-02T11:15,2283.67,3,0.25,10719.79,-33.01,-0.31,10686.78,Signal Flip
200,EMA_CONFIRMED_209_223,LONG,2026-02-02T18:30,2337.81,2026-02-02T20:35,2317.12,25,2.08,10686.78,-94.57,-0.88,10592.21,Signal Flip
201,EMA_CONFIRMED_209_223,LONG,2026-02-02T21:00,2323.23,2026-02-03T02:15,2327.89,63,5.25,10592.21,21.22,0.2,10613.43,Signal Flip
202,EMA_CONFIRMED_209_223,LONG,2026-02-03T02:20,2335.62,2026-02-03T02:30,2329.2,2,0.17,10613.43,-29.14,-0.27,10584.29,Signal Flip
203,EMA_CONFIRMED_209_223,LONG,2026-02-03T04:00,2345.16,2026-02-03T05:15,2325.42,15,1.25,10584.29,-89.12,-0.84,10495.18,Signal Flip
204,EMA_CONFIRMED_209_223,LONG,2026-02-03T07:35,2331.15,2026-02-03T07:50,2325.76,3,0.25,10495.18,-24.3,-0.23,10470.87,Signal Flip
205,EMA_CONFIRMED_209_223,LONG,2026-02-03T08:45,2330.42,2026-02-03T08:50,2323.94,1,0.08,10470.87,-29.15,-0.28,10441.73,Signal Flip
206,EMA_CONFIRMED_209_223,SHORT,2026-02-03T09:35,2284.54,2026-02-03T14:00,2313.38,53,4.42,10441.73,-131.81,-1.26,10309.91,Signal Flip
207,EMA_CONFIRMED_209_223,SHORT,2026-02-03T14:05,2310.46,2026-02-03T14:15,2313.35,2,0.17,10309.91,-12.86,-0.12,10297.05,Signal Flip
208,EMA_CONFIRMED_209_223,SHORT,2026-02-03T14:20,2299.88,2026-02-03T20:35,2296.45,75,6.25,10297.05,15.37,0.15,10312.42,Signal Flip
209,EMA_CONFIRMED_209_223,SHORT,2026-02-03T22:10,2259.07,2026-02-04T01:05,2266.97,35,2.92,10312.42,-36.08,-0.35,10276.34,Signal Flip
210,EMA_CONFIRMED_209_223,SHORT,2026-02-04T01:50,2261.74,2026-02-04T01:55,2268.89,1,0.08,10276.34,-32.51,-0.32,10243.83,Signal Flip
211,EMA_CONFIRMED_209_223,SHORT,2026-02-04T02:30,2259.81,2026-02-04T03:10,2265.91,8,0.67,10243.83,-27.66,-0.27,10216.17,Signal Flip
212,EMA_CONFIRMED_209_223,SHORT,2026-02-04T05:45,2262.9,2026-02-04T06:10,2276.38,5,0.42,10216.17,-60.86,-0.6,10155.31,Signal Flip
213,EMA_CONFIRMED_209_223,SHORT,2026-02-04T06:25,2264.22,2026-02-04T06:30,2271.26,1,0.08,10155.31,-31.57,-0.31,10123.75,Signal Flip
214,EMA_CONFIRMED_209_223,SHORT,2026-02-04T07:10,2264.74,2026-02-04T07:15,2283.46,1,0.08,10123.75,-83.7,-0.83,10040.05,Signal Flip
215,EMA_CONFIRMED_209_223,SHORT,2026-02-04T09:20,2263.8,2026-02-05T09:10,2140.99,286,23.83,10040.05,544.66,5.42,10584.7,Signal Flip
216,EMA_CONFIRMED_209_223,SHORT,2026-02-05T09:25,2136.35,2026-02-05T10:20,2138.75,11,0.92,10584.7,-11.88,-0.11,10572.83,Signal Flip
217,EMA_CONFIRMED_209_223,SHORT,2026-02-05T10:35,2132.54,2026-02-06T05:50,1941.91,231,19.25,10572.83,945.13,8.94,11517.95,Signal Flip
218,EMA_CONFIRMED_209_223,SHORT,2026-02-06T06:20,1938.31,2026-02-06T06:25,1944.9,1,0.08,11517.95,-39.17,-0.34,11478.78,Signal Flip
219,EMA_CONFIRMED_209_223,SHORT,2026-02-06T06:30,1939.71,2026-02-06T10:35,1928.53,49,4.08,11478.78,66.14,0.58,11544.92,Signal Flip
220,EMA_CONFIRMED_209_223,SHORT,2026-02-06T10:40,1925.25,2026-02-06T11:15,1930.41,7,0.58,11544.92,-30.99,-0.27,11513.93,Signal Flip
221,EMA_CONFIRMED_209_223,SHORT,2026-02-06T11:20,1924.47,2026-02-06T11:25,1930.27,1,0.08,11513.93,-34.75,-0.3,11479.19,Signal Flip
222,EMA_CONFIRMED_209_223,SHORT,2026-02-06T11:50,1924.81,2026-02-06T11:55,1932.86,1,0.08,11479.19,-48.0,-0.42,11431.18,Signal Flip
223,EMA_CONFIRMED_209_223,SHORT,2026-02-06T12:05,1926.13,2026-02-06T13:05,1934.46,12,1.0,11431.18,-49.44,-0.43,11381.75,Signal Flip
224,EMA_CONFIRMED_209_223,LONG,2026-02-06T18:00,2068.04,2026-02-07T07:05,2042.12,157,13.08,11381.75,-142.68,-1.25,11239.06,Signal Flip
225,EMA_CONFIRMED_209_223,LONG,2026-02-07T12:05,2033.5,2026-02-07T13:40,2027.42,19,1.58,11239.06,-33.61,-0.3,11205.46,Signal Flip
226,EMA_CONFIRMED_209_223,LONG,2026-02-07T13:50,2039.21,2026-02-07T14:40,2025.5,10,0.83,11205.46,-75.35,-0.67,11130.11,Signal Flip
227,EMA_CONFIRMED_209_223,LONG,2026-02-07T15:10,2037.47,2026-02-08T04:15,2072.53,157,13.08,11130.11,191.55,1.72,11321.66,Signal Flip
228,EMA_CONFIRMED_209_223,LONG,2026-02-08T04:20,2076.57,2026-02-08T07:10,2069.96,34,2.83,11321.66,-36.0,-0.32,11285.66,Signal Flip
229,EMA_CONFIRMED_209_223,LONG,2026-02-08T07:35,2081.03,2026-02-08T16:45,2095.15,110,9.17,11285.66,76.58,0.68,11362.24,Signal Flip
230,EMA_CONFIRMED_209_223,LONG,2026-02-08T18:35,2116.76,2026-02-08T20:55,2101.38,28,2.33,11362.24,-82.55,-0.73,11279.69,Signal Flip
231,EMA_CONFIRMED_209_223,LONG,2026-02-08T21:00,2105.63,2026-02-08T21:35,2102.35,7,0.58,11279.69,-17.59,-0.16,11262.1,Signal Flip
232,EMA_CONFIRMED_209_223,LONG,2026-02-08T22:20,2105.34,2026-02-08T22:30,2099.6,2,0.17,11262.1,-30.72,-0.27,11231.38,Signal Flip
233,EMA_CONFIRMED_209_223,LONG,2026-02-08T23:00,2109.5,2026-02-08T23:25,2081.36,5,0.42,11231.38,-149.85,-1.33,11081.53,Signal Flip
234,EMA_CONFIRMED_209_223,LONG,2026-02-09T03:55,2100.72,2026-02-09T04:10,2092.96,3,0.25,11081.53,-40.92,-0.37,11040.61,Signal Flip
235,EMA_CONFIRMED_209_223,LONG,2026-02-09T04:20,2097.21,2026-02-09T04:35,2091.05,3,0.25,11040.61,-32.4,-0.29,11008.21,Signal Flip
236,EMA_CONFIRMED_209_223,LONG,2026-02-09T05:55,2095.98,2026-02-09T06:05,2086.33,2,0.17,11008.21,-50.69,-0.46,10957.52,Signal Flip
237,EMA_CONFIRMED_209_223,SHORT,2026-02-09T06:25,2073.05,2026-02-09T15:05,2064.79,104,8.67,10957.52,43.67,0.4,11001.19,Signal Flip
238,EMA_CONFIRMED_209_223,SHORT,2026-02-09T15:15,2055.29,2026-02-09T15:45,2062.49,6,0.5,11001.19,-38.53,-0.35,10962.66,Signal Flip
239,EMA_CONFIRMED_209_223,SHORT,2026-02-09T15:50,2057.56,2026-02-09T15:55,2063.86,1,0.08,10962.66,-33.57,-0.31,10929.09,Signal Flip
240,EMA_CONFIRMED_209_223,SHORT,2026-02-09T16:05,2056.99,2026-02-09T16:30,2061.72,5,0.42,10929.09,-25.13,-0.23,10903.96,Signal Flip
241,EMA_CONFIRMED_209_223,SHORT,2026-02-09T16:35,2053.25,2026-02-09T16:45,2082.1,2,0.17,10903.96,-153.2,-1.4,10750.76,Signal Flip
242,EMA_CONFIRMED_209_223,LONG,2026-02-09T19:40,2133.39,2026-02-10T03:20,2078.12,92,7.67,10750.76,-278.5,-2.59,10472.26,Signal Flip
243,EMA_CONFIRMED_209_223,SHORT,2026-02-10T06:35,2040.7,2026-02-10T17:35,2040.02,132,11.0,10472.26,3.49,0.03,10475.75,Signal Flip
244,EMA_CONFIRMED_209_223,SHORT,2026-02-10T17:55,2035.62,2026-02-10T18:00,2041.22,1,0.08,10475.75,-28.81,-0.28,10446.94,Signal Flip
245,EMA_CONFIRMED_209_223,SHORT,2026-02-10T18:05,2032.43,2026-02-11T00:20,2027.91,75,6.25,10446.94,23.23,0.22,10470.17,Signal Flip
246,EMA_CONFIRMED_209_223,SHORT,2026-02-11T00:35,2022.73,2026-02-11T00:55,2028.91,4,0.33,10470.17,-32.02,-0.31,10438.15,Signal Flip
247,EMA_CONFIRMED_209_223,SHORT,2026-02-11T01:00,2024.4,2026-02-11T01:05,2029.54,1,0.08,10438.15,-26.54,-0.25,10411.61,Signal Flip
248,EMA_CONFIRMED_209_223,SHORT,2026-02-11T01:10,2024.44,2026-02-11T01:15,2027.0,1,0.08,10411.61,-13.2,-0.13,10398.42,Signal Flip
249,EMA_CONFIRMED_209_223,SHORT,2026-02-11T01:20,2024.04,2026-02-11T01:45,2027.37,5,0.42,10398.42,-17.14,-0.16,10381.28,Signal Flip
250,EMA_CONFIRMED_209_223,SHORT,2026-02-11T01:50,2023.12,2026-02-11T02:05,2029.7,3,0.25,10381.28,-33.8,-0.33,10347.48,Signal Flip
251,EMA_CONFIRMED_209_223,SHORT,2026-02-11T02:15,2023.49,2026-02-11T02:20,2028.82,1,0.08,10347.48,-27.29,-0.26,10320.2,Signal Flip
252,EMA_CONFIRMED_209_223,SHORT,2026-02-11T02:45,2021.99,2026-02-11T14:05,1980.0,136,11.33,10320.2,214.31,2.08,10534.51,Signal Flip
253,EMA_CONFIRMED_209_223,SHORT,2026-02-11T14:35,1972.34,2026-02-11T21:25,1971.58,82,6.83,10534.51,4.1,0.04,10538.61,Signal Flip
254,EMA_CONFIRMED_209_223,SHORT,2026-02-11T22:55,1949.42,2026-02-12T00:40,1957.97,21,1.75,10538.61,-46.19,-0.44,10492.42,Signal Flip
255,EMA_CONFIRMED_209_223,SHORT,2026-02-12T02:20,1957.07,2026-02-12T02:25,1963.04,1,0.08,10492.42,-32.01,-0.31,10460.41,Signal Flip
256,EMA_CONFIRMED_209_223,SHORT,2026-02-12T03:00,1957.72,2026-02-12T03:05,1964.43,1,0.08,10460.41,-35.86,-0.34,10424.56,Signal Flip
257,EMA_CONFIRMED_209_223,SHORT,2026-02-12T05:15,1956.56,2026-02-12T05:25,1963.19,2,0.17,10424.56,-35.32,-0.34,10389.23,Signal Flip
258,EMA_CONFIRMED_209_223,SHORT,2026-02-12T08:20,1961.15,2026-02-12T08:55,1967.2,7,0.58,10389.23,-32.07,-0.31,10357.16,Signal Flip
259,EMA_CONFIRMED_209_223,LONG,2026-02-12T11:00,1995.16,2026-02-12T15:05,1967.59,49,4.08,10357.16,-143.13,-1.38,10214.03,Signal Flip
260,EMA_CONFIRMED_209_223,LONG,2026-02-12T15:25,1974.71,2026-02-12T15:35,1964.4,2,0.17,10214.03,-53.33,-0.52,10160.71,Signal Flip
261,EMA_CONFIRMED_209_223,SHORT,2026-02-12T16:40,1917.56,2026-02-12T23:05,1947.69,77,6.42,10160.71,-159.67,-1.57,10001.04,Signal Flip
262,EMA_CONFIRMED_209_223,SHORT,2026-02-12T23:15,1942.11,2026-02-12T23:25,1950.26,2,0.17,10001.04,-42.0,-0.42,9959.04,Signal Flip
263,EMA_CONFIRMED_209_223,SHORT,2026-02-12T23:40,1943.65,2026-02-12T23:45,1947.06,1,0.08,9959.04,-17.5,-0.18,9941.54,Signal Flip
264,EMA_CONFIRMED_209_223,SHORT,2026-02-13T00:20,1939.93,2026-02-13T01:15,1945.79,11,0.92,9941.54,-30.05,-0.3,9911.5,Signal Flip
265,EMA_CONFIRMED_209_223,SHORT,2026-02-13T01:20,1941.56,2026-02-13T01:40,1948.91,4,0.33,9911.5,-37.55,-0.38,9873.95,Signal Flip
266,EMA_CONFIRMED_209_223,SHORT,2026-02-13T01:55,1942.02,2026-02-13T02:05,1945.96,2,0.17,9873.95,-20.05,-0.2,9853.89,Signal Flip
267,EMA_CONFIRMED_209_223,SHORT,2026-02-13T02:40,1942.83,2026-02-13T02:45,1948.43,1,0.08,9853.89,-28.43,-0.29,9825.46,Signal Flip
268,EMA_CONFIRMED_209_223,SHORT,2026-02-13T02:50,1943.44,2026-02-13T02:55,1949.85,1,0.08,9825.46,-32.44,-0.33,9793.02,Signal Flip
269,EMA_CONFIRMED_209_223,SHORT,2026-02-13T05:00,1943.8,2026-02-13T07:15,1947.76,27,2.25,9793.02,-19.98,-0.2,9773.04,Signal Flip
270,EMA_CONFIRMED_209_223,SHORT,2026-02-13T07:35,1942.43,2026-02-13T08:30,1946.12,11,0.92,9773.04,-18.59,-0.19,9754.46,Signal Flip
271,EMA_CONFIRMED_209_223,LONG,2026-02-13T12:45,1961.51,2026-02-15T00:40,2075.51,431,35.92,9754.46,566.92,5.81,10321.38,Signal Flip
272,EMA_CONFIRMED_209_223,LONG,2026-02-15T00:55,2079.31,2026-02-15T01:25,2066.15,6,0.5,10321.38,-65.34,-0.63,10256.04,Signal Flip
273,EMA_CONFIRMED_209_223,LONG,2026-02-15T04:10,2074.71,2026-02-15T04:25,2069.82,3,0.25,10256.04,-24.13,-0.24,10231.9,Signal Flip
274,EMA_CONFIRMED_209_223,LONG,2026-02-15T04:35,2078.01,2026-02-15T08:30,2075.3,47,3.92,10231.9,-13.33,-0.13,10218.58,Signal Flip
275,EMA_CONFIRMED_209_223,SHORT,2026-02-15T13:10,2022.14,2026-02-16T09:05,1989.75,239,19.92,10218.58,163.65,1.6,10382.22,Signal Flip
276,EMA_CONFIRMED_209_223,SHORT,2026-02-16T11:00,1977.89,2026-02-16T11:05,1981.71,1,0.08,10382.22,-20.05,-0.19,10362.17,Signal Flip
277,EMA_CONFIRMED_209_223,SHORT,2026-02-16T11:10,1973.97,2026-02-16T12:30,1993.42,16,1.33,10362.17,-102.07,-0.99,10260.11,Signal Flip
278,EMA_CONFIRMED_209_223,SHORT,2026-02-16T13:30,1975.62,2026-02-16T15:05,1981.65,19,1.58,10260.11,-31.31,-0.31,10228.8,Signal Flip
279,EMA_CONFIRMED_209_223,SHORT,2026-02-16T15:15,1972.05,2026-02-16T17:30,1977.98,27,2.25,10228.8,-30.73,-0.3,10198.07,Signal Flip
280,EMA_CONFIRMED_209_223,SHORT,2026-02-16T18:40,1974.64,2026-02-16T19:40,1978.72,12,1.0,10198.07,-21.05,-0.21,10177.01,Signal Flip
281,EMA_CONFIRMED_209_223,SHORT,2026-02-16T19:50,1974.57,2026-02-16T19:55,1978.25,1,0.08,10177.01,-18.95,-0.19,10158.06,Signal Flip
282,EMA_CONFIRMED_209_223,SHORT,2026-02-16T20:00,1973.05,2026-02-16T20:30,1983.99,6,0.5,10158.06,-56.32,-0.55,10101.75,Signal Flip
283,EMA_CONFIRMED_209_223,LONG,2026-02-17T01:05,1996.61,2026-02-17T04:00,1984.7,35,2.92,10101.75,-60.26,-0.6,10041.49,Signal Flip
284,EMA_CONFIRMED_209_223,LONG,2026-02-17T04:20,1988.95,2026-02-17T04:35,1984.59,3,0.25,10041.49,-22.05,-0.22,10019.44,Signal Flip
285,EMA_CONFIRMED_209_223,LONG,2026-02-17T04:40,1989.34,2026-02-17T05:10,1985.01,6,0.5,10019.44,-21.84,-0.22,9997.59,Signal Flip
286,EMA_CONFIRMED_209_223,LONG,2026-02-17T07:50,1986.98,2026-02-17T08:20,1984.07,6,0.5,9997.59,-14.67,-0.15,9982.93,Signal Flip
287,EMA_CONFIRMED_209_223,SHORT,2026-02-17T08:45,1977.37,2026-02-17T13:15,1981.23,54,4.5,9982.93,-19.48,-0.2,9963.44,Signal Flip
288,EMA_CONFIRMED_209_223,SHORT,2026-02-17T13:20,1978.15,2026-02-17T13:25,1989.86,1,0.08,9963.44,-59.0,-0.59,9904.44,Signal Flip
289,EMA_CONFIRMED_209_223,SHORT,2026-02-17T14:40,1978.39,2026-02-17T16:05,1988.58,17,1.42,9904.44,-51.03,-0.52,9853.41,Signal Flip
290,EMA_CONFIRMED_209_223,SHORT,2026-02-17T17:05,1977.5,2026-02-17T18:25,1988.51,16,1.33,9853.41,-54.88,-0.56,9798.53,Signal Flip
291,EMA_CONFIRMED_209_223,LONG,2026-02-17T20:05,1998.87,2026-02-18T00:50,1984.48,57,4.75,9798.53,-70.55,-0.72,9727.99,Signal Flip
292,EMA_CONFIRMED_209_223,LONG,2026-02-18T02:10,1989.83,2026-02-18T02:15,1984.67,1,0.08,9727.99,-25.26,-0.26,9702.72,Signal Flip
293,EMA_CONFIRMED_209_223,LONG,2026-02-18T02:35,1990.24,2026-02-18T10:50,1997.61,99,8.25,9702.72,35.91,0.37,9738.63,Signal Flip
294,EMA_CONFIRMED_209_223,SHORT,2026-02-18T15:35,1982.78,2026-02-18T15:40,2005.6,1,0.08,9738.63,-112.1,-1.15,9626.53,Signal Flip
295,EMA_CONFIRMED_209_223,LONG,2026-02-18T15:40,2005.6,2026-02-18T16:00,1984.49,4,0.33,9626.53,-101.35,-1.05,9525.18,Signal Flip
296,EMA_CONFIRMED_209_223,SHORT,2026-02-18T16:10,1966.63,2026-02-19T01:15,1971.24,109,9.08,9525.18,-22.32,-0.23,9502.86,Signal Flip
297,EMA_CONFIRMED_209_223,SHORT,2026-02-19T01:20,1962.46,2026-02-19T01:50,1968.14,6,0.5,9502.86,-27.53,-0.29,9475.33,Signal Flip
298,EMA_CONFIRMED_209_223,SHORT,2026-02-19T02:05,1965.02,2026-02-19T02:10,1970.97,1,0.08,9475.33,-28.73,-0.3,9446.6,Signal Flip
299,EMA_CONFIRMED_209_223,SHORT,2026-02-19T02:40,1963.37,2026-02-19T03:00,1969.04,4,0.33,9446.6,-27.31,-0.29,9419.29,Signal Flip
300,EMA_CONFIRMED_209_223,SHORT,2026-02-19T03:10,1965.23,2026-02-19T03:20,1968.64,2,0.17,9419.29,-16.38,-0.17,9402.91,Signal Flip
301,EMA_CONFIRMED_209_223,SHORT,2026-02-19T05:10,1966.83,2026-02-19T05:15,1971.07,1,0.08,9402.91,-20.27,-0.22,9382.65,Signal Flip
302,EMA_CONFIRMED_209_223,SHORT,2026-02-19T05:25,1966.64,2026-02-19T05:50,1969.62,5,0.42,9382.65,-14.26,-0.15,9368.39,Signal Flip
303,EMA_CONFIRMED_209_223,SHORT,2026-02-19T08:35,1967.47,2026-02-19T09:10,1974.18,7,0.58,9368.39,-31.95,-0.34,9336.44,Signal Flip
304,EMA_CONFIRMED_209_223,SHORT,2026-02-19T09:50,1961.82,2026-02-19T20:50,1948.96,132,11.0,9336.44,61.18,0.66,9397.61,Signal Flip
305,EMA_CONFIRMED_209_223,SHORT,2026-02-19T22:05,1943.42,2026-02-19T23:20,1948.32,15,1.25,9397.61,-23.72,-0.25,9373.89,Signal Flip
306,EMA_CONFIRMED_209_223,SHORT,2026-02-20T04:05,1948.03,2026-02-20T05:35,1962.57,18,1.5,9373.89,-69.99,-0.75,9303.9,Signal Flip
307,EMA_CONFIRMED_209_223,LONG,2026-02-20T09:05,1968.37,2026-02-20T11:05,1952.9,24,2.0,9303.9,-73.12,-0.79,9230.77,Signal Flip
308,EMA_CONFIRMED_209_223,LONG,2026-02-20T11:10,1957.26,2026-02-20T11:15,1953.47,1,0.08,9230.77,-17.85,-0.19,9212.92,Signal Flip
309,EMA_CONFIRMED_209_223,SHORT,2026-02-20T13:40,1925.13,2026-02-20T15:05,1965.65,17,1.42,9212.92,-193.94,-2.11,9018.98,Signal Flip
310,EMA_CONFIRMED_209_223,SHORT,2026-02-20T15:15,1944.97,2026-02-20T15:25,1958.08,2,0.17,9018.98,-60.8,-0.67,8958.18,Signal Flip
311,EMA_CONFIRMED_209_223,SHORT,2026-02-20T15:35,1946.15,2026-02-20T15:50,1956.28,3,0.25,8958.18,-46.63,-0.52,8911.55,Signal Flip
312,EMA_CONFIRMED_209_223,LONG,2026-02-20T17:00,1969.6,2026-02-20T17:15,1946.58,3,0.25,8911.55,-104.19,-1.17,8807.36,Signal Flip
313,EMA_CONFIRMED_209_223,SHORT,2026-02-20T17:30,1943.42,2026-02-20T17:40,1957.9,2,0.17,8807.36,-65.62,-0.75,8741.73,Signal Flip
314,EMA_CONFIRMED_209_223,LONG,2026-02-20T17:50,1969.44,2026-02-21T03:05,1960.54,111,9.25,8741.73,-39.53,-0.45,8702.2,Signal Flip
315,EMA_CONFIRMED_209_223,LONG,2026-02-21T03:25,1963.6,2026-02-21T03:30,1961.39,1,0.08,8702.2,-9.81,-0.11,8692.4,Signal Flip
316,EMA_CONFIRMED_209_223,LONG,2026-02-21T03:35,1963.52,2026-02-21T03:40,1960.14,1,0.08,8692.4,-14.97,-0.17,8677.43,Signal Flip
317,EMA_CONFIRMED_209_223,LONG,2026-02-21T05:00,1963.38,2026-02-21T05:15,1960.22,3,0.25,8677.43,-13.97,-0.16,8663.45,Signal Flip
318,EMA_CONFIRMED_209_223,LONG,2026-02-21T05:20,1963.6,2026-02-21T05:50,1960.69,6,0.5,8663.45,-12.85,-0.15,8650.61,Signal Flip
319,EMA_CONFIRMED_209_223,LONG,2026-02-21T05:55,1963.47,2026-02-21T06:40,1960.95,9,0.75,8650.61,-11.11,-0.13,8639.49,Signal Flip
320,EMA_CONFIRMED_209_223,LONG,2026-02-21T07:10,1964.21,2026-02-21T07:45,1960.77,7,0.58,8639.49,-15.14,-0.18,8624.35,Signal Flip
321,EMA_CONFIRMED_209_223,LONG,2026-02-21T08:00,1963.68,2026-02-21T20:55,1978.05,155,12.92,8624.35,63.11,0.73,8687.46,Signal Flip
322,EMA_CONFIRMED_209_223,LONG,2026-02-21T21:25,1980.39,2026-02-21T21:30,1977.8,1,0.08,8687.46,-11.36,-0.13,8676.1,Signal Flip
323,EMA_CONFIRMED_209_223,LONG,2026-02-21T21:40,1980.55,2026-02-21T21:45,1977.87,1,0.08,8676.1,-11.74,-0.14,8664.37,Signal Flip
324,EMA_CONFIRMED_209_223,LONG,2026-02-21T21:50,1980.43,2026-02-21T22:15,1977.15,5,0.42,8664.37,-14.34,-0.17,8650.02,Signal Flip
325,EMA_CONFIRMED_209_223,LONG,2026-02-21T22:20,1980.59,2026-02-21T22:25,1977.6,1,0.08,8650.02,-13.05,-0.15,8636.97,Signal Flip
326,EMA_CONFIRMED_209_223,LONG,2026-02-22T01:25,1978.68,2026-02-22T01:35,1976.51,2,0.17,8636.97,-9.46,-0.11,8627.5,Signal Flip
327,EMA_CONFIRMED_209_223,LONG,2026-02-22T01:45,1979.39,2026-02-22T01:55,1976.06,2,0.17,8627.5,-14.5,-0.17,8613.0,Signal Flip
328,EMA_CONFIRMED_209_223,LONG,2026-02-22T02:05,1979.83,2026-02-22T02:25,1975.13,4,0.33,8613.0,-20.44,-0.24,8592.56,Signal Flip
329,EMA_CONFIRMED_209_223,LONG,2026-02-22T06:05,1977.67,2026-02-22T06:15,1974.94,2,0.17,8592.56,-11.85,-0.14,8580.72,Signal Flip
330,EMA_CONFIRMED_209_223,LONG,2026-02-22T06:30,1978.2,2026-02-22T06:45,1975.11,3,0.25,8580.72,-13.39,-0.16,8567.33,Signal Flip
331,EMA_CONFIRMED_209_223,LONG,2026-02-22T07:15,1978.31,2026-02-22T07:20,1974.22,1,0.08,8567.33,-17.7,-0.21,8549.63,Signal Flip
332,EMA_CONFIRMED_209_223,LONG,2026-02-22T07:30,1977.4,2026-02-22T07:55,1975.12,5,0.42,8549.63,-9.84,-0.12,8539.79,Signal Flip
333,EMA_CONFIRMED_209_223,LONG,2026-02-22T08:05,1977.44,2026-02-22T08:10,1974.23,1,0.08,8539.79,-13.84,-0.16,8525.95,Signal Flip
334,EMA_CONFIRMED_209_223,LONG,2026-02-22T08:15,1977.68,2026-02-22T08:20,1975.2,1,0.08,8525.95,-10.68,-0.13,8515.27,Signal Flip
335,EMA_CONFIRMED_209_223,LONG,2026-02-22T09:55,1976.99,2026-02-22T10:15,1974.32,4,0.33,8515.27,-11.48,-0.13,8503.79,Signal Flip
336,EMA_CONFIRMED_209_223,LONG,2026-02-22T10:20,1977.76,2026-02-22T12:10,1974.01,22,1.83,8503.79,-16.11,-0.19,8487.68,Signal Flip
337,EMA_CONFIRMED_209_223,SHORT,2026-02-22T13:35,1960.67,2026-02-22T22:35,1958.58,108,9.0,8487.68,9.05,0.11,8496.73,Signal Flip
338,EMA_CONFIRMED_209_223,SHORT,2026-02-22T22:40,1955.23,2026-02-22T22:45,1958.73,1,0.08,8496.73,-15.2,-0.18,8481.54,Signal Flip
339,EMA_CONFIRMED_209_223,SHORT,2026-02-22T23:10,1955.84,2026-02-22T23:55,1957.79,9,0.75,8481.54,-8.44,-0.1,8473.09,Signal Flip
340,EMA_CONFIRMED_209_223,SHORT,2026-02-23T00:05,1953.89,2026-02-23T09:40,1910.01,115,9.58,8473.09,190.28,2.25,8663.37,Signal Flip
341,EMA_CONFIRMED_209_223,SHORT,2026-02-23T14:40,1906.78,2026-02-24T14:50,1840.68,290,24.17,8663.37,300.31,3.47,8963.68,Signal Flip
342,EMA_CONFIRMED_209_223,SHORT,2026-02-24T15:00,1833.81,2026-02-24T15:15,1840.62,3,0.25,8963.68,-33.27,-0.37,8930.4,Signal Flip
343,EMA_CONFIRMED_209_223,SHORT,2026-02-25T00:15,1846.85,2026-02-25T00:20,1852.52,1,0.08,8930.4,-27.42,-0.31,8902.99,Signal Flip
344,EMA_CONFIRMED_209_223,SHORT,2026-02-25T00:30,1846.1,2026-02-25T00:35,1849.6,1,0.08,8902.99,-16.92,-0.19,8886.07,Signal Flip
345,EMA_CONFIRMED_209_223,LONG,2026-02-25T01:25,1916.53,2026-02-26T14:50,2039.32,449,37.42,8886.07,569.33,6.41,9455.4,Signal Flip
346,EMA_CONFIRMED_209_223,LONG,2026-02-26T20:05,2041.61,2026-02-26T20:10,2032.91,1,0.08,9455.4,-40.28,-0.43,9415.12,Signal Flip
347,EMA_CONFIRMED_209_223,LONG,2026-02-26T20:20,2038.35,2026-02-26T20:25,2028.94,1,0.08,9415.12,-43.48,-0.46,9371.64,Signal Flip
348,EMA_CONFIRMED_209_223,LONG,2026-02-26T21:50,2035.71,2026-02-26T21:55,2030.03,1,0.08,9371.64,-26.12,-0.28,9345.53,Signal Flip
349,EMA_CONFIRMED_209_223,LONG,2026-02-26T22:40,2034.96,2026-02-26T23:00,2032.27,4,0.33,9345.53,-12.32,-0.13,9333.2,Signal Flip
350,EMA_CONFIRMED_209_223,SHORT,2026-02-27T01:00,2013.78,2026-02-27T02:20,2030.91,16,1.33,9333.2,-79.4,-0.85,9253.8,Signal Flip
351,EMA_CONFIRMED_209_223,SHORT,2026-02-27T02:25,2025.87,2026-02-27T02:35,2031.32,2,0.17,9253.8,-24.89,-0.27,9228.91,Signal Flip
352,EMA_CONFIRMED_209_223,SHORT,2026-02-27T02:55,2026.82,2026-02-27T03:45,2031.62,10,0.83,9228.91,-21.85,-0.24,9207.06,Signal Flip
353,EMA_CONFIRMED_209_223,LONG,2026-02-27T04:45,2048.18,2026-02-27T06:25,2032.14,20,1.67,9207.06,-72.1,-0.78,9134.95,Signal Flip
354,EMA_CONFIRMED_209_223,LONG,2026-02-27T06:35,2035.02,2026-02-27T07:30,2029.83,11,0.92,9134.95,-23.26,-0.25,9111.69,Signal Flip
355,EMA_CONFIRMED_209_223,LONG,2026-02-27T08:05,2034.62,2026-02-27T08:40,2030.03,7,0.58,9111.69,-20.52,-0.23,9091.17,Signal Flip
356,EMA_CONFIRMED_209_223,LONG,2026-02-27T08:45,2034.86,2026-02-27T09:00,2032.37,3,0.25,9091.17,-11.1,-0.12,9080.07,Signal Flip
357,EMA_CONFIRMED_209_223,LONG,2026-02-27T09:05,2035.37,2026-02-27T09:40,2028.0,7,0.58,9080.07,-32.89,-0.36,9047.19,Signal Flip
358,EMA_CONFIRMED_209_223,SHORT,2026-02-27T10:15,1985.59,2026-02-28T13:55,1902.11,332,27.67,9047.19,380.35,4.2,9427.54,Signal Flip
359,EMA_CONFIRMED_209_223,SHORT,2026-02-28T14:05,1892.71,2026-02-28T14:10,1899.05,1,0.08,9427.54,-31.56,-0.33,9395.98,Signal Flip
360,EMA_CONFIRMED_209_223,SHORT,2026-02-28T14:50,1895.43,2026-02-28T15:30,1900.75,8,0.67,9395.98,-26.36,-0.28,9369.62,Signal Flip
361,EMA_CONFIRMED_209_223,SHORT,2026-02-28T15:40,1893.83,2026-02-28T15:45,1898.56,1,0.08,9369.62,-23.38,-0.25,9346.24,Signal Flip
362,EMA_CONFIRMED_209_223,SHORT,2026-02-28T15:50,1893.63,2026-02-28T16:00,1899.82,2,0.17,9346.24,-30.54,-0.33,9315.7,Signal Flip
363,EMA_CONFIRMED_209_223,SHORT,2026-02-28T16:05,1893.81,2026-02-28T16:10,1899.05,1,0.08,9315.7,-25.76,-0.28,9289.94,Signal Flip
364,EMA_CONFIRMED_209_223,SHORT,2026-02-28T16:20,1894.39,2026-02-28T16:25,1903.65,1,0.08,9289.94,-45.41,-0.49,9244.54,Signal Flip
365,EMA_CONFIRMED_209_223,SHORT,2026-02-28T17:45,1889.82,2026-02-28T17:50,1901.95,1,0.08,9244.54,-59.32,-0.64,9185.22,Signal Flip
366,EMA_CONFIRMED_209_223,LONG,2026-02-28T22:25,1965.71,2026-03-01T12:35,1976.14,170,14.17,9185.22,48.73,0.53,9233.95,Signal Flip
367,EMA_CONFIRMED_209_223,LONG,2026-03-01T12:40,1981.38,2026-03-01T12:50,1977.16,2,0.17,9233.95,-19.66,-0.21,9214.29,Signal Flip
368,EMA_CONFIRMED_209_223,LONG,2026-03-01T13:15,1980.12,2026-03-01T13:20,1976.92,1,0.08,9214.29,-14.88,-0.16,9199.4,Signal Flip
369,EMA_CONFIRMED_209_223,LONG,2026-03-01T13:55,2018.73,2026-03-01T16:50,1972.51,35,2.92,9199.4,-210.61,-2.29,8988.8,Signal Flip
370,EMA_CONFIRMED_209_223,LONG,2026-03-01T18:05,1985.31,2026-03-01T18:15,1983.34,2,0.17,8988.8,-8.94,-0.1,8979.86,Signal Flip
371,EMA_CONFIRMED_209_223,SHORT,2026-03-01T21:45,1924.52,2026-03-02T00:45,1964.94,36,3.0,8979.86,-188.62,-2.1,8791.24,Signal Flip
372,EMA_CONFIRMED_209_223,SHORT,2026-03-02T00:50,1957.1,2026-03-02T01:05,1967.63,3,0.25,8791.24,-47.31,-0.54,8743.93,Signal Flip
373,EMA_CONFIRMED_209_223,SHORT,2026-03-02T01:50,1961.18,2026-03-02T01:55,1967.87,1,0.08,8743.93,-29.85,-0.34,8714.08,Signal Flip
374,EMA_CONFIRMED_209_223,SHORT,2026-03-02T02:10,1949.22,2026-03-02T03:15,1967.37,13,1.08,8714.08,-81.13,-0.93,8632.95,Signal Flip
375,EMA_CONFIRMED_209_223,SHORT,2026-03-02T06:20,1950.54,2026-03-02T09:20,1961.33,36,3.0,8632.95,-47.74,-0.55,8585.21,Signal Flip
376,EMA_CONFIRMED_209_223,SHORT,2026-03-02T09:45,1955.76,2026-03-02T14:35,1954.8,58,4.83,8585.21,4.23,0.05,8589.44,Signal Flip
377,EMA_CONFIRMED_209_223,SHORT,2026-03-02T14:40,1947.93,2026-03-02T14:45,1967.21,1,0.08,8589.44,-85.05,-0.99,8504.39,Signal Flip
378,EMA_CONFIRMED_209_223,LONG,2026-03-02T16:00,2048.35,2026-03-03T02:05,2009.98,121,10.08,8504.39,-159.3,-1.87,8345.09,Signal Flip
379,EMA_CONFIRMED_209_223,LONG,2026-03-03T02:30,2014.91,2026-03-03T02:40,2011.78,2,0.17,8345.09,-12.94,-0.16,8332.16,Signal Flip
380,EMA_CONFIRMED_209_223,LONG,2026-03-03T02:45,2015.28,2026-03-03T03:00,2012.67,3,0.25,8332.16,-10.77,-0.13,8321.39,Signal Flip
381,EMA_CONFIRMED_209_223,LONG,2026-03-03T03:35,2014.64,2026-03-03T03:45,2011.26,2,0.17,8321.39,-13.93,-0.17,8307.46,Signal Flip
382,EMA_CONFIRMED_209_223,LONG,2026-03-03T05:20,2015.61,2026-03-03T05:25,2007.62,1,0.08,8307.46,-32.94,-0.4,8274.52,Signal Flip
383,EMA_CONFIRMED_209_223,SHORT,2026-03-03T10:05,1951.57,2026-03-03T16:10,2000.0,73,6.08,8274.52,-205.32,-2.48,8069.2,Signal Flip
384,EMA_CONFIRMED_209_223,SHORT,2026-03-03T16:40,1969.69,2026-03-03T16:50,1981.42,2,0.17,8069.2,-48.04,-0.6,8021.16,Signal Flip
385,EMA_CONFIRMED_209_223,SHORT,2026-03-03T17:05,1974.59,2026-03-03T17:50,1982.13,9,0.75,8021.16,-30.62,-0.38,7990.54,Signal Flip
386,EMA_CONFIRMED_209_223,SHORT,2026-03-03T18:15,1972.68,2026-03-03T18:20,1982.34,1,0.08,7990.54,-39.12,-0.49,7951.42,Signal Flip
387,EMA_CONFIRMED_209_223,SHORT,2026-03-03T20:15,1977.71,2026-03-03T20:25,1985.15,2,0.17,7951.42,-29.92,-0.38,7921.5,Signal Flip
388,EMA_CONFIRMED_209_223,SHORT,2026-03-03T20:55,1975.25,2026-03-03T22:10,1983.22,15,1.25,7921.5,-31.96,-0.4,7889.54,Signal Flip
389,EMA_CONFIRMED_209_223,SHORT,2026-03-04T00:25,1979.13,2026-03-04T00:30,1981.84,1,0.08,7889.54,-10.8,-0.14,7878.74,Signal Flip
390,EMA_CONFIRMED_209_223,SHORT,2026-03-04T00:35,1967.49,2026-03-04T01:05,1983.85,6,0.5,7878.74,-65.54,-0.83,7813.2,Signal Flip
391,EMA_CONFIRMED_209_223,SHORT,2026-03-04T01:10,1978.25,2026-03-04T01:35,1986.66,5,0.42,7813.2,-33.23,-0.43,7779.98,Signal Flip
392,EMA_CONFIRMED_209_223,SHORT,2026-03-04T02:05,1977.94,2026-03-04T02:55,1981.26,10,0.83,7779.98,-13.06,-0.17,7766.92,Signal Flip
393,EMA_CONFIRMED_209_223,SHORT,2026-03-04T03:00,1978.24,2026-03-04T05:55,1976.15,35,2.92,7766.92,8.22,0.11,7775.14,Signal Flip
394,EMA_CONFIRMED_209_223,SHORT,2026-03-04T06:00,1970.15,2026-03-04T06:35,1979.96,7,0.58,7775.14,-38.7,-0.5,7736.44,Signal Flip
395,EMA_CONFIRMED_209_223,LONG,2026-03-04T08:55,2047.7,2026-03-05T03:45,2107.82,226,18.83,7736.44,227.11,2.94,7963.55,Signal Flip
396,EMA_CONFIRMED_209_223,LONG,2026-03-05T03:50,2113.59,2026-03-05T06:10,2111.07,28,2.33,7963.55,-9.47,-0.12,7954.09,Signal Flip
397,EMA_CONFIRMED_209_223,LONG,2026-03-05T06:15,2115.51,2026-03-05T07:55,2095.25,20,1.67,7954.09,-76.16,-0.96,7877.93,Signal Flip
398,EMA_CONFIRMED_209_223,LONG,2026-03-05T09:00,2118.7,2026-03-05T13:25,2119.16,53,4.42,7877.93,1.71,0.02,7879.64,Signal Flip
399,EMA_CONFIRMED_209_223,LONG,2026-03-05T13:30,2124.1,2026-03-05T13:35,2112.47,1,0.08,7879.64,-43.14,-0.55,7836.51,Signal Flip
400,EMA_CONFIRMED_209_223,LONG,2026-03-05T13:50,2125.99,2026-03-05T14:00,2116.54,2,0.17,7836.51,-34.84,-0.44,7801.67,Signal Flip
401,EMA_CONFIRMED_209_223,LONG,2026-03-05T14:35,2126.67,2026-03-05T14:40,2105.22,1,0.08,7801.67,-78.71,-1.01,7722.96,Signal Flip
402,EMA_CONFIRMED_209_223,SHORT,2026-03-05T18:30,2065.64,2026-03-06T02:15,2092.94,93,7.75,7722.96,-102.07,-1.32,7620.89,Signal Flip
403,EMA_CONFIRMED_209_223,SHORT,2026-03-06T02:20,2084.55,2026-03-06T07:30,2085.2,62,5.17,7620.89,-2.39,-0.03,7618.5,Signal Flip
404,EMA_CONFIRMED_209_223,SHORT,2026-03-06T07:35,2081.75,2026-03-06T07:45,2085.43,2,0.17,7618.5,-13.48,-0.18,7605.02,Signal Flip
405,EMA_CONFIRMED_209_223,SHORT,2026-03-06T07:55,2082.68,2026-03-07T11:15,1995.17,328,27.33,7605.02,319.55,4.2,7924.57,Signal Flip
406,EMA_CONFIRMED_209_223,SHORT,2026-03-07T11:25,1987.55,2026-03-07T11:30,1990.06,1,0.08,7924.57,-10.04,-0.13,7914.53,Signal Flip
407,EMA_CONFIRMED_209_223,SHORT,2026-03-07T11:35,1986.55,2026-03-07T11:45,1989.74,2,0.17,7914.53,-12.74,-0.16,7901.78,Signal Flip
408,EMA_CONFIRMED_209_223,SHORT,2026-03-07T11:50,1987.17,2026-03-07T11:55,1991.38,1,0.08,7901.78,-16.74,-0.21,7885.05,Signal Flip
409,EMA_CONFIRMED_209_223,SHORT,2026-03-07T12:10,1986.66,2026-03-07T12:20,1989.66,2,0.17,7885.05,-11.94,-0.15,7873.11,Signal Flip
410,EMA_CONFIRMED_209_223,SHORT,2026-03-07T12:30,1987.01,2026-03-07T14:40,1988.42,26,2.17,7873.11,-5.62,-0.07,7867.49,Signal Flip
411,EMA_CONFIRMED_209_223,SHORT,2026-03-07T14:45,1984.24,2026-03-07T14:50,1988.09,1,0.08,7867.49,-15.29,-0.19,7852.2,Signal Flip
412,EMA_CONFIRMED_209_223,SHORT,2026-03-07T15:05,1984.16,2026-03-08T09:15,1965.71,218,18.17,7852.2,73.0,0.93,7925.19,Signal Flip
413,EMA_CONFIRMED_209_223,SHORT,2026-03-08T11:10,1954.66,2026-03-08T19:20,1953.94,98,8.17,7925.19,2.94,0.04,7928.14,Signal Flip
414,EMA_CONFIRMED_209_223,SHORT,2026-03-08T21:10,1949.44,2026-03-08T21:25,1953.46,3,0.25,7928.14,-16.31,-0.21,7911.82,Signal Flip
415,EMA_CONFIRMED_209_223,SHORT,2026-03-08T21:30,1950.27,2026-03-08T21:35,1952.88,1,0.08,7911.82,-10.55,-0.13,7901.27,Signal Flip
416,EMA_CONFIRMED_209_223,SHORT,2026-03-08T22:05,1919.76,2026-03-08T23:05,1951.1,12,1.0,7901.27,-128.97,-1.63,7772.3,Signal Flip
417,EMA_CONFIRMED_209_223,SHORT,2026-03-08T23:10,1944.92,2026-03-08T23:25,1953.97,3,0.25,7772.3,-36.16,-0.47,7736.14,Signal Flip
418,EMA_CONFIRMED_209_223,SHORT,2026-03-08T23:35,1948.13,2026-03-09T00:35,1952.8,12,1.0,7736.14,-18.55,-0.24,7717.59,Signal Flip
419,EMA_CONFIRMED_209_223,SHORT,2026-03-09T00:55,1947.48,2026-03-09T01:00,1951.97,1,0.08,7717.59,-17.79,-0.23,7699.8,Signal Flip
420,EMA_CONFIRMED_209_223,SHORT,2026-03-09T01:05,1947.15,2026-03-09T01:15,1950.93,2,0.17,7699.8,-14.98,-0.19,7684.81,Signal Flip
421,EMA_CONFIRMED_209_223,SHORT,2026-03-09T02:00,1945.03,2026-03-09T02:40,1957.6,8,0.67,7684.81,-49.67,-0.65,7635.14,Signal Flip
422,EMA_CONFIRMED_209_223,LONG,2026-03-09T04:40,1987.28,2026-03-09T22:55,2002.1,219,18.25,7635.14,56.92,0.75,7692.07,Signal Flip
423,EMA_CONFIRMED_209_223,LONG,2026-03-10T00:25,2009.25,2026-03-10T01:40,2006.55,15,1.25,7692.07,-10.37,-0.13,7681.7,Signal Flip
424,EMA_CONFIRMED_209_223,LONG,2026-03-10T01:45,2011.5,2026-03-10T13:35,2037.93,142,11.83,7681.7,100.95,1.31,7782.65,Signal Flip
425,EMA_CONFIRMED_209_223,LONG,2026-03-10T14:45,2046.07,2026-03-10T18:15,2048.53,42,3.5,7782.65,9.33,0.12,7791.98,Signal Flip
426,EMA_CONFIRMED_209_223,SHORT,2026-03-11T03:50,2019.44,2026-03-11T04:55,2040.62,13,1.08,7791.98,-81.72,-1.05,7710.26,Signal Flip
427,EMA_CONFIRMED_209_223,SHORT,2026-03-11T05:10,2035.22,2026-03-11T11:10,2033.76,72,6.0,7710.26,5.55,0.07,7715.81,Signal Flip
428,EMA_CONFIRMED_209_223,SHORT,2026-03-11T11:25,2025.84,2026-03-11T13:15,2035.49,22,1.83,7715.81,-36.76,-0.48,7679.05,Signal Flip
429,EMA_CONFIRMED_209_223,LONG,2026-03-11T15:05,2059.24,2026-03-11T23:50,2050.51,105,8.75,7679.05,-32.54,-0.42,7646.52,Signal Flip
430,EMA_CONFIRMED_209_223,LONG,2026-03-12T00:25,2058.67,2026-03-12T00:35,2050.79,2,0.17,7646.52,-29.25,-0.38,7617.27,Signal Flip
431,EMA_CONFIRMED_209_223,LONG,2026-03-12T00:40,2057.25,2026-03-12T01:05,2045.25,5,0.42,7617.27,-44.44,-0.58,7572.83,Signal Flip
432,EMA_CONFIRMED_209_223,SHORT,2026-03-12T05:15,2022.04,2026-03-12T08:05,2045.14,34,2.83,7572.83,-86.53,-1.14,7486.31,Signal Flip
433,EMA_CONFIRMED_209_223,SHORT,2026-03-12T08:10,2038.54,2026-03-12T08:20,2050.56,2,0.17,7486.31,-44.16,-0.59,7442.15,Signal Flip
434,EMA_CONFIRMED_209_223,SHORT,2026-03-12T09:20,2040.6,2026-03-12T09:40,2044.81,4,0.33,7442.15,-15.36,-0.21,7426.78,Signal Flip
435,EMA_CONFIRMED_209_223,LONG,2026-03-12T10:55,2071.36,2026-03-12T14:35,2049.67,44,3.67,7426.78,-77.73,-1.05,7349.05,Signal Flip
436,EMA_CONFIRMED_209_223,LONG,2026-03-12T15:25,2056.43,2026-03-12T18:20,2052.53,35,2.92,7349.05,-13.92,-0.19,7335.13,Signal Flip
437,EMA_CONFIRMED_209_223,LONG,2026-03-12T18:40,2057.56,2026-03-12T18:45,2052.91,1,0.08,7335.13,-16.56,-0.23,7318.57,Signal Flip
438,EMA_CONFIRMED_209_223,LONG,2026-03-12T19:20,2057.1,2026-03-12T22:50,2055.8,42,3.5,7318.57,-4.61,-0.06,7313.96,Signal Flip
439,EMA_CONFIRMED_209_223,LONG,2026-03-12T23:00,2066.33,2026-03-13T16:20,2115.19,208,17.33,7313.96,172.94,2.36,7486.9,Signal Flip
440,EMA_CONFIRMED_209_223,LONG,2026-03-13T16:35,2125.13,2026-03-13T17:30,2120.03,11,0.92,7486.9,-17.98,-0.24,7468.92,Signal Flip
441,EMA_CONFIRMED_209_223,SHORT,2026-03-14T02:10,2093.52,2026-03-14T04:10,2105.56,24,2.0,7468.92,-42.95,-0.58,7425.97,Signal Flip
442,EMA_CONFIRMED_209_223,SHORT,2026-03-14T04:15,2102.85,2026-03-14T04:40,2106.29,5,0.42,7425.97,-12.16,-0.16,7413.81,Signal Flip
443,EMA_CONFIRMED_209_223,SHORT,2026-03-14T04:45,2102.95,2026-03-14T04:50,2105.81,1,0.08,7413.81,-10.1,-0.14,7403.71,Signal Flip
444,EMA_CONFIRMED_209_223,SHORT,2026-03-14T04:55,2089.42,2026-03-14T20:45,2084.84,190,15.83,7403.71,16.24,0.22,7419.95,Signal Flip
445,EMA_CONFIRMED_209_223,LONG,2026-03-15T03:35,2099.36,2026-03-15T13:10,2095.67,115,9.58,7419.95,-13.03,-0.18,7406.91,Signal Flip
446,EMA_CONFIRMED_209_223,LONG,2026-03-15T17:55,2118.0,2026-03-15T18:50,2098.05,11,0.92,7406.91,-69.76,-0.94,7337.15,Signal Flip
447,EMA_CONFIRMED_209_223,LONG,2026-03-15T19:05,2105.83,2026-03-17T03:45,2315.25,392,32.67,7337.15,729.66,9.94,8066.81,Signal Flip
448,EMA_CONFIRMED_209_223,LONG,2026-03-17T04:00,2321.17,2026-03-17T04:25,2310.06,5,0.42,8066.81,-38.6,-0.48,8028.22,Signal Flip
449,EMA_CONFIRMED_209_223,LONG,2026-03-17T06:25,2321.23,2026-03-17T06:45,2309.22,4,0.33,8028.22,-41.52,-0.52,7986.7,Signal Flip
450,EMA_CONFIRMED_209_223,LONG,2026-03-17T07:05,2320.63,2026-03-17T09:05,2314.54,24,2.0,7986.7,-20.95,-0.26,7965.75,Signal Flip
451,EMA_CONFIRMED_209_223,LONG,2026-03-17T09:20,2320.14,2026-03-17T09:25,2317.03,1,0.08,7965.75,-10.67,-0.13,7955.07,Signal Flip
452,EMA_CONFIRMED_209_223,LONG,2026-03-17T09:30,2326.16,2026-03-17T09:55,2314.1,5,0.42,7955.07,-41.24,-0.52,7913.83,Signal Flip
453,EMA_CONFIRMED_209_223,LONG,2026-03-17T11:10,2322.78,2026-03-17T12:50,2316.1,20,1.67,7913.83,-22.76,-0.29,7891.07,Signal Flip
454,EMA_CONFIRMED_209_223,LONG,2026-03-17T13:05,2320.52,2026-03-17T13:10,2317.28,1,0.08,7891.07,-11.01,-0.14,7880.06,Signal Flip
455,EMA_CONFIRMED_209_223,LONG,2026-03-17T13:15,2320.43,2026-03-17T15:35,2316.84,28,2.33,7880.06,-12.19,-0.15,7867.87,Signal Flip
456,EMA_CONFIRMED_209_223,LONG,2026-03-17T16:20,2328.73,2026-03-17T19:50,2323.53,42,3.5,7867.87,-17.59,-0.22,7850.28,Signal Flip
457,EMA_CONFIRMED_209_223,LONG,2026-03-17T20:25,2329.32,2026-03-17T22:35,2324.92,26,2.17,7850.28,-14.85,-0.19,7835.43,Signal Flip
458,EMA_CONFIRMED_209_223,LONG,2026-03-17T22:55,2329.49,2026-03-17T23:35,2322.8,8,0.67,7835.43,-22.52,-0.29,7812.91,Signal Flip
459,EMA_CONFIRMED_209_223,LONG,2026-03-18T01:05,2329.04,2026-03-18T01:15,2324.36,2,0.17,7812.91,-15.72,-0.2,7797.18,Signal Flip
460,EMA_CONFIRMED_209_223,LONG,2026-03-18T01:25,2329.37,2026-03-18T01:55,2322.95,6,0.5,7797.18,-21.51,-0.28,7775.67,Signal Flip
461,EMA_CONFIRMED_209_223,LONG,2026-03-18T02:05,2327.71,2026-03-18T04:50,2326.72,33,2.75,7775.67,-3.33,-0.04,7772.34,Signal Flip
462,EMA_CONFIRMED_209_223,LONG,2026-03-18T05:10,2330.33,2026-03-18T05:25,2327.1,3,0.25,7772.34,-10.8,-0.14,7761.54,Signal Flip
463,EMA_CONFIRMED_209_223,LONG,2026-03-18T06:25,2329.52,2026-03-18T06:40,2323.44,3,0.25,7761.54,-20.28,-0.26,7741.26,Signal Flip
464,EMA_CONFIRMED_209_223,LONG,2026-03-18T09:10,2328.96,2026-03-18T10:05,2324.63,11,0.92,7741.26,-14.42,-0.19,7726.85,Signal Flip
465,EMA_CONFIRMED_209_223,LONG,2026-03-18T10:10,2327.76,2026-03-18T10:40,2321.34,6,0.5,7726.85,-21.33,-0.28,7705.52,Signal Flip
466,EMA_CONFIRMED_209_223,SHORT,2026-03-18T11:45,2275.46,2026-03-19T03:20,2225.28,187,15.58,7705.52,169.93,2.21,7875.45,Signal Flip
467,EMA_CONFIRMED_209_223,SHORT,2026-03-19T03:40,2213.28,2026-03-19T21:15,2154.86,211,17.58,7875.45,207.89,2.64,8083.34,Signal Flip
468,EMA_CONFIRMED_209_223,SHORT,2026-03-19T21:20,2149.02,2026-03-20T01:05,2151.21,45,3.75,8083.34,-8.2,-0.1,8075.14,Signal Flip
469,EMA_CONFIRMED_209_223,SHORT,2026-03-20T01:25,2148.29,2026-03-20T01:30,2150.77,1,0.08,8075.14,-9.36,-0.12,8065.78,Signal Flip
470,EMA_CONFIRMED_209_223,SHORT,2026-03-20T02:05,2147.76,2026-03-20T03:20,2151.79,15,1.25,8065.78,-15.13,-0.19,8050.65,Signal Flip
471,EMA_CONFIRMED_209_223,SHORT,2026-03-20T03:45,2147.72,2026-03-20T03:50,2151.69,1,0.08,8050.65,-14.88,-0.18,8035.77,Signal Flip
472,EMA_CONFIRMED_209_223,SHORT,2026-03-20T04:35,2142.58,2026-03-20T05:10,2151.97,7,0.58,8035.77,-35.21,-0.44,8000.56,Signal Flip
473,EMA_CONFIRMED_209_223,SHORT,2026-03-20T05:25,2146.58,2026-03-20T07:35,2147.92,26,2.17,8000.56,-5.02,-0.06,7995.54,Signal Flip
474,EMA_CONFIRMED_209_223,SHORT,2026-03-20T08:05,2145.65,2026-03-20T08:10,2167.37,1,0.08,7995.54,-80.96,-1.01,7914.58,Signal Flip
475,EMA_CONFIRMED_209_223,SHORT,2026-03-20T09:25,2139.4,2026-03-20T10:50,2149.96,17,1.42,7914.58,-39.08,-0.49,7875.5,Signal Flip
476,EMA_CONFIRMED_209_223,SHORT,2026-03-20T11:35,2146.94,2026-03-20T12:10,2151.82,7,0.58,7875.5,-17.9,-0.23,7857.6,Signal Flip
477,EMA_CONFIRMED_209_223,SHORT,2026-03-20T12:15,2144.8,2026-03-20T16:20,2144.09,49,4.08,7857.6,2.58,0.03,7860.18,Signal Flip
478,EMA_CONFIRMED_209_223,SHORT,2026-03-20T16:25,2138.08,2026-03-20T21:20,2149.1,59,4.92,7860.18,-40.53,-0.52,7819.66,Signal Flip
479,EMA_CONFIRMED_209_223,LONG,2026-03-21T03:30,2154.5,2026-03-21T15:00,2151.05,138,11.5,7819.66,-12.5,-0.16,7807.16,Signal Flip
480,EMA_CONFIRMED_209_223,LONG,2026-03-21T15:05,2154.8,2026-03-21T15:10,2152.12,1,0.08,7807.16,-9.69,-0.12,7797.47,Signal Flip
481,EMA_CONFIRMED_209_223,LONG,2026-03-21T15:15,2154.9,2026-03-21T15:20,2146.82,1,0.08,7797.47,-29.24,-0.37,7768.23,Signal Flip
482,EMA_CONFIRMED_209_223,LONG,2026-03-21T15:35,2158.49,2026-03-21T15:40,2152.09,1,0.08,7768.23,-23.02,-0.3,7745.22,Signal Flip
483,EMA_CONFIRMED_209_223,LONG,2026-03-21T15:45,2155.17,2026-03-21T16:15,2151.17,6,0.5,7745.22,-14.35,-0.19,7730.87,Signal Flip
484,EMA_CONFIRMED_209_223,LONG,2026-03-21T18:35,2153.77,2026-03-21T18:55,2150.15,4,0.33,7730.87,-12.97,-0.17,7717.9,Signal Flip
485,EMA_CONFIRMED_209_223,LONG,2026-03-21T19:05,2153.53,2026-03-21T19:10,2150.94,1,0.08,7717.9,-9.25,-0.12,7708.65,Signal Flip
486,EMA_CONFIRMED_209_223,LONG,2026-03-21T19:25,2153.57,2026-03-21T19:35,2149.16,2,0.17,7708.65,-15.75,-0.2,7692.89,Signal Flip
487,EMA_CONFIRMED_209_223,LONG,2026-03-21T20:15,2153.68,2026-03-21T20:20,2150.92,1,0.08,7692.89,-9.83,-0.13,7683.06,Signal Flip
488,EMA_CONFIRMED_209_223,LONG,2026-03-21T20:25,2155.19,2026-03-21T22:05,2150.01,20,1.67,7683.06,-18.44,-0.24,7664.62,Signal Flip
489,EMA_CONFIRMED_209_223,SHORT,2026-03-22T00:00,2083.82,2026-03-23T05:15,2071.3,351,29.25,7664.62,46.06,0.6,7710.68,Signal Flip
490,EMA_CONFIRMED_209_223,SHORT,2026-03-23T05:25,2064.25,2026-03-23T06:00,2070.29,7,0.58,7710.68,-22.59,-0.29,7688.09,Signal Flip
491,EMA_CONFIRMED_209_223,SHORT,2026-03-23T06:05,2061.61,2026-03-23T11:10,2159.84,61,5.08,7688.09,-366.32,-4.76,7321.77,Signal Flip
492,EMA_CONFIRMED_209_223,LONG,2026-03-23T13:00,2145.34,2026-03-24T01:40,2130.74,152,12.67,7321.77,-49.82,-0.68,7271.95,Signal Flip
493,EMA_CONFIRMED_209_223,LONG,2026-03-24T01:55,2140.12,2026-03-24T03:10,2131.96,15,1.25,7271.95,-27.71,-0.38,7244.24,Signal Flip
494,EMA_CONFIRMED_209_223,LONG,2026-03-24T03:15,2135.44,2026-03-24T04:40,2133.84,17,1.42,7244.24,-5.41,-0.07,7238.83,Signal Flip
495,EMA_CONFIRMED_209_223,LONG,2026-03-24T04:45,2136.45,2026-03-24T04:50,2132.0,1,0.08,7238.83,-15.06,-0.21,7223.77,Signal Flip
496,EMA_CONFIRMED_209_223,LONG,2026-03-24T04:55,2139.74,2026-03-24T05:05,2129.63,2,0.17,7223.77,-34.11,-0.47,7189.66,Signal Flip
497,EMA_CONFIRMED_209_223,LONG,2026-03-24T05:45,2136.77,2026-03-24T06:00,2132.57,3,0.25,7189.66,-14.11,-0.2,7175.54,Signal Flip
498,EMA_CONFIRMED_209_223,LONG,2026-03-24T06:05,2136.2,2026-03-24T13:40,2143.08,91,7.58,7175.54,23.11,0.32,7198.66,Signal Flip
499,EMA_CONFIRMED_209_223,SHORT,2026-03-24T19:40,2117.87,2026-03-24T20:25,2146.31,9,0.75,7198.66,-96.67,-1.34,7101.98,Signal Flip
500,EMA_CONFIRMED_209_223,LONG,2026-03-24T21:30,2145.67,2026-03-25T15:10,2161.88,212,17.67,7101.98,53.64,0.76,7155.62,Signal Flip
501,EMA_CONFIRMED_209_223,LONG,2026-03-25T16:30,2176.6,2026-03-25T17:20,2166.32,10,0.83,7155.62,-33.8,-0.47,7121.82,Signal Flip
502,EMA_CONFIRMED_209_223,LONG,2026-03-25T18:20,2170.88,2026-03-25T18:35,2167.24,3,0.25,7121.82,-11.97,-0.17,7109.85,Signal Flip
503,EMA_CONFIRMED_209_223,LONG,2026-03-25T19:05,2170.11,2026-03-25T19:10,2165.07,1,0.08,7109.85,-16.54,-0.23,7093.31,Signal Flip
504,EMA_CONFIRMED_209_223,LONG,2026-03-25T19:15,2170.36,2026-03-25T20:05,2166.09,10,0.83,7093.31,-13.98,-0.2,7079.33,Signal Flip
505,EMA_CONFIRMED_209_223,LONG,2026-03-25T21:15,2170.22,2026-03-25T21:20,2167.57,1,0.08,7079.33,-8.67,-0.12,7070.66,Signal Flip
506,EMA_CONFIRMED_209_223,LONG,2026-03-25T22:35,2175.94,2026-03-25T23:40,2166.8,13,1.08,7070.66,-29.7,-0.42,7040.95,Signal Flip
507,EMA_CONFIRMED_209_223,LONG,2026-03-25T23:55,2170.57,2026-03-26T00:05,2166.46,2,0.17,7040.95,-13.36,-0.19,7027.59,Signal Flip
508,EMA_CONFIRMED_209_223,LONG,2026-03-26T00:50,2172.56,2026-03-26T00:55,2163.19,1,0.08,7027.59,-30.3,-0.43,6997.29,Signal Flip
509,EMA_CONFIRMED_209_223,SHORT,2026-03-26T04:05,2150.21,2026-03-27T07:30,2071.35,329,27.42,6997.29,256.66,3.67,7253.95,Signal Flip
510,EMA_CONFIRMED_209_223,SHORT,2026-03-27T07:35,2066.5,2026-03-27T07:55,2071.83,4,0.33,7253.95,-18.71,-0.26,7235.24,Signal Flip
511,EMA_CONFIRMED_209_223,SHORT,2026-03-27T08:00,2065.21,2026-03-28T06:20,2006.75,268,22.33,7235.24,204.79,2.83,7440.03,Signal Flip
512,EMA_CONFIRMED_209_223,SHORT,2026-03-28T09:05,1996.8,2026-03-28T09:30,2000.14,5,0.42,7440.03,-12.44,-0.17,7427.59,Signal Flip
513,EMA_CONFIRMED_209_223,SHORT,2026-03-28T09:35,1996.2,2026-03-28T09:55,2000.29,4,0.33,7427.59,-15.21,-0.2,7412.38,Signal Flip
514,EMA_CONFIRMED_209_223,SHORT,2026-03-28T10:25,1997.15,2026-03-28T11:50,1999.74,17,1.42,7412.38,-9.61,-0.13,7402.77,Signal Flip
515,EMA_CONFIRMED_209_223,SHORT,2026-03-28T12:00,1996.64,2026-03-28T12:15,2001.46,3,0.25,7402.77,-17.87,-0.24,7384.91,Signal Flip
516,EMA_CONFIRMED_209_223,SHORT,2026-03-28T12:35,1996.86,2026-03-28T12:50,1999.86,3,0.25,7384.91,-11.09,-0.15,7373.82,Signal Flip
517,EMA_CONFIRMED_209_223,LONG,2026-03-28T16:25,2029.17,2026-03-28T21:55,2009.68,66,5.5,7373.82,-70.82,-0.96,7302.99,Signal Flip
518,EMA_CONFIRMED_209_223,SHORT,2026-03-29T01:40,1998.45,2026-03-29T02:55,2010.48,15,1.25,7302.99,-43.98,-0.6,7259.02,Signal Flip
519,EMA_CONFIRMED_209_223,SHORT,2026-03-29T03:15,2006.82,2026-03-29T03:20,2016.63,1,0.08,7259.02,-35.49,-0.49,7223.53,Signal Flip
520,EMA_CONFIRMED_209_223,SHORT,2026-03-29T04:20,2007.87,2026-03-29T07:55,2008.53,43,3.58,7223.53,-2.4,-0.03,7221.12,Signal Flip
521,EMA_CONFIRMED_209_223,SHORT,2026-03-29T08:00,2005.14,2026-03-29T11:40,2006.82,44,3.67,7221.12,-6.07,-0.08,7215.05,Signal Flip
522,EMA_CONFIRMED_209_223,SHORT,2026-03-29T11:50,2001.8,2026-03-29T16:20,2003.39,54,4.5,7215.05,-5.74,-0.08,7209.31,Signal Flip
523,EMA_CONFIRMED_209_223,SHORT,2026-03-29T16:35,1999.31,2026-03-29T20:20,2001.04,45,3.75,7209.31,-6.24,-0.09,7203.07,Signal Flip
524,EMA_CONFIRMED_209_223,SHORT,2026-03-29T22:05,1994.17,2026-03-30T00:20,2019.81,27,2.25,7203.07,-92.6,-1.29,7110.47,Signal Flip
525,EMA_CONFIRMED_209_223,SHORT,2026-03-30T00:55,1993.06,2026-03-30T01:00,1998.27,1,0.08,7110.47,-18.57,-0.26,7091.9,Signal Flip
526,EMA_CONFIRMED_209_223,LONG,2026-03-30T03:15,2030.59,2026-03-30T17:25,2043.97,170,14.17,7091.9,46.7,0.66,7138.6,Signal Flip
527,EMA_CONFIRMED_209_223,LONG,2026-03-30T21:25,2048.42,2026-03-30T21:30,2040.94,1,0.08,7138.6,-26.08,-0.37,7112.52,Signal Flip
528,EMA_CONFIRMED_209_223,LONG,2026-03-30T21:35,2043.84,2026-03-30T21:50,2041.08,3,0.25,7112.52,-9.61,-0.14,7102.9,Signal Flip
529,EMA_CONFIRMED_209_223,LONG,2026-03-30T22:05,2045.23,2026-03-30T22:10,2033.38,1,0.08,7102.9,-41.15,-0.58,7061.75,Signal Flip
530,EMA_CONFIRMED_209_223,LONG,2026-03-31T00:50,2039.65,2026-03-31T00:55,2033.7,1,0.08,7061.75,-20.59,-0.29,7041.16,Signal Flip
531,EMA_CONFIRMED_209_223,LONG,2026-03-31T01:15,2041.02,2026-03-31T07:15,2050.3,72,6.0,7041.16,32.03,0.45,7073.19,Signal Flip
532,EMA_CONFIRMED_209_223,LONG,2026-03-31T07:40,2053.91,2026-03-31T08:35,2047.62,11,0.92,7073.19,-21.66,-0.31,7051.53,Signal Flip
533,EMA_CONFIRMED_209_223,LONG,2026-03-31T12:20,2046.88,2026-03-31T12:25,2043.2,1,0.08,7051.53,-12.69,-0.18,7038.83,Signal Flip
534,EMA_CONFIRMED_209_223,LONG,2026-03-31T12:30,2052.57,2026-03-31T14:55,2042.78,29,2.42,7038.83,-33.56,-0.48,7005.27,Signal Flip
535,EMA_CONFIRMED_209_223,LONG,2026-03-31T15:05,2053.22,2026-04-01T02:35,2083.02,138,11.5,7005.27,101.68,1.45,7106.95,Signal Flip
536,EMA_CONFIRMED_209_223,LONG,2026-04-01T02:40,2088.79,2026-04-01T13:45,2115.27,133,11.08,7106.95,90.09,1.27,7197.04,Signal Flip
537,EMA_CONFIRMED_209_223,LONG,2026-04-01T13:55,2120.73,2026-04-01T14:35,2115.29,8,0.67,7197.04,-18.45,-0.26,7178.58,Signal Flip
538,EMA_CONFIRMED_209_223,LONG,2026-04-01T14:40,2122.48,2026-04-02T01:20,2117.18,128,10.67,7178.58,-17.92,-0.25,7160.66,Signal Flip
539,EMA_CONFIRMED_209_223,SHORT,2026-04-02T04:00,2055.3,2026-04-02T14:45,2071.87,129,10.75,7160.66,-57.71,-0.81,7102.95,Signal Flip
540,EMA_CONFIRMED_209_223,SHORT,2026-04-02T14:50,2057.82,2026-04-02T14:55,2064.73,1,0.08,7102.95,-23.86,-0.34,7079.1,Signal Flip
541,EMA_CONFIRMED_209_223,SHORT,2026-04-02T15:10,2061.79,2026-04-02T15:15,2064.73,1,0.08,7079.1,-10.11,-0.14,7068.99,Signal Flip
542,EMA_CONFIRMED_209_223,SHORT,2026-04-02T15:20,2056.37,2026-04-02T15:45,2065.73,5,0.42,7068.99,-32.18,-0.46,7036.81,Signal Flip
543,EMA_CONFIRMED_209_223,SHORT,2026-04-02T15:50,2057.37,2026-04-02T16:35,2066.0,9,0.75,7036.81,-29.52,-0.42,7007.29,Signal Flip
544,EMA_CONFIRMED_209_223,SHORT,2026-04-02T17:05,2056.41,2026-04-02T17:15,2065.96,2,0.17,7007.29,-32.55,-0.46,6974.74,Signal Flip
545,EMA_CONFIRMED_209_223,SHORT,2026-04-02T17:35,2058.48,2026-04-02T19:55,2065.61,28,2.33,6974.74,-24.17,-0.35,6950.58,Signal Flip
546,EMA_CONFIRMED_209_223,SHORT,2026-04-02T21:15,2058.48,2026-04-02T21:20,2062.87,1,0.08,6950.58,-14.83,-0.21,6935.75,Signal Flip
547,EMA_CONFIRMED_209_223,SHORT,2026-04-02T21:25,2057.29,2026-04-02T22:00,2064.02,7,0.58,6935.75,-22.69,-0.33,6913.06,Signal Flip
548,EMA_CONFIRMED_209_223,SHORT,2026-04-02T22:25,2057.98,2026-04-03T05:35,2061.84,86,7.17,6913.06,-12.97,-0.19,6900.09,Signal Flip
549,EMA_CONFIRMED_209_223,SHORT,2026-04-03T05:55,2055.77,2026-04-03T06:15,2061.01,4,0.33,6900.09,-17.58,-0.25,6882.51,Signal Flip
550,EMA_CONFIRMED_209_223,SHORT,2026-04-03T09:25,2057.18,2026-04-03T09:35,2060.96,2,0.17,6882.51,-12.64,-0.18,6869.87,Signal Flip
551,EMA_CONFIRMED_209_223,SHORT,2026-04-03T10:05,2058.07,2026-04-03T10:55,2060.38,10,0.83,6869.87,-7.71,-0.11,6862.16,Signal Flip
552,EMA_CONFIRMED_209_223,SHORT,2026-04-03T11:10,2057.68,2026-04-03T11:25,2061.64,3,0.25,6862.16,-13.21,-0.19,6848.95,Signal Flip
553,EMA_CONFIRMED_209_223,SHORT,2026-04-03T12:40,2057.58,2026-04-03T21:15,2059.81,103,8.58,6848.95,-7.42,-0.11,6841.54,Signal Flip
554,EMA_CONFIRMED_209_223,SHORT,2026-04-03T22:10,2053.68,2026-04-03T22:15,2055.94,1,0.08,6841.54,-7.51,-0.11,6834.02,Signal Flip
555,EMA_CONFIRMED_209_223,SHORT,2026-04-03T22:25,2053.73,2026-04-03T22:30,2055.92,1,0.08,6834.02,-7.27,-0.11,6826.75,Signal Flip
556,EMA_CONFIRMED_209_223,SHORT,2026-04-03T22:35,2053.47,2026-04-04T05:35,2055.3,84,7.0,6826.75,-6.07,-0.09,6820.69,Signal Flip
557,EMA_CONFIRMED_209_223,SHORT,2026-04-04T05:40,2051.57,2026-04-04T05:45,2053.88,1,0.08,6820.69,-7.66,-0.11,6813.03,Signal Flip
558,EMA_CONFIRMED_209_223,SHORT,2026-04-04T07:45,2051.93,2026-04-04T07:55,2054.23,2,0.17,6813.03,-7.61,-0.11,6805.42,Signal Flip
559,EMA_CONFIRMED_209_223,SHORT,2026-04-04T08:35,2051.35,2026-04-04T10:45,2053.6,26,2.17,6805.42,-7.44,-0.11,6797.98,Signal Flip
560,EMA_CONFIRMED_209_223,SHORT,2026-04-04T11:20,2051.28,2026-04-04T11:25,2054.09,1,0.08,6797.98,-9.29,-0.14,6788.69,Signal Flip
561,EMA_CONFIRMED_209_223,SHORT,2026-04-04T11:30,2051.13,2026-04-04T13:40,2053.79,26,2.17,6788.69,-8.78,-0.13,6779.91,Signal Flip
562,EMA_CONFIRMED_209_223,SHORT,2026-04-04T13:50,2050.48,2026-04-04T14:00,2054.61,2,0.17,6779.91,-13.63,-0.2,6766.28,Signal Flip
563,EMA_CONFIRMED_209_223,SHORT,2026-04-04T14:25,2051.14,2026-04-04T15:00,2054.13,7,0.58,6766.28,-9.84,-0.15,6756.44,Signal Flip
564,EMA_CONFIRMED_209_223,LONG,2026-04-04T18:20,2058.99,2026-04-05T01:10,2058.14,82,6.83,6756.44,-2.78,-0.04,6753.66,Signal Flip
565,EMA_CONFIRMED_209_223,LONG,2026-04-05T01:15,2061.73,2026-04-05T01:20,2058.56,1,0.08,6753.66,-10.38,-0.15,6743.27,Signal Flip
566,EMA_CONFIRMED_209_223,LONG,2026-04-05T03:00,2060.89,2026-04-05T03:20,2056.97,4,0.33,6743.27,-12.82,-0.19,6730.45,Signal Flip
567,EMA_CONFIRMED_209_223,SHORT,2026-04-05T06:35,2037.54,2026-04-05T15:30,2061.69,107,8.92,6730.45,-79.77,-1.19,6650.68,Signal Flip
568,EMA_CONFIRMED_209_223,LONG,2026-04-05T19:55,2060.98,2026-04-05T22:25,2051.39,30,2.5,6650.68,-30.93,-0.47,6619.75,Signal Flip
569,EMA_CONFIRMED_209_223,LONG,2026-04-05T22:30,2055.18,2026-04-06T17:05,2131.93,223,18.58,6619.75,247.23,3.73,6866.98,Signal Flip
570,EMA_CONFIRMED_209_223,LONG,2026-04-06T17:10,2139.16,2026-04-06T17:15,2126.35,1,0.08,6866.98,-41.13,-0.6,6825.85,Signal Flip
571,EMA_CONFIRMED_209_223,LONG,2026-04-06T17:25,2135.77,2026-04-06T17:40,2133.21,3,0.25,6825.85,-8.16,-0.12,6817.68,Signal Flip
572,EMA_CONFIRMED_209_223,LONG,2026-04-06T18:00,2136.03,2026-04-06T18:05,2130.65,1,0.08,6817.68,-17.15,-0.25,6800.53,Signal Flip
573,EMA_CONFIRMED_209_223,LONG,2026-04-06T18:10,2136.19,2026-04-06T22:05,2136.93,47,3.92,6800.53,2.37,0.03,6802.9,Signal Flip
574,EMA_CONFIRMED_209_223,LONG,2026-04-06T22:15,2141.47,2026-04-06T22:20,2136.33,1,0.08,6802.9,-16.32,-0.24,6786.58,Signal Flip
575,EMA_CONFIRMED_209_223,SHORT,2026-04-07T04:25,2105.74,2026-04-07T09:05,2118.79,56,4.67,6786.58,-42.07,-0.62,6744.51,Signal Flip
576,EMA_CONFIRMED_209_223,SHORT,2026-04-07T10:15,2116.31,2026-04-07T10:20,2120.15,1,0.08,6744.51,-12.23,-0.18,6732.28,Signal Flip
577,EMA_CONFIRMED_209_223,SHORT,2026-04-07T10:30,2105.44,2026-04-07T17:40,2099.65,86,7.17,6732.28,18.51,0.27,6750.78,Signal Flip
578,EMA_CONFIRMED_209_223,SHORT,2026-04-07T17:45,2096.17,2026-04-07T17:50,2101.24,1,0.08,6750.78,-16.32,-0.24,6734.46,Signal Flip
579,EMA_CONFIRMED_209_223,SHORT,2026-04-07T18:05,2096.53,2026-04-07T19:20,2101.0,15,1.25,6734.46,-14.35,-0.21,6720.1,Signal Flip
580,EMA_CONFIRMED_209_223,SHORT,2026-04-07T19:25,2095.04,2026-04-07T19:50,2108.14,5,0.42,6720.1,-42.02,-0.63,6678.08,Signal Flip
581,EMA_CONFIRMED_209_223,LONG,2026-04-07T22:40,2183.33,2026-04-08T14:35,2204.54,191,15.92,6678.08,64.86,0.97,6742.94,Signal Flip
582,EMA_CONFIRMED_209_223,LONG,2026-04-08T16:25,2222.53,2026-04-08T16:30,2218.14,1,0.08,6742.94,-13.32,-0.2,6729.62,Signal Flip
583,EMA_CONFIRMED_209_223,LONG,2026-04-08T16:50,2221.64,2026-04-08T16:55,2219.17,1,0.08,6729.62,-7.48,-0.11,6722.14,Signal Flip
584,EMA_CONFIRMED_209_223,LONG,2026-04-08T17:00,2221.88,2026-04-08T17:25,2217.19,5,0.42,6722.14,-14.19,-0.21,6707.95,Signal Flip
585,EMA_CONFIRMED_209_223,LONG,2026-04-08T17:35,2224.83,2026-04-08T18:20,2215.25,9,0.75,6707.95,-28.88,-0.43,6679.07,Signal Flip
586,EMA_CONFIRMED_209_223,LONG,2026-04-08T21:25,2219.53,2026-04-08T21:35,2215.0,2,0.17,6679.07,-13.62,-0.2,6665.44,Signal Flip
587,EMA_CONFIRMED_209_223,LONG,2026-04-08T21:40,2219.98,2026-04-08T21:45,2214.51,1,0.08,6665.44,-16.42,-0.25,6649.03,Signal Flip
588,EMA_CONFIRMED_209_223,SHORT,2026-04-09T02:15,2173.88,2026-04-09T10:00,2195.23,93,7.75,6649.03,-65.28,-0.98,6583.74,Signal Flip
589,EMA_CONFIRMED_209_223,SHORT,2026-04-09T10:05,2190.51,2026-04-09T10:25,2193.32,4,0.33,6583.74,-8.42,-0.13,6575.32,Signal Flip
590,EMA_CONFIRMED_209_223,SHORT,2026-04-09T11:00,2189.59,2026-04-09T15:20,2189.33,52,4.33,6575.32,0.78,0.01,6576.1,Signal Flip
591,EMA_CONFIRMED_209_223,SHORT,2026-04-09T15:30,2183.52,2026-04-09T15:35,2217.89,1,0.08,6576.1,-103.51,-1.57,6472.59,Signal Flip
592,EMA_CONFIRMED_209_223,LONG,2026-04-09T18:35,2207.53,2026-04-09T23:00,2196.59,53,4.42,6472.59,-32.08,-0.5,6440.51,Signal Flip
593,EMA_CONFIRMED_209_223,LONG,2026-04-10T01:40,2203.74,2026-04-10T01:50,2198.1,2,0.17,6440.51,-16.49,-0.26,6424.02,Signal Flip
594,EMA_CONFIRMED_209_223,LONG,2026-04-10T01:55,2200.54,2026-04-10T02:00,2193.59,1,0.08,6424.02,-20.28,-0.32,6403.74,Signal Flip
595,EMA_CONFIRMED_209_223,SHORT,2026-04-10T04:10,2186.64,2026-04-10T05:25,2202.2,15,1.25,6403.74,-45.58,-0.71,6358.16,Signal Flip
596,EMA_CONFIRMED_209_223,SHORT,2026-04-10T06:10,2194.53,2026-04-10T06:15,2198.27,1,0.08,6358.16,-10.83,-0.17,6347.33,Signal Flip
597,EMA_CONFIRMED_209_223,SHORT,2026-04-10T06:20,2190.51,2026-04-10T09:20,2195.94,36,3.0,6347.33,-15.71,-0.25,6331.62,Signal Flip
598,EMA_CONFIRMED_209_223,SHORT,2026-04-10T09:45,2192.4,2026-04-10T09:55,2196.88,2,0.17,6331.62,-12.92,-0.2,6318.7,Signal Flip
599,EMA_CONFIRMED_209_223,SHORT,2026-04-10T10:10,2192.12,2026-04-10T10:20,2195.67,2,0.17,6318.7,-10.22,-0.16,6308.48,Signal Flip
600,EMA_CONFIRMED_209_223,SHORT,2026-04-10T10:25,2191.17,2026-04-10T10:45,2194.75,4,0.33,6308.48,-10.29,-0.16,6298.2,Signal Flip
601,EMA_CONFIRMED_209_223,LONG,2026-04-10T12:00,2216.77,2026-04-11T05:15,2230.14,207,17.25,6298.2,38.0,0.6,6336.2,Signal Flip
602,EMA_CONFIRMED_209_223,LONG,2026-04-11T06:55,2236.98,2026-04-11T07:00,2234.56,1,0.08,6336.2,-6.84,-0.11,6329.36,Signal Flip
603,EMA_CONFIRMED_209_223,LONG,2026-04-11T07:25,2237.26,2026-04-11T07:30,2234.19,1,0.08,6329.36,-8.67,-0.14,6320.68,Signal Flip
604,EMA_CONFIRMED_209_223,LONG,2026-04-11T09:20,2245.97,2026-04-11T13:15,2234.63,47,3.92,6320.68,-31.91,-0.5,6288.77,Signal Flip
605,EMA_CONFIRMED_209_223,LONG,2026-04-11T13:20,2242.63,2026-04-11T13:30,2236.54,2,0.17,6288.77,-17.08,-0.27,6271.69,Signal Flip
606,EMA_CONFIRMED_209_223,LONG,2026-04-11T13:40,2240.25,2026-04-12T01:35,2265.22,143,11.92,6271.69,69.9,1.11,6341.59,Signal Flip
607,EMA_CONFIRMED_209_223,SHORT,2026-04-12T05:10,2212.43,2026-04-12T20:45,2213.67,187,15.58,6341.59,-3.53,-0.06,6338.06,Signal Flip
608,EMA_CONFIRMED_209_223,SHORT,2026-04-12T20:50,2206.54,2026-04-12T20:55,2210.98,1,0.08,6338.06,-12.78,-0.2,6325.28,Signal Flip
609,EMA_CONFIRMED_209_223,SHORT,2026-04-12T21:15,2206.79,2026-04-12T21:20,2211.61,1,0.08,6325.28,-13.81,-0.22,6311.46,Signal Flip
610,EMA_CONFIRMED_209_223,SHORT,2026-04-12T21:35,2204.24,2026-04-12T21:40,2211.52,1,0.08,6311.46,-20.84,-0.33,6290.63,Signal Flip
611,EMA_CONFIRMED_209_223,SHORT,2026-04-12T21:50,2206.23,2026-04-12T22:00,2212.35,2,0.17,6290.63,-17.45,-0.28,6273.18,Signal Flip
612,EMA_CONFIRMED_209_223,SHORT,2026-04-12T22:05,2187.74,2026-04-13T00:55,2207.72,34,2.83,6273.18,-57.31,-0.91,6215.86,Signal Flip
613,EMA_CONFIRMED_209_223,SHORT,2026-04-13T01:10,2202.46,2026-04-13T01:35,2206.21,5,0.42,6215.86,-10.6,-0.17,6205.27,Signal Flip
614,EMA_CONFIRMED_209_223,SHORT,2026-04-13T01:40,2202.77,2026-04-13T12:55,2198.02,135,11.25,6205.27,13.38,0.22,6218.65,Signal Flip
615,EMA_CONFIRMED_209_223,SHORT,2026-04-13T13:00,2191.2,2026-04-13T13:05,2198.18,1,0.08,6218.65,-19.79,-0.32,6198.85,Signal Flip
616,EMA_CONFIRMED_209_223,SHORT,2026-04-13T13:35,2191.48,2026-04-13T13:50,2213.0,3,0.25,6198.85,-60.85,-0.98,6138.0,Signal Flip
617,EMA_CONFIRMED_209_223,LONG,2026-04-13T17:20,2229.77,2026-04-14T15:05,2349.59,261,21.75,6138.0,329.83,5.37,6467.84,Signal Flip
618,EMA_CONFIRMED_209_223,LONG,2026-04-14T15:35,2357.33,2026-04-14T16:25,2350.38,10,0.83,6467.84,-19.05,-0.29,6448.79,Signal Flip
619,EMA_CONFIRMED_209_223,LONG,2026-04-15T00:10,2342.53,2026-04-15T00:20,2330.19,2,0.17,6448.79,-33.96,-0.53,6414.83,Signal Flip
620,EMA_CONFIRMED_209_223,LONG,2026-04-15T00:25,2338.99,2026-04-15T00:35,2332.78,2,0.17,6414.83,-17.02,-0.27,6397.81,Signal Flip
621,EMA_CONFIRMED_209_223,LONG,2026-04-15T01:05,2337.15,2026-04-15T01:25,2333.21,4,0.33,6397.81,-10.77,-0.17,6387.03,Signal Flip
622,EMA_CONFIRMED_209_223,LONG,2026-04-15T01:30,2337.42,2026-04-15T01:35,2333.36,1,0.08,6387.03,-11.08,-0.17,6375.95,Signal Flip
623,EMA_CONFIRMED_209_223,LONG,2026-04-15T01:40,2337.01,2026-04-15T02:10,2332.19,6,0.5,6375.95,-13.14,-0.21,6362.82,Signal Flip
624,EMA_CONFIRMED_209_223,LONG,2026-04-15T04:55,2335.15,2026-04-15T05:10,2328.94,3,0.25,6362.82,-16.9,-0.27,6345.92,Signal Flip
625,EMA_CONFIRMED_209_223,SHORT,2026-04-15T06:45,2317.33,2026-04-15T08:35,2333.54,22,1.83,6345.92,-44.38,-0.7,6301.54,Signal Flip
626,EMA_CONFIRMED_209_223,SHORT,2026-04-15T08:40,2326.24,2026-04-15T08:55,2330.44,3,0.25,6301.54,-11.4,-0.18,6290.14,Signal Flip
627,EMA_CONFIRMED_209_223,SHORT,2026-04-15T09:00,2326.24,2026-04-15T11:40,2328.16,32,2.67,6290.14,-5.21,-0.08,6284.93,Signal Flip
628,EMA_CONFIRMED_209_223,SHORT,2026-04-15T13:45,2317.6,2026-04-15T14:15,2334.22,6,0.5,6284.93,-45.06,-0.72,6239.87,Signal Flip
629,EMA_CONFIRMED_209_223,SHORT,2026-04-15T15:35,2321.8,2026-04-15T15:45,2333.9,2,0.17,6239.87,-32.51,-0.52,6207.36,Signal Flip
630,EMA_CONFIRMED_209_223,LONG,2026-04-15T16:05,2339.62,2026-04-16T05:10,2349.52,157,13.08,6207.36,26.28,0.42,6233.64,Signal Flip
631,EMA_CONFIRMED_209_223,LONG,2026-04-16T05:15,2353.53,2026-04-16T07:40,2349.67,29,2.42,6233.64,-10.2,-0.16,6223.44,Signal Flip
632,EMA_CONFIRMED_209_223,SHORT,2026-04-16T12:50,2337.06,2026-04-16T13:20,2348.68,6,0.5,6223.44,-30.95,-0.5,6192.48,Signal Flip
633,EMA_CONFIRMED_209_223,SHORT,2026-04-16T13:35,2342.28,2026-04-16T15:40,2341.31,25,2.08,6192.48,2.56,0.04,6195.04,Signal Flip
634,EMA_CONFIRMED_209_223,SHORT,2026-04-16T15:45,2337.53,2026-04-16T16:00,2340.18,3,0.25,6195.04,-7.02,-0.11,6188.02,Signal Flip
635,EMA_CONFIRMED_209_223,SHORT,2026-04-16T16:15,2334.84,2026-04-16T16:20,2341.34,1,0.08,6188.02,-17.22,-0.28,6170.8,Signal Flip
636,EMA_CONFIRMED_209_223,SHORT,2026-04-16T16:25,2333.54,2026-04-16T18:50,2338.48,29,2.42,6170.8,-13.05,-0.21,6157.75,Signal Flip
637,EMA_CONFIRMED_209_223,LONG,2026-04-17T00:45,2346.71,2026-04-17T01:25,2331.09,8,0.67,6157.75,-40.98,-0.67,6116.77,Signal Flip
638,EMA_CONFIRMED_209_223,SHORT,2026-04-17T01:40,2333.6,2026-04-17T07:05,2336.36,65,5.42,6116.77,-7.22,-0.12,6109.54,Signal Flip
639,EMA_CONFIRMED_209_223,SHORT,2026-04-17T07:50,2329.42,2026-04-17T08:05,2336.26,3,0.25,6109.54,-17.92,-0.29,6091.62,Signal Flip
640,EMA_CONFIRMED_209_223,LONG,2026-04-17T10:10,2357.98,2026-04-17T10:45,2337.9,7,0.58,6091.62,-51.87,-0.85,6039.75,Signal Flip
641,EMA_CONFIRMED_209_223,LONG,2026-04-17T10:50,2342.79,2026-04-18T03:55,2403.93,205,17.08,6039.75,157.61,2.61,6197.36,Signal Flip
642,EMA_CONFIRMED_209_223,LONG,2026-04-18T05:05,2411.43,2026-04-18T05:20,2408.55,3,0.25,6197.36,-7.4,-0.12,6189.96,Signal Flip
643,EMA_CONFIRMED_209_223,LONG,2026-04-18T05:25,2411.49,2026-04-18T05:30,2407.77,1,0.08,6189.96,-9.55,-0.15,6180.42,Signal Flip
644,EMA_CONFIRMED_209_223,LONG,2026-04-18T06:35,2412.21,2026-04-18T06:40,2408.35,1,0.08,6180.42,-9.89,-0.16,6170.53,Signal Flip
645,EMA_CONFIRMED_209_223,LONG,2026-04-18T06:45,2412.33,2026-04-18T07:00,2408.8,3,0.25,6170.53,-9.03,-0.15,6161.49,Signal Flip
646,EMA_CONFIRMED_209_223,LONG,2026-04-18T07:05,2412.32,2026-04-18T07:10,2407.8,1,0.08,6161.49,-11.55,-0.19,6149.95,Signal Flip
647,EMA_CONFIRMED_209_223,SHORT,2026-04-18T11:30,2355.2,2026-04-19T13:05,2338.13,307,25.58,6149.95,44.58,0.72,6194.53,Signal Flip
648,EMA_CONFIRMED_209_223,SHORT,2026-04-19T14:05,2332.01,2026-04-19T14:30,2340.16,5,0.42,6194.53,-21.64,-0.35,6172.89,Signal Flip
649,EMA_CONFIRMED_209_223,SHORT,2026-04-19T15:10,2334.35,2026-04-19T15:15,2337.59,1,0.08,6172.89,-8.56,-0.14,6164.34,Signal Flip
650,EMA_CONFIRMED_209_223,SHORT,2026-04-19T15:30,2333.98,2026-04-20T07:20,2292.51,190,15.83,6164.34,109.55,1.78,6273.88,Signal Flip
651,EMA_CONFIRMED_209_223,SHORT,2026-04-20T07:55,2287.41,2026-04-20T08:00,2299.96,1,0.08,6273.88,-34.43,-0.55,6239.45,Signal Flip
652,EMA_CONFIRMED_209_223,SHORT,2026-04-20T14:15,2298.79,2026-04-20T14:20,2306.29,1,0.08,6239.45,-20.36,-0.33,6219.09,Signal Flip
653,EMA_CONFIRMED_209_223,SHORT,2026-04-20T14:55,2290.86,2026-04-20T15:25,2309.92,6,0.5,6219.09,-51.74,-0.83,6167.34,Signal Flip
654,EMA_CONFIRMED_209_223,SHORT,2026-04-20T16:50,2299.91,2026-04-20T17:05,2306.64,3,0.25,6167.34,-18.06,-0.29,6149.29,Signal Flip
655,EMA_CONFIRMED_209_223,LONG,2026-04-20T18:10,2331.95,2026-04-20T23:05,2312.01,59,4.92,6149.29,-52.56,-0.85,6096.73,Signal Flip
656,EMA_CONFIRMED_209_223,LONG,2026-04-20T23:40,2314.68,2026-04-20T23:45,2312.03,1,0.08,6096.73,-6.96,-0.11,6089.76,Signal Flip
657,EMA_CONFIRMED_209_223,LONG,2026-04-20T23:50,2315.65,2026-04-21T00:10,2311.4,4,0.33,6089.76,-11.16,-0.18,6078.6,Signal Flip
658,EMA_CONFIRMED_209_223,LONG,2026-04-21T00:15,2316.75,2026-04-21T02:05,2309.65,22,1.83,6078.6,-18.61,-0.31,6059.99,Signal Flip
659,EMA_CONFIRMED_209_223,LONG,2026-04-21T04:55,2314.24,2026-04-21T06:05,2309.42,14,1.17,6059.99,-12.6,-0.21,6047.39,Signal Flip
660,EMA_CONFIRMED_209_223,LONG,2026-04-21T06:35,2321.39,2026-04-21T12:15,2315.61,68,5.67,6047.39,-15.05,-0.25,6032.34,Signal Flip
661,EMA_CONFIRMED_209_223,LONG,2026-04-21T12:30,2319.16,2026-04-21T12:40,2306.05,2,0.17,6032.34,-34.11,-0.57,5998.23,Signal Flip
662,EMA_CONFIRMED_209_223,LONG,2026-04-21T14:35,2318.57,2026-04-21T14:50,2312.78,3,0.25,5998.23,-14.97,-0.25,5983.26,Signal Flip
663,EMA_CONFIRMED_209_223,LONG,2026-04-21T16:10,2316.66,2026-04-21T16:25,2310.02,3,0.25,5983.26,-17.13,-0.29,5966.13,Signal Flip
664,EMA_CONFIRMED_209_223,LONG,2026-04-21T16:35,2322.55,2026-04-21T16:45,2312.18,2,0.17,5966.13,-26.63,-0.45,5939.5,Signal Flip
665,EMA_CONFIRMED_209_223,LONG,2026-04-21T16:50,2318.03,2026-04-21T16:55,2310.79,1,0.08,5939.5,-18.54,-0.31,5920.96,Signal Flip
666,EMA_CONFIRMED_209_223,SHORT,2026-04-21T17:25,2293.27,2026-04-21T17:45,2315.76,4,0.33,5920.96,-58.05,-0.98,5862.91,Signal Flip
667,EMA_CONFIRMED_209_223,SHORT,2026-04-21T17:50,2311.14,2026-04-21T19:00,2313.88,14,1.17,5862.91,-6.93,-0.12,5855.98,Signal Flip
668,EMA_CONFIRMED_209_223,SHORT,2026-04-21T19:40,2301.7,2026-04-21T20:10,2316.03,6,0.5,5855.98,-36.46,-0.62,5819.52,Signal Flip
669,EMA_CONFIRMED_209_223,SHORT,2026-04-21T21:10,2311.2,2026-04-21T21:15,2314.64,1,0.08,5819.52,-8.64,-0.15,5810.88,Signal Flip
670,EMA_CONFIRMED_209_223,SHORT,2026-04-21T21:30,2311.61,2026-04-21T21:35,2314.86,1,0.08,5810.88,-8.15,-0.14,5802.73,Signal Flip
671,EMA_CONFIRMED_209_223,SHORT,2026-04-21T21:45,2308.91,2026-04-21T22:15,2316.75,6,0.5,5802.73,-19.69,-0.34,5783.04,Signal Flip
672,EMA_CONFIRMED_209_223,SHORT,2026-04-21T22:20,2306.13,2026-04-21T23:05,2318.95,9,0.75,5783.04,-32.15,-0.56,5750.89,Signal Flip
673,EMA_CONFIRMED_209_223,LONG,2026-04-22T00:00,2328.31,2026-04-22T01:30,2313.07,18,1.5,5750.89,-37.64,-0.65,5713.24,Signal Flip
674,EMA_CONFIRMED_209_223,LONG,2026-04-22T01:35,2317.94,2026-04-22T23:25,2380.08,262,21.83,5713.24,153.16,2.68,5866.41,Signal Flip
675,EMA_CONFIRMED_209_223,SHORT,2026-04-23T04:45,2344.86,2026-04-23T22:20,2338.95,211,17.58,5866.41,14.78,0.25,5881.19,Signal Flip
676,EMA_CONFIRMED_209_223,SHORT,2026-04-23T22:30,2329.45,2026-04-23T22:35,2333.26,1,0.08,5881.19,-9.6,-0.16,5871.59,Signal Flip
677,EMA_CONFIRMED_209_223,SHORT,2026-04-23T23:05,2329.47,2026-04-23T23:45,2332.17,8,0.67,5871.59,-6.78,-0.12,5864.81,Signal Flip
678,EMA_CONFIRMED_209_223,SHORT,2026-04-24T00:00,2329.1,2026-04-24T00:10,2332.69,2,0.17,5864.81,-9.02,-0.15,5855.79,Signal Flip
679,EMA_CONFIRMED_209_223,SHORT,2026-04-24T01:05,2326.24,2026-04-24T01:50,2331.59,9,0.75,5855.79,-13.46,-0.23,5842.33,Signal Flip
680,EMA_CONFIRMED_209_223,SHORT,2026-04-24T02:10,2328.3,2026-04-24T11:05,2322.98,107,8.92,5842.33,13.34,0.23,5855.66,Signal Flip
681,EMA_CONFIRMED_209_223,SHORT,2026-04-24T12:55,2317.54,2026-04-24T13:00,2326.42,1,0.08,5855.66,-22.44,-0.38,5833.22,Signal Flip
682,EMA_CONFIRMED_209_223,SHORT,2026-04-24T13:45,2319.58,2026-04-24T15:45,2326.18,24,2.0,5833.22,-16.6,-0.28,5816.62,Signal Flip
683,EMA_CONFIRMED_209_223,SHORT,2026-04-24T16:10,2317.61,2026-04-24T16:35,2321.65,5,0.42,5816.62,-10.14,-0.17,5806.48,Signal Flip
684,EMA_CONFIRMED_209_223,SHORT,2026-04-24T16:40,2317.57,2026-04-24T17:15,2320.52,7,0.58,5806.48,-7.39,-0.13,5799.09,Signal Flip
685,EMA_CONFIRMED_209_223,SHORT,2026-04-24T17:20,2314.6,2026-04-24T17:55,2320.64,7,0.58,5799.09,-15.13,-0.26,5783.96,Signal Flip
686,EMA_CONFIRMED_209_223,SHORT,2026-04-24T18:15,2313.4,2026-04-24T18:55,2320.74,8,0.67,5783.96,-18.34,-0.32,5765.62,Signal Flip
687,EMA_CONFIRMED_209_223,SHORT,2026-04-24T20:10,2317.23,2026-04-24T20:15,2321.38,1,0.08,5765.62,-10.32,-0.18,5755.29,Signal Flip
688,EMA_CONFIRMED_209_223,SHORT,2026-04-24T20:20,2316.08,2026-04-24T20:35,2321.86,3,0.25,5755.29,-14.36,-0.25,5740.93,Signal Flip
689,EMA_CONFIRMED_209_223,SHORT,2026-04-24T21:15,2314.44,2026-04-24T21:20,2320.99,1,0.08,5740.93,-16.24,-0.28,5724.69,Signal Flip
690,EMA_CONFIRMED_209_223,SHORT,2026-04-24T21:25,2316.54,2026-04-25T01:15,2319.21,46,3.83,5724.69,-6.59,-0.12,5718.1,Signal Flip
691,EMA_CONFIRMED_209_223,SHORT,2026-04-25T02:05,2313.94,2026-04-25T02:20,2318.8,3,0.25,5718.1,-12.0,-0.21,5706.1,Signal Flip
692,EMA_CONFIRMED_209_223,SHORT,2026-04-25T02:45,2316.15,2026-04-25T03:05,2320.1,4,0.33,5706.1,-9.73,-0.17,5696.37,Signal Flip
693,EMA_CONFIRMED_209_223,SHORT,2026-04-25T03:10,2316.3,2026-04-25T03:15,2318.7,1,0.08,5696.37,-5.9,-0.1,5690.48,Signal Flip
694,EMA_CONFIRMED_209_223,SHORT,2026-04-25T03:30,2315.2,2026-04-25T03:45,2319.27,3,0.25,5690.48,-10.0,-0.18,5680.48,Signal Flip
695,EMA_CONFIRMED_209_223,SHORT,2026-04-25T04:35,2315.9,2026-04-25T06:10,2318.56,19,1.58,5680.48,-6.52,-0.11,5673.96,Signal Flip
696,EMA_CONFIRMED_209_223,SHORT,2026-04-25T06:15,2315.52,2026-04-25T08:05,2318.3,22,1.83,5673.96,-6.8,-0.12,5667.16,Signal Flip
697,EMA_CONFIRMED_209_223,SHORT,2026-04-25T11:10,2316.05,2026-04-25T13:45,2318.5,31,2.58,5667.16,-5.99,-0.11,5661.17,Signal Flip
698,EMA_CONFIRMED_209_223,SHORT,2026-04-25T13:50,2315.72,2026-04-25T13:55,2318.79,1,0.08,5661.17,-7.5,-0.13,5653.67,Signal Flip
699,EMA_CONFIRMED_209_223,SHORT,2026-04-25T14:00,2315.09,2026-04-25T14:10,2318.59,2,0.17,5653.67,-8.54,-0.15,5645.13,Signal Flip
700,EMA_CONFIRMED_209_223,SHORT,2026-04-25T14:20,2314.88,2026-04-25T14:30,2318.65,2,0.17,5645.13,-9.19,-0.16,5635.94,Signal Flip
701,EMA_CONFIRMED_209_223,SHORT,2026-04-25T14:55,2315.59,2026-04-25T15:25,2319.04,6,0.5,5635.94,-8.39,-0.15,5627.55,Signal Flip
702,EMA_CONFIRMED_209_223,SHORT,2026-04-25T15:45,2315.67,2026-04-25T21:05,2315.92,64,5.33,5627.55,-0.6,-0.01,5626.96,Signal Flip
703,EMA_CONFIRMED_209_223,SHORT,2026-04-26T01:05,2312.9,2026-04-26T01:15,2316.42,2,0.17,5626.96,-8.55,-0.15,5618.41,Signal Flip
704,EMA_CONFIRMED_209_223,SHORT,2026-04-26T02:00,2312.68,2026-04-26T02:05,2316.62,1,0.08,5618.41,-9.56,-0.17,5608.85,Signal Flip
705,EMA_CONFIRMED_209_223,SHORT,2026-04-26T03:00,2313.99,2026-04-26T03:15,2317.33,3,0.25,5608.85,-8.09,-0.14,5600.76,Signal Flip
706,EMA_CONFIRMED_209_223,SHORT,2026-04-26T03:30,2311.12,2026-04-26T04:50,2319.38,16,1.33,5600.76,-20.01,-0.36,5580.76,Signal Flip
707,EMA_CONFIRMED_209_223,LONG,2026-04-26T05:45,2330.23,2026-04-27T05:15,2361.83,282,23.5,5580.76,75.67,1.36,5656.42,Signal Flip
708,EMA_CONFIRMED_209_223,SHORT,2026-04-27T09:35,2322.24,2026-04-27T23:55,2309.15,172,14.33,5656.42,31.87,0.56,5688.29,Signal Flip
709,EMA_CONFIRMED_209_223,SHORT,2026-04-28T00:00,2302.51,2026-04-28T00:10,2306.76,2,0.17,5688.29,-10.51,-0.18,5677.78,Signal Flip
710,EMA_CONFIRMED_209_223,SHORT,2026-04-28T00:15,2302.79,2026-04-28T00:45,2308.25,6,0.5,5677.78,-13.48,-0.24,5664.31,Signal Flip
711,EMA_CONFIRMED_209_223,SHORT,2026-04-28T01:20,2303.44,2026-04-28T01:25,2307.33,1,0.08,5664.31,-9.58,-0.17,5654.73,Signal Flip
712,EMA_CONFIRMED_209_223,SHORT,2026-04-28T01:30,2304.03,2026-04-28T16:55,2287.99,185,15.42,5654.73,39.35,0.7,5694.08,Signal Flip
713,EMA_CONFIRMED_209_223,SHORT,2026-04-28T17:15,2281.07,2026-04-28T17:25,2285.87,2,0.17,5694.08,-11.99,-0.21,5682.09,Signal Flip
714,EMA_CONFIRMED_209_223,SHORT,2026-04-28T21:45,2286.22,2026-04-28T21:50,2289.56,1,0.08,5682.09,-8.32,-0.15,5673.77,Signal Flip
715,EMA_CONFIRMED_209_223,SHORT,2026-04-28T22:45,2286.03,2026-04-28T23:15,2289.33,6,0.5,5673.77,-8.21,-0.14,5665.56,Signal Flip
716,EMA_CONFIRMED_209_223,SHORT,2026-04-28T23:20,2285.67,2026-04-28T23:50,2289.78,6,0.5,5665.56,-10.21,-0.18,5655.35,Signal Flip
717,EMA_CONFIRMED_209_223,SHORT,2026-04-29T00:30,2285.82,2026-04-29T00:45,2290.34,3,0.25,5655.35,-11.2,-0.2,5644.15,Signal Flip
718,EMA_CONFIRMED_209_223,SHORT,2026-04-29T01:10,2283.3,2026-04-29T01:50,2297.12,8,0.67,5644.15,-34.16,-0.61,5609.99,Signal Flip
719,EMA_CONFIRMED_209_223,SHORT,2026-04-29T02:35,2285.67,2026-04-29T02:55,2289.17,4,0.33,5609.99,-8.61,-0.15,5601.38,Signal Flip
720,EMA_CONFIRMED_209_223,SHORT,2026-04-29T03:05,2286.88,2026-04-29T03:10,2291.38,1,0.08,5601.38,-11.02,-0.2,5590.36,Signal Flip
721,EMA_CONFIRMED_209_223,LONG,2026-04-29T04:20,2314.72,2026-04-29T12:35,2309.8,99,8.25,5590.36,-11.86,-0.21,5578.49,Signal Flip
722,EMA_CONFIRMED_209_223,LONG,2026-04-29T12:45,2315.19,2026-04-29T12:50,2312.14,1,0.08,5578.49,-7.33,-0.13,5571.16,Signal Flip
723,EMA_CONFIRMED_209_223,LONG,2026-04-29T12:55,2317.27,2026-04-29T13:10,2312.06,3,0.25,5571.16,-12.51,-0.22,5558.65,Signal Flip
724,EMA_CONFIRMED_209_223,LONG,2026-04-29T13:15,2315.99,2026-04-29T13:20,2311.21,1,0.08,5558.65,-11.46,-0.21,5547.19,Signal Flip
725,EMA_CONFIRMED_209_223,SHORT,2026-04-29T17:15,2267.61,2026-04-30T00:55,2274.55,92,7.67,5547.19,-16.98,-0.31,5530.21,Signal Flip
726,EMA_CONFIRMED_209_223,SHORT,2026-04-30T01:00,2271.31,2026-04-30T01:30,2276.59,6,0.5,5530.21,-12.84,-0.23,5517.37,Signal Flip
727,EMA_CONFIRMED_209_223,SHORT,2026-04-30T02:00,2268.23,2026-04-30T07:50,2263.06,70,5.83,5517.37,12.56,0.23,5529.93,Signal Flip
728,EMA_CONFIRMED_209_223,SHORT,2026-04-30T07:55,2257.86,2026-04-30T08:10,2262.53,3,0.25,5529.93,-11.44,-0.21,5518.49,Signal Flip
729,EMA_CONFIRMED_209_223,SHORT,2026-04-30T08:15,2258.82,2026-04-30T09:30,2266.62,15,1.25,5518.49,-19.06,-0.35,5499.43,Signal Flip
730,EMA_CONFIRMED_209_223,SHORT,2026-04-30T10:20,2258.03,2026-04-30T10:40,2263.17,4,0.33,5499.43,-12.52,-0.23,5486.91,Signal Flip
731,EMA_CONFIRMED_209_223,SHORT,2026-04-30T10:50,2259.33,2026-04-30T11:00,2263.13,2,0.17,5486.91,-9.23,-0.17,5477.68,Signal Flip
732,EMA_CONFIRMED_209_223,SHORT,2026-04-30T11:45,2257.32,2026-04-30T12:20,2264.35,7,0.58,5477.68,-17.06,-0.31,5460.62,Signal Flip
733,EMA_CONFIRMED_209_223,SHORT,2026-04-30T13:30,2258.01,2026-04-30T13:40,2265.29,2,0.17,5460.62,-17.61,-0.32,5443.01,Signal Flip
734,EMA_CONFIRMED_209_223,SHORT,2026-04-30T14:15,2260.7,2026-04-30T14:50,2265.93,7,0.58,5443.01,-12.6,-0.23,5430.41,Signal Flip
735,EMA_CONFIRMED_209_223,SHORT,2026-04-30T15:05,2260.31,2026-04-30T15:10,2267.21,1,0.08,5430.41,-16.59,-0.31,5413.82,Signal Flip
736,EMA_CONFIRMED_209_223,SHORT,2026-04-30T16:20,2260.46,2026-04-30T16:35,2263.42,3,0.25,5413.82,-7.09,-0.13,5406.73,Signal Flip
737,EMA_CONFIRMED_209_223,SHORT,2026-04-30T16:40,2260.59,2026-04-30T18:50,2263.56,26,2.17,5406.73,-7.11,-0.13,5399.62,Signal Flip
738,EMA_CONFIRMED_209_223,SHORT,2026-04-30T19:00,2258.71,2026-04-30T19:10,2263.29,2,0.17,5399.62,-10.95,-0.2,5388.67,Signal Flip
739,EMA_CONFIRMED_209_223,SHORT,2026-04-30T20:05,2259.89,2026-04-30T20:10,2263.38,1,0.08,5388.67,-8.33,-0.15,5380.34,Signal Flip
740,EMA_CONFIRMED_209_223,SHORT,2026-04-30T21:10,2260.48,2026-04-30T21:15,2265.23,1,0.08,5380.34,-11.31,-0.21,5369.03,Signal Flip
741,EMA_CONFIRMED_209_223,SHORT,2026-04-30T21:20,2260.51,2026-05-01T00:05,2264.77,33,2.75,5369.03,-10.12,-0.19,5358.9,Signal Flip
742,EMA_CONFIRMED_209_223,SHORT,2026-05-01T00:55,2259.28,2026-05-01T01:05,2262.88,2,0.17,5358.9,-8.54,-0.16,5350.36,Signal Flip
743,EMA_CONFIRMED_209_223,LONG,2026-05-01T03:50,2285.32,2026-05-01T20:45,2293.05,203,16.92,5350.36,18.1,0.34,5368.46,Signal Flip
744,EMA_CONFIRMED_209_223,LONG,2026-05-01T22:10,2297.14,2026-05-01T22:50,2290.44,8,0.67,5368.46,-15.64,-0.29,5352.82,Signal Flip
745,EMA_CONFIRMED_209_223,LONG,2026-05-02T00:00,2296.78,2026-05-02T00:20,2292.68,4,0.33,5352.82,-9.54,-0.18,5343.28,Signal Flip
746,EMA_CONFIRMED_209_223,LONG,2026-05-02T00:25,2298.33,2026-05-02T05:20,2295.55,59,4.92,5343.28,-6.46,-0.12,5336.82,Signal Flip
747,EMA_CONFIRMED_209_223,LONG,2026-05-02T05:25,2299.51,2026-05-03T01:05,2308.23,236,19.67,5336.82,20.23,0.38,5357.05,Signal Flip
748,EMA_CONFIRMED_209_223,LONG,2026-05-03T07:05,2309.03,2026-05-03T21:45,2318.94,176,14.67,5357.05,22.98,0.43,5380.03,Signal Flip
749,EMA_CONFIRMED_209_223,LONG,2026-05-03T22:00,2325.43,2026-05-03T23:35,2324.32,19,1.58,5380.03,-2.58,-0.05,5377.45,Signal Flip
750,EMA_CONFIRMED_209_223,LONG,2026-05-03T23:40,2329.55,2026-05-03T23:45,2323.16,1,0.08,5377.45,-14.77,-0.27,5362.69,Signal Flip
751,EMA_CONFIRMED_209_223,LONG,2026-05-04T01:35,2334.98,2026-05-04T10:05,2344.53,102,8.5,5362.69,21.93,0.41,5384.62,Signal Flip
752,EMA_CONFIRMED_209_223,LONG,2026-05-04T14:25,2348.88,2026-05-04T14:30,2344.59,1,0.08,5384.62,-9.85,-0.18,5374.77,Signal Flip
753,EMA_CONFIRMED_209_223,LONG,2026-05-04T14:35,2350.0,2026-05-04T15:20,2346.22,9,0.75,5374.77,-8.66,-0.16,5366.11,Signal Flip
754,EMA_CONFIRMED_209_223,LONG,2026-05-04T15:30,2349.62,2026-05-04T15:50,2346.12,4,0.33,5366.11,-8.01,-0.15,5358.09,Signal Flip
755,EMA_CONFIRMED_209_223,LONG,2026-05-04T15:55,2350.78,2026-05-04T16:10,2340.4,3,0.25,5358.09,-23.67,-0.44,5334.42,Signal Flip
756,EMA_CONFIRMED_209_223,LONG,2026-05-04T16:20,2357.31,2026-05-04T20:20,2350.57,48,4.0,5334.42,-15.24,-0.29,5319.18,Signal Flip
757,EMA_CONFIRMED_209_223,LONG,2026-05-04T21:05,2355.44,2026-05-04T23:05,2350.08,24,2.0,5319.18,-12.09,-0.23,5307.1,Signal Flip
758,EMA_CONFIRMED_209_223,LONG,2026-05-05T00:35,2356.18,2026-05-05T16:35,2371.88,192,16.0,5307.1,35.38,0.67,5342.47,Signal Flip
759,EMA_CONFIRMED_209_223,LONG,2026-05-05T19:45,2375.42,2026-05-05T19:55,2370.37,2,0.17,5342.47,-11.34,-0.21,5331.13,Signal Flip
760,EMA_CONFIRMED_209_223,LONG,2026-05-05T20:05,2377.04,2026-05-05T21:35,2369.02,18,1.5,5331.13,-17.97,-0.34,5313.16,Signal Flip
761,EMA_CONFIRMED_209_223,LONG,2026-05-05T21:50,2376.25,2026-05-05T22:35,2365.85,9,0.75,5313.16,-23.26,-0.44,5289.9,Signal Flip
762,EMA_CONFIRMED_209_223,LONG,2026-05-06T01:20,2373.74,2026-05-06T01:30,2368.82,2,0.17,5289.9,-10.94,-0.21,5278.96,Signal Flip
763,EMA_CONFIRMED_209_223,LONG,2026-05-06T01:35,2374.17,2026-05-06T01:40,2369.84,1,0.08,5278.96,-9.61,-0.18,5269.35,Signal Flip
764,EMA_CONFIRMED_209_223,LONG,2026-05-06T01:50,2373.7,2026-05-06T02:05,2368.92,3,0.25,5269.35,-10.59,-0.2,5258.76,Signal Flip
765,EMA_CONFIRMED_209_223,LONG,2026-05-06T02:10,2373.18,2026-05-06T02:15,2370.26,1,0.08,5258.76,-6.45,-0.12,5252.31,Signal Flip
766,EMA_CONFIRMED_209_223,LONG,2026-05-06T03:05,2372.72,2026-05-06T03:10,2368.02,1,0.08,5252.31,-10.4,-0.2,5241.9,Signal Flip
767,EMA_CONFIRMED_209_223,LONG,2026-05-06T03:25,2376.46,2026-05-06T04:35,2369.61,14,1.17,5241.9,-15.09,-0.29,5226.81,Signal Flip
768,EMA_CONFIRMED_209_223,LONG,2026-05-06T04:50,2374.45,2026-05-06T04:55,2366.11,1,0.08,5226.81,-18.36,-0.35,5208.45,Signal Flip
769,EMA_CONFIRMED_209_223,SHORT,2026-05-06T06:05,2364.87,2026-05-06T06:45,2371.64,8,0.67,5208.45,-14.91,-0.29,5193.54,Signal Flip
770,EMA_CONFIRMED_209_223,SHORT,2026-05-06T06:55,2368.45,2026-05-06T07:00,2371.72,1,0.08,5193.54,-7.17,-0.14,5186.37,Signal Flip
771,EMA_CONFIRMED_209_223,SHORT,2026-05-06T07:05,2368.28,2026-05-06T07:10,2372.61,1,0.08,5186.37,-9.48,-0.18,5176.89,Signal Flip
772,EMA_CONFIRMED_209_223,SHORT,2026-05-06T07:15,2368.86,2026-05-06T07:20,2372.18,1,0.08,5176.89,-7.23,-0.14,5169.65,Signal Flip
773,EMA_CONFIRMED_209_223,LONG,2026-05-06T08:20,2377.24,2026-05-06T13:25,2384.05,61,5.08,5169.65,14.81,0.29,5184.46,Signal Flip
774,EMA_CONFIRMED_209_223,LONG,2026-05-06T13:35,2386.71,2026-05-06T13:40,2375.79,1,0.08,5184.46,-23.72,-0.46,5160.74,Signal Flip
775,EMA_CONFIRMED_209_223,SHORT,2026-05-06T17:30,2352.61,2026-05-07T07:15,2344.5,165,13.75,5160.74,17.79,0.34,5178.53,Signal Flip
776,EMA_CONFIRMED_209_223,SHORT,2026-05-07T07:20,2339.06,2026-05-07T07:35,2345.75,3,0.25,5178.53,-14.82,-0.29,5163.71,Signal Flip
777,EMA_CONFIRMED_209_223,SHORT,2026-05-07T07:55,2340.56,2026-05-07T08:00,2345.76,1,0.08,5163.71,-11.48,-0.22,5152.23,Signal Flip
778,EMA_CONFIRMED_209_223,SHORT,2026-05-07T08:15,2340.61,2026-05-08T09:15,2290.34,300,25.0,5152.23,110.64,2.15,5262.88,Signal Flip
779,EMA_CONFIRMED_209_223,SHORT,2026-05-08T09:20,2287.71,2026-05-08T09:25,2291.5,1,0.08,5262.88,-8.72,-0.17,5254.16,Signal Flip
780,EMA_CONFIRMED_209_223,SHORT,2026-05-08T09:30,2286.48,2026-05-08T10:45,2291.29,15,1.25,5254.16,-11.05,-0.21,5243.11,Signal Flip
781,EMA_CONFIRMED_209_223,SHORT,2026-05-08T11:00,2286.81,2026-05-08T11:05,2292.27,1,0.08,5243.11,-12.52,-0.24,5230.59,Signal Flip
782,EMA_CONFIRMED_209_223,SHORT,2026-05-08T12:50,2285.66,2026-05-08T14:20,2291.3,18,1.5,5230.59,-12.9,-0.25,5217.69,Signal Flip
783,EMA_CONFIRMED_209_223,SHORT,2026-05-08T14:30,2280.35,2026-05-08T14:40,2289.54,2,0.17,5217.69,-21.04,-0.4,5196.65,Signal Flip
784,EMA_CONFIRMED_209_223,SHORT,2026-05-08T14:50,2285.3,2026-05-08T15:50,2289.14,12,1.0,5196.65,-8.75,-0.17,5187.9,Signal Flip
785,EMA_CONFIRMED_209_223,LONG,2026-05-08T20:10,2313.93,2026-05-09T10:10,2309.09,168,14.0,5187.9,-10.83,-0.21,5177.07,Signal Flip
786,EMA_CONFIRMED_209_223,LONG,2026-05-09T10:15,2314.03,2026-05-09T14:25,2307.77,50,4.17,5177.07,-14.01,-0.27,5163.06,Signal Flip
787,EMA_CONFIRMED_209_223,LONG,2026-05-09T15:35,2312.82,2026-05-10T01:15,2321.1,116,9.67,5163.06,18.49,0.36,5181.55,Signal Flip
788,EMA_CONFIRMED_209_223,LONG,2026-05-10T01:20,2323.78,2026-05-10T01:25,2319.48,1,0.08,5181.55,-9.59,-0.19,5171.96,Signal Flip
789,EMA_CONFIRMED_209_223,LONG,2026-05-10T01:55,2325.9,2026-05-10T02:05,2320.82,2,0.17,5171.96,-11.3,-0.22,5160.66,Signal Flip
790,EMA_CONFIRMED_209_223,LONG,2026-05-10T02:10,2323.57,2026-05-10T02:15,2320.44,1,0.08,5160.66,-6.96,-0.13,5153.7,Signal Flip
791,EMA_CONFIRMED_209_223,LONG,2026-05-10T02:20,2323.56,2026-05-10T10:05,2323.97,93,7.75,5153.7,0.9,0.02,5154.6,Signal Flip
792,EMA_CONFIRMED_209_223,LONG,2026-05-10T10:10,2328.57,2026-05-10T10:15,2323.56,1,0.08,5154.6,-11.1,-0.22,5143.5,Signal Flip
793,EMA_CONFIRMED_209_223,LONG,2026-05-10T10:25,2327.95,2026-05-10T10:40,2324.19,3,0.25,5143.5,-8.32,-0.16,5135.18,Signal Flip
794,EMA_CONFIRMED_209_223,LONG,2026-05-10T11:05,2327.3,2026-05-10T11:10,2323.24,1,0.08,5135.18,-8.97,-0.17,5126.21,Signal Flip
795,EMA_CONFIRMED_209_223,LONG,2026-05-10T13:10,2326.71,2026-05-10T20:45,2334.15,91,7.58,5126.21,16.39,0.32,5142.6,Signal Flip
796,EMA_CONFIRMED_209_223,LONG,2026-05-10T22:05,2340.1,2026-05-11T02:35,2345.16,54,4.5,5142.6,11.11,0.22,5153.71,Signal Flip
797,EMA_CONFIRMED_209_223,SHORT,2026-05-11T10:55,2331.39,2026-05-11T12:25,2339.4,18,1.5,5153.71,-17.7,-0.34,5136.02,Signal Flip
798,EMA_CONFIRMED_209_223,SHORT,2026-05-11T12:30,2335.84,2026-05-11T16:10,2337.55,44,3.67,5136.02,-3.75,-0.07,5132.26,Signal Flip
799,EMA_CONFIRMED_209_223,SHORT,2026-05-11T16:45,2328.62,2026-05-11T17:40,2335.52,11,0.92,5132.26,-15.21,-0.3,5117.05,Signal Flip
800,EMA_CONFIRMED_209_223,SHORT,2026-05-11T19:05,2332.7,2026-05-11T19:10,2339.84,1,0.08,5117.05,-15.65,-0.31,5101.4,Signal Flip
801,EMA_CONFIRMED_209_223,LONG,2026-05-11T23:00,2342.6,2026-05-11T23:30,2335.19,6,0.5,5101.4,-16.13,-0.32,5085.26,Signal Flip
802,EMA_CONFIRMED_209_223,LONG,2026-05-11T23:35,2340.38,2026-05-12T00:15,2335.14,8,0.67,5085.26,-11.38,-0.22,5073.88,Signal Flip
803,EMA_CONFIRMED_209_223,SHORT,2026-05-12T01:10,2327.35,2026-05-12T22:05,2290.72,251,20.92,5073.88,79.84,1.57,5153.72,Signal Flip
804,EMA_CONFIRMED_209_223,SHORT,2026-05-12T22:10,2286.02,2026-05-12T22:20,2290.13,2,0.17,5153.72,-9.28,-0.18,5144.44,Signal Flip
805,EMA_CONFIRMED_209_223,SHORT,2026-05-12T22:25,2286.09,2026-05-13T01:10,2287.98,33,2.75,5144.44,-4.27,-0.08,5140.17,Signal Flip
806,EMA_CONFIRMED_209_223,LONG,2026-05-13T09:00,2317.81,2026-05-13T12:25,2294.94,41,3.42,5140.17,-50.71,-0.99,5089.46,Signal Flip
807,EMA_CONFIRMED_209_223,SHORT,2026-05-13T14:05,2259.09,2026-05-14T05:45,2265.1,188,15.67,5089.46,-13.54,-0.27,5075.91,Signal Flip
808,EMA_CONFIRMED_209_223,SHORT,2026-05-14T08:05,2261.82,2026-05-14T08:10,2267.79,1,0.08,5075.91,-13.41,-0.26,5062.5,Signal Flip
809,EMA_CONFIRMED_209_223,SHORT,2026-05-14T09:05,2263.98,2026-05-14T09:10,2267.34,1,0.08,5062.5,-7.53,-0.15,5054.98,Signal Flip
810,EMA_CONFIRMED_209_223,SHORT,2026-05-14T09:15,2263.34,2026-05-14T10:20,2265.69,13,1.08,5054.98,-5.26,-0.1,5049.72,Signal Flip
811,EMA_CONFIRMED_209_223,SHORT,2026-05-14T10:25,2261.53,2026-05-14T13:25,2265.87,36,3.0,5049.72,-9.7,-0.19,5040.02,Signal Flip
812,EMA_CONFIRMED_209_223,SHORT,2026-05-14T13:30,2260.11,2026-05-14T14:20,2266.05,10,0.83,5040.02,-13.25,-0.26,5026.77,Signal Flip
813,EMA_CONFIRMED_209_223,LONG,2026-05-14T16:30,2307.63,2026-05-14T23:50,2283.99,88,7.33,5026.77,-51.51,-1.02,4975.26,Signal Flip
814,EMA_CONFIRMED_209_223,LONG,2026-05-15T00:10,2288.72,2026-05-15T01:30,2285.17,16,1.33,4975.26,-7.73,-0.16,4967.53,Signal Flip
815,EMA_CONFIRMED_209_223,SHORT,2026-05-15T06:00,2244.28,2026-05-17T04:25,2188.32,557,46.42,4967.53,123.85,2.49,5091.38,Signal Flip
816,EMA_CONFIRMED_209_223,SHORT,2026-05-17T06:25,2181.57,2026-05-17T06:35,2186.07,2,0.17,5091.38,-10.51,-0.21,5080.86,Signal Flip
817,EMA_CONFIRMED_209_223,SHORT,2026-05-17T06:45,2181.39,2026-05-17T06:55,2186.0,2,0.17,5080.86,-10.75,-0.21,5070.12,Signal Flip
818,EMA_CONFIRMED_209_223,SHORT,2026-05-17T07:10,2183.4,2026-05-17T07:25,2185.92,3,0.25,5070.12,-5.86,-0.12,5064.26,Signal Flip
819,EMA_CONFIRMED_209_223,SHORT,2026-05-17T08:20,2182.6,2026-05-17T08:35,2186.13,3,0.25,5064.26,-8.2,-0.16,5056.05,Signal Flip
820,EMA_CONFIRMED_209_223,SHORT,2026-05-17T14:10,2186.89,2026-05-17T18:55,2188.19,57,4.75,5056.05,-3.02,-0.06,5053.03,Signal Flip
821,EMA_CONFIRMED_209_223,SHORT,2026-05-17T22:05,2186.2,2026-05-18T11:45,2137.86,164,13.67,5053.03,111.73,2.21,5164.76,Signal Flip
822,EMA_CONFIRMED_209_223,SHORT,2026-05-18T12:00,2132.83,2026-05-18T12:05,2139.46,1,0.08,5164.76,-16.05,-0.31,5148.71,Signal Flip
823,EMA_CONFIRMED_209_223,SHORT,2026-05-18T13:35,2134.51,2026-05-18T19:50,2123.52,75,6.25,5148.71,26.51,0.51,5175.22,Signal Flip
824,EMA_CONFIRMED_209_223,SHORT,2026-05-18T20:50,2115.56,2026-05-18T21:15,2122.75,5,0.42,5175.22,-17.59,-0.34,5157.64,Signal Flip
825,EMA_CONFIRMED_209_223,SHORT,2026-05-19T01:30,2124.76,2026-05-19T01:35,2131.05,1,0.08,5157.64,-15.29,-0.3,5142.35,Signal Flip
826,EMA_CONFIRMED_209_223,SHORT,2026-05-19T01:50,2125.27,2026-05-19T01:55,2128.17,1,0.08,5142.35,-7.03,-0.14,5135.32,Signal Flip
827,EMA_CONFIRMED_209_223,SHORT,2026-05-19T02:00,2123.86,2026-05-19T02:20,2129.31,4,0.33,5135.32,-13.19,-0.26,5122.12,Signal Flip
828,EMA_CONFIRMED_209_223,SHORT,2026-05-19T02:45,2125.3,2026-05-19T03:15,2129.94,6,0.5,5122.12,-11.2,-0.22,5110.92,Signal Flip
829,EMA_CONFIRMED_209_223,SHORT,2026-05-19T05:20,2126.2,2026-05-19T05:30,2130.94,2,0.17,5110.92,-11.41,-0.22,5099.51,Signal Flip
830,EMA_CONFIRMED_209_223,LONG,2026-05-19T08:50,2137.82,2026-05-19T09:20,2125.98,6,0.5,5099.51,-28.25,-0.55,5071.26,Signal Flip
831,EMA_CONFIRMED_209_223,SHORT,2026-05-19T09:30,2114.84,2026-05-19T16:55,2121.64,89,7.42,5071.26,-16.3,-0.32,5054.96,Signal Flip
832,EMA_CONFIRMED_209_223,SHORT,2026-05-19T17:10,2119.24,2026-05-19T17:15,2123.97,1,0.08,5054.96,-11.29,-0.22,5043.67,Signal Flip
833,EMA_CONFIRMED_209_223,SHORT,2026-05-19T17:30,2118.53,2026-05-19T19:10,2121.57,20,1.67,5043.67,-7.24,-0.14,5036.43,Signal Flip
834,EMA_CONFIRMED_209_223,SHORT,2026-05-19T19:20,2117.99,2026-05-19T21:15,2120.57,23,1.92,5036.43,-6.13,-0.12,5030.3,Signal Flip
835,EMA_CONFIRMED_209_223,SHORT,2026-05-19T21:20,2117.4,2026-05-19T21:35,2121.51,3,0.25,5030.3,-9.76,-0.19,5020.54,Signal Flip
836,EMA_CONFIRMED_209_223,SHORT,2026-05-19T21:45,2117.36,2026-05-19T23:35,2119.42,22,1.83,5020.54,-4.88,-0.1,5015.66,Signal Flip
837,EMA_CONFIRMED_209_223,SHORT,2026-05-19T23:40,2116.25,2026-05-20T03:30,2116.36,46,3.83,5015.66,-0.25,-0.01,5015.4,Signal Flip
838,EMA_CONFIRMED_209_223,SHORT,2026-05-20T03:35,2113.03,2026-05-20T05:05,2117.94,18,1.5,5015.4,-11.64,-0.23,5003.76,Signal Flip
839,EMA_CONFIRMED_209_223,LONG,2026-05-20T08:05,2131.91,2026-05-20T13:40,2119.09,67,5.58,5003.76,-30.08,-0.6,4973.68,Signal Flip
840,EMA_CONFIRMED_209_223,LONG,2026-05-20T14:20,2134.76,2026-05-20T22:00,2129.54,92,7.67,4973.68,-12.14,-0.24,4961.54,Signal Flip
841,EMA_CONFIRMED_209_223,LONG,2026-05-21T00:05,2132.71,2026-05-21T05:50,2134.88,69,5.75,4961.54,5.06,0.1,4966.6,Signal Flip
842,EMA_CONFIRMED_209_223,LONG,2026-05-21T05:55,2137.42,2026-05-21T06:00,2135.24,1,0.08,4966.6,-5.06,-0.1,4961.54,Signal Flip
843,EMA_CONFIRMED_209_223,LONG,2026-05-21T06:05,2137.73,2026-05-21T06:10,2133.44,1,0.08,4961.54,-9.95,-0.2,4951.6,Signal Flip
844,EMA_CONFIRMED_209_223,LONG,2026-05-21T06:25,2137.84,2026-05-21T06:30,2134.22,1,0.08,4951.6,-8.38,-0.17,4943.22,Signal Flip
845,EMA_CONFIRMED_209_223,LONG,2026-05-21T08:05,2139.85,2026-05-21T09:35,2132.0,18,1.5,4943.22,-18.12,-0.37,4925.1,Signal Flip
846,EMA_CONFIRMED_209_223,SHORT,2026-05-21T11:55,2115.48,2026-05-21T15:15,2131.3,40,3.33,4925.1,-36.82,-0.75,4888.28,Signal Flip
847,EMA_CONFIRMED_209_223,SHORT,2026-05-21T15:35,2126.69,2026-05-21T15:40,2130.84,1,0.08,4888.28,-9.56,-0.2,4878.72,Signal Flip
848,EMA_CONFIRMED_209_223,SHORT,2026-05-21T16:40,2124.87,2026-05-21T17:15,2136.83,7,0.58,4878.72,-27.46,-0.56,4851.26,Signal Flip
849,EMA_CONFIRMED_209_223,LONG,2026-05-21T18:40,2139.27,2026-05-21T18:55,2122.58,3,0.25,4851.26,-37.85,-0.78,4813.41,Signal Flip
850,EMA_CONFIRMED_209_223,SHORT,2026-05-21T19:00,2125.81,2026-05-21T19:10,2134.01,2,0.17,4813.41,-18.57,-0.39,4794.84,Signal Flip
851,EMA_CONFIRMED_209_223,LONG,2026-05-21T19:15,2134.01,2026-05-21T22:35,2131.78,40,3.33,4794.84,-4.99,-0.1,4789.85,Signal Flip
852,EMA_CONFIRMED_209_223,LONG,2026-05-21T23:05,2134.03,2026-05-21T23:15,2128.14,2,0.17,4789.85,-13.22,-0.28,4776.63,Signal Flip
853,EMA_CONFIRMED_209_223,LONG,2026-05-21T23:30,2133.94,2026-05-22T00:05,2131.16,7,0.58,4776.63,-6.21,-0.13,4770.42,Signal Flip
854,EMA_CONFIRMED_209_223,LONG,2026-05-22T00:10,2134.07,2026-05-22T00:15,2129.59,1,0.08,4770.42,-10.0,-0.21,4760.42,Signal Flip
855,EMA_CONFIRMED_209_223,LONG,2026-05-22T00:35,2134.9,2026-05-22T00:40,2130.81,1,0.08,4760.42,-9.1,-0.19,4751.32,Signal Flip
856,EMA_CONFIRMED_209_223,LONG,2026-05-22T01:15,2134.46,2026-05-22T01:25,2127.74,2,0.17,4751.32,-14.96,-0.31,4736.36,Signal Flip
857,EMA_CONFIRMED_209_223,LONG,2026-05-22T01:50,2136.39,2026-05-22T04:50,2131.74,36,3.0,4736.36,-10.3,-0.22,4726.06,Signal Flip
858,EMA_CONFIRMED_209_223,LONG,2026-05-22T05:10,2136.25,2026-05-22T05:25,2129.78,3,0.25,4726.06,-14.3,-0.3,4711.77,Signal Flip
859,EMA_CONFIRMED_209_223,SHORT,2026-05-22T08:40,2124.56,2026-05-22T12:00,2131.85,40,3.33,4711.77,-16.16,-0.34,4695.6,Signal Flip
860,EMA_CONFIRMED_209_223,SHORT,2026-05-22T13:30,2128.6,2026-05-22T17:30,2129.76,48,4.0,4695.6,-2.58,-0.05,4693.02,Signal Flip
861,EMA_CONFIRMED_209_223,SHORT,2026-05-22T17:35,2124.05,2026-05-22T17:40,2128.43,1,0.08,4693.02,-9.69,-0.21,4683.33,Signal Flip
862,EMA_CONFIRMED_209_223,SHORT,2026-05-22T17:45,2125.32,2026-05-23T15:00,2062.67,255,21.25,4683.33,138.05,2.95,4821.38,Signal Flip
863,EMA_CONFIRMED_209_223,LONG,2026-05-23T21:50,2113.64,2026-05-24T13:55,2107.88,193,16.08,4821.38,-13.14,-0.27,4808.24,Signal Flip
864,EMA_CONFIRMED_209_223,SHORT,2026-05-24T21:55,2071.21,2026-05-24T23:40,2102.58,21,1.75,4808.24,-72.82,-1.51,4735.42,Signal Flip
865,EMA_CONFIRMED_209_223,SHORT,2026-05-25T00:00,2098.81,2026-05-25T00:05,2102.87,1,0.08,4735.42,-9.16,-0.19,4726.26,Signal Flip
866,EMA_CONFIRMED_209_223,SHORT,2026-05-25T01:55,2098.82,2026-05-25T02:10,2110.53,3,0.25,4726.26,-26.38,-0.56,4699.88,Signal Flip
867,EMA_CONFIRMED_209_223,SHORT,2026-05-25T02:30,2099.21,2026-05-25T04:45,2104.18,27,2.25,4699.88,-11.13,-0.24,4688.75,Signal Flip
868,EMA_CONFIRMED_209_223,SHORT,2026-05-25T06:25,2098.62,2026-05-25T06:35,2106.81,2,0.17,4688.75,-18.3,-0.39,4670.44,Signal Flip
869,EMA_CONFIRMED_209_223,LONG,2026-05-25T07:00,2110.05,2026-05-25T19:40,2115.88,152,12.67,4670.44,12.9,0.28,4683.34,Signal Flip
870,EMA_CONFIRMED_209_223,LONG,2026-05-25T19:45,2121.03,2026-05-25T20:30,2117.72,9,0.75,4683.34,-7.31,-0.16,4676.03,Signal Flip
871,EMA_CONFIRMED_209_223,SHORT,2026-05-26T01:50,2093.35,2026-05-26T10:20,2108.94,102,8.5,4676.03,-34.83,-0.74,4641.21,Signal Flip
872,EMA_CONFIRMED_209_223,LONG,2026-05-26T13:05,2125.24,2026-05-26T15:00,2108.25,23,1.92,4641.21,-37.12,-0.8,4604.09,Signal Flip
873,EMA_CONFIRMED_209_223,LONG,2026-05-26T15:15,2111.96,2026-05-26T15:20,2106.94,1,0.08,4604.09,-10.94,-0.24,4593.15,Signal Flip
874,EMA_CONFIRMED_209_223,SHORT,2026-05-26T16:20,2082.34,2026-05-27T06:45,2081.71,173,14.42,4593.15,1.39,0.03,4594.53,Signal Flip
875,EMA_CONFIRMED_209_223,SHORT,2026-05-27T06:50,2078.97,2026-05-27T07:35,2081.84,9,0.75,4594.53,-6.34,-0.14,4588.19,Signal Flip
876,EMA_CONFIRMED_209_223,SHORT,2026-05-27T07:40,2078.68,2026-05-27T07:50,2082.34,2,0.17,4588.19,-8.08,-0.18,4580.11,Signal Flip
877,EMA_CONFIRMED_209_223,SHORT,2026-05-27T09:05,2078.98,2026-05-27T09:10,2082.66,1,0.08,4580.11,-8.11,-0.18,4572.0,Signal Flip
878,EMA_CONFIRMED_209_223,SHORT,2026-05-27T09:15,2079.68,2026-05-27T09:25,2084.39,2,0.17,4572.0,-10.36,-0.23,4561.64,Signal Flip
879,EMA_CONFIRMED_209_223,SHORT,2026-05-27T09:30,2080.32,2026-05-27T09:35,2084.07,1,0.08,4561.64,-8.23,-0.18,4553.41,Signal Flip
880,EMA_CONFIRMED_209_223,SHORT,2026-05-27T10:40,2080.79,2026-05-27T11:05,2083.92,5,0.42,4553.41,-6.85,-0.15,4546.56,Signal Flip
881,EMA_CONFIRMED_209_223,SHORT,2026-05-27T11:10,2080.03,2026-05-27T11:15,2083.26,1,0.08,4546.56,-7.06,-0.16,4539.49,Signal Flip
882,EMA_CONFIRMED_209_223,SHORT,2026-05-27T11:35,2079.76,2026-05-27T11:40,2085.13,1,0.08,4539.49,-11.73,-0.26,4527.77,Signal Flip
883,EMA_CONFIRMED_209_223,SHORT,2026-05-27T11:50,2080.23,2026-05-27T12:20,2085.97,6,0.5,4527.77,-12.5,-0.28,4515.27,Signal Flip
884,EMA_CONFIRMED_209_223,SHORT,2026-05-27T12:55,2080.65,2026-05-28T16:25,2002.87,330,27.5,4515.27,168.79,3.74,4684.05,Signal Flip
885,EMA_CONFIRMED_209_223,SHORT,2026-05-28T16:30,1997.8,2026-05-28T16:35,2003.05,1,0.08,4684.05,-12.31,-0.26,4671.74,Signal Flip
886,EMA_CONFIRMED_209_223,SHORT,2026-05-28T22:35,2007.83,2026-05-28T23:30,2011.72,11,0.92,4671.74,-9.05,-0.19,4662.69,Signal Flip
887,EMA_CONFIRMED_209_223,SHORT,2026-05-28T23:40,2007.99,2026-05-29T00:00,2010.89,4,0.33,4662.69,-6.76,-0.14,4655.94,Signal Flip
888,EMA_CONFIRMED_209_223,SHORT,2026-05-29T01:25,2008.17,2026-05-29T05:00,2009.51,43,3.58,4655.94,-3.13,-0.07,4652.81,Signal Flip
889,EMA_CONFIRMED_209_223,SHORT,2026-05-29T07:35,2009.0,2026-05-29T08:25,2013.07,10,0.83,4652.81,-9.43,-0.2,4643.38,Signal Flip
890,EMA_CONFIRMED_209_223,SHORT,2026-05-29T08:45,2008.4,2026-05-29T09:10,2011.3,5,0.42,4643.38,-6.7,-0.14,4636.68,Signal Flip
891,EMA_CONFIRMED_209_223,SHORT,2026-05-29T11:30,2009.18,2026-05-29T11:35,2011.78,1,0.08,4636.68,-5.98,-0.13,4630.7,Signal Flip
892,EMA_CONFIRMED_209_223,SHORT,2026-05-29T11:40,2006.45,2026-05-29T15:05,2008.34,41,3.42,4630.7,-4.38,-0.09,4626.32,Signal Flip
893,EMA_CONFIRMED_209_223,LONG,2026-05-29T16:40,2041.69,2026-05-29T18:55,2009.74,27,2.25,4626.32,-72.39,-1.56,4553.93,Signal Flip
894,EMA_CONFIRMED_209_223,LONG,2026-05-29T19:10,2016.33,2026-05-29T19:15,2012.0,1,0.08,4553.93,-9.77,-0.21,4544.17,Signal Flip
895,EMA_CONFIRMED_209_223,LONG,2026-05-29T19:35,2017.81,2026-05-29T21:25,2013.49,22,1.83,4544.17,-9.72,-0.21,4534.45,Signal Flip
896,EMA_CONFIRMED_209_223,LONG,2026-05-30T00:10,2016.94,2026-05-30T00:15,2013.18,1,0.08,4534.45,-8.44,-0.19,4526.01,Signal Flip
897,EMA_CONFIRMED_209_223,LONG,2026-05-30T00:25,2015.96,2026-05-30T00:30,2011.78,1,0.08,4526.01,-9.37,-0.21,4516.64,Signal Flip
898,EMA_CONFIRMED_209_223,LONG,2026-05-30T00:40,2015.87,2026-05-30T00:45,2012.82,1,0.08,4516.64,-6.82,-0.15,4509.82,Signal Flip
899,EMA_CONFIRMED_209_223,LONG,2026-05-30T00:50,2016.58,2026-05-30T00:55,2013.75,1,0.08,4509.82,-6.32,-0.14,4503.5,Signal Flip
900,EMA_CONFIRMED_209_223,LONG,2026-05-30T01:05,2016.54,2026-05-30T03:45,2014.51,32,2.67,4503.5,-4.52,-0.1,4498.97,Signal Flip
901,EMA_CONFIRMED_209_223,LONG,2026-05-30T03:50,2017.85,2026-05-30T04:05,2014.84,3,0.25,4498.97,-6.7,-0.15,4492.27,Signal Flip
902,EMA_CONFIRMED_209_223,LONG,2026-05-30T05:20,2016.45,2026-05-30T05:25,2013.79,1,0.08,4492.27,-5.92,-0.13,4486.36,Signal Flip
903,EMA_CONFIRMED_209_223,LONG,2026-05-30T05:40,2016.63,2026-05-30T06:05,2013.4,5,0.42,4486.36,-7.17,-0.16,4479.18,Signal Flip
904,EMA_CONFIRMED_209_223,LONG,2026-05-30T06:25,2016.92,2026-05-30T07:05,2014.05,8,0.67,4479.18,-6.36,-0.14,4472.82,Signal Flip
905,EMA_CONFIRMED_209_223,LONG,2026-05-30T07:15,2016.94,2026-05-30T07:40,2013.26,5,0.42,4472.82,-8.15,-0.18,4464.67,Signal Flip
906,EMA_CONFIRMED_209_223,LONG,2026-05-30T07:50,2016.68,2026-05-30T07:55,2014.34,1,0.08,4464.67,-5.17,-0.12,4459.5,Signal Flip
907,EMA_CONFIRMED_209_223,LONG,2026-05-30T08:00,2017.33,2026-05-30T08:05,2014.22,1,0.08,4459.5,-6.87,-0.15,4452.63,Signal Flip
908,EMA_CONFIRMED_209_223,LONG,2026-05-30T08:25,2016.86,2026-05-30T08:30,2014.15,1,0.08,4452.63,-5.97,-0.13,4446.66,Signal Flip
909,EMA_CONFIRMED_209_223,LONG,2026-05-30T09:10,2016.62,2026-05-30T09:20,2014.21,2,0.17,4446.66,-5.3,-0.12,4441.35,Signal Flip
910,EMA_CONFIRMED_209_223,LONG,2026-05-30T09:30,2017.26,2026-05-30T22:40,2021.0,158,13.17,4441.35,8.24,0.19,4449.59,Signal Flip
911,EMA_CONFIRMED_209_223,LONG,2026-05-30T23:00,2024.57,2026-05-30T23:15,2020.22,3,0.25,4449.59,-9.57,-0.21,4440.02,Signal Flip
912,EMA_CONFIRMED_209_223,LONG,2026-05-31T00:20,2024.19,2026-05-31T07:05,2026.17,81,6.75,4440.02,4.33,0.1,4444.36,Signal Flip
913,EMA_CONFIRMED_209_223,LONG,2026-05-31T07:10,2028.93,2026-05-31T07:15,2025.42,1,0.08,4444.36,-7.7,-0.17,4436.65,Signal Flip
914,EMA_CONFIRMED_209_223,LONG,2026-05-31T08:05,2028.89,2026-05-31T08:10,2025.15,1,0.08,4436.65,-8.19,-0.18,4428.46,Signal Flip
915,EMA_CONFIRMED_209_223,LONG,2026-05-31T08:25,2028.25,2026-05-31T08:30,2025.94,1,0.08,4428.46,-5.06,-0.11,4423.4,Signal Flip
916,EMA_CONFIRMED_209_223,LONG,2026-05-31T09:00,2028.65,2026-05-31T09:05,2024.01,1,0.08,4423.4,-10.13,-0.23,4413.27,Signal Flip
917,EMA_CONFIRMED_209_223,LONG,2026-05-31T09:20,2028.54,2026-05-31T09:25,2025.86,1,0.08,4413.27,-5.85,-0.13,4407.42,Signal Flip
918,EMA_CONFIRMED_209_223,LONG,2026-05-31T09:35,2028.47,2026-05-31T09:40,2025.8,1,0.08,4407.42,-5.82,-0.13,4401.6,Signal Flip
919,EMA_CONFIRMED_209_223,LONG,2026-05-31T09:45,2028.22,2026-05-31T09:55,2024.62,2,0.17,4401.6,-7.83,-0.18,4393.78,Signal Flip
920,EMA_CONFIRMED_209_223,LONG,2026-05-31T13:25,2026.52,2026-05-31T13:30,2023.44,1,0.08,4393.78,-6.69,-0.15,4387.09,Signal Flip
921,EMA_CONFIRMED_209_223,SHORT,2026-05-31T14:35,2011.05,2026-05-31T22:35,2014.86,96,8.0,4387.09,-8.3,-0.19,4378.79,Signal Flip
922,EMA_CONFIRMED_209_223,SHORT,2026-05-31T22:40,2009.68,2026-05-31T23:05,2019.33,5,0.42,4378.79,-21.01,-0.48,4357.78,Signal Flip
923,EMA_CONFIRMED_209_223,SHORT,2026-05-31T23:25,2008.11,2026-06-01T00:05,2015.02,8,0.67,4357.78,-15.0,-0.34,4342.78,Signal Flip
924,EMA_CONFIRMED_209_223,SHORT,2026-06-01T00:10,2008.79,2026-06-01T00:25,2013.51,3,0.25,4342.78,-10.21,-0.24,4332.57,Signal Flip
925,EMA_CONFIRMED_209_223,SHORT,2026-06-01T01:05,2010.52,2026-06-01T02:45,2013.55,20,1.67,4332.57,-6.51,-0.15,4326.06,Signal Flip
926,EMA_CONFIRMED_209_223,SHORT,2026-06-01T03:55,2008.08,2026-06-01T17:30,1992.15,163,13.58,4326.06,34.32,0.79,4360.38,Signal Flip
927,EMA_CONFIRMED_209_223,SHORT,2026-06-01T18:15,1984.0,2026-06-01T18:25,1987.99,2,0.17,4360.38,-8.78,-0.2,4351.6,Signal Flip
928,EMA_CONFIRMED_209_223,SHORT,2026-06-01T22:05,1987.02,2026-06-01T22:20,1995.8,3,0.25,4351.6,-19.23,-0.44,4332.37,Signal Flip
929,EMA_CONFIRMED_209_223,SHORT,2026-06-02T01:05,1992.65,2026-06-02T01:15,1999.64,2,0.17,4332.37,-15.19,-0.35,4317.18,Signal Flip
930,EMA_CONFIRMED_209_223,SHORT,2026-06-02T01:30,1991.29,2026-06-02T03:00,1998.08,18,1.5,4317.18,-14.71,-0.34,4302.47,Signal Flip
931,EMA_CONFIRMED_209_223,SHORT,2026-06-02T05:05,1989.79,2026-06-02T05:10,1995.28,1,0.08,4302.47,-11.85,-0.28,4290.61,Signal Flip
932,EMA_CONFIRMED_209_223,SHORT,2026-06-02T05:30,1991.1,2026-06-03T10:10,1893.51,344,28.67,4290.61,210.31,4.9,4500.93,Signal Flip
933,EMA_CONFIRMED_209_223,SHORT,2026-06-03T10:15,1884.06,2026-06-03T11:15,1888.93,12,1.0,4500.93,-11.65,-0.26,4489.28,Signal Flip
934,EMA_CONFIRMED_209_223,SHORT,2026-06-03T11:25,1885.09,2026-06-03T11:30,1887.77,1,0.08,4489.28,-6.4,-0.14,4482.88,Signal Flip
935,EMA_CONFIRMED_209_223,SHORT,2026-06-03T11:35,1881.66,2026-06-03T22:00,1851.03,125,10.42,4482.88,72.98,1.63,4555.86,Signal Flip
936,EMA_CONFIRMED_209_223,SHORT,2026-06-03T22:05,1842.11,2026-06-04T13:40,1788.01,187,15.58,4555.86,133.79,2.94,4689.65,Signal Flip
937,EMA_CONFIRMED_209_223,SHORT,2026-06-04T13:45,1777.85,2026-06-04T14:10,1788.38,5,0.42,4689.65,-27.78,-0.59,4661.86,Signal Flip
938,EMA_CONFIRMED_209_223,SHORT,2026-06-04T14:20,1782.78,2026-06-04T15:10,1790.95,10,0.83,4661.86,-21.36,-0.46,4640.51,Signal Flip
939,EMA_CONFIRMED_209_223,SHORT,2026-06-04T15:20,1781.71,2026-06-04T19:25,1781.69,49,4.08,4640.51,0.05,0.0,4640.55,Signal Flip
940,EMA_CONFIRMED_209_223,SHORT,2026-06-04T19:45,1777.61,2026-06-04T21:10,1783.26,17,1.42,4640.55,-14.75,-0.32,4625.8,Signal Flip
941,EMA_CONFIRMED_209_223,SHORT,2026-06-04T21:15,1777.42,2026-06-06T23:45,1568.49,606,50.5,4625.8,543.74,11.75,5169.54,Signal Flip
942,EMA_CONFIRMED_209_223,SHORT,2026-06-07T01:00,1564.25,2026-06-07T01:05,1576.6,1,0.08,5169.54,-40.82,-0.79,5128.73,Signal Flip
943,EMA_CONFIRMED_209_223,LONG,2026-06-07T05:55,1605.11,2026-06-07T19:10,1613.28,159,13.25,5128.73,26.11,0.51,5154.84,Signal Flip
944,EMA_CONFIRMED_209_223,LONG,2026-06-07T19:15,1617.54,2026-06-07T19:20,1607.38,1,0.08,5154.84,-32.39,-0.63,5122.45,Signal Flip
945,EMA_CONFIRMED_209_223,LONG,2026-06-07T20:05,1617.78,2026-06-08T05:15,1648.28,110,9.17,5122.45,96.56,1.89,5219.01,Signal Flip
946,EMA_CONFIRMED_209_223,LONG,2026-06-08T05:20,1654.1,2026-06-08T05:35,1650.34,3,0.25,5219.01,-11.84,-0.23,5207.17,Signal Flip
947,EMA_CONFIRMED_209_223,LONG,2026-06-08T05:55,1653.34,2026-06-09T00:10,1683.43,219,18.25,5207.17,94.77,1.82,5301.95,Signal Flip
948,EMA_CONFIRMED_209_223,LONG,2026-06-09T00:15,1686.52,2026-06-09T00:25,1678.79,2,0.17,5301.95,-24.31,-0.46,5277.64,Signal Flip
949,EMA_CONFIRMED_209_223,LONG,2026-06-09T04:35,1680.84,2026-06-09T07:30,1675.06,35,2.92,5277.64,-18.14,-0.34,5259.5,Signal Flip
950,EMA_CONFIRMED_209_223,LONG,2026-06-09T07:45,1682.07,2026-06-09T07:50,1678.45,1,0.08,5259.5,-11.32,-0.22,5248.18,Signal Flip
951,EMA_CONFIRMED_209_223,LONG,2026-06-09T12:05,1681.01,2026-06-09T12:30,1676.26,5,0.42,5248.18,-14.83,-0.28,5233.35,Signal Flip
952,EMA_CONFIRMED_209_223,LONG,2026-06-09T13:10,1679.79,2026-06-09T13:15,1675.04,1,0.08,5233.35,-14.79,-0.28,5218.56,Signal Flip
953,EMA_CONFIRMED_209_223,SHORT,2026-06-09T14:20,1647.19,2026-06-09T20:15,1663.1,71,5.92,5218.56,-50.42,-0.97,5168.14,Signal Flip
954,EMA_CONFIRMED_209_223,SHORT,2026-06-09T20:20,1657.66,2026-06-10T07:35,1643.39,135,11.25,5168.14,44.49,0.86,5212.63,Signal Flip
955,EMA_CONFIRMED_209_223,SHORT,2026-06-10T07:40,1639.96,2026-06-10T12:35,1637.49,59,4.92,5212.63,7.85,0.15,5220.48,Signal Flip
956,EMA_CONFIRMED_209_223,SHORT,2026-06-10T13:15,1633.34,2026-06-10T13:20,1635.9,1,0.08,5220.48,-8.17,-0.16,5212.32,Signal Flip
957,EMA_CONFIRMED_209_223,SHORT,2026-06-10T16:50,1634.1,2026-06-10T16:55,1641.52,1,0.08,5212.32,-23.66,-0.45,5188.66,Signal Flip
958,EMA_CONFIRMED_209_223,SHORT,2026-06-10T17:30,1627.27,2026-06-11T00:20,1634.53,82,6.83,5188.66,-23.15,-0.45,5165.5,Signal Flip
959,EMA_CONFIRMED_209_223,SHORT,2026-06-11T00:35,1627.99,2026-06-11T00:50,1631.65,3,0.25,5165.5,-11.61,-0.22,5153.89,Signal Flip
960,EMA_CONFIRMED_209_223,SHORT,2026-06-11T00:55,1626.98,2026-06-11T01:05,1634.06,2,0.17,5153.89,-22.43,-0.44,5131.46,Signal Flip
961,EMA_CONFIRMED_209_223,SHORT,2026-06-11T02:35,1631.09,2026-06-11T02:40,1634.89,1,0.08,5131.46,-11.93,-0.23,5119.53,Signal Flip
962,EMA_CONFIRMED_209_223,LONG,2026-06-11T05:30,1650.08,2026-06-11T12:25,1647.66,83,6.92,5119.53,-7.54,-0.15,5111.99,Signal Flip
963,EMA_CONFIRMED_209_223,LONG,2026-06-11T12:30,1649.4,2026-06-11T12:40,1647.2,2,0.17,5111.99,-6.84,-0.13,5105.15,Signal Flip
964,EMA_CONFIRMED_209_223,LONG,2026-06-11T12:45,1653.37,2026-06-11T13:25,1646.92,8,0.67,5105.15,-19.92,-0.39,5085.23,Signal Flip
965,EMA_CONFIRMED_209_223,LONG,2026-06-11T13:30,1649.6,2026-06-11T13:35,1647.36,1,0.08,5085.23,-6.93,-0.14,5078.3,Signal Flip
966,EMA_CONFIRMED_209_223,LONG,2026-06-11T13:40,1650.01,2026-06-11T14:10,1647.82,6,0.5,5078.3,-6.77,-0.13,5071.53,Signal Flip
967,EMA_CONFIRMED_209_223,LONG,2026-06-11T14:30,1650.48,2026-06-11T14:35,1647.65,1,0.08,5071.53,-8.72,-0.17,5062.81,Signal Flip
968,EMA_CONFIRMED_209_223,LONG,2026-06-11T14:40,1650.62,2026-06-11T15:00,1642.22,4,0.33,5062.81,-25.78,-0.51,5037.03,Signal Flip
969,EMA_CONFIRMED_209_223,LONG,2026-06-11T15:40,1649.8,2026-06-11T15:45,1643.85,1,0.08,5037.03,-18.19,-0.36,5018.84,Signal Flip
970,EMA_CONFIRMED_209_223,LONG,2026-06-11T16:15,1649.96,2026-06-11T16:20,1646.81,1,0.08,5018.84,-9.61,-0.19,5009.23,Signal Flip
971,EMA_CONFIRMED_209_223,LONG,2026-06-11T17:30,1655.05,2026-06-12T01:30,1662.31,96,8.0,5009.23,21.98,0.44,5031.21,Signal Flip
972,EMA_CONFIRMED_209_223,LONG,2026-06-12T01:50,1667.45,2026-06-12T05:15,1667.03,41,3.42,5031.21,-1.29,-0.03,5029.92,Signal Flip
973,EMA_CONFIRMED_209_223,LONG,2026-06-12T05:20,1671.07,2026-06-12T05:40,1664.16,4,0.33,5029.92,-20.79,-0.41,5009.13,Signal Flip
974,EMA_CONFIRMED_209_223,LONG,2026-06-12T08:10,1667.6,2026-06-12T12:25,1668.3,51,4.25,5009.13,2.08,0.04,5011.21,Signal Flip
975,EMA_CONFIRMED_209_223,LONG,2026-06-12T14:30,1671.38,2026-06-12T14:50,1667.56,4,0.33,5011.21,-11.45,-0.23,4999.76,Signal Flip
976,EMA_CONFIRMED_209_223,LONG,2026-06-12T14:55,1683.61,2026-06-12T15:50,1663.45,11,0.92,4999.76,-59.88,-1.2,4939.88,Signal Flip
977,EMA_CONFIRMED_209_223,LONG,2026-06-12T16:15,1672.17,2026-06-12T16:20,1666.63,1,0.08,4939.88,-16.36,-0.33,4923.51,Signal Flip
978,EMA_CONFIRMED_209_223,LONG,2026-06-12T16:30,1671.39,2026-06-12T16:45,1667.85,3,0.25,4923.51,-10.43,-0.21,4913.09,Signal Flip
979,EMA_CONFIRMED_209_223,LONG,2026-06-12T16:50,1672.72,2026-06-12T17:25,1667.79,7,0.58,4913.09,-14.48,-0.29,4898.6,Signal Flip
980,EMA_CONFIRMED_209_223,LONG,2026-06-12T17:30,1671.31,2026-06-12T17:35,1668.83,1,0.08,4898.6,-7.27,-0.15,4891.34,Signal Flip
981,EMA_CONFIRMED_209_223,LONG,2026-06-12T17:40,1670.91,2026-06-12T17:45,1668.32,1,0.08,4891.34,-7.58,-0.15,4883.75,Signal Flip
982,EMA_CONFIRMED_209_223,LONG,2026-06-12T18:40,1672.33,2026-06-12T19:00,1666.03,4,0.33,4883.75,-18.4,-0.38,4865.36,Signal Flip
983,EMA_CONFIRMED_209_223,LONG,2026-06-12T19:05,1670.69,2026-06-12T19:10,1668.28,1,0.08,4865.36,-7.05,-0.14,4858.31,Signal Flip
984,EMA_CONFIRMED_209_223,LONG,2026-06-12T19:20,1670.6,2026-06-12T19:25,1667.6,1,0.08,4858.31,-8.75,-0.18,4849.56,Signal Flip
985,EMA_CONFIRMED_209_223,LONG,2026-06-13T00:15,1668.78,2026-06-13T00:20,1666.21,1,0.08,4849.56,-7.49,-0.15,4842.07,Signal Flip
986,EMA_CONFIRMED_209_223,LONG,2026-06-13T00:25,1669.59,2026-06-13T00:30,1665.8,1,0.08,4842.07,-11.01,-0.23,4831.06,Signal Flip
987,EMA_CONFIRMED_209_223,LONG,2026-06-13T00:40,1669.24,2026-06-13T00:45,1666.09,1,0.08,4831.06,-9.14,-0.19,4821.92,Signal Flip
988,EMA_CONFIRMED_209_223,LONG,2026-06-13T01:05,1668.72,2026-06-13T01:20,1665.95,3,0.25,4821.92,-8.03,-0.17,4813.89,Signal Flip
989,EMA_CONFIRMED_209_223,LONG,2026-06-13T01:30,1668.92,2026-06-13T02:45,1666.46,15,1.25,4813.89,-7.12,-0.15,4806.78,Signal Flip
990,EMA_CONFIRMED_209_223,LONG,2026-06-13T03:05,1669.46,2026-06-13T03:15,1667.08,2,0.17,4806.78,-6.88,-0.14,4799.9,Signal Flip
991,EMA_CONFIRMED_209_223,LONG,2026-06-13T04:50,1668.63,2026-06-13T04:55,1665.97,1,0.08,4799.9,-7.67,-0.16,4792.23,Signal Flip
992,EMA_CONFIRMED_209_223,SHORT,2026-06-13T05:20,1663.59,2026-06-13T06:35,1668.26,15,1.25,4792.23,-13.47,-0.28,4778.76,Signal Flip
993,EMA_CONFIRMED_209_223,SHORT,2026-06-13T06:40,1666.16,2026-06-13T06:50,1669.1,2,0.17,4778.76,-8.45,-0.18,4770.3,Signal Flip
994,EMA_CONFIRMED_209_223,LONG,2026-06-13T07:40,1674.52,2026-06-13T16:25,1670.72,105,8.75,4770.3,-10.8,-0.23,4759.5,Signal Flip
995,EMA_CONFIRMED_209_223,LONG,2026-06-13T16:45,1675.25,2026-06-13T16:50,1672.66,1,0.08,4759.5,-7.34,-0.15,4752.16,Signal Flip
996,EMA_CONFIRMED_209_223,LONG,2026-06-13T16:55,1676.69,2026-06-13T17:55,1673.46,12,1.0,4752.16,-9.14,-0.19,4743.02,Signal Flip
997,EMA_CONFIRMED_209_223,LONG,2026-06-13T18:05,1675.9,2026-06-14T04:40,1677.88,127,10.58,4743.02,5.61,0.12,4748.63,Signal Flip
998,EMA_CONFIRMED_209_223,LONG,2026-06-14T06:05,1680.7,2026-06-14T06:25,1678.03,4,0.33,4748.63,-7.54,-0.16,4741.09,Signal Flip
999,EMA_CONFIRMED_209_223,LONG,2026-06-14T06:30,1680.14,2026-06-14T06:35,1677.16,1,0.08,4741.09,-8.41,-0.18,4732.68,Signal Flip
1000,EMA_CONFIRMED_209_223,LONG,2026-06-14T10:00,1679.32,2026-06-14T10:05,1675.78,1,0.08,4732.68,-9.97,-0.21,4722.71,Signal Flip
1001,EMA_CONFIRMED_209_223,LONG,2026-06-14T10:25,1678.92,2026-06-14T10:30,1675.75,1,0.08,4722.71,-8.91,-0.19,4713.8,Signal Flip
1002,EMA_CONFIRMED_209_223,SHORT,2026-06-14T12:50,1667.08,2026-06-14T20:40,1671.78,94,7.83,4713.8,-13.29,-0.28,4700.52,Signal Flip
1003,EMA_CONFIRMED_209_223,LONG,2026-06-14T22:15,1721.85,2026-06-15T23:20,1787.48,301,25.08,4700.52,179.15,3.81,4879.67,Signal Flip
1004,EMA_CONFIRMED_209_223,LONG,2026-06-15T23:30,1790.56,2026-06-15T23:35,1785.7,1,0.08,4879.67,-13.27,-0.27,4866.4,Signal Flip
1005,EMA_CONFIRMED_209_223,LONG,2026-06-15T23:45,1791.96,2026-06-16T02:15,1783.75,30,2.5,4866.4,-22.29,-0.46,4844.11,Signal Flip
1006,EMA_CONFIRMED_209_223,LONG,2026-06-16T08:20,1781.64,2026-06-16T08:25,1777.58,1,0.08,4844.11,-11.04,-0.23,4833.07,Signal Flip
1007,EMA_CONFIRMED_209_223,LONG,2026-06-16T08:30,1784.05,2026-06-16T14:20,1779.93,70,5.83,4833.07,-11.17,-0.23,4821.91,Signal Flip
1008,EMA_CONFIRMED_209_223,LONG,2026-06-16T17:50,1797.54,2026-06-17T01:20,1783.6,90,7.5,4821.91,-37.4,-0.78,4784.51,Signal Flip
1009,EMA_CONFIRMED_209_223,LONG,2026-06-17T01:50,1797.99,2026-06-17T02:40,1788.31,10,0.83,4784.51,-25.77,-0.54,4758.74,Signal Flip
1010,EMA_CONFIRMED_209_223,LONG,2026-06-17T02:45,1795.5,2026-06-17T03:15,1790.41,6,0.5,4758.74,-13.47,-0.28,4745.27,Signal Flip
1011,EMA_CONFIRMED_209_223,LONG,2026-06-17T03:35,1795.92,2026-06-17T04:20,1791.44,9,0.75,4745.27,-11.82,-0.25,4733.45,Signal Flip
1012,EMA_CONFIRMED_209_223,LONG,2026-06-17T04:25,1796.49,2026-06-17T05:10,1791.2,9,0.75,4733.45,-13.92,-0.29,4719.53,Signal Flip
1013,EMA_CONFIRMED_209_223,LONG,2026-06-17T05:30,1794.61,2026-06-17T06:30,1787.94,12,1.0,4719.53,-17.54,-0.37,4701.98,Signal Flip
1014,EMA_CONFIRMED_209_223,SHORT,2026-06-17T09:10,1768.21,2026-06-17T16:05,1776.71,83,6.92,4701.98,-22.61,-0.48,4679.37,Signal Flip
1015,EMA_CONFIRMED_209_223,SHORT,2026-06-17T16:10,1773.18,2026-06-17T16:15,1776.33,1,0.08,4679.37,-8.3,-0.18,4671.08,Signal Flip
1016,EMA_CONFIRMED_209_223,SHORT,2026-06-17T16:45,1774.19,2026-06-17T17:20,1776.34,7,0.58,4671.08,-5.65,-0.12,4665.43,Signal Flip
1017,EMA_CONFIRMED_209_223,SHORT,2026-06-17T17:45,1773.8,2026-06-17T17:50,1776.7,1,0.08,4665.43,-7.62,-0.16,4657.81,Signal Flip
1018,EMA_CONFIRMED_209_223,SHORT,2026-06-17T18:05,1756.94,2026-06-17T18:45,1786.01,8,0.67,4657.81,-77.07,-1.65,4580.74,Signal Flip
1019,EMA_CONFIRMED_209_223,SHORT,2026-06-17T19:00,1769.42,2026-06-18T01:15,1762.45,75,6.25,4580.74,18.05,0.39,4598.8,Signal Flip
1020,EMA_CONFIRMED_209_223,SHORT,2026-06-18T01:20,1755.94,2026-06-18T08:10,1753.99,82,6.83,4598.8,5.12,0.11,4603.92,Signal Flip
1021,EMA_CONFIRMED_209_223,SHORT,2026-06-18T08:15,1747.49,2026-06-18T08:30,1750.83,3,0.25,4603.92,-8.82,-0.19,4595.09,Signal Flip
1022,EMA_CONFIRMED_209_223,SHORT,2026-06-18T08:55,1747.96,2026-06-18T09:20,1752.48,5,0.42,4595.09,-11.88,-0.26,4583.21,Signal Flip
1023,EMA_CONFIRMED_209_223,SHORT,2026-06-18T09:30,1742.49,2026-06-18T10:55,1750.68,17,1.42,4583.21,-21.56,-0.47,4561.65,Signal Flip
1024,EMA_CONFIRMED_209_223,SHORT,2026-06-18T11:00,1746.03,2026-06-18T12:25,1751.85,17,1.42,4561.65,-15.2,-0.33,4546.45,Signal Flip
1025,EMA_CONFIRMED_209_223,SHORT,2026-06-18T12:40,1746.87,2026-06-18T12:45,1749.78,1,0.08,4546.45,-7.6,-0.17,4538.85,Signal Flip
1026,EMA_CONFIRMED_209_223,SHORT,2026-06-18T13:35,1739.84,2026-06-19T01:05,1718.56,138,11.5,4538.85,55.52,1.22,4594.37,Signal Flip
1027,EMA_CONFIRMED_209_223,SHORT,2026-06-19T01:10,1713.19,2026-06-19T13:45,1702.01,151,12.58,4594.37,29.99,0.65,4624.36,Signal Flip
1028,EMA_CONFIRMED_209_223,SHORT,2026-06-19T14:15,1697.77,2026-06-19T14:30,1704.7,3,0.25,4624.36,-18.88,-0.41,4605.48,Signal Flip
1029,EMA_CONFIRMED_209_223,SHORT,2026-06-19T15:25,1697.89,2026-06-19T15:35,1707.63,2,0.17,4605.48,-26.43,-0.57,4579.05,Signal Flip
1030,EMA_CONFIRMED_209_223,SHORT,2026-06-19T16:55,1698.82,2026-06-19T17:40,1702.14,9,0.75,4579.05,-8.95,-0.2,4570.1,Signal Flip
1031,EMA_CONFIRMED_209_223,SHORT,2026-06-19T18:40,1697.97,2026-06-19T18:50,1702.99,2,0.17,4570.1,-13.51,-0.3,4556.59,Signal Flip
1032,EMA_CONFIRMED_209_223,SHORT,2026-06-19T19:20,1698.82,2026-06-19T19:50,1702.56,6,0.5,4556.59,-10.03,-0.22,4546.56,Signal Flip
1033,EMA_CONFIRMED_209_223,SHORT,2026-06-19T20:00,1700.36,2026-06-19T20:05,1703.46,1,0.08,4546.56,-8.29,-0.18,4538.26,Signal Flip
1034,EMA_CONFIRMED_209_223,SHORT,2026-06-19T20:20,1700.17,2026-06-19T20:30,1703.65,2,0.17,4538.26,-9.29,-0.2,4528.97,Signal Flip
1035,EMA_CONFIRMED_209_223,SHORT,2026-06-19T21:55,1700.97,2026-06-19T22:00,1702.87,1,0.08,4528.97,-5.06,-0.11,4523.9,Signal Flip
1036,EMA_CONFIRMED_209_223,SHORT,2026-06-19T22:05,1701.1,2026-06-19T22:10,1703.22,1,0.08,4523.9,-5.64,-0.12,4518.26,Signal Flip
1037,EMA_CONFIRMED_209_223,SHORT,2026-06-20T02:30,1703.65,2026-06-20T02:35,1708.54,1,0.08,4518.26,-12.98,-0.29,4505.27,Signal Flip
1038,EMA_CONFIRMED_209_223,LONG,2026-06-20T04:25,1711.13,2026-06-20T13:25,1714.81,108,9.0,4505.27,9.71,0.22,4514.98,Signal Flip
1039,EMA_CONFIRMED_209_223,LONG,2026-06-20T13:45,1719.23,2026-06-20T13:55,1715.75,2,0.17,4514.98,-9.13,-0.2,4505.85,Signal Flip
1040,EMA_CONFIRMED_209_223,LONG,2026-06-20T14:45,1720.77,2026-06-21T05:05,1731.16,172,14.33,4505.85,27.22,0.6,4533.07,Signal Flip
1041,EMA_CONFIRMED_209_223,LONG,2026-06-21T05:25,1735.12,2026-06-21T07:55,1731.38,30,2.5,4533.07,-9.75,-0.22,4523.31,Signal Flip
1042,EMA_CONFIRMED_209_223,LONG,2026-06-21T09:40,1734.3,2026-06-21T09:45,1730.51,1,0.08,4523.31,-9.87,-0.22,4513.45,Signal Flip
1043,EMA_CONFIRMED_209_223,LONG,2026-06-21T09:55,1733.84,2026-06-21T10:05,1731.4,2,0.17,4513.45,-6.33,-0.14,4507.12,Signal Flip
1044,EMA_CONFIRMED_209_223,LONG,2026-06-21T10:10,1735.19,2026-06-21T11:00,1730.52,10,0.83,4507.12,-12.11,-0.27,4495.0,Signal Flip
1045,EMA_CONFIRMED_209_223,LONG,2026-06-21T11:15,1733.4,2026-06-21T11:20,1721.88,1,0.08,4495.0,-29.87,-0.66,4465.14,Signal Flip
1046,EMA_CONFIRMED_209_223,LONG,2026-06-21T15:05,1731.03,2026-06-21T15:15,1728.2,2,0.17,4465.14,-7.3,-0.16,4457.84,Signal Flip
1047,EMA_CONFIRMED_209_223,LONG,2026-06-21T15:20,1730.92,2026-06-21T15:25,1728.3,1,0.08,4457.84,-6.75,-0.15,4451.09,Signal Flip
1048,EMA_CONFIRMED_209_223,LONG,2026-06-21T15:30,1732.5,2026-06-21T16:10,1727.39,8,0.67,4451.09,-13.13,-0.29,4437.96,Signal Flip
1049,EMA_CONFIRMED_209_223,LONG,2026-06-21T17:05,1730.85,2026-06-21T17:20,1727.21,3,0.25,4437.96,-9.36,-0.21,4428.61,Signal Flip
1050,EMA_CONFIRMED_209_223,SHORT,2026-06-21T17:40,1725.5,2026-06-21T18:35,1734.14,11,0.92,4428.61,-22.17,-0.5,4406.43,Signal Flip
1051,EMA_CONFIRMED_209_223,LONG,2026-06-21T19:00,1736.27,2026-06-21T20:20,1728.88,16,1.33,4406.43,-18.76,-0.43,4387.67,Signal Flip
1052,EMA_CONFIRMED_209_223,LONG,2026-06-21T20:25,1731.56,2026-06-21T20:35,1727.34,2,0.17,4387.67,-10.69,-0.24,4376.98,Signal Flip
1053,EMA_CONFIRMED_209_223,SHORT,2026-06-21T21:10,1704.77,2026-06-22T00:40,1729.29,42,3.5,4376.98,-62.97,-1.44,4314.01,Signal Flip
1054,EMA_CONFIRMED_209_223,SHORT,2026-06-22T00:50,1723.29,2026-06-22T01:00,1727.81,2,0.17,4314.01,-11.33,-0.26,4302.68,Signal Flip
1055,EMA_CONFIRMED_209_223,LONG,2026-06-22T03:20,1738.15,2026-06-22T15:50,1746.12,150,12.5,4302.68,19.72,0.46,4322.4,Signal Flip
1056,EMA_CONFIRMED_209_223,LONG,2026-06-22T18:10,1746.75,2026-06-22T18:20,1744.14,2,0.17,4322.4,-6.47,-0.15,4315.93,Signal Flip
1057,EMA_CONFIRMED_209_223,LONG,2026-06-22T18:25,1747.17,2026-06-22T18:30,1740.85,1,0.08,4315.93,-15.62,-0.36,4300.31,Signal Flip
1058,EMA_CONFIRMED_209_223,SHORT,2026-06-22T23:05,1724.62,2026-06-24T00:40,1674.86,307,25.58,4300.31,124.08,2.89,4424.38,Signal Flip
1059,EMA_CONFIRMED_209_223,SHORT,2026-06-24T00:45,1669.9,2026-06-24T00:50,1673.11,1,0.08,4424.38,-8.48,-0.19,4415.9,Signal Flip
1060,EMA_CONFIRMED_209_223,SHORT,2026-06-24T00:55,1670.37,2026-06-24T01:00,1672.21,1,0.08,4415.9,-4.84,-0.11,4411.06,Signal Flip
1061,EMA_CONFIRMED_209_223,SHORT,2026-06-24T01:05,1666.98,2026-06-24T01:15,1673.13,2,0.17,4411.06,-16.27,-0.37,4394.79,Signal Flip
1062,EMA_CONFIRMED_209_223,SHORT,2026-06-24T01:20,1665.78,2026-06-24T01:25,1672.18,1,0.08,4394.79,-16.88,-0.38,4377.9,Signal Flip
1063,EMA_CONFIRMED_209_223,SHORT,2026-06-24T02:05,1669.27,2026-06-24T02:15,1672.54,2,0.17,4377.9,-8.55,-0.2,4369.35,Signal Flip
1064,EMA_CONFIRMED_209_223,SHORT,2026-06-24T02:20,1667.1,2026-06-24T04:50,1670.79,30,2.5,4369.35,-9.69,-0.22,4359.66,Signal Flip
1065,EMA_CONFIRMED_209_223,SHORT,2026-06-24T04:55,1668.18,2026-06-24T05:05,1670.56,2,0.17,4359.66,-6.24,-0.14,4353.41,Signal Flip
1066,EMA_CONFIRMED_209_223,SHORT,2026-06-24T05:15,1668.55,2026-06-24T05:20,1672.84,1,0.08,4353.41,-11.19,-0.26,4342.22,Signal Flip
1067,EMA_CONFIRMED_209_223,SHORT,2026-06-24T08:20,1668.76,2026-06-24T08:35,1674.39,3,0.25,4342.22,-14.65,-0.34,4327.56,Signal Flip
1068,EMA_CONFIRMED_209_223,SHORT,2026-06-24T09:05,1669.31,2026-06-24T11:45,1670.67,32,2.67,4327.56,-3.53,-0.08,4324.04,Signal Flip
1069,EMA_CONFIRMED_209_223,SHORT,2026-06-24T13:05,1664.14,2026-06-25T04:50,1627.79,189,15.75,4324.04,94.44,2.18,4418.47,Signal Flip
1070,EMA_CONFIRMED_209_223,SHORT,2026-06-25T10:55,1635.96,2026-06-25T11:15,1637.72,4,0.33,4418.47,-4.74,-0.11,4413.73,Signal Flip
1071,EMA_CONFIRMED_209_223,SHORT,2026-06-25T11:20,1632.11,2026-06-25T12:35,1636.83,15,1.25,4413.73,-12.75,-0.29,4400.98,Signal Flip
1072,EMA_CONFIRMED_209_223,SHORT,2026-06-25T13:00,1635.0,2026-06-25T13:05,1637.87,1,0.08,4400.98,-7.72,-0.18,4393.26,Signal Flip
1073,EMA_CONFIRMED_209_223,SHORT,2026-06-25T13:25,1634.09,2026-06-26T06:45,1573.27,208,17.33,4393.26,163.53,3.72,4556.8,Signal Flip
1074,EMA_CONFIRMED_209_223,SHORT,2026-06-26T08:35,1567.72,2026-06-26T14:00,1570.18,65,5.42,4556.8,-7.18,-0.16,4549.62,Signal Flip
1075,EMA_CONFIRMED_209_223,SHORT,2026-06-26T14:40,1556.41,2026-06-26T14:50,1566.91,2,0.17,4549.62,-30.7,-0.67,4518.92,Signal Flip
1076,EMA_CONFIRMED_209_223,SHORT,2026-06-26T14:55,1559.21,2026-06-26T15:05,1561.92,2,0.17,4518.92,-7.86,-0.17,4511.07,Signal Flip
1077,EMA_CONFIRMED_209_223,SHORT,2026-06-26T20:45,1567.86,2026-06-26T20:50,1570.98,1,0.08,4511.07,-8.98,-0.2,4502.09,Signal Flip
1078,EMA_CONFIRMED_209_223,SHORT,2026-06-26T21:05,1567.93,2026-06-26T21:10,1572.61,1,0.08,4502.09,-13.44,-0.3,4488.65,Signal Flip
1079,EMA_CONFIRMED_209_223,LONG,2026-06-27T00:20,1579.84,2026-06-27T19:25,1585.77,229,19.08,4488.65,16.84,0.38,4505.49,Signal Flip
1080,EMA_CONFIRMED_209_223,SHORT,2026-06-28T01:30,1574.77,2026-06-28T08:40,1584.22,86,7.17,4505.49,-27.04,-0.6,4478.46,Signal Flip
1081,EMA_CONFIRMED_209_223,SHORT,2026-06-28T10:10,1576.88,2026-06-28T10:15,1581.52,1,0.08,4478.46,-13.18,-0.29,4465.28,Signal Flip
1082,EMA_CONFIRMED_209_223,SHORT,2026-06-28T10:25,1575.69,2026-06-28T11:05,1580.46,8,0.67,4465.28,-13.51,-0.3,4451.77,Signal Flip
1083,EMA_CONFIRMED_209_223,SHORT,2026-06-28T11:10,1575.36,2026-06-28T11:20,1579.16,2,0.17,4451.77,-10.73,-0.24,4441.04,Signal Flip
1084,EMA_CONFIRMED_209_223,SHORT,2026-06-28T13:05,1575.07,2026-06-28T13:15,1581.07,2,0.17,4441.04,-16.91,-0.38,4424.13,Signal Flip
1085,EMA_CONFIRMED_209_223,SHORT,2026-06-28T15:55,1578.06,2026-06-28T16:00,1581.69,1,0.08,4424.13,-10.18,-0.23,4413.95,Signal Flip
1086,EMA_CONFIRMED_209_223,SHORT,2026-06-28T16:10,1577.57,2026-06-28T16:20,1580.42,2,0.17,4413.95,-7.97,-0.18,4405.98,Signal Flip
1087,EMA_CONFIRMED_209_223,SHORT,2026-06-28T16:25,1576.56,2026-06-28T22:05,1577.93,68,5.67,4405.98,-3.82,-0.09,4402.16,Signal Flip
1088,EMA_CONFIRMED_209_223,SHORT,2026-06-28T22:10,1573.58,2026-06-28T23:35,1575.38,17,1.42,4402.16,-5.02,-0.11,4397.14,Signal Flip
1089,EMA_CONFIRMED_209_223,SHORT,2026-06-28T23:55,1572.02,2026-06-29T01:00,1574.32,13,1.08,4397.14,-6.41,-0.15,4390.72,Signal Flip
1090,EMA_CONFIRMED_209_223,SHORT,2026-06-29T01:05,1565.58,2026-06-29T01:45,1573.02,8,0.67,4390.72,-20.86,-0.48,4369.86,Signal Flip
1091,EMA_CONFIRMED_209_223,SHORT,2026-06-29T01:55,1569.6,2026-06-29T02:30,1573.86,7,0.58,4369.86,-11.84,-0.27,4358.02,Signal Flip
1092,EMA_CONFIRMED_209_223,SHORT,2026-06-29T02:35,1570.38,2026-06-29T02:40,1574.26,1,0.08,4358.02,-10.75,-0.25,4347.28,Signal Flip
1093,EMA_CONFIRMED_209_223,SHORT,2026-06-29T05:05,1568.94,2026-06-29T05:35,1574.43,6,0.5,4347.28,-15.22,-0.35,4332.06,Signal Flip
1094,EMA_CONFIRMED_209_223,SHORT,2026-06-29T05:40,1571.83,2026-06-29T05:45,1578.82,1,0.08,4332.06,-19.25,-0.44,4312.81,Signal Flip
1095,EMA_CONFIRMED_209_223,LONG,2026-06-29T07:35,1581.03,2026-06-29T08:30,1572.75,11,0.92,4312.81,-22.58,-0.52,4290.23,Signal Flip
1096,EMA_CONFIRMED_209_223,LONG,2026-06-29T09:20,1577.89,2026-06-29T09:25,1573.41,1,0.08,4290.23,-12.17,-0.28,4278.06,Signal Flip
1097,EMA_CONFIRMED_209_223,LONG,2026-06-29T09:30,1577.51,2026-06-29T09:40,1573.64,2,0.17,4278.06,-10.48,-0.25,4267.58,Signal Flip
1098,EMA_CONFIRMED_209_223,LONG,2026-06-29T09:50,1576.71,2026-06-29T09:55,1574.2,1,0.08,4267.58,-6.78,-0.16,4260.8,Signal Flip
1099,EMA_CONFIRMED_209_223,LONG,2026-06-29T10:00,1576.99,2026-06-29T11:15,1572.36,15,1.25,4260.8,-12.5,-0.29,4248.3,Signal Flip
1100,EMA_CONFIRMED_209_223,LONG,2026-06-29T12:05,1581.27,2026-06-29T12:40,1573.53,7,0.58,4248.3,-20.79,-0.49,4227.51,Signal Flip
1101,EMA_CONFIRMED_209_223,LONG,2026-06-29T13:05,1582.62,2026-06-29T13:30,1574.45,5,0.42,4227.51,-21.82,-0.52,4205.69,Signal Flip
1102,EMA_CONFIRMED_209_223,LONG,2026-06-29T13:35,1583.67,2026-06-29T13:40,1572.18,1,0.08,4205.69,-30.51,-0.73,4175.18,Signal Flip
1103,EMA_CONFIRMED_209_223,SHORT,2026-06-29T15:10,1566.24,2026-06-29T15:40,1581.91,6,0.5,4175.18,-41.78,-1.0,4133.4,Signal Flip
1104,EMA_CONFIRMED_209_223,LONG,2026-06-29T16:05,1581.09,2026-06-29T16:30,1574.14,5,0.42,4133.4,-18.16,-0.44,4115.24,Signal Flip
1105,EMA_CONFIRMED_209_223,LONG,2026-06-29T16:35,1577.95,2026-06-30T00:35,1597.43,96,8.0,4115.24,50.81,1.23,4166.05,Signal Flip
1106,EMA_CONFIRMED_209_223,SHORT,2026-06-30T11:00,1583.73,2026-06-30T18:20,1580.83,88,7.33,4166.05,7.62,0.18,4173.67,Signal Flip
1107,EMA_CONFIRMED_209_223,SHORT,2026-06-30T18:25,1573.33,2026-06-30T18:50,1580.21,5,0.42,4173.67,-18.24,-0.44,4155.43,Signal Flip
1108,EMA_CONFIRMED_209_223,SHORT,2026-06-30T19:15,1577.77,2026-06-30T19:35,1581.62,4,0.33,4155.43,-10.14,-0.24,4145.29,Signal Flip
1109,EMA_CONFIRMED_209_223,SHORT,2026-06-30T20:20,1577.91,2026-06-30T23:55,1572.8,43,3.58,4145.29,13.44,0.32,4158.73,End of Period Settlement
