trade_id,strategy,direction,entry_time,entry_price,exit_time,exit_price,duration_bars,duration_hours,invested_usd,realized_pnl_usd,realized_pnl_pct,portfolio_after,exit_reason
1,EMA_CONFIRMED_207_224,LONG,2026-01-01T16:40,2985.67,2026-01-01T16:45,2980.29,1,0.08,10000.0,-18.03,-0.18,9981.97,Signal Flip
2,EMA_CONFIRMED_207_224,LONG,2026-01-01T16:50,2984.37,2026-01-01T16:55,2979.59,1,0.08,9981.97,-15.99,-0.16,9965.98,Signal Flip
3,EMA_CONFIRMED_207_224,LONG,2026-01-01T17:00,2983.77,2026-01-03T06:45,3101.33,453,37.75,9965.98,392.65,3.94,10358.63,Signal Flip
4,EMA_CONFIRMED_207_224,LONG,2026-01-03T09:35,3110.13,2026-01-03T09:55,3101.04,4,0.33,10358.63,-30.29,-0.29,10328.33,Signal Flip
5,EMA_CONFIRMED_207_224,LONG,2026-01-03T10:40,3106.77,2026-01-03T10:50,3099.68,2,0.17,10328.33,-23.58,-0.23,10304.75,Signal Flip
6,EMA_CONFIRMED_207_224,LONG,2026-01-03T12:50,3105.25,2026-01-03T13:15,3099.52,5,0.42,10304.75,-19.02,-0.18,10285.73,Signal Flip
7,EMA_CONFIRMED_207_224,LONG,2026-01-03T13:20,3106.31,2026-01-03T15:05,3101.08,21,1.75,10285.73,-17.33,-0.17,10268.4,Signal Flip
8,EMA_CONFIRMED_207_224,LONG,2026-01-03T15:25,3105.25,2026-01-03T16:00,3099.77,7,0.58,10268.4,-18.13,-0.18,10250.27,Signal Flip
9,EMA_CONFIRMED_207_224,LONG,2026-01-03T16:05,3105.15,2026-01-03T16:10,3100.45,1,0.08,10250.27,-15.52,-0.15,10234.74,Signal Flip
10,EMA_CONFIRMED_207_224,LONG,2026-01-03T16:15,3104.71,2026-01-03T16:25,3099.9,2,0.17,10234.74,-15.86,-0.16,10218.88,Signal Flip
11,EMA_CONFIRMED_207_224,LONG,2026-01-03T16:30,3104.97,2026-01-04T08:05,3127.72,187,15.58,10218.88,74.85,0.73,10293.73,Signal Flip
12,EMA_CONFIRMED_207_224,LONG,2026-01-04T08:10,3135.33,2026-01-04T12:45,3132.66,55,4.58,10293.73,-8.75,-0.08,10284.99,Signal Flip
13,EMA_CONFIRMED_207_224,LONG,2026-01-04T12:50,3138.37,2026-01-04T13:05,3134.28,3,0.25,10284.99,-13.39,-0.13,10271.59,Signal Flip
14,EMA_CONFIRMED_207_224,LONG,2026-01-04T13:10,3139.85,2026-01-04T13:20,3133.05,2,0.17,10271.59,-22.23,-0.22,10249.36,Signal Flip
15,EMA_CONFIRMED_207_224,LONG,2026-01-04T13:25,3137.85,2026-01-04T14:35,3131.16,14,1.17,10249.36,-21.83,-0.21,10227.53,Signal Flip
16,EMA_CONFIRMED_207_224,LONG,2026-01-04T14:55,3139.84,2026-01-04T15:25,3134.62,6,0.5,10227.53,-16.99,-0.17,10210.53,Signal Flip
17,EMA_CONFIRMED_207_224,LONG,2026-01-04T15:30,3138.19,2026-01-04T15:35,3134.33,1,0.08,10210.53,-12.55,-0.12,10197.99,Signal Flip
18,EMA_CONFIRMED_207_224,LONG,2026-01-04T16:05,3138.48,2026-01-04T16:10,3133.3,1,0.08,10197.99,-16.82,-0.16,10181.17,Signal Flip
19,EMA_CONFIRMED_207_224,LONG,2026-01-04T16:35,3140.58,2026-01-04T18:05,3133.42,18,1.5,10181.17,-23.2,-0.23,10157.97,Signal Flip
20,EMA_CONFIRMED_207_224,LONG,2026-01-04T20:10,3137.18,2026-01-05T05:45,3154.64,115,9.58,10157.97,56.55,0.56,10214.51,Signal Flip
21,EMA_CONFIRMED_207_224,LONG,2026-01-05T06:45,3158.08,2026-01-05T06:50,3154.6,1,0.08,10214.51,-11.24,-0.11,10203.27,Signal Flip
22,EMA_CONFIRMED_207_224,LONG,2026-01-05T07:00,3159.26,2026-01-05T07:10,3153.97,2,0.17,10203.27,-17.07,-0.17,10186.2,Signal Flip
23,EMA_CONFIRMED_207_224,LONG,2026-01-05T07:15,3163.16,2026-01-05T09:10,3155.82,23,1.92,10186.2,-23.64,-0.23,10162.56,Signal Flip
24,EMA_CONFIRMED_207_224,LONG,2026-01-05T09:20,3162.1,2026-01-05T13:20,3160.25,48,4.0,10162.56,-5.95,-0.06,10156.61,Signal Flip
25,EMA_CONFIRMED_207_224,LONG,2026-01-05T14:45,3171.05,2026-01-05T14:50,3156.14,1,0.08,10156.61,-47.77,-0.47,10108.84,Signal Flip
26,EMA_CONFIRMED_207_224,LONG,2026-01-05T14:55,3170.28,2026-01-05T15:10,3158.41,3,0.25,10108.84,-37.86,-0.37,10070.98,Signal Flip
27,EMA_CONFIRMED_207_224,LONG,2026-01-05T15:15,3164.13,2026-01-05T15:25,3158.77,2,0.17,10070.98,-17.06,-0.17,10053.92,Signal Flip
28,EMA_CONFIRMED_207_224,LONG,2026-01-05T15:30,3166.37,2026-01-05T17:25,3163.58,23,1.92,10053.92,-8.87,-0.09,10045.04,Signal Flip
29,EMA_CONFIRMED_207_224,LONG,2026-01-05T17:30,3168.09,2026-01-06T07:40,3211.29,170,14.17,10045.04,136.97,1.36,10182.02,Signal Flip
30,EMA_CONFIRMED_207_224,LONG,2026-01-06T07:45,3220.43,2026-01-06T17:50,3213.79,121,10.08,10182.02,-20.98,-0.21,10161.03,Signal Flip
31,EMA_CONFIRMED_207_224,LONG,2026-01-06T20:10,3236.31,2026-01-07T01:20,3249.25,62,5.17,10161.03,40.65,0.4,10201.68,Signal Flip
32,EMA_CONFIRMED_207_224,LONG,2026-01-07T01:25,3259.92,2026-01-07T01:35,3249.37,2,0.17,10201.68,-33.0,-0.32,10168.68,Signal Flip
33,EMA_CONFIRMED_207_224,LONG,2026-01-07T02:15,3254.25,2026-01-07T02:20,3245.58,1,0.08,10168.68,-27.09,-0.27,10141.59,Signal Flip
34,EMA_CONFIRMED_207_224,LONG,2026-01-07T02:35,3254.91,2026-01-07T04:40,3253.34,25,2.08,10141.59,-4.87,-0.05,10136.72,Signal Flip
35,EMA_CONFIRMED_207_224,LONG,2026-01-07T04:45,3264.17,2026-01-07T05:05,3251.8,4,0.33,10136.72,-38.41,-0.38,10098.31,Signal Flip
36,EMA_CONFIRMED_207_224,LONG,2026-01-07T05:15,3257.63,2026-01-07T05:30,3251.95,3,0.25,10098.31,-17.59,-0.17,10080.72,Signal Flip
37,EMA_CONFIRMED_207_224,LONG,2026-01-07T05:35,3262.65,2026-01-07T05:50,3248.7,3,0.25,10080.72,-43.09,-0.43,10037.63,Signal Flip
38,EMA_CONFIRMED_207_224,LONG,2026-01-07T06:25,3259.06,2026-01-07T06:35,3253.02,2,0.17,10037.63,-18.59,-0.19,10019.04,Signal Flip
39,EMA_CONFIRMED_207_224,LONG,2026-01-07T07:05,3257.53,2026-01-07T07:50,3253.06,9,0.75,10019.04,-13.73,-0.14,10005.31,Signal Flip
40,EMA_CONFIRMED_207_224,LONG,2026-01-07T08:00,3256.94,2026-01-07T08:40,3253.53,8,0.67,10005.31,-10.46,-0.1,9994.85,Signal Flip
41,EMA_CONFIRMED_207_224,LONG,2026-01-07T08:55,3258.97,2026-01-07T09:00,3252.82,1,0.08,9994.85,-18.85,-0.19,9976.0,Signal Flip
42,EMA_CONFIRMED_207_224,SHORT,2026-01-07T11:55,3218.33,2026-01-08T02:15,3182.95,172,14.33,9976.0,109.67,1.1,10085.66,Signal Flip
43,EMA_CONFIRMED_207_224,SHORT,2026-01-08T02:20,3175.97,2026-01-08T17:05,3126.97,177,14.75,10085.66,155.6,1.54,10241.26,Signal Flip
44,EMA_CONFIRMED_207_224,SHORT,2026-01-08T17:20,3118.21,2026-01-08T17:50,3127.12,6,0.5,10241.26,-29.27,-0.29,10211.99,Signal Flip
45,EMA_CONFIRMED_207_224,SHORT,2026-01-08T18:25,3121.11,2026-01-08T18:30,3127.21,1,0.08,10211.99,-19.97,-0.2,10192.02,Signal Flip
46,EMA_CONFIRMED_207_224,SHORT,2026-01-08T18:40,3121.99,2026-01-08T19:10,3126.94,6,0.5,10192.02,-16.17,-0.16,10175.85,Signal Flip
47,EMA_CONFIRMED_207_224,SHORT,2026-01-08T19:20,3114.74,2026-01-08T19:35,3126.92,3,0.25,10175.85,-39.79,-0.39,10136.05,Signal Flip
48,EMA_CONFIRMED_207_224,SHORT,2026-01-08T19:45,3114.69,2026-01-08T22:05,3122.69,28,2.33,10136.05,-26.03,-0.26,10110.02,Signal Flip
49,EMA_CONFIRMED_207_224,SHORT,2026-01-08T22:10,3117.41,2026-01-08T22:15,3128.0,1,0.08,10110.02,-34.35,-0.34,10075.67,Signal Flip
50,EMA_CONFIRMED_207_224,SHORT,2026-01-08T22:35,3115.49,2026-01-08T23:10,3122.4,7,0.58,10075.67,-22.34,-0.22,10053.32,Signal Flip
51,EMA_CONFIRMED_207_224,SHORT,2026-01-08T23:15,3116.89,2026-01-08T23:20,3122.7,1,0.08,10053.32,-18.74,-0.19,10034.59,Signal Flip
52,EMA_CONFIRMED_207_224,SHORT,2026-01-08T23:25,3117.65,2026-01-09T01:30,3140.95,25,2.08,10034.59,-74.99,-0.75,9959.59,Signal Flip
53,EMA_CONFIRMED_207_224,SHORT,2026-01-09T01:35,3107.31,2026-01-09T02:10,3123.62,7,0.58,9959.59,-52.29,-0.53,9907.3,Signal Flip
54,EMA_CONFIRMED_207_224,SHORT,2026-01-09T02:35,3114.51,2026-01-09T03:50,3120.24,15,1.25,9907.3,-18.22,-0.18,9889.08,Signal Flip
55,EMA_CONFIRMED_207_224,SHORT,2026-01-09T04:15,3115.3,2026-01-09T04:20,3120.73,1,0.08,9889.08,-17.23,-0.17,9871.85,Signal Flip
56,EMA_CONFIRMED_207_224,SHORT,2026-01-09T04:35,3115.31,2026-01-09T05:05,3121.97,6,0.5,9871.85,-21.1,-0.21,9850.75,Signal Flip
57,EMA_CONFIRMED_207_224,SHORT,2026-01-09T05:20,3113.8,2026-01-09T05:30,3119.39,2,0.17,9850.75,-17.67,-0.18,9833.08,Signal Flip
58,EMA_CONFIRMED_207_224,SHORT,2026-01-09T05:35,3114.51,2026-01-09T06:00,3120.07,5,0.42,9833.08,-17.55,-0.18,9815.53,Signal Flip
59,EMA_CONFIRMED_207_224,SHORT,2026-01-09T07:35,3113.45,2026-01-09T15:25,3110.64,94,7.83,9815.53,8.85,0.09,9824.38,Signal Flip
60,EMA_CONFIRMED_207_224,SHORT,2026-01-09T17:45,3105.38,2026-01-09T17:50,3119.35,1,0.08,9824.38,-44.2,-0.45,9780.18,Signal Flip
61,EMA_CONFIRMED_207_224,SHORT,2026-01-09T18:20,3096.32,2026-01-10T07:15,3093.81,155,12.92,9780.18,7.94,0.08,9788.12,Signal Flip
62,EMA_CONFIRMED_207_224,SHORT,2026-01-10T07:20,3089.11,2026-01-10T07:25,3093.01,1,0.08,9788.12,-12.33,-0.13,9775.79,Signal Flip
63,EMA_CONFIRMED_207_224,SHORT,2026-01-10T07:45,3088.77,2026-01-10T07:50,3092.8,1,0.08,9775.79,-12.73,-0.13,9763.07,Signal Flip
64,EMA_CONFIRMED_207_224,SHORT,2026-01-10T08:10,3088.34,2026-01-10T09:25,3093.19,15,1.25,9763.07,-15.33,-0.16,9747.73,Signal Flip
65,EMA_CONFIRMED_207_224,SHORT,2026-01-10T14:35,3089.82,2026-01-10T15:05,3096.19,6,0.5,9747.73,-20.07,-0.21,9727.66,Signal Flip
66,EMA_CONFIRMED_207_224,SHORT,2026-01-10T15:30,3091.69,2026-01-10T15:35,3096.34,1,0.08,9727.66,-14.61,-0.15,9713.05,Signal Flip
67,EMA_CONFIRMED_207_224,SHORT,2026-01-10T16:20,3090.94,2026-01-10T16:25,3095.8,1,0.08,9713.05,-15.25,-0.16,9697.8,Signal Flip
68,EMA_CONFIRMED_207_224,SHORT,2026-01-10T17:55,3092.45,2026-01-10T18:30,3095.58,7,0.58,9697.8,-9.8,-0.1,9688.0,Signal Flip
69,EMA_CONFIRMED_207_224,SHORT,2026-01-10T18:35,3091.98,2026-01-11T00:25,3092.7,70,5.83,9688.0,-2.23,-0.02,9685.77,Signal Flip
70,EMA_CONFIRMED_207_224,SHORT,2026-01-11T00:35,3088.49,2026-01-11T00:55,3093.81,4,0.33,9685.77,-16.66,-0.17,9669.11,Signal Flip
71,EMA_CONFIRMED_207_224,SHORT,2026-01-11T01:25,3088.1,2026-01-11T01:30,3093.58,1,0.08,9669.11,-17.16,-0.18,9651.95,Signal Flip
72,EMA_CONFIRMED_207_224,SHORT,2026-01-11T01:35,3089.39,2026-01-11T01:45,3094.1,2,0.17,9651.95,-14.69,-0.15,9637.26,Signal Flip
73,EMA_CONFIRMED_207_224,LONG,2026-01-11T05:50,3101.78,2026-01-11T06:20,3091.48,6,0.5,9637.26,-31.99,-0.33,9605.27,Signal Flip
74,EMA_CONFIRMED_207_224,LONG,2026-01-11T06:30,3095.46,2026-01-11T06:35,3091.3,1,0.08,9605.27,-12.89,-0.13,9592.38,Signal Flip
75,EMA_CONFIRMED_207_224,LONG,2026-01-11T06:45,3095.46,2026-01-11T20:20,3103.41,163,13.58,9592.38,24.64,0.26,9617.02,Signal Flip
76,EMA_CONFIRMED_207_224,LONG,2026-01-11T20:55,3116.32,2026-01-11T21:05,3107.57,2,0.17,9617.02,-27.01,-0.28,9590.01,Signal Flip
77,EMA_CONFIRMED_207_224,LONG,2026-01-11T21:15,3113.79,2026-01-11T22:05,3110.34,10,0.83,9590.01,-10.6,-0.11,9579.41,Signal Flip
78,EMA_CONFIRMED_207_224,LONG,2026-01-11T22:25,3117.78,2026-01-11T22:55,3109.1,6,0.5,9579.41,-26.65,-0.28,9552.76,Signal Flip
79,EMA_CONFIRMED_207_224,LONG,2026-01-11T23:20,3126.11,2026-01-11T23:40,3109.73,4,0.33,9552.76,-50.05,-0.52,9502.71,Signal Flip
80,EMA_CONFIRMED_207_224,LONG,2026-01-11T23:45,3122.46,2026-01-12T00:10,3108.92,5,0.42,9502.71,-41.19,-0.43,9461.52,Signal Flip
81,EMA_CONFIRMED_207_224,LONG,2026-01-12T00:15,3117.19,2026-01-12T00:40,3107.99,5,0.42,9461.52,-27.93,-0.3,9433.59,Signal Flip
82,EMA_CONFIRMED_207_224,LONG,2026-01-12T01:00,3121.46,2026-01-12T07:55,3132.68,83,6.92,9433.59,33.92,0.36,9467.5,Signal Flip
83,EMA_CONFIRMED_207_224,LONG,2026-01-12T08:00,3136.9,2026-01-12T08:05,3132.2,1,0.08,9467.5,-14.17,-0.15,9453.34,Signal Flip
84,EMA_CONFIRMED_207_224,LONG,2026-01-12T08:10,3142.99,2026-01-12T08:35,3124.04,5,0.42,9453.34,-57.01,-0.6,9396.33,Signal Flip
85,EMA_CONFIRMED_207_224,SHORT,2026-01-12T14:55,3093.56,2026-01-12T15:40,3124.08,9,0.75,9396.33,-92.7,-0.99,9303.63,Signal Flip
86,EMA_CONFIRMED_207_224,LONG,2026-01-12T16:40,3135.21,2026-01-12T17:25,3118.94,9,0.75,9303.63,-48.27,-0.52,9255.36,Signal Flip
87,EMA_CONFIRMED_207_224,SHORT,2026-01-12T17:40,3094.82,2026-01-12T19:55,3122.62,27,2.25,9255.36,-83.13,-0.9,9172.22,Signal Flip
88,EMA_CONFIRMED_207_224,SHORT,2026-01-12T20:20,3114.09,2026-01-13T01:10,3113.52,58,4.83,9172.22,1.7,0.02,9173.92,Signal Flip
89,EMA_CONFIRMED_207_224,SHORT,2026-01-13T01:15,3108.8,2026-01-13T03:15,3111.15,24,2.0,9173.92,-6.93,-0.08,9166.99,Signal Flip
90,EMA_CONFIRMED_207_224,SHORT,2026-01-13T03:20,3107.99,2026-01-13T03:25,3117.72,1,0.08,9166.99,-28.71,-0.31,9138.28,Signal Flip
91,EMA_CONFIRMED_207_224,LONG,2026-01-13T07:10,3132.93,2026-01-14T11:20,3291.42,338,28.17,9138.28,462.31,5.06,9600.59,Signal Flip
92,EMA_CONFIRMED_207_224,LONG,2026-01-14T11:25,3299.05,2026-01-14T11:35,3292.18,2,0.17,9600.59,-19.98,-0.21,9580.61,Signal Flip
93,EMA_CONFIRMED_207_224,LONG,2026-01-14T12:15,3297.96,2026-01-14T12:35,3291.26,4,0.33,9580.61,-19.45,-0.2,9561.17,Signal Flip
94,EMA_CONFIRMED_207_224,LONG,2026-01-14T12:40,3300.35,2026-01-14T13:05,3290.6,5,0.42,9561.17,-28.23,-0.3,9532.93,Signal Flip
95,EMA_CONFIRMED_207_224,LONG,2026-01-14T13:10,3296.12,2026-01-15T00:35,3332.38,137,11.42,9532.93,104.89,1.1,9637.82,Signal Flip
96,EMA_CONFIRMED_207_224,LONG,2026-01-15T01:05,3342.31,2026-01-15T01:10,3334.42,1,0.08,9637.82,-22.75,-0.24,9615.07,Signal Flip
97,EMA_CONFIRMED_207_224,LONG,2026-01-15T07:25,3329.77,2026-01-15T08:15,3323.02,10,0.83,9615.07,-19.51,-0.2,9595.56,Signal Flip
98,EMA_CONFIRMED_207_224,LONG,2026-01-15T08:25,3329.39,2026-01-15T08:30,3320.48,1,0.08,9595.56,-25.69,-0.27,9569.87,Signal Flip
99,EMA_CONFIRMED_207_224,LONG,2026-01-15T08:40,3327.77,2026-01-15T14:45,3332.68,73,6.08,9569.87,14.12,0.15,9583.99,Signal Flip
100,EMA_CONFIRMED_207_224,LONG,2026-01-15T14:50,3346.65,2026-01-15T15:00,3340.63,2,0.17,9583.99,-17.25,-0.18,9566.74,Signal Flip
101,EMA_CONFIRMED_207_224,LONG,2026-01-15T15:10,3356.49,2026-01-15T15:25,3335.03,3,0.25,9566.74,-61.15,-0.64,9505.59,Signal Flip
102,EMA_CONFIRMED_207_224,SHORT,2026-01-15T19:30,3287.01,2026-01-15T23:55,3321.37,53,4.42,9505.59,-99.38,-1.05,9406.21,Signal Flip
103,EMA_CONFIRMED_207_224,SHORT,2026-01-16T00:00,3317.04,2026-01-16T00:05,3323.3,1,0.08,9406.21,-17.75,-0.19,9388.46,Signal Flip
104,EMA_CONFIRMED_207_224,SHORT,2026-01-16T00:15,3316.06,2026-01-16T00:20,3322.23,1,0.08,9388.46,-17.47,-0.19,9370.99,Signal Flip
105,EMA_CONFIRMED_207_224,SHORT,2026-01-16T01:00,3315.55,2026-01-16T05:45,3312.93,57,4.75,9370.99,7.42,0.08,9378.41,Signal Flip
106,EMA_CONFIRMED_207_224,SHORT,2026-01-16T05:55,3307.59,2026-01-16T06:40,3313.58,9,0.75,9378.41,-16.99,-0.18,9361.43,Signal Flip
107,EMA_CONFIRMED_207_224,SHORT,2026-01-16T07:30,3306.05,2026-01-16T08:10,3314.95,8,0.67,9361.43,-25.2,-0.27,9336.22,Signal Flip
108,EMA_CONFIRMED_207_224,SHORT,2026-01-16T09:20,3308.16,2026-01-16T09:30,3313.61,2,0.17,9336.22,-15.38,-0.16,9320.84,Signal Flip
109,EMA_CONFIRMED_207_224,SHORT,2026-01-16T09:35,3308.04,2026-01-16T09:40,3313.17,1,0.08,9320.84,-14.46,-0.16,9306.38,Signal Flip
110,EMA_CONFIRMED_207_224,SHORT,2026-01-16T09:45,3309.23,2026-01-16T12:20,3311.8,31,2.58,9306.38,-7.2,-0.08,9299.18,Signal Flip
111,EMA_CONFIRMED_207_224,SHORT,2026-01-16T12:50,3306.66,2026-01-16T13:15,3311.52,5,0.42,9299.18,-13.69,-0.15,9285.49,Signal Flip
112,EMA_CONFIRMED_207_224,SHORT,2026-01-16T13:20,3304.67,2026-01-16T14:05,3312.19,9,0.75,9285.49,-21.13,-0.23,9264.36,Signal Flip
113,EMA_CONFIRMED_207_224,SHORT,2026-01-16T14:10,3303.84,2026-01-16T14:30,3316.56,4,0.33,9264.36,-35.67,-0.39,9228.7,Signal Flip
114,EMA_CONFIRMED_207_224,SHORT,2026-01-16T14:35,3303.77,2026-01-16T15:15,3310.1,8,0.67,9228.7,-17.7,-0.19,9210.99,Signal Flip
115,EMA_CONFIRMED_207_224,SHORT,2026-01-16T15:20,3283.9,2026-01-16T21:05,3297.28,69,5.75,9210.99,-37.53,-0.41,9173.46,Signal Flip
116,EMA_CONFIRMED_207_224,SHORT,2026-01-16T21:15,3288.85,2026-01-16T21:35,3297.25,4,0.33,9173.46,-23.41,-0.26,9150.05,Signal Flip
117,EMA_CONFIRMED_207_224,SHORT,2026-01-16T22:05,3291.08,2026-01-16T23:00,3295.75,11,0.92,9150.05,-12.97,-0.14,9137.09,Signal Flip
118,EMA_CONFIRMED_207_224,SHORT,2026-01-17T00:05,3291.78,2026-01-17T00:15,3295.51,2,0.17,9137.09,-10.34,-0.11,9126.75,Signal Flip
119,EMA_CONFIRMED_207_224,SHORT,2026-01-17T00:20,3291.79,2026-01-17T01:10,3295.34,10,0.83,9126.75,-9.82,-0.11,9116.93,Signal Flip
120,EMA_CONFIRMED_207_224,SHORT,2026-01-17T01:30,3291.06,2026-01-17T05:00,3293.79,42,3.5,9116.93,-7.54,-0.08,9109.38,Signal Flip
121,EMA_CONFIRMED_207_224,SHORT,2026-01-17T05:10,3290.07,2026-01-17T05:40,3293.9,6,0.5,9109.38,-10.58,-0.12,9098.8,Signal Flip
122,EMA_CONFIRMED_207_224,SHORT,2026-01-17T05:55,3290.15,2026-01-17T07:40,3293.42,21,1.75,9098.8,-9.02,-0.1,9089.78,Signal Flip
123,EMA_CONFIRMED_207_224,SHORT,2026-01-17T07:45,3289.8,2026-01-17T08:05,3294.88,4,0.33,9089.78,-14.01,-0.15,9075.77,Signal Flip
124,EMA_CONFIRMED_207_224,LONG,2026-01-17T13:40,3303.72,2026-01-17T22:30,3306.96,106,8.83,9075.77,8.89,0.1,9084.65,Signal Flip
125,EMA_CONFIRMED_207_224,LONG,2026-01-17T23:45,3310.98,2026-01-17T23:55,3306.21,2,0.17,9084.65,-13.11,-0.14,9071.54,Signal Flip
126,EMA_CONFIRMED_207_224,LONG,2026-01-18T00:00,3312.22,2026-01-18T00:05,3305.15,1,0.08,9071.54,-19.36,-0.21,9052.18,Signal Flip
127,EMA_CONFIRMED_207_224,LONG,2026-01-18T00:10,3314.3,2026-01-18T00:45,3305.25,7,0.58,9052.18,-24.72,-0.27,9027.46,Signal Flip
128,EMA_CONFIRMED_207_224,LONG,2026-01-18T03:20,3309.6,2026-01-18T03:25,3305.54,1,0.08,9027.46,-11.09,-0.12,9016.37,Signal Flip
129,EMA_CONFIRMED_207_224,LONG,2026-01-18T03:30,3313.34,2026-01-18T07:15,3306.61,45,3.75,9016.37,-18.31,-0.2,8998.06,Signal Flip
130,EMA_CONFIRMED_207_224,LONG,2026-01-18T07:25,3312.57,2026-01-18T07:35,3305.74,2,0.17,8998.06,-18.55,-0.21,8979.51,Signal Flip
131,EMA_CONFIRMED_207_224,LONG,2026-01-18T08:30,3312.03,2026-01-18T23:05,3326.47,175,14.58,8979.51,39.15,0.44,9018.66,Signal Flip
132,EMA_CONFIRMED_207_224,LONG,2026-01-18T23:20,3337.62,2026-01-18T23:25,3323.09,1,0.08,9018.66,-39.26,-0.44,8979.39,Signal Flip
133,EMA_CONFIRMED_207_224,SHORT,2026-01-19T00:50,3218.39,2026-01-21T14:25,2977.15,739,61.58,8979.39,673.07,7.5,9652.47,Signal Flip
134,EMA_CONFIRMED_207_224,SHORT,2026-01-21T16:25,2958.31,2026-01-21T19:30,2985.59,37,3.08,9652.47,-89.02,-0.92,9563.45,Signal Flip
135,EMA_CONFIRMED_207_224,SHORT,2026-01-21T23:50,2972.07,2026-01-22T00:05,2993.32,3,0.25,9563.45,-68.35,-0.71,9495.1,Signal Flip
136,EMA_CONFIRMED_207_224,LONG,2026-01-22T02:05,3029.75,2026-01-22T08:00,2999.44,71,5.92,9495.1,-95.0,-1.0,9400.09,Signal Flip
137,EMA_CONFIRMED_207_224,LONG,2026-01-22T08:05,3008.64,2026-01-22T08:15,2994.55,2,0.17,9400.09,-44.03,-0.47,9356.06,Signal Flip
138,EMA_CONFIRMED_207_224,LONG,2026-01-22T08:55,3007.21,2026-01-22T10:40,3000.92,21,1.75,9356.06,-19.58,-0.21,9336.48,Signal Flip
139,EMA_CONFIRMED_207_224,SHORT,2026-01-22T14:30,2971.27,2026-01-23T01:40,2966.68,134,11.17,9336.48,14.43,0.15,9350.91,Signal Flip
140,EMA_CONFIRMED_207_224,SHORT,2026-01-23T02:05,2961.29,2026-01-23T02:10,2964.98,1,0.08,9350.91,-11.66,-0.12,9339.25,Signal Flip
141,EMA_CONFIRMED_207_224,SHORT,2026-01-23T02:25,2959.96,2026-01-23T03:25,2965.83,12,1.0,9339.25,-18.53,-0.2,9320.72,Signal Flip
142,EMA_CONFIRMED_207_224,SHORT,2026-01-23T03:35,2959.32,2026-01-23T03:50,2964.43,3,0.25,9320.72,-16.1,-0.17,9304.62,Signal Flip
143,EMA_CONFIRMED_207_224,SHORT,2026-01-23T06:25,2956.91,2026-01-23T15:50,2960.74,113,9.42,9304.62,-12.05,-0.13,9292.57,Signal Flip
144,EMA_CONFIRMED_207_224,SHORT,2026-01-23T19:35,2948.1,2026-01-23T19:45,2959.78,2,0.17,9292.57,-36.83,-0.4,9255.74,Signal Flip
145,EMA_CONFIRMED_207_224,SHORT,2026-01-23T19:50,2949.43,2026-01-23T20:00,2961.27,2,0.17,9255.74,-37.14,-0.4,9218.6,Signal Flip
146,EMA_CONFIRMED_207_224,SHORT,2026-01-23T20:25,2953.36,2026-01-23T22:10,2956.07,21,1.75,9218.6,-8.44,-0.09,9210.16,Signal Flip
147,EMA_CONFIRMED_207_224,SHORT,2026-01-23T22:15,2951.21,2026-01-23T22:25,2957.14,2,0.17,9210.16,-18.49,-0.2,9191.67,Signal Flip
148,EMA_CONFIRMED_207_224,SHORT,2026-01-23T23:20,2951.51,2026-01-23T23:25,2957.54,1,0.08,9191.67,-18.76,-0.2,9172.91,Signal Flip
149,EMA_CONFIRMED_207_224,SHORT,2026-01-23T23:45,2951.31,2026-01-23T23:55,2956.3,2,0.17,9172.91,-15.49,-0.17,9157.42,Signal Flip
150,EMA_CONFIRMED_207_224,SHORT,2026-01-24T00:15,2951.46,2026-01-24T00:20,2956.89,1,0.08,9157.42,-16.83,-0.18,9140.59,Signal Flip
151,EMA_CONFIRMED_207_224,SHORT,2026-01-24T00:25,2952.48,2026-01-24T00:35,2956.99,2,0.17,9140.59,-13.95,-0.15,9126.64,Signal Flip
152,EMA_CONFIRMED_207_224,SHORT,2026-01-24T00:40,2951.82,2026-01-24T01:15,2955.76,7,0.58,9126.64,-12.16,-0.13,9114.48,Signal Flip
153,EMA_CONFIRMED_207_224,SHORT,2026-01-24T01:50,2951.25,2026-01-24T01:55,2955.85,1,0.08,9114.48,-14.19,-0.16,9100.29,Signal Flip
154,EMA_CONFIRMED_207_224,LONG,2026-01-24T03:30,2971.76,2026-01-24T07:20,2954.43,46,3.83,9100.29,-53.05,-0.58,9047.24,Signal Flip
155,EMA_CONFIRMED_207_224,LONG,2026-01-24T07:35,2960.18,2026-01-24T07:40,2955.78,1,0.08,9047.24,-13.44,-0.15,9033.8,Signal Flip
156,EMA_CONFIRMED_207_224,LONG,2026-01-24T07:45,2960.47,2026-01-24T08:00,2955.86,3,0.25,9033.8,-14.06,-0.16,9019.74,Signal Flip
157,EMA_CONFIRMED_207_224,LONG,2026-01-24T08:15,2959.73,2026-01-24T14:00,2947.45,69,5.75,9019.74,-37.43,-0.42,8982.31,Signal Flip
158,EMA_CONFIRMED_207_224,LONG,2026-01-24T14:50,2960.82,2026-01-24T15:55,2956.42,13,1.08,8982.31,-13.34,-0.15,8968.96,Signal Flip
159,EMA_CONFIRMED_207_224,LONG,2026-01-24T16:10,2961.9,2026-01-24T16:15,2955.38,1,0.08,8968.96,-19.74,-0.22,8949.22,Signal Flip
160,EMA_CONFIRMED_207_224,LONG,2026-01-24T16:50,2961.18,2026-01-24T17:00,2957.43,2,0.17,8949.22,-11.33,-0.13,8937.89,Signal Flip
161,EMA_CONFIRMED_207_224,LONG,2026-01-24T17:15,2964.82,2026-01-24T19:15,2956.76,24,2.0,8937.89,-24.3,-0.27,8913.59,Signal Flip
162,EMA_CONFIRMED_207_224,LONG,2026-01-24T22:05,2960.53,2026-01-24T23:05,2956.54,12,1.0,8913.59,-12.01,-0.13,8901.58,Signal Flip
163,EMA_CONFIRMED_207_224,SHORT,2026-01-25T00:20,2953.88,2026-01-25T01:00,2960.34,8,0.67,8901.58,-19.46,-0.22,8882.12,Signal Flip
164,EMA_CONFIRMED_207_224,SHORT,2026-01-25T01:05,2956.8,2026-01-26T01:25,2877.39,292,24.33,8882.12,238.55,2.69,9120.68,Signal Flip
165,EMA_CONFIRMED_207_224,SHORT,2026-01-26T02:10,2867.12,2026-01-26T02:15,2872.05,1,0.08,9120.68,-15.68,-0.17,9105.0,Signal Flip
166,EMA_CONFIRMED_207_224,SHORT,2026-01-26T02:45,2866.7,2026-01-26T02:50,2872.67,1,0.08,9105.0,-18.96,-0.21,9086.03,Signal Flip
167,EMA_CONFIRMED_207_224,SHORT,2026-01-26T02:55,2864.33,2026-01-26T04:25,2872.89,18,1.5,9086.03,-27.15,-0.3,9058.89,Signal Flip
168,EMA_CONFIRMED_207_224,SHORT,2026-01-26T04:45,2862.03,2026-01-26T04:55,2871.14,2,0.17,9058.89,-28.86,-0.32,9030.03,Signal Flip
169,EMA_CONFIRMED_207_224,SHORT,2026-01-26T05:00,2864.54,2026-01-26T05:35,2870.59,7,0.58,9030.03,-19.1,-0.21,9010.93,Signal Flip
170,EMA_CONFIRMED_207_224,SHORT,2026-01-26T05:40,2864.54,2026-01-26T05:50,2870.5,2,0.17,9010.93,-18.77,-0.21,8992.16,Signal Flip
171,EMA_CONFIRMED_207_224,SHORT,2026-01-26T06:15,2866.38,2026-01-26T06:20,2872.27,1,0.08,8992.16,-18.48,-0.21,8973.69,Signal Flip
172,EMA_CONFIRMED_207_224,SHORT,2026-01-26T14:15,2884.4,2026-01-26T14:25,2888.48,2,0.17,8973.69,-12.71,-0.14,8960.97,Signal Flip
173,EMA_CONFIRMED_207_224,LONG,2026-01-26T14:40,2918.41,2026-01-26T17:35,2890.16,35,2.92,8960.97,-86.72,-0.97,8874.25,Signal Flip
174,EMA_CONFIRMED_207_224,LONG,2026-01-26T17:40,2907.18,2026-01-26T20:55,2899.86,39,3.25,8874.25,-22.36,-0.25,8851.89,Signal Flip
175,EMA_CONFIRMED_207_224,LONG,2026-01-26T21:15,2909.28,2026-01-27T08:30,2923.55,135,11.25,8851.89,43.4,0.49,8895.29,Signal Flip
176,EMA_CONFIRMED_207_224,LONG,2026-01-27T12:20,2922.56,2026-01-27T12:45,2918.52,5,0.42,8895.29,-12.3,-0.14,8883.0,Signal Flip
177,EMA_CONFIRMED_207_224,LONG,2026-01-27T14:15,2928.24,2026-01-27T14:40,2911.38,5,0.42,8883.0,-51.15,-0.58,8831.85,Signal Flip
178,EMA_CONFIRMED_207_224,LONG,2026-01-27T14:55,2923.3,2026-01-27T15:00,2917.19,1,0.08,8831.85,-18.46,-0.21,8813.39,Signal Flip
179,EMA_CONFIRMED_207_224,LONG,2026-01-27T15:05,2925.71,2026-01-27T15:30,2914.52,5,0.42,8813.39,-33.71,-0.38,8779.68,Signal Flip
180,EMA_CONFIRMED_207_224,LONG,2026-01-27T15:40,2922.9,2026-01-27T15:45,2918.03,1,0.08,8779.68,-14.63,-0.17,8765.05,Signal Flip
181,EMA_CONFIRMED_207_224,LONG,2026-01-27T15:50,2934.21,2026-01-27T17:45,2920.5,23,1.92,8765.05,-40.95,-0.47,8724.1,Signal Flip
182,EMA_CONFIRMED_207_224,LONG,2026-01-27T18:00,2931.76,2026-01-28T09:00,2989.18,180,15.0,8724.1,170.89,1.96,8895.0,Signal Flip
183,EMA_CONFIRMED_207_224,LONG,2026-01-28T09:10,2994.03,2026-01-28T09:15,2988.75,1,0.08,8895.0,-15.66,-0.18,8879.34,Signal Flip
184,EMA_CONFIRMED_207_224,LONG,2026-01-28T09:25,2994.44,2026-01-28T15:10,3003.7,69,5.75,8879.34,27.46,0.31,8906.8,Signal Flip
185,EMA_CONFIRMED_207_224,LONG,2026-01-28T15:45,3011.9,2026-01-28T15:50,3003.2,1,0.08,8906.8,-25.72,-0.29,8881.08,Signal Flip
186,EMA_CONFIRMED_207_224,LONG,2026-01-28T15:55,3013.61,2026-01-28T16:05,3000.96,2,0.17,8881.08,-37.27,-0.42,8843.81,Signal Flip
187,EMA_CONFIRMED_207_224,LONG,2026-01-28T16:30,3017.24,2026-01-28T16:35,3005.17,1,0.08,8843.81,-35.38,-0.4,8808.43,Signal Flip
188,EMA_CONFIRMED_207_224,LONG,2026-01-28T16:40,3010.17,2026-01-28T16:45,3000.02,1,0.08,8808.43,-29.72,-0.34,8778.71,Signal Flip
189,EMA_CONFIRMED_207_224,LONG,2026-01-28T17:40,3013.13,2026-01-28T19:35,3005.05,23,1.92,8778.71,-23.54,-0.27,8755.17,Signal Flip
190,EMA_CONFIRMED_207_224,LONG,2026-01-28T19:50,3015.05,2026-01-28T20:50,3007.85,12,1.0,8755.17,-20.91,-0.24,8734.26,Signal Flip
191,EMA_CONFIRMED_207_224,LONG,2026-01-28T20:55,3015.2,2026-01-28T21:05,3004.09,2,0.17,8734.26,-32.18,-0.37,8702.08,Signal Flip
192,EMA_CONFIRMED_207_224,LONG,2026-01-28T21:10,3015.04,2026-01-28T21:35,3008.67,5,0.42,8702.08,-18.36,-0.21,8683.72,Signal Flip
193,EMA_CONFIRMED_207_224,LONG,2026-01-28T21:40,3019.32,2026-01-28T22:45,3009.1,13,1.08,8683.72,-29.38,-0.34,8654.34,Signal Flip
194,EMA_CONFIRMED_207_224,LONG,2026-01-28T22:50,3016.84,2026-01-28T23:35,3009.26,9,0.75,8654.34,-21.72,-0.25,8632.61,Signal Flip
195,EMA_CONFIRMED_207_224,LONG,2026-01-28T23:45,3015.1,2026-01-28T23:55,3009.16,2,0.17,8632.61,-16.98,-0.2,8615.63,Signal Flip
196,EMA_CONFIRMED_207_224,SHORT,2026-01-29T03:50,2949.47,2026-01-30T19:05,2752.09,471,39.25,8615.63,576.59,6.69,9192.22,Signal Flip
197,EMA_CONFIRMED_207_224,SHORT,2026-01-30T19:10,2739.97,2026-01-30T19:20,2753.52,2,0.17,9192.22,-45.45,-0.49,9146.77,Signal Flip
198,EMA_CONFIRMED_207_224,SHORT,2026-01-30T19:40,2744.85,2026-01-30T19:55,2750.4,3,0.25,9146.77,-18.52,-0.2,9128.25,Signal Flip
199,EMA_CONFIRMED_207_224,SHORT,2026-01-30T20:00,2741.02,2026-02-02T09:30,2281.49,738,61.5,9128.25,1530.34,16.76,10658.59,Signal Flip
200,EMA_CONFIRMED_207_224,SHORT,2026-02-02T09:35,2274.78,2026-02-02T09:40,2290.22,1,0.08,10658.59,-72.36,-0.68,10586.24,Signal Flip
201,EMA_CONFIRMED_207_224,SHORT,2026-02-02T10:40,2274.42,2026-02-02T10:55,2281.7,3,0.25,10586.24,-33.88,-0.32,10552.36,Signal Flip
202,EMA_CONFIRMED_207_224,SHORT,2026-02-02T11:00,2276.66,2026-02-02T11:05,2281.21,1,0.08,10552.36,-21.08,-0.2,10531.28,Signal Flip
203,EMA_CONFIRMED_207_224,LONG,2026-02-02T18:25,2346.19,2026-02-02T20:35,2317.12,26,2.17,10531.28,-130.49,-1.24,10400.78,Signal Flip
204,EMA_CONFIRMED_207_224,LONG,2026-02-02T21:00,2323.23,2026-02-03T02:15,2327.89,63,5.25,10400.78,20.84,0.2,10421.62,Signal Flip
205,EMA_CONFIRMED_207_224,LONG,2026-02-03T02:20,2335.62,2026-02-03T02:30,2329.2,2,0.17,10421.62,-28.61,-0.27,10393.01,Signal Flip
206,EMA_CONFIRMED_207_224,LONG,2026-02-03T04:00,2345.16,2026-02-03T05:15,2325.42,15,1.25,10393.01,-87.5,-0.84,10305.5,Signal Flip
207,EMA_CONFIRMED_207_224,LONG,2026-02-03T07:35,2331.15,2026-02-03T07:50,2325.76,3,0.25,10305.5,-23.87,-0.23,10281.64,Signal Flip
208,EMA_CONFIRMED_207_224,LONG,2026-02-03T08:45,2330.42,2026-02-03T08:50,2323.94,1,0.08,10281.64,-28.62,-0.28,10253.02,Signal Flip
209,EMA_CONFIRMED_207_224,SHORT,2026-02-03T09:35,2284.54,2026-02-03T14:00,2313.38,53,4.42,10253.02,-129.43,-1.26,10123.59,Signal Flip
210,EMA_CONFIRMED_207_224,SHORT,2026-02-03T14:05,2310.46,2026-02-03T14:15,2313.35,2,0.17,10123.59,-12.63,-0.12,10110.96,Signal Flip
211,EMA_CONFIRMED_207_224,SHORT,2026-02-03T14:20,2299.88,2026-02-03T20:35,2296.45,75,6.25,10110.96,15.09,0.15,10126.05,Signal Flip
212,EMA_CONFIRMED_207_224,SHORT,2026-02-03T22:10,2259.07,2026-02-04T01:05,2266.97,35,2.92,10126.05,-35.42,-0.35,10090.62,Signal Flip
213,EMA_CONFIRMED_207_224,SHORT,2026-02-04T01:50,2261.74,2026-02-04T01:55,2268.89,1,0.08,10090.62,-31.92,-0.32,10058.7,Signal Flip
214,EMA_CONFIRMED_207_224,SHORT,2026-02-04T02:30,2259.81,2026-02-04T03:10,2265.91,8,0.67,10058.7,-27.16,-0.27,10031.53,Signal Flip
215,EMA_CONFIRMED_207_224,SHORT,2026-02-04T05:45,2262.9,2026-02-04T06:10,2276.38,5,0.42,10031.53,-59.76,-0.6,9971.78,Signal Flip
216,EMA_CONFIRMED_207_224,SHORT,2026-02-04T06:25,2264.22,2026-02-04T06:30,2271.26,1,0.08,9971.78,-30.99,-0.31,9940.78,Signal Flip
217,EMA_CONFIRMED_207_224,SHORT,2026-02-04T07:10,2264.74,2026-02-04T07:15,2283.46,1,0.08,9940.78,-82.19,-0.83,9858.6,Signal Flip
218,EMA_CONFIRMED_207_224,SHORT,2026-02-04T09:20,2263.8,2026-02-05T09:10,2140.99,286,23.83,9858.6,534.81,5.42,10393.41,Signal Flip
219,EMA_CONFIRMED_207_224,SHORT,2026-02-05T09:25,2136.35,2026-02-05T09:30,2139.03,1,0.08,10393.41,-13.03,-0.13,10380.38,Signal Flip
220,EMA_CONFIRMED_207_224,SHORT,2026-02-05T09:35,2133.71,2026-02-05T10:20,2138.75,9,0.75,10380.38,-24.5,-0.24,10355.88,Signal Flip
221,EMA_CONFIRMED_207_224,SHORT,2026-02-05T10:35,2132.54,2026-02-06T05:50,1941.91,231,19.25,10355.88,925.74,8.94,11281.62,Signal Flip
222,EMA_CONFIRMED_207_224,SHORT,2026-02-06T06:20,1938.31,2026-02-06T06:25,1944.9,1,0.08,11281.62,-38.37,-0.34,11243.25,Signal Flip
223,EMA_CONFIRMED_207_224,SHORT,2026-02-06T06:30,1939.71,2026-02-06T10:35,1928.53,49,4.08,11243.25,64.78,0.58,11308.03,Signal Flip
224,EMA_CONFIRMED_207_224,SHORT,2026-02-06T10:40,1925.25,2026-02-06T10:45,1927.66,1,0.08,11308.03,-14.19,-0.13,11293.84,Signal Flip
225,EMA_CONFIRMED_207_224,SHORT,2026-02-06T10:50,1924.5,2026-02-06T11:00,1927.89,2,0.17,11293.84,-19.93,-0.18,11273.91,Signal Flip
226,EMA_CONFIRMED_207_224,SHORT,2026-02-06T11:05,1924.64,2026-02-06T11:15,1930.41,2,0.17,11273.91,-33.84,-0.3,11240.07,Signal Flip
227,EMA_CONFIRMED_207_224,SHORT,2026-02-06T11:20,1924.47,2026-02-06T11:25,1930.27,1,0.08,11240.07,-33.92,-0.3,11206.15,Signal Flip
228,EMA_CONFIRMED_207_224,SHORT,2026-02-06T11:50,1924.81,2026-02-06T11:55,1932.86,1,0.08,11206.15,-46.86,-0.42,11159.29,Signal Flip
229,EMA_CONFIRMED_207_224,SHORT,2026-02-06T12:10,1922.67,2026-02-06T13:05,1934.46,11,0.92,11159.29,-68.42,-0.61,11090.87,Signal Flip
230,EMA_CONFIRMED_207_224,LONG,2026-02-06T18:00,2068.04,2026-02-07T07:05,2042.12,157,13.08,11090.87,-139.04,-1.25,10951.83,Signal Flip
231,EMA_CONFIRMED_207_224,LONG,2026-02-07T12:05,2033.5,2026-02-07T13:40,2027.42,19,1.58,10951.83,-32.75,-0.3,10919.08,Signal Flip
232,EMA_CONFIRMED_207_224,LONG,2026-02-07T13:50,2039.21,2026-02-07T14:40,2025.5,10,0.83,10919.08,-73.42,-0.67,10845.66,Signal Flip
233,EMA_CONFIRMED_207_224,LONG,2026-02-07T15:10,2037.47,2026-02-08T04:15,2072.53,157,13.08,10845.66,186.65,1.72,11032.31,Signal Flip
234,EMA_CONFIRMED_207_224,LONG,2026-02-08T04:20,2076.57,2026-02-08T07:10,2069.96,34,2.83,11032.31,-35.08,-0.32,10997.23,Signal Flip
235,EMA_CONFIRMED_207_224,LONG,2026-02-08T07:35,2081.03,2026-02-08T16:45,2095.15,110,9.17,10997.23,74.63,0.68,11071.86,Signal Flip
236,EMA_CONFIRMED_207_224,LONG,2026-02-08T18:35,2116.76,2026-02-08T20:55,2101.38,28,2.33,11071.86,-80.44,-0.73,10991.42,Signal Flip
237,EMA_CONFIRMED_207_224,LONG,2026-02-08T21:00,2105.63,2026-02-08T21:35,2102.35,7,0.58,10991.42,-17.14,-0.16,10974.28,Signal Flip
238,EMA_CONFIRMED_207_224,LONG,2026-02-08T22:20,2105.34,2026-02-08T22:30,2099.6,2,0.17,10974.28,-29.93,-0.27,10944.34,Signal Flip
239,EMA_CONFIRMED_207_224,LONG,2026-02-08T23:00,2109.5,2026-02-08T23:25,2081.36,5,0.42,10944.34,-146.02,-1.33,10798.32,Signal Flip
240,EMA_CONFIRMED_207_224,LONG,2026-02-09T03:55,2100.72,2026-02-09T04:10,2092.96,3,0.25,10798.32,-39.87,-0.37,10758.45,Signal Flip
241,EMA_CONFIRMED_207_224,LONG,2026-02-09T04:20,2097.21,2026-02-09T04:35,2091.05,3,0.25,10758.45,-31.57,-0.29,10726.88,Signal Flip
242,EMA_CONFIRMED_207_224,LONG,2026-02-09T05:55,2095.98,2026-02-09T06:05,2086.33,2,0.17,10726.88,-49.39,-0.46,10677.49,Signal Flip
243,EMA_CONFIRMED_207_224,SHORT,2026-02-09T06:25,2073.05,2026-02-09T15:05,2064.79,104,8.67,10677.49,42.55,0.4,10720.03,Signal Flip
244,EMA_CONFIRMED_207_224,SHORT,2026-02-09T15:15,2055.29,2026-02-09T15:45,2062.49,6,0.5,10720.03,-37.55,-0.35,10682.49,Signal Flip
245,EMA_CONFIRMED_207_224,SHORT,2026-02-09T15:50,2057.56,2026-02-09T15:55,2063.86,1,0.08,10682.49,-32.71,-0.31,10649.77,Signal Flip
246,EMA_CONFIRMED_207_224,SHORT,2026-02-09T16:05,2056.99,2026-02-09T16:30,2061.72,5,0.42,10649.77,-24.49,-0.23,10625.29,Signal Flip
247,EMA_CONFIRMED_207_224,SHORT,2026-02-09T16:35,2053.25,2026-02-09T16:45,2082.1,2,0.17,10625.29,-149.28,-1.4,10476.01,Signal Flip
248,EMA_CONFIRMED_207_224,LONG,2026-02-09T19:40,2133.39,2026-02-10T03:20,2078.12,92,7.67,10476.01,-271.38,-2.59,10204.62,Signal Flip
249,EMA_CONFIRMED_207_224,SHORT,2026-02-10T06:35,2040.7,2026-02-10T17:35,2040.02,132,11.0,10204.62,3.4,0.03,10208.02,Signal Flip
250,EMA_CONFIRMED_207_224,SHORT,2026-02-10T17:55,2035.62,2026-02-10T18:00,2041.22,1,0.08,10208.02,-28.07,-0.28,10179.95,Signal Flip
251,EMA_CONFIRMED_207_224,SHORT,2026-02-10T18:05,2032.43,2026-02-11T00:20,2027.91,75,6.25,10179.95,22.64,0.22,10202.59,Signal Flip
252,EMA_CONFIRMED_207_224,SHORT,2026-02-11T00:35,2022.73,2026-02-11T00:55,2028.91,4,0.33,10202.59,-31.2,-0.31,10171.39,Signal Flip
253,EMA_CONFIRMED_207_224,SHORT,2026-02-11T01:00,2024.4,2026-02-11T01:05,2029.54,1,0.08,10171.39,-25.86,-0.25,10145.52,Signal Flip
254,EMA_CONFIRMED_207_224,SHORT,2026-02-11T01:10,2024.44,2026-02-11T01:15,2027.0,1,0.08,10145.52,-12.86,-0.13,10132.67,Signal Flip
255,EMA_CONFIRMED_207_224,SHORT,2026-02-11T01:20,2024.04,2026-02-11T01:45,2027.37,5,0.42,10132.67,-16.7,-0.16,10115.97,Signal Flip
256,EMA_CONFIRMED_207_224,SHORT,2026-02-11T01:50,2023.12,2026-02-11T02:05,2029.7,3,0.25,10115.97,-32.93,-0.33,10083.03,Signal Flip
257,EMA_CONFIRMED_207_224,SHORT,2026-02-11T02:15,2023.49,2026-02-11T02:20,2028.82,1,0.08,10083.03,-26.59,-0.26,10056.44,Signal Flip
258,EMA_CONFIRMED_207_224,SHORT,2026-02-11T02:45,2021.99,2026-02-11T14:05,1980.0,136,11.33,10056.44,208.83,2.08,10265.28,Signal Flip
259,EMA_CONFIRMED_207_224,SHORT,2026-02-11T14:35,1972.34,2026-02-11T21:25,1971.58,82,6.83,10265.28,4.0,0.04,10269.28,Signal Flip
260,EMA_CONFIRMED_207_224,SHORT,2026-02-11T22:55,1949.42,2026-02-12T00:40,1957.97,21,1.75,10269.28,-45.01,-0.44,10224.27,Signal Flip
261,EMA_CONFIRMED_207_224,SHORT,2026-02-12T02:20,1957.07,2026-02-12T02:25,1963.04,1,0.08,10224.27,-31.19,-0.31,10193.08,Signal Flip
262,EMA_CONFIRMED_207_224,SHORT,2026-02-12T05:15,1956.56,2026-02-12T05:25,1963.19,2,0.17,10193.08,-34.54,-0.34,10158.54,Signal Flip
263,EMA_CONFIRMED_207_224,SHORT,2026-02-12T08:20,1961.15,2026-02-12T08:55,1967.2,7,0.58,10158.54,-31.36,-0.31,10127.18,Signal Flip
264,EMA_CONFIRMED_207_224,LONG,2026-02-12T11:00,1995.16,2026-02-12T15:05,1967.59,49,4.08,10127.18,-139.95,-1.38,9987.23,Signal Flip
265,EMA_CONFIRMED_207_224,LONG,2026-02-12T15:25,1974.71,2026-02-12T15:35,1964.4,2,0.17,9987.23,-52.14,-0.52,9935.09,Signal Flip
266,EMA_CONFIRMED_207_224,SHORT,2026-02-12T16:40,1917.56,2026-02-12T23:05,1947.69,77,6.42,9935.09,-156.12,-1.57,9778.97,Signal Flip
267,EMA_CONFIRMED_207_224,SHORT,2026-02-12T23:15,1942.11,2026-02-12T23:25,1950.26,2,0.17,9778.97,-41.07,-0.42,9737.9,Signal Flip
268,EMA_CONFIRMED_207_224,SHORT,2026-02-12T23:40,1943.65,2026-02-12T23:45,1947.06,1,0.08,9737.9,-17.11,-0.18,9720.79,Signal Flip
269,EMA_CONFIRMED_207_224,SHORT,2026-02-13T00:20,1939.93,2026-02-13T01:15,1945.79,11,0.92,9720.79,-29.38,-0.3,9691.41,Signal Flip
270,EMA_CONFIRMED_207_224,SHORT,2026-02-13T01:20,1941.56,2026-02-13T01:40,1948.91,4,0.33,9691.41,-36.71,-0.38,9654.7,Signal Flip
271,EMA_CONFIRMED_207_224,SHORT,2026-02-13T01:55,1942.02,2026-02-13T02:05,1945.96,2,0.17,9654.7,-19.61,-0.2,9635.09,Signal Flip
272,EMA_CONFIRMED_207_224,SHORT,2026-02-13T02:40,1942.83,2026-02-13T02:45,1948.43,1,0.08,9635.09,-27.8,-0.29,9607.29,Signal Flip
273,EMA_CONFIRMED_207_224,SHORT,2026-02-13T05:00,1943.8,2026-02-13T07:15,1947.76,27,2.25,9607.29,-19.6,-0.2,9587.69,Signal Flip
274,EMA_CONFIRMED_207_224,SHORT,2026-02-13T07:35,1942.43,2026-02-13T08:30,1946.12,11,0.92,9587.69,-18.23,-0.19,9569.45,Signal Flip
275,EMA_CONFIRMED_207_224,LONG,2026-02-13T12:45,1961.51,2026-02-15T00:40,2075.51,431,35.92,9569.45,556.17,5.81,10125.62,Signal Flip
276,EMA_CONFIRMED_207_224,LONG,2026-02-15T00:55,2079.31,2026-02-15T01:25,2066.15,6,0.5,10125.62,-64.1,-0.63,10061.52,Signal Flip
277,EMA_CONFIRMED_207_224,LONG,2026-02-15T04:10,2074.71,2026-02-15T04:25,2069.82,3,0.25,10061.52,-23.68,-0.24,10037.85,Signal Flip
278,EMA_CONFIRMED_207_224,LONG,2026-02-15T04:35,2078.01,2026-02-15T08:30,2075.3,47,3.92,10037.85,-13.07,-0.13,10024.77,Signal Flip
279,EMA_CONFIRMED_207_224,SHORT,2026-02-15T13:10,2022.14,2026-02-16T09:05,1989.75,239,19.92,10024.77,160.54,1.6,10185.32,Signal Flip
280,EMA_CONFIRMED_207_224,SHORT,2026-02-16T11:00,1977.89,2026-02-16T11:05,1981.71,1,0.08,10185.32,-19.67,-0.19,10165.65,Signal Flip
281,EMA_CONFIRMED_207_224,SHORT,2026-02-16T11:10,1973.97,2026-02-16T12:10,1979.23,12,1.0,10165.65,-27.07,-0.27,10138.58,Signal Flip
282,EMA_CONFIRMED_207_224,SHORT,2026-02-16T12:15,1975.42,2026-02-16T12:30,1993.42,3,0.25,10138.58,-92.35,-0.91,10046.22,Signal Flip
283,EMA_CONFIRMED_207_224,SHORT,2026-02-16T13:30,1975.62,2026-02-16T15:05,1981.65,19,1.58,10046.22,-30.66,-0.31,10015.57,Signal Flip
284,EMA_CONFIRMED_207_224,SHORT,2026-02-16T15:15,1972.05,2026-02-16T17:30,1977.98,27,2.25,10015.57,-30.09,-0.3,9985.47,Signal Flip
285,EMA_CONFIRMED_207_224,SHORT,2026-02-16T18:40,1974.64,2026-02-16T19:40,1978.72,12,1.0,9985.47,-20.62,-0.21,9964.86,Signal Flip
286,EMA_CONFIRMED_207_224,SHORT,2026-02-16T19:50,1974.57,2026-02-16T19:55,1978.25,1,0.08,9964.86,-18.55,-0.19,9946.31,Signal Flip
287,EMA_CONFIRMED_207_224,SHORT,2026-02-16T20:00,1973.05,2026-02-16T20:30,1983.99,6,0.5,9946.31,-55.14,-0.55,9891.16,Signal Flip
288,EMA_CONFIRMED_207_224,LONG,2026-02-17T01:00,1999.45,2026-02-17T04:00,1984.7,36,3.0,9891.16,-72.98,-0.74,9818.19,Signal Flip
289,EMA_CONFIRMED_207_224,LONG,2026-02-17T04:20,1988.95,2026-02-17T04:35,1984.59,3,0.25,9818.19,-21.56,-0.22,9796.63,Signal Flip
290,EMA_CONFIRMED_207_224,LONG,2026-02-17T04:40,1989.34,2026-02-17T05:10,1985.01,6,0.5,9796.63,-21.36,-0.22,9775.27,Signal Flip
291,EMA_CONFIRMED_207_224,LONG,2026-02-17T07:50,1986.98,2026-02-17T08:20,1984.07,6,0.5,9775.27,-14.34,-0.15,9760.93,Signal Flip
292,EMA_CONFIRMED_207_224,SHORT,2026-02-17T08:50,1976.48,2026-02-17T13:15,1981.23,53,4.42,9760.93,-23.45,-0.24,9737.48,Signal Flip
293,EMA_CONFIRMED_207_224,SHORT,2026-02-17T13:20,1978.15,2026-02-17T13:25,1989.86,1,0.08,9737.48,-57.66,-0.59,9679.81,Signal Flip
294,EMA_CONFIRMED_207_224,SHORT,2026-02-17T14:40,1978.39,2026-02-17T16:05,1988.58,17,1.42,9679.81,-49.87,-0.52,9629.94,Signal Flip
295,EMA_CONFIRMED_207_224,SHORT,2026-02-17T17:05,1977.5,2026-02-17T18:25,1988.51,16,1.33,9629.94,-53.63,-0.56,9576.31,Signal Flip
296,EMA_CONFIRMED_207_224,LONG,2026-02-17T20:05,1998.87,2026-02-18T00:50,1984.48,57,4.75,9576.31,-68.95,-0.72,9507.36,Signal Flip
297,EMA_CONFIRMED_207_224,LONG,2026-02-18T02:10,1989.83,2026-02-18T02:15,1984.67,1,0.08,9507.36,-24.69,-0.26,9482.67,Signal Flip
298,EMA_CONFIRMED_207_224,LONG,2026-02-18T02:35,1990.24,2026-02-18T10:50,1997.61,99,8.25,9482.67,35.1,0.37,9517.77,Signal Flip
299,EMA_CONFIRMED_207_224,SHORT,2026-02-18T15:35,1982.78,2026-02-18T15:40,2005.6,1,0.08,9517.77,-109.56,-1.15,9408.21,Signal Flip
300,EMA_CONFIRMED_207_224,LONG,2026-02-18T15:40,2005.6,2026-02-18T16:00,1984.49,4,0.33,9408.21,-99.05,-1.05,9309.16,Signal Flip
301,EMA_CONFIRMED_207_224,SHORT,2026-02-18T16:05,1975.38,2026-02-19T01:15,1971.24,110,9.17,9309.16,19.54,0.21,9328.7,Signal Flip
302,EMA_CONFIRMED_207_224,SHORT,2026-02-19T01:20,1962.46,2026-02-19T01:50,1968.14,6,0.5,9328.7,-27.03,-0.29,9301.67,Signal Flip
303,EMA_CONFIRMED_207_224,SHORT,2026-02-19T02:05,1965.02,2026-02-19T02:10,1970.97,1,0.08,9301.67,-28.2,-0.3,9273.47,Signal Flip
304,EMA_CONFIRMED_207_224,SHORT,2026-02-19T02:40,1963.37,2026-02-19T03:00,1969.04,4,0.33,9273.47,-26.81,-0.29,9246.66,Signal Flip
305,EMA_CONFIRMED_207_224,SHORT,2026-02-19T03:10,1965.23,2026-02-19T03:20,1968.64,2,0.17,9246.66,-16.08,-0.17,9230.58,Signal Flip
306,EMA_CONFIRMED_207_224,SHORT,2026-02-19T05:25,1966.64,2026-02-19T05:50,1969.62,5,0.42,9230.58,-14.03,-0.15,9216.56,Signal Flip
307,EMA_CONFIRMED_207_224,SHORT,2026-02-19T08:35,1967.47,2026-02-19T09:10,1974.18,7,0.58,9216.56,-31.44,-0.34,9185.12,Signal Flip
308,EMA_CONFIRMED_207_224,SHORT,2026-02-19T09:50,1961.82,2026-02-19T20:50,1948.96,132,11.0,9185.12,60.18,0.66,9245.31,Signal Flip
309,EMA_CONFIRMED_207_224,SHORT,2026-02-19T22:05,1943.42,2026-02-19T23:20,1948.32,15,1.25,9245.31,-23.34,-0.25,9221.97,Signal Flip
310,EMA_CONFIRMED_207_224,SHORT,2026-02-20T04:05,1948.03,2026-02-20T05:35,1962.57,18,1.5,9221.97,-68.86,-0.75,9153.11,Signal Flip
311,EMA_CONFIRMED_207_224,LONG,2026-02-20T09:05,1968.37,2026-02-20T11:05,1952.9,24,2.0,9153.11,-71.94,-0.79,9081.17,Signal Flip
312,EMA_CONFIRMED_207_224,LONG,2026-02-20T11:10,1957.26,2026-02-20T11:15,1953.47,1,0.08,9081.17,-17.56,-0.19,9063.61,Signal Flip
313,EMA_CONFIRMED_207_224,SHORT,2026-02-20T13:40,1925.13,2026-02-20T15:05,1965.65,17,1.42,9063.61,-190.8,-2.11,8872.81,Signal Flip
314,EMA_CONFIRMED_207_224,SHORT,2026-02-20T15:15,1944.97,2026-02-20T15:25,1958.08,2,0.17,8872.81,-59.81,-0.67,8813.0,Signal Flip
315,EMA_CONFIRMED_207_224,SHORT,2026-02-20T15:35,1946.15,2026-02-20T15:50,1956.28,3,0.25,8813.0,-45.88,-0.52,8767.12,Signal Flip
316,EMA_CONFIRMED_207_224,LONG,2026-02-20T17:00,1969.6,2026-02-20T17:15,1946.58,3,0.25,8767.12,-102.5,-1.17,8664.62,Signal Flip
317,EMA_CONFIRMED_207_224,SHORT,2026-02-20T17:30,1943.42,2026-02-20T17:40,1957.9,2,0.17,8664.62,-64.56,-0.75,8600.05,Signal Flip
318,EMA_CONFIRMED_207_224,LONG,2026-02-20T17:50,1969.44,2026-02-21T03:05,1960.54,111,9.25,8600.05,-38.89,-0.45,8561.17,Signal Flip
319,EMA_CONFIRMED_207_224,LONG,2026-02-21T03:25,1963.6,2026-02-21T03:30,1961.39,1,0.08,8561.17,-9.65,-0.11,8551.52,Signal Flip
320,EMA_CONFIRMED_207_224,LONG,2026-02-21T03:35,1963.52,2026-02-21T03:40,1960.14,1,0.08,8551.52,-14.73,-0.17,8536.79,Signal Flip
321,EMA_CONFIRMED_207_224,LONG,2026-02-21T05:00,1963.38,2026-02-21T05:15,1960.22,3,0.25,8536.79,-13.75,-0.16,8523.05,Signal Flip
322,EMA_CONFIRMED_207_224,LONG,2026-02-21T05:20,1963.6,2026-02-21T05:50,1960.69,6,0.5,8523.05,-12.64,-0.15,8510.41,Signal Flip
323,EMA_CONFIRMED_207_224,LONG,2026-02-21T05:55,1963.47,2026-02-21T06:40,1960.95,9,0.75,8510.41,-10.93,-0.13,8499.47,Signal Flip
324,EMA_CONFIRMED_207_224,LONG,2026-02-21T07:10,1964.21,2026-02-21T07:45,1960.77,7,0.58,8499.47,-14.9,-0.18,8484.58,Signal Flip
325,EMA_CONFIRMED_207_224,LONG,2026-02-21T08:00,1963.68,2026-02-21T20:55,1978.05,155,12.92,8484.58,62.09,0.73,8546.66,Signal Flip
326,EMA_CONFIRMED_207_224,LONG,2026-02-21T21:25,1980.39,2026-02-21T21:30,1977.8,1,0.08,8546.66,-11.17,-0.13,8535.49,Signal Flip
327,EMA_CONFIRMED_207_224,LONG,2026-02-21T21:40,1980.55,2026-02-21T21:45,1977.87,1,0.08,8535.49,-11.55,-0.14,8523.94,Signal Flip
328,EMA_CONFIRMED_207_224,LONG,2026-02-21T21:50,1980.43,2026-02-21T22:15,1977.15,5,0.42,8523.94,-14.11,-0.17,8509.83,Signal Flip
329,EMA_CONFIRMED_207_224,LONG,2026-02-21T22:20,1980.59,2026-02-21T22:25,1977.6,1,0.08,8509.83,-12.84,-0.15,8496.99,Signal Flip
330,EMA_CONFIRMED_207_224,LONG,2026-02-22T01:25,1978.68,2026-02-22T01:35,1976.51,2,0.17,8496.99,-9.31,-0.11,8487.68,Signal Flip
331,EMA_CONFIRMED_207_224,LONG,2026-02-22T01:45,1979.39,2026-02-22T01:55,1976.06,2,0.17,8487.68,-14.27,-0.17,8473.41,Signal Flip
332,EMA_CONFIRMED_207_224,LONG,2026-02-22T02:05,1979.83,2026-02-22T02:25,1975.13,4,0.33,8473.41,-20.1,-0.24,8453.31,Signal Flip
333,EMA_CONFIRMED_207_224,LONG,2026-02-22T06:05,1977.67,2026-02-22T06:15,1974.94,2,0.17,8453.31,-11.65,-0.14,8441.65,Signal Flip
334,EMA_CONFIRMED_207_224,LONG,2026-02-22T06:30,1978.2,2026-02-22T06:45,1975.11,3,0.25,8441.65,-13.17,-0.16,8428.48,Signal Flip
335,EMA_CONFIRMED_207_224,LONG,2026-02-22T07:15,1978.31,2026-02-22T07:20,1974.22,1,0.08,8428.48,-17.41,-0.21,8411.07,Signal Flip
336,EMA_CONFIRMED_207_224,LONG,2026-02-22T07:30,1977.4,2026-02-22T07:55,1975.12,5,0.42,8411.07,-9.68,-0.12,8401.39,Signal Flip
337,EMA_CONFIRMED_207_224,LONG,2026-02-22T08:05,1977.44,2026-02-22T08:10,1974.23,1,0.08,8401.39,-13.62,-0.16,8387.77,Signal Flip
338,EMA_CONFIRMED_207_224,LONG,2026-02-22T08:15,1977.68,2026-02-22T08:20,1975.2,1,0.08,8387.77,-10.5,-0.13,8377.27,Signal Flip
339,EMA_CONFIRMED_207_224,LONG,2026-02-22T09:55,1976.99,2026-02-22T10:15,1974.32,4,0.33,8377.27,-11.3,-0.13,8365.97,Signal Flip
340,EMA_CONFIRMED_207_224,LONG,2026-02-22T10:20,1977.76,2026-02-22T12:10,1974.01,22,1.83,8365.97,-15.85,-0.19,8350.12,Signal Flip
341,EMA_CONFIRMED_207_224,SHORT,2026-02-22T13:35,1960.67,2026-02-22T22:35,1958.58,108,9.0,8350.12,8.9,0.11,8359.03,Signal Flip
342,EMA_CONFIRMED_207_224,SHORT,2026-02-22T22:40,1955.23,2026-02-22T22:45,1958.73,1,0.08,8359.03,-14.95,-0.18,8344.08,Signal Flip
343,EMA_CONFIRMED_207_224,SHORT,2026-02-22T23:15,1953.77,2026-02-22T23:55,1957.79,8,0.67,8344.08,-17.15,-0.21,8326.93,Signal Flip
344,EMA_CONFIRMED_207_224,SHORT,2026-02-23T00:05,1953.89,2026-02-23T09:40,1910.01,115,9.58,8326.93,187.0,2.25,8513.92,Signal Flip
345,EMA_CONFIRMED_207_224,SHORT,2026-02-23T14:40,1906.78,2026-02-24T14:50,1840.68,290,24.17,8513.92,295.13,3.47,8809.05,Signal Flip
346,EMA_CONFIRMED_207_224,SHORT,2026-02-24T15:00,1833.81,2026-02-24T15:10,1837.47,2,0.17,8809.05,-17.56,-0.2,8791.49,Signal Flip
347,EMA_CONFIRMED_207_224,SHORT,2026-02-25T00:15,1846.85,2026-02-25T00:20,1852.52,1,0.08,8791.49,-26.99,-0.31,8764.5,Signal Flip
348,EMA_CONFIRMED_207_224,SHORT,2026-02-25T00:30,1846.1,2026-02-25T00:35,1849.6,1,0.08,8764.5,-16.65,-0.19,8747.84,Signal Flip
349,EMA_CONFIRMED_207_224,LONG,2026-02-25T01:25,1916.53,2026-02-26T14:50,2039.32,449,37.42,8747.84,560.47,6.41,9308.32,Signal Flip
350,EMA_CONFIRMED_207_224,LONG,2026-02-26T20:05,2041.61,2026-02-26T20:10,2032.91,1,0.08,9308.32,-39.65,-0.43,9268.67,Signal Flip
351,EMA_CONFIRMED_207_224,LONG,2026-02-26T20:20,2038.35,2026-02-26T20:25,2028.94,1,0.08,9268.67,-42.81,-0.46,9225.86,Signal Flip
352,EMA_CONFIRMED_207_224,LONG,2026-02-26T21:50,2035.71,2026-02-26T21:55,2030.03,1,0.08,9225.86,-25.71,-0.28,9200.15,Signal Flip
353,EMA_CONFIRMED_207_224,LONG,2026-02-26T22:40,2034.96,2026-02-26T23:00,2032.27,4,0.33,9200.15,-12.13,-0.13,9188.02,Signal Flip
354,EMA_CONFIRMED_207_224,SHORT,2026-02-27T01:00,2013.78,2026-02-27T02:20,2030.91,16,1.33,9188.02,-78.17,-0.85,9109.85,Signal Flip
355,EMA_CONFIRMED_207_224,SHORT,2026-02-27T02:25,2025.87,2026-02-27T02:35,2031.32,2,0.17,9109.85,-24.5,-0.27,9085.35,Signal Flip
356,EMA_CONFIRMED_207_224,SHORT,2026-02-27T02:55,2026.82,2026-02-27T03:45,2031.62,10,0.83,9085.35,-21.51,-0.24,9063.84,Signal Flip
357,EMA_CONFIRMED_207_224,LONG,2026-02-27T04:45,2048.18,2026-02-27T06:25,2032.14,20,1.67,9063.84,-70.98,-0.78,8992.85,Signal Flip
358,EMA_CONFIRMED_207_224,LONG,2026-02-27T06:35,2035.02,2026-02-27T07:30,2029.83,11,0.92,8992.85,-22.9,-0.25,8969.95,Signal Flip
359,EMA_CONFIRMED_207_224,LONG,2026-02-27T08:05,2034.62,2026-02-27T08:40,2030.03,7,0.58,8969.95,-20.2,-0.23,8949.75,Signal Flip
360,EMA_CONFIRMED_207_224,LONG,2026-02-27T08:45,2034.86,2026-02-27T09:00,2032.37,3,0.25,8949.75,-10.92,-0.12,8938.83,Signal Flip
361,EMA_CONFIRMED_207_224,LONG,2026-02-27T09:05,2035.37,2026-02-27T09:40,2028.0,7,0.58,8938.83,-32.37,-0.36,8906.45,Signal Flip
362,EMA_CONFIRMED_207_224,SHORT,2026-02-27T10:15,1985.59,2026-02-28T13:55,1902.11,332,27.67,8906.45,374.44,4.2,9280.89,Signal Flip
363,EMA_CONFIRMED_207_224,SHORT,2026-02-28T14:05,1892.71,2026-02-28T14:10,1899.05,1,0.08,9280.89,-31.07,-0.33,9249.82,Signal Flip
364,EMA_CONFIRMED_207_224,SHORT,2026-02-28T14:55,1887.12,2026-02-28T15:30,1900.75,7,0.58,9249.82,-66.83,-0.72,9182.99,Signal Flip
365,EMA_CONFIRMED_207_224,SHORT,2026-02-28T15:40,1893.83,2026-02-28T15:45,1898.56,1,0.08,9182.99,-22.92,-0.25,9160.08,Signal Flip
366,EMA_CONFIRMED_207_224,SHORT,2026-02-28T15:50,1893.63,2026-02-28T16:00,1899.82,2,0.17,9160.08,-29.93,-0.33,9130.15,Signal Flip
367,EMA_CONFIRMED_207_224,SHORT,2026-02-28T16:05,1893.81,2026-02-28T16:10,1899.05,1,0.08,9130.15,-25.25,-0.28,9104.9,Signal Flip
368,EMA_CONFIRMED_207_224,SHORT,2026-02-28T16:20,1894.39,2026-02-28T16:25,1903.65,1,0.08,9104.9,-44.5,-0.49,9060.4,Signal Flip
369,EMA_CONFIRMED_207_224,SHORT,2026-02-28T17:45,1889.82,2026-02-28T17:50,1901.95,1,0.08,9060.4,-58.14,-0.64,9002.27,Signal Flip
370,EMA_CONFIRMED_207_224,LONG,2026-02-28T22:20,1964.01,2026-03-01T12:35,1976.14,171,14.25,9002.27,55.6,0.62,9057.87,Signal Flip
371,EMA_CONFIRMED_207_224,LONG,2026-03-01T12:40,1981.38,2026-03-01T12:50,1977.16,2,0.17,9057.87,-19.29,-0.21,9038.58,Signal Flip
372,EMA_CONFIRMED_207_224,LONG,2026-03-01T13:55,2018.73,2026-03-01T16:50,1972.51,35,2.92,9038.58,-206.92,-2.29,8831.65,Signal Flip
373,EMA_CONFIRMED_207_224,LONG,2026-03-01T18:10,1989.97,2026-03-01T18:15,1983.34,1,0.08,8831.65,-29.45,-0.33,8802.2,Signal Flip
374,EMA_CONFIRMED_207_224,SHORT,2026-03-01T21:45,1924.52,2026-03-02T00:45,1964.94,36,3.0,8802.2,-184.89,-2.1,8617.31,Signal Flip
375,EMA_CONFIRMED_207_224,SHORT,2026-03-02T00:50,1957.1,2026-03-02T01:05,1967.63,3,0.25,8617.31,-46.38,-0.54,8570.93,Signal Flip
376,EMA_CONFIRMED_207_224,SHORT,2026-03-02T01:50,1961.18,2026-03-02T01:55,1967.87,1,0.08,8570.93,-29.26,-0.34,8541.68,Signal Flip
377,EMA_CONFIRMED_207_224,SHORT,2026-03-02T02:10,1949.22,2026-03-02T03:15,1967.37,13,1.08,8541.68,-79.53,-0.93,8462.15,Signal Flip
378,EMA_CONFIRMED_207_224,SHORT,2026-03-02T06:20,1950.54,2026-03-02T09:20,1961.33,36,3.0,8462.15,-46.79,-0.55,8415.36,Signal Flip
379,EMA_CONFIRMED_207_224,SHORT,2026-03-02T09:45,1955.76,2026-03-02T14:35,1954.8,58,4.83,8415.36,4.15,0.05,8419.51,Signal Flip
380,EMA_CONFIRMED_207_224,SHORT,2026-03-02T14:40,1947.93,2026-03-02T14:45,1967.21,1,0.08,8419.51,-83.37,-0.99,8336.14,Signal Flip
381,EMA_CONFIRMED_207_224,LONG,2026-03-02T16:00,2048.35,2026-03-03T02:05,2009.98,121,10.08,8336.14,-156.15,-1.87,8179.99,Signal Flip
382,EMA_CONFIRMED_207_224,LONG,2026-03-03T02:35,2016.41,2026-03-03T02:40,2011.78,1,0.08,8179.99,-18.76,-0.23,8161.23,Signal Flip
383,EMA_CONFIRMED_207_224,LONG,2026-03-03T02:45,2015.28,2026-03-03T03:00,2012.67,3,0.25,8161.23,-10.55,-0.13,8150.69,Signal Flip
384,EMA_CONFIRMED_207_224,LONG,2026-03-03T05:20,2015.61,2026-03-03T05:25,2007.62,1,0.08,8150.69,-32.32,-0.4,8118.37,Signal Flip
385,EMA_CONFIRMED_207_224,SHORT,2026-03-03T10:05,1951.57,2026-03-03T16:10,2000.0,73,6.08,8118.37,-201.45,-2.48,7916.92,Signal Flip
386,EMA_CONFIRMED_207_224,SHORT,2026-03-03T16:40,1969.69,2026-03-03T16:50,1981.42,2,0.17,7916.92,-47.13,-0.6,7869.79,Signal Flip
387,EMA_CONFIRMED_207_224,SHORT,2026-03-03T17:05,1974.59,2026-03-03T17:50,1982.13,9,0.75,7869.79,-30.04,-0.38,7839.75,Signal Flip
388,EMA_CONFIRMED_207_224,SHORT,2026-03-03T18:15,1972.68,2026-03-03T18:20,1982.34,1,0.08,7839.75,-38.38,-0.49,7801.37,Signal Flip
389,EMA_CONFIRMED_207_224,SHORT,2026-03-03T20:15,1977.71,2026-03-03T20:25,1985.15,2,0.17,7801.37,-29.35,-0.38,7772.02,Signal Flip
390,EMA_CONFIRMED_207_224,SHORT,2026-03-03T20:55,1975.25,2026-03-03T22:10,1983.22,15,1.25,7772.02,-31.36,-0.4,7740.66,Signal Flip
391,EMA_CONFIRMED_207_224,SHORT,2026-03-04T00:25,1979.13,2026-03-04T00:30,1981.84,1,0.08,7740.66,-10.6,-0.14,7730.06,Signal Flip
392,EMA_CONFIRMED_207_224,SHORT,2026-03-04T00:35,1967.49,2026-03-04T01:05,1983.85,6,0.5,7730.06,-64.3,-0.83,7665.76,Signal Flip
393,EMA_CONFIRMED_207_224,SHORT,2026-03-04T01:10,1978.25,2026-03-04T01:35,1986.66,5,0.42,7665.76,-32.6,-0.43,7633.16,Signal Flip
394,EMA_CONFIRMED_207_224,SHORT,2026-03-04T02:05,1977.94,2026-03-04T02:55,1981.26,10,0.83,7633.16,-12.81,-0.17,7620.35,Signal Flip
395,EMA_CONFIRMED_207_224,SHORT,2026-03-04T03:00,1978.24,2026-03-04T05:55,1976.15,35,2.92,7620.35,8.06,0.11,7628.41,Signal Flip
396,EMA_CONFIRMED_207_224,SHORT,2026-03-04T06:00,1970.15,2026-03-04T06:35,1979.96,7,0.58,7628.41,-37.97,-0.5,7590.45,Signal Flip
397,EMA_CONFIRMED_207_224,LONG,2026-03-04T08:55,2047.7,2026-03-05T03:45,2107.82,226,18.83,7590.45,222.82,2.94,7813.27,Signal Flip
398,EMA_CONFIRMED_207_224,LONG,2026-03-05T03:50,2113.59,2026-03-05T06:10,2111.07,28,2.33,7813.27,-9.29,-0.12,7803.98,Signal Flip
399,EMA_CONFIRMED_207_224,LONG,2026-03-05T06:20,2121.81,2026-03-05T07:55,2095.25,19,1.58,7803.98,-97.68,-1.25,7706.3,Signal Flip
400,EMA_CONFIRMED_207_224,LONG,2026-03-05T09:00,2118.7,2026-03-05T13:25,2119.16,53,4.42,7706.3,1.68,0.02,7707.98,Signal Flip
401,EMA_CONFIRMED_207_224,LONG,2026-03-05T13:50,2125.99,2026-03-05T14:00,2116.54,2,0.17,7707.98,-34.27,-0.44,7673.71,Signal Flip
402,EMA_CONFIRMED_207_224,LONG,2026-03-05T14:35,2126.67,2026-03-05T14:40,2105.22,1,0.08,7673.71,-77.42,-1.01,7596.29,Signal Flip
403,EMA_CONFIRMED_207_224,SHORT,2026-03-05T18:30,2065.64,2026-03-06T02:15,2092.94,93,7.75,7596.29,-100.39,-1.32,7495.9,Signal Flip
404,EMA_CONFIRMED_207_224,SHORT,2026-03-06T02:20,2084.55,2026-03-06T07:30,2085.2,62,5.17,7495.9,-2.35,-0.03,7493.55,Signal Flip
405,EMA_CONFIRMED_207_224,SHORT,2026-03-06T07:35,2081.75,2026-03-06T07:45,2085.43,2,0.17,7493.55,-13.26,-0.18,7480.29,Signal Flip
406,EMA_CONFIRMED_207_224,SHORT,2026-03-06T08:00,2081.79,2026-03-07T11:15,1995.17,327,27.25,7480.29,311.25,4.16,7791.54,Signal Flip
407,EMA_CONFIRMED_207_224,SHORT,2026-03-07T11:35,1986.55,2026-03-07T11:45,1989.74,2,0.17,7791.54,-12.54,-0.16,7778.99,Signal Flip
408,EMA_CONFIRMED_207_224,SHORT,2026-03-07T11:50,1987.17,2026-03-07T11:55,1991.38,1,0.08,7778.99,-16.48,-0.21,7762.51,Signal Flip
409,EMA_CONFIRMED_207_224,SHORT,2026-03-07T12:10,1986.66,2026-03-07T12:20,1989.66,2,0.17,7762.51,-11.75,-0.15,7750.76,Signal Flip
410,EMA_CONFIRMED_207_224,SHORT,2026-03-07T12:30,1987.01,2026-03-07T14:40,1988.42,26,2.17,7750.76,-5.53,-0.07,7745.23,Signal Flip
411,EMA_CONFIRMED_207_224,SHORT,2026-03-07T14:45,1984.24,2026-03-07T14:50,1988.09,1,0.08,7745.23,-15.05,-0.19,7730.18,Signal Flip
412,EMA_CONFIRMED_207_224,SHORT,2026-03-07T15:05,1984.16,2026-03-08T09:15,1965.71,218,18.17,7730.18,71.86,0.93,7802.04,Signal Flip
413,EMA_CONFIRMED_207_224,SHORT,2026-03-08T11:10,1954.66,2026-03-08T19:20,1953.94,98,8.17,7802.04,2.9,0.04,7804.94,Signal Flip
414,EMA_CONFIRMED_207_224,SHORT,2026-03-08T21:10,1949.44,2026-03-08T21:25,1953.46,3,0.25,7804.94,-16.06,-0.21,7788.87,Signal Flip
415,EMA_CONFIRMED_207_224,SHORT,2026-03-08T21:30,1950.27,2026-03-08T21:35,1952.88,1,0.08,7788.87,-10.39,-0.13,7778.48,Signal Flip
416,EMA_CONFIRMED_207_224,SHORT,2026-03-08T22:05,1919.76,2026-03-08T23:05,1951.1,12,1.0,7778.48,-126.96,-1.63,7651.52,Signal Flip
417,EMA_CONFIRMED_207_224,SHORT,2026-03-08T23:10,1944.92,2026-03-08T23:25,1953.97,3,0.25,7651.52,-35.6,-0.47,7615.92,Signal Flip
418,EMA_CONFIRMED_207_224,SHORT,2026-03-08T23:35,1948.13,2026-03-09T00:35,1952.8,12,1.0,7615.92,-18.26,-0.24,7597.66,Signal Flip
419,EMA_CONFIRMED_207_224,SHORT,2026-03-09T00:55,1947.48,2026-03-09T01:00,1951.97,1,0.08,7597.66,-17.52,-0.23,7580.14,Signal Flip
420,EMA_CONFIRMED_207_224,SHORT,2026-03-09T01:05,1947.15,2026-03-09T01:15,1950.93,2,0.17,7580.14,-14.75,-0.19,7565.39,Signal Flip
421,EMA_CONFIRMED_207_224,SHORT,2026-03-09T02:00,1945.03,2026-03-09T02:40,1957.6,8,0.67,7565.39,-48.9,-0.65,7516.5,Signal Flip
422,EMA_CONFIRMED_207_224,LONG,2026-03-09T04:40,1987.28,2026-03-09T22:50,2008.29,218,18.17,7516.5,79.44,1.06,7595.93,Signal Flip
423,EMA_CONFIRMED_207_224,LONG,2026-03-10T00:25,2009.25,2026-03-10T01:40,2006.55,15,1.25,7595.93,-10.24,-0.13,7585.7,Signal Flip
424,EMA_CONFIRMED_207_224,LONG,2026-03-10T01:45,2011.5,2026-03-10T13:35,2037.93,142,11.83,7585.7,99.69,1.31,7685.39,Signal Flip
425,EMA_CONFIRMED_207_224,LONG,2026-03-10T14:45,2046.07,2026-03-10T18:15,2048.53,42,3.5,7685.39,9.21,0.12,7694.6,Signal Flip
426,EMA_CONFIRMED_207_224,SHORT,2026-03-11T03:50,2019.44,2026-03-11T04:55,2040.62,13,1.08,7694.6,-80.7,-1.05,7613.9,Signal Flip
427,EMA_CONFIRMED_207_224,SHORT,2026-03-11T05:10,2035.22,2026-03-11T11:10,2033.76,72,6.0,7613.9,5.48,0.07,7619.38,Signal Flip
428,EMA_CONFIRMED_207_224,SHORT,2026-03-11T11:25,2025.84,2026-03-11T13:15,2035.49,22,1.83,7619.38,-36.3,-0.48,7583.08,Signal Flip
429,EMA_CONFIRMED_207_224,LONG,2026-03-11T15:00,2063.71,2026-03-11T23:50,2050.51,106,8.83,7583.08,-48.49,-0.64,7534.59,Signal Flip
430,EMA_CONFIRMED_207_224,LONG,2026-03-12T00:25,2058.67,2026-03-12T00:30,2053.37,1,0.08,7534.59,-19.38,-0.26,7515.21,Signal Flip
431,EMA_CONFIRMED_207_224,LONG,2026-03-12T00:40,2057.25,2026-03-12T01:05,2045.25,5,0.42,7515.21,-43.84,-0.58,7471.37,Signal Flip
432,EMA_CONFIRMED_207_224,SHORT,2026-03-12T05:15,2022.04,2026-03-12T08:05,2045.14,34,2.83,7471.37,-85.37,-1.14,7386.0,Signal Flip
433,EMA_CONFIRMED_207_224,SHORT,2026-03-12T08:10,2038.54,2026-03-12T08:20,2050.56,2,0.17,7386.0,-43.57,-0.59,7342.43,Signal Flip
434,EMA_CONFIRMED_207_224,SHORT,2026-03-12T09:20,2040.6,2026-03-12T09:40,2044.81,4,0.33,7342.43,-15.16,-0.21,7327.28,Signal Flip
435,EMA_CONFIRMED_207_224,LONG,2026-03-12T10:55,2071.36,2026-03-12T14:35,2049.67,44,3.67,7327.28,-76.69,-1.05,7250.58,Signal Flip
436,EMA_CONFIRMED_207_224,LONG,2026-03-12T15:25,2056.43,2026-03-12T18:20,2052.53,35,2.92,7250.58,-13.73,-0.19,7236.85,Signal Flip
437,EMA_CONFIRMED_207_224,LONG,2026-03-12T18:40,2057.56,2026-03-12T18:45,2052.91,1,0.08,7236.85,-16.34,-0.23,7220.51,Signal Flip
438,EMA_CONFIRMED_207_224,LONG,2026-03-12T19:20,2057.1,2026-03-12T22:50,2055.8,42,3.5,7220.51,-4.55,-0.06,7215.96,Signal Flip
439,EMA_CONFIRMED_207_224,LONG,2026-03-12T23:00,2066.33,2026-03-13T16:20,2115.19,208,17.33,7215.96,170.62,2.36,7386.59,Signal Flip
440,EMA_CONFIRMED_207_224,LONG,2026-03-13T16:35,2125.13,2026-03-13T17:30,2120.03,11,0.92,7386.59,-17.74,-0.24,7368.85,Signal Flip
441,EMA_CONFIRMED_207_224,SHORT,2026-03-14T02:05,2091.7,2026-03-14T04:10,2105.56,25,2.08,7368.85,-48.82,-0.66,7320.03,Signal Flip
442,EMA_CONFIRMED_207_224,SHORT,2026-03-14T04:15,2102.85,2026-03-14T04:40,2106.29,5,0.42,7320.03,-11.99,-0.16,7308.04,Signal Flip
443,EMA_CONFIRMED_207_224,SHORT,2026-03-14T04:45,2102.95,2026-03-14T04:50,2105.81,1,0.08,7308.04,-9.95,-0.14,7298.08,Signal Flip
444,EMA_CONFIRMED_207_224,SHORT,2026-03-14T04:55,2089.42,2026-03-14T20:45,2084.84,190,15.83,7298.08,16.01,0.22,7314.09,Signal Flip
445,EMA_CONFIRMED_207_224,LONG,2026-03-15T03:35,2099.36,2026-03-15T13:10,2095.67,115,9.58,7314.09,-12.85,-0.18,7301.24,Signal Flip
446,EMA_CONFIRMED_207_224,LONG,2026-03-15T17:55,2118.0,2026-03-15T18:50,2098.05,11,0.92,7301.24,-68.77,-0.94,7232.48,Signal Flip
447,EMA_CONFIRMED_207_224,LONG,2026-03-15T19:05,2105.83,2026-03-17T03:45,2315.25,392,32.67,7232.48,719.25,9.94,7951.73,Signal Flip
448,EMA_CONFIRMED_207_224,LONG,2026-03-17T04:00,2321.17,2026-03-17T04:25,2310.06,5,0.42,7951.73,-38.04,-0.48,7913.68,Signal Flip
449,EMA_CONFIRMED_207_224,LONG,2026-03-17T06:25,2321.23,2026-03-17T06:45,2309.22,4,0.33,7913.68,-40.93,-0.52,7872.75,Signal Flip
450,EMA_CONFIRMED_207_224,LONG,2026-03-17T07:05,2320.63,2026-03-17T09:05,2314.54,24,2.0,7872.75,-20.65,-0.26,7852.1,Signal Flip
451,EMA_CONFIRMED_207_224,LONG,2026-03-17T09:20,2320.14,2026-03-17T09:25,2317.03,1,0.08,7852.1,-10.52,-0.13,7841.58,Signal Flip
452,EMA_CONFIRMED_207_224,LONG,2026-03-17T09:30,2326.16,2026-03-17T09:55,2314.1,5,0.42,7841.58,-40.66,-0.52,7800.93,Signal Flip
453,EMA_CONFIRMED_207_224,LONG,2026-03-17T11:10,2322.78,2026-03-17T12:50,2316.1,20,1.67,7800.93,-22.43,-0.29,7778.49,Signal Flip
454,EMA_CONFIRMED_207_224,LONG,2026-03-17T13:20,2320.96,2026-03-17T15:35,2316.84,27,2.25,7778.49,-13.8,-0.18,7764.69,Signal Flip
455,EMA_CONFIRMED_207_224,LONG,2026-03-17T16:20,2328.73,2026-03-17T19:45,2324.58,41,3.42,7764.69,-13.86,-0.18,7750.83,Signal Flip
456,EMA_CONFIRMED_207_224,LONG,2026-03-17T20:25,2329.32,2026-03-17T22:35,2324.92,26,2.17,7750.83,-14.66,-0.19,7736.17,Signal Flip
457,EMA_CONFIRMED_207_224,LONG,2026-03-17T22:55,2329.49,2026-03-17T23:35,2322.8,8,0.67,7736.17,-22.24,-0.29,7713.93,Signal Flip
458,EMA_CONFIRMED_207_224,LONG,2026-03-18T01:05,2329.04,2026-03-18T01:15,2324.36,2,0.17,7713.93,-15.52,-0.2,7698.41,Signal Flip
459,EMA_CONFIRMED_207_224,LONG,2026-03-18T01:25,2329.37,2026-03-18T01:55,2322.95,6,0.5,7698.41,-21.24,-0.28,7677.17,Signal Flip
460,EMA_CONFIRMED_207_224,LONG,2026-03-18T02:05,2327.71,2026-03-18T04:50,2326.72,33,2.75,7677.17,-3.29,-0.04,7673.88,Signal Flip
461,EMA_CONFIRMED_207_224,LONG,2026-03-18T05:10,2330.33,2026-03-18T05:25,2327.1,3,0.25,7673.88,-10.67,-0.14,7663.21,Signal Flip
462,EMA_CONFIRMED_207_224,LONG,2026-03-18T06:25,2329.52,2026-03-18T06:40,2323.44,3,0.25,7663.21,-20.02,-0.26,7643.19,Signal Flip
463,EMA_CONFIRMED_207_224,LONG,2026-03-18T09:10,2328.96,2026-03-18T10:05,2324.63,11,0.92,7643.19,-14.23,-0.19,7628.96,Signal Flip
464,EMA_CONFIRMED_207_224,LONG,2026-03-18T10:10,2327.76,2026-03-18T10:40,2321.34,6,0.5,7628.96,-21.06,-0.28,7607.9,Signal Flip
465,EMA_CONFIRMED_207_224,SHORT,2026-03-18T11:45,2275.46,2026-03-19T03:20,2225.28,187,15.58,7607.9,167.77,2.21,7775.68,Signal Flip
466,EMA_CONFIRMED_207_224,SHORT,2026-03-19T03:40,2213.28,2026-03-19T21:15,2154.86,211,17.58,7775.68,205.26,2.64,7980.94,Signal Flip
467,EMA_CONFIRMED_207_224,SHORT,2026-03-19T21:20,2149.02,2026-03-20T01:05,2151.21,45,3.75,7980.94,-8.1,-0.1,7972.84,Signal Flip
468,EMA_CONFIRMED_207_224,SHORT,2026-03-20T01:25,2148.29,2026-03-20T01:30,2150.77,1,0.08,7972.84,-9.24,-0.12,7963.6,Signal Flip
469,EMA_CONFIRMED_207_224,SHORT,2026-03-20T02:05,2147.76,2026-03-20T03:20,2151.79,15,1.25,7963.6,-14.94,-0.19,7948.66,Signal Flip
470,EMA_CONFIRMED_207_224,SHORT,2026-03-20T03:45,2147.72,2026-03-20T03:50,2151.69,1,0.08,7948.66,-14.69,-0.18,7933.97,Signal Flip
471,EMA_CONFIRMED_207_224,SHORT,2026-03-20T04:35,2142.58,2026-03-20T05:10,2151.97,7,0.58,7933.97,-34.76,-0.44,7899.21,Signal Flip
472,EMA_CONFIRMED_207_224,SHORT,2026-03-20T05:25,2146.58,2026-03-20T07:35,2147.92,26,2.17,7899.21,-4.96,-0.06,7894.25,Signal Flip
473,EMA_CONFIRMED_207_224,SHORT,2026-03-20T08:05,2145.65,2026-03-20T08:10,2167.37,1,0.08,7894.25,-79.94,-1.01,7814.31,Signal Flip
474,EMA_CONFIRMED_207_224,SHORT,2026-03-20T09:25,2139.4,2026-03-20T10:50,2149.96,17,1.42,7814.31,-38.59,-0.49,7775.73,Signal Flip
475,EMA_CONFIRMED_207_224,SHORT,2026-03-20T11:40,2136.84,2026-03-20T12:10,2151.82,6,0.5,7775.73,-54.49,-0.7,7721.24,Signal Flip
476,EMA_CONFIRMED_207_224,SHORT,2026-03-20T12:15,2144.8,2026-03-20T13:30,2147.87,15,1.25,7721.24,-11.07,-0.14,7710.16,Signal Flip
477,EMA_CONFIRMED_207_224,SHORT,2026-03-20T13:35,2131.59,2026-03-20T16:20,2144.09,33,2.75,7710.16,-45.21,-0.59,7664.95,Signal Flip
478,EMA_CONFIRMED_207_224,SHORT,2026-03-20T16:25,2138.08,2026-03-20T21:20,2149.1,59,4.92,7664.95,-39.52,-0.52,7625.44,Signal Flip
479,EMA_CONFIRMED_207_224,LONG,2026-03-21T03:30,2154.5,2026-03-21T15:00,2151.05,138,11.5,7625.44,-12.19,-0.16,7613.25,Signal Flip
480,EMA_CONFIRMED_207_224,LONG,2026-03-21T15:05,2154.8,2026-03-21T15:10,2152.12,1,0.08,7613.25,-9.45,-0.12,7603.8,Signal Flip
481,EMA_CONFIRMED_207_224,LONG,2026-03-21T15:15,2154.9,2026-03-21T15:20,2146.82,1,0.08,7603.8,-28.51,-0.37,7575.29,Signal Flip
482,EMA_CONFIRMED_207_224,LONG,2026-03-21T15:35,2158.49,2026-03-21T15:40,2152.09,1,0.08,7575.29,-22.44,-0.3,7552.85,Signal Flip
483,EMA_CONFIRMED_207_224,LONG,2026-03-21T15:45,2155.17,2026-03-21T16:15,2151.17,6,0.5,7552.85,-13.99,-0.19,7538.85,Signal Flip
484,EMA_CONFIRMED_207_224,LONG,2026-03-21T18:35,2153.77,2026-03-21T18:55,2150.15,4,0.33,7538.85,-12.64,-0.17,7526.21,Signal Flip
485,EMA_CONFIRMED_207_224,LONG,2026-03-21T19:05,2153.53,2026-03-21T19:10,2150.94,1,0.08,7526.21,-9.02,-0.12,7517.18,Signal Flip
486,EMA_CONFIRMED_207_224,LONG,2026-03-21T19:25,2153.57,2026-03-21T19:35,2149.16,2,0.17,7517.18,-15.36,-0.2,7501.82,Signal Flip
487,EMA_CONFIRMED_207_224,LONG,2026-03-21T20:15,2153.68,2026-03-21T20:20,2150.92,1,0.08,7501.82,-9.59,-0.13,7492.23,Signal Flip
488,EMA_CONFIRMED_207_224,LONG,2026-03-21T20:25,2155.19,2026-03-21T22:05,2150.01,20,1.67,7492.23,-17.98,-0.24,7474.25,Signal Flip
489,EMA_CONFIRMED_207_224,SHORT,2026-03-22T00:00,2083.82,2026-03-23T05:15,2071.3,351,29.25,7474.25,44.92,0.6,7519.17,Signal Flip
490,EMA_CONFIRMED_207_224,SHORT,2026-03-23T05:25,2064.25,2026-03-23T06:00,2070.29,7,0.58,7519.17,-22.03,-0.29,7497.14,Signal Flip
491,EMA_CONFIRMED_207_224,SHORT,2026-03-23T06:05,2061.61,2026-03-23T11:10,2159.84,61,5.08,7497.14,-357.22,-4.76,7139.92,Signal Flip
492,EMA_CONFIRMED_207_224,LONG,2026-03-23T13:00,2145.34,2026-03-24T01:40,2130.74,152,12.67,7139.92,-48.58,-0.68,7091.34,Signal Flip
493,EMA_CONFIRMED_207_224,LONG,2026-03-24T01:55,2140.12,2026-03-24T03:10,2131.96,15,1.25,7091.34,-27.03,-0.38,7064.31,Signal Flip
494,EMA_CONFIRMED_207_224,LONG,2026-03-24T03:20,2136.43,2026-03-24T04:40,2133.84,16,1.33,7064.31,-8.55,-0.12,7055.76,Signal Flip
495,EMA_CONFIRMED_207_224,LONG,2026-03-24T04:45,2136.45,2026-03-24T04:50,2132.0,1,0.08,7055.76,-14.68,-0.21,7041.09,Signal Flip
496,EMA_CONFIRMED_207_224,LONG,2026-03-24T04:55,2139.74,2026-03-24T05:05,2129.63,2,0.17,7041.09,-33.25,-0.47,7007.83,Signal Flip
497,EMA_CONFIRMED_207_224,LONG,2026-03-24T05:45,2136.77,2026-03-24T05:55,2133.94,2,0.17,7007.83,-9.27,-0.13,6998.57,Signal Flip
498,EMA_CONFIRMED_207_224,LONG,2026-03-24T06:05,2136.2,2026-03-24T13:40,2143.08,91,7.58,6998.57,22.54,0.32,7021.11,Signal Flip
499,EMA_CONFIRMED_207_224,SHORT,2026-03-24T19:40,2117.87,2026-03-24T20:25,2146.31,9,0.75,7021.11,-94.29,-1.34,6926.82,Signal Flip
500,EMA_CONFIRMED_207_224,LONG,2026-03-24T21:35,2145.94,2026-03-25T15:10,2161.88,211,17.58,6926.82,51.44,0.74,6978.26,Signal Flip
501,EMA_CONFIRMED_207_224,LONG,2026-03-25T16:30,2176.6,2026-03-25T17:20,2166.32,10,0.83,6978.26,-32.96,-0.47,6945.3,Signal Flip
502,EMA_CONFIRMED_207_224,LONG,2026-03-25T18:20,2170.88,2026-03-25T18:35,2167.24,3,0.25,6945.3,-11.67,-0.17,6933.62,Signal Flip
503,EMA_CONFIRMED_207_224,LONG,2026-03-25T19:05,2170.11,2026-03-25T19:10,2165.07,1,0.08,6933.62,-16.13,-0.23,6917.49,Signal Flip
504,EMA_CONFIRMED_207_224,LONG,2026-03-25T19:15,2170.36,2026-03-25T20:05,2166.09,10,0.83,6917.49,-13.64,-0.2,6903.86,Signal Flip
505,EMA_CONFIRMED_207_224,LONG,2026-03-25T21:15,2170.22,2026-03-25T21:20,2167.57,1,0.08,6903.86,-8.46,-0.12,6895.4,Signal Flip
506,EMA_CONFIRMED_207_224,LONG,2026-03-25T22:35,2175.94,2026-03-25T23:40,2166.8,13,1.08,6895.4,-28.97,-0.42,6866.43,Signal Flip
507,EMA_CONFIRMED_207_224,LONG,2026-03-25T23:55,2170.57,2026-03-26T00:05,2166.46,2,0.17,6866.43,-13.03,-0.19,6853.4,Signal Flip
508,EMA_CONFIRMED_207_224,LONG,2026-03-26T00:50,2172.56,2026-03-26T00:55,2163.19,1,0.08,6853.4,-29.55,-0.43,6823.85,Signal Flip
509,EMA_CONFIRMED_207_224,SHORT,2026-03-26T04:05,2150.21,2026-03-27T07:30,2071.35,329,27.42,6823.85,250.3,3.67,7074.15,Signal Flip
510,EMA_CONFIRMED_207_224,SHORT,2026-03-27T07:35,2066.5,2026-03-27T07:55,2071.83,4,0.33,7074.15,-18.24,-0.26,7055.91,Signal Flip
511,EMA_CONFIRMED_207_224,SHORT,2026-03-27T08:00,2065.21,2026-03-28T06:20,2006.75,268,22.33,7055.91,199.71,2.83,7255.62,Signal Flip
512,EMA_CONFIRMED_207_224,SHORT,2026-03-28T09:05,1996.8,2026-03-28T09:30,2000.14,5,0.42,7255.62,-12.13,-0.17,7243.49,Signal Flip
513,EMA_CONFIRMED_207_224,SHORT,2026-03-28T09:35,1996.2,2026-03-28T09:55,2000.29,4,0.33,7243.49,-14.83,-0.2,7228.65,Signal Flip
514,EMA_CONFIRMED_207_224,SHORT,2026-03-28T10:25,1997.15,2026-03-28T11:50,1999.74,17,1.42,7228.65,-9.37,-0.13,7219.28,Signal Flip
515,EMA_CONFIRMED_207_224,SHORT,2026-03-28T12:00,1996.64,2026-03-28T12:15,2001.46,3,0.25,7219.28,-17.42,-0.24,7201.86,Signal Flip
516,EMA_CONFIRMED_207_224,SHORT,2026-03-28T12:35,1996.86,2026-03-28T12:50,1999.86,3,0.25,7201.86,-10.81,-0.15,7191.04,Signal Flip
517,EMA_CONFIRMED_207_224,LONG,2026-03-28T16:25,2029.17,2026-03-28T21:55,2009.68,66,5.5,7191.04,-69.07,-0.96,7121.98,Signal Flip
518,EMA_CONFIRMED_207_224,SHORT,2026-03-29T01:40,1998.45,2026-03-29T02:55,2010.48,15,1.25,7121.98,-42.89,-0.6,7079.09,Signal Flip
519,EMA_CONFIRMED_207_224,SHORT,2026-03-29T03:15,2006.82,2026-03-29T03:20,2016.63,1,0.08,7079.09,-34.61,-0.49,7044.48,Signal Flip
520,EMA_CONFIRMED_207_224,SHORT,2026-03-29T04:20,2007.87,2026-03-29T07:55,2008.53,43,3.58,7044.48,-2.34,-0.03,7042.13,Signal Flip
521,EMA_CONFIRMED_207_224,SHORT,2026-03-29T08:00,2005.14,2026-03-29T11:40,2006.82,44,3.67,7042.13,-5.92,-0.08,7036.21,Signal Flip
522,EMA_CONFIRMED_207_224,SHORT,2026-03-29T11:50,2001.8,2026-03-29T16:20,2003.39,54,4.5,7036.21,-5.6,-0.08,7030.62,Signal Flip
523,EMA_CONFIRMED_207_224,SHORT,2026-03-29T16:35,1999.31,2026-03-29T20:20,2001.04,45,3.75,7030.62,-6.08,-0.09,7024.53,Signal Flip
524,EMA_CONFIRMED_207_224,SHORT,2026-03-29T22:05,1994.17,2026-03-30T00:20,2019.81,27,2.25,7024.53,-90.31,-1.29,6934.22,Signal Flip
525,EMA_CONFIRMED_207_224,SHORT,2026-03-30T00:55,1993.06,2026-03-30T01:00,1998.27,1,0.08,6934.22,-18.11,-0.26,6916.11,Signal Flip
526,EMA_CONFIRMED_207_224,LONG,2026-03-30T03:15,2030.59,2026-03-30T17:25,2043.97,170,14.17,6916.11,45.55,0.66,6961.66,Signal Flip
527,EMA_CONFIRMED_207_224,LONG,2026-03-30T21:25,2048.42,2026-03-30T21:30,2040.94,1,0.08,6961.66,-25.44,-0.37,6936.22,Signal Flip
528,EMA_CONFIRMED_207_224,LONG,2026-03-30T21:35,2043.84,2026-03-30T21:50,2041.08,3,0.25,6936.22,-9.38,-0.14,6926.85,Signal Flip
529,EMA_CONFIRMED_207_224,LONG,2026-03-30T22:05,2045.23,2026-03-30T22:10,2033.38,1,0.08,6926.85,-40.13,-0.58,6886.72,Signal Flip
530,EMA_CONFIRMED_207_224,LONG,2026-03-31T00:50,2039.65,2026-03-31T00:55,2033.7,1,0.08,6886.72,-20.08,-0.29,6866.64,Signal Flip
531,EMA_CONFIRMED_207_224,LONG,2026-03-31T01:15,2041.02,2026-03-31T07:15,2050.3,72,6.0,6866.64,31.24,0.45,6897.87,Signal Flip
532,EMA_CONFIRMED_207_224,LONG,2026-03-31T07:40,2053.91,2026-03-31T08:35,2047.62,11,0.92,6897.87,-21.13,-0.31,6876.75,Signal Flip
533,EMA_CONFIRMED_207_224,LONG,2026-03-31T12:20,2046.88,2026-03-31T12:25,2043.2,1,0.08,6876.75,-12.38,-0.18,6864.37,Signal Flip
534,EMA_CONFIRMED_207_224,LONG,2026-03-31T12:30,2052.57,2026-03-31T14:55,2042.78,29,2.42,6864.37,-32.73,-0.48,6831.63,Signal Flip
535,EMA_CONFIRMED_207_224,LONG,2026-03-31T15:05,2053.22,2026-04-01T02:35,2083.02,138,11.5,6831.63,99.16,1.45,6930.79,Signal Flip
536,EMA_CONFIRMED_207_224,LONG,2026-04-01T02:40,2088.79,2026-04-01T13:45,2115.27,133,11.08,6930.79,87.86,1.27,7018.65,Signal Flip
537,EMA_CONFIRMED_207_224,LONG,2026-04-01T13:55,2120.73,2026-04-01T14:35,2115.29,8,0.67,7018.65,-18.0,-0.26,7000.65,Signal Flip
538,EMA_CONFIRMED_207_224,LONG,2026-04-01T14:40,2122.48,2026-04-02T01:20,2117.18,128,10.67,7000.65,-17.48,-0.25,6983.17,Signal Flip
539,EMA_CONFIRMED_207_224,SHORT,2026-04-02T04:00,2055.3,2026-04-02T14:45,2071.87,129,10.75,6983.17,-56.28,-0.81,6926.89,Signal Flip
540,EMA_CONFIRMED_207_224,SHORT,2026-04-02T14:50,2057.82,2026-04-02T14:55,2064.73,1,0.08,6926.89,-23.26,-0.34,6903.63,Signal Flip
541,EMA_CONFIRMED_207_224,SHORT,2026-04-02T15:10,2061.79,2026-04-02T15:15,2064.73,1,0.08,6903.63,-9.86,-0.14,6893.77,Signal Flip
542,EMA_CONFIRMED_207_224,SHORT,2026-04-02T15:20,2056.37,2026-04-02T15:45,2065.73,5,0.42,6893.77,-31.38,-0.46,6862.39,Signal Flip
543,EMA_CONFIRMED_207_224,SHORT,2026-04-02T15:50,2057.37,2026-04-02T16:35,2066.0,9,0.75,6862.39,-28.79,-0.42,6833.6,Signal Flip
544,EMA_CONFIRMED_207_224,SHORT,2026-04-02T17:05,2056.41,2026-04-02T17:15,2065.96,2,0.17,6833.6,-31.74,-0.46,6801.86,Signal Flip
545,EMA_CONFIRMED_207_224,SHORT,2026-04-02T17:35,2058.48,2026-04-02T19:30,2061.81,23,1.92,6801.86,-11.0,-0.16,6790.86,Signal Flip
546,EMA_CONFIRMED_207_224,SHORT,2026-04-02T19:35,2056.31,2026-04-02T19:55,2065.61,4,0.33,6790.86,-30.72,-0.45,6760.14,Signal Flip
547,EMA_CONFIRMED_207_224,SHORT,2026-04-02T21:15,2058.48,2026-04-02T21:20,2062.87,1,0.08,6760.14,-14.42,-0.21,6745.72,Signal Flip
548,EMA_CONFIRMED_207_224,SHORT,2026-04-02T21:25,2057.29,2026-04-02T22:00,2064.02,7,0.58,6745.72,-22.07,-0.33,6723.65,Signal Flip
549,EMA_CONFIRMED_207_224,SHORT,2026-04-02T22:25,2057.98,2026-04-03T05:35,2061.84,86,7.17,6723.65,-12.61,-0.19,6711.04,Signal Flip
550,EMA_CONFIRMED_207_224,SHORT,2026-04-03T05:55,2055.77,2026-04-03T06:15,2061.01,4,0.33,6711.04,-17.1,-0.25,6693.94,Signal Flip
551,EMA_CONFIRMED_207_224,SHORT,2026-04-03T09:25,2057.18,2026-04-03T09:35,2060.96,2,0.17,6693.94,-12.3,-0.18,6681.64,Signal Flip
552,EMA_CONFIRMED_207_224,SHORT,2026-04-03T10:05,2058.07,2026-04-03T10:55,2060.38,10,0.83,6681.64,-7.5,-0.11,6674.15,Signal Flip
553,EMA_CONFIRMED_207_224,SHORT,2026-04-03T11:10,2057.68,2026-04-03T11:25,2061.64,3,0.25,6674.15,-12.84,-0.19,6661.3,Signal Flip
554,EMA_CONFIRMED_207_224,SHORT,2026-04-03T12:40,2057.58,2026-04-03T21:15,2059.81,103,8.58,6661.3,-7.22,-0.11,6654.09,Signal Flip
555,EMA_CONFIRMED_207_224,SHORT,2026-04-03T22:10,2053.68,2026-04-03T22:15,2055.94,1,0.08,6654.09,-7.31,-0.11,6646.78,Signal Flip
556,EMA_CONFIRMED_207_224,SHORT,2026-04-03T22:25,2053.73,2026-04-03T22:30,2055.92,1,0.08,6646.78,-7.07,-0.11,6639.71,Signal Flip
557,EMA_CONFIRMED_207_224,SHORT,2026-04-03T22:35,2053.47,2026-04-04T05:35,2055.3,84,7.0,6639.71,-5.9,-0.09,6633.81,Signal Flip
558,EMA_CONFIRMED_207_224,SHORT,2026-04-04T05:40,2051.57,2026-04-04T05:45,2053.88,1,0.08,6633.81,-7.45,-0.11,6626.37,Signal Flip
559,EMA_CONFIRMED_207_224,SHORT,2026-04-04T07:45,2051.93,2026-04-04T07:55,2054.23,2,0.17,6626.37,-7.41,-0.11,6618.96,Signal Flip
560,EMA_CONFIRMED_207_224,SHORT,2026-04-04T08:35,2051.35,2026-04-04T10:45,2053.6,26,2.17,6618.96,-7.24,-0.11,6611.73,Signal Flip
561,EMA_CONFIRMED_207_224,SHORT,2026-04-04T11:20,2051.28,2026-04-04T11:25,2054.09,1,0.08,6611.73,-9.03,-0.14,6602.69,Signal Flip
562,EMA_CONFIRMED_207_224,SHORT,2026-04-04T11:30,2051.13,2026-04-04T13:40,2053.79,26,2.17,6602.69,-8.54,-0.13,6594.15,Signal Flip
563,EMA_CONFIRMED_207_224,SHORT,2026-04-04T13:50,2050.48,2026-04-04T14:00,2054.61,2,0.17,6594.15,-13.26,-0.2,6580.9,Signal Flip
564,EMA_CONFIRMED_207_224,SHORT,2026-04-04T14:25,2051.14,2026-04-04T15:00,2054.13,7,0.58,6580.9,-9.57,-0.15,6571.33,Signal Flip
565,EMA_CONFIRMED_207_224,LONG,2026-04-04T18:20,2058.99,2026-04-05T01:10,2058.14,82,6.83,6571.33,-2.71,-0.04,6568.62,Signal Flip
566,EMA_CONFIRMED_207_224,LONG,2026-04-05T01:15,2061.73,2026-04-05T01:20,2058.56,1,0.08,6568.62,-10.1,-0.15,6558.52,Signal Flip
567,EMA_CONFIRMED_207_224,LONG,2026-04-05T03:00,2060.89,2026-04-05T03:20,2056.97,4,0.33,6558.52,-12.47,-0.19,6546.05,Signal Flip
568,EMA_CONFIRMED_207_224,SHORT,2026-04-05T06:30,2034.36,2026-04-05T15:30,2061.69,108,9.0,6546.05,-87.93,-1.34,6458.11,Signal Flip
569,EMA_CONFIRMED_207_224,LONG,2026-04-05T19:55,2060.98,2026-04-05T22:25,2051.39,30,2.5,6458.11,-30.04,-0.47,6428.07,Signal Flip
570,EMA_CONFIRMED_207_224,LONG,2026-04-05T22:30,2055.18,2026-04-06T17:05,2131.93,223,18.58,6428.07,240.07,3.73,6668.15,Signal Flip
571,EMA_CONFIRMED_207_224,LONG,2026-04-06T17:10,2139.16,2026-04-06T17:15,2126.35,1,0.08,6668.15,-39.94,-0.6,6628.21,Signal Flip
572,EMA_CONFIRMED_207_224,LONG,2026-04-06T17:25,2135.77,2026-04-06T17:30,2133.56,1,0.08,6628.21,-6.84,-0.1,6621.37,Signal Flip
573,EMA_CONFIRMED_207_224,LONG,2026-04-06T17:35,2136.42,2026-04-06T17:40,2133.21,1,0.08,6621.37,-9.93,-0.15,6611.44,Signal Flip
574,EMA_CONFIRMED_207_224,LONG,2026-04-06T18:00,2136.03,2026-04-06T18:05,2130.65,1,0.08,6611.44,-16.63,-0.25,6594.8,Signal Flip
575,EMA_CONFIRMED_207_224,LONG,2026-04-06T18:10,2136.19,2026-04-06T22:05,2136.93,47,3.92,6594.8,2.3,0.03,6597.1,Signal Flip
576,EMA_CONFIRMED_207_224,LONG,2026-04-06T22:15,2141.47,2026-04-06T22:20,2136.33,1,0.08,6597.1,-15.83,-0.24,6581.27,Signal Flip
577,EMA_CONFIRMED_207_224,SHORT,2026-04-07T04:25,2105.74,2026-04-07T09:05,2118.79,56,4.67,6581.27,-40.79,-0.62,6540.47,Signal Flip
578,EMA_CONFIRMED_207_224,SHORT,2026-04-07T10:15,2116.31,2026-04-07T10:20,2120.15,1,0.08,6540.47,-11.86,-0.18,6528.61,Signal Flip
579,EMA_CONFIRMED_207_224,SHORT,2026-04-07T10:30,2105.44,2026-04-07T17:40,2099.65,86,7.17,6528.61,17.95,0.27,6546.56,Signal Flip
580,EMA_CONFIRMED_207_224,SHORT,2026-04-07T17:45,2096.17,2026-04-07T17:50,2101.24,1,0.08,6546.56,-15.83,-0.24,6530.73,Signal Flip
581,EMA_CONFIRMED_207_224,SHORT,2026-04-07T18:05,2096.53,2026-04-07T19:20,2101.0,15,1.25,6530.73,-13.92,-0.21,6516.81,Signal Flip
582,EMA_CONFIRMED_207_224,SHORT,2026-04-07T19:25,2095.04,2026-04-07T19:50,2108.14,5,0.42,6516.81,-40.75,-0.63,6476.05,Signal Flip
583,EMA_CONFIRMED_207_224,LONG,2026-04-07T22:40,2183.33,2026-04-08T14:10,2222.39,186,15.5,6476.05,115.85,1.79,6591.9,Signal Flip
584,EMA_CONFIRMED_207_224,LONG,2026-04-08T14:15,2232.55,2026-04-08T14:35,2204.54,4,0.33,6591.9,-82.7,-1.25,6509.2,Signal Flip
585,EMA_CONFIRMED_207_224,LONG,2026-04-08T16:25,2222.53,2026-04-08T16:30,2218.14,1,0.08,6509.2,-12.86,-0.2,6496.35,Signal Flip
586,EMA_CONFIRMED_207_224,LONG,2026-04-08T17:00,2221.88,2026-04-08T17:25,2217.19,5,0.42,6496.35,-13.71,-0.21,6482.63,Signal Flip
587,EMA_CONFIRMED_207_224,LONG,2026-04-08T17:35,2224.83,2026-04-08T18:20,2215.25,9,0.75,6482.63,-27.91,-0.43,6454.72,Signal Flip
588,EMA_CONFIRMED_207_224,LONG,2026-04-08T21:25,2219.53,2026-04-08T21:35,2215.0,2,0.17,6454.72,-13.17,-0.2,6441.55,Signal Flip
589,EMA_CONFIRMED_207_224,LONG,2026-04-08T21:40,2219.98,2026-04-08T21:45,2214.51,1,0.08,6441.55,-15.86,-0.25,6425.69,Signal Flip
590,EMA_CONFIRMED_207_224,SHORT,2026-04-09T02:15,2173.88,2026-04-09T10:00,2195.23,93,7.75,6425.69,-63.09,-0.98,6362.6,Signal Flip
591,EMA_CONFIRMED_207_224,SHORT,2026-04-09T10:05,2190.51,2026-04-09T10:25,2193.32,4,0.33,6362.6,-8.14,-0.13,6354.46,Signal Flip
592,EMA_CONFIRMED_207_224,SHORT,2026-04-09T11:00,2189.59,2026-04-09T15:20,2189.33,52,4.33,6354.46,0.76,0.01,6355.22,Signal Flip
593,EMA_CONFIRMED_207_224,SHORT,2026-04-09T15:30,2183.52,2026-04-09T15:35,2217.89,1,0.08,6355.22,-100.04,-1.57,6255.18,Signal Flip
594,EMA_CONFIRMED_207_224,LONG,2026-04-09T18:35,2207.53,2026-04-09T23:00,2196.59,53,4.42,6255.18,-31.0,-0.5,6224.17,Signal Flip
595,EMA_CONFIRMED_207_224,LONG,2026-04-10T01:40,2203.74,2026-04-10T01:50,2198.1,2,0.17,6224.17,-15.93,-0.26,6208.24,Signal Flip
596,EMA_CONFIRMED_207_224,LONG,2026-04-10T01:55,2200.54,2026-04-10T02:00,2193.59,1,0.08,6208.24,-19.6,-0.32,6188.64,Signal Flip
597,EMA_CONFIRMED_207_224,SHORT,2026-04-10T04:10,2186.64,2026-04-10T05:25,2202.2,15,1.25,6188.64,-44.05,-0.71,6144.59,Signal Flip
598,EMA_CONFIRMED_207_224,SHORT,2026-04-10T06:10,2194.53,2026-04-10T06:15,2198.27,1,0.08,6144.59,-10.46,-0.17,6134.13,Signal Flip
599,EMA_CONFIRMED_207_224,SHORT,2026-04-10T06:20,2190.51,2026-04-10T09:20,2195.94,36,3.0,6134.13,-15.19,-0.25,6118.94,Signal Flip
600,EMA_CONFIRMED_207_224,SHORT,2026-04-10T09:50,2192.24,2026-04-10T09:55,2196.88,1,0.08,6118.94,-12.94,-0.21,6106.01,Signal Flip
601,EMA_CONFIRMED_207_224,SHORT,2026-04-10T10:10,2192.12,2026-04-10T10:20,2195.67,2,0.17,6106.01,-9.87,-0.16,6096.14,Signal Flip
602,EMA_CONFIRMED_207_224,SHORT,2026-04-10T10:25,2191.17,2026-04-10T10:45,2194.75,4,0.33,6096.14,-9.94,-0.16,6086.2,Signal Flip
603,EMA_CONFIRMED_207_224,LONG,2026-04-10T12:00,2216.77,2026-04-11T05:15,2230.14,207,17.25,6086.2,36.73,0.6,6122.92,Signal Flip
604,EMA_CONFIRMED_207_224,LONG,2026-04-11T06:55,2236.98,2026-04-11T07:00,2234.56,1,0.08,6122.92,-6.61,-0.11,6116.31,Signal Flip
605,EMA_CONFIRMED_207_224,LONG,2026-04-11T07:25,2237.26,2026-04-11T07:30,2234.19,1,0.08,6116.31,-8.38,-0.14,6107.93,Signal Flip
606,EMA_CONFIRMED_207_224,LONG,2026-04-11T09:20,2245.97,2026-04-11T13:15,2234.63,47,3.92,6107.93,-30.84,-0.5,6077.09,Signal Flip
607,EMA_CONFIRMED_207_224,LONG,2026-04-11T13:20,2242.63,2026-04-11T13:30,2236.54,2,0.17,6077.09,-16.5,-0.27,6060.59,Signal Flip
608,EMA_CONFIRMED_207_224,LONG,2026-04-11T13:40,2240.25,2026-04-12T01:35,2265.22,143,11.92,6060.59,67.54,1.11,6128.13,Signal Flip
609,EMA_CONFIRMED_207_224,SHORT,2026-04-12T05:10,2212.43,2026-04-12T20:45,2213.67,187,15.58,6128.13,-3.42,-0.06,6124.72,Signal Flip
610,EMA_CONFIRMED_207_224,SHORT,2026-04-12T20:50,2206.54,2026-04-12T20:55,2210.98,1,0.08,6124.72,-12.35,-0.2,6112.37,Signal Flip
611,EMA_CONFIRMED_207_224,SHORT,2026-04-12T21:15,2206.79,2026-04-12T21:20,2211.61,1,0.08,6112.37,-13.35,-0.22,6099.02,Signal Flip
612,EMA_CONFIRMED_207_224,SHORT,2026-04-12T21:35,2204.24,2026-04-12T21:40,2211.52,1,0.08,6099.02,-20.14,-0.33,6078.88,Signal Flip
613,EMA_CONFIRMED_207_224,SHORT,2026-04-12T21:50,2206.23,2026-04-12T22:00,2212.35,2,0.17,6078.88,-16.86,-0.28,6062.02,Signal Flip
614,EMA_CONFIRMED_207_224,SHORT,2026-04-12T22:05,2187.74,2026-04-13T00:55,2207.72,34,2.83,6062.02,-55.38,-0.91,6006.64,Signal Flip
615,EMA_CONFIRMED_207_224,SHORT,2026-04-13T01:10,2202.46,2026-04-13T01:35,2206.21,5,0.42,6006.64,-10.24,-0.17,5996.4,Signal Flip
616,EMA_CONFIRMED_207_224,SHORT,2026-04-13T01:40,2202.77,2026-04-13T12:55,2198.02,135,11.25,5996.4,12.93,0.22,6009.33,Signal Flip
617,EMA_CONFIRMED_207_224,SHORT,2026-04-13T13:00,2191.2,2026-04-13T13:05,2198.18,1,0.08,6009.33,-19.13,-0.32,5990.2,Signal Flip
618,EMA_CONFIRMED_207_224,SHORT,2026-04-13T13:35,2191.48,2026-04-13T13:50,2213.0,3,0.25,5990.2,-58.8,-0.98,5931.4,Signal Flip
619,EMA_CONFIRMED_207_224,LONG,2026-04-13T17:20,2229.77,2026-04-14T15:00,2351.87,260,21.67,5931.4,324.79,5.48,6256.19,Signal Flip
620,EMA_CONFIRMED_207_224,LONG,2026-04-14T15:35,2357.33,2026-04-14T16:25,2350.38,10,0.83,6256.19,-18.43,-0.29,6237.76,Signal Flip
621,EMA_CONFIRMED_207_224,LONG,2026-04-15T00:10,2342.53,2026-04-15T00:20,2330.19,2,0.17,6237.76,-32.85,-0.53,6204.91,Signal Flip
622,EMA_CONFIRMED_207_224,LONG,2026-04-15T00:25,2338.99,2026-04-15T00:35,2332.78,2,0.17,6204.91,-16.46,-0.27,6188.45,Signal Flip
623,EMA_CONFIRMED_207_224,LONG,2026-04-15T01:05,2337.15,2026-04-15T01:25,2333.21,4,0.33,6188.45,-10.42,-0.17,6178.03,Signal Flip
624,EMA_CONFIRMED_207_224,LONG,2026-04-15T01:30,2337.42,2026-04-15T01:35,2333.36,1,0.08,6178.03,-10.72,-0.17,6167.31,Signal Flip
625,EMA_CONFIRMED_207_224,LONG,2026-04-15T01:40,2337.01,2026-04-15T02:10,2332.19,6,0.5,6167.31,-12.71,-0.21,6154.61,Signal Flip
626,EMA_CONFIRMED_207_224,LONG,2026-04-15T04:55,2335.15,2026-04-15T05:10,2328.94,3,0.25,6154.61,-16.35,-0.27,6138.26,Signal Flip
627,EMA_CONFIRMED_207_224,SHORT,2026-04-15T06:45,2317.33,2026-04-15T08:35,2333.54,22,1.83,6138.26,-42.93,-0.7,6095.33,Signal Flip
628,EMA_CONFIRMED_207_224,SHORT,2026-04-15T08:40,2326.24,2026-04-15T08:55,2330.44,3,0.25,6095.33,-11.03,-0.18,6084.31,Signal Flip
629,EMA_CONFIRMED_207_224,SHORT,2026-04-15T09:00,2326.24,2026-04-15T11:40,2328.16,32,2.67,6084.31,-5.04,-0.08,6079.27,Signal Flip
630,EMA_CONFIRMED_207_224,SHORT,2026-04-15T13:45,2317.6,2026-04-15T14:15,2334.22,6,0.5,6079.27,-43.58,-0.72,6035.68,Signal Flip
631,EMA_CONFIRMED_207_224,SHORT,2026-04-15T15:35,2321.8,2026-04-15T15:45,2333.9,2,0.17,6035.68,-31.45,-0.52,6004.23,Signal Flip
632,EMA_CONFIRMED_207_224,LONG,2026-04-15T16:05,2339.62,2026-04-16T05:10,2349.52,157,13.08,6004.23,25.42,0.42,6029.65,Signal Flip
633,EMA_CONFIRMED_207_224,LONG,2026-04-16T05:15,2353.53,2026-04-16T07:15,2351.15,24,2.0,6029.65,-6.08,-0.1,6023.58,Signal Flip
634,EMA_CONFIRMED_207_224,LONG,2026-04-16T07:20,2354.88,2026-04-16T07:40,2349.67,4,0.33,6023.58,-13.31,-0.22,6010.27,Signal Flip
635,EMA_CONFIRMED_207_224,SHORT,2026-04-16T12:50,2337.06,2026-04-16T13:20,2348.68,6,0.5,6010.27,-29.89,-0.5,5980.38,Signal Flip
636,EMA_CONFIRMED_207_224,SHORT,2026-04-16T13:35,2342.28,2026-04-16T15:40,2341.31,25,2.08,5980.38,2.47,0.04,5982.85,Signal Flip
637,EMA_CONFIRMED_207_224,SHORT,2026-04-16T15:45,2337.53,2026-04-16T16:00,2340.18,3,0.25,5982.85,-6.78,-0.11,5976.07,Signal Flip
638,EMA_CONFIRMED_207_224,SHORT,2026-04-16T16:15,2334.84,2026-04-16T16:20,2341.34,1,0.08,5976.07,-16.63,-0.28,5959.44,Signal Flip
639,EMA_CONFIRMED_207_224,SHORT,2026-04-16T16:25,2333.54,2026-04-16T18:50,2338.48,29,2.42,5959.44,-12.61,-0.21,5946.83,Signal Flip
640,EMA_CONFIRMED_207_224,LONG,2026-04-17T00:45,2346.71,2026-04-17T01:25,2331.09,8,0.67,5946.83,-39.58,-0.67,5907.25,Signal Flip
641,EMA_CONFIRMED_207_224,SHORT,2026-04-17T01:40,2333.6,2026-04-17T07:05,2336.36,65,5.42,5907.25,-6.97,-0.12,5900.28,Signal Flip
642,EMA_CONFIRMED_207_224,SHORT,2026-04-17T07:50,2329.42,2026-04-17T08:05,2336.26,3,0.25,5900.28,-17.31,-0.29,5882.97,Signal Flip
643,EMA_CONFIRMED_207_224,LONG,2026-04-17T10:10,2357.98,2026-04-17T10:45,2337.9,7,0.58,5882.97,-50.09,-0.85,5832.88,Signal Flip
644,EMA_CONFIRMED_207_224,LONG,2026-04-17T10:50,2342.79,2026-04-18T03:55,2403.93,205,17.08,5832.88,152.21,2.61,5985.09,Signal Flip
645,EMA_CONFIRMED_207_224,LONG,2026-04-18T05:10,2413.5,2026-04-18T05:20,2408.55,2,0.17,5985.09,-12.28,-0.21,5972.81,Signal Flip
646,EMA_CONFIRMED_207_224,LONG,2026-04-18T06:35,2412.21,2026-04-18T06:40,2408.35,1,0.08,5972.81,-9.56,-0.16,5963.26,Signal Flip
647,EMA_CONFIRMED_207_224,LONG,2026-04-18T06:45,2412.33,2026-04-18T07:00,2408.8,3,0.25,5963.26,-8.73,-0.15,5954.53,Signal Flip
648,EMA_CONFIRMED_207_224,LONG,2026-04-18T07:05,2412.32,2026-04-18T07:10,2407.8,1,0.08,5954.53,-11.16,-0.19,5943.37,Signal Flip
649,EMA_CONFIRMED_207_224,SHORT,2026-04-18T11:25,2355.18,2026-04-19T13:05,2338.13,308,25.67,5943.37,43.03,0.72,5986.41,Signal Flip
650,EMA_CONFIRMED_207_224,SHORT,2026-04-19T14:05,2332.01,2026-04-19T14:30,2340.16,5,0.42,5986.41,-20.91,-0.35,5965.49,Signal Flip
651,EMA_CONFIRMED_207_224,SHORT,2026-04-19T15:10,2334.35,2026-04-19T15:15,2337.59,1,0.08,5965.49,-8.27,-0.14,5957.22,Signal Flip
652,EMA_CONFIRMED_207_224,SHORT,2026-04-19T15:30,2333.98,2026-04-20T07:20,2292.51,190,15.83,5957.22,105.86,1.78,6063.09,Signal Flip
653,EMA_CONFIRMED_207_224,SHORT,2026-04-20T07:55,2287.41,2026-04-20T08:00,2299.96,1,0.08,6063.09,-33.28,-0.55,6029.81,Signal Flip
654,EMA_CONFIRMED_207_224,SHORT,2026-04-20T14:15,2298.79,2026-04-20T14:20,2306.29,1,0.08,6029.81,-19.68,-0.33,6010.13,Signal Flip
655,EMA_CONFIRMED_207_224,SHORT,2026-04-20T14:55,2290.86,2026-04-20T15:25,2309.92,6,0.5,6010.13,-50.01,-0.83,5960.13,Signal Flip
656,EMA_CONFIRMED_207_224,SHORT,2026-04-20T16:50,2299.91,2026-04-20T17:05,2306.64,3,0.25,5960.13,-17.45,-0.29,5942.68,Signal Flip
657,EMA_CONFIRMED_207_224,LONG,2026-04-20T18:05,2325.31,2026-04-20T23:05,2312.01,60,5.0,5942.68,-33.99,-0.57,5908.69,Signal Flip
658,EMA_CONFIRMED_207_224,LONG,2026-04-20T23:40,2314.68,2026-04-20T23:45,2312.03,1,0.08,5908.69,-6.75,-0.11,5901.95,Signal Flip
659,EMA_CONFIRMED_207_224,LONG,2026-04-20T23:50,2315.65,2026-04-21T00:10,2311.4,4,0.33,5901.95,-10.82,-0.18,5891.13,Signal Flip
660,EMA_CONFIRMED_207_224,LONG,2026-04-21T00:15,2316.75,2026-04-21T02:05,2309.65,22,1.83,5891.13,-18.04,-0.31,5873.09,Signal Flip
661,EMA_CONFIRMED_207_224,LONG,2026-04-21T04:55,2314.24,2026-04-21T06:05,2309.42,14,1.17,5873.09,-12.21,-0.21,5860.88,Signal Flip
662,EMA_CONFIRMED_207_224,LONG,2026-04-21T06:35,2321.39,2026-04-21T12:15,2315.61,68,5.67,5860.88,-14.59,-0.25,5846.29,Signal Flip
663,EMA_CONFIRMED_207_224,LONG,2026-04-21T12:35,2321.52,2026-04-21T12:40,2306.05,1,0.08,5846.29,-38.97,-0.67,5807.32,Signal Flip
664,EMA_CONFIRMED_207_224,LONG,2026-04-21T14:35,2318.57,2026-04-21T14:50,2312.78,3,0.25,5807.32,-14.49,-0.25,5792.83,Signal Flip
665,EMA_CONFIRMED_207_224,LONG,2026-04-21T16:10,2316.66,2026-04-21T16:25,2310.02,3,0.25,5792.83,-16.59,-0.29,5776.25,Signal Flip
666,EMA_CONFIRMED_207_224,LONG,2026-04-21T16:35,2322.55,2026-04-21T16:45,2312.18,2,0.17,5776.25,-25.78,-0.45,5750.46,Signal Flip
667,EMA_CONFIRMED_207_224,LONG,2026-04-21T16:50,2318.03,2026-04-21T16:55,2310.79,1,0.08,5750.46,-17.95,-0.31,5732.52,Signal Flip
668,EMA_CONFIRMED_207_224,SHORT,2026-04-21T17:25,2293.27,2026-04-21T17:45,2315.76,4,0.33,5732.52,-56.2,-0.98,5676.31,Signal Flip
669,EMA_CONFIRMED_207_224,SHORT,2026-04-21T17:50,2311.14,2026-04-21T19:00,2313.88,14,1.17,5676.31,-6.71,-0.12,5669.6,Signal Flip
670,EMA_CONFIRMED_207_224,SHORT,2026-04-21T19:40,2301.7,2026-04-21T20:10,2316.03,6,0.5,5669.6,-35.3,-0.62,5634.3,Signal Flip
671,EMA_CONFIRMED_207_224,SHORT,2026-04-21T21:10,2311.2,2026-04-21T21:15,2314.64,1,0.08,5634.3,-8.37,-0.15,5625.94,Signal Flip
672,EMA_CONFIRMED_207_224,SHORT,2026-04-21T21:30,2311.61,2026-04-21T21:35,2314.86,1,0.08,5625.94,-7.89,-0.14,5618.04,Signal Flip
673,EMA_CONFIRMED_207_224,SHORT,2026-04-21T21:45,2308.91,2026-04-21T22:15,2316.75,6,0.5,5618.04,-19.06,-0.34,5598.98,Signal Flip
674,EMA_CONFIRMED_207_224,SHORT,2026-04-21T22:20,2306.13,2026-04-21T23:05,2318.95,9,0.75,5598.98,-31.13,-0.56,5567.85,Signal Flip
675,EMA_CONFIRMED_207_224,LONG,2026-04-22T00:00,2328.31,2026-04-22T01:30,2313.07,18,1.5,5567.85,-36.45,-0.65,5531.41,Signal Flip
676,EMA_CONFIRMED_207_224,LONG,2026-04-22T01:35,2317.94,2026-04-22T23:25,2380.08,262,21.83,5531.41,148.29,2.68,5679.7,Signal Flip
677,EMA_CONFIRMED_207_224,SHORT,2026-04-23T04:40,2344.99,2026-04-23T22:20,2338.95,212,17.67,5679.7,14.62,0.26,5694.32,Signal Flip
678,EMA_CONFIRMED_207_224,SHORT,2026-04-23T23:05,2329.47,2026-04-23T23:45,2332.17,8,0.67,5694.32,-6.58,-0.12,5687.74,Signal Flip
679,EMA_CONFIRMED_207_224,SHORT,2026-04-24T00:00,2329.1,2026-04-24T00:10,2332.69,2,0.17,5687.74,-8.74,-0.15,5679.0,Signal Flip
680,EMA_CONFIRMED_207_224,SHORT,2026-04-24T01:05,2326.24,2026-04-24T01:50,2331.59,9,0.75,5679.0,-13.06,-0.23,5665.94,Signal Flip
681,EMA_CONFIRMED_207_224,SHORT,2026-04-24T02:10,2328.3,2026-04-24T11:05,2322.98,107,8.92,5665.94,12.93,0.23,5678.87,Signal Flip
682,EMA_CONFIRMED_207_224,SHORT,2026-04-24T12:55,2317.54,2026-04-24T13:00,2326.42,1,0.08,5678.87,-21.76,-0.38,5657.11,Signal Flip
683,EMA_CONFIRMED_207_224,SHORT,2026-04-24T13:45,2319.58,2026-04-24T15:45,2326.18,24,2.0,5657.11,-16.1,-0.28,5641.0,Signal Flip
684,EMA_CONFIRMED_207_224,SHORT,2026-04-24T16:10,2317.61,2026-04-24T16:35,2321.65,5,0.42,5641.0,-9.83,-0.17,5631.17,Signal Flip
685,EMA_CONFIRMED_207_224,SHORT,2026-04-24T16:40,2317.57,2026-04-24T17:15,2320.52,7,0.58,5631.17,-7.17,-0.13,5624.01,Signal Flip
686,EMA_CONFIRMED_207_224,SHORT,2026-04-24T17:20,2314.6,2026-04-24T17:55,2320.64,7,0.58,5624.01,-14.67,-0.26,5609.34,Signal Flip
687,EMA_CONFIRMED_207_224,SHORT,2026-04-24T18:15,2313.4,2026-04-24T18:55,2320.74,8,0.67,5609.34,-17.79,-0.32,5591.55,Signal Flip
688,EMA_CONFIRMED_207_224,SHORT,2026-04-24T20:10,2317.23,2026-04-24T20:15,2321.38,1,0.08,5591.55,-10.01,-0.18,5581.53,Signal Flip
689,EMA_CONFIRMED_207_224,SHORT,2026-04-24T20:20,2316.08,2026-04-24T20:35,2321.86,3,0.25,5581.53,-13.93,-0.25,5567.61,Signal Flip
690,EMA_CONFIRMED_207_224,SHORT,2026-04-24T21:15,2314.44,2026-04-24T21:20,2320.99,1,0.08,5567.61,-15.75,-0.28,5551.86,Signal Flip
691,EMA_CONFIRMED_207_224,SHORT,2026-04-24T21:25,2316.54,2026-04-25T01:15,2319.21,46,3.83,5551.86,-6.39,-0.12,5545.46,Signal Flip
692,EMA_CONFIRMED_207_224,SHORT,2026-04-25T02:05,2313.94,2026-04-25T02:20,2318.8,3,0.25,5545.46,-11.64,-0.21,5533.82,Signal Flip
693,EMA_CONFIRMED_207_224,SHORT,2026-04-25T02:45,2316.15,2026-04-25T03:05,2320.1,4,0.33,5533.82,-9.43,-0.17,5524.39,Signal Flip
694,EMA_CONFIRMED_207_224,SHORT,2026-04-25T03:10,2316.3,2026-04-25T03:15,2318.7,1,0.08,5524.39,-5.72,-0.1,5518.67,Signal Flip
695,EMA_CONFIRMED_207_224,SHORT,2026-04-25T03:30,2315.2,2026-04-25T03:45,2319.27,3,0.25,5518.67,-9.69,-0.18,5508.98,Signal Flip
696,EMA_CONFIRMED_207_224,SHORT,2026-04-25T04:35,2315.9,2026-04-25T06:10,2318.56,19,1.58,5508.98,-6.32,-0.11,5502.66,Signal Flip
697,EMA_CONFIRMED_207_224,SHORT,2026-04-25T06:15,2315.52,2026-04-25T08:05,2318.3,22,1.83,5502.66,-6.6,-0.12,5496.06,Signal Flip
698,EMA_CONFIRMED_207_224,SHORT,2026-04-25T11:10,2316.05,2026-04-25T13:45,2318.5,31,2.58,5496.06,-5.81,-0.11,5490.25,Signal Flip
699,EMA_CONFIRMED_207_224,SHORT,2026-04-25T13:50,2315.72,2026-04-25T13:55,2318.79,1,0.08,5490.25,-7.27,-0.13,5482.98,Signal Flip
700,EMA_CONFIRMED_207_224,SHORT,2026-04-25T14:00,2315.09,2026-04-25T14:10,2318.59,2,0.17,5482.98,-8.28,-0.15,5474.7,Signal Flip
701,EMA_CONFIRMED_207_224,SHORT,2026-04-25T14:20,2314.88,2026-04-25T14:30,2318.65,2,0.17,5474.7,-8.91,-0.16,5465.79,Signal Flip
702,EMA_CONFIRMED_207_224,SHORT,2026-04-25T14:55,2315.59,2026-04-25T15:25,2319.04,6,0.5,5465.79,-8.14,-0.15,5457.65,Signal Flip
703,EMA_CONFIRMED_207_224,SHORT,2026-04-25T15:45,2315.67,2026-04-25T21:05,2315.92,64,5.33,5457.65,-0.58,-0.01,5457.07,Signal Flip
704,EMA_CONFIRMED_207_224,SHORT,2026-04-26T01:05,2312.9,2026-04-26T01:15,2316.42,2,0.17,5457.07,-8.29,-0.15,5448.78,Signal Flip
705,EMA_CONFIRMED_207_224,SHORT,2026-04-26T02:00,2312.68,2026-04-26T02:05,2316.62,1,0.08,5448.78,-9.27,-0.17,5439.51,Signal Flip
706,EMA_CONFIRMED_207_224,SHORT,2026-04-26T03:00,2313.99,2026-04-26T03:15,2317.33,3,0.25,5439.51,-7.84,-0.14,5431.67,Signal Flip
707,EMA_CONFIRMED_207_224,SHORT,2026-04-26T03:30,2311.12,2026-04-26T04:50,2319.38,16,1.33,5431.67,-19.4,-0.36,5412.27,Signal Flip
708,EMA_CONFIRMED_207_224,LONG,2026-04-26T05:40,2330.75,2026-04-27T05:15,2361.83,283,23.58,5412.27,72.16,1.33,5484.42,Signal Flip
709,EMA_CONFIRMED_207_224,SHORT,2026-04-27T09:35,2322.24,2026-04-27T23:55,2309.15,172,14.33,5484.42,30.9,0.56,5515.32,Signal Flip
710,EMA_CONFIRMED_207_224,SHORT,2026-04-28T00:00,2302.51,2026-04-28T00:10,2306.76,2,0.17,5515.32,-10.19,-0.18,5505.13,Signal Flip
711,EMA_CONFIRMED_207_224,SHORT,2026-04-28T00:15,2302.79,2026-04-28T00:45,2308.25,6,0.5,5505.13,-13.07,-0.24,5492.07,Signal Flip
712,EMA_CONFIRMED_207_224,SHORT,2026-04-28T01:20,2303.44,2026-04-28T01:25,2307.33,1,0.08,5492.07,-9.29,-0.17,5482.78,Signal Flip
713,EMA_CONFIRMED_207_224,SHORT,2026-04-28T01:35,2298.85,2026-04-28T16:55,2287.99,184,15.33,5482.78,25.89,0.47,5508.67,Signal Flip
714,EMA_CONFIRMED_207_224,SHORT,2026-04-28T17:15,2281.07,2026-04-28T17:25,2285.87,2,0.17,5508.67,-11.6,-0.21,5497.07,Signal Flip
715,EMA_CONFIRMED_207_224,SHORT,2026-04-28T21:45,2286.22,2026-04-28T21:50,2289.56,1,0.08,5497.07,-8.05,-0.15,5489.02,Signal Flip
716,EMA_CONFIRMED_207_224,SHORT,2026-04-28T22:45,2286.03,2026-04-28T23:15,2289.33,6,0.5,5489.02,-7.94,-0.14,5481.08,Signal Flip
717,EMA_CONFIRMED_207_224,SHORT,2026-04-28T23:20,2285.67,2026-04-28T23:50,2289.78,6,0.5,5481.08,-9.87,-0.18,5471.2,Signal Flip
718,EMA_CONFIRMED_207_224,SHORT,2026-04-29T00:30,2285.82,2026-04-29T00:45,2290.34,3,0.25,5471.2,-10.84,-0.2,5460.37,Signal Flip
719,EMA_CONFIRMED_207_224,SHORT,2026-04-29T01:10,2283.3,2026-04-29T01:50,2297.12,8,0.67,5460.37,-33.05,-0.61,5427.32,Signal Flip
720,EMA_CONFIRMED_207_224,SHORT,2026-04-29T02:35,2285.67,2026-04-29T02:55,2289.17,4,0.33,5427.32,-8.33,-0.15,5418.99,Signal Flip
721,EMA_CONFIRMED_207_224,LONG,2026-04-29T04:20,2314.72,2026-04-29T12:35,2309.8,99,8.25,5418.99,-11.5,-0.21,5407.49,Signal Flip
722,EMA_CONFIRMED_207_224,LONG,2026-04-29T12:55,2317.27,2026-04-29T13:10,2312.06,3,0.25,5407.49,-12.15,-0.22,5395.34,Signal Flip
723,EMA_CONFIRMED_207_224,LONG,2026-04-29T13:15,2315.99,2026-04-29T13:20,2311.21,1,0.08,5395.34,-11.12,-0.21,5384.22,Signal Flip
724,EMA_CONFIRMED_207_224,SHORT,2026-04-29T17:15,2267.61,2026-04-30T00:55,2274.55,92,7.67,5384.22,-16.48,-0.31,5367.74,Signal Flip
725,EMA_CONFIRMED_207_224,SHORT,2026-04-30T01:05,2269.47,2026-04-30T01:30,2276.59,5,0.42,5367.74,-16.82,-0.31,5350.92,Signal Flip
726,EMA_CONFIRMED_207_224,SHORT,2026-04-30T02:00,2268.23,2026-04-30T07:50,2263.06,70,5.83,5350.92,12.18,0.23,5363.1,Signal Flip
727,EMA_CONFIRMED_207_224,SHORT,2026-04-30T07:55,2257.86,2026-04-30T08:10,2262.53,3,0.25,5363.1,-11.09,-0.21,5352.01,Signal Flip
728,EMA_CONFIRMED_207_224,SHORT,2026-04-30T08:15,2258.82,2026-04-30T09:30,2266.62,15,1.25,5352.01,-18.49,-0.35,5333.52,Signal Flip
729,EMA_CONFIRMED_207_224,SHORT,2026-04-30T10:20,2258.03,2026-04-30T10:40,2263.17,4,0.33,5333.52,-12.14,-0.23,5321.38,Signal Flip
730,EMA_CONFIRMED_207_224,SHORT,2026-04-30T10:50,2259.33,2026-04-30T10:55,2261.88,1,0.08,5321.38,-6.01,-0.11,5315.37,Signal Flip
731,EMA_CONFIRMED_207_224,SHORT,2026-04-30T11:45,2257.32,2026-04-30T12:20,2264.35,7,0.58,5315.37,-16.56,-0.31,5298.81,Signal Flip
732,EMA_CONFIRMED_207_224,SHORT,2026-04-30T13:30,2258.01,2026-04-30T13:40,2265.29,2,0.17,5298.81,-17.09,-0.32,5281.73,Signal Flip
733,EMA_CONFIRMED_207_224,SHORT,2026-04-30T14:15,2260.7,2026-04-30T14:50,2265.93,7,0.58,5281.73,-12.23,-0.23,5269.5,Signal Flip
734,EMA_CONFIRMED_207_224,SHORT,2026-04-30T15:05,2260.31,2026-04-30T15:10,2267.21,1,0.08,5269.5,-16.09,-0.31,5253.41,Signal Flip
735,EMA_CONFIRMED_207_224,SHORT,2026-04-30T16:20,2260.46,2026-04-30T16:35,2263.42,3,0.25,5253.41,-6.88,-0.13,5246.52,Signal Flip
736,EMA_CONFIRMED_207_224,SHORT,2026-04-30T16:40,2260.59,2026-04-30T18:50,2263.56,26,2.17,5246.52,-6.9,-0.13,5239.62,Signal Flip
737,EMA_CONFIRMED_207_224,SHORT,2026-04-30T19:00,2258.71,2026-04-30T19:10,2263.29,2,0.17,5239.62,-10.63,-0.2,5229.0,Signal Flip
738,EMA_CONFIRMED_207_224,SHORT,2026-04-30T20:05,2259.89,2026-04-30T20:10,2263.38,1,0.08,5229.0,-8.08,-0.15,5220.92,Signal Flip
739,EMA_CONFIRMED_207_224,SHORT,2026-04-30T21:10,2260.48,2026-04-30T21:15,2265.23,1,0.08,5220.92,-10.98,-0.21,5209.94,Signal Flip
740,EMA_CONFIRMED_207_224,SHORT,2026-04-30T21:20,2260.51,2026-05-01T00:05,2264.77,33,2.75,5209.94,-9.82,-0.19,5200.12,Signal Flip
741,EMA_CONFIRMED_207_224,SHORT,2026-05-01T00:55,2259.28,2026-05-01T01:05,2262.88,2,0.17,5200.12,-8.29,-0.16,5191.83,Signal Flip
742,EMA_CONFIRMED_207_224,LONG,2026-05-01T03:50,2285.32,2026-05-01T20:45,2293.05,203,16.92,5191.83,17.56,0.34,5209.39,Signal Flip
743,EMA_CONFIRMED_207_224,LONG,2026-05-01T22:10,2297.14,2026-05-01T22:50,2290.44,8,0.67,5209.39,-15.18,-0.29,5194.21,Signal Flip
744,EMA_CONFIRMED_207_224,LONG,2026-05-02T00:00,2296.78,2026-05-02T00:20,2292.68,4,0.33,5194.21,-9.26,-0.18,5184.95,Signal Flip
745,EMA_CONFIRMED_207_224,LONG,2026-05-02T00:25,2298.33,2026-05-02T05:20,2295.55,59,4.92,5184.95,-6.26,-0.12,5178.69,Signal Flip
746,EMA_CONFIRMED_207_224,LONG,2026-05-02T05:25,2299.51,2026-05-03T01:05,2308.23,236,19.67,5178.69,19.63,0.38,5198.32,Signal Flip
747,EMA_CONFIRMED_207_224,LONG,2026-05-03T07:05,2309.03,2026-05-03T21:45,2318.94,176,14.67,5198.32,22.3,0.43,5220.62,Signal Flip
748,EMA_CONFIRMED_207_224,LONG,2026-05-03T22:00,2325.43,2026-05-03T23:35,2324.32,19,1.58,5220.62,-2.5,-0.05,5218.11,Signal Flip
749,EMA_CONFIRMED_207_224,LONG,2026-05-03T23:40,2329.55,2026-05-03T23:45,2323.16,1,0.08,5218.11,-14.33,-0.27,5203.79,Signal Flip
750,EMA_CONFIRMED_207_224,LONG,2026-05-04T01:35,2334.98,2026-05-04T10:05,2344.53,102,8.5,5203.79,21.28,0.41,5225.07,Signal Flip
751,EMA_CONFIRMED_207_224,LONG,2026-05-04T14:25,2348.88,2026-05-04T14:30,2344.59,1,0.08,5225.07,-9.56,-0.18,5215.51,Signal Flip
752,EMA_CONFIRMED_207_224,LONG,2026-05-04T14:35,2350.0,2026-05-04T15:20,2346.22,9,0.75,5215.51,-8.41,-0.16,5207.1,Signal Flip
753,EMA_CONFIRMED_207_224,LONG,2026-05-04T15:30,2349.62,2026-05-04T15:50,2346.12,4,0.33,5207.1,-7.77,-0.15,5199.33,Signal Flip
754,EMA_CONFIRMED_207_224,LONG,2026-05-04T15:55,2350.78,2026-05-04T16:10,2340.4,3,0.25,5199.33,-22.97,-0.44,5176.36,Signal Flip
755,EMA_CONFIRMED_207_224,LONG,2026-05-04T16:20,2357.31,2026-05-04T20:20,2350.57,48,4.0,5176.36,-14.79,-0.29,5161.57,Signal Flip
756,EMA_CONFIRMED_207_224,LONG,2026-05-04T21:05,2355.44,2026-05-04T23:05,2350.08,24,2.0,5161.57,-11.73,-0.23,5149.84,Signal Flip
757,EMA_CONFIRMED_207_224,LONG,2026-05-05T00:35,2356.18,2026-05-05T16:35,2371.88,192,16.0,5149.84,34.33,0.67,5184.17,Signal Flip
758,EMA_CONFIRMED_207_224,LONG,2026-05-05T19:45,2375.42,2026-05-05T19:55,2370.37,2,0.17,5184.17,-11.01,-0.21,5173.17,Signal Flip
759,EMA_CONFIRMED_207_224,LONG,2026-05-05T20:05,2377.04,2026-05-05T21:35,2369.02,18,1.5,5173.17,-17.44,-0.34,5155.73,Signal Flip
760,EMA_CONFIRMED_207_224,LONG,2026-05-05T21:50,2376.25,2026-05-05T22:35,2365.85,9,0.75,5155.73,-22.57,-0.44,5133.16,Signal Flip
761,EMA_CONFIRMED_207_224,LONG,2026-05-06T01:20,2373.74,2026-05-06T01:30,2368.82,2,0.17,5133.16,-10.62,-0.21,5122.54,Signal Flip
762,EMA_CONFIRMED_207_224,LONG,2026-05-06T01:35,2374.17,2026-05-06T01:40,2369.84,1,0.08,5122.54,-9.33,-0.18,5113.21,Signal Flip
763,EMA_CONFIRMED_207_224,LONG,2026-05-06T01:50,2373.7,2026-05-06T02:05,2368.92,3,0.25,5113.21,-10.28,-0.2,5102.94,Signal Flip
764,EMA_CONFIRMED_207_224,LONG,2026-05-06T02:10,2373.18,2026-05-06T02:15,2370.26,1,0.08,5102.94,-6.26,-0.12,5096.68,Signal Flip
765,EMA_CONFIRMED_207_224,LONG,2026-05-06T03:05,2372.72,2026-05-06T03:10,2368.02,1,0.08,5096.68,-10.1,-0.2,5086.58,Signal Flip
766,EMA_CONFIRMED_207_224,LONG,2026-05-06T03:25,2376.46,2026-05-06T04:35,2369.61,14,1.17,5086.58,-14.65,-0.29,5071.93,Signal Flip
767,EMA_CONFIRMED_207_224,LONG,2026-05-06T04:50,2374.45,2026-05-06T04:55,2366.11,1,0.08,5071.93,-17.82,-0.35,5054.12,Signal Flip
768,EMA_CONFIRMED_207_224,SHORT,2026-05-06T06:05,2364.87,2026-05-06T06:45,2371.64,8,0.67,5054.12,-14.46,-0.29,5039.65,Signal Flip
769,EMA_CONFIRMED_207_224,SHORT,2026-05-06T06:55,2368.45,2026-05-06T07:00,2371.72,1,0.08,5039.65,-6.96,-0.14,5032.69,Signal Flip
770,EMA_CONFIRMED_207_224,SHORT,2026-05-06T07:05,2368.28,2026-05-06T07:10,2372.61,1,0.08,5032.69,-9.2,-0.18,5023.49,Signal Flip
771,EMA_CONFIRMED_207_224,SHORT,2026-05-06T07:15,2368.86,2026-05-06T07:20,2372.18,1,0.08,5023.49,-7.02,-0.14,5016.47,Signal Flip
772,EMA_CONFIRMED_207_224,LONG,2026-05-06T08:25,2377.67,2026-05-06T13:25,2384.05,60,5.0,5016.47,13.46,0.27,5029.93,Signal Flip
773,EMA_CONFIRMED_207_224,LONG,2026-05-06T13:35,2386.71,2026-05-06T13:40,2375.79,1,0.08,5029.93,-23.02,-0.46,5006.91,Signal Flip
774,EMA_CONFIRMED_207_224,SHORT,2026-05-06T17:30,2352.61,2026-05-07T07:15,2344.5,165,13.75,5006.91,17.26,0.34,5024.18,Signal Flip
775,EMA_CONFIRMED_207_224,SHORT,2026-05-07T07:20,2339.06,2026-05-07T07:35,2345.75,3,0.25,5024.18,-14.37,-0.29,5009.8,Signal Flip
776,EMA_CONFIRMED_207_224,SHORT,2026-05-07T07:55,2340.56,2026-05-07T08:00,2345.76,1,0.08,5009.8,-11.14,-0.22,4998.67,Signal Flip
777,EMA_CONFIRMED_207_224,SHORT,2026-05-07T08:15,2340.61,2026-05-08T09:15,2290.34,300,25.0,4998.67,107.35,2.15,5106.01,Signal Flip
778,EMA_CONFIRMED_207_224,SHORT,2026-05-08T09:20,2287.71,2026-05-08T09:25,2291.5,1,0.08,5106.01,-8.46,-0.17,5097.55,Signal Flip
779,EMA_CONFIRMED_207_224,SHORT,2026-05-08T09:30,2286.48,2026-05-08T10:45,2291.29,15,1.25,5097.55,-10.72,-0.21,5086.83,Signal Flip
780,EMA_CONFIRMED_207_224,SHORT,2026-05-08T11:00,2286.81,2026-05-08T11:05,2292.27,1,0.08,5086.83,-12.14,-0.24,5074.69,Signal Flip
781,EMA_CONFIRMED_207_224,SHORT,2026-05-08T12:50,2285.66,2026-05-08T14:20,2291.3,18,1.5,5074.69,-12.52,-0.25,5062.17,Signal Flip
782,EMA_CONFIRMED_207_224,SHORT,2026-05-08T14:30,2280.35,2026-05-08T14:40,2289.54,2,0.17,5062.17,-20.41,-0.4,5041.76,Signal Flip
783,EMA_CONFIRMED_207_224,SHORT,2026-05-08T14:50,2285.3,2026-05-08T15:50,2289.14,12,1.0,5041.76,-8.49,-0.17,5033.27,Signal Flip
784,EMA_CONFIRMED_207_224,LONG,2026-05-08T20:05,2315.59,2026-05-09T10:10,2309.09,169,14.08,5033.27,-14.11,-0.28,5019.16,Signal Flip
785,EMA_CONFIRMED_207_224,LONG,2026-05-09T10:15,2314.03,2026-05-09T14:25,2307.77,50,4.17,5019.16,-13.58,-0.27,5005.58,Signal Flip
786,EMA_CONFIRMED_207_224,LONG,2026-05-09T15:35,2312.82,2026-05-10T01:15,2321.1,116,9.67,5005.58,17.93,0.36,5023.5,Signal Flip
787,EMA_CONFIRMED_207_224,LONG,2026-05-10T01:20,2323.78,2026-05-10T01:25,2319.48,1,0.08,5023.5,-9.3,-0.19,5014.2,Signal Flip
788,EMA_CONFIRMED_207_224,LONG,2026-05-10T01:55,2325.9,2026-05-10T02:05,2320.82,2,0.17,5014.2,-10.96,-0.22,5003.25,Signal Flip
789,EMA_CONFIRMED_207_224,LONG,2026-05-10T02:25,2326.51,2026-05-10T10:05,2323.97,92,7.67,5003.25,-5.47,-0.11,4997.77,Signal Flip
790,EMA_CONFIRMED_207_224,LONG,2026-05-10T10:10,2328.57,2026-05-10T10:15,2323.56,1,0.08,4997.77,-10.77,-0.22,4987.01,Signal Flip
791,EMA_CONFIRMED_207_224,LONG,2026-05-10T10:25,2327.95,2026-05-10T10:40,2324.19,3,0.25,4987.01,-8.07,-0.16,4978.94,Signal Flip
792,EMA_CONFIRMED_207_224,LONG,2026-05-10T11:05,2327.3,2026-05-10T11:10,2323.24,1,0.08,4978.94,-8.7,-0.17,4970.24,Signal Flip
793,EMA_CONFIRMED_207_224,LONG,2026-05-10T13:10,2326.71,2026-05-10T20:45,2334.15,91,7.58,4970.24,15.89,0.32,4986.13,Signal Flip
794,EMA_CONFIRMED_207_224,LONG,2026-05-10T22:05,2340.1,2026-05-11T02:35,2345.16,54,4.5,4986.13,10.78,0.22,4996.91,Signal Flip
795,EMA_CONFIRMED_207_224,SHORT,2026-05-11T10:50,2331.88,2026-05-11T12:25,2339.4,19,1.58,4996.91,-16.1,-0.32,4980.8,Signal Flip
796,EMA_CONFIRMED_207_224,SHORT,2026-05-11T12:30,2335.84,2026-05-11T16:10,2337.55,44,3.67,4980.8,-3.64,-0.07,4977.17,Signal Flip
797,EMA_CONFIRMED_207_224,SHORT,2026-05-11T16:45,2328.62,2026-05-11T17:40,2335.52,11,0.92,4977.17,-14.75,-0.3,4962.41,Signal Flip
798,EMA_CONFIRMED_207_224,SHORT,2026-05-11T19:05,2332.7,2026-05-11T19:10,2339.84,1,0.08,4962.41,-15.18,-0.31,4947.23,Signal Flip
799,EMA_CONFIRMED_207_224,LONG,2026-05-11T23:00,2342.6,2026-05-11T23:30,2335.19,6,0.5,4947.23,-15.65,-0.32,4931.59,Signal Flip
800,EMA_CONFIRMED_207_224,LONG,2026-05-11T23:35,2340.38,2026-05-12T00:15,2335.14,8,0.67,4931.59,-11.04,-0.22,4920.55,Signal Flip
801,EMA_CONFIRMED_207_224,SHORT,2026-05-12T01:10,2327.35,2026-05-12T22:05,2290.72,251,20.92,4920.55,77.43,1.57,4997.97,Signal Flip
802,EMA_CONFIRMED_207_224,SHORT,2026-05-12T22:10,2286.02,2026-05-12T22:20,2290.13,2,0.17,4997.97,-9.0,-0.18,4988.97,Signal Flip
803,EMA_CONFIRMED_207_224,SHORT,2026-05-12T22:25,2286.09,2026-05-13T01:10,2287.98,33,2.75,4988.97,-4.14,-0.08,4984.83,Signal Flip
804,EMA_CONFIRMED_207_224,LONG,2026-05-13T09:00,2317.81,2026-05-13T12:25,2294.94,41,3.42,4984.83,-49.18,-0.99,4935.65,Signal Flip
805,EMA_CONFIRMED_207_224,SHORT,2026-05-13T14:05,2259.09,2026-05-14T05:45,2265.1,188,15.67,4935.65,-13.14,-0.27,4922.52,Signal Flip
806,EMA_CONFIRMED_207_224,SHORT,2026-05-14T08:05,2261.82,2026-05-14T08:10,2267.79,1,0.08,4922.52,-13.0,-0.26,4909.51,Signal Flip
807,EMA_CONFIRMED_207_224,SHORT,2026-05-14T09:05,2263.98,2026-05-14T09:10,2267.34,1,0.08,4909.51,-7.3,-0.15,4902.22,Signal Flip
808,EMA_CONFIRMED_207_224,SHORT,2026-05-14T09:15,2263.34,2026-05-14T10:20,2265.69,13,1.08,4902.22,-5.1,-0.1,4897.12,Signal Flip
809,EMA_CONFIRMED_207_224,SHORT,2026-05-14T10:25,2261.53,2026-05-14T13:25,2265.87,36,3.0,4897.12,-9.41,-0.19,4887.71,Signal Flip
810,EMA_CONFIRMED_207_224,SHORT,2026-05-14T13:30,2260.11,2026-05-14T14:20,2266.05,10,0.83,4887.71,-12.85,-0.26,4874.86,Signal Flip
811,EMA_CONFIRMED_207_224,LONG,2026-05-14T16:30,2307.63,2026-05-14T23:50,2283.99,88,7.33,4874.86,-49.95,-1.02,4824.91,Signal Flip
812,EMA_CONFIRMED_207_224,LONG,2026-05-15T00:10,2288.72,2026-05-15T01:30,2285.17,16,1.33,4824.91,-7.5,-0.16,4817.41,Signal Flip
813,EMA_CONFIRMED_207_224,SHORT,2026-05-15T06:00,2244.28,2026-05-17T04:10,2184.88,554,46.17,4817.41,127.49,2.65,4944.9,Signal Flip
814,EMA_CONFIRMED_207_224,SHORT,2026-05-17T04:15,2181.8,2026-05-17T04:25,2188.32,2,0.17,4944.9,-14.79,-0.3,4930.11,Signal Flip
815,EMA_CONFIRMED_207_224,SHORT,2026-05-17T06:25,2181.57,2026-05-17T06:35,2186.07,2,0.17,4930.11,-10.18,-0.21,4919.93,Signal Flip
816,EMA_CONFIRMED_207_224,SHORT,2026-05-17T06:45,2181.39,2026-05-17T06:55,2186.0,2,0.17,4919.93,-10.41,-0.21,4909.53,Signal Flip
817,EMA_CONFIRMED_207_224,SHORT,2026-05-17T07:10,2183.4,2026-05-17T07:25,2185.92,3,0.25,4909.53,-5.68,-0.12,4903.85,Signal Flip
818,EMA_CONFIRMED_207_224,SHORT,2026-05-17T08:20,2182.6,2026-05-17T08:35,2186.13,3,0.25,4903.85,-7.94,-0.16,4895.91,Signal Flip
819,EMA_CONFIRMED_207_224,SHORT,2026-05-17T14:10,2186.89,2026-05-17T18:55,2188.19,57,4.75,4895.91,-2.93,-0.06,4892.98,Signal Flip
820,EMA_CONFIRMED_207_224,SHORT,2026-05-17T22:05,2186.2,2026-05-18T11:45,2137.86,164,13.67,4892.98,108.19,2.21,5001.17,Signal Flip
821,EMA_CONFIRMED_207_224,SHORT,2026-05-18T12:00,2132.83,2026-05-18T12:05,2139.46,1,0.08,5001.17,-15.54,-0.31,4985.63,Signal Flip
822,EMA_CONFIRMED_207_224,SHORT,2026-05-18T13:35,2134.51,2026-05-18T19:50,2123.52,75,6.25,4985.63,25.67,0.51,5011.3,Signal Flip
823,EMA_CONFIRMED_207_224,SHORT,2026-05-18T20:50,2115.56,2026-05-18T21:15,2122.75,5,0.42,5011.3,-17.03,-0.34,4994.28,Signal Flip
824,EMA_CONFIRMED_207_224,SHORT,2026-05-19T01:30,2124.76,2026-05-19T01:35,2131.05,1,0.08,4994.28,-14.8,-0.3,4979.47,Signal Flip
825,EMA_CONFIRMED_207_224,SHORT,2026-05-19T02:00,2123.86,2026-05-19T02:20,2129.31,4,0.33,4979.47,-12.79,-0.26,4966.68,Signal Flip
826,EMA_CONFIRMED_207_224,SHORT,2026-05-19T02:45,2125.3,2026-05-19T03:15,2129.94,6,0.5,4966.68,-10.86,-0.22,4955.82,Signal Flip
827,EMA_CONFIRMED_207_224,SHORT,2026-05-19T05:20,2126.2,2026-05-19T05:30,2130.94,2,0.17,4955.82,-11.07,-0.22,4944.75,Signal Flip
828,EMA_CONFIRMED_207_224,LONG,2026-05-19T08:50,2137.82,2026-05-19T09:20,2125.98,6,0.5,4944.75,-27.39,-0.55,4917.36,Signal Flip
829,EMA_CONFIRMED_207_224,SHORT,2026-05-19T09:30,2114.84,2026-05-19T16:55,2121.64,89,7.42,4917.36,-15.81,-0.32,4901.55,Signal Flip
830,EMA_CONFIRMED_207_224,SHORT,2026-05-19T17:10,2119.24,2026-05-19T17:15,2123.97,1,0.08,4901.55,-10.94,-0.22,4890.61,Signal Flip
831,EMA_CONFIRMED_207_224,SHORT,2026-05-19T17:30,2118.53,2026-05-19T19:10,2121.57,20,1.67,4890.61,-7.02,-0.14,4883.59,Signal Flip
832,EMA_CONFIRMED_207_224,SHORT,2026-05-19T19:20,2117.99,2026-05-19T21:15,2120.57,23,1.92,4883.59,-5.95,-0.12,4877.64,Signal Flip
833,EMA_CONFIRMED_207_224,SHORT,2026-05-19T21:20,2117.4,2026-05-19T21:35,2121.51,3,0.25,4877.64,-9.47,-0.19,4868.18,Signal Flip
834,EMA_CONFIRMED_207_224,SHORT,2026-05-19T21:45,2117.36,2026-05-19T23:35,2119.42,22,1.83,4868.18,-4.73,-0.1,4863.44,Signal Flip
835,EMA_CONFIRMED_207_224,SHORT,2026-05-19T23:40,2116.25,2026-05-20T03:30,2116.36,46,3.83,4863.44,-0.24,-0.01,4863.2,Signal Flip
836,EMA_CONFIRMED_207_224,SHORT,2026-05-20T03:35,2113.03,2026-05-20T05:05,2117.94,18,1.5,4863.2,-11.29,-0.23,4851.91,Signal Flip
837,EMA_CONFIRMED_207_224,LONG,2026-05-20T08:05,2131.91,2026-05-20T13:40,2119.09,67,5.58,4851.91,-29.17,-0.6,4822.74,Signal Flip
838,EMA_CONFIRMED_207_224,LONG,2026-05-20T14:20,2134.76,2026-05-20T22:00,2129.54,92,7.67,4822.74,-11.78,-0.24,4810.97,Signal Flip
839,EMA_CONFIRMED_207_224,LONG,2026-05-21T00:05,2132.71,2026-05-21T05:50,2134.88,69,5.75,4810.97,4.91,0.1,4815.88,Signal Flip
840,EMA_CONFIRMED_207_224,LONG,2026-05-21T06:05,2137.73,2026-05-21T06:10,2133.44,1,0.08,4815.88,-9.65,-0.2,4806.22,Signal Flip
841,EMA_CONFIRMED_207_224,LONG,2026-05-21T06:25,2137.84,2026-05-21T06:30,2134.22,1,0.08,4806.22,-8.13,-0.17,4798.09,Signal Flip
842,EMA_CONFIRMED_207_224,LONG,2026-05-21T08:05,2139.85,2026-05-21T09:35,2132.0,18,1.5,4798.09,-17.59,-0.37,4780.5,Signal Flip
843,EMA_CONFIRMED_207_224,SHORT,2026-05-21T11:55,2115.48,2026-05-21T15:15,2131.3,40,3.33,4780.5,-35.73,-0.75,4744.77,Signal Flip
844,EMA_CONFIRMED_207_224,SHORT,2026-05-21T15:35,2126.69,2026-05-21T15:40,2130.84,1,0.08,4744.77,-9.28,-0.2,4735.49,Signal Flip
845,EMA_CONFIRMED_207_224,SHORT,2026-05-21T16:40,2124.87,2026-05-21T17:15,2136.83,7,0.58,4735.49,-26.66,-0.56,4708.83,Signal Flip
846,EMA_CONFIRMED_207_224,LONG,2026-05-21T18:40,2139.27,2026-05-21T18:55,2122.58,3,0.25,4708.83,-36.74,-0.78,4672.09,Signal Flip
847,EMA_CONFIRMED_207_224,SHORT,2026-05-21T19:00,2125.81,2026-05-21T19:10,2134.01,2,0.17,4672.09,-18.02,-0.39,4654.07,Signal Flip
848,EMA_CONFIRMED_207_224,LONG,2026-05-21T19:15,2134.01,2026-05-21T22:35,2131.78,40,3.33,4654.07,-4.85,-0.1,4649.22,Signal Flip
849,EMA_CONFIRMED_207_224,LONG,2026-05-21T23:05,2134.03,2026-05-21T23:15,2128.14,2,0.17,4649.22,-12.83,-0.28,4636.39,Signal Flip
850,EMA_CONFIRMED_207_224,LONG,2026-05-21T23:30,2133.94,2026-05-22T00:05,2131.16,7,0.58,4636.39,-6.02,-0.13,4630.36,Signal Flip
851,EMA_CONFIRMED_207_224,LONG,2026-05-22T00:10,2134.07,2026-05-22T00:15,2129.59,1,0.08,4630.36,-9.7,-0.21,4620.66,Signal Flip
852,EMA_CONFIRMED_207_224,LONG,2026-05-22T00:35,2134.9,2026-05-22T00:40,2130.81,1,0.08,4620.66,-8.84,-0.19,4611.83,Signal Flip
853,EMA_CONFIRMED_207_224,LONG,2026-05-22T01:15,2134.46,2026-05-22T01:25,2127.74,2,0.17,4611.83,-14.52,-0.31,4597.3,Signal Flip
854,EMA_CONFIRMED_207_224,LONG,2026-05-22T01:50,2136.39,2026-05-22T04:50,2131.74,36,3.0,4597.3,-9.99,-0.22,4587.31,Signal Flip
855,EMA_CONFIRMED_207_224,LONG,2026-05-22T05:10,2136.25,2026-05-22T05:25,2129.78,3,0.25,4587.31,-13.88,-0.3,4573.43,Signal Flip
856,EMA_CONFIRMED_207_224,SHORT,2026-05-22T08:40,2124.56,2026-05-22T12:00,2131.85,40,3.33,4573.43,-15.69,-0.34,4557.74,Signal Flip
857,EMA_CONFIRMED_207_224,SHORT,2026-05-22T13:30,2128.6,2026-05-22T14:00,2131.3,6,0.5,4557.74,-5.78,-0.13,4551.96,Signal Flip
858,EMA_CONFIRMED_207_224,SHORT,2026-05-22T14:05,2124.43,2026-05-22T17:30,2129.76,41,3.42,4551.96,-11.44,-0.25,4540.53,Signal Flip
859,EMA_CONFIRMED_207_224,SHORT,2026-05-22T17:35,2124.05,2026-05-22T17:40,2128.43,1,0.08,4540.53,-9.38,-0.21,4531.15,Signal Flip
860,EMA_CONFIRMED_207_224,SHORT,2026-05-22T17:45,2125.32,2026-05-23T15:00,2062.67,255,21.25,4531.15,133.56,2.95,4664.71,Signal Flip
861,EMA_CONFIRMED_207_224,LONG,2026-05-23T21:50,2113.64,2026-05-24T13:55,2107.88,193,16.08,4664.71,-12.71,-0.27,4652.0,Signal Flip
862,EMA_CONFIRMED_207_224,SHORT,2026-05-24T21:55,2071.21,2026-05-24T23:40,2102.58,21,1.75,4652.0,-70.45,-1.51,4581.55,Signal Flip
863,EMA_CONFIRMED_207_224,SHORT,2026-05-25T00:00,2098.81,2026-05-25T00:05,2102.87,1,0.08,4581.55,-8.86,-0.19,4572.68,Signal Flip
864,EMA_CONFIRMED_207_224,SHORT,2026-05-25T01:55,2098.82,2026-05-25T02:10,2110.53,3,0.25,4572.68,-25.52,-0.56,4547.16,Signal Flip
865,EMA_CONFIRMED_207_224,SHORT,2026-05-25T02:30,2099.21,2026-05-25T04:45,2104.18,27,2.25,4547.16,-10.77,-0.24,4536.39,Signal Flip
866,EMA_CONFIRMED_207_224,SHORT,2026-05-25T06:25,2098.62,2026-05-25T06:35,2106.81,2,0.17,4536.39,-17.71,-0.39,4518.68,Signal Flip
867,EMA_CONFIRMED_207_224,LONG,2026-05-25T07:00,2110.05,2026-05-25T19:40,2115.88,152,12.67,4518.68,12.48,0.28,4531.16,Signal Flip
868,EMA_CONFIRMED_207_224,LONG,2026-05-25T19:45,2121.03,2026-05-25T20:30,2117.72,9,0.75,4531.16,-7.07,-0.16,4524.09,Signal Flip
869,EMA_CONFIRMED_207_224,SHORT,2026-05-26T01:50,2093.35,2026-05-26T10:20,2108.94,102,8.5,4524.09,-33.7,-0.74,4490.39,Signal Flip
870,EMA_CONFIRMED_207_224,LONG,2026-05-26T13:05,2125.24,2026-05-26T15:00,2108.25,23,1.92,4490.39,-35.91,-0.8,4454.48,Signal Flip
871,EMA_CONFIRMED_207_224,LONG,2026-05-26T15:15,2111.96,2026-05-26T15:20,2106.94,1,0.08,4454.48,-10.59,-0.24,4443.89,Signal Flip
872,EMA_CONFIRMED_207_224,SHORT,2026-05-26T16:20,2082.34,2026-05-27T06:45,2081.71,173,14.42,4443.89,1.34,0.03,4445.23,Signal Flip
873,EMA_CONFIRMED_207_224,SHORT,2026-05-27T06:50,2078.97,2026-05-27T07:35,2081.84,9,0.75,4445.23,-6.14,-0.14,4439.1,Signal Flip
874,EMA_CONFIRMED_207_224,SHORT,2026-05-27T07:40,2078.68,2026-05-27T07:50,2082.34,2,0.17,4439.1,-7.82,-0.18,4431.28,Signal Flip
875,EMA_CONFIRMED_207_224,SHORT,2026-05-27T09:05,2078.98,2026-05-27T09:10,2082.66,1,0.08,4431.28,-7.85,-0.18,4423.43,Signal Flip
876,EMA_CONFIRMED_207_224,SHORT,2026-05-27T09:15,2079.68,2026-05-27T09:25,2084.39,2,0.17,4423.43,-10.02,-0.23,4413.41,Signal Flip
877,EMA_CONFIRMED_207_224,SHORT,2026-05-27T09:30,2080.32,2026-05-27T09:35,2084.07,1,0.08,4413.41,-7.96,-0.18,4405.45,Signal Flip
878,EMA_CONFIRMED_207_224,SHORT,2026-05-27T10:45,2080.45,2026-05-27T11:05,2083.92,4,0.33,4405.45,-7.35,-0.17,4398.1,Signal Flip
879,EMA_CONFIRMED_207_224,SHORT,2026-05-27T11:10,2080.03,2026-05-27T11:15,2083.26,1,0.08,4398.1,-6.83,-0.16,4391.27,Signal Flip
880,EMA_CONFIRMED_207_224,SHORT,2026-05-27T11:35,2079.76,2026-05-27T11:40,2085.13,1,0.08,4391.27,-11.34,-0.26,4379.92,Signal Flip
881,EMA_CONFIRMED_207_224,SHORT,2026-05-27T11:50,2080.23,2026-05-27T12:20,2085.97,6,0.5,4379.92,-12.09,-0.28,4367.83,Signal Flip
882,EMA_CONFIRMED_207_224,SHORT,2026-05-27T12:55,2080.65,2026-05-28T16:25,2002.87,330,27.5,4367.83,163.28,3.74,4531.11,Signal Flip
883,EMA_CONFIRMED_207_224,SHORT,2026-05-28T16:30,1997.8,2026-05-28T16:35,2003.05,1,0.08,4531.11,-11.91,-0.26,4519.2,Signal Flip
884,EMA_CONFIRMED_207_224,SHORT,2026-05-28T22:35,2007.83,2026-05-28T23:30,2011.72,11,0.92,4519.2,-8.76,-0.19,4510.44,Signal Flip
885,EMA_CONFIRMED_207_224,SHORT,2026-05-28T23:40,2007.99,2026-05-29T00:00,2010.89,4,0.33,4510.44,-6.54,-0.14,4503.91,Signal Flip
886,EMA_CONFIRMED_207_224,SHORT,2026-05-29T01:25,2008.17,2026-05-29T05:00,2009.51,43,3.58,4503.91,-3.03,-0.07,4500.88,Signal Flip
887,EMA_CONFIRMED_207_224,SHORT,2026-05-29T07:35,2009.0,2026-05-29T08:25,2013.07,10,0.83,4500.88,-9.12,-0.2,4491.76,Signal Flip
888,EMA_CONFIRMED_207_224,SHORT,2026-05-29T08:45,2008.4,2026-05-29T09:10,2011.3,5,0.42,4491.76,-6.49,-0.14,4485.28,Signal Flip
889,EMA_CONFIRMED_207_224,SHORT,2026-05-29T11:30,2009.18,2026-05-29T11:35,2011.78,1,0.08,4485.28,-5.78,-0.13,4479.49,Signal Flip
890,EMA_CONFIRMED_207_224,SHORT,2026-05-29T11:40,2006.45,2026-05-29T15:05,2008.34,41,3.42,4479.49,-4.24,-0.09,4475.26,Signal Flip
891,EMA_CONFIRMED_207_224,LONG,2026-05-29T16:40,2041.69,2026-05-29T18:55,2009.74,27,2.25,4475.26,-70.02,-1.56,4405.24,Signal Flip
892,EMA_CONFIRMED_207_224,LONG,2026-05-29T19:10,2016.33,2026-05-29T19:15,2012.0,1,0.08,4405.24,-9.45,-0.21,4395.79,Signal Flip
893,EMA_CONFIRMED_207_224,LONG,2026-05-29T19:35,2017.81,2026-05-29T21:25,2013.49,22,1.83,4395.79,-9.4,-0.21,4386.39,Signal Flip
894,EMA_CONFIRMED_207_224,LONG,2026-05-30T00:10,2016.94,2026-05-30T00:15,2013.18,1,0.08,4386.39,-8.17,-0.19,4378.22,Signal Flip
895,EMA_CONFIRMED_207_224,LONG,2026-05-30T00:25,2015.96,2026-05-30T00:30,2011.78,1,0.08,4378.22,-9.06,-0.21,4369.16,Signal Flip
896,EMA_CONFIRMED_207_224,LONG,2026-05-30T00:40,2015.87,2026-05-30T00:45,2012.82,1,0.08,4369.16,-6.6,-0.15,4362.56,Signal Flip
897,EMA_CONFIRMED_207_224,LONG,2026-05-30T00:50,2016.58,2026-05-30T00:55,2013.75,1,0.08,4362.56,-6.11,-0.14,4356.44,Signal Flip
898,EMA_CONFIRMED_207_224,LONG,2026-05-30T01:05,2016.54,2026-05-30T03:45,2014.51,32,2.67,4356.44,-4.38,-0.1,4352.07,Signal Flip
899,EMA_CONFIRMED_207_224,LONG,2026-05-30T03:50,2017.85,2026-05-30T04:05,2014.84,3,0.25,4352.07,-6.48,-0.15,4345.59,Signal Flip
900,EMA_CONFIRMED_207_224,LONG,2026-05-30T05:20,2016.45,2026-05-30T05:25,2013.79,1,0.08,4345.59,-5.72,-0.13,4339.86,Signal Flip
901,EMA_CONFIRMED_207_224,LONG,2026-05-30T05:40,2016.63,2026-05-30T06:05,2013.4,5,0.42,4339.86,-6.94,-0.16,4332.92,Signal Flip
902,EMA_CONFIRMED_207_224,LONG,2026-05-30T06:25,2016.92,2026-05-30T07:05,2014.05,8,0.67,4332.92,-6.16,-0.14,4326.77,Signal Flip
903,EMA_CONFIRMED_207_224,LONG,2026-05-30T07:15,2016.94,2026-05-30T07:40,2013.26,5,0.42,4326.77,-7.88,-0.18,4318.88,Signal Flip
904,EMA_CONFIRMED_207_224,LONG,2026-05-30T07:50,2016.68,2026-05-30T07:55,2014.34,1,0.08,4318.88,-5.0,-0.12,4313.88,Signal Flip
905,EMA_CONFIRMED_207_224,LONG,2026-05-30T08:00,2017.33,2026-05-30T08:05,2014.22,1,0.08,4313.88,-6.64,-0.15,4307.24,Signal Flip
906,EMA_CONFIRMED_207_224,LONG,2026-05-30T08:25,2016.86,2026-05-30T08:30,2014.15,1,0.08,4307.24,-5.78,-0.13,4301.46,Signal Flip
907,EMA_CONFIRMED_207_224,LONG,2026-05-30T09:10,2016.62,2026-05-30T09:20,2014.21,2,0.17,4301.46,-5.13,-0.12,4296.33,Signal Flip
908,EMA_CONFIRMED_207_224,LONG,2026-05-30T09:30,2017.26,2026-05-30T22:40,2021.0,158,13.17,4296.33,7.97,0.19,4304.3,Signal Flip
909,EMA_CONFIRMED_207_224,LONG,2026-05-30T23:00,2024.57,2026-05-30T23:15,2020.22,3,0.25,4304.3,-9.25,-0.21,4295.05,Signal Flip
910,EMA_CONFIRMED_207_224,LONG,2026-05-31T00:20,2024.19,2026-05-31T07:05,2026.17,81,6.75,4295.05,4.19,0.1,4299.24,Signal Flip
911,EMA_CONFIRMED_207_224,LONG,2026-05-31T07:10,2028.93,2026-05-31T07:15,2025.42,1,0.08,4299.24,-7.45,-0.17,4291.78,Signal Flip
912,EMA_CONFIRMED_207_224,LONG,2026-05-31T08:05,2028.89,2026-05-31T08:10,2025.15,1,0.08,4291.78,-7.93,-0.18,4283.86,Signal Flip
913,EMA_CONFIRMED_207_224,LONG,2026-05-31T08:25,2028.25,2026-05-31T08:30,2025.94,1,0.08,4283.86,-4.89,-0.11,4278.96,Signal Flip
914,EMA_CONFIRMED_207_224,LONG,2026-05-31T09:00,2028.65,2026-05-31T09:05,2024.01,1,0.08,4278.96,-9.8,-0.23,4269.16,Signal Flip
915,EMA_CONFIRMED_207_224,LONG,2026-05-31T09:20,2028.54,2026-05-31T09:25,2025.86,1,0.08,4269.16,-5.66,-0.13,4263.51,Signal Flip
916,EMA_CONFIRMED_207_224,LONG,2026-05-31T09:35,2028.47,2026-05-31T09:40,2025.8,1,0.08,4263.51,-5.63,-0.13,4257.88,Signal Flip
917,EMA_CONFIRMED_207_224,LONG,2026-05-31T09:45,2028.22,2026-05-31T09:55,2024.62,2,0.17,4257.88,-7.57,-0.18,4250.31,Signal Flip
918,EMA_CONFIRMED_207_224,LONG,2026-05-31T13:25,2026.52,2026-05-31T13:30,2023.44,1,0.08,4250.31,-6.47,-0.15,4243.84,Signal Flip
919,EMA_CONFIRMED_207_224,SHORT,2026-05-31T14:35,2011.05,2026-05-31T22:35,2014.86,96,8.0,4243.84,-8.03,-0.19,4235.81,Signal Flip
920,EMA_CONFIRMED_207_224,SHORT,2026-05-31T22:40,2009.68,2026-05-31T23:05,2019.33,5,0.42,4235.81,-20.33,-0.48,4215.49,Signal Flip
921,EMA_CONFIRMED_207_224,SHORT,2026-05-31T23:25,2008.11,2026-06-01T00:05,2015.02,8,0.67,4215.49,-14.51,-0.34,4200.98,Signal Flip
922,EMA_CONFIRMED_207_224,SHORT,2026-06-01T00:10,2008.79,2026-06-01T00:25,2013.51,3,0.25,4200.98,-9.87,-0.24,4191.1,Signal Flip
923,EMA_CONFIRMED_207_224,SHORT,2026-06-01T01:05,2010.52,2026-06-01T02:45,2013.55,20,1.67,4191.1,-6.3,-0.15,4184.8,Signal Flip
924,EMA_CONFIRMED_207_224,SHORT,2026-06-01T03:55,2008.08,2026-06-01T17:30,1992.15,163,13.58,4184.8,33.2,0.79,4218.0,Signal Flip
925,EMA_CONFIRMED_207_224,SHORT,2026-06-01T18:15,1984.0,2026-06-01T18:25,1987.99,2,0.17,4218.0,-8.5,-0.2,4209.51,Signal Flip
926,EMA_CONFIRMED_207_224,SHORT,2026-06-01T22:05,1987.02,2026-06-01T22:20,1995.8,3,0.25,4209.51,-18.6,-0.44,4190.9,Signal Flip
927,EMA_CONFIRMED_207_224,SHORT,2026-06-02T01:05,1992.65,2026-06-02T01:15,1999.64,2,0.17,4190.9,-14.69,-0.35,4176.21,Signal Flip
928,EMA_CONFIRMED_207_224,SHORT,2026-06-02T01:30,1991.29,2026-06-02T03:00,1998.08,18,1.5,4176.21,-14.23,-0.34,4161.98,Signal Flip
929,EMA_CONFIRMED_207_224,SHORT,2026-06-02T05:05,1989.79,2026-06-02T05:10,1995.28,1,0.08,4161.98,-11.47,-0.28,4150.51,Signal Flip
930,EMA_CONFIRMED_207_224,SHORT,2026-06-02T05:30,1991.1,2026-06-03T10:10,1893.51,344,28.67,4150.51,203.45,4.9,4353.96,Signal Flip
931,EMA_CONFIRMED_207_224,SHORT,2026-06-03T10:15,1884.06,2026-06-03T10:30,1887.44,3,0.25,4353.96,-7.82,-0.18,4346.13,Signal Flip
932,EMA_CONFIRMED_207_224,SHORT,2026-06-03T10:35,1884.74,2026-06-03T11:15,1888.93,8,0.67,4346.13,-9.68,-0.22,4336.46,Signal Flip
933,EMA_CONFIRMED_207_224,SHORT,2026-06-03T11:25,1885.09,2026-06-03T11:30,1887.77,1,0.08,4336.46,-6.18,-0.14,4330.28,Signal Flip
934,EMA_CONFIRMED_207_224,SHORT,2026-06-03T11:35,1881.66,2026-06-03T22:00,1851.03,125,10.42,4330.28,70.5,1.63,4400.77,Signal Flip
935,EMA_CONFIRMED_207_224,SHORT,2026-06-03T22:05,1842.11,2026-06-04T13:40,1788.01,187,15.58,4400.77,129.23,2.94,4530.01,Signal Flip
936,EMA_CONFIRMED_207_224,SHORT,2026-06-04T13:45,1777.85,2026-06-04T14:10,1788.38,5,0.42,4530.01,-26.84,-0.59,4503.17,Signal Flip
937,EMA_CONFIRMED_207_224,SHORT,2026-06-04T14:20,1782.78,2026-06-04T15:10,1790.95,10,0.83,4503.17,-20.63,-0.46,4482.54,Signal Flip
938,EMA_CONFIRMED_207_224,SHORT,2026-06-04T15:20,1781.71,2026-06-04T19:20,1781.43,48,4.0,4482.54,0.7,0.02,4483.24,Signal Flip
939,EMA_CONFIRMED_207_224,SHORT,2026-06-04T19:45,1777.61,2026-06-04T21:10,1783.26,17,1.42,4483.24,-14.25,-0.32,4468.99,Signal Flip
940,EMA_CONFIRMED_207_224,SHORT,2026-06-04T21:15,1777.42,2026-06-06T23:45,1568.49,606,50.5,4468.99,525.31,11.75,4994.29,Signal Flip
941,EMA_CONFIRMED_207_224,LONG,2026-06-07T05:50,1605.01,2026-06-07T19:10,1613.28,160,13.33,4994.29,25.74,0.52,5020.03,Signal Flip
942,EMA_CONFIRMED_207_224,LONG,2026-06-07T19:15,1617.54,2026-06-07T19:20,1607.38,1,0.08,5020.03,-31.54,-0.63,4988.49,Signal Flip
943,EMA_CONFIRMED_207_224,LONG,2026-06-07T20:05,1617.78,2026-06-08T05:15,1648.28,110,9.17,4988.49,94.04,1.89,5082.53,Signal Flip
944,EMA_CONFIRMED_207_224,LONG,2026-06-08T05:20,1654.1,2026-06-08T05:25,1651.4,1,0.08,5082.53,-8.27,-0.16,5074.26,Signal Flip
945,EMA_CONFIRMED_207_224,LONG,2026-06-08T05:30,1657.69,2026-06-08T05:35,1650.34,1,0.08,5074.26,-22.48,-0.44,5051.78,Signal Flip
946,EMA_CONFIRMED_207_224,LONG,2026-06-08T05:55,1653.34,2026-06-09T00:10,1683.43,219,18.25,5051.78,91.95,1.82,5143.72,Signal Flip
947,EMA_CONFIRMED_207_224,LONG,2026-06-09T00:15,1686.52,2026-06-09T00:25,1678.79,2,0.17,5143.72,-23.58,-0.46,5120.14,Signal Flip
948,EMA_CONFIRMED_207_224,LONG,2026-06-09T04:35,1680.84,2026-06-09T07:30,1675.06,35,2.92,5120.14,-17.6,-0.34,5102.54,Signal Flip
949,EMA_CONFIRMED_207_224,LONG,2026-06-09T07:45,1682.07,2026-06-09T07:50,1678.45,1,0.08,5102.54,-10.98,-0.22,5091.55,Signal Flip
950,EMA_CONFIRMED_207_224,LONG,2026-06-09T12:05,1681.01,2026-06-09T12:30,1676.26,5,0.42,5091.55,-14.38,-0.28,5077.17,Signal Flip
951,EMA_CONFIRMED_207_224,LONG,2026-06-09T13:10,1679.79,2026-06-09T13:15,1675.04,1,0.08,5077.17,-14.35,-0.28,5062.82,Signal Flip
952,EMA_CONFIRMED_207_224,SHORT,2026-06-09T14:20,1647.19,2026-06-09T20:15,1663.1,71,5.92,5062.82,-48.92,-0.97,5013.91,Signal Flip
953,EMA_CONFIRMED_207_224,SHORT,2026-06-09T20:20,1657.66,2026-06-10T07:35,1643.39,135,11.25,5013.91,43.16,0.86,5057.07,Signal Flip
954,EMA_CONFIRMED_207_224,SHORT,2026-06-10T07:40,1639.96,2026-06-10T12:35,1637.49,59,4.92,5057.07,7.62,0.15,5064.69,Signal Flip
955,EMA_CONFIRMED_207_224,SHORT,2026-06-10T13:15,1633.34,2026-06-10T13:20,1635.9,1,0.08,5064.69,-7.92,-0.16,5056.77,Signal Flip
956,EMA_CONFIRMED_207_224,SHORT,2026-06-10T16:50,1634.1,2026-06-10T16:55,1641.52,1,0.08,5056.77,-22.95,-0.45,5033.81,Signal Flip
957,EMA_CONFIRMED_207_224,SHORT,2026-06-10T17:30,1627.27,2026-06-11T00:20,1634.53,82,6.83,5033.81,-22.46,-0.45,5011.35,Signal Flip
958,EMA_CONFIRMED_207_224,SHORT,2026-06-11T00:35,1627.99,2026-06-11T00:50,1631.65,3,0.25,5011.35,-11.27,-0.22,5000.08,Signal Flip
959,EMA_CONFIRMED_207_224,SHORT,2026-06-11T00:55,1626.98,2026-06-11T01:05,1634.06,2,0.17,5000.08,-21.76,-0.44,4978.32,Signal Flip
960,EMA_CONFIRMED_207_224,SHORT,2026-06-11T02:35,1631.09,2026-06-11T02:40,1634.89,1,0.08,4978.32,-11.58,-0.23,4966.75,Signal Flip
961,EMA_CONFIRMED_207_224,LONG,2026-06-11T05:30,1650.08,2026-06-11T12:25,1647.66,83,6.92,4966.75,-7.31,-0.15,4959.44,Signal Flip
962,EMA_CONFIRMED_207_224,LONG,2026-06-11T12:35,1650.32,2026-06-11T12:40,1647.2,1,0.08,4959.44,-9.4,-0.19,4950.03,Signal Flip
963,EMA_CONFIRMED_207_224,LONG,2026-06-11T12:45,1653.37,2026-06-11T13:25,1646.92,8,0.67,4950.03,-19.31,-0.39,4930.72,Signal Flip
964,EMA_CONFIRMED_207_224,LONG,2026-06-11T13:40,1650.01,2026-06-11T14:10,1647.82,6,0.5,4930.72,-6.57,-0.13,4924.15,Signal Flip
965,EMA_CONFIRMED_207_224,LONG,2026-06-11T14:30,1650.48,2026-06-11T14:35,1647.65,1,0.08,4924.15,-8.47,-0.17,4915.68,Signal Flip
966,EMA_CONFIRMED_207_224,LONG,2026-06-11T14:40,1650.62,2026-06-11T15:00,1642.22,4,0.33,4915.68,-25.03,-0.51,4890.65,Signal Flip
967,EMA_CONFIRMED_207_224,LONG,2026-06-11T15:40,1649.8,2026-06-11T15:45,1643.85,1,0.08,4890.65,-17.66,-0.36,4872.99,Signal Flip
968,EMA_CONFIRMED_207_224,LONG,2026-06-11T16:15,1649.96,2026-06-11T16:20,1646.81,1,0.08,4872.99,-9.33,-0.19,4863.66,Signal Flip
969,EMA_CONFIRMED_207_224,LONG,2026-06-11T17:30,1655.05,2026-06-12T01:30,1662.31,96,8.0,4863.66,21.34,0.44,4885.0,Signal Flip
970,EMA_CONFIRMED_207_224,LONG,2026-06-12T01:50,1667.45,2026-06-12T05:15,1667.03,41,3.42,4885.0,-1.25,-0.03,4883.75,Signal Flip
971,EMA_CONFIRMED_207_224,LONG,2026-06-12T05:20,1671.07,2026-06-12T05:40,1664.16,4,0.33,4883.75,-20.19,-0.41,4863.56,Signal Flip
972,EMA_CONFIRMED_207_224,LONG,2026-06-12T08:10,1667.6,2026-06-12T12:25,1668.3,51,4.25,4863.56,2.02,0.04,4865.58,Signal Flip
973,EMA_CONFIRMED_207_224,LONG,2026-06-12T14:30,1671.38,2026-06-12T14:50,1667.56,4,0.33,4865.58,-11.12,-0.23,4854.46,Signal Flip
974,EMA_CONFIRMED_207_224,LONG,2026-06-12T14:55,1683.61,2026-06-12T15:50,1663.45,11,0.92,4854.46,-58.14,-1.2,4796.32,Signal Flip
975,EMA_CONFIRMED_207_224,LONG,2026-06-12T16:15,1672.17,2026-06-12T16:20,1666.63,1,0.08,4796.32,-15.89,-0.33,4780.43,Signal Flip
976,EMA_CONFIRMED_207_224,LONG,2026-06-12T16:30,1671.39,2026-06-12T16:45,1667.85,3,0.25,4780.43,-10.12,-0.21,4770.31,Signal Flip
977,EMA_CONFIRMED_207_224,LONG,2026-06-12T16:50,1672.72,2026-06-12T17:25,1667.79,7,0.58,4770.31,-14.06,-0.29,4756.25,Signal Flip
978,EMA_CONFIRMED_207_224,LONG,2026-06-12T17:30,1671.31,2026-06-12T17:35,1668.83,1,0.08,4756.25,-7.06,-0.15,4749.19,Signal Flip
979,EMA_CONFIRMED_207_224,LONG,2026-06-12T17:40,1670.91,2026-06-12T17:45,1668.32,1,0.08,4749.19,-7.36,-0.15,4741.83,Signal Flip
980,EMA_CONFIRMED_207_224,LONG,2026-06-12T18:40,1672.33,2026-06-12T19:00,1666.03,4,0.33,4741.83,-17.86,-0.38,4723.97,Signal Flip
981,EMA_CONFIRMED_207_224,LONG,2026-06-12T19:05,1670.69,2026-06-12T19:10,1668.28,1,0.08,4723.97,-6.84,-0.14,4717.13,Signal Flip
982,EMA_CONFIRMED_207_224,LONG,2026-06-12T19:20,1670.6,2026-06-12T19:25,1667.6,1,0.08,4717.13,-8.5,-0.18,4708.63,Signal Flip
983,EMA_CONFIRMED_207_224,LONG,2026-06-13T00:15,1668.78,2026-06-13T00:20,1666.21,1,0.08,4708.63,-7.27,-0.15,4701.36,Signal Flip
984,EMA_CONFIRMED_207_224,LONG,2026-06-13T00:25,1669.59,2026-06-13T00:30,1665.8,1,0.08,4701.36,-10.69,-0.23,4690.66,Signal Flip
985,EMA_CONFIRMED_207_224,LONG,2026-06-13T00:40,1669.24,2026-06-13T00:45,1666.09,1,0.08,4690.66,-8.87,-0.19,4681.79,Signal Flip
986,EMA_CONFIRMED_207_224,LONG,2026-06-13T01:05,1668.72,2026-06-13T01:20,1665.95,3,0.25,4681.79,-7.79,-0.17,4674.0,Signal Flip
987,EMA_CONFIRMED_207_224,LONG,2026-06-13T01:30,1668.92,2026-06-13T02:45,1666.46,15,1.25,4674.0,-6.91,-0.15,4667.09,Signal Flip
988,EMA_CONFIRMED_207_224,LONG,2026-06-13T03:05,1669.46,2026-06-13T03:15,1667.08,2,0.17,4667.09,-6.68,-0.14,4660.41,Signal Flip
989,EMA_CONFIRMED_207_224,LONG,2026-06-13T04:50,1668.63,2026-06-13T04:55,1665.97,1,0.08,4660.41,-7.45,-0.16,4652.96,Signal Flip
990,EMA_CONFIRMED_207_224,SHORT,2026-06-13T05:20,1663.59,2026-06-13T06:35,1668.26,15,1.25,4652.96,-13.08,-0.28,4639.88,Signal Flip
991,EMA_CONFIRMED_207_224,SHORT,2026-06-13T06:40,1666.16,2026-06-13T06:50,1669.1,2,0.17,4639.88,-8.21,-0.18,4631.67,Signal Flip
992,EMA_CONFIRMED_207_224,LONG,2026-06-13T07:40,1674.52,2026-06-13T16:25,1670.72,105,8.75,4631.67,-10.49,-0.23,4621.18,Signal Flip
993,EMA_CONFIRMED_207_224,LONG,2026-06-13T16:45,1675.25,2026-06-13T16:50,1672.66,1,0.08,4621.18,-7.13,-0.15,4614.06,Signal Flip
994,EMA_CONFIRMED_207_224,LONG,2026-06-13T16:55,1676.69,2026-06-13T17:55,1673.46,12,1.0,4614.06,-8.88,-0.19,4605.18,Signal Flip
995,EMA_CONFIRMED_207_224,LONG,2026-06-13T18:05,1675.9,2026-06-13T21:15,1674.57,38,3.17,4605.18,-3.64,-0.08,4601.54,Signal Flip
996,EMA_CONFIRMED_207_224,LONG,2026-06-13T21:20,1677.6,2026-06-14T04:40,1677.88,88,7.33,4601.54,0.77,0.02,4602.31,Signal Flip
997,EMA_CONFIRMED_207_224,LONG,2026-06-14T06:05,1680.7,2026-06-14T06:25,1678.03,4,0.33,4602.31,-7.31,-0.16,4595.0,Signal Flip
998,EMA_CONFIRMED_207_224,LONG,2026-06-14T06:30,1680.14,2026-06-14T06:35,1677.16,1,0.08,4595.0,-8.15,-0.18,4586.86,Signal Flip
999,EMA_CONFIRMED_207_224,LONG,2026-06-14T10:00,1679.32,2026-06-14T10:05,1675.78,1,0.08,4586.86,-9.66,-0.21,4577.2,Signal Flip
1000,EMA_CONFIRMED_207_224,SHORT,2026-06-14T12:50,1667.08,2026-06-14T20:40,1671.78,94,7.83,4577.2,-12.9,-0.28,4564.29,Signal Flip
1001,EMA_CONFIRMED_207_224,LONG,2026-06-14T22:15,1721.85,2026-06-15T23:20,1787.48,301,25.08,4564.29,173.96,3.81,4738.25,Signal Flip
1002,EMA_CONFIRMED_207_224,LONG,2026-06-15T23:30,1790.56,2026-06-15T23:35,1785.7,1,0.08,4738.25,-12.88,-0.27,4725.37,Signal Flip
1003,EMA_CONFIRMED_207_224,LONG,2026-06-15T23:45,1791.96,2026-06-16T01:00,1788.7,15,1.25,4725.37,-8.6,-0.18,4716.77,Signal Flip
1004,EMA_CONFIRMED_207_224,LONG,2026-06-16T01:05,1794.47,2026-06-16T02:15,1783.75,14,1.17,4716.77,-28.18,-0.6,4688.6,Signal Flip
1005,EMA_CONFIRMED_207_224,LONG,2026-06-16T08:20,1781.64,2026-06-16T08:25,1777.58,1,0.08,4688.6,-10.68,-0.23,4677.91,Signal Flip
1006,EMA_CONFIRMED_207_224,LONG,2026-06-16T08:30,1784.05,2026-06-16T14:20,1779.93,70,5.83,4677.91,-10.81,-0.23,4667.11,Signal Flip
1007,EMA_CONFIRMED_207_224,LONG,2026-06-16T17:50,1797.54,2026-06-17T01:20,1783.6,90,7.5,4667.11,-36.2,-0.78,4630.91,Signal Flip
1008,EMA_CONFIRMED_207_224,LONG,2026-06-17T01:50,1797.99,2026-06-17T02:40,1788.31,10,0.83,4630.91,-24.94,-0.54,4605.97,Signal Flip
1009,EMA_CONFIRMED_207_224,LONG,2026-06-17T02:45,1795.5,2026-06-17T03:15,1790.41,6,0.5,4605.97,-13.04,-0.28,4592.93,Signal Flip
1010,EMA_CONFIRMED_207_224,LONG,2026-06-17T03:35,1795.92,2026-06-17T04:20,1791.44,9,0.75,4592.93,-11.44,-0.25,4581.49,Signal Flip
1011,EMA_CONFIRMED_207_224,LONG,2026-06-17T04:25,1796.49,2026-06-17T05:10,1791.2,9,0.75,4581.49,-13.48,-0.29,4568.02,Signal Flip
1012,EMA_CONFIRMED_207_224,LONG,2026-06-17T05:30,1794.61,2026-06-17T05:55,1791.92,5,0.42,4568.02,-6.83,-0.15,4561.19,Signal Flip
1013,EMA_CONFIRMED_207_224,LONG,2026-06-17T06:00,1794.88,2026-06-17T06:30,1787.94,6,0.5,4561.19,-17.64,-0.39,4543.55,Signal Flip
1014,EMA_CONFIRMED_207_224,SHORT,2026-06-17T09:10,1768.21,2026-06-17T16:05,1776.71,83,6.92,4543.55,-21.85,-0.48,4521.7,Signal Flip
1015,EMA_CONFIRMED_207_224,SHORT,2026-06-17T16:10,1773.18,2026-06-17T16:15,1776.33,1,0.08,4521.7,-8.02,-0.18,4513.68,Signal Flip
1016,EMA_CONFIRMED_207_224,SHORT,2026-06-17T16:45,1774.19,2026-06-17T17:20,1776.34,7,0.58,4513.68,-5.46,-0.12,4508.22,Signal Flip
1017,EMA_CONFIRMED_207_224,SHORT,2026-06-17T17:45,1773.8,2026-06-17T17:50,1776.7,1,0.08,4508.22,-7.36,-0.16,4500.86,Signal Flip
1018,EMA_CONFIRMED_207_224,SHORT,2026-06-17T18:05,1756.94,2026-06-17T18:45,1786.01,8,0.67,4500.86,-74.47,-1.65,4426.39,Signal Flip
1019,EMA_CONFIRMED_207_224,SHORT,2026-06-17T19:00,1769.42,2026-06-18T01:15,1762.45,75,6.25,4426.39,17.45,0.39,4443.84,Signal Flip
1020,EMA_CONFIRMED_207_224,SHORT,2026-06-18T01:20,1755.94,2026-06-18T07:50,1750.78,78,6.5,4443.84,13.05,0.29,4456.89,Signal Flip
1021,EMA_CONFIRMED_207_224,SHORT,2026-06-18T07:55,1748.13,2026-06-18T08:10,1753.99,3,0.25,4456.89,-14.94,-0.34,4441.94,Signal Flip
1022,EMA_CONFIRMED_207_224,SHORT,2026-06-18T08:15,1747.49,2026-06-18T08:30,1750.83,3,0.25,4441.94,-8.51,-0.19,4433.43,Signal Flip
1023,EMA_CONFIRMED_207_224,SHORT,2026-06-18T08:55,1747.96,2026-06-18T09:20,1752.48,5,0.42,4433.43,-11.46,-0.26,4421.96,Signal Flip
1024,EMA_CONFIRMED_207_224,SHORT,2026-06-18T09:30,1742.49,2026-06-18T10:55,1750.68,17,1.42,4421.96,-20.8,-0.47,4401.16,Signal Flip
1025,EMA_CONFIRMED_207_224,SHORT,2026-06-18T11:00,1746.03,2026-06-18T12:25,1751.85,17,1.42,4401.16,-14.67,-0.33,4386.5,Signal Flip
1026,EMA_CONFIRMED_207_224,SHORT,2026-06-18T12:40,1746.87,2026-06-18T12:45,1749.78,1,0.08,4386.5,-7.33,-0.17,4379.17,Signal Flip
1027,EMA_CONFIRMED_207_224,SHORT,2026-06-18T13:35,1739.84,2026-06-19T01:05,1718.56,138,11.5,4379.17,53.56,1.22,4432.73,Signal Flip
1028,EMA_CONFIRMED_207_224,SHORT,2026-06-19T01:10,1713.19,2026-06-19T13:45,1702.01,151,12.58,4432.73,28.93,0.65,4461.67,Signal Flip
1029,EMA_CONFIRMED_207_224,SHORT,2026-06-19T14:15,1697.77,2026-06-19T14:30,1704.7,3,0.25,4461.67,-18.21,-0.41,4443.45,Signal Flip
1030,EMA_CONFIRMED_207_224,SHORT,2026-06-19T15:25,1697.89,2026-06-19T15:35,1707.63,2,0.17,4443.45,-25.5,-0.57,4417.95,Signal Flip
1031,EMA_CONFIRMED_207_224,SHORT,2026-06-19T16:55,1698.82,2026-06-19T17:35,1702.04,8,0.67,4417.95,-8.38,-0.19,4409.58,Signal Flip
1032,EMA_CONFIRMED_207_224,SHORT,2026-06-19T18:40,1697.97,2026-06-19T18:50,1702.99,2,0.17,4409.58,-13.04,-0.3,4396.54,Signal Flip
1033,EMA_CONFIRMED_207_224,SHORT,2026-06-19T19:20,1698.82,2026-06-19T19:50,1702.56,6,0.5,4396.54,-9.68,-0.22,4386.86,Signal Flip
1034,EMA_CONFIRMED_207_224,SHORT,2026-06-19T20:00,1700.36,2026-06-19T20:05,1703.46,1,0.08,4386.86,-8.0,-0.18,4378.86,Signal Flip
1035,EMA_CONFIRMED_207_224,SHORT,2026-06-19T20:20,1700.17,2026-06-19T20:30,1703.65,2,0.17,4378.86,-8.97,-0.2,4369.89,Signal Flip
1036,EMA_CONFIRMED_207_224,SHORT,2026-06-19T21:55,1700.97,2026-06-19T22:00,1702.87,1,0.08,4369.89,-4.89,-0.11,4365.0,Signal Flip
1037,EMA_CONFIRMED_207_224,SHORT,2026-06-19T22:05,1701.1,2026-06-19T22:10,1703.22,1,0.08,4365.0,-5.45,-0.12,4359.56,Signal Flip
1038,EMA_CONFIRMED_207_224,SHORT,2026-06-20T02:30,1703.65,2026-06-20T02:35,1708.54,1,0.08,4359.56,-12.53,-0.29,4347.03,Signal Flip
1039,EMA_CONFIRMED_207_224,LONG,2026-06-20T04:25,1711.13,2026-06-20T13:25,1714.81,108,9.0,4347.03,9.37,0.22,4356.39,Signal Flip
1040,EMA_CONFIRMED_207_224,LONG,2026-06-20T13:50,1720.38,2026-06-20T13:55,1715.75,1,0.08,4356.39,-11.72,-0.27,4344.68,Signal Flip
1041,EMA_CONFIRMED_207_224,LONG,2026-06-20T14:45,1720.77,2026-06-21T05:05,1731.16,172,14.33,4344.68,26.24,0.6,4370.92,Signal Flip
1042,EMA_CONFIRMED_207_224,LONG,2026-06-21T05:25,1735.12,2026-06-21T07:55,1731.38,30,2.5,4370.92,-9.4,-0.22,4361.51,Signal Flip
1043,EMA_CONFIRMED_207_224,LONG,2026-06-21T09:40,1734.3,2026-06-21T09:45,1730.51,1,0.08,4361.51,-9.51,-0.22,4352.0,Signal Flip
1044,EMA_CONFIRMED_207_224,LONG,2026-06-21T09:55,1733.84,2026-06-21T10:05,1731.4,2,0.17,4352.0,-6.11,-0.14,4345.9,Signal Flip
1045,EMA_CONFIRMED_207_224,LONG,2026-06-21T10:10,1735.19,2026-06-21T10:55,1731.66,9,0.75,4345.9,-8.82,-0.2,4337.07,Signal Flip
1046,EMA_CONFIRMED_207_224,LONG,2026-06-21T11:15,1733.4,2026-06-21T11:20,1721.88,1,0.08,4337.07,-28.82,-0.66,4308.25,Signal Flip
1047,EMA_CONFIRMED_207_224,LONG,2026-06-21T15:05,1731.03,2026-06-21T15:15,1728.2,2,0.17,4308.25,-7.04,-0.16,4301.21,Signal Flip
1048,EMA_CONFIRMED_207_224,LONG,2026-06-21T15:20,1730.92,2026-06-21T15:25,1728.3,1,0.08,4301.21,-6.51,-0.15,4294.7,Signal Flip
1049,EMA_CONFIRMED_207_224,LONG,2026-06-21T15:30,1732.5,2026-06-21T16:10,1727.39,8,0.67,4294.7,-12.67,-0.29,4282.03,Signal Flip
1050,EMA_CONFIRMED_207_224,LONG,2026-06-21T17:05,1730.85,2026-06-21T17:20,1727.21,3,0.25,4282.03,-9.03,-0.21,4273.01,Signal Flip
1051,EMA_CONFIRMED_207_224,SHORT,2026-06-21T17:40,1725.5,2026-06-21T18:35,1734.14,11,0.92,4273.01,-21.4,-0.5,4251.61,Signal Flip
1052,EMA_CONFIRMED_207_224,LONG,2026-06-21T19:05,1735.87,2026-06-21T20:20,1728.88,15,1.25,4251.61,-17.13,-0.4,4234.49,Signal Flip
1053,EMA_CONFIRMED_207_224,LONG,2026-06-21T20:25,1731.56,2026-06-21T20:35,1727.34,2,0.17,4234.49,-10.32,-0.24,4224.17,Signal Flip
1054,EMA_CONFIRMED_207_224,SHORT,2026-06-21T21:10,1704.77,2026-06-22T00:40,1729.29,42,3.5,4224.17,-60.77,-1.44,4163.39,Signal Flip
1055,EMA_CONFIRMED_207_224,SHORT,2026-06-22T00:50,1723.29,2026-06-22T01:00,1727.81,2,0.17,4163.39,-10.93,-0.26,4152.46,Signal Flip
1056,EMA_CONFIRMED_207_224,LONG,2026-06-22T03:20,1738.15,2026-06-22T15:50,1746.12,150,12.5,4152.46,19.04,0.46,4171.49,Signal Flip
1057,EMA_CONFIRMED_207_224,LONG,2026-06-22T18:10,1746.75,2026-06-22T18:20,1744.14,2,0.17,4171.49,-6.25,-0.15,4165.25,Signal Flip
1058,EMA_CONFIRMED_207_224,LONG,2026-06-22T18:25,1747.17,2026-06-22T18:30,1740.85,1,0.08,4165.25,-15.08,-0.36,4150.17,Signal Flip
1059,EMA_CONFIRMED_207_224,SHORT,2026-06-22T23:05,1724.62,2026-06-24T00:15,1672.01,302,25.17,4150.17,126.61,3.05,4276.78,Signal Flip
1060,EMA_CONFIRMED_207_224,SHORT,2026-06-24T00:25,1667.83,2026-06-24T00:40,1674.86,3,0.25,4276.78,-18.03,-0.42,4258.75,Signal Flip
1061,EMA_CONFIRMED_207_224,SHORT,2026-06-24T00:45,1669.9,2026-06-24T00:50,1673.11,1,0.08,4258.75,-8.16,-0.19,4250.58,Signal Flip
1062,EMA_CONFIRMED_207_224,SHORT,2026-06-24T01:05,1666.98,2026-06-24T01:15,1673.13,2,0.17,4250.58,-15.68,-0.37,4234.9,Signal Flip
1063,EMA_CONFIRMED_207_224,SHORT,2026-06-24T01:20,1665.78,2026-06-24T01:25,1672.18,1,0.08,4234.9,-16.27,-0.38,4218.63,Signal Flip
1064,EMA_CONFIRMED_207_224,SHORT,2026-06-24T02:05,1669.27,2026-06-24T02:15,1672.54,2,0.17,4218.63,-8.24,-0.2,4210.39,Signal Flip
1065,EMA_CONFIRMED_207_224,SHORT,2026-06-24T02:20,1667.1,2026-06-24T04:50,1670.79,30,2.5,4210.39,-9.34,-0.22,4201.05,Signal Flip
1066,EMA_CONFIRMED_207_224,SHORT,2026-06-24T04:55,1668.18,2026-06-24T05:05,1670.56,2,0.17,4201.05,-6.02,-0.14,4195.03,Signal Flip
1067,EMA_CONFIRMED_207_224,SHORT,2026-06-24T05:15,1668.55,2026-06-24T05:20,1672.84,1,0.08,4195.03,-10.79,-0.26,4184.24,Signal Flip
1068,EMA_CONFIRMED_207_224,SHORT,2026-06-24T08:20,1668.76,2026-06-24T08:25,1671.76,1,0.08,4184.24,-7.52,-0.18,4176.72,Signal Flip
1069,EMA_CONFIRMED_207_224,SHORT,2026-06-24T08:30,1669.54,2026-06-24T08:35,1674.39,1,0.08,4176.72,-12.11,-0.29,4164.61,Signal Flip
1070,EMA_CONFIRMED_207_224,SHORT,2026-06-24T09:05,1669.31,2026-06-24T11:45,1670.67,32,2.67,4164.61,-3.39,-0.08,4161.22,Signal Flip
1071,EMA_CONFIRMED_207_224,SHORT,2026-06-24T13:05,1664.14,2026-06-25T04:50,1627.79,189,15.75,4161.22,90.88,2.18,4252.09,Signal Flip
1072,EMA_CONFIRMED_207_224,SHORT,2026-06-25T10:55,1635.96,2026-06-25T11:15,1637.72,4,0.33,4252.09,-4.57,-0.11,4247.53,Signal Flip
1073,EMA_CONFIRMED_207_224,SHORT,2026-06-25T11:20,1632.11,2026-06-25T12:35,1636.83,15,1.25,4247.53,-12.27,-0.29,4235.26,Signal Flip
1074,EMA_CONFIRMED_207_224,SHORT,2026-06-25T13:00,1635.0,2026-06-25T13:05,1637.87,1,0.08,4235.26,-7.43,-0.18,4227.83,Signal Flip
1075,EMA_CONFIRMED_207_224,SHORT,2026-06-25T13:25,1634.09,2026-06-26T06:45,1573.27,208,17.33,4227.83,157.37,3.72,4385.21,Signal Flip
1076,EMA_CONFIRMED_207_224,SHORT,2026-06-26T08:35,1567.72,2026-06-26T14:00,1570.18,65,5.42,4385.21,-6.91,-0.16,4378.3,Signal Flip
1077,EMA_CONFIRMED_207_224,SHORT,2026-06-26T14:40,1556.41,2026-06-26T14:50,1566.91,2,0.17,4378.3,-29.54,-0.67,4348.76,Signal Flip
1078,EMA_CONFIRMED_207_224,SHORT,2026-06-26T14:55,1559.21,2026-06-26T15:05,1561.92,2,0.17,4348.76,-7.56,-0.17,4341.2,Signal Flip
1079,EMA_CONFIRMED_207_224,SHORT,2026-06-26T20:45,1567.86,2026-06-26T20:50,1570.98,1,0.08,4341.2,-8.64,-0.2,4332.56,Signal Flip
1080,EMA_CONFIRMED_207_224,SHORT,2026-06-26T21:05,1567.93,2026-06-26T21:10,1572.61,1,0.08,4332.56,-12.93,-0.3,4319.63,Signal Flip
1081,EMA_CONFIRMED_207_224,LONG,2026-06-27T00:20,1579.84,2026-06-27T19:25,1585.77,229,19.08,4319.63,16.21,0.38,4335.84,Signal Flip
1082,EMA_CONFIRMED_207_224,SHORT,2026-06-28T01:30,1574.77,2026-06-28T08:40,1584.22,86,7.17,4335.84,-26.02,-0.6,4309.82,Signal Flip
1083,EMA_CONFIRMED_207_224,SHORT,2026-06-28T10:25,1575.69,2026-06-28T11:05,1580.46,8,0.67,4309.82,-13.04,-0.3,4296.78,Signal Flip
1084,EMA_CONFIRMED_207_224,SHORT,2026-06-28T11:10,1575.36,2026-06-28T11:20,1579.16,2,0.17,4296.78,-10.36,-0.24,4286.42,Signal Flip
1085,EMA_CONFIRMED_207_224,SHORT,2026-06-28T13:05,1575.07,2026-06-28T13:15,1581.07,2,0.17,4286.42,-16.32,-0.38,4270.1,Signal Flip
1086,EMA_CONFIRMED_207_224,SHORT,2026-06-28T15:55,1578.06,2026-06-28T16:00,1581.69,1,0.08,4270.1,-9.82,-0.23,4260.28,Signal Flip
1087,EMA_CONFIRMED_207_224,SHORT,2026-06-28T16:10,1577.57,2026-06-28T16:20,1580.42,2,0.17,4260.28,-7.69,-0.18,4252.58,Signal Flip
1088,EMA_CONFIRMED_207_224,SHORT,2026-06-28T16:25,1576.56,2026-06-28T22:05,1577.93,68,5.67,4252.58,-3.69,-0.09,4248.89,Signal Flip
1089,EMA_CONFIRMED_207_224,SHORT,2026-06-28T22:10,1573.58,2026-06-28T23:35,1575.38,17,1.42,4248.89,-4.85,-0.11,4244.05,Signal Flip
1090,EMA_CONFIRMED_207_224,SHORT,2026-06-28T23:55,1572.02,2026-06-29T01:00,1574.32,13,1.08,4244.05,-6.19,-0.15,4237.86,Signal Flip
1091,EMA_CONFIRMED_207_224,SHORT,2026-06-29T01:05,1565.58,2026-06-29T01:45,1573.02,8,0.67,4237.86,-20.14,-0.48,4217.72,Signal Flip
1092,EMA_CONFIRMED_207_224,SHORT,2026-06-29T01:55,1569.6,2026-06-29T02:30,1573.86,7,0.58,4217.72,-11.42,-0.27,4206.29,Signal Flip
1093,EMA_CONFIRMED_207_224,SHORT,2026-06-29T02:35,1570.38,2026-06-29T02:40,1574.26,1,0.08,4206.29,-10.37,-0.25,4195.92,Signal Flip
1094,EMA_CONFIRMED_207_224,SHORT,2026-06-29T05:05,1568.94,2026-06-29T05:35,1574.43,6,0.5,4195.92,-14.69,-0.35,4181.24,Signal Flip
1095,EMA_CONFIRMED_207_224,SHORT,2026-06-29T05:40,1571.83,2026-06-29T05:45,1578.82,1,0.08,4181.24,-18.58,-0.44,4162.65,Signal Flip
1096,EMA_CONFIRMED_207_224,LONG,2026-06-29T07:35,1581.03,2026-06-29T08:30,1572.75,11,0.92,4162.65,-21.79,-0.52,4140.86,Signal Flip
1097,EMA_CONFIRMED_207_224,LONG,2026-06-29T09:20,1577.89,2026-06-29T09:25,1573.41,1,0.08,4140.86,-11.75,-0.28,4129.12,Signal Flip
1098,EMA_CONFIRMED_207_224,LONG,2026-06-29T09:30,1577.51,2026-06-29T09:40,1573.64,2,0.17,4129.12,-10.12,-0.25,4119.0,Signal Flip
1099,EMA_CONFIRMED_207_224,LONG,2026-06-29T09:50,1576.71,2026-06-29T09:55,1574.2,1,0.08,4119.0,-6.55,-0.16,4112.45,Signal Flip
1100,EMA_CONFIRMED_207_224,LONG,2026-06-29T10:00,1576.99,2026-06-29T11:15,1572.36,15,1.25,4112.45,-12.06,-0.29,4100.39,Signal Flip
1101,EMA_CONFIRMED_207_224,LONG,2026-06-29T12:05,1581.27,2026-06-29T12:40,1573.53,7,0.58,4100.39,-20.06,-0.49,4080.33,Signal Flip
1102,EMA_CONFIRMED_207_224,LONG,2026-06-29T13:05,1582.62,2026-06-29T13:30,1574.45,5,0.42,4080.33,-21.06,-0.52,4059.27,Signal Flip
1103,EMA_CONFIRMED_207_224,LONG,2026-06-29T13:35,1583.67,2026-06-29T13:40,1572.18,1,0.08,4059.27,-29.45,-0.73,4029.82,Signal Flip
1104,EMA_CONFIRMED_207_224,SHORT,2026-06-29T15:10,1566.24,2026-06-29T15:40,1581.91,6,0.5,4029.82,-40.33,-1.0,3989.49,Signal Flip
1105,EMA_CONFIRMED_207_224,LONG,2026-06-29T16:05,1581.09,2026-06-29T16:30,1574.14,5,0.42,3989.49,-17.53,-0.44,3971.96,Signal Flip
1106,EMA_CONFIRMED_207_224,LONG,2026-06-29T16:35,1577.95,2026-06-30T00:35,1597.43,96,8.0,3971.96,49.04,1.23,4021.0,Signal Flip
1107,EMA_CONFIRMED_207_224,SHORT,2026-06-30T11:00,1583.73,2026-06-30T18:20,1580.83,88,7.33,4021.0,7.36,0.18,4028.36,Signal Flip
1108,EMA_CONFIRMED_207_224,SHORT,2026-06-30T18:25,1573.33,2026-06-30T18:50,1580.21,5,0.42,4028.36,-17.61,-0.44,4010.75,Signal Flip
1109,EMA_CONFIRMED_207_224,SHORT,2026-06-30T19:15,1577.77,2026-06-30T19:35,1581.62,4,0.33,4010.75,-9.79,-0.24,4000.97,Signal Flip
1110,EMA_CONFIRMED_207_224,SHORT,2026-06-30T20:20,1577.91,2026-06-30T23:55,1572.8,43,3.58,4000.97,12.97,0.32,4013.94,End of Period Settlement
