trade_id,strategy,direction,entry_time,entry_price,exit_time,exit_price,duration_bars,duration_hours,invested_usd,realized_pnl_usd,realized_pnl_pct,portfolio_after,exit_reason
1,5M_EMA_CONFIRMED_100_200,LONG,2026-01-01T16:40,2985.67,2026-01-01T16:45,2980.29,1,0.08,10000.0,-18.03,-0.18,9981.97,Signal Flip
2,5M_EMA_CONFIRMED_100_200,LONG,2026-01-01T17:05,2985.56,2026-01-01T17:10,2982.01,1,0.08,9981.97,-11.88,-0.12,9970.09,Signal Flip
3,5M_EMA_CONFIRMED_100_200,LONG,2026-01-01T17:15,2987.05,2026-01-01T21:45,2986.75,54,4.5,9970.09,-1.02,-0.01,9969.06,Signal Flip
4,5M_EMA_CONFIRMED_100_200,LONG,2026-01-01T21:50,2990.23,2026-01-02T02:25,2992.96,55,4.58,9969.06,9.1,0.09,9978.16,Signal Flip
5,5M_EMA_CONFIRMED_100_200,LONG,2026-01-02T02:35,2998.47,2026-01-02T14:20,3030.46,141,11.75,9978.16,106.47,1.07,10084.63,Signal Flip
6,5M_EMA_CONFIRMED_100_200,LONG,2026-01-02T14:40,3049.5,2026-01-03T03:25,3119.5,153,12.75,10084.63,231.47,2.3,10316.11,Signal Flip
7,5M_EMA_CONFIRMED_100_200,LONG,2026-01-03T03:40,3124.23,2026-01-03T04:15,3118.23,7,0.58,10316.11,-19.82,-0.19,10296.29,Signal Flip
8,5M_EMA_CONFIRMED_100_200,LONG,2026-01-03T04:25,3124.38,2026-01-03T04:30,3120.12,1,0.08,10296.29,-14.05,-0.14,10282.25,Signal Flip
9,5M_EMA_CONFIRMED_100_200,LONG,2026-01-03T09:35,3110.13,2026-01-03T09:40,3103.92,1,0.08,10282.25,-20.55,-0.2,10261.69,Signal Flip
10,5M_EMA_CONFIRMED_100_200,LONG,2026-01-03T09:45,3109.05,2026-01-03T09:50,3102.61,1,0.08,10261.69,-21.27,-0.21,10240.42,Signal Flip
11,5M_EMA_CONFIRMED_100_200,LONG,2026-01-03T12:50,3105.25,2026-01-03T12:55,3100.75,1,0.08,10240.42,-14.85,-0.15,10225.57,Signal Flip
12,5M_EMA_CONFIRMED_100_200,LONG,2026-01-03T13:00,3106.59,2026-01-03T13:15,3099.52,3,0.25,10225.57,-23.28,-0.23,10202.29,Signal Flip
13,5M_EMA_CONFIRMED_100_200,LONG,2026-01-03T13:20,3106.31,2026-01-03T15:05,3101.08,21,1.75,10202.29,-17.19,-0.17,10185.1,Signal Flip
14,5M_EMA_CONFIRMED_100_200,LONG,2026-01-03T15:25,3105.25,2026-01-03T16:00,3099.77,7,0.58,10185.1,-17.98,-0.18,10167.11,Signal Flip
15,5M_EMA_CONFIRMED_100_200,LONG,2026-01-03T16:20,3107.05,2026-01-03T16:25,3099.9,1,0.08,10167.11,-23.41,-0.23,10143.71,Signal Flip
16,5M_EMA_CONFIRMED_100_200,LONG,2026-01-03T16:35,3109.11,2026-01-03T20:10,3106.33,43,3.58,10143.71,-9.1,-0.09,10134.61,Signal Flip
17,5M_EMA_CONFIRMED_100_200,LONG,2026-01-03T20:15,3109.83,2026-01-04T06:45,3140.43,126,10.5,10134.61,99.71,0.98,10234.32,Signal Flip
18,5M_EMA_CONFIRMED_100_200,LONG,2026-01-04T06:55,3146.32,2026-01-04T07:00,3138.43,1,0.08,10234.32,-25.67,-0.25,10208.64,Signal Flip
19,5M_EMA_CONFIRMED_100_200,LONG,2026-01-04T07:05,3145.33,2026-01-04T07:20,3139.92,3,0.25,10208.64,-17.57,-0.17,10191.08,Signal Flip
20,5M_EMA_CONFIRMED_100_200,LONG,2026-01-04T07:45,3144.82,2026-01-04T07:55,3138.46,2,0.17,10191.08,-20.62,-0.2,10170.46,Signal Flip
21,5M_EMA_CONFIRMED_100_200,LONG,2026-01-04T09:20,3145.42,2026-01-04T09:25,3134.19,1,0.08,10170.46,-36.31,-0.36,10134.15,Signal Flip
22,5M_EMA_CONFIRMED_100_200,LONG,2026-01-04T09:35,3141.95,2026-01-04T11:10,3139.5,19,1.58,10134.15,-7.9,-0.08,10126.24,Signal Flip
23,5M_EMA_CONFIRMED_100_200,LONG,2026-01-04T12:30,3146.12,2026-01-04T12:40,3137.87,2,0.17,10126.24,-26.56,-0.26,10099.68,Signal Flip
24,5M_EMA_CONFIRMED_100_200,LONG,2026-01-04T13:55,3141.65,2026-01-04T14:05,3136.7,2,0.17,10099.68,-15.91,-0.16,10083.77,Signal Flip
25,5M_EMA_CONFIRMED_100_200,LONG,2026-01-04T14:10,3142.5,2026-01-04T14:20,3136.93,2,0.17,10083.77,-17.87,-0.18,10065.9,Signal Flip
26,5M_EMA_CONFIRMED_100_200,LONG,2026-01-04T16:35,3140.58,2026-01-04T16:40,3135.91,1,0.08,10065.9,-14.96,-0.15,10050.94,Signal Flip
27,5M_EMA_CONFIRMED_100_200,LONG,2026-01-04T16:55,3139.66,2026-01-04T17:15,3135.24,4,0.33,10050.94,-14.14,-0.14,10036.8,Signal Flip
28,5M_EMA_CONFIRMED_100_200,LONG,2026-01-04T17:25,3140.66,2026-01-04T17:30,3136.17,1,0.08,10036.8,-14.34,-0.14,10022.45,Signal Flip
29,5M_EMA_CONFIRMED_100_200,LONG,2026-01-04T17:35,3141.48,2026-01-04T17:55,3136.32,4,0.33,10022.45,-16.46,-0.16,10006.0,Signal Flip
30,5M_EMA_CONFIRMED_100_200,SHORT,2026-01-04T20:00,3131.15,2026-01-04T20:10,3137.18,2,0.17,10006.0,-19.25,-0.19,9986.74,Signal Flip
31,5M_EMA_CONFIRMED_100_200,LONG,2026-01-04T20:15,3140.27,2026-01-04T22:40,3136.43,29,2.42,9986.74,-12.21,-0.12,9974.54,Signal Flip
32,5M_EMA_CONFIRMED_100_200,LONG,2026-01-04T22:50,3141.21,2026-01-04T22:55,3136.12,1,0.08,9974.54,-16.16,-0.16,9958.38,Signal Flip
33,5M_EMA_CONFIRMED_100_200,LONG,2026-01-04T23:00,3140.94,2026-01-04T23:45,3137.38,9,0.75,9958.38,-11.28,-0.11,9947.09,Signal Flip
34,5M_EMA_CONFIRMED_100_200,LONG,2026-01-04T23:55,3142.6,2026-01-05T04:30,3163.68,55,4.58,9947.09,66.71,0.67,10013.81,Signal Flip
35,5M_EMA_CONFIRMED_100_200,LONG,2026-01-05T08:15,3166.28,2026-01-05T08:40,3159.08,5,0.42,10013.81,-22.78,-0.23,9991.03,Signal Flip
36,5M_EMA_CONFIRMED_100_200,LONG,2026-01-05T08:50,3165.07,2026-01-05T09:05,3158.72,3,0.25,9991.03,-20.05,-0.2,9970.98,Signal Flip
37,5M_EMA_CONFIRMED_100_200,LONG,2026-01-05T09:25,3164.28,2026-01-05T09:30,3160.74,1,0.08,9970.98,-11.16,-0.11,9959.82,Signal Flip
38,5M_EMA_CONFIRMED_100_200,LONG,2026-01-05T09:35,3165.87,2026-01-05T12:45,3166.35,38,3.17,9959.82,1.49,0.01,9961.31,Signal Flip
39,5M_EMA_CONFIRMED_100_200,LONG,2026-01-05T12:50,3171.45,2026-01-05T13:20,3160.25,6,0.5,9961.31,-35.2,-0.35,9926.11,Signal Flip
40,5M_EMA_CONFIRMED_100_200,LONG,2026-01-05T14:45,3171.05,2026-01-05T14:50,3156.14,1,0.08,9926.11,-46.68,-0.47,9879.43,Signal Flip
41,5M_EMA_CONFIRMED_100_200,LONG,2026-01-05T14:55,3170.28,2026-01-05T15:05,3162.18,2,0.17,9879.43,-25.26,-0.26,9854.17,Signal Flip
42,5M_EMA_CONFIRMED_100_200,LONG,2026-01-05T15:20,3172.29,2026-01-05T15:25,3158.77,1,0.08,9854.17,-41.98,-0.43,9812.18,Signal Flip
43,5M_EMA_CONFIRMED_100_200,LONG,2026-01-05T15:30,3166.37,2026-01-05T17:25,3163.58,23,1.92,9812.18,-8.66,-0.09,9803.52,Signal Flip
44,5M_EMA_CONFIRMED_100_200,LONG,2026-01-05T17:35,3176.49,2026-01-06T00:15,3215.63,80,6.67,9803.52,120.81,1.23,9924.33,Signal Flip
45,5M_EMA_CONFIRMED_100_200,LONG,2026-01-06T00:30,3222.8,2026-01-06T00:35,3206.97,1,0.08,9924.33,-48.76,-0.49,9875.57,Signal Flip
46,5M_EMA_CONFIRMED_100_200,LONG,2026-01-06T01:05,3222.93,2026-01-06T01:55,3216.38,10,0.83,9875.57,-20.07,-0.2,9855.5,Signal Flip
47,5M_EMA_CONFIRMED_100_200,LONG,2026-01-06T03:15,3221.47,2026-01-06T03:25,3216.93,2,0.17,9855.5,-13.89,-0.14,9841.61,Signal Flip
48,5M_EMA_CONFIRMED_100_200,LONG,2026-01-06T03:30,3225.89,2026-01-06T05:35,3219.95,25,2.08,9841.61,-18.13,-0.18,9823.48,Signal Flip
49,5M_EMA_CONFIRMED_100_200,LONG,2026-01-06T05:50,3223.58,2026-01-06T05:55,3219.04,1,0.08,9823.48,-13.84,-0.14,9809.64,Signal Flip
50,5M_EMA_CONFIRMED_100_200,LONG,2026-01-06T06:05,3225.18,2026-01-06T06:10,3217.85,1,0.08,9809.64,-22.3,-0.23,9787.34,Signal Flip
51,5M_EMA_CONFIRMED_100_200,LONG,2026-01-06T06:15,3225.44,2026-01-06T06:20,3217.08,1,0.08,9787.34,-25.37,-0.26,9761.97,Signal Flip
52,5M_EMA_CONFIRMED_100_200,LONG,2026-01-06T06:30,3226.14,2026-01-06T07:25,3223.04,11,0.92,9761.97,-9.39,-0.1,9752.58,Signal Flip
53,5M_EMA_CONFIRMED_100_200,LONG,2026-01-06T08:10,3228.33,2026-01-06T08:15,3219.97,1,0.08,9752.58,-25.27,-0.26,9727.31,Signal Flip
54,5M_EMA_CONFIRMED_100_200,LONG,2026-01-06T09:05,3225.2,2026-01-06T09:10,3220.16,1,0.08,9727.31,-15.21,-0.16,9712.1,Signal Flip
55,5M_EMA_CONFIRMED_100_200,LONG,2026-01-06T09:20,3229.51,2026-01-06T09:35,3219.7,3,0.25,9712.1,-29.52,-0.3,9682.58,Signal Flip
56,5M_EMA_CONFIRMED_100_200,LONG,2026-01-06T09:55,3226.9,2026-01-06T10:00,3221.39,1,0.08,9682.58,-16.55,-0.17,9666.04,Signal Flip
57,5M_EMA_CONFIRMED_100_200,LONG,2026-01-06T10:05,3227.92,2026-01-06T16:30,3247.2,77,6.42,9666.04,57.71,0.6,9723.75,Signal Flip
58,5M_EMA_CONFIRMED_100_200,LONG,2026-01-06T17:00,3253.59,2026-01-06T17:10,3247.68,2,0.17,9723.75,-17.66,-0.18,9706.09,Signal Flip
59,5M_EMA_CONFIRMED_100_200,LONG,2026-01-06T17:25,3253.25,2026-01-06T17:30,3247.19,1,0.08,9706.09,-18.08,-0.19,9688.0,Signal Flip
60,5M_EMA_CONFIRMED_100_200,LONG,2026-01-06T17:40,3258.43,2026-01-06T17:45,3239.37,1,0.08,9688.0,-56.67,-0.58,9631.34,Signal Flip
61,5M_EMA_CONFIRMED_100_200,LONG,2026-01-06T20:20,3242.21,2026-01-07T01:00,3256.37,56,4.67,9631.34,42.07,0.44,9673.4,Signal Flip
62,5M_EMA_CONFIRMED_100_200,LONG,2026-01-07T01:05,3267.98,2026-01-07T01:20,3249.25,3,0.25,9673.4,-55.44,-0.57,9617.97,Signal Flip
63,5M_EMA_CONFIRMED_100_200,LONG,2026-01-07T02:40,3264.35,2026-01-07T04:20,3261.82,20,1.67,9617.97,-7.46,-0.08,9610.5,Signal Flip
64,5M_EMA_CONFIRMED_100_200,LONG,2026-01-07T04:25,3265.68,2026-01-07T04:30,3261.33,1,0.08,9610.5,-12.81,-0.13,9597.69,Signal Flip
65,5M_EMA_CONFIRMED_100_200,LONG,2026-01-07T07:20,3261.94,2026-01-07T07:35,3256.38,3,0.25,9597.69,-16.36,-0.17,9581.33,Signal Flip
66,5M_EMA_CONFIRMED_100_200,LONG,2026-01-07T07:40,3262.31,2026-01-07T07:45,3254.19,1,0.08,9581.33,-23.84,-0.25,9557.49,Signal Flip
67,5M_EMA_CONFIRMED_100_200,LONG,2026-01-07T08:10,3263.07,2026-01-07T08:15,3256.61,1,0.08,9557.49,-18.92,-0.2,9538.57,Signal Flip
68,5M_EMA_CONFIRMED_100_200,LONG,2026-01-07T08:20,3261.99,2026-01-07T08:25,3255.18,1,0.08,9538.57,-19.91,-0.21,9518.66,Signal Flip
69,5M_EMA_CONFIRMED_100_200,SHORT,2026-01-07T09:50,3205.16,2026-01-07T23:20,3175.35,162,13.5,9518.66,88.53,0.93,9607.19,Signal Flip
70,5M_EMA_CONFIRMED_100_200,SHORT,2026-01-08T00:20,3156.92,2026-01-08T00:40,3165.55,4,0.33,9607.19,-26.27,-0.27,9580.92,Signal Flip
71,5M_EMA_CONFIRMED_100_200,SHORT,2026-01-08T02:25,3162.87,2026-01-08T02:30,3171.03,1,0.08,9580.92,-24.74,-0.26,9556.18,Signal Flip
72,5M_EMA_CONFIRMED_100_200,SHORT,2026-01-08T02:35,3164.11,2026-01-08T05:05,3161.58,30,2.5,9556.18,7.63,0.08,9563.82,Signal Flip
73,5M_EMA_CONFIRMED_100_200,SHORT,2026-01-08T05:15,3155.07,2026-01-08T16:45,3111.28,138,11.5,9563.82,132.73,1.39,9696.55,Signal Flip
74,5M_EMA_CONFIRMED_100_200,SHORT,2026-01-08T20:00,3109.97,2026-01-08T21:05,3113.42,13,1.08,9696.55,-10.73,-0.11,9685.82,Signal Flip
75,5M_EMA_CONFIRMED_100_200,SHORT,2026-01-08T21:20,3108.24,2026-01-08T21:35,3113.83,3,0.25,9685.82,-17.42,-0.18,9668.39,Signal Flip
76,5M_EMA_CONFIRMED_100_200,SHORT,2026-01-08T22:40,3108.13,2026-01-08T22:50,3117.41,2,0.17,9668.39,-28.88,-0.3,9639.52,Signal Flip
77,5M_EMA_CONFIRMED_100_200,SHORT,2026-01-08T23:35,3109.75,2026-01-09T00:45,3114.88,14,1.17,9639.52,-15.88,-0.16,9623.64,Signal Flip
78,5M_EMA_CONFIRMED_100_200,SHORT,2026-01-09T01:25,3105.01,2026-01-09T01:30,3140.95,1,0.08,9623.64,-111.4,-1.16,9512.24,Signal Flip
79,5M_EMA_CONFIRMED_100_200,SHORT,2026-01-09T01:35,3107.31,2026-01-09T02:10,3123.62,7,0.58,9512.24,-49.95,-0.53,9462.29,Signal Flip
80,5M_EMA_CONFIRMED_100_200,SHORT,2026-01-09T02:50,3109.7,2026-01-09T03:10,3116.45,4,0.33,9462.29,-20.52,-0.22,9441.77,Signal Flip
81,5M_EMA_CONFIRMED_100_200,SHORT,2026-01-09T03:25,3107.48,2026-01-09T03:40,3117.91,3,0.25,9441.77,-31.7,-0.34,9410.07,Signal Flip
82,5M_EMA_CONFIRMED_100_200,SHORT,2026-01-09T07:35,3113.45,2026-01-09T07:40,3118.37,1,0.08,9410.07,-14.86,-0.16,9395.22,Signal Flip
83,5M_EMA_CONFIRMED_100_200,SHORT,2026-01-09T07:45,3114.11,2026-01-09T07:55,3118.84,2,0.17,9395.22,-14.26,-0.15,9380.96,Signal Flip
84,5M_EMA_CONFIRMED_100_200,SHORT,2026-01-09T08:00,3109.65,2026-01-09T13:35,3104.1,67,5.58,9380.96,16.75,0.18,9397.71,Signal Flip
85,5M_EMA_CONFIRMED_100_200,SHORT,2026-01-09T13:45,3093.84,2026-01-09T13:55,3102.23,2,0.17,9397.71,-25.48,-0.27,9372.23,Signal Flip
86,5M_EMA_CONFIRMED_100_200,SHORT,2026-01-09T14:00,3097.01,2026-01-09T15:25,3110.64,17,1.42,9372.23,-41.26,-0.44,9330.97,Signal Flip
87,5M_EMA_CONFIRMED_100_200,SHORT,2026-01-09T18:20,3096.32,2026-01-09T23:35,3093.75,63,5.25,9330.97,7.76,0.08,9338.73,Signal Flip
88,5M_EMA_CONFIRMED_100_200,SHORT,2026-01-09T23:40,3089.24,2026-01-10T01:45,3091.95,25,2.08,9338.73,-8.16,-0.09,9330.57,Signal Flip
89,5M_EMA_CONFIRMED_100_200,SHORT,2026-01-10T01:55,3087.92,2026-01-10T02:00,3091.67,1,0.08,9330.57,-11.33,-0.12,9319.24,Signal Flip
90,5M_EMA_CONFIRMED_100_200,SHORT,2026-01-10T02:35,3086.84,2026-01-10T05:45,3088.68,38,3.17,9319.24,-5.58,-0.06,9313.66,Signal Flip
91,5M_EMA_CONFIRMED_100_200,SHORT,2026-01-10T05:55,3085.19,2026-01-10T06:05,3088.52,2,0.17,9313.66,-10.07,-0.11,9303.59,Signal Flip
92,5M_EMA_CONFIRMED_100_200,SHORT,2026-01-10T06:20,3082.46,2026-01-10T06:30,3088.43,2,0.17,9303.59,-18.04,-0.19,9285.55,Signal Flip
93,5M_EMA_CONFIRMED_100_200,SHORT,2026-01-10T08:35,3086.38,2026-01-10T08:40,3090.51,1,0.08,9285.55,-12.45,-0.13,9273.1,Signal Flip
94,5M_EMA_CONFIRMED_100_200,LONG,2026-01-10T11:35,3099.19,2026-01-10T14:30,3092.65,35,2.92,9273.1,-19.56,-0.21,9253.54,Signal Flip
95,5M_EMA_CONFIRMED_100_200,LONG,2026-01-10T15:05,3096.19,2026-01-10T15:25,3091.96,4,0.33,9253.54,-12.62,-0.14,9240.92,Signal Flip
96,5M_EMA_CONFIRMED_100_200,LONG,2026-01-10T15:35,3096.34,2026-01-10T16:20,3090.94,9,0.75,9240.92,-16.1,-0.17,9224.82,Signal Flip
97,5M_EMA_CONFIRMED_100_200,LONG,2026-01-10T16:30,3095.95,2026-01-10T17:55,3092.45,17,1.42,9224.82,-10.41,-0.11,9214.41,Signal Flip
98,5M_EMA_CONFIRMED_100_200,SHORT,2026-01-10T20:50,3088.18,2026-01-11T00:25,3092.7,43,3.58,9214.41,-13.49,-0.15,9200.92,Signal Flip
99,5M_EMA_CONFIRMED_100_200,SHORT,2026-01-11T00:45,3086.43,2026-01-11T00:50,3092.35,1,0.08,9200.92,-17.65,-0.19,9183.28,Signal Flip
100,5M_EMA_CONFIRMED_100_200,SHORT,2026-01-11T01:25,3088.1,2026-01-11T01:30,3093.58,1,0.08,9183.28,-16.3,-0.18,9166.98,Signal Flip
101,5M_EMA_CONFIRMED_100_200,LONG,2026-01-11T04:00,3098.33,2026-01-11T06:20,3091.48,28,2.33,9166.98,-20.25,-0.22,9146.73,Signal Flip
102,5M_EMA_CONFIRMED_100_200,LONG,2026-01-11T06:50,3096.51,2026-01-11T07:40,3092.29,10,0.83,9146.73,-12.45,-0.14,9134.28,Signal Flip
103,5M_EMA_CONFIRMED_100_200,LONG,2026-01-11T07:45,3096.18,2026-01-11T08:05,3092.2,4,0.33,9134.28,-11.72,-0.13,9122.55,Signal Flip
104,5M_EMA_CONFIRMED_100_200,LONG,2026-01-11T08:15,3096.87,2026-01-11T20:05,3118.07,142,11.83,9122.55,62.46,0.68,9185.01,Signal Flip
105,5M_EMA_CONFIRMED_100_200,LONG,2026-01-11T21:50,3120.61,2026-01-11T22:05,3110.34,3,0.25,9185.01,-30.21,-0.33,9154.79,Signal Flip
106,5M_EMA_CONFIRMED_100_200,LONG,2026-01-11T23:20,3126.11,2026-01-11T23:25,3113.19,1,0.08,9154.79,-37.84,-0.41,9116.96,Signal Flip
107,5M_EMA_CONFIRMED_100_200,LONG,2026-01-11T23:45,3122.46,2026-01-12T00:05,3114.21,4,0.33,9116.96,-24.08,-0.26,9092.88,Signal Flip
108,5M_EMA_CONFIRMED_100_200,LONG,2026-01-12T00:20,3126.08,2026-01-12T00:35,3114.1,3,0.25,9092.88,-34.85,-0.38,9058.03,Signal Flip
109,5M_EMA_CONFIRMED_100_200,LONG,2026-01-12T01:00,3121.46,2026-01-12T07:40,3145.28,80,6.67,9058.03,69.11,0.76,9127.14,Signal Flip
110,5M_EMA_CONFIRMED_100_200,SHORT,2026-01-12T11:45,3112.2,2026-01-12T15:25,3119.93,44,3.67,9127.14,-22.66,-0.25,9104.48,Signal Flip
111,5M_EMA_CONFIRMED_100_200,SHORT,2026-01-12T17:25,3118.94,2026-01-12T18:30,3120.22,13,1.08,9104.48,-3.74,-0.04,9100.75,Signal Flip
112,5M_EMA_CONFIRMED_100_200,SHORT,2026-01-12T18:35,3102.76,2026-01-12T19:40,3117.38,13,1.08,9100.75,-42.88,-0.47,9057.87,Signal Flip
113,5M_EMA_CONFIRMED_100_200,SHORT,2026-01-12T19:45,3113.7,2026-01-12T19:55,3122.62,2,0.17,9057.87,-25.94,-0.29,9031.92,Signal Flip
114,5M_EMA_CONFIRMED_100_200,SHORT,2026-01-12T20:20,3114.09,2026-01-13T00:25,3106.87,49,4.08,9031.92,20.94,0.23,9052.86,Signal Flip
115,5M_EMA_CONFIRMED_100_200,SHORT,2026-01-13T00:30,3101.77,2026-01-13T00:35,3106.9,1,0.08,9052.86,-14.99,-0.17,9037.88,Signal Flip
116,5M_EMA_CONFIRMED_100_200,SHORT,2026-01-13T00:40,3101.82,2026-01-13T00:50,3108.16,2,0.17,9037.88,-18.49,-0.2,9019.39,Signal Flip
117,5M_EMA_CONFIRMED_100_200,SHORT,2026-01-13T01:30,3100.94,2026-01-13T02:05,3107.92,7,0.58,9019.39,-20.31,-0.23,8999.07,Signal Flip
118,5M_EMA_CONFIRMED_100_200,SHORT,2026-01-13T02:10,3101.66,2026-01-13T02:35,3106.19,5,0.42,8999.07,-13.15,-0.15,8985.92,Signal Flip
119,5M_EMA_CONFIRMED_100_200,SHORT,2026-01-13T02:40,3099.96,2026-01-13T02:55,3106.17,3,0.25,8985.92,-18.01,-0.2,8967.91,Signal Flip
120,5M_EMA_CONFIRMED_100_200,SHORT,2026-01-13T03:00,3099.89,2026-01-13T03:15,3111.15,3,0.25,8967.91,-32.59,-0.36,8935.32,Signal Flip
121,5M_EMA_CONFIRMED_100_200,LONG,2026-01-13T05:45,3137.56,2026-01-14T10:25,3312.0,344,28.67,8935.32,496.79,5.56,9432.11,Signal Flip
122,5M_EMA_CONFIRMED_100_200,LONG,2026-01-14T14:10,3312.41,2026-01-14T18:35,3327.47,53,4.42,9432.11,42.88,0.45,9475.0,Signal Flip
123,5M_EMA_CONFIRMED_100_200,LONG,2026-01-14T18:55,3341.5,2026-01-14T22:40,3348.66,45,3.75,9475.0,20.32,0.21,9495.31,Signal Flip
124,5M_EMA_CONFIRMED_100_200,LONG,2026-01-14T22:50,3361.67,2026-01-14T22:55,3349.67,1,0.08,9495.31,-33.88,-0.36,9461.43,Signal Flip
125,5M_EMA_CONFIRMED_100_200,LONG,2026-01-14T23:05,3359.72,2026-01-14T23:35,3352.2,6,0.5,9461.43,-21.17,-0.22,9440.26,Signal Flip
126,5M_EMA_CONFIRMED_100_200,LONG,2026-01-14T23:50,3358.01,2026-01-15T00:00,3353.24,2,0.17,9440.26,-13.4,-0.14,9426.87,Signal Flip
127,5M_EMA_CONFIRMED_100_200,SHORT,2026-01-15T04:00,3284.92,2026-01-15T06:20,3324.2,28,2.33,9426.87,-112.74,-1.2,9314.13,Signal Flip
128,5M_EMA_CONFIRMED_100_200,SHORT,2026-01-15T06:30,3318.47,2026-01-15T07:20,3323.75,10,0.83,9314.13,-14.82,-0.16,9299.31,Signal Flip
129,5M_EMA_CONFIRMED_100_200,SHORT,2026-01-15T08:30,3320.48,2026-01-15T08:40,3327.77,2,0.17,9299.31,-20.43,-0.22,9278.88,Signal Flip
130,5M_EMA_CONFIRMED_100_200,LONG,2026-01-15T09:55,3374.39,2026-01-15T14:40,3342.24,57,4.75,9278.88,-88.4,-0.95,9190.48,Signal Flip
131,5M_EMA_CONFIRMED_100_200,LONG,2026-01-15T14:55,3356.94,2026-01-15T15:00,3340.63,1,0.08,9190.48,-44.65,-0.49,9145.83,Signal Flip
132,5M_EMA_CONFIRMED_100_200,LONG,2026-01-15T15:10,3356.49,2026-01-15T15:15,3348.57,1,0.08,9145.83,-21.56,-0.24,9124.27,Signal Flip
133,5M_EMA_CONFIRMED_100_200,SHORT,2026-01-15T18:00,3299.81,2026-01-15T22:35,3312.93,55,4.58,9124.27,-36.27,-0.4,9088.0,Signal Flip
134,5M_EMA_CONFIRMED_100_200,SHORT,2026-01-15T22:55,3304.87,2026-01-15T23:15,3313.33,4,0.33,9088.0,-23.26,-0.26,9064.74,Signal Flip
135,5M_EMA_CONFIRMED_100_200,SHORT,2026-01-16T01:10,3304.83,2026-01-16T01:35,3319.6,5,0.42,9064.74,-40.52,-0.45,9024.22,Signal Flip
136,5M_EMA_CONFIRMED_100_200,SHORT,2026-01-16T02:05,3302.36,2026-01-16T05:40,3306.69,43,3.58,9024.22,-11.84,-0.13,9012.38,Signal Flip
137,5M_EMA_CONFIRMED_100_200,SHORT,2026-01-16T06:20,3301.51,2026-01-16T06:25,3309.49,1,0.08,9012.38,-21.8,-0.24,8990.58,Signal Flip
138,5M_EMA_CONFIRMED_100_200,SHORT,2026-01-16T07:40,3302.33,2026-01-16T07:50,3309.86,2,0.17,8990.58,-20.52,-0.23,8970.06,Signal Flip
139,5M_EMA_CONFIRMED_100_200,SHORT,2026-01-16T10:00,3305.79,2026-01-16T11:35,3308.27,19,1.58,8970.06,-6.75,-0.08,8963.31,Signal Flip
140,5M_EMA_CONFIRMED_100_200,SHORT,2026-01-16T11:40,3301.43,2026-01-16T12:15,3308.78,7,0.58,8963.31,-19.97,-0.22,8943.34,Signal Flip
141,5M_EMA_CONFIRMED_100_200,SHORT,2026-01-16T12:55,3303.59,2026-01-16T13:00,3310.53,1,0.08,8943.34,-18.81,-0.21,8924.54,Signal Flip
142,5M_EMA_CONFIRMED_100_200,SHORT,2026-01-16T13:10,3303.72,2026-01-16T13:15,3311.52,1,0.08,8924.54,-21.09,-0.24,8903.45,Signal Flip
143,5M_EMA_CONFIRMED_100_200,SHORT,2026-01-16T13:20,3304.67,2026-01-16T13:25,3310.35,1,0.08,8903.45,-15.32,-0.17,8888.12,Signal Flip
144,5M_EMA_CONFIRMED_100_200,SHORT,2026-01-16T13:35,3302.13,2026-01-16T14:00,3309.3,5,0.42,8888.12,-19.31,-0.22,8868.81,Signal Flip
145,5M_EMA_CONFIRMED_100_200,SHORT,2026-01-16T14:10,3303.84,2026-01-16T14:30,3316.56,4,0.33,8868.81,-34.15,-0.39,8834.66,Signal Flip
146,5M_EMA_CONFIRMED_100_200,SHORT,2026-01-16T14:35,3303.77,2026-01-16T15:15,3310.1,8,0.67,8834.66,-16.95,-0.19,8817.72,Signal Flip
147,5M_EMA_CONFIRMED_100_200,SHORT,2026-01-16T15:20,3283.9,2026-01-16T20:45,3289.81,65,5.42,8817.72,-15.89,-0.18,8801.83,Signal Flip
148,5M_EMA_CONFIRMED_100_200,SHORT,2026-01-16T20:50,3283.53,2026-01-16T20:55,3291.22,1,0.08,8801.83,-20.63,-0.23,8781.19,Signal Flip
149,5M_EMA_CONFIRMED_100_200,SHORT,2026-01-16T22:40,3284.74,2026-01-16T22:50,3289.48,2,0.17,8781.19,-12.69,-0.14,8768.5,Signal Flip
150,5M_EMA_CONFIRMED_100_200,SHORT,2026-01-17T01:40,3288.29,2026-01-17T01:55,3292.53,3,0.25,8768.5,-11.31,-0.13,8757.2,Signal Flip
151,5M_EMA_CONFIRMED_100_200,SHORT,2026-01-17T02:05,3286.54,2026-01-17T02:55,3293.67,10,0.83,8757.2,-19.0,-0.22,8738.2,Signal Flip
152,5M_EMA_CONFIRMED_100_200,SHORT,2026-01-17T03:35,3285.96,2026-01-17T03:45,3292.12,2,0.17,8738.2,-16.38,-0.19,8721.82,Signal Flip
153,5M_EMA_CONFIRMED_100_200,SHORT,2026-01-17T04:00,3287.69,2026-01-17T04:50,3291.83,10,0.83,8721.82,-10.98,-0.13,8710.84,Signal Flip
154,5M_EMA_CONFIRMED_100_200,SHORT,2026-01-17T06:05,3288.18,2026-01-17T06:40,3292.58,7,0.58,8710.84,-11.66,-0.13,8699.18,Signal Flip
155,5M_EMA_CONFIRMED_100_200,SHORT,2026-01-17T06:50,3287.99,2026-01-17T06:55,3292.12,1,0.08,8699.18,-10.93,-0.13,8688.25,Signal Flip
156,5M_EMA_CONFIRMED_100_200,SHORT,2026-01-17T07:05,3286.98,2026-01-17T07:20,3292.23,3,0.25,8688.25,-13.88,-0.16,8674.38,Signal Flip
157,5M_EMA_CONFIRMED_100_200,SHORT,2026-01-17T07:50,3288.63,2026-01-17T07:55,3293.29,1,0.08,8674.38,-12.27,-0.14,8662.11,Signal Flip
158,5M_EMA_CONFIRMED_100_200,LONG,2026-01-17T09:55,3302.38,2026-01-17T21:20,3310.67,137,11.42,8662.11,21.75,0.25,8683.86,Signal Flip
159,5M_EMA_CONFIRMED_100_200,LONG,2026-01-18T00:10,3314.3,2026-01-18T00:40,3308.4,6,0.5,8683.86,-15.44,-0.18,8668.43,Signal Flip
160,5M_EMA_CONFIRMED_100_200,LONG,2026-01-18T03:20,3309.6,2026-01-18T03:25,3305.54,1,0.08,8668.43,-10.65,-0.12,8657.77,Signal Flip
161,5M_EMA_CONFIRMED_100_200,LONG,2026-01-18T03:30,3313.34,2026-01-18T07:15,3306.61,45,3.75,8657.77,-17.59,-0.2,8640.19,Signal Flip
162,5M_EMA_CONFIRMED_100_200,LONG,2026-01-18T08:40,3313.63,2026-01-18T13:25,3315.21,57,4.75,8640.19,4.13,0.05,8644.32,Signal Flip
163,5M_EMA_CONFIRMED_100_200,LONG,2026-01-18T13:30,3320.15,2026-01-18T13:35,3315.16,1,0.08,8644.32,-12.99,-0.15,8631.34,Signal Flip
164,5M_EMA_CONFIRMED_100_200,LONG,2026-01-18T13:40,3320.76,2026-01-18T21:05,3337.18,89,7.42,8631.34,42.68,0.49,8674.02,Signal Flip
165,5M_EMA_CONFIRMED_100_200,LONG,2026-01-18T21:15,3342.3,2026-01-18T23:05,3326.47,22,1.83,8674.02,-41.09,-0.47,8632.92,Signal Flip
166,5M_EMA_CONFIRMED_100_200,SHORT,2026-01-19T00:20,3214.36,2026-01-19T11:10,3220.06,130,10.83,8632.92,-15.3,-0.18,8617.62,Signal Flip
167,5M_EMA_CONFIRMED_100_200,SHORT,2026-01-19T11:20,3214.57,2026-01-19T11:25,3225.36,1,0.08,8617.62,-28.93,-0.34,8588.7,Signal Flip
168,5M_EMA_CONFIRMED_100_200,SHORT,2026-01-19T13:20,3217.63,2026-01-19T13:45,3221.99,5,0.42,8588.7,-11.64,-0.14,8577.06,Signal Flip
169,5M_EMA_CONFIRMED_100_200,SHORT,2026-01-19T13:50,3216.59,2026-01-19T15:15,3221.78,17,1.42,8577.06,-13.84,-0.16,8563.22,Signal Flip
170,5M_EMA_CONFIRMED_100_200,SHORT,2026-01-19T15:20,3216.14,2026-01-19T16:05,3220.09,9,0.75,8563.22,-10.51,-0.12,8552.71,Signal Flip
171,5M_EMA_CONFIRMED_100_200,SHORT,2026-01-19T16:10,3211.87,2026-01-19T16:25,3219.38,3,0.25,8552.71,-19.99,-0.23,8532.72,Signal Flip
172,5M_EMA_CONFIRMED_100_200,SHORT,2026-01-19T16:50,3216.12,2026-01-19T16:55,3228.45,1,0.08,8532.72,-32.72,-0.38,8500.01,Signal Flip
173,5M_EMA_CONFIRMED_100_200,SHORT,2026-01-19T18:05,3211.73,2026-01-19T19:10,3220.25,13,1.08,8500.01,-22.54,-0.27,8477.47,Signal Flip
174,5M_EMA_CONFIRMED_100_200,SHORT,2026-01-19T19:40,3214.97,2026-01-19T19:45,3220.61,1,0.08,8477.47,-14.87,-0.18,8462.6,Signal Flip
175,5M_EMA_CONFIRMED_100_200,SHORT,2026-01-19T20:35,3215.97,2026-01-19T20:40,3221.45,1,0.08,8462.6,-14.42,-0.17,8448.18,Signal Flip
176,5M_EMA_CONFIRMED_100_200,SHORT,2026-01-19T20:45,3215.75,2026-01-19T21:05,3220.58,4,0.33,8448.18,-12.68,-0.15,8435.5,Signal Flip
177,5M_EMA_CONFIRMED_100_200,SHORT,2026-01-19T21:15,3213.43,2026-01-21T03:45,2984.22,366,30.5,8435.5,601.7,7.13,9037.2,Signal Flip
178,5M_EMA_CONFIRMED_100_200,SHORT,2026-01-21T04:15,2974.7,2026-01-21T04:20,2979.88,1,0.08,9037.2,-15.73,-0.17,9021.47,Signal Flip
179,5M_EMA_CONFIRMED_100_200,SHORT,2026-01-21T06:50,2978.0,2026-01-21T07:05,2985.5,3,0.25,9021.47,-22.73,-0.25,8998.74,Signal Flip
180,5M_EMA_CONFIRMED_100_200,SHORT,2026-01-21T07:15,2973.03,2026-01-21T07:30,2984.14,3,0.25,8998.74,-33.62,-0.37,8965.12,Signal Flip
181,5M_EMA_CONFIRMED_100_200,SHORT,2026-01-21T07:35,2971.6,2026-01-21T14:15,2975.49,80,6.67,8965.12,-11.72,-0.13,8953.4,Signal Flip
182,5M_EMA_CONFIRMED_100_200,SHORT,2026-01-21T16:25,2958.31,2026-01-21T19:30,2985.59,37,3.08,8953.4,-82.57,-0.92,8870.83,Signal Flip
183,5M_EMA_CONFIRMED_100_200,LONG,2026-01-21T21:20,3040.84,2026-01-21T23:45,2983.27,29,2.42,8870.83,-167.95,-1.89,8702.88,Signal Flip
184,5M_EMA_CONFIRMED_100_200,LONG,2026-01-22T00:10,2995.22,2026-01-22T03:35,3002.72,41,3.42,8702.88,21.79,0.25,8724.68,Signal Flip
185,5M_EMA_CONFIRMED_100_200,LONG,2026-01-22T03:40,3010.7,2026-01-22T06:25,3009.41,33,2.75,8724.68,-3.74,-0.04,8720.94,Signal Flip
186,5M_EMA_CONFIRMED_100_200,LONG,2026-01-22T06:35,3015.82,2026-01-22T07:10,3011.49,7,0.58,8720.94,-12.5,-0.14,8708.44,Signal Flip
187,5M_EMA_CONFIRMED_100_200,LONG,2026-01-22T09:15,3011.75,2026-01-22T09:20,3005.64,1,0.08,8708.44,-17.66,-0.2,8690.77,Signal Flip
188,5M_EMA_CONFIRMED_100_200,LONG,2026-01-22T09:40,3014.41,2026-01-22T10:15,3007.81,7,0.58,8690.77,-19.03,-0.22,8671.74,Signal Flip
189,5M_EMA_CONFIRMED_100_200,SHORT,2026-01-22T13:35,2988.19,2026-01-22T18:20,2970.81,57,4.75,8671.74,50.41,0.58,8722.15,Signal Flip
190,5M_EMA_CONFIRMED_100_200,SHORT,2026-01-22T18:25,2960.27,2026-01-22T22:15,2956.65,46,3.83,8722.15,10.67,0.12,8732.82,Signal Flip
191,5M_EMA_CONFIRMED_100_200,SHORT,2026-01-22T22:20,2945.84,2026-01-22T23:35,2957.07,15,1.25,8732.82,-33.3,-0.38,8699.53,Signal Flip
192,5M_EMA_CONFIRMED_100_200,SHORT,2026-01-22T23:40,2950.15,2026-01-23T00:20,2956.58,8,0.67,8699.53,-18.94,-0.22,8680.58,Signal Flip
193,5M_EMA_CONFIRMED_100_200,SHORT,2026-01-23T00:25,2951.42,2026-01-23T00:55,2955.67,6,0.5,8680.58,-12.48,-0.14,8668.1,Signal Flip
194,5M_EMA_CONFIRMED_100_200,SHORT,2026-01-23T02:55,2954.57,2026-01-23T03:10,2959.44,3,0.25,8668.1,-14.28,-0.16,8653.82,Signal Flip
195,5M_EMA_CONFIRMED_100_200,SHORT,2026-01-23T06:25,2956.91,2026-01-23T11:35,2946.85,62,5.17,8653.82,29.44,0.34,8683.26,Signal Flip
196,5M_EMA_CONFIRMED_100_200,SHORT,2026-01-23T12:00,2939.21,2026-01-23T13:25,2943.58,17,1.42,8683.26,-12.91,-0.15,8670.35,Signal Flip
197,5M_EMA_CONFIRMED_100_200,SHORT,2026-01-23T13:30,2935.98,2026-01-23T14:30,2941.54,12,1.0,8670.35,-16.42,-0.19,8653.93,Signal Flip
198,5M_EMA_CONFIRMED_100_200,SHORT,2026-01-23T14:35,2912.79,2026-01-23T15:40,2939.09,13,1.08,8653.93,-78.13,-0.9,8575.81,Signal Flip
199,5M_EMA_CONFIRMED_100_200,LONG,2026-01-23T17:50,3005.03,2026-01-23T19:35,2948.1,21,1.75,8575.81,-162.49,-1.89,8413.32,Signal Flip
200,5M_EMA_CONFIRMED_100_200,LONG,2026-01-23T20:20,2962.26,2026-01-23T20:25,2953.36,1,0.08,8413.32,-25.27,-0.3,8388.05,Signal Flip
201,5M_EMA_CONFIRMED_100_200,LONG,2026-01-23T22:25,2957.14,2026-01-23T22:45,2953.38,4,0.33,8388.05,-10.65,-0.13,8377.4,Signal Flip
202,5M_EMA_CONFIRMED_100_200,LONG,2026-01-23T22:50,2959.55,2026-01-23T23:10,2952.89,4,0.33,8377.4,-18.84,-0.22,8358.55,Signal Flip
203,5M_EMA_CONFIRMED_100_200,LONG,2026-01-23T23:25,2957.54,2026-01-23T23:40,2952.88,3,0.25,8358.55,-13.16,-0.16,8345.4,Signal Flip
204,5M_EMA_CONFIRMED_100_200,LONG,2026-01-24T00:00,2957.89,2026-01-24T00:10,2954.03,2,0.17,8345.4,-10.88,-0.13,8334.52,Signal Flip
205,5M_EMA_CONFIRMED_100_200,LONG,2026-01-24T00:35,2956.99,2026-01-24T00:40,2951.82,1,0.08,8334.52,-14.56,-0.17,8319.96,Signal Flip
206,5M_EMA_CONFIRMED_100_200,LONG,2026-01-24T01:20,2958.27,2026-01-24T01:35,2953.27,3,0.25,8319.96,-14.05,-0.17,8305.91,Signal Flip
207,5M_EMA_CONFIRMED_100_200,LONG,2026-01-24T01:45,2957.36,2026-01-24T01:50,2951.25,1,0.08,8305.91,-17.14,-0.21,8288.77,Signal Flip
208,5M_EMA_CONFIRMED_100_200,LONG,2026-01-24T02:00,2957.6,2026-01-24T05:45,2957.9,45,3.75,8288.77,0.85,0.01,8289.61,Signal Flip
209,5M_EMA_CONFIRMED_100_200,LONG,2026-01-24T06:00,2962.8,2026-01-24T07:20,2954.43,16,1.33,8289.61,-23.41,-0.28,8266.2,Signal Flip
210,5M_EMA_CONFIRMED_100_200,LONG,2026-01-24T08:45,2962.13,2026-01-24T10:15,2958.29,18,1.5,8266.2,-10.72,-0.13,8255.48,Signal Flip
211,5M_EMA_CONFIRMED_100_200,LONG,2026-01-24T10:40,2961.65,2026-01-24T12:05,2958.82,17,1.42,8255.48,-7.89,-0.1,8247.59,Signal Flip
212,5M_EMA_CONFIRMED_100_200,LONG,2026-01-24T12:10,2962.28,2026-01-24T12:15,2958.92,1,0.08,8247.59,-9.36,-0.11,8238.24,Signal Flip
213,5M_EMA_CONFIRMED_100_200,LONG,2026-01-24T12:20,2962.66,2026-01-24T13:20,2959.52,12,1.0,8238.24,-8.73,-0.11,8229.5,Signal Flip
214,5M_EMA_CONFIRMED_100_200,LONG,2026-01-24T15:05,2963.82,2026-01-24T15:40,2958.84,7,0.58,8229.5,-13.83,-0.17,8215.67,Signal Flip
215,5M_EMA_CONFIRMED_100_200,LONG,2026-01-24T15:50,2963.2,2026-01-24T15:55,2956.42,1,0.08,8215.67,-18.8,-0.23,8196.87,Signal Flip
216,5M_EMA_CONFIRMED_100_200,LONG,2026-01-24T16:10,2961.9,2026-01-24T16:15,2955.38,1,0.08,8196.87,-18.04,-0.22,8178.83,Signal Flip
217,5M_EMA_CONFIRMED_100_200,LONG,2026-01-24T17:15,2964.82,2026-01-24T19:10,2959.16,23,1.92,8178.83,-15.62,-0.19,8163.22,Signal Flip
218,5M_EMA_CONFIRMED_100_200,SHORT,2026-01-24T21:10,2951.39,2026-01-24T22:05,2960.53,11,0.92,8163.22,-25.27,-0.31,8137.95,Signal Flip
219,5M_EMA_CONFIRMED_100_200,SHORT,2026-01-24T23:05,2956.54,2026-01-25T01:00,2960.34,23,1.92,8137.95,-10.46,-0.13,8127.49,Signal Flip
220,5M_EMA_CONFIRMED_100_200,SHORT,2026-01-25T01:15,2955.52,2026-01-25T02:10,2958.75,11,0.92,8127.49,-8.87,-0.11,8118.62,Signal Flip
221,5M_EMA_CONFIRMED_100_200,SHORT,2026-01-25T02:15,2955.09,2026-01-25T10:25,2945.29,98,8.17,8118.62,26.92,0.33,8145.54,Signal Flip
222,5M_EMA_CONFIRMED_100_200,SHORT,2026-01-25T10:40,2940.69,2026-01-25T10:45,2946.38,1,0.08,8145.54,-15.77,-0.19,8129.77,Signal Flip
223,5M_EMA_CONFIRMED_100_200,SHORT,2026-01-25T11:05,2940.29,2026-01-25T11:20,2944.76,3,0.25,8129.77,-12.37,-0.15,8117.4,Signal Flip
224,5M_EMA_CONFIRMED_100_200,SHORT,2026-01-25T11:40,2935.66,2026-01-25T13:00,2943.86,16,1.33,8117.4,-22.67,-0.28,8094.73,Signal Flip
225,5M_EMA_CONFIRMED_100_200,SHORT,2026-01-25T13:10,2939.41,2026-01-25T13:20,2943.07,2,0.17,8094.73,-10.08,-0.12,8084.65,Signal Flip
226,5M_EMA_CONFIRMED_100_200,SHORT,2026-01-25T13:25,2938.62,2026-01-25T13:45,2943.07,4,0.33,8084.65,-12.25,-0.15,8072.4,Signal Flip
227,5M_EMA_CONFIRMED_100_200,SHORT,2026-01-25T14:05,2936.86,2026-01-26T00:25,2840.67,124,10.33,8072.4,264.4,3.28,8336.8,Signal Flip
228,5M_EMA_CONFIRMED_100_200,SHORT,2026-01-26T00:30,2831.79,2026-01-26T00:55,2841.07,5,0.42,8336.8,-27.31,-0.33,8309.49,Signal Flip
229,5M_EMA_CONFIRMED_100_200,SHORT,2026-01-26T03:35,2849.08,2026-01-26T04:10,2857.3,7,0.58,8309.49,-23.95,-0.29,8285.53,Signal Flip
230,5M_EMA_CONFIRMED_100_200,LONG,2026-01-26T08:30,2917.38,2026-01-26T14:15,2884.4,69,5.75,8285.53,-93.67,-1.13,8191.87,Signal Flip
231,5M_EMA_CONFIRMED_100_200,LONG,2026-01-26T14:35,2903.65,2026-01-26T15:45,2891.48,14,1.17,8191.87,-34.33,-0.42,8157.54,Signal Flip
232,5M_EMA_CONFIRMED_100_200,LONG,2026-01-26T15:50,2902.64,2026-01-26T16:00,2897.87,2,0.17,8157.54,-13.41,-0.16,8144.13,Signal Flip
233,5M_EMA_CONFIRMED_100_200,LONG,2026-01-26T16:05,2904.91,2026-01-26T16:10,2895.81,1,0.08,8144.13,-25.51,-0.31,8118.62,Signal Flip
234,5M_EMA_CONFIRMED_100_200,LONG,2026-01-26T16:15,2902.68,2026-01-26T16:20,2894.84,1,0.08,8118.62,-21.92,-0.27,8096.69,Signal Flip
235,5M_EMA_CONFIRMED_100_200,LONG,2026-01-26T16:25,2913.39,2026-01-26T17:15,2897.68,10,0.83,8096.69,-43.65,-0.54,8053.05,Signal Flip
236,5M_EMA_CONFIRMED_100_200,LONG,2026-01-26T17:40,2907.18,2026-01-26T20:50,2909.22,38,3.17,8053.05,5.66,0.07,8058.7,Signal Flip
237,5M_EMA_CONFIRMED_100_200,LONG,2026-01-26T21:30,2913.22,2026-01-27T00:50,2917.71,40,3.33,8058.7,12.43,0.15,8071.14,Signal Flip
238,5M_EMA_CONFIRMED_100_200,LONG,2026-01-27T00:55,2921.66,2026-01-27T01:05,2912.74,2,0.17,8071.14,-24.63,-0.31,8046.5,Signal Flip
239,5M_EMA_CONFIRMED_100_200,LONG,2026-01-27T01:25,2928.7,2026-01-27T06:30,2932.5,61,5.08,8046.5,10.44,0.13,8056.94,Signal Flip
240,5M_EMA_CONFIRMED_100_200,LONG,2026-01-27T07:30,2935.2,2026-01-27T07:50,2929.68,4,0.33,8056.94,-15.13,-0.19,8041.81,Signal Flip
241,5M_EMA_CONFIRMED_100_200,SHORT,2026-01-27T11:40,2912.36,2026-01-27T12:20,2922.56,8,0.67,8041.81,-28.16,-0.35,8013.65,Signal Flip
242,5M_EMA_CONFIRMED_100_200,SHORT,2026-01-27T12:45,2918.52,2026-01-27T14:05,2921.3,16,1.33,8013.65,-7.63,-0.1,8006.02,Signal Flip
243,5M_EMA_CONFIRMED_100_200,SHORT,2026-01-27T14:10,2916.29,2026-01-27T14:15,2928.24,1,0.08,8006.02,-32.81,-0.41,7973.21,Signal Flip
244,5M_EMA_CONFIRMED_100_200,SHORT,2026-01-27T14:40,2911.38,2026-01-27T14:55,2923.3,3,0.25,7973.21,-32.64,-0.41,7940.57,Signal Flip
245,5M_EMA_CONFIRMED_100_200,SHORT,2026-01-27T15:00,2917.19,2026-01-27T15:05,2925.71,1,0.08,7940.57,-23.2,-0.29,7917.37,Signal Flip
246,5M_EMA_CONFIRMED_100_200,SHORT,2026-01-27T15:30,2914.52,2026-01-27T15:40,2922.9,2,0.17,7917.37,-22.76,-0.29,7894.61,Signal Flip
247,5M_EMA_CONFIRMED_100_200,SHORT,2026-01-27T15:45,2918.03,2026-01-27T15:50,2934.21,1,0.08,7894.61,-43.76,-0.55,7850.85,Signal Flip
248,5M_EMA_CONFIRMED_100_200,LONG,2026-01-27T16:00,2938.93,2026-01-27T17:45,2920.5,21,1.75,7850.85,-49.23,-0.63,7801.62,Signal Flip
249,5M_EMA_CONFIRMED_100_200,LONG,2026-01-27T18:05,2946.24,2026-01-28T03:20,2997.0,111,9.25,7801.62,134.41,1.72,7936.02,Signal Flip
250,5M_EMA_CONFIRMED_100_200,LONG,2026-01-28T03:35,3009.0,2026-01-28T03:45,3001.19,2,0.17,7936.02,-20.61,-0.26,7915.41,Signal Flip
251,5M_EMA_CONFIRMED_100_200,LONG,2026-01-28T03:50,3006.17,2026-01-28T04:10,2998.26,4,0.33,7915.41,-20.83,-0.26,7894.58,Signal Flip
252,5M_EMA_CONFIRMED_100_200,LONG,2026-01-28T05:05,3007.11,2026-01-28T05:15,2996.73,2,0.17,7894.58,-27.26,-0.35,7867.32,Signal Flip
253,5M_EMA_CONFIRMED_100_200,LONG,2026-01-28T06:00,3005.98,2026-01-28T07:35,3002.58,19,1.58,7867.32,-8.91,-0.11,7858.41,Signal Flip
254,5M_EMA_CONFIRMED_100_200,LONG,2026-01-28T07:45,3009.07,2026-01-28T08:10,3001.28,5,0.42,7858.41,-20.36,-0.26,7838.06,Signal Flip
255,5M_EMA_CONFIRMED_100_200,LONG,2026-01-28T09:40,3011.92,2026-01-28T14:25,3018.87,57,4.75,7838.06,18.1,0.23,7856.15,Signal Flip
256,5M_EMA_CONFIRMED_100_200,LONG,2026-01-28T14:30,3026.58,2026-01-28T14:45,3019.37,3,0.25,7856.15,-18.72,-0.24,7837.43,Signal Flip
257,5M_EMA_CONFIRMED_100_200,LONG,2026-01-28T16:30,3017.24,2026-01-28T16:35,3005.17,1,0.08,7837.43,-31.36,-0.4,7806.08,Signal Flip
258,5M_EMA_CONFIRMED_100_200,LONG,2026-01-28T17:45,3014.65,2026-01-28T18:05,3007.4,4,0.33,7806.08,-18.78,-0.24,7787.3,Signal Flip
259,5M_EMA_CONFIRMED_100_200,LONG,2026-01-28T18:15,3019.62,2026-01-28T18:35,3011.11,4,0.33,7787.3,-21.93,-0.28,7765.37,Signal Flip
260,5M_EMA_CONFIRMED_100_200,LONG,2026-01-28T19:00,3017.02,2026-01-28T19:10,3008.41,2,0.17,7765.37,-22.17,-0.29,7743.2,Signal Flip
261,5M_EMA_CONFIRMED_100_200,LONG,2026-01-28T19:25,3015.02,2026-01-28T19:30,3010.22,1,0.08,7743.2,-12.31,-0.16,7730.89,Signal Flip
262,5M_EMA_CONFIRMED_100_200,LONG,2026-01-28T19:50,3015.05,2026-01-28T20:45,3012.52,11,0.92,7730.89,-6.47,-0.08,7724.42,Signal Flip
263,5M_EMA_CONFIRMED_100_200,LONG,2026-01-28T21:15,3017.51,2026-01-28T21:35,3008.67,4,0.33,7724.42,-22.61,-0.29,7701.81,Signal Flip
264,5M_EMA_CONFIRMED_100_200,LONG,2026-01-28T21:40,3019.32,2026-01-28T22:15,3012.36,7,0.58,7701.81,-17.74,-0.23,7684.06,Signal Flip
265,5M_EMA_CONFIRMED_100_200,LONG,2026-01-28T22:30,3017.49,2026-01-28T22:35,3010.58,1,0.08,7684.06,-17.58,-0.23,7666.48,Signal Flip
266,5M_EMA_CONFIRMED_100_200,LONG,2026-01-28T22:50,3016.84,2026-01-28T23:30,3011.99,8,0.67,7666.48,-12.31,-0.16,7654.17,Signal Flip
267,5M_EMA_CONFIRMED_100_200,SHORT,2026-01-29T02:05,2993.95,2026-01-30T00:05,2829.62,264,22.0,7654.17,420.11,5.49,8074.28,Signal Flip
268,5M_EMA_CONFIRMED_100_200,SHORT,2026-01-30T00:10,2824.23,2026-01-30T11:55,2768.94,141,11.75,8074.28,158.05,1.96,8232.34,Signal Flip
269,5M_EMA_CONFIRMED_100_200,SHORT,2026-01-30T12:30,2742.55,2026-01-30T12:40,2747.66,2,0.17,8232.34,-15.35,-0.19,8216.98,Signal Flip
270,5M_EMA_CONFIRMED_100_200,SHORT,2026-01-30T12:45,2740.62,2026-01-30T12:50,2746.45,1,0.08,8216.98,-17.49,-0.21,8199.49,Signal Flip
271,5M_EMA_CONFIRMED_100_200,SHORT,2026-01-30T12:55,2737.28,2026-01-30T14:35,2745.07,20,1.67,8199.49,-23.34,-0.28,8176.15,Signal Flip
272,5M_EMA_CONFIRMED_100_200,SHORT,2026-01-30T14:55,2736.94,2026-01-30T15:10,2750.17,3,0.25,8176.15,-39.53,-0.48,8136.62,Signal Flip
273,5M_EMA_CONFIRMED_100_200,SHORT,2026-01-30T15:15,2736.66,2026-01-30T18:50,2734.08,43,3.58,8136.62,7.68,0.09,8144.3,Signal Flip
274,5M_EMA_CONFIRMED_100_200,SHORT,2026-01-30T20:10,2718.2,2026-01-31T00:40,2714.32,54,4.5,8144.3,11.64,0.14,8155.94,Signal Flip
275,5M_EMA_CONFIRMED_100_200,SHORT,2026-01-31T00:50,2708.88,2026-01-31T01:10,2713.38,4,0.33,8155.94,-13.52,-0.17,8142.42,Signal Flip
276,5M_EMA_CONFIRMED_100_200,SHORT,2026-01-31T01:20,2710.24,2026-01-31T23:25,2472.86,265,22.08,8142.42,713.19,8.76,8855.61,Signal Flip
277,5M_EMA_CONFIRMED_100_200,SHORT,2026-01-31T23:50,2439.48,2026-01-31T23:55,2447.31,1,0.08,8855.61,-28.44,-0.32,8827.17,Signal Flip
278,5M_EMA_CONFIRMED_100_200,SHORT,2026-02-01T01:05,2443.34,2026-02-01T01:30,2453.74,5,0.42,8827.17,-37.57,-0.43,8789.6,Signal Flip
279,5M_EMA_CONFIRMED_100_200,SHORT,2026-02-01T01:35,2445.31,2026-02-01T02:10,2451.21,7,0.58,8789.6,-21.24,-0.24,8768.37,Signal Flip
280,5M_EMA_CONFIRMED_100_200,SHORT,2026-02-01T02:25,2443.48,2026-02-01T02:35,2451.5,2,0.17,8768.37,-28.77,-0.33,8739.6,Signal Flip
281,5M_EMA_CONFIRMED_100_200,SHORT,2026-02-01T03:20,2439.52,2026-02-01T04:15,2453.33,11,0.92,8739.6,-49.46,-0.57,8690.14,Signal Flip
282,5M_EMA_CONFIRMED_100_200,SHORT,2026-02-01T05:05,2439.53,2026-02-01T05:30,2448.62,5,0.42,8690.14,-32.4,-0.37,8657.74,Signal Flip
283,5M_EMA_CONFIRMED_100_200,SHORT,2026-02-01T05:35,2442.94,2026-02-01T10:00,2433.45,53,4.42,8657.74,33.64,0.39,8691.38,Signal Flip
284,5M_EMA_CONFIRMED_100_200,SHORT,2026-02-01T10:20,2426.57,2026-02-01T10:25,2430.63,1,0.08,8691.38,-14.57,-0.17,8676.81,Signal Flip
285,5M_EMA_CONFIRMED_100_200,SHORT,2026-02-01T10:35,2406.92,2026-02-01T11:45,2421.33,14,1.17,8676.81,-51.96,-0.6,8624.84,Signal Flip
286,5M_EMA_CONFIRMED_100_200,SHORT,2026-02-01T11:50,2411.48,2026-02-01T18:15,2358.48,77,6.42,8624.84,189.58,2.2,8814.42,Signal Flip
287,5M_EMA_CONFIRMED_100_200,SHORT,2026-02-01T18:25,2352.92,2026-02-01T18:30,2361.81,1,0.08,8814.42,-33.29,-0.38,8781.13,Signal Flip
288,5M_EMA_CONFIRMED_100_200,SHORT,2026-02-01T18:40,2350.87,2026-02-02T08:20,2256.65,164,13.67,8781.13,351.96,4.01,9133.09,Signal Flip
289,5M_EMA_CONFIRMED_100_200,SHORT,2026-02-02T08:25,2243.74,2026-02-02T08:35,2246.85,2,0.17,9133.09,-12.68,-0.14,9120.41,Signal Flip
290,5M_EMA_CONFIRMED_100_200,SHORT,2026-02-02T09:10,2240.78,2026-02-02T09:20,2252.94,2,0.17,9120.41,-49.48,-0.54,9070.92,Signal Flip
291,5M_EMA_CONFIRMED_100_200,LONG,2026-02-02T14:45,2353.67,2026-02-02T19:35,2332.29,58,4.83,9070.92,-82.37,-0.91,8988.55,Signal Flip
292,5M_EMA_CONFIRMED_100_200,LONG,2026-02-02T19:40,2339.24,2026-02-02T19:50,2334.01,2,0.17,8988.55,-20.08,-0.22,8968.47,Signal Flip
293,5M_EMA_CONFIRMED_100_200,LONG,2026-02-02T21:05,2338.99,2026-02-02T21:25,2329.07,4,0.33,8968.47,-38.01,-0.42,8930.46,Signal Flip
294,5M_EMA_CONFIRMED_100_200,LONG,2026-02-02T21:35,2341.65,2026-02-03T00:05,2333.93,30,2.5,8930.46,-29.43,-0.33,8901.02,Signal Flip
295,5M_EMA_CONFIRMED_100_200,LONG,2026-02-03T00:20,2340.14,2026-02-03T00:25,2336.56,1,0.08,8901.02,-13.61,-0.15,8887.41,Signal Flip
296,5M_EMA_CONFIRMED_100_200,LONG,2026-02-03T00:30,2347.71,2026-02-03T01:20,2338.2,10,0.83,8887.41,-36.01,-0.41,8851.4,Signal Flip
297,5M_EMA_CONFIRMED_100_200,LONG,2026-02-03T01:25,2347.21,2026-02-03T02:10,2338.83,9,0.75,8851.4,-31.61,-0.36,8819.79,Signal Flip
298,5M_EMA_CONFIRMED_100_200,LONG,2026-02-03T04:00,2345.16,2026-02-03T04:30,2332.56,6,0.5,8819.79,-47.38,-0.54,8772.41,Signal Flip
299,5M_EMA_CONFIRMED_100_200,LONG,2026-02-03T04:35,2340.14,2026-02-03T05:15,2325.42,8,0.67,8772.41,-55.19,-0.63,8717.21,Signal Flip
300,5M_EMA_CONFIRMED_100_200,LONG,2026-02-03T07:35,2331.15,2026-02-03T07:40,2327.56,1,0.08,8717.21,-13.46,-0.15,8703.76,Signal Flip
301,5M_EMA_CONFIRMED_100_200,LONG,2026-02-03T08:45,2330.42,2026-02-03T08:50,2323.94,1,0.08,8703.76,-24.23,-0.28,8679.53,Signal Flip
302,5M_EMA_CONFIRMED_100_200,SHORT,2026-02-03T08:55,2317.8,2026-02-03T12:55,2304.13,48,4.0,8679.53,51.19,0.59,8730.71,Signal Flip
303,5M_EMA_CONFIRMED_100_200,SHORT,2026-02-03T13:00,2300.16,2026-02-03T13:10,2304.12,2,0.17,8730.71,-15.04,-0.17,8715.67,Signal Flip
304,5M_EMA_CONFIRMED_100_200,SHORT,2026-02-03T13:20,2301.38,2026-02-03T13:30,2307.33,2,0.17,8715.67,-22.55,-0.26,8693.12,Signal Flip
305,5M_EMA_CONFIRMED_100_200,SHORT,2026-02-03T14:20,2299.88,2026-02-03T14:30,2310.0,2,0.17,8693.12,-38.27,-0.44,8654.85,Signal Flip
306,5M_EMA_CONFIRMED_100_200,SHORT,2026-02-03T14:35,2294.32,2026-02-03T15:35,2300.02,12,1.0,8654.85,-21.49,-0.25,8633.36,Signal Flip
307,5M_EMA_CONFIRMED_100_200,SHORT,2026-02-03T15:40,2293.37,2026-02-03T15:50,2300.91,2,0.17,8633.36,-28.37,-0.33,8604.99,Signal Flip
308,5M_EMA_CONFIRMED_100_200,SHORT,2026-02-03T16:05,2291.16,2026-02-03T20:25,2232.93,52,4.33,8604.99,218.73,2.54,8823.72,Signal Flip
309,5M_EMA_CONFIRMED_100_200,SHORT,2026-02-03T22:50,2231.32,2026-02-04T00:35,2252.32,21,1.75,8823.72,-83.01,-0.94,8740.7,Signal Flip
310,5M_EMA_CONFIRMED_100_200,SHORT,2026-02-04T00:55,2240.88,2026-02-04T01:05,2266.97,2,0.17,8740.7,-101.78,-1.16,8638.92,Signal Flip
311,5M_EMA_CONFIRMED_100_200,SHORT,2026-02-04T02:50,2246.69,2026-02-04T03:05,2256.91,3,0.25,8638.92,-39.3,-0.45,8599.62,Signal Flip
312,5M_EMA_CONFIRMED_100_200,SHORT,2026-02-04T05:45,2262.9,2026-02-04T06:00,2266.52,3,0.25,8599.62,-13.77,-0.16,8585.84,Signal Flip
313,5M_EMA_CONFIRMED_100_200,SHORT,2026-02-04T07:10,2264.74,2026-02-04T07:15,2283.46,1,0.08,8585.84,-70.98,-0.83,8514.86,Signal Flip
314,5M_EMA_CONFIRMED_100_200,LONG,2026-02-04T07:20,2280.07,2026-02-04T09:15,2269.15,23,1.92,8514.86,-40.76,-0.48,8474.1,Signal Flip
315,5M_EMA_CONFIRMED_100_200,SHORT,2026-02-04T10:35,2260.35,2026-02-04T12:20,2263.24,21,1.75,8474.1,-10.84,-0.13,8463.26,Signal Flip
316,5M_EMA_CONFIRMED_100_200,SHORT,2026-02-04T12:25,2253.11,2026-02-04T19:55,2172.33,90,7.5,8463.26,303.46,3.59,8766.71,Signal Flip
317,5M_EMA_CONFIRMED_100_200,SHORT,2026-02-04T20:15,2165.63,2026-02-04T20:20,2175.76,1,0.08,8766.71,-41.01,-0.47,8725.7,Signal Flip
318,5M_EMA_CONFIRMED_100_200,SHORT,2026-02-04T20:35,2168.98,2026-02-04T20:40,2175.93,1,0.08,8725.7,-27.93,-0.32,8697.77,Signal Flip
319,5M_EMA_CONFIRMED_100_200,SHORT,2026-02-04T20:55,2168.63,2026-02-04T21:00,2173.12,1,0.08,8697.77,-18.01,-0.21,8679.76,Signal Flip
320,5M_EMA_CONFIRMED_100_200,SHORT,2026-02-04T21:05,2169.35,2026-02-04T22:30,2164.75,17,1.42,8679.76,18.42,0.21,8698.18,Signal Flip
321,5M_EMA_CONFIRMED_100_200,SHORT,2026-02-04T22:35,2151.88,2026-02-04T23:30,2156.34,11,0.92,8698.18,-18.0,-0.21,8680.18,Signal Flip
322,5M_EMA_CONFIRMED_100_200,SHORT,2026-02-05T00:00,2147.18,2026-02-05T00:25,2156.27,5,0.42,8680.18,-36.75,-0.42,8643.42,Signal Flip
323,5M_EMA_CONFIRMED_100_200,SHORT,2026-02-05T00:35,2149.39,2026-02-05T00:45,2157.18,2,0.17,8643.42,-31.3,-0.36,8612.12,Signal Flip
324,5M_EMA_CONFIRMED_100_200,SHORT,2026-02-05T00:50,2153.22,2026-02-05T01:05,2156.1,3,0.25,8612.12,-11.5,-0.13,8600.62,Signal Flip
325,5M_EMA_CONFIRMED_100_200,SHORT,2026-02-05T01:20,2140.09,2026-02-05T01:30,2164.61,2,0.17,8600.62,-98.55,-1.15,8502.07,Signal Flip
326,5M_EMA_CONFIRMED_100_200,SHORT,2026-02-05T01:55,2148.1,2026-02-05T02:40,2155.74,9,0.75,8502.07,-30.25,-0.36,8471.83,Signal Flip
327,5M_EMA_CONFIRMED_100_200,SHORT,2026-02-05T02:50,2135.95,2026-02-05T08:40,2118.84,70,5.83,8471.83,67.87,0.8,8539.7,Signal Flip
328,5M_EMA_CONFIRMED_100_200,SHORT,2026-02-05T08:45,2113.99,2026-02-05T09:05,2117.73,4,0.33,8539.7,-15.09,-0.18,8524.61,Signal Flip
329,5M_EMA_CONFIRMED_100_200,SHORT,2026-02-05T10:50,2112.37,2026-02-05T14:40,2099.0,46,3.83,8524.61,53.97,0.63,8578.58,Signal Flip
330,5M_EMA_CONFIRMED_100_200,SHORT,2026-02-05T14:45,2085.3,2026-02-06T01:10,1906.7,125,10.42,8578.58,734.71,8.56,9313.29,Signal Flip
331,5M_EMA_CONFIRMED_100_200,SHORT,2026-02-06T01:15,1893.75,2026-02-06T01:25,1899.07,2,0.17,9313.29,-26.15,-0.28,9287.14,Signal Flip
332,5M_EMA_CONFIRMED_100_200,SHORT,2026-02-06T01:30,1895.85,2026-02-06T01:35,1909.83,1,0.08,9287.14,-68.5,-0.74,9218.65,Signal Flip
333,5M_EMA_CONFIRMED_100_200,SHORT,2026-02-06T02:25,1897.44,2026-02-06T02:30,1907.79,1,0.08,9218.65,-50.3,-0.55,9168.35,Signal Flip
334,5M_EMA_CONFIRMED_100_200,SHORT,2026-02-06T03:15,1893.79,2026-02-06T04:20,1908.73,13,1.08,9168.35,-72.33,-0.79,9096.01,Signal Flip
335,5M_EMA_CONFIRMED_100_200,SHORT,2026-02-06T07:00,1907.37,2026-02-06T09:30,1905.24,30,2.5,9096.01,10.13,0.11,9106.14,Signal Flip
336,5M_EMA_CONFIRMED_100_200,LONG,2026-02-06T15:10,1977.45,2026-02-07T00:40,2036.62,114,9.5,9106.14,272.49,2.99,9378.63,Signal Flip
337,5M_EMA_CONFIRMED_100_200,LONG,2026-02-07T00:55,2051.3,2026-02-07T01:10,2040.48,3,0.25,9378.63,-49.45,-0.53,9329.18,Signal Flip
338,5M_EMA_CONFIRMED_100_200,LONG,2026-02-07T01:30,2045.79,2026-02-07T06:55,2061.73,65,5.42,9329.18,72.67,0.78,9401.85,Signal Flip
339,5M_EMA_CONFIRMED_100_200,SHORT,2026-02-07T11:35,2010.39,2026-02-07T12:05,2033.5,6,0.5,9401.85,-108.04,-1.15,9293.82,Signal Flip
340,5M_EMA_CONFIRMED_100_200,LONG,2026-02-07T12:35,2062.17,2026-02-07T13:40,2027.42,13,1.08,9293.82,-156.63,-1.69,9137.18,Signal Flip
341,5M_EMA_CONFIRMED_100_200,LONG,2026-02-07T13:50,2039.21,2026-02-07T14:40,2025.5,10,0.83,9137.18,-61.44,-0.67,9075.74,Signal Flip
342,5M_EMA_CONFIRMED_100_200,LONG,2026-02-07T15:10,2037.47,2026-02-07T17:15,2040.19,25,2.08,9075.74,12.12,0.13,9087.86,Signal Flip
343,5M_EMA_CONFIRMED_100_200,LONG,2026-02-07T17:20,2051.63,2026-02-07T23:10,2078.67,70,5.83,9087.86,119.8,1.32,9207.66,Signal Flip
344,5M_EMA_CONFIRMED_100_200,LONG,2026-02-07T23:15,2084.96,2026-02-07T23:20,2077.01,1,0.08,9207.66,-35.11,-0.38,9172.55,Signal Flip
345,5M_EMA_CONFIRMED_100_200,LONG,2026-02-07T23:30,2082.28,2026-02-08T00:20,2079.87,10,0.83,9172.55,-10.62,-0.12,9161.93,Signal Flip
346,5M_EMA_CONFIRMED_100_200,LONG,2026-02-08T00:40,2085.35,2026-02-08T00:45,2077.37,1,0.08,9161.93,-35.07,-0.38,9126.86,Signal Flip
347,5M_EMA_CONFIRMED_100_200,LONG,2026-02-08T01:00,2085.62,2026-02-08T02:55,2081.88,23,1.92,9126.86,-16.38,-0.18,9110.48,Signal Flip
348,5M_EMA_CONFIRMED_100_200,LONG,2026-02-08T03:00,2089.94,2026-02-08T03:05,2082.51,1,0.08,9110.48,-32.42,-0.36,9078.06,Signal Flip
349,5M_EMA_CONFIRMED_100_200,LONG,2026-02-08T03:15,2087.29,2026-02-08T03:20,2082.53,1,0.08,9078.06,-20.72,-0.23,9057.34,Signal Flip
350,5M_EMA_CONFIRMED_100_200,LONG,2026-02-08T03:25,2089.36,2026-02-08T03:45,2084.37,4,0.33,9057.34,-21.66,-0.24,9035.68,Signal Flip
351,5M_EMA_CONFIRMED_100_200,LONG,2026-02-08T05:00,2088.76,2026-02-08T05:05,2081.22,1,0.08,9035.68,-32.64,-0.36,9003.04,Signal Flip
352,5M_EMA_CONFIRMED_100_200,LONG,2026-02-08T05:10,2085.56,2026-02-08T05:35,2078.82,5,0.42,9003.04,-29.1,-0.32,8973.93,Signal Flip
353,5M_EMA_CONFIRMED_100_200,LONG,2026-02-08T05:50,2085.63,2026-02-08T05:55,2083.19,1,0.08,8973.93,-10.52,-0.12,8963.41,Signal Flip
354,5M_EMA_CONFIRMED_100_200,LONG,2026-02-08T06:00,2085.8,2026-02-08T06:05,2079.57,1,0.08,8963.41,-26.78,-0.3,8936.63,Signal Flip
355,5M_EMA_CONFIRMED_100_200,LONG,2026-02-08T06:15,2087.84,2026-02-08T06:35,2081.84,4,0.33,8936.63,-25.7,-0.29,8910.93,Signal Flip
356,5M_EMA_CONFIRMED_100_200,LONG,2026-02-08T06:40,2085.85,2026-02-08T06:45,2080.71,1,0.08,8910.93,-21.97,-0.25,8888.96,Signal Flip
357,5M_EMA_CONFIRMED_100_200,LONG,2026-02-08T08:00,2085.45,2026-02-08T08:10,2081.62,2,0.17,8888.96,-16.34,-0.18,8872.62,Signal Flip
358,5M_EMA_CONFIRMED_100_200,LONG,2026-02-08T08:25,2098.34,2026-02-08T10:25,2088.18,24,2.0,8872.62,-42.97,-0.48,8829.64,Signal Flip
359,5M_EMA_CONFIRMED_100_200,LONG,2026-02-08T10:40,2096.53,2026-02-08T15:30,2101.79,58,4.83,8829.64,22.16,0.25,8851.8,Signal Flip
360,5M_EMA_CONFIRMED_100_200,LONG,2026-02-08T16:05,2115.7,2026-02-08T16:10,2108.93,1,0.08,8851.8,-28.33,-0.32,8823.46,Signal Flip
361,5M_EMA_CONFIRMED_100_200,LONG,2026-02-08T16:30,2114.07,2026-02-08T16:35,2111.05,1,0.08,8823.46,-12.57,-0.14,8810.89,Signal Flip
362,5M_EMA_CONFIRMED_100_200,LONG,2026-02-08T18:35,2116.76,2026-02-08T20:50,2104.79,27,2.25,8810.89,-49.83,-0.57,8761.06,Signal Flip
363,5M_EMA_CONFIRMED_100_200,LONG,2026-02-08T21:15,2111.64,2026-02-08T21:30,2107.84,3,0.25,8761.06,-15.76,-0.18,8745.3,Signal Flip
364,5M_EMA_CONFIRMED_100_200,LONG,2026-02-08T23:00,2109.5,2026-02-08T23:25,2081.36,5,0.42,8745.3,-116.68,-1.33,8628.62,Signal Flip
365,5M_EMA_CONFIRMED_100_200,SHORT,2026-02-09T01:00,2083.43,2026-02-09T03:35,2094.92,31,2.58,8628.62,-47.58,-0.55,8581.03,Signal Flip
366,5M_EMA_CONFIRMED_100_200,SHORT,2026-02-09T04:15,2089.74,2026-02-09T04:20,2097.21,1,0.08,8581.03,-30.65,-0.36,8550.39,Signal Flip
367,5M_EMA_CONFIRMED_100_200,SHORT,2026-02-09T04:35,2091.05,2026-02-09T05:30,2093.6,11,0.92,8550.39,-10.4,-0.12,8539.99,Signal Flip
368,5M_EMA_CONFIRMED_100_200,SHORT,2026-02-09T05:50,2090.31,2026-02-09T05:55,2095.98,1,0.08,8539.99,-23.14,-0.27,8516.85,Signal Flip
369,5M_EMA_CONFIRMED_100_200,SHORT,2026-02-09T06:05,2086.33,2026-02-09T14:55,2048.36,106,8.83,8516.85,154.97,1.82,8671.83,Signal Flip
370,5M_EMA_CONFIRMED_100_200,SHORT,2026-02-09T15:00,2042.69,2026-02-09T15:05,2064.79,1,0.08,8671.83,-93.84,-1.08,8577.99,Signal Flip
371,5M_EMA_CONFIRMED_100_200,SHORT,2026-02-09T15:25,2034.75,2026-02-09T15:40,2059.09,3,0.25,8577.99,-102.6,-1.2,8475.39,Signal Flip
372,5M_EMA_CONFIRMED_100_200,LONG,2026-02-09T18:20,2125.95,2026-02-09T21:35,2091.9,39,3.25,8475.39,-135.74,-1.6,8339.65,Signal Flip
373,5M_EMA_CONFIRMED_100_200,LONG,2026-02-09T21:45,2100.15,2026-02-09T23:50,2102.71,25,2.08,8339.65,10.16,0.12,8349.81,Signal Flip
374,5M_EMA_CONFIRMED_100_200,LONG,2026-02-09T23:55,2107.15,2026-02-10T00:05,2103.54,2,0.17,8349.81,-14.33,-0.17,8335.48,Signal Flip
375,5M_EMA_CONFIRMED_100_200,LONG,2026-02-10T00:15,2111.36,2026-02-10T00:25,2100.65,2,0.17,8335.48,-42.27,-0.51,8293.22,Signal Flip
376,5M_EMA_CONFIRMED_100_200,LONG,2026-02-10T00:35,2108.54,2026-02-10T00:40,2103.85,1,0.08,8293.22,-18.47,-0.22,8274.75,Signal Flip
377,5M_EMA_CONFIRMED_100_200,LONG,2026-02-10T01:10,2110.95,2026-02-10T02:40,2104.59,18,1.5,8274.75,-24.96,-0.3,8249.78,Signal Flip
378,5M_EMA_CONFIRMED_100_200,LONG,2026-02-10T02:50,2109.88,2026-02-10T03:05,2104.18,3,0.25,8249.78,-22.31,-0.27,8227.47,Signal Flip
379,5M_EMA_CONFIRMED_100_200,SHORT,2026-02-10T05:30,2062.21,2026-02-10T13:35,2027.41,97,8.08,8227.47,138.82,1.69,8366.29,Signal Flip
380,5M_EMA_CONFIRMED_100_200,SHORT,2026-02-10T13:40,2020.99,2026-02-10T14:20,2036.14,8,0.67,8366.29,-62.71,-0.75,8303.58,Signal Flip
381,5M_EMA_CONFIRMED_100_200,SHORT,2026-02-10T14:40,2013.09,2026-02-10T15:35,2025.16,11,0.92,8303.58,-49.78,-0.6,8253.8,Signal Flip
382,5M_EMA_CONFIRMED_100_200,SHORT,2026-02-10T16:00,2021.66,2026-02-10T16:15,2035.54,3,0.25,8253.8,-56.66,-0.69,8197.14,Signal Flip
383,5M_EMA_CONFIRMED_100_200,SHORT,2026-02-10T16:55,2021.83,2026-02-10T17:00,2027.09,1,0.08,8197.14,-21.34,-0.26,8175.79,Signal Flip
384,5M_EMA_CONFIRMED_100_200,SHORT,2026-02-10T17:05,2020.14,2026-02-10T17:10,2026.93,1,0.08,8175.79,-27.49,-0.34,8148.3,Signal Flip
385,5M_EMA_CONFIRMED_100_200,SHORT,2026-02-10T18:25,2014.01,2026-02-10T19:40,2024.55,15,1.25,8148.3,-42.64,-0.52,8105.66,Signal Flip
386,5M_EMA_CONFIRMED_100_200,SHORT,2026-02-10T19:50,2020.7,2026-02-10T22:40,2020.47,34,2.83,8105.66,0.92,0.01,8106.58,Signal Flip
387,5M_EMA_CONFIRMED_100_200,SHORT,2026-02-10T22:50,2012.03,2026-02-10T23:00,2018.96,2,0.17,8106.58,-27.9,-0.34,8078.67,Signal Flip
388,5M_EMA_CONFIRMED_100_200,SHORT,2026-02-10T23:05,2014.62,2026-02-10T23:15,2018.77,2,0.17,8078.67,-16.63,-0.21,8062.05,Signal Flip
389,5M_EMA_CONFIRMED_100_200,SHORT,2026-02-10T23:20,2014.92,2026-02-10T23:40,2020.03,4,0.33,8062.05,-20.44,-0.25,8041.61,Signal Flip
390,5M_EMA_CONFIRMED_100_200,SHORT,2026-02-11T01:30,2017.06,2026-02-11T01:40,2020.95,2,0.17,8041.61,-15.5,-0.19,8026.11,Signal Flip
391,5M_EMA_CONFIRMED_100_200,SHORT,2026-02-11T02:50,2014.36,2026-02-11T12:10,1963.99,112,9.33,8026.11,200.7,2.5,8226.8,Signal Flip
392,5M_EMA_CONFIRMED_100_200,SHORT,2026-02-11T12:15,1957.7,2026-02-11T12:25,1965.93,2,0.17,8226.8,-34.59,-0.42,8192.21,Signal Flip
393,5M_EMA_CONFIRMED_100_200,SHORT,2026-02-11T12:30,1959.11,2026-02-11T13:35,1965.48,13,1.08,8192.21,-26.65,-0.33,8165.57,Signal Flip
394,5M_EMA_CONFIRMED_100_200,SHORT,2026-02-11T13:45,1954.4,2026-02-11T14:00,1961.58,3,0.25,8165.57,-29.99,-0.37,8135.58,Signal Flip
395,5M_EMA_CONFIRMED_100_200,SHORT,2026-02-11T14:50,1953.17,2026-02-11T16:15,1954.54,17,1.42,8135.58,-5.68,-0.07,8129.9,Signal Flip
396,5M_EMA_CONFIRMED_100_200,SHORT,2026-02-11T16:20,1947.0,2026-02-11T18:50,1948.07,30,2.5,8129.9,-4.5,-0.06,8125.4,Signal Flip
397,5M_EMA_CONFIRMED_100_200,SHORT,2026-02-11T20:25,1944.15,2026-02-11T20:40,1948.35,3,0.25,8125.4,-17.58,-0.22,8107.82,Signal Flip
398,5M_EMA_CONFIRMED_100_200,SHORT,2026-02-11T22:55,1949.42,2026-02-11T23:05,1954.66,2,0.17,8107.82,-21.76,-0.27,8086.06,Signal Flip
399,5M_EMA_CONFIRMED_100_200,SHORT,2026-02-11T23:15,1946.69,2026-02-12T00:10,1953.48,11,0.92,8086.06,-28.2,-0.35,8057.85,Signal Flip
400,5M_EMA_CONFIRMED_100_200,LONG,2026-02-12T04:15,1974.29,2026-02-12T05:15,1956.56,12,1.0,8057.85,-72.34,-0.9,7985.51,Signal Flip
401,5M_EMA_CONFIRMED_100_200,LONG,2026-02-12T05:25,1963.19,2026-02-12T08:20,1961.15,35,2.92,7985.51,-8.31,-0.1,7977.2,Signal Flip
402,5M_EMA_CONFIRMED_100_200,LONG,2026-02-12T08:55,1967.2,2026-02-12T09:10,1963.27,3,0.25,7977.2,-15.96,-0.2,7961.24,Signal Flip
403,5M_EMA_CONFIRMED_100_200,LONG,2026-02-12T09:15,1970.26,2026-02-12T14:45,1976.03,66,5.5,7961.24,23.3,0.29,7984.54,Signal Flip
404,5M_EMA_CONFIRMED_100_200,LONG,2026-02-12T14:55,1988.19,2026-02-12T15:00,1977.51,1,0.08,7984.54,-42.9,-0.54,7941.64,Signal Flip
405,5M_EMA_CONFIRMED_100_200,SHORT,2026-02-12T16:35,1909.8,2026-02-12T22:45,1936.23,74,6.17,7941.64,-109.88,-1.38,7831.77,Signal Flip
406,5M_EMA_CONFIRMED_100_200,SHORT,2026-02-13T00:25,1935.69,2026-02-13T00:40,1938.87,3,0.25,7831.77,-12.86,-0.16,7818.91,Signal Flip
407,5M_EMA_CONFIRMED_100_200,SHORT,2026-02-13T00:45,1931.22,2026-02-13T01:05,1938.59,4,0.33,7818.91,-29.82,-0.38,7789.09,Signal Flip
408,5M_EMA_CONFIRMED_100_200,SHORT,2026-02-13T05:10,1939.31,2026-02-13T07:15,1947.76,25,2.08,7789.09,-33.95,-0.44,7755.14,Signal Flip
409,5M_EMA_CONFIRMED_100_200,SHORT,2026-02-13T07:40,1936.1,2026-02-13T08:25,1942.06,9,0.75,7755.14,-23.87,-0.31,7731.27,Signal Flip
410,5M_EMA_CONFIRMED_100_200,LONG,2026-02-13T09:45,1961.38,2026-02-14T06:10,2048.22,245,20.42,7731.27,342.28,4.43,8073.55,Signal Flip
411,5M_EMA_CONFIRMED_100_200,LONG,2026-02-14T06:15,2051.67,2026-02-14T06:25,2048.54,2,0.17,8073.55,-12.32,-0.15,8061.24,Signal Flip
412,5M_EMA_CONFIRMED_100_200,LONG,2026-02-14T06:30,2052.92,2026-02-14T12:55,2069.78,77,6.42,8061.24,66.24,0.82,8127.47,Signal Flip
413,5M_EMA_CONFIRMED_100_200,LONG,2026-02-14T14:05,2075.07,2026-02-14T14:10,2072.43,1,0.08,8127.47,-10.32,-0.13,8117.16,Signal Flip
414,5M_EMA_CONFIRMED_100_200,LONG,2026-02-14T14:20,2075.74,2026-02-14T14:25,2069.51,1,0.08,8117.16,-24.33,-0.3,8092.83,Signal Flip
415,5M_EMA_CONFIRMED_100_200,LONG,2026-02-14T14:35,2075.36,2026-02-14T16:20,2072.29,21,1.75,8092.83,-11.95,-0.15,8080.88,Signal Flip
416,5M_EMA_CONFIRMED_100_200,LONG,2026-02-14T16:45,2080.54,2026-02-14T21:35,2081.95,58,4.83,8080.88,5.47,0.07,8086.35,Signal Flip
417,5M_EMA_CONFIRMED_100_200,LONG,2026-02-14T21:45,2085.07,2026-02-15T00:05,2084.32,28,2.33,8086.35,-2.93,-0.04,8083.42,Signal Flip
418,5M_EMA_CONFIRMED_100_200,LONG,2026-02-15T00:20,2089.02,2026-02-15T00:25,2082.86,1,0.08,8083.42,-23.86,-0.3,8059.56,Signal Flip
419,5M_EMA_CONFIRMED_100_200,LONG,2026-02-15T01:10,2085.89,2026-02-15T01:15,2082.57,1,0.08,8059.56,-12.84,-0.16,8046.72,Signal Flip
420,5M_EMA_CONFIRMED_100_200,SHORT,2026-02-15T03:30,2054.31,2026-02-15T04:10,2074.71,8,0.67,8046.72,-79.89,-0.99,7966.83,Signal Flip
421,5M_EMA_CONFIRMED_100_200,SHORT,2026-02-15T04:25,2069.82,2026-02-15T04:30,2073.86,1,0.08,7966.83,-15.52,-0.19,7951.32,Signal Flip
422,5M_EMA_CONFIRMED_100_200,LONG,2026-02-15T05:35,2093.8,2026-02-15T08:30,2075.3,35,2.92,7951.32,-70.23,-0.88,7881.08,Signal Flip
423,5M_EMA_CONFIRMED_100_200,SHORT,2026-02-15T10:30,2061.89,2026-02-16T00:10,1975.96,164,13.67,7881.08,328.45,4.17,8209.53,Signal Flip
424,5M_EMA_CONFIRMED_100_200,SHORT,2026-02-16T00:20,1970.61,2026-02-16T00:35,1973.45,3,0.25,8209.53,-11.8,-0.14,8197.73,Signal Flip
425,5M_EMA_CONFIRMED_100_200,SHORT,2026-02-16T00:40,1965.97,2026-02-16T01:05,1974.54,5,0.42,8197.73,-35.74,-0.44,8162.0,Signal Flip
426,5M_EMA_CONFIRMED_100_200,SHORT,2026-02-16T01:25,1965.84,2026-02-16T04:10,1967.3,33,2.75,8162.0,-6.09,-0.07,8155.91,Signal Flip
427,5M_EMA_CONFIRMED_100_200,SHORT,2026-02-16T04:35,1963.86,2026-02-16T04:40,1967.79,1,0.08,8155.91,-16.35,-0.2,8139.56,Signal Flip
428,5M_EMA_CONFIRMED_100_200,SHORT,2026-02-16T05:15,1959.97,2026-02-16T06:35,1965.2,16,1.33,8139.56,-21.73,-0.27,8117.83,Signal Flip
429,5M_EMA_CONFIRMED_100_200,SHORT,2026-02-16T11:15,1965.22,2026-02-16T11:55,1977.87,8,0.67,8117.83,-52.26,-0.64,8065.57,Signal Flip
430,5M_EMA_CONFIRMED_100_200,SHORT,2026-02-16T13:30,1975.62,2026-02-16T15:05,1981.65,19,1.58,8065.57,-24.61,-0.31,8040.96,Signal Flip
431,5M_EMA_CONFIRMED_100_200,SHORT,2026-02-16T15:15,1972.05,2026-02-16T16:45,1975.07,18,1.5,8040.96,-12.29,-0.15,8028.67,Signal Flip
432,5M_EMA_CONFIRMED_100_200,SHORT,2026-02-16T16:55,1971.0,2026-02-16T17:00,1974.74,1,0.08,8028.67,-15.21,-0.19,8013.47,Signal Flip
433,5M_EMA_CONFIRMED_100_200,SHORT,2026-02-16T17:10,1968.15,2026-02-16T17:30,1977.98,4,0.33,8013.47,-40.04,-0.5,7973.43,Signal Flip
434,5M_EMA_CONFIRMED_100_200,SHORT,2026-02-16T18:45,1973.87,2026-02-16T19:40,1978.72,11,0.92,7973.43,-19.58,-0.25,7953.85,Signal Flip
435,5M_EMA_CONFIRMED_100_200,SHORT,2026-02-16T20:00,1973.05,2026-02-16T20:05,1976.65,1,0.08,7953.85,-14.49,-0.18,7939.36,Signal Flip
436,5M_EMA_CONFIRMED_100_200,SHORT,2026-02-16T20:20,1971.36,2026-02-16T20:25,1975.96,1,0.08,7939.36,-18.5,-0.23,7920.86,Signal Flip
437,5M_EMA_CONFIRMED_100_200,LONG,2026-02-16T21:25,1990.8,2026-02-17T02:05,1986.3,56,4.67,7920.86,-17.94,-0.23,7902.92,Signal Flip
438,5M_EMA_CONFIRMED_100_200,LONG,2026-02-17T02:10,1995.17,2026-02-17T03:05,1991.65,11,0.92,7902.92,-13.92,-0.18,7889.01,Signal Flip
439,5M_EMA_CONFIRMED_100_200,LONG,2026-02-17T03:10,1994.12,2026-02-17T03:15,1991.17,1,0.08,7889.01,-11.64,-0.15,7877.37,Signal Flip
440,5M_EMA_CONFIRMED_100_200,LONG,2026-02-17T04:25,1998.18,2026-02-17T04:35,1984.59,2,0.17,7877.37,-53.58,-0.68,7823.79,Signal Flip
441,5M_EMA_CONFIRMED_100_200,LONG,2026-02-17T07:50,1986.98,2026-02-17T08:20,1984.07,6,0.5,7823.79,-11.48,-0.15,7812.31,Signal Flip
442,5M_EMA_CONFIRMED_100_200,SHORT,2026-02-17T08:45,1977.37,2026-02-17T13:15,1981.23,54,4.5,7812.31,-15.25,-0.2,7797.06,Signal Flip
443,5M_EMA_CONFIRMED_100_200,SHORT,2026-02-17T14:40,1978.39,2026-02-17T16:05,1988.58,17,1.42,7797.06,-40.17,-0.52,7756.88,Signal Flip
444,5M_EMA_CONFIRMED_100_200,SHORT,2026-02-17T17:15,1964.75,2026-02-17T18:25,1988.51,14,1.17,7756.88,-93.83,-1.21,7663.05,Signal Flip
445,5M_EMA_CONFIRMED_100_200,LONG,2026-02-17T19:20,2007.8,2026-02-18T00:50,1984.48,66,5.5,7663.05,-89.03,-1.16,7574.03,Signal Flip
446,5M_EMA_CONFIRMED_100_200,LONG,2026-02-18T02:10,1989.83,2026-02-18T02:15,1984.67,1,0.08,7574.03,-19.67,-0.26,7554.36,Signal Flip
447,5M_EMA_CONFIRMED_100_200,LONG,2026-02-18T02:35,1990.24,2026-02-18T10:35,2004.48,96,8.0,7554.36,54.02,0.72,7608.38,Signal Flip
448,5M_EMA_CONFIRMED_100_200,SHORT,2026-02-18T13:55,1965.23,2026-02-18T15:40,2005.6,21,1.75,7608.38,-156.31,-2.05,7452.07,Signal Flip
449,5M_EMA_CONFIRMED_100_200,SHORT,2026-02-18T16:00,1984.49,2026-02-19T00:10,1958.88,98,8.17,7452.07,96.16,1.29,7548.23,Signal Flip
450,5M_EMA_CONFIRMED_100_200,SHORT,2026-02-19T00:15,1953.34,2026-02-19T00:20,1960.38,1,0.08,7548.23,-27.19,-0.36,7521.04,Signal Flip
451,5M_EMA_CONFIRMED_100_200,SHORT,2026-02-19T00:25,1953.68,2026-02-19T00:40,1957.86,3,0.25,7521.04,-16.08,-0.21,7504.96,Signal Flip
452,5M_EMA_CONFIRMED_100_200,SHORT,2026-02-19T00:50,1954.48,2026-02-19T01:00,1957.52,2,0.17,7504.96,-11.66,-0.16,7493.3,Signal Flip
453,5M_EMA_CONFIRMED_100_200,LONG,2026-02-19T07:20,1984.62,2026-02-19T08:35,1967.47,15,1.25,7493.3,-64.78,-0.86,7428.53,Signal Flip
454,5M_EMA_CONFIRMED_100_200,LONG,2026-02-19T09:10,1974.18,2026-02-19T09:50,1961.82,8,0.67,7428.53,-46.5,-0.63,7382.03,Signal Flip
455,5M_EMA_CONFIRMED_100_200,SHORT,2026-02-19T11:05,1959.53,2026-02-19T17:20,1943.21,75,6.25,7382.03,61.48,0.83,7443.5,Signal Flip
456,5M_EMA_CONFIRMED_100_200,SHORT,2026-02-19T17:25,1937.15,2026-02-19T18:25,1938.16,12,1.0,7443.5,-3.87,-0.05,7439.63,Signal Flip
457,5M_EMA_CONFIRMED_100_200,SHORT,2026-02-19T18:35,1931.12,2026-02-19T18:45,1941.36,2,0.17,7439.63,-39.43,-0.53,7400.2,Signal Flip
458,5M_EMA_CONFIRMED_100_200,SHORT,2026-02-19T19:30,1935.9,2026-02-19T19:55,1940.45,5,0.42,7400.2,-17.39,-0.23,7382.81,Signal Flip
459,5M_EMA_CONFIRMED_100_200,SHORT,2026-02-19T22:30,1938.73,2026-02-19T22:50,1941.95,4,0.33,7382.81,-12.26,-0.17,7370.55,Signal Flip
460,5M_EMA_CONFIRMED_100_200,LONG,2026-02-20T02:40,1955.31,2026-02-20T04:05,1948.03,17,1.42,7370.55,-27.45,-0.37,7343.1,Signal Flip
461,5M_EMA_CONFIRMED_100_200,SHORT,2026-02-20T05:00,1938.2,2026-02-20T05:35,1962.57,7,0.58,7343.1,-92.33,-1.26,7250.77,Signal Flip
462,5M_EMA_CONFIRMED_100_200,LONG,2026-02-20T05:55,1957.14,2026-02-20T10:55,1958.28,60,5.0,7250.77,4.23,0.06,7255.0,Signal Flip
463,5M_EMA_CONFIRMED_100_200,SHORT,2026-02-20T13:45,1927.46,2026-02-20T15:05,1965.65,16,1.33,7255.0,-143.77,-1.98,7111.23,Signal Flip
464,5M_EMA_CONFIRMED_100_200,SHORT,2026-02-20T15:15,1944.97,2026-02-20T15:20,1951.46,1,0.08,7111.23,-23.72,-0.33,7087.51,Signal Flip
465,5M_EMA_CONFIRMED_100_200,SHORT,2026-02-20T15:35,1946.15,2026-02-20T15:40,1952.08,1,0.08,7087.51,-21.59,-0.3,7065.91,Signal Flip
466,5M_EMA_CONFIRMED_100_200,LONG,2026-02-20T16:30,1957.76,2026-02-20T17:15,1946.58,9,0.75,7065.91,-40.36,-0.57,7025.55,Signal Flip
467,5M_EMA_CONFIRMED_100_200,LONG,2026-02-20T17:40,1957.9,2026-02-20T23:40,1962.56,72,6.0,7025.55,16.72,0.24,7042.27,Signal Flip
468,5M_EMA_CONFIRMED_100_200,LONG,2026-02-20T23:45,1966.99,2026-02-21T00:35,1963.91,10,0.83,7042.27,-11.05,-0.16,7031.23,Signal Flip
469,5M_EMA_CONFIRMED_100_200,LONG,2026-02-21T01:10,1966.93,2026-02-21T01:20,1963.91,2,0.17,7031.23,-10.82,-0.15,7020.41,Signal Flip
470,5M_EMA_CONFIRMED_100_200,LONG,2026-02-21T01:35,1966.71,2026-02-21T02:50,1964.83,15,1.25,7020.41,-6.73,-0.1,7013.68,Signal Flip
471,5M_EMA_CONFIRMED_100_200,LONG,2026-02-21T05:30,1964.62,2026-02-21T05:40,1961.92,2,0.17,7013.68,-9.65,-0.14,7004.03,Signal Flip
472,5M_EMA_CONFIRMED_100_200,LONG,2026-02-21T05:45,1964.68,2026-02-21T05:50,1960.69,1,0.08,7004.03,-14.23,-0.2,6989.8,Signal Flip
473,5M_EMA_CONFIRMED_100_200,LONG,2026-02-21T06:15,1966.59,2026-02-21T06:25,1962.57,2,0.17,6989.8,-14.3,-0.2,6975.49,Signal Flip
474,5M_EMA_CONFIRMED_100_200,LONG,2026-02-21T07:15,1964.49,2026-02-21T07:20,1962.32,1,0.08,6975.49,-7.72,-0.11,6967.78,Signal Flip
475,5M_EMA_CONFIRMED_100_200,LONG,2026-02-21T07:30,1964.33,2026-02-21T07:35,1961.93,1,0.08,6967.78,-8.52,-0.12,6959.25,Signal Flip
476,5M_EMA_CONFIRMED_100_200,LONG,2026-02-21T07:40,1964.7,2026-02-21T07:45,1960.77,1,0.08,6959.25,-13.93,-0.2,6945.32,Signal Flip
477,5M_EMA_CONFIRMED_100_200,LONG,2026-02-21T08:05,1964.51,2026-02-21T20:45,1982.84,152,12.67,6945.32,64.79,0.93,7010.11,Signal Flip
478,5M_EMA_CONFIRMED_100_200,LONG,2026-02-22T01:45,1979.39,2026-02-22T01:55,1976.06,2,0.17,7010.11,-11.79,-0.17,6998.33,Signal Flip
479,5M_EMA_CONFIRMED_100_200,LONG,2026-02-22T02:05,1979.83,2026-02-22T02:25,1975.13,4,0.33,6998.33,-16.6,-0.24,6981.72,Signal Flip
480,5M_EMA_CONFIRMED_100_200,SHORT,2026-02-22T03:25,1969.46,2026-02-22T06:05,1977.67,32,2.67,6981.72,-29.08,-0.42,6952.64,Signal Flip
481,5M_EMA_CONFIRMED_100_200,SHORT,2026-02-22T06:25,1974.01,2026-02-22T06:30,1978.2,1,0.08,6952.64,-14.74,-0.21,6937.9,Signal Flip
482,5M_EMA_CONFIRMED_100_200,SHORT,2026-02-22T06:50,1974.57,2026-02-22T06:55,1976.61,1,0.08,6937.9,-7.15,-0.1,6930.74,Signal Flip
483,5M_EMA_CONFIRMED_100_200,SHORT,2026-02-22T07:20,1974.22,2026-02-22T07:30,1977.4,2,0.17,6930.74,-11.15,-0.16,6919.6,Signal Flip
484,5M_EMA_CONFIRMED_100_200,SHORT,2026-02-22T08:10,1974.23,2026-02-22T08:15,1977.68,1,0.08,6919.6,-12.08,-0.17,6907.52,Signal Flip
485,5M_EMA_CONFIRMED_100_200,SHORT,2026-02-22T08:25,1973.24,2026-02-22T09:50,1976.63,17,1.42,6907.52,-11.85,-0.17,6895.67,Signal Flip
486,5M_EMA_CONFIRMED_100_200,LONG,2026-02-22T11:35,1982.62,2026-02-22T12:10,1974.01,7,0.58,6895.67,-29.94,-0.43,6865.73,Signal Flip
487,5M_EMA_CONFIRMED_100_200,SHORT,2026-02-22T12:40,1962.9,2026-02-22T21:40,1951.4,108,9.0,6865.73,40.23,0.59,6905.96,Signal Flip
488,5M_EMA_CONFIRMED_100_200,SHORT,2026-02-22T22:10,1947.35,2026-02-22T22:25,1955.81,3,0.25,6905.96,-30.01,-0.43,6875.95,Signal Flip
489,5M_EMA_CONFIRMED_100_200,SHORT,2026-02-22T23:45,1948.27,2026-02-22T23:50,1953.43,1,0.08,6875.95,-18.21,-0.26,6857.74,Signal Flip
490,5M_EMA_CONFIRMED_100_200,SHORT,2026-02-23T00:25,1949.22,2026-02-23T07:40,1887.55,87,7.25,6857.74,216.97,3.16,7074.71,Signal Flip
491,5M_EMA_CONFIRMED_100_200,SHORT,2026-02-23T07:45,1884.63,2026-02-23T08:15,1889.34,6,0.5,7074.71,-17.71,-0.25,7057.01,Signal Flip
492,5M_EMA_CONFIRMED_100_200,SHORT,2026-02-23T08:25,1882.05,2026-02-23T09:15,1886.83,10,0.83,7057.01,-17.94,-0.25,7039.07,Signal Flip
493,5M_EMA_CONFIRMED_100_200,SHORT,2026-02-23T09:20,1883.22,2026-02-23T09:30,1889.16,2,0.17,7039.07,-22.23,-0.32,7016.84,Signal Flip
494,5M_EMA_CONFIRMED_100_200,SHORT,2026-02-23T14:40,1906.78,2026-02-24T00:50,1869.0,122,10.17,7016.84,139.0,1.98,7155.84,Signal Flip
495,5M_EMA_CONFIRMED_100_200,SHORT,2026-02-24T01:00,1867.02,2026-02-24T14:45,1828.81,165,13.75,7155.84,146.42,2.05,7302.26,Signal Flip
496,5M_EMA_CONFIRMED_100_200,LONG,2026-02-24T18:50,1860.55,2026-02-25T00:05,1849.54,63,5.25,7302.26,-43.19,-0.59,7259.07,Signal Flip
497,5M_EMA_CONFIRMED_100_200,LONG,2026-02-25T00:20,1852.52,2026-02-25T00:25,1848.79,1,0.08,7259.07,-14.62,-0.2,7244.45,Signal Flip
498,5M_EMA_CONFIRMED_100_200,LONG,2026-02-25T00:40,1853.79,2026-02-25T05:35,1884.89,59,4.92,7244.45,121.54,1.68,7365.99,Signal Flip
499,5M_EMA_CONFIRMED_100_200,LONG,2026-02-25T06:10,1891.1,2026-02-25T06:50,1888.41,8,0.67,7365.99,-10.48,-0.14,7355.51,Signal Flip
500,5M_EMA_CONFIRMED_100_200,LONG,2026-02-25T07:20,1892.9,2026-02-25T07:45,1889.04,5,0.42,7355.51,-15.0,-0.2,7340.51,Signal Flip
501,5M_EMA_CONFIRMED_100_200,LONG,2026-02-25T07:55,1893.3,2026-02-25T23:40,2051.24,189,15.75,7340.51,612.38,8.34,7952.89,Signal Flip
502,5M_EMA_CONFIRMED_100_200,LONG,2026-02-26T00:00,2058.51,2026-02-26T00:05,2050.11,1,0.08,7952.89,-32.43,-0.41,7920.46,Signal Flip
503,5M_EMA_CONFIRMED_100_200,LONG,2026-02-26T00:10,2065.06,2026-02-26T00:40,2054.47,6,0.5,7920.46,-40.62,-0.51,7879.84,Signal Flip
504,5M_EMA_CONFIRMED_100_200,LONG,2026-02-26T00:45,2059.46,2026-02-26T01:30,2054.84,9,0.75,7879.84,-17.67,-0.22,7862.17,Signal Flip
505,5M_EMA_CONFIRMED_100_200,LONG,2026-02-26T01:40,2059.55,2026-02-26T01:55,2056.5,3,0.25,7862.17,-11.64,-0.15,7850.54,Signal Flip
506,5M_EMA_CONFIRMED_100_200,LONG,2026-02-26T02:00,2059.38,2026-02-26T02:05,2047.78,1,0.08,7850.54,-44.23,-0.56,7806.3,Signal Flip
507,5M_EMA_CONFIRMED_100_200,LONG,2026-02-26T03:35,2058.13,2026-02-26T03:40,2052.8,1,0.08,7806.3,-20.2,-0.26,7786.1,Signal Flip
508,5M_EMA_CONFIRMED_100_200,LONG,2026-02-26T03:45,2057.71,2026-02-26T03:55,2054.25,2,0.17,7786.1,-13.08,-0.17,7773.03,Signal Flip
509,5M_EMA_CONFIRMED_100_200,LONG,2026-02-26T04:10,2062.45,2026-02-26T07:40,2056.86,42,3.5,7773.03,-21.07,-0.27,7751.96,Signal Flip
510,5M_EMA_CONFIRMED_100_200,LONG,2026-02-26T09:10,2061.08,2026-02-26T10:55,2061.68,21,1.75,7751.96,2.25,0.03,7754.21,Signal Flip
511,5M_EMA_CONFIRMED_100_200,LONG,2026-02-26T11:00,2066.34,2026-02-26T11:10,2060.24,2,0.17,7754.21,-22.9,-0.3,7731.31,Signal Flip
512,5M_EMA_CONFIRMED_100_200,LONG,2026-02-26T11:15,2065.48,2026-02-26T11:20,2056.86,1,0.08,7731.31,-32.27,-0.42,7699.04,Signal Flip
513,5M_EMA_CONFIRMED_100_200,LONG,2026-02-26T12:10,2065.15,2026-02-26T13:20,2062.27,14,1.17,7699.04,-10.75,-0.14,7688.29,Signal Flip
514,5M_EMA_CONFIRMED_100_200,LONG,2026-02-26T13:25,2065.38,2026-02-26T14:05,2062.87,8,0.67,7688.29,-9.36,-0.12,7678.93,Signal Flip
515,5M_EMA_CONFIRMED_100_200,LONG,2026-02-26T14:15,2067.15,2026-02-26T14:40,2060.22,5,0.42,7678.93,-25.76,-0.34,7653.17,Signal Flip
516,5M_EMA_CONFIRMED_100_200,SHORT,2026-02-26T16:55,1984.11,2026-02-26T19:25,2030.65,30,2.5,7653.17,-179.54,-2.35,7473.63,Signal Flip
517,5M_EMA_CONFIRMED_100_200,SHORT,2026-02-26T19:30,2024.81,2026-02-26T19:35,2029.79,1,0.08,7473.63,-18.41,-0.25,7455.22,Signal Flip
518,5M_EMA_CONFIRMED_100_200,SHORT,2026-02-26T19:40,2024.48,2026-02-26T19:55,2029.58,3,0.25,7455.22,-18.81,-0.25,7436.41,Signal Flip
519,5M_EMA_CONFIRMED_100_200,SHORT,2026-02-26T20:40,2025.11,2026-02-26T20:45,2030.07,1,0.08,7436.41,-18.24,-0.25,7418.17,Signal Flip
520,5M_EMA_CONFIRMED_100_200,SHORT,2026-02-26T20:55,2022.96,2026-02-26T21:05,2029.14,2,0.17,7418.17,-22.68,-0.31,7395.49,Signal Flip
521,5M_EMA_CONFIRMED_100_200,SHORT,2026-02-26T21:10,2021.06,2026-02-26T21:20,2028.87,2,0.17,7395.49,-28.6,-0.39,7366.89,Signal Flip
522,5M_EMA_CONFIRMED_100_200,SHORT,2026-02-26T23:05,2027.19,2026-02-26T23:15,2030.75,2,0.17,7366.89,-12.97,-0.18,7353.92,Signal Flip
523,5M_EMA_CONFIRMED_100_200,SHORT,2026-02-26T23:40,2027.77,2026-02-27T00:10,2030.42,6,0.5,7353.92,-9.64,-0.13,7344.28,Signal Flip
524,5M_EMA_CONFIRMED_100_200,SHORT,2026-02-27T00:15,2024.94,2026-02-27T02:05,2025.65,22,1.83,7344.28,-2.59,-0.04,7341.68,Signal Flip
525,5M_EMA_CONFIRMED_100_200,SHORT,2026-02-27T02:10,2022.12,2026-02-27T02:20,2030.91,2,0.17,7341.68,-31.94,-0.44,7309.75,Signal Flip
526,5M_EMA_CONFIRMED_100_200,SHORT,2026-02-27T03:10,2023.1,2026-02-27T03:35,2027.9,5,0.42,7309.75,-17.36,-0.24,7292.38,Signal Flip
527,5M_EMA_CONFIRMED_100_200,LONG,2026-02-27T05:30,2045.41,2026-02-27T06:25,2032.14,11,0.92,7292.38,-47.31,-0.65,7245.08,Signal Flip
528,5M_EMA_CONFIRMED_100_200,LONG,2026-02-27T06:40,2039.72,2026-02-27T07:05,2033.2,5,0.42,7245.08,-23.15,-0.32,7221.93,Signal Flip
529,5M_EMA_CONFIRMED_100_200,LONG,2026-02-27T07:10,2039.88,2026-02-27T07:25,2033.19,3,0.25,7221.93,-23.67,-0.33,7198.26,Signal Flip
530,5M_EMA_CONFIRMED_100_200,LONG,2026-02-27T08:10,2042.19,2026-02-27T08:40,2030.03,6,0.5,7198.26,-42.85,-0.6,7155.41,Signal Flip
531,5M_EMA_CONFIRMED_100_200,LONG,2026-02-27T08:50,2035.37,2026-02-27T08:55,2032.96,1,0.08,7155.41,-8.45,-0.12,7146.96,Signal Flip
532,5M_EMA_CONFIRMED_100_200,LONG,2026-02-27T09:05,2035.37,2026-02-27T09:40,2028.0,7,0.58,7146.96,-25.88,-0.36,7121.07,Signal Flip
533,5M_EMA_CONFIRMED_100_200,SHORT,2026-02-27T10:00,2009.0,2026-02-28T00:10,1932.82,170,14.17,7121.07,270.02,3.79,7391.1,Signal Flip
534,5M_EMA_CONFIRMED_100_200,SHORT,2026-02-28T00:20,1929.97,2026-02-28T00:45,1934.04,5,0.42,7391.1,-15.56,-0.21,7375.54,Signal Flip
535,5M_EMA_CONFIRMED_100_200,SHORT,2026-02-28T01:15,1930.12,2026-02-28T01:25,1933.53,2,0.17,7375.54,-13.0,-0.18,7362.54,Signal Flip
536,5M_EMA_CONFIRMED_100_200,SHORT,2026-02-28T01:30,1924.34,2026-02-28T02:50,1932.08,16,1.33,7362.54,-29.61,-0.4,7332.94,Signal Flip
537,5M_EMA_CONFIRMED_100_200,SHORT,2026-02-28T03:00,1929.39,2026-02-28T13:50,1892.68,130,10.83,7332.94,139.56,1.9,7472.49,Signal Flip
538,5M_EMA_CONFIRMED_100_200,SHORT,2026-02-28T15:15,1874.79,2026-02-28T15:20,1884.12,1,0.08,7472.49,-37.19,-0.5,7435.31,Signal Flip
539,5M_EMA_CONFIRMED_100_200,LONG,2026-02-28T19:40,1953.86,2026-03-01T06:40,1993.68,132,11.0,7435.31,151.56,2.04,7586.86,Signal Flip
540,5M_EMA_CONFIRMED_100_200,LONG,2026-03-01T06:55,1999.64,2026-03-01T07:05,1993.67,2,0.17,7586.86,-22.64,-0.3,7564.22,Signal Flip
541,5M_EMA_CONFIRMED_100_200,LONG,2026-03-01T07:10,1998.99,2026-03-01T08:50,1995.56,20,1.67,7564.22,-12.97,-0.17,7551.26,Signal Flip
542,5M_EMA_CONFIRMED_100_200,LONG,2026-03-01T13:55,2018.73,2026-03-01T16:00,1992.38,25,2.08,7551.26,-98.55,-1.31,7452.71,Signal Flip
543,5M_EMA_CONFIRMED_100_200,LONG,2026-03-01T16:05,2003.19,2026-03-01T16:50,1972.51,9,0.75,7452.71,-114.13,-1.53,7338.57,Signal Flip
544,5M_EMA_CONFIRMED_100_200,SHORT,2026-03-01T20:00,1952.91,2026-03-02T00:45,1964.94,57,4.75,7338.57,-45.2,-0.62,7293.37,Signal Flip
545,5M_EMA_CONFIRMED_100_200,SHORT,2026-03-02T02:10,1949.22,2026-03-02T02:35,1955.5,5,0.42,7293.37,-23.47,-0.32,7269.9,Signal Flip
546,5M_EMA_CONFIRMED_100_200,SHORT,2026-03-02T02:50,1952.57,2026-03-02T03:00,1956.61,2,0.17,7269.9,-15.02,-0.21,7254.88,Signal Flip
547,5M_EMA_CONFIRMED_100_200,SHORT,2026-03-02T03:05,1949.38,2026-03-02T03:10,1956.89,1,0.08,7254.88,-27.92,-0.38,7226.96,Signal Flip
548,5M_EMA_CONFIRMED_100_200,SHORT,2026-03-02T06:20,1950.54,2026-03-02T09:10,1954.14,34,2.83,7226.96,-13.31,-0.18,7213.65,Signal Flip
549,5M_EMA_CONFIRMED_100_200,SHORT,2026-03-02T09:55,1950.15,2026-03-02T10:05,1953.91,2,0.17,7213.65,-13.88,-0.19,7199.77,Signal Flip
550,5M_EMA_CONFIRMED_100_200,SHORT,2026-03-02T10:15,1946.46,2026-03-02T10:30,1953.39,3,0.25,7199.77,-25.63,-0.36,7174.13,Signal Flip
551,5M_EMA_CONFIRMED_100_200,SHORT,2026-03-02T10:45,1950.07,2026-03-02T11:00,1953.22,3,0.25,7174.13,-11.56,-0.16,7162.58,Signal Flip
552,5M_EMA_CONFIRMED_100_200,SHORT,2026-03-02T11:05,1950.31,2026-03-02T14:35,1954.8,42,3.5,7162.58,-16.46,-0.23,7146.11,Signal Flip
553,5M_EMA_CONFIRMED_100_200,LONG,2026-03-02T15:35,2034.27,2026-03-02T23:35,2028.83,96,8.0,7146.11,-19.12,-0.27,7127.0,Signal Flip
554,5M_EMA_CONFIRMED_100_200,LONG,2026-03-02T23:40,2032.53,2026-03-02T23:45,2026.04,1,0.08,7127.0,-22.75,-0.32,7104.24,Signal Flip
555,5M_EMA_CONFIRMED_100_200,LONG,2026-03-02T23:50,2032.01,2026-03-02T23:55,2026.36,1,0.08,7104.24,-19.75,-0.28,7084.49,Signal Flip
556,5M_EMA_CONFIRMED_100_200,LONG,2026-03-03T00:05,2032.32,2026-03-03T00:15,2026.02,2,0.17,7084.49,-21.96,-0.31,7062.54,Signal Flip
557,5M_EMA_CONFIRMED_100_200,LONG,2026-03-03T00:35,2034.07,2026-03-03T00:50,2028.41,3,0.25,7062.54,-19.66,-0.28,7042.88,Signal Flip
558,5M_EMA_CONFIRMED_100_200,LONG,2026-03-03T00:55,2031.7,2026-03-03T01:30,2028.2,7,0.58,7042.88,-12.13,-0.17,7030.75,Signal Flip
559,5M_EMA_CONFIRMED_100_200,LONG,2026-03-03T01:50,2032.85,2026-03-03T01:55,2025.21,1,0.08,7030.75,-26.42,-0.38,7004.33,Signal Flip
560,5M_EMA_CONFIRMED_100_200,SHORT,2026-03-03T07:45,1996.99,2026-03-03T12:15,1982.56,54,4.5,7004.33,50.61,0.72,7054.94,Signal Flip
561,5M_EMA_CONFIRMED_100_200,SHORT,2026-03-03T12:20,1973.65,2026-03-03T15:40,1968.21,40,3.33,7054.94,19.44,0.28,7074.38,Signal Flip
562,5M_EMA_CONFIRMED_100_200,SHORT,2026-03-03T15:45,1958.68,2026-03-03T15:50,1968.36,1,0.08,7074.38,-34.98,-0.49,7039.41,Signal Flip
563,5M_EMA_CONFIRMED_100_200,SHORT,2026-03-03T15:55,1962.46,2026-03-03T16:00,1970.19,1,0.08,7039.41,-27.75,-0.39,7011.66,Signal Flip
564,5M_EMA_CONFIRMED_100_200,SHORT,2026-03-03T17:10,1966.82,2026-03-03T17:15,1971.53,1,0.08,7011.66,-16.79,-0.24,6994.87,Signal Flip
565,5M_EMA_CONFIRMED_100_200,SHORT,2026-03-03T17:35,1962.64,2026-03-03T17:45,1976.62,2,0.17,6994.87,-49.82,-0.71,6945.04,Signal Flip
566,5M_EMA_CONFIRMED_100_200,SHORT,2026-03-03T20:55,1975.25,2026-03-03T21:00,1979.33,1,0.08,6945.04,-14.34,-0.21,6930.71,Signal Flip
567,5M_EMA_CONFIRMED_100_200,SHORT,2026-03-03T21:05,1967.68,2026-03-03T22:05,1977.8,12,1.0,6930.71,-35.66,-0.51,6895.05,Signal Flip
568,5M_EMA_CONFIRMED_100_200,SHORT,2026-03-04T00:35,1967.49,2026-03-04T01:05,1983.85,6,0.5,6895.05,-57.35,-0.83,6837.7,Signal Flip
569,5M_EMA_CONFIRMED_100_200,SHORT,2026-03-04T01:15,1976.95,2026-03-04T01:30,1980.29,3,0.25,6837.7,-11.55,-0.17,6826.15,Signal Flip
570,5M_EMA_CONFIRMED_100_200,SHORT,2026-03-04T02:05,1977.94,2026-03-04T02:20,1980.47,3,0.25,6826.15,-8.73,-0.13,6817.42,Signal Flip
571,5M_EMA_CONFIRMED_100_200,SHORT,2026-03-04T02:25,1975.27,2026-03-04T02:55,1981.26,6,0.5,6817.42,-20.67,-0.3,6796.76,Signal Flip
572,5M_EMA_CONFIRMED_100_200,SHORT,2026-03-04T03:05,1970.4,2026-03-04T05:45,1973.61,32,2.67,6796.76,-11.05,-0.16,6785.71,Signal Flip
573,5M_EMA_CONFIRMED_100_200,SHORT,2026-03-04T06:10,1968.31,2026-03-04T06:35,1979.96,5,0.42,6785.71,-40.18,-0.59,6745.53,Signal Flip
574,5M_EMA_CONFIRMED_100_200,LONG,2026-03-04T08:15,2010.95,2026-03-04T22:45,2135.6,174,14.5,6745.53,418.11,6.2,7163.65,Signal Flip
575,5M_EMA_CONFIRMED_100_200,LONG,2026-03-05T01:10,2138.48,2026-03-05T01:20,2127.99,2,0.17,7163.65,-35.15,-0.49,7128.5,Signal Flip
576,5M_EMA_CONFIRMED_100_200,LONG,2026-03-05T04:20,2128.55,2026-03-05T05:25,2121.01,13,1.08,7128.5,-25.27,-0.35,7103.23,Signal Flip
577,5M_EMA_CONFIRMED_100_200,LONG,2026-03-05T06:50,2128.46,2026-03-05T07:05,2124.24,3,0.25,7103.23,-14.1,-0.2,7089.13,Signal Flip
578,5M_EMA_CONFIRMED_100_200,LONG,2026-03-05T07:15,2130.4,2026-03-05T07:35,2118.8,4,0.33,7089.13,-38.62,-0.54,7050.51,Signal Flip
579,5M_EMA_CONFIRMED_100_200,LONG,2026-03-05T09:05,2125.41,2026-03-05T13:05,2127.61,48,4.0,7050.51,7.28,0.1,7057.79,Signal Flip
580,5M_EMA_CONFIRMED_100_200,SHORT,2026-03-05T15:45,2080.05,2026-03-05T20:25,2093.4,56,4.67,7057.79,-45.29,-0.64,7012.5,Signal Flip
581,5M_EMA_CONFIRMED_100_200,SHORT,2026-03-05T20:30,2086.33,2026-03-05T20:35,2091.9,1,0.08,7012.5,-18.72,-0.27,6993.78,Signal Flip
582,5M_EMA_CONFIRMED_100_200,SHORT,2026-03-05T20:40,2088.75,2026-03-05T20:50,2091.83,2,0.17,6993.78,-10.31,-0.15,6983.47,Signal Flip
583,5M_EMA_CONFIRMED_100_200,SHORT,2026-03-05T21:35,2084.18,2026-03-06T01:35,2083.44,48,4.0,6983.47,2.47,0.04,6985.93,Signal Flip
584,5M_EMA_CONFIRMED_100_200,SHORT,2026-03-06T02:55,2081.04,2026-03-06T03:00,2084.93,1,0.08,6985.93,-13.07,-0.19,6972.87,Signal Flip
585,5M_EMA_CONFIRMED_100_200,SHORT,2026-03-06T03:15,2077.46,2026-03-06T03:25,2087.55,2,0.17,6972.87,-33.87,-0.49,6938.99,Signal Flip
586,5M_EMA_CONFIRMED_100_200,SHORT,2026-03-06T03:50,2081.59,2026-03-06T04:00,2084.85,2,0.17,6938.99,-10.88,-0.16,6928.11,Signal Flip
587,5M_EMA_CONFIRMED_100_200,SHORT,2026-03-06T04:10,2079.57,2026-03-06T06:50,2078.27,32,2.67,6928.11,4.33,0.06,6932.45,Signal Flip
588,5M_EMA_CONFIRMED_100_200,SHORT,2026-03-06T06:55,2072.61,2026-03-06T07:05,2079.49,2,0.17,6932.45,-23.0,-0.33,6909.45,Signal Flip
589,5M_EMA_CONFIRMED_100_200,SHORT,2026-03-06T07:10,2073.01,2026-03-06T07:25,2079.4,3,0.25,6909.45,-21.29,-0.31,6888.16,Signal Flip
590,5M_EMA_CONFIRMED_100_200,SHORT,2026-03-06T09:00,2074.92,2026-03-07T03:15,1996.07,219,18.25,6888.16,261.77,3.8,7149.94,Signal Flip
591,5M_EMA_CONFIRMED_100_200,SHORT,2026-03-07T03:30,1982.82,2026-03-07T03:35,1985.37,1,0.08,7149.94,-9.21,-0.13,7140.73,Signal Flip
592,5M_EMA_CONFIRMED_100_200,SHORT,2026-03-07T03:40,1981.53,2026-03-07T07:55,1981.29,51,4.25,7140.73,0.86,0.01,7141.59,Signal Flip
593,5M_EMA_CONFIRMED_100_200,SHORT,2026-03-07T09:00,1977.03,2026-03-07T09:10,1980.82,2,0.17,7141.59,-13.69,-0.19,7127.9,Signal Flip
594,5M_EMA_CONFIRMED_100_200,SHORT,2026-03-07T12:50,1980.37,2026-03-07T13:05,1985.04,3,0.25,7127.9,-16.82,-0.24,7111.08,Signal Flip
595,5M_EMA_CONFIRMED_100_200,SHORT,2026-03-07T13:10,1980.78,2026-03-07T14:40,1988.42,18,1.5,7111.08,-27.44,-0.39,7083.64,Signal Flip
596,5M_EMA_CONFIRMED_100_200,SHORT,2026-03-07T15:40,1977.04,2026-03-07T17:25,1983.15,21,1.75,7083.64,-21.89,-0.31,7061.75,Signal Flip
597,5M_EMA_CONFIRMED_100_200,SHORT,2026-03-07T17:30,1980.09,2026-03-07T23:25,1973.03,71,5.92,7061.75,25.19,0.36,7086.94,Signal Flip
598,5M_EMA_CONFIRMED_100_200,SHORT,2026-03-07T23:40,1969.2,2026-03-07T23:45,1972.08,1,0.08,7086.94,-10.33,-0.15,7076.61,Signal Flip
599,5M_EMA_CONFIRMED_100_200,SHORT,2026-03-07T23:50,1968.61,2026-03-08T00:05,1973.87,3,0.25,7076.61,-18.91,-0.27,7057.69,Signal Flip
600,5M_EMA_CONFIRMED_100_200,SHORT,2026-03-08T00:25,1969.91,2026-03-08T01:10,1971.89,9,0.75,7057.69,-7.06,-0.1,7050.63,Signal Flip
601,5M_EMA_CONFIRMED_100_200,SHORT,2026-03-08T01:15,1969.36,2026-03-08T01:50,1972.18,7,0.58,7050.63,-10.06,-0.14,7040.57,Signal Flip
602,5M_EMA_CONFIRMED_100_200,SHORT,2026-03-08T02:00,1967.96,2026-03-08T07:10,1957.72,62,5.17,7040.57,36.62,0.52,7077.19,Signal Flip
603,5M_EMA_CONFIRMED_100_200,SHORT,2026-03-08T07:35,1953.79,2026-03-08T08:45,1959.21,14,1.17,7077.19,-19.62,-0.28,7057.57,Signal Flip
604,5M_EMA_CONFIRMED_100_200,SHORT,2026-03-08T11:10,1954.66,2026-03-08T11:25,1961.57,3,0.25,7057.57,-24.94,-0.35,7032.63,Signal Flip
605,5M_EMA_CONFIRMED_100_200,SHORT,2026-03-08T11:30,1958.0,2026-03-08T19:15,1947.64,93,7.75,7032.63,37.2,0.53,7069.83,Signal Flip
606,5M_EMA_CONFIRMED_100_200,SHORT,2026-03-08T21:15,1947.78,2026-03-08T21:25,1953.46,2,0.17,7069.83,-20.62,-0.29,7049.21,Signal Flip
607,5M_EMA_CONFIRMED_100_200,SHORT,2026-03-08T22:05,1919.76,2026-03-08T23:05,1951.1,12,1.0,7049.21,-115.06,-1.63,6934.15,Signal Flip
608,5M_EMA_CONFIRMED_100_200,SHORT,2026-03-08T23:10,1944.92,2026-03-08T23:15,1949.33,1,0.08,6934.15,-15.75,-0.23,6918.4,Signal Flip
609,5M_EMA_CONFIRMED_100_200,SHORT,2026-03-08T23:20,1944.31,2026-03-08T23:25,1953.97,1,0.08,6918.4,-34.37,-0.5,6884.03,Signal Flip
610,5M_EMA_CONFIRMED_100_200,SHORT,2026-03-08T23:40,1940.69,2026-03-09T00:10,1947.86,6,0.5,6884.03,-25.45,-0.37,6858.58,Signal Flip
611,5M_EMA_CONFIRMED_100_200,SHORT,2026-03-09T00:20,1941.53,2026-03-09T00:35,1952.8,3,0.25,6858.58,-39.8,-0.58,6818.78,Signal Flip
612,5M_EMA_CONFIRMED_100_200,SHORT,2026-03-09T02:00,1945.03,2026-03-09T02:10,1949.47,2,0.17,6818.78,-15.59,-0.23,6803.19,Signal Flip
613,5M_EMA_CONFIRMED_100_200,SHORT,2026-03-09T02:15,1944.91,2026-03-09T02:35,1948.47,4,0.33,6803.19,-12.48,-0.18,6790.71,Signal Flip
614,5M_EMA_CONFIRMED_100_200,LONG,2026-03-09T03:15,1998.73,2026-03-09T07:20,1966.54,49,4.08,6790.71,-109.37,-1.61,6681.34,Signal Flip
615,5M_EMA_CONFIRMED_100_200,LONG,2026-03-09T07:30,1977.68,2026-03-09T11:20,1982.73,46,3.83,6681.34,17.06,0.26,6698.4,Signal Flip
616,5M_EMA_CONFIRMED_100_200,LONG,2026-03-09T11:35,1990.89,2026-03-09T17:45,2009.57,74,6.17,6698.4,62.85,0.94,6761.25,Signal Flip
617,5M_EMA_CONFIRMED_100_200,LONG,2026-03-09T17:55,2019.62,2026-03-09T18:05,2011.05,2,0.17,6761.25,-28.67,-0.42,6732.57,Signal Flip
618,5M_EMA_CONFIRMED_100_200,LONG,2026-03-09T18:15,2013.47,2026-03-09T19:00,2011.1,9,0.75,6732.57,-7.9,-0.12,6724.67,Signal Flip
619,5M_EMA_CONFIRMED_100_200,LONG,2026-03-09T19:05,2014.62,2026-03-09T19:15,2009.28,2,0.17,6724.67,-17.8,-0.26,6706.88,Signal Flip
620,5M_EMA_CONFIRMED_100_200,LONG,2026-03-09T19:20,2027.04,2026-03-09T22:10,2019.35,34,2.83,6706.88,-25.45,-0.38,6681.42,Signal Flip
621,5M_EMA_CONFIRMED_100_200,LONG,2026-03-09T22:15,2024.51,2026-03-09T22:25,2018.27,2,0.17,6681.42,-20.6,-0.31,6660.82,Signal Flip
622,5M_EMA_CONFIRMED_100_200,LONG,2026-03-09T22:30,2023.35,2026-03-09T22:35,2018.7,1,0.08,6660.82,-15.31,-0.23,6645.51,Signal Flip
623,5M_EMA_CONFIRMED_100_200,LONG,2026-03-10T00:35,2016.51,2026-03-10T00:55,2012.8,4,0.33,6645.51,-12.21,-0.18,6633.3,Signal Flip
624,5M_EMA_CONFIRMED_100_200,LONG,2026-03-10T01:00,2016.38,2026-03-10T01:20,2011.14,4,0.33,6633.3,-17.22,-0.26,6616.09,Signal Flip
625,5M_EMA_CONFIRMED_100_200,LONG,2026-03-10T01:50,2015.3,2026-03-10T12:30,2051.57,128,10.67,6616.09,119.09,1.8,6735.18,Signal Flip
626,5M_EMA_CONFIRMED_100_200,LONG,2026-03-10T13:10,2057.95,2026-03-10T13:35,2037.93,5,0.42,6735.18,-65.51,-0.97,6669.67,Signal Flip
627,5M_EMA_CONFIRMED_100_200,LONG,2026-03-10T14:55,2066.46,2026-03-10T18:15,2048.53,40,3.33,6669.67,-57.89,-0.87,6611.77,Signal Flip
628,5M_EMA_CONFIRMED_100_200,SHORT,2026-03-10T22:25,2027.85,2026-03-11T04:30,2035.67,73,6.08,6611.77,-25.5,-0.39,6586.27,Signal Flip
629,5M_EMA_CONFIRMED_100_200,SHORT,2026-03-11T05:25,2032.23,2026-03-11T10:45,2030.28,64,5.33,6586.27,6.32,0.1,6592.58,Signal Flip
630,5M_EMA_CONFIRMED_100_200,SHORT,2026-03-11T11:30,2022.68,2026-03-11T11:35,2026.03,1,0.08,6592.58,-10.93,-0.17,6581.65,Signal Flip
631,5M_EMA_CONFIRMED_100_200,SHORT,2026-03-11T11:40,2022.02,2026-03-11T12:25,2025.95,9,0.75,6581.65,-12.81,-0.19,6568.85,Signal Flip
632,5M_EMA_CONFIRMED_100_200,SHORT,2026-03-11T12:35,2019.46,2026-03-11T12:40,2025.8,1,0.08,6568.85,-20.63,-0.31,6548.21,Signal Flip
633,5M_EMA_CONFIRMED_100_200,SHORT,2026-03-11T12:45,2021.34,2026-03-11T12:55,2025.49,2,0.17,6548.21,-13.46,-0.21,6534.76,Signal Flip
634,5M_EMA_CONFIRMED_100_200,SHORT,2026-03-11T13:00,2022.08,2026-03-11T13:10,2026.91,2,0.17,6534.76,-15.62,-0.24,6519.14,Signal Flip
635,5M_EMA_CONFIRMED_100_200,LONG,2026-03-11T14:25,2056.3,2026-03-11T22:40,2062.08,99,8.25,6519.14,18.33,0.28,6537.46,Signal Flip
636,5M_EMA_CONFIRMED_100_200,LONG,2026-03-11T22:45,2065.24,2026-03-11T22:50,2062.74,1,0.08,6537.46,-7.93,-0.12,6529.54,Signal Flip
637,5M_EMA_CONFIRMED_100_200,SHORT,2026-03-12T03:25,2029.98,2026-03-12T07:35,2040.23,50,4.17,6529.54,-32.95,-0.5,6496.58,Signal Flip
638,5M_EMA_CONFIRMED_100_200,LONG,2026-03-12T10:55,2071.36,2026-03-12T14:35,2049.67,44,3.67,6496.58,-68.0,-1.05,6428.58,Signal Flip
639,5M_EMA_CONFIRMED_100_200,LONG,2026-03-12T15:30,2069.64,2026-03-12T18:00,2057.38,30,2.5,6428.58,-38.09,-0.59,6390.49,Signal Flip
640,5M_EMA_CONFIRMED_100_200,LONG,2026-03-12T19:30,2062.91,2026-03-12T21:30,2059.87,24,2.0,6390.49,-9.42,-0.15,6381.07,Signal Flip
641,5M_EMA_CONFIRMED_100_200,LONG,2026-03-12T21:50,2062.97,2026-03-12T22:35,2060.54,9,0.75,6381.07,-7.52,-0.12,6373.55,Signal Flip
642,5M_EMA_CONFIRMED_100_200,LONG,2026-03-12T22:40,2063.51,2026-03-12T22:45,2059.52,1,0.08,6373.55,-12.33,-0.19,6361.22,Signal Flip
643,5M_EMA_CONFIRMED_100_200,LONG,2026-03-12T23:00,2066.33,2026-03-13T06:30,2095.29,90,7.5,6361.22,89.15,1.4,6450.37,Signal Flip
644,5M_EMA_CONFIRMED_100_200,LONG,2026-03-13T07:20,2103.18,2026-03-13T07:35,2096.39,3,0.25,6450.37,-20.82,-0.32,6429.55,Signal Flip
645,5M_EMA_CONFIRMED_100_200,LONG,2026-03-13T08:35,2103.88,2026-03-13T09:00,2099.0,5,0.42,6429.55,-14.92,-0.23,6414.63,Signal Flip
646,5M_EMA_CONFIRMED_100_200,LONG,2026-03-13T09:05,2103.68,2026-03-13T09:25,2098.66,4,0.33,6414.63,-15.31,-0.24,6399.32,Signal Flip
647,5M_EMA_CONFIRMED_100_200,LONG,2026-03-13T09:30,2104.25,2026-03-13T15:45,2139.64,75,6.25,6399.32,107.62,1.68,6506.94,Signal Flip
648,5M_EMA_CONFIRMED_100_200,LONG,2026-03-13T16:55,2141.79,2026-03-13T17:00,2132.84,1,0.08,6506.94,-27.18,-0.42,6479.76,Signal Flip
649,5M_EMA_CONFIRMED_100_200,SHORT,2026-03-13T22:10,2088.93,2026-03-14T03:30,2099.7,64,5.33,6479.76,-33.42,-0.52,6446.33,Signal Flip
650,5M_EMA_CONFIRMED_100_200,SHORT,2026-03-14T04:55,2089.42,2026-03-14T13:20,2080.02,101,8.42,6446.33,29.02,0.45,6475.35,Signal Flip
651,5M_EMA_CONFIRMED_100_200,SHORT,2026-03-14T13:50,2076.46,2026-03-14T13:55,2080.16,1,0.08,6475.35,-11.53,-0.18,6463.82,Signal Flip
652,5M_EMA_CONFIRMED_100_200,SHORT,2026-03-14T14:10,2074.74,2026-03-14T14:30,2079.3,4,0.33,6463.82,-14.2,-0.22,6449.62,Signal Flip
653,5M_EMA_CONFIRMED_100_200,SHORT,2026-03-14T14:35,2075.38,2026-03-14T15:20,2078.25,9,0.75,6449.62,-8.91,-0.14,6440.71,Signal Flip
654,5M_EMA_CONFIRMED_100_200,SHORT,2026-03-14T15:25,2075.01,2026-03-14T16:35,2077.69,14,1.17,6440.71,-8.31,-0.13,6432.41,Signal Flip
655,5M_EMA_CONFIRMED_100_200,SHORT,2026-03-14T16:40,2074.18,2026-03-14T16:50,2078.14,2,0.17,6432.41,-12.27,-0.19,6420.14,Signal Flip
656,5M_EMA_CONFIRMED_100_200,SHORT,2026-03-14T17:05,2075.42,2026-03-14T17:10,2078.28,1,0.08,6420.14,-8.84,-0.14,6411.3,Signal Flip
657,5M_EMA_CONFIRMED_100_200,SHORT,2026-03-14T17:35,2074.63,2026-03-14T18:35,2077.87,12,1.0,6411.3,-10.0,-0.16,6401.3,Signal Flip
658,5M_EMA_CONFIRMED_100_200,SHORT,2026-03-14T18:40,2074.41,2026-03-14T18:50,2078.0,2,0.17,6401.3,-11.07,-0.17,6390.23,Signal Flip
659,5M_EMA_CONFIRMED_100_200,SHORT,2026-03-14T19:05,2074.96,2026-03-14T19:15,2078.41,2,0.17,6390.23,-10.61,-0.17,6379.62,Signal Flip
660,5M_EMA_CONFIRMED_100_200,SHORT,2026-03-14T20:05,2075.33,2026-03-14T20:10,2078.66,1,0.08,6379.62,-10.23,-0.16,6369.39,Signal Flip
661,5M_EMA_CONFIRMED_100_200,LONG,2026-03-14T23:45,2097.88,2026-03-15T01:35,2083.98,22,1.83,6369.39,-42.2,-0.66,6327.18,Signal Flip
662,5M_EMA_CONFIRMED_100_200,LONG,2026-03-15T01:45,2087.63,2026-03-15T12:45,2108.45,132,11.0,6327.18,63.08,1.0,6390.26,Signal Flip
663,5M_EMA_CONFIRMED_100_200,SHORT,2026-03-15T17:30,2093.93,2026-03-15T17:55,2118.0,5,0.42,6390.26,-73.44,-1.15,6316.82,Signal Flip
664,5M_EMA_CONFIRMED_100_200,LONG,2026-03-15T17:55,2118.0,2026-03-15T18:50,2098.05,11,0.92,6316.82,-59.49,-0.94,6257.32,Signal Flip
665,5M_EMA_CONFIRMED_100_200,LONG,2026-03-15T19:05,2105.83,2026-03-16T14:40,2258.98,235,19.58,6257.32,455.07,7.27,6712.39,Signal Flip
666,5M_EMA_CONFIRMED_100_200,LONG,2026-03-16T14:55,2272.85,2026-03-17T03:15,2341.45,148,12.33,6712.39,202.6,3.02,6914.99,Signal Flip
667,5M_EMA_CONFIRMED_100_200,LONG,2026-03-17T07:20,2337.33,2026-03-17T07:55,2324.18,7,0.58,6914.99,-38.91,-0.56,6876.09,Signal Flip
668,5M_EMA_CONFIRMED_100_200,LONG,2026-03-17T08:00,2328.87,2026-03-17T08:10,2326.03,2,0.17,6876.09,-8.41,-0.12,6867.68,Signal Flip
669,5M_EMA_CONFIRMED_100_200,LONG,2026-03-17T08:20,2329.07,2026-03-17T08:25,2324.53,1,0.08,6867.68,-13.41,-0.2,6854.27,Signal Flip
670,5M_EMA_CONFIRMED_100_200,LONG,2026-03-17T08:45,2332.46,2026-03-17T09:00,2319.51,3,0.25,6854.27,-38.04,-0.56,6816.23,Signal Flip
671,5M_EMA_CONFIRMED_100_200,LONG,2026-03-17T11:15,2324.59,2026-03-17T12:30,2319.03,15,1.25,6816.23,-16.31,-0.24,6799.92,Signal Flip
672,5M_EMA_CONFIRMED_100_200,LONG,2026-03-17T13:35,2337.07,2026-03-17T14:05,2321.8,6,0.5,6799.92,-44.43,-0.65,6755.49,Signal Flip
673,5M_EMA_CONFIRMED_100_200,LONG,2026-03-17T14:10,2334.5,2026-03-17T15:25,2323.69,15,1.25,6755.49,-31.28,-0.46,6724.21,Signal Flip
674,5M_EMA_CONFIRMED_100_200,LONG,2026-03-17T16:20,2328.73,2026-03-17T16:40,2322.51,4,0.33,6724.21,-17.98,-0.27,6706.24,Signal Flip
675,5M_EMA_CONFIRMED_100_200,LONG,2026-03-17T16:45,2327.16,2026-03-17T19:35,2328.5,34,2.83,6706.24,3.84,0.06,6710.08,Signal Flip
676,5M_EMA_CONFIRMED_100_200,LONG,2026-03-17T19:40,2334.34,2026-03-17T19:45,2324.58,1,0.08,6710.08,-28.05,-0.42,6682.02,Signal Flip
677,5M_EMA_CONFIRMED_100_200,LONG,2026-03-17T20:30,2330.39,2026-03-17T20:35,2325.09,1,0.08,6682.02,-15.22,-0.23,6666.8,Signal Flip
678,5M_EMA_CONFIRMED_100_200,LONG,2026-03-17T21:05,2330.84,2026-03-17T22:30,2327.62,17,1.42,6666.8,-9.24,-0.14,6657.57,Signal Flip
679,5M_EMA_CONFIRMED_100_200,LONG,2026-03-17T23:10,2331.69,2026-03-17T23:25,2328.63,3,0.25,6657.57,-8.74,-0.13,6648.83,Signal Flip
680,5M_EMA_CONFIRMED_100_200,LONG,2026-03-18T01:05,2329.04,2026-03-18T01:15,2324.36,2,0.17,6648.83,-13.38,-0.2,6635.45,Signal Flip
681,5M_EMA_CONFIRMED_100_200,LONG,2026-03-18T01:25,2329.37,2026-03-18T01:55,2322.95,6,0.5,6635.45,-18.31,-0.28,6617.15,Signal Flip
682,5M_EMA_CONFIRMED_100_200,LONG,2026-03-18T02:10,2335.82,2026-03-18T04:35,2329.65,29,2.42,6617.15,-17.46,-0.26,6599.69,Signal Flip
683,5M_EMA_CONFIRMED_100_200,LONG,2026-03-18T06:35,2330.22,2026-03-18T06:40,2323.44,1,0.08,6599.69,-19.22,-0.29,6580.47,Signal Flip
684,5M_EMA_CONFIRMED_100_200,SHORT,2026-03-18T07:35,2314.2,2026-03-18T09:10,2328.96,19,1.58,6580.47,-41.97,-0.64,6538.49,Signal Flip
685,5M_EMA_CONFIRMED_100_200,SHORT,2026-03-18T10:05,2324.63,2026-03-18T10:10,2327.76,1,0.08,6538.49,-8.82,-0.13,6529.67,Signal Flip
686,5M_EMA_CONFIRMED_100_200,SHORT,2026-03-18T10:40,2321.34,2026-03-18T23:40,2204.37,156,13.0,6529.67,329.02,5.04,6858.68,Signal Flip
687,5M_EMA_CONFIRMED_100_200,SHORT,2026-03-19T00:10,2200.27,2026-03-19T00:30,2204.6,4,0.33,6858.68,-13.51,-0.2,6845.18,Signal Flip
688,5M_EMA_CONFIRMED_100_200,SHORT,2026-03-19T00:35,2192.84,2026-03-19T01:50,2201.9,15,1.25,6845.18,-28.27,-0.41,6816.91,Signal Flip
689,5M_EMA_CONFIRMED_100_200,SHORT,2026-03-19T02:00,2195.83,2026-03-19T02:15,2201.12,3,0.25,6816.91,-16.42,-0.24,6800.49,Signal Flip
690,5M_EMA_CONFIRMED_100_200,SHORT,2026-03-19T02:50,2198.05,2026-03-19T03:05,2201.7,3,0.25,6800.49,-11.29,-0.17,6789.2,Signal Flip
691,5M_EMA_CONFIRMED_100_200,SHORT,2026-03-19T04:10,2201.68,2026-03-19T09:45,2184.06,67,5.58,6789.2,54.32,0.8,6843.52,Signal Flip
692,5M_EMA_CONFIRMED_100_200,SHORT,2026-03-19T10:30,2181.12,2026-03-19T19:05,2137.34,103,8.58,6843.52,137.37,2.01,6980.89,Signal Flip
693,5M_EMA_CONFIRMED_100_200,SHORT,2026-03-19T22:40,2136.62,2026-03-19T22:55,2142.12,3,0.25,6980.89,-17.97,-0.26,6962.92,Signal Flip
694,5M_EMA_CONFIRMED_100_200,SHORT,2026-03-19T23:00,2139.01,2026-03-19T23:05,2147.08,1,0.08,6962.92,-26.28,-0.38,6936.64,Signal Flip
695,5M_EMA_CONFIRMED_100_200,SHORT,2026-03-19T23:20,2139.24,2026-03-19T23:30,2143.67,2,0.17,6936.64,-14.37,-0.21,6922.27,Signal Flip
696,5M_EMA_CONFIRMED_100_200,SHORT,2026-03-19T23:35,2135.2,2026-03-20T00:10,2143.93,7,0.58,6922.27,-28.3,-0.41,6893.97,Signal Flip
697,5M_EMA_CONFIRMED_100_200,SHORT,2026-03-20T02:20,2140.31,2026-03-20T02:50,2145.75,6,0.5,6893.97,-17.53,-0.25,6876.44,Signal Flip
698,5M_EMA_CONFIRMED_100_200,SHORT,2026-03-20T04:35,2142.58,2026-03-20T04:55,2146.9,4,0.33,6876.44,-13.88,-0.2,6862.56,Signal Flip
699,5M_EMA_CONFIRMED_100_200,SHORT,2026-03-20T05:30,2142.24,2026-03-20T07:35,2147.92,25,2.08,6862.56,-18.21,-0.27,6844.35,Signal Flip
700,5M_EMA_CONFIRMED_100_200,SHORT,2026-03-20T09:25,2139.4,2026-03-20T10:45,2148.74,16,1.33,6844.35,-29.89,-0.44,6814.45,Signal Flip
701,5M_EMA_CONFIRMED_100_200,SHORT,2026-03-20T11:40,2136.84,2026-03-20T12:10,2151.82,6,0.5,6814.45,-47.75,-0.7,6766.7,Signal Flip
702,5M_EMA_CONFIRMED_100_200,SHORT,2026-03-20T12:15,2144.8,2026-03-20T12:25,2148.11,2,0.17,6766.7,-10.46,-0.15,6756.24,Signal Flip
703,5M_EMA_CONFIRMED_100_200,SHORT,2026-03-20T12:30,2141.3,2026-03-20T13:30,2147.87,12,1.0,6756.24,-20.74,-0.31,6735.49,Signal Flip
704,5M_EMA_CONFIRMED_100_200,SHORT,2026-03-20T13:35,2131.59,2026-03-20T14:35,2145.97,12,1.0,6735.49,-45.43,-0.67,6690.06,Signal Flip
705,5M_EMA_CONFIRMED_100_200,SHORT,2026-03-20T14:40,2140.44,2026-03-20T16:05,2140.62,17,1.42,6690.06,-0.56,-0.01,6689.49,Signal Flip
706,5M_EMA_CONFIRMED_100_200,SHORT,2026-03-20T16:10,2136.29,2026-03-20T16:15,2140.4,1,0.08,6689.49,-12.86,-0.19,6676.63,Signal Flip
707,5M_EMA_CONFIRMED_100_200,SHORT,2026-03-20T16:25,2138.08,2026-03-20T16:30,2141.3,1,0.08,6676.63,-10.05,-0.15,6666.57,Signal Flip
708,5M_EMA_CONFIRMED_100_200,SHORT,2026-03-20T16:35,2134.83,2026-03-20T17:05,2141.22,6,0.5,6666.57,-19.95,-0.3,6646.63,Signal Flip
709,5M_EMA_CONFIRMED_100_200,SHORT,2026-03-20T17:10,2135.18,2026-03-20T20:10,2135.24,36,3.0,6646.63,-0.17,-0.0,6646.45,Signal Flip
710,5M_EMA_CONFIRMED_100_200,SHORT,2026-03-20T20:20,2130.31,2026-03-20T20:50,2134.09,6,0.5,6646.45,-11.77,-0.18,6634.69,Signal Flip
711,5M_EMA_CONFIRMED_100_200,LONG,2026-03-20T23:05,2153.3,2026-03-21T08:30,2149.28,113,9.42,6634.69,-12.36,-0.19,6622.33,Signal Flip
712,5M_EMA_CONFIRMED_100_200,LONG,2026-03-21T08:35,2153.78,2026-03-21T10:50,2152.23,27,2.25,6622.33,-4.74,-0.07,6617.58,Signal Flip
713,5M_EMA_CONFIRMED_100_200,LONG,2026-03-21T11:00,2155.42,2026-03-21T11:10,2152.61,2,0.17,6617.58,-8.61,-0.13,6608.97,Signal Flip
714,5M_EMA_CONFIRMED_100_200,LONG,2026-03-21T11:20,2155.96,2026-03-21T13:45,2154.23,29,2.42,6608.97,-5.29,-0.08,6603.68,Signal Flip
715,5M_EMA_CONFIRMED_100_200,LONG,2026-03-21T13:50,2157.11,2026-03-21T14:55,2153.43,13,1.08,6603.68,-11.25,-0.17,6592.43,Signal Flip
716,5M_EMA_CONFIRMED_100_200,LONG,2026-03-21T15:35,2158.49,2026-03-21T15:40,2152.09,1,0.08,6592.43,-19.53,-0.3,6572.9,Signal Flip
717,5M_EMA_CONFIRMED_100_200,LONG,2026-03-21T18:40,2155.53,2026-03-21T18:55,2150.15,3,0.25,6572.9,-16.38,-0.25,6556.52,Signal Flip
718,5M_EMA_CONFIRMED_100_200,LONG,2026-03-21T20:15,2153.68,2026-03-21T20:20,2150.92,1,0.08,6556.52,-8.38,-0.13,6548.14,Signal Flip
719,5M_EMA_CONFIRMED_100_200,LONG,2026-03-21T20:25,2155.19,2026-03-21T22:05,2150.01,20,1.67,6548.14,-15.72,-0.24,6532.42,Signal Flip
720,5M_EMA_CONFIRMED_100_200,SHORT,2026-03-21T23:20,2145.4,2026-03-22T03:40,2121.15,52,4.33,6532.42,73.83,1.13,6606.25,Signal Flip
721,5M_EMA_CONFIRMED_100_200,SHORT,2026-03-22T03:50,2114.99,2026-03-22T04:05,2118.55,3,0.25,6606.25,-11.11,-0.17,6595.14,Signal Flip
722,5M_EMA_CONFIRMED_100_200,SHORT,2026-03-22T04:15,2115.34,2026-03-22T04:35,2119.18,4,0.33,6595.14,-11.96,-0.18,6583.18,Signal Flip
723,5M_EMA_CONFIRMED_100_200,SHORT,2026-03-22T04:45,2116.01,2026-03-22T04:50,2120.07,1,0.08,6583.18,-12.63,-0.19,6570.55,Signal Flip
724,5M_EMA_CONFIRMED_100_200,SHORT,2026-03-22T05:25,2115.78,2026-03-22T23:05,2066.45,212,17.67,6570.55,153.19,2.33,6723.74,Signal Flip
725,5M_EMA_CONFIRMED_100_200,SHORT,2026-03-22T23:10,2063.21,2026-03-22T23:15,2070.2,1,0.08,6723.74,-22.8,-0.34,6700.94,Signal Flip
726,5M_EMA_CONFIRMED_100_200,SHORT,2026-03-22T23:20,2062.86,2026-03-23T01:25,2062.65,25,2.08,6700.94,0.67,0.01,6701.61,Signal Flip
727,5M_EMA_CONFIRMED_100_200,SHORT,2026-03-23T01:30,2058.46,2026-03-23T02:30,2068.81,12,1.0,6701.61,-33.71,-0.5,6667.91,Signal Flip
728,5M_EMA_CONFIRMED_100_200,SHORT,2026-03-23T02:55,2057.99,2026-03-23T03:00,2064.45,1,0.08,6667.91,-20.93,-0.31,6646.97,Signal Flip
729,5M_EMA_CONFIRMED_100_200,SHORT,2026-03-23T03:15,2058.08,2026-03-23T04:40,2060.49,17,1.42,6646.97,-7.78,-0.12,6639.19,Signal Flip
730,5M_EMA_CONFIRMED_100_200,SHORT,2026-03-23T04:45,2055.01,2026-03-23T04:55,2063.68,2,0.17,6639.19,-28.01,-0.42,6611.18,Signal Flip
731,5M_EMA_CONFIRMED_100_200,SHORT,2026-03-23T06:15,2057.7,2026-03-23T08:15,2057.9,24,2.0,6611.18,-0.64,-0.01,6610.55,Signal Flip
732,5M_EMA_CONFIRMED_100_200,SHORT,2026-03-23T08:30,2052.51,2026-03-23T08:35,2057.02,1,0.08,6610.55,-14.51,-0.22,6596.04,Signal Flip
733,5M_EMA_CONFIRMED_100_200,SHORT,2026-03-23T08:40,2052.16,2026-03-23T10:10,2052.25,18,1.5,6596.04,-0.26,-0.0,6595.77,Signal Flip
734,5M_EMA_CONFIRMED_100_200,SHORT,2026-03-23T10:15,2048.93,2026-03-23T11:05,2051.33,10,0.83,6595.77,-7.73,-0.12,6588.05,Signal Flip
735,5M_EMA_CONFIRMED_100_200,LONG,2026-03-23T11:40,2158.91,2026-03-23T16:30,2119.48,58,4.83,6588.05,-120.32,-1.83,6467.73,Signal Flip
736,5M_EMA_CONFIRMED_100_200,LONG,2026-03-23T16:35,2131.12,2026-03-23T23:10,2144.35,79,6.58,6467.73,40.16,0.62,6507.89,Signal Flip
737,5M_EMA_CONFIRMED_100_200,LONG,2026-03-23T23:30,2150.27,2026-03-23T23:35,2144.94,1,0.08,6507.89,-16.15,-0.25,6491.73,Signal Flip
738,5M_EMA_CONFIRMED_100_200,LONG,2026-03-23T23:40,2149.79,2026-03-23T23:50,2146.85,2,0.17,6491.73,-8.9,-0.14,6482.83,Signal Flip
739,5M_EMA_CONFIRMED_100_200,LONG,2026-03-23T23:55,2149.9,2026-03-24T00:10,2145.85,3,0.25,6482.83,-12.24,-0.19,6470.59,Signal Flip
740,5M_EMA_CONFIRMED_100_200,LONG,2026-03-24T01:30,2148.73,2026-03-24T01:35,2144.34,1,0.08,6470.59,-13.24,-0.2,6457.35,Signal Flip
741,5M_EMA_CONFIRMED_100_200,LONG,2026-03-24T04:05,2144.96,2026-03-24T04:25,2141.92,4,0.33,6457.35,-9.16,-0.14,6448.19,Signal Flip
742,5M_EMA_CONFIRMED_100_200,LONG,2026-03-24T06:35,2142.39,2026-03-24T13:10,2150.88,79,6.58,6448.19,25.56,0.4,6473.75,Signal Flip
743,5M_EMA_CONFIRMED_100_200,LONG,2026-03-24T13:15,2158.08,2026-03-24T13:20,2148.12,1,0.08,6473.75,-29.89,-0.46,6443.87,Signal Flip
744,5M_EMA_CONFIRMED_100_200,LONG,2026-03-24T13:35,2159.7,2026-03-24T13:40,2143.08,1,0.08,6443.87,-49.59,-0.77,6394.27,Signal Flip
745,5M_EMA_CONFIRMED_100_200,SHORT,2026-03-24T16:55,2126.49,2026-03-24T20:25,2146.31,42,3.5,6394.27,-59.62,-0.93,6334.66,Signal Flip
746,5M_EMA_CONFIRMED_100_200,LONG,2026-03-24T23:30,2160.53,2026-03-25T03:20,2149.56,46,3.83,6334.66,-32.15,-0.51,6302.51,Signal Flip
747,5M_EMA_CONFIRMED_100_200,LONG,2026-03-25T03:30,2153.71,2026-03-25T12:25,2171.26,107,8.92,6302.51,51.38,0.82,6353.89,Signal Flip
748,5M_EMA_CONFIRMED_100_200,LONG,2026-03-25T13:00,2184.4,2026-03-25T14:20,2176.86,16,1.33,6353.89,-21.93,-0.35,6331.95,Signal Flip
749,5M_EMA_CONFIRMED_100_200,LONG,2026-03-25T14:30,2181.13,2026-03-25T14:55,2175.25,5,0.42,6331.95,-17.06,-0.27,6314.89,Signal Flip
750,5M_EMA_CONFIRMED_100_200,LONG,2026-03-25T16:30,2176.6,2026-03-25T17:00,2172.74,6,0.5,6314.89,-11.18,-0.18,6303.7,Signal Flip
751,5M_EMA_CONFIRMED_100_200,LONG,2026-03-25T19:25,2172.63,2026-03-25T19:30,2169.84,1,0.08,6303.7,-8.07,-0.13,6295.63,Signal Flip
752,5M_EMA_CONFIRMED_100_200,LONG,2026-03-25T19:35,2172.72,2026-03-25T20:05,2166.09,6,0.5,6295.63,-19.21,-0.31,6276.43,Signal Flip
753,5M_EMA_CONFIRMED_100_200,LONG,2026-03-25T22:35,2175.94,2026-03-25T23:40,2166.8,13,1.08,6276.43,-26.37,-0.42,6250.06,Signal Flip
754,5M_EMA_CONFIRMED_100_200,LONG,2026-03-26T00:50,2172.56,2026-03-26T00:55,2163.19,1,0.08,6250.06,-26.95,-0.43,6223.11,Signal Flip
755,5M_EMA_CONFIRMED_100_200,SHORT,2026-03-26T01:45,2163.63,2026-03-26T20:15,2073.05,222,18.5,6223.11,260.53,4.19,6483.64,Signal Flip
756,5M_EMA_CONFIRMED_100_200,SHORT,2026-03-26T20:55,2062.71,2026-03-26T21:20,2069.03,5,0.42,6483.64,-19.88,-0.31,6463.76,Signal Flip
757,5M_EMA_CONFIRMED_100_200,SHORT,2026-03-26T22:25,2061.12,2026-03-26T23:05,2070.17,8,0.67,6463.76,-28.4,-0.44,6435.36,Signal Flip
758,5M_EMA_CONFIRMED_100_200,SHORT,2026-03-26T23:10,2063.34,2026-03-27T00:10,2067.65,12,1.0,6435.36,-13.46,-0.21,6421.9,Signal Flip
759,5M_EMA_CONFIRMED_100_200,SHORT,2026-03-27T00:25,2061.44,2026-03-27T00:55,2066.32,6,0.5,6421.9,-15.21,-0.24,6406.69,Signal Flip
760,5M_EMA_CONFIRMED_100_200,SHORT,2026-03-27T03:10,2060.85,2026-03-27T05:20,2064.34,26,2.17,6406.69,-10.86,-0.17,6395.83,Signal Flip
761,5M_EMA_CONFIRMED_100_200,SHORT,2026-03-27T05:25,2058.66,2026-03-27T06:15,2064.72,10,0.83,6395.83,-18.83,-0.29,6377.0,Signal Flip
762,5M_EMA_CONFIRMED_100_200,SHORT,2026-03-27T07:10,2059.34,2026-03-27T07:15,2068.97,1,0.08,6377.0,-29.83,-0.47,6347.16,Signal Flip
763,5M_EMA_CONFIRMED_100_200,SHORT,2026-03-27T08:10,2062.58,2026-03-27T19:35,1996.04,137,11.42,6347.16,204.77,3.23,6551.93,Signal Flip
764,5M_EMA_CONFIRMED_100_200,SHORT,2026-03-27T19:40,1992.84,2026-03-27T20:05,1995.34,5,0.42,6551.93,-8.2,-0.13,6543.73,Signal Flip
765,5M_EMA_CONFIRMED_100_200,SHORT,2026-03-27T20:10,1992.81,2026-03-27T23:40,1991.58,42,3.5,6543.73,4.06,0.06,6547.79,Signal Flip
766,5M_EMA_CONFIRMED_100_200,SHORT,2026-03-28T00:15,1988.7,2026-03-28T00:20,1991.84,1,0.08,6547.79,-10.34,-0.16,6537.45,Signal Flip
767,5M_EMA_CONFIRMED_100_200,SHORT,2026-03-28T01:10,1988.06,2026-03-28T01:55,1991.69,9,0.75,6537.45,-11.94,-0.18,6525.52,Signal Flip
768,5M_EMA_CONFIRMED_100_200,SHORT,2026-03-28T02:20,1985.34,2026-03-28T03:25,1990.94,13,1.08,6525.52,-18.43,-0.28,6507.08,Signal Flip
769,5M_EMA_CONFIRMED_100_200,SHORT,2026-03-28T03:35,1988.21,2026-03-28T03:45,1991.77,2,0.17,6507.08,-11.65,-0.18,6495.43,Signal Flip
770,5M_EMA_CONFIRMED_100_200,SHORT,2026-03-28T03:55,1988.05,2026-03-28T04:05,1990.93,2,0.17,6495.43,-9.44,-0.15,6485.99,Signal Flip
771,5M_EMA_CONFIRMED_100_200,SHORT,2026-03-28T04:10,1986.95,2026-03-28T04:20,1992.35,2,0.17,6485.99,-17.63,-0.27,6468.36,Signal Flip
772,5M_EMA_CONFIRMED_100_200,SHORT,2026-03-28T05:05,1988.49,2026-03-28T05:15,1990.92,2,0.17,6468.36,-7.94,-0.12,6460.43,Signal Flip
773,5M_EMA_CONFIRMED_100_200,SHORT,2026-03-28T05:20,1988.33,2026-03-28T05:25,1993.93,1,0.08,6460.43,-18.2,-0.28,6442.23,Signal Flip
774,5M_EMA_CONFIRMED_100_200,SHORT,2026-03-28T09:15,1995.89,2026-03-28T09:20,1998.41,1,0.08,6442.23,-8.12,-0.13,6434.1,Signal Flip
775,5M_EMA_CONFIRMED_100_200,SHORT,2026-03-28T09:40,1995.82,2026-03-28T09:45,1998.35,1,0.08,6434.1,-8.15,-0.13,6425.96,Signal Flip
776,5M_EMA_CONFIRMED_100_200,SHORT,2026-03-28T10:30,1993.69,2026-03-28T11:05,1998.31,7,0.58,6425.96,-14.88,-0.23,6411.08,Signal Flip
777,5M_EMA_CONFIRMED_100_200,SHORT,2026-03-28T11:10,1995.68,2026-03-28T11:15,1998.14,1,0.08,6411.08,-7.89,-0.12,6403.19,Signal Flip
778,5M_EMA_CONFIRMED_100_200,SHORT,2026-03-28T11:20,1995.84,2026-03-28T11:30,1998.44,2,0.17,6403.19,-8.33,-0.13,6394.86,Signal Flip
779,5M_EMA_CONFIRMED_100_200,SHORT,2026-03-28T12:40,1993.23,2026-03-28T12:50,1999.86,2,0.17,6394.86,-21.26,-0.33,6373.6,Signal Flip
780,5M_EMA_CONFIRMED_100_200,LONG,2026-03-28T13:45,2029.08,2026-03-28T21:35,2017.92,94,7.83,6373.6,-35.07,-0.55,6338.53,Signal Flip
781,5M_EMA_CONFIRMED_100_200,LONG,2026-03-28T21:45,2020.51,2026-03-28T21:50,2015.61,1,0.08,6338.53,-15.37,-0.24,6323.16,Signal Flip
782,5M_EMA_CONFIRMED_100_200,SHORT,2026-03-29T00:40,1993.63,2026-03-29T02:50,2008.65,26,2.17,6323.16,-47.64,-0.75,6275.52,Signal Flip
783,5M_EMA_CONFIRMED_100_200,SHORT,2026-03-29T04:25,2006.01,2026-03-29T06:05,2008.14,20,1.67,6275.52,-6.69,-0.11,6268.84,Signal Flip
784,5M_EMA_CONFIRMED_100_200,SHORT,2026-03-29T06:10,2004.79,2026-03-29T06:55,2007.5,9,0.75,6268.84,-8.49,-0.14,6260.34,Signal Flip
785,5M_EMA_CONFIRMED_100_200,SHORT,2026-03-29T07:00,2003.98,2026-03-29T07:55,2008.53,11,0.92,6260.34,-14.23,-0.23,6246.11,Signal Flip
786,5M_EMA_CONFIRMED_100_200,SHORT,2026-03-29T08:10,2004.66,2026-03-29T08:40,2007.05,6,0.5,6246.11,-7.47,-0.12,6238.64,Signal Flip
787,5M_EMA_CONFIRMED_100_200,SHORT,2026-03-29T08:45,2004.35,2026-03-29T11:10,2004.19,29,2.42,6238.64,0.48,0.01,6239.13,Signal Flip
788,5M_EMA_CONFIRMED_100_200,SHORT,2026-03-29T11:50,2001.8,2026-03-29T11:55,2005.12,1,0.08,6239.13,-10.36,-0.17,6228.77,Signal Flip
789,5M_EMA_CONFIRMED_100_200,SHORT,2026-03-29T12:10,2001.39,2026-03-29T12:55,2003.74,9,0.75,6228.77,-7.32,-0.12,6221.45,Signal Flip
790,5M_EMA_CONFIRMED_100_200,SHORT,2026-03-29T13:00,2000.68,2026-03-29T16:20,2003.39,40,3.33,6221.45,-8.43,-0.14,6213.02,Signal Flip
791,5M_EMA_CONFIRMED_100_200,SHORT,2026-03-29T17:15,1993.15,2026-03-29T18:40,1999.97,17,1.42,6213.02,-21.25,-0.34,6191.77,Signal Flip
792,5M_EMA_CONFIRMED_100_200,SHORT,2026-03-29T19:40,1994.29,2026-03-29T20:05,1999.06,5,0.42,6191.77,-14.8,-0.24,6176.97,Signal Flip
793,5M_EMA_CONFIRMED_100_200,SHORT,2026-03-29T22:05,1994.17,2026-03-30T00:20,2019.81,27,2.25,6176.97,-79.41,-1.29,6097.56,Signal Flip
794,5M_EMA_CONFIRMED_100_200,SHORT,2026-03-30T00:55,1993.06,2026-03-30T01:00,1998.27,1,0.08,6097.56,-15.93,-0.26,6081.63,Signal Flip
795,5M_EMA_CONFIRMED_100_200,LONG,2026-03-30T02:25,2015.11,2026-03-30T14:20,2057.08,143,11.92,6081.63,126.68,2.08,6208.31,Signal Flip
796,5M_EMA_CONFIRMED_100_200,LONG,2026-03-30T14:25,2061.09,2026-03-30T14:30,2052.94,1,0.08,6208.31,-24.54,-0.4,6183.77,Signal Flip
797,5M_EMA_CONFIRMED_100_200,LONG,2026-03-30T14:55,2065.16,2026-03-30T16:55,2058.77,24,2.0,6183.77,-19.14,-0.31,6164.63,Signal Flip
798,5M_EMA_CONFIRMED_100_200,LONG,2026-03-30T17:00,2067.21,2026-03-30T17:15,2059.03,3,0.25,6164.63,-24.4,-0.4,6140.23,Signal Flip
799,5M_EMA_CONFIRMED_100_200,SHORT,2026-03-30T20:45,2023.74,2026-03-30T21:25,2048.42,8,0.67,6140.23,-74.9,-1.22,6065.33,Signal Flip
800,5M_EMA_CONFIRMED_100_200,SHORT,2026-03-30T21:55,2040.49,2026-03-30T22:05,2045.23,2,0.17,6065.33,-14.1,-0.23,6051.23,Signal Flip
801,5M_EMA_CONFIRMED_100_200,SHORT,2026-03-30T22:10,2033.38,2026-03-31T00:50,2039.65,32,2.67,6051.23,-18.65,-0.31,6032.58,Signal Flip
802,5M_EMA_CONFIRMED_100_200,SHORT,2026-03-31T00:55,2033.7,2026-03-31T01:00,2037.67,1,0.08,6032.58,-11.76,-0.19,6020.82,Signal Flip
803,5M_EMA_CONFIRMED_100_200,SHORT,2026-03-31T01:05,2033.77,2026-03-31T01:15,2041.02,2,0.17,6020.82,-21.46,-0.36,5999.36,Signal Flip
804,5M_EMA_CONFIRMED_100_200,LONG,2026-03-31T02:05,2073.3,2026-03-31T07:15,2050.3,62,5.17,5999.36,-66.53,-1.11,5932.83,Signal Flip
805,5M_EMA_CONFIRMED_100_200,LONG,2026-03-31T08:05,2059.26,2026-03-31T08:15,2053.02,2,0.17,5932.83,-17.97,-0.3,5914.86,Signal Flip
806,5M_EMA_CONFIRMED_100_200,SHORT,2026-03-31T10:05,2020.08,2026-03-31T12:05,2046.08,24,2.0,5914.86,-76.14,-1.29,5838.73,Signal Flip
807,5M_EMA_CONFIRMED_100_200,SHORT,2026-03-31T12:15,2036.76,2026-03-31T12:20,2046.88,1,0.08,5838.73,-29.02,-0.5,5809.71,Signal Flip
808,5M_EMA_CONFIRMED_100_200,LONG,2026-03-31T13:55,2077.51,2026-03-31T14:55,2042.78,12,1.0,5809.71,-97.12,-1.67,5712.59,Signal Flip
809,5M_EMA_CONFIRMED_100_200,LONG,2026-03-31T15:10,2061.95,2026-03-31T16:00,2053.82,10,0.83,5712.59,-22.52,-0.39,5690.07,Signal Flip
810,5M_EMA_CONFIRMED_100_200,LONG,2026-03-31T16:05,2059.73,2026-04-01T01:35,2095.12,114,9.5,5690.07,97.77,1.72,5787.84,Signal Flip
811,5M_EMA_CONFIRMED_100_200,LONG,2026-04-01T01:45,2097.78,2026-04-01T01:50,2091.9,1,0.08,5787.84,-16.21,-0.28,5771.63,Signal Flip
812,5M_EMA_CONFIRMED_100_200,LONG,2026-04-01T03:10,2105.59,2026-04-01T12:40,2123.12,114,9.5,5771.63,48.04,0.83,5819.67,Signal Flip
813,5M_EMA_CONFIRMED_100_200,LONG,2026-04-01T12:45,2143.22,2026-04-01T13:05,2119.58,4,0.33,5819.67,-64.2,-1.1,5755.48,Signal Flip
814,5M_EMA_CONFIRMED_100_200,LONG,2026-04-01T13:20,2132.89,2026-04-01T13:45,2115.27,5,0.42,5755.48,-47.53,-0.83,5707.95,Signal Flip
815,5M_EMA_CONFIRMED_100_200,LONG,2026-04-01T14:50,2128.22,2026-04-01T15:15,2123.74,5,0.42,5707.95,-12.03,-0.21,5695.92,Signal Flip
816,5M_EMA_CONFIRMED_100_200,LONG,2026-04-01T15:20,2128.69,2026-04-01T16:15,2126.06,11,0.92,5695.92,-7.06,-0.12,5688.86,Signal Flip
817,5M_EMA_CONFIRMED_100_200,LONG,2026-04-01T16:20,2133.35,2026-04-01T18:05,2128.36,21,1.75,5688.86,-13.31,-0.23,5675.55,Signal Flip
818,5M_EMA_CONFIRMED_100_200,LONG,2026-04-01T19:10,2133.57,2026-04-01T19:15,2129.78,1,0.08,5675.55,-10.06,-0.18,5665.49,Signal Flip
819,5M_EMA_CONFIRMED_100_200,LONG,2026-04-01T19:30,2143.11,2026-04-01T20:05,2132.48,7,0.58,5665.49,-28.1,-0.5,5637.39,Signal Flip
820,5M_EMA_CONFIRMED_100_200,LONG,2026-04-01T20:10,2137.3,2026-04-01T20:35,2132.61,5,0.42,5637.39,-12.36,-0.22,5625.04,Signal Flip
821,5M_EMA_CONFIRMED_100_200,LONG,2026-04-01T20:40,2140.4,2026-04-01T22:55,2138.68,27,2.25,5625.04,-4.52,-0.08,5620.52,Signal Flip
822,5M_EMA_CONFIRMED_100_200,LONG,2026-04-01T23:05,2144.57,2026-04-01T23:20,2139.27,3,0.25,5620.52,-13.9,-0.25,5606.62,Signal Flip
823,5M_EMA_CONFIRMED_100_200,LONG,2026-04-01T23:35,2142.45,2026-04-02T00:00,2139.28,5,0.42,5606.62,-8.3,-0.15,5598.33,Signal Flip
824,5M_EMA_CONFIRMED_100_200,LONG,2026-04-02T00:20,2142.07,2026-04-02T00:25,2138.01,1,0.08,5598.33,-10.61,-0.19,5587.71,Signal Flip
825,5M_EMA_CONFIRMED_100_200,LONG,2026-04-02T00:40,2149.6,2026-04-02T01:05,2134.19,5,0.42,5587.71,-40.06,-0.72,5547.65,Signal Flip
826,5M_EMA_CONFIRMED_100_200,LONG,2026-04-02T01:10,2147.39,2026-04-02T01:15,2139.66,1,0.08,5547.65,-19.98,-0.36,5527.67,Signal Flip
827,5M_EMA_CONFIRMED_100_200,SHORT,2026-04-02T02:35,2084.84,2026-04-02T14:25,2047.5,142,11.83,5527.67,98.99,1.79,5626.66,Signal Flip
828,5M_EMA_CONFIRMED_100_200,SHORT,2026-04-02T14:30,2037.46,2026-04-02T14:35,2052.01,1,0.08,5626.66,-40.17,-0.71,5586.49,Signal Flip
829,5M_EMA_CONFIRMED_100_200,SHORT,2026-04-02T17:50,2049.56,2026-04-02T18:50,2055.04,12,1.0,5586.49,-14.92,-0.27,5571.58,Signal Flip
830,5M_EMA_CONFIRMED_100_200,SHORT,2026-04-02T22:30,2056.12,2026-04-02T22:35,2060.47,1,0.08,5571.58,-11.78,-0.21,5559.79,Signal Flip
831,5M_EMA_CONFIRMED_100_200,SHORT,2026-04-02T23:15,2056.65,2026-04-02T23:25,2061.41,2,0.17,5559.79,-12.87,-0.23,5546.93,Signal Flip
832,5M_EMA_CONFIRMED_100_200,SHORT,2026-04-02T23:30,2054.22,2026-04-03T00:05,2059.89,7,0.58,5546.93,-15.3,-0.28,5531.63,Signal Flip
833,5M_EMA_CONFIRMED_100_200,SHORT,2026-04-03T00:10,2054.09,2026-04-03T00:25,2060.16,3,0.25,5531.63,-16.34,-0.3,5515.29,Signal Flip
834,5M_EMA_CONFIRMED_100_200,SHORT,2026-04-03T00:30,2054.03,2026-04-03T01:30,2060.3,12,1.0,5515.29,-16.83,-0.31,5498.46,Signal Flip
835,5M_EMA_CONFIRMED_100_200,SHORT,2026-04-03T01:40,2045.35,2026-04-03T02:20,2060.03,8,0.67,5498.46,-39.47,-0.72,5458.99,Signal Flip
836,5M_EMA_CONFIRMED_100_200,SHORT,2026-04-03T02:25,2054.32,2026-04-03T03:15,2056.75,10,0.83,5458.99,-6.45,-0.12,5452.54,Signal Flip
837,5M_EMA_CONFIRMED_100_200,SHORT,2026-04-03T03:30,2051.6,2026-04-03T03:35,2056.6,1,0.08,5452.54,-13.27,-0.24,5439.27,Signal Flip
838,5M_EMA_CONFIRMED_100_200,SHORT,2026-04-03T03:40,2052.22,2026-04-03T04:05,2056.52,5,0.42,5439.27,-11.38,-0.21,5427.89,Signal Flip
839,5M_EMA_CONFIRMED_100_200,SHORT,2026-04-03T04:10,2053.33,2026-04-03T04:15,2056.56,1,0.08,5427.89,-8.52,-0.16,5419.36,Signal Flip
840,5M_EMA_CONFIRMED_100_200,SHORT,2026-04-03T04:25,2051.01,2026-04-03T04:50,2056.43,5,0.42,5419.36,-14.3,-0.26,5405.06,Signal Flip
841,5M_EMA_CONFIRMED_100_200,SHORT,2026-04-03T05:15,2052.37,2026-04-03T05:35,2061.84,4,0.33,5405.06,-24.93,-0.46,5380.13,Signal Flip
842,5M_EMA_CONFIRMED_100_200,LONG,2026-04-03T08:10,2072.42,2026-04-03T08:55,2058.5,9,0.75,5380.13,-36.13,-0.67,5344.0,Signal Flip
843,5M_EMA_CONFIRMED_100_200,LONG,2026-04-03T09:00,2062.0,2026-04-03T09:25,2057.18,5,0.42,5344.0,-12.49,-0.23,5331.51,Signal Flip
844,5M_EMA_CONFIRMED_100_200,LONG,2026-04-03T09:35,2060.96,2026-04-03T09:40,2058.62,1,0.08,5331.51,-6.05,-0.11,5325.46,Signal Flip
845,5M_EMA_CONFIRMED_100_200,LONG,2026-04-03T09:45,2063.42,2026-04-03T10:05,2058.07,4,0.33,5325.46,-13.81,-0.26,5311.65,Signal Flip
846,5M_EMA_CONFIRMED_100_200,LONG,2026-04-03T11:00,2060.94,2026-04-03T11:10,2057.68,2,0.17,5311.65,-8.4,-0.16,5303.25,Signal Flip
847,5M_EMA_CONFIRMED_100_200,LONG,2026-04-03T11:25,2061.64,2026-04-03T12:40,2057.58,15,1.25,5303.25,-10.44,-0.2,5292.8,Signal Flip
848,5M_EMA_CONFIRMED_100_200,SHORT,2026-04-03T13:10,2043.92,2026-04-03T15:10,2057.44,24,2.0,5292.8,-35.01,-0.66,5257.79,Signal Flip
849,5M_EMA_CONFIRMED_100_200,SHORT,2026-04-03T15:20,2051.55,2026-04-03T16:30,2056.72,14,1.17,5257.79,-13.23,-0.25,5244.56,Signal Flip
850,5M_EMA_CONFIRMED_100_200,SHORT,2026-04-03T16:35,2052.67,2026-04-03T16:55,2056.76,4,0.33,5244.56,-10.44,-0.2,5234.12,Signal Flip
851,5M_EMA_CONFIRMED_100_200,SHORT,2026-04-03T17:00,2053.67,2026-04-03T19:50,2054.33,34,2.83,5234.12,-1.67,-0.03,5232.45,Signal Flip
852,5M_EMA_CONFIRMED_100_200,SHORT,2026-04-03T20:25,2051.41,2026-04-03T20:30,2053.82,1,0.08,5232.45,-6.13,-0.12,5226.33,Signal Flip
853,5M_EMA_CONFIRMED_100_200,SHORT,2026-04-03T20:35,2051.49,2026-04-03T20:40,2054.57,1,0.08,5226.33,-7.83,-0.15,5218.5,Signal Flip
854,5M_EMA_CONFIRMED_100_200,SHORT,2026-04-03T22:50,2051.01,2026-04-03T23:50,2054.29,12,1.0,5218.5,-8.33,-0.16,5210.17,Signal Flip
855,5M_EMA_CONFIRMED_100_200,SHORT,2026-04-04T00:05,2050.98,2026-04-04T00:25,2054.26,4,0.33,5210.17,-8.31,-0.16,5201.86,Signal Flip
856,5M_EMA_CONFIRMED_100_200,SHORT,2026-04-04T00:30,2051.21,2026-04-04T00:35,2054.49,1,0.08,5201.86,-8.3,-0.16,5193.56,Signal Flip
857,5M_EMA_CONFIRMED_100_200,SHORT,2026-04-04T00:50,2052.0,2026-04-04T02:05,2054.31,15,1.25,5193.56,-5.83,-0.11,5187.73,Signal Flip
858,5M_EMA_CONFIRMED_100_200,SHORT,2026-04-04T02:10,2049.86,2026-04-04T05:05,2052.58,35,2.92,5187.73,-6.86,-0.13,5180.87,Signal Flip
859,5M_EMA_CONFIRMED_100_200,SHORT,2026-04-04T05:15,2050.13,2026-04-04T05:25,2053.04,2,0.17,5180.87,-7.33,-0.14,5173.53,Signal Flip
860,5M_EMA_CONFIRMED_100_200,SHORT,2026-04-04T07:50,2051.41,2026-04-04T07:55,2054.23,1,0.08,5173.53,-7.09,-0.14,5166.44,Signal Flip
861,5M_EMA_CONFIRMED_100_200,SHORT,2026-04-04T08:35,2051.35,2026-04-04T10:45,2053.6,26,2.17,5166.44,-5.65,-0.11,5160.79,Signal Flip
862,5M_EMA_CONFIRMED_100_200,SHORT,2026-04-04T11:35,2051.0,2026-04-04T12:05,2053.31,6,0.5,5160.79,-5.79,-0.11,5155.0,Signal Flip
863,5M_EMA_CONFIRMED_100_200,SHORT,2026-04-04T12:10,2049.48,2026-04-04T12:25,2053.1,3,0.25,5155.0,-9.08,-0.18,5145.92,Signal Flip
864,5M_EMA_CONFIRMED_100_200,SHORT,2026-04-04T12:30,2050.42,2026-04-04T13:40,2053.79,14,1.17,5145.92,-8.44,-0.16,5137.48,Signal Flip
865,5M_EMA_CONFIRMED_100_200,SHORT,2026-04-04T13:50,2050.48,2026-04-04T13:55,2052.84,1,0.08,5137.48,-5.89,-0.11,5131.59,Signal Flip
866,5M_EMA_CONFIRMED_100_200,SHORT,2026-04-04T14:35,2050.26,2026-04-04T15:00,2054.13,5,0.42,5131.59,-9.67,-0.19,5121.92,Signal Flip
867,5M_EMA_CONFIRMED_100_200,LONG,2026-04-04T16:10,2056.01,2026-04-05T00:55,2061.41,105,8.75,5121.92,13.46,0.26,5135.38,Signal Flip
868,5M_EMA_CONFIRMED_100_200,SHORT,2026-04-05T05:45,2051.87,2026-04-05T10:40,2049.89,59,4.92,5135.38,4.95,0.1,5140.33,Signal Flip
869,5M_EMA_CONFIRMED_100_200,SHORT,2026-04-05T10:50,2044.17,2026-04-05T14:05,2042.31,39,3.25,5140.33,4.67,0.09,5145.0,Signal Flip
870,5M_EMA_CONFIRMED_100_200,SHORT,2026-04-05T14:10,2038.26,2026-04-05T14:40,2042.29,6,0.5,5145.0,-10.17,-0.2,5134.82,Signal Flip
871,5M_EMA_CONFIRMED_100_200,SHORT,2026-04-05T14:50,2038.61,2026-04-05T15:15,2041.86,5,0.42,5134.82,-8.19,-0.16,5126.64,Signal Flip
872,5M_EMA_CONFIRMED_100_200,LONG,2026-04-05T18:15,2059.88,2026-04-05T22:15,2053.99,48,4.0,5126.64,-14.65,-0.29,5111.99,Signal Flip
873,5M_EMA_CONFIRMED_100_200,LONG,2026-04-05T22:40,2062.19,2026-04-06T13:20,2138.53,176,14.67,5111.99,189.24,3.7,5301.23,Signal Flip
874,5M_EMA_CONFIRMED_100_200,LONG,2026-04-06T13:25,2142.68,2026-04-06T14:05,2137.56,8,0.67,5301.23,-12.67,-0.24,5288.56,Signal Flip
875,5M_EMA_CONFIRMED_100_200,LONG,2026-04-06T14:15,2143.35,2026-04-06T17:00,2139.55,33,2.75,5288.56,-9.38,-0.18,5279.18,Signal Flip
876,5M_EMA_CONFIRMED_100_200,LONG,2026-04-06T18:30,2147.36,2026-04-06T18:35,2142.67,1,0.08,5279.18,-11.54,-0.22,5267.64,Signal Flip
877,5M_EMA_CONFIRMED_100_200,LONG,2026-04-06T20:15,2146.83,2026-04-06T21:20,2144.44,13,1.08,5267.64,-5.88,-0.11,5261.76,Signal Flip
878,5M_EMA_CONFIRMED_100_200,LONG,2026-04-06T21:25,2147.84,2026-04-06T21:30,2144.44,1,0.08,5261.76,-8.34,-0.16,5253.41,Signal Flip
879,5M_EMA_CONFIRMED_100_200,SHORT,2026-04-06T23:50,2103.62,2026-04-07T04:50,2119.42,60,5.0,5253.41,-39.46,-0.75,5213.95,Signal Flip
880,5M_EMA_CONFIRMED_100_200,SHORT,2026-04-07T04:55,2114.54,2026-04-07T08:20,2111.55,41,3.42,5213.95,7.39,0.14,5221.34,Signal Flip
881,5M_EMA_CONFIRMED_100_200,SHORT,2026-04-07T08:30,2108.23,2026-04-07T08:35,2112.36,1,0.08,5221.34,-10.23,-0.2,5211.11,Signal Flip
882,5M_EMA_CONFIRMED_100_200,SHORT,2026-04-07T10:30,2105.44,2026-04-07T17:35,2090.24,85,7.08,5211.11,37.6,0.72,5248.71,Signal Flip
883,5M_EMA_CONFIRMED_100_200,SHORT,2026-04-07T18:55,2083.9,2026-04-07T19:20,2101.0,5,0.42,5248.71,-43.08,-0.82,5205.64,Signal Flip
884,5M_EMA_CONFIRMED_100_200,LONG,2026-04-07T21:35,2135.45,2026-04-08T11:40,2239.11,169,14.08,5205.64,252.7,4.85,5458.34,Signal Flip
885,5M_EMA_CONFIRMED_100_200,LONG,2026-04-08T11:50,2244.78,2026-04-08T13:40,2237.19,22,1.83,5458.34,-18.46,-0.34,5439.88,Signal Flip
886,5M_EMA_CONFIRMED_100_200,LONG,2026-04-08T17:40,2232.86,2026-04-08T18:15,2225.93,7,0.58,5439.88,-16.88,-0.31,5423.0,Signal Flip
887,5M_EMA_CONFIRMED_100_200,LONG,2026-04-08T21:30,2221.4,2026-04-08T21:35,2215.0,1,0.08,5423.0,-15.62,-0.29,5407.38,Signal Flip
888,5M_EMA_CONFIRMED_100_200,LONG,2026-04-08T21:40,2219.98,2026-04-08T21:45,2214.51,1,0.08,5407.38,-13.32,-0.25,5394.06,Signal Flip
889,5M_EMA_CONFIRMED_100_200,SHORT,2026-04-08T22:15,2208.86,2026-04-09T05:40,2189.58,89,7.42,5394.06,47.06,0.87,5441.12,Signal Flip
890,5M_EMA_CONFIRMED_100_200,SHORT,2026-04-09T05:50,2182.62,2026-04-09T08:40,2186.03,34,2.83,5441.12,-8.51,-0.16,5432.61,Signal Flip
891,5M_EMA_CONFIRMED_100_200,SHORT,2026-04-09T09:05,2179.95,2026-04-09T09:20,2187.47,3,0.25,5432.61,-18.75,-0.35,5413.86,Signal Flip
892,5M_EMA_CONFIRMED_100_200,SHORT,2026-04-09T09:25,2182.88,2026-04-09T09:30,2186.11,1,0.08,5413.86,-8.02,-0.15,5405.84,Signal Flip
893,5M_EMA_CONFIRMED_100_200,SHORT,2026-04-09T11:15,2184.66,2026-04-09T15:15,2186.46,48,4.0,5405.84,-4.47,-0.08,5401.37,Signal Flip
894,5M_EMA_CONFIRMED_100_200,LONG,2026-04-09T17:10,2221.3,2026-04-09T22:55,2205.72,69,5.75,5401.37,-37.89,-0.7,5363.48,Signal Flip
895,5M_EMA_CONFIRMED_100_200,LONG,2026-04-10T01:40,2203.74,2026-04-10T01:45,2198.41,1,0.08,5363.48,-12.97,-0.24,5350.5,Signal Flip
896,5M_EMA_CONFIRMED_100_200,SHORT,2026-04-10T03:15,2185.86,2026-04-10T04:55,2196.46,20,1.67,5350.5,-25.95,-0.48,5324.55,Signal Flip
897,5M_EMA_CONFIRMED_100_200,SHORT,2026-04-10T05:10,2192.89,2026-04-10T05:25,2202.2,3,0.25,5324.55,-22.6,-0.42,5301.95,Signal Flip
898,5M_EMA_CONFIRMED_100_200,SHORT,2026-04-10T06:10,2194.53,2026-04-10T06:15,2198.27,1,0.08,5301.95,-9.03,-0.17,5292.93,Signal Flip
899,5M_EMA_CONFIRMED_100_200,SHORT,2026-04-10T06:20,2190.51,2026-04-10T09:20,2195.94,36,3.0,5292.93,-13.1,-0.25,5279.82,Signal Flip
900,5M_EMA_CONFIRMED_100_200,LONG,2026-04-10T11:45,2219.08,2026-04-10T22:40,2238.22,131,10.92,5279.82,45.54,0.86,5325.37,Signal Flip
901,5M_EMA_CONFIRMED_100_200,LONG,2026-04-10T22:55,2243.54,2026-04-10T23:05,2239.84,2,0.17,5325.37,-8.79,-0.16,5316.58,Signal Flip
902,5M_EMA_CONFIRMED_100_200,LONG,2026-04-10T23:15,2243.07,2026-04-10T23:20,2239.8,1,0.08,5316.58,-7.75,-0.15,5308.83,Signal Flip
903,5M_EMA_CONFIRMED_100_200,LONG,2026-04-10T23:25,2243.41,2026-04-11T00:05,2239.11,8,0.67,5308.83,-10.18,-0.19,5298.65,Signal Flip
904,5M_EMA_CONFIRMED_100_200,LONG,2026-04-11T01:35,2243.81,2026-04-11T01:40,2239.91,1,0.08,5298.65,-9.21,-0.17,5289.43,Signal Flip
905,5M_EMA_CONFIRMED_100_200,LONG,2026-04-11T01:45,2242.59,2026-04-11T03:55,2241.33,26,2.17,5289.43,-2.98,-0.06,5286.46,Signal Flip
906,5M_EMA_CONFIRMED_100_200,LONG,2026-04-11T09:20,2245.97,2026-04-11T13:10,2238.88,46,3.83,5286.46,-16.69,-0.32,5269.76,Signal Flip
907,5M_EMA_CONFIRMED_100_200,LONG,2026-04-11T13:20,2242.63,2026-04-11T13:25,2237.68,1,0.08,5269.76,-11.63,-0.22,5258.13,Signal Flip
908,5M_EMA_CONFIRMED_100_200,LONG,2026-04-11T13:50,2242.34,2026-04-11T14:00,2238.63,2,0.17,5258.13,-8.7,-0.17,5249.43,Signal Flip
909,5M_EMA_CONFIRMED_100_200,LONG,2026-04-11T14:10,2244.44,2026-04-11T14:40,2238.88,6,0.5,5249.43,-13.01,-0.25,5236.42,Signal Flip
910,5M_EMA_CONFIRMED_100_200,LONG,2026-04-11T14:55,2243.26,2026-04-11T23:10,2278.29,99,8.25,5236.42,81.77,1.56,5318.19,Signal Flip
911,5M_EMA_CONFIRMED_100_200,LONG,2026-04-11T23:20,2287.7,2026-04-11T23:45,2283.31,5,0.42,5318.19,-10.22,-0.19,5307.97,Signal Flip
912,5M_EMA_CONFIRMED_100_200,LONG,2026-04-11T23:50,2286.19,2026-04-11T23:55,2282.84,1,0.08,5307.97,-7.79,-0.15,5300.18,Signal Flip
913,5M_EMA_CONFIRMED_100_200,LONG,2026-04-12T00:00,2286.14,2026-04-12T00:05,2278.38,1,0.08,5300.18,-18.0,-0.34,5282.19,Signal Flip
914,5M_EMA_CONFIRMED_100_200,LONG,2026-04-12T00:20,2285.95,2026-04-12T00:30,2282.82,2,0.17,5282.19,-7.24,-0.14,5274.94,Signal Flip
915,5M_EMA_CONFIRMED_100_200,LONG,2026-04-12T01:00,2286.86,2026-04-12T01:15,2283.2,3,0.25,5274.94,-8.45,-0.16,5266.49,Signal Flip
916,5M_EMA_CONFIRMED_100_200,LONG,2026-04-12T01:20,2286.26,2026-04-12T01:30,2282.53,2,0.17,5266.49,-8.6,-0.16,5257.89,Signal Flip
917,5M_EMA_CONFIRMED_100_200,SHORT,2026-04-12T03:20,2219.48,2026-04-12T17:55,2204.16,175,14.58,5257.89,36.29,0.69,5294.18,Signal Flip
918,5M_EMA_CONFIRMED_100_200,SHORT,2026-04-12T20:00,2197.17,2026-04-12T20:05,2200.2,1,0.08,5294.18,-7.3,-0.14,5286.88,Signal Flip
919,5M_EMA_CONFIRMED_100_200,SHORT,2026-04-12T20:10,2194.13,2026-04-12T20:35,2201.74,5,0.42,5286.88,-18.33,-0.35,5268.55,Signal Flip
920,5M_EMA_CONFIRMED_100_200,SHORT,2026-04-12T22:05,2187.74,2026-04-13T00:25,2199.18,28,2.33,5268.55,-27.56,-0.52,5240.99,Signal Flip
921,5M_EMA_CONFIRMED_100_200,SHORT,2026-04-13T02:15,2193.27,2026-04-13T02:30,2202.66,3,0.25,5240.99,-22.43,-0.43,5218.56,Signal Flip
922,5M_EMA_CONFIRMED_100_200,SHORT,2026-04-13T02:40,2193.32,2026-04-13T04:35,2198.9,23,1.92,5218.56,-13.27,-0.25,5205.29,Signal Flip
923,5M_EMA_CONFIRMED_100_200,SHORT,2026-04-13T04:45,2195.17,2026-04-13T06:15,2196.38,18,1.5,5205.29,-2.86,-0.05,5202.43,Signal Flip
924,5M_EMA_CONFIRMED_100_200,SHORT,2026-04-13T07:10,2192.81,2026-04-13T09:05,2193.64,23,1.92,5202.43,-1.95,-0.04,5200.48,Signal Flip
925,5M_EMA_CONFIRMED_100_200,SHORT,2026-04-13T09:10,2187.53,2026-04-13T11:55,2190.34,33,2.75,5200.48,-6.7,-0.13,5193.77,Signal Flip
926,5M_EMA_CONFIRMED_100_200,SHORT,2026-04-13T12:00,2186.24,2026-04-13T12:55,2198.02,11,0.92,5193.77,-27.99,-0.54,5165.78,Signal Flip
927,5M_EMA_CONFIRMED_100_200,SHORT,2026-04-13T13:40,2182.92,2026-04-13T13:50,2213.0,2,0.17,5165.78,-71.18,-1.38,5094.61,Signal Flip
928,5M_EMA_CONFIRMED_100_200,LONG,2026-04-13T15:00,2235.3,2026-04-14T11:30,2368.28,246,20.5,5094.61,303.08,5.95,5397.69,Signal Flip
929,5M_EMA_CONFIRMED_100_200,LONG,2026-04-14T11:40,2375.12,2026-04-14T12:15,2368.53,7,0.58,5397.69,-14.98,-0.28,5382.7,Signal Flip
930,5M_EMA_CONFIRMED_100_200,LONG,2026-04-14T12:20,2373.52,2026-04-14T12:25,2369.15,1,0.08,5382.7,-9.89,-0.18,5372.81,Signal Flip
931,5M_EMA_CONFIRMED_100_200,LONG,2026-04-14T12:30,2373.82,2026-04-14T12:45,2369.71,3,0.25,5372.81,-9.28,-0.17,5363.53,Signal Flip
932,5M_EMA_CONFIRMED_100_200,LONG,2026-04-14T12:50,2373.89,2026-04-14T14:45,2370.16,23,1.92,5363.53,-8.41,-0.16,5355.12,Signal Flip
933,5M_EMA_CONFIRMED_100_200,LONG,2026-04-14T15:55,2372.08,2026-04-14T16:00,2363.44,1,0.08,5355.12,-19.5,-0.36,5335.62,Signal Flip
934,5M_EMA_CONFIRMED_100_200,SHORT,2026-04-14T19:50,2310.31,2026-04-15T00:05,2334.05,51,4.25,5335.62,-54.81,-1.03,5280.81,Signal Flip
935,5M_EMA_CONFIRMED_100_200,SHORT,2026-04-15T00:50,2327.92,2026-04-15T00:55,2331.39,1,0.08,5280.81,-7.87,-0.15,5272.94,Signal Flip
936,5M_EMA_CONFIRMED_100_200,SHORT,2026-04-15T02:25,2327.35,2026-04-15T04:05,2334.05,20,1.67,5272.94,-15.18,-0.29,5257.76,Signal Flip
937,5M_EMA_CONFIRMED_100_200,SHORT,2026-04-15T05:25,2323.44,2026-04-15T08:30,2325.16,37,3.08,5257.76,-3.9,-0.07,5253.86,Signal Flip
938,5M_EMA_CONFIRMED_100_200,SHORT,2026-04-15T09:10,2321.87,2026-04-15T09:15,2325.09,1,0.08,5253.86,-7.29,-0.14,5246.56,Signal Flip
939,5M_EMA_CONFIRMED_100_200,SHORT,2026-04-15T09:25,2322.79,2026-04-15T10:10,2324.94,9,0.75,5246.56,-4.87,-0.09,5241.7,Signal Flip
940,5M_EMA_CONFIRMED_100_200,SHORT,2026-04-15T10:15,2320.94,2026-04-15T10:50,2325.39,7,0.58,5241.7,-10.06,-0.19,5231.64,Signal Flip
941,5M_EMA_CONFIRMED_100_200,SHORT,2026-04-15T10:55,2320.78,2026-04-15T11:15,2327.58,4,0.33,5231.64,-15.34,-0.29,5216.3,Signal Flip
942,5M_EMA_CONFIRMED_100_200,SHORT,2026-04-15T13:45,2317.6,2026-04-15T14:00,2328.09,3,0.25,5216.3,-23.62,-0.45,5192.69,Signal Flip
943,5M_EMA_CONFIRMED_100_200,SHORT,2026-04-15T14:05,2323.46,2026-04-15T14:15,2334.22,2,0.17,5192.69,-24.04,-0.46,5168.64,Signal Flip
944,5M_EMA_CONFIRMED_100_200,LONG,2026-04-15T15:15,2348.58,2026-04-15T15:35,2321.8,4,0.33,5168.64,-58.95,-1.14,5109.69,Signal Flip
945,5M_EMA_CONFIRMED_100_200,LONG,2026-04-15T15:45,2333.9,2026-04-15T23:20,2351.63,91,7.58,5109.69,38.83,0.76,5148.53,Signal Flip
946,5M_EMA_CONFIRMED_100_200,LONG,2026-04-15T23:30,2357.03,2026-04-15T23:35,2352.97,1,0.08,5148.53,-8.86,-0.17,5139.67,Signal Flip
947,5M_EMA_CONFIRMED_100_200,LONG,2026-04-15T23:50,2358.86,2026-04-16T00:05,2351.31,3,0.25,5139.67,-16.44,-0.32,5123.23,Signal Flip
948,5M_EMA_CONFIRMED_100_200,LONG,2026-04-16T00:35,2364.19,2026-04-16T01:05,2353.92,6,0.5,5123.23,-22.25,-0.43,5100.98,Signal Flip
949,5M_EMA_CONFIRMED_100_200,LONG,2026-04-16T01:50,2357.0,2026-04-16T01:55,2351.72,1,0.08,5100.98,-11.41,-0.22,5089.56,Signal Flip
950,5M_EMA_CONFIRMED_100_200,LONG,2026-04-16T02:05,2356.67,2026-04-16T02:10,2350.91,1,0.08,5089.56,-12.43,-0.24,5077.14,Signal Flip
951,5M_EMA_CONFIRMED_100_200,LONG,2026-04-16T02:30,2360.2,2026-04-16T04:50,2351.59,28,2.33,5077.14,-18.51,-0.36,5058.62,Signal Flip
952,5M_EMA_CONFIRMED_100_200,LONG,2026-04-16T05:30,2358.54,2026-04-16T06:15,2355.44,9,0.75,5058.62,-6.64,-0.13,5051.98,Signal Flip
953,5M_EMA_CONFIRMED_100_200,LONG,2026-04-16T06:20,2359.51,2026-04-16T06:30,2354.39,2,0.17,5051.98,-10.96,-0.22,5041.02,Signal Flip
954,5M_EMA_CONFIRMED_100_200,SHORT,2026-04-16T09:55,2337.95,2026-04-16T12:15,2345.38,28,2.33,5041.02,-16.02,-0.32,5025.0,Signal Flip
955,5M_EMA_CONFIRMED_100_200,SHORT,2026-04-16T12:20,2341.27,2026-04-16T13:10,2344.23,10,0.83,5025.0,-6.36,-0.13,5018.64,Signal Flip
956,5M_EMA_CONFIRMED_100_200,SHORT,2026-04-16T13:40,2335.17,2026-04-16T15:40,2341.31,24,2.0,5018.64,-13.19,-0.26,5005.45,Signal Flip
957,5M_EMA_CONFIRMED_100_200,SHORT,2026-04-16T16:30,2330.92,2026-04-16T18:20,2330.66,22,1.83,5005.45,0.56,0.01,5006.01,Signal Flip
958,5M_EMA_CONFIRMED_100_200,SHORT,2026-04-16T18:25,2322.4,2026-04-16T18:35,2330.46,2,0.17,5006.01,-17.39,-0.35,4988.62,Signal Flip
959,5M_EMA_CONFIRMED_100_200,LONG,2026-04-16T22:05,2349.17,2026-04-17T00:25,2340.72,28,2.33,4988.62,-17.95,-0.36,4970.66,Signal Flip
960,5M_EMA_CONFIRMED_100_200,LONG,2026-04-17T00:30,2346.98,2026-04-17T01:25,2331.09,11,0.92,4970.66,-33.65,-0.68,4937.01,Signal Flip
961,5M_EMA_CONFIRMED_100_200,SHORT,2026-04-17T02:35,2327.34,2026-04-17T07:05,2336.36,54,4.5,4937.01,-19.14,-0.39,4917.87,Signal Flip
962,5M_EMA_CONFIRMED_100_200,SHORT,2026-04-17T07:50,2329.42,2026-04-17T07:55,2334.66,1,0.08,4917.87,-11.05,-0.22,4906.83,Signal Flip
963,5M_EMA_CONFIRMED_100_200,LONG,2026-04-17T09:25,2356.42,2026-04-17T10:45,2337.9,16,1.33,4906.83,-38.56,-0.79,4868.27,Signal Flip
964,5M_EMA_CONFIRMED_100_200,LONG,2026-04-17T10:50,2342.79,2026-04-17T21:40,2418.84,130,10.83,4868.27,158.03,3.25,5026.3,Signal Flip
965,5M_EMA_CONFIRMED_100_200,LONG,2026-04-17T21:45,2429.36,2026-04-17T23:20,2417.3,19,1.58,5026.3,-24.96,-0.5,5001.34,Signal Flip
966,5M_EMA_CONFIRMED_100_200,LONG,2026-04-18T01:15,2427.94,2026-04-18T01:35,2419.22,4,0.33,5001.34,-17.97,-0.36,4983.37,Signal Flip
967,5M_EMA_CONFIRMED_100_200,LONG,2026-04-18T02:20,2423.81,2026-04-18T02:30,2420.79,2,0.17,4983.37,-6.21,-0.12,4977.16,Signal Flip
968,5M_EMA_CONFIRMED_100_200,SHORT,2026-04-18T08:55,2378.45,2026-04-18T16:25,2370.13,90,7.5,4977.16,17.4,0.35,4994.56,Signal Flip
969,5M_EMA_CONFIRMED_100_200,SHORT,2026-04-18T16:35,2364.63,2026-04-18T22:50,2358.68,75,6.25,4994.56,12.56,0.25,5007.12,Signal Flip
970,5M_EMA_CONFIRMED_100_200,SHORT,2026-04-18T23:15,2354.15,2026-04-19T11:10,2329.55,143,11.92,5007.12,52.32,1.04,5059.44,Signal Flip
971,5M_EMA_CONFIRMED_100_200,SHORT,2026-04-19T15:35,2324.35,2026-04-19T16:00,2331.97,5,0.42,5059.44,-16.58,-0.33,5042.86,Signal Flip
972,5M_EMA_CONFIRMED_100_200,SHORT,2026-04-19T16:05,2329.51,2026-04-20T01:35,2295.18,114,9.5,5042.86,74.33,1.47,5117.19,Signal Flip
973,5M_EMA_CONFIRMED_100_200,SHORT,2026-04-20T02:05,2282.69,2026-04-20T03:55,2288.47,22,1.83,5117.19,-12.97,-0.25,5104.22,Signal Flip
974,5M_EMA_CONFIRMED_100_200,SHORT,2026-04-20T04:05,2282.75,2026-04-20T06:45,2285.84,32,2.67,5104.22,-6.92,-0.14,5097.3,Signal Flip
975,5M_EMA_CONFIRMED_100_200,LONG,2026-04-20T10:55,2309.45,2026-04-20T14:10,2301.88,39,3.25,5097.3,-16.72,-0.33,5080.58,Signal Flip
976,5M_EMA_CONFIRMED_100_200,LONG,2026-04-20T14:20,2306.29,2026-04-20T14:45,2301.45,5,0.42,5080.58,-10.67,-0.21,5069.91,Signal Flip
977,5M_EMA_CONFIRMED_100_200,LONG,2026-04-20T14:50,2307.43,2026-04-20T14:55,2290.86,1,0.08,5069.91,-36.41,-0.72,5033.5,Signal Flip
978,5M_EMA_CONFIRMED_100_200,LONG,2026-04-20T15:25,2309.92,2026-04-20T16:30,2302.78,13,1.08,5033.5,-15.57,-0.31,5017.93,Signal Flip
979,5M_EMA_CONFIRMED_100_200,LONG,2026-04-20T16:45,2307.85,2026-04-20T16:50,2299.91,1,0.08,5017.93,-17.27,-0.34,5000.66,Signal Flip
980,5M_EMA_CONFIRMED_100_200,LONG,2026-04-20T17:05,2306.64,2026-04-20T21:20,2319.02,51,4.25,5000.66,26.83,0.54,5027.49,Signal Flip
981,5M_EMA_CONFIRMED_100_200,LONG,2026-04-20T21:25,2321.93,2026-04-20T21:30,2318.59,1,0.08,5027.49,-7.23,-0.14,5020.26,Signal Flip
982,5M_EMA_CONFIRMED_100_200,LONG,2026-04-20T21:55,2322.02,2026-04-20T22:20,2316.51,5,0.42,5020.26,-11.91,-0.24,5008.35,Signal Flip
983,5M_EMA_CONFIRMED_100_200,LONG,2026-04-20T22:35,2324.99,2026-04-20T22:50,2317.4,3,0.25,5008.35,-16.35,-0.33,4992.0,Signal Flip
984,5M_EMA_CONFIRMED_100_200,LONG,2026-04-21T00:50,2322.39,2026-04-21T01:55,2314.27,13,1.08,4992.0,-17.45,-0.35,4974.55,Signal Flip
985,5M_EMA_CONFIRMED_100_200,LONG,2026-04-21T05:00,2315.75,2026-04-21T05:50,2312.26,10,0.83,4974.55,-7.48,-0.15,4967.06,Signal Flip
986,5M_EMA_CONFIRMED_100_200,LONG,2026-04-21T05:55,2315.78,2026-04-21T06:05,2309.42,2,0.17,4967.06,-13.63,-0.27,4953.44,Signal Flip
987,5M_EMA_CONFIRMED_100_200,LONG,2026-04-21T06:35,2321.39,2026-04-21T07:05,2312.34,6,0.5,4953.44,-19.3,-0.39,4934.13,Signal Flip
988,5M_EMA_CONFIRMED_100_200,LONG,2026-04-21T07:10,2315.59,2026-04-21T11:15,2316.76,49,4.08,4934.13,2.5,0.05,4936.63,Signal Flip
989,5M_EMA_CONFIRMED_100_200,LONG,2026-04-21T11:20,2323.1,2026-04-21T11:55,2319.8,7,0.58,4936.63,-7.02,-0.14,4929.62,Signal Flip
990,5M_EMA_CONFIRMED_100_200,LONG,2026-04-21T14:35,2318.57,2026-04-21T14:50,2312.78,3,0.25,4929.62,-12.3,-0.25,4917.32,Signal Flip
991,5M_EMA_CONFIRMED_100_200,SHORT,2026-04-21T15:05,2298.09,2026-04-21T16:10,2316.66,13,1.08,4917.32,-39.73,-0.81,4877.59,Signal Flip
992,5M_EMA_CONFIRMED_100_200,SHORT,2026-04-21T16:25,2310.02,2026-04-21T16:35,2322.55,2,0.17,4877.59,-26.45,-0.54,4851.14,Signal Flip
993,5M_EMA_CONFIRMED_100_200,SHORT,2026-04-21T16:45,2312.18,2026-04-21T16:50,2318.03,1,0.08,4851.14,-12.26,-0.25,4838.88,Signal Flip
994,5M_EMA_CONFIRMED_100_200,SHORT,2026-04-21T16:55,2310.79,2026-04-21T17:45,2315.76,10,0.83,4838.88,-10.39,-0.21,4828.48,Signal Flip
995,5M_EMA_CONFIRMED_100_200,SHORT,2026-04-21T17:55,2305.94,2026-04-21T19:00,2313.88,13,1.08,4828.48,-16.63,-0.34,4811.86,Signal Flip
996,5M_EMA_CONFIRMED_100_200,SHORT,2026-04-21T19:40,2301.7,2026-04-21T20:10,2316.03,6,0.5,4811.86,-29.96,-0.62,4781.9,Signal Flip
997,5M_EMA_CONFIRMED_100_200,SHORT,2026-04-21T21:45,2308.91,2026-04-21T22:00,2313.72,3,0.25,4781.9,-9.94,-0.21,4771.96,Signal Flip
998,5M_EMA_CONFIRMED_100_200,SHORT,2026-04-21T22:05,2309.99,2026-04-21T22:10,2313.34,1,0.08,4771.96,-6.9,-0.14,4765.05,Signal Flip
999,5M_EMA_CONFIRMED_100_200,SHORT,2026-04-21T22:20,2306.13,2026-04-21T22:45,2312.7,5,0.42,4765.05,-13.57,-0.28,4751.48,Signal Flip
1000,5M_EMA_CONFIRMED_100_200,SHORT,2026-04-21T22:50,2306.31,2026-04-21T23:00,2312.51,2,0.17,4751.48,-12.77,-0.27,4738.71,Signal Flip
1001,5M_EMA_CONFIRMED_100_200,LONG,2026-04-22T00:00,2328.31,2026-04-22T01:30,2313.07,18,1.5,4738.71,-31.02,-0.65,4707.69,Signal Flip
1002,5M_EMA_CONFIRMED_100_200,LONG,2026-04-22T01:35,2317.94,2026-04-22T16:25,2395.77,178,14.83,4707.69,158.08,3.36,4865.77,Signal Flip
1003,5M_EMA_CONFIRMED_100_200,LONG,2026-04-22T17:40,2399.19,2026-04-22T19:05,2390.39,17,1.42,4865.77,-17.84,-0.37,4847.93,Signal Flip
1004,5M_EMA_CONFIRMED_100_200,LONG,2026-04-22T19:20,2402.76,2026-04-22T19:40,2395.83,4,0.33,4847.93,-13.98,-0.29,4833.95,Signal Flip
1005,5M_EMA_CONFIRMED_100_200,LONG,2026-04-22T19:55,2399.61,2026-04-22T20:20,2395.52,5,0.42,4833.95,-8.23,-0.17,4825.71,Signal Flip
1006,5M_EMA_CONFIRMED_100_200,LONG,2026-04-22T20:30,2398.95,2026-04-22T20:35,2396.01,1,0.08,4825.71,-5.91,-0.12,4819.81,Signal Flip
1007,5M_EMA_CONFIRMED_100_200,LONG,2026-04-22T21:25,2398.5,2026-04-22T22:30,2395.85,13,1.08,4819.81,-5.32,-0.11,4814.49,Signal Flip
1008,5M_EMA_CONFIRMED_100_200,LONG,2026-04-22T23:00,2401.28,2026-04-22T23:05,2393.8,1,0.08,4814.49,-14.99,-0.31,4799.49,Signal Flip
1009,5M_EMA_CONFIRMED_100_200,SHORT,2026-04-23T01:55,2365.2,2026-04-23T14:55,2333.72,156,13.0,4799.49,63.88,1.33,4863.37,Signal Flip
1010,5M_EMA_CONFIRMED_100_200,SHORT,2026-04-23T15:05,2324.96,2026-04-23T15:20,2338.51,3,0.25,4863.37,-28.35,-0.58,4835.03,Signal Flip
1011,5M_EMA_CONFIRMED_100_200,SHORT,2026-04-23T15:55,2327.49,2026-04-23T16:00,2334.43,1,0.08,4835.03,-14.42,-0.3,4820.61,Signal Flip
1012,5M_EMA_CONFIRMED_100_200,SHORT,2026-04-23T16:05,2327.54,2026-04-23T16:10,2332.86,1,0.08,4820.61,-11.02,-0.23,4809.59,Signal Flip
1013,5M_EMA_CONFIRMED_100_200,SHORT,2026-04-23T16:15,2329.31,2026-04-23T16:20,2334.12,1,0.08,4809.59,-9.91,-0.21,4799.67,Signal Flip
1014,5M_EMA_CONFIRMED_100_200,SHORT,2026-04-23T16:30,2328.89,2026-04-23T16:35,2334.24,1,0.08,4799.67,-11.01,-0.23,4788.67,Signal Flip
1015,5M_EMA_CONFIRMED_100_200,SHORT,2026-04-23T16:40,2328.93,2026-04-23T20:05,2324.3,41,3.42,4788.67,9.53,0.2,4798.19,Signal Flip
1016,5M_EMA_CONFIRMED_100_200,SHORT,2026-04-23T20:25,2319.15,2026-04-23T20:35,2323.23,2,0.17,4798.19,-8.44,-0.18,4789.75,Signal Flip
1017,5M_EMA_CONFIRMED_100_200,SHORT,2026-04-23T21:15,2319.79,2026-04-23T21:20,2323.43,1,0.08,4789.75,-7.52,-0.16,4782.23,Signal Flip
1018,5M_EMA_CONFIRMED_100_200,SHORT,2026-04-23T22:00,2320.5,2026-04-23T22:05,2326.64,1,0.08,4782.23,-12.66,-0.26,4769.57,Signal Flip
1019,5M_EMA_CONFIRMED_100_200,SHORT,2026-04-24T01:10,2323.95,2026-04-24T01:50,2331.59,8,0.67,4769.57,-15.68,-0.33,4753.89,Signal Flip
1020,5M_EMA_CONFIRMED_100_200,SHORT,2026-04-24T02:25,2323.94,2026-04-24T02:35,2329.5,2,0.17,4753.89,-11.39,-0.24,4742.51,Signal Flip
1021,5M_EMA_CONFIRMED_100_200,SHORT,2026-04-24T02:55,2318.67,2026-04-24T08:20,2319.09,65,5.42,4742.51,-0.86,-0.02,4741.65,Signal Flip
1022,5M_EMA_CONFIRMED_100_200,SHORT,2026-04-24T08:35,2312.8,2026-04-24T08:50,2317.68,3,0.25,4741.65,-10.0,-0.21,4731.65,Signal Flip
1023,5M_EMA_CONFIRMED_100_200,SHORT,2026-04-24T09:00,2314.08,2026-04-24T10:30,2314.95,18,1.5,4731.65,-1.77,-0.04,4729.89,Signal Flip
1024,5M_EMA_CONFIRMED_100_200,SHORT,2026-04-24T10:40,2312.4,2026-04-24T10:45,2315.07,1,0.08,4729.89,-5.45,-0.12,4724.44,Signal Flip
1025,5M_EMA_CONFIRMED_100_200,SHORT,2026-04-24T12:55,2317.54,2026-04-24T13:00,2326.42,1,0.08,4724.44,-18.11,-0.38,4706.33,Signal Flip
1026,5M_EMA_CONFIRMED_100_200,SHORT,2026-04-24T13:50,2315.95,2026-04-24T15:45,2326.18,23,1.92,4706.33,-20.79,-0.44,4685.54,Signal Flip
1027,5M_EMA_CONFIRMED_100_200,SHORT,2026-04-24T16:15,2315.75,2026-04-24T16:35,2321.65,4,0.33,4685.54,-11.94,-0.25,4673.61,Signal Flip
1028,5M_EMA_CONFIRMED_100_200,SHORT,2026-04-24T16:45,2312.48,2026-04-24T17:15,2320.52,6,0.5,4673.61,-16.24,-0.35,4657.36,Signal Flip
1029,5M_EMA_CONFIRMED_100_200,SHORT,2026-04-24T17:20,2314.6,2026-04-24T17:55,2320.64,7,0.58,4657.36,-12.15,-0.26,4645.22,Signal Flip
1030,5M_EMA_CONFIRMED_100_200,SHORT,2026-04-24T18:15,2313.4,2026-04-24T18:35,2319.41,4,0.33,4645.22,-12.06,-0.26,4633.15,Signal Flip
1031,5M_EMA_CONFIRMED_100_200,SHORT,2026-04-24T20:20,2316.08,2026-04-24T20:35,2321.86,3,0.25,4633.15,-11.56,-0.25,4621.59,Signal Flip
1032,5M_EMA_CONFIRMED_100_200,SHORT,2026-04-24T21:15,2314.44,2026-04-24T21:20,2320.99,1,0.08,4621.59,-13.07,-0.28,4608.52,Signal Flip
1033,5M_EMA_CONFIRMED_100_200,SHORT,2026-04-24T21:25,2316.54,2026-04-25T01:05,2317.35,44,3.67,4608.52,-1.61,-0.03,4606.91,Signal Flip
1034,5M_EMA_CONFIRMED_100_200,SHORT,2026-04-25T02:05,2313.94,2026-04-25T02:10,2317.83,1,0.08,4606.91,-7.74,-0.17,4599.18,Signal Flip
1035,5M_EMA_CONFIRMED_100_200,SHORT,2026-04-25T03:30,2315.2,2026-04-25T03:35,2318.08,1,0.08,4599.18,-5.71,-0.12,4593.46,Signal Flip
1036,5M_EMA_CONFIRMED_100_200,SHORT,2026-04-25T04:35,2315.9,2026-04-25T06:05,2318.08,18,1.5,4593.46,-4.32,-0.09,4589.15,Signal Flip
1037,5M_EMA_CONFIRMED_100_200,SHORT,2026-04-25T06:20,2314.4,2026-04-25T06:40,2317.87,4,0.33,4589.15,-6.87,-0.15,4582.27,Signal Flip
1038,5M_EMA_CONFIRMED_100_200,SHORT,2026-04-25T06:45,2314.91,2026-04-25T07:35,2318.08,10,0.83,4582.27,-6.27,-0.14,4576.0,Signal Flip
1039,5M_EMA_CONFIRMED_100_200,SHORT,2026-04-25T07:50,2315.11,2026-04-25T07:55,2317.66,1,0.08,4576.0,-5.03,-0.11,4570.97,Signal Flip
1040,5M_EMA_CONFIRMED_100_200,LONG,2026-04-25T09:50,2323.65,2026-04-25T11:10,2316.05,16,1.33,4570.97,-14.95,-0.33,4556.02,Signal Flip
1041,5M_EMA_CONFIRMED_100_200,SHORT,2026-04-25T12:05,2312.49,2026-04-25T13:15,2318.08,14,1.17,4556.02,-11.0,-0.24,4545.02,Signal Flip
1042,5M_EMA_CONFIRMED_100_200,SHORT,2026-04-25T13:20,2315.15,2026-04-25T13:25,2318.19,1,0.08,4545.02,-5.96,-0.13,4539.06,Signal Flip
1043,5M_EMA_CONFIRMED_100_200,SHORT,2026-04-25T13:30,2315.32,2026-04-25T13:45,2318.5,3,0.25,4539.06,-6.23,-0.14,4532.83,Signal Flip
1044,5M_EMA_CONFIRMED_100_200,SHORT,2026-04-25T14:00,2315.09,2026-04-25T14:10,2318.59,2,0.17,4532.83,-6.85,-0.15,4525.98,Signal Flip
1045,5M_EMA_CONFIRMED_100_200,SHORT,2026-04-25T14:20,2314.88,2026-04-25T14:30,2318.65,2,0.17,4525.98,-7.36,-0.16,4518.62,Signal Flip
1046,5M_EMA_CONFIRMED_100_200,SHORT,2026-04-25T14:55,2315.59,2026-04-25T15:25,2319.04,6,0.5,4518.62,-6.73,-0.15,4511.89,Signal Flip
1047,5M_EMA_CONFIRMED_100_200,SHORT,2026-04-25T15:45,2315.67,2026-04-25T21:00,2314.37,63,5.25,4511.89,2.54,0.06,4514.43,Signal Flip
1048,5M_EMA_CONFIRMED_100_200,LONG,2026-04-26T00:00,2320.65,2026-04-26T00:25,2313.92,5,0.42,4514.43,-13.09,-0.29,4501.35,Signal Flip
1049,5M_EMA_CONFIRMED_100_200,LONG,2026-04-26T00:30,2316.38,2026-04-26T01:05,2312.9,7,0.58,4501.35,-6.75,-0.15,4494.59,Signal Flip
1050,5M_EMA_CONFIRMED_100_200,LONG,2026-04-26T01:15,2316.42,2026-04-26T01:50,2314.04,7,0.58,4494.59,-4.61,-0.1,4489.98,Signal Flip
1051,5M_EMA_CONFIRMED_100_200,LONG,2026-04-26T01:55,2317.31,2026-04-26T02:00,2312.68,1,0.08,4489.98,-8.96,-0.2,4481.02,Signal Flip
1052,5M_EMA_CONFIRMED_100_200,LONG,2026-04-26T02:05,2316.62,2026-04-26T02:45,2314.3,8,0.67,4481.02,-4.48,-0.1,4476.54,Signal Flip
1053,5M_EMA_CONFIRMED_100_200,LONG,2026-04-26T03:15,2317.33,2026-04-26T03:30,2311.12,3,0.25,4476.54,-11.99,-0.27,4464.56,Signal Flip
1054,5M_EMA_CONFIRMED_100_200,SHORT,2026-04-26T03:50,2308.33,2026-04-26T04:50,2319.38,12,1.0,4464.56,-21.38,-0.48,4443.18,Signal Flip
1055,5M_EMA_CONFIRMED_100_200,LONG,2026-04-26T05:20,2331.59,2026-04-26T12:50,2327.07,90,7.5,4443.18,-8.61,-0.19,4434.57,Signal Flip
1056,5M_EMA_CONFIRMED_100_200,LONG,2026-04-26T13:10,2332.37,2026-04-26T22:35,2353.6,113,9.42,4434.57,40.38,0.91,4474.95,Signal Flip
1057,5M_EMA_CONFIRMED_100_200,LONG,2026-04-26T22:40,2359.56,2026-04-27T05:05,2374.81,77,6.42,4474.95,28.93,0.65,4503.87,Signal Flip
1058,5M_EMA_CONFIRMED_100_200,SHORT,2026-04-27T07:20,2318.35,2026-04-27T14:40,2326.54,88,7.33,4503.87,-15.92,-0.35,4487.96,Signal Flip
1059,5M_EMA_CONFIRMED_100_200,SHORT,2026-04-27T14:55,2317.62,2026-04-27T22:50,2296.1,95,7.92,4487.96,41.68,0.93,4529.64,Signal Flip
1060,5M_EMA_CONFIRMED_100_200,SHORT,2026-04-27T23:05,2292.36,2026-04-27T23:20,2295.43,3,0.25,4529.64,-6.05,-0.13,4523.58,Signal Flip
1061,5M_EMA_CONFIRMED_100_200,SHORT,2026-04-27T23:30,2292.44,2026-04-27T23:35,2297.75,1,0.08,4523.58,-10.47,-0.23,4513.11,Signal Flip
1062,5M_EMA_CONFIRMED_100_200,SHORT,2026-04-28T02:25,2296.58,2026-04-28T05:30,2295.62,37,3.08,4513.11,1.89,0.04,4515.01,Signal Flip
1063,5M_EMA_CONFIRMED_100_200,SHORT,2026-04-28T05:40,2287.52,2026-04-28T08:30,2291.86,34,2.83,4515.01,-8.57,-0.19,4506.44,Signal Flip
1064,5M_EMA_CONFIRMED_100_200,SHORT,2026-04-28T08:40,2286.85,2026-04-28T09:20,2289.64,8,0.67,4506.44,-5.51,-0.12,4500.93,Signal Flip
1065,5M_EMA_CONFIRMED_100_200,SHORT,2026-04-28T09:25,2285.89,2026-04-28T09:30,2289.47,1,0.08,4500.93,-7.06,-0.16,4493.86,Signal Flip
1066,5M_EMA_CONFIRMED_100_200,SHORT,2026-04-28T09:35,2283.01,2026-04-28T10:50,2288.07,15,1.25,4493.86,-9.97,-0.22,4483.89,Signal Flip
1067,5M_EMA_CONFIRMED_100_200,SHORT,2026-04-28T11:00,2283.37,2026-04-28T13:50,2281.83,34,2.83,4483.89,3.02,0.07,4486.91,Signal Flip
1068,5M_EMA_CONFIRMED_100_200,SHORT,2026-04-28T13:55,2275.09,2026-04-28T15:55,2281.23,24,2.0,4486.91,-12.11,-0.27,4474.81,Signal Flip
1069,5M_EMA_CONFIRMED_100_200,SHORT,2026-04-28T16:30,2276.42,2026-04-28T16:55,2287.99,5,0.42,4474.81,-22.75,-0.51,4452.06,Signal Flip
1070,5M_EMA_CONFIRMED_100_200,LONG,2026-04-28T20:20,2300.94,2026-04-28T21:30,2286.69,14,1.17,4452.06,-27.58,-0.62,4424.48,Signal Flip
1071,5M_EMA_CONFIRMED_100_200,LONG,2026-04-28T21:35,2289.98,2026-04-28T21:45,2286.22,2,0.17,4424.48,-7.28,-0.16,4417.2,Signal Flip
1072,5M_EMA_CONFIRMED_100_200,LONG,2026-04-28T22:00,2291.27,2026-04-28T22:40,2286.94,8,0.67,4417.2,-8.35,-0.19,4408.85,Signal Flip
1073,5M_EMA_CONFIRMED_100_200,LONG,2026-04-28T23:50,2289.78,2026-04-29T00:25,2286.81,7,0.58,4408.85,-5.73,-0.13,4403.12,Signal Flip
1074,5M_EMA_CONFIRMED_100_200,LONG,2026-04-29T00:45,2290.34,2026-04-29T01:10,2283.3,5,0.42,4403.12,-13.55,-0.31,4389.57,Signal Flip
1075,5M_EMA_CONFIRMED_100_200,LONG,2026-04-29T01:50,2297.12,2026-04-29T02:35,2285.67,9,0.75,4389.57,-21.88,-0.5,4367.69,Signal Flip
1076,5M_EMA_CONFIRMED_100_200,LONG,2026-04-29T03:00,2290.01,2026-04-29T03:05,2286.88,1,0.08,4367.69,-5.99,-0.14,4361.7,Signal Flip
1077,5M_EMA_CONFIRMED_100_200,LONG,2026-04-29T03:10,2291.38,2026-04-29T12:10,2323.88,108,9.0,4361.7,61.87,1.42,4423.57,Signal Flip
1078,5M_EMA_CONFIRMED_100_200,SHORT,2026-04-29T15:55,2265.82,2026-04-30T00:35,2260.64,104,8.67,4423.57,10.11,0.23,4433.68,Signal Flip
1079,5M_EMA_CONFIRMED_100_200,SHORT,2026-04-30T02:30,2261.89,2026-04-30T07:30,2254.4,60,5.0,4433.68,14.69,0.33,4448.36,Signal Flip
1080,5M_EMA_CONFIRMED_100_200,SHORT,2026-04-30T11:55,2256.53,2026-04-30T12:00,2259.31,1,0.08,4448.36,-5.48,-0.12,4442.89,Signal Flip
1081,5M_EMA_CONFIRMED_100_200,SHORT,2026-04-30T13:30,2258.01,2026-04-30T13:35,2261.81,1,0.08,4442.89,-7.48,-0.17,4435.41,Signal Flip
1082,5M_EMA_CONFIRMED_100_200,SHORT,2026-04-30T14:20,2253.84,2026-04-30T14:45,2262.2,5,0.42,4435.41,-16.45,-0.37,4418.96,Signal Flip
1083,5M_EMA_CONFIRMED_100_200,SHORT,2026-04-30T16:20,2260.46,2026-04-30T16:30,2263.13,2,0.17,4418.96,-5.22,-0.12,4413.74,Signal Flip
1084,5M_EMA_CONFIRMED_100_200,SHORT,2026-04-30T16:40,2260.59,2026-04-30T18:05,2261.93,17,1.42,4413.74,-2.62,-0.06,4411.12,Signal Flip
1085,5M_EMA_CONFIRMED_100_200,SHORT,2026-04-30T18:10,2256.24,2026-04-30T18:20,2261.66,2,0.17,4411.12,-10.59,-0.24,4400.53,Signal Flip
1086,5M_EMA_CONFIRMED_100_200,SHORT,2026-04-30T18:25,2258.61,2026-04-30T18:45,2262.18,4,0.33,4400.53,-6.96,-0.16,4393.57,Signal Flip
1087,5M_EMA_CONFIRMED_100_200,SHORT,2026-04-30T19:00,2258.71,2026-04-30T19:10,2263.29,2,0.17,4393.57,-8.91,-0.2,4384.66,Signal Flip
1088,5M_EMA_CONFIRMED_100_200,SHORT,2026-04-30T20:05,2259.89,2026-04-30T20:10,2263.38,1,0.08,4384.66,-6.77,-0.15,4377.88,Signal Flip
1089,5M_EMA_CONFIRMED_100_200,LONG,2026-04-30T20:50,2266.68,2026-04-30T21:10,2260.48,4,0.33,4377.88,-11.98,-0.27,4365.9,Signal Flip
1090,5M_EMA_CONFIRMED_100_200,LONG,2026-04-30T21:15,2265.23,2026-04-30T21:20,2260.51,1,0.08,4365.9,-9.1,-0.21,4356.8,Signal Flip
1091,5M_EMA_CONFIRMED_100_200,SHORT,2026-04-30T21:45,2258.8,2026-05-01T00:05,2264.77,28,2.33,4356.8,-11.52,-0.26,4345.28,Signal Flip
1092,5M_EMA_CONFIRMED_100_200,SHORT,2026-05-01T01:00,2258.87,2026-05-01T01:05,2262.88,1,0.08,4345.28,-7.72,-0.18,4337.57,Signal Flip
1093,5M_EMA_CONFIRMED_100_200,LONG,2026-05-01T02:00,2268.88,2026-05-01T07:30,2272.99,66,5.5,4337.57,7.86,0.18,4345.42,Signal Flip
1094,5M_EMA_CONFIRMED_100_200,LONG,2026-05-01T07:35,2276.82,2026-05-01T20:20,2299.75,153,12.75,4345.42,43.77,1.01,4389.19,Signal Flip
1095,5M_EMA_CONFIRMED_100_200,LONG,2026-05-01T22:25,2300.5,2026-05-01T22:30,2295.76,1,0.08,4389.19,-9.04,-0.21,4380.15,Signal Flip
1096,5M_EMA_CONFIRMED_100_200,LONG,2026-05-02T00:25,2298.33,2026-05-02T00:30,2294.69,1,0.08,4380.15,-6.93,-0.16,4373.22,Signal Flip
1097,5M_EMA_CONFIRMED_100_200,LONG,2026-05-02T00:45,2299.04,2026-05-02T01:05,2295.26,4,0.33,4373.22,-7.18,-0.16,4366.03,Signal Flip
1098,5M_EMA_CONFIRMED_100_200,LONG,2026-05-02T01:10,2300.23,2026-05-02T01:20,2295.41,2,0.17,4366.03,-9.14,-0.21,4356.89,Signal Flip
1099,5M_EMA_CONFIRMED_100_200,LONG,2026-05-02T01:25,2298.41,2026-05-02T02:30,2294.73,13,1.08,4356.89,-6.97,-0.16,4349.92,Signal Flip
1100,5M_EMA_CONFIRMED_100_200,LONG,2026-05-02T02:40,2300.28,2026-05-02T05:15,2297.46,31,2.58,4349.92,-5.33,-0.12,4344.59,Signal Flip
1101,5M_EMA_CONFIRMED_100_200,LONG,2026-05-02T05:30,2301.04,2026-05-02T06:00,2298.31,6,0.5,4344.59,-5.15,-0.12,4339.43,Signal Flip
1102,5M_EMA_CONFIRMED_100_200,LONG,2026-05-02T06:05,2302.58,2026-05-02T06:15,2298.51,2,0.17,4339.43,-7.67,-0.18,4331.76,Signal Flip
1103,5M_EMA_CONFIRMED_100_200,LONG,2026-05-02T06:20,2301.25,2026-05-02T06:25,2296.87,1,0.08,4331.76,-8.24,-0.19,4323.52,Signal Flip
1104,5M_EMA_CONFIRMED_100_200,LONG,2026-05-02T06:40,2301.78,2026-05-02T08:05,2299.2,17,1.42,4323.52,-4.85,-0.11,4318.67,Signal Flip
1105,5M_EMA_CONFIRMED_100_200,LONG,2026-05-02T08:15,2302.63,2026-05-02T11:05,2300.59,34,2.83,4318.67,-3.83,-0.09,4314.84,Signal Flip
1106,5M_EMA_CONFIRMED_100_200,LONG,2026-05-02T11:20,2303.97,2026-05-02T11:40,2300.71,4,0.33,4314.84,-6.11,-0.14,4308.73,Signal Flip
1107,5M_EMA_CONFIRMED_100_200,LONG,2026-05-02T11:45,2303.79,2026-05-02T11:50,2299.57,1,0.08,4308.73,-7.9,-0.18,4300.84,Signal Flip
1108,5M_EMA_CONFIRMED_100_200,LONG,2026-05-02T12:25,2304.56,2026-05-02T17:50,2305.03,65,5.42,4300.84,0.87,0.02,4301.71,Signal Flip
1109,5M_EMA_CONFIRMED_100_200,LONG,2026-05-02T18:15,2307.59,2026-05-03T00:15,2312.32,72,6.0,4301.71,8.82,0.2,4310.52,Signal Flip
1110,5M_EMA_CONFIRMED_100_200,LONG,2026-05-03T00:30,2317.1,2026-05-03T00:45,2312.84,3,0.25,4310.52,-7.92,-0.18,4302.61,Signal Flip
1111,5M_EMA_CONFIRMED_100_200,SHORT,2026-05-03T04:10,2296.45,2026-05-03T06:55,2307.26,33,2.75,4302.61,-20.26,-0.47,4282.35,Signal Flip
1112,5M_EMA_CONFIRMED_100_200,SHORT,2026-05-03T07:00,2303.35,2026-05-03T07:05,2309.03,1,0.08,4282.35,-10.57,-0.25,4271.78,Signal Flip
1113,5M_EMA_CONFIRMED_100_200,LONG,2026-05-03T09:40,2322.32,2026-05-03T21:05,2325.88,137,11.42,4271.78,6.54,0.15,4278.32,Signal Flip
1114,5M_EMA_CONFIRMED_100_200,LONG,2026-05-03T21:10,2331.33,2026-05-03T21:40,2327.44,6,0.5,4278.32,-7.14,-0.17,4271.18,Signal Flip
1115,5M_EMA_CONFIRMED_100_200,LONG,2026-05-03T22:05,2341.43,2026-05-03T23:25,2326.52,16,1.33,4271.18,-27.21,-0.64,4243.98,Signal Flip
1116,5M_EMA_CONFIRMED_100_200,LONG,2026-05-04T01:35,2334.98,2026-05-04T08:00,2361.61,77,6.42,4243.98,48.4,1.14,4292.38,Signal Flip
1117,5M_EMA_CONFIRMED_100_200,LONG,2026-05-04T08:15,2365.0,2026-05-04T08:20,2360.05,1,0.08,4292.38,-8.99,-0.21,4283.39,Signal Flip
1118,5M_EMA_CONFIRMED_100_200,LONG,2026-05-04T09:30,2364.02,2026-05-04T10:05,2344.53,7,0.58,4283.39,-35.32,-0.82,4248.07,Signal Flip
1119,5M_EMA_CONFIRMED_100_200,SHORT,2026-05-04T14:05,2330.38,2026-05-04T14:25,2348.88,4,0.33,4248.07,-33.72,-0.79,4214.35,Signal Flip
1120,5M_EMA_CONFIRMED_100_200,SHORT,2026-05-04T14:30,2344.59,2026-05-04T14:35,2350.0,1,0.08,4214.35,-9.74,-0.23,4204.61,Signal Flip
1121,5M_EMA_CONFIRMED_100_200,LONG,2026-05-04T14:55,2379.33,2026-05-04T15:20,2346.22,5,0.42,4204.61,-58.51,-1.39,4146.1,Signal Flip
1122,5M_EMA_CONFIRMED_100_200,LONG,2026-05-04T15:45,2354.86,2026-05-04T15:50,2346.12,1,0.08,4146.1,-15.39,-0.37,4130.71,Signal Flip
1123,5M_EMA_CONFIRMED_100_200,LONG,2026-05-04T15:55,2350.78,2026-05-04T16:05,2347.83,2,0.17,4130.71,-5.2,-0.13,4125.51,Signal Flip
1124,5M_EMA_CONFIRMED_100_200,LONG,2026-05-04T16:20,2357.31,2026-05-04T19:40,2353.64,40,3.33,4125.51,-6.41,-0.16,4119.09,Signal Flip
1125,5M_EMA_CONFIRMED_100_200,LONG,2026-05-04T19:50,2358.54,2026-05-04T19:55,2354.26,1,0.08,4119.09,-7.47,-0.18,4111.62,Signal Flip
1126,5M_EMA_CONFIRMED_100_200,LONG,2026-05-04T20:15,2357.86,2026-05-04T20:20,2350.57,1,0.08,4111.62,-12.7,-0.31,4098.92,Signal Flip
1127,5M_EMA_CONFIRMED_100_200,LONG,2026-05-04T21:15,2358.6,2026-05-04T22:40,2355.49,17,1.42,4098.92,-5.4,-0.13,4093.52,Signal Flip
1128,5M_EMA_CONFIRMED_100_200,LONG,2026-05-04T22:50,2360.49,2026-05-04T22:55,2353.41,1,0.08,4093.52,-12.27,-0.3,4081.25,Signal Flip
1129,5M_EMA_CONFIRMED_100_200,LONG,2026-05-05T00:35,2356.18,2026-05-05T00:40,2353.13,1,0.08,4081.25,-5.27,-0.13,4075.98,Signal Flip
1130,5M_EMA_CONFIRMED_100_200,LONG,2026-05-05T00:45,2356.19,2026-05-05T06:25,2369.06,68,5.67,4075.98,22.28,0.55,4098.25,Signal Flip
1131,5M_EMA_CONFIRMED_100_200,LONG,2026-05-05T06:30,2372.38,2026-05-05T08:45,2372.8,27,2.25,4098.25,0.74,0.02,4098.99,Signal Flip
1132,5M_EMA_CONFIRMED_100_200,LONG,2026-05-05T08:50,2377.22,2026-05-05T09:05,2371.82,3,0.25,4098.99,-9.3,-0.23,4089.69,Signal Flip
1133,5M_EMA_CONFIRMED_100_200,LONG,2026-05-05T10:30,2375.61,2026-05-05T10:55,2372.24,5,0.42,4089.69,-5.79,-0.14,4083.9,Signal Flip
1134,5M_EMA_CONFIRMED_100_200,LONG,2026-05-05T11:00,2379.61,2026-05-05T14:20,2376.8,40,3.33,4083.9,-4.82,-0.12,4079.08,Signal Flip
1135,5M_EMA_CONFIRMED_100_200,LONG,2026-05-05T14:30,2384.63,2026-05-05T14:40,2374.42,2,0.17,4079.08,-17.46,-0.43,4061.61,Signal Flip
1136,5M_EMA_CONFIRMED_100_200,LONG,2026-05-05T14:55,2381.96,2026-05-05T15:00,2377.59,1,0.08,4061.61,-7.45,-0.18,4054.16,Signal Flip
1137,5M_EMA_CONFIRMED_100_200,LONG,2026-05-05T15:05,2382.2,2026-05-05T15:10,2378.91,1,0.08,4054.16,-5.6,-0.14,4048.56,Signal Flip
1138,5M_EMA_CONFIRMED_100_200,LONG,2026-05-05T15:15,2384.87,2026-05-05T16:10,2379.48,11,0.92,4048.56,-9.15,-0.23,4039.41,Signal Flip
1139,5M_EMA_CONFIRMED_100_200,LONG,2026-05-05T19:50,2376.25,2026-05-05T19:55,2370.37,1,0.08,4039.41,-9.98,-0.25,4029.43,Signal Flip
1140,5M_EMA_CONFIRMED_100_200,LONG,2026-05-05T20:05,2377.04,2026-05-05T21:30,2374.72,17,1.42,4029.43,-3.93,-0.1,4025.5,Signal Flip
1141,5M_EMA_CONFIRMED_100_200,LONG,2026-05-05T21:55,2378.62,2026-05-05T22:00,2374.24,1,0.08,4025.5,-7.41,-0.18,4018.09,Signal Flip
1142,5M_EMA_CONFIRMED_100_200,LONG,2026-05-05T22:05,2380.17,2026-05-05T22:15,2373.83,2,0.17,4018.09,-10.7,-0.27,4007.4,Signal Flip
1143,5M_EMA_CONFIRMED_100_200,LONG,2026-05-05T22:30,2377.96,2026-05-05T22:35,2365.85,1,0.08,4007.4,-20.41,-0.51,3986.98,Signal Flip
1144,5M_EMA_CONFIRMED_100_200,SHORT,2026-05-05T23:30,2357.37,2026-05-06T01:20,2373.74,22,1.83,3986.98,-27.68,-0.69,3959.31,Signal Flip
1145,5M_EMA_CONFIRMED_100_200,SHORT,2026-05-06T02:05,2368.92,2026-05-06T02:10,2373.18,1,0.08,3959.31,-7.1,-0.18,3952.2,Signal Flip
1146,5M_EMA_CONFIRMED_100_200,SHORT,2026-05-06T02:20,2368.26,2026-05-06T03:00,2370.93,8,0.67,3952.2,-4.47,-0.11,3947.73,Signal Flip
1147,5M_EMA_CONFIRMED_100_200,SHORT,2026-05-06T03:10,2368.02,2026-05-06T03:20,2371.59,2,0.17,3947.73,-5.95,-0.15,3941.78,Signal Flip
1148,5M_EMA_CONFIRMED_100_200,SHORT,2026-05-06T04:35,2369.61,2026-05-06T04:45,2372.59,2,0.17,3941.78,-4.94,-0.13,3936.83,Signal Flip
1149,5M_EMA_CONFIRMED_100_200,SHORT,2026-05-06T04:55,2366.11,2026-05-06T06:45,2371.64,22,1.83,3936.83,-9.2,-0.23,3927.64,Signal Flip
1150,5M_EMA_CONFIRMED_100_200,LONG,2026-05-06T08:55,2392.3,2026-05-06T13:10,2390.77,51,4.25,3927.64,-2.5,-0.06,3925.14,Signal Flip
1151,5M_EMA_CONFIRMED_100_200,SHORT,2026-05-06T16:05,2359.2,2026-05-07T06:35,2333.9,174,14.5,3925.14,42.1,1.07,3967.24,Signal Flip
1152,5M_EMA_CONFIRMED_100_200,SHORT,2026-05-07T08:45,2333.24,2026-05-07T08:55,2337.86,2,0.17,3967.24,-7.85,-0.2,3959.39,Signal Flip
1153,5M_EMA_CONFIRMED_100_200,SHORT,2026-05-07T09:00,2332.56,2026-05-07T09:15,2336.7,3,0.25,3959.39,-7.02,-0.18,3952.37,Signal Flip
1154,5M_EMA_CONFIRMED_100_200,SHORT,2026-05-07T09:20,2334.11,2026-05-07T12:05,2334.35,33,2.75,3952.37,-0.4,-0.01,3951.97,Signal Flip
1155,5M_EMA_CONFIRMED_100_200,SHORT,2026-05-07T12:50,2330.77,2026-05-07T12:55,2334.57,1,0.08,3951.97,-6.43,-0.16,3945.54,Signal Flip
1156,5M_EMA_CONFIRMED_100_200,SHORT,2026-05-07T13:05,2329.18,2026-05-08T07:50,2282.48,225,18.75,3945.54,79.11,2.01,4024.66,Signal Flip
1157,5M_EMA_CONFIRMED_100_200,SHORT,2026-05-08T08:05,2279.25,2026-05-08T08:15,2282.85,2,0.17,4024.66,-6.36,-0.16,4018.3,Signal Flip
1158,5M_EMA_CONFIRMED_100_200,SHORT,2026-05-08T09:05,2279.88,2026-05-08T09:10,2287.59,1,0.08,4018.3,-13.6,-0.34,4004.7,Signal Flip
1159,5M_EMA_CONFIRMED_100_200,SHORT,2026-05-08T13:00,2283.39,2026-05-08T14:20,2291.3,16,1.33,4004.7,-13.87,-0.35,3990.84,Signal Flip
1160,5M_EMA_CONFIRMED_100_200,SHORT,2026-05-08T14:30,2280.35,2026-05-08T14:40,2289.54,2,0.17,3990.84,-16.09,-0.4,3974.74,Signal Flip
1161,5M_EMA_CONFIRMED_100_200,SHORT,2026-05-08T15:05,2281.35,2026-05-08T15:45,2286.29,8,0.67,3974.74,-8.61,-0.22,3966.13,Signal Flip
1162,5M_EMA_CONFIRMED_100_200,LONG,2026-05-08T17:50,2316.78,2026-05-08T23:35,2304.49,69,5.75,3966.13,-21.04,-0.53,3945.09,Signal Flip
1163,5M_EMA_CONFIRMED_100_200,LONG,2026-05-08T23:55,2307.4,2026-05-09T00:05,2303.93,2,0.17,3945.09,-5.94,-0.15,3939.15,Signal Flip
1164,5M_EMA_CONFIRMED_100_200,LONG,2026-05-09T00:15,2307.47,2026-05-09T04:55,2311.09,56,4.67,3939.15,6.18,0.16,3945.33,Signal Flip
1165,5M_EMA_CONFIRMED_100_200,LONG,2026-05-09T05:10,2314.57,2026-05-09T06:55,2311.8,21,1.75,3945.33,-4.71,-0.12,3940.62,Signal Flip
1166,5M_EMA_CONFIRMED_100_200,LONG,2026-05-09T07:00,2315.51,2026-05-09T07:10,2310.83,2,0.17,3940.62,-7.95,-0.2,3932.66,Signal Flip
1167,5M_EMA_CONFIRMED_100_200,LONG,2026-05-09T07:20,2317.04,2026-05-09T09:20,2312.29,24,2.0,3932.66,-8.05,-0.2,3924.61,Signal Flip
1168,5M_EMA_CONFIRMED_100_200,LONG,2026-05-09T10:40,2315.84,2026-05-09T10:45,2312.92,1,0.08,3924.61,-4.94,-0.13,3919.67,Signal Flip
1169,5M_EMA_CONFIRMED_100_200,LONG,2026-05-09T11:15,2315.72,2026-05-09T11:40,2312.84,5,0.42,3919.67,-4.87,-0.12,3914.81,Signal Flip
1170,5M_EMA_CONFIRMED_100_200,LONG,2026-05-09T12:00,2315.72,2026-05-09T12:15,2313.02,3,0.25,3914.81,-4.55,-0.12,3910.25,Signal Flip
1171,5M_EMA_CONFIRMED_100_200,LONG,2026-05-09T12:20,2315.78,2026-05-09T12:40,2313.31,4,0.33,3910.25,-4.16,-0.11,3906.09,Signal Flip
1172,5M_EMA_CONFIRMED_100_200,LONG,2026-05-09T12:45,2316.44,2026-05-09T13:25,2311.92,8,0.67,3906.09,-7.61,-0.19,3898.48,Signal Flip
1173,5M_EMA_CONFIRMED_100_200,LONG,2026-05-09T15:40,2315.69,2026-05-09T23:30,2325.22,94,7.83,3898.48,16.04,0.41,3914.52,Signal Flip
1174,5M_EMA_CONFIRMED_100_200,LONG,2026-05-09T23:50,2328.99,2026-05-10T00:00,2325.27,2,0.17,3914.52,-6.26,-0.16,3908.26,Signal Flip
1175,5M_EMA_CONFIRMED_100_200,LONG,2026-05-10T00:15,2328.23,2026-05-10T00:50,2324.6,7,0.58,3908.26,-6.1,-0.16,3902.15,Signal Flip
1176,5M_EMA_CONFIRMED_100_200,LONG,2026-05-10T02:25,2326.51,2026-05-10T02:35,2323.35,2,0.17,3902.15,-5.31,-0.14,3896.85,Signal Flip
1177,5M_EMA_CONFIRMED_100_200,LONG,2026-05-10T02:40,2326.69,2026-05-10T05:55,2325.41,39,3.25,3896.85,-2.15,-0.06,3894.69,Signal Flip
1178,5M_EMA_CONFIRMED_100_200,LONG,2026-05-10T06:00,2328.46,2026-05-10T06:30,2325.49,6,0.5,3894.69,-4.98,-0.13,3889.71,Signal Flip
1179,5M_EMA_CONFIRMED_100_200,LONG,2026-05-10T06:35,2329.16,2026-05-10T08:00,2326.2,17,1.42,3889.71,-4.96,-0.13,3884.76,Signal Flip
1180,5M_EMA_CONFIRMED_100_200,LONG,2026-05-10T08:10,2330.97,2026-05-10T09:45,2326.34,19,1.58,3884.76,-7.73,-0.2,3877.03,Signal Flip
1181,5M_EMA_CONFIRMED_100_200,LONG,2026-05-10T09:50,2330.06,2026-05-10T09:55,2327.12,1,0.08,3877.03,-4.91,-0.13,3872.12,Signal Flip
1182,5M_EMA_CONFIRMED_100_200,LONG,2026-05-10T13:15,2329.64,2026-05-10T20:35,2345.43,88,7.33,3872.12,26.23,0.68,3898.35,Signal Flip
1183,5M_EMA_CONFIRMED_100_200,LONG,2026-05-10T22:20,2352.62,2026-05-11T00:20,2352.36,24,2.0,3898.35,-0.42,-0.01,3897.93,Signal Flip
1184,5M_EMA_CONFIRMED_100_200,LONG,2026-05-11T00:25,2359.68,2026-05-11T00:55,2347.17,6,0.5,3897.93,-20.67,-0.53,3877.26,Signal Flip
1185,5M_EMA_CONFIRMED_100_200,LONG,2026-05-11T01:15,2357.38,2026-05-11T02:10,2352.93,11,0.92,3877.26,-7.31,-0.19,3869.95,Signal Flip
1186,5M_EMA_CONFIRMED_100_200,SHORT,2026-05-11T05:45,2333.15,2026-05-11T09:50,2338.62,49,4.08,3869.95,-9.07,-0.23,3860.88,Signal Flip
1187,5M_EMA_CONFIRMED_100_200,SHORT,2026-05-11T09:55,2334.9,2026-05-11T10:10,2339.45,3,0.25,3860.88,-7.52,-0.19,3853.37,Signal Flip
1188,5M_EMA_CONFIRMED_100_200,SHORT,2026-05-11T10:15,2335.57,2026-05-11T10:20,2339.95,1,0.08,3853.37,-7.22,-0.19,3846.14,Signal Flip
1189,5M_EMA_CONFIRMED_100_200,SHORT,2026-05-11T10:35,2332.8,2026-05-11T12:25,2339.4,22,1.83,3846.14,-10.88,-0.28,3835.27,Signal Flip
1190,5M_EMA_CONFIRMED_100_200,SHORT,2026-05-11T12:40,2333.71,2026-05-11T15:30,2333.89,34,2.83,3835.27,-0.29,-0.01,3834.98,Signal Flip
1191,5M_EMA_CONFIRMED_100_200,SHORT,2026-05-11T15:35,2327.42,2026-05-11T15:40,2331.04,1,0.08,3834.98,-5.98,-0.16,3829.0,Signal Flip
1192,5M_EMA_CONFIRMED_100_200,SHORT,2026-05-11T15:45,2326.75,2026-05-11T15:55,2332.83,2,0.17,3829.0,-10.01,-0.26,3819.0,Signal Flip
1193,5M_EMA_CONFIRMED_100_200,SHORT,2026-05-11T16:45,2328.62,2026-05-11T16:50,2334.15,1,0.08,3819.0,-9.07,-0.24,3809.93,Signal Flip
1194,5M_EMA_CONFIRMED_100_200,SHORT,2026-05-11T17:00,2328.63,2026-05-11T17:40,2335.52,8,0.67,3809.93,-11.28,-0.3,3798.65,Signal Flip
1195,5M_EMA_CONFIRMED_100_200,LONG,2026-05-11T21:00,2339.33,2026-05-11T23:30,2335.19,30,2.5,3798.65,-6.72,-0.18,3791.93,Signal Flip
1196,5M_EMA_CONFIRMED_100_200,LONG,2026-05-11T23:35,2340.38,2026-05-12T00:15,2335.14,8,0.67,3791.93,-8.49,-0.22,3783.44,Signal Flip
1197,5M_EMA_CONFIRMED_100_200,SHORT,2026-05-12T01:30,2322.51,2026-05-12T18:35,2281.04,205,17.08,3783.44,67.55,1.79,3851.0,Signal Flip
1198,5M_EMA_CONFIRMED_100_200,SHORT,2026-05-12T23:00,2281.2,2026-05-12T23:05,2284.32,1,0.08,3851.0,-5.27,-0.14,3845.73,Signal Flip
1199,5M_EMA_CONFIRMED_100_200,SHORT,2026-05-12T23:15,2279.04,2026-05-12T23:30,2284.02,3,0.25,3845.73,-8.41,-0.22,3837.32,Signal Flip
1200,5M_EMA_CONFIRMED_100_200,SHORT,2026-05-12T23:35,2279.16,2026-05-13T00:20,2284.8,9,0.75,3837.32,-9.5,-0.25,3827.82,Signal Flip
1201,5M_EMA_CONFIRMED_100_200,SHORT,2026-05-13T00:50,2280.67,2026-05-13T00:55,2283.55,1,0.08,3827.82,-4.84,-0.13,3822.98,Signal Flip
1202,5M_EMA_CONFIRMED_100_200,SHORT,2026-05-13T01:00,2280.42,2026-05-13T01:05,2283.94,1,0.08,3822.98,-5.9,-0.15,3817.08,Signal Flip
1203,5M_EMA_CONFIRMED_100_200,LONG,2026-05-13T04:10,2302.39,2026-05-13T11:05,2303.55,83,6.92,3817.08,1.92,0.05,3819.0,Signal Flip
1204,5M_EMA_CONFIRMED_100_200,LONG,2026-05-13T11:45,2307.83,2026-05-13T11:50,2302.78,1,0.08,3819.0,-8.37,-0.22,3810.63,Signal Flip
1205,5M_EMA_CONFIRMED_100_200,LONG,2026-05-13T12:05,2308.33,2026-05-13T12:25,2294.94,4,0.33,3810.63,-22.11,-0.58,3788.52,Signal Flip
1206,5M_EMA_CONFIRMED_100_200,SHORT,2026-05-13T14:05,2259.09,2026-05-14T00:05,2262.96,120,10.0,3788.52,-6.49,-0.17,3782.03,Signal Flip
1207,5M_EMA_CONFIRMED_100_200,SHORT,2026-05-14T01:35,2261.32,2026-05-14T01:45,2264.12,2,0.17,3782.03,-4.69,-0.12,3777.35,Signal Flip
1208,5M_EMA_CONFIRMED_100_200,SHORT,2026-05-14T02:15,2260.76,2026-05-14T02:25,2264.21,2,0.17,3777.35,-5.77,-0.15,3771.58,Signal Flip
1209,5M_EMA_CONFIRMED_100_200,SHORT,2026-05-14T02:35,2261.1,2026-05-14T05:05,2259.3,30,2.5,3771.58,3.0,0.08,3774.58,Signal Flip
1210,5M_EMA_CONFIRMED_100_200,SHORT,2026-05-14T05:15,2255.7,2026-05-14T05:20,2258.97,1,0.08,3774.58,-5.47,-0.14,3769.11,Signal Flip
1211,5M_EMA_CONFIRMED_100_200,SHORT,2026-05-14T09:25,2261.39,2026-05-14T10:20,2265.69,11,0.92,3769.11,-7.17,-0.19,3761.94,Signal Flip
1212,5M_EMA_CONFIRMED_100_200,SHORT,2026-05-14T10:35,2260.94,2026-05-14T10:55,2263.57,4,0.33,3761.94,-4.38,-0.12,3757.56,Signal Flip
1213,5M_EMA_CONFIRMED_100_200,SHORT,2026-05-14T11:00,2261.0,2026-05-14T11:10,2264.43,2,0.17,3757.56,-5.7,-0.15,3751.85,Signal Flip
1214,5M_EMA_CONFIRMED_100_200,SHORT,2026-05-14T11:15,2257.99,2026-05-14T12:35,2261.64,16,1.33,3751.85,-6.06,-0.16,3745.79,Signal Flip
1215,5M_EMA_CONFIRMED_100_200,SHORT,2026-05-14T12:40,2258.03,2026-05-14T12:50,2262.82,2,0.17,3745.79,-7.95,-0.21,3737.84,Signal Flip
1216,5M_EMA_CONFIRMED_100_200,SHORT,2026-05-14T12:55,2259.17,2026-05-14T13:00,2262.61,1,0.08,3737.84,-5.69,-0.15,3732.15,Signal Flip
1217,5M_EMA_CONFIRMED_100_200,SHORT,2026-05-14T13:20,2256.36,2026-05-14T13:25,2265.87,1,0.08,3732.15,-15.73,-0.42,3716.42,Signal Flip
1218,5M_EMA_CONFIRMED_100_200,SHORT,2026-05-14T13:35,2256.1,2026-05-14T14:20,2266.05,9,0.75,3716.42,-16.39,-0.44,3700.03,Signal Flip
1219,5M_EMA_CONFIRMED_100_200,LONG,2026-05-14T15:25,2289.34,2026-05-14T20:30,2289.69,61,5.08,3700.03,0.57,0.02,3700.59,Signal Flip
1220,5M_EMA_CONFIRMED_100_200,LONG,2026-05-14T20:45,2294.32,2026-05-14T21:20,2289.03,7,0.58,3700.59,-8.52,-0.23,3692.07,Signal Flip
1221,5M_EMA_CONFIRMED_100_200,LONG,2026-05-14T21:25,2295.61,2026-05-14T23:10,2289.85,21,1.75,3692.07,-9.25,-0.25,3682.82,Signal Flip
1222,5M_EMA_CONFIRMED_100_200,LONG,2026-05-14T23:30,2297.51,2026-05-14T23:40,2292.05,2,0.17,3682.82,-8.74,-0.24,3674.08,Signal Flip
1223,5M_EMA_CONFIRMED_100_200,LONG,2026-05-15T00:25,2294.76,2026-05-15T00:30,2291.92,1,0.08,3674.08,-4.54,-0.12,3669.54,Signal Flip
1224,5M_EMA_CONFIRMED_100_200,LONG,2026-05-15T00:35,2299.23,2026-05-15T00:45,2286.31,2,0.17,3669.54,-20.62,-0.56,3648.92,Signal Flip
1225,5M_EMA_CONFIRMED_100_200,LONG,2026-05-15T01:05,2295.32,2026-05-15T01:10,2290.18,1,0.08,3648.92,-8.16,-0.22,3640.76,Signal Flip
1226,5M_EMA_CONFIRMED_100_200,SHORT,2026-05-15T04:15,2270.24,2026-05-15T10:55,2264.88,80,6.67,3640.76,8.6,0.24,3649.36,Signal Flip
1227,5M_EMA_CONFIRMED_100_200,SHORT,2026-05-15T11:00,2261.31,2026-05-16T00:10,2228.18,158,13.17,3649.36,53.46,1.46,3702.81,Signal Flip
1228,5M_EMA_CONFIRMED_100_200,SHORT,2026-05-16T01:30,2223.2,2026-05-16T01:50,2228.87,4,0.33,3702.81,-9.45,-0.26,3693.36,Signal Flip
1229,5M_EMA_CONFIRMED_100_200,SHORT,2026-05-16T03:45,2226.29,2026-05-16T03:50,2228.99,1,0.08,3693.36,-4.49,-0.12,3688.87,Signal Flip
1230,5M_EMA_CONFIRMED_100_200,SHORT,2026-05-16T03:55,2226.58,2026-05-16T04:00,2229.11,1,0.08,3688.87,-4.2,-0.11,3684.66,Signal Flip
1231,5M_EMA_CONFIRMED_100_200,SHORT,2026-05-16T04:15,2224.86,2026-05-16T18:55,2183.02,176,14.67,3684.66,69.29,1.88,3753.95,Signal Flip
1232,5M_EMA_CONFIRMED_100_200,SHORT,2026-05-16T19:10,2179.94,2026-05-16T19:30,2182.33,4,0.33,3753.95,-4.12,-0.11,3749.83,Signal Flip
1233,5M_EMA_CONFIRMED_100_200,SHORT,2026-05-16T19:35,2179.33,2026-05-16T19:50,2183.49,3,0.25,3749.83,-7.16,-0.19,3742.67,Signal Flip
1234,5M_EMA_CONFIRMED_100_200,SHORT,2026-05-16T19:55,2178.7,2026-05-16T20:05,2183.55,2,0.17,3742.67,-8.33,-0.22,3734.34,Signal Flip
1235,5M_EMA_CONFIRMED_100_200,SHORT,2026-05-16T20:40,2179.63,2026-05-16T20:50,2182.41,2,0.17,3734.34,-4.76,-0.13,3729.57,Signal Flip
1236,5M_EMA_CONFIRMED_100_200,SHORT,2026-05-16T21:25,2180.1,2026-05-16T21:30,2182.95,1,0.08,3729.57,-4.88,-0.13,3724.7,Signal Flip
1237,5M_EMA_CONFIRMED_100_200,SHORT,2026-05-16T22:05,2179.02,2026-05-16T22:15,2182.9,2,0.17,3724.7,-6.63,-0.18,3718.06,Signal Flip
1238,5M_EMA_CONFIRMED_100_200,SHORT,2026-05-16T22:50,2179.93,2026-05-16T23:20,2183.61,6,0.5,3718.06,-6.28,-0.17,3711.78,Signal Flip
1239,5M_EMA_CONFIRMED_100_200,SHORT,2026-05-16T23:25,2180.17,2026-05-16T23:30,2183.17,1,0.08,3711.78,-5.11,-0.14,3706.67,Signal Flip
1240,5M_EMA_CONFIRMED_100_200,SHORT,2026-05-16T23:50,2180.16,2026-05-17T00:05,2185.16,3,0.25,3706.67,-8.51,-0.23,3698.17,Signal Flip
1241,5M_EMA_CONFIRMED_100_200,SHORT,2026-05-17T00:45,2180.15,2026-05-17T01:10,2182.7,5,0.42,3698.17,-4.33,-0.12,3693.84,Signal Flip
1242,5M_EMA_CONFIRMED_100_200,SHORT,2026-05-17T01:20,2179.15,2026-05-17T03:35,2181.44,27,2.25,3693.84,-3.88,-0.11,3689.96,Signal Flip
1243,5M_EMA_CONFIRMED_100_200,SHORT,2026-05-17T06:25,2181.57,2026-05-17T06:30,2185.09,1,0.08,3689.96,-5.96,-0.16,3684.0,Signal Flip
1244,5M_EMA_CONFIRMED_100_200,SHORT,2026-05-17T06:45,2181.39,2026-05-17T06:50,2184.94,1,0.08,3684.0,-6.0,-0.16,3678.0,Signal Flip
1245,5M_EMA_CONFIRMED_100_200,SHORT,2026-05-17T07:20,2181.6,2026-05-17T07:25,2185.92,1,0.08,3678.0,-7.29,-0.2,3670.71,Signal Flip
1246,5M_EMA_CONFIRMED_100_200,LONG,2026-05-17T10:10,2195.19,2026-05-17T13:25,2188.23,39,3.25,3670.71,-11.64,-0.32,3659.07,Signal Flip
1247,5M_EMA_CONFIRMED_100_200,LONG,2026-05-17T13:30,2193.06,2026-05-17T14:10,2186.89,8,0.67,3659.07,-10.29,-0.28,3648.77,Signal Flip
1248,5M_EMA_CONFIRMED_100_200,SHORT,2026-05-17T17:30,2178.53,2026-05-17T18:55,2188.19,17,1.42,3648.77,-16.18,-0.44,3632.59,Signal Flip
1249,5M_EMA_CONFIRMED_100_200,LONG,2026-05-17T19:55,2193.83,2026-05-17T22:05,2186.2,26,2.17,3632.59,-12.63,-0.35,3619.95,Signal Flip
1250,5M_EMA_CONFIRMED_100_200,SHORT,2026-05-17T22:55,2175.51,2026-05-18T11:40,2130.16,153,12.75,3619.95,75.46,2.08,3695.41,Signal Flip
1251,5M_EMA_CONFIRMED_100_200,SHORT,2026-05-18T13:40,2127.75,2026-05-18T13:50,2132.29,2,0.17,3695.41,-7.88,-0.21,3687.52,Signal Flip
1252,5M_EMA_CONFIRMED_100_200,SHORT,2026-05-18T14:05,2128.12,2026-05-18T19:40,2110.79,67,5.58,3687.52,30.01,0.81,3717.54,Signal Flip
1253,5M_EMA_CONFIRMED_100_200,LONG,2026-05-19T00:30,2140.8,2026-05-19T01:30,2124.76,12,1.0,3717.54,-27.86,-0.75,3689.68,Signal Flip
1254,5M_EMA_CONFIRMED_100_200,LONG,2026-05-19T01:35,2131.05,2026-05-19T01:50,2125.27,3,0.25,3689.68,-10.02,-0.27,3679.66,Signal Flip
1255,5M_EMA_CONFIRMED_100_200,LONG,2026-05-19T02:20,2129.31,2026-05-19T02:45,2125.3,5,0.42,3679.66,-6.94,-0.19,3672.71,Signal Flip
1256,5M_EMA_CONFIRMED_100_200,LONG,2026-05-19T03:15,2129.94,2026-05-19T05:20,2126.2,25,2.08,3672.71,-6.46,-0.18,3666.25,Signal Flip
1257,5M_EMA_CONFIRMED_100_200,LONG,2026-05-19T05:30,2130.94,2026-05-19T09:10,2131.52,44,3.67,3666.25,1.0,0.03,3667.25,Signal Flip
1258,5M_EMA_CONFIRMED_100_200,SHORT,2026-05-19T10:45,2108.69,2026-05-19T13:55,2124.94,38,3.17,3667.25,-28.27,-0.77,3638.97,Signal Flip
1259,5M_EMA_CONFIRMED_100_200,SHORT,2026-05-19T14:00,2117.96,2026-05-19T14:05,2124.43,1,0.08,3638.97,-11.12,-0.31,3627.86,Signal Flip
1260,5M_EMA_CONFIRMED_100_200,SHORT,2026-05-19T14:10,2112.43,2026-05-19T16:35,2117.31,29,2.42,3627.86,-8.37,-0.23,3619.48,Signal Flip
1261,5M_EMA_CONFIRMED_100_200,SHORT,2026-05-19T16:40,2113.97,2026-05-19T16:45,2119.11,1,0.08,3619.48,-8.79,-0.24,3610.69,Signal Flip
1262,5M_EMA_CONFIRMED_100_200,SHORT,2026-05-19T17:35,2113.54,2026-05-19T17:40,2120.39,1,0.08,3610.69,-11.7,-0.32,3598.99,Signal Flip
1263,5M_EMA_CONFIRMED_100_200,SHORT,2026-05-19T17:50,2114.3,2026-05-19T18:10,2118.78,4,0.33,3598.99,-7.62,-0.21,3591.37,Signal Flip
1264,5M_EMA_CONFIRMED_100_200,SHORT,2026-05-19T18:25,2113.29,2026-05-19T18:50,2117.89,5,0.42,3591.37,-7.81,-0.22,3583.56,Signal Flip
1265,5M_EMA_CONFIRMED_100_200,SHORT,2026-05-19T19:00,2114.21,2026-05-19T19:05,2118.21,1,0.08,3583.56,-6.77,-0.19,3576.79,Signal Flip
1266,5M_EMA_CONFIRMED_100_200,SHORT,2026-05-19T19:25,2115.56,2026-05-19T20:10,2117.44,9,0.75,3576.79,-3.17,-0.09,3573.62,Signal Flip
1267,5M_EMA_CONFIRMED_100_200,SHORT,2026-05-19T20:15,2114.35,2026-05-19T20:40,2118.52,5,0.42,3573.62,-7.04,-0.2,3566.57,Signal Flip
1268,5M_EMA_CONFIRMED_100_200,SHORT,2026-05-19T20:45,2115.16,2026-05-19T20:50,2118.93,1,0.08,3566.57,-6.35,-0.18,3560.22,Signal Flip
1269,5M_EMA_CONFIRMED_100_200,SHORT,2026-05-19T22:05,2111.03,2026-05-19T23:30,2116.92,17,1.42,3560.22,-9.92,-0.28,3550.3,Signal Flip
1270,5M_EMA_CONFIRMED_100_200,SHORT,2026-05-19T23:50,2113.62,2026-05-20T01:10,2115.65,16,1.33,3550.3,-3.4,-0.1,3546.9,Signal Flip
1271,5M_EMA_CONFIRMED_100_200,SHORT,2026-05-20T01:25,2110.59,2026-05-20T01:55,2115.56,6,0.5,3546.9,-8.34,-0.24,3538.56,Signal Flip
1272,5M_EMA_CONFIRMED_100_200,SHORT,2026-05-20T02:30,2111.29,2026-05-20T03:30,2116.36,12,1.0,3538.56,-8.49,-0.24,3530.07,Signal Flip
1273,5M_EMA_CONFIRMED_100_200,SHORT,2026-05-20T03:50,2109.95,2026-05-20T04:05,2114.33,3,0.25,3530.07,-7.31,-0.21,3522.76,Signal Flip
1274,5M_EMA_CONFIRMED_100_200,SHORT,2026-05-20T04:35,2110.74,2026-05-20T04:55,2113.92,4,0.33,3522.76,-5.29,-0.15,3517.46,Signal Flip
1275,5M_EMA_CONFIRMED_100_200,LONG,2026-05-20T06:25,2133.57,2026-05-20T11:45,2125.47,64,5.33,3517.46,-13.35,-0.38,3504.11,Signal Flip
1276,5M_EMA_CONFIRMED_100_200,LONG,2026-05-20T11:55,2128.32,2026-05-20T13:30,2125.68,19,1.58,3504.11,-4.36,-0.12,3499.75,Signal Flip
1277,5M_EMA_CONFIRMED_100_200,LONG,2026-05-20T14:20,2134.76,2026-05-20T16:30,2125.94,26,2.17,3499.75,-14.46,-0.41,3485.29,Signal Flip
1278,5M_EMA_CONFIRMED_100_200,LONG,2026-05-20T16:35,2131.92,2026-05-20T18:50,2131.88,27,2.25,3485.29,-0.05,-0.0,3485.24,Signal Flip
1279,5M_EMA_CONFIRMED_100_200,LONG,2026-05-20T19:20,2136.41,2026-05-20T20:35,2133.18,15,1.25,3485.24,-5.26,-0.15,3479.98,Signal Flip
1280,5M_EMA_CONFIRMED_100_200,LONG,2026-05-20T20:45,2136.64,2026-05-20T21:20,2133.66,7,0.58,3479.98,-4.85,-0.14,3475.13,Signal Flip
1281,5M_EMA_CONFIRMED_100_200,LONG,2026-05-21T00:05,2132.71,2026-05-21T05:45,2139.08,68,5.67,3475.13,10.39,0.3,3485.52,Signal Flip
1282,5M_EMA_CONFIRMED_100_200,LONG,2026-05-21T08:05,2139.85,2026-05-21T08:40,2136.34,7,0.58,3485.52,-5.71,-0.16,3479.8,Signal Flip
1283,5M_EMA_CONFIRMED_100_200,LONG,2026-05-21T09:00,2139.33,2026-05-21T09:35,2132.0,7,0.58,3479.8,-11.92,-0.34,3467.89,Signal Flip
1284,5M_EMA_CONFIRMED_100_200,SHORT,2026-05-21T10:40,2112.24,2026-05-21T15:05,2125.72,53,4.42,3467.89,-22.13,-0.64,3445.76,Signal Flip
1285,5M_EMA_CONFIRMED_100_200,SHORT,2026-05-21T15:10,2120.74,2026-05-21T15:15,2131.3,1,0.08,3445.76,-17.15,-0.5,3428.61,Signal Flip
1286,5M_EMA_CONFIRMED_100_200,SHORT,2026-05-21T16:40,2124.87,2026-05-21T16:55,2128.54,3,0.25,3428.61,-5.93,-0.17,3422.67,Signal Flip
1287,5M_EMA_CONFIRMED_100_200,LONG,2026-05-21T18:10,2143.44,2026-05-21T18:55,2122.58,9,0.75,3422.67,-33.31,-0.97,3389.36,Signal Flip
1288,5M_EMA_CONFIRMED_100_200,LONG,2026-05-21T19:10,2134.01,2026-05-21T22:20,2132.68,38,3.17,3389.36,-2.1,-0.06,3387.26,Signal Flip
1289,5M_EMA_CONFIRMED_100_200,LONG,2026-05-21T22:30,2135.82,2026-05-21T22:35,2131.78,1,0.08,3387.26,-6.4,-0.19,3380.86,Signal Flip
1290,5M_EMA_CONFIRMED_100_200,LONG,2026-05-21T23:35,2135.61,2026-05-22T00:00,2132.7,5,0.42,3380.86,-4.6,-0.14,3376.26,Signal Flip
1291,5M_EMA_CONFIRMED_100_200,LONG,2026-05-22T01:50,2136.39,2026-05-22T04:40,2133.87,34,2.83,3376.26,-3.97,-0.12,3372.29,Signal Flip
1292,5M_EMA_CONFIRMED_100_200,SHORT,2026-05-22T07:00,2124.62,2026-05-22T11:40,2128.73,56,4.67,3372.29,-6.53,-0.19,3365.75,Signal Flip
1293,5M_EMA_CONFIRMED_100_200,SHORT,2026-05-22T11:45,2125.31,2026-05-22T11:50,2129.83,1,0.08,3365.75,-7.17,-0.21,3358.58,Signal Flip
1294,5M_EMA_CONFIRMED_100_200,SHORT,2026-05-22T13:35,2126.22,2026-05-22T13:40,2130.95,1,0.08,3358.58,-7.49,-0.22,3351.1,Signal Flip
1295,5M_EMA_CONFIRMED_100_200,SHORT,2026-05-22T13:45,2127.32,2026-05-22T13:55,2130.64,2,0.17,3351.1,-5.24,-0.16,3345.85,Signal Flip
1296,5M_EMA_CONFIRMED_100_200,SHORT,2026-05-22T14:05,2124.43,2026-05-22T17:05,2126.72,36,3.0,3345.85,-3.62,-0.11,3342.24,Signal Flip
1297,5M_EMA_CONFIRMED_100_200,SHORT,2026-05-22T17:20,2119.87,2026-05-22T17:30,2129.76,2,0.17,3342.24,-15.6,-0.47,3326.64,Signal Flip
1298,5M_EMA_CONFIRMED_100_200,SHORT,2026-05-22T17:50,2121.74,2026-05-23T13:25,2044.54,235,19.58,3326.64,121.04,3.64,3447.67,Signal Flip
1299,5M_EMA_CONFIRMED_100_200,SHORT,2026-05-23T13:35,2039.17,2026-05-23T13:50,2046.34,3,0.25,3447.67,-12.13,-0.35,3435.55,Signal Flip
1300,5M_EMA_CONFIRMED_100_200,LONG,2026-05-23T19:40,2077.91,2026-05-24T05:45,2112.73,121,10.08,3435.55,57.58,1.68,3493.12,Signal Flip
1301,5M_EMA_CONFIRMED_100_200,LONG,2026-05-24T05:50,2120.47,2026-05-24T12:20,2119.36,78,6.5,3493.12,-1.83,-0.05,3491.3,Signal Flip
1302,5M_EMA_CONFIRMED_100_200,LONG,2026-05-24T12:45,2122.55,2026-05-24T12:55,2118.81,2,0.17,3491.3,-6.15,-0.18,3485.14,Signal Flip
1303,5M_EMA_CONFIRMED_100_200,SHORT,2026-05-24T17:05,2103.08,2026-05-24T23:35,2098.58,78,6.5,3485.14,7.46,0.21,3492.6,Signal Flip
1304,5M_EMA_CONFIRMED_100_200,SHORT,2026-05-25T01:55,2098.82,2026-05-25T02:10,2110.53,3,0.25,3492.6,-19.49,-0.56,3473.11,Signal Flip
1305,5M_EMA_CONFIRMED_100_200,SHORT,2026-05-25T02:30,2099.21,2026-05-25T04:45,2104.18,27,2.25,3473.11,-8.23,-0.24,3464.88,Signal Flip
1306,5M_EMA_CONFIRMED_100_200,SHORT,2026-05-25T06:25,2098.62,2026-05-25T06:35,2106.81,2,0.17,3464.88,-13.53,-0.39,3451.35,Signal Flip
1307,5M_EMA_CONFIRMED_100_200,LONG,2026-05-25T07:00,2110.05,2026-05-25T19:05,2122.26,145,12.08,3451.35,19.96,0.58,3471.31,Signal Flip
1308,5M_EMA_CONFIRMED_100_200,LONG,2026-05-25T19:15,2126.39,2026-05-25T19:20,2123.3,1,0.08,3471.31,-5.05,-0.15,3466.26,Signal Flip
1309,5M_EMA_CONFIRMED_100_200,LONG,2026-05-25T19:25,2126.65,2026-05-25T19:35,2119.83,2,0.17,3466.26,-11.12,-0.32,3455.14,Signal Flip
1310,5M_EMA_CONFIRMED_100_200,SHORT,2026-05-25T23:50,2110.84,2026-05-26T05:40,2104.05,70,5.83,3455.14,11.12,0.32,3466.26,Signal Flip
1311,5M_EMA_CONFIRMED_100_200,SHORT,2026-05-26T05:55,2097.68,2026-05-26T06:00,2101.95,1,0.08,3466.26,-7.06,-0.2,3459.2,Signal Flip
1312,5M_EMA_CONFIRMED_100_200,SHORT,2026-05-26T06:05,2098.81,2026-05-26T06:10,2102.09,1,0.08,3459.2,-5.41,-0.16,3453.8,Signal Flip
1313,5M_EMA_CONFIRMED_100_200,SHORT,2026-05-26T06:20,2098.7,2026-05-26T06:40,2103.06,4,0.33,3453.8,-7.18,-0.21,3446.62,Signal Flip
1314,5M_EMA_CONFIRMED_100_200,SHORT,2026-05-26T07:10,2095.51,2026-05-26T07:55,2102.16,9,0.75,3446.62,-10.94,-0.32,3435.68,Signal Flip
1315,5M_EMA_CONFIRMED_100_200,SHORT,2026-05-26T08:00,2094.56,2026-05-26T08:20,2101.11,4,0.33,3435.68,-10.74,-0.31,3424.94,Signal Flip
1316,5M_EMA_CONFIRMED_100_200,SHORT,2026-05-26T08:25,2098.14,2026-05-26T08:40,2101.18,3,0.25,3424.94,-4.96,-0.14,3419.98,Signal Flip
1317,5M_EMA_CONFIRMED_100_200,SHORT,2026-05-26T08:50,2096.27,2026-05-26T10:15,2101.0,17,1.42,3419.98,-7.71,-0.23,3412.27,Signal Flip
1318,5M_EMA_CONFIRMED_100_200,LONG,2026-05-26T11:35,2122.4,2026-05-26T14:40,2112.58,37,3.08,3412.27,-15.78,-0.46,3396.48,Signal Flip
1319,5M_EMA_CONFIRMED_100_200,LONG,2026-05-26T14:55,2115.76,2026-05-26T15:00,2108.25,1,0.08,3396.48,-12.06,-0.36,3384.42,Signal Flip
1320,5M_EMA_CONFIRMED_100_200,SHORT,2026-05-26T16:25,2081.95,2026-05-27T00:10,2080.28,93,7.75,3384.42,2.71,0.08,3387.14,Signal Flip
1321,5M_EMA_CONFIRMED_100_200,SHORT,2026-05-27T00:15,2077.81,2026-05-27T00:35,2081.86,4,0.33,3387.14,-6.6,-0.19,3380.54,Signal Flip
1322,5M_EMA_CONFIRMED_100_200,SHORT,2026-05-27T00:40,2076.01,2026-05-27T00:45,2080.49,1,0.08,3380.54,-7.29,-0.22,3373.24,Signal Flip
1323,5M_EMA_CONFIRMED_100_200,SHORT,2026-05-27T01:20,2075.93,2026-05-27T03:05,2079.35,21,1.75,3373.24,-5.55,-0.16,3367.69,Signal Flip
1324,5M_EMA_CONFIRMED_100_200,SHORT,2026-05-27T03:15,2076.1,2026-05-27T05:25,2076.59,26,2.17,3367.69,-0.79,-0.02,3366.9,Signal Flip
1325,5M_EMA_CONFIRMED_100_200,SHORT,2026-05-27T05:35,2072.77,2026-05-27T05:40,2076.11,1,0.08,3366.9,-5.42,-0.16,3361.48,Signal Flip
1326,5M_EMA_CONFIRMED_100_200,SHORT,2026-05-27T05:45,2073.53,2026-05-27T05:50,2076.05,1,0.08,3361.48,-4.08,-0.12,3357.41,Signal Flip
1327,5M_EMA_CONFIRMED_100_200,SHORT,2026-05-27T10:50,2078.97,2026-05-27T11:05,2083.92,3,0.25,3357.41,-8.0,-0.24,3349.41,Signal Flip
1328,5M_EMA_CONFIRMED_100_200,SHORT,2026-05-27T11:35,2079.76,2026-05-27T11:40,2085.13,1,0.08,3349.41,-8.65,-0.26,3340.76,Signal Flip
1329,5M_EMA_CONFIRMED_100_200,SHORT,2026-05-27T11:55,2079.43,2026-05-27T12:20,2085.97,5,0.42,3340.76,-10.51,-0.31,3330.25,Signal Flip
1330,5M_EMA_CONFIRMED_100_200,SHORT,2026-05-27T13:00,2077.72,2026-05-27T15:35,2077.18,31,2.58,3330.25,0.87,0.03,3331.12,Signal Flip
1331,5M_EMA_CONFIRMED_100_200,SHORT,2026-05-27T15:45,2069.17,2026-05-27T15:50,2075.85,1,0.08,3331.12,-10.74,-0.32,3320.38,Signal Flip
1332,5M_EMA_CONFIRMED_100_200,SHORT,2026-05-27T15:55,2068.54,2026-05-27T20:20,2065.29,53,4.42,3320.38,5.21,0.16,3325.58,Signal Flip
1333,5M_EMA_CONFIRMED_100_200,SHORT,2026-05-27T20:25,2060.06,2026-05-28T14:15,1994.71,214,17.83,3325.58,105.5,3.17,3431.08,Signal Flip
1334,5M_EMA_CONFIRMED_100_200,SHORT,2026-05-28T14:25,1988.64,2026-05-28T15:00,1994.61,7,0.58,3431.08,-10.3,-0.3,3420.78,Signal Flip
1335,5M_EMA_CONFIRMED_100_200,SHORT,2026-05-28T15:15,1988.29,2026-05-28T15:30,1993.81,3,0.25,3420.78,-9.5,-0.28,3411.28,Signal Flip
1336,5M_EMA_CONFIRMED_100_200,SHORT,2026-05-28T15:35,1988.46,2026-05-28T15:45,1993.53,2,0.17,3411.28,-8.7,-0.26,3402.58,Signal Flip
1337,5M_EMA_CONFIRMED_100_200,SHORT,2026-05-28T16:05,1984.7,2026-05-28T16:10,1992.35,1,0.08,3402.58,-13.11,-0.39,3389.47,Signal Flip
1338,5M_EMA_CONFIRMED_100_200,LONG,2026-05-28T19:40,2019.72,2026-05-28T22:30,2010.79,34,2.83,3389.47,-14.98,-0.44,3374.49,Signal Flip
1339,5M_EMA_CONFIRMED_100_200,LONG,2026-05-29T00:05,2012.48,2026-05-29T01:25,2008.17,16,1.33,3374.49,-7.23,-0.21,3367.26,Signal Flip
1340,5M_EMA_CONFIRMED_100_200,SHORT,2026-05-29T03:50,2002.42,2026-05-29T04:50,2008.76,12,1.0,3367.26,-10.67,-0.32,3356.59,Signal Flip
1341,5M_EMA_CONFIRMED_100_200,SHORT,2026-05-29T04:55,2006.11,2026-05-29T05:00,2009.51,1,0.08,3356.59,-5.7,-0.17,3350.89,Signal Flip
1342,5M_EMA_CONFIRMED_100_200,LONG,2026-05-29T06:05,2014.56,2026-05-29T07:35,2009.0,18,1.5,3350.89,-9.25,-0.28,3341.64,Signal Flip
1343,5M_EMA_CONFIRMED_100_200,LONG,2026-05-29T08:25,2013.07,2026-05-29T08:30,2009.0,1,0.08,3341.64,-6.76,-0.2,3334.88,Signal Flip
1344,5M_EMA_CONFIRMED_100_200,LONG,2026-05-29T09:10,2011.3,2026-05-29T10:35,2009.66,17,1.42,3334.88,-2.7,-0.08,3332.18,Signal Flip
1345,5M_EMA_CONFIRMED_100_200,LONG,2026-05-29T10:40,2013.62,2026-05-29T10:45,2009.98,1,0.08,3332.18,-6.01,-0.18,3326.17,Signal Flip
1346,5M_EMA_CONFIRMED_100_200,LONG,2026-05-29T10:50,2013.32,2026-05-29T11:00,2010.1,2,0.17,3326.17,-5.31,-0.16,3320.86,Signal Flip
1347,5M_EMA_CONFIRMED_100_200,LONG,2026-05-29T11:05,2012.72,2026-05-29T11:30,2009.18,5,0.42,3320.86,-5.83,-0.18,3315.03,Signal Flip
1348,5M_EMA_CONFIRMED_100_200,SHORT,2026-05-29T12:35,1999.6,2026-05-29T15:05,2008.34,30,2.5,3315.03,-14.5,-0.44,3300.54,Signal Flip
1349,5M_EMA_CONFIRMED_100_200,LONG,2026-05-29T16:05,2033.96,2026-05-29T18:50,2017.21,33,2.75,3300.54,-27.17,-0.82,3273.37,Signal Flip
1350,5M_EMA_CONFIRMED_100_200,LONG,2026-05-29T19:40,2022.54,2026-05-29T20:00,2015.95,4,0.33,3273.37,-10.66,-0.33,3262.7,Signal Flip
1351,5M_EMA_CONFIRMED_100_200,LONG,2026-05-29T20:10,2021.33,2026-05-29T20:55,2016.99,9,0.75,3262.7,-7.0,-0.21,3255.7,Signal Flip
1352,5M_EMA_CONFIRMED_100_200,LONG,2026-05-29T21:15,2022.71,2026-05-29T21:25,2013.49,2,0.17,3255.7,-14.84,-0.46,3240.86,Signal Flip
1353,5M_EMA_CONFIRMED_100_200,LONG,2026-05-30T00:10,2016.94,2026-05-30T00:15,2013.18,1,0.08,3240.86,-6.03,-0.19,3234.83,Signal Flip
1354,5M_EMA_CONFIRMED_100_200,LONG,2026-05-30T00:50,2016.58,2026-05-30T00:55,2013.75,1,0.08,3234.83,-4.53,-0.14,3230.29,Signal Flip
1355,5M_EMA_CONFIRMED_100_200,LONG,2026-05-30T01:05,2016.54,2026-05-30T03:35,2016.21,30,2.5,3230.29,-0.52,-0.02,3229.77,Signal Flip
1356,5M_EMA_CONFIRMED_100_200,LONG,2026-05-30T05:40,2016.63,2026-05-30T06:05,2013.4,5,0.42,3229.77,-5.17,-0.16,3224.61,Signal Flip
1357,5M_EMA_CONFIRMED_100_200,LONG,2026-05-30T06:25,2016.92,2026-05-30T07:05,2014.05,8,0.67,3224.61,-4.58,-0.14,3220.02,Signal Flip
1358,5M_EMA_CONFIRMED_100_200,LONG,2026-05-30T07:15,2016.94,2026-05-30T07:20,2014.61,1,0.08,3220.02,-3.71,-0.12,3216.31,Signal Flip
1359,5M_EMA_CONFIRMED_100_200,LONG,2026-05-30T07:30,2018.43,2026-05-30T07:40,2013.26,2,0.17,3216.31,-8.23,-0.26,3208.08,Signal Flip
1360,5M_EMA_CONFIRMED_100_200,LONG,2026-05-30T08:00,2017.33,2026-05-30T08:05,2014.22,1,0.08,3208.08,-4.94,-0.15,3203.14,Signal Flip
1361,5M_EMA_CONFIRMED_100_200,LONG,2026-05-30T08:25,2016.86,2026-05-30T08:30,2014.15,1,0.08,3203.14,-4.3,-0.13,3198.84,Signal Flip
1362,5M_EMA_CONFIRMED_100_200,LONG,2026-05-30T09:10,2016.62,2026-05-30T09:20,2014.21,2,0.17,3198.84,-3.82,-0.12,3195.03,Signal Flip
1363,5M_EMA_CONFIRMED_100_200,LONG,2026-05-30T09:30,2017.26,2026-05-30T11:20,2014.97,22,1.83,3195.03,-3.62,-0.11,3191.41,Signal Flip
1364,5M_EMA_CONFIRMED_100_200,LONG,2026-05-30T11:30,2017.68,2026-05-30T17:35,2020.58,73,6.08,3191.41,4.59,0.14,3196.0,Signal Flip
1365,5M_EMA_CONFIRMED_100_200,LONG,2026-05-30T17:40,2024.09,2026-05-30T22:05,2022.7,53,4.42,3196.0,-2.2,-0.07,3193.8,Signal Flip
1366,5M_EMA_CONFIRMED_100_200,LONG,2026-05-30T23:05,2027.11,2026-05-30T23:10,2023.19,1,0.08,3193.8,-6.18,-0.19,3187.61,Signal Flip
1367,5M_EMA_CONFIRMED_100_200,LONG,2026-05-31T00:25,2026.77,2026-05-31T00:40,2023.57,3,0.25,3187.61,-5.04,-0.16,3182.57,Signal Flip
1368,5M_EMA_CONFIRMED_100_200,LONG,2026-05-31T00:45,2025.88,2026-05-31T00:50,2023.3,1,0.08,3182.57,-4.06,-0.13,3178.51,Signal Flip
1369,5M_EMA_CONFIRMED_100_200,LONG,2026-05-31T00:55,2028.19,2026-05-31T05:50,2028.76,59,4.92,3178.51,0.88,0.03,3179.39,Signal Flip
1370,5M_EMA_CONFIRMED_100_200,LONG,2026-05-31T06:00,2031.2,2026-05-31T06:05,2027.67,1,0.08,3179.39,-5.52,-0.17,3173.87,Signal Flip
1371,5M_EMA_CONFIRMED_100_200,LONG,2026-05-31T06:20,2031.31,2026-05-31T06:30,2028.45,2,0.17,3173.87,-4.47,-0.14,3169.4,Signal Flip
1372,5M_EMA_CONFIRMED_100_200,LONG,2026-05-31T06:40,2031.62,2026-05-31T07:00,2028.86,4,0.33,3169.4,-4.31,-0.14,3165.09,Signal Flip
1373,5M_EMA_CONFIRMED_100_200,SHORT,2026-05-31T10:50,2017.93,2026-05-31T13:20,2026.01,30,2.5,3165.09,-12.68,-0.4,3152.42,Signal Flip
1374,5M_EMA_CONFIRMED_100_200,SHORT,2026-05-31T13:30,2023.44,2026-05-31T21:20,2008.72,94,7.83,3152.42,22.92,0.73,3175.34,Signal Flip
1375,5M_EMA_CONFIRMED_100_200,SHORT,2026-05-31T21:30,2006.04,2026-05-31T21:35,2008.32,1,0.08,3175.34,-3.62,-0.11,3171.72,Signal Flip
1376,5M_EMA_CONFIRMED_100_200,SHORT,2026-05-31T22:05,2005.12,2026-05-31T22:10,2009.63,1,0.08,3171.72,-7.15,-0.23,3164.57,Signal Flip
1377,5M_EMA_CONFIRMED_100_200,SHORT,2026-05-31T23:35,2004.46,2026-06-01T00:05,2015.02,6,0.5,3164.57,-16.67,-0.53,3147.9,Signal Flip
1378,5M_EMA_CONFIRMED_100_200,SHORT,2026-06-01T01:10,2005.48,2026-06-01T02:45,2013.55,19,1.58,3147.9,-12.67,-0.4,3135.24,Signal Flip
1379,5M_EMA_CONFIRMED_100_200,SHORT,2026-06-01T03:55,2008.08,2026-06-01T12:40,1993.71,105,8.75,3135.24,22.43,0.72,3157.67,Signal Flip
1380,5M_EMA_CONFIRMED_100_200,SHORT,2026-06-01T12:55,1986.85,2026-06-01T13:00,1990.54,1,0.08,3157.67,-5.88,-0.19,3151.79,Signal Flip
1381,5M_EMA_CONFIRMED_100_200,SHORT,2026-06-01T13:05,1982.64,2026-06-01T17:00,1979.13,47,3.92,3151.79,5.58,0.18,3157.37,Signal Flip
1382,5M_EMA_CONFIRMED_100_200,LONG,2026-06-01T21:00,2006.56,2026-06-01T22:05,1987.02,13,1.08,3157.37,-30.76,-0.97,3126.61,Signal Flip
1383,5M_EMA_CONFIRMED_100_200,LONG,2026-06-01T22:20,1995.8,2026-06-02T01:05,1992.65,33,2.75,3126.61,-4.93,-0.16,3121.69,Signal Flip
1384,5M_EMA_CONFIRMED_100_200,LONG,2026-06-02T01:15,1999.64,2026-06-02T01:30,1991.29,3,0.25,3121.69,-13.03,-0.42,3108.66,Signal Flip
1385,5M_EMA_CONFIRMED_100_200,LONG,2026-06-02T03:00,1998.08,2026-06-02T05:05,1989.79,25,2.08,3108.66,-12.89,-0.41,3095.77,Signal Flip
1386,5M_EMA_CONFIRMED_100_200,LONG,2026-06-02T05:15,2001.11,2026-06-02T05:30,1991.1,3,0.25,3095.77,-15.48,-0.5,3080.29,Signal Flip
1387,5M_EMA_CONFIRMED_100_200,SHORT,2026-06-02T07:00,1981.4,2026-06-03T05:10,1870.08,266,22.17,3080.29,173.05,5.62,3253.34,Signal Flip
1388,5M_EMA_CONFIRMED_100_200,SHORT,2026-06-03T05:35,1864.02,2026-06-03T05:55,1873.76,4,0.33,3253.34,-17.0,-0.52,3236.34,Signal Flip
1389,5M_EMA_CONFIRMED_100_200,SHORT,2026-06-03T09:45,1871.5,2026-06-03T09:50,1878.25,1,0.08,3236.34,-11.66,-0.36,3224.68,Signal Flip
1390,5M_EMA_CONFIRMED_100_200,SHORT,2026-06-03T12:15,1873.74,2026-06-03T12:35,1878.54,4,0.33,3224.68,-8.25,-0.26,3216.42,Signal Flip
1391,5M_EMA_CONFIRMED_100_200,SHORT,2026-06-03T12:40,1868.73,2026-06-03T12:55,1878.22,3,0.25,3216.42,-16.34,-0.51,3200.08,Signal Flip
1392,5M_EMA_CONFIRMED_100_200,SHORT,2026-06-03T13:00,1875.47,2026-06-03T13:20,1878.74,4,0.33,3200.08,-5.57,-0.17,3194.51,Signal Flip
1393,5M_EMA_CONFIRMED_100_200,SHORT,2026-06-03T13:25,1872.44,2026-06-03T21:45,1830.33,100,8.33,3194.51,71.84,2.25,3266.35,Signal Flip
1394,5M_EMA_CONFIRMED_100_200,SHORT,2026-06-03T22:30,1828.66,2026-06-03T22:35,1832.76,1,0.08,3266.35,-7.32,-0.22,3259.03,Signal Flip
1395,5M_EMA_CONFIRMED_100_200,SHORT,2026-06-03T22:40,1827.61,2026-06-03T22:45,1831.79,1,0.08,3259.03,-7.45,-0.23,3251.57,Signal Flip
1396,5M_EMA_CONFIRMED_100_200,SHORT,2026-06-03T22:50,1826.13,2026-06-04T03:35,1809.51,57,4.75,3251.57,29.58,0.91,3281.15,Signal Flip
1397,5M_EMA_CONFIRMED_100_200,SHORT,2026-06-04T05:05,1794.35,2026-06-04T06:40,1800.35,19,1.58,3281.15,-10.97,-0.33,3270.18,Signal Flip
1398,5M_EMA_CONFIRMED_100_200,SHORT,2026-06-04T06:45,1797.24,2026-06-04T12:35,1774.95,70,5.83,3270.18,40.57,1.24,3310.75,Signal Flip
1399,5M_EMA_CONFIRMED_100_200,SHORT,2026-06-04T13:20,1763.88,2026-06-04T13:35,1779.44,3,0.25,3310.75,-29.21,-0.88,3281.54,Signal Flip
1400,5M_EMA_CONFIRMED_100_200,SHORT,2026-06-04T14:40,1770.54,2026-06-04T15:00,1775.26,4,0.33,3281.54,-8.73,-0.27,3272.81,Signal Flip
1401,5M_EMA_CONFIRMED_100_200,SHORT,2026-06-04T15:50,1772.79,2026-06-04T16:00,1777.92,2,0.17,3272.81,-9.46,-0.29,3263.34,Signal Flip
1402,5M_EMA_CONFIRMED_100_200,SHORT,2026-06-04T16:05,1771.72,2026-06-04T16:25,1776.51,4,0.33,3263.34,-8.81,-0.27,3254.53,Signal Flip
1403,5M_EMA_CONFIRMED_100_200,SHORT,2026-06-04T16:30,1769.22,2026-06-04T16:40,1776.68,2,0.17,3254.53,-13.71,-0.42,3240.82,Signal Flip
1404,5M_EMA_CONFIRMED_100_200,SHORT,2026-06-04T16:55,1772.66,2026-06-04T17:55,1773.29,12,1.0,3240.82,-1.14,-0.04,3239.68,Signal Flip
1405,5M_EMA_CONFIRMED_100_200,SHORT,2026-06-04T18:00,1767.18,2026-06-04T18:25,1773.56,5,0.42,3239.68,-11.7,-0.36,3227.99,Signal Flip
1406,5M_EMA_CONFIRMED_100_200,SHORT,2026-06-04T20:05,1769.71,2026-06-04T20:35,1775.62,6,0.5,3227.99,-10.77,-0.33,3217.22,Signal Flip
1407,5M_EMA_CONFIRMED_100_200,SHORT,2026-06-04T20:40,1769.84,2026-06-04T21:00,1775.76,4,0.33,3217.22,-10.75,-0.33,3206.47,Signal Flip
1408,5M_EMA_CONFIRMED_100_200,SHORT,2026-06-04T21:25,1771.57,2026-06-04T23:05,1775.34,20,1.67,3206.47,-6.81,-0.21,3199.66,Signal Flip
1409,5M_EMA_CONFIRMED_100_200,SHORT,2026-06-04T23:20,1757.42,2026-06-04T23:45,1770.76,5,0.42,3199.66,-24.3,-0.76,3175.36,Signal Flip
1410,5M_EMA_CONFIRMED_100_200,SHORT,2026-06-04T23:50,1768.29,2026-06-04T23:55,1771.94,1,0.08,3175.36,-6.55,-0.21,3168.81,Signal Flip
1411,5M_EMA_CONFIRMED_100_200,SHORT,2026-06-05T00:05,1764.34,2026-06-05T00:25,1770.55,4,0.33,3168.81,-11.17,-0.35,3157.64,Signal Flip
1412,5M_EMA_CONFIRMED_100_200,SHORT,2026-06-05T00:45,1767.91,2026-06-05T00:50,1771.13,1,0.08,3157.64,-5.75,-0.18,3151.89,Signal Flip
1413,5M_EMA_CONFIRMED_100_200,SHORT,2026-06-05T00:55,1762.25,2026-06-05T20:50,1603.25,239,19.92,3151.89,284.38,9.02,3436.27,Signal Flip
1414,5M_EMA_CONFIRMED_100_200,SHORT,2026-06-05T22:05,1597.7,2026-06-05T22:40,1604.85,7,0.58,3436.27,-15.38,-0.45,3420.89,Signal Flip
1415,5M_EMA_CONFIRMED_100_200,SHORT,2026-06-05T22:45,1598.31,2026-06-06T00:05,1599.22,16,1.33,3420.89,-1.95,-0.06,3418.94,Signal Flip
1416,5M_EMA_CONFIRMED_100_200,SHORT,2026-06-06T00:20,1593.43,2026-06-06T00:35,1598.36,3,0.25,3418.94,-10.57,-0.31,3408.37,Signal Flip
1417,5M_EMA_CONFIRMED_100_200,SHORT,2026-06-06T00:40,1594.78,2026-06-06T06:05,1573.19,65,5.42,3408.37,46.16,1.35,3454.53,Signal Flip
1418,5M_EMA_CONFIRMED_100_200,SHORT,2026-06-06T06:45,1562.74,2026-06-06T07:10,1573.05,5,0.42,3454.53,-22.79,-0.66,3431.74,Signal Flip
1419,5M_EMA_CONFIRMED_100_200,SHORT,2026-06-06T07:30,1567.22,2026-06-06T07:35,1574.21,1,0.08,3431.74,-15.31,-0.45,3416.44,Signal Flip
1420,5M_EMA_CONFIRMED_100_200,SHORT,2026-06-06T09:50,1567.35,2026-06-06T12:50,1571.07,36,3.0,3416.44,-8.11,-0.24,3408.33,Signal Flip
1421,5M_EMA_CONFIRMED_100_200,SHORT,2026-06-06T13:30,1561.0,2026-06-06T14:50,1565.7,16,1.33,3408.33,-10.27,-0.3,3398.06,Signal Flip
1422,5M_EMA_CONFIRMED_100_200,SHORT,2026-06-06T14:55,1563.42,2026-06-06T15:45,1564.38,10,0.83,3398.06,-2.1,-0.06,3395.96,Signal Flip
1423,5M_EMA_CONFIRMED_100_200,SHORT,2026-06-06T15:50,1560.05,2026-06-06T16:05,1564.94,3,0.25,3395.96,-10.65,-0.31,3385.31,Signal Flip
1424,5M_EMA_CONFIRMED_100_200,SHORT,2026-06-06T16:10,1560.88,2026-06-06T16:50,1565.08,8,0.67,3385.31,-9.12,-0.27,3376.2,Signal Flip
1425,5M_EMA_CONFIRMED_100_200,SHORT,2026-06-06T17:10,1559.07,2026-06-06T17:35,1565.07,5,0.42,3376.2,-13.0,-0.38,3363.2,Signal Flip
1426,5M_EMA_CONFIRMED_100_200,SHORT,2026-06-06T17:40,1554.72,2026-06-06T18:30,1564.59,10,0.83,3363.2,-21.35,-0.63,3341.85,Signal Flip
1427,5M_EMA_CONFIRMED_100_200,SHORT,2026-06-06T18:35,1557.3,2026-06-06T19:10,1563.57,7,0.58,3341.85,-13.46,-0.4,3328.4,Signal Flip
1428,5M_EMA_CONFIRMED_100_200,SHORT,2026-06-06T19:15,1559.57,2026-06-06T20:45,1560.07,18,1.5,3328.4,-1.07,-0.03,3327.33,Signal Flip
1429,5M_EMA_CONFIRMED_100_200,SHORT,2026-06-06T20:50,1555.57,2026-06-06T21:10,1559.48,4,0.33,3327.33,-8.36,-0.25,3318.97,Signal Flip
1430,5M_EMA_CONFIRMED_100_200,SHORT,2026-06-06T22:00,1557.42,2026-06-06T22:20,1562.01,4,0.33,3318.97,-9.78,-0.29,3309.19,Signal Flip
1431,5M_EMA_CONFIRMED_100_200,SHORT,2026-06-06T22:25,1552.87,2026-06-06T22:50,1560.68,5,0.42,3309.19,-16.64,-0.5,3292.55,Signal Flip
1432,5M_EMA_CONFIRMED_100_200,SHORT,2026-06-06T23:00,1557.55,2026-06-06T23:05,1563.05,1,0.08,3292.55,-11.63,-0.35,3280.93,Signal Flip
1433,5M_EMA_CONFIRMED_100_200,SHORT,2026-06-06T23:20,1557.94,2026-06-06T23:30,1561.4,2,0.17,3280.93,-7.29,-0.22,3273.64,Signal Flip
1434,5M_EMA_CONFIRMED_100_200,LONG,2026-06-07T02:00,1590.92,2026-06-07T12:15,1612.1,123,10.25,3273.64,43.6,1.33,3317.24,Signal Flip
1435,5M_EMA_CONFIRMED_100_200,LONG,2026-06-07T12:40,1617.43,2026-06-07T12:45,1615.21,1,0.08,3317.24,-4.55,-0.14,3312.69,Signal Flip
1436,5M_EMA_CONFIRMED_100_200,LONG,2026-06-07T12:50,1619.62,2026-06-07T13:05,1613.11,3,0.25,3312.69,-13.31,-0.4,3299.39,Signal Flip
1437,5M_EMA_CONFIRMED_100_200,LONG,2026-06-07T13:10,1618.7,2026-06-07T13:20,1615.4,2,0.17,3299.39,-6.72,-0.2,3292.67,Signal Flip
1438,5M_EMA_CONFIRMED_100_200,LONG,2026-06-07T13:25,1618.88,2026-06-07T13:50,1615.27,5,0.42,3292.67,-7.34,-0.22,3285.33,Signal Flip
1439,5M_EMA_CONFIRMED_100_200,LONG,2026-06-07T13:55,1618.5,2026-06-07T19:05,1623.13,62,5.17,3285.33,9.4,0.29,3294.73,Signal Flip
1440,5M_EMA_CONFIRMED_100_200,LONG,2026-06-07T20:25,1627.47,2026-06-08T04:15,1668.38,94,7.83,3294.73,82.8,2.51,3377.53,Signal Flip
1441,5M_EMA_CONFIRMED_100_200,LONG,2026-06-08T06:20,1668.33,2026-06-08T06:40,1663.36,4,0.33,3377.53,-10.07,-0.3,3367.46,Signal Flip
1442,5M_EMA_CONFIRMED_100_200,LONG,2026-06-08T06:45,1667.72,2026-06-08T07:05,1662.44,4,0.33,3367.46,-10.67,-0.32,3356.78,Signal Flip
1443,5M_EMA_CONFIRMED_100_200,LONG,2026-06-08T07:10,1666.43,2026-06-08T08:25,1665.21,15,1.25,3356.78,-2.47,-0.07,3354.32,Signal Flip
1444,5M_EMA_CONFIRMED_100_200,LONG,2026-06-08T08:30,1667.9,2026-06-08T08:40,1664.38,2,0.17,3354.32,-7.09,-0.21,3347.22,Signal Flip
1445,5M_EMA_CONFIRMED_100_200,LONG,2026-06-08T09:20,1667.18,2026-06-08T09:25,1662.02,1,0.08,3347.22,-10.37,-0.31,3336.85,Signal Flip
1446,5M_EMA_CONFIRMED_100_200,LONG,2026-06-08T09:50,1668.05,2026-06-08T10:20,1665.25,6,0.5,3336.85,-5.61,-0.17,3331.24,Signal Flip
1447,5M_EMA_CONFIRMED_100_200,LONG,2026-06-08T10:25,1668.06,2026-06-08T10:30,1664.7,1,0.08,3331.24,-6.72,-0.2,3324.52,Signal Flip
1448,5M_EMA_CONFIRMED_100_200,LONG,2026-06-08T10:35,1673.74,2026-06-08T12:15,1667.54,20,1.67,3324.52,-12.32,-0.37,3312.2,Signal Flip
1449,5M_EMA_CONFIRMED_100_200,LONG,2026-06-08T12:20,1672.62,2026-06-08T17:00,1681.86,56,4.67,3312.2,18.3,0.55,3330.5,Signal Flip
1450,5M_EMA_CONFIRMED_100_200,LONG,2026-06-08T17:25,1685.49,2026-06-08T17:35,1681.92,2,0.17,3330.5,-7.06,-0.21,3323.44,Signal Flip
1451,5M_EMA_CONFIRMED_100_200,LONG,2026-06-08T17:55,1685.74,2026-06-08T18:35,1682.36,8,0.67,3323.44,-6.67,-0.2,3316.77,Signal Flip
1452,5M_EMA_CONFIRMED_100_200,LONG,2026-06-08T19:00,1685.55,2026-06-08T19:10,1681.79,2,0.17,3316.77,-7.41,-0.22,3309.37,Signal Flip
1453,5M_EMA_CONFIRMED_100_200,LONG,2026-06-08T19:20,1687.28,2026-06-08T20:15,1682.11,11,0.92,3309.37,-10.15,-0.31,3299.22,Signal Flip
1454,5M_EMA_CONFIRMED_100_200,LONG,2026-06-08T20:25,1686.35,2026-06-08T20:30,1678.78,1,0.08,3299.22,-14.82,-0.45,3284.4,Signal Flip
1455,5M_EMA_CONFIRMED_100_200,LONG,2026-06-08T20:40,1687.9,2026-06-08T23:50,1689.34,38,3.17,3284.4,2.8,0.09,3287.21,Signal Flip
1456,5M_EMA_CONFIRMED_100_200,SHORT,2026-06-09T03:00,1667.05,2026-06-09T04:35,1680.84,19,1.58,3287.21,-27.2,-0.83,3260.01,Signal Flip
1457,5M_EMA_CONFIRMED_100_200,LONG,2026-06-09T05:50,1692.67,2026-06-09T07:30,1675.06,20,1.67,3260.01,-33.9,-1.04,3226.1,Signal Flip
1458,5M_EMA_CONFIRMED_100_200,SHORT,2026-06-09T09:35,1667.41,2026-06-09T12:05,1681.01,30,2.5,3226.1,-26.32,-0.82,3199.78,Signal Flip
1459,5M_EMA_CONFIRMED_100_200,SHORT,2026-06-09T12:35,1675.49,2026-06-09T12:40,1677.52,1,0.08,3199.78,-3.87,-0.12,3195.91,Signal Flip
1460,5M_EMA_CONFIRMED_100_200,SHORT,2026-06-09T12:45,1673.21,2026-06-09T13:00,1677.74,3,0.25,3195.91,-8.64,-0.27,3187.27,Signal Flip
1461,5M_EMA_CONFIRMED_100_200,SHORT,2026-06-09T13:15,1675.04,2026-06-09T18:20,1655.47,61,5.08,3187.27,37.25,1.17,3224.51,Signal Flip
1462,5M_EMA_CONFIRMED_100_200,SHORT,2026-06-09T18:25,1651.07,2026-06-09T19:05,1654.48,8,0.67,3224.51,-6.65,-0.21,3217.87,Signal Flip
1463,5M_EMA_CONFIRMED_100_200,SHORT,2026-06-09T19:10,1649.81,2026-06-09T19:35,1657.32,5,0.42,3217.87,-14.64,-0.45,3203.23,Signal Flip
1464,5M_EMA_CONFIRMED_100_200,SHORT,2026-06-09T19:50,1649.69,2026-06-09T19:55,1656.51,1,0.08,3203.23,-13.23,-0.41,3190.0,Signal Flip
1465,5M_EMA_CONFIRMED_100_200,SHORT,2026-06-09T21:20,1652.02,2026-06-10T07:10,1635.14,118,9.83,3190.0,32.61,1.02,3222.61,Signal Flip
1466,5M_EMA_CONFIRMED_100_200,SHORT,2026-06-10T08:25,1632.57,2026-06-10T12:35,1637.49,50,4.17,3222.61,-9.7,-0.3,3212.91,Signal Flip
1467,5M_EMA_CONFIRMED_100_200,LONG,2026-06-10T16:00,1658.81,2026-06-10T16:50,1634.1,10,0.83,3212.91,-47.85,-1.49,3165.05,Signal Flip
1468,5M_EMA_CONFIRMED_100_200,LONG,2026-06-10T16:55,1641.52,2026-06-10T17:15,1638.74,4,0.33,3165.05,-5.36,-0.17,3159.69,Signal Flip
1469,5M_EMA_CONFIRMED_100_200,LONG,2026-06-10T17:20,1642.36,2026-06-10T17:25,1638.94,1,0.08,3159.69,-6.58,-0.21,3153.11,Signal Flip
1470,5M_EMA_CONFIRMED_100_200,SHORT,2026-06-10T18:25,1630.18,2026-06-10T20:25,1635.68,24,2.0,3153.11,-10.62,-0.34,3142.49,Signal Flip
1471,5M_EMA_CONFIRMED_100_200,SHORT,2026-06-10T20:30,1632.09,2026-06-11T00:15,1626.91,45,3.75,3142.49,9.97,0.32,3152.46,Signal Flip
1472,5M_EMA_CONFIRMED_100_200,LONG,2026-06-11T03:45,1646.43,2026-06-11T12:25,1647.66,104,8.67,3152.46,2.34,0.07,3154.8,Signal Flip
1473,5M_EMA_CONFIRMED_100_200,LONG,2026-06-11T13:50,1655.22,2026-06-11T14:00,1652.41,2,0.17,3154.8,-5.34,-0.17,3149.46,Signal Flip
1474,5M_EMA_CONFIRMED_100_200,LONG,2026-06-11T14:05,1655.58,2026-06-11T14:10,1647.82,1,0.08,3149.46,-14.77,-0.47,3134.7,Signal Flip
1475,5M_EMA_CONFIRMED_100_200,LONG,2026-06-11T17:30,1655.05,2026-06-11T23:30,1669.51,72,6.0,3134.7,27.4,0.87,3162.1,Signal Flip
1476,5M_EMA_CONFIRMED_100_200,LONG,2026-06-11T23:35,1674.77,2026-06-12T00:05,1670.38,6,0.5,3162.1,-8.27,-0.26,3153.82,Signal Flip
1477,5M_EMA_CONFIRMED_100_200,LONG,2026-06-12T00:10,1676.71,2026-06-12T00:25,1670.68,3,0.25,3153.82,-11.33,-0.36,3142.49,Signal Flip
1478,5M_EMA_CONFIRMED_100_200,LONG,2026-06-12T00:30,1673.75,2026-06-12T01:05,1668.53,7,0.58,3142.49,-9.8,-0.31,3132.69,Signal Flip
1479,5M_EMA_CONFIRMED_100_200,LONG,2026-06-12T02:10,1673.78,2026-06-12T03:25,1670.22,15,1.25,3132.69,-6.65,-0.21,3126.04,Signal Flip
1480,5M_EMA_CONFIRMED_100_200,LONG,2026-06-12T03:35,1674.44,2026-06-12T03:40,1670.76,1,0.08,3126.04,-6.86,-0.22,3119.19,Signal Flip
1481,5M_EMA_CONFIRMED_100_200,LONG,2026-06-12T03:45,1672.71,2026-06-12T03:50,1670.64,1,0.08,3119.19,-3.84,-0.12,3115.34,Signal Flip
1482,5M_EMA_CONFIRMED_100_200,LONG,2026-06-12T03:55,1673.56,2026-06-12T04:05,1670.97,2,0.17,3115.34,-4.81,-0.15,3110.53,Signal Flip
1483,5M_EMA_CONFIRMED_100_200,LONG,2026-06-12T04:20,1674.56,2026-06-12T05:10,1671.26,10,0.83,3110.53,-6.12,-0.2,3104.42,Signal Flip
1484,5M_EMA_CONFIRMED_100_200,LONG,2026-06-12T08:15,1668.42,2026-06-12T12:05,1669.39,46,3.83,3104.42,1.81,0.06,3106.22,Signal Flip
1485,5M_EMA_CONFIRMED_100_200,LONG,2026-06-12T14:30,1671.38,2026-06-12T14:45,1667.99,3,0.25,3106.22,-6.3,-0.2,3099.92,Signal Flip
1486,5M_EMA_CONFIRMED_100_200,LONG,2026-06-12T14:55,1683.61,2026-06-12T15:45,1670.7,10,0.83,3099.92,-23.77,-0.77,3076.16,Signal Flip
1487,5M_EMA_CONFIRMED_100_200,LONG,2026-06-12T16:15,1672.17,2026-06-12T16:20,1666.63,1,0.08,3076.16,-10.19,-0.33,3065.97,Signal Flip
1488,5M_EMA_CONFIRMED_100_200,LONG,2026-06-12T16:40,1675.19,2026-06-12T16:45,1667.85,1,0.08,3065.97,-13.44,-0.44,3052.53,Signal Flip
1489,5M_EMA_CONFIRMED_100_200,LONG,2026-06-12T16:50,1672.72,2026-06-12T16:55,1669.47,1,0.08,3052.53,-5.91,-0.19,3046.62,Signal Flip
1490,5M_EMA_CONFIRMED_100_200,LONG,2026-06-12T17:00,1673.75,2026-06-12T17:25,1667.79,5,0.42,3046.62,-10.85,-0.36,3035.77,Signal Flip
1491,5M_EMA_CONFIRMED_100_200,LONG,2026-06-12T18:40,1672.33,2026-06-12T18:55,1669.3,3,0.25,3035.77,-5.48,-0.18,3030.28,Signal Flip
1492,5M_EMA_CONFIRMED_100_200,SHORT,2026-06-12T20:35,1665.52,2026-06-13T00:00,1667.25,41,3.42,3030.28,-3.16,-0.1,3027.12,Signal Flip
1493,5M_EMA_CONFIRMED_100_200,SHORT,2026-06-13T00:05,1664.71,2026-06-13T00:10,1667.69,1,0.08,3027.12,-5.43,-0.18,3021.69,Signal Flip
1494,5M_EMA_CONFIRMED_100_200,SHORT,2026-06-13T02:45,1666.46,2026-06-13T03:00,1668.86,3,0.25,3021.69,-4.37,-0.14,3017.33,Signal Flip
1495,5M_EMA_CONFIRMED_100_200,SHORT,2026-06-13T03:20,1665.79,2026-06-13T04:35,1668.18,15,1.25,3017.33,-4.34,-0.14,3012.99,Signal Flip
1496,5M_EMA_CONFIRMED_100_200,SHORT,2026-06-13T04:55,1665.97,2026-06-13T06:30,1667.61,19,1.58,3012.99,-2.98,-0.1,3010.01,Signal Flip
1497,5M_EMA_CONFIRMED_100_200,LONG,2026-06-13T07:55,1678.09,2026-06-13T16:05,1675.88,98,8.17,3010.01,-3.96,-0.13,3006.05,Signal Flip
1498,5M_EMA_CONFIRMED_100_200,LONG,2026-06-13T16:10,1678.46,2026-06-13T16:15,1674.59,1,0.08,3006.05,-6.92,-0.23,2999.13,Signal Flip
1499,5M_EMA_CONFIRMED_100_200,LONG,2026-06-13T17:20,1677.55,2026-06-13T17:25,1675.27,1,0.08,2999.13,-4.07,-0.14,2995.06,Signal Flip
1500,5M_EMA_CONFIRMED_100_200,LONG,2026-06-13T17:30,1678.43,2026-06-13T17:50,1675.75,4,0.33,2995.06,-4.78,-0.16,2990.28,Signal Flip
1501,5M_EMA_CONFIRMED_100_200,LONG,2026-06-13T18:10,1677.46,2026-06-13T18:20,1675.58,2,0.17,2990.28,-3.35,-0.11,2986.93,Signal Flip
1502,5M_EMA_CONFIRMED_100_200,LONG,2026-06-13T18:25,1678.97,2026-06-13T19:30,1676.05,13,1.08,2986.93,-5.19,-0.17,2981.74,Signal Flip
1503,5M_EMA_CONFIRMED_100_200,LONG,2026-06-13T19:35,1678.02,2026-06-13T20:05,1676.45,6,0.5,2981.74,-2.78,-0.09,2978.96,Signal Flip
1504,5M_EMA_CONFIRMED_100_200,LONG,2026-06-13T20:10,1678.86,2026-06-13T20:15,1676.49,1,0.08,2978.96,-4.2,-0.14,2974.76,Signal Flip
1505,5M_EMA_CONFIRMED_100_200,LONG,2026-06-13T21:40,1679.9,2026-06-13T23:50,1677.95,26,2.17,2974.76,-3.45,-0.12,2971.31,Signal Flip
1506,5M_EMA_CONFIRMED_100_200,LONG,2026-06-13T23:55,1681.41,2026-06-14T00:05,1678.63,2,0.17,2971.31,-4.91,-0.17,2966.39,Signal Flip
1507,5M_EMA_CONFIRMED_100_200,LONG,2026-06-14T00:10,1680.43,2026-06-14T00:20,1677.99,2,0.17,2966.39,-4.31,-0.15,2962.09,Signal Flip
1508,5M_EMA_CONFIRMED_100_200,LONG,2026-06-14T00:25,1681.16,2026-06-14T03:40,1680.07,39,3.25,2962.09,-1.92,-0.06,2960.17,Signal Flip
1509,5M_EMA_CONFIRMED_100_200,LONG,2026-06-14T04:00,1682.58,2026-06-14T04:10,1679.87,2,0.17,2960.17,-4.77,-0.16,2955.4,Signal Flip
1510,5M_EMA_CONFIRMED_100_200,LONG,2026-06-14T06:10,1682.32,2026-06-14T06:20,1679.44,2,0.17,2955.4,-5.06,-0.17,2950.33,Signal Flip
1511,5M_EMA_CONFIRMED_100_200,SHORT,2026-06-14T09:05,1675.54,2026-06-14T10:00,1679.32,11,0.92,2950.33,-6.65,-0.23,2943.68,Signal Flip
1512,5M_EMA_CONFIRMED_100_200,SHORT,2026-06-14T10:05,1675.78,2026-06-14T10:25,1678.92,4,0.33,2943.68,-5.51,-0.19,2938.17,Signal Flip
1513,5M_EMA_CONFIRMED_100_200,SHORT,2026-06-14T10:30,1675.75,2026-06-14T19:20,1668.09,106,8.83,2938.17,13.43,0.46,2951.6,Signal Flip
1514,5M_EMA_CONFIRMED_100_200,SHORT,2026-06-14T19:45,1664.9,2026-06-14T20:25,1668.06,8,0.67,2951.6,-5.61,-0.19,2945.99,Signal Flip
1515,5M_EMA_CONFIRMED_100_200,LONG,2026-06-14T21:50,1724.94,2026-06-15T09:35,1715.98,141,11.75,2945.99,-15.3,-0.52,2930.68,Signal Flip
1516,5M_EMA_CONFIRMED_100_200,LONG,2026-06-15T09:55,1718.3,2026-06-15T22:00,1810.45,145,12.08,2930.68,157.18,5.36,3087.86,Signal Flip
1517,5M_EMA_CONFIRMED_100_200,SHORT,2026-06-16T05:30,1762.72,2026-06-16T08:15,1778.72,33,2.75,3087.86,-28.03,-0.91,3059.83,Signal Flip
1518,5M_EMA_CONFIRMED_100_200,LONG,2026-06-16T10:10,1791.66,2026-06-16T14:15,1795.05,49,4.08,3059.83,5.8,0.19,3065.63,Signal Flip
1519,5M_EMA_CONFIRMED_100_200,SHORT,2026-06-16T17:25,1783.66,2026-06-16T17:50,1797.54,5,0.42,3065.63,-23.86,-0.78,3041.77,Signal Flip
1520,5M_EMA_CONFIRMED_100_200,LONG,2026-06-16T17:55,1797.19,2026-06-16T20:30,1789.19,31,2.58,3041.77,-13.53,-0.44,3028.25,Signal Flip
1521,5M_EMA_CONFIRMED_100_200,LONG,2026-06-16T20:35,1793.77,2026-06-16T21:40,1790.08,13,1.08,3028.25,-6.22,-0.21,3022.03,Signal Flip
1522,5M_EMA_CONFIRMED_100_200,LONG,2026-06-16T21:45,1795.76,2026-06-16T22:25,1791.99,8,0.67,3022.03,-6.33,-0.21,3015.7,Signal Flip
1523,5M_EMA_CONFIRMED_100_200,LONG,2026-06-16T22:30,1795.21,2026-06-16T22:45,1791.42,3,0.25,3015.7,-6.36,-0.21,3009.34,Signal Flip
1524,5M_EMA_CONFIRMED_100_200,LONG,2026-06-16T22:55,1794.98,2026-06-16T23:20,1792.44,5,0.42,3009.34,-4.25,-0.14,3005.09,Signal Flip
1525,5M_EMA_CONFIRMED_100_200,LONG,2026-06-16T23:30,1796.38,2026-06-16T23:50,1791.45,4,0.33,3005.09,-8.24,-0.27,2996.86,Signal Flip
1526,5M_EMA_CONFIRMED_100_200,LONG,2026-06-17T00:10,1795.86,2026-06-17T00:55,1792.52,9,0.75,2996.86,-5.56,-0.19,2991.29,Signal Flip
1527,5M_EMA_CONFIRMED_100_200,LONG,2026-06-17T01:00,1795.12,2026-06-17T01:20,1783.6,4,0.33,2991.29,-19.2,-0.64,2972.1,Signal Flip
1528,5M_EMA_CONFIRMED_100_200,LONG,2026-06-17T01:50,1797.99,2026-06-17T02:40,1788.31,10,0.83,2972.1,-16.01,-0.54,2956.09,Signal Flip
1529,5M_EMA_CONFIRMED_100_200,LONG,2026-06-17T02:45,1795.5,2026-06-17T02:55,1792.3,2,0.17,2956.09,-5.26,-0.18,2950.83,Signal Flip
1530,5M_EMA_CONFIRMED_100_200,LONG,2026-06-17T03:00,1796.49,2026-06-17T03:05,1792.7,1,0.08,2950.83,-6.22,-0.21,2944.62,Signal Flip
1531,5M_EMA_CONFIRMED_100_200,LONG,2026-06-17T03:35,1795.92,2026-06-17T03:45,1792.43,2,0.17,2944.62,-5.71,-0.19,2938.9,Signal Flip
1532,5M_EMA_CONFIRMED_100_200,LONG,2026-06-17T03:55,1795.47,2026-06-17T04:00,1792.68,1,0.08,2938.9,-4.56,-0.16,2934.35,Signal Flip
1533,5M_EMA_CONFIRMED_100_200,LONG,2026-06-17T04:05,1795.59,2026-06-17T04:15,1792.81,2,0.17,2934.35,-4.53,-0.15,2929.81,Signal Flip
1534,5M_EMA_CONFIRMED_100_200,LONG,2026-06-17T04:25,1796.49,2026-06-17T05:10,1791.2,9,0.75,2929.81,-8.62,-0.29,2921.2,Signal Flip
1535,5M_EMA_CONFIRMED_100_200,LONG,2026-06-17T05:35,1795.22,2026-06-17T05:55,1791.92,4,0.33,2921.2,-5.36,-0.18,2915.84,Signal Flip
1536,5M_EMA_CONFIRMED_100_200,LONG,2026-06-17T06:05,1796.14,2026-06-17T06:30,1787.94,5,0.42,2915.84,-13.32,-0.46,2902.52,Signal Flip
1537,5M_EMA_CONFIRMED_100_200,SHORT,2026-06-17T08:00,1784.2,2026-06-17T15:40,1768.01,92,7.67,2902.52,26.33,0.91,2928.85,Signal Flip
1538,5M_EMA_CONFIRMED_100_200,SHORT,2026-06-17T18:05,1756.94,2026-06-17T18:40,1774.08,7,0.58,2928.85,-28.57,-0.98,2900.28,Signal Flip
1539,5M_EMA_CONFIRMED_100_200,SHORT,2026-06-17T19:00,1769.42,2026-06-17T19:15,1773.0,3,0.25,2900.28,-5.85,-0.2,2894.43,Signal Flip
1540,5M_EMA_CONFIRMED_100_200,SHORT,2026-06-17T19:20,1753.02,2026-06-18T00:05,1753.48,57,4.75,2894.43,-0.75,-0.03,2893.68,Signal Flip
1541,5M_EMA_CONFIRMED_100_200,SHORT,2026-06-18T02:20,1752.96,2026-06-18T02:25,1759.11,1,0.08,2893.68,-10.15,-0.35,2883.54,Signal Flip
1542,5M_EMA_CONFIRMED_100_200,SHORT,2026-06-18T03:05,1751.47,2026-06-18T07:25,1745.04,52,4.33,2883.54,10.59,0.37,2894.12,Signal Flip
1543,5M_EMA_CONFIRMED_100_200,SHORT,2026-06-18T09:30,1742.49,2026-06-18T09:35,1747.28,1,0.08,2894.12,-7.96,-0.28,2886.16,Signal Flip
1544,5M_EMA_CONFIRMED_100_200,SHORT,2026-06-18T10:10,1741.64,2026-06-18T10:55,1750.68,9,0.75,2886.16,-14.99,-0.52,2871.17,Signal Flip
1545,5M_EMA_CONFIRMED_100_200,SHORT,2026-06-18T11:20,1743.24,2026-06-18T11:30,1746.8,2,0.17,2871.17,-5.87,-0.2,2865.3,Signal Flip
1546,5M_EMA_CONFIRMED_100_200,SHORT,2026-06-18T11:40,1742.69,2026-06-18T12:15,1746.15,7,0.58,2865.3,-5.7,-0.2,2859.6,Signal Flip
1547,5M_EMA_CONFIRMED_100_200,SHORT,2026-06-18T13:35,1739.84,2026-06-18T19:55,1708.1,76,6.33,2859.6,52.16,1.82,2911.76,Signal Flip
1548,5M_EMA_CONFIRMED_100_200,SHORT,2026-06-18T20:00,1704.55,2026-06-18T20:05,1715.03,1,0.08,2911.76,-17.9,-0.61,2893.86,Signal Flip
1549,5M_EMA_CONFIRMED_100_200,SHORT,2026-06-18T21:15,1703.54,2026-06-18T21:35,1710.4,4,0.33,2893.86,-11.67,-0.4,2882.2,Signal Flip
1550,5M_EMA_CONFIRMED_100_200,SHORT,2026-06-18T21:40,1706.08,2026-06-18T22:00,1709.24,4,0.33,2882.2,-5.35,-0.19,2876.85,Signal Flip
1551,5M_EMA_CONFIRMED_100_200,SHORT,2026-06-18T22:05,1705.2,2026-06-18T22:50,1708.06,9,0.75,2876.85,-4.84,-0.17,2872.01,Signal Flip
1552,5M_EMA_CONFIRMED_100_200,SHORT,2026-06-18T22:55,1706.16,2026-06-18T23:25,1708.57,6,0.5,2872.01,-4.07,-0.14,2867.94,Signal Flip
1553,5M_EMA_CONFIRMED_100_200,SHORT,2026-06-19T01:35,1706.46,2026-06-19T01:45,1710.53,2,0.17,2867.94,-6.85,-0.24,2861.09,Signal Flip
1554,5M_EMA_CONFIRMED_100_200,SHORT,2026-06-19T02:20,1707.13,2026-06-19T13:00,1696.22,128,10.67,2861.09,18.28,0.64,2879.37,Signal Flip
1555,5M_EMA_CONFIRMED_100_200,SHORT,2026-06-19T13:15,1692.77,2026-06-19T13:40,1697.11,5,0.42,2879.37,-7.37,-0.26,2871.99,Signal Flip
1556,5M_EMA_CONFIRMED_100_200,SHORT,2026-06-19T16:55,1698.82,2026-06-19T17:20,1701.93,5,0.42,2871.99,-5.26,-0.18,2866.74,Signal Flip
1557,5M_EMA_CONFIRMED_100_200,SHORT,2026-06-19T17:25,1697.0,2026-06-19T17:35,1702.04,2,0.17,2866.74,-8.51,-0.3,2858.22,Signal Flip
1558,5M_EMA_CONFIRMED_100_200,SHORT,2026-06-19T18:40,1697.97,2026-06-19T18:45,1702.01,1,0.08,2858.22,-6.8,-0.24,2851.42,Signal Flip
1559,5M_EMA_CONFIRMED_100_200,SHORT,2026-06-19T19:20,1698.82,2026-06-19T19:50,1702.56,6,0.5,2851.42,-6.28,-0.22,2845.14,Signal Flip
1560,5M_EMA_CONFIRMED_100_200,SHORT,2026-06-19T20:25,1699.73,2026-06-19T20:30,1703.65,1,0.08,2845.14,-6.56,-0.23,2838.58,Signal Flip
1561,5M_EMA_CONFIRMED_100_200,LONG,2026-06-19T21:15,1709.43,2026-06-19T21:55,1700.97,8,0.67,2838.58,-14.06,-0.5,2824.52,Signal Flip
1562,5M_EMA_CONFIRMED_100_200,LONG,2026-06-19T22:10,1703.22,2026-06-20T02:20,1704.4,50,4.17,2824.52,1.95,0.07,2826.47,Signal Flip
1563,5M_EMA_CONFIRMED_100_200,LONG,2026-06-20T02:35,1708.54,2026-06-20T02:45,1705.11,2,0.17,2826.47,-5.69,-0.2,2820.79,Signal Flip
1564,5M_EMA_CONFIRMED_100_200,LONG,2026-06-20T02:50,1707.59,2026-06-20T03:00,1704.0,2,0.17,2820.79,-5.94,-0.21,2814.85,Signal Flip
1565,5M_EMA_CONFIRMED_100_200,LONG,2026-06-20T03:15,1707.55,2026-06-20T13:20,1722.61,121,10.08,2814.85,24.82,0.88,2839.66,Signal Flip
1566,5M_EMA_CONFIRMED_100_200,LONG,2026-06-20T14:50,1737.57,2026-06-20T17:25,1727.09,31,2.58,2839.66,-17.13,-0.6,2822.53,Signal Flip
1567,5M_EMA_CONFIRMED_100_200,LONG,2026-06-20T17:30,1730.74,2026-06-20T17:40,1724.1,2,0.17,2822.53,-10.84,-0.38,2811.69,Signal Flip
1568,5M_EMA_CONFIRMED_100_200,LONG,2026-06-20T18:05,1730.67,2026-06-20T18:15,1726.78,2,0.17,2811.69,-6.33,-0.23,2805.36,Signal Flip
1569,5M_EMA_CONFIRMED_100_200,LONG,2026-06-20T18:20,1729.42,2026-06-20T18:45,1726.84,5,0.42,2805.36,-4.2,-0.15,2801.16,Signal Flip
1570,5M_EMA_CONFIRMED_100_200,LONG,2026-06-20T19:40,1729.4,2026-06-20T20:35,1726.33,11,0.92,2801.16,-4.99,-0.18,2796.17,Signal Flip
1571,5M_EMA_CONFIRMED_100_200,LONG,2026-06-20T20:45,1729.14,2026-06-21T01:25,1733.88,56,4.67,2796.17,7.66,0.27,2803.84,Signal Flip
1572,5M_EMA_CONFIRMED_100_200,LONG,2026-06-21T01:30,1736.14,2026-06-21T03:05,1733.58,19,1.58,2803.84,-4.13,-0.15,2799.71,Signal Flip
1573,5M_EMA_CONFIRMED_100_200,LONG,2026-06-21T03:15,1737.41,2026-06-21T04:55,1732.73,20,1.67,2799.71,-7.53,-0.27,2792.18,Signal Flip
1574,5M_EMA_CONFIRMED_100_200,LONG,2026-06-21T06:25,1736.55,2026-06-21T07:05,1733.5,8,0.67,2792.18,-4.9,-0.18,2787.28,Signal Flip
1575,5M_EMA_CONFIRMED_100_200,LONG,2026-06-21T09:40,1734.3,2026-06-21T09:45,1730.51,1,0.08,2787.28,-6.08,-0.22,2781.2,Signal Flip
1576,5M_EMA_CONFIRMED_100_200,LONG,2026-06-21T10:10,1735.19,2026-06-21T10:35,1732.26,5,0.42,2781.2,-4.69,-0.17,2776.52,Signal Flip
1577,5M_EMA_CONFIRMED_100_200,LONG,2026-06-21T10:50,1734.55,2026-06-21T10:55,1731.66,1,0.08,2776.52,-4.62,-0.17,2771.9,Signal Flip
1578,5M_EMA_CONFIRMED_100_200,SHORT,2026-06-21T11:55,1724.56,2026-06-21T15:00,1729.31,37,3.08,2771.9,-7.65,-0.28,2764.26,Signal Flip
1579,5M_EMA_CONFIRMED_100_200,SHORT,2026-06-21T16:10,1727.39,2026-06-21T16:55,1729.15,9,0.75,2764.26,-2.83,-0.1,2761.43,Signal Flip
1580,5M_EMA_CONFIRMED_100_200,SHORT,2026-06-21T17:20,1727.21,2026-06-21T17:50,1729.59,6,0.5,2761.43,-3.82,-0.14,2757.61,Signal Flip
1581,5M_EMA_CONFIRMED_100_200,SHORT,2026-06-21T17:55,1727.06,2026-06-21T18:35,1734.14,8,0.67,2757.61,-11.31,-0.41,2746.3,Signal Flip
1582,5M_EMA_CONFIRMED_100_200,LONG,2026-06-21T20:10,1734.13,2026-06-21T20:20,1728.88,2,0.17,2746.3,-8.32,-0.3,2737.98,Signal Flip
1583,5M_EMA_CONFIRMED_100_200,LONG,2026-06-21T20:25,1731.56,2026-06-21T20:35,1727.34,2,0.17,2737.98,-6.67,-0.24,2731.31,Signal Flip
1584,5M_EMA_CONFIRMED_100_200,SHORT,2026-06-21T20:40,1726.53,2026-06-22T00:40,1729.29,48,4.0,2731.31,-4.38,-0.16,2726.93,Signal Flip
1585,5M_EMA_CONFIRMED_100_200,LONG,2026-06-22T02:35,1741.22,2026-06-22T14:45,1752.7,146,12.17,2726.93,17.98,0.66,2744.92,Signal Flip
1586,5M_EMA_CONFIRMED_100_200,LONG,2026-06-22T14:50,1758.42,2026-06-22T14:55,1752.86,1,0.08,2744.92,-8.67,-0.32,2736.25,Signal Flip
1587,5M_EMA_CONFIRMED_100_200,LONG,2026-06-22T15:05,1757.35,2026-06-22T15:10,1753.74,1,0.08,2736.25,-5.61,-0.21,2730.63,Signal Flip
1588,5M_EMA_CONFIRMED_100_200,LONG,2026-06-22T15:15,1756.47,2026-06-22T15:20,1751.4,1,0.08,2730.63,-7.87,-0.29,2722.76,Signal Flip
1589,5M_EMA_CONFIRMED_100_200,SHORT,2026-06-22T20:15,1735.8,2026-06-23T01:30,1734.61,63,5.25,2722.76,1.87,0.07,2724.63,Signal Flip
1590,5M_EMA_CONFIRMED_100_200,SHORT,2026-06-23T01:35,1730.94,2026-06-23T02:45,1733.24,14,1.17,2724.63,-3.61,-0.13,2721.03,Signal Flip
1591,5M_EMA_CONFIRMED_100_200,SHORT,2026-06-23T03:05,1727.77,2026-06-23T16:10,1671.17,157,13.08,2721.03,89.14,3.28,2810.16,Signal Flip
1592,5M_EMA_CONFIRMED_100_200,SHORT,2026-06-23T16:20,1664.01,2026-06-23T19:55,1664.34,43,3.58,2810.16,-0.56,-0.02,2809.6,Signal Flip
1593,5M_EMA_CONFIRMED_100_200,SHORT,2026-06-23T22:45,1662.68,2026-06-23T22:50,1664.74,1,0.08,2809.6,-3.49,-0.12,2806.11,Signal Flip
1594,5M_EMA_CONFIRMED_100_200,SHORT,2026-06-23T22:55,1662.82,2026-06-23T23:00,1665.5,1,0.08,2806.11,-4.53,-0.16,2801.58,Signal Flip
1595,5M_EMA_CONFIRMED_100_200,SHORT,2026-06-23T23:05,1661.88,2026-06-23T23:20,1664.6,3,0.25,2801.58,-4.59,-0.16,2796.99,Signal Flip
1596,5M_EMA_CONFIRMED_100_200,SHORT,2026-06-23T23:40,1661.33,2026-06-23T23:50,1668.25,2,0.17,2796.99,-11.66,-0.42,2785.33,Signal Flip
1597,5M_EMA_CONFIRMED_100_200,SHORT,2026-06-24T02:25,1664.48,2026-06-24T02:30,1668.63,1,0.08,2785.33,-6.96,-0.25,2778.38,Signal Flip
1598,5M_EMA_CONFIRMED_100_200,SHORT,2026-06-24T02:35,1665.71,2026-06-24T02:45,1668.59,2,0.17,2778.38,-4.82,-0.17,2773.56,Signal Flip
1599,5M_EMA_CONFIRMED_100_200,SHORT,2026-06-24T02:55,1663.24,2026-06-24T03:40,1668.98,9,0.75,2773.56,-9.58,-0.35,2763.98,Signal Flip
1600,5M_EMA_CONFIRMED_100_200,SHORT,2026-06-24T04:05,1664.09,2026-06-24T04:50,1670.79,9,0.75,2763.98,-11.14,-0.4,2752.84,Signal Flip
1601,5M_EMA_CONFIRMED_100_200,SHORT,2026-06-24T08:20,1668.76,2026-06-24T08:25,1671.76,1,0.08,2752.84,-4.95,-0.18,2747.89,Signal Flip
1602,5M_EMA_CONFIRMED_100_200,SHORT,2026-06-24T09:05,1669.31,2026-06-24T09:15,1671.64,2,0.17,2747.89,-3.82,-0.14,2744.07,Signal Flip
1603,5M_EMA_CONFIRMED_100_200,SHORT,2026-06-24T09:20,1668.52,2026-06-24T11:45,1670.67,29,2.42,2744.07,-3.55,-0.13,2740.52,Signal Flip
1604,5M_EMA_CONFIRMED_100_200,SHORT,2026-06-24T13:05,1664.14,2026-06-24T20:20,1614.64,87,7.25,2740.52,81.52,2.97,2822.04,Signal Flip
1605,5M_EMA_CONFIRMED_100_200,SHORT,2026-06-24T20:35,1608.66,2026-06-24T20:40,1613.23,1,0.08,2822.04,-8.02,-0.28,2814.02,Signal Flip
1606,5M_EMA_CONFIRMED_100_200,SHORT,2026-06-24T21:05,1609.1,2026-06-24T21:30,1612.58,5,0.42,2814.02,-6.09,-0.22,2807.93,Signal Flip
1607,5M_EMA_CONFIRMED_100_200,SHORT,2026-06-25T02:15,1615.51,2026-06-25T02:20,1620.43,1,0.08,2807.93,-8.55,-0.3,2799.38,Signal Flip
1608,5M_EMA_CONFIRMED_100_200,SHORT,2026-06-25T02:45,1615.47,2026-06-25T02:50,1619.2,1,0.08,2799.38,-6.46,-0.23,2792.92,Signal Flip
1609,5M_EMA_CONFIRMED_100_200,SHORT,2026-06-25T03:40,1615.88,2026-06-25T03:50,1618.99,2,0.17,2792.92,-5.37,-0.19,2787.55,Signal Flip
1610,5M_EMA_CONFIRMED_100_200,LONG,2026-06-25T06:40,1651.75,2026-06-25T10:35,1641.01,47,3.92,2787.55,-18.12,-0.65,2769.43,Signal Flip
1611,5M_EMA_CONFIRMED_100_200,LONG,2026-06-25T12:50,1639.51,2026-06-25T12:55,1636.04,1,0.08,2769.43,-5.86,-0.21,2763.58,Signal Flip
1612,5M_EMA_CONFIRMED_100_200,LONG,2026-06-25T13:15,1639.45,2026-06-25T13:20,1637.34,1,0.08,2763.58,-3.55,-0.13,2760.02,Signal Flip
1613,5M_EMA_CONFIRMED_100_200,SHORT,2026-06-25T13:55,1557.55,2026-06-25T21:55,1579.93,96,8.0,2760.02,-39.66,-1.44,2720.37,Signal Flip
1614,5M_EMA_CONFIRMED_100_200,SHORT,2026-06-25T22:15,1569.28,2026-06-25T23:20,1577.68,13,1.08,2720.37,-14.55,-0.53,2705.82,Signal Flip
1615,5M_EMA_CONFIRMED_100_200,SHORT,2026-06-25T23:45,1571.51,2026-06-26T04:00,1558.71,51,4.25,2705.82,22.05,0.81,2727.86,Signal Flip
1616,5M_EMA_CONFIRMED_100_200,SHORT,2026-06-26T04:05,1553.03,2026-06-26T05:30,1557.83,17,1.42,2727.86,-8.42,-0.31,2719.44,Signal Flip
1617,5M_EMA_CONFIRMED_100_200,SHORT,2026-06-26T05:45,1554.46,2026-06-26T05:55,1557.52,2,0.17,2719.44,-5.35,-0.2,2714.09,Signal Flip
1618,5M_EMA_CONFIRMED_100_200,SHORT,2026-06-26T06:00,1554.9,2026-06-26T06:25,1559.44,5,0.42,2714.09,-7.92,-0.29,2706.17,Signal Flip
1619,5M_EMA_CONFIRMED_100_200,SHORT,2026-06-26T09:05,1560.45,2026-06-26T09:45,1564.24,8,0.67,2706.17,-6.58,-0.24,2699.6,Signal Flip
1620,5M_EMA_CONFIRMED_100_200,SHORT,2026-06-26T09:50,1555.16,2026-06-26T13:55,1556.76,49,4.08,2699.6,-2.77,-0.1,2696.83,Signal Flip
1621,5M_EMA_CONFIRMED_100_200,LONG,2026-06-26T17:10,1585.7,2026-06-26T20:35,1570.81,41,3.42,2696.83,-25.32,-0.94,2671.51,Signal Flip
1622,5M_EMA_CONFIRMED_100_200,LONG,2026-06-26T21:15,1574.34,2026-06-26T22:05,1569.47,10,0.83,2671.51,-8.25,-0.31,2663.26,Signal Flip
1623,5M_EMA_CONFIRMED_100_200,LONG,2026-06-26T22:10,1573.76,2026-06-26T22:35,1571.81,5,0.42,2663.26,-3.29,-0.12,2659.97,Signal Flip
1624,5M_EMA_CONFIRMED_100_200,LONG,2026-06-26T22:40,1575.57,2026-06-27T00:35,1571.77,23,1.92,2659.97,-6.4,-0.24,2653.56,Signal Flip
1625,5M_EMA_CONFIRMED_100_200,LONG,2026-06-27T00:50,1577.79,2026-06-27T01:05,1573.45,3,0.25,2653.56,-7.29,-0.27,2646.27,Signal Flip
1626,5M_EMA_CONFIRMED_100_200,LONG,2026-06-27T01:15,1575.78,2026-06-27T05:05,1577.6,46,3.83,2646.27,3.06,0.12,2649.33,Signal Flip
1627,5M_EMA_CONFIRMED_100_200,LONG,2026-06-27T05:10,1581.14,2026-06-27T05:30,1576.64,4,0.33,2649.33,-7.54,-0.28,2641.8,Signal Flip
1628,5M_EMA_CONFIRMED_100_200,LONG,2026-06-27T05:35,1579.77,2026-06-27T05:55,1577.89,4,0.33,2641.8,-3.14,-0.12,2638.65,Signal Flip
1629,5M_EMA_CONFIRMED_100_200,LONG,2026-06-27T06:30,1579.72,2026-06-27T09:15,1580.01,33,2.75,2638.65,0.48,0.02,2639.14,Signal Flip
1630,5M_EMA_CONFIRMED_100_200,LONG,2026-06-27T09:35,1582.99,2026-06-27T11:20,1580.63,21,1.75,2639.14,-3.94,-0.15,2635.2,Signal Flip
1631,5M_EMA_CONFIRMED_100_200,LONG,2026-06-27T11:25,1582.86,2026-06-27T11:30,1579.78,1,0.08,2635.2,-5.13,-0.19,2630.07,Signal Flip
1632,5M_EMA_CONFIRMED_100_200,LONG,2026-06-27T11:50,1584.91,2026-06-27T12:40,1581.13,10,0.83,2630.07,-6.28,-0.24,2623.79,Signal Flip
1633,5M_EMA_CONFIRMED_100_200,LONG,2026-06-27T12:45,1583.61,2026-06-27T17:05,1588.62,52,4.33,2623.79,8.29,0.32,2632.08,Signal Flip
1634,5M_EMA_CONFIRMED_100_200,LONG,2026-06-27T17:10,1594.94,2026-06-27T17:50,1592.14,8,0.67,2632.08,-4.61,-0.18,2627.47,Signal Flip
1635,5M_EMA_CONFIRMED_100_200,LONG,2026-06-27T17:55,1594.83,2026-06-27T18:00,1590.62,1,0.08,2627.47,-6.92,-0.26,2620.55,Signal Flip
1636,5M_EMA_CONFIRMED_100_200,LONG,2026-06-27T18:10,1594.2,2026-06-27T18:15,1591.36,1,0.08,2620.55,-4.66,-0.18,2615.89,Signal Flip
1637,5M_EMA_CONFIRMED_100_200,LONG,2026-06-27T18:35,1594.01,2026-06-27T19:20,1589.61,9,0.75,2615.89,-7.21,-0.28,2608.69,Signal Flip
1638,5M_EMA_CONFIRMED_100_200,SHORT,2026-06-27T22:35,1576.29,2026-06-28T07:40,1575.73,109,9.08,2608.69,0.93,0.04,2609.62,Signal Flip
1639,5M_EMA_CONFIRMED_100_200,SHORT,2026-06-28T10:30,1573.0,2026-06-28T10:50,1577.12,4,0.33,2609.62,-6.83,-0.26,2602.79,Signal Flip
1640,5M_EMA_CONFIRMED_100_200,SHORT,2026-06-28T11:10,1575.36,2026-06-28T11:15,1577.25,1,0.08,2602.79,-3.12,-0.12,2599.68,Signal Flip
1641,5M_EMA_CONFIRMED_100_200,SHORT,2026-06-28T13:05,1575.07,2026-06-28T13:15,1581.07,2,0.17,2599.68,-9.9,-0.38,2589.78,Signal Flip
1642,5M_EMA_CONFIRMED_100_200,LONG,2026-06-28T13:35,1582.76,2026-06-28T15:10,1578.39,19,1.58,2589.78,-7.15,-0.28,2582.62,Signal Flip
1643,5M_EMA_CONFIRMED_100_200,LONG,2026-06-28T15:15,1584.4,2026-06-28T15:50,1578.65,7,0.58,2582.62,-9.38,-0.36,2573.25,Signal Flip
1644,5M_EMA_CONFIRMED_100_200,LONG,2026-06-28T16:00,1581.69,2026-06-28T16:10,1577.57,2,0.17,2573.25,-6.7,-0.26,2566.55,Signal Flip
1645,5M_EMA_CONFIRMED_100_200,SHORT,2026-06-28T17:05,1572.59,2026-06-28T20:25,1575.56,40,3.33,2566.55,-4.84,-0.19,2561.71,Signal Flip
1646,5M_EMA_CONFIRMED_100_200,SHORT,2026-06-28T20:35,1572.71,2026-06-28T20:50,1574.7,3,0.25,2561.71,-3.23,-0.13,2558.48,Signal Flip
1647,5M_EMA_CONFIRMED_100_200,SHORT,2026-06-28T20:55,1572.14,2026-06-28T22:05,1577.93,14,1.17,2558.48,-9.41,-0.37,2549.06,Signal Flip
1648,5M_EMA_CONFIRMED_100_200,SHORT,2026-06-28T22:15,1570.76,2026-06-28T23:35,1575.38,16,1.33,2549.06,-7.49,-0.29,2541.58,Signal Flip
1649,5M_EMA_CONFIRMED_100_200,SHORT,2026-06-29T00:05,1566.48,2026-06-29T01:00,1574.32,11,0.92,2541.58,-12.72,-0.5,2528.86,Signal Flip
1650,5M_EMA_CONFIRMED_100_200,SHORT,2026-06-29T01:05,1565.58,2026-06-29T01:40,1570.87,7,0.58,2528.86,-8.54,-0.34,2520.32,Signal Flip
1651,5M_EMA_CONFIRMED_100_200,SHORT,2026-06-29T02:00,1567.93,2026-06-29T02:30,1573.86,6,0.5,2520.32,-9.53,-0.38,2510.78,Signal Flip
1652,5M_EMA_CONFIRMED_100_200,LONG,2026-06-29T04:35,1581.39,2026-06-29T05:05,1568.94,6,0.5,2510.78,-19.78,-0.79,2491.01,Signal Flip
1653,5M_EMA_CONFIRMED_100_200,SHORT,2026-06-29T05:15,1566.15,2026-06-29T05:35,1574.43,4,0.33,2491.01,-13.17,-0.53,2477.84,Signal Flip
1654,5M_EMA_CONFIRMED_100_200,SHORT,2026-06-29T05:40,1571.83,2026-06-29T05:45,1578.82,1,0.08,2477.84,-11.01,-0.44,2466.83,Signal Flip
1655,5M_EMA_CONFIRMED_100_200,LONG,2026-06-29T05:55,1581.13,2026-06-29T08:25,1576.09,30,2.5,2466.83,-7.86,-0.32,2458.96,Signal Flip
1656,5M_EMA_CONFIRMED_100_200,LONG,2026-06-29T09:20,1577.89,2026-06-29T09:25,1573.41,1,0.08,2458.96,-6.97,-0.28,2451.99,Signal Flip
1657,5M_EMA_CONFIRMED_100_200,LONG,2026-06-29T09:30,1577.51,2026-06-29T09:40,1573.64,2,0.17,2451.99,-6.01,-0.25,2445.98,Signal Flip
1658,5M_EMA_CONFIRMED_100_200,LONG,2026-06-29T10:05,1579.92,2026-06-29T11:05,1576.07,12,1.0,2445.98,-5.96,-0.24,2440.02,Signal Flip
1659,5M_EMA_CONFIRMED_100_200,LONG,2026-06-29T12:05,1581.27,2026-06-29T12:40,1573.53,7,0.58,2440.02,-11.94,-0.49,2428.08,Signal Flip
1660,5M_EMA_CONFIRMED_100_200,LONG,2026-06-29T13:05,1582.62,2026-06-29T13:30,1574.45,5,0.42,2428.08,-12.53,-0.52,2415.55,Signal Flip
1661,5M_EMA_CONFIRMED_100_200,LONG,2026-06-29T13:35,1583.67,2026-06-29T13:40,1572.18,1,0.08,2415.55,-17.52,-0.73,2398.03,Signal Flip
1662,5M_EMA_CONFIRMED_100_200,SHORT,2026-06-29T15:05,1565.39,2026-06-29T15:40,1581.91,7,0.58,2398.03,-25.31,-1.06,2372.72,Signal Flip
1663,5M_EMA_CONFIRMED_100_200,LONG,2026-06-29T16:20,1580.75,2026-06-29T16:30,1574.14,2,0.17,2372.72,-9.92,-0.42,2362.8,Signal Flip
1664,5M_EMA_CONFIRMED_100_200,LONG,2026-06-29T16:35,1577.95,2026-06-29T23:25,1608.64,82,6.83,2362.8,45.95,1.94,2408.75,Signal Flip
1665,5M_EMA_CONFIRMED_100_200,LONG,2026-06-29T23:35,1611.5,2026-06-30T00:20,1608.98,9,0.75,2408.75,-3.77,-0.16,2404.98,Signal Flip
1666,5M_EMA_CONFIRMED_100_200,SHORT,2026-06-30T05:30,1585.0,2026-06-30T17:05,1574.31,139,11.58,2404.98,16.22,0.67,2421.2,Signal Flip
1667,5M_EMA_CONFIRMED_100_200,SHORT,2026-06-30T17:15,1569.58,2026-06-30T18:10,1573.91,11,0.92,2421.2,-6.67,-0.28,2414.54,Signal Flip
1668,5M_EMA_CONFIRMED_100_200,SHORT,2026-06-30T20:45,1573.49,2026-06-30T20:50,1577.32,1,0.08,2414.54,-5.87,-0.24,2408.67,Signal Flip
1669,5M_EMA_CONFIRMED_100_200,SHORT,2026-06-30T21:10,1573.18,2026-06-30T22:20,1575.44,14,1.17,2408.67,-3.45,-0.14,2405.21,Signal Flip
1670,5M_EMA_CONFIRMED_100_200,SHORT,2026-06-30T22:25,1571.75,2026-06-30T23:55,1572.8,18,1.5,2405.21,-1.59,-0.07,2403.62,End of Period Settlement
