trade_id,strategy,direction,entry_time,entry_price,exit_time,exit_price,duration_bars,duration_hours,invested_usd,realized_pnl_usd,realized_pnl_pct,portfolio_after,exit_reason
1,5M_EMA_CONFIRMED_50_200,LONG,2026-01-01T17:15,2987.05,2026-01-01T18:30,2985.12,15,1.25,10000.0,-6.48,-0.06,9993.52,Signal Flip
2,5M_EMA_CONFIRMED_50_200,LONG,2026-01-01T18:35,2989.1,2026-01-01T19:15,2986.04,8,0.67,9993.52,-10.26,-0.1,9983.26,Signal Flip
3,5M_EMA_CONFIRMED_50_200,LONG,2026-01-01T19:20,2989.41,2026-01-01T20:45,2987.58,17,1.42,9983.26,-6.14,-0.06,9977.12,Signal Flip
4,5M_EMA_CONFIRMED_50_200,LONG,2026-01-01T21:10,2992.7,2026-01-01T21:35,2987.94,5,0.42,9977.12,-15.87,-0.16,9961.25,Signal Flip
5,5M_EMA_CONFIRMED_50_200,LONG,2026-01-01T22:05,2992.87,2026-01-02T02:10,2996.69,49,4.08,9961.25,12.73,0.13,9973.98,Signal Flip
6,5M_EMA_CONFIRMED_50_200,LONG,2026-01-02T02:50,3002.2,2026-01-02T05:30,3008.68,32,2.67,9973.98,21.54,0.22,9995.53,Signal Flip
7,5M_EMA_CONFIRMED_50_200,LONG,2026-01-02T05:35,3012.48,2026-01-02T07:45,3017.51,26,2.17,9995.53,16.71,0.17,10012.23,Signal Flip
8,5M_EMA_CONFIRMED_50_200,LONG,2026-01-02T08:10,3026.4,2026-01-02T14:15,3040.21,73,6.08,10012.23,45.68,0.46,10057.91,Signal Flip
9,5M_EMA_CONFIRMED_50_200,LONG,2026-01-02T14:40,3049.5,2026-01-02T18:55,3102.97,51,4.25,10057.91,176.33,1.75,10234.25,Signal Flip
10,5M_EMA_CONFIRMED_50_200,LONG,2026-01-02T19:00,3112.12,2026-01-02T20:55,3112.71,23,1.92,10234.25,1.97,0.02,10236.21,Signal Flip
11,5M_EMA_CONFIRMED_50_200,LONG,2026-01-02T21:00,3119.55,2026-01-02T23:25,3124.45,29,2.42,10236.21,16.07,0.16,10252.28,Signal Flip
12,5M_EMA_CONFIRMED_50_200,LONG,2026-01-02T23:40,3127.78,2026-01-02T23:50,3121.63,2,0.17,10252.28,-20.17,-0.2,10232.11,Signal Flip
13,5M_EMA_CONFIRMED_50_200,LONG,2026-01-03T00:05,3130.4,2026-01-03T00:20,3122.46,3,0.25,10232.11,-25.97,-0.25,10206.13,Signal Flip
14,5M_EMA_CONFIRMED_50_200,LONG,2026-01-03T00:25,3132.17,2026-01-03T01:20,3124.1,11,0.92,10206.13,-26.29,-0.26,10179.84,Signal Flip
15,5M_EMA_CONFIRMED_50_200,LONG,2026-01-03T01:40,3130.17,2026-01-03T02:05,3123.66,5,0.42,10179.84,-21.19,-0.21,10158.65,Signal Flip
16,5M_EMA_CONFIRMED_50_200,LONG,2026-01-03T02:50,3130.05,2026-01-03T02:55,3124.97,1,0.08,10158.65,-16.51,-0.16,10142.14,Signal Flip
17,5M_EMA_CONFIRMED_50_200,LONG,2026-01-03T03:55,3127.96,2026-01-03T04:00,3124.0,1,0.08,10142.14,-12.86,-0.13,10129.28,Signal Flip
18,5M_EMA_CONFIRMED_50_200,SHORT,2026-01-03T08:10,3089.35,2026-01-03T09:35,3110.13,17,1.42,10129.28,-68.13,-0.67,10061.15,Signal Flip
19,5M_EMA_CONFIRMED_50_200,SHORT,2026-01-03T10:00,3099.35,2026-01-03T10:35,3103.34,7,0.58,10061.15,-12.96,-0.13,10048.19,Signal Flip
20,5M_EMA_CONFIRMED_50_200,SHORT,2026-01-03T10:50,3099.68,2026-01-03T10:55,3103.38,1,0.08,10048.19,-12.0,-0.12,10036.19,Signal Flip
21,5M_EMA_CONFIRMED_50_200,SHORT,2026-01-03T11:00,3095.76,2026-01-03T12:25,3100.89,17,1.42,10036.19,-16.63,-0.17,10019.57,Signal Flip
22,5M_EMA_CONFIRMED_50_200,SHORT,2026-01-03T12:35,3097.02,2026-01-03T12:45,3101.89,2,0.17,10019.57,-15.75,-0.16,10003.81,Signal Flip
23,5M_EMA_CONFIRMED_50_200,LONG,2026-01-03T14:40,3112.88,2026-01-03T15:05,3101.08,5,0.42,10003.81,-37.91,-0.38,9965.9,Signal Flip
24,5M_EMA_CONFIRMED_50_200,LONG,2026-01-03T15:25,3105.25,2026-01-03T16:00,3099.77,7,0.58,9965.9,-17.6,-0.18,9948.31,Signal Flip
25,5M_EMA_CONFIRMED_50_200,LONG,2026-01-03T16:20,3107.05,2026-01-03T16:25,3099.9,1,0.08,9948.31,-22.9,-0.23,9925.4,Signal Flip
26,5M_EMA_CONFIRMED_50_200,LONG,2026-01-03T16:35,3109.11,2026-01-03T20:10,3106.33,43,3.58,9925.4,-8.9,-0.09,9916.5,Signal Flip
27,5M_EMA_CONFIRMED_50_200,LONG,2026-01-03T20:30,3112.01,2026-01-03T22:15,3112.37,21,1.75,9916.5,1.17,0.01,9917.67,Signal Flip
28,5M_EMA_CONFIRMED_50_200,LONG,2026-01-03T22:20,3121.1,2026-01-04T02:50,3138.6,54,4.5,9917.67,55.61,0.56,9973.28,Signal Flip
29,5M_EMA_CONFIRMED_50_200,LONG,2026-01-04T03:00,3142.69,2026-01-04T06:35,3146.09,43,3.58,9973.28,10.78,0.11,9984.06,Signal Flip
30,5M_EMA_CONFIRMED_50_200,LONG,2026-01-04T09:20,3145.42,2026-01-04T09:25,3134.19,1,0.08,9984.06,-35.65,-0.36,9948.41,Signal Flip
31,5M_EMA_CONFIRMED_50_200,LONG,2026-01-04T09:40,3143.94,2026-01-04T11:05,3140.32,17,1.42,9948.41,-11.46,-0.12,9936.95,Signal Flip
32,5M_EMA_CONFIRMED_50_200,LONG,2026-01-04T12:30,3146.12,2026-01-04T12:40,3137.87,2,0.17,9936.95,-26.06,-0.26,9910.89,Signal Flip
33,5M_EMA_CONFIRMED_50_200,LONG,2026-01-04T13:35,3141.52,2026-01-04T13:40,3134.59,1,0.08,9910.89,-21.86,-0.22,9889.03,Signal Flip
34,5M_EMA_CONFIRMED_50_200,LONG,2026-01-04T13:55,3141.65,2026-01-04T14:05,3136.7,2,0.17,9889.03,-15.58,-0.16,9873.45,Signal Flip
35,5M_EMA_CONFIRMED_50_200,LONG,2026-01-04T14:10,3142.5,2026-01-04T14:20,3136.93,2,0.17,9873.45,-17.5,-0.18,9855.95,Signal Flip
36,5M_EMA_CONFIRMED_50_200,LONG,2026-01-04T15:15,3140.54,2026-01-04T15:20,3135.75,1,0.08,9855.95,-15.03,-0.15,9840.93,Signal Flip
37,5M_EMA_CONFIRMED_50_200,LONG,2026-01-04T16:35,3140.58,2026-01-04T16:45,3134.54,2,0.17,9840.93,-18.92,-0.19,9822.01,Signal Flip
38,5M_EMA_CONFIRMED_50_200,LONG,2026-01-04T16:50,3139.06,2026-01-04T17:15,3135.24,5,0.42,9822.01,-11.94,-0.12,9810.06,Signal Flip
39,5M_EMA_CONFIRMED_50_200,LONG,2026-01-04T17:25,3140.66,2026-01-04T18:00,3135.92,7,0.58,9810.06,-14.8,-0.15,9795.26,Signal Flip
40,5M_EMA_CONFIRMED_50_200,SHORT,2026-01-04T18:30,3128.5,2026-01-04T20:10,3137.18,20,1.67,9795.26,-27.15,-0.28,9768.11,Signal Flip
41,5M_EMA_CONFIRMED_50_200,LONG,2026-01-04T21:10,3146.07,2026-01-04T21:50,3136.41,8,0.67,9768.11,-30.0,-0.31,9738.11,Signal Flip
42,5M_EMA_CONFIRMED_50_200,LONG,2026-01-04T21:55,3145.46,2026-01-04T22:35,3138.12,8,0.67,9738.11,-22.73,-0.23,9715.38,Signal Flip
43,5M_EMA_CONFIRMED_50_200,LONG,2026-01-04T22:50,3141.21,2026-01-04T22:55,3136.12,1,0.08,9715.38,-15.74,-0.16,9699.64,Signal Flip
44,5M_EMA_CONFIRMED_50_200,LONG,2026-01-04T23:05,3151.43,2026-01-04T23:15,3137.87,2,0.17,9699.64,-41.75,-0.43,9657.89,Signal Flip
45,5M_EMA_CONFIRMED_50_200,LONG,2026-01-04T23:20,3143.54,2026-01-04T23:45,3137.38,5,0.42,9657.89,-18.93,-0.2,9638.97,Signal Flip
46,5M_EMA_CONFIRMED_50_200,LONG,2026-01-04T23:55,3142.6,2026-01-05T04:15,3172.88,52,4.33,9638.97,92.88,0.96,9731.85,Signal Flip
47,5M_EMA_CONFIRMED_50_200,LONG,2026-01-05T08:10,3163.54,2026-01-05T08:40,3159.08,6,0.5,9731.85,-13.72,-0.14,9718.12,Signal Flip
48,5M_EMA_CONFIRMED_50_200,LONG,2026-01-05T08:50,3165.07,2026-01-05T09:05,3158.72,3,0.25,9718.12,-19.5,-0.2,9698.62,Signal Flip
49,5M_EMA_CONFIRMED_50_200,LONG,2026-01-05T09:25,3164.28,2026-01-05T12:40,3167.76,39,3.25,9698.62,10.65,0.11,9709.27,Signal Flip
50,5M_EMA_CONFIRMED_50_200,LONG,2026-01-05T14:45,3171.05,2026-01-05T14:50,3156.14,1,0.08,9709.27,-45.66,-0.47,9663.61,Signal Flip
51,5M_EMA_CONFIRMED_50_200,LONG,2026-01-05T14:55,3170.28,2026-01-05T15:10,3158.41,3,0.25,9663.61,-36.2,-0.37,9627.41,Signal Flip
52,5M_EMA_CONFIRMED_50_200,LONG,2026-01-05T15:20,3172.29,2026-01-05T15:25,3158.77,1,0.08,9627.41,-41.02,-0.43,9586.39,Signal Flip
53,5M_EMA_CONFIRMED_50_200,LONG,2026-01-05T15:30,3166.37,2026-01-05T17:25,3163.58,23,1.92,9586.39,-8.46,-0.09,9577.93,Signal Flip
54,5M_EMA_CONFIRMED_50_200,LONG,2026-01-05T17:40,3182.45,2026-01-05T23:20,3228.74,68,5.67,9577.93,139.33,1.45,9717.26,Signal Flip
55,5M_EMA_CONFIRMED_50_200,LONG,2026-01-05T23:50,3233.63,2026-01-05T23:55,3225.95,1,0.08,9717.26,-23.08,-0.24,9694.18,Signal Flip
56,5M_EMA_CONFIRMED_50_200,LONG,2026-01-06T01:20,3230.56,2026-01-06T01:50,3222.61,6,0.5,9694.18,-23.88,-0.25,9670.31,Signal Flip
57,5M_EMA_CONFIRMED_50_200,LONG,2026-01-06T03:30,3225.89,2026-01-06T04:55,3222.07,17,1.42,9670.31,-11.46,-0.12,9658.84,Signal Flip
58,5M_EMA_CONFIRMED_50_200,LONG,2026-01-06T05:05,3226.8,2026-01-06T05:10,3221.7,1,0.08,9658.84,-15.28,-0.16,9643.56,Signal Flip
59,5M_EMA_CONFIRMED_50_200,LONG,2026-01-06T05:15,3226.97,2026-01-06T05:25,3222.32,2,0.17,9643.56,-13.91,-0.14,9629.65,Signal Flip
60,5M_EMA_CONFIRMED_50_200,LONG,2026-01-06T06:05,3225.18,2026-01-06T06:10,3217.85,1,0.08,9629.65,-21.89,-0.23,9607.76,Signal Flip
61,5M_EMA_CONFIRMED_50_200,LONG,2026-01-06T06:15,3225.44,2026-01-06T06:20,3217.08,1,0.08,9607.76,-24.91,-0.26,9582.86,Signal Flip
62,5M_EMA_CONFIRMED_50_200,LONG,2026-01-06T06:30,3226.14,2026-01-06T07:25,3223.04,11,0.92,9582.86,-9.22,-0.1,9573.64,Signal Flip
63,5M_EMA_CONFIRMED_50_200,LONG,2026-01-06T08:10,3228.33,2026-01-06T08:15,3219.97,1,0.08,9573.64,-24.8,-0.26,9548.83,Signal Flip
64,5M_EMA_CONFIRMED_50_200,LONG,2026-01-06T09:20,3229.51,2026-01-06T09:35,3219.7,3,0.25,9548.83,-29.02,-0.3,9519.81,Signal Flip
65,5M_EMA_CONFIRMED_50_200,LONG,2026-01-06T09:55,3226.9,2026-01-06T10:00,3221.39,1,0.08,9519.81,-16.27,-0.17,9503.55,Signal Flip
66,5M_EMA_CONFIRMED_50_200,LONG,2026-01-06T10:05,3227.92,2026-01-06T13:05,3231.98,36,3.0,9503.55,11.95,0.13,9515.5,Signal Flip
67,5M_EMA_CONFIRMED_50_200,LONG,2026-01-06T13:10,3237.92,2026-01-06T13:20,3231.49,2,0.17,9515.5,-18.88,-0.2,9496.62,Signal Flip
68,5M_EMA_CONFIRMED_50_200,LONG,2026-01-06T13:25,3237.8,2026-01-06T13:40,3231.81,3,0.25,9496.62,-17.55,-0.18,9479.06,Signal Flip
69,5M_EMA_CONFIRMED_50_200,LONG,2026-01-06T13:45,3237.06,2026-01-06T13:50,3230.96,1,0.08,9479.06,-17.85,-0.19,9461.22,Signal Flip
70,5M_EMA_CONFIRMED_50_200,LONG,2026-01-06T13:55,3236.41,2026-01-06T16:25,3262.75,30,2.5,9461.22,77.0,0.81,9538.22,Signal Flip
71,5M_EMA_CONFIRMED_50_200,SHORT,2026-01-06T19:40,3223.44,2026-01-06T20:05,3235.27,5,0.42,9538.22,-35.0,-0.37,9503.22,Signal Flip
72,5M_EMA_CONFIRMED_50_200,LONG,2026-01-06T20:40,3249.48,2026-01-07T00:45,3272.58,49,4.08,9503.22,67.55,0.71,9570.77,Signal Flip
73,5M_EMA_CONFIRMED_50_200,LONG,2026-01-07T02:40,3264.35,2026-01-07T03:50,3263.52,14,1.17,9570.77,-2.45,-0.03,9568.33,Signal Flip
74,5M_EMA_CONFIRMED_50_200,LONG,2026-01-07T03:55,3269.25,2026-01-07T04:15,3263.32,4,0.33,9568.33,-17.37,-0.18,9550.95,Signal Flip
75,5M_EMA_CONFIRMED_50_200,LONG,2026-01-07T07:15,3259.39,2026-01-07T07:45,3254.19,6,0.5,9550.95,-15.23,-0.16,9535.72,Signal Flip
76,5M_EMA_CONFIRMED_50_200,LONG,2026-01-07T08:10,3263.07,2026-01-07T08:25,3255.18,3,0.25,9535.72,-23.05,-0.24,9512.67,Signal Flip
77,5M_EMA_CONFIRMED_50_200,LONG,2026-01-07T08:55,3258.97,2026-01-07T09:00,3252.82,1,0.08,9512.67,-17.94,-0.19,9494.73,Signal Flip
78,5M_EMA_CONFIRMED_50_200,SHORT,2026-01-07T09:15,3233.13,2026-01-07T13:30,3225.16,51,4.25,9494.73,23.41,0.25,9518.14,Signal Flip
79,5M_EMA_CONFIRMED_50_200,SHORT,2026-01-07T13:35,3217.76,2026-01-07T21:45,3152.45,98,8.17,9518.14,193.2,2.03,9711.34,Signal Flip
80,5M_EMA_CONFIRMED_50_200,SHORT,2026-01-07T21:55,3147.33,2026-01-07T22:00,3151.69,1,0.08,9711.34,-13.45,-0.14,9697.89,Signal Flip
81,5M_EMA_CONFIRMED_50_200,SHORT,2026-01-07T22:05,3145.11,2026-01-07T22:10,3153.94,1,0.08,9697.89,-27.23,-0.28,9670.66,Signal Flip
82,5M_EMA_CONFIRMED_50_200,SHORT,2026-01-07T22:15,3142.4,2026-01-07T22:25,3155.09,2,0.17,9670.66,-39.05,-0.4,9631.61,Signal Flip
83,5M_EMA_CONFIRMED_50_200,SHORT,2026-01-07T23:05,3142.46,2026-01-07T23:15,3156.85,2,0.17,9631.61,-44.1,-0.46,9587.51,Signal Flip
84,5M_EMA_CONFIRMED_50_200,SHORT,2026-01-08T02:25,3162.87,2026-01-08T02:30,3171.03,1,0.08,9587.51,-24.76,-0.26,9562.75,Signal Flip
85,5M_EMA_CONFIRMED_50_200,SHORT,2026-01-08T02:35,3164.11,2026-01-08T05:05,3161.58,30,2.5,9562.75,7.64,0.08,9570.39,Signal Flip
86,5M_EMA_CONFIRMED_50_200,SHORT,2026-01-08T05:15,3155.07,2026-01-08T05:20,3158.77,1,0.08,9570.39,-11.21,-0.12,9559.18,Signal Flip
87,5M_EMA_CONFIRMED_50_200,SHORT,2026-01-08T05:30,3152.46,2026-01-08T05:40,3158.38,2,0.17,9559.18,-17.94,-0.19,9541.24,Signal Flip
88,5M_EMA_CONFIRMED_50_200,SHORT,2026-01-08T05:45,3147.54,2026-01-08T08:30,3135.37,33,2.75,9541.24,36.89,0.39,9578.13,Signal Flip
89,5M_EMA_CONFIRMED_50_200,SHORT,2026-01-08T08:35,3125.99,2026-01-08T10:55,3128.46,28,2.33,9578.13,-7.59,-0.08,9570.54,Signal Flip
90,5M_EMA_CONFIRMED_50_200,SHORT,2026-01-08T11:25,3120.41,2026-01-08T15:25,3104.57,48,4.0,9570.54,48.57,0.51,9619.11,Signal Flip
91,5M_EMA_CONFIRMED_50_200,SHORT,2026-01-08T15:50,3092.09,2026-01-08T16:00,3105.74,2,0.17,9619.11,-42.46,-0.44,9576.65,Signal Flip
92,5M_EMA_CONFIRMED_50_200,SHORT,2026-01-08T16:20,3094.19,2026-01-08T16:25,3100.91,1,0.08,9576.65,-20.79,-0.22,9555.86,Signal Flip
93,5M_EMA_CONFIRMED_50_200,SHORT,2026-01-08T19:45,3114.69,2026-01-08T19:50,3119.43,1,0.08,9555.86,-14.53,-0.15,9541.33,Signal Flip
94,5M_EMA_CONFIRMED_50_200,SHORT,2026-01-08T19:55,3113.94,2026-01-08T21:05,3113.42,14,1.17,9541.33,1.61,0.02,9542.94,Signal Flip
95,5M_EMA_CONFIRMED_50_200,SHORT,2026-01-08T21:20,3108.24,2026-01-08T21:35,3113.83,3,0.25,9542.94,-17.17,-0.18,9525.77,Signal Flip
96,5M_EMA_CONFIRMED_50_200,SHORT,2026-01-08T22:40,3108.13,2026-01-08T22:50,3117.41,2,0.17,9525.77,-28.45,-0.3,9497.32,Signal Flip
97,5M_EMA_CONFIRMED_50_200,SHORT,2026-01-08T23:35,3109.75,2026-01-09T00:45,3114.88,14,1.17,9497.32,-15.64,-0.16,9481.68,Signal Flip
98,5M_EMA_CONFIRMED_50_200,SHORT,2026-01-09T01:20,3111.93,2026-01-09T01:30,3140.95,2,0.17,9481.68,-88.41,-0.93,9393.27,Signal Flip
99,5M_EMA_CONFIRMED_50_200,SHORT,2026-01-09T01:35,3107.31,2026-01-09T02:10,3123.62,7,0.58,9393.27,-49.32,-0.53,9343.95,Signal Flip
100,5M_EMA_CONFIRMED_50_200,SHORT,2026-01-09T02:50,3109.7,2026-01-09T03:10,3116.45,4,0.33,9343.95,-20.26,-0.22,9323.69,Signal Flip
101,5M_EMA_CONFIRMED_50_200,SHORT,2026-01-09T03:25,3107.48,2026-01-09T03:40,3117.91,3,0.25,9323.69,-31.3,-0.34,9292.39,Signal Flip
102,5M_EMA_CONFIRMED_50_200,SHORT,2026-01-09T04:40,3113.2,2026-01-09T04:50,3117.9,2,0.17,9292.39,-14.02,-0.15,9278.37,Signal Flip
103,5M_EMA_CONFIRMED_50_200,SHORT,2026-01-09T05:20,3113.8,2026-01-09T05:25,3118.25,1,0.08,9278.37,-13.25,-0.14,9265.12,Signal Flip
104,5M_EMA_CONFIRMED_50_200,SHORT,2026-01-09T05:40,3114.09,2026-01-09T05:55,3118.24,3,0.25,9265.12,-12.34,-0.13,9252.79,Signal Flip
105,5M_EMA_CONFIRMED_50_200,LONG,2026-01-09T06:35,3124.65,2026-01-09T07:20,3116.37,9,0.75,9252.79,-24.52,-0.27,9228.27,Signal Flip
106,5M_EMA_CONFIRMED_50_200,LONG,2026-01-09T07:25,3120.26,2026-01-09T07:35,3113.45,2,0.17,9228.27,-20.13,-0.22,9208.13,Signal Flip
107,5M_EMA_CONFIRMED_50_200,SHORT,2026-01-09T08:10,3106.23,2026-01-09T11:20,3104.82,38,3.17,9208.13,4.16,0.05,9212.3,Signal Flip
108,5M_EMA_CONFIRMED_50_200,SHORT,2026-01-09T11:25,3099.17,2026-01-09T11:35,3103.74,2,0.17,9212.3,-13.59,-0.15,9198.71,Signal Flip
109,5M_EMA_CONFIRMED_50_200,SHORT,2026-01-09T11:40,3095.97,2026-01-09T13:20,3096.49,20,1.67,9198.71,-1.53,-0.02,9197.18,Signal Flip
110,5M_EMA_CONFIRMED_50_200,SHORT,2026-01-09T13:50,3089.42,2026-01-09T13:55,3102.23,1,0.08,9197.18,-38.12,-0.41,9159.05,Signal Flip
111,5M_EMA_CONFIRMED_50_200,SHORT,2026-01-09T14:10,3085.31,2026-01-09T14:30,3096.95,4,0.33,9159.05,-34.56,-0.38,9124.5,Signal Flip
112,5M_EMA_CONFIRMED_50_200,SHORT,2026-01-09T14:35,3077.37,2026-01-09T15:25,3110.64,10,0.83,9124.5,-98.66,-1.08,9025.84,Signal Flip
113,5M_EMA_CONFIRMED_50_200,LONG,2026-01-09T16:45,3128.11,2026-01-09T17:20,3107.41,7,0.58,9025.84,-59.75,-0.66,8966.09,Signal Flip
114,5M_EMA_CONFIRMED_50_200,LONG,2026-01-09T17:25,3118.87,2026-01-09T17:35,3107.75,2,0.17,8966.09,-31.98,-0.36,8934.11,Signal Flip
115,5M_EMA_CONFIRMED_50_200,LONG,2026-01-09T17:50,3119.35,2026-01-09T18:15,3106.73,5,0.42,8934.11,-36.15,-0.4,8897.96,Signal Flip
116,5M_EMA_CONFIRMED_50_200,SHORT,2026-01-09T19:00,3093.41,2026-01-09T22:10,3090.04,38,3.17,8897.96,9.69,0.11,8907.64,Signal Flip
117,5M_EMA_CONFIRMED_50_200,SHORT,2026-01-09T22:15,3078.39,2026-01-09T23:05,3090.85,10,0.83,8907.64,-36.07,-0.4,8871.58,Signal Flip
118,5M_EMA_CONFIRMED_50_200,SHORT,2026-01-10T00:15,3083.24,2026-01-10T00:30,3089.4,3,0.25,8871.58,-17.74,-0.2,8853.83,Signal Flip
119,5M_EMA_CONFIRMED_50_200,SHORT,2026-01-10T00:40,3085.81,2026-01-10T01:15,3089.46,7,0.58,8853.83,-10.49,-0.12,8843.34,Signal Flip
120,5M_EMA_CONFIRMED_50_200,SHORT,2026-01-10T02:35,3086.84,2026-01-10T03:00,3089.61,5,0.42,8843.34,-7.96,-0.09,8835.38,Signal Flip
121,5M_EMA_CONFIRMED_50_200,SHORT,2026-01-10T03:05,3083.99,2026-01-10T03:30,3088.91,5,0.42,8835.38,-14.11,-0.16,8821.27,Signal Flip
122,5M_EMA_CONFIRMED_50_200,SHORT,2026-01-10T03:35,3083.74,2026-01-10T03:50,3088.64,3,0.25,8821.27,-14.03,-0.16,8807.23,Signal Flip
123,5M_EMA_CONFIRMED_50_200,SHORT,2026-01-10T04:00,3084.97,2026-01-10T05:40,3087.83,20,1.67,8807.23,-8.18,-0.09,8799.05,Signal Flip
124,5M_EMA_CONFIRMED_50_200,SHORT,2026-01-10T06:20,3082.46,2026-01-10T06:30,3088.43,2,0.17,8799.05,-17.06,-0.19,8781.99,Signal Flip
125,5M_EMA_CONFIRMED_50_200,SHORT,2026-01-10T08:35,3086.38,2026-01-10T08:40,3090.51,1,0.08,8781.99,-11.78,-0.13,8770.22,Signal Flip
126,5M_EMA_CONFIRMED_50_200,LONG,2026-01-10T10:15,3098.87,2026-01-10T13:55,3093.69,44,3.67,8770.22,-14.65,-0.17,8755.57,Signal Flip
127,5M_EMA_CONFIRMED_50_200,LONG,2026-01-10T15:40,3097.33,2026-01-10T16:15,3092.84,7,0.58,8755.57,-12.68,-0.14,8742.89,Signal Flip
128,5M_EMA_CONFIRMED_50_200,LONG,2026-01-10T16:35,3096.82,2026-01-10T17:50,3094.1,15,1.25,8742.89,-7.67,-0.09,8735.22,Signal Flip
129,5M_EMA_CONFIRMED_50_200,SHORT,2026-01-10T20:00,3090.58,2026-01-10T23:35,3089.63,43,3.58,8735.22,2.68,0.03,8737.91,Signal Flip
130,5M_EMA_CONFIRMED_50_200,SHORT,2026-01-10T23:40,3084.72,2026-01-10T23:45,3089.48,1,0.08,8737.91,-13.5,-0.15,8724.4,Signal Flip
131,5M_EMA_CONFIRMED_50_200,SHORT,2026-01-11T00:00,3085.18,2026-01-11T00:15,3089.66,3,0.25,8724.4,-12.69,-0.15,8711.71,Signal Flip
132,5M_EMA_CONFIRMED_50_200,SHORT,2026-01-11T00:20,3085.73,2026-01-11T00:25,3092.7,1,0.08,8711.71,-19.68,-0.23,8692.04,Signal Flip
133,5M_EMA_CONFIRMED_50_200,LONG,2026-01-11T02:50,3096.39,2026-01-11T06:20,3091.48,42,3.5,8692.04,-13.77,-0.16,8678.27,Signal Flip
134,5M_EMA_CONFIRMED_50_200,LONG,2026-01-11T06:55,3098.54,2026-01-11T07:15,3093.85,4,0.33,8678.27,-13.12,-0.15,8665.15,Signal Flip
135,5M_EMA_CONFIRMED_50_200,LONG,2026-01-11T07:25,3098.1,2026-01-11T07:30,3093.21,1,0.08,8665.15,-13.66,-0.16,8651.48,Signal Flip
136,5M_EMA_CONFIRMED_50_200,LONG,2026-01-11T08:20,3098.55,2026-01-11T13:45,3105.45,65,5.42,8651.48,19.26,0.22,8670.74,Signal Flip
137,5M_EMA_CONFIRMED_50_200,LONG,2026-01-11T13:50,3111.93,2026-01-11T15:50,3111.41,24,2.0,8670.74,-1.43,-0.02,8669.32,Signal Flip
138,5M_EMA_CONFIRMED_50_200,LONG,2026-01-11T15:55,3116.61,2026-01-11T18:10,3120.61,27,2.25,8669.32,11.13,0.13,8680.45,Signal Flip
139,5M_EMA_CONFIRMED_50_200,LONG,2026-01-11T18:20,3125.54,2026-01-11T18:40,3120.63,4,0.33,8680.45,-13.64,-0.16,8666.8,Signal Flip
140,5M_EMA_CONFIRMED_50_200,LONG,2026-01-11T18:45,3124.99,2026-01-11T19:40,3122.92,11,0.92,8666.8,-5.75,-0.07,8661.05,Signal Flip
141,5M_EMA_CONFIRMED_50_200,LONG,2026-01-11T21:50,3120.61,2026-01-11T22:05,3110.34,3,0.25,8661.05,-28.49,-0.33,8632.56,Signal Flip
142,5M_EMA_CONFIRMED_50_200,LONG,2026-01-11T23:20,3126.11,2026-01-11T23:25,3113.19,1,0.08,8632.56,-35.68,-0.41,8596.88,Signal Flip
143,5M_EMA_CONFIRMED_50_200,LONG,2026-01-11T23:45,3122.46,2026-01-12T00:10,3108.92,5,0.42,8596.88,-37.27,-0.43,8559.61,Signal Flip
144,5M_EMA_CONFIRMED_50_200,LONG,2026-01-12T00:15,3117.19,2026-01-12T00:35,3114.1,4,0.33,8559.61,-8.47,-0.1,8551.14,Signal Flip
145,5M_EMA_CONFIRMED_50_200,LONG,2026-01-12T01:00,3121.46,2026-01-12T01:35,3116.61,7,0.58,8551.14,-13.28,-0.16,8537.86,Signal Flip
146,5M_EMA_CONFIRMED_50_200,LONG,2026-01-12T01:40,3123.47,2026-01-12T06:40,3152.18,60,5.0,8537.86,78.48,0.92,8616.34,Signal Flip
147,5M_EMA_CONFIRMED_50_200,LONG,2026-01-12T06:45,3159.96,2026-01-12T06:55,3152.16,2,0.17,8616.34,-21.26,-0.25,8595.08,Signal Flip
148,5M_EMA_CONFIRMED_50_200,LONG,2026-01-12T07:00,3156.38,2026-01-12T07:20,3151.74,4,0.33,8595.08,-12.62,-0.15,8582.46,Signal Flip
149,5M_EMA_CONFIRMED_50_200,LONG,2026-01-12T07:25,3157.2,2026-01-12T07:35,3148.67,2,0.17,8582.46,-23.17,-0.27,8559.3,Signal Flip
150,5M_EMA_CONFIRMED_50_200,SHORT,2026-01-12T10:10,3114.26,2026-01-12T12:25,3123.8,27,2.25,8559.3,-26.22,-0.31,8533.08,Signal Flip
151,5M_EMA_CONFIRMED_50_200,SHORT,2026-01-12T12:30,3117.84,2026-01-12T14:40,3114.36,26,2.17,8533.08,9.53,0.11,8542.61,Signal Flip
152,5M_EMA_CONFIRMED_50_200,SHORT,2026-01-12T14:45,3100.41,2026-01-12T15:20,3110.73,7,0.58,8542.61,-28.45,-0.33,8514.16,Signal Flip
153,5M_EMA_CONFIRMED_50_200,SHORT,2026-01-12T17:25,3118.94,2026-01-12T18:25,3117.59,12,1.0,8514.16,3.69,0.04,8517.85,Signal Flip
154,5M_EMA_CONFIRMED_50_200,SHORT,2026-01-12T18:35,3102.76,2026-01-12T19:20,3115.91,9,0.75,8517.85,-36.1,-0.42,8481.76,Signal Flip
155,5M_EMA_CONFIRMED_50_200,SHORT,2026-01-12T19:30,3110.25,2026-01-12T19:35,3116.15,1,0.08,8481.76,-16.07,-0.19,8465.68,Signal Flip
156,5M_EMA_CONFIRMED_50_200,SHORT,2026-01-12T20:30,3109.77,2026-01-13T00:15,3102.3,45,3.75,8465.68,20.35,0.24,8486.03,Signal Flip
157,5M_EMA_CONFIRMED_50_200,SHORT,2026-01-13T00:20,3098.59,2026-01-13T00:25,3106.87,1,0.08,8486.03,-22.68,-0.27,8463.35,Signal Flip
158,5M_EMA_CONFIRMED_50_200,SHORT,2026-01-13T01:30,3100.94,2026-01-13T02:05,3107.92,7,0.58,8463.35,-19.06,-0.23,8444.28,Signal Flip
159,5M_EMA_CONFIRMED_50_200,SHORT,2026-01-13T02:40,3099.96,2026-01-13T02:55,3106.17,3,0.25,8444.28,-16.92,-0.2,8427.36,Signal Flip
160,5M_EMA_CONFIRMED_50_200,SHORT,2026-01-13T03:00,3099.89,2026-01-13T03:05,3105.57,1,0.08,8427.36,-15.45,-0.18,8411.91,Signal Flip
161,5M_EMA_CONFIRMED_50_200,SHORT,2026-01-13T03:10,3100.23,2026-01-13T03:15,3111.15,1,0.08,8411.91,-29.64,-0.35,8382.27,Signal Flip
162,5M_EMA_CONFIRMED_50_200,LONG,2026-01-13T05:05,3127.83,2026-01-13T07:40,3123.11,31,2.58,8382.27,-12.66,-0.15,8369.6,Signal Flip
163,5M_EMA_CONFIRMED_50_200,LONG,2026-01-13T08:05,3127.49,2026-01-13T10:45,3129.58,32,2.67,8369.6,5.6,0.07,8375.2,Signal Flip
164,5M_EMA_CONFIRMED_50_200,LONG,2026-01-13T11:00,3136.3,2026-01-13T11:05,3131.67,1,0.08,8375.2,-12.35,-0.15,8362.85,Signal Flip
165,5M_EMA_CONFIRMED_50_200,LONG,2026-01-13T11:10,3139.06,2026-01-13T11:45,3131.41,7,0.58,8362.85,-20.37,-0.24,8342.48,Signal Flip
166,5M_EMA_CONFIRMED_50_200,LONG,2026-01-13T11:55,3137.14,2026-01-13T12:00,3132.38,1,0.08,8342.48,-12.64,-0.15,8329.84,Signal Flip
167,5M_EMA_CONFIRMED_50_200,LONG,2026-01-13T12:25,3135.79,2026-01-13T13:05,3129.79,8,0.67,8329.84,-15.92,-0.19,8313.92,Signal Flip
168,5M_EMA_CONFIRMED_50_200,LONG,2026-01-13T13:10,3137.58,2026-01-13T14:05,3134.44,11,0.92,8313.92,-8.31,-0.1,8305.61,Signal Flip
169,5M_EMA_CONFIRMED_50_200,LONG,2026-01-13T14:10,3142.56,2026-01-13T15:20,3138.07,14,1.17,8305.61,-11.87,-0.14,8293.74,Signal Flip
170,5M_EMA_CONFIRMED_50_200,LONG,2026-01-13T15:25,3144.19,2026-01-14T05:25,3325.92,168,14.0,8293.74,479.35,5.78,8773.1,Signal Flip
171,5M_EMA_CONFIRMED_50_200,LONG,2026-01-14T05:40,3338.07,2026-01-14T05:45,3330.51,1,0.08,8773.1,-19.85,-0.23,8753.24,Signal Flip
172,5M_EMA_CONFIRMED_50_200,LONG,2026-01-14T05:50,3334.56,2026-01-14T05:55,3329.35,1,0.08,8753.24,-13.66,-0.16,8739.59,Signal Flip
173,5M_EMA_CONFIRMED_50_200,LONG,2026-01-14T06:45,3335.39,2026-01-14T07:30,3330.06,9,0.75,8739.59,-13.95,-0.16,8725.64,Signal Flip
174,5M_EMA_CONFIRMED_50_200,LONG,2026-01-14T07:50,3338.16,2026-01-14T08:35,3330.03,9,0.75,8725.64,-21.24,-0.24,8704.4,Signal Flip
175,5M_EMA_CONFIRMED_50_200,LONG,2026-01-14T09:25,3334.51,2026-01-14T09:30,3330.16,1,0.08,8704.4,-11.34,-0.13,8693.07,Signal Flip
176,5M_EMA_CONFIRMED_50_200,LONG,2026-01-14T09:35,3336.04,2026-01-14T09:40,3330.19,1,0.08,8693.07,-15.23,-0.18,8677.84,Signal Flip
177,5M_EMA_CONFIRMED_50_200,LONG,2026-01-14T10:15,3333.13,2026-01-14T10:20,3325.76,1,0.08,8677.84,-19.19,-0.22,8658.66,Signal Flip
178,5M_EMA_CONFIRMED_50_200,LONG,2026-01-14T13:30,3307.75,2026-01-14T13:35,3298.37,1,0.08,8658.66,-24.56,-0.28,8634.1,Signal Flip
179,5M_EMA_CONFIRMED_50_200,LONG,2026-01-14T14:05,3309.65,2026-01-14T17:35,3348.26,42,3.5,8634.1,100.7,1.17,8734.8,Signal Flip
180,5M_EMA_CONFIRMED_50_200,LONG,2026-01-14T17:45,3353.74,2026-01-14T17:55,3339.42,2,0.17,8734.8,-37.29,-0.43,8697.51,Signal Flip
181,5M_EMA_CONFIRMED_50_200,LONG,2026-01-14T18:10,3352.8,2026-01-14T18:15,3338.05,1,0.08,8697.51,-38.25,-0.44,8659.26,Signal Flip
182,5M_EMA_CONFIRMED_50_200,LONG,2026-01-14T18:30,3351.35,2026-01-14T18:35,3327.47,1,0.08,8659.26,-61.73,-0.71,8597.53,Signal Flip
183,5M_EMA_CONFIRMED_50_200,LONG,2026-01-14T19:10,3351.16,2026-01-14T22:15,3361.92,37,3.08,8597.53,27.59,0.32,8625.12,Signal Flip
184,5M_EMA_CONFIRMED_50_200,LONG,2026-01-14T22:20,3368.14,2026-01-14T22:30,3359.61,2,0.17,8625.12,-21.85,-0.25,8603.27,Signal Flip
185,5M_EMA_CONFIRMED_50_200,LONG,2026-01-14T23:10,3365.43,2026-01-14T23:20,3358.33,2,0.17,8603.27,-18.15,-0.21,8585.11,Signal Flip
186,5M_EMA_CONFIRMED_50_200,SHORT,2026-01-15T02:40,3313.53,2026-01-15T05:20,3314.48,32,2.67,8585.11,-2.45,-0.03,8582.67,Signal Flip
187,5M_EMA_CONFIRMED_50_200,SHORT,2026-01-15T05:25,3307.34,2026-01-15T05:50,3316.74,5,0.42,8582.67,-24.4,-0.28,8558.27,Signal Flip
188,5M_EMA_CONFIRMED_50_200,SHORT,2026-01-15T06:00,3308.94,2026-01-15T06:05,3317.97,1,0.08,8558.27,-23.34,-0.27,8534.93,Signal Flip
189,5M_EMA_CONFIRMED_50_200,SHORT,2026-01-15T06:45,3311.01,2026-01-15T06:50,3318.19,1,0.08,8534.93,-18.49,-0.22,8516.43,Signal Flip
190,5M_EMA_CONFIRMED_50_200,LONG,2026-01-15T09:40,3362.35,2026-01-15T12:20,3347.12,32,2.67,8516.43,-38.59,-0.45,8477.85,Signal Flip
191,5M_EMA_CONFIRMED_50_200,LONG,2026-01-15T12:40,3351.33,2026-01-15T14:35,3356.92,23,1.92,8477.85,14.13,0.17,8491.98,Signal Flip
192,5M_EMA_CONFIRMED_50_200,SHORT,2026-01-15T16:40,3319.38,2026-01-15T21:45,3302.03,61,5.08,8491.98,44.38,0.52,8536.36,Signal Flip
193,5M_EMA_CONFIRMED_50_200,SHORT,2026-01-15T21:55,3297.49,2026-01-15T22:05,3306.0,2,0.17,8536.36,-22.03,-0.26,8514.33,Signal Flip
194,5M_EMA_CONFIRMED_50_200,SHORT,2026-01-16T01:10,3304.83,2026-01-16T01:35,3319.6,5,0.42,8514.33,-38.06,-0.45,8476.27,Signal Flip
195,5M_EMA_CONFIRMED_50_200,SHORT,2026-01-16T02:05,3302.36,2026-01-16T05:40,3306.69,43,3.58,8476.27,-11.13,-0.13,8465.14,Signal Flip
196,5M_EMA_CONFIRMED_50_200,SHORT,2026-01-16T07:40,3302.33,2026-01-16T07:50,3309.86,2,0.17,8465.14,-19.32,-0.23,8445.83,Signal Flip
197,5M_EMA_CONFIRMED_50_200,SHORT,2026-01-16T09:20,3308.16,2026-01-16T09:30,3313.61,2,0.17,8445.83,-13.92,-0.16,8431.91,Signal Flip
198,5M_EMA_CONFIRMED_50_200,SHORT,2026-01-16T09:35,3308.04,2026-01-16T09:40,3313.17,1,0.08,8431.91,-13.08,-0.16,8418.83,Signal Flip
199,5M_EMA_CONFIRMED_50_200,SHORT,2026-01-16T09:50,3307.89,2026-01-16T11:35,3308.27,21,1.75,8418.83,-0.99,-0.01,8417.84,Signal Flip
200,5M_EMA_CONFIRMED_50_200,SHORT,2026-01-16T11:40,3301.43,2026-01-16T12:10,3306.28,6,0.5,8417.84,-12.38,-0.15,8405.47,Signal Flip
201,5M_EMA_CONFIRMED_50_200,SHORT,2026-01-16T12:55,3303.59,2026-01-16T13:00,3310.53,1,0.08,8405.47,-17.68,-0.21,8387.79,Signal Flip
202,5M_EMA_CONFIRMED_50_200,SHORT,2026-01-16T13:10,3303.72,2026-01-16T13:15,3311.52,1,0.08,8387.79,-19.82,-0.24,8367.97,Signal Flip
203,5M_EMA_CONFIRMED_50_200,SHORT,2026-01-16T13:20,3304.67,2026-01-16T13:25,3310.35,1,0.08,8367.97,-14.4,-0.17,8353.57,Signal Flip
204,5M_EMA_CONFIRMED_50_200,SHORT,2026-01-16T13:35,3302.13,2026-01-16T13:55,3307.68,4,0.33,8353.57,-14.05,-0.17,8339.52,Signal Flip
205,5M_EMA_CONFIRMED_50_200,SHORT,2026-01-16T14:10,3303.84,2026-01-16T14:30,3316.56,4,0.33,8339.52,-32.11,-0.39,8307.41,Signal Flip
206,5M_EMA_CONFIRMED_50_200,SHORT,2026-01-16T14:35,3303.77,2026-01-16T15:10,3305.76,7,0.58,8307.41,-5.02,-0.06,8302.39,Signal Flip
207,5M_EMA_CONFIRMED_50_200,SHORT,2026-01-16T15:20,3283.9,2026-01-16T18:10,3286.7,34,2.83,8302.39,-7.09,-0.09,8295.3,Signal Flip
208,5M_EMA_CONFIRMED_50_200,SHORT,2026-01-16T18:15,3279.2,2026-01-16T18:35,3287.3,4,0.33,8295.3,-20.5,-0.25,8274.8,Signal Flip
209,5M_EMA_CONFIRMED_50_200,SHORT,2026-01-16T18:40,3282.18,2026-01-16T20:25,3281.09,21,1.75,8274.8,2.74,0.03,8277.54,Signal Flip
210,5M_EMA_CONFIRMED_50_200,SHORT,2026-01-16T22:40,3284.74,2026-01-16T22:45,3289.22,1,0.08,8277.54,-11.31,-0.14,8266.24,Signal Flip
211,5M_EMA_CONFIRMED_50_200,SHORT,2026-01-17T00:35,3289.3,2026-01-17T00:45,3294.04,2,0.17,8266.24,-11.89,-0.14,8254.35,Signal Flip
212,5M_EMA_CONFIRMED_50_200,SHORT,2026-01-17T01:35,3289.72,2026-01-17T02:55,3293.67,16,1.33,8254.35,-9.89,-0.12,8244.46,Signal Flip
213,5M_EMA_CONFIRMED_50_200,SHORT,2026-01-17T03:35,3285.96,2026-01-17T03:45,3292.12,2,0.17,8244.46,-15.45,-0.19,8229.0,Signal Flip
214,5M_EMA_CONFIRMED_50_200,SHORT,2026-01-17T04:00,3287.69,2026-01-17T04:50,3291.83,10,0.83,8229.0,-10.36,-0.13,8218.64,Signal Flip
215,5M_EMA_CONFIRMED_50_200,SHORT,2026-01-17T06:05,3288.18,2026-01-17T06:40,3292.58,7,0.58,8218.64,-11.0,-0.13,8207.64,Signal Flip
216,5M_EMA_CONFIRMED_50_200,SHORT,2026-01-17T06:50,3287.99,2026-01-17T06:55,3292.12,1,0.08,8207.64,-10.31,-0.13,8197.33,Signal Flip
217,5M_EMA_CONFIRMED_50_200,SHORT,2026-01-17T07:05,3286.98,2026-01-17T07:20,3292.23,3,0.25,8197.33,-13.09,-0.16,8184.24,Signal Flip
218,5M_EMA_CONFIRMED_50_200,SHORT,2026-01-17T07:50,3288.63,2026-01-17T07:55,3293.29,1,0.08,8184.24,-11.57,-0.14,8172.67,Signal Flip
219,5M_EMA_CONFIRMED_50_200,LONG,2026-01-17T08:55,3297.67,2026-01-17T18:05,3315.39,110,9.17,8172.67,43.92,0.54,8216.59,Signal Flip
220,5M_EMA_CONFIRMED_50_200,LONG,2026-01-17T18:10,3318.83,2026-01-17T18:15,3314.57,1,0.08,8216.59,-10.54,-0.13,8206.05,Signal Flip
221,5M_EMA_CONFIRMED_50_200,LONG,2026-01-17T18:20,3320.08,2026-01-17T19:10,3315.63,10,0.83,8206.05,-10.99,-0.13,8195.06,Signal Flip
222,5M_EMA_CONFIRMED_50_200,LONG,2026-01-17T19:35,3319.38,2026-01-17T19:50,3315.21,3,0.25,8195.06,-10.29,-0.13,8184.77,Signal Flip
223,5M_EMA_CONFIRMED_50_200,LONG,2026-01-17T20:20,3318.96,2026-01-17T20:35,3314.64,3,0.25,8184.77,-10.65,-0.13,8174.12,Signal Flip
224,5M_EMA_CONFIRMED_50_200,LONG,2026-01-17T20:50,3319.54,2026-01-17T21:05,3315.04,3,0.25,8174.12,-11.07,-0.14,8163.05,Signal Flip
225,5M_EMA_CONFIRMED_50_200,LONG,2026-01-18T00:00,3312.22,2026-01-18T00:05,3305.15,1,0.08,8163.05,-17.42,-0.21,8145.63,Signal Flip
226,5M_EMA_CONFIRMED_50_200,LONG,2026-01-18T00:10,3314.3,2026-01-18T00:40,3308.4,6,0.5,8145.63,-14.48,-0.18,8131.15,Signal Flip
227,5M_EMA_CONFIRMED_50_200,SHORT,2026-01-18T01:45,3298.52,2026-01-18T03:10,3307.13,17,1.42,8131.15,-21.23,-0.26,8109.92,Signal Flip
228,5M_EMA_CONFIRMED_50_200,LONG,2026-01-18T04:00,3317.81,2026-01-18T07:10,3310.34,38,3.17,8109.92,-18.24,-0.22,8091.67,Signal Flip
229,5M_EMA_CONFIRMED_50_200,LONG,2026-01-18T08:40,3313.63,2026-01-18T12:20,3317.09,44,3.67,8091.67,8.46,0.1,8100.13,Signal Flip
230,5M_EMA_CONFIRMED_50_200,LONG,2026-01-18T12:25,3322.56,2026-01-18T13:10,3317.61,9,0.75,8100.13,-12.07,-0.15,8088.07,Signal Flip
231,5M_EMA_CONFIRMED_50_200,LONG,2026-01-18T13:45,3330.25,2026-01-18T15:00,3323.32,15,1.25,8088.07,-16.85,-0.21,8071.22,Signal Flip
232,5M_EMA_CONFIRMED_50_200,LONG,2026-01-18T15:05,3328.88,2026-01-18T15:10,3323.16,1,0.08,8071.22,-13.88,-0.17,8057.34,Signal Flip
233,5M_EMA_CONFIRMED_50_200,LONG,2026-01-18T15:15,3327.71,2026-01-18T20:05,3343.62,58,4.83,8057.34,38.51,0.48,8095.84,Signal Flip
234,5M_EMA_CONFIRMED_50_200,LONG,2026-01-18T20:20,3349.63,2026-01-18T20:40,3340.55,4,0.33,8095.84,-21.96,-0.27,8073.89,Signal Flip
235,5M_EMA_CONFIRMED_50_200,LONG,2026-01-18T21:35,3346.03,2026-01-18T21:40,3341.45,1,0.08,8073.89,-11.06,-0.14,8062.83,Signal Flip
236,5M_EMA_CONFIRMED_50_200,LONG,2026-01-18T21:45,3345.72,2026-01-18T21:55,3338.93,2,0.17,8062.83,-16.37,-0.2,8046.46,Signal Flip
237,5M_EMA_CONFIRMED_50_200,LONG,2026-01-18T22:10,3348.58,2026-01-18T23:05,3326.47,11,0.92,8046.46,-53.15,-0.66,7993.31,Signal Flip
238,5M_EMA_CONFIRMED_50_200,SHORT,2026-01-19T00:05,3257.36,2026-01-19T07:50,3207.73,93,7.75,7993.31,121.78,1.52,8115.09,Signal Flip
239,5M_EMA_CONFIRMED_50_200,SHORT,2026-01-19T08:05,3202.13,2026-01-19T08:20,3207.62,3,0.25,8115.09,-13.93,-0.17,8101.17,Signal Flip
240,5M_EMA_CONFIRMED_50_200,SHORT,2026-01-19T09:40,3206.82,2026-01-19T09:50,3213.12,2,0.17,8101.17,-15.92,-0.2,8085.25,Signal Flip
241,5M_EMA_CONFIRMED_50_200,SHORT,2026-01-19T09:55,3206.92,2026-01-19T10:00,3211.06,1,0.08,8085.25,-10.46,-0.13,8074.79,Signal Flip
242,5M_EMA_CONFIRMED_50_200,SHORT,2026-01-19T10:05,3205.96,2026-01-19T10:15,3211.58,2,0.17,8074.79,-14.18,-0.18,8060.61,Signal Flip
243,5M_EMA_CONFIRMED_50_200,SHORT,2026-01-19T13:20,3217.63,2026-01-19T13:40,3221.23,4,0.33,8060.61,-9.02,-0.11,8051.6,Signal Flip
244,5M_EMA_CONFIRMED_50_200,SHORT,2026-01-19T13:50,3216.59,2026-01-19T15:05,3219.2,15,1.25,8051.6,-6.53,-0.08,8045.07,Signal Flip
245,5M_EMA_CONFIRMED_50_200,SHORT,2026-01-19T15:25,3214.02,2026-01-19T15:35,3218.11,2,0.17,8045.07,-10.23,-0.13,8034.84,Signal Flip
246,5M_EMA_CONFIRMED_50_200,SHORT,2026-01-19T15:40,3210.53,2026-01-19T15:55,3219.38,3,0.25,8034.84,-22.14,-0.28,8012.71,Signal Flip
247,5M_EMA_CONFIRMED_50_200,SHORT,2026-01-19T16:00,3214.59,2026-01-19T16:05,3220.09,1,0.08,8012.71,-13.7,-0.17,7999.0,Signal Flip
248,5M_EMA_CONFIRMED_50_200,SHORT,2026-01-19T16:10,3211.87,2026-01-19T16:20,3218.18,2,0.17,7999.0,-15.7,-0.2,7983.3,Signal Flip
249,5M_EMA_CONFIRMED_50_200,SHORT,2026-01-19T18:05,3211.73,2026-01-19T19:10,3220.25,13,1.08,7983.3,-21.17,-0.27,7962.13,Signal Flip
250,5M_EMA_CONFIRMED_50_200,SHORT,2026-01-19T19:40,3214.97,2026-01-19T19:45,3220.61,1,0.08,7962.13,-13.96,-0.18,7948.17,Signal Flip
251,5M_EMA_CONFIRMED_50_200,SHORT,2026-01-19T20:35,3215.97,2026-01-19T20:40,3221.45,1,0.08,7948.17,-13.54,-0.17,7934.63,Signal Flip
252,5M_EMA_CONFIRMED_50_200,SHORT,2026-01-19T20:45,3215.75,2026-01-19T21:05,3220.58,4,0.33,7934.63,-11.91,-0.15,7922.72,Signal Flip
253,5M_EMA_CONFIRMED_50_200,SHORT,2026-01-19T21:15,3213.43,2026-01-20T01:30,3199.17,51,4.25,7922.72,35.17,0.44,7957.88,Signal Flip
254,5M_EMA_CONFIRMED_50_200,SHORT,2026-01-20T01:35,3192.83,2026-01-20T01:50,3198.48,3,0.25,7957.88,-14.07,-0.18,7943.81,Signal Flip
255,5M_EMA_CONFIRMED_50_200,SHORT,2026-01-20T02:00,3191.68,2026-01-20T02:50,3195.37,10,0.83,7943.81,-9.17,-0.12,7934.64,Signal Flip
256,5M_EMA_CONFIRMED_50_200,SHORT,2026-01-20T03:05,3189.63,2026-01-20T11:50,3113.31,105,8.75,7934.64,189.88,2.39,8124.52,Signal Flip
257,5M_EMA_CONFIRMED_50_200,SHORT,2026-01-20T12:00,3108.33,2026-01-20T12:05,3113.45,1,0.08,8124.52,-13.38,-0.16,8111.14,Signal Flip
258,5M_EMA_CONFIRMED_50_200,SHORT,2026-01-20T12:20,3104.96,2026-01-20T12:55,3112.17,7,0.58,8111.14,-18.83,-0.23,8092.31,Signal Flip
259,5M_EMA_CONFIRMED_50_200,SHORT,2026-01-20T13:05,3103.69,2026-01-20T21:00,3008.16,95,7.92,8092.31,249.06,3.08,8341.37,Signal Flip
260,5M_EMA_CONFIRMED_50_200,SHORT,2026-01-20T21:05,3000.71,2026-01-21T00:55,2967.08,46,3.83,8341.37,93.47,1.12,8434.84,Signal Flip
261,5M_EMA_CONFIRMED_50_200,SHORT,2026-01-21T01:00,2958.53,2026-01-21T01:15,2968.82,3,0.25,8434.84,-29.35,-0.35,8405.49,Signal Flip
262,5M_EMA_CONFIRMED_50_200,SHORT,2026-01-21T02:35,2959.19,2026-01-21T02:50,2966.76,3,0.25,8405.49,-21.51,-0.26,8383.98,Signal Flip
263,5M_EMA_CONFIRMED_50_200,SHORT,2026-01-21T03:00,2960.04,2026-01-21T03:05,2968.97,1,0.08,8383.98,-25.31,-0.3,8358.68,Signal Flip
264,5M_EMA_CONFIRMED_50_200,SHORT,2026-01-21T06:50,2978.0,2026-01-21T07:05,2985.5,3,0.25,8358.68,-21.06,-0.25,8337.62,Signal Flip
265,5M_EMA_CONFIRMED_50_200,SHORT,2026-01-21T07:15,2973.03,2026-01-21T07:30,2984.14,3,0.25,8337.62,-31.15,-0.37,8306.47,Signal Flip
266,5M_EMA_CONFIRMED_50_200,SHORT,2026-01-21T07:35,2971.6,2026-01-21T09:35,2974.61,24,2.0,8306.47,-8.39,-0.1,8298.07,Signal Flip
267,5M_EMA_CONFIRMED_50_200,SHORT,2026-01-21T09:40,2971.49,2026-01-21T11:20,2972.17,20,1.67,8298.07,-1.88,-0.02,8296.2,Signal Flip
268,5M_EMA_CONFIRMED_50_200,SHORT,2026-01-21T11:30,2967.23,2026-01-21T14:10,2950.81,32,2.67,8296.2,45.88,0.55,8342.08,Signal Flip
269,5M_EMA_CONFIRMED_50_200,SHORT,2026-01-21T16:25,2958.31,2026-01-21T18:50,2928.91,29,2.42,8342.08,82.89,0.99,8424.98,Signal Flip
270,5M_EMA_CONFIRMED_50_200,SHORT,2026-01-21T19:05,2921.27,2026-01-21T19:20,2931.8,3,0.25,8424.98,-30.36,-0.36,8394.62,Signal Flip
271,5M_EMA_CONFIRMED_50_200,LONG,2026-01-21T20:25,3016.17,2026-01-21T23:25,3008.03,36,3.0,8394.62,-22.66,-0.27,8371.96,Signal Flip
272,5M_EMA_CONFIRMED_50_200,LONG,2026-01-21T23:30,3015.86,2026-01-21T23:35,3005.17,1,0.08,8371.96,-29.68,-0.35,8342.28,Signal Flip
273,5M_EMA_CONFIRMED_50_200,LONG,2026-01-22T00:30,3005.08,2026-01-22T00:35,3001.48,1,0.08,8342.28,-10.0,-0.12,8332.28,Signal Flip
274,5M_EMA_CONFIRMED_50_200,LONG,2026-01-22T00:40,3006.19,2026-01-22T03:30,3015.1,34,2.83,8332.28,24.69,0.3,8356.97,Signal Flip
275,5M_EMA_CONFIRMED_50_200,LONG,2026-01-22T04:10,3020.61,2026-01-22T04:15,3012.67,1,0.08,8356.97,-21.96,-0.26,8335.01,Signal Flip
276,5M_EMA_CONFIRMED_50_200,LONG,2026-01-22T04:30,3019.84,2026-01-22T05:30,3015.45,12,1.0,8335.01,-12.11,-0.15,8322.9,Signal Flip
277,5M_EMA_CONFIRMED_50_200,LONG,2026-01-22T05:35,3020.41,2026-01-22T05:55,3015.09,4,0.33,8322.9,-14.65,-0.18,8308.25,Signal Flip
278,5M_EMA_CONFIRMED_50_200,LONG,2026-01-22T06:00,3021.31,2026-01-22T06:10,3015.62,2,0.17,8308.25,-15.64,-0.19,8292.61,Signal Flip
279,5M_EMA_CONFIRMED_50_200,LONG,2026-01-22T06:40,3019.66,2026-01-22T07:05,3013.87,5,0.42,8292.61,-15.89,-0.19,8276.71,Signal Flip
280,5M_EMA_CONFIRMED_50_200,LONG,2026-01-22T09:15,3011.75,2026-01-22T09:20,3005.64,1,0.08,8276.71,-16.79,-0.2,8259.93,Signal Flip
281,5M_EMA_CONFIRMED_50_200,LONG,2026-01-22T09:40,3014.41,2026-01-22T10:15,3007.81,7,0.58,8259.93,-18.09,-0.22,8241.84,Signal Flip
282,5M_EMA_CONFIRMED_50_200,SHORT,2026-01-22T11:45,2981.62,2026-01-22T13:30,3001.63,21,1.75,8241.84,-55.32,-0.67,8186.52,Signal Flip
283,5M_EMA_CONFIRMED_50_200,SHORT,2026-01-22T13:35,2988.19,2026-01-22T17:50,2958.09,51,4.25,8186.52,82.45,1.01,8268.98,Signal Flip
284,5M_EMA_CONFIRMED_50_200,SHORT,2026-01-22T18:45,2952.21,2026-01-22T19:35,2956.47,10,0.83,8268.98,-11.92,-0.14,8257.06,Signal Flip
285,5M_EMA_CONFIRMED_50_200,SHORT,2026-01-22T19:50,2947.83,2026-01-22T19:55,2958.05,1,0.08,8257.06,-28.64,-0.35,8228.43,Signal Flip
286,5M_EMA_CONFIRMED_50_200,SHORT,2026-01-22T20:05,2949.83,2026-01-22T20:15,2956.98,2,0.17,8228.43,-19.93,-0.24,8208.5,Signal Flip
287,5M_EMA_CONFIRMED_50_200,SHORT,2026-01-22T20:25,2942.34,2026-01-22T21:25,2951.21,12,1.0,8208.5,-24.76,-0.3,8183.73,Signal Flip
288,5M_EMA_CONFIRMED_50_200,SHORT,2026-01-22T21:40,2946.54,2026-01-22T21:55,2949.79,3,0.25,8183.73,-9.05,-0.11,8174.69,Signal Flip
289,5M_EMA_CONFIRMED_50_200,SHORT,2026-01-22T22:00,2944.84,2026-01-22T22:10,2950.4,2,0.17,8174.69,-15.46,-0.19,8159.23,Signal Flip
290,5M_EMA_CONFIRMED_50_200,SHORT,2026-01-22T22:20,2945.84,2026-01-22T22:25,2953.29,1,0.08,8159.23,-20.63,-0.25,8138.6,Signal Flip
291,5M_EMA_CONFIRMED_50_200,SHORT,2026-01-22T22:35,2945.06,2026-01-22T22:40,2950.81,1,0.08,8138.6,-15.91,-0.2,8122.69,Signal Flip
292,5M_EMA_CONFIRMED_50_200,SHORT,2026-01-22T23:05,2941.87,2026-01-22T23:25,2951.86,4,0.33,8122.69,-27.57,-0.34,8095.11,Signal Flip
293,5M_EMA_CONFIRMED_50_200,SHORT,2026-01-23T00:35,2947.95,2026-01-23T00:50,2953.58,3,0.25,8095.11,-15.46,-0.19,8079.65,Signal Flip
294,5M_EMA_CONFIRMED_50_200,SHORT,2026-01-23T02:55,2954.57,2026-01-23T03:10,2959.44,3,0.25,8079.65,-13.31,-0.16,8066.34,Signal Flip
295,5M_EMA_CONFIRMED_50_200,LONG,2026-01-23T04:45,2980.26,2026-01-23T05:55,2965.76,14,1.17,8066.34,-39.25,-0.49,8027.09,Signal Flip
296,5M_EMA_CONFIRMED_50_200,LONG,2026-01-23T06:00,2970.05,2026-01-23T06:25,2956.91,5,0.42,8027.09,-35.52,-0.44,7991.56,Signal Flip
297,5M_EMA_CONFIRMED_50_200,SHORT,2026-01-23T06:55,2941.7,2026-01-23T11:05,2937.44,50,4.17,7991.56,11.57,0.14,8003.14,Signal Flip
298,5M_EMA_CONFIRMED_50_200,SHORT,2026-01-23T11:25,2932.53,2026-01-23T11:30,2939.17,1,0.08,8003.14,-18.11,-0.23,7985.03,Signal Flip
299,5M_EMA_CONFIRMED_50_200,SHORT,2026-01-23T12:15,2933.02,2026-01-23T12:25,2940.05,2,0.17,7985.03,-19.13,-0.24,7965.9,Signal Flip
300,5M_EMA_CONFIRMED_50_200,SHORT,2026-01-23T12:35,2932.68,2026-01-23T13:15,2941.53,8,0.67,7965.9,-24.03,-0.3,7941.87,Signal Flip
301,5M_EMA_CONFIRMED_50_200,SHORT,2026-01-23T13:35,2931.98,2026-01-23T14:25,2938.17,10,0.83,7941.87,-16.75,-0.21,7925.11,Signal Flip
302,5M_EMA_CONFIRMED_50_200,SHORT,2026-01-23T14:35,2912.79,2026-01-23T15:25,2929.92,10,0.83,7925.11,-46.61,-0.59,7878.5,Signal Flip
303,5M_EMA_CONFIRMED_50_200,SHORT,2026-01-23T15:30,2924.79,2026-01-23T15:40,2939.09,2,0.17,7878.5,-38.53,-0.49,7839.98,Signal Flip
304,5M_EMA_CONFIRMED_50_200,LONG,2026-01-23T17:20,2978.75,2026-01-23T19:20,2962.49,24,2.0,7839.98,-42.8,-0.55,7797.18,Signal Flip
305,5M_EMA_CONFIRMED_50_200,LONG,2026-01-23T22:25,2957.14,2026-01-23T22:45,2953.38,4,0.33,7797.18,-9.9,-0.13,7787.28,Signal Flip
306,5M_EMA_CONFIRMED_50_200,LONG,2026-01-23T22:50,2959.55,2026-01-23T23:10,2952.89,4,0.33,7787.28,-17.51,-0.22,7769.76,Signal Flip
307,5M_EMA_CONFIRMED_50_200,LONG,2026-01-23T23:25,2957.54,2026-01-23T23:40,2952.88,3,0.25,7769.76,-12.23,-0.16,7757.53,Signal Flip
308,5M_EMA_CONFIRMED_50_200,LONG,2026-01-24T00:00,2957.89,2026-01-24T00:10,2954.03,2,0.17,7757.53,-10.11,-0.13,7747.42,Signal Flip
309,5M_EMA_CONFIRMED_50_200,LONG,2026-01-24T00:35,2956.99,2026-01-24T00:40,2951.82,1,0.08,7747.42,-13.53,-0.17,7733.89,Signal Flip
310,5M_EMA_CONFIRMED_50_200,LONG,2026-01-24T01:20,2958.27,2026-01-24T01:35,2953.27,3,0.25,7733.89,-13.06,-0.17,7720.83,Signal Flip
311,5M_EMA_CONFIRMED_50_200,LONG,2026-01-24T01:45,2957.36,2026-01-24T01:50,2951.25,1,0.08,7720.83,-15.94,-0.21,7704.89,Signal Flip
312,5M_EMA_CONFIRMED_50_200,LONG,2026-01-24T02:00,2957.6,2026-01-24T04:50,2959.03,34,2.83,7704.89,3.73,0.05,7708.62,Signal Flip
313,5M_EMA_CONFIRMED_50_200,LONG,2026-01-24T04:55,2964.1,2026-01-24T05:45,2957.9,10,0.83,7708.62,-16.13,-0.21,7692.5,Signal Flip
314,5M_EMA_CONFIRMED_50_200,LONG,2026-01-24T06:00,2962.8,2026-01-24T06:05,2958.32,1,0.08,7692.5,-11.63,-0.15,7680.86,Signal Flip
315,5M_EMA_CONFIRMED_50_200,LONG,2026-01-24T06:15,2964.9,2026-01-24T06:20,2958.73,1,0.08,7680.86,-15.99,-0.21,7664.87,Signal Flip
316,5M_EMA_CONFIRMED_50_200,LONG,2026-01-24T06:40,2964.76,2026-01-24T07:05,2959.16,5,0.42,7664.87,-14.48,-0.19,7650.39,Signal Flip
317,5M_EMA_CONFIRMED_50_200,LONG,2026-01-24T07:10,2962.98,2026-01-24T07:15,2959.5,1,0.08,7650.39,-8.99,-0.12,7641.4,Signal Flip
318,5M_EMA_CONFIRMED_50_200,LONG,2026-01-24T08:45,2962.13,2026-01-24T10:00,2959.07,15,1.25,7641.4,-7.9,-0.1,7633.51,Signal Flip
319,5M_EMA_CONFIRMED_50_200,LONG,2026-01-24T10:05,2962.81,2026-01-24T10:15,2958.29,2,0.17,7633.51,-11.65,-0.15,7621.86,Signal Flip
320,5M_EMA_CONFIRMED_50_200,LONG,2026-01-24T10:45,2962.35,2026-01-24T12:00,2959.69,15,1.25,7621.86,-6.85,-0.09,7615.01,Signal Flip
321,5M_EMA_CONFIRMED_50_200,LONG,2026-01-24T12:25,2963.79,2026-01-24T12:40,2959.61,3,0.25,7615.01,-10.74,-0.14,7604.27,Signal Flip
322,5M_EMA_CONFIRMED_50_200,LONG,2026-01-24T12:45,2963.52,2026-01-24T13:20,2959.52,7,0.58,7604.27,-10.27,-0.14,7594.0,Signal Flip
323,5M_EMA_CONFIRMED_50_200,LONG,2026-01-24T14:55,2960.98,2026-01-24T15:40,2958.84,9,0.75,7594.0,-5.49,-0.07,7588.51,Signal Flip
324,5M_EMA_CONFIRMED_50_200,LONG,2026-01-24T15:50,2963.2,2026-01-24T15:55,2956.42,1,0.08,7588.51,-17.36,-0.23,7571.15,Signal Flip
325,5M_EMA_CONFIRMED_50_200,LONG,2026-01-24T16:10,2961.9,2026-01-24T16:15,2955.38,1,0.08,7571.15,-16.66,-0.22,7554.49,Signal Flip
326,5M_EMA_CONFIRMED_50_200,SHORT,2026-01-24T16:40,2953.45,2026-01-24T16:50,2961.18,2,0.17,7554.49,-19.77,-0.26,7534.72,Signal Flip
327,5M_EMA_CONFIRMED_50_200,SHORT,2026-01-24T17:00,2957.43,2026-01-24T17:10,2960.61,2,0.17,7534.72,-8.1,-0.11,7526.62,Signal Flip
328,5M_EMA_CONFIRMED_50_200,LONG,2026-01-24T17:20,2965.19,2026-01-24T19:10,2959.16,22,1.83,7526.62,-15.31,-0.2,7511.31,Signal Flip
329,5M_EMA_CONFIRMED_50_200,SHORT,2026-01-24T20:15,2955.47,2026-01-24T22:00,2959.43,21,1.75,7511.31,-10.06,-0.13,7501.25,Signal Flip
330,5M_EMA_CONFIRMED_50_200,SHORT,2026-01-24T23:05,2956.54,2026-01-25T00:55,2958.3,22,1.83,7501.25,-4.46,-0.06,7496.8,Signal Flip
331,5M_EMA_CONFIRMED_50_200,SHORT,2026-01-25T01:20,2952.79,2026-01-25T02:05,2958.01,9,0.75,7496.8,-13.24,-0.18,7483.55,Signal Flip
332,5M_EMA_CONFIRMED_50_200,SHORT,2026-01-25T02:25,2953.98,2026-01-25T06:45,2948.15,52,4.33,7483.55,14.77,0.2,7498.32,Signal Flip
333,5M_EMA_CONFIRMED_50_200,SHORT,2026-01-25T06:50,2942.97,2026-01-25T08:15,2945.21,17,1.42,7498.32,-5.72,-0.08,7492.6,Signal Flip
334,5M_EMA_CONFIRMED_50_200,SHORT,2026-01-25T08:20,2941.35,2026-01-25T08:25,2946.26,1,0.08,7492.6,-12.52,-0.17,7480.09,Signal Flip
335,5M_EMA_CONFIRMED_50_200,SHORT,2026-01-25T08:30,2940.32,2026-01-25T10:25,2945.29,23,1.92,7480.09,-12.65,-0.17,7467.44,Signal Flip
336,5M_EMA_CONFIRMED_50_200,SHORT,2026-01-25T11:40,2935.66,2026-01-25T12:15,2941.33,7,0.58,7467.44,-14.42,-0.19,7453.02,Signal Flip
337,5M_EMA_CONFIRMED_50_200,SHORT,2026-01-25T12:20,2933.07,2026-01-25T12:25,2942.24,1,0.08,7453.02,-23.3,-0.31,7429.72,Signal Flip
338,5M_EMA_CONFIRMED_50_200,SHORT,2026-01-25T12:30,2937.75,2026-01-25T12:40,2941.12,2,0.17,7429.72,-8.52,-0.11,7421.2,Signal Flip
339,5M_EMA_CONFIRMED_50_200,SHORT,2026-01-25T13:15,2938.1,2026-01-25T13:20,2943.07,1,0.08,7421.2,-12.55,-0.17,7408.65,Signal Flip
340,5M_EMA_CONFIRMED_50_200,SHORT,2026-01-25T13:30,2934.86,2026-01-25T13:40,2942.09,2,0.17,7408.65,-18.25,-0.25,7390.4,Signal Flip
341,5M_EMA_CONFIRMED_50_200,SHORT,2026-01-25T14:05,2936.86,2026-01-25T23:50,2818.51,117,9.75,7390.4,297.82,4.03,7688.22,Signal Flip
342,5M_EMA_CONFIRMED_50_200,SHORT,2026-01-26T03:30,2852.45,2026-01-26T04:10,2857.3,8,0.67,7688.22,-13.06,-0.17,7675.16,Signal Flip
343,5M_EMA_CONFIRMED_50_200,LONG,2026-01-26T07:00,2893.09,2026-01-26T09:25,2890.55,29,2.42,7675.16,-6.72,-0.09,7668.45,Signal Flip
344,5M_EMA_CONFIRMED_50_200,LONG,2026-01-26T09:45,2893.42,2026-01-26T09:50,2885.44,1,0.08,7668.45,-21.15,-0.28,7647.3,Signal Flip
345,5M_EMA_CONFIRMED_50_200,LONG,2026-01-26T10:10,2895.13,2026-01-26T11:30,2888.78,16,1.33,7647.3,-16.75,-0.22,7630.55,Signal Flip
346,5M_EMA_CONFIRMED_50_200,LONG,2026-01-26T11:40,2895.47,2026-01-26T11:45,2891.16,1,0.08,7630.55,-11.34,-0.15,7619.21,Signal Flip
347,5M_EMA_CONFIRMED_50_200,LONG,2026-01-26T12:05,2900.13,2026-01-26T14:15,2884.4,26,2.17,7619.21,-41.33,-0.54,7577.88,Signal Flip
348,5M_EMA_CONFIRMED_50_200,LONG,2026-01-26T14:35,2903.65,2026-01-26T15:45,2891.48,14,1.17,7577.88,-31.75,-0.42,7546.12,Signal Flip
349,5M_EMA_CONFIRMED_50_200,LONG,2026-01-26T16:25,2913.39,2026-01-26T16:40,2901.46,3,0.25,7546.12,-30.89,-0.41,7515.23,Signal Flip
350,5M_EMA_CONFIRMED_50_200,LONG,2026-01-26T16:50,2917.08,2026-01-26T17:00,2900.06,2,0.17,7515.23,-43.84,-0.58,7471.38,Signal Flip
351,5M_EMA_CONFIRMED_50_200,LONG,2026-01-26T17:05,2909.53,2026-01-26T17:10,2901.61,1,0.08,7471.38,-20.35,-0.27,7451.03,Signal Flip
352,5M_EMA_CONFIRMED_50_200,LONG,2026-01-26T17:40,2907.18,2026-01-26T20:25,2916.05,33,2.75,7451.03,22.73,0.31,7473.76,Signal Flip
353,5M_EMA_CONFIRMED_50_200,LONG,2026-01-26T21:45,2937.45,2026-01-26T23:05,2919.05,16,1.33,7473.76,-46.81,-0.63,7426.95,Signal Flip
354,5M_EMA_CONFIRMED_50_200,LONG,2026-01-26T23:10,2922.64,2026-01-27T00:10,2921.65,12,1.0,7426.95,-2.52,-0.03,7424.43,Signal Flip
355,5M_EMA_CONFIRMED_50_200,LONG,2026-01-27T00:25,2929.97,2026-01-27T00:35,2922.87,2,0.17,7424.43,-18.01,-0.24,7406.42,Signal Flip
356,5M_EMA_CONFIRMED_50_200,LONG,2026-01-27T01:25,2928.7,2026-01-27T05:10,2936.68,45,3.75,7406.42,20.17,0.27,7426.59,Signal Flip
357,5M_EMA_CONFIRMED_50_200,LONG,2026-01-27T05:35,2940.19,2026-01-27T05:40,2936.52,1,0.08,7426.59,-9.27,-0.12,7417.33,Signal Flip
358,5M_EMA_CONFIRMED_50_200,LONG,2026-01-27T05:45,2940.97,2026-01-27T06:30,2932.5,9,0.75,7417.33,-21.35,-0.29,7395.97,Signal Flip
359,5M_EMA_CONFIRMED_50_200,LONG,2026-01-27T07:35,2937.97,2026-01-27T07:45,2932.81,2,0.17,7395.97,-12.98,-0.18,7383.0,Signal Flip
360,5M_EMA_CONFIRMED_50_200,SHORT,2026-01-27T10:00,2906.24,2026-01-27T11:45,2920.89,21,1.75,7383.0,-37.23,-0.5,7345.77,Signal Flip
361,5M_EMA_CONFIRMED_50_200,SHORT,2026-01-27T12:50,2916.13,2026-01-27T12:55,2920.19,1,0.08,7345.77,-10.22,-0.14,7335.55,Signal Flip
362,5M_EMA_CONFIRMED_50_200,SHORT,2026-01-27T13:10,2911.81,2026-01-27T14:05,2921.3,11,0.92,7335.55,-23.9,-0.33,7311.65,Signal Flip
363,5M_EMA_CONFIRMED_50_200,SHORT,2026-01-27T14:40,2911.38,2026-01-27T14:55,2923.3,3,0.25,7311.65,-29.93,-0.41,7281.72,Signal Flip
364,5M_EMA_CONFIRMED_50_200,SHORT,2026-01-27T15:30,2914.52,2026-01-27T15:40,2922.9,2,0.17,7281.72,-20.93,-0.29,7260.79,Signal Flip
365,5M_EMA_CONFIRMED_50_200,LONG,2026-01-27T16:05,2947.11,2026-01-27T17:20,2935.04,15,1.25,7260.79,-29.74,-0.41,7231.05,Signal Flip
366,5M_EMA_CONFIRMED_50_200,LONG,2026-01-27T17:30,2949.47,2026-01-27T17:35,2943.76,1,0.08,7231.05,-14.02,-0.19,7217.03,Signal Flip
367,5M_EMA_CONFIRMED_50_200,LONG,2026-01-27T18:05,2946.24,2026-01-27T18:10,2938.26,1,0.08,7217.03,-19.55,-0.27,7197.48,Signal Flip
368,5M_EMA_CONFIRMED_50_200,LONG,2026-01-27T18:20,2946.48,2026-01-27T18:35,2939.99,3,0.25,7197.48,-15.86,-0.22,7181.62,Signal Flip
369,5M_EMA_CONFIRMED_50_200,LONG,2026-01-27T18:40,2947.01,2026-01-28T01:25,3013.15,81,6.75,7181.62,161.18,2.24,7342.79,Signal Flip
370,5M_EMA_CONFIRMED_50_200,LONG,2026-01-28T01:55,3020.67,2026-01-28T02:10,3010.44,3,0.25,7342.79,-24.86,-0.34,7317.94,Signal Flip
371,5M_EMA_CONFIRMED_50_200,LONG,2026-01-28T05:10,3008.94,2026-01-28T05:15,2996.73,1,0.08,7317.94,-29.7,-0.41,7288.24,Signal Flip
372,5M_EMA_CONFIRMED_50_200,LONG,2026-01-28T06:00,3005.98,2026-01-28T06:45,3004.66,9,0.75,7288.24,-3.21,-0.04,7285.02,Signal Flip
373,5M_EMA_CONFIRMED_50_200,LONG,2026-01-28T06:50,3011.13,2026-01-28T07:20,3005.8,6,0.5,7285.02,-12.92,-0.18,7272.11,Signal Flip
374,5M_EMA_CONFIRMED_50_200,LONG,2026-01-28T07:45,3009.07,2026-01-28T07:55,3004.0,2,0.17,7272.11,-12.27,-0.17,7259.84,Signal Flip
375,5M_EMA_CONFIRMED_50_200,LONG,2026-01-28T09:40,3011.92,2026-01-28T14:20,3021.22,56,4.67,7259.84,22.42,0.31,7282.26,Signal Flip
376,5M_EMA_CONFIRMED_50_200,LONG,2026-01-28T14:35,3032.22,2026-01-28T14:40,3020.23,1,0.08,7282.26,-28.79,-0.4,7253.48,Signal Flip
377,5M_EMA_CONFIRMED_50_200,LONG,2026-01-28T16:30,3017.24,2026-01-28T16:35,3005.17,1,0.08,7253.48,-29.02,-0.4,7224.46,Signal Flip
378,5M_EMA_CONFIRMED_50_200,LONG,2026-01-28T17:40,3013.13,2026-01-28T18:05,3007.4,5,0.42,7224.46,-13.74,-0.19,7210.72,Signal Flip
379,5M_EMA_CONFIRMED_50_200,LONG,2026-01-28T18:10,3013.7,2026-01-28T18:40,3010.0,6,0.5,7210.72,-8.83,-0.12,7201.88,Signal Flip
380,5M_EMA_CONFIRMED_50_200,LONG,2026-01-28T19:00,3017.02,2026-01-28T19:10,3008.41,2,0.17,7201.88,-20.56,-0.29,7181.33,Signal Flip
381,5M_EMA_CONFIRMED_50_200,LONG,2026-01-28T19:25,3015.02,2026-01-28T19:30,3010.22,1,0.08,7181.33,-11.42,-0.16,7169.91,Signal Flip
382,5M_EMA_CONFIRMED_50_200,LONG,2026-01-28T19:50,3015.05,2026-01-28T20:45,3012.52,11,0.92,7169.91,-6.0,-0.08,7163.91,Signal Flip
383,5M_EMA_CONFIRMED_50_200,LONG,2026-01-28T21:15,3017.51,2026-01-28T21:30,3012.85,3,0.25,7163.91,-11.05,-0.15,7152.86,Signal Flip
384,5M_EMA_CONFIRMED_50_200,LONG,2026-01-28T21:40,3019.32,2026-01-28T22:15,3012.36,7,0.58,7152.86,-16.48,-0.23,7136.38,Signal Flip
385,5M_EMA_CONFIRMED_50_200,LONG,2026-01-28T22:30,3017.49,2026-01-28T22:35,3010.58,1,0.08,7136.38,-16.33,-0.23,7120.05,Signal Flip
386,5M_EMA_CONFIRMED_50_200,LONG,2026-01-28T22:50,3016.84,2026-01-28T23:15,3013.9,5,0.42,7120.05,-6.93,-0.1,7113.12,Signal Flip
387,5M_EMA_CONFIRMED_50_200,LONG,2026-01-28T23:20,3022.45,2026-01-28T23:30,3011.99,2,0.17,7113.12,-24.61,-0.35,7088.51,Signal Flip
388,5M_EMA_CONFIRMED_50_200,SHORT,2026-01-29T01:15,3005.42,2026-01-29T07:50,2964.78,79,6.58,7088.51,95.84,1.35,7184.35,Signal Flip
389,5M_EMA_CONFIRMED_50_200,SHORT,2026-01-29T08:05,2955.63,2026-01-29T08:30,2969.63,5,0.42,7184.35,-34.04,-0.47,7150.32,Signal Flip
390,5M_EMA_CONFIRMED_50_200,SHORT,2026-01-29T08:35,2957.17,2026-01-29T21:05,2814.56,150,12.5,7150.32,344.83,4.82,7495.15,Signal Flip
391,5M_EMA_CONFIRMED_50_200,SHORT,2026-01-30T00:20,2814.48,2026-01-30T04:20,2762.33,48,4.0,7495.15,138.88,1.85,7634.03,Signal Flip
392,5M_EMA_CONFIRMED_50_200,SHORT,2026-01-30T04:40,2755.09,2026-01-30T05:30,2760.62,10,0.83,7634.03,-15.32,-0.2,7618.72,Signal Flip
393,5M_EMA_CONFIRMED_50_200,SHORT,2026-01-30T05:35,2755.33,2026-01-30T07:15,2747.18,20,1.67,7618.72,22.53,0.3,7641.25,Signal Flip
394,5M_EMA_CONFIRMED_50_200,SHORT,2026-01-30T07:25,2741.82,2026-01-30T07:55,2745.53,6,0.5,7641.25,-10.35,-0.14,7630.9,Signal Flip
395,5M_EMA_CONFIRMED_50_200,SHORT,2026-01-30T08:00,2738.8,2026-01-30T08:05,2744.59,1,0.08,7630.9,-16.14,-0.21,7614.76,Signal Flip
396,5M_EMA_CONFIRMED_50_200,SHORT,2026-01-30T08:10,2740.28,2026-01-30T08:15,2746.82,1,0.08,7614.76,-18.18,-0.24,7596.58,Signal Flip
397,5M_EMA_CONFIRMED_50_200,SHORT,2026-01-30T08:30,2738.22,2026-01-30T09:05,2744.01,7,0.58,7596.58,-16.07,-0.21,7580.51,Signal Flip
398,5M_EMA_CONFIRMED_50_200,SHORT,2026-01-30T09:10,2736.95,2026-01-30T10:50,2736.66,20,1.67,7580.51,0.81,0.01,7581.32,Signal Flip
399,5M_EMA_CONFIRMED_50_200,SHORT,2026-01-30T12:55,2737.28,2026-01-30T13:00,2741.86,1,0.08,7581.32,-12.68,-0.17,7568.64,Signal Flip
400,5M_EMA_CONFIRMED_50_200,SHORT,2026-01-30T13:05,2732.3,2026-01-30T14:20,2740.53,15,1.25,7568.64,-22.79,-0.3,7545.85,Signal Flip
401,5M_EMA_CONFIRMED_50_200,SHORT,2026-01-30T14:25,2735.91,2026-01-30T14:35,2745.07,2,0.17,7545.85,-25.27,-0.33,7520.59,Signal Flip
402,5M_EMA_CONFIRMED_50_200,SHORT,2026-01-30T14:55,2736.94,2026-01-30T15:05,2741.63,2,0.17,7520.59,-12.89,-0.17,7507.7,Signal Flip
403,5M_EMA_CONFIRMED_50_200,SHORT,2026-01-30T15:15,2736.66,2026-01-30T15:45,2739.71,6,0.5,7507.7,-8.36,-0.11,7499.34,Signal Flip
404,5M_EMA_CONFIRMED_50_200,SHORT,2026-01-30T15:50,2728.66,2026-01-30T16:15,2737.88,5,0.42,7499.34,-25.32,-0.34,7474.02,Signal Flip
405,5M_EMA_CONFIRMED_50_200,SHORT,2026-01-30T16:20,2729.66,2026-01-30T16:40,2736.46,4,0.33,7474.02,-18.6,-0.25,7455.42,Signal Flip
406,5M_EMA_CONFIRMED_50_200,SHORT,2026-01-30T16:50,2725.91,2026-01-30T17:25,2736.78,7,0.58,7455.42,-29.73,-0.4,7425.69,Signal Flip
407,5M_EMA_CONFIRMED_50_200,SHORT,2026-01-30T17:35,2719.74,2026-01-30T18:50,2734.08,15,1.25,7425.69,-39.14,-0.53,7386.54,Signal Flip
408,5M_EMA_CONFIRMED_50_200,SHORT,2026-01-30T20:10,2718.2,2026-01-30T22:50,2708.48,32,2.67,7386.54,26.4,0.36,7412.95,Signal Flip
409,5M_EMA_CONFIRMED_50_200,SHORT,2026-01-30T23:05,2705.19,2026-01-30T23:45,2709.08,8,0.67,7412.95,-10.68,-0.14,7402.27,Signal Flip
410,5M_EMA_CONFIRMED_50_200,SHORT,2026-01-31T00:05,2703.44,2026-01-31T00:10,2708.35,1,0.08,7402.27,-13.46,-0.18,7388.81,Signal Flip
411,5M_EMA_CONFIRMED_50_200,SHORT,2026-01-31T01:00,2705.12,2026-01-31T01:05,2710.37,1,0.08,7388.81,-14.36,-0.19,7374.45,Signal Flip
412,5M_EMA_CONFIRMED_50_200,SHORT,2026-01-31T01:35,2703.5,2026-01-31T02:45,2707.07,14,1.17,7374.45,-9.75,-0.13,7364.69,Signal Flip
413,5M_EMA_CONFIRMED_50_200,SHORT,2026-01-31T03:00,2700.69,2026-01-31T03:25,2707.14,5,0.42,7364.69,-17.6,-0.24,7347.09,Signal Flip
414,5M_EMA_CONFIRMED_50_200,SHORT,2026-01-31T03:30,2701.35,2026-01-31T04:25,2705.31,11,0.92,7347.09,-10.78,-0.15,7336.31,Signal Flip
415,5M_EMA_CONFIRMED_50_200,SHORT,2026-01-31T04:40,2699.77,2026-01-31T05:30,2702.16,10,0.83,7336.31,-6.5,-0.09,7329.82,Signal Flip
416,5M_EMA_CONFIRMED_50_200,SHORT,2026-01-31T05:45,2697.36,2026-01-31T21:30,2409.39,189,15.75,7329.82,782.52,10.68,8112.34,Signal Flip
417,5M_EMA_CONFIRMED_50_200,SHORT,2026-01-31T21:35,2404.22,2026-01-31T21:40,2416.89,1,0.08,8112.34,-42.75,-0.53,8069.58,Signal Flip
418,5M_EMA_CONFIRMED_50_200,SHORT,2026-01-31T22:20,2408.31,2026-01-31T22:25,2415.67,1,0.08,8069.58,-24.67,-0.31,8044.92,Signal Flip
419,5M_EMA_CONFIRMED_50_200,SHORT,2026-02-01T01:10,2433.46,2026-02-01T01:15,2442.18,1,0.08,8044.92,-28.82,-0.36,8016.1,Signal Flip
420,5M_EMA_CONFIRMED_50_200,SHORT,2026-02-01T01:20,2430.54,2026-02-01T01:25,2441.96,1,0.08,8016.1,-37.65,-0.47,7978.44,Signal Flip
421,5M_EMA_CONFIRMED_50_200,SHORT,2026-02-01T01:40,2436.41,2026-02-01T01:50,2445.31,2,0.17,7978.44,-29.15,-0.37,7949.3,Signal Flip
422,5M_EMA_CONFIRMED_50_200,SHORT,2026-02-01T03:20,2439.52,2026-02-01T03:50,2445.64,6,0.5,7949.3,-19.95,-0.25,7929.35,Signal Flip
423,5M_EMA_CONFIRMED_50_200,SHORT,2026-02-01T03:55,2440.69,2026-02-01T04:00,2446.68,1,0.08,7929.35,-19.47,-0.25,7909.87,Signal Flip
424,5M_EMA_CONFIRMED_50_200,SHORT,2026-02-01T04:05,2441.46,2026-02-01T04:10,2445.44,1,0.08,7909.87,-12.91,-0.16,7896.97,Signal Flip
425,5M_EMA_CONFIRMED_50_200,SHORT,2026-02-01T05:05,2439.53,2026-02-01T05:30,2448.62,5,0.42,7896.97,-29.44,-0.37,7867.53,Signal Flip
426,5M_EMA_CONFIRMED_50_200,SHORT,2026-02-01T05:35,2442.94,2026-02-01T07:45,2432.12,26,2.17,7867.53,34.85,0.44,7902.38,Signal Flip
427,5M_EMA_CONFIRMED_50_200,SHORT,2026-02-01T07:50,2423.01,2026-02-01T08:40,2426.44,10,0.83,7902.38,-11.2,-0.14,7891.18,Signal Flip
428,5M_EMA_CONFIRMED_50_200,SHORT,2026-02-01T08:50,2414.13,2026-02-01T09:35,2422.23,9,0.75,7891.18,-26.47,-0.34,7864.71,Signal Flip
429,5M_EMA_CONFIRMED_50_200,SHORT,2026-02-01T10:35,2406.92,2026-02-01T11:45,2421.33,14,1.17,7864.71,-47.1,-0.6,7817.61,Signal Flip
430,5M_EMA_CONFIRMED_50_200,SHORT,2026-02-01T12:05,2406.57,2026-02-01T13:20,2407.1,15,1.25,7817.61,-1.74,-0.02,7815.87,Signal Flip
431,5M_EMA_CONFIRMED_50_200,SHORT,2026-02-01T13:25,2399.71,2026-02-01T18:05,2340.2,56,4.67,7815.87,193.82,2.48,8009.69,Signal Flip
432,5M_EMA_CONFIRMED_50_200,SHORT,2026-02-01T19:50,2313.93,2026-02-01T20:40,2344.83,10,0.83,8009.69,-106.96,-1.34,7902.73,Signal Flip
433,5M_EMA_CONFIRMED_50_200,SHORT,2026-02-01T20:50,2325.42,2026-02-01T22:15,2325.84,17,1.42,7902.73,-1.45,-0.02,7901.29,Signal Flip
434,5M_EMA_CONFIRMED_50_200,SHORT,2026-02-01T22:25,2292.91,2026-02-01T22:35,2322.69,2,0.17,7901.29,-102.61,-1.3,7798.67,Signal Flip
435,5M_EMA_CONFIRMED_50_200,SHORT,2026-02-01T22:50,2315.02,2026-02-01T23:00,2320.49,2,0.17,7798.67,-18.42,-0.24,7780.26,Signal Flip
436,5M_EMA_CONFIRMED_50_200,SHORT,2026-02-01T23:05,2295.2,2026-02-02T00:20,2309.95,15,1.25,7780.26,-50.01,-0.64,7730.25,Signal Flip
437,5M_EMA_CONFIRMED_50_200,SHORT,2026-02-02T00:55,2299.26,2026-02-02T01:05,2305.59,2,0.17,7730.25,-21.29,-0.28,7708.96,Signal Flip
438,5M_EMA_CONFIRMED_50_200,SHORT,2026-02-02T01:10,2280.36,2026-02-02T01:25,2305.4,3,0.25,7708.96,-84.66,-1.1,7624.3,Signal Flip
439,5M_EMA_CONFIRMED_50_200,SHORT,2026-02-02T01:50,2292.68,2026-02-02T04:30,2264.28,32,2.67,7624.3,94.45,1.24,7718.75,Signal Flip
440,5M_EMA_CONFIRMED_50_200,SHORT,2026-02-02T04:45,2254.19,2026-02-02T07:00,2228.54,27,2.25,7718.75,87.83,1.14,7806.57,Signal Flip
441,5M_EMA_CONFIRMED_50_200,LONG,2026-02-02T12:50,2301.67,2026-02-02T18:05,2349.3,63,5.25,7806.57,161.56,2.07,7968.13,Signal Flip
442,5M_EMA_CONFIRMED_50_200,LONG,2026-02-02T18:35,2357.83,2026-02-02T18:40,2349.88,1,0.08,7968.13,-26.85,-0.34,7941.29,Signal Flip
443,5M_EMA_CONFIRMED_50_200,LONG,2026-02-02T21:05,2338.99,2026-02-02T21:10,2334.14,1,0.08,7941.29,-16.45,-0.21,7924.83,Signal Flip
444,5M_EMA_CONFIRMED_50_200,LONG,2026-02-02T21:35,2341.65,2026-02-02T23:30,2340.59,23,1.92,7924.83,-3.59,-0.05,7921.24,Signal Flip
445,5M_EMA_CONFIRMED_50_200,LONG,2026-02-02T23:35,2348.67,2026-02-03T00:05,2333.93,6,0.5,7921.24,-49.72,-0.63,7871.52,Signal Flip
446,5M_EMA_CONFIRMED_50_200,LONG,2026-02-03T00:30,2347.71,2026-02-03T00:35,2341.31,1,0.08,7871.52,-21.47,-0.27,7850.05,Signal Flip
447,5M_EMA_CONFIRMED_50_200,LONG,2026-02-03T00:40,2344.62,2026-02-03T01:20,2338.2,8,0.67,7850.05,-21.5,-0.27,7828.55,Signal Flip
448,5M_EMA_CONFIRMED_50_200,LONG,2026-02-03T01:25,2347.21,2026-02-03T02:10,2338.83,9,0.75,7828.55,-27.96,-0.36,7800.59,Signal Flip
449,5M_EMA_CONFIRMED_50_200,SHORT,2026-02-03T03:40,2322.94,2026-02-03T04:00,2345.16,4,0.33,7800.59,-74.63,-0.96,7725.96,Signal Flip
450,5M_EMA_CONFIRMED_50_200,LONG,2026-02-03T04:00,2345.16,2026-02-03T05:15,2325.42,15,1.25,7725.96,-65.05,-0.84,7660.91,Signal Flip
451,5M_EMA_CONFIRMED_50_200,SHORT,2026-02-03T06:15,2305.51,2026-02-03T07:10,2327.42,11,0.92,7660.91,-72.83,-0.95,7588.09,Signal Flip
452,5M_EMA_CONFIRMED_50_200,SHORT,2026-02-03T07:15,2322.19,2026-02-03T07:35,2331.15,4,0.33,7588.09,-29.3,-0.39,7558.79,Signal Flip
453,5M_EMA_CONFIRMED_50_200,SHORT,2026-02-03T07:55,2322.97,2026-02-03T08:25,2325.75,6,0.5,7558.79,-9.06,-0.12,7549.73,Signal Flip
454,5M_EMA_CONFIRMED_50_200,SHORT,2026-02-03T08:35,2322.21,2026-02-03T08:40,2328.23,1,0.08,7549.73,-19.59,-0.26,7530.14,Signal Flip
455,5M_EMA_CONFIRMED_50_200,SHORT,2026-02-03T08:55,2317.8,2026-02-03T12:30,2295.86,43,3.58,7530.14,71.29,0.95,7601.43,Signal Flip
456,5M_EMA_CONFIRMED_50_200,SHORT,2026-02-03T12:35,2288.46,2026-02-03T12:40,2297.7,1,0.08,7601.43,-30.7,-0.4,7570.73,Signal Flip
457,5M_EMA_CONFIRMED_50_200,SHORT,2026-02-03T14:35,2294.32,2026-02-03T15:30,2295.59,11,0.92,7570.73,-4.17,-0.06,7566.55,Signal Flip
458,5M_EMA_CONFIRMED_50_200,SHORT,2026-02-03T15:45,2280.12,2026-02-03T15:50,2300.91,1,0.08,7566.55,-68.99,-0.91,7497.56,Signal Flip
459,5M_EMA_CONFIRMED_50_200,SHORT,2026-02-03T16:10,2283.2,2026-02-03T19:55,2204.75,45,3.75,7497.56,257.6,3.44,7755.16,Signal Flip
460,5M_EMA_CONFIRMED_50_200,SHORT,2026-02-03T20:05,2195.41,2026-02-03T20:20,2214.2,3,0.25,7755.16,-66.36,-0.86,7688.8,Signal Flip
461,5M_EMA_CONFIRMED_50_200,SHORT,2026-02-03T22:45,2254.06,2026-02-04T00:25,2246.95,20,1.67,7688.8,24.25,0.32,7713.05,Signal Flip
462,5M_EMA_CONFIRMED_50_200,SHORT,2026-02-04T00:55,2240.88,2026-02-04T01:05,2266.97,2,0.17,7713.05,-89.81,-1.16,7623.24,Signal Flip
463,5M_EMA_CONFIRMED_50_200,SHORT,2026-02-04T02:35,2254.83,2026-02-04T02:40,2261.8,1,0.08,7623.24,-23.56,-0.31,7599.68,Signal Flip
464,5M_EMA_CONFIRMED_50_200,SHORT,2026-02-04T02:45,2254.6,2026-02-04T03:10,2265.91,5,0.42,7599.68,-38.12,-0.5,7561.56,Signal Flip
465,5M_EMA_CONFIRMED_50_200,LONG,2026-02-04T03:55,2284.02,2026-02-04T05:40,2266.38,21,1.75,7561.56,-58.42,-0.77,7503.14,Signal Flip
466,5M_EMA_CONFIRMED_50_200,LONG,2026-02-04T06:10,2276.38,2026-02-04T06:25,2264.22,3,0.25,7503.14,-40.08,-0.53,7463.06,Signal Flip
467,5M_EMA_CONFIRMED_50_200,LONG,2026-02-04T06:30,2271.26,2026-02-04T07:05,2268.14,7,0.58,7463.06,-10.25,-0.14,7452.81,Signal Flip
468,5M_EMA_CONFIRMED_50_200,LONG,2026-02-04T07:15,2283.46,2026-02-04T08:25,2271.79,14,1.17,7452.81,-38.08,-0.51,7414.73,Signal Flip
469,5M_EMA_CONFIRMED_50_200,LONG,2026-02-04T08:40,2278.14,2026-02-04T09:05,2273.81,5,0.42,7414.73,-14.08,-0.19,7400.65,Signal Flip
470,5M_EMA_CONFIRMED_50_200,SHORT,2026-02-04T10:30,2254.86,2026-02-04T12:20,2263.24,22,1.83,7400.65,-27.5,-0.37,7373.15,Signal Flip
471,5M_EMA_CONFIRMED_50_200,SHORT,2026-02-04T12:25,2253.11,2026-02-04T18:35,2151.15,74,6.17,7373.15,333.68,4.53,7706.83,Signal Flip
472,5M_EMA_CONFIRMED_50_200,SHORT,2026-02-04T19:25,2138.46,2026-02-04T19:35,2147.03,2,0.17,7706.83,-30.9,-0.4,7675.93,Signal Flip
473,5M_EMA_CONFIRMED_50_200,SHORT,2026-02-04T19:40,2137.6,2026-02-04T19:45,2154.38,1,0.08,7675.93,-60.24,-0.78,7615.69,Signal Flip
474,5M_EMA_CONFIRMED_50_200,SHORT,2026-02-04T21:20,2150.66,2026-02-04T22:25,2157.92,13,1.08,7615.69,-25.69,-0.34,7590.0,Signal Flip
475,5M_EMA_CONFIRMED_50_200,SHORT,2026-02-04T22:40,2145.25,2026-02-04T23:20,2144.08,8,0.67,7590.0,4.12,0.05,7594.13,Signal Flip
476,5M_EMA_CONFIRMED_50_200,SHORT,2026-02-05T00:05,2141.76,2026-02-05T00:20,2148.82,3,0.25,7594.13,-25.05,-0.33,7569.08,Signal Flip
477,5M_EMA_CONFIRMED_50_200,SHORT,2026-02-05T01:20,2140.09,2026-02-05T01:30,2164.61,2,0.17,7569.08,-86.73,-1.15,7482.34,Signal Flip
478,5M_EMA_CONFIRMED_50_200,SHORT,2026-02-05T01:55,2148.1,2026-02-05T02:40,2155.74,9,0.75,7482.34,-26.62,-0.36,7455.73,Signal Flip
479,5M_EMA_CONFIRMED_50_200,SHORT,2026-02-05T02:50,2135.95,2026-02-05T05:45,2120.33,35,2.92,7455.73,54.53,0.73,7510.26,Signal Flip
480,5M_EMA_CONFIRMED_50_200,SHORT,2026-02-05T05:50,2095.85,2026-02-05T07:05,2118.16,15,1.25,7510.26,-79.93,-1.06,7430.32,Signal Flip
481,5M_EMA_CONFIRMED_50_200,SHORT,2026-02-05T07:10,2102.94,2026-02-05T07:15,2106.96,1,0.08,7430.32,-14.22,-0.19,7416.1,Signal Flip
482,5M_EMA_CONFIRMED_50_200,SHORT,2026-02-05T07:45,2102.25,2026-02-05T08:20,2106.47,7,0.58,7416.1,-14.9,-0.2,7401.2,Signal Flip
483,5M_EMA_CONFIRMED_50_200,SHORT,2026-02-05T10:50,2112.37,2026-02-05T14:30,2077.93,44,3.67,7401.2,120.69,1.63,7521.88,Signal Flip
484,5M_EMA_CONFIRMED_50_200,SHORT,2026-02-05T14:50,2075.84,2026-02-05T23:05,1899.05,99,8.25,7521.88,640.61,8.52,8162.5,Signal Flip
485,5M_EMA_CONFIRMED_50_200,SHORT,2026-02-05T23:20,1886.1,2026-02-06T00:40,1865.41,16,1.33,8162.5,89.52,1.1,8252.01,Signal Flip
486,5M_EMA_CONFIRMED_50_200,SHORT,2026-02-06T03:25,1891.21,2026-02-06T03:30,1897.4,1,0.08,8252.01,-26.98,-0.33,8225.03,Signal Flip
487,5M_EMA_CONFIRMED_50_200,SHORT,2026-02-06T03:45,1889.41,2026-02-06T04:15,1901.63,6,0.5,8225.03,-53.18,-0.65,8171.85,Signal Flip
488,5M_EMA_CONFIRMED_50_200,SHORT,2026-02-06T06:45,1918.24,2026-02-06T09:25,1904.34,32,2.67,8171.85,59.21,0.72,8231.06,Signal Flip
489,5M_EMA_CONFIRMED_50_200,SHORT,2026-02-06T12:35,1916.36,2026-02-06T12:45,1923.53,2,0.17,8231.06,-30.8,-0.37,8200.26,Signal Flip
490,5M_EMA_CONFIRMED_50_200,SHORT,2026-02-06T12:55,1917.68,2026-02-06T13:00,1921.87,1,0.08,8200.26,-17.92,-0.22,8182.35,Signal Flip
491,5M_EMA_CONFIRMED_50_200,LONG,2026-02-06T13:45,1952.85,2026-02-06T21:35,2045.54,94,7.83,8182.35,388.37,4.75,8570.72,Signal Flip
492,5M_EMA_CONFIRMED_50_200,LONG,2026-02-06T21:40,2052.24,2026-02-06T23:20,2053.23,20,1.67,8570.72,4.16,0.05,8574.88,Signal Flip
493,5M_EMA_CONFIRMED_50_200,LONG,2026-02-06T23:25,2059.59,2026-02-07T00:05,2055.9,8,0.67,8574.88,-15.35,-0.18,8559.53,Signal Flip
494,5M_EMA_CONFIRMED_50_200,LONG,2026-02-07T01:40,2053.46,2026-02-07T01:45,2049.87,1,0.08,8559.53,-14.93,-0.17,8544.6,Signal Flip
495,5M_EMA_CONFIRMED_50_200,LONG,2026-02-07T01:50,2060.14,2026-02-07T02:50,2050.97,12,1.0,8544.6,-38.01,-0.44,8506.59,Signal Flip
496,5M_EMA_CONFIRMED_50_200,LONG,2026-02-07T02:55,2057.05,2026-02-07T05:55,2078.57,36,3.0,8506.59,89.0,1.05,8595.59,Signal Flip
497,5M_EMA_CONFIRMED_50_200,LONG,2026-02-07T06:00,2084.82,2026-02-07T06:20,2073.09,4,0.33,8595.59,-48.36,-0.56,8547.23,Signal Flip
498,5M_EMA_CONFIRMED_50_200,LONG,2026-02-07T06:35,2081.22,2026-02-07T06:45,2076.41,2,0.17,8547.23,-19.75,-0.23,8527.48,Signal Flip
499,5M_EMA_CONFIRMED_50_200,SHORT,2026-02-07T09:30,2020.86,2026-02-07T12:05,2033.5,31,2.58,8527.48,-53.33,-0.63,8474.16,Signal Flip
500,5M_EMA_CONFIRMED_50_200,SHORT,2026-02-07T13:40,2027.42,2026-02-07T13:50,2039.21,2,0.17,8474.16,-49.29,-0.58,8424.86,Signal Flip
501,5M_EMA_CONFIRMED_50_200,LONG,2026-02-07T14:20,2043.91,2026-02-07T14:40,2025.5,4,0.33,8424.86,-75.9,-0.9,8348.96,Signal Flip
502,5M_EMA_CONFIRMED_50_200,SHORT,2026-02-07T14:50,2013.34,2026-02-07T15:10,2037.47,4,0.33,8348.96,-100.04,-1.2,8248.91,Signal Flip
503,5M_EMA_CONFIRMED_50_200,LONG,2026-02-07T15:35,2056.88,2026-02-07T17:10,2040.92,19,1.58,8248.91,-64.0,-0.78,8184.91,Signal Flip
504,5M_EMA_CONFIRMED_50_200,LONG,2026-02-07T17:20,2051.63,2026-02-07T22:45,2089.94,65,5.42,8184.91,152.87,1.87,8337.79,Signal Flip
505,5M_EMA_CONFIRMED_50_200,LONG,2026-02-07T23:50,2093.73,2026-02-08T00:00,2086.04,2,0.17,8337.79,-30.62,-0.37,8307.16,Signal Flip
506,5M_EMA_CONFIRMED_50_200,LONG,2026-02-08T00:05,2092.87,2026-02-08T00:10,2088.36,1,0.08,8307.16,-17.9,-0.22,8289.26,Signal Flip
507,5M_EMA_CONFIRMED_50_200,LONG,2026-02-08T00:15,2091.63,2026-02-08T00:20,2079.87,1,0.08,8289.26,-46.59,-0.56,8242.67,Signal Flip
508,5M_EMA_CONFIRMED_50_200,LONG,2026-02-08T01:10,2090.67,2026-02-08T01:25,2083.73,3,0.25,8242.67,-27.39,-0.33,8215.28,Signal Flip
509,5M_EMA_CONFIRMED_50_200,LONG,2026-02-08T01:35,2088.86,2026-02-08T02:40,2086.08,13,1.08,8215.28,-10.96,-0.13,8204.32,Signal Flip
510,5M_EMA_CONFIRMED_50_200,LONG,2026-02-08T03:30,2090.48,2026-02-08T03:45,2084.37,3,0.25,8204.32,-24.01,-0.29,8180.31,Signal Flip
511,5M_EMA_CONFIRMED_50_200,LONG,2026-02-08T05:00,2088.76,2026-02-08T05:05,2081.22,1,0.08,8180.31,-29.55,-0.36,8150.76,Signal Flip
512,5M_EMA_CONFIRMED_50_200,LONG,2026-02-08T05:15,2088.09,2026-02-08T05:35,2078.82,4,0.33,8150.76,-36.2,-0.44,8114.56,Signal Flip
513,5M_EMA_CONFIRMED_50_200,LONG,2026-02-08T06:00,2085.8,2026-02-08T06:05,2079.57,1,0.08,8114.56,-24.25,-0.3,8090.31,Signal Flip
514,5M_EMA_CONFIRMED_50_200,LONG,2026-02-08T06:15,2087.84,2026-02-08T06:35,2081.84,4,0.33,8090.31,-23.27,-0.29,8067.05,Signal Flip
515,5M_EMA_CONFIRMED_50_200,LONG,2026-02-08T06:40,2085.85,2026-02-08T06:45,2080.71,1,0.08,8067.05,-19.89,-0.25,8047.15,Signal Flip
516,5M_EMA_CONFIRMED_50_200,LONG,2026-02-08T08:00,2085.45,2026-02-08T08:15,2079.75,3,0.25,8047.15,-22.0,-0.27,8025.15,Signal Flip
517,5M_EMA_CONFIRMED_50_200,LONG,2026-02-08T08:25,2098.34,2026-02-08T10:25,2088.18,24,2.0,8025.15,-38.87,-0.48,7986.28,Signal Flip
518,5M_EMA_CONFIRMED_50_200,LONG,2026-02-08T10:50,2099.47,2026-02-08T11:00,2095.03,2,0.17,7986.28,-16.88,-0.21,7969.4,Signal Flip
519,5M_EMA_CONFIRMED_50_200,LONG,2026-02-08T11:05,2104.5,2026-02-08T14:20,2117.87,39,3.25,7969.4,50.63,0.64,8020.03,Signal Flip
520,5M_EMA_CONFIRMED_50_200,LONG,2026-02-08T14:30,2121.79,2026-02-08T15:25,2117.56,11,0.92,8020.03,-15.99,-0.2,8004.04,Signal Flip
521,5M_EMA_CONFIRMED_50_200,LONG,2026-02-08T18:35,2116.76,2026-02-08T20:50,2104.79,27,2.25,8004.04,-45.26,-0.57,7958.77,Signal Flip
522,5M_EMA_CONFIRMED_50_200,LONG,2026-02-08T21:15,2111.64,2026-02-08T21:30,2107.84,3,0.25,7958.77,-14.32,-0.18,7944.45,Signal Flip
523,5M_EMA_CONFIRMED_50_200,LONG,2026-02-08T23:00,2109.5,2026-02-08T23:25,2081.36,5,0.42,7944.45,-106.0,-1.33,7838.46,Signal Flip
524,5M_EMA_CONFIRMED_50_200,SHORT,2026-02-09T00:00,2088.69,2026-02-09T01:25,2100.5,17,1.42,7838.46,-44.34,-0.57,7794.12,Signal Flip
525,5M_EMA_CONFIRMED_50_200,SHORT,2026-02-09T01:30,2090.85,2026-02-09T02:45,2091.52,15,1.25,7794.12,-2.46,-0.03,7791.65,Signal Flip
526,5M_EMA_CONFIRMED_50_200,SHORT,2026-02-09T02:55,2081.91,2026-02-09T03:20,2087.49,5,0.42,7791.65,-20.9,-0.27,7770.75,Signal Flip
527,5M_EMA_CONFIRMED_50_200,SHORT,2026-02-09T03:25,2081.88,2026-02-09T03:30,2088.15,1,0.08,7770.75,-23.42,-0.3,7747.33,Signal Flip
528,5M_EMA_CONFIRMED_50_200,SHORT,2026-02-09T04:40,2086.45,2026-02-09T04:45,2091.25,1,0.08,7747.33,-17.82,-0.23,7729.51,Signal Flip
529,5M_EMA_CONFIRMED_50_200,SHORT,2026-02-09T04:55,2087.03,2026-02-09T05:00,2091.4,1,0.08,7729.51,-16.18,-0.21,7713.33,Signal Flip
530,5M_EMA_CONFIRMED_50_200,SHORT,2026-02-09T05:05,2084.87,2026-02-09T05:25,2090.99,4,0.33,7713.33,-22.67,-0.29,7690.66,Signal Flip
531,5M_EMA_CONFIRMED_50_200,SHORT,2026-02-09T06:05,2086.33,2026-02-09T06:15,2091.66,2,0.17,7690.66,-19.64,-0.26,7671.01,Signal Flip
532,5M_EMA_CONFIRMED_50_200,SHORT,2026-02-09T06:20,2076.06,2026-02-09T07:20,2088.0,12,1.0,7671.01,-44.13,-0.58,7626.89,Signal Flip
533,5M_EMA_CONFIRMED_50_200,SHORT,2026-02-09T07:25,2082.05,2026-02-09T13:15,2047.09,70,5.83,7626.89,128.05,1.68,7754.94,Signal Flip
534,5M_EMA_CONFIRMED_50_200,SHORT,2026-02-09T13:35,2036.87,2026-02-09T13:40,2043.5,1,0.08,7754.94,-25.24,-0.33,7729.69,Signal Flip
535,5M_EMA_CONFIRMED_50_200,SHORT,2026-02-09T13:50,2033.55,2026-02-09T14:40,2040.46,10,0.83,7729.69,-26.25,-0.34,7703.44,Signal Flip
536,5M_EMA_CONFIRMED_50_200,SHORT,2026-02-09T15:25,2034.75,2026-02-09T15:35,2044.2,2,0.17,7703.44,-35.78,-0.46,7667.66,Signal Flip
537,5M_EMA_CONFIRMED_50_200,LONG,2026-02-09T17:40,2128.38,2026-02-09T21:20,2112.64,44,3.67,7667.66,-56.71,-0.74,7610.96,Signal Flip
538,5M_EMA_CONFIRMED_50_200,LONG,2026-02-09T21:25,2117.4,2026-02-09T21:30,2112.21,1,0.08,7610.96,-18.64,-0.24,7592.32,Signal Flip
539,5M_EMA_CONFIRMED_50_200,LONG,2026-02-09T21:55,2129.45,2026-02-09T22:55,2110.43,12,1.0,7592.32,-67.81,-0.89,7524.51,Signal Flip
540,5M_EMA_CONFIRMED_50_200,LONG,2026-02-09T23:00,2116.28,2026-02-09T23:15,2112.54,3,0.25,7524.51,-13.28,-0.18,7511.23,Signal Flip
541,5M_EMA_CONFIRMED_50_200,LONG,2026-02-10T01:10,2110.95,2026-02-10T02:30,2109.0,16,1.33,7511.23,-6.94,-0.09,7504.29,Signal Flip
542,5M_EMA_CONFIRMED_50_200,SHORT,2026-02-10T04:15,2072.04,2026-02-10T09:05,2030.81,58,4.83,7504.29,149.32,1.99,7653.61,Signal Flip
543,5M_EMA_CONFIRMED_50_200,SHORT,2026-02-10T09:10,2023.99,2026-02-10T11:35,2022.03,29,2.42,7653.61,7.4,0.1,7661.01,Signal Flip
544,5M_EMA_CONFIRMED_50_200,SHORT,2026-02-10T11:40,2015.38,2026-02-10T13:25,2016.2,21,1.75,7661.01,-3.1,-0.04,7657.91,Signal Flip
545,5M_EMA_CONFIRMED_50_200,SHORT,2026-02-10T13:30,2012.63,2026-02-10T13:35,2027.41,1,0.08,7657.91,-56.24,-0.73,7601.67,Signal Flip
546,5M_EMA_CONFIRMED_50_200,SHORT,2026-02-10T14:05,2013.65,2026-02-10T14:10,2021.48,1,0.08,7601.67,-29.55,-0.39,7572.12,Signal Flip
547,5M_EMA_CONFIRMED_50_200,SHORT,2026-02-10T14:40,2013.09,2026-02-10T15:10,2023.57,6,0.5,7572.12,-39.41,-0.52,7532.71,Signal Flip
548,5M_EMA_CONFIRMED_50_200,SHORT,2026-02-10T15:15,2009.83,2026-02-10T15:20,2019.59,1,0.08,7532.71,-36.56,-0.49,7496.15,Signal Flip
549,5M_EMA_CONFIRMED_50_200,SHORT,2026-02-10T16:05,2016.36,2026-02-10T16:15,2035.54,2,0.17,7496.15,-71.29,-0.95,7424.86,Signal Flip
550,5M_EMA_CONFIRMED_50_200,SHORT,2026-02-10T17:05,2020.14,2026-02-10T17:10,2026.93,1,0.08,7424.86,-24.97,-0.34,7399.89,Signal Flip
551,5M_EMA_CONFIRMED_50_200,SHORT,2026-02-10T18:25,2014.01,2026-02-10T19:40,2024.55,15,1.25,7399.89,-38.72,-0.52,7361.17,Signal Flip
552,5M_EMA_CONFIRMED_50_200,SHORT,2026-02-10T19:55,2015.63,2026-02-10T22:30,2015.65,31,2.58,7361.17,-0.06,-0.0,7361.11,Signal Flip
553,5M_EMA_CONFIRMED_50_200,SHORT,2026-02-10T22:50,2012.03,2026-02-10T22:55,2015.17,1,0.08,7361.11,-11.46,-0.16,7349.64,Signal Flip
554,5M_EMA_CONFIRMED_50_200,SHORT,2026-02-10T23:25,2012.44,2026-02-10T23:35,2016.21,2,0.17,7349.64,-13.75,-0.19,7335.9,Signal Flip
555,5M_EMA_CONFIRMED_50_200,SHORT,2026-02-11T01:25,2018.3,2026-02-11T01:40,2020.95,3,0.25,7335.9,-9.63,-0.13,7326.27,Signal Flip
556,5M_EMA_CONFIRMED_50_200,SHORT,2026-02-11T02:50,2014.36,2026-02-11T11:25,1952.99,103,8.58,7326.27,223.23,3.05,7549.49,Signal Flip
557,5M_EMA_CONFIRMED_50_200,SHORT,2026-02-11T12:45,1949.18,2026-02-11T12:55,1953.87,2,0.17,7549.49,-18.13,-0.24,7531.36,Signal Flip
558,5M_EMA_CONFIRMED_50_200,SHORT,2026-02-11T13:05,1948.49,2026-02-11T13:35,1965.48,6,0.5,7531.36,-65.7,-0.87,7465.66,Signal Flip
559,5M_EMA_CONFIRMED_50_200,SHORT,2026-02-11T13:55,1950.43,2026-02-11T14:00,1961.58,1,0.08,7465.66,-42.66,-0.57,7423.0,Signal Flip
560,5M_EMA_CONFIRMED_50_200,SHORT,2026-02-11T14:50,1953.17,2026-02-11T16:15,1954.54,17,1.42,7423.0,-5.18,-0.07,7417.82,Signal Flip
561,5M_EMA_CONFIRMED_50_200,SHORT,2026-02-11T16:30,1935.28,2026-02-11T17:55,1937.79,17,1.42,7417.82,-9.61,-0.13,7408.21,Signal Flip
562,5M_EMA_CONFIRMED_50_200,SHORT,2026-02-11T18:00,1928.99,2026-02-11T18:25,1938.72,5,0.42,7408.21,-37.38,-0.5,7370.83,Signal Flip
563,5M_EMA_CONFIRMED_50_200,SHORT,2026-02-11T20:30,1940.95,2026-02-11T20:35,1945.17,1,0.08,7370.83,-16.04,-0.22,7354.79,Signal Flip
564,5M_EMA_CONFIRMED_50_200,SHORT,2026-02-11T22:55,1949.42,2026-02-12T00:10,1953.48,15,1.25,7354.79,-15.29,-0.21,7339.5,Signal Flip
565,5M_EMA_CONFIRMED_50_200,LONG,2026-02-12T01:40,1975.37,2026-02-12T02:15,1958.11,7,0.58,7339.5,-64.12,-0.87,7275.39,Signal Flip
566,5M_EMA_CONFIRMED_50_200,LONG,2026-02-12T02:25,1963.04,2026-02-12T03:00,1957.72,7,0.58,7275.39,-19.72,-0.27,7255.67,Signal Flip
567,5M_EMA_CONFIRMED_50_200,LONG,2026-02-12T03:05,1964.43,2026-02-12T03:20,1958.06,3,0.25,7255.67,-23.53,-0.32,7232.14,Signal Flip
568,5M_EMA_CONFIRMED_50_200,LONG,2026-02-12T03:30,1963.15,2026-02-12T05:15,1956.56,21,1.75,7232.14,-24.28,-0.34,7207.86,Signal Flip
569,5M_EMA_CONFIRMED_50_200,LONG,2026-02-12T05:35,1969.86,2026-02-12T07:10,1966.72,19,1.58,7207.86,-11.52,-0.16,7196.34,Signal Flip
570,5M_EMA_CONFIRMED_50_200,LONG,2026-02-12T07:15,1970.15,2026-02-12T07:50,1967.84,7,0.58,7196.34,-8.47,-0.12,7187.87,Signal Flip
571,5M_EMA_CONFIRMED_50_200,LONG,2026-02-12T08:05,1971.62,2026-02-12T08:20,1961.15,3,0.25,7187.87,-38.16,-0.53,7149.71,Signal Flip
572,5M_EMA_CONFIRMED_50_200,LONG,2026-02-12T09:15,1970.26,2026-02-12T12:25,1981.02,38,3.17,7149.71,39.03,0.55,7188.74,Signal Flip
573,5M_EMA_CONFIRMED_50_200,LONG,2026-02-12T12:30,1985.83,2026-02-12T12:35,1979.93,1,0.08,7188.74,-21.37,-0.3,7167.37,Signal Flip
574,5M_EMA_CONFIRMED_50_200,LONG,2026-02-12T12:40,1984.14,2026-02-12T12:45,1981.74,1,0.08,7167.37,-8.68,-0.12,7158.69,Signal Flip
575,5M_EMA_CONFIRMED_50_200,LONG,2026-02-12T12:50,1986.8,2026-02-12T12:55,1976.8,1,0.08,7158.69,-36.04,-0.5,7122.65,Signal Flip
576,5M_EMA_CONFIRMED_50_200,LONG,2026-02-12T13:10,1986.51,2026-02-12T13:30,1980.01,4,0.33,7122.65,-23.32,-0.33,7099.33,Signal Flip
577,5M_EMA_CONFIRMED_50_200,LONG,2026-02-12T13:35,1988.04,2026-02-12T14:05,1982.78,6,0.5,7099.33,-18.8,-0.26,7080.53,Signal Flip
578,5M_EMA_CONFIRMED_50_200,LONG,2026-02-12T14:10,1985.76,2026-02-12T14:20,1981.87,2,0.17,7080.53,-13.88,-0.2,7066.65,Signal Flip
579,5M_EMA_CONFIRMED_50_200,LONG,2026-02-12T14:30,1987.53,2026-02-12T14:45,1976.03,3,0.25,7066.65,-40.89,-0.58,7025.75,Signal Flip
580,5M_EMA_CONFIRMED_50_200,LONG,2026-02-12T14:55,1988.19,2026-02-12T15:00,1977.51,1,0.08,7025.75,-37.75,-0.54,6988.0,Signal Flip
581,5M_EMA_CONFIRMED_50_200,SHORT,2026-02-12T16:15,1918.77,2026-02-12T19:25,1936.77,38,3.17,6988.0,-65.55,-0.94,6922.46,Signal Flip
582,5M_EMA_CONFIRMED_50_200,SHORT,2026-02-12T19:55,1928.22,2026-02-12T20:05,1931.86,2,0.17,6922.46,-13.07,-0.19,6909.39,Signal Flip
583,5M_EMA_CONFIRMED_50_200,SHORT,2026-02-12T20:10,1923.9,2026-02-12T21:35,1925.93,17,1.42,6909.39,-7.31,-0.11,6902.08,Signal Flip
584,5M_EMA_CONFIRMED_50_200,SHORT,2026-02-12T21:40,1923.81,2026-02-12T21:45,1925.96,1,0.08,6902.08,-7.73,-0.11,6894.35,Signal Flip
585,5M_EMA_CONFIRMED_50_200,SHORT,2026-02-12T21:50,1922.17,2026-02-12T21:55,1925.75,1,0.08,6894.35,-12.85,-0.19,6881.49,Signal Flip
586,5M_EMA_CONFIRMED_50_200,SHORT,2026-02-12T22:00,1922.56,2026-02-12T22:05,1925.87,1,0.08,6881.49,-11.86,-0.17,6869.63,Signal Flip
587,5M_EMA_CONFIRMED_50_200,SHORT,2026-02-12T22:10,1922.97,2026-02-12T22:15,1926.2,1,0.08,6869.63,-11.56,-0.17,6858.08,Signal Flip
588,5M_EMA_CONFIRMED_50_200,SHORT,2026-02-12T22:20,1922.5,2026-02-12T22:25,1927.69,1,0.08,6858.08,-18.53,-0.27,6839.54,Signal Flip
589,5M_EMA_CONFIRMED_50_200,SHORT,2026-02-13T00:30,1934.16,2026-02-13T00:40,1938.87,2,0.17,6839.54,-16.64,-0.24,6822.9,Signal Flip
590,5M_EMA_CONFIRMED_50_200,SHORT,2026-02-13T00:45,1931.22,2026-02-13T01:05,1938.59,4,0.33,6822.9,-26.02,-0.38,6796.88,Signal Flip
591,5M_EMA_CONFIRMED_50_200,LONG,2026-02-13T03:50,1953.7,2026-02-13T05:00,1943.8,14,1.17,6796.88,-34.44,-0.51,6762.44,Signal Flip
592,5M_EMA_CONFIRMED_50_200,SHORT,2026-02-13T05:55,1937.99,2026-02-13T07:15,1947.76,16,1.33,6762.44,-34.1,-0.5,6728.34,Signal Flip
593,5M_EMA_CONFIRMED_50_200,SHORT,2026-02-13T07:40,1936.1,2026-02-13T08:25,1942.06,9,0.75,6728.34,-20.71,-0.31,6707.63,Signal Flip
594,5M_EMA_CONFIRMED_50_200,LONG,2026-02-13T09:10,1959.4,2026-02-13T11:25,1952.91,27,2.25,6707.63,-22.2,-0.33,6685.43,Signal Flip
595,5M_EMA_CONFIRMED_50_200,LONG,2026-02-13T11:30,1957.13,2026-02-13T11:35,1949.69,1,0.08,6685.43,-25.39,-0.38,6660.04,Signal Flip
596,5M_EMA_CONFIRMED_50_200,LONG,2026-02-13T11:40,1957.61,2026-02-13T20:30,2045.06,106,8.83,6660.04,297.51,4.47,6957.55,Signal Flip
597,5M_EMA_CONFIRMED_50_200,LONG,2026-02-13T20:50,2049.63,2026-02-13T20:55,2045.5,1,0.08,6957.55,-14.05,-0.2,6943.5,Signal Flip
598,5M_EMA_CONFIRMED_50_200,LONG,2026-02-13T21:05,2056.51,2026-02-13T22:15,2044.57,14,1.17,6943.5,-40.32,-0.58,6903.19,Signal Flip
599,5M_EMA_CONFIRMED_50_200,LONG,2026-02-13T22:25,2051.62,2026-02-13T22:40,2046.42,3,0.25,6903.19,-17.49,-0.25,6885.69,Signal Flip
600,5M_EMA_CONFIRMED_50_200,LONG,2026-02-13T22:55,2053.82,2026-02-13T23:30,2049.26,7,0.58,6885.69,-15.26,-0.22,6870.43,Signal Flip
601,5M_EMA_CONFIRMED_50_200,LONG,2026-02-13T23:35,2053.02,2026-02-13T23:40,2047.51,1,0.08,6870.43,-18.44,-0.27,6851.99,Signal Flip
602,5M_EMA_CONFIRMED_50_200,LONG,2026-02-14T00:45,2052.69,2026-02-14T02:25,2047.33,20,1.67,6851.99,-17.89,-0.26,6834.1,Signal Flip
603,5M_EMA_CONFIRMED_50_200,LONG,2026-02-14T03:15,2052.72,2026-02-14T03:20,2049.53,1,0.08,6834.1,-10.59,-0.15,6823.51,Signal Flip
604,5M_EMA_CONFIRMED_50_200,LONG,2026-02-14T03:25,2052.48,2026-02-14T05:10,2050.42,21,1.75,6823.51,-6.82,-0.1,6816.69,Signal Flip
605,5M_EMA_CONFIRMED_50_200,LONG,2026-02-14T05:15,2055.16,2026-02-14T05:40,2051.77,5,0.42,6816.69,-11.22,-0.16,6805.47,Signal Flip
606,5M_EMA_CONFIRMED_50_200,LONG,2026-02-14T05:45,2054.97,2026-02-14T05:55,2050.62,2,0.17,6805.47,-14.38,-0.21,6791.09,Signal Flip
607,5M_EMA_CONFIRMED_50_200,LONG,2026-02-14T06:40,2055.05,2026-02-14T07:10,2051.62,6,0.5,6791.09,-11.31,-0.17,6779.77,Signal Flip
608,5M_EMA_CONFIRMED_50_200,LONG,2026-02-14T07:15,2054.77,2026-02-14T07:40,2050.59,5,0.42,6779.77,-13.77,-0.2,6766.01,Signal Flip
609,5M_EMA_CONFIRMED_50_200,LONG,2026-02-14T07:45,2056.48,2026-02-14T12:40,2078.6,59,4.92,6766.01,72.78,1.08,6838.79,Signal Flip
610,5M_EMA_CONFIRMED_50_200,LONG,2026-02-14T14:55,2085.71,2026-02-14T16:15,2078.61,16,1.33,6838.79,-23.29,-0.34,6815.5,Signal Flip
611,5M_EMA_CONFIRMED_50_200,LONG,2026-02-14T16:50,2081.65,2026-02-14T17:05,2078.27,3,0.25,6815.5,-11.07,-0.16,6804.44,Signal Flip
612,5M_EMA_CONFIRMED_50_200,LONG,2026-02-14T17:15,2086.64,2026-02-14T17:50,2079.2,7,0.58,6804.44,-24.27,-0.36,6780.17,Signal Flip
613,5M_EMA_CONFIRMED_50_200,LONG,2026-02-14T18:05,2083.97,2026-02-14T20:20,2083.0,27,2.25,6780.17,-3.17,-0.05,6777.0,Signal Flip
614,5M_EMA_CONFIRMED_50_200,LONG,2026-02-14T20:25,2086.37,2026-02-14T21:25,2084.51,12,1.0,6777.0,-6.06,-0.09,6770.94,Signal Flip
615,5M_EMA_CONFIRMED_50_200,LONG,2026-02-14T21:55,2087.56,2026-02-14T22:00,2084.82,1,0.08,6770.94,-8.91,-0.13,6762.03,Signal Flip
616,5M_EMA_CONFIRMED_50_200,LONG,2026-02-14T22:05,2088.71,2026-02-14T23:25,2085.5,16,1.33,6762.03,-10.42,-0.15,6751.62,Signal Flip
617,5M_EMA_CONFIRMED_50_200,LONG,2026-02-14T23:30,2089.63,2026-02-14T23:45,2086.62,3,0.25,6751.62,-9.75,-0.14,6741.87,Signal Flip
618,5M_EMA_CONFIRMED_50_200,LONG,2026-02-15T00:20,2089.02,2026-02-15T00:25,2082.86,1,0.08,6741.87,-19.9,-0.3,6721.97,Signal Flip
619,5M_EMA_CONFIRMED_50_200,SHORT,2026-02-15T02:15,2059.07,2026-02-15T04:10,2074.71,23,1.92,6721.97,-51.05,-0.76,6670.92,Signal Flip
620,5M_EMA_CONFIRMED_50_200,LONG,2026-02-15T05:50,2094.2,2026-02-15T08:30,2075.3,32,2.67,6670.92,-60.19,-0.9,6610.73,Signal Flip
621,5M_EMA_CONFIRMED_50_200,SHORT,2026-02-15T10:05,2066.71,2026-02-15T22:10,1962.92,145,12.08,6610.73,331.98,5.02,6942.71,Signal Flip
622,5M_EMA_CONFIRMED_50_200,SHORT,2026-02-15T22:15,1959.13,2026-02-15T22:25,1964.42,2,0.17,6942.71,-18.75,-0.27,6923.95,Signal Flip
623,5M_EMA_CONFIRMED_50_200,SHORT,2026-02-15T23:05,1956.9,2026-02-15T23:35,1963.31,6,0.5,6923.95,-22.68,-0.33,6901.27,Signal Flip
624,5M_EMA_CONFIRMED_50_200,SHORT,2026-02-15T23:40,1957.52,2026-02-15T23:45,1963.33,1,0.08,6901.27,-20.48,-0.3,6880.79,Signal Flip
625,5M_EMA_CONFIRMED_50_200,SHORT,2026-02-16T01:35,1961.31,2026-02-16T02:05,1966.78,6,0.5,6880.79,-19.2,-0.28,6861.58,Signal Flip
626,5M_EMA_CONFIRMED_50_200,SHORT,2026-02-16T02:10,1961.84,2026-02-16T04:05,1965.62,23,1.92,6861.58,-13.23,-0.19,6848.35,Signal Flip
627,5M_EMA_CONFIRMED_50_200,SHORT,2026-02-16T05:15,1959.97,2026-02-16T06:35,1965.2,16,1.33,6848.35,-18.28,-0.27,6830.07,Signal Flip
628,5M_EMA_CONFIRMED_50_200,LONG,2026-02-16T10:50,1983.4,2026-02-16T11:10,1973.97,4,0.33,6830.07,-32.47,-0.48,6797.6,Signal Flip
629,5M_EMA_CONFIRMED_50_200,SHORT,2026-02-16T11:15,1965.22,2026-02-16T11:55,1977.87,8,0.67,6797.6,-43.76,-0.64,6753.84,Signal Flip
630,5M_EMA_CONFIRMED_50_200,SHORT,2026-02-16T12:20,1972.82,2026-02-16T12:30,1993.42,2,0.17,6753.84,-70.5,-1.04,6683.34,Signal Flip
631,5M_EMA_CONFIRMED_50_200,LONG,2026-02-16T12:45,1998.69,2026-02-16T13:30,1975.62,9,0.75,6683.34,-77.13,-1.15,6606.2,Signal Flip
632,5M_EMA_CONFIRMED_50_200,SHORT,2026-02-16T14:40,1969.27,2026-02-16T15:05,1981.65,5,0.42,6606.2,-41.52,-0.63,6564.69,Signal Flip
633,5M_EMA_CONFIRMED_50_200,SHORT,2026-02-16T15:15,1972.05,2026-02-16T16:10,1972.57,11,0.92,6564.69,-1.71,-0.03,6562.98,Signal Flip
634,5M_EMA_CONFIRMED_50_200,SHORT,2026-02-16T16:20,1965.01,2026-02-16T16:30,1972.42,2,0.17,6562.98,-24.74,-0.38,6538.24,Signal Flip
635,5M_EMA_CONFIRMED_50_200,SHORT,2026-02-16T16:35,1963.96,2026-02-16T16:45,1975.07,2,0.17,6538.24,-36.98,-0.57,6501.25,Signal Flip
636,5M_EMA_CONFIRMED_50_200,SHORT,2026-02-16T17:10,1968.15,2026-02-16T17:15,1973.11,1,0.08,6501.25,-16.39,-0.25,6484.87,Signal Flip
637,5M_EMA_CONFIRMED_50_200,SHORT,2026-02-16T17:20,1966.18,2026-02-16T17:25,1972.59,1,0.08,6484.87,-21.14,-0.33,6463.73,Signal Flip
638,5M_EMA_CONFIRMED_50_200,SHORT,2026-02-16T18:45,1973.87,2026-02-16T19:40,1978.72,11,0.92,6463.73,-15.87,-0.25,6447.86,Signal Flip
639,5M_EMA_CONFIRMED_50_200,SHORT,2026-02-16T20:00,1973.05,2026-02-16T20:05,1976.65,1,0.08,6447.86,-11.75,-0.18,6436.11,Signal Flip
640,5M_EMA_CONFIRMED_50_200,SHORT,2026-02-16T20:15,1973.44,2026-02-16T20:25,1975.96,2,0.17,6436.11,-8.2,-0.13,6427.91,Signal Flip
641,5M_EMA_CONFIRMED_50_200,LONG,2026-02-16T20:55,1992.53,2026-02-17T01:55,1991.89,60,5.0,6427.91,-2.04,-0.03,6425.87,Signal Flip
642,5M_EMA_CONFIRMED_50_200,LONG,2026-02-17T02:15,2004.7,2026-02-17T03:05,1991.65,10,0.83,6425.87,-41.82,-0.65,6384.05,Signal Flip
643,5M_EMA_CONFIRMED_50_200,LONG,2026-02-17T04:25,1998.18,2026-02-17T04:30,1992.49,1,0.08,6384.05,-18.16,-0.28,6365.88,Signal Flip
644,5M_EMA_CONFIRMED_50_200,SHORT,2026-02-17T06:00,1974.69,2026-02-17T07:40,1983.7,20,1.67,6365.88,-29.04,-0.46,6336.84,Signal Flip
645,5M_EMA_CONFIRMED_50_200,SHORT,2026-02-17T07:45,1981.06,2026-02-17T07:50,1986.98,1,0.08,6336.84,-18.95,-0.3,6317.89,Signal Flip
646,5M_EMA_CONFIRMED_50_200,SHORT,2026-02-17T08:35,1981.81,2026-02-17T12:10,1975.23,43,3.58,6317.89,20.98,0.33,6338.87,Signal Flip
647,5M_EMA_CONFIRMED_50_200,SHORT,2026-02-17T12:20,1970.9,2026-02-17T12:40,1975.54,4,0.33,6338.87,-14.9,-0.24,6323.97,Signal Flip
648,5M_EMA_CONFIRMED_50_200,SHORT,2026-02-17T12:50,1971.2,2026-02-17T13:10,1976.5,4,0.33,6323.97,-16.98,-0.27,6306.99,Signal Flip
649,5M_EMA_CONFIRMED_50_200,SHORT,2026-02-17T14:40,1978.39,2026-02-17T16:05,1988.58,17,1.42,6306.99,-32.5,-0.52,6274.49,Signal Flip
650,5M_EMA_CONFIRMED_50_200,SHORT,2026-02-17T17:15,1964.75,2026-02-17T18:25,1988.51,14,1.17,6274.49,-75.9,-1.21,6198.59,Signal Flip
651,5M_EMA_CONFIRMED_50_200,LONG,2026-02-17T19:00,1999.7,2026-02-17T22:55,1993.97,47,3.92,6198.59,-17.75,-0.29,6180.84,Signal Flip
652,5M_EMA_CONFIRMED_50_200,LONG,2026-02-17T23:20,1996.56,2026-02-17T23:30,1991.69,2,0.17,6180.84,-15.06,-0.24,6165.78,Signal Flip
653,5M_EMA_CONFIRMED_50_200,LONG,2026-02-17T23:45,1996.05,2026-02-17T23:50,1990.68,1,0.08,6165.78,-16.57,-0.27,6149.21,Signal Flip
654,5M_EMA_CONFIRMED_50_200,LONG,2026-02-18T00:10,1997.73,2026-02-18T00:25,1993.07,3,0.25,6149.21,-14.33,-0.23,6134.88,Signal Flip
655,5M_EMA_CONFIRMED_50_200,LONG,2026-02-18T00:40,1996.24,2026-02-18T00:45,1991.33,1,0.08,6134.88,-15.07,-0.25,6119.81,Signal Flip
656,5M_EMA_CONFIRMED_50_200,LONG,2026-02-18T02:10,1989.83,2026-02-18T02:15,1984.67,1,0.08,6119.81,-15.89,-0.26,6103.92,Signal Flip
657,5M_EMA_CONFIRMED_50_200,LONG,2026-02-18T02:35,1990.24,2026-02-18T07:25,1995.81,58,4.83,6103.92,17.07,0.28,6120.99,Signal Flip
658,5M_EMA_CONFIRMED_50_200,LONG,2026-02-18T07:30,2000.89,2026-02-18T10:20,2011.99,34,2.83,6120.99,33.97,0.55,6154.96,Signal Flip
659,5M_EMA_CONFIRMED_50_200,SHORT,2026-02-18T12:35,1972.4,2026-02-18T15:05,1989.22,30,2.5,6154.96,-52.49,-0.85,6102.47,Signal Flip
660,5M_EMA_CONFIRMED_50_200,SHORT,2026-02-18T15:25,1980.37,2026-02-18T15:30,1982.98,1,0.08,6102.47,-8.05,-0.13,6094.42,Signal Flip
661,5M_EMA_CONFIRMED_50_200,SHORT,2026-02-18T16:05,1975.38,2026-02-18T17:10,1983.27,13,1.08,6094.42,-24.34,-0.4,6070.08,Signal Flip
662,5M_EMA_CONFIRMED_50_200,SHORT,2026-02-18T17:15,1975.17,2026-02-18T17:40,1980.78,5,0.42,6070.08,-17.23,-0.28,6052.85,Signal Flip
663,5M_EMA_CONFIRMED_50_200,SHORT,2026-02-18T17:45,1974.03,2026-02-18T23:30,1949.71,69,5.75,6052.85,74.57,1.23,6127.41,Signal Flip
664,5M_EMA_CONFIRMED_50_200,LONG,2026-02-19T04:40,1977.99,2026-02-19T05:10,1966.83,6,0.5,6127.41,-34.58,-0.56,6092.83,Signal Flip
665,5M_EMA_CONFIRMED_50_200,LONG,2026-02-19T05:15,1971.07,2026-02-19T05:25,1966.64,2,0.17,6092.83,-13.69,-0.22,6079.14,Signal Flip
666,5M_EMA_CONFIRMED_50_200,LONG,2026-02-19T05:50,1969.62,2026-02-19T08:25,1973.2,31,2.58,6079.14,11.05,0.18,6090.19,Signal Flip
667,5M_EMA_CONFIRMED_50_200,LONG,2026-02-19T09:25,1979.62,2026-02-19T09:40,1972.59,3,0.25,6090.19,-21.62,-0.35,6068.57,Signal Flip
668,5M_EMA_CONFIRMED_50_200,SHORT,2026-02-19T11:00,1958.67,2026-02-19T15:05,1943.51,49,4.08,6068.57,46.97,0.77,6115.54,Signal Flip
669,5M_EMA_CONFIRMED_50_200,SHORT,2026-02-19T15:10,1930.15,2026-02-19T17:20,1943.21,26,2.17,6115.54,-41.37,-0.68,6074.17,Signal Flip
670,5M_EMA_CONFIRMED_50_200,SHORT,2026-02-19T17:30,1928.45,2026-02-19T18:15,1934.98,9,0.75,6074.17,-20.57,-0.34,6053.6,Signal Flip
671,5M_EMA_CONFIRMED_50_200,SHORT,2026-02-19T19:40,1928.92,2026-02-19T19:55,1940.45,3,0.25,6053.6,-36.2,-0.6,6017.4,Signal Flip
672,5M_EMA_CONFIRMED_50_200,SHORT,2026-02-19T22:30,1938.73,2026-02-19T22:55,1945.16,5,0.42,6017.4,-19.96,-0.33,5997.44,Signal Flip
673,5M_EMA_CONFIRMED_50_200,LONG,2026-02-20T00:30,1964.18,2026-02-20T02:25,1949.06,23,1.92,5997.44,-46.16,-0.77,5951.28,Signal Flip
674,5M_EMA_CONFIRMED_50_200,LONG,2026-02-20T02:40,1955.31,2026-02-20T02:55,1950.23,3,0.25,5951.28,-15.44,-0.26,5935.84,Signal Flip
675,5M_EMA_CONFIRMED_50_200,LONG,2026-02-20T03:05,1954.15,2026-02-20T03:10,1950.99,1,0.08,5935.84,-9.58,-0.16,5926.26,Signal Flip
676,5M_EMA_CONFIRMED_50_200,LONG,2026-02-20T03:20,1953.23,2026-02-20T04:05,1948.03,9,0.75,5926.26,-15.78,-0.27,5910.48,Signal Flip
677,5M_EMA_CONFIRMED_50_200,SHORT,2026-02-20T05:10,1937.79,2026-02-20T05:35,1962.57,5,0.42,5910.48,-75.58,-1.28,5834.9,Signal Flip
678,5M_EMA_CONFIRMED_50_200,LONG,2026-02-20T05:45,1961.02,2026-02-20T10:45,1961.24,60,5.0,5834.9,0.65,0.01,5835.55,Signal Flip
679,5M_EMA_CONFIRMED_50_200,SHORT,2026-02-20T13:05,1944.03,2026-02-20T14:40,1949.43,19,1.58,5835.55,-16.23,-0.28,5819.32,Signal Flip
680,5M_EMA_CONFIRMED_50_200,SHORT,2026-02-20T14:50,1944.34,2026-02-20T15:05,1965.65,3,0.25,5819.32,-63.79,-1.1,5755.53,Signal Flip
681,5M_EMA_CONFIRMED_50_200,SHORT,2026-02-20T15:15,1944.97,2026-02-20T15:20,1951.46,1,0.08,5755.53,-19.2,-0.33,5736.33,Signal Flip
682,5M_EMA_CONFIRMED_50_200,SHORT,2026-02-20T15:35,1946.15,2026-02-20T15:40,1952.08,1,0.08,5736.33,-17.48,-0.3,5718.85,Signal Flip
683,5M_EMA_CONFIRMED_50_200,LONG,2026-02-20T16:25,1970.98,2026-02-20T17:15,1946.58,10,0.83,5718.85,-70.82,-1.24,5648.03,Signal Flip
684,5M_EMA_CONFIRMED_50_200,LONG,2026-02-20T17:40,1957.9,2026-02-20T19:50,1961.28,26,2.17,5648.03,9.75,0.17,5657.78,Signal Flip
685,5M_EMA_CONFIRMED_50_200,LONG,2026-02-20T19:55,1964.57,2026-02-20T20:30,1962.59,7,0.58,5657.78,-5.71,-0.1,5652.07,Signal Flip
686,5M_EMA_CONFIRMED_50_200,LONG,2026-02-20T20:40,1967.78,2026-02-20T22:15,1964.44,19,1.58,5652.07,-9.61,-0.17,5642.46,Signal Flip
687,5M_EMA_CONFIRMED_50_200,LONG,2026-02-20T22:20,1969.84,2026-02-20T23:15,1967.33,11,0.92,5642.46,-7.21,-0.13,5635.24,Signal Flip
688,5M_EMA_CONFIRMED_50_200,LONG,2026-02-20T23:20,1970.14,2026-02-20T23:25,1966.33,1,0.08,5635.24,-10.92,-0.19,5624.32,Signal Flip
689,5M_EMA_CONFIRMED_50_200,LONG,2026-02-20T23:55,1970.47,2026-02-21T00:05,1966.39,2,0.17,5624.32,-11.67,-0.21,5612.65,Signal Flip
690,5M_EMA_CONFIRMED_50_200,LONG,2026-02-21T01:40,1969.89,2026-02-21T01:55,1965.02,3,0.25,5612.65,-13.9,-0.25,5598.75,Signal Flip
691,5M_EMA_CONFIRMED_50_200,LONG,2026-02-21T02:10,1969.21,2026-02-21T02:50,1964.83,8,0.67,5598.75,-12.47,-0.22,5586.28,Signal Flip
692,5M_EMA_CONFIRMED_50_200,LONG,2026-02-21T05:05,1964.14,2026-02-21T05:10,1961.16,1,0.08,5586.28,-8.48,-0.15,5577.8,Signal Flip
693,5M_EMA_CONFIRMED_50_200,LONG,2026-02-21T05:25,1963.99,2026-02-21T05:50,1960.69,5,0.42,5577.8,-9.38,-0.17,5568.42,Signal Flip
694,5M_EMA_CONFIRMED_50_200,LONG,2026-02-21T06:00,1963.84,2026-02-21T06:10,1961.65,2,0.17,5568.42,-6.22,-0.11,5562.2,Signal Flip
695,5M_EMA_CONFIRMED_50_200,LONG,2026-02-21T06:15,1966.59,2026-02-21T06:35,1961.41,4,0.33,5562.2,-14.66,-0.26,5547.54,Signal Flip
696,5M_EMA_CONFIRMED_50_200,LONG,2026-02-21T07:10,1964.21,2026-02-21T07:45,1960.77,7,0.58,5547.54,-9.72,-0.18,5537.82,Signal Flip
697,5M_EMA_CONFIRMED_50_200,LONG,2026-02-21T08:05,1964.51,2026-02-21T12:30,1969.94,53,4.42,5537.82,15.31,0.28,5553.13,Signal Flip
698,5M_EMA_CONFIRMED_50_200,LONG,2026-02-21T12:50,1974.77,2026-02-21T16:05,1979.22,39,3.25,5553.13,12.52,0.23,5565.65,Signal Flip
699,5M_EMA_CONFIRMED_50_200,LONG,2026-02-21T16:10,1984.09,2026-02-21T16:15,1980.7,1,0.08,5565.65,-9.52,-0.17,5556.14,Signal Flip
700,5M_EMA_CONFIRMED_50_200,LONG,2026-02-21T16:20,1984.04,2026-02-21T16:25,1980.11,1,0.08,5556.14,-11.01,-0.2,5545.13,Signal Flip
701,5M_EMA_CONFIRMED_50_200,LONG,2026-02-21T16:30,1984.99,2026-02-21T20:00,1987.35,42,3.5,5545.13,6.58,0.12,5551.7,Signal Flip
702,5M_EMA_CONFIRMED_50_200,LONG,2026-02-21T20:20,1990.93,2026-02-21T20:40,1984.84,4,0.33,5551.7,-17.0,-0.31,5534.7,Signal Flip
703,5M_EMA_CONFIRMED_50_200,SHORT,2026-02-22T00:05,1972.88,2026-02-22T01:20,1977.27,15,1.25,5534.7,-12.3,-0.22,5522.4,Signal Flip
704,5M_EMA_CONFIRMED_50_200,SHORT,2026-02-22T02:25,1975.13,2026-02-22T04:05,1977.14,20,1.67,5522.4,-5.61,-0.1,5516.79,Signal Flip
705,5M_EMA_CONFIRMED_50_200,SHORT,2026-02-22T04:10,1973.54,2026-02-22T06:00,1975.96,22,1.83,5516.79,-6.75,-0.12,5510.04,Signal Flip
706,5M_EMA_CONFIRMED_50_200,SHORT,2026-02-22T08:10,1974.23,2026-02-22T08:15,1977.68,1,0.08,5510.04,-9.62,-0.17,5500.42,Signal Flip
707,5M_EMA_CONFIRMED_50_200,SHORT,2026-02-22T08:25,1973.24,2026-02-22T09:45,1975.81,16,1.33,5500.42,-7.15,-0.13,5493.27,Signal Flip
708,5M_EMA_CONFIRMED_50_200,LONG,2026-02-22T11:10,1982.24,2026-02-22T12:10,1974.01,12,1.0,5493.27,-22.8,-0.42,5470.47,Signal Flip
709,5M_EMA_CONFIRMED_50_200,SHORT,2026-02-22T12:45,1963.17,2026-02-22T21:40,1951.4,107,8.92,5470.47,32.81,0.6,5503.27,Signal Flip
710,5M_EMA_CONFIRMED_50_200,SHORT,2026-02-22T23:45,1948.27,2026-02-22T23:50,1953.43,1,0.08,5503.27,-14.58,-0.26,5488.7,Signal Flip
711,5M_EMA_CONFIRMED_50_200,SHORT,2026-02-23T00:25,1949.22,2026-02-23T06:15,1875.58,70,5.83,5488.7,207.38,3.78,5696.08,Signal Flip
712,5M_EMA_CONFIRMED_50_200,SHORT,2026-02-23T08:45,1877.68,2026-02-23T08:50,1880.94,1,0.08,5696.08,-9.89,-0.17,5686.19,Signal Flip
713,5M_EMA_CONFIRMED_50_200,SHORT,2026-02-23T08:55,1877.19,2026-02-23T09:00,1881.57,1,0.08,5686.19,-13.27,-0.23,5672.92,Signal Flip
714,5M_EMA_CONFIRMED_50_200,LONG,2026-02-23T12:25,1914.8,2026-02-23T14:25,1914.77,24,2.0,5672.92,-0.07,-0.0,5672.85,Signal Flip
715,5M_EMA_CONFIRMED_50_200,LONG,2026-02-23T14:30,1917.82,2026-02-23T14:35,1911.31,1,0.08,5672.85,-19.24,-0.34,5653.61,Signal Flip
716,5M_EMA_CONFIRMED_50_200,SHORT,2026-02-23T16:10,1884.91,2026-02-23T21:05,1867.58,59,4.92,5653.61,51.96,0.92,5705.57,Signal Flip
717,5M_EMA_CONFIRMED_50_200,SHORT,2026-02-23T21:10,1862.12,2026-02-23T21:15,1868.28,1,0.08,5705.57,-18.89,-0.33,5686.68,Signal Flip
718,5M_EMA_CONFIRMED_50_200,SHORT,2026-02-23T21:35,1863.22,2026-02-23T21:50,1866.76,3,0.25,5686.68,-10.82,-0.19,5675.86,Signal Flip
719,5M_EMA_CONFIRMED_50_200,SHORT,2026-02-23T21:55,1862.61,2026-02-23T22:05,1868.08,2,0.17,5675.86,-16.68,-0.29,5659.18,Signal Flip
720,5M_EMA_CONFIRMED_50_200,SHORT,2026-02-23T22:55,1859.55,2026-02-23T23:10,1867.62,3,0.25,5659.18,-24.57,-0.43,5634.61,Signal Flip
721,5M_EMA_CONFIRMED_50_200,SHORT,2026-02-23T23:20,1861.75,2026-02-24T00:15,1864.34,11,0.92,5634.61,-7.85,-0.14,5626.76,Signal Flip
722,5M_EMA_CONFIRMED_50_200,SHORT,2026-02-24T01:10,1858.13,2026-02-24T05:15,1839.41,49,4.08,5626.76,56.69,1.01,5683.45,Signal Flip
723,5M_EMA_CONFIRMED_50_200,SHORT,2026-02-24T05:20,1829.4,2026-02-24T07:30,1830.99,26,2.17,5683.45,-4.91,-0.09,5678.54,Signal Flip
724,5M_EMA_CONFIRMED_50_200,SHORT,2026-02-24T07:35,1828.14,2026-02-24T08:25,1831.21,10,0.83,5678.54,-9.53,-0.17,5669.0,Signal Flip
725,5M_EMA_CONFIRMED_50_200,SHORT,2026-02-24T09:10,1824.47,2026-02-24T10:20,1827.99,14,1.17,5669.0,-10.96,-0.19,5658.05,Signal Flip
726,5M_EMA_CONFIRMED_50_200,SHORT,2026-02-24T10:25,1826.04,2026-02-24T10:55,1828.41,6,0.5,5658.05,-7.37,-0.13,5650.68,Signal Flip
727,5M_EMA_CONFIRMED_50_200,SHORT,2026-02-24T11:00,1824.97,2026-02-24T12:00,1827.66,12,1.0,5650.68,-8.35,-0.15,5642.33,Signal Flip
728,5M_EMA_CONFIRMED_50_200,SHORT,2026-02-24T12:05,1823.09,2026-02-24T12:10,1826.6,1,0.08,5642.33,-10.88,-0.19,5631.45,Signal Flip
729,5M_EMA_CONFIRMED_50_200,SHORT,2026-02-24T12:40,1820.6,2026-02-24T12:55,1826.35,3,0.25,5631.45,-17.8,-0.32,5613.66,Signal Flip
730,5M_EMA_CONFIRMED_50_200,SHORT,2026-02-24T13:00,1823.01,2026-02-24T13:05,1825.96,1,0.08,5613.66,-9.1,-0.16,5604.56,Signal Flip
731,5M_EMA_CONFIRMED_50_200,SHORT,2026-02-24T13:15,1824.14,2026-02-24T14:40,1822.78,17,1.42,5604.56,4.17,0.07,5608.73,Signal Flip
732,5M_EMA_CONFIRMED_50_200,LONG,2026-02-24T17:00,1859.5,2026-02-24T19:20,1847.54,28,2.33,5608.73,-36.09,-0.64,5572.64,Signal Flip
733,5M_EMA_CONFIRMED_50_200,LONG,2026-02-24T19:25,1852.75,2026-02-24T20:10,1848.75,9,0.75,5572.64,-12.03,-0.22,5560.61,Signal Flip
734,5M_EMA_CONFIRMED_50_200,LONG,2026-02-24T20:15,1853.37,2026-02-24T21:05,1850.16,10,0.83,5560.61,-9.61,-0.17,5551.0,Signal Flip
735,5M_EMA_CONFIRMED_50_200,LONG,2026-02-24T21:15,1854.14,2026-02-24T21:20,1847.61,1,0.08,5551.0,-19.55,-0.35,5531.45,Signal Flip
736,5M_EMA_CONFIRMED_50_200,LONG,2026-02-24T21:45,1854.11,2026-02-24T23:10,1852.41,17,1.42,5531.45,-5.05,-0.09,5526.4,Signal Flip
737,5M_EMA_CONFIRMED_50_200,LONG,2026-02-24T23:15,1857.69,2026-02-24T23:50,1851.97,7,0.58,5526.4,-17.0,-0.31,5509.4,Signal Flip
738,5M_EMA_CONFIRMED_50_200,LONG,2026-02-25T00:45,1857.2,2026-02-25T01:00,1851.05,3,0.25,5509.4,-18.23,-0.33,5491.17,Signal Flip
739,5M_EMA_CONFIRMED_50_200,LONG,2026-02-25T01:05,1855.1,2026-02-25T05:15,1901.74,50,4.17,5491.17,138.06,2.51,5629.23,Signal Flip
740,5M_EMA_CONFIRMED_50_200,LONG,2026-02-25T08:25,1898.7,2026-02-25T22:55,2074.33,174,14.5,5629.23,520.72,9.25,6149.95,Signal Flip
741,5M_EMA_CONFIRMED_50_200,LONG,2026-02-25T23:00,2084.18,2026-02-25T23:05,2078.37,1,0.08,6149.95,-17.15,-0.28,6132.8,Signal Flip
742,5M_EMA_CONFIRMED_50_200,LONG,2026-02-25T23:10,2084.94,2026-02-25T23:20,2068.15,2,0.17,6132.8,-49.41,-0.81,6083.39,Signal Flip
743,5M_EMA_CONFIRMED_50_200,LONG,2026-02-26T00:25,2074.6,2026-02-26T00:30,2066.61,1,0.08,6083.39,-23.43,-0.39,6059.96,Signal Flip
744,5M_EMA_CONFIRMED_50_200,LONG,2026-02-26T00:35,2072.94,2026-02-26T00:40,2054.47,1,0.08,6059.96,-53.98,-0.89,6005.99,Signal Flip
745,5M_EMA_CONFIRMED_50_200,LONG,2026-02-26T03:50,2058.74,2026-02-26T03:55,2054.25,1,0.08,6005.99,-13.09,-0.22,5992.9,Signal Flip
746,5M_EMA_CONFIRMED_50_200,LONG,2026-02-26T04:10,2062.45,2026-02-26T05:20,2059.77,14,1.17,5992.9,-7.79,-0.13,5985.11,Signal Flip
747,5M_EMA_CONFIRMED_50_200,LONG,2026-02-26T05:25,2063.86,2026-02-26T05:40,2060.1,3,0.25,5985.11,-10.91,-0.18,5974.2,Signal Flip
748,5M_EMA_CONFIRMED_50_200,LONG,2026-02-26T05:45,2066.19,2026-02-26T06:05,2061.02,4,0.33,5974.2,-14.96,-0.25,5959.24,Signal Flip
749,5M_EMA_CONFIRMED_50_200,LONG,2026-02-26T06:10,2072.39,2026-02-26T06:35,2063.04,5,0.42,5959.24,-26.88,-0.45,5932.36,Signal Flip
750,5M_EMA_CONFIRMED_50_200,LONG,2026-02-26T07:05,2067.2,2026-02-26T07:20,2061.1,3,0.25,5932.36,-17.52,-0.3,5914.84,Signal Flip
751,5M_EMA_CONFIRMED_50_200,LONG,2026-02-26T09:10,2061.08,2026-02-26T10:50,2064.32,20,1.67,5914.84,9.29,0.16,5924.13,Signal Flip
752,5M_EMA_CONFIRMED_50_200,LONG,2026-02-26T12:10,2065.15,2026-02-26T12:15,2061.83,1,0.08,5924.13,-9.53,-0.16,5914.6,Signal Flip
753,5M_EMA_CONFIRMED_50_200,LONG,2026-02-26T12:20,2066.97,2026-02-26T13:20,2062.27,12,1.0,5914.6,-13.46,-0.23,5901.14,Signal Flip
754,5M_EMA_CONFIRMED_50_200,LONG,2026-02-26T13:30,2072.99,2026-02-26T14:00,2064.19,6,0.5,5901.14,-25.05,-0.42,5876.09,Signal Flip
755,5M_EMA_CONFIRMED_50_200,LONG,2026-02-26T14:15,2067.15,2026-02-26T14:20,2063.37,1,0.08,5876.09,-10.76,-0.18,5865.33,Signal Flip
756,5M_EMA_CONFIRMED_50_200,LONG,2026-02-26T14:25,2071.06,2026-02-26T14:40,2060.22,3,0.25,5865.33,-30.69,-0.52,5834.64,Signal Flip
757,5M_EMA_CONFIRMED_50_200,SHORT,2026-02-26T15:50,2034.6,2026-02-26T19:05,2026.44,39,3.25,5834.64,23.4,0.4,5858.04,Signal Flip
758,5M_EMA_CONFIRMED_50_200,SHORT,2026-02-26T23:10,2026.22,2026-02-26T23:15,2030.75,1,0.08,5858.04,-13.12,-0.22,5844.92,Signal Flip
759,5M_EMA_CONFIRMED_50_200,SHORT,2026-02-26T23:45,2026.3,2026-02-27T00:10,2030.42,5,0.42,5844.92,-11.91,-0.2,5833.01,Signal Flip
760,5M_EMA_CONFIRMED_50_200,SHORT,2026-02-27T00:15,2024.94,2026-02-27T02:00,2022.9,21,1.75,5833.01,5.87,0.1,5838.88,Signal Flip
761,5M_EMA_CONFIRMED_50_200,SHORT,2026-02-27T03:15,2020.68,2026-02-27T03:20,2024.57,1,0.08,5838.88,-11.25,-0.19,5827.63,Signal Flip
762,5M_EMA_CONFIRMED_50_200,SHORT,2026-02-27T03:25,2019.67,2026-02-27T03:35,2027.9,2,0.17,5827.63,-23.76,-0.41,5803.87,Signal Flip
763,5M_EMA_CONFIRMED_50_200,LONG,2026-02-27T04:25,2060.15,2026-02-27T06:10,2037.57,21,1.75,5803.87,-63.61,-1.1,5740.26,Signal Flip
764,5M_EMA_CONFIRMED_50_200,LONG,2026-02-27T06:40,2039.72,2026-02-27T06:45,2036.15,1,0.08,5740.26,-10.04,-0.17,5730.22,Signal Flip
765,5M_EMA_CONFIRMED_50_200,LONG,2026-02-27T07:10,2039.88,2026-02-27T07:15,2036.18,1,0.08,5730.22,-10.39,-0.18,5719.83,Signal Flip
766,5M_EMA_CONFIRMED_50_200,LONG,2026-02-27T08:10,2042.19,2026-02-27T08:35,2033.64,5,0.42,5719.83,-23.94,-0.42,5695.89,Signal Flip
767,5M_EMA_CONFIRMED_50_200,LONG,2026-02-27T09:15,2037.37,2026-02-27T09:25,2033.54,2,0.17,5695.89,-10.69,-0.19,5685.2,Signal Flip
768,5M_EMA_CONFIRMED_50_200,LONG,2026-02-27T09:30,2038.86,2026-02-27T09:40,2028.0,2,0.17,5685.2,-30.29,-0.53,5654.9,Signal Flip
769,5M_EMA_CONFIRMED_50_200,SHORT,2026-02-27T09:55,2008.92,2026-02-27T21:05,1930.46,134,11.17,5654.9,220.83,3.91,5875.73,Signal Flip
770,5M_EMA_CONFIRMED_50_200,SHORT,2026-02-27T21:40,1924.77,2026-02-27T23:05,1925.23,17,1.42,5875.73,-1.42,-0.02,5874.32,Signal Flip
771,5M_EMA_CONFIRMED_50_200,SHORT,2026-02-28T01:30,1924.34,2026-02-28T01:50,1929.26,4,0.33,5874.32,-15.04,-0.26,5859.28,Signal Flip
772,5M_EMA_CONFIRMED_50_200,SHORT,2026-02-28T01:55,1926.24,2026-02-28T02:20,1929.37,5,0.42,5859.28,-9.54,-0.16,5849.73,Signal Flip
773,5M_EMA_CONFIRMED_50_200,SHORT,2026-02-28T03:05,1926.43,2026-02-28T03:10,1929.51,1,0.08,5849.73,-9.38,-0.16,5840.35,Signal Flip
774,5M_EMA_CONFIRMED_50_200,SHORT,2026-02-28T03:35,1924.21,2026-02-28T04:45,1927.95,14,1.17,5840.35,-11.37,-0.19,5828.98,Signal Flip
775,5M_EMA_CONFIRMED_50_200,SHORT,2026-02-28T04:55,1925.14,2026-02-28T05:15,1928.79,4,0.33,5828.98,-11.07,-0.19,5817.91,Signal Flip
776,5M_EMA_CONFIRMED_50_200,SHORT,2026-02-28T05:20,1925.45,2026-02-28T11:05,1873.05,69,5.75,5817.91,158.33,2.72,5976.24,Signal Flip
777,5M_EMA_CONFIRMED_50_200,SHORT,2026-02-28T12:00,1862.39,2026-02-28T12:20,1872.95,4,0.33,5976.24,-33.88,-0.57,5942.37,Signal Flip
778,5M_EMA_CONFIRMED_50_200,SHORT,2026-02-28T12:50,1864.23,2026-02-28T13:00,1869.46,2,0.17,5942.37,-16.69,-0.28,5925.67,Signal Flip
779,5M_EMA_CONFIRMED_50_200,SHORT,2026-02-28T13:05,1866.16,2026-02-28T13:10,1871.29,1,0.08,5925.67,-16.29,-0.27,5909.39,Signal Flip
780,5M_EMA_CONFIRMED_50_200,SHORT,2026-02-28T13:40,1866.57,2026-02-28T13:45,1873.06,1,0.08,5909.39,-20.55,-0.35,5888.84,Signal Flip
781,5M_EMA_CONFIRMED_50_200,SHORT,2026-02-28T15:15,1874.79,2026-02-28T15:20,1884.12,1,0.08,5888.84,-29.3,-0.5,5859.54,Signal Flip
782,5M_EMA_CONFIRMED_50_200,SHORT,2026-02-28T17:45,1889.82,2026-02-28T17:50,1901.95,1,0.08,5859.54,-37.6,-0.64,5821.94,Signal Flip
783,5M_EMA_CONFIRMED_50_200,LONG,2026-02-28T18:20,1905.55,2026-03-01T00:45,1955.4,77,6.42,5821.94,152.3,2.62,5974.24,Signal Flip
784,5M_EMA_CONFIRMED_50_200,LONG,2026-03-01T00:55,1964.48,2026-03-01T01:05,1954.59,2,0.17,5974.24,-30.08,-0.5,5944.17,Signal Flip
785,5M_EMA_CONFIRMED_50_200,LONG,2026-03-01T01:25,1957.75,2026-03-01T01:30,1952.94,1,0.08,5944.17,-14.59,-0.25,5929.58,Signal Flip
786,5M_EMA_CONFIRMED_50_200,LONG,2026-03-01T01:35,1961.57,2026-03-01T04:20,2003.75,33,2.75,5929.58,127.5,2.15,6057.07,Signal Flip
787,5M_EMA_CONFIRMED_50_200,LONG,2026-03-01T04:25,2010.79,2026-03-01T05:55,2009.23,18,1.5,6057.07,-4.7,-0.08,6052.37,Signal Flip
788,5M_EMA_CONFIRMED_50_200,LONG,2026-03-01T07:40,2009.03,2026-03-01T07:45,2004.18,1,0.08,6052.37,-14.63,-0.24,6037.74,Signal Flip
789,5M_EMA_CONFIRMED_50_200,LONG,2026-03-01T08:00,2008.23,2026-03-01T08:05,1999.35,1,0.08,6037.74,-26.71,-0.44,6011.03,Signal Flip
790,5M_EMA_CONFIRMED_50_200,LONG,2026-03-01T08:10,2006.97,2026-03-01T08:35,2002.76,5,0.42,6011.03,-12.62,-0.21,5998.41,Signal Flip
791,5M_EMA_CONFIRMED_50_200,LONG,2026-03-01T13:55,2018.73,2026-03-01T16:00,1992.38,25,2.08,5998.41,-78.28,-1.31,5920.13,Signal Flip
792,5M_EMA_CONFIRMED_50_200,LONG,2026-03-01T16:05,2003.19,2026-03-01T16:15,1997.77,2,0.17,5920.13,-16.02,-0.27,5904.11,Signal Flip
793,5M_EMA_CONFIRMED_50_200,LONG,2026-03-01T16:20,2003.25,2026-03-01T16:50,1972.51,6,0.5,5904.11,-90.59,-1.53,5813.52,Signal Flip
794,5M_EMA_CONFIRMED_50_200,LONG,2026-03-01T18:10,1989.97,2026-03-01T18:15,1983.34,1,0.08,5813.52,-19.39,-0.33,5794.13,Signal Flip
795,5M_EMA_CONFIRMED_50_200,SHORT,2026-03-01T18:50,1980.14,2026-03-01T22:15,1947.05,41,3.42,5794.13,96.81,1.67,5890.94,Signal Flip
796,5M_EMA_CONFIRMED_50_200,SHORT,2026-03-01T22:30,1935.26,2026-03-01T23:10,1947.46,8,0.67,5890.94,-37.14,-0.63,5853.8,Signal Flip
797,5M_EMA_CONFIRMED_50_200,SHORT,2026-03-01T23:15,1935.89,2026-03-01T23:40,1945.2,5,0.42,5853.8,-28.15,-0.48,5825.65,Signal Flip
798,5M_EMA_CONFIRMED_50_200,SHORT,2026-03-01T23:55,1937.4,2026-03-02T00:00,1940.68,1,0.08,5825.65,-9.86,-0.17,5815.79,Signal Flip
799,5M_EMA_CONFIRMED_50_200,SHORT,2026-03-02T02:10,1949.22,2026-03-02T02:35,1955.5,5,0.42,5815.79,-18.71,-0.32,5797.07,Signal Flip
800,5M_EMA_CONFIRMED_50_200,SHORT,2026-03-02T02:55,1951.76,2026-03-02T03:00,1956.61,1,0.08,5797.07,-14.39,-0.25,5782.69,Signal Flip
801,5M_EMA_CONFIRMED_50_200,SHORT,2026-03-02T03:05,1949.38,2026-03-02T03:10,1956.89,1,0.08,5782.69,-22.26,-0.38,5760.43,Signal Flip
802,5M_EMA_CONFIRMED_50_200,LONG,2026-03-02T04:35,1976.91,2026-03-02T06:05,1965.71,18,1.5,5760.43,-32.64,-0.57,5727.79,Signal Flip
803,5M_EMA_CONFIRMED_50_200,LONG,2026-03-02T06:15,1970.18,2026-03-02T06:20,1950.54,1,0.08,5727.79,-57.1,-1.0,5670.69,Signal Flip
804,5M_EMA_CONFIRMED_50_200,SHORT,2026-03-02T06:50,1943.28,2026-03-02T09:00,1950.3,26,2.17,5670.69,-20.5,-0.36,5650.19,Signal Flip
805,5M_EMA_CONFIRMED_50_200,SHORT,2026-03-02T10:00,1946.81,2026-03-02T10:05,1953.91,1,0.08,5650.19,-20.61,-0.36,5629.58,Signal Flip
806,5M_EMA_CONFIRMED_50_200,SHORT,2026-03-02T10:15,1946.46,2026-03-02T10:25,1952.93,2,0.17,5629.58,-18.71,-0.33,5610.87,Signal Flip
807,5M_EMA_CONFIRMED_50_200,SHORT,2026-03-02T10:55,1949.13,2026-03-02T11:00,1953.22,1,0.08,5610.87,-11.75,-0.21,5599.12,Signal Flip
808,5M_EMA_CONFIRMED_50_200,SHORT,2026-03-02T11:10,1937.44,2026-03-02T11:50,1950.15,8,0.67,5599.12,-36.74,-0.66,5562.38,Signal Flip
809,5M_EMA_CONFIRMED_50_200,SHORT,2026-03-02T12:00,1946.83,2026-03-02T12:05,1949.64,1,0.08,5562.38,-8.05,-0.14,5554.32,Signal Flip
810,5M_EMA_CONFIRMED_50_200,SHORT,2026-03-02T12:10,1945.92,2026-03-02T14:35,1954.8,29,2.42,5554.32,-25.35,-0.46,5528.98,Signal Flip
811,5M_EMA_CONFIRMED_50_200,LONG,2026-03-02T15:20,2031.65,2026-03-02T19:10,2025.74,46,3.83,5528.98,-16.08,-0.29,5512.9,Signal Flip
812,5M_EMA_CONFIRMED_50_200,LONG,2026-03-02T19:20,2034.42,2026-03-02T21:05,2030.66,21,1.75,5512.9,-10.17,-0.18,5502.73,Signal Flip
813,5M_EMA_CONFIRMED_50_200,LONG,2026-03-02T21:10,2036.88,2026-03-02T23:25,2039.89,27,2.25,5502.73,8.14,0.15,5510.86,Signal Flip
814,5M_EMA_CONFIRMED_50_200,LONG,2026-03-03T01:15,2038.35,2026-03-03T01:20,2031.75,1,0.08,5510.86,-17.83,-0.32,5493.03,Signal Flip
815,5M_EMA_CONFIRMED_50_200,LONG,2026-03-03T05:20,2015.61,2026-03-03T05:25,2007.62,1,0.08,5493.03,-21.78,-0.4,5471.25,Signal Flip
816,5M_EMA_CONFIRMED_50_200,SHORT,2026-03-03T05:35,2000.25,2026-03-03T12:05,1967.14,78,6.5,5471.25,90.56,1.66,5561.81,Signal Flip
817,5M_EMA_CONFIRMED_50_200,SHORT,2026-03-03T13:00,1966.6,2026-03-03T14:20,1963.47,16,1.33,5561.81,8.84,0.16,5570.65,Signal Flip
818,5M_EMA_CONFIRMED_50_200,SHORT,2026-03-03T14:30,1960.98,2026-03-03T15:40,1968.21,14,1.17,5570.65,-20.55,-0.37,5550.1,Signal Flip
819,5M_EMA_CONFIRMED_50_200,SHORT,2026-03-03T17:10,1966.82,2026-03-03T17:15,1971.53,1,0.08,5550.1,-13.29,-0.24,5536.81,Signal Flip
820,5M_EMA_CONFIRMED_50_200,SHORT,2026-03-03T17:35,1962.64,2026-03-03T17:40,1970.36,1,0.08,5536.81,-21.8,-0.39,5515.01,Signal Flip
821,5M_EMA_CONFIRMED_50_200,LONG,2026-03-03T19:50,1987.72,2026-03-03T20:15,1977.71,5,0.42,5515.01,-27.78,-0.5,5487.23,Signal Flip
822,5M_EMA_CONFIRMED_50_200,LONG,2026-03-03T20:25,1985.15,2026-03-03T20:55,1975.25,6,0.5,5487.23,-27.37,-0.5,5459.86,Signal Flip
823,5M_EMA_CONFIRMED_50_200,SHORT,2026-03-03T21:15,1967.0,2026-03-03T22:05,1977.8,10,0.83,5459.86,-29.98,-0.55,5429.88,Signal Flip
824,5M_EMA_CONFIRMED_50_200,LONG,2026-03-03T23:20,1992.46,2026-03-04T00:05,1980.46,9,0.75,5429.88,-32.69,-0.6,5397.19,Signal Flip
825,5M_EMA_CONFIRMED_50_200,LONG,2026-03-04T00:10,1982.64,2026-03-04T00:15,1979.93,1,0.08,5397.19,-7.38,-0.14,5389.8,Signal Flip
826,5M_EMA_CONFIRMED_50_200,LONG,2026-03-04T00:20,1986.34,2026-03-04T00:25,1979.13,1,0.08,5389.8,-19.57,-0.36,5370.23,Signal Flip
827,5M_EMA_CONFIRMED_50_200,SHORT,2026-03-04T01:00,1975.7,2026-03-04T01:05,1983.85,1,0.08,5370.23,-22.15,-0.41,5348.08,Signal Flip
828,5M_EMA_CONFIRMED_50_200,LONG,2026-03-04T01:05,1983.85,2026-03-04T01:10,1978.25,1,0.08,5348.08,-15.1,-0.28,5332.98,Signal Flip
829,5M_EMA_CONFIRMED_50_200,SHORT,2026-03-04T01:15,1976.95,2026-03-04T01:30,1980.29,3,0.25,5332.98,-9.01,-0.17,5323.98,Signal Flip
830,5M_EMA_CONFIRMED_50_200,LONG,2026-03-04T01:40,1994.16,2026-03-04T02:05,1977.94,5,0.42,5323.98,-43.29,-0.81,5280.68,Signal Flip
831,5M_EMA_CONFIRMED_50_200,SHORT,2026-03-04T02:35,1969.15,2026-03-04T02:55,1981.26,4,0.33,5280.68,-32.46,-0.61,5248.22,Signal Flip
832,5M_EMA_CONFIRMED_50_200,SHORT,2026-03-04T03:05,1970.4,2026-03-04T05:40,1966.75,31,2.58,5248.22,9.73,0.19,5257.95,Signal Flip
833,5M_EMA_CONFIRMED_50_200,SHORT,2026-03-04T06:15,1965.43,2026-03-04T06:25,1968.01,2,0.17,5257.95,-6.92,-0.13,5251.03,Signal Flip
834,5M_EMA_CONFIRMED_50_200,LONG,2026-03-04T07:55,2001.88,2026-03-04T12:10,2047.45,51,4.25,5251.03,119.52,2.28,5370.55,Signal Flip
835,5M_EMA_CONFIRMED_50_200,LONG,2026-03-04T12:50,2052.82,2026-03-04T12:55,2048.28,1,0.08,5370.55,-11.88,-0.22,5358.67,Signal Flip
836,5M_EMA_CONFIRMED_50_200,LONG,2026-03-04T13:00,2055.37,2026-03-04T21:00,2149.05,96,8.0,5358.67,244.26,4.56,5602.93,Signal Flip
837,5M_EMA_CONFIRMED_50_200,LONG,2026-03-04T22:05,2159.42,2026-03-04T22:30,2151.89,5,0.42,5602.93,-19.53,-0.35,5583.4,Signal Flip
838,5M_EMA_CONFIRMED_50_200,LONG,2026-03-05T01:10,2138.48,2026-03-05T01:15,2135.72,1,0.08,5583.4,-7.2,-0.13,5576.2,Signal Flip
839,5M_EMA_CONFIRMED_50_200,LONG,2026-03-05T02:15,2132.48,2026-03-05T02:20,2126.78,1,0.08,5576.2,-14.9,-0.27,5561.3,Signal Flip
840,5M_EMA_CONFIRMED_50_200,LONG,2026-03-05T04:10,2125.11,2026-03-05T05:25,2121.01,15,1.25,5561.3,-10.74,-0.19,5550.56,Signal Flip
841,5M_EMA_CONFIRMED_50_200,LONG,2026-03-05T06:40,2125.47,2026-03-05T06:45,2121.41,1,0.08,5550.56,-10.61,-0.19,5539.95,Signal Flip
842,5M_EMA_CONFIRMED_50_200,LONG,2026-03-05T06:50,2128.46,2026-03-05T07:35,2118.8,9,0.75,5539.95,-25.15,-0.45,5514.8,Signal Flip
843,5M_EMA_CONFIRMED_50_200,LONG,2026-03-05T09:00,2118.7,2026-03-05T12:05,2130.3,37,3.08,5514.8,30.21,0.55,5545.0,Signal Flip
844,5M_EMA_CONFIRMED_50_200,LONG,2026-03-05T12:10,2137.06,2026-03-05T12:15,2133.01,1,0.08,5545.0,-10.5,-0.19,5534.51,Signal Flip
845,5M_EMA_CONFIRMED_50_200,LONG,2026-03-05T12:45,2135.8,2026-03-05T13:05,2127.61,4,0.33,5534.51,-21.23,-0.38,5513.28,Signal Flip
846,5M_EMA_CONFIRMED_50_200,SHORT,2026-03-05T15:10,2087.53,2026-03-05T19:05,2081.59,47,3.92,5513.28,15.68,0.28,5528.96,Signal Flip
847,5M_EMA_CONFIRMED_50_200,SHORT,2026-03-05T19:10,2078.71,2026-03-05T19:15,2088.87,1,0.08,5528.96,-27.03,-0.49,5501.92,Signal Flip
848,5M_EMA_CONFIRMED_50_200,SHORT,2026-03-05T19:30,2077.33,2026-03-05T19:50,2083.81,4,0.33,5501.92,-17.16,-0.31,5484.76,Signal Flip
849,5M_EMA_CONFIRMED_50_200,SHORT,2026-03-05T19:55,2074.17,2026-03-05T20:15,2081.62,4,0.33,5484.76,-19.69,-0.36,5465.06,Signal Flip
850,5M_EMA_CONFIRMED_50_200,SHORT,2026-03-05T21:35,2084.18,2026-03-05T23:30,2083.87,23,1.92,5465.06,0.8,0.01,5465.87,Signal Flip
851,5M_EMA_CONFIRMED_50_200,SHORT,2026-03-05T23:35,2073.62,2026-03-06T01:35,2083.44,24,2.0,5465.87,-25.88,-0.47,5439.99,Signal Flip
852,5M_EMA_CONFIRMED_50_200,SHORT,2026-03-06T03:15,2077.46,2026-03-06T03:25,2087.55,2,0.17,5439.99,-26.43,-0.49,5413.56,Signal Flip
853,5M_EMA_CONFIRMED_50_200,SHORT,2026-03-06T03:55,2081.32,2026-03-06T04:00,2084.85,1,0.08,5413.56,-9.19,-0.17,5404.37,Signal Flip
854,5M_EMA_CONFIRMED_50_200,SHORT,2026-03-06T04:10,2079.57,2026-03-06T06:45,2076.58,31,2.58,5404.37,7.78,0.14,5412.14,Signal Flip
855,5M_EMA_CONFIRMED_50_200,SHORT,2026-03-06T07:15,2070.86,2026-03-06T07:20,2074.41,1,0.08,5412.14,-9.26,-0.17,5402.88,Signal Flip
856,5M_EMA_CONFIRMED_50_200,SHORT,2026-03-06T09:00,2074.92,2026-03-06T13:35,2057.4,55,4.58,5402.88,45.63,0.84,5448.52,Signal Flip
857,5M_EMA_CONFIRMED_50_200,SHORT,2026-03-06T13:40,2052.29,2026-03-06T19:15,1987.74,67,5.58,5448.52,171.37,3.15,5619.89,Signal Flip
858,5M_EMA_CONFIRMED_50_200,SHORT,2026-03-06T19:45,1982.64,2026-03-06T20:05,1986.36,4,0.33,5619.89,-10.56,-0.19,5609.33,Signal Flip
859,5M_EMA_CONFIRMED_50_200,SHORT,2026-03-06T20:10,1982.38,2026-03-06T22:00,1984.75,22,1.83,5609.33,-6.72,-0.12,5602.61,Signal Flip
860,5M_EMA_CONFIRMED_50_200,SHORT,2026-03-06T23:40,1981.69,2026-03-07T00:55,1984.16,15,1.25,5602.61,-6.99,-0.12,5595.62,Signal Flip
861,5M_EMA_CONFIRMED_50_200,SHORT,2026-03-07T01:00,1980.46,2026-03-07T01:05,1984.15,1,0.08,5595.62,-10.43,-0.19,5585.19,Signal Flip
862,5M_EMA_CONFIRMED_50_200,SHORT,2026-03-07T01:15,1979.13,2026-03-07T01:50,1982.6,7,0.58,5585.19,-9.79,-0.18,5575.39,Signal Flip
863,5M_EMA_CONFIRMED_50_200,SHORT,2026-03-07T02:00,1979.68,2026-03-07T03:00,1984.52,12,1.0,5575.39,-13.64,-0.24,5561.76,Signal Flip
864,5M_EMA_CONFIRMED_50_200,SHORT,2026-03-07T03:55,1979.02,2026-03-07T05:40,1979.13,21,1.75,5561.76,-0.31,-0.01,5561.45,Signal Flip
865,5M_EMA_CONFIRMED_50_200,SHORT,2026-03-07T06:10,1975.37,2026-03-07T07:35,1977.74,17,1.42,5561.45,-6.66,-0.12,5554.79,Signal Flip
866,5M_EMA_CONFIRMED_50_200,SHORT,2026-03-07T07:40,1974.21,2026-03-07T07:45,1978.81,1,0.08,5554.79,-12.93,-0.23,5541.85,Signal Flip
867,5M_EMA_CONFIRMED_50_200,SHORT,2026-03-07T09:00,1977.03,2026-03-07T09:10,1980.82,2,0.17,5541.85,-10.62,-0.19,5531.23,Signal Flip
868,5M_EMA_CONFIRMED_50_200,SHORT,2026-03-07T12:45,1983.04,2026-03-07T14:40,1988.42,23,1.92,5531.23,-15.02,-0.27,5516.21,Signal Flip
869,5M_EMA_CONFIRMED_50_200,SHORT,2026-03-07T15:30,1981.99,2026-03-07T15:35,1985.62,1,0.08,5516.21,-10.11,-0.18,5506.1,Signal Flip
870,5M_EMA_CONFIRMED_50_200,SHORT,2026-03-07T15:40,1977.04,2026-03-07T17:25,1983.15,21,1.75,5506.1,-17.02,-0.31,5489.08,Signal Flip
871,5M_EMA_CONFIRMED_50_200,SHORT,2026-03-07T18:00,1976.6,2026-03-07T21:30,1970.73,42,3.5,5489.08,16.29,0.3,5505.37,Signal Flip
872,5M_EMA_CONFIRMED_50_200,SHORT,2026-03-07T21:35,1966.38,2026-03-07T21:55,1969.48,4,0.33,5505.37,-8.7,-0.16,5496.67,Signal Flip
873,5M_EMA_CONFIRMED_50_200,SHORT,2026-03-07T22:15,1966.35,2026-03-07T22:20,1969.97,1,0.08,5496.67,-10.14,-0.18,5486.53,Signal Flip
874,5M_EMA_CONFIRMED_50_200,SHORT,2026-03-07T22:25,1967.0,2026-03-07T22:50,1969.45,5,0.42,5486.53,-6.86,-0.12,5479.67,Signal Flip
875,5M_EMA_CONFIRMED_50_200,SHORT,2026-03-07T22:55,1966.68,2026-03-07T23:05,1969.68,2,0.17,5479.67,-8.38,-0.15,5471.29,Signal Flip
876,5M_EMA_CONFIRMED_50_200,SHORT,2026-03-07T23:10,1966.95,2026-03-07T23:15,1969.06,1,0.08,5471.29,-5.89,-0.11,5465.4,Signal Flip
877,5M_EMA_CONFIRMED_50_200,SHORT,2026-03-08T00:40,1968.0,2026-03-08T00:45,1970.87,1,0.08,5465.4,-8.0,-0.15,5457.4,Signal Flip
878,5M_EMA_CONFIRMED_50_200,SHORT,2026-03-08T00:50,1966.03,2026-03-08T01:10,1971.89,4,0.33,5457.4,-16.26,-0.3,5441.14,Signal Flip
879,5M_EMA_CONFIRMED_50_200,SHORT,2026-03-08T01:20,1968.38,2026-03-08T01:25,1971.14,1,0.08,5441.14,-7.63,-0.14,5433.51,Signal Flip
880,5M_EMA_CONFIRMED_50_200,SHORT,2026-03-08T01:30,1967.51,2026-03-08T01:45,1970.48,3,0.25,5433.51,-8.23,-0.15,5425.28,Signal Flip
881,5M_EMA_CONFIRMED_50_200,SHORT,2026-03-08T02:00,1967.96,2026-03-08T02:45,1970.08,9,0.75,5425.28,-5.87,-0.11,5419.41,Signal Flip
882,5M_EMA_CONFIRMED_50_200,SHORT,2026-03-08T02:50,1948.98,2026-03-08T07:05,1952.18,51,4.25,5419.41,-8.9,-0.16,5410.51,Signal Flip
883,5M_EMA_CONFIRMED_50_200,SHORT,2026-03-08T08:15,1950.27,2026-03-08T08:20,1953.2,1,0.08,5410.51,-8.11,-0.15,5402.41,Signal Flip
884,5M_EMA_CONFIRMED_50_200,SHORT,2026-03-08T08:25,1950.22,2026-03-08T08:35,1953.99,2,0.17,5402.41,-10.42,-0.19,5391.99,Signal Flip
885,5M_EMA_CONFIRMED_50_200,LONG,2026-03-08T11:00,1975.16,2026-03-08T11:10,1954.66,2,0.17,5391.99,-55.95,-1.04,5336.04,Signal Flip
886,5M_EMA_CONFIRMED_50_200,SHORT,2026-03-08T11:15,1955.23,2026-03-08T14:20,1950.33,37,3.08,5336.04,13.37,0.25,5349.4,Signal Flip
887,5M_EMA_CONFIRMED_50_200,SHORT,2026-03-08T14:30,1942.4,2026-03-08T15:10,1948.33,8,0.67,5349.4,-16.35,-0.31,5333.06,Signal Flip
888,5M_EMA_CONFIRMED_50_200,SHORT,2026-03-08T15:15,1945.84,2026-03-08T17:05,1946.14,22,1.83,5333.06,-0.84,-0.02,5332.22,Signal Flip
889,5M_EMA_CONFIRMED_50_200,SHORT,2026-03-08T17:15,1939.9,2026-03-08T19:10,1941.21,23,1.92,5332.22,-3.6,-0.07,5328.61,Signal Flip
890,5M_EMA_CONFIRMED_50_200,LONG,2026-03-08T21:00,1959.85,2026-03-08T21:10,1949.44,2,0.17,5328.61,-28.29,-0.53,5300.33,Signal Flip
891,5M_EMA_CONFIRMED_50_200,LONG,2026-03-08T21:25,1953.46,2026-03-08T21:30,1950.27,1,0.08,5300.33,-8.63,-0.16,5291.69,Signal Flip
892,5M_EMA_CONFIRMED_50_200,LONG,2026-03-08T21:35,1952.88,2026-03-08T22:05,1919.76,6,0.5,5291.69,-89.74,-1.7,5201.96,Signal Flip
893,5M_EMA_CONFIRMED_50_200,SHORT,2026-03-08T22:05,1919.76,2026-03-08T23:05,1951.1,12,1.0,5201.96,-84.91,-1.63,5117.05,Signal Flip
894,5M_EMA_CONFIRMED_50_200,SHORT,2026-03-08T23:20,1944.31,2026-03-08T23:25,1953.97,1,0.08,5117.05,-25.42,-0.5,5091.63,Signal Flip
895,5M_EMA_CONFIRMED_50_200,SHORT,2026-03-08T23:40,1940.69,2026-03-09T00:10,1947.86,6,0.5,5091.63,-18.82,-0.37,5072.8,Signal Flip
896,5M_EMA_CONFIRMED_50_200,SHORT,2026-03-09T00:20,1941.53,2026-03-09T00:35,1952.8,3,0.25,5072.8,-29.44,-0.58,5043.37,Signal Flip
897,5M_EMA_CONFIRMED_50_200,SHORT,2026-03-09T02:00,1945.03,2026-03-09T02:10,1949.47,2,0.17,5043.37,-11.53,-0.23,5031.83,Signal Flip
898,5M_EMA_CONFIRMED_50_200,SHORT,2026-03-09T02:15,1944.91,2026-03-09T02:40,1957.6,5,0.42,5031.83,-32.83,-0.65,4999.0,Signal Flip
899,5M_EMA_CONFIRMED_50_200,LONG,2026-03-09T02:55,1962.09,2026-03-09T07:00,1984.02,49,4.08,4999.0,55.87,1.12,5054.87,Signal Flip
900,5M_EMA_CONFIRMED_50_200,LONG,2026-03-09T08:00,1984.9,2026-03-09T08:05,1980.1,1,0.08,5054.87,-12.23,-0.24,5042.63,Signal Flip
901,5M_EMA_CONFIRMED_50_200,LONG,2026-03-09T08:10,1987.26,2026-03-09T10:50,1994.99,32,2.67,5042.63,19.61,0.39,5062.25,Signal Flip
902,5M_EMA_CONFIRMED_50_200,LONG,2026-03-09T11:05,1998.72,2026-03-09T11:20,1982.73,3,0.25,5062.25,-40.5,-0.8,5021.75,Signal Flip
903,5M_EMA_CONFIRMED_50_200,LONG,2026-03-09T11:55,1996.26,2026-03-09T12:00,1991.2,1,0.08,5021.75,-12.71,-0.25,5009.03,Signal Flip
904,5M_EMA_CONFIRMED_50_200,LONG,2026-03-09T12:05,1998.5,2026-03-09T17:30,2019.43,65,5.42,5009.03,52.46,1.05,5061.49,Signal Flip
905,5M_EMA_CONFIRMED_50_200,LONG,2026-03-09T18:20,2021.87,2026-03-09T18:25,2017.11,1,0.08,5061.49,-11.91,-0.24,5049.58,Signal Flip
906,5M_EMA_CONFIRMED_50_200,LONG,2026-03-09T18:35,2022.0,2026-03-09T18:40,2015.97,1,0.08,5049.58,-15.06,-0.3,5034.52,Signal Flip
907,5M_EMA_CONFIRMED_50_200,LONG,2026-03-09T19:20,2027.04,2026-03-09T20:35,2023.35,15,1.25,5034.52,-9.18,-0.18,5025.35,Signal Flip
908,5M_EMA_CONFIRMED_50_200,LONG,2026-03-09T20:55,2025.84,2026-03-09T22:05,2022.95,14,1.17,5025.35,-7.18,-0.14,5018.17,Signal Flip
909,5M_EMA_CONFIRMED_50_200,LONG,2026-03-10T00:30,2014.62,2026-03-10T01:20,2011.14,10,0.83,5018.17,-8.65,-0.17,5009.52,Signal Flip
910,5M_EMA_CONFIRMED_50_200,LONG,2026-03-10T01:25,2015.33,2026-03-10T01:35,2011.38,2,0.17,5009.52,-9.8,-0.2,4999.71,Signal Flip
911,5M_EMA_CONFIRMED_50_200,LONG,2026-03-10T01:50,2015.3,2026-03-10T04:00,2025.79,26,2.17,4999.71,26.02,0.52,5025.74,Signal Flip
912,5M_EMA_CONFIRMED_50_200,LONG,2026-03-10T04:05,2030.76,2026-03-10T10:40,2055.73,79,6.58,5025.74,61.79,1.23,5087.52,Signal Flip
913,5M_EMA_CONFIRMED_50_200,LONG,2026-03-10T10:50,2059.45,2026-03-10T11:15,2057.03,5,0.42,5087.52,-5.97,-0.12,5081.55,Signal Flip
914,5M_EMA_CONFIRMED_50_200,LONG,2026-03-10T11:20,2059.77,2026-03-10T12:05,2056.36,9,0.75,5081.55,-8.41,-0.17,5073.14,Signal Flip
915,5M_EMA_CONFIRMED_50_200,LONG,2026-03-10T13:25,2060.0,2026-03-10T13:30,2053.35,1,0.08,5073.14,-16.37,-0.32,5056.77,Signal Flip
916,5M_EMA_CONFIRMED_50_200,LONG,2026-03-10T14:45,2046.07,2026-03-10T17:40,2062.41,35,2.92,5056.77,40.37,0.8,5097.15,Signal Flip
917,5M_EMA_CONFIRMED_50_200,LONG,2026-03-10T17:50,2073.91,2026-03-10T18:10,2064.08,4,0.33,5097.15,-24.16,-0.47,5072.99,Signal Flip
918,5M_EMA_CONFIRMED_50_200,SHORT,2026-03-10T20:35,2043.67,2026-03-11T00:00,2037.52,41,3.42,5072.99,15.26,0.3,5088.25,Signal Flip
919,5M_EMA_CONFIRMED_50_200,SHORT,2026-03-11T00:05,2029.48,2026-03-11T00:10,2038.02,1,0.08,5088.25,-21.4,-0.42,5066.86,Signal Flip
920,5M_EMA_CONFIRMED_50_200,SHORT,2026-03-11T00:35,2031.32,2026-03-11T00:55,2040.19,4,0.33,5066.86,-22.11,-0.44,5044.74,Signal Flip
921,5M_EMA_CONFIRMED_50_200,SHORT,2026-03-11T01:25,2032.39,2026-03-11T01:30,2037.26,1,0.08,5044.74,-12.08,-0.24,5032.67,Signal Flip
922,5M_EMA_CONFIRMED_50_200,SHORT,2026-03-11T01:40,2029.75,2026-03-11T01:55,2036.98,3,0.25,5032.67,-17.91,-0.36,5014.76,Signal Flip
923,5M_EMA_CONFIRMED_50_200,SHORT,2026-03-11T02:15,2032.83,2026-03-11T04:25,2028.79,26,2.17,5014.76,9.96,0.2,5024.72,Signal Flip
924,5M_EMA_CONFIRMED_50_200,SHORT,2026-03-11T05:35,2028.98,2026-03-11T08:35,2021.38,36,3.0,5024.72,18.81,0.37,5043.53,Signal Flip
925,5M_EMA_CONFIRMED_50_200,SHORT,2026-03-11T08:50,2017.93,2026-03-11T08:55,2022.67,1,0.08,5043.53,-11.85,-0.23,5031.68,Signal Flip
926,5M_EMA_CONFIRMED_50_200,SHORT,2026-03-11T09:15,2017.93,2026-03-11T09:25,2021.7,2,0.17,5031.68,-9.4,-0.19,5022.28,Signal Flip
927,5M_EMA_CONFIRMED_50_200,SHORT,2026-03-11T09:30,2017.22,2026-03-11T09:45,2021.8,3,0.25,5022.28,-11.4,-0.23,5010.88,Signal Flip
928,5M_EMA_CONFIRMED_50_200,SHORT,2026-03-11T10:00,2016.86,2026-03-11T10:10,2022.95,2,0.17,5010.88,-15.13,-0.3,4995.75,Signal Flip
929,5M_EMA_CONFIRMED_50_200,SHORT,2026-03-11T11:40,2022.02,2026-03-11T12:25,2025.95,9,0.75,4995.75,-9.72,-0.19,4986.03,Signal Flip
930,5M_EMA_CONFIRMED_50_200,SHORT,2026-03-11T12:35,2019.46,2026-03-11T12:40,2025.8,1,0.08,4986.03,-15.66,-0.31,4970.37,Signal Flip
931,5M_EMA_CONFIRMED_50_200,SHORT,2026-03-11T12:45,2021.34,2026-03-11T12:50,2024.42,1,0.08,4970.37,-7.58,-0.15,4962.79,Signal Flip
932,5M_EMA_CONFIRMED_50_200,LONG,2026-03-11T13:45,2064.15,2026-03-11T15:35,2040.99,22,1.83,4962.79,-55.69,-1.12,4907.1,Signal Flip
933,5M_EMA_CONFIRMED_50_200,LONG,2026-03-11T15:55,2049.85,2026-03-11T20:55,2066.89,60,5.0,4907.1,40.77,0.83,4947.87,Signal Flip
934,5M_EMA_CONFIRMED_50_200,LONG,2026-03-11T21:05,2071.26,2026-03-11T21:15,2064.84,2,0.17,4947.87,-15.33,-0.31,4932.54,Signal Flip
935,5M_EMA_CONFIRMED_50_200,LONG,2026-03-11T21:40,2070.03,2026-03-11T21:45,2066.21,1,0.08,4932.54,-9.12,-0.18,4923.42,Signal Flip
936,5M_EMA_CONFIRMED_50_200,LONG,2026-03-11T21:50,2071.8,2026-03-11T22:30,2067.55,8,0.67,4923.42,-10.1,-0.21,4913.32,Signal Flip
937,5M_EMA_CONFIRMED_50_200,SHORT,2026-03-12T02:25,2038.17,2026-03-12T06:30,2031.77,49,4.08,4913.32,15.44,0.31,4928.76,Signal Flip
938,5M_EMA_CONFIRMED_50_200,SHORT,2026-03-12T06:40,2026.51,2026-03-12T06:50,2031.31,2,0.17,4928.76,-11.67,-0.24,4917.09,Signal Flip
939,5M_EMA_CONFIRMED_50_200,SHORT,2026-03-12T07:05,2029.01,2026-03-12T07:25,2031.88,4,0.33,4917.09,-6.93,-0.14,4910.16,Signal Flip
940,5M_EMA_CONFIRMED_50_200,LONG,2026-03-12T10:20,2059.02,2026-03-12T13:25,2054.3,37,3.08,4910.16,-11.25,-0.23,4898.91,Signal Flip
941,5M_EMA_CONFIRMED_50_200,LONG,2026-03-12T13:35,2072.03,2026-03-12T14:30,2057.52,11,0.92,4898.91,-34.29,-0.7,4864.62,Signal Flip
942,5M_EMA_CONFIRMED_50_200,LONG,2026-03-12T15:30,2069.64,2026-03-12T16:10,2058.19,8,0.67,4864.62,-26.92,-0.55,4837.7,Signal Flip
943,5M_EMA_CONFIRMED_50_200,LONG,2026-03-12T16:15,2065.7,2026-03-12T17:20,2060.62,13,1.08,4837.7,-11.9,-0.25,4825.79,Signal Flip
944,5M_EMA_CONFIRMED_50_200,LONG,2026-03-12T17:25,2067.93,2026-03-12T17:30,2060.5,1,0.08,4825.79,-17.35,-0.36,4808.44,Signal Flip
945,5M_EMA_CONFIRMED_50_200,LONG,2026-03-12T17:40,2066.87,2026-03-12T17:50,2061.88,2,0.17,4808.44,-11.62,-0.24,4796.82,Signal Flip
946,5M_EMA_CONFIRMED_50_200,LONG,2026-03-12T19:30,2062.91,2026-03-12T20:45,2060.69,15,1.25,4796.82,-5.17,-0.11,4791.66,Signal Flip
947,5M_EMA_CONFIRMED_50_200,LONG,2026-03-12T20:50,2065.72,2026-03-12T20:55,2060.93,1,0.08,4791.66,-11.12,-0.23,4780.54,Signal Flip
948,5M_EMA_CONFIRMED_50_200,LONG,2026-03-12T21:05,2066.28,2026-03-12T21:25,2061.22,4,0.33,4780.54,-11.72,-0.25,4768.82,Signal Flip
949,5M_EMA_CONFIRMED_50_200,LONG,2026-03-12T21:55,2064.03,2026-03-12T22:00,2061.59,1,0.08,4768.82,-5.64,-0.12,4763.18,Signal Flip
950,5M_EMA_CONFIRMED_50_200,LONG,2026-03-12T22:05,2065.78,2026-03-12T22:35,2060.54,6,0.5,4763.18,-12.09,-0.25,4751.09,Signal Flip
951,5M_EMA_CONFIRMED_50_200,LONG,2026-03-12T23:00,2066.33,2026-03-13T02:55,2104.05,47,3.92,4751.09,86.72,1.83,4837.81,Signal Flip
952,5M_EMA_CONFIRMED_50_200,LONG,2026-03-13T03:10,2109.06,2026-03-13T05:05,2104.69,23,1.92,4837.81,-10.04,-0.21,4827.77,Signal Flip
953,5M_EMA_CONFIRMED_50_200,LONG,2026-03-13T05:30,2110.66,2026-03-13T06:05,2106.29,7,0.58,4827.77,-10.01,-0.21,4817.75,Signal Flip
954,5M_EMA_CONFIRMED_50_200,LONG,2026-03-13T06:10,2113.83,2026-03-13T06:15,2108.32,1,0.08,4817.75,-12.56,-0.26,4805.19,Signal Flip
955,5M_EMA_CONFIRMED_50_200,LONG,2026-03-13T08:35,2103.88,2026-03-13T09:00,2099.0,5,0.42,4805.19,-11.15,-0.23,4794.04,Signal Flip
956,5M_EMA_CONFIRMED_50_200,LONG,2026-03-13T09:10,2105.76,2026-03-13T09:20,2101.52,2,0.17,4794.04,-9.66,-0.2,4784.38,Signal Flip
957,5M_EMA_CONFIRMED_50_200,LONG,2026-03-13T09:30,2104.25,2026-03-13T14:55,2152.4,65,5.42,4784.38,109.48,2.29,4893.86,Signal Flip
958,5M_EMA_CONFIRMED_50_200,LONG,2026-03-13T15:15,2160.85,2026-03-13T15:25,2155.34,2,0.17,4893.86,-12.47,-0.25,4881.39,Signal Flip
959,5M_EMA_CONFIRMED_50_200,SHORT,2026-03-13T19:10,2102.47,2026-03-13T20:55,2114.2,21,1.75,4881.39,-27.23,-0.56,4854.16,Signal Flip
960,5M_EMA_CONFIRMED_50_200,SHORT,2026-03-13T21:00,2110.31,2026-03-13T21:05,2115.4,1,0.08,4854.16,-11.69,-0.24,4842.47,Signal Flip
961,5M_EMA_CONFIRMED_50_200,SHORT,2026-03-13T21:15,2111.95,2026-03-13T21:25,2114.61,2,0.17,4842.47,-6.08,-0.13,4836.38,Signal Flip
962,5M_EMA_CONFIRMED_50_200,SHORT,2026-03-13T21:30,2104.75,2026-03-14T01:50,2094.29,52,4.33,4836.38,24.04,0.5,4860.42,Signal Flip
963,5M_EMA_CONFIRMED_50_200,SHORT,2026-03-14T02:00,2091.5,2026-03-14T02:10,2095.62,2,0.17,4860.42,-9.56,-0.2,4850.86,Signal Flip
964,5M_EMA_CONFIRMED_50_200,SHORT,2026-03-14T02:25,2090.52,2026-03-14T03:05,2095.05,8,0.67,4850.86,-10.49,-0.22,4840.36,Signal Flip
965,5M_EMA_CONFIRMED_50_200,SHORT,2026-03-14T04:55,2089.42,2026-03-14T11:30,2074.61,79,6.58,4840.36,34.33,0.71,4874.69,Signal Flip
966,5M_EMA_CONFIRMED_50_200,SHORT,2026-03-14T12:35,2071.88,2026-03-14T12:50,2075.21,3,0.25,4874.69,-7.82,-0.16,4866.87,Signal Flip
967,5M_EMA_CONFIRMED_50_200,SHORT,2026-03-14T13:10,2072.81,2026-03-14T13:15,2075.69,1,0.08,4866.87,-6.75,-0.14,4860.12,Signal Flip
968,5M_EMA_CONFIRMED_50_200,SHORT,2026-03-14T14:15,2073.02,2026-03-14T14:25,2077.04,2,0.17,4860.12,-9.41,-0.19,4850.71,Signal Flip
969,5M_EMA_CONFIRMED_50_200,SHORT,2026-03-14T14:40,2073.66,2026-03-14T15:20,2078.25,8,0.67,4850.71,-10.73,-0.22,4839.98,Signal Flip
970,5M_EMA_CONFIRMED_50_200,SHORT,2026-03-14T15:35,2072.07,2026-03-14T16:20,2075.82,9,0.75,4839.98,-8.75,-0.18,4831.24,Signal Flip
971,5M_EMA_CONFIRMED_50_200,SHORT,2026-03-14T16:25,2073.27,2026-03-14T16:30,2076.59,1,0.08,4831.24,-7.72,-0.16,4823.51,Signal Flip
972,5M_EMA_CONFIRMED_50_200,SHORT,2026-03-14T17:50,2073.96,2026-03-14T18:35,2077.87,9,0.75,4823.51,-9.08,-0.19,4814.43,Signal Flip
973,5M_EMA_CONFIRMED_50_200,LONG,2026-03-14T22:10,2086.4,2026-03-15T00:50,2086.37,32,2.67,4814.43,-0.08,-0.0,4814.34,Signal Flip
974,5M_EMA_CONFIRMED_50_200,LONG,2026-03-15T01:55,2090.52,2026-03-15T07:45,2103.88,70,5.83,4814.34,30.75,0.64,4845.1,Signal Flip
975,5M_EMA_CONFIRMED_50_200,LONG,2026-03-15T08:00,2106.69,2026-03-15T12:25,2114.69,53,4.42,4845.1,18.4,0.38,4863.49,Signal Flip
976,5M_EMA_CONFIRMED_50_200,LONG,2026-03-15T12:30,2118.12,2026-03-15T12:45,2108.45,3,0.25,4863.49,-22.21,-0.46,4841.28,Signal Flip
977,5M_EMA_CONFIRMED_50_200,SHORT,2026-03-15T15:00,2095.94,2026-03-15T17:40,2097.56,32,2.67,4841.28,-3.73,-0.08,4837.55,Signal Flip
978,5M_EMA_CONFIRMED_50_200,LONG,2026-03-15T18:40,2110.7,2026-03-15T18:50,2098.05,2,0.17,4837.55,-29.0,-0.6,4808.54,Signal Flip
979,5M_EMA_CONFIRMED_50_200,LONG,2026-03-15T19:05,2105.83,2026-03-16T07:55,2247.25,154,12.83,4808.54,322.91,6.72,5131.45,Signal Flip
980,5M_EMA_CONFIRMED_50_200,LONG,2026-03-16T08:05,2255.92,2026-03-16T08:15,2249.25,2,0.17,5131.45,-15.16,-0.3,5116.3,Signal Flip
981,5M_EMA_CONFIRMED_50_200,LONG,2026-03-16T08:20,2254.73,2026-03-16T08:30,2249.99,2,0.17,5116.3,-10.74,-0.21,5105.56,Signal Flip
982,5M_EMA_CONFIRMED_50_200,LONG,2026-03-16T09:25,2250.5,2026-03-16T14:35,2266.67,62,5.17,5105.56,36.66,0.72,5142.22,Signal Flip
983,5M_EMA_CONFIRMED_50_200,LONG,2026-03-16T15:00,2289.13,2026-03-16T15:55,2275.38,11,0.92,5142.22,-30.89,-0.6,5111.33,Signal Flip
984,5M_EMA_CONFIRMED_50_200,LONG,2026-03-16T16:20,2286.14,2026-03-16T16:25,2278.21,1,0.08,5111.33,-17.73,-0.35,5093.6,Signal Flip
985,5M_EMA_CONFIRMED_50_200,LONG,2026-03-16T16:30,2283.96,2026-03-16T23:05,2342.75,79,6.58,5093.6,131.1,2.57,5224.7,Signal Flip
986,5M_EMA_CONFIRMED_50_200,LONG,2026-03-16T23:30,2352.28,2026-03-17T00:05,2341.48,7,0.58,5224.7,-23.98,-0.46,5200.72,Signal Flip
987,5M_EMA_CONFIRMED_50_200,LONG,2026-03-17T00:10,2349.75,2026-03-17T00:25,2345.89,3,0.25,5200.72,-8.56,-0.16,5192.16,Signal Flip
988,5M_EMA_CONFIRMED_50_200,LONG,2026-03-17T00:30,2355.23,2026-03-17T01:05,2347.89,7,0.58,5192.16,-16.18,-0.31,5175.97,Signal Flip
989,5M_EMA_CONFIRMED_50_200,LONG,2026-03-17T01:10,2360.57,2026-03-17T01:55,2352.82,9,0.75,5175.97,-16.99,-0.33,5158.99,Signal Flip
990,5M_EMA_CONFIRMED_50_200,LONG,2026-03-17T02:00,2362.38,2026-03-17T02:10,2348.67,2,0.17,5158.99,-29.95,-0.58,5129.04,Signal Flip
991,5M_EMA_CONFIRMED_50_200,LONG,2026-03-17T02:40,2361.18,2026-03-17T03:00,2350.13,4,0.33,5129.04,-23.99,-0.47,5105.04,Signal Flip
992,5M_EMA_CONFIRMED_50_200,LONG,2026-03-17T07:15,2326.06,2026-03-17T08:15,2321.25,12,1.0,5105.04,-10.56,-0.21,5094.48,Signal Flip
993,5M_EMA_CONFIRMED_50_200,LONG,2026-03-17T08:20,2329.07,2026-03-17T08:35,2321.34,3,0.25,5094.48,-16.92,-0.33,5077.56,Signal Flip
994,5M_EMA_CONFIRMED_50_200,LONG,2026-03-17T08:45,2332.46,2026-03-17T09:00,2319.51,3,0.25,5077.56,-28.18,-0.56,5049.38,Signal Flip
995,5M_EMA_CONFIRMED_50_200,LONG,2026-03-17T09:30,2326.16,2026-03-17T09:35,2319.29,1,0.08,5049.38,-14.92,-0.3,5034.46,Signal Flip
996,5M_EMA_CONFIRMED_50_200,LONG,2026-03-17T09:40,2324.67,2026-03-17T09:50,2319.9,2,0.17,5034.46,-10.34,-0.21,5024.12,Signal Flip
997,5M_EMA_CONFIRMED_50_200,SHORT,2026-03-17T10:55,2311.58,2026-03-17T11:10,2322.78,3,0.25,5024.12,-24.34,-0.48,4999.79,Signal Flip
998,5M_EMA_CONFIRMED_50_200,LONG,2026-03-17T11:20,2331.74,2026-03-17T12:30,2319.03,14,1.17,4999.79,-27.24,-0.54,4972.54,Signal Flip
999,5M_EMA_CONFIRMED_50_200,LONG,2026-03-17T13:35,2337.07,2026-03-17T14:05,2321.8,6,0.5,4972.54,-32.49,-0.65,4940.05,Signal Flip
1000,5M_EMA_CONFIRMED_50_200,LONG,2026-03-17T14:10,2334.5,2026-03-17T15:15,2327.78,13,1.08,4940.05,-14.22,-0.29,4925.83,Signal Flip
1001,5M_EMA_CONFIRMED_50_200,LONG,2026-03-17T15:20,2333.7,2026-03-17T15:25,2323.69,1,0.08,4925.83,-21.13,-0.43,4904.71,Signal Flip
1002,5M_EMA_CONFIRMED_50_200,LONG,2026-03-17T16:20,2328.73,2026-03-17T16:40,2322.51,4,0.33,4904.71,-13.11,-0.27,4891.59,Signal Flip
1003,5M_EMA_CONFIRMED_50_200,LONG,2026-03-17T16:55,2328.67,2026-03-17T17:35,2325.28,8,0.67,4891.59,-7.14,-0.15,4884.46,Signal Flip
1004,5M_EMA_CONFIRMED_50_200,LONG,2026-03-17T17:40,2332.93,2026-03-17T19:35,2328.5,23,1.92,4884.46,-9.28,-0.19,4875.18,Signal Flip
1005,5M_EMA_CONFIRMED_50_200,LONG,2026-03-17T19:40,2334.34,2026-03-17T19:45,2324.58,1,0.08,4875.18,-20.38,-0.42,4854.8,Signal Flip
1006,5M_EMA_CONFIRMED_50_200,LONG,2026-03-17T21:05,2330.84,2026-03-17T22:20,2331.29,15,1.25,4854.8,0.94,0.02,4855.73,Signal Flip
1007,5M_EMA_CONFIRMED_50_200,LONG,2026-03-17T23:20,2333.62,2026-03-17T23:25,2328.63,1,0.08,4855.73,-10.39,-0.21,4845.35,Signal Flip
1008,5M_EMA_CONFIRMED_50_200,SHORT,2026-03-18T00:25,2310.0,2026-03-18T01:05,2329.04,8,0.67,4845.35,-39.94,-0.82,4805.41,Signal Flip
1009,5M_EMA_CONFIRMED_50_200,SHORT,2026-03-18T01:55,2322.95,2026-03-18T02:05,2327.71,2,0.17,4805.41,-9.86,-0.21,4795.55,Signal Flip
1010,5M_EMA_CONFIRMED_50_200,LONG,2026-03-18T02:20,2334.19,2026-03-18T04:30,2331.52,26,2.17,4795.55,-5.47,-0.11,4790.08,Signal Flip
1011,5M_EMA_CONFIRMED_50_200,LONG,2026-03-18T06:25,2329.52,2026-03-18T06:40,2323.44,3,0.25,4790.08,-12.52,-0.26,4777.57,Signal Flip
1012,5M_EMA_CONFIRMED_50_200,SHORT,2026-03-18T06:45,2323.13,2026-03-18T08:50,2324.26,25,2.08,4777.57,-2.33,-0.05,4775.24,Signal Flip
1013,5M_EMA_CONFIRMED_50_200,SHORT,2026-03-18T08:55,2321.59,2026-03-18T09:05,2324.86,2,0.17,4775.24,-6.73,-0.14,4768.5,Signal Flip
1014,5M_EMA_CONFIRMED_50_200,SHORT,2026-03-18T10:40,2321.34,2026-03-18T17:40,2211.33,84,7.0,4768.5,225.99,4.74,4994.49,Signal Flip
1015,5M_EMA_CONFIRMED_50_200,SHORT,2026-03-18T18:20,2194.23,2026-03-18T21:05,2192.28,33,2.75,4994.49,4.45,0.09,4998.95,Signal Flip
1016,5M_EMA_CONFIRMED_50_200,SHORT,2026-03-18T21:15,2187.91,2026-03-18T21:20,2194.84,1,0.08,4998.95,-15.84,-0.32,4983.11,Signal Flip
1017,5M_EMA_CONFIRMED_50_200,SHORT,2026-03-18T22:10,2192.17,2026-03-18T22:20,2195.91,2,0.17,4983.11,-8.49,-0.17,4974.62,Signal Flip
1018,5M_EMA_CONFIRMED_50_200,SHORT,2026-03-18T22:35,2189.4,2026-03-18T23:00,2195.51,5,0.42,4974.62,-13.87,-0.28,4960.76,Signal Flip
1019,5M_EMA_CONFIRMED_50_200,SHORT,2026-03-18T23:05,2190.88,2026-03-18T23:10,2196.24,1,0.08,4960.76,-12.12,-0.24,4948.64,Signal Flip
1020,5M_EMA_CONFIRMED_50_200,SHORT,2026-03-18T23:20,2189.87,2026-03-18T23:30,2196.07,2,0.17,4948.64,-13.99,-0.28,4934.64,Signal Flip
1021,5M_EMA_CONFIRMED_50_200,SHORT,2026-03-19T00:35,2192.84,2026-03-19T01:35,2197.09,12,1.0,4934.64,-9.55,-0.19,4925.09,Signal Flip
1022,5M_EMA_CONFIRMED_50_200,SHORT,2026-03-19T02:05,2193.01,2026-03-19T02:10,2198.42,1,0.08,4925.09,-12.14,-0.25,4912.95,Signal Flip
1023,5M_EMA_CONFIRMED_50_200,SHORT,2026-03-19T03:00,2195.59,2026-03-19T03:05,2201.7,1,0.08,4912.95,-13.67,-0.28,4899.28,Signal Flip
1024,5M_EMA_CONFIRMED_50_200,SHORT,2026-03-19T04:10,2201.68,2026-03-19T09:25,2180.77,63,5.25,4899.28,46.53,0.95,4945.81,Signal Flip
1025,5M_EMA_CONFIRMED_50_200,SHORT,2026-03-19T10:50,2176.64,2026-03-19T17:25,2126.29,79,6.58,4945.81,114.4,2.31,5060.21,Signal Flip
1026,5M_EMA_CONFIRMED_50_200,SHORT,2026-03-19T17:35,2120.29,2026-03-19T17:55,2129.26,4,0.33,5060.21,-21.42,-0.42,5038.79,Signal Flip
1027,5M_EMA_CONFIRMED_50_200,SHORT,2026-03-19T18:05,2121.83,2026-03-19T18:10,2125.02,1,0.08,5038.79,-7.58,-0.15,5031.21,Signal Flip
1028,5M_EMA_CONFIRMED_50_200,SHORT,2026-03-19T18:25,2120.52,2026-03-19T19:00,2126.1,7,0.58,5031.21,-13.25,-0.26,5017.96,Signal Flip
1029,5M_EMA_CONFIRMED_50_200,SHORT,2026-03-19T22:35,2141.51,2026-03-19T23:05,2147.08,6,0.5,5017.96,-13.06,-0.26,5004.9,Signal Flip
1030,5M_EMA_CONFIRMED_50_200,SHORT,2026-03-19T23:20,2139.24,2026-03-19T23:30,2143.67,2,0.17,5004.9,-10.37,-0.21,4994.53,Signal Flip
1031,5M_EMA_CONFIRMED_50_200,SHORT,2026-03-19T23:35,2135.2,2026-03-20T00:10,2143.93,7,0.58,4994.53,-20.42,-0.41,4974.11,Signal Flip
1032,5M_EMA_CONFIRMED_50_200,SHORT,2026-03-20T00:25,2139.5,2026-03-20T00:30,2143.96,1,0.08,4974.11,-10.37,-0.21,4963.74,Signal Flip
1033,5M_EMA_CONFIRMED_50_200,SHORT,2026-03-20T02:15,2144.63,2026-03-20T02:55,2148.81,8,0.67,4963.74,-9.69,-0.2,4954.05,Signal Flip
1034,5M_EMA_CONFIRMED_50_200,SHORT,2026-03-20T03:00,2143.38,2026-03-20T03:10,2146.41,2,0.17,4954.05,-7.01,-0.14,4947.03,Signal Flip
1035,5M_EMA_CONFIRMED_50_200,SHORT,2026-03-20T04:35,2142.58,2026-03-20T05:00,2149.46,5,0.42,4947.03,-15.9,-0.32,4931.13,Signal Flip
1036,5M_EMA_CONFIRMED_50_200,SHORT,2026-03-20T05:05,2146.55,2026-03-20T05:10,2151.97,1,0.08,4931.13,-12.45,-0.25,4918.68,Signal Flip
1037,5M_EMA_CONFIRMED_50_200,SHORT,2026-03-20T05:25,2146.58,2026-03-20T07:35,2147.92,26,2.17,4918.68,-3.09,-0.06,4915.6,Signal Flip
1038,5M_EMA_CONFIRMED_50_200,LONG,2026-03-20T08:30,2166.35,2026-03-20T09:20,2148.72,10,0.83,4915.6,-40.02,-0.81,4875.58,Signal Flip
1039,5M_EMA_CONFIRMED_50_200,SHORT,2026-03-20T10:15,2134.24,2026-03-20T10:45,2148.74,6,0.5,4875.58,-33.13,-0.68,4842.45,Signal Flip
1040,5M_EMA_CONFIRMED_50_200,SHORT,2026-03-20T11:40,2136.84,2026-03-20T12:10,2151.82,6,0.5,4842.45,-33.93,-0.7,4808.51,Signal Flip
1041,5M_EMA_CONFIRMED_50_200,SHORT,2026-03-20T12:15,2144.8,2026-03-20T12:25,2148.11,2,0.17,4808.51,-7.44,-0.15,4801.08,Signal Flip
1042,5M_EMA_CONFIRMED_50_200,SHORT,2026-03-20T12:30,2141.3,2026-03-20T13:25,2146.2,11,0.92,4801.08,-10.99,-0.23,4790.08,Signal Flip
1043,5M_EMA_CONFIRMED_50_200,SHORT,2026-03-20T13:35,2131.59,2026-03-20T14:35,2145.97,12,1.0,4790.08,-32.31,-0.67,4757.77,Signal Flip
1044,5M_EMA_CONFIRMED_50_200,SHORT,2026-03-20T14:45,2135.15,2026-03-20T16:05,2140.62,16,1.33,4757.77,-12.18,-0.26,4745.59,Signal Flip
1045,5M_EMA_CONFIRMED_50_200,SHORT,2026-03-20T16:35,2134.83,2026-03-20T17:00,2138.39,5,0.42,4745.59,-7.91,-0.17,4737.68,Signal Flip
1046,5M_EMA_CONFIRMED_50_200,SHORT,2026-03-20T17:10,2135.18,2026-03-20T18:00,2137.77,10,0.83,4737.68,-5.74,-0.12,4731.94,Signal Flip
1047,5M_EMA_CONFIRMED_50_200,SHORT,2026-03-20T18:05,2132.2,2026-03-20T18:10,2136.51,1,0.08,4731.94,-9.55,-0.2,4722.39,Signal Flip
1048,5M_EMA_CONFIRMED_50_200,SHORT,2026-03-20T18:20,2133.03,2026-03-20T19:45,2130.57,17,1.42,4722.39,5.44,0.12,4727.83,Signal Flip
1049,5M_EMA_CONFIRMED_50_200,SHORT,2026-03-20T19:50,2123.0,2026-03-20T19:55,2133.13,1,0.08,4727.83,-22.55,-0.48,4705.28,Signal Flip
1050,5M_EMA_CONFIRMED_50_200,SHORT,2026-03-20T20:35,2124.45,2026-03-20T20:50,2134.09,3,0.25,4705.28,-21.35,-0.45,4683.93,Signal Flip
1051,5M_EMA_CONFIRMED_50_200,LONG,2026-03-20T22:15,2161.55,2026-03-21T01:55,2146.69,44,3.67,4683.93,-32.21,-0.69,4651.72,Signal Flip
1052,5M_EMA_CONFIRMED_50_200,LONG,2026-03-21T02:20,2151.1,2026-03-21T04:35,2150.48,27,2.25,4651.72,-1.32,-0.03,4650.4,Signal Flip
1053,5M_EMA_CONFIRMED_50_200,LONG,2026-03-21T04:50,2153.28,2026-03-21T04:55,2150.98,1,0.08,4650.4,-4.95,-0.11,4645.45,Signal Flip
1054,5M_EMA_CONFIRMED_50_200,LONG,2026-03-21T05:05,2154.01,2026-03-21T06:10,2151.56,13,1.08,4645.45,-5.27,-0.11,4640.18,Signal Flip
1055,5M_EMA_CONFIRMED_50_200,LONG,2026-03-21T06:20,2155.52,2026-03-21T08:20,2152.25,24,2.0,4640.18,-7.03,-0.15,4633.15,Signal Flip
1056,5M_EMA_CONFIRMED_50_200,LONG,2026-03-21T09:05,2158.08,2026-03-21T10:20,2153.82,15,1.25,4633.15,-9.14,-0.2,4624.02,Signal Flip
1057,5M_EMA_CONFIRMED_50_200,LONG,2026-03-21T10:40,2157.43,2026-03-21T10:45,2154.16,1,0.08,4624.02,-7.0,-0.15,4617.02,Signal Flip
1058,5M_EMA_CONFIRMED_50_200,LONG,2026-03-21T11:25,2156.38,2026-03-21T13:25,2155.28,24,2.0,4617.02,-2.35,-0.05,4614.67,Signal Flip
1059,5M_EMA_CONFIRMED_50_200,LONG,2026-03-21T13:35,2158.53,2026-03-21T13:40,2154.51,1,0.08,4614.67,-8.59,-0.19,4606.08,Signal Flip
1060,5M_EMA_CONFIRMED_50_200,LONG,2026-03-21T14:10,2158.71,2026-03-21T14:50,2155.69,8,0.67,4606.08,-6.44,-0.14,4599.65,Signal Flip
1061,5M_EMA_CONFIRMED_50_200,LONG,2026-03-21T15:35,2158.49,2026-03-21T15:40,2152.09,1,0.08,4599.65,-13.63,-0.3,4586.02,Signal Flip
1062,5M_EMA_CONFIRMED_50_200,SHORT,2026-03-21T17:20,2144.47,2026-03-21T18:25,2153.04,13,1.08,4586.02,-18.32,-0.4,4567.69,Signal Flip
1063,5M_EMA_CONFIRMED_50_200,SHORT,2026-03-21T18:55,2150.15,2026-03-21T19:05,2153.53,2,0.17,4567.69,-7.16,-0.16,4560.53,Signal Flip
1064,5M_EMA_CONFIRMED_50_200,SHORT,2026-03-21T19:35,2149.16,2026-03-21T20:00,2153.25,5,0.42,4560.53,-8.66,-0.19,4551.87,Signal Flip
1065,5M_EMA_CONFIRMED_50_200,LONG,2026-03-21T21:00,2156.75,2026-03-21T22:05,2150.01,13,1.08,4551.87,-14.21,-0.31,4537.66,Signal Flip
1066,5M_EMA_CONFIRMED_50_200,SHORT,2026-03-21T23:00,2148.86,2026-03-22T02:30,2107.04,42,3.5,4537.66,88.29,1.95,4625.95,Signal Flip
1067,5M_EMA_CONFIRMED_50_200,SHORT,2026-03-22T02:35,2100.76,2026-03-22T02:55,2106.24,4,0.33,4625.95,-12.07,-0.26,4613.88,Signal Flip
1068,5M_EMA_CONFIRMED_50_200,SHORT,2026-03-22T03:00,2101.24,2026-03-22T03:20,2106.78,4,0.33,4613.88,-12.17,-0.26,4601.7,Signal Flip
1069,5M_EMA_CONFIRMED_50_200,SHORT,2026-03-22T06:05,2110.52,2026-03-22T12:30,2085.66,77,6.42,4601.7,54.21,1.18,4655.91,Signal Flip
1070,5M_EMA_CONFIRMED_50_200,SHORT,2026-03-22T12:35,2081.87,2026-03-22T13:05,2089.38,6,0.5,4655.91,-16.81,-0.36,4639.1,Signal Flip
1071,5M_EMA_CONFIRMED_50_200,SHORT,2026-03-22T13:35,2080.88,2026-03-22T14:25,2084.35,10,0.83,4639.1,-7.74,-0.17,4631.36,Signal Flip
1072,5M_EMA_CONFIRMED_50_200,SHORT,2026-03-22T14:30,2079.81,2026-03-22T14:40,2084.16,2,0.17,4631.36,-9.69,-0.21,4621.67,Signal Flip
1073,5M_EMA_CONFIRMED_50_200,SHORT,2026-03-22T14:45,2080.74,2026-03-22T15:15,2083.52,6,0.5,4621.67,-6.18,-0.13,4615.49,Signal Flip
1074,5M_EMA_CONFIRMED_50_200,SHORT,2026-03-22T15:20,2080.02,2026-03-22T15:50,2082.31,6,0.5,4615.49,-5.08,-0.11,4610.41,Signal Flip
1075,5M_EMA_CONFIRMED_50_200,SHORT,2026-03-22T16:10,2079.92,2026-03-22T16:15,2082.62,1,0.08,4610.41,-5.99,-0.13,4604.42,Signal Flip
1076,5M_EMA_CONFIRMED_50_200,SHORT,2026-03-22T16:25,2079.81,2026-03-22T16:50,2083.46,5,0.42,4604.42,-8.08,-0.18,4596.34,Signal Flip
1077,5M_EMA_CONFIRMED_50_200,SHORT,2026-03-22T17:40,2077.71,2026-03-22T22:30,2060.73,58,4.83,4596.34,37.57,0.82,4633.9,Signal Flip
1078,5M_EMA_CONFIRMED_50_200,SHORT,2026-03-22T22:45,2054.08,2026-03-22T22:50,2061.68,1,0.08,4633.9,-17.14,-0.37,4616.76,Signal Flip
1079,5M_EMA_CONFIRMED_50_200,SHORT,2026-03-22T23:35,2057.92,2026-03-22T23:40,2061.48,1,0.08,4616.76,-7.99,-0.17,4608.77,Signal Flip
1080,5M_EMA_CONFIRMED_50_200,SHORT,2026-03-22T23:50,2053.38,2026-03-23T00:25,2059.94,7,0.58,4608.77,-14.72,-0.32,4594.06,Signal Flip
1081,5M_EMA_CONFIRMED_50_200,SHORT,2026-03-23T00:30,2052.95,2026-03-23T01:20,2059.7,10,0.83,4594.06,-15.1,-0.33,4578.96,Signal Flip
1082,5M_EMA_CONFIRMED_50_200,SHORT,2026-03-23T01:45,2053.86,2026-03-23T02:10,2055.94,5,0.42,4578.96,-4.63,-0.1,4574.34,Signal Flip
1083,5M_EMA_CONFIRMED_50_200,SHORT,2026-03-23T02:15,2047.95,2026-03-23T02:25,2058.5,2,0.17,4574.34,-23.57,-0.52,4550.76,Signal Flip
1084,5M_EMA_CONFIRMED_50_200,SHORT,2026-03-23T03:20,2055.86,2026-03-23T03:25,2058.18,1,0.08,4550.76,-5.13,-0.11,4545.63,Signal Flip
1085,5M_EMA_CONFIRMED_50_200,SHORT,2026-03-23T03:30,2055.71,2026-03-23T04:35,2058.3,13,1.08,4545.63,-5.72,-0.13,4539.91,Signal Flip
1086,5M_EMA_CONFIRMED_50_200,SHORT,2026-03-23T04:45,2055.01,2026-03-23T04:50,2058.76,1,0.08,4539.91,-8.28,-0.18,4531.64,Signal Flip
1087,5M_EMA_CONFIRMED_50_200,SHORT,2026-03-23T06:15,2057.7,2026-03-23T08:10,2053.73,23,1.92,4531.64,8.75,0.19,4540.39,Signal Flip
1088,5M_EMA_CONFIRMED_50_200,SHORT,2026-03-23T08:50,2048.72,2026-03-23T10:05,2048.01,15,1.25,4540.39,1.55,0.03,4541.94,Signal Flip
1089,5M_EMA_CONFIRMED_50_200,SHORT,2026-03-23T10:20,2045.08,2026-03-23T10:55,2049.01,7,0.58,4541.94,-8.74,-0.19,4533.2,Signal Flip
1090,5M_EMA_CONFIRMED_50_200,LONG,2026-03-23T11:25,2157.64,2026-03-23T15:45,2148.93,52,4.33,4533.2,-18.31,-0.4,4514.89,Signal Flip
1091,5M_EMA_CONFIRMED_50_200,LONG,2026-03-23T15:50,2156.31,2026-03-23T15:55,2133.34,1,0.08,4514.89,-48.08,-1.07,4466.81,Signal Flip
1092,5M_EMA_CONFIRMED_50_200,LONG,2026-03-23T17:35,2149.66,2026-03-23T20:05,2152.23,30,2.5,4466.81,5.34,0.12,4472.15,Signal Flip
1093,5M_EMA_CONFIRMED_50_200,LONG,2026-03-23T20:10,2156.2,2026-03-23T21:15,2153.74,13,1.08,4472.15,-5.09,-0.11,4467.06,Signal Flip
1094,5M_EMA_CONFIRMED_50_200,LONG,2026-03-23T21:25,2158.36,2026-03-23T22:05,2148.24,8,0.67,4467.06,-20.95,-0.47,4446.1,Signal Flip
1095,5M_EMA_CONFIRMED_50_200,LONG,2026-03-24T01:30,2148.73,2026-03-24T01:35,2144.34,1,0.08,4446.1,-9.1,-0.2,4437.01,Signal Flip
1096,5M_EMA_CONFIRMED_50_200,LONG,2026-03-24T03:55,2143.37,2026-03-24T04:30,2139.41,7,0.58,4437.01,-8.2,-0.18,4428.81,Signal Flip
1097,5M_EMA_CONFIRMED_50_200,LONG,2026-03-24T06:15,2138.86,2026-03-24T06:20,2134.54,1,0.08,4428.81,-8.94,-0.2,4419.87,Signal Flip
1098,5M_EMA_CONFIRMED_50_200,LONG,2026-03-24T06:25,2138.3,2026-03-24T09:15,2147.01,34,2.83,4419.87,18.0,0.41,4437.87,Signal Flip
1099,5M_EMA_CONFIRMED_50_200,LONG,2026-03-24T09:20,2153.13,2026-03-24T09:25,2149.32,1,0.08,4437.87,-7.83,-0.18,4430.03,Signal Flip
1100,5M_EMA_CONFIRMED_50_200,LONG,2026-03-24T09:30,2154.06,2026-03-24T11:05,2152.54,19,1.58,4430.03,-3.11,-0.07,4426.92,Signal Flip
1101,5M_EMA_CONFIRMED_50_200,LONG,2026-03-24T11:10,2162.07,2026-03-24T13:10,2150.88,24,2.0,4426.92,-22.9,-0.52,4404.01,Signal Flip
1102,5M_EMA_CONFIRMED_50_200,SHORT,2026-03-24T15:10,2133.98,2026-03-24T18:40,2128.06,42,3.5,4404.01,12.22,0.28,4416.23,Signal Flip
1103,5M_EMA_CONFIRMED_50_200,SHORT,2026-03-24T18:45,2119.32,2026-03-24T19:10,2126.55,5,0.42,4416.23,-15.07,-0.34,4401.16,Signal Flip
1104,5M_EMA_CONFIRMED_50_200,SHORT,2026-03-24T19:25,2122.98,2026-03-24T20:20,2124.65,11,0.92,4401.16,-3.47,-0.08,4397.69,Signal Flip
1105,5M_EMA_CONFIRMED_50_200,LONG,2026-03-24T22:20,2152.65,2026-03-25T02:15,2153.38,47,3.92,4397.69,1.51,0.03,4399.19,Signal Flip
1106,5M_EMA_CONFIRMED_50_200,LONG,2026-03-25T02:20,2156.76,2026-03-25T02:25,2153.65,1,0.08,4399.19,-6.33,-0.14,4392.86,Signal Flip
1107,5M_EMA_CONFIRMED_50_200,LONG,2026-03-25T02:30,2157.3,2026-03-25T03:00,2154.43,6,0.5,4392.86,-5.84,-0.13,4387.02,Signal Flip
1108,5M_EMA_CONFIRMED_50_200,LONG,2026-03-25T03:05,2157.09,2026-03-25T03:10,2151.54,1,0.08,4387.02,-11.28,-0.26,4375.75,Signal Flip
1109,5M_EMA_CONFIRMED_50_200,LONG,2026-03-25T03:35,2156.78,2026-03-25T07:00,2162.74,41,3.42,4375.75,12.09,0.28,4387.84,Signal Flip
1110,5M_EMA_CONFIRMED_50_200,LONG,2026-03-25T07:05,2166.75,2026-03-25T07:50,2165.34,9,0.75,4387.84,-2.87,-0.07,4384.97,Signal Flip
1111,5M_EMA_CONFIRMED_50_200,LONG,2026-03-25T08:05,2169.55,2026-03-25T08:10,2165.01,1,0.08,4384.97,-9.19,-0.21,4375.78,Signal Flip
1112,5M_EMA_CONFIRMED_50_200,LONG,2026-03-25T08:20,2173.58,2026-03-25T12:20,2176.64,48,4.0,4375.78,6.17,0.14,4381.95,Signal Flip
1113,5M_EMA_CONFIRMED_50_200,LONG,2026-03-25T13:00,2184.4,2026-03-25T14:05,2180.82,13,1.08,4381.95,-7.19,-0.16,4374.77,Signal Flip
1114,5M_EMA_CONFIRMED_50_200,LONG,2026-03-25T14:35,2185.3,2026-03-25T14:40,2178.28,1,0.08,4374.77,-14.06,-0.32,4360.71,Signal Flip
1115,5M_EMA_CONFIRMED_50_200,LONG,2026-03-25T16:30,2176.6,2026-03-25T17:10,2168.89,8,0.67,4360.71,-15.45,-0.35,4345.26,Signal Flip
1116,5M_EMA_CONFIRMED_50_200,LONG,2026-03-25T18:25,2173.12,2026-03-25T18:30,2168.45,1,0.08,4345.26,-9.34,-0.21,4335.92,Signal Flip
1117,5M_EMA_CONFIRMED_50_200,LONG,2026-03-25T19:15,2170.36,2026-03-25T20:05,2166.09,10,0.83,4335.92,-8.55,-0.2,4327.37,Signal Flip
1118,5M_EMA_CONFIRMED_50_200,SHORT,2026-03-25T20:30,2160.3,2026-03-25T21:15,2170.22,9,0.75,4327.37,-19.88,-0.46,4307.49,Signal Flip
1119,5M_EMA_CONFIRMED_50_200,SHORT,2026-03-25T21:25,2165.18,2026-03-25T22:35,2175.94,14,1.17,4307.49,-21.41,-0.5,4286.08,Signal Flip
1120,5M_EMA_CONFIRMED_50_200,LONG,2026-03-25T23:15,2174.52,2026-03-25T23:40,2166.8,5,0.42,4286.08,-15.22,-0.36,4270.86,Signal Flip
1121,5M_EMA_CONFIRMED_50_200,LONG,2026-03-25T23:55,2170.57,2026-03-26T00:00,2167.94,1,0.08,4270.86,-5.19,-0.12,4265.67,Signal Flip
1122,5M_EMA_CONFIRMED_50_200,SHORT,2026-03-26T00:20,2163.93,2026-03-26T00:50,2172.56,6,0.5,4265.67,-17.01,-0.4,4248.66,Signal Flip
1123,5M_EMA_CONFIRMED_50_200,SHORT,2026-03-26T00:55,2163.19,2026-03-26T13:45,2084.53,154,12.83,4248.66,154.49,3.64,4403.15,Signal Flip
1124,5M_EMA_CONFIRMED_50_200,SHORT,2026-03-26T14:00,2080.18,2026-03-26T14:35,2085.04,7,0.58,4403.15,-10.29,-0.23,4392.86,Signal Flip
1125,5M_EMA_CONFIRMED_50_200,SHORT,2026-03-26T14:40,2077.87,2026-03-26T20:15,2073.05,67,5.58,4392.86,10.2,0.23,4403.05,Signal Flip
1126,5M_EMA_CONFIRMED_50_200,SHORT,2026-03-26T22:25,2061.12,2026-03-26T22:45,2065.72,4,0.33,4403.05,-9.83,-0.22,4393.22,Signal Flip
1127,5M_EMA_CONFIRMED_50_200,SHORT,2026-03-26T23:15,2062.31,2026-03-26T23:20,2066.82,1,0.08,4393.22,-9.62,-0.22,4383.6,Signal Flip
1128,5M_EMA_CONFIRMED_50_200,SHORT,2026-03-26T23:25,2058.87,2026-03-27T00:10,2067.65,9,0.75,4383.6,-18.7,-0.43,4364.9,Signal Flip
1129,5M_EMA_CONFIRMED_50_200,SHORT,2026-03-27T00:25,2061.44,2026-03-27T00:55,2066.32,6,0.5,4364.9,-10.34,-0.24,4354.56,Signal Flip
1130,5M_EMA_CONFIRMED_50_200,SHORT,2026-03-27T03:10,2060.85,2026-03-27T05:15,2063.8,25,2.08,4354.56,-6.24,-0.14,4348.32,Signal Flip
1131,5M_EMA_CONFIRMED_50_200,SHORT,2026-03-27T05:25,2058.66,2026-03-27T06:00,2062.23,7,0.58,4348.32,-7.54,-0.17,4340.78,Signal Flip
1132,5M_EMA_CONFIRMED_50_200,SHORT,2026-03-27T06:05,2058.92,2026-03-27T06:10,2063.32,1,0.08,4340.78,-9.28,-0.21,4331.5,Signal Flip
1133,5M_EMA_CONFIRMED_50_200,SHORT,2026-03-27T07:10,2059.34,2026-03-27T07:15,2068.97,1,0.08,4331.5,-20.26,-0.47,4311.24,Signal Flip
1134,5M_EMA_CONFIRMED_50_200,SHORT,2026-03-27T08:10,2062.58,2026-03-27T15:25,1995.21,87,7.25,4311.24,140.82,3.27,4452.06,Signal Flip
1135,5M_EMA_CONFIRMED_50_200,SHORT,2026-03-27T15:55,1990.45,2026-03-27T17:10,1994.42,15,1.25,4452.06,-8.86,-0.2,4443.2,Signal Flip
1136,5M_EMA_CONFIRMED_50_200,SHORT,2026-03-27T17:20,1987.84,2026-03-27T19:20,1988.54,24,2.0,4443.2,-1.58,-0.04,4441.61,Signal Flip
1137,5M_EMA_CONFIRMED_50_200,SHORT,2026-03-27T20:30,1982.49,2026-03-27T20:55,1989.14,5,0.42,4441.61,-14.91,-0.34,4426.7,Signal Flip
1138,5M_EMA_CONFIRMED_50_200,SHORT,2026-03-27T21:00,1985.06,2026-03-27T21:05,1991.5,1,0.08,4426.7,-14.36,-0.32,4412.34,Signal Flip
1139,5M_EMA_CONFIRMED_50_200,SHORT,2026-03-27T21:40,1985.41,2026-03-27T23:25,1990.1,21,1.75,4412.34,-10.44,-0.24,4401.9,Signal Flip
1140,5M_EMA_CONFIRMED_50_200,SHORT,2026-03-28T01:10,1988.06,2026-03-28T01:25,1990.46,3,0.25,4401.9,-5.33,-0.12,4396.57,Signal Flip
1141,5M_EMA_CONFIRMED_50_200,SHORT,2026-03-28T01:30,1987.34,2026-03-28T01:50,1990.87,4,0.33,4396.57,-7.83,-0.18,4388.74,Signal Flip
1142,5M_EMA_CONFIRMED_50_200,SHORT,2026-03-28T02:20,1985.34,2026-03-28T03:20,1990.52,12,1.0,4388.74,-11.47,-0.26,4377.27,Signal Flip
1143,5M_EMA_CONFIRMED_50_200,SHORT,2026-03-28T04:10,1986.95,2026-03-28T04:20,1992.35,2,0.17,4377.27,-11.9,-0.27,4365.38,Signal Flip
1144,5M_EMA_CONFIRMED_50_200,SHORT,2026-03-28T05:05,1988.49,2026-03-28T05:15,1990.92,2,0.17,4365.38,-5.36,-0.12,4360.02,Signal Flip
1145,5M_EMA_CONFIRMED_50_200,SHORT,2026-03-28T05:20,1988.33,2026-03-28T05:25,1993.93,1,0.08,4360.02,-12.28,-0.28,4347.74,Signal Flip
1146,5M_EMA_CONFIRMED_50_200,LONG,2026-03-28T07:45,2005.58,2026-03-28T08:55,1998.17,14,1.17,4347.74,-16.07,-0.37,4331.67,Signal Flip
1147,5M_EMA_CONFIRMED_50_200,LONG,2026-03-28T10:00,2000.51,2026-03-28T10:20,1998.42,4,0.33,4331.67,-4.52,-0.1,4327.15,Signal Flip
1148,5M_EMA_CONFIRMED_50_200,LONG,2026-03-28T11:45,1999.28,2026-03-28T12:00,1996.64,3,0.25,4327.15,-5.71,-0.13,4321.44,Signal Flip
1149,5M_EMA_CONFIRMED_50_200,LONG,2026-03-28T12:10,1999.39,2026-03-28T12:35,1996.86,5,0.42,4321.44,-5.46,-0.13,4315.97,Signal Flip
1150,5M_EMA_CONFIRMED_50_200,LONG,2026-03-28T12:50,1999.86,2026-03-28T17:35,2018.11,57,4.75,4315.97,39.39,0.91,4355.36,Signal Flip
1151,5M_EMA_CONFIRMED_50_200,LONG,2026-03-28T17:40,2022.68,2026-03-28T17:50,2018.34,2,0.17,4355.36,-9.35,-0.21,4346.01,Signal Flip
1152,5M_EMA_CONFIRMED_50_200,LONG,2026-03-28T18:05,2023.3,2026-03-28T19:15,2017.76,14,1.17,4346.01,-11.9,-0.27,4334.11,Signal Flip
1153,5M_EMA_CONFIRMED_50_200,LONG,2026-03-28T20:05,2024.49,2026-03-28T21:10,2019.68,13,1.08,4334.11,-10.3,-0.24,4323.81,Signal Flip
1154,5M_EMA_CONFIRMED_50_200,LONG,2026-03-28T21:15,2023.45,2026-03-28T21:20,2019.84,1,0.08,4323.81,-7.72,-0.18,4316.09,Signal Flip
1155,5M_EMA_CONFIRMED_50_200,SHORT,2026-03-28T23:35,1997.68,2026-03-29T01:15,2005.23,20,1.67,4316.09,-16.32,-0.38,4299.78,Signal Flip
1156,5M_EMA_CONFIRMED_50_200,SHORT,2026-03-29T01:25,2002.83,2026-03-29T01:30,2005.19,1,0.08,4299.78,-5.08,-0.12,4294.7,Signal Flip
1157,5M_EMA_CONFIRMED_50_200,SHORT,2026-03-29T01:35,2001.86,2026-03-29T02:00,2006.09,5,0.42,4294.7,-9.08,-0.21,4285.62,Signal Flip
1158,5M_EMA_CONFIRMED_50_200,SHORT,2026-03-29T02:35,2002.66,2026-03-29T02:40,2006.69,1,0.08,4285.62,-8.63,-0.2,4276.99,Signal Flip
1159,5M_EMA_CONFIRMED_50_200,SHORT,2026-03-29T04:25,2006.01,2026-03-29T05:55,2006.96,18,1.5,4276.99,-2.04,-0.05,4274.95,Signal Flip
1160,5M_EMA_CONFIRMED_50_200,SHORT,2026-03-29T06:00,2004.31,2026-03-29T06:05,2008.14,1,0.08,4274.95,-8.18,-0.19,4266.76,Signal Flip
1161,5M_EMA_CONFIRMED_50_200,SHORT,2026-03-29T06:15,2004.03,2026-03-29T06:50,2006.89,7,0.58,4266.76,-6.1,-0.14,4260.66,Signal Flip
1162,5M_EMA_CONFIRMED_50_200,SHORT,2026-03-29T07:00,2003.98,2026-03-29T07:50,2006.55,10,0.83,4260.66,-5.48,-0.13,4255.19,Signal Flip
1163,5M_EMA_CONFIRMED_50_200,SHORT,2026-03-29T08:15,2002.74,2026-03-29T08:30,2005.93,3,0.25,4255.19,-6.79,-0.16,4248.4,Signal Flip
1164,5M_EMA_CONFIRMED_50_200,SHORT,2026-03-29T08:55,2003.04,2026-03-29T11:05,2002.48,26,2.17,4248.4,1.18,0.03,4249.58,Signal Flip
1165,5M_EMA_CONFIRMED_50_200,SHORT,2026-03-29T12:35,1997.46,2026-03-29T12:55,2003.74,4,0.33,4249.58,-13.36,-0.31,4236.22,Signal Flip
1166,5M_EMA_CONFIRMED_50_200,SHORT,2026-03-29T13:05,1999.22,2026-03-29T16:20,2003.39,39,3.25,4236.22,-8.84,-0.21,4227.38,Signal Flip
1167,5M_EMA_CONFIRMED_50_200,SHORT,2026-03-29T17:15,1993.15,2026-03-29T17:45,1997.76,6,0.5,4227.38,-9.77,-0.23,4217.61,Signal Flip
1168,5M_EMA_CONFIRMED_50_200,SHORT,2026-03-29T17:50,1994.18,2026-03-29T18:40,1999.97,10,0.83,4217.61,-12.24,-0.29,4205.38,Signal Flip
1169,5M_EMA_CONFIRMED_50_200,SHORT,2026-03-29T19:40,1994.29,2026-03-29T20:05,1999.06,5,0.42,4205.38,-10.05,-0.24,4195.32,Signal Flip
1170,5M_EMA_CONFIRMED_50_200,LONG,2026-03-29T21:40,2006.18,2026-03-29T22:05,1994.17,5,0.42,4195.32,-25.12,-0.6,4170.21,Signal Flip
1171,5M_EMA_CONFIRMED_50_200,SHORT,2026-03-29T22:20,1992.38,2026-03-30T00:20,2019.81,24,2.0,4170.21,-57.4,-1.38,4112.8,Signal Flip
1172,5M_EMA_CONFIRMED_50_200,LONG,2026-03-30T01:50,2014.51,2026-03-30T10:15,2052.51,101,8.42,4112.8,77.59,1.89,4190.4,Signal Flip
1173,5M_EMA_CONFIRMED_50_200,LONG,2026-03-30T10:20,2058.23,2026-03-30T10:35,2051.81,3,0.25,4190.4,-13.06,-0.31,4177.34,Signal Flip
1174,5M_EMA_CONFIRMED_50_200,LONG,2026-03-30T10:55,2056.77,2026-03-30T13:50,2063.94,35,2.92,4177.34,14.56,0.35,4191.9,Signal Flip
1175,5M_EMA_CONFIRMED_50_200,LONG,2026-03-30T14:15,2069.17,2026-03-30T14:20,2057.08,1,0.08,4191.9,-24.5,-0.58,4167.4,Signal Flip
1176,5M_EMA_CONFIRMED_50_200,LONG,2026-03-30T14:55,2065.16,2026-03-30T16:20,2065.39,17,1.42,4167.4,0.45,0.01,4167.85,Signal Flip
1177,5M_EMA_CONFIRMED_50_200,SHORT,2026-03-30T19:15,2018.13,2026-03-30T21:15,2039.66,24,2.0,4167.85,-44.46,-1.07,4123.39,Signal Flip
1178,5M_EMA_CONFIRMED_50_200,SHORT,2026-03-30T22:10,2033.38,2026-03-30T22:20,2037.11,2,0.17,4123.39,-7.55,-0.18,4115.84,Signal Flip
1179,5M_EMA_CONFIRMED_50_200,SHORT,2026-03-30T22:35,2033.84,2026-03-31T00:45,2030.68,26,2.17,4115.84,6.39,0.16,4122.23,Signal Flip
1180,5M_EMA_CONFIRMED_50_200,LONG,2026-03-31T01:55,2075.08,2026-03-31T04:30,2059.42,31,2.58,4122.23,-31.1,-0.75,4091.12,Signal Flip
1181,5M_EMA_CONFIRMED_50_200,LONG,2026-03-31T04:40,2062.15,2026-03-31T05:00,2059.84,4,0.33,4091.12,-4.58,-0.11,4086.54,Signal Flip
1182,5M_EMA_CONFIRMED_50_200,LONG,2026-03-31T05:05,2063.75,2026-03-31T05:10,2058.01,1,0.08,4086.54,-11.37,-0.28,4075.17,Signal Flip
1183,5M_EMA_CONFIRMED_50_200,LONG,2026-03-31T05:25,2065.15,2026-03-31T06:10,2058.97,9,0.75,4075.17,-12.2,-0.3,4062.97,Signal Flip
1184,5M_EMA_CONFIRMED_50_200,LONG,2026-03-31T06:55,2062.99,2026-03-31T07:10,2056.78,3,0.25,4062.97,-12.23,-0.3,4050.74,Signal Flip
1185,5M_EMA_CONFIRMED_50_200,LONG,2026-03-31T08:05,2059.26,2026-03-31T08:15,2053.02,2,0.17,4050.74,-12.27,-0.3,4038.47,Signal Flip
1186,5M_EMA_CONFIRMED_50_200,SHORT,2026-03-31T09:30,2025.39,2026-03-31T11:20,2038.22,22,1.83,4038.47,-25.59,-0.63,4012.89,Signal Flip
1187,5M_EMA_CONFIRMED_50_200,SHORT,2026-03-31T12:15,2036.76,2026-03-31T12:20,2046.88,1,0.08,4012.89,-19.94,-0.5,3992.95,Signal Flip
1188,5M_EMA_CONFIRMED_50_200,LONG,2026-03-31T13:45,2064.13,2026-03-31T14:50,2055.46,13,1.08,3992.95,-16.77,-0.42,3976.18,Signal Flip
1189,5M_EMA_CONFIRMED_50_200,LONG,2026-03-31T15:10,2061.95,2026-03-31T15:45,2058.19,7,0.58,3976.18,-7.25,-0.18,3968.92,Signal Flip
1190,5M_EMA_CONFIRMED_50_200,LONG,2026-03-31T15:50,2061.1,2026-03-31T16:00,2053.82,2,0.17,3968.92,-14.01,-0.35,3954.91,Signal Flip
1191,5M_EMA_CONFIRMED_50_200,LONG,2026-03-31T16:10,2066.1,2026-03-31T21:10,2095.63,60,5.0,3954.91,56.52,1.43,4011.44,Signal Flip
1192,5M_EMA_CONFIRMED_50_200,LONG,2026-03-31T21:15,2098.43,2026-03-31T21:20,2095.86,1,0.08,4011.44,-4.91,-0.12,4006.53,Signal Flip
1193,5M_EMA_CONFIRMED_50_200,LONG,2026-03-31T21:30,2101.16,2026-03-31T22:10,2094.4,8,0.67,4006.53,-12.89,-0.32,3993.64,Signal Flip
1194,5M_EMA_CONFIRMED_50_200,LONG,2026-03-31T22:15,2101.14,2026-03-31T22:30,2095.9,3,0.25,3993.64,-9.96,-0.25,3983.69,Signal Flip
1195,5M_EMA_CONFIRMED_50_200,LONG,2026-03-31T23:10,2100.3,2026-03-31T23:15,2095.79,1,0.08,3983.69,-8.55,-0.21,3975.13,Signal Flip
1196,5M_EMA_CONFIRMED_50_200,LONG,2026-03-31T23:20,2104.67,2026-04-01T00:25,2098.95,13,1.08,3975.13,-10.81,-0.27,3964.33,Signal Flip
1197,5M_EMA_CONFIRMED_50_200,LONG,2026-04-01T00:30,2102.31,2026-04-01T00:35,2097.27,1,0.08,3964.33,-9.5,-0.24,3954.82,Signal Flip
1198,5M_EMA_CONFIRMED_50_200,LONG,2026-04-01T00:45,2104.56,2026-04-01T01:20,2100.69,7,0.58,3954.82,-7.28,-0.18,3947.55,Signal Flip
1199,5M_EMA_CONFIRMED_50_200,LONG,2026-04-01T03:10,2105.59,2026-04-01T08:10,2127.53,60,5.0,3947.55,41.12,1.04,3988.67,Signal Flip
1200,5M_EMA_CONFIRMED_50_200,LONG,2026-04-01T08:20,2131.18,2026-04-01T09:25,2128.36,13,1.08,3988.67,-5.28,-0.13,3983.39,Signal Flip
1201,5M_EMA_CONFIRMED_50_200,LONG,2026-04-01T09:30,2134.77,2026-04-01T09:40,2129.06,2,0.17,3983.39,-10.64,-0.27,3972.75,Signal Flip
1202,5M_EMA_CONFIRMED_50_200,LONG,2026-04-01T09:50,2135.91,2026-04-01T10:05,2131.02,3,0.25,3972.75,-9.08,-0.23,3963.67,Signal Flip
1203,5M_EMA_CONFIRMED_50_200,LONG,2026-04-01T10:25,2133.79,2026-04-01T10:30,2129.77,1,0.08,3963.67,-7.45,-0.19,3956.22,Signal Flip
1204,5M_EMA_CONFIRMED_50_200,LONG,2026-04-01T10:50,2136.56,2026-04-01T11:10,2130.62,4,0.33,3956.22,-10.99,-0.28,3945.23,Signal Flip
1205,5M_EMA_CONFIRMED_50_200,LONG,2026-04-01T11:15,2138.36,2026-04-01T11:35,2131.49,4,0.33,3945.23,-12.67,-0.32,3932.56,Signal Flip
1206,5M_EMA_CONFIRMED_50_200,LONG,2026-04-01T11:40,2137.38,2026-04-01T12:05,2130.57,5,0.42,3932.56,-12.52,-0.32,3920.04,Signal Flip
1207,5M_EMA_CONFIRMED_50_200,LONG,2026-04-01T12:15,2135.3,2026-04-01T12:30,2131.78,3,0.25,3920.04,-6.45,-0.16,3913.59,Signal Flip
1208,5M_EMA_CONFIRMED_50_200,LONG,2026-04-01T12:45,2143.22,2026-04-01T12:50,2130.61,1,0.08,3913.59,-23.02,-0.59,3890.57,Signal Flip
1209,5M_EMA_CONFIRMED_50_200,LONG,2026-04-01T13:20,2132.89,2026-04-01T13:25,2128.64,1,0.08,3890.57,-7.75,-0.2,3882.82,Signal Flip
1210,5M_EMA_CONFIRMED_50_200,LONG,2026-04-01T13:30,2134.15,2026-04-01T13:35,2130.35,1,0.08,3882.82,-6.9,-0.18,3875.92,Signal Flip
1211,5M_EMA_CONFIRMED_50_200,LONG,2026-04-01T14:50,2128.22,2026-04-01T15:00,2125.76,2,0.17,3875.92,-4.49,-0.12,3871.43,Signal Flip
1212,5M_EMA_CONFIRMED_50_200,LONG,2026-04-01T15:05,2128.41,2026-04-01T15:15,2123.74,2,0.17,3871.43,-8.51,-0.22,3862.92,Signal Flip
1213,5M_EMA_CONFIRMED_50_200,LONG,2026-04-01T15:20,2128.69,2026-04-01T16:15,2126.06,11,0.92,3862.92,-4.79,-0.12,3858.14,Signal Flip
1214,5M_EMA_CONFIRMED_50_200,LONG,2026-04-01T16:20,2133.35,2026-04-01T17:50,2135.94,18,1.5,3858.14,4.69,0.12,3862.83,Signal Flip
1215,5M_EMA_CONFIRMED_50_200,LONG,2026-04-01T17:55,2139.17,2026-04-01T18:05,2128.36,2,0.17,3862.83,-19.53,-0.51,3843.3,Signal Flip
1216,5M_EMA_CONFIRMED_50_200,LONG,2026-04-01T19:30,2143.11,2026-04-01T20:05,2132.48,7,0.58,3843.3,-19.06,-0.5,3824.24,Signal Flip
1217,5M_EMA_CONFIRMED_50_200,LONG,2026-04-01T20:10,2137.3,2026-04-01T20:30,2132.83,4,0.33,3824.24,-7.99,-0.21,3816.25,Signal Flip
1218,5M_EMA_CONFIRMED_50_200,LONG,2026-04-01T20:40,2140.4,2026-04-01T22:20,2143.17,20,1.67,3816.25,4.94,0.13,3821.19,Signal Flip
1219,5M_EMA_CONFIRMED_50_200,LONG,2026-04-01T22:25,2152.17,2026-04-01T22:40,2143.72,3,0.25,3821.19,-15.0,-0.39,3806.19,Signal Flip
1220,5M_EMA_CONFIRMED_50_200,LONG,2026-04-01T22:45,2146.6,2026-04-01T22:50,2141.18,1,0.08,3806.19,-9.62,-0.25,3796.57,Signal Flip
1221,5M_EMA_CONFIRMED_50_200,LONG,2026-04-02T00:40,2149.6,2026-04-02T01:05,2134.19,5,0.42,3796.57,-27.22,-0.72,3769.35,Signal Flip
1222,5M_EMA_CONFIRMED_50_200,LONG,2026-04-02T01:10,2147.39,2026-04-02T01:15,2139.66,1,0.08,3769.35,-13.57,-0.36,3755.78,Signal Flip
1223,5M_EMA_CONFIRMED_50_200,SHORT,2026-04-02T02:00,2098.97,2026-04-02T14:00,2039.83,144,12.0,3755.78,105.82,2.82,3861.6,Signal Flip
1224,5M_EMA_CONFIRMED_50_200,SHORT,2026-04-02T17:50,2049.56,2026-04-02T18:50,2055.04,12,1.0,3861.6,-10.31,-0.27,3851.29,Signal Flip
1225,5M_EMA_CONFIRMED_50_200,LONG,2026-04-02T21:05,2067.46,2026-04-02T21:15,2058.48,2,0.17,3851.29,-16.73,-0.43,3834.56,Signal Flip
1226,5M_EMA_CONFIRMED_50_200,LONG,2026-04-02T21:20,2062.87,2026-04-02T21:25,2057.29,1,0.08,3834.56,-10.37,-0.27,3824.18,Signal Flip
1227,5M_EMA_CONFIRMED_50_200,SHORT,2026-04-02T21:25,2057.29,2026-04-02T21:55,2062.45,6,0.5,3824.18,-9.59,-0.25,3814.59,Signal Flip
1228,5M_EMA_CONFIRMED_50_200,LONG,2026-04-02T22:20,2063.85,2026-04-02T22:25,2057.98,1,0.08,3814.59,-10.85,-0.28,3803.74,Signal Flip
1229,5M_EMA_CONFIRMED_50_200,SHORT,2026-04-02T22:25,2057.98,2026-04-02T22:45,2062.32,4,0.33,3803.74,-8.02,-0.21,3795.72,Signal Flip
1230,5M_EMA_CONFIRMED_50_200,SHORT,2026-04-02T22:50,2059.35,2026-04-02T22:55,2061.95,1,0.08,3795.72,-4.79,-0.13,3790.93,Signal Flip
1231,5M_EMA_CONFIRMED_50_200,SHORT,2026-04-02T23:00,2059.01,2026-04-03T00:25,2060.16,17,1.42,3790.93,-2.12,-0.06,3788.81,Signal Flip
1232,5M_EMA_CONFIRMED_50_200,SHORT,2026-04-03T00:30,2054.03,2026-04-03T01:30,2060.3,12,1.0,3788.81,-11.56,-0.31,3777.25,Signal Flip
1233,5M_EMA_CONFIRMED_50_200,SHORT,2026-04-03T01:40,2045.35,2026-04-03T02:20,2060.03,8,0.67,3777.25,-27.12,-0.72,3750.13,Signal Flip
1234,5M_EMA_CONFIRMED_50_200,SHORT,2026-04-03T02:30,2047.99,2026-04-03T03:10,2055.23,8,0.67,3750.13,-13.26,-0.35,3736.87,Signal Flip
1235,5M_EMA_CONFIRMED_50_200,SHORT,2026-04-03T03:30,2051.6,2026-04-03T03:35,2056.6,1,0.08,3736.87,-9.1,-0.24,3727.78,Signal Flip
1236,5M_EMA_CONFIRMED_50_200,SHORT,2026-04-03T03:40,2052.22,2026-04-03T04:00,2055.25,4,0.33,3727.78,-5.49,-0.15,3722.28,Signal Flip
1237,5M_EMA_CONFIRMED_50_200,SHORT,2026-04-03T04:25,2051.01,2026-04-03T04:50,2056.43,5,0.42,3722.28,-9.83,-0.26,3712.46,Signal Flip
1238,5M_EMA_CONFIRMED_50_200,SHORT,2026-04-03T05:15,2052.37,2026-04-03T05:30,2054.86,3,0.25,3712.46,-4.49,-0.12,3707.97,Signal Flip
1239,5M_EMA_CONFIRMED_50_200,LONG,2026-04-03T07:10,2067.47,2026-04-03T08:45,2059.42,19,1.58,3707.97,-14.44,-0.39,3693.52,Signal Flip
1240,5M_EMA_CONFIRMED_50_200,LONG,2026-04-03T09:20,2064.03,2026-04-03T09:25,2057.18,1,0.08,3693.52,-12.26,-0.33,3681.26,Signal Flip
1241,5M_EMA_CONFIRMED_50_200,LONG,2026-04-03T09:45,2063.42,2026-04-03T09:50,2060.19,1,0.08,3681.26,-5.77,-0.16,3675.5,Signal Flip
1242,5M_EMA_CONFIRMED_50_200,LONG,2026-04-03T11:05,2061.37,2026-04-03T11:10,2057.68,1,0.08,3675.5,-6.58,-0.18,3668.92,Signal Flip
1243,5M_EMA_CONFIRMED_50_200,LONG,2026-04-03T11:25,2061.64,2026-04-03T12:20,2059.4,11,0.92,3668.92,-3.99,-0.11,3664.93,Signal Flip
1244,5M_EMA_CONFIRMED_50_200,LONG,2026-04-03T12:30,2068.37,2026-04-03T12:35,2059.96,1,0.08,3664.93,-14.91,-0.41,3650.02,Signal Flip
1245,5M_EMA_CONFIRMED_50_200,SHORT,2026-04-03T13:10,2043.92,2026-04-03T14:55,2056.62,21,1.75,3650.02,-22.68,-0.62,3627.34,Signal Flip
1246,5M_EMA_CONFIRMED_50_200,SHORT,2026-04-03T15:20,2051.55,2026-04-03T16:20,2055.31,12,1.0,3627.34,-6.64,-0.18,3620.71,Signal Flip
1247,5M_EMA_CONFIRMED_50_200,SHORT,2026-04-03T16:40,2052.15,2026-04-03T16:50,2055.69,2,0.17,3620.71,-6.24,-0.17,3614.47,Signal Flip
1248,5M_EMA_CONFIRMED_50_200,SHORT,2026-04-03T17:05,2052.27,2026-04-03T17:10,2055.72,1,0.08,3614.47,-6.07,-0.17,3608.41,Signal Flip
1249,5M_EMA_CONFIRMED_50_200,SHORT,2026-04-03T17:15,2051.16,2026-04-03T18:20,2053.61,13,1.08,3608.41,-4.3,-0.12,3604.11,Signal Flip
1250,5M_EMA_CONFIRMED_50_200,SHORT,2026-04-03T18:30,2049.53,2026-04-03T18:35,2053.72,1,0.08,3604.11,-7.35,-0.2,3596.76,Signal Flip
1251,5M_EMA_CONFIRMED_50_200,SHORT,2026-04-03T18:40,2050.06,2026-04-03T19:50,2054.33,14,1.17,3596.76,-7.48,-0.21,3589.28,Signal Flip
1252,5M_EMA_CONFIRMED_50_200,SHORT,2026-04-03T22:50,2051.01,2026-04-03T23:50,2054.29,12,1.0,3589.28,-5.73,-0.16,3583.55,Signal Flip
1253,5M_EMA_CONFIRMED_50_200,SHORT,2026-04-04T00:05,2050.98,2026-04-04T00:25,2054.26,4,0.33,3583.55,-5.72,-0.16,3577.83,Signal Flip
1254,5M_EMA_CONFIRMED_50_200,SHORT,2026-04-04T00:30,2051.21,2026-04-04T00:35,2054.49,1,0.08,3577.83,-5.71,-0.16,3572.13,Signal Flip
1255,5M_EMA_CONFIRMED_50_200,SHORT,2026-04-04T00:55,2051.53,2026-04-04T02:05,2054.31,14,1.17,3572.13,-4.83,-0.14,3567.3,Signal Flip
1256,5M_EMA_CONFIRMED_50_200,SHORT,2026-04-04T02:10,2049.86,2026-04-04T03:10,2052.35,12,1.0,3567.3,-4.32,-0.12,3562.98,Signal Flip
1257,5M_EMA_CONFIRMED_50_200,SHORT,2026-04-04T03:20,2050.12,2026-04-04T04:40,2052.03,16,1.33,3562.98,-3.3,-0.09,3559.68,Signal Flip
1258,5M_EMA_CONFIRMED_50_200,LONG,2026-04-04T07:15,2055.15,2026-04-04T07:45,2051.93,6,0.5,3559.68,-5.57,-0.16,3554.11,Signal Flip
1259,5M_EMA_CONFIRMED_50_200,LONG,2026-04-04T07:55,2054.23,2026-04-04T08:35,2051.35,8,0.67,3554.11,-4.97,-0.14,3549.14,Signal Flip
1260,5M_EMA_CONFIRMED_50_200,SHORT,2026-04-04T09:00,2049.54,2026-04-04T10:40,2052.46,20,1.67,3549.14,-5.04,-0.14,3544.1,Signal Flip
1261,5M_EMA_CONFIRMED_50_200,SHORT,2026-04-04T11:40,2050.38,2026-04-04T12:05,2053.31,5,0.42,3544.1,-5.05,-0.14,3539.05,Signal Flip
1262,5M_EMA_CONFIRMED_50_200,SHORT,2026-04-04T12:10,2049.48,2026-04-04T12:25,2053.1,3,0.25,3539.05,-6.24,-0.18,3532.81,Signal Flip
1263,5M_EMA_CONFIRMED_50_200,SHORT,2026-04-04T12:30,2050.42,2026-04-04T13:40,2053.79,14,1.17,3532.81,-5.79,-0.16,3527.02,Signal Flip
1264,5M_EMA_CONFIRMED_50_200,SHORT,2026-04-04T14:35,2050.26,2026-04-04T15:00,2054.13,5,0.42,3527.02,-6.64,-0.19,3520.37,Signal Flip
1265,5M_EMA_CONFIRMED_50_200,LONG,2026-04-04T15:25,2055.43,2026-04-04T17:05,2052.82,20,1.67,3520.37,-4.46,-0.13,3515.91,Signal Flip
1266,5M_EMA_CONFIRMED_50_200,LONG,2026-04-04T17:15,2057.45,2026-04-04T18:35,2054.48,16,1.33,3515.91,-5.07,-0.14,3510.85,Signal Flip
1267,5M_EMA_CONFIRMED_50_200,LONG,2026-04-04T18:40,2057.36,2026-04-04T18:45,2054.48,1,0.08,3510.85,-4.91,-0.14,3505.94,Signal Flip
1268,5M_EMA_CONFIRMED_50_200,LONG,2026-04-04T18:55,2057.28,2026-04-04T19:00,2054.12,1,0.08,3505.94,-5.38,-0.15,3500.56,Signal Flip
1269,5M_EMA_CONFIRMED_50_200,LONG,2026-04-04T19:05,2060.66,2026-04-04T20:05,2059.07,12,1.0,3500.56,-2.7,-0.08,3497.86,Signal Flip
1270,5M_EMA_CONFIRMED_50_200,LONG,2026-04-04T20:10,2062.74,2026-04-04T23:20,2064.8,38,3.17,3497.86,3.49,0.1,3501.35,Signal Flip
1271,5M_EMA_CONFIRMED_50_200,LONG,2026-04-05T00:45,2066.28,2026-04-05T00:50,2062.43,1,0.08,3501.35,-6.53,-0.19,3494.82,Signal Flip
1272,5M_EMA_CONFIRMED_50_200,SHORT,2026-04-05T04:10,2054.38,2026-04-05T09:25,2045.03,63,5.25,3494.82,15.91,0.46,3510.72,Signal Flip
1273,5M_EMA_CONFIRMED_50_200,SHORT,2026-04-05T11:30,2041.74,2026-04-05T14:00,2037.65,30,2.5,3510.72,7.03,0.2,3517.75,Signal Flip
1274,5M_EMA_CONFIRMED_50_200,LONG,2026-04-05T16:45,2057.24,2026-04-05T21:15,2059.99,54,4.5,3517.75,4.7,0.13,3522.46,Signal Flip
1275,5M_EMA_CONFIRMED_50_200,LONG,2026-04-05T21:50,2063.75,2026-04-05T22:00,2058.98,2,0.17,3522.46,-8.14,-0.23,3514.32,Signal Flip
1276,5M_EMA_CONFIRMED_50_200,LONG,2026-04-05T22:05,2067.38,2026-04-05T22:15,2053.99,2,0.17,3514.32,-22.76,-0.65,3491.55,Signal Flip
1277,5M_EMA_CONFIRMED_50_200,LONG,2026-04-05T22:40,2062.19,2026-04-06T06:25,2125.43,93,7.75,3491.55,107.07,3.07,3598.62,Signal Flip
1278,5M_EMA_CONFIRMED_50_200,LONG,2026-04-06T06:55,2128.68,2026-04-06T07:05,2122.72,2,0.17,3598.62,-10.09,-0.28,3588.53,Signal Flip
1279,5M_EMA_CONFIRMED_50_200,LONG,2026-04-06T07:20,2131.35,2026-04-06T12:55,2146.52,67,5.58,3588.53,25.54,0.71,3614.08,Signal Flip
1280,5M_EMA_CONFIRMED_50_200,LONG,2026-04-06T14:20,2148.96,2026-04-06T14:40,2144.14,4,0.33,3614.08,-8.12,-0.22,3605.96,Signal Flip
1281,5M_EMA_CONFIRMED_50_200,LONG,2026-04-06T14:45,2149.09,2026-04-06T14:50,2144.73,1,0.08,3605.96,-7.33,-0.2,3598.63,Signal Flip
1282,5M_EMA_CONFIRMED_50_200,LONG,2026-04-06T14:55,2158.81,2026-04-06T16:55,2154.0,24,2.0,3598.63,-8.01,-0.22,3590.62,Signal Flip
1283,5M_EMA_CONFIRMED_50_200,LONG,2026-04-06T18:30,2147.36,2026-04-06T18:35,2142.67,1,0.08,3590.62,-7.85,-0.22,3582.77,Signal Flip
1284,5M_EMA_CONFIRMED_50_200,LONG,2026-04-06T19:55,2145.73,2026-04-06T20:00,2143.18,1,0.08,3582.77,-4.27,-0.12,3578.51,Signal Flip
1285,5M_EMA_CONFIRMED_50_200,LONG,2026-04-06T20:15,2146.83,2026-04-06T21:20,2144.44,13,1.08,3578.51,-3.99,-0.11,3574.51,Signal Flip
1286,5M_EMA_CONFIRMED_50_200,LONG,2026-04-06T21:25,2147.84,2026-04-06T21:30,2144.44,1,0.08,3574.51,-5.67,-0.16,3568.84,Signal Flip
1287,5M_EMA_CONFIRMED_50_200,SHORT,2026-04-06T23:05,2098.24,2026-04-07T04:35,2113.18,66,5.5,3568.84,-25.4,-0.71,3543.44,Signal Flip
1288,5M_EMA_CONFIRMED_50_200,SHORT,2026-04-07T05:25,2109.01,2026-04-07T08:05,2107.31,32,2.67,3543.44,2.86,0.08,3546.3,Signal Flip
1289,5M_EMA_CONFIRMED_50_200,SHORT,2026-04-07T10:30,2105.44,2026-04-07T16:05,2084.63,67,5.58,3546.3,35.04,0.99,3581.34,Signal Flip
1290,5M_EMA_CONFIRMED_50_200,SHORT,2026-04-07T16:10,2077.83,2026-04-07T16:25,2083.77,3,0.25,3581.34,-10.24,-0.29,3571.1,Signal Flip
1291,5M_EMA_CONFIRMED_50_200,SHORT,2026-04-07T18:55,2083.9,2026-04-07T19:20,2101.0,5,0.42,3571.1,-29.31,-0.82,3541.79,Signal Flip
1292,5M_EMA_CONFIRMED_50_200,LONG,2026-04-07T20:35,2118.02,2026-04-08T06:05,2236.02,114,9.5,3541.79,197.33,5.57,3739.12,Signal Flip
1293,5M_EMA_CONFIRMED_50_200,LONG,2026-04-08T06:10,2238.37,2026-04-08T09:30,2249.33,40,3.33,3739.12,18.32,0.49,3757.44,Signal Flip
1294,5M_EMA_CONFIRMED_50_200,LONG,2026-04-08T09:35,2253.32,2026-04-08T09:45,2245.31,2,0.17,3757.44,-13.36,-0.36,3744.08,Signal Flip
1295,5M_EMA_CONFIRMED_50_200,LONG,2026-04-08T10:10,2252.14,2026-04-08T10:15,2246.96,1,0.08,3744.08,-8.61,-0.23,3735.47,Signal Flip
1296,5M_EMA_CONFIRMED_50_200,LONG,2026-04-08T11:25,2250.2,2026-04-08T11:40,2239.11,3,0.25,3735.47,-18.42,-0.49,3717.06,Signal Flip
1297,5M_EMA_CONFIRMED_50_200,LONG,2026-04-08T12:05,2251.4,2026-04-08T12:25,2244.8,4,0.33,3717.06,-10.89,-0.29,3706.16,Signal Flip
1298,5M_EMA_CONFIRMED_50_200,LONG,2026-04-08T12:35,2253.18,2026-04-08T13:35,2247.65,12,1.0,3706.16,-9.1,-0.25,3697.07,Signal Flip
1299,5M_EMA_CONFIRMED_50_200,LONG,2026-04-08T17:15,2226.62,2026-04-08T17:25,2217.19,2,0.17,3697.07,-15.66,-0.42,3681.41,Signal Flip
1300,5M_EMA_CONFIRMED_50_200,LONG,2026-04-08T17:35,2224.83,2026-04-08T18:20,2215.25,9,0.75,3681.41,-15.85,-0.43,3665.55,Signal Flip
1301,5M_EMA_CONFIRMED_50_200,SHORT,2026-04-08T18:55,2202.79,2026-04-08T20:15,2216.08,16,1.33,3665.55,-22.11,-0.6,3643.44,Signal Flip
1302,5M_EMA_CONFIRMED_50_200,SHORT,2026-04-08T20:25,2213.25,2026-04-08T21:15,2215.7,10,0.83,3643.44,-4.02,-0.11,3639.42,Signal Flip
1303,5M_EMA_CONFIRMED_50_200,SHORT,2026-04-08T22:05,2209.3,2026-04-09T03:55,2184.72,70,5.83,3639.42,40.5,1.11,3679.91,Signal Flip
1304,5M_EMA_CONFIRMED_50_200,SHORT,2026-04-09T04:00,2181.4,2026-04-09T05:30,2182.7,18,1.5,3679.91,-2.2,-0.06,3677.71,Signal Flip
1305,5M_EMA_CONFIRMED_50_200,SHORT,2026-04-09T05:55,2179.73,2026-04-09T06:00,2183.27,1,0.08,3677.71,-5.98,-0.16,3671.74,Signal Flip
1306,5M_EMA_CONFIRMED_50_200,SHORT,2026-04-09T06:20,2178.84,2026-04-09T07:00,2182.61,8,0.67,3671.74,-6.35,-0.17,3665.38,Signal Flip
1307,5M_EMA_CONFIRMED_50_200,SHORT,2026-04-09T07:30,2180.02,2026-04-09T07:35,2184.6,1,0.08,3665.38,-7.7,-0.21,3657.68,Signal Flip
1308,5M_EMA_CONFIRMED_50_200,SHORT,2026-04-09T07:50,2180.46,2026-04-09T08:05,2184.61,3,0.25,3657.68,-6.97,-0.19,3650.71,Signal Flip
1309,5M_EMA_CONFIRMED_50_200,SHORT,2026-04-09T08:10,2180.26,2026-04-09T08:35,2184.4,5,0.42,3650.71,-6.94,-0.19,3643.78,Signal Flip
1310,5M_EMA_CONFIRMED_50_200,SHORT,2026-04-09T09:05,2179.95,2026-04-09T09:15,2184.16,2,0.17,3643.78,-7.04,-0.19,3636.74,Signal Flip
1311,5M_EMA_CONFIRMED_50_200,SHORT,2026-04-09T11:15,2184.66,2026-04-09T12:30,2185.89,15,1.25,3636.74,-2.06,-0.06,3634.68,Signal Flip
1312,5M_EMA_CONFIRMED_50_200,SHORT,2026-04-09T12:35,2181.3,2026-04-09T14:50,2177.51,27,2.25,3634.68,6.32,0.17,3641.0,Signal Flip
1313,5M_EMA_CONFIRMED_50_200,SHORT,2026-04-09T15:05,2173.7,2026-04-09T15:15,2186.46,2,0.17,3641.0,-21.37,-0.59,3619.62,Signal Flip
1314,5M_EMA_CONFIRMED_50_200,LONG,2026-04-09T16:10,2217.21,2026-04-09T19:25,2204.72,39,3.25,3619.62,-20.39,-0.56,3599.23,Signal Flip
1315,5M_EMA_CONFIRMED_50_200,LONG,2026-04-09T19:30,2208.51,2026-04-09T21:10,2210.5,20,1.67,3599.23,3.24,0.09,3602.48,Signal Flip
1316,5M_EMA_CONFIRMED_50_200,LONG,2026-04-09T21:15,2214.96,2026-04-09T21:20,2210.72,1,0.08,3602.48,-6.88,-0.19,3595.59,Signal Flip
1317,5M_EMA_CONFIRMED_50_200,LONG,2026-04-09T21:25,2213.82,2026-04-09T21:30,2208.75,1,0.08,3595.59,-8.24,-0.23,3587.36,Signal Flip
1318,5M_EMA_CONFIRMED_50_200,LONG,2026-04-09T21:45,2216.97,2026-04-09T21:55,2210.42,2,0.17,3587.36,-10.59,-0.3,3576.77,Signal Flip
1319,5M_EMA_CONFIRMED_50_200,LONG,2026-04-09T22:05,2216.03,2026-04-09T22:40,2211.5,7,0.58,3576.77,-7.3,-0.2,3569.47,Signal Flip
1320,5M_EMA_CONFIRMED_50_200,SHORT,2026-04-10T00:50,2192.68,2026-04-10T01:40,2203.74,10,0.83,3569.47,-18.0,-0.5,3551.46,Signal Flip
1321,5M_EMA_CONFIRMED_50_200,SHORT,2026-04-10T02:00,2193.59,2026-04-10T04:55,2196.46,35,2.92,3551.46,-4.64,-0.13,3546.83,Signal Flip
1322,5M_EMA_CONFIRMED_50_200,SHORT,2026-04-10T06:20,2190.51,2026-04-10T08:40,2190.7,28,2.33,3546.83,-0.31,-0.01,3546.52,Signal Flip
1323,5M_EMA_CONFIRMED_50_200,SHORT,2026-04-10T08:45,2185.75,2026-04-10T09:05,2189.57,4,0.33,3546.52,-6.21,-0.18,3540.31,Signal Flip
1324,5M_EMA_CONFIRMED_50_200,SHORT,2026-04-10T09:10,2185.76,2026-04-10T09:15,2189.18,1,0.08,3540.31,-5.55,-0.16,3534.75,Signal Flip
1325,5M_EMA_CONFIRMED_50_200,LONG,2026-04-10T11:25,2216.34,2026-04-10T13:40,2208.41,27,2.25,3534.75,-12.65,-0.36,3522.1,Signal Flip
1326,5M_EMA_CONFIRMED_50_200,LONG,2026-04-10T13:45,2216.68,2026-04-10T15:50,2226.39,25,2.08,3522.1,15.43,0.44,3537.53,Signal Flip
1327,5M_EMA_CONFIRMED_50_200,LONG,2026-04-10T16:15,2232.42,2026-04-10T20:40,2242.37,53,4.42,3537.53,15.77,0.45,3553.3,Signal Flip
1328,5M_EMA_CONFIRMED_50_200,LONG,2026-04-10T20:45,2248.87,2026-04-10T21:15,2245.12,6,0.5,3553.3,-5.94,-0.17,3547.36,Signal Flip
1329,5M_EMA_CONFIRMED_50_200,LONG,2026-04-10T21:25,2249.81,2026-04-10T21:35,2245.14,2,0.17,3547.36,-7.38,-0.21,3539.99,Signal Flip
1330,5M_EMA_CONFIRMED_50_200,LONG,2026-04-10T21:40,2249.07,2026-04-10T22:25,2246.46,9,0.75,3539.99,-4.12,-0.12,3535.87,Signal Flip
1331,5M_EMA_CONFIRMED_50_200,LONG,2026-04-11T01:35,2243.81,2026-04-11T01:40,2239.91,1,0.08,3535.87,-6.15,-0.17,3529.72,Signal Flip
1332,5M_EMA_CONFIRMED_50_200,LONG,2026-04-11T01:50,2246.67,2026-04-11T03:40,2243.84,22,1.83,3529.72,-4.45,-0.13,3525.27,Signal Flip
1333,5M_EMA_CONFIRMED_50_200,LONG,2026-04-11T03:45,2246.34,2026-04-11T03:55,2241.33,2,0.17,3525.27,-7.87,-0.22,3517.4,Signal Flip
1334,5M_EMA_CONFIRMED_50_200,SHORT,2026-04-11T08:05,2231.84,2026-04-11T09:15,2236.33,14,1.17,3517.4,-7.07,-0.2,3510.33,Signal Flip
1335,5M_EMA_CONFIRMED_50_200,LONG,2026-04-11T09:25,2247.1,2026-04-11T13:10,2238.88,45,3.75,3510.33,-12.85,-0.37,3497.48,Signal Flip
1336,5M_EMA_CONFIRMED_50_200,LONG,2026-04-11T13:20,2242.63,2026-04-11T13:25,2237.68,1,0.08,3497.48,-7.72,-0.22,3489.76,Signal Flip
1337,5M_EMA_CONFIRMED_50_200,LONG,2026-04-11T13:50,2242.34,2026-04-11T13:55,2239.46,1,0.08,3489.76,-4.48,-0.13,3485.28,Signal Flip
1338,5M_EMA_CONFIRMED_50_200,LONG,2026-04-11T14:10,2244.44,2026-04-11T14:30,2239.99,4,0.33,3485.28,-6.91,-0.2,3478.37,Signal Flip
1339,5M_EMA_CONFIRMED_50_200,LONG,2026-04-11T14:55,2243.26,2026-04-11T22:40,2290.75,93,7.75,3478.37,73.64,2.12,3552.01,Signal Flip
1340,5M_EMA_CONFIRMED_50_200,LONG,2026-04-11T22:45,2297.95,2026-04-11T22:55,2291.75,2,0.17,3552.01,-9.58,-0.27,3542.43,Signal Flip
1341,5M_EMA_CONFIRMED_50_200,LONG,2026-04-11T23:00,2298.04,2026-04-11T23:05,2284.35,1,0.08,3542.43,-21.11,-0.6,3521.33,Signal Flip
1342,5M_EMA_CONFIRMED_50_200,SHORT,2026-04-12T02:20,2226.54,2026-04-12T10:10,2218.34,94,7.83,3521.33,12.96,0.37,3534.29,Signal Flip
1343,5M_EMA_CONFIRMED_50_200,SHORT,2026-04-12T10:15,2213.77,2026-04-12T17:05,2191.34,82,6.83,3534.29,35.82,1.01,3570.12,Signal Flip
1344,5M_EMA_CONFIRMED_50_200,SHORT,2026-04-12T17:15,2186.7,2026-04-12T17:20,2191.5,1,0.08,3570.12,-7.84,-0.22,3562.28,Signal Flip
1345,5M_EMA_CONFIRMED_50_200,SHORT,2026-04-12T20:10,2194.13,2026-04-12T20:30,2198.82,4,0.33,3562.28,-7.61,-0.21,3554.67,Signal Flip
1346,5M_EMA_CONFIRMED_50_200,SHORT,2026-04-12T22:05,2187.74,2026-04-13T00:25,2199.18,28,2.33,3554.67,-18.59,-0.52,3536.08,Signal Flip
1347,5M_EMA_CONFIRMED_50_200,SHORT,2026-04-13T02:15,2193.27,2026-04-13T02:30,2202.66,3,0.25,3536.08,-15.14,-0.43,3520.94,Signal Flip
1348,5M_EMA_CONFIRMED_50_200,SHORT,2026-04-13T02:40,2193.32,2026-04-13T04:35,2198.9,23,1.92,3520.94,-8.95,-0.25,3511.99,Signal Flip
1349,5M_EMA_CONFIRMED_50_200,SHORT,2026-04-13T04:50,2193.06,2026-04-13T06:05,2196.05,15,1.25,3511.99,-4.78,-0.14,3507.21,Signal Flip
1350,5M_EMA_CONFIRMED_50_200,SHORT,2026-04-13T07:10,2192.81,2026-04-13T09:05,2193.64,23,1.92,3507.21,-1.32,-0.04,3505.89,Signal Flip
1351,5M_EMA_CONFIRMED_50_200,SHORT,2026-04-13T09:10,2187.53,2026-04-13T09:15,2190.31,1,0.08,3505.89,-4.47,-0.13,3501.42,Signal Flip
1352,5M_EMA_CONFIRMED_50_200,SHORT,2026-04-13T09:20,2187.7,2026-04-13T09:25,2191.61,1,0.08,3501.42,-6.26,-0.18,3495.17,Signal Flip
1353,5M_EMA_CONFIRMED_50_200,SHORT,2026-04-13T09:50,2187.46,2026-04-13T11:45,2190.22,23,1.92,3495.17,-4.42,-0.13,3490.74,Signal Flip
1354,5M_EMA_CONFIRMED_50_200,SHORT,2026-04-13T12:05,2182.68,2026-04-13T12:10,2188.76,1,0.08,3490.74,-9.73,-0.28,3481.01,Signal Flip
1355,5M_EMA_CONFIRMED_50_200,SHORT,2026-04-13T12:15,2185.47,2026-04-13T12:55,2198.02,8,0.67,3481.01,-19.99,-0.57,3461.02,Signal Flip
1356,5M_EMA_CONFIRMED_50_200,SHORT,2026-04-13T13:40,2182.92,2026-04-13T13:50,2213.0,2,0.17,3461.02,-47.69,-1.38,3413.33,Signal Flip
1357,5M_EMA_CONFIRMED_50_200,LONG,2026-04-13T14:25,2212.43,2026-04-13T15:40,2202.86,15,1.25,3413.33,-14.76,-0.43,3398.57,Signal Flip
1358,5M_EMA_CONFIRMED_50_200,LONG,2026-04-13T15:45,2207.81,2026-04-14T05:50,2358.32,169,14.08,3398.57,231.68,6.82,3630.25,Signal Flip
1359,5M_EMA_CONFIRMED_50_200,LONG,2026-04-14T06:10,2363.68,2026-04-14T06:15,2359.9,1,0.08,3630.25,-5.81,-0.16,3624.44,Signal Flip
1360,5M_EMA_CONFIRMED_50_200,LONG,2026-04-14T06:20,2365.19,2026-04-14T10:40,2376.69,52,4.33,3624.44,17.62,0.49,3642.06,Signal Flip
1361,5M_EMA_CONFIRMED_50_200,LONG,2026-04-14T13:05,2380.55,2026-04-14T13:30,2372.78,5,0.42,3642.06,-11.88,-0.33,3630.18,Signal Flip
1362,5M_EMA_CONFIRMED_50_200,LONG,2026-04-14T13:35,2384.38,2026-04-14T14:40,2375.76,13,1.08,3630.18,-13.12,-0.36,3617.06,Signal Flip
1363,5M_EMA_CONFIRMED_50_200,LONG,2026-04-14T15:55,2372.08,2026-04-14T16:00,2363.44,1,0.08,3617.06,-13.17,-0.36,3603.88,Signal Flip
1364,5M_EMA_CONFIRMED_50_200,SHORT,2026-04-14T18:00,2337.2,2026-04-14T22:00,2324.88,48,4.0,3603.88,19.0,0.53,3622.88,Signal Flip
1365,5M_EMA_CONFIRMED_50_200,SHORT,2026-04-14T22:05,2320.73,2026-04-14T22:10,2329.53,1,0.08,3622.88,-13.75,-0.38,3609.13,Signal Flip
1366,5M_EMA_CONFIRMED_50_200,SHORT,2026-04-14T22:20,2319.23,2026-04-14T23:35,2323.53,15,1.25,3609.13,-6.69,-0.19,3602.44,Signal Flip
1367,5M_EMA_CONFIRMED_50_200,SHORT,2026-04-14T23:55,2319.4,2026-04-15T00:00,2323.6,1,0.08,3602.44,-6.53,-0.18,3595.91,Signal Flip
1368,5M_EMA_CONFIRMED_50_200,SHORT,2026-04-15T02:25,2327.35,2026-04-15T04:00,2329.98,19,1.58,3595.91,-4.08,-0.11,3591.84,Signal Flip
1369,5M_EMA_CONFIRMED_50_200,SHORT,2026-04-15T05:25,2323.44,2026-04-15T08:20,2321.24,35,2.92,3591.84,3.4,0.09,3595.24,Signal Flip
1370,5M_EMA_CONFIRMED_50_200,SHORT,2026-04-15T09:30,2319.09,2026-04-15T10:10,2324.94,8,0.67,3595.24,-9.07,-0.25,3586.16,Signal Flip
1371,5M_EMA_CONFIRMED_50_200,SHORT,2026-04-15T10:20,2316.77,2026-04-15T10:45,2323.51,5,0.42,3586.16,-10.43,-0.29,3575.73,Signal Flip
1372,5M_EMA_CONFIRMED_50_200,SHORT,2026-04-15T11:00,2315.49,2026-04-15T11:10,2323.37,2,0.17,3575.73,-12.17,-0.34,3563.56,Signal Flip
1373,5M_EMA_CONFIRMED_50_200,LONG,2026-04-15T12:55,2336.51,2026-04-15T13:25,2327.02,6,0.5,3563.56,-14.48,-0.41,3549.09,Signal Flip
1374,5M_EMA_CONFIRMED_50_200,LONG,2026-04-15T13:30,2333.56,2026-04-15T13:35,2326.76,1,0.08,3549.09,-10.34,-0.29,3538.74,Signal Flip
1375,5M_EMA_CONFIRMED_50_200,SHORT,2026-04-15T13:55,2318.44,2026-04-15T14:15,2334.22,4,0.33,3538.74,-24.08,-0.68,3514.66,Signal Flip
1376,5M_EMA_CONFIRMED_50_200,LONG,2026-04-15T14:20,2335.55,2026-04-15T14:45,2327.69,5,0.42,3514.66,-11.83,-0.34,3502.83,Signal Flip
1377,5M_EMA_CONFIRMED_50_200,LONG,2026-04-15T14:50,2337.7,2026-04-15T15:35,2321.8,9,0.75,3502.83,-23.82,-0.68,3479.01,Signal Flip
1378,5M_EMA_CONFIRMED_50_200,LONG,2026-04-15T15:45,2333.9,2026-04-15T21:10,2354.54,65,5.42,3479.01,30.78,0.88,3509.78,Signal Flip
1379,5M_EMA_CONFIRMED_50_200,LONG,2026-04-15T21:40,2361.34,2026-04-15T23:05,2359.04,17,1.42,3509.78,-3.42,-0.1,3506.36,Signal Flip
1380,5M_EMA_CONFIRMED_50_200,LONG,2026-04-16T00:35,2364.19,2026-04-16T00:40,2357.33,1,0.08,3506.36,-10.18,-0.29,3496.19,Signal Flip
1381,5M_EMA_CONFIRMED_50_200,LONG,2026-04-16T00:45,2360.1,2026-04-16T00:50,2357.11,1,0.08,3496.19,-4.43,-0.13,3491.76,Signal Flip
1382,5M_EMA_CONFIRMED_50_200,LONG,2026-04-16T00:55,2360.12,2026-04-16T01:05,2353.92,2,0.17,3491.76,-9.17,-0.26,3482.59,Signal Flip
1383,5M_EMA_CONFIRMED_50_200,LONG,2026-04-16T02:30,2360.2,2026-04-16T02:55,2355.4,5,0.42,3482.59,-7.08,-0.2,3475.51,Signal Flip
1384,5M_EMA_CONFIRMED_50_200,LONG,2026-04-16T03:05,2361.55,2026-04-16T03:10,2355.84,1,0.08,3475.51,-8.4,-0.24,3467.11,Signal Flip
1385,5M_EMA_CONFIRMED_50_200,LONG,2026-04-16T03:15,2359.18,2026-04-16T04:00,2356.67,9,0.75,3467.11,-3.69,-0.11,3463.43,Signal Flip
1386,5M_EMA_CONFIRMED_50_200,LONG,2026-04-16T04:10,2359.29,2026-04-16T04:25,2356.03,3,0.25,3463.43,-4.78,-0.14,3458.64,Signal Flip
1387,5M_EMA_CONFIRMED_50_200,LONG,2026-04-16T04:30,2359.61,2026-04-16T04:35,2356.47,1,0.08,3458.64,-4.6,-0.13,3454.05,Signal Flip
1388,5M_EMA_CONFIRMED_50_200,LONG,2026-04-16T04:40,2360.85,2026-04-16T04:50,2351.59,2,0.17,3454.05,-13.54,-0.39,3440.5,Signal Flip
1389,5M_EMA_CONFIRMED_50_200,LONG,2026-04-16T05:30,2358.54,2026-04-16T05:50,2355.82,4,0.33,3440.5,-3.96,-0.12,3436.54,Signal Flip
1390,5M_EMA_CONFIRMED_50_200,LONG,2026-04-16T06:10,2360.2,2026-04-16T06:15,2355.44,1,0.08,3436.54,-6.93,-0.2,3429.61,Signal Flip
1391,5M_EMA_CONFIRMED_50_200,LONG,2026-04-16T06:20,2359.51,2026-04-16T06:25,2355.86,1,0.08,3429.61,-5.3,-0.15,3424.31,Signal Flip
1392,5M_EMA_CONFIRMED_50_200,SHORT,2026-04-16T08:20,2337.86,2026-04-16T12:05,2341.69,45,3.75,3424.31,-5.61,-0.16,3418.7,Signal Flip
1393,5M_EMA_CONFIRMED_50_200,SHORT,2026-04-16T12:10,2336.19,2026-04-16T12:15,2345.38,1,0.08,3418.7,-13.45,-0.39,3405.25,Signal Flip
1394,5M_EMA_CONFIRMED_50_200,SHORT,2026-04-16T12:40,2336.68,2026-04-16T12:45,2340.57,1,0.08,3405.25,-5.67,-0.17,3399.58,Signal Flip
1395,5M_EMA_CONFIRMED_50_200,SHORT,2026-04-16T12:50,2337.06,2026-04-16T12:55,2339.95,1,0.08,3399.58,-4.2,-0.12,3395.38,Signal Flip
1396,5M_EMA_CONFIRMED_50_200,SHORT,2026-04-16T13:05,2337.46,2026-04-16T13:10,2344.23,1,0.08,3395.38,-9.84,-0.29,3385.55,Signal Flip
1397,5M_EMA_CONFIRMED_50_200,SHORT,2026-04-16T13:40,2335.17,2026-04-16T15:10,2325.66,18,1.5,3385.55,13.79,0.41,3399.33,Signal Flip
1398,5M_EMA_CONFIRMED_50_200,SHORT,2026-04-16T15:20,2321.56,2026-04-16T15:25,2328.94,1,0.08,3399.33,-10.81,-0.32,3388.52,Signal Flip
1399,5M_EMA_CONFIRMED_50_200,SHORT,2026-04-16T15:30,2317.99,2026-04-16T15:40,2341.31,2,0.17,3388.52,-34.09,-1.01,3354.43,Signal Flip
1400,5M_EMA_CONFIRMED_50_200,SHORT,2026-04-16T16:35,2321.46,2026-04-16T17:45,2329.47,14,1.17,3354.43,-11.58,-0.35,3342.85,Signal Flip
1401,5M_EMA_CONFIRMED_50_200,SHORT,2026-04-16T17:55,2323.75,2026-04-16T18:00,2326.96,1,0.08,3342.85,-4.63,-0.14,3338.22,Signal Flip
1402,5M_EMA_CONFIRMED_50_200,SHORT,2026-04-16T18:10,2319.76,2026-04-16T18:15,2328.63,1,0.08,3338.22,-12.77,-0.38,3325.45,Signal Flip
1403,5M_EMA_CONFIRMED_50_200,SHORT,2026-04-16T18:25,2322.4,2026-04-16T18:30,2327.06,1,0.08,3325.45,-6.68,-0.2,3318.77,Signal Flip
1404,5M_EMA_CONFIRMED_50_200,LONG,2026-04-16T20:10,2357.18,2026-04-16T21:25,2338.82,15,1.25,3318.77,-25.85,-0.78,3292.93,Signal Flip
1405,5M_EMA_CONFIRMED_50_200,LONG,2026-04-16T22:05,2349.17,2026-04-16T22:20,2340.04,3,0.25,3292.93,-12.8,-0.39,3280.12,Signal Flip
1406,5M_EMA_CONFIRMED_50_200,LONG,2026-04-16T22:30,2344.51,2026-04-16T23:00,2341.42,6,0.5,3280.12,-4.33,-0.13,3275.79,Signal Flip
1407,5M_EMA_CONFIRMED_50_200,LONG,2026-04-16T23:05,2345.96,2026-04-17T00:10,2342.75,13,1.08,3275.79,-4.49,-0.14,3271.31,Signal Flip
1408,5M_EMA_CONFIRMED_50_200,LONG,2026-04-17T00:20,2346.24,2026-04-17T00:25,2340.72,1,0.08,3271.31,-7.7,-0.24,3263.61,Signal Flip
1409,5M_EMA_CONFIRMED_50_200,LONG,2026-04-17T00:30,2346.98,2026-04-17T00:55,2343.49,5,0.42,3263.61,-4.86,-0.15,3258.74,Signal Flip
1410,5M_EMA_CONFIRMED_50_200,LONG,2026-04-17T01:10,2347.26,2026-04-17T01:15,2342.86,1,0.08,3258.74,-6.12,-0.19,3252.63,Signal Flip
1411,5M_EMA_CONFIRMED_50_200,SHORT,2026-04-17T02:25,2327.84,2026-04-17T06:45,2330.39,52,4.33,3252.63,-3.58,-0.11,3249.05,Signal Flip
1412,5M_EMA_CONFIRMED_50_200,LONG,2026-04-17T08:55,2356.72,2026-04-17T10:30,2341.23,19,1.58,3249.05,-21.35,-0.66,3227.7,Signal Flip
1413,5M_EMA_CONFIRMED_50_200,LONG,2026-04-17T11:05,2348.01,2026-04-17T17:25,2424.98,76,6.33,3227.7,105.8,3.28,3333.5,Signal Flip
1414,5M_EMA_CONFIRMED_50_200,LONG,2026-04-17T17:35,2436.2,2026-04-17T18:05,2430.69,6,0.5,3333.5,-7.53,-0.23,3325.97,Signal Flip
1415,5M_EMA_CONFIRMED_50_200,LONG,2026-04-17T19:40,2431.54,2026-04-17T20:00,2426.71,4,0.33,3325.97,-6.61,-0.2,3319.36,Signal Flip
1416,5M_EMA_CONFIRMED_50_200,LONG,2026-04-17T20:05,2435.74,2026-04-17T20:30,2426.96,5,0.42,3319.36,-11.97,-0.36,3307.39,Signal Flip
1417,5M_EMA_CONFIRMED_50_200,LONG,2026-04-17T21:05,2430.59,2026-04-17T21:35,2425.4,6,0.5,3307.39,-7.07,-0.21,3300.32,Signal Flip
1418,5M_EMA_CONFIRMED_50_200,LONG,2026-04-17T21:45,2429.36,2026-04-17T21:50,2426.86,1,0.08,3300.32,-3.41,-0.1,3296.91,Signal Flip
1419,5M_EMA_CONFIRMED_50_200,LONG,2026-04-17T21:55,2430.7,2026-04-17T22:15,2424.43,4,0.33,3296.91,-8.51,-0.26,3288.4,Signal Flip
1420,5M_EMA_CONFIRMED_50_200,LONG,2026-04-17T22:30,2433.22,2026-04-17T23:15,2428.11,9,0.75,3288.4,-6.91,-0.21,3281.49,Signal Flip
1421,5M_EMA_CONFIRMED_50_200,LONG,2026-04-18T01:15,2427.94,2026-04-18T01:30,2422.66,3,0.25,3281.49,-7.14,-0.22,3274.35,Signal Flip
1422,5M_EMA_CONFIRMED_50_200,SHORT,2026-04-18T07:40,2404.2,2026-04-18T14:40,2360.93,84,7.0,3274.35,58.93,1.8,3333.28,Signal Flip
1423,5M_EMA_CONFIRMED_50_200,SHORT,2026-04-18T16:05,2357.91,2026-04-18T16:10,2365.01,1,0.08,3333.28,-10.04,-0.3,3323.24,Signal Flip
1424,5M_EMA_CONFIRMED_50_200,SHORT,2026-04-18T16:50,2360.83,2026-04-18T17:30,2363.03,8,0.67,3323.24,-3.1,-0.09,3320.14,Signal Flip
1425,5M_EMA_CONFIRMED_50_200,SHORT,2026-04-18T18:00,2360.29,2026-04-18T18:10,2364.81,2,0.17,3320.14,-6.36,-0.19,3313.78,Signal Flip
1426,5M_EMA_CONFIRMED_50_200,SHORT,2026-04-18T18:15,2360.03,2026-04-18T20:50,2355.03,31,2.58,3313.78,7.02,0.21,3320.8,Signal Flip
1427,5M_EMA_CONFIRMED_50_200,SHORT,2026-04-18T21:00,2351.43,2026-04-18T21:05,2354.96,1,0.08,3320.8,-4.98,-0.15,3315.82,Signal Flip
1428,5M_EMA_CONFIRMED_50_200,SHORT,2026-04-18T21:15,2351.4,2026-04-18T22:00,2356.5,9,0.75,3315.82,-7.18,-0.22,3308.64,Signal Flip
1429,5M_EMA_CONFIRMED_50_200,SHORT,2026-04-18T22:05,2349.42,2026-04-18T22:25,2354.04,4,0.33,3308.64,-6.49,-0.2,3302.15,Signal Flip
1430,5M_EMA_CONFIRMED_50_200,SHORT,2026-04-18T23:35,2352.24,2026-04-19T00:10,2356.32,7,0.58,3302.15,-5.72,-0.17,3296.43,Signal Flip
1431,5M_EMA_CONFIRMED_50_200,SHORT,2026-04-19T00:15,2350.82,2026-04-19T01:55,2351.06,20,1.67,3296.43,-0.34,-0.01,3296.09,Signal Flip
1432,5M_EMA_CONFIRMED_50_200,SHORT,2026-04-19T02:00,2346.87,2026-04-19T10:50,2318.17,106,8.83,3296.09,40.3,1.22,3336.39,Signal Flip
1433,5M_EMA_CONFIRMED_50_200,SHORT,2026-04-19T14:10,2328.27,2026-04-19T14:15,2332.79,1,0.08,3336.39,-6.48,-0.19,3329.92,Signal Flip
1434,5M_EMA_CONFIRMED_50_200,SHORT,2026-04-19T15:35,2324.35,2026-04-20T00:25,2278.5,106,8.83,3329.92,65.68,1.97,3395.6,Signal Flip
1435,5M_EMA_CONFIRMED_50_200,SHORT,2026-04-20T00:40,2273.89,2026-04-20T00:45,2276.88,1,0.08,3395.6,-4.46,-0.13,3391.14,Signal Flip
1436,5M_EMA_CONFIRMED_50_200,SHORT,2026-04-20T02:15,2274.73,2026-04-20T02:50,2282.24,7,0.58,3391.14,-11.19,-0.33,3379.95,Signal Flip
1437,5M_EMA_CONFIRMED_50_200,SHORT,2026-04-20T03:00,2276.29,2026-04-20T03:15,2283.4,3,0.25,3379.95,-10.56,-0.31,3369.39,Signal Flip
1438,5M_EMA_CONFIRMED_50_200,SHORT,2026-04-20T03:20,2278.26,2026-04-20T03:25,2282.5,1,0.08,3369.39,-6.27,-0.19,3363.12,Signal Flip
1439,5M_EMA_CONFIRMED_50_200,SHORT,2026-04-20T04:35,2279.68,2026-04-20T04:50,2284.53,3,0.25,3363.12,-7.16,-0.21,3355.96,Signal Flip
1440,5M_EMA_CONFIRMED_50_200,SHORT,2026-04-20T05:05,2278.41,2026-04-20T06:35,2280.31,18,1.5,3355.96,-2.8,-0.08,3353.16,Signal Flip
1441,5M_EMA_CONFIRMED_50_200,LONG,2026-04-20T09:25,2306.32,2026-04-20T13:50,2305.21,53,4.42,3353.16,-1.62,-0.05,3351.54,Signal Flip
1442,5M_EMA_CONFIRMED_50_200,LONG,2026-04-20T14:00,2311.98,2026-04-20T14:05,2304.95,1,0.08,3351.54,-10.19,-0.3,3341.35,Signal Flip
1443,5M_EMA_CONFIRMED_50_200,LONG,2026-04-20T14:25,2316.38,2026-04-20T14:40,2305.31,3,0.25,3341.35,-15.97,-0.48,3325.38,Signal Flip
1444,5M_EMA_CONFIRMED_50_200,LONG,2026-04-20T15:25,2309.92,2026-04-20T16:20,2303.77,11,0.92,3325.38,-8.86,-0.27,3316.52,Signal Flip
1445,5M_EMA_CONFIRMED_50_200,LONG,2026-04-20T16:45,2307.85,2026-04-20T16:50,2299.91,1,0.08,3316.52,-11.42,-0.34,3305.1,Signal Flip
1446,5M_EMA_CONFIRMED_50_200,LONG,2026-04-20T17:10,2311.79,2026-04-20T21:15,2324.06,49,4.08,3305.1,17.55,0.53,3322.65,Signal Flip
1447,5M_EMA_CONFIRMED_50_200,LONG,2026-04-20T22:05,2326.48,2026-04-20T22:10,2323.63,1,0.08,3322.65,-4.08,-0.12,3318.57,Signal Flip
1448,5M_EMA_CONFIRMED_50_200,LONG,2026-04-21T00:50,2322.39,2026-04-21T01:55,2314.27,13,1.08,3318.57,-11.6,-0.35,3306.97,Signal Flip
1449,5M_EMA_CONFIRMED_50_200,SHORT,2026-04-21T03:20,2300.32,2026-04-21T04:50,2312.15,18,1.5,3306.97,-17.0,-0.51,3289.97,Signal Flip
1450,5M_EMA_CONFIRMED_50_200,SHORT,2026-04-21T06:05,2309.42,2026-04-21T06:35,2321.39,6,0.5,3289.97,-17.05,-0.52,3272.92,Signal Flip
1451,5M_EMA_CONFIRMED_50_200,LONG,2026-04-21T06:50,2320.76,2026-04-21T07:05,2312.34,3,0.25,3272.92,-11.87,-0.36,3261.05,Signal Flip
1452,5M_EMA_CONFIRMED_50_200,LONG,2026-04-21T07:10,2315.59,2026-04-21T11:15,2316.76,49,4.08,3261.05,1.65,0.05,3262.71,Signal Flip
1453,5M_EMA_CONFIRMED_50_200,LONG,2026-04-21T11:25,2329.56,2026-04-21T11:45,2321.47,4,0.33,3262.71,-11.34,-0.35,3251.37,Signal Flip
1454,5M_EMA_CONFIRMED_50_200,SHORT,2026-04-21T13:25,2305.93,2026-04-21T14:20,2316.16,11,0.92,3251.37,-14.43,-0.44,3236.94,Signal Flip
1455,5M_EMA_CONFIRMED_50_200,SHORT,2026-04-21T14:25,2312.89,2026-04-21T14:30,2315.37,1,0.08,3236.94,-3.46,-0.11,3233.48,Signal Flip
1456,5M_EMA_CONFIRMED_50_200,SHORT,2026-04-21T14:50,2312.78,2026-04-21T16:10,2316.66,16,1.33,3233.48,-5.42,-0.17,3228.06,Signal Flip
1457,5M_EMA_CONFIRMED_50_200,SHORT,2026-04-21T16:55,2310.79,2026-04-21T17:45,2315.76,10,0.83,3228.06,-6.93,-0.21,3221.13,Signal Flip
1458,5M_EMA_CONFIRMED_50_200,SHORT,2026-04-21T17:55,2305.94,2026-04-21T18:35,2310.87,8,0.67,3221.13,-6.9,-0.21,3214.23,Signal Flip
1459,5M_EMA_CONFIRMED_50_200,SHORT,2026-04-21T18:40,2305.82,2026-04-21T19:00,2313.88,4,0.33,3214.23,-11.24,-0.35,3203.0,Signal Flip
1460,5M_EMA_CONFIRMED_50_200,SHORT,2026-04-21T19:40,2301.7,2026-04-21T20:10,2316.03,6,0.5,3203.0,-19.94,-0.62,3183.06,Signal Flip
1461,5M_EMA_CONFIRMED_50_200,SHORT,2026-04-21T21:45,2308.91,2026-04-21T22:00,2313.72,3,0.25,3183.06,-6.62,-0.21,3176.44,Signal Flip
1462,5M_EMA_CONFIRMED_50_200,SHORT,2026-04-21T22:05,2309.99,2026-04-21T22:10,2313.34,1,0.08,3176.44,-4.6,-0.14,3171.84,Signal Flip
1463,5M_EMA_CONFIRMED_50_200,SHORT,2026-04-21T22:20,2306.13,2026-04-21T22:45,2312.7,5,0.42,3171.84,-9.04,-0.28,3162.81,Signal Flip
1464,5M_EMA_CONFIRMED_50_200,SHORT,2026-04-21T22:50,2306.31,2026-04-21T23:00,2312.51,2,0.17,3162.81,-8.5,-0.27,3154.31,Signal Flip
1465,5M_EMA_CONFIRMED_50_200,LONG,2026-04-21T23:40,2323.59,2026-04-22T01:20,2317.44,20,1.67,3154.31,-8.35,-0.26,3145.96,Signal Flip
1466,5M_EMA_CONFIRMED_50_200,LONG,2026-04-22T01:40,2322.16,2026-04-22T09:55,2384.55,99,8.25,3145.96,84.52,2.69,3230.47,Signal Flip
1467,5M_EMA_CONFIRMED_50_200,LONG,2026-04-22T10:00,2388.71,2026-04-22T10:05,2384.98,1,0.08,3230.47,-5.05,-0.16,3225.42,Signal Flip
1468,5M_EMA_CONFIRMED_50_200,LONG,2026-04-22T10:10,2388.26,2026-04-22T11:10,2386.37,12,1.0,3225.42,-2.56,-0.08,3222.86,Signal Flip
1469,5M_EMA_CONFIRMED_50_200,LONG,2026-04-22T11:15,2390.89,2026-04-22T14:35,2398.8,40,3.33,3222.86,10.66,0.33,3233.51,Signal Flip
1470,5M_EMA_CONFIRMED_50_200,LONG,2026-04-22T14:40,2406.19,2026-04-22T14:45,2394.74,1,0.08,3233.51,-15.39,-0.48,3218.13,Signal Flip
1471,5M_EMA_CONFIRMED_50_200,LONG,2026-04-22T15:40,2410.92,2026-04-22T16:20,2399.4,8,0.67,3218.13,-15.38,-0.48,3202.74,Signal Flip
1472,5M_EMA_CONFIRMED_50_200,LONG,2026-04-22T17:50,2401.02,2026-04-22T18:30,2397.04,8,0.67,3202.74,-5.31,-0.17,3197.44,Signal Flip
1473,5M_EMA_CONFIRMED_50_200,LONG,2026-04-22T18:50,2404.24,2026-04-22T19:00,2395.72,2,0.17,3197.44,-11.33,-0.35,3186.1,Signal Flip
1474,5M_EMA_CONFIRMED_50_200,LONG,2026-04-22T19:20,2402.76,2026-04-22T19:40,2395.83,4,0.33,3186.1,-9.19,-0.29,3176.92,Signal Flip
1475,5M_EMA_CONFIRMED_50_200,LONG,2026-04-22T20:05,2402.65,2026-04-22T20:20,2395.52,3,0.25,3176.92,-9.43,-0.3,3167.49,Signal Flip
1476,5M_EMA_CONFIRMED_50_200,LONG,2026-04-22T21:25,2398.5,2026-04-22T21:30,2395.82,1,0.08,3167.49,-3.54,-0.11,3163.95,Signal Flip
1477,5M_EMA_CONFIRMED_50_200,LONG,2026-04-22T21:35,2401.34,2026-04-22T22:25,2397.12,10,0.83,3163.95,-5.56,-0.18,3158.4,Signal Flip
1478,5M_EMA_CONFIRMED_50_200,LONG,2026-04-22T23:00,2401.28,2026-04-22T23:05,2393.8,1,0.08,3158.4,-9.84,-0.31,3148.56,Signal Flip
1479,5M_EMA_CONFIRMED_50_200,SHORT,2026-04-23T00:30,2372.51,2026-04-23T06:05,2353.44,67,5.58,3148.56,25.32,0.8,3173.88,Signal Flip
1480,5M_EMA_CONFIRMED_50_200,SHORT,2026-04-23T06:50,2348.06,2026-04-23T06:55,2355.91,1,0.08,3173.88,-10.61,-0.33,3163.26,Signal Flip
1481,5M_EMA_CONFIRMED_50_200,SHORT,2026-04-23T07:20,2349.27,2026-04-23T07:35,2353.41,3,0.25,3163.26,-5.56,-0.18,3157.7,Signal Flip
1482,5M_EMA_CONFIRMED_50_200,SHORT,2026-04-23T07:40,2349.77,2026-04-23T07:50,2353.61,2,0.17,3157.7,-5.15,-0.16,3152.55,Signal Flip
1483,5M_EMA_CONFIRMED_50_200,SHORT,2026-04-23T07:55,2340.13,2026-04-23T11:50,2327.34,47,3.92,3152.55,17.23,0.55,3169.78,Signal Flip
1484,5M_EMA_CONFIRMED_50_200,SHORT,2026-04-23T12:50,2324.4,2026-04-23T13:00,2330.04,2,0.17,3169.78,-7.7,-0.24,3162.08,Signal Flip
1485,5M_EMA_CONFIRMED_50_200,SHORT,2026-04-23T13:15,2323.5,2026-04-23T14:25,2328.73,14,1.17,3162.08,-7.13,-0.23,3154.95,Signal Flip
1486,5M_EMA_CONFIRMED_50_200,SHORT,2026-04-23T15:05,2324.96,2026-04-23T15:10,2328.11,1,0.08,3154.95,-4.28,-0.14,3150.67,Signal Flip
1487,5M_EMA_CONFIRMED_50_200,SHORT,2026-04-23T15:55,2327.49,2026-04-23T16:00,2334.43,1,0.08,3150.67,-9.4,-0.3,3141.27,Signal Flip
1488,5M_EMA_CONFIRMED_50_200,SHORT,2026-04-23T16:05,2327.54,2026-04-23T16:10,2332.86,1,0.08,3141.27,-7.18,-0.23,3134.09,Signal Flip
1489,5M_EMA_CONFIRMED_50_200,SHORT,2026-04-23T16:55,2323.62,2026-04-23T19:50,2316.88,35,2.92,3134.09,9.09,0.29,3143.18,Signal Flip
1490,5M_EMA_CONFIRMED_50_200,SHORT,2026-04-23T20:00,2311.71,2026-04-23T20:05,2324.3,1,0.08,3143.18,-17.12,-0.54,3126.07,Signal Flip
1491,5M_EMA_CONFIRMED_50_200,SHORT,2026-04-23T23:20,2324.68,2026-04-23T23:25,2329.98,1,0.08,3126.07,-7.14,-0.23,3118.93,Signal Flip
1492,5M_EMA_CONFIRMED_50_200,SHORT,2026-04-24T01:05,2326.24,2026-04-24T01:50,2331.59,9,0.75,3118.93,-7.17,-0.23,3111.76,Signal Flip
1493,5M_EMA_CONFIRMED_50_200,SHORT,2026-04-24T02:25,2323.94,2026-04-24T02:35,2329.5,2,0.17,3111.76,-7.45,-0.24,3104.3,Signal Flip
1494,5M_EMA_CONFIRMED_50_200,SHORT,2026-04-24T02:40,2325.94,2026-04-24T02:45,2330.67,1,0.08,3104.3,-6.32,-0.2,3097.98,Signal Flip
1495,5M_EMA_CONFIRMED_50_200,SHORT,2026-04-24T02:55,2318.67,2026-04-24T06:00,2315.91,37,3.08,3097.98,3.69,0.12,3101.67,Signal Flip
1496,5M_EMA_CONFIRMED_50_200,SHORT,2026-04-24T06:35,2310.02,2026-04-24T07:10,2316.06,7,0.58,3101.67,-8.1,-0.26,3093.57,Signal Flip
1497,5M_EMA_CONFIRMED_50_200,SHORT,2026-04-24T07:45,2311.56,2026-04-24T07:50,2315.5,1,0.08,3093.57,-5.26,-0.17,3088.31,Signal Flip
1498,5M_EMA_CONFIRMED_50_200,SHORT,2026-04-24T07:55,2310.52,2026-04-24T08:20,2319.09,5,0.42,3088.31,-11.45,-0.37,3076.86,Signal Flip
1499,5M_EMA_CONFIRMED_50_200,SHORT,2026-04-24T08:45,2312.01,2026-04-24T08:50,2317.68,1,0.08,3076.86,-7.54,-0.25,3069.32,Signal Flip
1500,5M_EMA_CONFIRMED_50_200,SHORT,2026-04-24T09:05,2311.5,2026-04-24T10:25,2314.69,16,1.33,3069.32,-4.23,-0.14,3065.09,Signal Flip
1501,5M_EMA_CONFIRMED_50_200,LONG,2026-04-24T12:15,2332.43,2026-04-24T12:55,2317.54,8,0.67,3065.09,-19.56,-0.64,3045.53,Signal Flip
1502,5M_EMA_CONFIRMED_50_200,LONG,2026-04-24T13:00,2326.42,2026-04-24T13:45,2319.58,9,0.75,3045.53,-8.96,-0.29,3036.57,Signal Flip
1503,5M_EMA_CONFIRMED_50_200,SHORT,2026-04-24T14:25,2308.25,2026-04-24T15:45,2326.18,16,1.33,3036.57,-23.6,-0.78,3012.98,Signal Flip
1504,5M_EMA_CONFIRMED_50_200,SHORT,2026-04-24T16:15,2315.75,2026-04-24T16:35,2321.65,4,0.33,3012.98,-7.67,-0.25,3005.3,Signal Flip
1505,5M_EMA_CONFIRMED_50_200,SHORT,2026-04-24T16:45,2312.48,2026-04-24T17:15,2320.52,6,0.5,3005.3,-10.44,-0.35,2994.86,Signal Flip
1506,5M_EMA_CONFIRMED_50_200,SHORT,2026-04-24T17:20,2314.6,2026-04-24T17:55,2320.64,7,0.58,2994.86,-7.81,-0.26,2987.05,Signal Flip
1507,5M_EMA_CONFIRMED_50_200,SHORT,2026-04-24T18:15,2313.4,2026-04-24T18:35,2319.41,4,0.33,2987.05,-7.76,-0.26,2979.29,Signal Flip
1508,5M_EMA_CONFIRMED_50_200,SHORT,2026-04-24T20:10,2317.23,2026-04-24T20:15,2321.38,1,0.08,2979.29,-5.33,-0.18,2973.95,Signal Flip
1509,5M_EMA_CONFIRMED_50_200,SHORT,2026-04-24T20:20,2316.08,2026-04-24T20:35,2321.86,3,0.25,2973.95,-7.42,-0.25,2966.53,Signal Flip
1510,5M_EMA_CONFIRMED_50_200,LONG,2026-04-24T20:40,2326.79,2026-04-24T21:15,2314.44,7,0.58,2966.53,-15.75,-0.53,2950.79,Signal Flip
1511,5M_EMA_CONFIRMED_50_200,SHORT,2026-04-24T22:10,2312.85,2026-04-24T23:35,2317.2,17,1.42,2950.79,-5.54,-0.19,2945.24,Signal Flip
1512,5M_EMA_CONFIRMED_50_200,SHORT,2026-04-24T23:40,2314.1,2026-04-25T00:50,2316.44,14,1.17,2945.24,-2.97,-0.1,2942.27,Signal Flip
1513,5M_EMA_CONFIRMED_50_200,SHORT,2026-04-25T02:05,2313.94,2026-04-25T02:10,2317.83,1,0.08,2942.27,-4.94,-0.17,2937.33,Signal Flip
1514,5M_EMA_CONFIRMED_50_200,SHORT,2026-04-25T03:30,2315.2,2026-04-25T03:45,2319.27,3,0.25,2937.33,-5.16,-0.18,2932.17,Signal Flip
1515,5M_EMA_CONFIRMED_50_200,SHORT,2026-04-25T04:35,2315.9,2026-04-25T06:05,2318.08,18,1.5,2932.17,-2.76,-0.09,2929.41,Signal Flip
1516,5M_EMA_CONFIRMED_50_200,SHORT,2026-04-25T06:20,2314.4,2026-04-25T06:40,2317.87,4,0.33,2929.41,-4.39,-0.15,2925.03,Signal Flip
1517,5M_EMA_CONFIRMED_50_200,SHORT,2026-04-25T06:45,2314.91,2026-04-25T06:50,2317.58,1,0.08,2925.03,-3.37,-0.12,2921.66,Signal Flip
1518,5M_EMA_CONFIRMED_50_200,SHORT,2026-04-25T06:55,2315.0,2026-04-25T07:35,2318.08,8,0.67,2921.66,-3.88,-0.13,2917.78,Signal Flip
1519,5M_EMA_CONFIRMED_50_200,LONG,2026-04-25T09:00,2320.59,2026-04-25T09:30,2316.21,6,0.5,2917.78,-5.51,-0.19,2912.27,Signal Flip
1520,5M_EMA_CONFIRMED_50_200,LONG,2026-04-25T09:40,2322.32,2026-04-25T11:05,2317.53,17,1.42,2912.27,-6.01,-0.21,2906.26,Signal Flip
1521,5M_EMA_CONFIRMED_50_200,SHORT,2026-04-25T12:05,2312.49,2026-04-25T13:10,2317.96,13,1.08,2906.26,-6.87,-0.24,2899.4,Signal Flip
1522,5M_EMA_CONFIRMED_50_200,SHORT,2026-04-25T13:20,2315.15,2026-04-25T13:25,2318.19,1,0.08,2899.4,-3.8,-0.13,2895.59,Signal Flip
1523,5M_EMA_CONFIRMED_50_200,SHORT,2026-04-25T13:35,2314.72,2026-04-25T13:40,2317.95,1,0.08,2895.59,-4.04,-0.14,2891.56,Signal Flip
1524,5M_EMA_CONFIRMED_50_200,SHORT,2026-04-25T14:00,2315.09,2026-04-25T14:10,2318.59,2,0.17,2891.56,-4.37,-0.15,2887.19,Signal Flip
1525,5M_EMA_CONFIRMED_50_200,SHORT,2026-04-25T14:20,2314.88,2026-04-25T14:30,2318.65,2,0.17,2887.19,-4.7,-0.16,2882.49,Signal Flip
1526,5M_EMA_CONFIRMED_50_200,SHORT,2026-04-25T15:00,2314.87,2026-04-25T15:25,2319.04,5,0.42,2882.49,-5.19,-0.18,2877.3,Signal Flip
1527,5M_EMA_CONFIRMED_50_200,SHORT,2026-04-25T15:50,2309.36,2026-04-25T18:30,2313.19,32,2.67,2877.3,-4.76,-0.17,2872.54,Signal Flip
1528,5M_EMA_CONFIRMED_50_200,SHORT,2026-04-25T18:55,2310.27,2026-04-25T19:15,2313.16,4,0.33,2872.54,-3.58,-0.12,2868.96,Signal Flip
1529,5M_EMA_CONFIRMED_50_200,SHORT,2026-04-25T19:30,2307.87,2026-04-25T20:20,2312.14,10,0.83,2868.96,-5.31,-0.19,2863.65,Signal Flip
1530,5M_EMA_CONFIRMED_50_200,SHORT,2026-04-25T20:25,2309.73,2026-04-25T20:30,2312.59,1,0.08,2863.65,-3.53,-0.12,2860.12,Signal Flip
1531,5M_EMA_CONFIRMED_50_200,SHORT,2026-04-25T20:50,2309.55,2026-04-25T20:55,2313.16,1,0.08,2860.12,-4.46,-0.16,2855.66,Signal Flip
1532,5M_EMA_CONFIRMED_50_200,LONG,2026-04-25T22:55,2319.13,2026-04-26T00:20,2314.09,17,1.42,2855.66,-6.2,-0.22,2849.45,Signal Flip
1533,5M_EMA_CONFIRMED_50_200,LONG,2026-04-26T00:45,2318.4,2026-04-26T00:55,2314.67,2,0.17,2849.45,-4.58,-0.16,2844.87,Signal Flip
1534,5M_EMA_CONFIRMED_50_200,LONG,2026-04-26T01:35,2318.16,2026-04-26T01:45,2314.73,2,0.17,2844.87,-4.2,-0.15,2840.67,Signal Flip
1535,5M_EMA_CONFIRMED_50_200,LONG,2026-04-26T01:55,2317.31,2026-04-26T02:00,2312.68,1,0.08,2840.67,-5.67,-0.2,2835.0,Signal Flip
1536,5M_EMA_CONFIRMED_50_200,LONG,2026-04-26T02:10,2317.29,2026-04-26T02:45,2314.3,7,0.58,2835.0,-3.65,-0.13,2831.35,Signal Flip
1537,5M_EMA_CONFIRMED_50_200,LONG,2026-04-26T03:15,2317.33,2026-04-26T03:25,2314.89,2,0.17,2831.35,-2.98,-0.11,2828.37,Signal Flip
1538,5M_EMA_CONFIRMED_50_200,SHORT,2026-04-26T03:50,2308.33,2026-04-26T04:50,2319.38,12,1.0,2828.37,-13.54,-0.48,2814.83,Signal Flip
1539,5M_EMA_CONFIRMED_50_200,LONG,2026-04-26T05:15,2329.49,2026-04-26T12:15,2329.45,84,7.0,2814.83,-0.05,-0.0,2814.78,Signal Flip
1540,5M_EMA_CONFIRMED_50_200,LONG,2026-04-26T12:40,2333.88,2026-04-26T12:45,2329.47,1,0.08,2814.78,-5.31,-0.19,2809.47,Signal Flip
1541,5M_EMA_CONFIRMED_50_200,LONG,2026-04-26T13:35,2335.27,2026-04-26T21:35,2354.39,96,8.0,2809.47,23.01,0.82,2832.48,Signal Flip
1542,5M_EMA_CONFIRMED_50_200,LONG,2026-04-26T22:00,2365.52,2026-04-26T22:35,2353.6,7,0.58,2832.48,-14.27,-0.5,2818.21,Signal Flip
1543,5M_EMA_CONFIRMED_50_200,LONG,2026-04-26T22:50,2366.32,2026-04-26T23:00,2360.7,2,0.17,2818.21,-6.7,-0.24,2811.51,Signal Flip
1544,5M_EMA_CONFIRMED_50_200,LONG,2026-04-26T23:25,2368.18,2026-04-26T23:30,2360.35,1,0.08,2811.51,-9.3,-0.33,2802.21,Signal Flip
1545,5M_EMA_CONFIRMED_50_200,LONG,2026-04-26T23:35,2364.96,2026-04-27T00:30,2361.87,11,0.92,2802.21,-3.67,-0.13,2798.54,Signal Flip
1546,5M_EMA_CONFIRMED_50_200,LONG,2026-04-27T00:40,2370.4,2026-04-27T04:35,2385.89,47,3.92,2798.54,18.28,0.65,2816.82,Signal Flip
1547,5M_EMA_CONFIRMED_50_200,LONG,2026-04-27T04:40,2389.65,2026-04-27T04:45,2386.56,1,0.08,2816.82,-3.65,-0.13,2813.17,Signal Flip
1548,5M_EMA_CONFIRMED_50_200,SHORT,2026-04-27T06:20,2326.3,2026-04-27T14:40,2326.54,100,8.33,2813.17,-0.3,-0.01,2812.87,Signal Flip
1549,5M_EMA_CONFIRMED_50_200,SHORT,2026-04-27T15:00,2313.59,2026-04-27T19:15,2291.53,51,4.25,2812.87,26.83,0.95,2839.7,Signal Flip
1550,5M_EMA_CONFIRMED_50_200,SHORT,2026-04-27T19:20,2286.87,2026-04-27T20:00,2290.29,8,0.67,2839.7,-4.26,-0.15,2835.44,Signal Flip
1551,5M_EMA_CONFIRMED_50_200,SHORT,2026-04-27T21:05,2288.1,2026-04-27T21:35,2292.69,6,0.5,2835.44,-5.69,-0.2,2829.75,Signal Flip
1552,5M_EMA_CONFIRMED_50_200,SHORT,2026-04-27T21:55,2287.87,2026-04-27T22:30,2293.14,7,0.58,2829.75,-6.52,-0.23,2823.23,Signal Flip
1553,5M_EMA_CONFIRMED_50_200,SHORT,2026-04-28T01:45,2298.07,2026-04-28T01:50,2301.56,1,0.08,2823.23,-4.29,-0.15,2818.95,Signal Flip
1554,5M_EMA_CONFIRMED_50_200,SHORT,2026-04-28T02:00,2297.46,2026-04-28T02:05,2301.08,1,0.08,2818.95,-4.44,-0.16,2814.51,Signal Flip
1555,5M_EMA_CONFIRMED_50_200,SHORT,2026-04-28T02:10,2297.81,2026-04-28T02:20,2300.85,2,0.17,2814.51,-3.72,-0.13,2810.78,Signal Flip
1556,5M_EMA_CONFIRMED_50_200,SHORT,2026-04-28T02:25,2296.58,2026-04-28T05:05,2293.58,32,2.67,2810.78,3.68,0.13,2814.46,Signal Flip
1557,5M_EMA_CONFIRMED_50_200,SHORT,2026-04-28T05:10,2289.57,2026-04-28T05:30,2295.62,4,0.33,2814.46,-7.43,-0.26,2807.03,Signal Flip
1558,5M_EMA_CONFIRMED_50_200,SHORT,2026-04-28T05:40,2287.52,2026-04-28T07:55,2287.3,27,2.25,2807.03,0.26,0.01,2807.29,Signal Flip
1559,5M_EMA_CONFIRMED_50_200,SHORT,2026-04-28T08:10,2283.53,2026-04-28T08:15,2288.1,1,0.08,2807.29,-5.63,-0.2,2801.67,Signal Flip
1560,5M_EMA_CONFIRMED_50_200,SHORT,2026-04-28T08:50,2284.16,2026-04-28T08:55,2287.02,1,0.08,2801.67,-3.51,-0.13,2798.15,Signal Flip
1561,5M_EMA_CONFIRMED_50_200,SHORT,2026-04-28T09:05,2284.53,2026-04-28T09:10,2288.07,1,0.08,2798.15,-4.34,-0.16,2793.81,Signal Flip
1562,5M_EMA_CONFIRMED_50_200,SHORT,2026-04-28T09:35,2283.01,2026-04-28T10:35,2286.1,12,1.0,2793.81,-3.79,-0.14,2790.02,Signal Flip
1563,5M_EMA_CONFIRMED_50_200,SHORT,2026-04-28T10:40,2283.09,2026-04-28T10:45,2287.09,1,0.08,2790.02,-4.89,-0.18,2785.13,Signal Flip
1564,5M_EMA_CONFIRMED_50_200,SHORT,2026-04-28T11:00,2283.37,2026-04-28T13:45,2278.18,33,2.75,2785.13,6.33,0.23,2791.46,Signal Flip
1565,5M_EMA_CONFIRMED_50_200,SHORT,2026-04-28T13:55,2275.09,2026-04-28T15:05,2276.43,14,1.17,2791.46,-1.64,-0.06,2789.82,Signal Flip
1566,5M_EMA_CONFIRMED_50_200,SHORT,2026-04-28T15:10,2272.55,2026-04-28T15:20,2275.72,2,0.17,2789.82,-3.88,-0.14,2785.94,Signal Flip
1567,5M_EMA_CONFIRMED_50_200,SHORT,2026-04-28T15:30,2272.21,2026-04-28T15:40,2275.69,2,0.17,2785.94,-4.26,-0.15,2781.68,Signal Flip
1568,5M_EMA_CONFIRMED_50_200,SHORT,2026-04-28T15:45,2272.52,2026-04-28T15:50,2277.03,1,0.08,2781.68,-5.51,-0.2,2776.16,Signal Flip
1569,5M_EMA_CONFIRMED_50_200,SHORT,2026-04-28T16:40,2274.19,2026-04-28T16:50,2277.48,2,0.17,2776.16,-4.01,-0.14,2772.15,Signal Flip
1570,5M_EMA_CONFIRMED_50_200,LONG,2026-04-28T18:55,2293.85,2026-04-28T21:10,2291.63,27,2.25,2772.15,-2.67,-0.1,2769.48,Signal Flip
1571,5M_EMA_CONFIRMED_50_200,LONG,2026-04-28T22:05,2292.88,2026-04-28T22:15,2289.13,2,0.17,2769.48,-4.52,-0.16,2764.96,Signal Flip
1572,5M_EMA_CONFIRMED_50_200,LONG,2026-04-29T00:00,2290.56,2026-04-29T00:10,2287.88,2,0.17,2764.96,-3.25,-0.12,2761.71,Signal Flip
1573,5M_EMA_CONFIRMED_50_200,LONG,2026-04-29T00:45,2290.34,2026-04-29T01:10,2283.3,5,0.42,2761.71,-8.5,-0.31,2753.22,Signal Flip
1574,5M_EMA_CONFIRMED_50_200,LONG,2026-04-29T01:50,2297.12,2026-04-29T02:35,2285.67,9,0.75,2753.22,-13.73,-0.5,2739.49,Signal Flip
1575,5M_EMA_CONFIRMED_50_200,LONG,2026-04-29T03:00,2290.01,2026-04-29T03:05,2286.88,1,0.08,2739.49,-3.75,-0.14,2735.74,Signal Flip
1576,5M_EMA_CONFIRMED_50_200,LONG,2026-04-29T03:10,2291.38,2026-04-29T11:10,2328.19,96,8.0,2735.74,43.95,1.61,2779.68,Signal Flip
1577,5M_EMA_CONFIRMED_50_200,LONG,2026-04-29T11:15,2334.66,2026-04-29T11:25,2329.66,2,0.17,2779.68,-5.94,-0.21,2773.74,Signal Flip
1578,5M_EMA_CONFIRMED_50_200,LONG,2026-04-29T11:35,2334.26,2026-04-29T11:45,2329.65,2,0.17,2773.74,-5.47,-0.2,2768.27,Signal Flip
1579,5M_EMA_CONFIRMED_50_200,LONG,2026-04-29T11:50,2332.59,2026-04-29T12:05,2325.0,3,0.25,2768.27,-9.01,-0.33,2759.27,Signal Flip
1580,5M_EMA_CONFIRMED_50_200,SHORT,2026-04-29T14:50,2299.44,2026-04-29T21:20,2248.92,78,6.5,2759.27,60.62,2.2,2819.88,Signal Flip
1581,5M_EMA_CONFIRMED_50_200,SHORT,2026-04-29T23:25,2249.29,2026-04-29T23:30,2254.41,1,0.08,2819.88,-6.41,-0.23,2813.47,Signal Flip
1582,5M_EMA_CONFIRMED_50_200,SHORT,2026-04-30T02:30,2261.89,2026-04-30T03:55,2257.44,17,1.42,2813.47,5.54,0.2,2819.01,Signal Flip
1583,5M_EMA_CONFIRMED_50_200,SHORT,2026-04-30T04:00,2252.11,2026-04-30T06:35,2252.47,31,2.58,2819.01,-0.44,-0.02,2818.57,Signal Flip
1584,5M_EMA_CONFIRMED_50_200,SHORT,2026-04-30T06:45,2244.68,2026-04-30T06:55,2249.32,2,0.17,2818.57,-5.84,-0.21,2812.73,Signal Flip
1585,5M_EMA_CONFIRMED_50_200,SHORT,2026-04-30T10:30,2255.99,2026-04-30T10:35,2261.14,1,0.08,2812.73,-6.42,-0.23,2806.32,Signal Flip
1586,5M_EMA_CONFIRMED_50_200,SHORT,2026-04-30T11:45,2257.32,2026-04-30T12:05,2261.56,4,0.33,2806.32,-5.27,-0.19,2801.04,Signal Flip
1587,5M_EMA_CONFIRMED_50_200,SHORT,2026-04-30T12:10,2258.41,2026-04-30T12:15,2261.7,1,0.08,2801.04,-4.08,-0.15,2796.96,Signal Flip
1588,5M_EMA_CONFIRMED_50_200,LONG,2026-04-30T12:25,2271.36,2026-04-30T13:30,2258.01,13,1.08,2796.96,-16.43,-0.59,2780.53,Signal Flip
1589,5M_EMA_CONFIRMED_50_200,LONG,2026-04-30T13:40,2265.29,2026-04-30T14:15,2260.7,7,0.58,2780.53,-5.64,-0.2,2774.89,Signal Flip
1590,5M_EMA_CONFIRMED_50_200,LONG,2026-04-30T14:50,2265.93,2026-04-30T15:00,2260.87,2,0.17,2774.89,-6.2,-0.22,2768.69,Signal Flip
1591,5M_EMA_CONFIRMED_50_200,LONG,2026-04-30T15:10,2267.21,2026-04-30T16:20,2260.46,14,1.17,2768.69,-8.25,-0.3,2760.45,Signal Flip
1592,5M_EMA_CONFIRMED_50_200,SHORT,2026-04-30T17:25,2253.39,2026-04-30T18:05,2261.93,8,0.67,2760.45,-10.46,-0.38,2749.99,Signal Flip
1593,5M_EMA_CONFIRMED_50_200,SHORT,2026-04-30T18:10,2256.24,2026-04-30T18:20,2261.66,2,0.17,2749.99,-6.6,-0.24,2743.38,Signal Flip
1594,5M_EMA_CONFIRMED_50_200,SHORT,2026-04-30T18:25,2258.61,2026-04-30T18:45,2262.18,4,0.33,2743.38,-4.34,-0.16,2739.05,Signal Flip
1595,5M_EMA_CONFIRMED_50_200,SHORT,2026-04-30T19:00,2258.71,2026-04-30T19:10,2263.29,2,0.17,2739.05,-5.56,-0.2,2733.49,Signal Flip
1596,5M_EMA_CONFIRMED_50_200,LONG,2026-04-30T19:50,2265.08,2026-04-30T20:05,2259.89,3,0.25,2733.49,-6.27,-0.23,2727.22,Signal Flip
1597,5M_EMA_CONFIRMED_50_200,LONG,2026-04-30T20:10,2263.38,2026-04-30T21:10,2260.48,12,1.0,2727.22,-3.5,-0.13,2723.73,Signal Flip
1598,5M_EMA_CONFIRMED_50_200,LONG,2026-04-30T21:15,2265.23,2026-04-30T21:20,2260.51,1,0.08,2723.73,-5.68,-0.21,2718.05,Signal Flip
1599,5M_EMA_CONFIRMED_50_200,SHORT,2026-04-30T22:00,2255.16,2026-05-01T00:05,2264.77,25,2.08,2718.05,-11.58,-0.43,2706.47,Signal Flip
1600,5M_EMA_CONFIRMED_50_200,SHORT,2026-05-01T01:00,2258.87,2026-05-01T01:05,2262.88,1,0.08,2706.47,-4.81,-0.18,2701.66,Signal Flip
1601,5M_EMA_CONFIRMED_50_200,LONG,2026-05-01T01:40,2265.25,2026-05-01T06:50,2275.17,62,5.17,2701.66,11.83,0.44,2713.49,Signal Flip
1602,5M_EMA_CONFIRMED_50_200,LONG,2026-05-01T07:10,2280.68,2026-05-01T07:15,2276.46,1,0.08,2713.49,-5.02,-0.18,2708.47,Signal Flip
1603,5M_EMA_CONFIRMED_50_200,LONG,2026-05-01T07:50,2281.33,2026-05-01T08:05,2277.55,3,0.25,2708.47,-4.49,-0.17,2703.98,Signal Flip
1604,5M_EMA_CONFIRMED_50_200,LONG,2026-05-01T08:10,2281.59,2026-05-01T09:50,2279.02,20,1.67,2703.98,-3.05,-0.11,2700.94,Signal Flip
1605,5M_EMA_CONFIRMED_50_200,LONG,2026-05-01T10:00,2283.22,2026-05-01T10:05,2279.71,1,0.08,2700.94,-4.15,-0.15,2696.78,Signal Flip
1606,5M_EMA_CONFIRMED_50_200,LONG,2026-05-01T10:25,2286.14,2026-05-01T10:40,2278.78,3,0.25,2696.78,-8.68,-0.32,2688.1,Signal Flip
1607,5M_EMA_CONFIRMED_50_200,LONG,2026-05-01T10:55,2282.96,2026-05-01T15:55,2304.13,60,5.0,2688.1,24.92,0.93,2713.02,Signal Flip
1608,5M_EMA_CONFIRMED_50_200,LONG,2026-05-01T16:00,2308.79,2026-05-01T16:15,2304.06,3,0.25,2713.02,-5.57,-0.21,2707.46,Signal Flip
1609,5M_EMA_CONFIRMED_50_200,LONG,2026-05-01T17:15,2308.42,2026-05-01T17:25,2302.14,2,0.17,2707.46,-7.37,-0.27,2700.09,Signal Flip
1610,5M_EMA_CONFIRMED_50_200,LONG,2026-05-01T17:40,2311.71,2026-05-01T18:45,2304.21,13,1.08,2700.09,-8.76,-0.32,2691.33,Signal Flip
1611,5M_EMA_CONFIRMED_50_200,LONG,2026-05-01T18:50,2308.23,2026-05-01T18:55,2303.85,1,0.08,2691.33,-5.11,-0.19,2686.21,Signal Flip
1612,5M_EMA_CONFIRMED_50_200,LONG,2026-05-01T19:10,2308.4,2026-05-01T19:15,2304.96,1,0.08,2686.21,-4.01,-0.15,2682.2,Signal Flip
1613,5M_EMA_CONFIRMED_50_200,LONG,2026-05-01T19:30,2307.34,2026-05-01T19:35,2303.97,1,0.08,2682.2,-3.92,-0.15,2678.28,Signal Flip
1614,5M_EMA_CONFIRMED_50_200,LONG,2026-05-01T22:20,2298.67,2026-05-01T22:30,2295.76,2,0.17,2678.28,-3.39,-0.13,2674.89,Signal Flip
1615,5M_EMA_CONFIRMED_50_200,LONG,2026-05-02T00:00,2296.78,2026-05-02T00:10,2293.6,2,0.17,2674.89,-3.7,-0.14,2671.19,Signal Flip
1616,5M_EMA_CONFIRMED_50_200,LONG,2026-05-02T00:25,2298.33,2026-05-02T00:40,2293.67,3,0.25,2671.19,-5.41,-0.2,2665.78,Signal Flip
1617,5M_EMA_CONFIRMED_50_200,LONG,2026-05-02T00:45,2299.04,2026-05-02T02:30,2294.73,21,1.75,2665.78,-4.99,-0.19,2660.79,Signal Flip
1618,5M_EMA_CONFIRMED_50_200,LONG,2026-05-02T02:40,2300.28,2026-05-02T04:55,2299.67,27,2.25,2660.79,-0.71,-0.03,2660.08,Signal Flip
1619,5M_EMA_CONFIRMED_50_200,LONG,2026-05-02T05:00,2302.41,2026-05-02T05:05,2298.92,1,0.08,2660.08,-4.03,-0.15,2656.05,Signal Flip
1620,5M_EMA_CONFIRMED_50_200,LONG,2026-05-02T06:05,2302.58,2026-05-02T06:15,2298.51,2,0.17,2656.05,-4.7,-0.18,2651.35,Signal Flip
1621,5M_EMA_CONFIRMED_50_200,LONG,2026-05-02T06:40,2301.78,2026-05-02T07:55,2300.3,15,1.25,2651.35,-1.71,-0.06,2649.65,Signal Flip
1622,5M_EMA_CONFIRMED_50_200,LONG,2026-05-02T08:25,2303.47,2026-05-02T10:45,2302.26,28,2.33,2649.65,-1.4,-0.05,2648.25,Signal Flip
1623,5M_EMA_CONFIRMED_50_200,LONG,2026-05-02T10:50,2304.94,2026-05-02T11:00,2302.39,2,0.17,2648.25,-2.93,-0.11,2645.32,Signal Flip
1624,5M_EMA_CONFIRMED_50_200,LONG,2026-05-02T11:25,2306.09,2026-05-02T11:35,2301.5,2,0.17,2645.32,-5.27,-0.2,2640.05,Signal Flip
1625,5M_EMA_CONFIRMED_50_200,LONG,2026-05-02T12:25,2304.56,2026-05-02T12:55,2301.91,6,0.5,2640.05,-3.04,-0.12,2637.01,Signal Flip
1626,5M_EMA_CONFIRMED_50_200,LONG,2026-05-02T13:00,2304.68,2026-05-02T14:25,2304.13,17,1.42,2637.01,-0.63,-0.02,2636.38,Signal Flip
1627,5M_EMA_CONFIRMED_50_200,LONG,2026-05-02T14:30,2307.56,2026-05-02T15:20,2304.34,10,0.83,2636.38,-3.69,-0.14,2632.69,Signal Flip
1628,5M_EMA_CONFIRMED_50_200,LONG,2026-05-02T15:25,2308.34,2026-05-02T17:25,2306.08,24,2.0,2632.69,-2.59,-0.1,2630.1,Signal Flip
1629,5M_EMA_CONFIRMED_50_200,LONG,2026-05-02T17:40,2308.94,2026-05-02T17:45,2305.52,1,0.08,2630.1,-3.9,-0.15,2626.2,Signal Flip
1630,5M_EMA_CONFIRMED_50_200,LONG,2026-05-02T18:20,2310.09,2026-05-02T23:40,2316.64,64,5.33,2626.2,7.44,0.28,2633.64,Signal Flip
1631,5M_EMA_CONFIRMED_50_200,SHORT,2026-05-03T02:45,2299.56,2026-05-03T06:00,2305.26,39,3.25,2633.64,-6.53,-0.25,2627.11,Signal Flip
1632,5M_EMA_CONFIRMED_50_200,SHORT,2026-05-03T06:05,2301.58,2026-05-03T06:55,2307.26,10,0.83,2627.11,-6.49,-0.25,2620.62,Signal Flip
1633,5M_EMA_CONFIRMED_50_200,LONG,2026-05-03T09:10,2310.0,2026-05-03T16:20,2322.77,86,7.17,2620.62,14.48,0.55,2635.1,Signal Flip
1634,5M_EMA_CONFIRMED_50_200,LONG,2026-05-03T16:25,2327.46,2026-05-03T17:05,2324.15,8,0.67,2635.1,-3.75,-0.14,2631.35,Signal Flip
1635,5M_EMA_CONFIRMED_50_200,LONG,2026-05-03T17:10,2327.36,2026-05-03T19:20,2327.62,26,2.17,2631.35,0.29,0.01,2631.63,Signal Flip
1636,5M_EMA_CONFIRMED_50_200,LONG,2026-05-03T19:35,2337.41,2026-05-03T20:50,2327.42,15,1.25,2631.63,-11.25,-0.43,2620.38,Signal Flip
1637,5M_EMA_CONFIRMED_50_200,LONG,2026-05-03T21:15,2334.05,2026-05-03T21:25,2329.91,2,0.17,2620.38,-4.64,-0.18,2615.75,Signal Flip
1638,5M_EMA_CONFIRMED_50_200,LONG,2026-05-03T21:35,2333.32,2026-05-03T21:40,2327.44,1,0.08,2615.75,-6.59,-0.25,2609.15,Signal Flip
1639,5M_EMA_CONFIRMED_50_200,LONG,2026-05-03T22:05,2341.43,2026-05-03T23:25,2326.52,16,1.33,2609.15,-16.62,-0.64,2592.53,Signal Flip
1640,5M_EMA_CONFIRMED_50_200,SHORT,2026-05-04T01:20,2313.55,2026-05-04T01:35,2334.98,3,0.25,2592.53,-24.01,-0.93,2568.53,Signal Flip
1641,5M_EMA_CONFIRMED_50_200,LONG,2026-05-04T01:45,2328.37,2026-05-04T06:05,2372.91,52,4.33,2568.53,49.13,1.91,2617.66,Signal Flip
1642,5M_EMA_CONFIRMED_50_200,LONG,2026-05-04T07:15,2373.26,2026-05-04T07:20,2369.67,1,0.08,2617.66,-3.95,-0.15,2613.71,Signal Flip
1643,5M_EMA_CONFIRMED_50_200,LONG,2026-05-04T09:35,2368.64,2026-05-04T10:05,2344.53,6,0.5,2613.71,-26.61,-1.02,2587.1,Signal Flip
1644,5M_EMA_CONFIRMED_50_200,SHORT,2026-05-04T11:35,2334.97,2026-05-04T14:20,2343.3,33,2.75,2587.1,-9.23,-0.36,2577.87,Signal Flip
1645,5M_EMA_CONFIRMED_50_200,SHORT,2026-05-04T15:20,2346.22,2026-05-04T15:30,2349.62,2,0.17,2577.87,-3.74,-0.15,2574.12,Signal Flip
1646,5M_EMA_CONFIRMED_50_200,SHORT,2026-05-04T15:50,2346.12,2026-05-04T15:55,2350.78,1,0.08,2574.12,-5.12,-0.2,2569.0,Signal Flip
1647,5M_EMA_CONFIRMED_50_200,LONG,2026-05-04T15:55,2350.78,2026-05-04T16:10,2340.4,3,0.25,2569.0,-11.35,-0.44,2557.65,Signal Flip
1648,5M_EMA_CONFIRMED_50_200,SHORT,2026-05-04T16:10,2340.4,2026-05-04T16:20,2357.31,2,0.17,2557.65,-18.48,-0.72,2539.17,Signal Flip
1649,5M_EMA_CONFIRMED_50_200,LONG,2026-05-04T16:25,2359.44,2026-05-04T18:55,2356.57,30,2.5,2539.17,-3.09,-0.12,2536.09,Signal Flip
1650,5M_EMA_CONFIRMED_50_200,LONG,2026-05-04T19:00,2362.6,2026-05-04T19:05,2357.45,1,0.08,2536.09,-5.53,-0.22,2530.56,Signal Flip
1651,5M_EMA_CONFIRMED_50_200,LONG,2026-05-04T19:10,2363.18,2026-05-04T19:20,2357.55,2,0.17,2530.56,-6.03,-0.24,2524.53,Signal Flip
1652,5M_EMA_CONFIRMED_50_200,LONG,2026-05-04T21:15,2358.6,2026-05-04T22:35,2356.55,16,1.33,2524.53,-2.19,-0.09,2522.34,Signal Flip
1653,5M_EMA_CONFIRMED_50_200,LONG,2026-05-04T22:50,2360.49,2026-05-04T22:55,2353.41,1,0.08,2522.34,-7.56,-0.3,2514.78,Signal Flip
1654,5M_EMA_CONFIRMED_50_200,SHORT,2026-05-05T00:30,2347.05,2026-05-05T00:35,2356.18,1,0.08,2514.78,-9.78,-0.39,2504.99,Signal Flip
1655,5M_EMA_CONFIRMED_50_200,LONG,2026-05-05T00:40,2355.49,2026-05-05T06:20,2373.66,68,5.67,2504.99,19.33,0.77,2524.32,Signal Flip
1656,5M_EMA_CONFIRMED_50_200,LONG,2026-05-05T06:50,2378.07,2026-05-05T08:30,2377.15,20,1.67,2524.32,-0.97,-0.04,2523.35,Signal Flip
1657,5M_EMA_CONFIRMED_50_200,LONG,2026-05-05T08:35,2380.34,2026-05-05T08:40,2375.12,1,0.08,2523.35,-5.53,-0.22,2517.82,Signal Flip
1658,5M_EMA_CONFIRMED_50_200,LONG,2026-05-05T10:35,2378.46,2026-05-05T10:55,2372.24,4,0.33,2517.82,-6.58,-0.26,2511.24,Signal Flip
1659,5M_EMA_CONFIRMED_50_200,LONG,2026-05-05T11:00,2379.61,2026-05-05T11:20,2373.59,4,0.33,2511.24,-6.35,-0.25,2504.89,Signal Flip
1660,5M_EMA_CONFIRMED_50_200,LONG,2026-05-05T11:25,2377.5,2026-05-05T14:15,2380.63,34,2.83,2504.89,3.3,0.13,2508.19,Signal Flip
1661,5M_EMA_CONFIRMED_50_200,LONG,2026-05-05T15:15,2384.87,2026-05-05T15:20,2380.09,1,0.08,2508.19,-5.03,-0.2,2503.16,Signal Flip
1662,5M_EMA_CONFIRMED_50_200,LONG,2026-05-05T15:25,2385.18,2026-05-05T15:55,2381.8,6,0.5,2503.16,-3.55,-0.14,2499.61,Signal Flip
1663,5M_EMA_CONFIRMED_50_200,SHORT,2026-05-05T17:50,2361.77,2026-05-05T18:15,2374.19,5,0.42,2499.61,-13.14,-0.53,2486.46,Signal Flip
1664,5M_EMA_CONFIRMED_50_200,SHORT,2026-05-05T18:20,2369.47,2026-05-05T18:50,2374.2,6,0.5,2486.46,-4.95,-0.2,2481.51,Signal Flip
1665,5M_EMA_CONFIRMED_50_200,SHORT,2026-05-05T18:55,2370.86,2026-05-05T19:20,2374.19,5,0.42,2481.51,-3.48,-0.14,2478.03,Signal Flip
1666,5M_EMA_CONFIRMED_50_200,SHORT,2026-05-05T19:30,2370.11,2026-05-05T19:45,2375.42,3,0.25,2478.03,-5.54,-0.22,2472.49,Signal Flip
1667,5M_EMA_CONFIRMED_50_200,SHORT,2026-05-05T19:55,2370.37,2026-05-05T20:05,2377.04,2,0.17,2472.49,-6.95,-0.28,2465.54,Signal Flip
1668,5M_EMA_CONFIRMED_50_200,LONG,2026-05-05T20:35,2384.17,2026-05-05T21:30,2374.72,11,0.92,2465.54,-9.77,-0.4,2455.76,Signal Flip
1669,5M_EMA_CONFIRMED_50_200,LONG,2026-05-05T21:55,2378.62,2026-05-05T22:00,2374.24,1,0.08,2455.76,-4.52,-0.18,2451.25,Signal Flip
1670,5M_EMA_CONFIRMED_50_200,LONG,2026-05-05T22:05,2380.17,2026-05-05T22:15,2373.83,2,0.17,2451.25,-6.53,-0.27,2444.72,Signal Flip
1671,5M_EMA_CONFIRMED_50_200,LONG,2026-05-05T22:30,2377.96,2026-05-05T22:35,2365.85,1,0.08,2444.72,-12.45,-0.51,2432.27,Signal Flip
1672,5M_EMA_CONFIRMED_50_200,SHORT,2026-05-05T22:50,2361.68,2026-05-06T01:05,2368.03,27,2.25,2432.27,-6.54,-0.27,2425.72,Signal Flip
1673,5M_EMA_CONFIRMED_50_200,SHORT,2026-05-06T02:30,2362.18,2026-05-06T03:00,2370.93,6,0.5,2425.72,-8.99,-0.37,2416.73,Signal Flip
1674,5M_EMA_CONFIRMED_50_200,SHORT,2026-05-06T04:35,2369.61,2026-05-06T04:50,2374.45,3,0.25,2416.73,-4.93,-0.2,2411.8,Signal Flip
1675,5M_EMA_CONFIRMED_50_200,SHORT,2026-05-06T04:55,2366.11,2026-05-06T06:40,2368.89,21,1.75,2411.8,-2.84,-0.12,2408.96,Signal Flip
1676,5M_EMA_CONFIRMED_50_200,LONG,2026-05-06T08:35,2383.36,2026-05-06T13:05,2394.86,54,4.5,2408.96,11.62,0.48,2420.59,Signal Flip
1677,5M_EMA_CONFIRMED_50_200,SHORT,2026-05-06T15:05,2360.6,2026-05-06T20:05,2355.22,60,5.0,2420.59,5.52,0.23,2426.1,Signal Flip
1678,5M_EMA_CONFIRMED_50_200,SHORT,2026-05-06T20:20,2351.28,2026-05-06T20:30,2353.84,2,0.17,2426.1,-2.63,-0.11,2423.47,Signal Flip
1679,5M_EMA_CONFIRMED_50_200,SHORT,2026-05-06T20:35,2345.34,2026-05-06T21:05,2352.84,6,0.5,2423.47,-7.75,-0.32,2415.72,Signal Flip
1680,5M_EMA_CONFIRMED_50_200,SHORT,2026-05-06T21:15,2347.47,2026-05-06T21:30,2352.65,3,0.25,2415.72,-5.33,-0.22,2410.39,Signal Flip
1681,5M_EMA_CONFIRMED_50_200,SHORT,2026-05-06T22:05,2350.83,2026-05-06T23:55,2352.01,22,1.83,2410.39,-1.2,-0.05,2409.19,Signal Flip
1682,5M_EMA_CONFIRMED_50_200,SHORT,2026-05-07T00:25,2345.2,2026-05-07T04:55,2328.51,54,4.5,2409.19,17.14,0.71,2426.33,Signal Flip
1683,5M_EMA_CONFIRMED_50_200,SHORT,2026-05-07T06:10,2324.98,2026-05-07T06:35,2333.9,5,0.42,2426.33,-9.31,-0.38,2417.02,Signal Flip
1684,5M_EMA_CONFIRMED_50_200,SHORT,2026-05-07T08:45,2333.24,2026-05-07T08:55,2337.86,2,0.17,2417.02,-4.78,-0.2,2412.24,Signal Flip
1685,5M_EMA_CONFIRMED_50_200,SHORT,2026-05-07T09:00,2332.56,2026-05-07T09:15,2336.7,3,0.25,2412.24,-4.28,-0.18,2407.96,Signal Flip
1686,5M_EMA_CONFIRMED_50_200,SHORT,2026-05-07T09:20,2334.11,2026-05-07T11:25,2332.06,25,2.08,2407.96,2.12,0.09,2410.08,Signal Flip
1687,5M_EMA_CONFIRMED_50_200,SHORT,2026-05-07T11:30,2326.9,2026-05-07T11:40,2332.11,2,0.17,2410.08,-5.4,-0.22,2404.69,Signal Flip
1688,5M_EMA_CONFIRMED_50_200,SHORT,2026-05-07T11:50,2326.93,2026-05-07T12:05,2334.35,3,0.25,2404.69,-7.67,-0.32,2397.02,Signal Flip
1689,5M_EMA_CONFIRMED_50_200,SHORT,2026-05-07T13:05,2329.18,2026-05-07T18:00,2300.76,59,4.92,2397.02,29.25,1.22,2426.27,Signal Flip
1690,5M_EMA_CONFIRMED_50_200,SHORT,2026-05-07T18:10,2297.66,2026-05-07T18:15,2301.23,1,0.08,2426.27,-3.77,-0.16,2422.5,Signal Flip
1691,5M_EMA_CONFIRMED_50_200,SHORT,2026-05-07T18:30,2298.23,2026-05-07T18:35,2303.61,1,0.08,2422.5,-5.67,-0.23,2416.83,Signal Flip
1692,5M_EMA_CONFIRMED_50_200,SHORT,2026-05-07T18:45,2294.83,2026-05-07T20:05,2300.03,16,1.33,2416.83,-5.47,-0.23,2411.36,Signal Flip
1693,5M_EMA_CONFIRMED_50_200,SHORT,2026-05-07T20:10,2295.65,2026-05-07T23:10,2291.5,36,3.0,2411.36,4.37,0.18,2415.72,Signal Flip
1694,5M_EMA_CONFIRMED_50_200,SHORT,2026-05-07T23:15,2288.55,2026-05-07T23:40,2291.69,5,0.42,2415.72,-3.31,-0.14,2412.41,Signal Flip
1695,5M_EMA_CONFIRMED_50_200,SHORT,2026-05-08T00:30,2289.32,2026-05-08T04:15,2283.65,45,3.75,2412.41,5.98,0.25,2418.39,Signal Flip
1696,5M_EMA_CONFIRMED_50_200,SHORT,2026-05-08T04:35,2278.06,2026-05-08T04:55,2283.41,4,0.33,2418.39,-5.68,-0.23,2412.71,Signal Flip
1697,5M_EMA_CONFIRMED_50_200,SHORT,2026-05-08T05:05,2280.01,2026-05-08T05:35,2283.45,6,0.5,2412.71,-3.64,-0.15,2409.07,Signal Flip
1698,5M_EMA_CONFIRMED_50_200,SHORT,2026-05-08T05:50,2279.5,2026-05-08T07:40,2278.07,22,1.83,2409.07,1.51,0.06,2410.58,Signal Flip
1699,5M_EMA_CONFIRMED_50_200,SHORT,2026-05-08T12:50,2285.66,2026-05-08T14:20,2291.3,18,1.5,2410.58,-5.95,-0.25,2404.63,Signal Flip
1700,5M_EMA_CONFIRMED_50_200,SHORT,2026-05-08T14:30,2280.35,2026-05-08T14:40,2289.54,2,0.17,2404.63,-9.7,-0.4,2394.94,Signal Flip
1701,5M_EMA_CONFIRMED_50_200,SHORT,2026-05-08T15:05,2281.35,2026-05-08T15:45,2286.29,8,0.67,2394.94,-5.19,-0.22,2389.75,Signal Flip
1702,5M_EMA_CONFIRMED_50_200,LONG,2026-05-08T17:15,2297.01,2026-05-08T20:45,2307.26,42,3.5,2389.75,10.66,0.45,2400.41,Signal Flip
1703,5M_EMA_CONFIRMED_50_200,LONG,2026-05-08T20:50,2310.35,2026-05-08T20:55,2305.83,1,0.08,2400.41,-4.7,-0.2,2395.7,Signal Flip
1704,5M_EMA_CONFIRMED_50_200,LONG,2026-05-08T21:20,2309.56,2026-05-08T23:00,2309.82,20,1.67,2395.7,0.27,0.01,2395.97,Signal Flip
1705,5M_EMA_CONFIRMED_50_200,LONG,2026-05-09T00:35,2312.21,2026-05-09T01:00,2307.4,5,0.42,2395.97,-4.98,-0.21,2390.99,Signal Flip
1706,5M_EMA_CONFIRMED_50_200,LONG,2026-05-09T01:05,2310.73,2026-05-09T03:45,2312.48,32,2.67,2390.99,1.81,0.08,2392.8,Signal Flip
1707,5M_EMA_CONFIRMED_50_200,LONG,2026-05-09T03:55,2316.98,2026-05-09T04:40,2313.46,9,0.75,2392.8,-3.63,-0.15,2389.17,Signal Flip
1708,5M_EMA_CONFIRMED_50_200,LONG,2026-05-09T05:20,2316.71,2026-05-09T05:50,2314.05,6,0.5,2389.17,-2.74,-0.11,2386.43,Signal Flip
1709,5M_EMA_CONFIRMED_50_200,LONG,2026-05-09T06:05,2318.84,2026-05-09T06:20,2314.21,3,0.25,2386.43,-4.76,-0.2,2381.67,Signal Flip
1710,5M_EMA_CONFIRMED_50_200,LONG,2026-05-09T06:25,2317.25,2026-05-09T06:40,2313.48,3,0.25,2381.67,-3.87,-0.16,2377.8,Signal Flip
1711,5M_EMA_CONFIRMED_50_200,LONG,2026-05-09T07:20,2317.04,2026-05-09T07:50,2313.92,6,0.5,2377.8,-3.2,-0.13,2374.6,Signal Flip
1712,5M_EMA_CONFIRMED_50_200,LONG,2026-05-09T08:05,2319.96,2026-05-09T08:50,2315.14,9,0.75,2374.6,-4.93,-0.21,2369.67,Signal Flip
1713,5M_EMA_CONFIRMED_50_200,LONG,2026-05-09T08:55,2318.51,2026-05-09T09:15,2314.17,4,0.33,2369.67,-4.43,-0.19,2365.24,Signal Flip
1714,5M_EMA_CONFIRMED_50_200,LONG,2026-05-09T11:15,2315.72,2026-05-09T11:40,2312.84,5,0.42,2365.24,-2.94,-0.12,2362.3,Signal Flip
1715,5M_EMA_CONFIRMED_50_200,LONG,2026-05-09T12:00,2315.72,2026-05-09T12:15,2313.02,3,0.25,2362.3,-2.75,-0.12,2359.55,Signal Flip
1716,5M_EMA_CONFIRMED_50_200,LONG,2026-05-09T12:20,2315.78,2026-05-09T12:40,2313.31,4,0.33,2359.55,-2.51,-0.11,2357.04,Signal Flip
1717,5M_EMA_CONFIRMED_50_200,LONG,2026-05-09T12:45,2316.44,2026-05-09T13:25,2311.92,8,0.67,2357.04,-4.59,-0.19,2352.45,Signal Flip
1718,5M_EMA_CONFIRMED_50_200,SHORT,2026-05-09T15:20,2305.03,2026-05-09T15:35,2312.82,3,0.25,2352.45,-7.95,-0.34,2344.5,Signal Flip
1719,5M_EMA_CONFIRMED_50_200,LONG,2026-05-09T15:50,2316.69,2026-05-09T23:10,2326.89,88,7.33,2344.5,10.32,0.44,2354.82,Signal Flip
1720,5M_EMA_CONFIRMED_50_200,LONG,2026-05-10T00:20,2329.43,2026-05-10T00:25,2326.78,1,0.08,2354.82,-2.69,-0.11,2352.13,Signal Flip
1721,5M_EMA_CONFIRMED_50_200,LONG,2026-05-10T00:35,2329.55,2026-05-10T00:40,2325.83,1,0.08,2352.13,-3.76,-0.16,2348.37,Signal Flip
1722,5M_EMA_CONFIRMED_50_200,LONG,2026-05-10T02:25,2326.51,2026-05-10T02:35,2323.35,2,0.17,2348.37,-3.19,-0.14,2345.17,Signal Flip
1723,5M_EMA_CONFIRMED_50_200,LONG,2026-05-10T02:40,2326.69,2026-05-10T03:30,2324.51,10,0.83,2345.17,-2.2,-0.09,2342.97,Signal Flip
1724,5M_EMA_CONFIRMED_50_200,LONG,2026-05-10T03:35,2328.48,2026-05-10T05:55,2325.41,28,2.33,2342.97,-3.1,-0.13,2339.88,Signal Flip
1725,5M_EMA_CONFIRMED_50_200,LONG,2026-05-10T06:05,2329.64,2026-05-10T06:30,2325.49,5,0.42,2339.88,-4.18,-0.18,2335.7,Signal Flip
1726,5M_EMA_CONFIRMED_50_200,LONG,2026-05-10T06:35,2329.16,2026-05-10T07:15,2326.39,8,0.67,2335.7,-2.79,-0.12,2332.91,Signal Flip
1727,5M_EMA_CONFIRMED_50_200,LONG,2026-05-10T07:20,2330.23,2026-05-10T07:55,2326.55,7,0.58,2332.91,-3.69,-0.16,2329.22,Signal Flip
1728,5M_EMA_CONFIRMED_50_200,LONG,2026-05-10T08:10,2330.97,2026-05-10T09:35,2327.88,17,1.42,2329.22,-3.1,-0.13,2326.12,Signal Flip
1729,5M_EMA_CONFIRMED_50_200,SHORT,2026-05-10T11:55,2321.17,2026-05-10T13:05,2326.41,14,1.17,2326.12,-5.25,-0.23,2320.87,Signal Flip
1730,5M_EMA_CONFIRMED_50_200,LONG,2026-05-10T13:35,2331.71,2026-05-10T20:15,2353.58,80,6.67,2320.87,21.78,0.94,2342.64,Signal Flip
1731,5M_EMA_CONFIRMED_50_200,LONG,2026-05-10T22:20,2352.62,2026-05-11T00:20,2352.36,24,2.0,2342.64,-0.25,-0.01,2342.39,Signal Flip
1732,5M_EMA_CONFIRMED_50_200,LONG,2026-05-11T00:35,2362.13,2026-05-11T00:40,2357.61,1,0.08,2342.39,-4.48,-0.19,2337.91,Signal Flip
1733,5M_EMA_CONFIRMED_50_200,LONG,2026-05-11T01:20,2365.25,2026-05-11T01:40,2357.53,4,0.33,2337.91,-7.63,-0.33,2330.28,Signal Flip
1734,5M_EMA_CONFIRMED_50_200,LONG,2026-05-11T01:50,2362.92,2026-05-11T01:55,2357.35,1,0.08,2330.28,-5.49,-0.24,2324.79,Signal Flip
1735,5M_EMA_CONFIRMED_50_200,SHORT,2026-05-11T03:55,2329.38,2026-05-11T05:35,2341.17,20,1.67,2324.79,-11.76,-0.51,2313.02,Signal Flip
1736,5M_EMA_CONFIRMED_50_200,SHORT,2026-05-11T05:40,2335.16,2026-05-11T06:10,2339.58,6,0.5,2313.02,-4.38,-0.19,2308.65,Signal Flip
1737,5M_EMA_CONFIRMED_50_200,SHORT,2026-05-11T06:15,2336.26,2026-05-11T06:25,2340.54,2,0.17,2308.65,-4.23,-0.18,2304.42,Signal Flip
1738,5M_EMA_CONFIRMED_50_200,SHORT,2026-05-11T06:35,2337.04,2026-05-11T08:45,2335.05,26,2.17,2304.42,1.97,0.09,2306.39,Signal Flip
1739,5M_EMA_CONFIRMED_50_200,SHORT,2026-05-11T08:55,2330.82,2026-05-11T09:05,2334.81,2,0.17,2306.39,-3.94,-0.17,2302.45,Signal Flip
1740,5M_EMA_CONFIRMED_50_200,SHORT,2026-05-11T09:40,2332.75,2026-05-11T09:45,2336.19,1,0.08,2302.45,-3.39,-0.15,2299.06,Signal Flip
1741,5M_EMA_CONFIRMED_50_200,SHORT,2026-05-11T10:35,2332.8,2026-05-11T11:35,2335.88,12,1.0,2299.06,-3.03,-0.13,2296.03,Signal Flip
1742,5M_EMA_CONFIRMED_50_200,SHORT,2026-05-11T11:50,2332.9,2026-05-11T11:55,2336.17,1,0.08,2296.03,-3.21,-0.14,2292.81,Signal Flip
1743,5M_EMA_CONFIRMED_50_200,SHORT,2026-05-11T12:05,2332.53,2026-05-11T12:25,2339.4,4,0.33,2292.81,-6.75,-0.29,2286.06,Signal Flip
1744,5M_EMA_CONFIRMED_50_200,SHORT,2026-05-11T12:45,2331.87,2026-05-11T15:30,2333.89,33,2.75,2286.06,-1.97,-0.09,2284.09,Signal Flip
1745,5M_EMA_CONFIRMED_50_200,SHORT,2026-05-11T17:05,2326.81,2026-05-11T17:25,2330.67,4,0.33,2284.09,-3.8,-0.17,2280.29,Signal Flip
1746,5M_EMA_CONFIRMED_50_200,SHORT,2026-05-11T19:05,2332.7,2026-05-11T19:10,2339.84,1,0.08,2280.29,-6.98,-0.31,2273.32,Signal Flip
1747,5M_EMA_CONFIRMED_50_200,LONG,2026-05-11T19:15,2339.56,2026-05-11T21:25,2335.83,26,2.17,2273.32,-3.62,-0.16,2269.69,Signal Flip
1748,5M_EMA_CONFIRMED_50_200,LONG,2026-05-11T21:40,2340.75,2026-05-11T22:30,2337.63,10,0.83,2269.69,-3.02,-0.13,2266.67,Signal Flip
1749,5M_EMA_CONFIRMED_50_200,LONG,2026-05-11T22:35,2340.04,2026-05-11T23:10,2336.86,7,0.58,2266.67,-3.08,-0.14,2263.59,Signal Flip
1750,5M_EMA_CONFIRMED_50_200,LONG,2026-05-11T23:15,2340.48,2026-05-11T23:20,2337.07,1,0.08,2263.59,-3.3,-0.15,2260.29,Signal Flip
1751,5M_EMA_CONFIRMED_50_200,LONG,2026-05-11T23:35,2340.38,2026-05-12T00:05,2337.21,6,0.5,2260.29,-3.06,-0.14,2257.23,Signal Flip
1752,5M_EMA_CONFIRMED_50_200,SHORT,2026-05-12T01:20,2324.09,2026-05-12T12:30,2292.27,134,11.17,2257.23,30.91,1.37,2288.14,Signal Flip
1753,5M_EMA_CONFIRMED_50_200,SHORT,2026-05-12T12:35,2286.16,2026-05-12T12:40,2294.13,1,0.08,2288.14,-7.98,-0.35,2280.16,Signal Flip
1754,5M_EMA_CONFIRMED_50_200,SHORT,2026-05-12T12:45,2285.66,2026-05-12T13:05,2292.34,4,0.33,2280.16,-6.66,-0.29,2273.5,Signal Flip
1755,5M_EMA_CONFIRMED_50_200,SHORT,2026-05-12T13:15,2286.75,2026-05-12T17:20,2274.15,49,4.08,2273.5,12.53,0.55,2286.03,Signal Flip
1756,5M_EMA_CONFIRMED_50_200,SHORT,2026-05-12T22:50,2282.25,2026-05-13T00:20,2284.8,18,1.5,2286.03,-2.56,-0.11,2283.47,Signal Flip
1757,5M_EMA_CONFIRMED_50_200,SHORT,2026-05-13T00:50,2280.67,2026-05-13T00:55,2283.55,1,0.08,2283.47,-2.89,-0.13,2280.58,Signal Flip
1758,5M_EMA_CONFIRMED_50_200,SHORT,2026-05-13T01:00,2280.42,2026-05-13T01:05,2283.94,1,0.08,2280.58,-3.52,-0.15,2277.06,Signal Flip
1759,5M_EMA_CONFIRMED_50_200,LONG,2026-05-13T02:35,2296.54,2026-05-13T05:40,2296.57,37,3.08,2277.06,0.03,0.0,2277.09,Signal Flip
1760,5M_EMA_CONFIRMED_50_200,LONG,2026-05-13T05:50,2300.25,2026-05-13T06:00,2296.62,2,0.17,2277.09,-3.59,-0.16,2273.5,Signal Flip
1761,5M_EMA_CONFIRMED_50_200,LONG,2026-05-13T06:05,2301.15,2026-05-13T07:20,2297.78,15,1.25,2273.5,-3.33,-0.15,2270.17,Signal Flip
1762,5M_EMA_CONFIRMED_50_200,LONG,2026-05-13T07:45,2302.08,2026-05-13T07:55,2297.37,2,0.17,2270.17,-4.64,-0.2,2265.53,Signal Flip
1763,5M_EMA_CONFIRMED_50_200,LONG,2026-05-13T08:00,2302.22,2026-05-13T10:30,2308.69,30,2.5,2265.53,6.36,0.28,2271.89,Signal Flip
1764,5M_EMA_CONFIRMED_50_200,SHORT,2026-05-13T13:30,2278.6,2026-05-13T18:10,2263.5,56,4.67,2271.89,15.05,0.66,2286.95,Signal Flip
1765,5M_EMA_CONFIRMED_50_200,SHORT,2026-05-13T18:50,2258.64,2026-05-13T20:15,2260.07,17,1.42,2286.95,-1.45,-0.06,2285.5,Signal Flip
1766,5M_EMA_CONFIRMED_50_200,SHORT,2026-05-13T21:10,2255.46,2026-05-13T22:50,2259.56,20,1.67,2285.5,-4.15,-0.18,2281.35,Signal Flip
1767,5M_EMA_CONFIRMED_50_200,SHORT,2026-05-13T23:30,2256.47,2026-05-13T23:55,2260.43,5,0.42,2281.35,-4.0,-0.18,2277.34,Signal Flip
1768,5M_EMA_CONFIRMED_50_200,SHORT,2026-05-14T02:15,2260.76,2026-05-14T02:25,2264.21,2,0.17,2277.34,-3.48,-0.15,2273.87,Signal Flip
1769,5M_EMA_CONFIRMED_50_200,SHORT,2026-05-14T02:35,2261.1,2026-05-14T04:40,2255.48,25,2.08,2273.87,5.65,0.25,2279.52,Signal Flip
1770,5M_EMA_CONFIRMED_50_200,SHORT,2026-05-14T04:45,2252.54,2026-05-14T04:50,2258.31,1,0.08,2279.52,-5.83,-0.26,2273.69,Signal Flip
1771,5M_EMA_CONFIRMED_50_200,SHORT,2026-05-14T08:05,2261.82,2026-05-14T08:10,2267.79,1,0.08,2273.69,-6.01,-0.26,2267.68,Signal Flip
1772,5M_EMA_CONFIRMED_50_200,LONG,2026-05-14T08:30,2267.6,2026-05-14T09:05,2263.98,7,0.58,2267.68,-3.63,-0.16,2264.05,Signal Flip
1773,5M_EMA_CONFIRMED_50_200,LONG,2026-05-14T09:10,2267.34,2026-05-14T09:15,2263.34,1,0.08,2264.05,-4.0,-0.18,2260.05,Signal Flip
1774,5M_EMA_CONFIRMED_50_200,SHORT,2026-05-14T09:40,2253.94,2026-05-14T10:20,2265.69,8,0.67,2260.05,-11.78,-0.52,2248.27,Signal Flip
1775,5M_EMA_CONFIRMED_50_200,SHORT,2026-05-14T10:25,2261.53,2026-05-14T10:30,2264.99,1,0.08,2248.27,-3.44,-0.15,2244.83,Signal Flip
1776,5M_EMA_CONFIRMED_50_200,SHORT,2026-05-14T10:35,2260.94,2026-05-14T11:10,2264.43,7,0.58,2244.83,-3.47,-0.15,2241.36,Signal Flip
1777,5M_EMA_CONFIRMED_50_200,SHORT,2026-05-14T11:15,2257.99,2026-05-14T12:35,2261.64,16,1.33,2241.36,-3.62,-0.16,2237.74,Signal Flip
1778,5M_EMA_CONFIRMED_50_200,SHORT,2026-05-14T13:20,2256.36,2026-05-14T13:25,2265.87,1,0.08,2237.74,-9.43,-0.42,2228.31,Signal Flip
1779,5M_EMA_CONFIRMED_50_200,SHORT,2026-05-14T13:35,2256.1,2026-05-14T13:50,2261.13,3,0.25,2228.31,-4.97,-0.22,2223.34,Signal Flip
1780,5M_EMA_CONFIRMED_50_200,SHORT,2026-05-14T13:55,2255.74,2026-05-14T14:20,2266.05,5,0.42,2223.34,-10.16,-0.46,2213.18,Signal Flip
1781,5M_EMA_CONFIRMED_50_200,LONG,2026-05-14T15:00,2288.14,2026-05-14T19:30,2296.54,54,4.5,2213.18,8.12,0.37,2221.3,Signal Flip
1782,5M_EMA_CONFIRMED_50_200,LONG,2026-05-14T19:35,2304.08,2026-05-14T19:40,2299.11,1,0.08,2221.3,-4.79,-0.22,2216.51,Signal Flip
1783,5M_EMA_CONFIRMED_50_200,LONG,2026-05-14T21:35,2298.99,2026-05-14T22:00,2296.05,5,0.42,2216.51,-2.83,-0.13,2213.67,Signal Flip
1784,5M_EMA_CONFIRMED_50_200,LONG,2026-05-14T22:10,2299.5,2026-05-14T22:20,2294.51,2,0.17,2213.67,-4.8,-0.22,2208.87,Signal Flip
1785,5M_EMA_CONFIRMED_50_200,LONG,2026-05-14T22:35,2300.98,2026-05-14T23:05,2293.25,6,0.5,2208.87,-7.42,-0.34,2201.45,Signal Flip
1786,5M_EMA_CONFIRMED_50_200,LONG,2026-05-15T00:35,2299.23,2026-05-15T00:45,2286.31,2,0.17,2201.45,-12.37,-0.56,2189.08,Signal Flip
1787,5M_EMA_CONFIRMED_50_200,LONG,2026-05-15T01:05,2295.32,2026-05-15T01:10,2290.18,1,0.08,2189.08,-4.9,-0.22,2184.19,Signal Flip
1788,5M_EMA_CONFIRMED_50_200,SHORT,2026-05-15T02:35,2261.44,2026-05-15T07:15,2263.22,56,4.67,2184.19,-1.72,-0.08,2182.47,Signal Flip
1789,5M_EMA_CONFIRMED_50_200,SHORT,2026-05-15T07:20,2258.16,2026-05-15T07:25,2267.8,1,0.08,2182.47,-9.32,-0.43,2173.15,Signal Flip
1790,5M_EMA_CONFIRMED_50_200,SHORT,2026-05-15T08:05,2259.57,2026-05-15T10:15,2259.71,26,2.17,2173.15,-0.13,-0.01,2173.01,Signal Flip
1791,5M_EMA_CONFIRMED_50_200,SHORT,2026-05-15T10:20,2254.29,2026-05-15T10:50,2259.99,6,0.5,2173.01,-5.49,-0.25,2167.52,Signal Flip
1792,5M_EMA_CONFIRMED_50_200,SHORT,2026-05-15T11:10,2257.0,2026-05-15T11:15,2261.56,1,0.08,2167.52,-4.38,-0.2,2163.14,Signal Flip
1793,5M_EMA_CONFIRMED_50_200,SHORT,2026-05-15T11:25,2257.17,2026-05-15T11:30,2261.34,1,0.08,2163.14,-4.0,-0.18,2159.15,Signal Flip
1794,5M_EMA_CONFIRMED_50_200,SHORT,2026-05-15T12:00,2256.43,2026-05-15T12:30,2260.05,6,0.5,2159.15,-3.46,-0.16,2155.68,Signal Flip
1795,5M_EMA_CONFIRMED_50_200,SHORT,2026-05-15T12:35,2255.44,2026-05-15T16:25,2230.08,46,3.83,2155.68,24.24,1.12,2179.92,Signal Flip
1796,5M_EMA_CONFIRMED_50_200,SHORT,2026-05-15T16:30,2227.22,2026-05-15T17:10,2230.07,8,0.67,2179.92,-2.8,-0.13,2177.12,Signal Flip
1797,5M_EMA_CONFIRMED_50_200,SHORT,2026-05-15T17:15,2226.04,2026-05-15T17:25,2229.54,2,0.17,2177.12,-3.43,-0.16,2173.69,Signal Flip
1798,5M_EMA_CONFIRMED_50_200,SHORT,2026-05-15T17:30,2226.47,2026-05-15T17:35,2229.97,1,0.08,2173.69,-3.43,-0.16,2170.26,Signal Flip
1799,5M_EMA_CONFIRMED_50_200,SHORT,2026-05-15T18:20,2224.27,2026-05-15T18:25,2230.27,1,0.08,2170.26,-5.86,-0.27,2164.4,Signal Flip
1800,5M_EMA_CONFIRMED_50_200,SHORT,2026-05-15T18:35,2225.48,2026-05-15T18:40,2230.25,1,0.08,2164.4,-4.65,-0.21,2159.76,Signal Flip
1801,5M_EMA_CONFIRMED_50_200,SHORT,2026-05-15T18:55,2226.77,2026-05-15T19:00,2229.46,1,0.08,2159.76,-2.62,-0.12,2157.14,Signal Flip
1802,5M_EMA_CONFIRMED_50_200,SHORT,2026-05-15T19:05,2223.08,2026-05-15T22:45,2224.09,44,3.67,2157.14,-0.98,-0.05,2156.16,Signal Flip
1803,5M_EMA_CONFIRMED_50_200,SHORT,2026-05-16T01:30,2223.2,2026-05-16T01:50,2228.87,4,0.33,2156.16,-5.5,-0.26,2150.65,Signal Flip
1804,5M_EMA_CONFIRMED_50_200,SHORT,2026-05-16T03:45,2226.29,2026-05-16T04:00,2229.11,3,0.25,2150.65,-2.73,-0.13,2147.92,Signal Flip
1805,5M_EMA_CONFIRMED_50_200,SHORT,2026-05-16T04:15,2224.86,2026-05-16T05:50,2227.73,19,1.58,2147.92,-2.78,-0.13,2145.14,Signal Flip
1806,5M_EMA_CONFIRMED_50_200,SHORT,2026-05-16T05:55,2225.26,2026-05-16T06:05,2227.65,2,0.17,2145.14,-2.31,-0.11,2142.83,Signal Flip
1807,5M_EMA_CONFIRMED_50_200,SHORT,2026-05-16T06:10,2222.85,2026-05-16T14:35,2179.91,101,8.42,2142.83,41.39,1.93,2184.23,Signal Flip
1808,5M_EMA_CONFIRMED_50_200,SHORT,2026-05-16T14:55,2177.1,2026-05-16T15:00,2181.01,1,0.08,2184.23,-3.92,-0.18,2180.3,Signal Flip
1809,5M_EMA_CONFIRMED_50_200,SHORT,2026-05-16T15:20,2177.66,2026-05-16T15:35,2181.98,3,0.25,2180.3,-4.33,-0.2,2175.98,Signal Flip
1810,5M_EMA_CONFIRMED_50_200,SHORT,2026-05-16T15:55,2178.13,2026-05-16T16:00,2181.09,1,0.08,2175.98,-2.96,-0.14,2173.02,Signal Flip
1811,5M_EMA_CONFIRMED_50_200,SHORT,2026-05-16T16:10,2177.3,2026-05-16T17:30,2179.78,16,1.33,2173.02,-2.47,-0.11,2170.55,Signal Flip
1812,5M_EMA_CONFIRMED_50_200,SHORT,2026-05-16T18:10,2177.02,2026-05-16T18:15,2179.56,1,0.08,2170.55,-2.53,-0.12,2168.02,Signal Flip
1813,5M_EMA_CONFIRMED_50_200,SHORT,2026-05-16T18:20,2176.02,2026-05-16T18:30,2179.34,2,0.17,2168.02,-3.31,-0.15,2164.71,Signal Flip
1814,5M_EMA_CONFIRMED_50_200,SHORT,2026-05-16T18:40,2177.16,2026-05-16T18:45,2180.29,1,0.08,2164.71,-3.11,-0.14,2161.6,Signal Flip
1815,5M_EMA_CONFIRMED_50_200,SHORT,2026-05-16T22:05,2179.02,2026-05-16T22:15,2182.9,2,0.17,2161.6,-3.85,-0.18,2157.75,Signal Flip
1816,5M_EMA_CONFIRMED_50_200,SHORT,2026-05-16T22:50,2179.93,2026-05-16T23:20,2183.61,6,0.5,2157.75,-3.64,-0.17,2154.11,Signal Flip
1817,5M_EMA_CONFIRMED_50_200,SHORT,2026-05-16T23:50,2180.16,2026-05-17T00:05,2185.16,3,0.25,2154.11,-4.94,-0.23,2149.16,Signal Flip
1818,5M_EMA_CONFIRMED_50_200,SHORT,2026-05-17T00:45,2180.15,2026-05-17T01:10,2182.7,5,0.42,2149.16,-2.52,-0.12,2146.65,Signal Flip
1819,5M_EMA_CONFIRMED_50_200,SHORT,2026-05-17T01:20,2179.15,2026-05-17T03:05,2179.01,21,1.75,2146.65,0.14,0.01,2146.79,Signal Flip
1820,5M_EMA_CONFIRMED_50_200,SHORT,2026-05-17T03:10,2176.02,2026-05-17T03:15,2178.51,1,0.08,2146.79,-2.45,-0.11,2144.33,Signal Flip
1821,5M_EMA_CONFIRMED_50_200,LONG,2026-05-17T06:10,2187.84,2026-05-17T06:25,2181.57,3,0.25,2144.33,-6.15,-0.29,2138.18,Signal Flip
1822,5M_EMA_CONFIRMED_50_200,LONG,2026-05-17T06:35,2186.07,2026-05-17T06:45,2181.39,2,0.17,2138.18,-4.58,-0.21,2133.6,Signal Flip
1823,5M_EMA_CONFIRMED_50_200,LONG,2026-05-17T06:55,2186.0,2026-05-17T07:15,2183.1,4,0.33,2133.6,-2.83,-0.13,2130.77,Signal Flip
1824,5M_EMA_CONFIRMED_50_200,LONG,2026-05-17T07:25,2185.92,2026-05-17T08:20,2182.6,11,0.92,2130.77,-3.24,-0.15,2127.53,Signal Flip
1825,5M_EMA_CONFIRMED_50_200,LONG,2026-05-17T08:35,2186.13,2026-05-17T11:20,2188.62,33,2.75,2127.53,2.42,0.11,2129.94,Signal Flip
1826,5M_EMA_CONFIRMED_50_200,LONG,2026-05-17T11:35,2195.05,2026-05-17T13:15,2189.66,20,1.67,2129.94,-5.22,-0.25,2124.72,Signal Flip
1827,5M_EMA_CONFIRMED_50_200,LONG,2026-05-17T13:30,2193.06,2026-05-17T13:35,2190.41,1,0.08,2124.72,-2.56,-0.12,2122.16,Signal Flip
1828,5M_EMA_CONFIRMED_50_200,LONG,2026-05-17T13:40,2194.51,2026-05-17T13:55,2190.17,3,0.25,2122.16,-4.19,-0.2,2117.97,Signal Flip
1829,5M_EMA_CONFIRMED_50_200,LONG,2026-05-17T14:00,2193.22,2026-05-17T14:05,2189.0,1,0.08,2117.97,-4.07,-0.19,2113.91,Signal Flip
1830,5M_EMA_CONFIRMED_50_200,SHORT,2026-05-17T16:55,2183.94,2026-05-17T18:05,2187.2,14,1.17,2113.91,-3.16,-0.15,2110.74,Signal Flip
1831,5M_EMA_CONFIRMED_50_200,SHORT,2026-05-17T18:10,2183.08,2026-05-17T18:40,2185.97,6,0.5,2110.74,-2.8,-0.13,2107.95,Signal Flip
1832,5M_EMA_CONFIRMED_50_200,SHORT,2026-05-17T18:45,2182.53,2026-05-17T18:50,2186.09,1,0.08,2107.95,-3.44,-0.16,2104.5,Signal Flip
1833,5M_EMA_CONFIRMED_50_200,LONG,2026-05-17T20:00,2193.64,2026-05-17T22:05,2186.2,25,2.08,2104.5,-7.14,-0.34,2097.37,Signal Flip
1834,5M_EMA_CONFIRMED_50_200,SHORT,2026-05-17T22:50,2180.51,2026-05-18T05:00,2125.91,74,6.17,2097.37,52.51,2.5,2149.88,Signal Flip
1835,5M_EMA_CONFIRMED_50_200,SHORT,2026-05-18T05:15,2122.67,2026-05-18T05:30,2125.09,3,0.25,2149.88,-2.45,-0.11,2147.43,Signal Flip
1836,5M_EMA_CONFIRMED_50_200,SHORT,2026-05-18T05:35,2121.73,2026-05-18T07:30,2121.09,23,1.92,2147.43,0.65,0.03,2148.07,Signal Flip
1837,5M_EMA_CONFIRMED_50_200,SHORT,2026-05-18T07:40,2117.91,2026-05-18T07:55,2122.28,3,0.25,2148.07,-4.43,-0.21,2143.64,Signal Flip
1838,5M_EMA_CONFIRMED_50_200,SHORT,2026-05-18T08:40,2117.62,2026-05-18T08:55,2122.47,3,0.25,2143.64,-4.91,-0.23,2138.73,Signal Flip
1839,5M_EMA_CONFIRMED_50_200,SHORT,2026-05-18T09:05,2117.45,2026-05-18T09:40,2120.84,7,0.58,2138.73,-3.42,-0.16,2135.31,Signal Flip
1840,5M_EMA_CONFIRMED_50_200,SHORT,2026-05-18T09:45,2116.65,2026-05-18T11:35,2120.51,22,1.83,2135.31,-3.89,-0.18,2131.41,Signal Flip
1841,5M_EMA_CONFIRMED_50_200,SHORT,2026-05-18T13:40,2127.75,2026-05-18T13:55,2135.65,3,0.25,2131.41,-7.92,-0.37,2123.5,Signal Flip
1842,5M_EMA_CONFIRMED_50_200,SHORT,2026-05-18T14:00,2129.83,2026-05-18T19:05,2109.14,61,5.08,2123.5,20.63,0.97,2144.13,Signal Flip
1843,5M_EMA_CONFIRMED_50_200,LONG,2026-05-18T22:20,2140.66,2026-05-19T01:20,2130.56,36,3.0,2144.13,-10.11,-0.47,2134.02,Signal Flip
1844,5M_EMA_CONFIRMED_50_200,LONG,2026-05-19T02:25,2136.53,2026-05-19T02:35,2127.29,2,0.17,2134.02,-9.23,-0.43,2124.79,Signal Flip
1845,5M_EMA_CONFIRMED_50_200,LONG,2026-05-19T03:20,2130.93,2026-05-19T03:25,2126.31,1,0.08,2124.79,-4.62,-0.22,2120.17,Signal Flip
1846,5M_EMA_CONFIRMED_50_200,LONG,2026-05-19T03:35,2131.95,2026-05-19T04:25,2128.77,10,0.83,2120.17,-3.16,-0.15,2117.01,Signal Flip
1847,5M_EMA_CONFIRMED_50_200,LONG,2026-05-19T04:35,2132.08,2026-05-19T05:15,2129.91,8,0.67,2117.01,-2.15,-0.1,2114.86,Signal Flip
1848,5M_EMA_CONFIRMED_50_200,LONG,2026-05-19T05:40,2135.63,2026-05-19T08:15,2134.1,31,2.58,2114.86,-1.51,-0.07,2113.35,Signal Flip
1849,5M_EMA_CONFIRMED_50_200,LONG,2026-05-19T08:20,2137.93,2026-05-19T08:25,2132.77,1,0.08,2113.35,-5.1,-0.24,2108.26,Signal Flip
1850,5M_EMA_CONFIRMED_50_200,LONG,2026-05-19T08:35,2137.39,2026-05-19T08:55,2134.51,4,0.33,2108.26,-2.84,-0.13,2105.42,Signal Flip
1851,5M_EMA_CONFIRMED_50_200,SHORT,2026-05-19T10:05,2111.35,2026-05-19T13:35,2119.35,42,3.5,2105.42,-7.97,-0.38,2097.45,Signal Flip
1852,5M_EMA_CONFIRMED_50_200,SHORT,2026-05-19T13:45,2111.74,2026-05-19T13:50,2120.74,1,0.08,2097.45,-8.94,-0.43,2088.51,Signal Flip
1853,5M_EMA_CONFIRMED_50_200,SHORT,2026-05-19T14:10,2112.43,2026-05-19T16:30,2113.22,28,2.33,2088.51,-0.77,-0.04,2087.74,Signal Flip
1854,5M_EMA_CONFIRMED_50_200,SHORT,2026-05-19T17:35,2113.54,2026-05-19T17:40,2120.39,1,0.08,2087.74,-6.76,-0.32,2080.97,Signal Flip
1855,5M_EMA_CONFIRMED_50_200,SHORT,2026-05-19T17:55,2113.94,2026-05-19T18:00,2116.81,1,0.08,2080.97,-2.82,-0.14,2078.15,Signal Flip
1856,5M_EMA_CONFIRMED_50_200,SHORT,2026-05-19T18:05,2113.28,2026-05-19T18:10,2118.78,1,0.08,2078.15,-5.4,-0.26,2072.75,Signal Flip
1857,5M_EMA_CONFIRMED_50_200,SHORT,2026-05-19T18:25,2113.29,2026-05-19T18:40,2117.25,3,0.25,2072.75,-3.88,-0.19,2068.87,Signal Flip
1858,5M_EMA_CONFIRMED_50_200,SHORT,2026-05-19T19:00,2114.21,2026-05-19T19:05,2118.21,1,0.08,2068.87,-3.91,-0.19,2064.96,Signal Flip
1859,5M_EMA_CONFIRMED_50_200,SHORT,2026-05-19T19:30,2111.46,2026-05-19T20:10,2117.44,8,0.67,2064.96,-5.84,-0.28,2059.11,Signal Flip
1860,5M_EMA_CONFIRMED_50_200,SHORT,2026-05-19T20:15,2114.35,2026-05-19T20:30,2116.67,3,0.25,2059.11,-2.26,-0.11,2056.86,Signal Flip
1861,5M_EMA_CONFIRMED_50_200,SHORT,2026-05-19T22:05,2111.03,2026-05-19T23:20,2114.09,15,1.25,2056.86,-2.97,-0.14,2053.89,Signal Flip
1862,5M_EMA_CONFIRMED_50_200,SHORT,2026-05-19T23:55,2111.98,2026-05-20T01:05,2113.12,14,1.17,2053.89,-1.1,-0.05,2052.78,Signal Flip
1863,5M_EMA_CONFIRMED_50_200,SHORT,2026-05-20T01:25,2110.59,2026-05-20T01:55,2115.56,6,0.5,2052.78,-4.83,-0.24,2047.96,Signal Flip
1864,5M_EMA_CONFIRMED_50_200,SHORT,2026-05-20T02:35,2108.95,2026-05-20T03:30,2116.36,11,0.92,2047.96,-7.2,-0.35,2040.76,Signal Flip
1865,5M_EMA_CONFIRMED_50_200,SHORT,2026-05-20T03:50,2109.95,2026-05-20T04:00,2112.66,2,0.17,2040.76,-2.61,-0.13,2038.15,Signal Flip
1866,5M_EMA_CONFIRMED_50_200,SHORT,2026-05-20T04:35,2110.74,2026-05-20T04:55,2113.92,4,0.33,2038.15,-3.06,-0.15,2035.08,Signal Flip
1867,5M_EMA_CONFIRMED_50_200,LONG,2026-05-20T05:40,2130.06,2026-05-20T11:05,2129.41,65,5.42,2035.08,-0.62,-0.03,2034.46,Signal Flip
1868,5M_EMA_CONFIRMED_50_200,LONG,2026-05-20T12:05,2131.97,2026-05-20T12:25,2128.35,4,0.33,2034.46,-3.45,-0.17,2031.01,Signal Flip
1869,5M_EMA_CONFIRMED_50_200,LONG,2026-05-20T12:30,2132.2,2026-05-20T13:20,2129.31,10,0.83,2031.01,-2.74,-0.14,2028.26,Signal Flip
1870,5M_EMA_CONFIRMED_50_200,LONG,2026-05-20T14:20,2134.76,2026-05-20T15:15,2128.61,11,0.92,2028.26,-5.84,-0.29,2022.42,Signal Flip
1871,5M_EMA_CONFIRMED_50_200,LONG,2026-05-20T15:20,2143.29,2026-05-20T16:25,2130.62,13,1.08,2022.42,-11.95,-0.59,2010.47,Signal Flip
1872,5M_EMA_CONFIRMED_50_200,LONG,2026-05-20T16:45,2136.6,2026-05-20T17:05,2131.78,4,0.33,2010.47,-4.53,-0.23,2005.94,Signal Flip
1873,5M_EMA_CONFIRMED_50_200,LONG,2026-05-20T17:10,2135.73,2026-05-20T18:25,2134.54,15,1.25,2005.94,-1.11,-0.06,2004.82,Signal Flip
1874,5M_EMA_CONFIRMED_50_200,LONG,2026-05-20T19:25,2137.51,2026-05-20T20:25,2134.06,12,1.0,2004.82,-3.23,-0.16,2001.59,Signal Flip
1875,5M_EMA_CONFIRMED_50_200,LONG,2026-05-20T21:05,2138.48,2026-05-20T21:20,2133.66,3,0.25,2001.59,-4.51,-0.23,1997.08,Signal Flip
1876,5M_EMA_CONFIRMED_50_200,SHORT,2026-05-20T23:20,2124.1,2026-05-21T00:05,2132.71,9,0.75,1997.08,-8.09,-0.41,1988.99,Signal Flip
1877,5M_EMA_CONFIRMED_50_200,LONG,2026-05-21T00:35,2137.34,2026-05-21T05:15,2141.26,56,4.67,1988.99,3.65,0.18,1992.64,Signal Flip
1878,5M_EMA_CONFIRMED_50_200,LONG,2026-05-21T05:20,2144.8,2026-05-21T05:30,2140.63,2,0.17,1992.64,-3.88,-0.19,1988.76,Signal Flip
1879,5M_EMA_CONFIRMED_50_200,SHORT,2026-05-21T07:55,2133.62,2026-05-21T08:05,2139.85,2,0.17,1988.76,-5.8,-0.29,1982.96,Signal Flip
1880,5M_EMA_CONFIRMED_50_200,LONG,2026-05-21T08:05,2139.85,2026-05-21T08:50,2135.23,9,0.75,1982.96,-4.28,-0.22,1978.68,Signal Flip
1881,5M_EMA_CONFIRMED_50_200,LONG,2026-05-21T09:00,2139.33,2026-05-21T09:35,2132.0,7,0.58,1978.68,-6.78,-0.34,1971.9,Signal Flip
1882,5M_EMA_CONFIRMED_50_200,SHORT,2026-05-21T10:00,2126.91,2026-05-21T13:55,2120.59,47,3.92,1971.9,5.86,0.3,1977.76,Signal Flip
1883,5M_EMA_CONFIRMED_50_200,SHORT,2026-05-21T14:20,2113.36,2026-05-21T14:30,2121.26,2,0.17,1977.76,-7.39,-0.37,1970.37,Signal Flip
1884,5M_EMA_CONFIRMED_50_200,SHORT,2026-05-21T14:45,2118.17,2026-05-21T14:55,2120.74,2,0.17,1970.37,-2.39,-0.12,1967.98,Signal Flip
1885,5M_EMA_CONFIRMED_50_200,SHORT,2026-05-21T16:40,2124.87,2026-05-21T16:55,2128.54,3,0.25,1967.98,-3.41,-0.17,1964.57,Signal Flip
1886,5M_EMA_CONFIRMED_50_200,LONG,2026-05-21T17:35,2148.8,2026-05-21T18:50,2131.2,15,1.25,1964.57,-16.09,-0.82,1948.48,Signal Flip
1887,5M_EMA_CONFIRMED_50_200,LONG,2026-05-21T19:20,2135.85,2026-05-21T19:25,2132.66,1,0.08,1948.48,-2.9,-0.15,1945.58,Signal Flip
1888,5M_EMA_CONFIRMED_50_200,LONG,2026-05-21T19:35,2136.49,2026-05-21T21:45,2135.81,26,2.17,1945.58,-0.62,-0.03,1944.96,Signal Flip
1889,5M_EMA_CONFIRMED_50_200,LONG,2026-05-21T23:40,2136.89,2026-05-22T00:00,2132.7,4,0.33,1944.96,-3.81,-0.2,1941.15,Signal Flip
1890,5M_EMA_CONFIRMED_50_200,LONG,2026-05-22T01:15,2134.46,2026-05-22T01:20,2131.93,1,0.08,1941.15,-2.29,-0.12,1938.86,Signal Flip
1891,5M_EMA_CONFIRMED_50_200,SHORT,2026-05-22T01:45,2130.59,2026-05-22T01:50,2136.39,1,0.08,1938.86,-5.27,-0.27,1933.59,Signal Flip
1892,5M_EMA_CONFIRMED_50_200,LONG,2026-05-22T01:50,2136.39,2026-05-22T04:40,2133.87,34,2.83,1933.59,-2.28,-0.12,1931.31,Signal Flip
1893,5M_EMA_CONFIRMED_50_200,SHORT,2026-05-22T06:25,2126.21,2026-05-22T07:30,2132.44,13,1.08,1931.31,-5.66,-0.29,1925.65,Signal Flip
1894,5M_EMA_CONFIRMED_50_200,SHORT,2026-05-22T07:35,2128.39,2026-05-22T08:20,2132.89,9,0.75,1925.65,-4.07,-0.21,1921.58,Signal Flip
1895,5M_EMA_CONFIRMED_50_200,SHORT,2026-05-22T08:35,2125.18,2026-05-22T11:35,2126.22,36,3.0,1921.58,-0.95,-0.05,1920.63,Signal Flip
1896,5M_EMA_CONFIRMED_50_200,SHORT,2026-05-22T13:35,2126.22,2026-05-22T13:40,2130.95,1,0.08,1920.63,-4.28,-0.22,1916.35,Signal Flip
1897,5M_EMA_CONFIRMED_50_200,SHORT,2026-05-22T13:45,2127.32,2026-05-22T13:55,2130.64,2,0.17,1916.35,-3.0,-0.16,1913.35,Signal Flip
1898,5M_EMA_CONFIRMED_50_200,SHORT,2026-05-22T14:05,2124.43,2026-05-22T16:55,2124.92,34,2.83,1913.35,-0.45,-0.02,1912.91,Signal Flip
1899,5M_EMA_CONFIRMED_50_200,SHORT,2026-05-22T17:20,2119.87,2026-05-22T17:30,2129.76,2,0.17,1912.91,-8.93,-0.47,1903.98,Signal Flip
1900,5M_EMA_CONFIRMED_50_200,SHORT,2026-05-22T17:50,2121.74,2026-05-23T03:05,2070.81,111,9.25,1903.98,45.7,2.4,1949.68,Signal Flip
1901,5M_EMA_CONFIRMED_50_200,SHORT,2026-05-23T04:20,2067.32,2026-05-23T13:05,2038.54,105,8.75,1949.68,27.14,1.39,1976.82,Signal Flip
1902,5M_EMA_CONFIRMED_50_200,LONG,2026-05-23T17:45,2063.48,2026-05-24T03:40,2118.51,119,9.92,1976.82,52.72,2.67,2029.53,Signal Flip
1903,5M_EMA_CONFIRMED_50_200,LONG,2026-05-24T04:05,2122.91,2026-05-24T05:00,2119.16,11,0.92,2029.53,-3.59,-0.18,2025.95,Signal Flip
1904,5M_EMA_CONFIRMED_50_200,LONG,2026-05-24T05:50,2120.47,2026-05-24T06:25,2117.65,7,0.58,2025.95,-2.69,-0.13,2023.26,Signal Flip
1905,5M_EMA_CONFIRMED_50_200,LONG,2026-05-24T06:45,2121.76,2026-05-24T07:50,2118.72,13,1.08,2023.26,-2.9,-0.14,2020.36,Signal Flip
1906,5M_EMA_CONFIRMED_50_200,LONG,2026-05-24T08:25,2123.78,2026-05-24T08:40,2119.84,3,0.25,2020.36,-3.75,-0.19,2016.61,Signal Flip
1907,5M_EMA_CONFIRMED_50_200,LONG,2026-05-24T09:10,2122.52,2026-05-24T09:35,2119.27,5,0.42,2016.61,-3.09,-0.15,2013.52,Signal Flip
1908,5M_EMA_CONFIRMED_50_200,LONG,2026-05-24T09:40,2122.91,2026-05-24T10:05,2119.8,5,0.42,2013.52,-2.95,-0.15,2010.57,Signal Flip
1909,5M_EMA_CONFIRMED_50_200,LONG,2026-05-24T10:30,2126.58,2026-05-24T10:45,2119.83,3,0.25,2010.57,-6.38,-0.32,2004.18,Signal Flip
1910,5M_EMA_CONFIRMED_50_200,LONG,2026-05-24T10:55,2123.05,2026-05-24T12:20,2119.36,17,1.42,2004.18,-3.48,-0.17,2000.7,Signal Flip
1911,5M_EMA_CONFIRMED_50_200,SHORT,2026-05-24T15:00,2096.93,2026-05-24T16:20,2106.69,16,1.33,2000.7,-9.31,-0.47,1991.38,Signal Flip
1912,5M_EMA_CONFIRMED_50_200,SHORT,2026-05-24T16:25,2101.73,2026-05-24T17:10,2106.21,9,0.75,1991.38,-4.25,-0.21,1987.13,Signal Flip
1913,5M_EMA_CONFIRMED_50_200,SHORT,2026-05-24T17:15,2102.37,2026-05-24T17:40,2106.8,5,0.42,1987.13,-4.19,-0.21,1982.94,Signal Flip
1914,5M_EMA_CONFIRMED_50_200,SHORT,2026-05-24T17:55,2102.75,2026-05-24T22:10,2097.43,51,4.25,1982.94,5.02,0.25,1987.96,Signal Flip
1915,5M_EMA_CONFIRMED_50_200,SHORT,2026-05-24T22:40,2089.93,2026-05-24T22:50,2094.76,2,0.17,1987.96,-4.59,-0.23,1983.37,Signal Flip
1916,5M_EMA_CONFIRMED_50_200,SHORT,2026-05-24T22:55,2090.51,2026-05-24T23:05,2095.45,2,0.17,1983.37,-4.68,-0.24,1978.69,Signal Flip
1917,5M_EMA_CONFIRMED_50_200,SHORT,2026-05-24T23:30,2092.02,2026-05-24T23:35,2098.58,1,0.08,1978.69,-6.2,-0.31,1972.49,Signal Flip
1918,5M_EMA_CONFIRMED_50_200,SHORT,2026-05-25T01:55,2098.82,2026-05-25T02:10,2110.53,3,0.25,1972.49,-11.01,-0.56,1961.48,Signal Flip
1919,5M_EMA_CONFIRMED_50_200,SHORT,2026-05-25T02:30,2099.21,2026-05-25T04:30,2099.62,24,2.0,1961.48,-0.38,-0.02,1961.1,Signal Flip
1920,5M_EMA_CONFIRMED_50_200,SHORT,2026-05-25T04:35,2097.07,2026-05-25T04:40,2099.82,1,0.08,1961.1,-2.57,-0.13,1958.53,Signal Flip
1921,5M_EMA_CONFIRMED_50_200,LONG,2026-05-25T05:40,2110.66,2026-05-25T06:15,2101.97,7,0.58,1958.53,-8.07,-0.41,1950.46,Signal Flip
1922,5M_EMA_CONFIRMED_50_200,LONG,2026-05-25T06:35,2106.81,2026-05-25T12:00,2113.89,65,5.42,1950.46,6.55,0.34,1957.02,Signal Flip
1923,5M_EMA_CONFIRMED_50_200,LONG,2026-05-25T12:20,2116.6,2026-05-25T13:15,2114.91,11,0.92,1957.02,-1.56,-0.08,1955.46,Signal Flip
1924,5M_EMA_CONFIRMED_50_200,LONG,2026-05-25T13:40,2117.73,2026-05-25T18:45,2127.32,61,5.08,1955.46,8.85,0.45,1964.31,Signal Flip
1925,5M_EMA_CONFIRMED_50_200,SHORT,2026-05-25T22:05,2108.37,2026-05-26T04:45,2095.98,80,6.67,1964.31,11.54,0.59,1975.85,Signal Flip
1926,5M_EMA_CONFIRMED_50_200,SHORT,2026-05-26T04:50,2093.44,2026-05-26T04:55,2095.96,1,0.08,1975.85,-2.37,-0.12,1973.48,Signal Flip
1927,5M_EMA_CONFIRMED_50_200,SHORT,2026-05-26T05:00,2092.63,2026-05-26T05:15,2096.21,3,0.25,1973.48,-3.37,-0.17,1970.11,Signal Flip
1928,5M_EMA_CONFIRMED_50_200,SHORT,2026-05-26T07:10,2095.51,2026-05-26T07:50,2099.52,8,0.67,1970.11,-3.77,-0.19,1966.34,Signal Flip
1929,5M_EMA_CONFIRMED_50_200,SHORT,2026-05-26T08:00,2094.56,2026-05-26T08:15,2099.67,3,0.25,1966.34,-4.79,-0.24,1961.54,Signal Flip
1930,5M_EMA_CONFIRMED_50_200,SHORT,2026-05-26T08:35,2095.87,2026-05-26T08:40,2101.18,1,0.08,1961.54,-4.97,-0.25,1956.58,Signal Flip
1931,5M_EMA_CONFIRMED_50_200,SHORT,2026-05-26T08:50,2096.27,2026-05-26T08:55,2099.92,1,0.08,1956.58,-3.4,-0.17,1953.17,Signal Flip
1932,5M_EMA_CONFIRMED_50_200,SHORT,2026-05-26T09:00,2096.21,2026-05-26T09:20,2098.89,4,0.33,1953.17,-2.49,-0.13,1950.68,Signal Flip
1933,5M_EMA_CONFIRMED_50_200,SHORT,2026-05-26T09:25,2093.84,2026-05-26T09:30,2098.9,1,0.08,1950.68,-4.71,-0.24,1945.97,Signal Flip
1934,5M_EMA_CONFIRMED_50_200,SHORT,2026-05-26T09:35,2095.88,2026-05-26T10:10,2098.38,7,0.58,1945.97,-2.32,-0.12,1943.65,Signal Flip
1935,5M_EMA_CONFIRMED_50_200,LONG,2026-05-26T10:50,2132.58,2026-05-26T12:10,2111.23,16,1.33,1943.65,-19.45,-1.0,1924.2,Signal Flip
1936,5M_EMA_CONFIRMED_50_200,LONG,2026-05-26T12:15,2118.8,2026-05-26T13:30,2114.78,15,1.25,1924.2,-3.65,-0.19,1920.55,Signal Flip
1937,5M_EMA_CONFIRMED_50_200,LONG,2026-05-26T13:45,2118.82,2026-05-26T14:40,2112.58,11,0.92,1920.55,-5.65,-0.29,1914.9,Signal Flip
1938,5M_EMA_CONFIRMED_50_200,SHORT,2026-05-26T16:10,2083.58,2026-05-26T21:00,2079.39,58,4.83,1914.9,3.85,0.2,1918.75,Signal Flip
1939,5M_EMA_CONFIRMED_50_200,SHORT,2026-05-26T21:05,2074.46,2026-05-26T21:40,2078.5,7,0.58,1918.75,-3.73,-0.19,1915.01,Signal Flip
1940,5M_EMA_CONFIRMED_50_200,SHORT,2026-05-26T21:55,2072.53,2026-05-26T23:35,2075.66,20,1.67,1915.01,-2.89,-0.15,1912.12,Signal Flip
1941,5M_EMA_CONFIRMED_50_200,SHORT,2026-05-26T23:55,2072.37,2026-05-27T00:05,2077.7,2,0.17,1912.12,-4.91,-0.26,1907.21,Signal Flip
1942,5M_EMA_CONFIRMED_50_200,SHORT,2026-05-27T01:25,2072.96,2026-05-27T01:50,2077.62,5,0.42,1907.21,-4.28,-0.22,1902.93,Signal Flip
1943,5M_EMA_CONFIRMED_50_200,SHORT,2026-05-27T02:00,2073.49,2026-05-27T03:00,2077.29,12,1.0,1902.93,-3.48,-0.18,1899.45,Signal Flip
1944,5M_EMA_CONFIRMED_50_200,SHORT,2026-05-27T03:40,2072.66,2026-05-27T04:55,2073.65,15,1.25,1899.45,-0.9,-0.05,1898.54,Signal Flip
1945,5M_EMA_CONFIRMED_50_200,LONG,2026-05-27T08:50,2091.23,2026-05-27T09:05,2078.98,3,0.25,1898.54,-11.12,-0.59,1887.43,Signal Flip
1946,5M_EMA_CONFIRMED_50_200,LONG,2026-05-27T09:10,2082.66,2026-05-27T09:15,2079.68,1,0.08,1887.43,-2.7,-0.14,1884.73,Signal Flip
1947,5M_EMA_CONFIRMED_50_200,LONG,2026-05-27T09:25,2084.39,2026-05-27T09:30,2080.32,1,0.08,1884.73,-3.68,-0.2,1881.04,Signal Flip
1948,5M_EMA_CONFIRMED_50_200,LONG,2026-05-27T09:35,2084.07,2026-05-27T10:35,2081.54,12,1.0,1881.04,-2.29,-0.12,1878.76,Signal Flip
1949,5M_EMA_CONFIRMED_50_200,LONG,2026-05-27T11:05,2083.92,2026-05-27T11:10,2080.03,1,0.08,1878.76,-3.51,-0.19,1875.25,Signal Flip
1950,5M_EMA_CONFIRMED_50_200,LONG,2026-05-27T11:20,2084.03,2026-05-27T11:35,2079.76,3,0.25,1875.25,-3.84,-0.2,1871.4,Signal Flip
1951,5M_EMA_CONFIRMED_50_200,LONG,2026-05-27T11:40,2085.13,2026-05-27T11:45,2081.3,1,0.08,1871.4,-3.44,-0.18,1867.96,Signal Flip
1952,5M_EMA_CONFIRMED_50_200,LONG,2026-05-27T12:20,2085.97,2026-05-27T12:55,2080.65,7,0.58,1867.96,-4.77,-0.26,1863.2,Signal Flip
1953,5M_EMA_CONFIRMED_50_200,SHORT,2026-05-27T13:20,2073.63,2026-05-27T15:25,2075.12,25,2.08,1863.2,-1.33,-0.07,1861.86,Signal Flip
1954,5M_EMA_CONFIRMED_50_200,SHORT,2026-05-27T15:45,2069.17,2026-05-27T15:50,2075.85,1,0.08,1861.86,-6.0,-0.32,1855.86,Signal Flip
1955,5M_EMA_CONFIRMED_50_200,SHORT,2026-05-27T15:55,2068.54,2026-05-27T16:00,2072.43,1,0.08,1855.86,-3.49,-0.19,1852.37,Signal Flip
1956,5M_EMA_CONFIRMED_50_200,SHORT,2026-05-27T16:05,2068.22,2026-05-27T16:15,2072.06,2,0.17,1852.37,-3.44,-0.19,1848.93,Signal Flip
1957,5M_EMA_CONFIRMED_50_200,SHORT,2026-05-27T16:20,2062.8,2026-05-27T16:55,2070.66,7,0.58,1848.93,-7.05,-0.38,1841.88,Signal Flip
1958,5M_EMA_CONFIRMED_50_200,SHORT,2026-05-27T17:05,2067.33,2026-05-27T19:40,2060.92,31,2.58,1841.88,5.71,0.31,1847.59,Signal Flip
1959,5M_EMA_CONFIRMED_50_200,SHORT,2026-05-27T19:45,2055.97,2026-05-27T20:10,2063.54,5,0.42,1847.59,-6.8,-0.37,1840.78,Signal Flip
1960,5M_EMA_CONFIRMED_50_200,SHORT,2026-05-27T20:35,2058.0,2026-05-27T20:40,2061.43,1,0.08,1840.78,-3.07,-0.17,1837.72,Signal Flip
1961,5M_EMA_CONFIRMED_50_200,SHORT,2026-05-27T21:05,2058.33,2026-05-28T07:20,1989.72,123,10.25,1837.72,61.25,3.33,1898.97,Signal Flip
1962,5M_EMA_CONFIRMED_50_200,SHORT,2026-05-28T08:25,1987.7,2026-05-28T08:40,1991.37,3,0.25,1898.97,-3.51,-0.18,1895.46,Signal Flip
1963,5M_EMA_CONFIRMED_50_200,SHORT,2026-05-28T08:45,1988.26,2026-05-28T08:50,1991.18,1,0.08,1895.46,-2.78,-0.15,1892.68,Signal Flip
1964,5M_EMA_CONFIRMED_50_200,SHORT,2026-05-28T09:00,1987.28,2026-05-28T09:05,1991.01,1,0.08,1892.68,-3.55,-0.19,1889.13,Signal Flip
1965,5M_EMA_CONFIRMED_50_200,SHORT,2026-05-28T09:10,1986.05,2026-05-28T09:20,1991.29,2,0.17,1889.13,-4.98,-0.26,1884.14,Signal Flip
1966,5M_EMA_CONFIRMED_50_200,SHORT,2026-05-28T11:00,1989.32,2026-05-28T11:45,1991.89,9,0.75,1884.14,-2.43,-0.13,1881.72,Signal Flip
1967,5M_EMA_CONFIRMED_50_200,SHORT,2026-05-28T11:50,1988.45,2026-05-28T12:40,1993.09,10,0.83,1881.72,-4.39,-0.23,1877.33,Signal Flip
1968,5M_EMA_CONFIRMED_50_200,SHORT,2026-05-28T13:10,1986.36,2026-05-28T14:15,1994.71,13,1.08,1877.33,-7.89,-0.42,1869.44,Signal Flip
1969,5M_EMA_CONFIRMED_50_200,SHORT,2026-05-28T14:35,1985.88,2026-05-28T14:55,1991.08,4,0.33,1869.44,-4.89,-0.26,1864.54,Signal Flip
1970,5M_EMA_CONFIRMED_50_200,SHORT,2026-05-28T15:20,1984.96,2026-05-28T15:25,1991.33,1,0.08,1864.54,-5.98,-0.32,1858.56,Signal Flip
1971,5M_EMA_CONFIRMED_50_200,SHORT,2026-05-28T16:05,1984.7,2026-05-28T16:10,1992.35,1,0.08,1858.56,-7.16,-0.39,1851.4,Signal Flip
1972,5M_EMA_CONFIRMED_50_200,LONG,2026-05-28T17:55,2022.42,2026-05-28T20:05,2009.78,26,2.17,1851.4,-11.57,-0.62,1839.83,Signal Flip
1973,5M_EMA_CONFIRMED_50_200,LONG,2026-05-28T20:20,2018.64,2026-05-28T21:00,2013.11,8,0.67,1839.83,-5.04,-0.27,1834.79,Signal Flip
1974,5M_EMA_CONFIRMED_50_200,LONG,2026-05-28T21:10,2019.56,2026-05-28T22:10,2016.37,12,1.0,1834.79,-2.9,-0.16,1831.9,Signal Flip
1975,5M_EMA_CONFIRMED_50_200,LONG,2026-05-29T00:10,2015.19,2026-05-29T00:55,2011.18,9,0.75,1831.9,-3.64,-0.2,1828.26,Signal Flip
1976,5M_EMA_CONFIRMED_50_200,LONG,2026-05-29T01:05,2015.37,2026-05-29T01:20,2011.1,3,0.25,1828.26,-3.87,-0.21,1824.39,Signal Flip
1977,5M_EMA_CONFIRMED_50_200,SHORT,2026-05-29T02:55,1997.43,2026-05-29T04:35,2007.24,20,1.67,1824.39,-8.96,-0.49,1815.43,Signal Flip
1978,5M_EMA_CONFIRMED_50_200,LONG,2026-05-29T06:10,2014.75,2026-05-29T07:35,2009.0,17,1.42,1815.43,-5.18,-0.29,1810.25,Signal Flip
1979,5M_EMA_CONFIRMED_50_200,LONG,2026-05-29T08:25,2013.07,2026-05-29T08:30,2009.0,1,0.08,1810.25,-3.66,-0.2,1806.58,Signal Flip
1980,5M_EMA_CONFIRMED_50_200,LONG,2026-05-29T09:15,2014.3,2026-05-29T10:35,2009.66,16,1.33,1806.58,-4.15,-0.23,1802.43,Signal Flip
1981,5M_EMA_CONFIRMED_50_200,LONG,2026-05-29T10:40,2013.62,2026-05-29T10:45,2009.98,1,0.08,1802.43,-3.25,-0.18,1799.18,Signal Flip
1982,5M_EMA_CONFIRMED_50_200,LONG,2026-05-29T10:50,2013.32,2026-05-29T11:00,2010.1,2,0.17,1799.18,-2.87,-0.16,1796.31,Signal Flip
1983,5M_EMA_CONFIRMED_50_200,LONG,2026-05-29T11:15,2013.02,2026-05-29T11:30,2009.18,3,0.25,1796.31,-3.42,-0.19,1792.89,Signal Flip
1984,5M_EMA_CONFIRMED_50_200,SHORT,2026-05-29T12:15,2000.71,2026-05-29T15:00,2002.85,33,2.75,1792.89,-1.92,-0.11,1790.97,Signal Flip
1985,5M_EMA_CONFIRMED_50_200,LONG,2026-05-29T15:50,2035.18,2026-05-29T18:20,2024.69,30,2.5,1790.97,-9.23,-0.52,1781.74,Signal Flip
1986,5M_EMA_CONFIRMED_50_200,LONG,2026-05-29T20:25,2024.85,2026-05-29T20:30,2020.0,1,0.08,1781.74,-4.27,-0.24,1777.47,Signal Flip
1987,5M_EMA_CONFIRMED_50_200,LONG,2026-05-29T20:35,2022.95,2026-05-29T20:40,2019.5,1,0.08,1777.47,-3.03,-0.17,1774.44,Signal Flip
1988,5M_EMA_CONFIRMED_50_200,LONG,2026-05-29T21:15,2022.71,2026-05-29T21:20,2018.6,1,0.08,1774.44,-3.61,-0.2,1770.83,Signal Flip
1989,5M_EMA_CONFIRMED_50_200,SHORT,2026-05-29T23:30,2008.12,2026-05-29T23:55,2015.62,5,0.42,1770.83,-6.62,-0.37,1764.22,Signal Flip
1990,5M_EMA_CONFIRMED_50_200,SHORT,2026-05-30T00:05,2011.82,2026-05-30T00:10,2016.94,1,0.08,1764.22,-4.48,-0.25,1759.73,Signal Flip
1991,5M_EMA_CONFIRMED_50_200,SHORT,2026-05-30T00:15,2013.18,2026-05-30T00:20,2015.49,1,0.08,1759.73,-2.01,-0.11,1757.72,Signal Flip
1992,5M_EMA_CONFIRMED_50_200,SHORT,2026-05-30T00:30,2011.78,2026-05-30T00:40,2015.87,2,0.17,1757.72,-3.57,-0.2,1754.15,Signal Flip
1993,5M_EMA_CONFIRMED_50_200,SHORT,2026-05-30T00:45,2012.82,2026-05-30T00:50,2016.58,1,0.08,1754.15,-3.27,-0.19,1750.88,Signal Flip
1994,5M_EMA_CONFIRMED_50_200,LONG,2026-05-30T01:30,2021.35,2026-05-30T03:35,2016.21,25,2.08,1750.88,-4.45,-0.25,1746.43,Signal Flip
1995,5M_EMA_CONFIRMED_50_200,SHORT,2026-05-30T04:45,2006.3,2026-05-30T05:15,2015.77,6,0.5,1746.43,-8.24,-0.47,1738.18,Signal Flip
1996,5M_EMA_CONFIRMED_50_200,SHORT,2026-05-30T05:30,2012.38,2026-05-30T05:40,2016.63,2,0.17,1738.18,-3.67,-0.21,1734.52,Signal Flip
1997,5M_EMA_CONFIRMED_50_200,SHORT,2026-05-30T06:05,2013.4,2026-05-30T06:25,2016.92,4,0.33,1734.52,-3.03,-0.17,1731.49,Signal Flip
1998,5M_EMA_CONFIRMED_50_200,LONG,2026-05-30T06:55,2018.74,2026-05-30T07:05,2014.05,2,0.17,1731.49,-4.02,-0.23,1727.47,Signal Flip
1999,5M_EMA_CONFIRMED_50_200,LONG,2026-05-30T07:15,2016.94,2026-05-30T07:40,2013.26,5,0.42,1727.47,-3.15,-0.18,1724.32,Signal Flip
2000,5M_EMA_CONFIRMED_50_200,LONG,2026-05-30T07:50,2016.68,2026-05-30T07:55,2014.34,1,0.08,1724.32,-2.0,-0.12,1722.32,Signal Flip
2001,5M_EMA_CONFIRMED_50_200,LONG,2026-05-30T08:00,2017.33,2026-05-30T08:05,2014.22,1,0.08,1722.32,-2.65,-0.15,1719.67,Signal Flip
2002,5M_EMA_CONFIRMED_50_200,SHORT,2026-05-30T08:20,2012.91,2026-05-30T08:25,2016.86,1,0.08,1719.67,-3.37,-0.2,1716.3,Signal Flip
2003,5M_EMA_CONFIRMED_50_200,SHORT,2026-05-30T08:30,2014.15,2026-05-30T09:10,2016.62,8,0.67,1716.3,-2.1,-0.12,1714.2,Signal Flip
2004,5M_EMA_CONFIRMED_50_200,SHORT,2026-05-30T09:20,2014.21,2026-05-30T09:30,2017.26,2,0.17,1714.2,-2.59,-0.15,1711.61,Signal Flip
2005,5M_EMA_CONFIRMED_50_200,LONG,2026-05-30T09:55,2018.1,2026-05-30T11:10,2015.68,15,1.25,1711.61,-2.05,-0.12,1709.56,Signal Flip
2006,5M_EMA_CONFIRMED_50_200,LONG,2026-05-30T11:35,2018.11,2026-05-30T13:40,2017.01,25,2.08,1709.56,-0.93,-0.05,1708.63,Signal Flip
2007,5M_EMA_CONFIRMED_50_200,LONG,2026-05-30T13:45,2020.83,2026-05-30T17:35,2020.58,46,3.83,1708.63,-0.21,-0.01,1708.42,Signal Flip
2008,5M_EMA_CONFIRMED_50_200,LONG,2026-05-30T17:50,2027.66,2026-05-30T18:30,2023.86,8,0.67,1708.42,-3.21,-0.19,1705.21,Signal Flip
2009,5M_EMA_CONFIRMED_50_200,LONG,2026-05-30T18:35,2027.78,2026-05-30T19:30,2024.3,11,0.92,1705.21,-2.93,-0.17,1702.28,Signal Flip
2010,5M_EMA_CONFIRMED_50_200,LONG,2026-05-30T19:40,2028.47,2026-05-30T20:40,2025.58,12,1.0,1702.28,-2.43,-0.14,1699.85,Signal Flip
2011,5M_EMA_CONFIRMED_50_200,LONG,2026-05-30T21:00,2028.06,2026-05-30T22:05,2022.7,13,1.08,1699.85,-4.5,-0.26,1695.35,Signal Flip
2012,5M_EMA_CONFIRMED_50_200,LONG,2026-05-30T23:05,2027.11,2026-05-30T23:10,2023.19,1,0.08,1695.35,-3.28,-0.19,1692.07,Signal Flip
2013,5M_EMA_CONFIRMED_50_200,LONG,2026-05-31T00:25,2026.77,2026-05-31T00:50,2023.3,5,0.42,1692.07,-2.9,-0.17,1689.17,Signal Flip
2014,5M_EMA_CONFIRMED_50_200,LONG,2026-05-31T00:55,2028.19,2026-05-31T05:25,2030.38,54,4.5,1689.17,1.82,0.11,1690.99,Signal Flip
2015,5M_EMA_CONFIRMED_50_200,LONG,2026-05-31T05:30,2033.21,2026-05-31T05:40,2029.87,2,0.17,1690.99,-2.77,-0.16,1688.22,Signal Flip
2016,5M_EMA_CONFIRMED_50_200,LONG,2026-05-31T09:00,2028.65,2026-05-31T09:05,2024.01,1,0.08,1688.22,-3.87,-0.23,1684.35,Signal Flip
2017,5M_EMA_CONFIRMED_50_200,LONG,2026-05-31T09:20,2028.54,2026-05-31T09:25,2025.86,1,0.08,1684.35,-2.23,-0.13,1682.12,Signal Flip
2018,5M_EMA_CONFIRMED_50_200,LONG,2026-05-31T09:35,2028.47,2026-05-31T09:40,2025.8,1,0.08,1682.12,-2.22,-0.13,1679.9,Signal Flip
2019,5M_EMA_CONFIRMED_50_200,LONG,2026-05-31T09:50,2028.87,2026-05-31T09:55,2024.62,1,0.08,1679.9,-3.52,-0.21,1676.38,Signal Flip
2020,5M_EMA_CONFIRMED_50_200,SHORT,2026-05-31T10:00,2020.12,2026-05-31T12:20,2025.76,28,2.33,1676.38,-4.68,-0.28,1671.7,Signal Flip
2021,5M_EMA_CONFIRMED_50_200,SHORT,2026-05-31T12:35,2021.9,2026-05-31T12:40,2025.0,1,0.08,1671.7,-2.57,-0.15,1669.13,Signal Flip
2022,5M_EMA_CONFIRMED_50_200,SHORT,2026-05-31T12:55,2020.97,2026-05-31T13:10,2025.18,3,0.25,1669.13,-3.48,-0.21,1665.65,Signal Flip
2023,5M_EMA_CONFIRMED_50_200,SHORT,2026-05-31T13:40,2022.3,2026-05-31T20:10,2004.19,78,6.5,1665.65,14.91,0.9,1680.56,Signal Flip
2024,5M_EMA_CONFIRMED_50_200,SHORT,2026-05-31T20:15,2000.5,2026-05-31T20:20,2004.61,1,0.08,1680.56,-3.45,-0.21,1677.11,Signal Flip
2025,5M_EMA_CONFIRMED_50_200,SHORT,2026-05-31T20:30,2001.92,2026-05-31T20:35,2004.68,1,0.08,1677.11,-2.31,-0.14,1674.79,Signal Flip
2026,5M_EMA_CONFIRMED_50_200,SHORT,2026-05-31T23:35,2004.46,2026-06-01T00:05,2015.02,6,0.5,1674.79,-8.82,-0.53,1665.97,Signal Flip
2027,5M_EMA_CONFIRMED_50_200,SHORT,2026-06-01T01:10,2005.48,2026-06-01T02:45,2013.55,19,1.58,1665.97,-6.7,-0.4,1659.27,Signal Flip
2028,5M_EMA_CONFIRMED_50_200,SHORT,2026-06-01T03:55,2008.08,2026-06-01T09:20,1989.14,65,5.42,1659.27,15.64,0.94,1674.91,Signal Flip
2029,5M_EMA_CONFIRMED_50_200,SHORT,2026-06-01T09:30,1985.99,2026-06-01T09:35,1988.43,1,0.08,1674.91,-2.06,-0.12,1672.85,Signal Flip
2030,5M_EMA_CONFIRMED_50_200,SHORT,2026-06-01T10:05,1985.45,2026-06-01T11:45,1986.89,20,1.67,1672.85,-1.22,-0.07,1671.63,Signal Flip
2031,5M_EMA_CONFIRMED_50_200,SHORT,2026-06-01T11:50,1983.1,2026-06-01T12:25,1985.72,7,0.58,1671.63,-2.21,-0.13,1669.42,Signal Flip
2032,5M_EMA_CONFIRMED_50_200,SHORT,2026-06-01T13:05,1982.64,2026-06-01T15:35,1976.87,30,2.5,1669.42,4.86,0.29,1674.27,Signal Flip
2033,5M_EMA_CONFIRMED_50_200,SHORT,2026-06-01T15:40,1973.62,2026-06-01T16:50,1974.82,14,1.17,1674.27,-1.01,-0.06,1673.26,Signal Flip
2034,5M_EMA_CONFIRMED_50_200,LONG,2026-06-01T19:40,2009.29,2026-06-01T21:10,1994.79,18,1.5,1673.26,-12.08,-0.72,1661.18,Signal Flip
2035,5M_EMA_CONFIRMED_50_200,LONG,2026-06-01T21:15,2000.65,2026-06-01T21:20,1992.98,1,0.08,1661.18,-6.37,-0.38,1654.82,Signal Flip
2036,5M_EMA_CONFIRMED_50_200,LONG,2026-06-01T21:25,1997.92,2026-06-01T21:30,1994.2,1,0.08,1654.82,-3.08,-0.19,1651.74,Signal Flip
2037,5M_EMA_CONFIRMED_50_200,LONG,2026-06-01T21:50,1998.53,2026-06-01T21:55,1994.38,1,0.08,1651.74,-3.43,-0.21,1648.31,Signal Flip
2038,5M_EMA_CONFIRMED_50_200,LONG,2026-06-01T22:30,2000.8,2026-06-01T22:40,1992.49,2,0.17,1648.31,-6.84,-0.42,1641.47,Signal Flip
2039,5M_EMA_CONFIRMED_50_200,LONG,2026-06-01T22:45,1996.85,2026-06-02T00:25,1998.74,20,1.67,1641.47,1.56,0.09,1643.03,Signal Flip
2040,5M_EMA_CONFIRMED_50_200,LONG,2026-06-02T00:30,2001.8,2026-06-02T00:40,1996.49,2,0.17,1643.03,-4.36,-0.27,1638.67,Signal Flip
2041,5M_EMA_CONFIRMED_50_200,SHORT,2026-06-02T02:20,1970.34,2026-06-02T03:00,1998.08,8,0.67,1638.67,-23.07,-1.41,1615.6,Signal Flip
2042,5M_EMA_CONFIRMED_50_200,LONG,2026-06-02T03:20,1999.37,2026-06-02T05:00,1995.86,20,1.67,1615.6,-2.83,-0.18,1612.77,Signal Flip
2043,5M_EMA_CONFIRMED_50_200,LONG,2026-06-02T05:15,2001.11,2026-06-02T05:25,1996.23,2,0.17,1612.77,-3.93,-0.24,1608.84,Signal Flip
2044,5M_EMA_CONFIRMED_50_200,SHORT,2026-06-02T06:25,1979.45,2026-06-02T08:35,1988.14,26,2.17,1608.84,-7.07,-0.44,1601.77,Signal Flip
2045,5M_EMA_CONFIRMED_50_200,SHORT,2026-06-02T08:40,1982.27,2026-06-02T10:55,1982.59,27,2.25,1601.77,-0.26,-0.02,1601.51,Signal Flip
2046,5M_EMA_CONFIRMED_50_200,SHORT,2026-06-02T11:20,1976.93,2026-06-02T11:25,1981.23,1,0.08,1601.51,-3.48,-0.22,1598.03,Signal Flip
2047,5M_EMA_CONFIRMED_50_200,SHORT,2026-06-02T11:30,1976.63,2026-06-02T11:50,1981.05,4,0.33,1598.03,-3.57,-0.22,1594.45,Signal Flip
2048,5M_EMA_CONFIRMED_50_200,SHORT,2026-06-02T12:00,1977.54,2026-06-02T12:05,1981.3,1,0.08,1594.45,-3.03,-0.19,1591.42,Signal Flip
2049,5M_EMA_CONFIRMED_50_200,SHORT,2026-06-02T12:10,1978.74,2026-06-02T12:25,1983.19,3,0.25,1591.42,-3.58,-0.22,1587.84,Signal Flip
2050,5M_EMA_CONFIRMED_50_200,SHORT,2026-06-02T12:35,1975.46,2026-06-02T13:25,1979.68,10,0.83,1587.84,-3.39,-0.21,1584.45,Signal Flip
2051,5M_EMA_CONFIRMED_50_200,SHORT,2026-06-02T13:40,1973.52,2026-06-03T05:05,1865.12,185,15.42,1584.45,87.03,5.49,1671.48,Signal Flip
2052,5M_EMA_CONFIRMED_50_200,SHORT,2026-06-03T09:40,1872.97,2026-06-03T09:50,1878.25,2,0.17,1671.48,-4.71,-0.28,1666.78,Signal Flip
2053,5M_EMA_CONFIRMED_50_200,SHORT,2026-06-03T11:50,1876.63,2026-06-03T13:20,1878.74,18,1.5,1666.78,-1.87,-0.11,1664.9,Signal Flip
2054,5M_EMA_CONFIRMED_50_200,SHORT,2026-06-03T13:25,1872.44,2026-06-03T21:35,1816.04,98,8.17,1664.9,50.15,3.01,1715.06,Signal Flip
2055,5M_EMA_CONFIRMED_50_200,SHORT,2026-06-03T23:05,1821.22,2026-06-03T23:15,1824.47,2,0.17,1715.06,-3.06,-0.18,1711.99,Signal Flip
2056,5M_EMA_CONFIRMED_50_200,SHORT,2026-06-03T23:20,1819.58,2026-06-04T03:05,1786.86,45,3.75,1711.99,30.78,1.8,1742.78,Signal Flip
2057,5M_EMA_CONFIRMED_50_200,SHORT,2026-06-04T05:05,1794.35,2026-06-04T06:20,1798.47,15,1.25,1742.78,-4.0,-0.23,1738.78,Signal Flip
2058,5M_EMA_CONFIRMED_50_200,SHORT,2026-06-04T06:35,1791.24,2026-06-04T06:40,1800.35,1,0.08,1738.78,-8.84,-0.51,1729.94,Signal Flip
2059,5M_EMA_CONFIRMED_50_200,SHORT,2026-06-04T06:50,1791.86,2026-06-04T12:25,1766.97,67,5.58,1729.94,24.03,1.39,1753.97,Signal Flip
2060,5M_EMA_CONFIRMED_50_200,SHORT,2026-06-04T13:25,1758.63,2026-06-04T13:30,1764.02,1,0.08,1753.97,-5.38,-0.31,1748.59,Signal Flip
2061,5M_EMA_CONFIRMED_50_200,SHORT,2026-06-04T14:50,1769.24,2026-06-04T14:55,1772.39,1,0.08,1748.59,-3.1,-0.18,1745.49,Signal Flip
2062,5M_EMA_CONFIRMED_50_200,SHORT,2026-06-04T15:50,1772.79,2026-06-04T16:00,1777.92,2,0.17,1745.49,-5.05,-0.29,1740.44,Signal Flip
2063,5M_EMA_CONFIRMED_50_200,SHORT,2026-06-04T16:05,1771.72,2026-06-04T16:25,1776.51,4,0.33,1740.44,-4.7,-0.27,1735.74,Signal Flip
2064,5M_EMA_CONFIRMED_50_200,SHORT,2026-06-04T16:30,1769.22,2026-06-04T16:40,1776.68,2,0.17,1735.74,-7.31,-0.42,1728.43,Signal Flip
2065,5M_EMA_CONFIRMED_50_200,SHORT,2026-06-04T16:55,1772.66,2026-06-04T17:55,1773.29,12,1.0,1728.43,-0.61,-0.04,1727.82,Signal Flip
2066,5M_EMA_CONFIRMED_50_200,SHORT,2026-06-04T18:00,1767.18,2026-06-04T18:25,1773.56,5,0.42,1727.82,-6.24,-0.36,1721.58,Signal Flip
2067,5M_EMA_CONFIRMED_50_200,SHORT,2026-06-04T20:05,1769.71,2026-06-04T20:35,1775.62,6,0.5,1721.58,-5.74,-0.33,1715.84,Signal Flip
2068,5M_EMA_CONFIRMED_50_200,SHORT,2026-06-04T20:40,1769.84,2026-06-04T21:00,1775.76,4,0.33,1715.84,-5.73,-0.33,1710.11,Signal Flip
2069,5M_EMA_CONFIRMED_50_200,SHORT,2026-06-04T21:25,1771.57,2026-06-04T23:00,1769.62,19,1.58,1710.11,1.88,0.11,1711.99,Signal Flip
2070,5M_EMA_CONFIRMED_50_200,SHORT,2026-06-04T23:20,1757.42,2026-06-04T23:40,1768.79,4,0.33,1711.99,-11.08,-0.65,1700.91,Signal Flip
2071,5M_EMA_CONFIRMED_50_200,SHORT,2026-06-05T00:05,1764.34,2026-06-05T00:10,1768.86,1,0.08,1700.91,-4.36,-0.26,1696.55,Signal Flip
2072,5M_EMA_CONFIRMED_50_200,SHORT,2026-06-05T00:15,1763.1,2026-06-05T00:25,1770.55,2,0.17,1696.55,-7.18,-0.42,1689.37,Signal Flip
2073,5M_EMA_CONFIRMED_50_200,SHORT,2026-06-05T00:55,1762.25,2026-06-05T05:00,1745.51,49,4.08,1689.37,16.04,0.95,1705.42,Signal Flip
2074,5M_EMA_CONFIRMED_50_200,SHORT,2026-06-05T05:05,1737.39,2026-06-05T09:15,1687.94,50,4.17,1705.42,48.54,2.85,1753.96,Signal Flip
2075,5M_EMA_CONFIRMED_50_200,SHORT,2026-06-05T09:40,1678.11,2026-06-05T09:55,1681.95,3,0.25,1753.96,-4.01,-0.23,1749.94,Signal Flip
2076,5M_EMA_CONFIRMED_50_200,SHORT,2026-06-05T10:10,1672.91,2026-06-05T10:35,1680.31,5,0.42,1749.94,-7.74,-0.44,1742.2,Signal Flip
2077,5M_EMA_CONFIRMED_50_200,SHORT,2026-06-05T10:40,1672.7,2026-06-05T10:45,1680.91,1,0.08,1742.2,-8.55,-0.49,1733.66,Signal Flip
2078,5M_EMA_CONFIRMED_50_200,SHORT,2026-06-05T10:50,1676.18,2026-06-05T11:30,1678.74,8,0.67,1733.66,-2.65,-0.15,1731.01,Signal Flip
2079,5M_EMA_CONFIRMED_50_200,SHORT,2026-06-05T11:35,1672.83,2026-06-05T13:35,1673.73,24,2.0,1731.01,-0.92,-0.05,1730.09,Signal Flip
2080,5M_EMA_CONFIRMED_50_200,SHORT,2026-06-05T13:40,1660.19,2026-06-05T17:05,1611.21,41,3.42,1730.09,51.05,2.95,1781.13,Signal Flip
2081,5M_EMA_CONFIRMED_50_200,SHORT,2026-06-05T17:10,1608.09,2026-06-05T20:10,1587.43,36,3.0,1781.13,22.87,1.28,1804.01,Signal Flip
2082,5M_EMA_CONFIRMED_50_200,SHORT,2026-06-05T22:15,1593.31,2026-06-05T22:20,1603.41,1,0.08,1804.01,-11.43,-0.63,1792.57,Signal Flip
2083,5M_EMA_CONFIRMED_50_200,SHORT,2026-06-05T22:30,1593.88,2026-06-05T22:35,1597.02,1,0.08,1792.57,-3.53,-0.2,1789.05,Signal Flip
2084,5M_EMA_CONFIRMED_50_200,SHORT,2026-06-05T23:10,1593.9,2026-06-06T00:05,1599.22,11,0.92,1789.05,-5.97,-0.33,1783.08,Signal Flip
2085,5M_EMA_CONFIRMED_50_200,SHORT,2026-06-06T00:25,1589.86,2026-06-06T00:30,1596.55,1,0.08,1783.08,-7.5,-0.42,1775.59,Signal Flip
2086,5M_EMA_CONFIRMED_50_200,SHORT,2026-06-06T01:15,1584.6,2026-06-06T01:30,1593.57,3,0.25,1775.59,-10.05,-0.57,1765.54,Signal Flip
2087,5M_EMA_CONFIRMED_50_200,SHORT,2026-06-06T01:35,1590.0,2026-06-06T05:25,1557.53,46,3.83,1765.54,36.06,2.04,1801.6,Signal Flip
2088,5M_EMA_CONFIRMED_50_200,SHORT,2026-06-06T05:30,1548.82,2026-06-06T05:40,1556.97,2,0.17,1801.6,-9.48,-0.53,1792.11,Signal Flip
2089,5M_EMA_CONFIRMED_50_200,SHORT,2026-06-06T07:00,1559.32,2026-06-06T07:10,1573.05,2,0.17,1792.11,-15.78,-0.88,1776.34,Signal Flip
2090,5M_EMA_CONFIRMED_50_200,SHORT,2026-06-06T09:50,1567.35,2026-06-06T11:30,1564.99,20,1.67,1776.34,2.67,0.15,1779.01,Signal Flip
2091,5M_EMA_CONFIRMED_50_200,SHORT,2026-06-06T11:40,1561.82,2026-06-06T12:10,1565.27,6,0.5,1779.01,-3.93,-0.22,1775.07,Signal Flip
2092,5M_EMA_CONFIRMED_50_200,SHORT,2026-06-06T12:20,1560.22,2026-06-06T12:45,1562.98,5,0.42,1775.07,-3.14,-0.18,1771.93,Signal Flip
2093,5M_EMA_CONFIRMED_50_200,SHORT,2026-06-06T13:30,1561.0,2026-06-06T13:45,1564.61,3,0.25,1771.93,-4.1,-0.23,1767.83,Signal Flip
2094,5M_EMA_CONFIRMED_50_200,SHORT,2026-06-06T13:50,1558.28,2026-06-06T14:20,1565.26,6,0.5,1767.83,-7.92,-0.45,1759.91,Signal Flip
2095,5M_EMA_CONFIRMED_50_200,SHORT,2026-06-06T14:30,1560.25,2026-06-06T14:40,1563.66,2,0.17,1759.91,-3.85,-0.22,1756.06,Signal Flip
2096,5M_EMA_CONFIRMED_50_200,SHORT,2026-06-06T15:00,1556.93,2026-06-06T15:40,1562.36,8,0.67,1756.06,-6.12,-0.35,1749.94,Signal Flip
2097,5M_EMA_CONFIRMED_50_200,SHORT,2026-06-06T15:50,1560.05,2026-06-06T16:05,1564.94,3,0.25,1749.94,-5.49,-0.31,1744.45,Signal Flip
2098,5M_EMA_CONFIRMED_50_200,SHORT,2026-06-06T16:15,1559.95,2026-06-06T16:45,1562.58,6,0.5,1744.45,-2.94,-0.17,1741.51,Signal Flip
2099,5M_EMA_CONFIRMED_50_200,SHORT,2026-06-06T17:10,1559.07,2026-06-06T17:15,1563.14,1,0.08,1741.51,-4.55,-0.26,1736.96,Signal Flip
2100,5M_EMA_CONFIRMED_50_200,SHORT,2026-06-06T17:20,1560.0,2026-06-06T17:35,1565.07,3,0.25,1736.96,-5.65,-0.33,1731.31,Signal Flip
2101,5M_EMA_CONFIRMED_50_200,SHORT,2026-06-06T17:40,1554.72,2026-06-06T18:30,1564.59,10,0.83,1731.31,-10.99,-0.63,1720.32,Signal Flip
2102,5M_EMA_CONFIRMED_50_200,SHORT,2026-06-06T18:35,1557.3,2026-06-06T18:40,1560.62,1,0.08,1720.32,-3.67,-0.21,1716.65,Signal Flip
2103,5M_EMA_CONFIRMED_50_200,SHORT,2026-06-06T18:45,1556.68,2026-06-06T19:10,1563.57,5,0.42,1716.65,-7.6,-0.44,1709.05,Signal Flip
2104,5M_EMA_CONFIRMED_50_200,SHORT,2026-06-06T19:25,1557.33,2026-06-06T20:45,1560.07,16,1.33,1709.05,-3.01,-0.18,1706.05,Signal Flip
2105,5M_EMA_CONFIRMED_50_200,SHORT,2026-06-06T20:50,1555.57,2026-06-06T20:55,1557.56,1,0.08,1706.05,-2.18,-0.13,1703.87,Signal Flip
2106,5M_EMA_CONFIRMED_50_200,SHORT,2026-06-06T22:00,1557.42,2026-06-06T22:20,1562.01,4,0.33,1703.87,-5.02,-0.29,1698.85,Signal Flip
2107,5M_EMA_CONFIRMED_50_200,SHORT,2026-06-06T22:25,1552.87,2026-06-06T22:50,1560.68,5,0.42,1698.85,-8.54,-0.5,1690.31,Signal Flip
2108,5M_EMA_CONFIRMED_50_200,LONG,2026-06-07T01:15,1587.42,2026-06-07T11:05,1623.3,118,9.83,1690.31,38.2,2.26,1728.51,Signal Flip
2109,5M_EMA_CONFIRMED_50_200,LONG,2026-06-07T11:10,1628.57,2026-06-07T12:10,1619.72,12,1.0,1728.51,-9.4,-0.54,1719.11,Signal Flip
2110,5M_EMA_CONFIRMED_50_200,LONG,2026-06-07T14:20,1622.76,2026-06-07T16:10,1624.58,22,1.83,1719.11,1.92,0.11,1721.03,Signal Flip
2111,5M_EMA_CONFIRMED_50_200,LONG,2026-06-07T16:15,1631.08,2026-06-07T18:20,1628.74,25,2.08,1721.03,-2.47,-0.14,1718.57,Signal Flip
2112,5M_EMA_CONFIRMED_50_200,LONG,2026-06-07T18:25,1632.82,2026-06-07T19:00,1629.55,7,0.58,1718.57,-3.43,-0.2,1715.13,Signal Flip
2113,5M_EMA_CONFIRMED_50_200,LONG,2026-06-07T20:25,1627.47,2026-06-08T01:30,1673.85,61,5.08,1715.13,48.88,2.85,1764.01,Signal Flip
2114,5M_EMA_CONFIRMED_50_200,LONG,2026-06-08T01:35,1681.53,2026-06-08T03:40,1677.4,25,2.08,1764.01,-4.33,-0.25,1759.68,Signal Flip
2115,5M_EMA_CONFIRMED_50_200,LONG,2026-06-08T06:20,1668.33,2026-06-08T06:40,1663.36,4,0.33,1759.68,-5.25,-0.3,1754.43,Signal Flip
2116,5M_EMA_CONFIRMED_50_200,LONG,2026-06-08T06:45,1667.72,2026-06-08T06:50,1664.2,1,0.08,1754.43,-3.71,-0.21,1750.72,Signal Flip
2117,5M_EMA_CONFIRMED_50_200,LONG,2026-06-08T06:55,1668.09,2026-06-08T07:05,1662.44,2,0.17,1750.72,-5.94,-0.34,1744.79,Signal Flip
2118,5M_EMA_CONFIRMED_50_200,LONG,2026-06-08T07:10,1666.43,2026-06-08T08:05,1667.25,11,0.92,1744.79,0.85,0.05,1745.64,Signal Flip
2119,5M_EMA_CONFIRMED_50_200,LONG,2026-06-08T08:10,1670.83,2026-06-08T08:20,1666.1,2,0.17,1745.64,-4.95,-0.28,1740.69,Signal Flip
2120,5M_EMA_CONFIRMED_50_200,LONG,2026-06-08T08:35,1670.28,2026-06-08T08:40,1664.38,1,0.08,1740.69,-6.16,-0.35,1734.53,Signal Flip
2121,5M_EMA_CONFIRMED_50_200,LONG,2026-06-08T09:50,1668.05,2026-06-08T10:20,1665.25,6,0.5,1734.53,-2.92,-0.17,1731.61,Signal Flip
2122,5M_EMA_CONFIRMED_50_200,LONG,2026-06-08T10:25,1668.06,2026-06-08T10:30,1664.7,1,0.08,1731.61,-3.49,-0.2,1728.12,Signal Flip
2123,5M_EMA_CONFIRMED_50_200,LONG,2026-06-08T10:35,1673.74,2026-06-08T12:05,1670.22,18,1.5,1728.12,-3.63,-0.21,1724.49,Signal Flip
2124,5M_EMA_CONFIRMED_50_200,LONG,2026-06-08T12:10,1675.33,2026-06-08T12:15,1667.54,1,0.08,1724.49,-8.02,-0.47,1716.47,Signal Flip
2125,5M_EMA_CONFIRMED_50_200,LONG,2026-06-08T12:25,1676.04,2026-06-08T14:05,1678.24,20,1.67,1716.47,2.26,0.13,1718.73,Signal Flip
2126,5M_EMA_CONFIRMED_50_200,LONG,2026-06-08T14:10,1687.63,2026-06-08T16:55,1684.86,33,2.75,1718.73,-2.83,-0.16,1715.9,Signal Flip
2127,5M_EMA_CONFIRMED_50_200,LONG,2026-06-08T18:05,1691.58,2026-06-08T18:20,1685.83,3,0.25,1715.9,-5.83,-0.34,1710.07,Signal Flip
2128,5M_EMA_CONFIRMED_50_200,LONG,2026-06-08T18:30,1688.9,2026-06-08T18:35,1682.36,1,0.08,1710.07,-6.63,-0.39,1703.44,Signal Flip
2129,5M_EMA_CONFIRMED_50_200,LONG,2026-06-08T19:05,1688.17,2026-06-08T19:10,1681.79,1,0.08,1703.44,-6.44,-0.38,1697.0,Signal Flip
2130,5M_EMA_CONFIRMED_50_200,LONG,2026-06-08T19:20,1687.28,2026-06-08T19:25,1683.76,1,0.08,1697.0,-3.55,-0.21,1693.45,Signal Flip
2131,5M_EMA_CONFIRMED_50_200,LONG,2026-06-08T19:30,1688.36,2026-06-08T19:55,1684.63,5,0.42,1693.45,-3.75,-0.22,1689.7,Signal Flip
2132,5M_EMA_CONFIRMED_50_200,LONG,2026-06-08T20:05,1687.41,2026-06-08T20:10,1684.28,1,0.08,1689.7,-3.14,-0.19,1686.56,Signal Flip
2133,5M_EMA_CONFIRMED_50_200,LONG,2026-06-08T20:40,1687.9,2026-06-08T22:15,1690.43,19,1.58,1686.56,2.53,0.15,1689.09,Signal Flip
2134,5M_EMA_CONFIRMED_50_200,LONG,2026-06-08T22:25,1696.05,2026-06-08T22:35,1692.65,2,0.17,1689.09,-3.38,-0.2,1685.71,Signal Flip
2135,5M_EMA_CONFIRMED_50_200,LONG,2026-06-08T22:40,1696.9,2026-06-08T23:35,1694.68,11,0.92,1685.71,-2.2,-0.13,1683.51,Signal Flip
2136,5M_EMA_CONFIRMED_50_200,LONG,2026-06-08T23:40,1698.25,2026-06-08T23:45,1695.98,1,0.08,1683.51,-2.25,-0.13,1681.26,Signal Flip
2137,5M_EMA_CONFIRMED_50_200,SHORT,2026-06-09T01:35,1672.58,2026-06-09T04:35,1680.84,36,3.0,1681.26,-8.3,-0.49,1672.96,Signal Flip
2138,5M_EMA_CONFIRMED_50_200,LONG,2026-06-09T06:00,1689.09,2026-06-09T07:30,1675.06,18,1.5,1672.96,-13.9,-0.83,1659.07,Signal Flip
2139,5M_EMA_CONFIRMED_50_200,SHORT,2026-06-09T08:55,1676.58,2026-06-09T12:05,1681.01,38,3.17,1659.07,-4.38,-0.26,1654.68,Signal Flip
2140,5M_EMA_CONFIRMED_50_200,SHORT,2026-06-09T12:45,1673.21,2026-06-09T12:50,1676.21,1,0.08,1654.68,-2.96,-0.18,1651.72,Signal Flip
2141,5M_EMA_CONFIRMED_50_200,SHORT,2026-06-09T12:55,1673.72,2026-06-09T13:00,1677.74,1,0.08,1651.72,-3.96,-0.24,1647.76,Signal Flip
2142,5M_EMA_CONFIRMED_50_200,SHORT,2026-06-09T13:20,1668.93,2026-06-09T13:50,1675.63,6,0.5,1647.76,-6.62,-0.4,1641.14,Signal Flip
2143,5M_EMA_CONFIRMED_50_200,SHORT,2026-06-09T13:55,1669.0,2026-06-09T17:20,1648.32,41,3.42,1641.14,20.33,1.24,1661.47,Signal Flip
2144,5M_EMA_CONFIRMED_50_200,SHORT,2026-06-09T17:45,1643.03,2026-06-09T18:10,1647.3,5,0.42,1661.47,-4.32,-0.26,1657.15,Signal Flip
2145,5M_EMA_CONFIRMED_50_200,SHORT,2026-06-09T21:20,1652.02,2026-06-09T21:25,1654.55,1,0.08,1657.15,-2.53,-0.15,1654.61,Signal Flip
2146,5M_EMA_CONFIRMED_50_200,SHORT,2026-06-09T21:30,1650.57,2026-06-09T22:20,1653.6,10,0.83,1654.61,-3.03,-0.18,1651.58,Signal Flip
2147,5M_EMA_CONFIRMED_50_200,SHORT,2026-06-09T22:25,1650.06,2026-06-10T01:00,1646.57,31,2.58,1651.58,3.49,0.21,1655.08,Signal Flip
2148,5M_EMA_CONFIRMED_50_200,SHORT,2026-06-10T01:10,1638.9,2026-06-10T01:20,1646.39,2,0.17,1655.08,-7.57,-0.46,1647.51,Signal Flip
2149,5M_EMA_CONFIRMED_50_200,SHORT,2026-06-10T01:25,1640.1,2026-06-10T03:30,1637.14,25,2.08,1647.51,2.97,0.18,1650.49,Signal Flip
2150,5M_EMA_CONFIRMED_50_200,SHORT,2026-06-10T03:35,1630.02,2026-06-10T05:55,1630.08,28,2.33,1650.49,-0.06,-0.0,1650.43,Signal Flip
2151,5M_EMA_CONFIRMED_50_200,SHORT,2026-06-10T06:00,1627.19,2026-06-10T06:05,1630.26,1,0.08,1650.43,-3.12,-0.19,1647.3,Signal Flip
2152,5M_EMA_CONFIRMED_50_200,SHORT,2026-06-10T06:10,1627.45,2026-06-10T06:20,1632.65,2,0.17,1647.3,-5.26,-0.32,1642.04,Signal Flip
2153,5M_EMA_CONFIRMED_50_200,SHORT,2026-06-10T06:25,1628.33,2026-06-10T06:40,1633.07,3,0.25,1642.04,-4.78,-0.29,1637.26,Signal Flip
2154,5M_EMA_CONFIRMED_50_200,SHORT,2026-06-10T08:25,1632.57,2026-06-10T08:30,1634.68,1,0.08,1637.26,-2.11,-0.13,1635.15,Signal Flip
2155,5M_EMA_CONFIRMED_50_200,SHORT,2026-06-10T08:35,1628.78,2026-06-10T10:35,1626.71,24,2.0,1635.15,2.07,0.13,1637.22,Signal Flip
2156,5M_EMA_CONFIRMED_50_200,SHORT,2026-06-10T11:05,1614.7,2026-06-10T12:15,1624.56,14,1.17,1637.22,-10.0,-0.61,1627.22,Signal Flip
2157,5M_EMA_CONFIRMED_50_200,SHORT,2026-06-10T12:20,1620.61,2026-06-10T12:30,1626.24,2,0.17,1627.22,-5.66,-0.35,1621.57,Signal Flip
2158,5M_EMA_CONFIRMED_50_200,LONG,2026-06-10T14:05,1655.88,2026-06-10T15:10,1638.56,13,1.08,1621.57,-16.96,-1.05,1604.61,Signal Flip
2159,5M_EMA_CONFIRMED_50_200,LONG,2026-06-10T15:20,1644.19,2026-06-10T16:45,1644.18,17,1.42,1604.61,-0.01,-0.0,1604.59,Signal Flip
2160,5M_EMA_CONFIRMED_50_200,LONG,2026-06-10T17:05,1647.8,2026-06-10T17:10,1642.29,1,0.08,1604.59,-5.37,-0.33,1599.22,Signal Flip
2161,5M_EMA_CONFIRMED_50_200,SHORT,2026-06-10T18:45,1625.83,2026-06-10T20:25,1635.68,20,1.67,1599.22,-9.69,-0.61,1589.53,Signal Flip
2162,5M_EMA_CONFIRMED_50_200,SHORT,2026-06-10T20:30,1632.09,2026-06-10T23:30,1622.83,36,3.0,1589.53,9.02,0.57,1598.56,Signal Flip
2163,5M_EMA_CONFIRMED_50_200,SHORT,2026-06-10T23:35,1619.76,2026-06-10T23:45,1623.87,2,0.17,1598.56,-4.06,-0.25,1594.5,Signal Flip
2164,5M_EMA_CONFIRMED_50_200,SHORT,2026-06-10T23:50,1620.03,2026-06-10T23:55,1623.28,1,0.08,1594.5,-3.2,-0.2,1591.3,Signal Flip
2165,5M_EMA_CONFIRMED_50_200,LONG,2026-06-11T02:15,1641.45,2026-06-11T02:35,1631.09,4,0.33,1591.3,-10.04,-0.63,1581.26,Signal Flip
2166,5M_EMA_CONFIRMED_50_200,LONG,2026-06-11T02:40,1634.89,2026-06-11T06:05,1645.38,41,3.42,1581.26,10.15,0.64,1591.4,Signal Flip
2167,5M_EMA_CONFIRMED_50_200,LONG,2026-06-11T06:10,1649.82,2026-06-11T10:20,1654.55,50,4.17,1591.4,4.56,0.29,1595.96,Signal Flip
2168,5M_EMA_CONFIRMED_50_200,LONG,2026-06-11T10:30,1657.49,2026-06-11T12:20,1658.85,22,1.83,1595.96,1.31,0.08,1597.28,Signal Flip
2169,5M_EMA_CONFIRMED_50_200,LONG,2026-06-11T13:55,1658.21,2026-06-11T14:00,1652.41,1,0.08,1597.28,-5.58,-0.35,1591.69,Signal Flip
2170,5M_EMA_CONFIRMED_50_200,SHORT,2026-06-11T16:40,1644.32,2026-06-11T17:30,1655.05,10,0.83,1591.69,-10.39,-0.65,1581.31,Signal Flip
2171,5M_EMA_CONFIRMED_50_200,LONG,2026-06-11T17:45,1678.28,2026-06-11T20:30,1669.8,33,2.75,1581.31,-7.98,-0.5,1573.32,Signal Flip
2172,5M_EMA_CONFIRMED_50_200,LONG,2026-06-11T21:05,1673.94,2026-06-11T23:05,1672.89,24,2.0,1573.32,-0.98,-0.06,1572.34,Signal Flip
2173,5M_EMA_CONFIRMED_50_200,LONG,2026-06-11T23:45,1677.72,2026-06-11T23:50,1674.46,1,0.08,1572.34,-3.05,-0.19,1569.29,Signal Flip
2174,5M_EMA_CONFIRMED_50_200,LONG,2026-06-12T00:10,1676.71,2026-06-12T00:20,1673.16,2,0.17,1569.29,-3.32,-0.21,1565.97,Signal Flip
2175,5M_EMA_CONFIRMED_50_200,LONG,2026-06-12T00:50,1676.18,2026-06-12T01:00,1671.9,2,0.17,1565.97,-3.99,-0.25,1561.98,Signal Flip
2176,5M_EMA_CONFIRMED_50_200,LONG,2026-06-12T02:10,1673.78,2026-06-12T03:25,1670.22,15,1.25,1561.98,-3.31,-0.21,1558.66,Signal Flip
2177,5M_EMA_CONFIRMED_50_200,LONG,2026-06-12T03:35,1674.44,2026-06-12T03:40,1670.76,1,0.08,1558.66,-3.42,-0.22,1555.25,Signal Flip
2178,5M_EMA_CONFIRMED_50_200,LONG,2026-06-12T04:00,1674.09,2026-06-12T04:05,1670.97,1,0.08,1555.25,-2.89,-0.19,1552.35,Signal Flip
2179,5M_EMA_CONFIRMED_50_200,LONG,2026-06-12T04:20,1674.56,2026-06-12T05:10,1671.26,10,0.83,1552.35,-3.05,-0.2,1549.3,Signal Flip
2180,5M_EMA_CONFIRMED_50_200,SHORT,2026-06-12T06:55,1655.93,2026-06-12T08:10,1667.6,15,1.25,1549.3,-10.92,-0.7,1538.38,Signal Flip
2181,5M_EMA_CONFIRMED_50_200,LONG,2026-06-12T09:00,1674.37,2026-06-12T10:30,1672.17,18,1.5,1538.38,-2.02,-0.13,1536.37,Signal Flip
2182,5M_EMA_CONFIRMED_50_200,LONG,2026-06-12T10:35,1677.37,2026-06-12T11:35,1673.15,12,1.0,1536.37,-3.86,-0.25,1532.51,Signal Flip
2183,5M_EMA_CONFIRMED_50_200,LONG,2026-06-12T11:45,1676.06,2026-06-12T12:00,1673.04,3,0.25,1532.51,-2.76,-0.18,1529.75,Signal Flip
2184,5M_EMA_CONFIRMED_50_200,SHORT,2026-06-12T13:50,1656.85,2026-06-12T14:30,1671.38,8,0.67,1529.75,-13.41,-0.88,1516.34,Signal Flip
2185,5M_EMA_CONFIRMED_50_200,LONG,2026-06-12T15:00,1686.49,2026-06-12T15:35,1671.39,7,0.58,1516.34,-13.58,-0.9,1502.76,Signal Flip
2186,5M_EMA_CONFIRMED_50_200,LONG,2026-06-12T15:40,1674.03,2026-06-12T15:45,1670.7,1,0.08,1502.76,-2.98,-0.2,1499.78,Signal Flip
2187,5M_EMA_CONFIRMED_50_200,LONG,2026-06-12T16:40,1675.19,2026-06-12T16:45,1667.85,1,0.08,1499.78,-6.57,-0.44,1493.21,Signal Flip
2188,5M_EMA_CONFIRMED_50_200,LONG,2026-06-12T16:50,1672.72,2026-06-12T16:55,1669.47,1,0.08,1493.21,-2.89,-0.19,1490.31,Signal Flip
2189,5M_EMA_CONFIRMED_50_200,LONG,2026-06-12T17:00,1673.75,2026-06-12T17:20,1670.39,4,0.33,1490.31,-2.98,-0.2,1487.33,Signal Flip
2190,5M_EMA_CONFIRMED_50_200,LONG,2026-06-12T18:40,1672.33,2026-06-12T19:00,1666.03,4,0.33,1487.33,-5.6,-0.38,1481.73,Signal Flip
2191,5M_EMA_CONFIRMED_50_200,SHORT,2026-06-12T19:25,1667.6,2026-06-12T23:55,1666.47,54,4.5,1481.73,1.0,0.07,1482.73,Signal Flip
2192,5M_EMA_CONFIRMED_50_200,LONG,2026-06-13T02:15,1673.49,2026-06-13T02:45,1666.46,6,0.5,1482.73,-6.23,-0.42,1476.5,Signal Flip
2193,5M_EMA_CONFIRMED_50_200,LONG,2026-06-13T03:05,1669.46,2026-06-13T03:15,1667.08,2,0.17,1476.5,-2.11,-0.14,1474.38,Signal Flip
2194,5M_EMA_CONFIRMED_50_200,SHORT,2026-06-13T03:30,1663.86,2026-06-13T04:35,1668.18,13,1.08,1474.38,-3.83,-0.26,1470.55,Signal Flip
2195,5M_EMA_CONFIRMED_50_200,SHORT,2026-06-13T04:55,1665.97,2026-06-13T06:30,1667.61,19,1.58,1470.55,-1.45,-0.1,1469.1,Signal Flip
2196,5M_EMA_CONFIRMED_50_200,LONG,2026-06-13T07:40,1674.52,2026-06-13T16:05,1675.88,101,8.42,1469.1,1.2,0.08,1470.29,Signal Flip
2197,5M_EMA_CONFIRMED_50_200,LONG,2026-06-13T17:30,1678.43,2026-06-13T17:50,1675.75,4,0.33,1470.29,-2.35,-0.16,1467.95,Signal Flip
2198,5M_EMA_CONFIRMED_50_200,LONG,2026-06-13T18:25,1678.97,2026-06-13T19:20,1676.38,11,0.92,1467.95,-2.26,-0.15,1465.69,Signal Flip
2199,5M_EMA_CONFIRMED_50_200,LONG,2026-06-13T19:45,1680.46,2026-06-13T20:05,1676.45,4,0.33,1465.69,-3.5,-0.24,1462.19,Signal Flip
2200,5M_EMA_CONFIRMED_50_200,LONG,2026-06-13T20:10,1678.86,2026-06-13T20:15,1676.49,1,0.08,1462.19,-2.06,-0.14,1460.13,Signal Flip
2201,5M_EMA_CONFIRMED_50_200,LONG,2026-06-13T21:40,1679.9,2026-06-13T23:30,1679.3,22,1.83,1460.13,-0.52,-0.04,1459.61,Signal Flip
2202,5M_EMA_CONFIRMED_50_200,LONG,2026-06-14T00:00,1682.03,2026-06-14T00:05,1678.63,1,0.08,1459.61,-2.95,-0.2,1456.66,Signal Flip
2203,5M_EMA_CONFIRMED_50_200,LONG,2026-06-14T00:35,1683.71,2026-06-14T02:40,1682.08,25,2.08,1456.66,-1.41,-0.1,1455.24,Signal Flip
2204,5M_EMA_CONFIRMED_50_200,LONG,2026-06-14T06:10,1682.32,2026-06-14T06:25,1678.03,3,0.25,1455.24,-3.71,-0.26,1451.53,Signal Flip
2205,5M_EMA_CONFIRMED_50_200,SHORT,2026-06-14T07:05,1675.34,2026-06-14T08:20,1678.74,15,1.25,1451.53,-2.94,-0.2,1448.59,Signal Flip
2206,5M_EMA_CONFIRMED_50_200,SHORT,2026-06-14T08:25,1676.49,2026-06-14T08:30,1678.82,1,0.08,1448.59,-2.01,-0.14,1446.58,Signal Flip
2207,5M_EMA_CONFIRMED_50_200,SHORT,2026-06-14T08:35,1676.8,2026-06-14T09:45,1678.37,14,1.17,1446.58,-1.35,-0.09,1445.23,Signal Flip
2208,5M_EMA_CONFIRMED_50_200,SHORT,2026-06-14T10:10,1675.48,2026-06-14T10:25,1678.92,3,0.25,1445.23,-2.96,-0.21,1442.26,Signal Flip
2209,5M_EMA_CONFIRMED_50_200,SHORT,2026-06-14T10:30,1675.75,2026-06-14T10:35,1678.52,1,0.08,1442.26,-2.38,-0.17,1439.88,Signal Flip
2210,5M_EMA_CONFIRMED_50_200,SHORT,2026-06-14T10:45,1675.32,2026-06-14T11:35,1677.44,10,0.83,1439.88,-1.82,-0.13,1438.06,Signal Flip
2211,5M_EMA_CONFIRMED_50_200,SHORT,2026-06-14T11:50,1674.6,2026-06-14T16:25,1668.16,55,4.58,1438.06,5.53,0.38,1443.59,Signal Flip
2212,5M_EMA_CONFIRMED_50_200,SHORT,2026-06-14T16:50,1662.02,2026-06-14T17:20,1666.11,6,0.5,1443.59,-3.56,-0.25,1440.03,Signal Flip
2213,5M_EMA_CONFIRMED_50_200,SHORT,2026-06-14T17:30,1663.38,2026-06-14T17:35,1666.85,1,0.08,1440.03,-3.01,-0.21,1437.03,Signal Flip
2214,5M_EMA_CONFIRMED_50_200,SHORT,2026-06-14T17:40,1661.11,2026-06-14T19:15,1666.01,19,1.58,1437.03,-4.24,-0.3,1432.78,Signal Flip
2215,5M_EMA_CONFIRMED_50_200,SHORT,2026-06-14T20:10,1662.98,2026-06-14T20:20,1665.33,2,0.17,1432.78,-2.03,-0.14,1430.76,Signal Flip
2216,5M_EMA_CONFIRMED_50_200,LONG,2026-06-14T21:35,1705.82,2026-06-15T01:05,1712.0,42,3.5,1430.76,5.18,0.36,1435.94,Signal Flip
2217,5M_EMA_CONFIRMED_50_200,LONG,2026-06-15T01:10,1717.33,2026-06-15T01:25,1712.16,3,0.25,1435.94,-4.32,-0.3,1431.62,Signal Flip
2218,5M_EMA_CONFIRMED_50_200,LONG,2026-06-15T01:35,1714.55,2026-06-15T04:35,1717.43,36,3.0,1431.62,2.41,0.17,1434.03,Signal Flip
2219,5M_EMA_CONFIRMED_50_200,LONG,2026-06-15T04:50,1719.36,2026-06-15T04:55,1716.99,1,0.08,1434.03,-1.98,-0.14,1432.05,Signal Flip
2220,5M_EMA_CONFIRMED_50_200,LONG,2026-06-15T05:20,1719.76,2026-06-15T05:40,1716.62,4,0.33,1432.05,-2.61,-0.18,1429.44,Signal Flip
2221,5M_EMA_CONFIRMED_50_200,LONG,2026-06-15T05:50,1719.21,2026-06-15T07:35,1717.72,21,1.75,1429.44,-1.24,-0.09,1428.2,Signal Flip
2222,5M_EMA_CONFIRMED_50_200,LONG,2026-06-15T08:05,1720.67,2026-06-15T08:25,1716.76,4,0.33,1428.2,-3.24,-0.23,1424.96,Signal Flip
2223,5M_EMA_CONFIRMED_50_200,LONG,2026-06-15T08:35,1722.02,2026-06-15T09:35,1715.98,12,1.0,1424.96,-5.0,-0.35,1419.96,Signal Flip
2224,5M_EMA_CONFIRMED_50_200,LONG,2026-06-15T10:05,1721.14,2026-06-15T19:20,1812.61,111,9.25,1419.96,75.47,5.31,1495.43,Signal Flip
2225,5M_EMA_CONFIRMED_50_200,LONG,2026-06-15T19:40,1828.68,2026-06-15T19:50,1824.17,2,0.17,1495.43,-3.69,-0.25,1491.74,Signal Flip
2226,5M_EMA_CONFIRMED_50_200,SHORT,2026-06-16T03:10,1771.57,2026-06-16T06:50,1773.26,44,3.67,1491.74,-1.42,-0.09,1490.32,Signal Flip
2227,5M_EMA_CONFIRMED_50_200,SHORT,2026-06-16T07:05,1769.15,2026-06-16T07:10,1773.1,1,0.08,1490.32,-3.32,-0.22,1487.0,Signal Flip
2228,5M_EMA_CONFIRMED_50_200,SHORT,2026-06-16T07:15,1768.77,2026-06-16T07:20,1773.56,1,0.08,1487.0,-4.03,-0.27,1482.97,Signal Flip
2229,5M_EMA_CONFIRMED_50_200,LONG,2026-06-16T09:45,1794.29,2026-06-16T13:35,1799.85,46,3.83,1482.97,4.6,0.31,1487.57,Signal Flip
2230,5M_EMA_CONFIRMED_50_200,LONG,2026-06-16T13:40,1804.56,2026-06-16T13:55,1797.25,3,0.25,1487.57,-6.03,-0.41,1481.54,Signal Flip
2231,5M_EMA_CONFIRMED_50_200,LONG,2026-06-16T14:05,1804.97,2026-06-16T14:10,1797.75,1,0.08,1481.54,-5.93,-0.4,1475.61,Signal Flip
2232,5M_EMA_CONFIRMED_50_200,SHORT,2026-06-16T16:15,1776.98,2026-06-16T17:25,1785.44,14,1.17,1475.61,-7.03,-0.48,1468.59,Signal Flip
2233,5M_EMA_CONFIRMED_50_200,SHORT,2026-06-16T17:30,1780.64,2026-06-16T17:35,1785.96,1,0.08,1468.59,-4.39,-0.3,1464.2,Signal Flip
2234,5M_EMA_CONFIRMED_50_200,SHORT,2026-06-16T17:40,1782.12,2026-06-16T17:45,1785.35,1,0.08,1464.2,-2.66,-0.18,1461.54,Signal Flip
2235,5M_EMA_CONFIRMED_50_200,LONG,2026-06-16T18:20,1802.73,2026-06-16T20:10,1791.09,22,1.83,1461.54,-9.43,-0.65,1452.11,Signal Flip
2236,5M_EMA_CONFIRMED_50_200,LONG,2026-06-16T20:15,1795.45,2026-06-16T20:30,1789.19,3,0.25,1452.11,-5.06,-0.35,1447.05,Signal Flip
2237,5M_EMA_CONFIRMED_50_200,LONG,2026-06-16T20:40,1797.39,2026-06-16T21:30,1793.19,10,0.83,1447.05,-3.38,-0.23,1443.67,Signal Flip
2238,5M_EMA_CONFIRMED_50_200,LONG,2026-06-16T21:45,1795.76,2026-06-16T22:25,1791.99,8,0.67,1443.67,-3.03,-0.21,1440.65,Signal Flip
2239,5M_EMA_CONFIRMED_50_200,LONG,2026-06-16T23:00,1797.12,2026-06-16T23:20,1792.44,4,0.33,1440.65,-3.75,-0.26,1436.9,Signal Flip
2240,5M_EMA_CONFIRMED_50_200,LONG,2026-06-16T23:30,1796.38,2026-06-16T23:45,1792.68,3,0.25,1436.9,-2.96,-0.21,1433.94,Signal Flip
2241,5M_EMA_CONFIRMED_50_200,LONG,2026-06-17T00:10,1795.86,2026-06-17T00:15,1793.18,1,0.08,1433.94,-2.14,-0.15,1431.81,Signal Flip
2242,5M_EMA_CONFIRMED_50_200,LONG,2026-06-17T00:20,1796.34,2026-06-17T00:25,1792.85,1,0.08,1431.81,-2.78,-0.19,1429.03,Signal Flip
2243,5M_EMA_CONFIRMED_50_200,LONG,2026-06-17T00:35,1797.35,2026-06-17T00:55,1792.52,4,0.33,1429.03,-3.84,-0.27,1425.19,Signal Flip
2244,5M_EMA_CONFIRMED_50_200,LONG,2026-06-17T01:05,1796.63,2026-06-17T01:15,1793.25,2,0.17,1425.19,-2.68,-0.19,1422.52,Signal Flip
2245,5M_EMA_CONFIRMED_50_200,LONG,2026-06-17T01:50,1797.99,2026-06-17T02:40,1788.31,10,0.83,1422.52,-7.66,-0.54,1414.86,Signal Flip
2246,5M_EMA_CONFIRMED_50_200,LONG,2026-06-17T03:00,1796.49,2026-06-17T03:05,1792.7,1,0.08,1414.86,-2.98,-0.21,1411.88,Signal Flip
2247,5M_EMA_CONFIRMED_50_200,LONG,2026-06-17T03:35,1795.92,2026-06-17T03:40,1793.13,1,0.08,1411.88,-2.19,-0.16,1409.69,Signal Flip
2248,5M_EMA_CONFIRMED_50_200,LONG,2026-06-17T03:55,1795.47,2026-06-17T04:00,1792.68,1,0.08,1409.69,-2.19,-0.16,1407.5,Signal Flip
2249,5M_EMA_CONFIRMED_50_200,LONG,2026-06-17T04:05,1795.59,2026-06-17T04:10,1793.04,1,0.08,1407.5,-1.99,-0.14,1405.51,Signal Flip
2250,5M_EMA_CONFIRMED_50_200,LONG,2026-06-17T04:25,1796.49,2026-06-17T05:00,1793.4,7,0.58,1405.51,-2.41,-0.17,1403.09,Signal Flip
2251,5M_EMA_CONFIRMED_50_200,LONG,2026-06-17T05:05,1799.61,2026-06-17T05:10,1791.2,1,0.08,1403.09,-6.55,-0.47,1396.54,Signal Flip
2252,5M_EMA_CONFIRMED_50_200,LONG,2026-06-17T05:35,1795.22,2026-06-17T05:55,1791.92,4,0.33,1396.54,-2.56,-0.18,1393.98,Signal Flip
2253,5M_EMA_CONFIRMED_50_200,LONG,2026-06-17T06:05,1796.14,2026-06-17T06:30,1787.94,5,0.42,1393.98,-6.37,-0.46,1387.61,Signal Flip
2254,5M_EMA_CONFIRMED_50_200,SHORT,2026-06-17T07:25,1784.2,2026-06-17T13:40,1766.5,75,6.25,1387.61,13.76,0.99,1401.37,Signal Flip
2255,5M_EMA_CONFIRMED_50_200,SHORT,2026-06-17T14:00,1760.36,2026-06-17T15:25,1764.09,17,1.42,1401.37,-2.97,-0.21,1398.4,Signal Flip
2256,5M_EMA_CONFIRMED_50_200,SHORT,2026-06-17T18:05,1756.94,2026-06-17T18:40,1774.08,7,0.58,1398.4,-13.64,-0.98,1384.76,Signal Flip
2257,5M_EMA_CONFIRMED_50_200,SHORT,2026-06-17T19:00,1769.42,2026-06-17T19:15,1773.0,3,0.25,1384.76,-2.79,-0.2,1381.97,Signal Flip
2258,5M_EMA_CONFIRMED_50_200,SHORT,2026-06-17T19:20,1753.02,2026-06-17T23:20,1749.46,48,4.0,1381.97,2.81,0.2,1384.77,Signal Flip
2259,5M_EMA_CONFIRMED_50_200,SHORT,2026-06-18T03:05,1751.47,2026-06-18T07:20,1740.18,51,4.25,1384.77,8.93,0.64,1393.7,Signal Flip
2260,5M_EMA_CONFIRMED_50_200,SHORT,2026-06-18T09:30,1742.49,2026-06-18T09:35,1747.28,1,0.08,1393.7,-3.84,-0.28,1389.87,Signal Flip
2261,5M_EMA_CONFIRMED_50_200,SHORT,2026-06-18T10:10,1741.64,2026-06-18T10:55,1750.68,9,0.75,1389.87,-7.22,-0.52,1382.65,Signal Flip
2262,5M_EMA_CONFIRMED_50_200,SHORT,2026-06-18T11:20,1743.24,2026-06-18T11:30,1746.8,2,0.17,1382.65,-2.83,-0.2,1379.82,Signal Flip
2263,5M_EMA_CONFIRMED_50_200,SHORT,2026-06-18T11:40,1742.69,2026-06-18T12:15,1746.15,7,0.58,1379.82,-2.74,-0.2,1377.08,Signal Flip
2264,5M_EMA_CONFIRMED_50_200,SHORT,2026-06-18T13:35,1739.84,2026-06-18T14:40,1743.85,13,1.08,1377.08,-3.18,-0.23,1373.9,Signal Flip
2265,5M_EMA_CONFIRMED_50_200,SHORT,2026-06-18T14:45,1738.19,2026-06-18T19:35,1694.29,58,4.83,1373.9,34.7,2.53,1408.61,Signal Flip
2266,5M_EMA_CONFIRMED_50_200,SHORT,2026-06-18T22:20,1702.54,2026-06-18T22:45,1705.64,5,0.42,1408.61,-2.57,-0.18,1406.04,Signal Flip
2267,5M_EMA_CONFIRMED_50_200,SHORT,2026-06-18T23:15,1702.11,2026-06-18T23:20,1706.8,1,0.08,1406.04,-3.88,-0.28,1402.16,Signal Flip
2268,5M_EMA_CONFIRMED_50_200,SHORT,2026-06-19T01:30,1708.46,2026-06-19T01:45,1710.53,3,0.25,1402.16,-1.71,-0.12,1400.45,Signal Flip
2269,5M_EMA_CONFIRMED_50_200,SHORT,2026-06-19T02:20,1707.13,2026-06-19T06:05,1700.06,45,3.75,1400.45,5.8,0.41,1406.25,Signal Flip
2270,5M_EMA_CONFIRMED_50_200,SHORT,2026-06-19T06:40,1696.64,2026-06-19T06:45,1701.34,1,0.08,1406.25,-3.89,-0.28,1402.36,Signal Flip
2271,5M_EMA_CONFIRMED_50_200,SHORT,2026-06-19T06:50,1697.05,2026-06-19T06:55,1701.36,1,0.08,1402.36,-3.56,-0.25,1398.79,Signal Flip
2272,5M_EMA_CONFIRMED_50_200,SHORT,2026-06-19T07:05,1697.49,2026-06-19T08:25,1698.85,16,1.33,1398.79,-1.12,-0.08,1397.67,Signal Flip
2273,5M_EMA_CONFIRMED_50_200,SHORT,2026-06-19T08:30,1695.45,2026-06-19T08:40,1699.86,2,0.17,1397.67,-3.63,-0.26,1394.04,Signal Flip
2274,5M_EMA_CONFIRMED_50_200,SHORT,2026-06-19T08:45,1695.08,2026-06-19T09:00,1698.79,3,0.25,1394.04,-3.05,-0.22,1390.99,Signal Flip
2275,5M_EMA_CONFIRMED_50_200,SHORT,2026-06-19T09:05,1695.15,2026-06-19T11:25,1694.22,28,2.33,1390.99,0.77,0.06,1391.76,Signal Flip
2276,5M_EMA_CONFIRMED_50_200,SHORT,2026-06-19T11:30,1692.03,2026-06-19T11:35,1694.16,1,0.08,1391.76,-1.75,-0.13,1390.01,Signal Flip
2277,5M_EMA_CONFIRMED_50_200,SHORT,2026-06-19T11:40,1692.09,2026-06-19T11:45,1694.07,1,0.08,1390.01,-1.62,-0.12,1388.39,Signal Flip
2278,5M_EMA_CONFIRMED_50_200,SHORT,2026-06-19T11:55,1691.41,2026-06-19T12:05,1695.01,2,0.17,1388.39,-2.95,-0.21,1385.44,Signal Flip
2279,5M_EMA_CONFIRMED_50_200,SHORT,2026-06-19T12:15,1689.65,2026-06-19T12:55,1693.44,8,0.67,1385.44,-3.1,-0.22,1382.34,Signal Flip
2280,5M_EMA_CONFIRMED_50_200,SHORT,2026-06-19T13:20,1688.66,2026-06-19T13:35,1694.17,3,0.25,1382.34,-4.51,-0.33,1377.83,Signal Flip
2281,5M_EMA_CONFIRMED_50_200,SHORT,2026-06-19T15:25,1697.89,2026-06-19T15:30,1700.41,1,0.08,1377.83,-2.04,-0.15,1375.79,Signal Flip
2282,5M_EMA_CONFIRMED_50_200,LONG,2026-06-19T16:00,1708.72,2026-06-19T16:50,1701.51,10,0.83,1375.79,-5.81,-0.42,1369.98,Signal Flip
2283,5M_EMA_CONFIRMED_50_200,LONG,2026-06-19T17:40,1702.14,2026-06-19T18:40,1697.97,12,1.0,1369.98,-3.36,-0.24,1366.62,Signal Flip
2284,5M_EMA_CONFIRMED_50_200,LONG,2026-06-19T18:50,1702.99,2026-06-19T19:10,1700.69,4,0.33,1366.62,-1.85,-0.14,1364.77,Signal Flip
2285,5M_EMA_CONFIRMED_50_200,LONG,2026-06-19T19:15,1703.07,2026-06-19T19:20,1698.82,1,0.08,1364.77,-3.41,-0.25,1361.37,Signal Flip
2286,5M_EMA_CONFIRMED_50_200,LONG,2026-06-19T19:50,1702.56,2026-06-19T20:00,1700.36,2,0.17,1361.37,-1.76,-0.13,1359.61,Signal Flip
2287,5M_EMA_CONFIRMED_50_200,LONG,2026-06-19T20:05,1703.46,2026-06-19T20:20,1700.17,3,0.25,1359.61,-2.63,-0.19,1356.98,Signal Flip
2288,5M_EMA_CONFIRMED_50_200,LONG,2026-06-19T20:30,1703.65,2026-06-19T20:40,1700.72,2,0.17,1356.98,-2.34,-0.17,1354.64,Signal Flip
2289,5M_EMA_CONFIRMED_50_200,LONG,2026-06-19T20:45,1703.56,2026-06-19T21:40,1702.24,11,0.92,1354.64,-1.05,-0.08,1353.59,Signal Flip
2290,5M_EMA_CONFIRMED_50_200,LONG,2026-06-19T21:50,1704.7,2026-06-19T21:55,1700.97,1,0.08,1353.59,-2.96,-0.22,1350.63,Signal Flip
2291,5M_EMA_CONFIRMED_50_200,LONG,2026-06-19T22:20,1706.01,2026-06-20T01:10,1706.57,34,2.83,1350.63,0.44,0.03,1351.07,Signal Flip
2292,5M_EMA_CONFIRMED_50_200,LONG,2026-06-20T01:15,1709.09,2026-06-20T02:10,1706.36,11,0.92,1351.07,-2.16,-0.16,1348.9,Signal Flip
2293,5M_EMA_CONFIRMED_50_200,LONG,2026-06-20T03:20,1708.79,2026-06-20T03:35,1705.85,3,0.25,1348.9,-2.33,-0.17,1346.58,Signal Flip
2294,5M_EMA_CONFIRMED_50_200,LONG,2026-06-20T03:40,1709.45,2026-06-20T03:55,1706.5,3,0.25,1346.58,-2.33,-0.17,1344.25,Signal Flip
2295,5M_EMA_CONFIRMED_50_200,LONG,2026-06-20T04:00,1709.03,2026-06-20T04:10,1706.08,2,0.17,1344.25,-2.33,-0.17,1341.92,Signal Flip
2296,5M_EMA_CONFIRMED_50_200,LONG,2026-06-20T04:15,1708.52,2026-06-20T08:50,1721.71,55,4.58,1341.92,10.36,0.77,1352.28,Signal Flip
2297,5M_EMA_CONFIRMED_50_200,LONG,2026-06-20T09:05,1725.95,2026-06-20T12:40,1724.22,43,3.58,1352.28,-1.36,-0.1,1350.92,Signal Flip
2298,5M_EMA_CONFIRMED_50_200,LONG,2026-06-20T13:00,1727.72,2026-06-20T13:05,1725.1,1,0.08,1350.92,-2.05,-0.15,1348.86,Signal Flip
2299,5M_EMA_CONFIRMED_50_200,LONG,2026-06-20T14:50,1737.57,2026-06-20T17:10,1728.7,28,2.33,1348.86,-6.89,-0.51,1341.97,Signal Flip
2300,5M_EMA_CONFIRMED_50_200,LONG,2026-06-20T19:45,1730.62,2026-06-20T20:30,1728.14,9,0.75,1341.97,-1.93,-0.14,1340.04,Signal Flip
2301,5M_EMA_CONFIRMED_50_200,LONG,2026-06-20T20:50,1730.03,2026-06-21T00:20,1736.73,42,3.5,1340.04,5.19,0.39,1345.23,Signal Flip
2302,5M_EMA_CONFIRMED_50_200,LONG,2026-06-21T00:40,1739.81,2026-06-21T00:55,1736.22,3,0.25,1345.23,-2.77,-0.21,1342.46,Signal Flip
2303,5M_EMA_CONFIRMED_50_200,LONG,2026-06-21T01:00,1738.79,2026-06-21T01:05,1736.02,1,0.08,1342.46,-2.14,-0.16,1340.32,Signal Flip
2304,5M_EMA_CONFIRMED_50_200,LONG,2026-06-21T01:45,1738.25,2026-06-21T02:00,1736.13,3,0.25,1340.32,-1.63,-0.12,1338.69,Signal Flip
2305,5M_EMA_CONFIRMED_50_200,LONG,2026-06-21T02:05,1738.87,2026-06-21T02:15,1736.44,2,0.17,1338.69,-1.87,-0.14,1336.82,Signal Flip
2306,5M_EMA_CONFIRMED_50_200,LONG,2026-06-21T02:50,1738.43,2026-06-21T02:55,1735.94,1,0.08,1336.82,-1.91,-0.14,1334.91,Signal Flip
2307,5M_EMA_CONFIRMED_50_200,LONG,2026-06-21T03:20,1738.28,2026-06-21T03:30,1735.77,2,0.17,1334.91,-1.93,-0.14,1332.98,Signal Flip
2308,5M_EMA_CONFIRMED_50_200,LONG,2026-06-21T03:35,1739.03,2026-06-21T04:10,1735.57,7,0.58,1332.98,-2.65,-0.2,1330.33,Signal Flip
2309,5M_EMA_CONFIRMED_50_200,LONG,2026-06-21T04:25,1739.32,2026-06-21T04:50,1735.95,5,0.42,1330.33,-2.58,-0.19,1327.76,Signal Flip
2310,5M_EMA_CONFIRMED_50_200,LONG,2026-06-21T06:25,1736.55,2026-06-21T07:05,1733.5,8,0.67,1327.76,-2.33,-0.18,1325.43,Signal Flip
2311,5M_EMA_CONFIRMED_50_200,SHORT,2026-06-21T09:00,1728.25,2026-06-21T09:40,1734.3,8,0.67,1325.43,-4.64,-0.35,1320.79,Signal Flip
2312,5M_EMA_CONFIRMED_50_200,SHORT,2026-06-21T09:45,1730.51,2026-06-21T09:50,1733.14,1,0.08,1320.79,-2.0,-0.15,1318.78,Signal Flip
2313,5M_EMA_CONFIRMED_50_200,SHORT,2026-06-21T11:00,1730.52,2026-06-21T11:15,1733.4,3,0.25,1318.78,-2.19,-0.17,1316.6,Signal Flip
2314,5M_EMA_CONFIRMED_50_200,SHORT,2026-06-21T11:20,1721.88,2026-06-21T13:20,1728.25,24,2.0,1316.6,-4.87,-0.37,1311.72,Signal Flip
2315,5M_EMA_CONFIRMED_50_200,SHORT,2026-06-21T13:25,1725.01,2026-06-21T14:55,1726.33,18,1.5,1311.72,-1.01,-0.08,1310.71,Signal Flip
2316,5M_EMA_CONFIRMED_50_200,SHORT,2026-06-21T16:20,1726.39,2026-06-21T16:25,1729.06,1,0.08,1310.71,-2.03,-0.16,1308.68,Signal Flip
2317,5M_EMA_CONFIRMED_50_200,SHORT,2026-06-21T16:30,1726.13,2026-06-21T16:50,1728.6,4,0.33,1308.68,-1.88,-0.14,1306.8,Signal Flip
2318,5M_EMA_CONFIRMED_50_200,SHORT,2026-06-21T17:25,1726.71,2026-06-21T17:50,1729.59,5,0.42,1306.8,-2.19,-0.17,1304.62,Signal Flip
2319,5M_EMA_CONFIRMED_50_200,SHORT,2026-06-21T18:00,1726.51,2026-06-21T18:35,1734.14,7,0.58,1304.62,-5.77,-0.44,1298.85,Signal Flip
2320,5M_EMA_CONFIRMED_50_200,LONG,2026-06-21T19:20,1735.9,2026-06-21T20:20,1728.88,12,1.0,1298.85,-5.25,-0.4,1293.6,Signal Flip
2321,5M_EMA_CONFIRMED_50_200,SHORT,2026-06-21T21:00,1720.46,2026-06-22T00:25,1718.81,41,3.42,1293.6,1.24,0.1,1294.84,Signal Flip
2322,5M_EMA_CONFIRMED_50_200,LONG,2026-06-22T01:55,1746.15,2026-06-22T03:10,1731.22,15,1.25,1294.84,-11.07,-0.85,1283.77,Signal Flip
2323,5M_EMA_CONFIRMED_50_200,LONG,2026-06-22T03:20,1738.15,2026-06-22T03:55,1731.15,7,0.58,1283.77,-5.17,-0.4,1278.6,Signal Flip
2324,5M_EMA_CONFIRMED_50_200,LONG,2026-06-22T04:25,1735.78,2026-06-22T04:35,1732.0,2,0.17,1278.6,-2.78,-0.22,1275.82,Signal Flip
2325,5M_EMA_CONFIRMED_50_200,LONG,2026-06-22T04:50,1735.72,2026-06-22T06:35,1734.16,21,1.75,1275.82,-1.14,-0.09,1274.68,Signal Flip
2326,5M_EMA_CONFIRMED_50_200,LONG,2026-06-22T06:40,1736.57,2026-06-22T06:45,1733.78,1,0.08,1274.68,-2.04,-0.16,1272.63,Signal Flip
2327,5M_EMA_CONFIRMED_50_200,LONG,2026-06-22T07:05,1742.46,2026-06-22T14:20,1761.34,87,7.25,1272.63,13.79,1.08,1286.42,Signal Flip
2328,5M_EMA_CONFIRMED_50_200,SHORT,2026-06-22T18:20,1744.14,2026-06-22T18:25,1747.17,1,0.08,1286.42,-2.24,-0.17,1284.18,Signal Flip
2329,5M_EMA_CONFIRMED_50_200,LONG,2026-06-22T18:25,1747.17,2026-06-22T18:30,1740.85,1,0.08,1284.18,-4.65,-0.36,1279.53,Signal Flip
2330,5M_EMA_CONFIRMED_50_200,SHORT,2026-06-22T18:30,1740.85,2026-06-23T00:45,1730.27,75,6.25,1279.53,7.77,0.61,1287.31,Signal Flip
2331,5M_EMA_CONFIRMED_50_200,SHORT,2026-06-23T00:55,1727.46,2026-06-23T01:00,1732.13,1,0.08,1287.31,-3.48,-0.27,1283.83,Signal Flip
2332,5M_EMA_CONFIRMED_50_200,SHORT,2026-06-23T01:40,1727.73,2026-06-23T02:00,1731.48,4,0.33,1283.83,-2.79,-0.22,1281.04,Signal Flip
2333,5M_EMA_CONFIRMED_50_200,SHORT,2026-06-23T02:10,1727.47,2026-06-23T02:20,1731.64,2,0.17,1281.04,-3.09,-0.24,1277.95,Signal Flip
2334,5M_EMA_CONFIRMED_50_200,SHORT,2026-06-23T03:05,1727.77,2026-06-23T04:00,1730.77,11,0.92,1277.95,-2.23,-0.17,1275.72,Signal Flip
2335,5M_EMA_CONFIRMED_50_200,SHORT,2026-06-23T04:20,1726.44,2026-06-23T13:45,1660.14,113,9.42,1275.72,48.99,3.84,1324.71,Signal Flip
2336,5M_EMA_CONFIRMED_50_200,SHORT,2026-06-23T13:50,1657.82,2026-06-23T13:55,1661.83,1,0.08,1324.71,-3.2,-0.24,1321.51,Signal Flip
2337,5M_EMA_CONFIRMED_50_200,SHORT,2026-06-23T15:10,1657.65,2026-06-23T16:00,1660.61,10,0.83,1321.51,-2.36,-0.18,1319.15,Signal Flip
2338,5M_EMA_CONFIRMED_50_200,SHORT,2026-06-23T16:05,1656.94,2026-06-23T16:10,1671.17,1,0.08,1319.15,-11.32,-0.86,1307.82,Signal Flip
2339,5M_EMA_CONFIRMED_50_200,SHORT,2026-06-23T16:55,1659.08,2026-06-23T17:25,1662.62,6,0.5,1307.82,-2.79,-0.21,1305.03,Signal Flip
2340,5M_EMA_CONFIRMED_50_200,SHORT,2026-06-23T17:45,1658.69,2026-06-23T19:05,1660.59,16,1.33,1305.03,-1.49,-0.11,1303.54,Signal Flip
2341,5M_EMA_CONFIRMED_50_200,SHORT,2026-06-23T19:20,1657.16,2026-06-23T19:30,1662.75,2,0.17,1303.54,-4.4,-0.34,1299.14,Signal Flip
2342,5M_EMA_CONFIRMED_50_200,SHORT,2026-06-23T19:45,1657.38,2026-06-23T19:50,1659.88,1,0.08,1299.14,-1.96,-0.15,1297.18,Signal Flip
2343,5M_EMA_CONFIRMED_50_200,SHORT,2026-06-23T22:45,1662.68,2026-06-23T23:00,1665.5,3,0.25,1297.18,-2.2,-0.17,1294.98,Signal Flip
2344,5M_EMA_CONFIRMED_50_200,SHORT,2026-06-23T23:05,1661.88,2026-06-23T23:25,1665.4,4,0.33,1294.98,-2.75,-0.21,1292.23,Signal Flip
2345,5M_EMA_CONFIRMED_50_200,SHORT,2026-06-23T23:40,1661.33,2026-06-23T23:50,1668.25,2,0.17,1292.23,-5.39,-0.42,1286.85,Signal Flip
2346,5M_EMA_CONFIRMED_50_200,SHORT,2026-06-24T01:20,1665.78,2026-06-24T01:25,1672.18,1,0.08,1286.85,-4.94,-0.38,1281.9,Signal Flip
2347,5M_EMA_CONFIRMED_50_200,SHORT,2026-06-24T02:20,1667.1,2026-06-24T03:40,1668.98,16,1.33,1281.9,-1.45,-0.11,1280.45,Signal Flip
2348,5M_EMA_CONFIRMED_50_200,SHORT,2026-06-24T04:00,1665.84,2026-06-24T04:50,1670.79,10,0.83,1280.45,-3.81,-0.3,1276.64,Signal Flip
2349,5M_EMA_CONFIRMED_50_200,LONG,2026-06-24T06:30,1676.07,2026-06-24T07:40,1670.72,14,1.17,1276.64,-4.07,-0.32,1272.57,Signal Flip
2350,5M_EMA_CONFIRMED_50_200,LONG,2026-06-24T07:45,1673.29,2026-06-24T08:10,1670.55,5,0.42,1272.57,-2.08,-0.16,1270.49,Signal Flip
2351,5M_EMA_CONFIRMED_50_200,LONG,2026-06-24T08:35,1674.39,2026-06-24T08:40,1671.05,1,0.08,1270.49,-2.53,-0.2,1267.96,Signal Flip
2352,5M_EMA_CONFIRMED_50_200,LONG,2026-06-24T08:45,1675.07,2026-06-24T09:05,1669.31,4,0.33,1267.96,-4.35,-0.34,1263.61,Signal Flip
2353,5M_EMA_CONFIRMED_50_200,SHORT,2026-06-24T10:10,1665.56,2026-06-24T11:40,1667.87,18,1.5,1263.61,-1.76,-0.14,1261.85,Signal Flip
2354,5M_EMA_CONFIRMED_50_200,LONG,2026-06-24T12:25,1677.84,2026-06-24T13:05,1664.14,8,0.67,1261.85,-10.3,-0.82,1251.55,Signal Flip
2355,5M_EMA_CONFIRMED_50_200,SHORT,2026-06-24T13:20,1659.62,2026-06-24T20:05,1598.16,81,6.75,1251.55,46.35,3.7,1297.9,Signal Flip
2356,5M_EMA_CONFIRMED_50_200,SHORT,2026-06-25T02:15,1615.51,2026-06-25T02:20,1620.43,1,0.08,1297.9,-3.95,-0.3,1293.95,Signal Flip
2357,5M_EMA_CONFIRMED_50_200,SHORT,2026-06-25T02:25,1616.82,2026-06-25T02:30,1621.15,1,0.08,1293.95,-3.46,-0.27,1290.48,Signal Flip
2358,5M_EMA_CONFIRMED_50_200,SHORT,2026-06-25T02:45,1615.47,2026-06-25T02:50,1619.2,1,0.08,1290.48,-2.98,-0.23,1287.5,Signal Flip
2359,5M_EMA_CONFIRMED_50_200,SHORT,2026-06-25T03:40,1615.88,2026-06-25T03:55,1620.82,3,0.25,1287.5,-3.93,-0.31,1283.57,Signal Flip
2360,5M_EMA_CONFIRMED_50_200,SHORT,2026-06-25T04:15,1617.2,2026-06-25T04:25,1621.18,2,0.17,1283.57,-3.16,-0.25,1280.41,Signal Flip
2361,5M_EMA_CONFIRMED_50_200,SHORT,2026-06-25T04:35,1617.26,2026-06-25T04:40,1622.5,1,0.08,1280.41,-4.15,-0.32,1276.26,Signal Flip
2362,5M_EMA_CONFIRMED_50_200,LONG,2026-06-25T05:30,1648.64,2026-06-25T09:25,1647.26,47,3.92,1276.26,-1.07,-0.08,1275.19,Signal Flip
2363,5M_EMA_CONFIRMED_50_200,LONG,2026-06-25T10:00,1649.71,2026-06-25T10:10,1646.95,2,0.17,1275.19,-2.14,-0.17,1273.05,Signal Flip
2364,5M_EMA_CONFIRMED_50_200,LONG,2026-06-25T12:50,1639.51,2026-06-25T12:55,1636.04,1,0.08,1273.05,-2.69,-0.21,1270.36,Signal Flip
2365,5M_EMA_CONFIRMED_50_200,LONG,2026-06-25T13:15,1639.45,2026-06-25T13:25,1634.09,2,0.17,1270.36,-4.15,-0.33,1266.21,Signal Flip
2366,5M_EMA_CONFIRMED_50_200,SHORT,2026-06-25T13:45,1591.88,2026-06-25T20:05,1569.34,76,6.33,1266.21,17.93,1.42,1284.13,Signal Flip
2367,5M_EMA_CONFIRMED_50_200,SHORT,2026-06-25T20:10,1567.0,2026-06-25T20:20,1569.23,2,0.17,1284.13,-1.83,-0.14,1282.3,Signal Flip
2368,5M_EMA_CONFIRMED_50_200,SHORT,2026-06-25T20:30,1566.76,2026-06-25T21:30,1568.96,12,1.0,1282.3,-1.81,-0.14,1280.49,Signal Flip
2369,5M_EMA_CONFIRMED_50_200,SHORT,2026-06-25T22:30,1568.04,2026-06-25T22:35,1570.99,1,0.08,1280.49,-2.41,-0.19,1278.08,Signal Flip
2370,5M_EMA_CONFIRMED_50_200,SHORT,2026-06-25T23:10,1567.72,2026-06-25T23:15,1573.47,1,0.08,1278.08,-4.69,-0.37,1273.4,Signal Flip
2371,5M_EMA_CONFIRMED_50_200,SHORT,2026-06-25T23:50,1569.13,2026-06-26T00:10,1571.43,4,0.33,1273.4,-1.87,-0.15,1271.53,Signal Flip
2372,5M_EMA_CONFIRMED_50_200,SHORT,2026-06-26T00:20,1568.28,2026-06-26T03:50,1552.28,42,3.5,1271.53,12.97,1.02,1284.5,Signal Flip
2373,5M_EMA_CONFIRMED_50_200,SHORT,2026-06-26T04:50,1548.61,2026-06-26T05:00,1550.57,2,0.17,1284.5,-1.63,-0.13,1282.87,Signal Flip
2374,5M_EMA_CONFIRMED_50_200,SHORT,2026-06-26T05:05,1548.66,2026-06-26T05:10,1550.82,1,0.08,1282.87,-1.79,-0.14,1281.08,Signal Flip
2375,5M_EMA_CONFIRMED_50_200,SHORT,2026-06-26T06:05,1548.23,2026-06-26T06:25,1559.44,4,0.33,1281.08,-9.28,-0.72,1271.8,Signal Flip
2376,5M_EMA_CONFIRMED_50_200,SHORT,2026-06-26T08:50,1564.77,2026-06-26T12:35,1557.03,45,3.75,1271.8,6.29,0.49,1278.09,Signal Flip
2377,5M_EMA_CONFIRMED_50_200,SHORT,2026-06-26T12:40,1536.83,2026-06-26T13:45,1547.77,13,1.08,1278.09,-9.1,-0.71,1268.99,Signal Flip
2378,5M_EMA_CONFIRMED_50_200,SHORT,2026-06-26T13:50,1544.78,2026-06-26T13:55,1556.76,1,0.08,1268.99,-9.84,-0.78,1259.15,Signal Flip
2379,5M_EMA_CONFIRMED_50_200,LONG,2026-06-26T15:55,1578.57,2026-06-26T18:30,1574.76,31,2.58,1259.15,-3.04,-0.24,1256.11,Signal Flip
2380,5M_EMA_CONFIRMED_50_200,LONG,2026-06-26T18:35,1578.19,2026-06-26T18:40,1573.54,1,0.08,1256.11,-3.7,-0.29,1252.41,Signal Flip
2381,5M_EMA_CONFIRMED_50_200,LONG,2026-06-26T18:45,1577.9,2026-06-26T18:50,1572.99,1,0.08,1252.41,-3.89,-0.31,1248.52,Signal Flip
2382,5M_EMA_CONFIRMED_50_200,LONG,2026-06-26T19:10,1584.31,2026-06-26T20:00,1573.72,10,0.83,1248.52,-8.34,-0.67,1240.18,Signal Flip
2383,5M_EMA_CONFIRMED_50_200,LONG,2026-06-26T20:05,1578.09,2026-06-26T20:10,1574.08,1,0.08,1240.18,-3.15,-0.25,1237.03,Signal Flip
2384,5M_EMA_CONFIRMED_50_200,LONG,2026-06-26T20:20,1578.11,2026-06-26T20:35,1570.81,3,0.25,1237.03,-5.72,-0.46,1231.31,Signal Flip
2385,5M_EMA_CONFIRMED_50_200,LONG,2026-06-26T21:45,1578.74,2026-06-26T22:05,1569.47,4,0.33,1231.31,-7.23,-0.59,1224.08,Signal Flip
2386,5M_EMA_CONFIRMED_50_200,LONG,2026-06-26T22:15,1576.09,2026-06-26T22:25,1573.8,2,0.17,1224.08,-1.77,-0.14,1222.31,Signal Flip
2387,5M_EMA_CONFIRMED_50_200,LONG,2026-06-26T22:40,1575.57,2026-06-27T00:35,1571.77,23,1.92,1222.31,-2.94,-0.24,1219.37,Signal Flip
2388,5M_EMA_CONFIRMED_50_200,LONG,2026-06-27T00:50,1577.79,2026-06-27T01:05,1573.45,3,0.25,1219.37,-3.35,-0.27,1216.02,Signal Flip
2389,5M_EMA_CONFIRMED_50_200,LONG,2026-06-27T01:25,1577.64,2026-06-27T01:40,1575.37,3,0.25,1216.02,-1.75,-0.14,1214.27,Signal Flip
2390,5M_EMA_CONFIRMED_50_200,LONG,2026-06-27T01:50,1577.34,2026-06-27T01:55,1575.0,1,0.08,1214.27,-1.8,-0.15,1212.47,Signal Flip
2391,5M_EMA_CONFIRMED_50_200,LONG,2026-06-27T02:05,1578.18,2026-06-27T03:15,1577.96,14,1.17,1212.47,-0.17,-0.01,1212.3,Signal Flip
2392,5M_EMA_CONFIRMED_50_200,LONG,2026-06-27T03:20,1583.55,2026-06-27T03:55,1578.39,7,0.58,1212.3,-3.95,-0.33,1208.35,Signal Flip
2393,5M_EMA_CONFIRMED_50_200,LONG,2026-06-27T04:00,1581.41,2026-06-27T04:55,1579.73,11,0.92,1208.35,-1.28,-0.11,1207.07,Signal Flip
2394,5M_EMA_CONFIRMED_50_200,LONG,2026-06-27T05:15,1581.9,2026-06-27T05:20,1578.86,1,0.08,1207.07,-2.32,-0.19,1204.75,Signal Flip
2395,5M_EMA_CONFIRMED_50_200,LONG,2026-06-27T06:35,1581.48,2026-06-27T09:15,1580.01,32,2.67,1204.75,-1.12,-0.09,1203.63,Signal Flip
2396,5M_EMA_CONFIRMED_50_200,LONG,2026-06-27T09:35,1582.99,2026-06-27T09:40,1581.18,1,0.08,1203.63,-1.38,-0.11,1202.25,Signal Flip
2397,5M_EMA_CONFIRMED_50_200,LONG,2026-06-27T10:00,1583.72,2026-06-27T11:20,1580.63,16,1.33,1202.25,-2.35,-0.2,1199.9,Signal Flip
2398,5M_EMA_CONFIRMED_50_200,LONG,2026-06-27T11:50,1584.91,2026-06-27T12:15,1581.85,5,0.42,1199.9,-2.32,-0.19,1197.58,Signal Flip
2399,5M_EMA_CONFIRMED_50_200,LONG,2026-06-27T12:20,1583.79,2026-06-27T12:40,1581.13,4,0.33,1197.58,-2.01,-0.17,1195.57,Signal Flip
2400,5M_EMA_CONFIRMED_50_200,LONG,2026-06-27T12:50,1585.19,2026-06-27T17:05,1588.62,51,4.25,1195.57,2.58,0.22,1198.15,Signal Flip
2401,5M_EMA_CONFIRMED_50_200,SHORT,2026-06-27T21:05,1581.69,2026-06-28T02:05,1578.38,60,5.0,1198.15,2.51,0.21,1200.66,Signal Flip
2402,5M_EMA_CONFIRMED_50_200,SHORT,2026-06-28T02:25,1569.26,2026-06-28T03:15,1576.43,10,0.83,1200.66,-5.48,-0.46,1195.18,Signal Flip
2403,5M_EMA_CONFIRMED_50_200,SHORT,2026-06-28T03:20,1573.96,2026-06-28T04:00,1575.87,8,0.67,1195.18,-1.45,-0.12,1193.73,Signal Flip
2404,5M_EMA_CONFIRMED_50_200,SHORT,2026-06-28T04:05,1573.13,2026-06-28T04:25,1576.1,4,0.33,1193.73,-2.25,-0.19,1191.48,Signal Flip
2405,5M_EMA_CONFIRMED_50_200,SHORT,2026-06-28T04:30,1573.58,2026-06-28T04:45,1576.26,3,0.25,1191.48,-2.03,-0.17,1189.46,Signal Flip
2406,5M_EMA_CONFIRMED_50_200,SHORT,2026-06-28T05:00,1573.53,2026-06-28T07:05,1572.29,25,2.08,1189.46,0.94,0.08,1190.4,Signal Flip
2407,5M_EMA_CONFIRMED_50_200,SHORT,2026-06-28T10:25,1575.69,2026-06-28T10:55,1578.15,6,0.5,1190.4,-1.86,-0.16,1188.54,Signal Flip
2408,5M_EMA_CONFIRMED_50_200,SHORT,2026-06-28T11:10,1575.36,2026-06-28T11:20,1579.16,2,0.17,1188.54,-2.86,-0.24,1185.68,Signal Flip
2409,5M_EMA_CONFIRMED_50_200,LONG,2026-06-28T11:40,1582.42,2026-06-28T13:05,1575.07,17,1.42,1185.68,-5.51,-0.46,1180.17,Signal Flip
2410,5M_EMA_CONFIRMED_50_200,LONG,2026-06-28T13:15,1581.07,2026-06-28T13:20,1578.4,1,0.08,1180.17,-1.99,-0.17,1178.18,Signal Flip
2411,5M_EMA_CONFIRMED_50_200,LONG,2026-06-28T13:25,1582.04,2026-06-28T14:00,1578.89,7,0.58,1178.18,-2.35,-0.2,1175.83,Signal Flip
2412,5M_EMA_CONFIRMED_50_200,LONG,2026-06-28T14:10,1582.34,2026-06-28T15:10,1578.39,12,1.0,1175.83,-2.94,-0.25,1172.9,Signal Flip
2413,5M_EMA_CONFIRMED_50_200,LONG,2026-06-28T15:15,1584.4,2026-06-28T15:40,1579.94,5,0.42,1172.9,-3.3,-0.28,1169.59,Signal Flip
2414,5M_EMA_CONFIRMED_50_200,LONG,2026-06-28T15:45,1582.67,2026-06-28T15:50,1578.65,1,0.08,1169.59,-2.97,-0.25,1166.62,Signal Flip
2415,5M_EMA_CONFIRMED_50_200,SHORT,2026-06-28T16:55,1570.61,2026-06-28T20:15,1573.71,40,3.33,1166.62,-2.3,-0.2,1164.33,Signal Flip
2416,5M_EMA_CONFIRMED_50_200,SHORT,2026-06-28T21:05,1570.51,2026-06-28T21:10,1572.73,1,0.08,1164.33,-1.64,-0.14,1162.69,Signal Flip
2417,5M_EMA_CONFIRMED_50_200,SHORT,2026-06-28T21:15,1570.06,2026-06-28T21:35,1572.54,4,0.33,1162.69,-1.83,-0.16,1160.86,Signal Flip
2418,5M_EMA_CONFIRMED_50_200,SHORT,2026-06-28T21:40,1569.63,2026-06-28T22:05,1577.93,5,0.42,1160.86,-6.13,-0.53,1154.72,Signal Flip
2419,5M_EMA_CONFIRMED_50_200,SHORT,2026-06-28T22:20,1562.98,2026-06-28T23:30,1570.84,14,1.17,1154.72,-5.8,-0.5,1148.92,Signal Flip
2420,5M_EMA_CONFIRMED_50_200,SHORT,2026-06-29T00:05,1566.48,2026-06-29T00:15,1570.93,2,0.17,1148.92,-3.26,-0.28,1145.65,Signal Flip
2421,5M_EMA_CONFIRMED_50_200,SHORT,2026-06-29T00:20,1565.45,2026-06-29T01:00,1574.32,8,0.67,1145.65,-6.49,-0.57,1139.16,Signal Flip
2422,5M_EMA_CONFIRMED_50_200,SHORT,2026-06-29T01:05,1565.58,2026-06-29T01:10,1569.83,1,0.08,1139.16,-3.1,-0.27,1136.07,Signal Flip
2423,5M_EMA_CONFIRMED_50_200,SHORT,2026-06-29T01:15,1566.65,2026-06-29T01:40,1570.87,5,0.42,1136.07,-3.06,-0.27,1133.01,Signal Flip
2424,5M_EMA_CONFIRMED_50_200,SHORT,2026-06-29T02:05,1566.37,2026-06-29T02:25,1567.69,4,0.33,1133.01,-0.96,-0.08,1132.05,Signal Flip
2425,5M_EMA_CONFIRMED_50_200,LONG,2026-06-29T03:35,1585.03,2026-06-29T05:00,1574.71,17,1.42,1132.05,-7.37,-0.65,1124.68,Signal Flip
2426,5M_EMA_CONFIRMED_50_200,LONG,2026-06-29T05:45,1578.82,2026-06-29T08:20,1578.46,31,2.58,1124.68,-0.26,-0.02,1124.42,Signal Flip
2427,5M_EMA_CONFIRMED_50_200,LONG,2026-06-29T10:05,1579.92,2026-06-29T10:50,1577.06,9,0.75,1124.42,-2.03,-0.18,1122.39,Signal Flip
2428,5M_EMA_CONFIRMED_50_200,LONG,2026-06-29T11:00,1579.39,2026-06-29T11:05,1576.07,1,0.08,1122.39,-2.36,-0.21,1120.03,Signal Flip
2429,5M_EMA_CONFIRMED_50_200,LONG,2026-06-29T12:05,1581.27,2026-06-29T12:40,1573.53,7,0.58,1120.03,-5.48,-0.49,1114.55,Signal Flip
2430,5M_EMA_CONFIRMED_50_200,LONG,2026-06-29T13:05,1582.62,2026-06-29T13:30,1574.45,5,0.42,1114.55,-5.75,-0.52,1108.8,Signal Flip
2431,5M_EMA_CONFIRMED_50_200,LONG,2026-06-29T13:35,1583.67,2026-06-29T13:40,1572.18,1,0.08,1108.8,-8.04,-0.73,1100.75,Signal Flip
2432,5M_EMA_CONFIRMED_50_200,SHORT,2026-06-29T14:20,1562.17,2026-06-29T14:35,1576.11,3,0.25,1100.75,-9.82,-0.89,1090.93,Signal Flip
2433,5M_EMA_CONFIRMED_50_200,SHORT,2026-06-29T14:40,1573.4,2026-06-29T15:30,1574.99,10,0.83,1090.93,-1.1,-0.1,1089.83,Signal Flip
2434,5M_EMA_CONFIRMED_50_200,SHORT,2026-06-29T16:30,1574.14,2026-06-29T16:35,1577.95,1,0.08,1089.83,-2.64,-0.24,1087.2,Signal Flip
2435,5M_EMA_CONFIRMED_50_200,LONG,2026-06-29T16:45,1586.28,2026-06-29T21:05,1613.61,52,4.33,1087.2,18.73,1.72,1105.93,Signal Flip
2436,5M_EMA_CONFIRMED_50_200,LONG,2026-06-29T21:15,1620.43,2026-06-29T21:25,1615.25,2,0.17,1105.93,-3.53,-0.32,1102.39,Signal Flip
2437,5M_EMA_CONFIRMED_50_200,LONG,2026-06-29T21:35,1620.04,2026-06-29T22:35,1614.73,12,1.0,1102.39,-3.61,-0.33,1098.78,Signal Flip
2438,5M_EMA_CONFIRMED_50_200,SHORT,2026-06-30T03:10,1592.07,2026-06-30T06:00,1592.41,34,2.83,1098.78,-0.23,-0.02,1098.55,Signal Flip
2439,5M_EMA_CONFIRMED_50_200,SHORT,2026-06-30T06:05,1589.88,2026-06-30T06:30,1595.07,5,0.42,1098.55,-3.58,-0.33,1094.97,Signal Flip
2440,5M_EMA_CONFIRMED_50_200,SHORT,2026-06-30T07:10,1590.9,2026-06-30T07:15,1592.74,1,0.08,1094.97,-1.26,-0.12,1093.71,Signal Flip
2441,5M_EMA_CONFIRMED_50_200,SHORT,2026-06-30T07:20,1590.49,2026-06-30T07:35,1593.74,3,0.25,1093.71,-2.23,-0.2,1091.48,Signal Flip
2442,5M_EMA_CONFIRMED_50_200,SHORT,2026-06-30T07:45,1590.95,2026-06-30T07:50,1594.21,1,0.08,1091.48,-2.23,-0.2,1089.25,Signal Flip
2443,5M_EMA_CONFIRMED_50_200,SHORT,2026-06-30T08:10,1590.26,2026-06-30T14:05,1572.89,71,5.92,1089.25,11.9,1.09,1101.15,Signal Flip
2444,5M_EMA_CONFIRMED_50_200,SHORT,2026-06-30T14:40,1565.71,2026-06-30T14:45,1573.41,1,0.08,1101.15,-5.42,-0.49,1095.74,Signal Flip
2445,5M_EMA_CONFIRMED_50_200,SHORT,2026-06-30T14:50,1564.22,2026-06-30T15:50,1573.06,12,1.0,1095.74,-6.19,-0.57,1089.55,Signal Flip
2446,5M_EMA_CONFIRMED_50_200,SHORT,2026-06-30T15:55,1567.39,2026-06-30T16:10,1571.55,3,0.25,1089.55,-2.89,-0.27,1086.66,Signal Flip
2447,5M_EMA_CONFIRMED_50_200,SHORT,2026-06-30T16:15,1565.84,2026-06-30T16:40,1571.0,5,0.42,1086.66,-3.58,-0.33,1083.08,Signal Flip
2448,5M_EMA_CONFIRMED_50_200,SHORT,2026-06-30T16:45,1565.77,2026-06-30T16:50,1571.19,1,0.08,1083.08,-3.75,-0.35,1079.33,Signal Flip
2449,5M_EMA_CONFIRMED_50_200,SHORT,2026-06-30T17:50,1568.22,2026-06-30T17:55,1571.82,1,0.08,1079.33,-2.48,-0.23,1076.85,Signal Flip
2450,5M_EMA_CONFIRMED_50_200,SHORT,2026-06-30T20:35,1574.76,2026-06-30T20:40,1576.63,1,0.08,1076.85,-1.28,-0.12,1075.57,Signal Flip
2451,5M_EMA_CONFIRMED_50_200,SHORT,2026-06-30T20:45,1573.49,2026-06-30T20:50,1577.32,1,0.08,1075.57,-2.61,-0.24,1072.96,Signal Flip
2452,5M_EMA_CONFIRMED_50_200,SHORT,2026-06-30T21:05,1574.81,2026-06-30T22:20,1575.44,15,1.25,1072.96,-0.43,-0.04,1072.53,Signal Flip
2453,5M_EMA_CONFIRMED_50_200,SHORT,2026-06-30T22:25,1571.75,2026-06-30T23:55,1572.8,18,1.5,1072.53,-0.71,-0.07,1071.82,End of Period Settlement
