Logic,Fast_EMA,Slow_EMA,Y_Factor,Y_Value,X_Pct,Initial_Capital,Final_Equity,Total_Return_Pct,Max_Drawdown_Pct,Sharpe,Win_Rate_Pct,Profit_Factor,Total_Trades_Closed,Total_Series_Adds,M_Jan,M_Feb,M_Mar,M_Apr,M_May,M_Jun,M_Jul,M_Aug
EMA_CROSS_SAR,209,223,BARS_ELAPSED,1.0,5,10000.0,17511.29,75.11,22.0,2.16,43.75,3.89,16,1516,15.53,13.92,-8.41,3.64,2.4,17.38,-1.06,18.84
EMA_CROSS_SAR,209,223,BARS_ELAPSED,1.0,10,10000.0,18215.16,82.15,21.09,2.25,43.75,4.11,16,897,16.52,13.96,-8.46,4.59,2.07,17.32,-0.75,21.58
EMA_CROSS_SAR,209,223,BARS_ELAPSED,1.0,15,10000.0,18466.79,84.67,20.77,2.28,43.75,4.27,16,619,16.75,13.99,-7.91,4.71,1.86,17.32,-0.58,22.15
EMA_CROSS_SAR,209,223,BARS_ELAPSED,1.0,20,10000.0,18593.05,85.93,20.78,2.29,43.75,4.38,16,471,16.85,14.0,-7.38,4.61,1.66,17.34,-0.5,22.4
EMA_CROSS_SAR,209,223,BARS_ELAPSED,1.0,25,10000.0,18677.3,86.77,20.86,2.3,43.75,4.47,16,380,16.92,13.99,-6.94,4.48,1.48,17.36,-0.46,22.6
EMA_CROSS_SAR,209,223,BARS_ELAPSED,1.0,30,10000.0,18744.14,87.44,20.97,2.31,43.75,4.54,16,317,17.0,13.98,-6.57,4.36,1.33,17.37,-0.45,22.78
EMA_CROSS_SAR,209,223,BARS_ELAPSED,1.0,50,10000.0,18933.7,89.34,21.41,2.34,43.75,4.8,16,177,17.25,13.94,-5.5,3.97,0.98,17.4,-0.49,23.33
EMA_CROSS_SAR,209,223,BARS_ELAPSED,1.0,100,10000.0,19096.69,90.97,22.35,2.36,43.75,5.14,16,16,17.68,13.88,-4.47,3.08,0.77,17.44,-0.6,24.07
EMA_CROSS_SAR,209,223,BARS_ELAPSED,2.0,5,10000.0,16674.23,66.74,22.1,2.05,43.75,3.83,16,1263,13.89,13.99,-6.98,2.21,2.85,17.64,-1.3,14.02
EMA_CROSS_SAR,209,223,BARS_ELAPSED,2.0,10,10000.0,17538.88,75.39,22.18,2.16,43.75,3.89,16,807,15.6,13.95,-8.41,3.57,2.28,17.4,-1.03,19.09
EMA_CROSS_SAR,209,223,BARS_ELAPSED,2.0,15,10000.0,17988.86,79.89,21.68,2.21,43.75,4.02,16,612,16.29,13.96,-8.58,4.17,2.08,17.35,-0.84,21.01
EMA_CROSS_SAR,209,223,BARS_ELAPSED,2.0,20,10000.0,18240.23,82.4,21.3,2.25,43.75,4.13,16,468,16.61,13.97,-8.38,4.41,1.95,17.34,-0.69,21.78
EMA_CROSS_SAR,209,223,BARS_ELAPSED,2.0,25,10000.0,18390.63,83.91,21.12,2.26,43.75,4.22,16,377,16.79,13.98,-8.07,4.45,1.84,17.34,-0.58,22.14
EMA_CROSS_SAR,209,223,BARS_ELAPSED,2.0,30,10000.0,18490.96,84.91,21.11,2.28,43.75,4.29,16,312,16.9,13.99,-7.74,4.4,1.72,17.34,-0.51,22.37
EMA_CROSS_SAR,209,223,BARS_ELAPSED,2.0,50,10000.0,18731.11,87.31,21.4,2.31,43.75,4.55,16,174,17.2,13.96,-6.57,3.95,1.29,17.38,-0.41,23.01
EMA_CROSS_SAR,209,223,BARS_ELAPSED,2.0,100,10000.0,19096.69,90.97,22.35,2.36,43.75,5.14,16,16,17.68,13.88,-4.47,3.08,0.77,17.44,-0.6,24.07
EMA_CROSS_SAR,209,223,BARS_ELAPSED,4.0,5,10000.0,15704.73,57.05,20.84,1.93,50.0,3.67,16,1010,11.56,14.06,-5.36,0.49,3.44,18.14,-1.81,8.91
EMA_CROSS_SAR,209,223,BARS_ELAPSED,4.0,10,10000.0,16761.66,67.62,22.07,2.06,43.75,3.86,16,670,14.14,13.98,-6.82,2.25,2.84,17.63,-1.33,14.19
EMA_CROSS_SAR,209,223,BARS_ELAPSED,4.0,15,10000.0,17315.14,73.15,22.26,2.13,43.75,3.91,16,521,15.28,13.94,-7.67,3.07,2.48,17.46,-1.17,17.41
EMA_CROSS_SAR,209,223,BARS_ELAPSED,4.0,20,10000.0,17709.78,77.1,22.08,2.18,43.75,3.99,16,420,15.99,13.92,-7.98,3.57,2.28,17.39,-1.05,19.36
EMA_CROSS_SAR,209,223,BARS_ELAPSED,4.0,25,10000.0,17999.62,80.0,21.82,2.22,43.75,4.08,16,358,16.45,13.91,-8.0,3.89,2.16,17.36,-0.94,20.55
EMA_CROSS_SAR,209,223,BARS_ELAPSED,4.0,30,10000.0,18212.82,82.13,21.59,2.25,43.75,4.18,16,309,16.75,13.91,-7.86,4.08,2.06,17.35,-0.85,21.28
EMA_CROSS_SAR,209,223,BARS_ELAPSED,4.0,50,10000.0,18662.27,86.62,21.35,2.3,43.75,4.5,16,173,17.28,13.92,-6.84,4.11,1.67,17.36,-0.62,22.5
EMA_CROSS_SAR,209,223,BARS_ELAPSED,4.0,100,10000.0,19096.69,90.97,22.35,2.36,43.75,5.14,16,16,17.68,13.88,-4.47,3.08,0.77,17.44,-0.6,24.07
EMA_CROSS_SAR,209,223,BARS_ELAPSED,6.0,5,10000.0,14893.35,48.93,19.75,1.8,50.0,3.39,16,808,9.41,13.82,-5.12,-0.55,3.51,18.4,-2.46,6.67
EMA_CROSS_SAR,209,223,BARS_ELAPSED,6.0,10,10000.0,16198.28,61.98,21.66,1.99,50.0,3.77,16,583,12.74,14.08,-5.95,1.32,3.04,17.88,-1.53,11.32
EMA_CROSS_SAR,209,223,BARS_ELAPSED,6.0,15,10000.0,16778.63,67.79,22.31,2.06,43.75,3.82,16,458,14.06,14.03,-6.89,2.28,2.57,17.62,-1.31,14.7
EMA_CROSS_SAR,209,223,BARS_ELAPSED,6.0,20,10000.0,17179.41,71.79,22.51,2.11,43.75,3.86,16,382,14.86,14.01,-7.46,2.84,2.23,17.5,-1.2,17.12
EMA_CROSS_SAR,209,223,BARS_ELAPSED,6.0,25,10000.0,17497.05,74.97,22.48,2.15,43.75,3.92,16,325,15.41,14.0,-7.73,3.22,2.0,17.44,-1.1,18.84
EMA_CROSS_SAR,209,223,BARS_ELAPSED,6.0,30,10000.0,17754.26,77.54,22.35,2.18,43.75,4.0,16,280,15.82,14.0,-7.8,3.49,1.83,17.42,-1.02,20.07
EMA_CROSS_SAR,209,223,BARS_ELAPSED,6.0,50,10000.0,18393.76,83.94,21.85,2.26,43.75,4.33,16,172,16.69,14.01,-7.14,3.87,1.42,17.4,-0.76,22.35
EMA_CROSS_SAR,209,223,BARS_ELAPSED,6.0,100,10000.0,19096.69,90.97,22.35,2.36,43.75,5.14,16,16,17.68,13.88,-4.47,3.08,0.77,17.44,-0.6,24.07
EMA_CROSS_SAR,209,223,BARS_ELAPSED,12.0,5,10000.0,13265.14,32.65,16.53,1.48,37.5,2.57,16,477,5.57,11.99,-5.33,-1.8,3.31,17.79,-4.14,3.95
EMA_CROSS_SAR,209,223,BARS_ELAPSED,12.0,10,10000.0,15031.34,50.31,20.07,1.83,50.0,3.44,16,420,9.79,13.85,-5.16,-0.63,3.64,18.35,-2.25,7.1
EMA_CROSS_SAR,209,223,BARS_ELAPSED,12.0,15,10000.0,15894.76,58.95,21.38,1.95,50.0,3.71,16,364,12.01,14.09,-5.46,0.44,3.38,18.05,-1.58,9.83
EMA_CROSS_SAR,209,223,BARS_ELAPSED,12.0,20,10000.0,16399.09,63.99,22.09,2.02,50.0,3.83,16,305,13.25,14.07,-5.94,1.19,3.05,17.8,-1.31,12.18
EMA_CROSS_SAR,209,223,BARS_ELAPSED,12.0,25,10000.0,16757.09,67.57,22.53,2.06,50.0,3.9,16,264,14.06,14.04,-6.4,1.71,2.73,17.65,-1.17,14.18
EMA_CROSS_SAR,209,223,BARS_ELAPSED,12.0,30,10000.0,17047.25,70.47,22.79,2.1,43.75,3.94,16,234,14.66,14.01,-6.73,2.09,2.45,17.55,-1.07,15.88
EMA_CROSS_SAR,209,223,BARS_ELAPSED,12.0,50,10000.0,17923.61,79.24,22.88,2.21,43.75,4.18,16,155,16.17,13.98,-6.96,2.93,1.73,17.41,-0.83,20.34
EMA_CROSS_SAR,209,223,BARS_ELAPSED,12.0,100,10000.0,19096.69,90.97,22.35,2.36,43.75,5.14,16,16,17.68,13.88,-4.47,3.08,0.77,17.44,-0.6,24.07
EMA_CROSS_SAR,209,223,BARS_ELAPSED,24.0,5,10000.0,11838.6,18.39,12.51,1.12,37.5,1.86,16,244,3.13,8.66,-5.08,-1.71,2.34,14.86,-5.7,2.49
EMA_CROSS_SAR,209,223,BARS_ELAPSED,24.0,10,10000.0,13484.36,34.84,16.86,1.54,37.5,2.68,16,244,6.39,12.05,-5.31,-1.6,3.19,17.84,-4.15,4.65
EMA_CROSS_SAR,209,223,BARS_ELAPSED,24.0,15,10000.0,14619.67,46.2,19.19,1.77,43.75,3.28,16,237,9.04,13.35,-5.12,-0.98,3.38,18.35,-2.99,6.67
EMA_CROSS_SAR,209,223,BARS_ELAPSED,24.0,20,10000.0,15397.42,53.97,20.46,1.9,50.0,3.6,16,217,10.98,13.82,-5.04,-0.28,3.27,18.29,-2.33,8.57
EMA_CROSS_SAR,209,223,BARS_ELAPSED,24.0,25,10000.0,15949.67,59.5,21.25,1.98,50.0,3.78,16,202,12.35,13.95,-5.11,0.35,3.05,18.11,-1.95,10.37
EMA_CROSS_SAR,209,223,BARS_ELAPSED,24.0,30,10000.0,16363.95,63.64,21.78,2.04,50.0,3.9,16,186,13.34,13.97,-5.25,0.88,2.78,17.95,-1.73,12.04
EMA_CROSS_SAR,209,223,BARS_ELAPSED,24.0,50,10000.0,17449.03,74.49,22.79,2.17,43.75,4.2,16,128,15.55,13.88,-5.84,2.21,1.78,17.59,-1.32,17.59
EMA_CROSS_SAR,209,223,BARS_ELAPSED,24.0,100,10000.0,19096.69,90.97,22.35,2.36,43.75,5.14,16,16,17.68,13.88,-4.47,3.08,0.77,17.44,-0.6,24.07
EMA_CROSS_SAR,209,223,BARS_ELAPSED,48.0,5,10000.0,10987.0,9.87,9.14,0.87,37.5,1.49,16,128,1.84,5.3,-3.67,-1.16,1.5,10.62,-5.2,1.31
EMA_CROSS_SAR,209,223,BARS_ELAPSED,48.0,10,10000.0,12111.95,21.12,12.13,1.23,37.5,2.02,16,128,3.81,8.7,-4.6,-1.53,2.46,15.13,-5.23,2.56
EMA_CROSS_SAR,209,223,BARS_ELAPSED,48.0,15,10000.0,13126.38,31.26,15.02,1.49,37.5,2.55,16,128,5.73,10.85,-4.67,-1.46,3.04,17.09,-4.35,3.78
EMA_CROSS_SAR,209,223,BARS_ELAPSED,48.0,20,10000.0,13982.8,39.83,16.96,1.67,43.75,3.03,16,128,7.51,12.18,-4.5,-1.17,3.35,17.9,-3.48,5.0
EMA_CROSS_SAR,209,223,BARS_ELAPSED,48.0,25,10000.0,14690.7,46.91,18.29,1.8,50.0,3.39,16,128,9.07,12.99,-4.3,-0.77,3.48,18.19,-2.8,6.21
EMA_CROSS_SAR,209,223,BARS_ELAPSED,48.0,30,10000.0,15273.49,52.73,19.24,1.9,50.0,3.64,16,124,10.41,13.47,-4.14,-0.36,3.49,18.23,-2.29,7.44
EMA_CROSS_SAR,209,223,BARS_ELAPSED,48.0,50,10000.0,16798.91,67.99,21.26,2.11,50.0,4.2,16,102,13.86,14.01,-4.05,1.08,2.92,17.81,-1.33,12.38
EMA_CROSS_SAR,209,223,BARS_ELAPSED,48.0,100,10000.0,19096.69,90.97,22.35,2.36,43.75,5.14,16,16,17.68,13.88,-4.47,3.08,0.77,17.44,-0.6,24.07
EMA_CROSS_SAR,209,223,BARS_ELAPSED,72.0,5,10000.0,10678.86,6.79,7.21,0.77,43.75,1.51,16,88,1.21,4.07,-3.23,-0.61,1.0,8.16,-4.67,1.38
EMA_CROSS_SAR,209,223,BARS_ELAPSED,72.0,10,10000.0,11486.0,14.86,10.78,1.06,43.75,1.87,16,88,2.56,7.01,-4.68,-0.88,1.71,12.75,-5.7,2.73
EMA_CROSS_SAR,209,223,BARS_ELAPSED,72.0,15,10000.0,12301.84,23.02,12.58,1.29,43.75,2.24,16,88,3.99,9.13,-5.26,-0.92,2.19,15.34,-5.47,4.03
EMA_CROSS_SAR,209,223,BARS_ELAPSED,72.0,20,10000.0,13075.09,30.75,14.45,1.48,43.75,2.63,16,88,5.43,10.65,-5.41,-0.79,2.5,16.81,-4.86,5.31
EMA_CROSS_SAR,209,223,BARS_ELAPSED,72.0,25,10000.0,13786.08,37.86,16.11,1.63,50.0,2.98,16,88,6.84,11.74,-5.35,-0.55,2.66,17.62,-4.19,6.56
EMA_CROSS_SAR,209,223,BARS_ELAPSED,72.0,30,10000.0,14429.86,44.3,17.38,1.76,50.0,3.3,16,88,8.18,12.52,-5.19,-0.25,2.72,18.04,-3.57,7.8
EMA_CROSS_SAR,209,223,BARS_ELAPSED,72.0,50,10000.0,16400.81,64.01,20.24,2.08,50.0,4.21,16,81,12.52,13.81,-4.51,1.1,2.38,18.17,-1.97,12.64
EMA_CROSS_SAR,209,223,BARS_ELAPSED,72.0,100,10000.0,19096.69,90.97,22.35,2.36,43.75,5.14,16,16,17.68,13.88,-4.47,3.08,0.77,17.44,-0.6,24.07
EMA_CROSS_SAR,209,223,BARS_ELAPSED,168.0,5,10000.0,10425.89,4.26,4.38,0.85,37.5,1.83,16,44,1.03,2.06,-1.91,-0.32,0.35,4.54,-2.59,1.29
EMA_CROSS_SAR,209,223,BARS_ELAPSED,168.0,10,10000.0,10913.49,9.13,7.53,1.04,37.5,2.0,16,44,2.07,3.91,-3.23,-0.55,0.65,8.06,-4.0,2.56
EMA_CROSS_SAR,209,223,BARS_ELAPSED,168.0,15,10000.0,11440.99,14.41,9.82,1.2,43.75,2.18,16,44,3.13,5.55,-4.12,-0.71,0.91,10.79,-4.65,3.82
EMA_CROSS_SAR,209,223,BARS_ELAPSED,168.0,20,10000.0,11991.8,19.92,11.48,1.36,43.75,2.36,16,44,4.2,6.99,-4.69,-0.8,1.11,12.88,-4.84,5.06
EMA_CROSS_SAR,209,223,BARS_ELAPSED,168.0,25,10000.0,12553.31,25.53,12.68,1.49,43.75,2.55,16,44,5.28,8.25,-5.03,-0.83,1.28,14.46,-4.75,6.29
EMA_CROSS_SAR,209,223,BARS_ELAPSED,168.0,30,10000.0,13116.02,31.16,13.57,1.62,43.75,2.76,16,44,6.36,9.33,-5.2,-0.8,1.4,15.64,-4.49,7.51
EMA_CROSS_SAR,209,223,BARS_ELAPSED,168.0,50,10000.0,15261.79,52.62,17.99,2.0,43.75,3.59,16,44,10.62,12.23,-5.0,-0.23,1.58,17.85,-3.01,12.31
EMA_CROSS_SAR,209,223,BARS_ELAPSED,168.0,100,10000.0,19096.69,90.97,22.35,2.36,43.75,5.14,16,16,17.68,13.88,-4.47,3.08,0.77,17.44,-0.6,24.07
EMA_CROSS_SAR,209,223,HOURS_ELAPSED,1.0,5,10000.0,17511.29,75.11,22.0,2.16,43.75,3.89,16,1516,15.53,13.92,-8.41,3.64,2.4,17.38,-1.06,18.84
EMA_CROSS_SAR,209,223,HOURS_ELAPSED,1.0,10,10000.0,18215.16,82.15,21.09,2.25,43.75,4.11,16,897,16.52,13.96,-8.46,4.59,2.07,17.32,-0.75,21.58
EMA_CROSS_SAR,209,223,HOURS_ELAPSED,1.0,15,10000.0,18466.79,84.67,20.77,2.28,43.75,4.27,16,619,16.75,13.99,-7.91,4.71,1.86,17.32,-0.58,22.15
EMA_CROSS_SAR,209,223,HOURS_ELAPSED,1.0,20,10000.0,18593.05,85.93,20.78,2.29,43.75,4.38,16,471,16.85,14.0,-7.38,4.61,1.66,17.34,-0.5,22.4
EMA_CROSS_SAR,209,223,HOURS_ELAPSED,1.0,25,10000.0,18677.3,86.77,20.86,2.3,43.75,4.47,16,380,16.92,13.99,-6.94,4.48,1.48,17.36,-0.46,22.6
EMA_CROSS_SAR,209,223,HOURS_ELAPSED,1.0,30,10000.0,18744.14,87.44,20.97,2.31,43.75,4.54,16,317,17.0,13.98,-6.57,4.36,1.33,17.37,-0.45,22.78
EMA_CROSS_SAR,209,223,HOURS_ELAPSED,1.0,50,10000.0,18933.7,89.34,21.41,2.34,43.75,4.8,16,177,17.25,13.94,-5.5,3.97,0.98,17.4,-0.49,23.33
EMA_CROSS_SAR,209,223,HOURS_ELAPSED,1.0,100,10000.0,19096.69,90.97,22.35,2.36,43.75,5.14,16,16,17.68,13.88,-4.47,3.08,0.77,17.44,-0.6,24.07
EMA_CROSS_SAR,209,223,HOURS_ELAPSED,2.0,5,10000.0,16674.23,66.74,22.1,2.05,43.75,3.83,16,1263,13.89,13.99,-6.98,2.21,2.85,17.64,-1.3,14.02
EMA_CROSS_SAR,209,223,HOURS_ELAPSED,2.0,10,10000.0,17538.88,75.39,22.18,2.16,43.75,3.89,16,807,15.6,13.95,-8.41,3.57,2.28,17.4,-1.03,19.09
EMA_CROSS_SAR,209,223,HOURS_ELAPSED,2.0,15,10000.0,17988.86,79.89,21.68,2.21,43.75,4.02,16,612,16.29,13.96,-8.58,4.17,2.08,17.35,-0.84,21.01
EMA_CROSS_SAR,209,223,HOURS_ELAPSED,2.0,20,10000.0,18240.23,82.4,21.3,2.25,43.75,4.13,16,468,16.61,13.97,-8.38,4.41,1.95,17.34,-0.69,21.78
EMA_CROSS_SAR,209,223,HOURS_ELAPSED,2.0,25,10000.0,18390.63,83.91,21.12,2.26,43.75,4.22,16,377,16.79,13.98,-8.07,4.45,1.84,17.34,-0.58,22.14
EMA_CROSS_SAR,209,223,HOURS_ELAPSED,2.0,30,10000.0,18490.96,84.91,21.11,2.28,43.75,4.29,16,312,16.9,13.99,-7.74,4.4,1.72,17.34,-0.51,22.37
EMA_CROSS_SAR,209,223,HOURS_ELAPSED,2.0,50,10000.0,18731.11,87.31,21.4,2.31,43.75,4.55,16,174,17.2,13.96,-6.57,3.95,1.29,17.38,-0.41,23.01
EMA_CROSS_SAR,209,223,HOURS_ELAPSED,2.0,100,10000.0,19096.69,90.97,22.35,2.36,43.75,5.14,16,16,17.68,13.88,-4.47,3.08,0.77,17.44,-0.6,24.07
EMA_CROSS_SAR,209,223,HOURS_ELAPSED,4.0,5,10000.0,15704.73,57.05,20.84,1.93,50.0,3.67,16,1010,11.56,14.06,-5.36,0.49,3.44,18.14,-1.81,8.91
EMA_CROSS_SAR,209,223,HOURS_ELAPSED,4.0,10,10000.0,16761.66,67.62,22.07,2.06,43.75,3.86,16,670,14.14,13.98,-6.82,2.25,2.84,17.63,-1.33,14.19
EMA_CROSS_SAR,209,223,HOURS_ELAPSED,4.0,15,10000.0,17315.14,73.15,22.26,2.13,43.75,3.91,16,521,15.28,13.94,-7.67,3.07,2.48,17.46,-1.17,17.41
EMA_CROSS_SAR,209,223,HOURS_ELAPSED,4.0,20,10000.0,17709.78,77.1,22.08,2.18,43.75,3.99,16,420,15.99,13.92,-7.98,3.57,2.28,17.39,-1.05,19.36
EMA_CROSS_SAR,209,223,HOURS_ELAPSED,4.0,25,10000.0,17999.62,80.0,21.82,2.22,43.75,4.08,16,358,16.45,13.91,-8.0,3.89,2.16,17.36,-0.94,20.55
EMA_CROSS_SAR,209,223,HOURS_ELAPSED,4.0,30,10000.0,18212.82,82.13,21.59,2.25,43.75,4.18,16,309,16.75,13.91,-7.86,4.08,2.06,17.35,-0.85,21.28
EMA_CROSS_SAR,209,223,HOURS_ELAPSED,4.0,50,10000.0,18662.27,86.62,21.35,2.3,43.75,4.5,16,173,17.28,13.92,-6.84,4.11,1.67,17.36,-0.62,22.5
EMA_CROSS_SAR,209,223,HOURS_ELAPSED,4.0,100,10000.0,19096.69,90.97,22.35,2.36,43.75,5.14,16,16,17.68,13.88,-4.47,3.08,0.77,17.44,-0.6,24.07
EMA_CROSS_SAR,209,223,HOURS_ELAPSED,6.0,5,10000.0,14893.35,48.93,19.75,1.8,50.0,3.39,16,808,9.41,13.82,-5.12,-0.55,3.51,18.4,-2.46,6.67
EMA_CROSS_SAR,209,223,HOURS_ELAPSED,6.0,10,10000.0,16198.28,61.98,21.66,1.99,50.0,3.77,16,583,12.74,14.08,-5.95,1.32,3.04,17.88,-1.53,11.32
EMA_CROSS_SAR,209,223,HOURS_ELAPSED,6.0,15,10000.0,16778.63,67.79,22.31,2.06,43.75,3.82,16,458,14.06,14.03,-6.89,2.28,2.57,17.62,-1.31,14.7
EMA_CROSS_SAR,209,223,HOURS_ELAPSED,6.0,20,10000.0,17179.41,71.79,22.51,2.11,43.75,3.86,16,382,14.86,14.01,-7.46,2.84,2.23,17.5,-1.2,17.12
EMA_CROSS_SAR,209,223,HOURS_ELAPSED,6.0,25,10000.0,17497.05,74.97,22.48,2.15,43.75,3.92,16,325,15.41,14.0,-7.73,3.22,2.0,17.44,-1.1,18.84
EMA_CROSS_SAR,209,223,HOURS_ELAPSED,6.0,30,10000.0,17754.26,77.54,22.35,2.18,43.75,4.0,16,280,15.82,14.0,-7.8,3.49,1.83,17.42,-1.02,20.07
EMA_CROSS_SAR,209,223,HOURS_ELAPSED,6.0,50,10000.0,18393.76,83.94,21.85,2.26,43.75,4.33,16,172,16.69,14.01,-7.14,3.87,1.42,17.4,-0.76,22.35
EMA_CROSS_SAR,209,223,HOURS_ELAPSED,6.0,100,10000.0,19096.69,90.97,22.35,2.36,43.75,5.14,16,16,17.68,13.88,-4.47,3.08,0.77,17.44,-0.6,24.07
EMA_CROSS_SAR,209,223,HOURS_ELAPSED,12.0,5,10000.0,13265.14,32.65,16.53,1.48,37.5,2.57,16,477,5.57,11.99,-5.33,-1.8,3.31,17.79,-4.14,3.95
EMA_CROSS_SAR,209,223,HOURS_ELAPSED,12.0,10,10000.0,15031.34,50.31,20.07,1.83,50.0,3.44,16,420,9.79,13.85,-5.16,-0.63,3.64,18.35,-2.25,7.1
EMA_CROSS_SAR,209,223,HOURS_ELAPSED,12.0,15,10000.0,15894.76,58.95,21.38,1.95,50.0,3.71,16,364,12.01,14.09,-5.46,0.44,3.38,18.05,-1.58,9.83
EMA_CROSS_SAR,209,223,HOURS_ELAPSED,12.0,20,10000.0,16399.09,63.99,22.09,2.02,50.0,3.83,16,305,13.25,14.07,-5.94,1.19,3.05,17.8,-1.31,12.18
EMA_CROSS_SAR,209,223,HOURS_ELAPSED,12.0,25,10000.0,16757.09,67.57,22.53,2.06,50.0,3.9,16,264,14.06,14.04,-6.4,1.71,2.73,17.65,-1.17,14.18
EMA_CROSS_SAR,209,223,HOURS_ELAPSED,12.0,30,10000.0,17047.25,70.47,22.79,2.1,43.75,3.94,16,234,14.66,14.01,-6.73,2.09,2.45,17.55,-1.07,15.88
EMA_CROSS_SAR,209,223,HOURS_ELAPSED,12.0,50,10000.0,17923.61,79.24,22.88,2.21,43.75,4.18,16,155,16.17,13.98,-6.96,2.93,1.73,17.41,-0.83,20.34
EMA_CROSS_SAR,209,223,HOURS_ELAPSED,12.0,100,10000.0,19096.69,90.97,22.35,2.36,43.75,5.14,16,16,17.68,13.88,-4.47,3.08,0.77,17.44,-0.6,24.07
EMA_CROSS_SAR,209,223,HOURS_ELAPSED,24.0,5,10000.0,11838.6,18.39,12.51,1.12,37.5,1.86,16,244,3.13,8.66,-5.08,-1.71,2.34,14.86,-5.7,2.49
EMA_CROSS_SAR,209,223,HOURS_ELAPSED,24.0,10,10000.0,13484.36,34.84,16.86,1.54,37.5,2.68,16,244,6.39,12.05,-5.31,-1.6,3.19,17.84,-4.15,4.65
EMA_CROSS_SAR,209,223,HOURS_ELAPSED,24.0,15,10000.0,14619.67,46.2,19.19,1.77,43.75,3.28,16,237,9.04,13.35,-5.12,-0.98,3.38,18.35,-2.99,6.67
EMA_CROSS_SAR,209,223,HOURS_ELAPSED,24.0,20,10000.0,15397.42,53.97,20.46,1.9,50.0,3.6,16,217,10.98,13.82,-5.04,-0.28,3.27,18.29,-2.33,8.57
EMA_CROSS_SAR,209,223,HOURS_ELAPSED,24.0,25,10000.0,15949.67,59.5,21.25,1.98,50.0,3.78,16,202,12.35,13.95,-5.11,0.35,3.05,18.11,-1.95,10.37
EMA_CROSS_SAR,209,223,HOURS_ELAPSED,24.0,30,10000.0,16363.95,63.64,21.78,2.04,50.0,3.9,16,186,13.34,13.97,-5.25,0.88,2.78,17.95,-1.73,12.04
EMA_CROSS_SAR,209,223,HOURS_ELAPSED,24.0,50,10000.0,17449.03,74.49,22.79,2.17,43.75,4.2,16,128,15.55,13.88,-5.84,2.21,1.78,17.59,-1.32,17.59
EMA_CROSS_SAR,209,223,HOURS_ELAPSED,24.0,100,10000.0,19096.69,90.97,22.35,2.36,43.75,5.14,16,16,17.68,13.88,-4.47,3.08,0.77,17.44,-0.6,24.07
EMA_CROSS_SAR,209,223,HOURS_ELAPSED,48.0,5,10000.0,10987.0,9.87,9.14,0.87,37.5,1.49,16,128,1.84,5.3,-3.67,-1.16,1.5,10.62,-5.2,1.31
EMA_CROSS_SAR,209,223,HOURS_ELAPSED,48.0,10,10000.0,12111.95,21.12,12.13,1.23,37.5,2.02,16,128,3.81,8.7,-4.6,-1.53,2.46,15.13,-5.23,2.56
EMA_CROSS_SAR,209,223,HOURS_ELAPSED,48.0,15,10000.0,13126.38,31.26,15.02,1.49,37.5,2.55,16,128,5.73,10.85,-4.67,-1.46,3.04,17.09,-4.35,3.78
EMA_CROSS_SAR,209,223,HOURS_ELAPSED,48.0,20,10000.0,13982.8,39.83,16.96,1.67,43.75,3.03,16,128,7.51,12.18,-4.5,-1.17,3.35,17.9,-3.48,5.0
EMA_CROSS_SAR,209,223,HOURS_ELAPSED,48.0,25,10000.0,14690.7,46.91,18.29,1.8,50.0,3.39,16,128,9.07,12.99,-4.3,-0.77,3.48,18.19,-2.8,6.21
EMA_CROSS_SAR,209,223,HOURS_ELAPSED,48.0,30,10000.0,15273.49,52.73,19.24,1.9,50.0,3.64,16,124,10.41,13.47,-4.14,-0.36,3.49,18.23,-2.29,7.44
EMA_CROSS_SAR,209,223,HOURS_ELAPSED,48.0,50,10000.0,16798.91,67.99,21.26,2.11,50.0,4.2,16,102,13.86,14.01,-4.05,1.08,2.92,17.81,-1.33,12.38
EMA_CROSS_SAR,209,223,HOURS_ELAPSED,48.0,100,10000.0,19096.69,90.97,22.35,2.36,43.75,5.14,16,16,17.68,13.88,-4.47,3.08,0.77,17.44,-0.6,24.07
EMA_CROSS_SAR,209,223,HOURS_ELAPSED,72.0,5,10000.0,10678.86,6.79,7.21,0.77,43.75,1.51,16,88,1.21,4.07,-3.23,-0.61,1.0,8.16,-4.67,1.38
EMA_CROSS_SAR,209,223,HOURS_ELAPSED,72.0,10,10000.0,11486.0,14.86,10.78,1.06,43.75,1.87,16,88,2.56,7.01,-4.68,-0.88,1.71,12.75,-5.7,2.73
EMA_CROSS_SAR,209,223,HOURS_ELAPSED,72.0,15,10000.0,12301.84,23.02,12.58,1.29,43.75,2.24,16,88,3.99,9.13,-5.26,-0.92,2.19,15.34,-5.47,4.03
EMA_CROSS_SAR,209,223,HOURS_ELAPSED,72.0,20,10000.0,13075.09,30.75,14.45,1.48,43.75,2.63,16,88,5.43,10.65,-5.41,-0.79,2.5,16.81,-4.86,5.31
EMA_CROSS_SAR,209,223,HOURS_ELAPSED,72.0,25,10000.0,13786.08,37.86,16.11,1.63,50.0,2.98,16,88,6.84,11.74,-5.35,-0.55,2.66,17.62,-4.19,6.56
EMA_CROSS_SAR,209,223,HOURS_ELAPSED,72.0,30,10000.0,14429.86,44.3,17.38,1.76,50.0,3.3,16,88,8.18,12.52,-5.19,-0.25,2.72,18.04,-3.57,7.8
EMA_CROSS_SAR,209,223,HOURS_ELAPSED,72.0,50,10000.0,16400.81,64.01,20.24,2.08,50.0,4.21,16,81,12.52,13.81,-4.51,1.1,2.38,18.17,-1.97,12.64
EMA_CROSS_SAR,209,223,HOURS_ELAPSED,72.0,100,10000.0,19096.69,90.97,22.35,2.36,43.75,5.14,16,16,17.68,13.88,-4.47,3.08,0.77,17.44,-0.6,24.07
EMA_CROSS_SAR,209,223,HOURS_ELAPSED,168.0,5,10000.0,10425.89,4.26,4.38,0.85,37.5,1.83,16,44,1.03,2.06,-1.91,-0.32,0.35,4.54,-2.59,1.29
EMA_CROSS_SAR,209,223,HOURS_ELAPSED,168.0,10,10000.0,10913.49,9.13,7.53,1.04,37.5,2.0,16,44,2.07,3.91,-3.23,-0.55,0.65,8.06,-4.0,2.56
EMA_CROSS_SAR,209,223,HOURS_ELAPSED,168.0,15,10000.0,11440.99,14.41,9.82,1.2,43.75,2.18,16,44,3.13,5.55,-4.12,-0.71,0.91,10.79,-4.65,3.82
EMA_CROSS_SAR,209,223,HOURS_ELAPSED,168.0,20,10000.0,11991.8,19.92,11.48,1.36,43.75,2.36,16,44,4.2,6.99,-4.69,-0.8,1.11,12.88,-4.84,5.06
EMA_CROSS_SAR,209,223,HOURS_ELAPSED,168.0,25,10000.0,12553.31,25.53,12.68,1.49,43.75,2.55,16,44,5.28,8.25,-5.03,-0.83,1.28,14.46,-4.75,6.29
EMA_CROSS_SAR,209,223,HOURS_ELAPSED,168.0,30,10000.0,13116.02,31.16,13.57,1.62,43.75,2.76,16,44,6.36,9.33,-5.2,-0.8,1.4,15.64,-4.49,7.51
EMA_CROSS_SAR,209,223,HOURS_ELAPSED,168.0,50,10000.0,15261.79,52.62,17.99,2.0,43.75,3.59,16,44,10.62,12.23,-5.0,-0.23,1.58,17.85,-3.01,12.31
EMA_CROSS_SAR,209,223,HOURS_ELAPSED,168.0,100,10000.0,19096.69,90.97,22.35,2.36,43.75,5.14,16,16,17.68,13.88,-4.47,3.08,0.77,17.44,-0.6,24.07
EMA_CROSS_SAR,209,223,PRICE_FROM_START_PCT,0.5,5,10000.0,16876.87,68.77,22.09,2.05,43.75,3.6,16,1381,13.97,13.94,-9.0,3.61,3.01,17.44,-1.7,16.87
EMA_CROSS_SAR,209,223,PRICE_FROM_START_PCT,0.5,10,10000.0,17423.71,74.24,21.66,2.11,43.75,3.61,16,835,15.08,13.97,-9.99,4.67,2.75,17.29,-1.58,19.9
EMA_CROSS_SAR,209,223,PRICE_FROM_START_PCT,0.5,15,10000.0,17686.75,76.87,21.28,2.14,43.75,3.71,16,604,15.54,14.01,-9.85,4.89,2.67,17.22,-1.43,20.73
EMA_CROSS_SAR,209,223,PRICE_FROM_START_PCT,0.5,20,10000.0,17861.11,78.61,21.07,2.17,43.75,3.81,16,466,15.82,14.04,-9.47,4.85,2.57,17.2,-1.28,21.09
EMA_CROSS_SAR,209,223,PRICE_FROM_START_PCT,0.5,25,10000.0,18007.74,80.08,21.0,2.19,43.75,3.92,16,373,16.02,14.05,-9.03,4.74,2.46,17.19,-1.14,21.37
EMA_CROSS_SAR,209,223,PRICE_FROM_START_PCT,0.5,30,10000.0,18141.47,81.41,21.01,2.21,43.75,4.03,16,310,16.19,14.04,-8.59,4.63,2.32,17.2,-1.0,21.62
EMA_CROSS_SAR,209,223,PRICE_FROM_START_PCT,0.5,50,10000.0,18573.01,85.73,21.16,2.28,43.75,4.43,16,172,16.73,13.99,-7.01,4.17,1.8,17.26,-0.62,22.51
EMA_CROSS_SAR,209,223,PRICE_FROM_START_PCT,0.5,100,10000.0,19096.69,90.97,22.35,2.36,43.75,5.14,16,16,17.68,13.88,-4.47,3.08,0.77,17.44,-0.6,24.07
EMA_CROSS_SAR,209,223,PRICE_FROM_START_PCT,1.0,5,10000.0,16581.99,65.82,21.02,2.03,56.25,3.91,16,1254,13.1,13.97,-8.76,3.4,3.64,17.7,-2.02,14.97
EMA_CROSS_SAR,209,223,PRICE_FROM_START_PCT,1.0,10,10000.0,17291.28,72.91,21.19,2.12,50.0,3.87,16,785,14.33,13.92,-10.28,4.44,3.62,17.39,-2.02,19.8
EMA_CROSS_SAR,209,223,PRICE_FROM_START_PCT,1.0,15,10000.0,17657.46,76.57,21.2,2.17,50.0,3.92,16,556,14.89,13.94,-10.48,4.68,3.58,17.29,-1.97,21.82
EMA_CROSS_SAR,209,223,PRICE_FROM_START_PCT,1.0,20,10000.0,17858.55,78.59,21.23,2.19,50.0,3.98,16,431,15.22,13.98,-10.32,4.65,3.48,17.24,-1.92,22.72
EMA_CROSS_SAR,209,223,PRICE_FROM_START_PCT,1.0,25,10000.0,17981.19,79.81,21.26,2.2,50.0,4.03,16,352,15.45,14.01,-10.03,4.55,3.34,17.22,-1.86,23.12
EMA_CROSS_SAR,209,223,PRICE_FROM_START_PCT,1.0,30,10000.0,18067.92,80.68,21.31,2.21,50.0,4.08,16,294,15.63,14.04,-9.69,4.45,3.18,17.21,-1.79,23.27
EMA_CROSS_SAR,209,223,PRICE_FROM_START_PCT,1.0,50,10000.0,18337.09,83.37,21.68,2.24,43.75,4.32,16,167,16.25,14.04,-8.17,4.05,2.45,17.26,-1.46,23.28
EMA_CROSS_SAR,209,223,PRICE_FROM_START_PCT,1.0,100,10000.0,19096.69,90.97,22.35,2.36,43.75,5.14,16,16,17.68,13.88,-4.47,3.08,0.77,17.44,-0.6,24.07
EMA_CROSS_SAR,209,223,PRICE_FROM_START_PCT,1.5,5,10000.0,15602.87,56.03,20.55,1.83,50.0,3.61,16,1192,11.71,14.27,-8.64,3.0,3.28,18.16,-2.51,10.04
EMA_CROSS_SAR,209,223,PRICE_FROM_START_PCT,1.5,10,10000.0,16182.9,61.83,20.58,1.92,50.0,3.54,16,734,13.16,14.09,-10.24,4.17,3.2,17.81,-2.33,13.79
EMA_CROSS_SAR,209,223,PRICE_FROM_START_PCT,1.5,15,10000.0,16600.65,66.01,20.68,1.99,50.0,3.6,16,524,13.94,14.01,-10.49,4.56,3.2,17.64,-2.21,15.92
EMA_CROSS_SAR,209,223,PRICE_FROM_START_PCT,1.5,20,10000.0,16923.02,69.23,20.83,2.04,50.0,3.7,16,411,14.44,13.99,-10.34,4.61,3.21,17.52,-2.09,17.4
EMA_CROSS_SAR,209,223,PRICE_FROM_START_PCT,1.5,25,10000.0,17182.96,71.83,20.97,2.08,43.75,3.79,16,338,14.77,14.0,-10.06,4.54,3.2,17.44,-1.98,18.53
EMA_CROSS_SAR,209,223,PRICE_FROM_START_PCT,1.5,30,10000.0,17402.98,74.03,21.07,2.11,43.75,3.88,16,285,15.02,14.01,-9.72,4.43,3.16,17.37,-1.87,19.43
EMA_CROSS_SAR,209,223,PRICE_FROM_START_PCT,1.5,50,10000.0,18085.92,80.86,21.29,2.21,43.75,4.24,16,160,15.76,14.02,-8.2,4.02,2.77,17.27,-1.47,21.81
EMA_CROSS_SAR,209,223,PRICE_FROM_START_PCT,1.5,100,10000.0,19096.69,90.97,22.35,2.36,43.75,5.14,16,16,17.68,13.88,-4.47,3.08,0.77,17.44,-0.6,24.07
EMA_CROSS_SAR,209,223,PRICE_FROM_START_PCT,2.0,5,10000.0,15191.38,51.91,20.82,1.74,56.25,3.71,16,1124,10.1,14.73,-8.59,1.76,3.44,18.43,-3.22,9.91
EMA_CROSS_SAR,209,223,PRICE_FROM_START_PCT,2.0,10,10000.0,15865.16,58.65,20.64,1.87,56.25,3.69,16,685,11.56,14.53,-10.26,3.09,3.19,18.21,-2.75,14.06
EMA_CROSS_SAR,209,223,PRICE_FROM_START_PCT,2.0,15,10000.0,16410.74,64.11,20.19,1.97,56.25,3.84,16,482,12.42,14.42,-10.53,4.02,2.99,18.12,-2.6,16.63
EMA_CROSS_SAR,209,223,PRICE_FROM_START_PCT,2.0,20,10000.0,16869.15,68.69,19.84,2.05,56.25,4.02,16,369,13.15,14.33,-10.39,4.57,2.85,18.07,-2.5,18.48
EMA_CROSS_SAR,209,223,PRICE_FROM_START_PCT,2.0,25,10000.0,17241.17,72.41,19.65,2.11,50.0,4.19,16,300,13.76,14.26,-10.1,4.86,2.72,18.03,-2.41,19.9
EMA_CROSS_SAR,209,223,PRICE_FROM_START_PCT,2.0,30,10000.0,17539.34,75.39,19.58,2.16,50.0,4.35,16,252,14.25,14.2,-9.75,4.96,2.59,17.99,-2.31,20.99
EMA_CROSS_SAR,209,223,PRICE_FROM_START_PCT,2.0,50,10000.0,18291.31,82.91,20.15,2.27,43.75,4.75,16,147,15.44,14.09,-8.21,4.59,2.1,17.85,-1.84,23.49
EMA_CROSS_SAR,209,223,PRICE_FROM_START_PCT,2.0,100,10000.0,19096.69,90.97,22.35,2.36,43.75,5.14,16,16,17.68,13.88,-4.47,3.08,0.77,17.44,-0.6,24.07
EMA_CROSS_SAR,209,223,PRICE_FROM_START_PCT,3.0,5,10000.0,14689.65,46.9,19.92,1.65,50.0,3.22,16,979,7.69,15.3,-7.11,0.05,4.97,18.88,-5.48,8.77
EMA_CROSS_SAR,209,223,PRICE_FROM_START_PCT,3.0,10,10000.0,15153.8,51.54,20.58,1.72,43.75,3.22,16,626,9.38,14.96,-9.19,0.72,4.36,18.73,-4.42,12.17
EMA_CROSS_SAR,209,223,PRICE_FROM_START_PCT,3.0,15,10000.0,15467.76,54.68,20.51,1.77,43.75,3.24,16,444,10.0,14.85,-9.95,1.37,3.89,18.65,-3.93,14.19
EMA_CROSS_SAR,209,223,PRICE_FROM_START_PCT,3.0,20,10000.0,15780.17,57.8,20.3,1.83,43.75,3.32,16,344,10.51,14.78,-10.13,1.98,3.56,18.58,-3.64,15.66
EMA_CROSS_SAR,209,223,PRICE_FROM_START_PCT,3.0,25,10000.0,16093.74,60.94,20.07,1.89,43.75,3.42,16,281,11.04,14.71,-10.02,2.5,3.31,18.5,-3.41,16.81
EMA_CROSS_SAR,209,223,PRICE_FROM_START_PCT,3.0,30,10000.0,16398.75,63.99,19.88,1.95,43.75,3.54,16,237,11.57,14.64,-9.76,2.95,3.1,18.42,-3.19,17.73
EMA_CROSS_SAR,209,223,PRICE_FROM_START_PCT,3.0,50,10000.0,17446.63,74.47,19.88,2.14,43.75,4.04,16,136,13.65,14.35,-8.25,3.94,2.42,18.12,-2.37,20.18
EMA_CROSS_SAR,209,223,PRICE_FROM_START_PCT,3.0,100,10000.0,19096.69,90.97,22.35,2.36,43.75,5.14,16,16,17.68,13.88,-4.47,3.08,0.77,17.44,-0.6,24.07
EMA_CROSS_SAR,209,223,PRICE_FROM_START_PCT,5.0,5,10000.0,14627.06,46.27,15.49,1.74,37.5,2.25,16,818,4.79,15.8,-2.03,-2.09,5.26,19.72,-7.62,8.34
EMA_CROSS_SAR,209,223,PRICE_FROM_START_PCT,5.0,10,10000.0,15945.84,59.46,15.16,2.02,43.75,2.85,16,481,7.17,15.37,0.25,-0.91,5.01,19.63,-7.03,11.6
EMA_CROSS_SAR,209,223,PRICE_FROM_START_PCT,5.0,15,10000.0,16481.67,64.82,15.5,2.12,43.75,3.17,16,338,8.14,15.17,0.25,-0.28,4.79,19.51,-6.56,13.57
EMA_CROSS_SAR,209,223,PRICE_FROM_START_PCT,5.0,20,10000.0,16775.46,67.75,16.04,2.17,50.0,3.34,16,257,8.83,15.06,-0.28,0.11,4.57,19.39,-6.16,15.06
EMA_CROSS_SAR,209,223,PRICE_FROM_START_PCT,5.0,25,10000.0,16979.92,69.8,16.37,2.19,50.0,3.47,16,208,9.42,14.96,-0.88,0.39,4.35,19.27,-5.8,16.25
EMA_CROSS_SAR,209,223,PRICE_FROM_START_PCT,5.0,30,10000.0,17142.51,71.43,16.54,2.21,50.0,3.59,16,175,9.98,14.88,-1.47,0.61,4.12,19.15,-5.45,17.25
EMA_CROSS_SAR,209,223,PRICE_FROM_START_PCT,5.0,50,10000.0,17646.84,76.47,17.65,2.26,50.0,4.04,16,101,12.13,14.59,-3.3,1.32,3.22,18.66,-4.06,19.99
EMA_CROSS_SAR,209,223,PRICE_FROM_START_PCT,5.0,100,10000.0,19096.69,90.97,22.35,2.36,43.75,5.14,16,16,17.68,13.88,-4.47,3.08,0.77,17.44,-0.6,24.07
EMA_CROSS_SAR,209,223,PRICE_FROM_START_PCT,7.0,5,10000.0,12182.88,21.83,20.46,1.03,31.25,1.2,16,745,0.63,16.32,-12.1,-3.95,4.74,19.91,-9.08,8.34
EMA_CROSS_SAR,209,223,PRICE_FROM_START_PCT,7.0,10,10000.0,13026.32,30.26,19.31,1.29,31.25,1.43,16,468,3.23,15.9,-11.53,-3.37,4.81,19.69,-8.67,11.6
EMA_CROSS_SAR,209,223,PRICE_FROM_START_PCT,7.0,15,10000.0,13604.34,36.04,18.24,1.45,31.25,1.61,16,332,4.43,15.68,-10.82,-2.75,4.66,19.54,-8.24,13.57
EMA_CROSS_SAR,209,223,PRICE_FROM_START_PCT,7.0,20,10000.0,14082.51,40.83,17.76,1.58,31.25,1.78,16,254,5.36,15.53,-10.27,-2.19,4.47,19.41,-7.76,15.06
EMA_CROSS_SAR,209,223,PRICE_FROM_START_PCT,7.0,25,10000.0,14506.08,45.06,17.43,1.69,31.25,1.96,16,204,6.24,15.39,-9.82,-1.69,4.27,19.27,-7.25,16.25
EMA_CROSS_SAR,209,223,PRICE_FROM_START_PCT,7.0,30,10000.0,14892.49,48.92,17.42,1.78,37.5,2.13,16,172,7.09,15.26,-9.42,-1.26,4.05,19.15,-6.74,17.25
EMA_CROSS_SAR,209,223,PRICE_FROM_START_PCT,7.0,50,10000.0,16222.84,62.23,18.72,2.05,43.75,2.81,16,100,10.37,14.8,-7.99,0.1,3.15,18.65,-4.78,19.99
EMA_CROSS_SAR,209,223,PRICE_FROM_START_PCT,7.0,100,10000.0,19096.69,90.97,22.35,2.36,43.75,5.14,16,16,17.68,13.88,-4.47,3.08,0.77,17.44,-0.6,24.07
EMA_CROSS_SAR,209,223,PRICE_FROM_START_PCT,10.0,5,10000.0,10651.08,6.51,22.45,0.46,31.25,0.84,16,610,-7.32,17.55,-12.69,-5.19,0.55,21.67,-10.1,7.82
EMA_CROSS_SAR,209,223,PRICE_FROM_START_PCT,10.0,10,10000.0,11399.43,13.99,22.6,0.75,31.25,1.04,16,421,-4.58,17.6,-12.55,-4.59,0.86,21.33,-9.98,10.97
EMA_CROSS_SAR,209,223,PRICE_FROM_START_PCT,10.0,15,10000.0,12059.88,20.6,22.08,0.99,31.25,1.22,16,318,-2.27,17.15,-11.79,-4.09,1.1,21.02,-9.44,12.88
EMA_CROSS_SAR,209,223,PRICE_FROM_START_PCT,10.0,20,10000.0,12629.16,26.29,21.46,1.18,31.25,1.38,16,252,-0.35,16.71,-11.09,-3.64,1.23,20.74,-8.89,14.34
EMA_CROSS_SAR,209,223,PRICE_FROM_START_PCT,10.0,25,10000.0,13138.07,31.38,20.79,1.34,31.25,1.54,16,204,1.29,16.36,-10.48,-3.19,1.28,20.5,-8.36,15.57
EMA_CROSS_SAR,209,223,PRICE_FROM_START_PCT,10.0,30,10000.0,13606.44,36.06,20.08,1.47,31.25,1.71,16,170,2.73,16.08,-9.94,-2.75,1.29,20.28,-7.84,16.62
EMA_CROSS_SAR,209,223,PRICE_FROM_START_PCT,10.0,50,10000.0,15269.41,52.69,19.64,1.87,37.5,2.47,16,100,7.57,15.28,-8.15,-1.03,1.21,19.43,-5.82,19.7
EMA_CROSS_SAR,209,223,PRICE_FROM_START_PCT,10.0,100,10000.0,19096.69,90.97,22.35,2.36,43.75,5.14,16,16,17.68,13.88,-4.47,3.08,0.77,17.44,-0.6,24.07
EMA_CROSS_SAR,209,223,PRICE_FROM_LAST_PCT,0.5,5,10000.0,15167.41,51.67,19.27,1.83,43.75,3.35,16,865,10.19,14.11,-5.79,0.42,4.64,18.22,-2.26,6.18
EMA_CROSS_SAR,209,223,PRICE_FROM_LAST_PCT,0.5,10,10000.0,16080.69,60.81,20.51,1.95,43.75,3.53,16,573,12.57,13.96,-7.51,2.15,4.49,17.67,-1.35,10.23
EMA_CROSS_SAR,209,223,PRICE_FROM_LAST_PCT,0.5,15,10000.0,16584.45,65.84,20.84,2.01,43.75,3.61,16,441,13.68,13.92,-8.38,3.03,4.05,17.45,-1.14,13.18
EMA_CROSS_SAR,209,223,PRICE_FROM_LAST_PCT,0.5,20,10000.0,17017.26,70.17,20.81,2.07,43.75,3.73,16,363,14.42,13.92,-8.61,3.58,3.68,17.36,-1.01,15.41
EMA_CROSS_SAR,209,223,PRICE_FROM_LAST_PCT,0.5,25,10000.0,17395.9,73.96,20.66,2.13,43.75,3.87,16,310,14.96,13.94,-8.54,3.94,3.39,17.32,-0.91,17.16
EMA_CROSS_SAR,209,223,PRICE_FROM_LAST_PCT,0.5,30,10000.0,17717.6,77.18,20.51,2.17,43.75,4.0,16,271,15.36,13.95,-8.32,4.18,3.15,17.29,-0.82,18.54
EMA_CROSS_SAR,209,223,PRICE_FROM_LAST_PCT,0.5,50,10000.0,18518.44,85.18,20.47,2.28,43.75,4.44,16,166,16.37,13.97,-7.09,4.26,2.34,17.27,-0.57,21.78
EMA_CROSS_SAR,209,223,PRICE_FROM_LAST_PCT,0.5,100,10000.0,19096.69,90.97,22.35,2.36,43.75,5.14,16,16,17.68,13.88,-4.47,3.08,0.77,17.44,-0.6,24.07
EMA_CROSS_SAR,209,223,PRICE_FROM_LAST_PCT,1.0,5,10000.0,13770.98,37.71,16.55,1.56,43.75,2.64,16,566,6.3,14.18,-5.08,-0.33,2.59,17.74,-4.29,4.23
EMA_CROSS_SAR,209,223,PRICE_FROM_LAST_PCT,1.0,10,10000.0,15304.6,53.05,18.64,1.85,43.75,3.32,16,449,10.11,14.31,-5.78,1.34,3.29,18.49,-2.44,7.35
EMA_CROSS_SAR,209,223,PRICE_FROM_LAST_PCT,1.0,15,10000.0,15962.74,59.63,19.51,1.94,43.75,3.51,16,360,11.96,14.12,-6.82,2.44,3.43,18.16,-1.82,9.87
EMA_CROSS_SAR,209,223,PRICE_FROM_LAST_PCT,1.0,20,10000.0,16376.14,63.76,20.06,1.99,43.75,3.61,16,293,13.03,14.04,-7.58,3.14,3.4,17.87,-1.56,11.95
EMA_CROSS_SAR,209,223,PRICE_FROM_LAST_PCT,1.0,25,10000.0,16708.39,67.08,20.41,2.03,43.75,3.7,16,252,13.8,14.0,-8.02,3.59,3.29,17.68,-1.42,13.69
EMA_CROSS_SAR,209,223,PRICE_FROM_LAST_PCT,1.0,30,10000.0,17000.33,70.0,20.66,2.07,43.75,3.8,16,222,14.39,13.99,-8.19,3.88,3.15,17.55,-1.33,15.17
EMA_CROSS_SAR,209,223,PRICE_FROM_LAST_PCT,1.0,50,10000.0,17904.79,79.05,21.19,2.2,43.75,4.19,16,143,15.9,13.98,-7.67,4.15,2.48,17.39,-1.13,19.46
EMA_CROSS_SAR,209,223,PRICE_FROM_LAST_PCT,1.0,100,10000.0,19096.69,90.97,22.35,2.36,43.75,5.14,16,16,17.68,13.88,-4.47,3.08,0.77,17.44,-0.6,24.07
EMA_CROSS_SAR,209,223,PRICE_FROM_LAST_PCT,1.5,5,10000.0,13328.14,33.28,13.73,1.54,43.75,2.32,16,395,5.81,13.41,-5.62,-0.65,3.28,16.5,-4.88,3.95
EMA_CROSS_SAR,209,223,PRICE_FROM_LAST_PCT,1.5,10,10000.0,14995.87,49.96,16.84,1.86,43.75,3.08,16,315,8.56,14.32,-5.84,0.46,4.5,18.27,-2.91,7.11
EMA_CROSS_SAR,209,223,PRICE_FROM_LAST_PCT,1.5,15,10000.0,15851.08,58.51,17.91,1.97,43.75,3.4,16,273,10.15,14.24,-6.29,1.55,4.85,18.25,-2.06,9.76
EMA_CROSS_SAR,209,223,PRICE_FROM_LAST_PCT,1.5,20,10000.0,16377.71,63.78,18.52,2.04,43.75,3.57,16,247,11.22,14.14,-6.8,2.38,4.85,17.99,-1.68,12.0
EMA_CROSS_SAR,209,223,PRICE_FROM_LAST_PCT,1.5,25,10000.0,16756.07,67.56,18.98,2.08,43.75,3.68,16,216,12.04,14.08,-7.23,2.95,4.67,17.76,-1.48,13.89
EMA_CROSS_SAR,209,223,PRICE_FROM_LAST_PCT,1.5,30,10000.0,17058.51,70.59,19.38,2.11,43.75,3.78,16,190,12.72,14.04,-7.52,3.35,4.42,17.6,-1.36,15.51
EMA_CROSS_SAR,209,223,PRICE_FROM_LAST_PCT,1.5,50,10000.0,17934.8,79.35,20.54,2.21,43.75,4.17,16,125,14.81,13.99,-7.48,3.94,3.21,17.33,-1.12,19.98
EMA_CROSS_SAR,209,223,PRICE_FROM_LAST_PCT,1.5,100,10000.0,19096.69,90.97,22.35,2.36,43.75,5.14,16,16,17.68,13.88,-4.47,3.08,0.77,17.44,-0.6,24.07
EMA_CROSS_SAR,209,223,PRICE_FROM_LAST_PCT,2.0,5,10000.0,12354.28,23.54,11.6,1.27,37.5,1.95,16,267,4.71,11.37,-4.72,-1.17,1.33,14.36,-6.13,3.71
EMA_CROSS_SAR,209,223,PRICE_FROM_LAST_PCT,2.0,10,10000.0,14210.85,42.11,14.34,1.74,43.75,2.95,16,255,7.46,13.86,-4.51,-0.55,1.99,17.84,-4.36,6.86
EMA_CROSS_SAR,209,223,PRICE_FROM_LAST_PCT,2.0,15,10000.0,15385.76,53.86,16.04,1.95,43.75,3.53,16,217,9.23,14.32,-4.3,0.28,2.28,18.89,-3.19,9.64
EMA_CROSS_SAR,209,223,PRICE_FROM_LAST_PCT,2.0,20,10000.0,16161.6,61.62,16.98,2.07,43.75,3.89,16,195,10.48,14.33,-4.29,0.98,2.37,19.11,-2.56,12.1
EMA_CROSS_SAR,209,223,PRICE_FROM_LAST_PCT,2.0,25,10000.0,16707.53,67.08,17.63,2.14,50.0,4.14,16,182,11.45,14.25,-4.45,1.53,2.36,19.03,-2.21,14.27
EMA_CROSS_SAR,209,223,PRICE_FROM_LAST_PCT,2.0,30,10000.0,17115.2,71.15,18.17,2.19,43.75,4.3,16,163,12.24,14.18,-4.71,1.97,2.3,18.86,-2.01,16.16
EMA_CROSS_SAR,209,223,PRICE_FROM_LAST_PCT,2.0,50,10000.0,18119.01,81.19,19.83,2.28,43.75,4.66,16,111,14.53,14.05,-5.76,3.03,1.95,18.21,-1.56,21.39
EMA_CROSS_SAR,209,223,PRICE_FROM_LAST_PCT,2.0,100,10000.0,19096.69,90.97,22.35,2.36,43.75,5.14,16,16,17.68,13.88,-4.47,3.08,0.77,17.44,-0.6,24.07
EMA_CROSS_SAR,209,223,PRICE_FROM_LAST_PCT,3.0,5,10000.0,11376.74,13.77,11.03,0.97,37.5,1.22,16,159,4.08,9.8,-5.31,-0.78,0.62,10.14,-6.53,2.48
EMA_CROSS_SAR,209,223,PRICE_FROM_LAST_PCT,3.0,10,10000.0,12696.8,26.97,12.66,1.37,37.5,1.83,16,159,6.73,13.07,-5.99,-0.9,1.08,14.57,-6.56,4.72
EMA_CROSS_SAR,209,223,PRICE_FROM_LAST_PCT,3.0,15,10000.0,13725.74,37.26,14.59,1.62,43.75,2.32,16,154,8.51,14.09,-6.06,-0.64,1.4,16.76,-5.62,6.77
EMA_CROSS_SAR,209,223,PRICE_FROM_LAST_PCT,3.0,20,10000.0,14540.04,45.4,16.2,1.78,43.75,2.69,16,143,9.78,14.33,-5.98,-0.18,1.63,17.89,-4.7,8.66
EMA_CROSS_SAR,209,223,PRICE_FROM_LAST_PCT,3.0,25,10000.0,15203.64,52.04,17.23,1.89,43.75,3.0,16,132,10.75,14.33,-5.89,0.37,1.77,18.46,-3.95,10.42
EMA_CROSS_SAR,209,223,PRICE_FROM_LAST_PCT,3.0,30,10000.0,15756.57,57.57,17.93,1.97,43.75,3.25,16,122,11.53,14.26,-5.82,0.94,1.85,18.69,-3.36,12.04
EMA_CROSS_SAR,209,223,PRICE_FROM_LAST_PCT,3.0,50,10000.0,17272.19,72.72,19.46,2.16,43.75,3.98,16,97,13.89,14.07,-5.89,2.75,1.81,18.45,-2.03,17.29
EMA_CROSS_SAR,209,223,PRICE_FROM_LAST_PCT,3.0,100,10000.0,19096.69,90.97,22.35,2.36,43.75,5.14,16,16,17.68,13.88,-4.47,3.08,0.77,17.44,-0.6,24.07
EMA_CROSS_SAR,209,223,PRICE_FROM_LAST_PCT,5.0,5,10000.0,10646.87,6.47,7.4,0.69,37.5,1.07,16,74,2.07,5.51,-3.5,-0.12,0.3,5.81,-5.46,2.34
EMA_CROSS_SAR,209,223,PRICE_FROM_LAST_PCT,5.0,10,10000.0,11498.68,14.99,9.85,1.04,37.5,1.42,16,74,3.82,9.15,-4.54,-0.19,0.57,9.52,-7.32,4.53
EMA_CROSS_SAR,209,223,PRICE_FROM_LAST_PCT,5.0,15,10000.0,12347.92,23.48,10.94,1.32,43.75,1.77,16,74,5.3,11.49,-4.82,-0.21,0.82,12.02,-7.73,6.56
EMA_CROSS_SAR,209,223,PRICE_FROM_LAST_PCT,5.0,20,10000.0,13127.49,31.27,11.89,1.54,43.75,2.09,16,74,6.56,12.93,-4.88,-0.19,1.04,13.79,-7.57,8.45
EMA_CROSS_SAR,209,223,PRICE_FROM_LAST_PCT,5.0,25,10000.0,13824.27,38.24,13.35,1.71,43.75,2.38,16,74,7.66,13.79,-4.85,-0.12,1.24,15.1,-7.18,10.2
EMA_CROSS_SAR,209,223,PRICE_FROM_LAST_PCT,5.0,30,10000.0,14443.97,44.44,14.63,1.83,43.75,2.64,16,74,8.62,14.26,-4.8,-0.01,1.41,16.08,-6.72,11.81
EMA_CROSS_SAR,209,223,PRICE_FROM_LAST_PCT,5.0,50,10000.0,16354.75,63.55,17.88,2.12,43.75,3.46,16,59,11.65,14.53,-4.63,0.69,1.82,18.01,-4.81,17.1
EMA_CROSS_SAR,209,223,PRICE_FROM_LAST_PCT,5.0,100,10000.0,19096.69,90.97,22.35,2.36,43.75,5.14,16,16,17.68,13.88,-4.47,3.08,0.77,17.44,-0.6,24.07
EMA_CROSS_SAR,209,223,PRICE_FROM_LAST_PCT,7.0,5,10000.0,10649.79,6.5,5.31,0.91,43.75,1.26,16,46,1.35,4.06,-2.5,0.0,0.34,4.72,-3.64,2.38
EMA_CROSS_SAR,209,223,PRICE_FROM_LAST_PCT,7.0,10,10000.0,11350.79,13.51,8.31,1.16,43.75,1.46,16,46,2.62,7.04,-3.9,0.02,0.64,8.17,-5.45,4.6
EMA_CROSS_SAR,209,223,PRICE_FROM_LAST_PCT,7.0,15,10000.0,12059.78,20.6,10.19,1.37,43.75,1.66,16,46,3.82,9.24,-4.7,0.06,0.9,10.73,-6.22,6.66
EMA_CROSS_SAR,209,223,PRICE_FROM_LAST_PCT,7.0,20,10000.0,12749.2,27.49,11.42,1.56,43.75,1.88,16,46,4.95,10.87,-5.2,0.11,1.14,12.65,-6.42,8.57
EMA_CROSS_SAR,209,223,PRICE_FROM_LAST_PCT,7.0,25,10000.0,13402.78,34.03,12.29,1.72,43.75,2.09,16,46,6.03,12.07,-5.51,0.18,1.34,14.09,-6.29,10.33
EMA_CROSS_SAR,209,223,PRICE_FROM_LAST_PCT,7.0,30,10000.0,14012.11,40.12,12.95,1.85,43.75,2.3,16,46,7.04,12.95,-5.73,0.27,1.51,15.19,-5.99,11.95
EMA_CROSS_SAR,209,223,PRICE_FROM_LAST_PCT,7.0,50,10000.0,15991.37,59.91,15.59,2.16,43.75,3.07,16,46,10.61,14.46,-6.1,0.76,1.88,17.5,-4.36,17.23
EMA_CROSS_SAR,209,223,PRICE_FROM_LAST_PCT,7.0,100,10000.0,19096.69,90.97,22.35,2.36,43.75,5.14,16,16,17.68,13.88,-4.47,3.08,0.77,17.44,-0.6,24.07
EMA_CROSS_SAR,209,223,PRICE_FROM_LAST_PCT,10.0,5,10000.0,10607.89,6.08,3.34,1.32,37.5,1.73,16,30,0.79,3.1,-1.37,-0.08,0.14,2.95,-1.58,2.15
EMA_CROSS_SAR,209,223,PRICE_FROM_LAST_PCT,10.0,10,10000.0,11197.18,11.97,5.95,1.42,43.75,1.83,16,30,1.58,5.7,-2.46,-0.14,0.27,5.54,-2.78,4.19
EMA_CROSS_SAR,209,223,PRICE_FROM_LAST_PCT,10.0,15,10000.0,11766.94,17.67,8.01,1.52,43.75,1.93,16,30,2.4,7.84,-3.32,-0.17,0.39,7.8,-3.67,6.11
EMA_CROSS_SAR,209,223,PRICE_FROM_LAST_PCT,10.0,20,10000.0,12316.67,23.17,9.67,1.61,43.75,2.04,16,30,3.22,9.59,-4.0,-0.18,0.5,9.75,-4.32,7.93
EMA_CROSS_SAR,209,223,PRICE_FROM_LAST_PCT,10.0,25,10000.0,12846.2,28.46,11.01,1.69,43.75,2.15,16,30,4.06,11.01,-4.54,-0.16,0.6,11.42,-4.75,9.63
EMA_CROSS_SAR,209,223,PRICE_FROM_LAST_PCT,10.0,30,10000.0,13355.72,33.56,12.11,1.76,43.75,2.28,16,30,4.91,12.12,-4.97,-0.12,0.68,12.85,-5.01,11.23
EMA_CROSS_SAR,209,223,PRICE_FROM_LAST_PCT,10.0,50,10000.0,15208.23,52.08,15.75,2.01,43.75,2.84,16,30,8.43,14.41,-5.83,0.3,0.92,16.49,-4.83,16.63
EMA_CROSS_SAR,209,223,PRICE_FROM_LAST_PCT,10.0,100,10000.0,19096.69,90.97,22.35,2.36,43.75,5.14,16,16,17.68,13.88,-4.47,3.08,0.77,17.44,-0.6,24.07
EMA_CROSS_SAR,209,223,PROFIT_FROM_START_PCT,0.5,5,10000.0,14972.18,49.72,19.21,1.79,37.5,1.89,16,812,11.77,14.39,-12.86,-1.99,8.91,18.19,-4.12,11.84
EMA_CROSS_SAR,209,223,PROFIT_FROM_START_PCT,0.5,10,10000.0,16263.59,62.64,20.13,2.0,43.75,2.43,16,537,13.64,14.15,-11.8,-0.94,8.88,17.91,-2.88,15.99
EMA_CROSS_SAR,209,223,PROFIT_FROM_START_PCT,0.5,15,10000.0,16983.41,69.83,20.45,2.1,43.75,2.75,16,395,14.49,14.09,-10.55,-0.56,8.42,17.79,-2.4,18.19
EMA_CROSS_SAR,209,223,PROFIT_FROM_START_PCT,0.5,20,10000.0,17404.04,74.04,20.76,2.15,43.75,3.0,16,306,15.17,14.07,-9.77,-0.28,7.91,17.7,-2.2,19.46
EMA_CROSS_SAR,209,223,PROFIT_FROM_START_PCT,0.5,25,10000.0,17500.04,75.0,21.67,2.15,43.75,3.16,16,252,15.55,14.05,-9.17,-0.05,6.49,17.63,-2.12,20.24
EMA_CROSS_SAR,209,223,PROFIT_FROM_START_PCT,0.5,30,10000.0,17642.84,76.43,21.81,2.16,43.75,3.32,16,216,15.83,14.04,-8.62,0.18,5.82,17.61,-1.96,20.52
EMA_CROSS_SAR,209,223,PROFIT_FROM_START_PCT,0.5,50,10000.0,18050.53,80.51,22.38,2.21,43.75,3.86,16,137,16.6,13.99,-7.01,1.03,3.28,17.55,-1.55,21.92
EMA_CROSS_SAR,209,223,PROFIT_FROM_START_PCT,0.5,100,10000.0,19096.69,90.97,22.35,2.36,43.75,5.14,16,16,17.68,13.88,-4.47,3.08,0.77,17.44,-0.6,24.07
EMA_CROSS_SAR,209,223,PROFIT_FROM_START_PCT,1.0,5,10000.0,14194.41,41.94,17.82,1.63,37.5,1.6,16,776,7.97,15.23,-11.43,-2.26,7.48,18.73,-5.45,9.75
EMA_CROSS_SAR,209,223,PROFIT_FROM_START_PCT,1.0,10,10000.0,15556.06,55.56,17.94,1.91,37.5,2.09,16,495,11.01,14.69,-10.88,-0.9,7.83,18.31,-3.88,13.5
EMA_CROSS_SAR,209,223,PROFIT_FROM_START_PCT,1.0,15,10000.0,16161.97,61.62,19.49,1.99,43.75,2.41,16,349,12.5,14.43,-10.74,-0.45,7.57,18.11,-3.13,15.61
EMA_CROSS_SAR,209,223,PROFIT_FROM_START_PCT,1.0,20,10000.0,16394.93,63.95,20.76,1.99,43.75,2.61,16,278,12.84,14.47,-10.83,-0.28,7.12,18.0,-2.66,16.92
EMA_CROSS_SAR,209,223,PROFIT_FROM_START_PCT,1.0,25,10000.0,16763.77,67.64,21.28,2.03,43.75,2.83,16,234,13.57,14.38,-10.23,-0.08,6.69,17.89,-2.35,18.08
EMA_CROSS_SAR,209,223,PROFIT_FROM_START_PCT,1.0,30,10000.0,17172.01,71.72,21.6,2.1,43.75,3.03,16,204,14.38,14.26,-9.81,0.15,6.16,17.83,-2.18,19.85
EMA_CROSS_SAR,209,223,PROFIT_FROM_START_PCT,1.0,50,10000.0,17923.83,79.24,22.42,2.2,43.75,3.64,16,122,16.18,14.05,-8.17,1.0,4.21,17.63,-1.55,21.83
EMA_CROSS_SAR,209,223,PROFIT_FROM_START_PCT,1.0,100,10000.0,19096.69,90.97,22.35,2.36,43.75,5.14,16,16,17.68,13.88,-4.47,3.08,0.77,17.44,-0.6,24.07
EMA_CROSS_SAR,209,223,PROFIT_FROM_START_PCT,1.5,5,10000.0,13334.36,33.34,18.64,1.4,37.5,1.39,16,759,4.87,15.62,-11.43,-3.56,6.45,19.24,-6.9,9.43
EMA_CROSS_SAR,209,223,PROFIT_FROM_START_PCT,1.5,10,10000.0,14857.07,48.57,17.5,1.77,37.5,1.88,16,486,8.61,15.06,-10.7,-1.75,7.24,18.74,-5.45,13.16
EMA_CROSS_SAR,209,223,PROFIT_FROM_START_PCT,1.5,15,10000.0,15750.9,57.51,18.5,1.94,37.5,2.25,16,340,10.31,14.79,-10.45,-0.97,7.54,18.42,-3.92,15.38
EMA_CROSS_SAR,209,223,PROFIT_FROM_START_PCT,1.5,20,10000.0,16354.26,63.54,18.88,2.02,43.75,2.51,16,263,11.27,14.65,-10.07,-0.3,7.39,18.27,-3.07,16.96
EMA_CROSS_SAR,209,223,PROFIT_FROM_START_PCT,1.5,25,10000.0,16736.85,67.37,19.4,2.07,43.75,2.71,16,214,12.03,14.54,-9.84,0.03,7.19,18.14,-2.62,18.17
EMA_CROSS_SAR,209,223,PROFIT_FROM_START_PCT,1.5,30,10000.0,17034.97,70.35,20.04,2.1,43.75,2.89,16,181,12.93,14.37,-9.66,0.21,7.0,18.0,-2.36,19.11
EMA_CROSS_SAR,209,223,PROFIT_FROM_START_PCT,1.5,50,10000.0,17929.53,79.3,21.04,2.22,43.75,3.54,16,113,15.11,14.15,-8.22,1.0,5.49,17.74,-1.64,21.48
EMA_CROSS_SAR,209,223,PROFIT_FROM_START_PCT,1.5,100,10000.0,19096.69,90.97,22.35,2.36,43.75,5.14,16,16,17.68,13.88,-4.47,3.08,0.77,17.44,-0.6,24.07
EMA_CROSS_SAR,209,223,PROFIT_FROM_START_PCT,2.0,5,10000.0,12737.43,27.37,19.88,1.22,31.25,1.26,16,680,2.79,15.97,-11.42,-4.28,4.7,19.93,-8.04,9.61
EMA_CROSS_SAR,209,223,PROFIT_FROM_START_PCT,2.0,10,10000.0,14328.88,43.29,17.65,1.65,37.5,1.73,16,478,6.93,15.41,-10.64,-2.8,5.8,19.3,-6.24,13.51
EMA_CROSS_SAR,209,223,PROFIT_FROM_START_PCT,2.0,15,10000.0,15265.23,52.65,18.12,1.84,37.5,2.1,16,337,9.03,15.09,-10.19,-1.74,6.14,18.96,-5.22,15.89
EMA_CROSS_SAR,209,223,PROFIT_FROM_START_PCT,2.0,20,10000.0,15920.72,59.21,18.43,1.96,37.5,2.41,16,260,10.35,14.9,-9.86,-0.98,6.28,18.7,-4.56,17.61
EMA_CROSS_SAR,209,223,PROFIT_FROM_START_PCT,2.0,25,10000.0,16424.62,64.25,19.06,2.03,43.75,2.67,16,212,11.25,14.76,-9.71,-0.36,6.25,18.5,-3.81,18.94
EMA_CROSS_SAR,209,223,PROFIT_FROM_START_PCT,2.0,30,10000.0,16812.1,68.12,19.34,2.09,43.75,2.87,16,178,11.94,14.66,-9.42,0.09,6.1,18.35,-3.36,19.98
EMA_CROSS_SAR,209,223,PROFIT_FROM_START_PCT,2.0,50,10000.0,17819.7,78.2,20.57,2.22,43.75,3.52,16,112,14.3,14.29,-8.25,1.0,4.8,18.0,-2.05,22.55
EMA_CROSS_SAR,209,223,PROFIT_FROM_START_PCT,2.0,100,10000.0,19096.69,90.97,22.35,2.36,43.75,5.14,16,16,17.68,13.88,-4.47,3.08,0.77,17.44,-0.6,24.07
EMA_CROSS_SAR,209,223,PROFIT_FROM_START_PCT,3.0,5,10000.0,12217.38,22.17,18.87,1.11,31.25,1.06,16,446,-0.12,16.48,-10.49,-3.63,2.79,20.7,-8.59,7.81
EMA_CROSS_SAR,209,223,PROFIT_FROM_START_PCT,3.0,10,10000.0,13216.63,32.17,19.06,1.36,31.25,1.44,16,425,4.03,15.76,-10.67,-3.7,4.29,19.9,-8.05,11.46
EMA_CROSS_SAR,209,223,PROFIT_FROM_START_PCT,3.0,15,10000.0,14246.6,42.47,17.41,1.63,37.5,1.77,16,334,6.53,15.36,-9.71,-2.66,4.94,19.43,-6.96,13.66
EMA_CROSS_SAR,209,223,PROFIT_FROM_START_PCT,3.0,20,10000.0,15105.01,51.05,17.41,1.82,37.5,2.09,16,256,8.19,15.1,-8.77,-1.73,5.08,19.17,-6.1,15.66
EMA_CROSS_SAR,209,223,PROFIT_FROM_START_PCT,3.0,25,10000.0,15626.53,56.27,17.57,1.92,37.5,2.32,16,208,9.47,14.91,-8.75,-1.03,5.18,18.91,-5.32,16.81
EMA_CROSS_SAR,209,223,PROFIT_FROM_START_PCT,3.0,30,10000.0,15963.14,59.63,18.78,1.97,43.75,2.53,16,175,10.53,14.75,-8.94,-0.66,5.05,18.75,-4.64,17.73
EMA_CROSS_SAR,209,223,PROFIT_FROM_START_PCT,3.0,50,10000.0,17271.65,72.72,19.85,2.15,43.75,3.31,16,102,13.49,14.39,-7.69,1.05,4.35,18.17,-3.03,20.18
EMA_CROSS_SAR,209,223,PROFIT_FROM_START_PCT,3.0,100,10000.0,19096.69,90.97,22.35,2.36,43.75,5.14,16,16,17.68,13.88,-4.47,3.08,0.77,17.44,-0.6,24.07
EMA_CROSS_SAR,209,223,PROFIT_FROM_START_PCT,5.0,5,10000.0,12372.86,23.73,13.78,1.25,31.25,0.82,16,331,-0.01,17.1,-6.17,-1.4,0.69,17.28,-8.18,5.57
EMA_CROSS_SAR,209,223,PROFIT_FROM_START_PCT,5.0,10,10000.0,12788.34,27.88,16.42,1.36,31.25,1.13,16,231,0.59,17.48,-8.9,-2.48,1.29,19.54,-7.75,9.43
EMA_CROSS_SAR,209,223,PROFIT_FROM_START_PCT,5.0,15,10000.0,12975.86,29.76,18.43,1.35,31.25,1.35,16,188,1.25,16.93,-10.31,-3.0,1.84,20.39,-7.63,11.72
EMA_CROSS_SAR,209,223,PROFIT_FROM_START_PCT,5.0,20,10000.0,13319.33,33.19,18.77,1.41,31.25,1.56,16,175,2.81,16.1,-10.17,-3.11,2.3,20.28,-7.56,13.24
EMA_CROSS_SAR,209,223,PROFIT_FROM_START_PCT,5.0,25,10000.0,13916.05,39.16,17.68,1.56,31.25,1.79,16,185,4.55,15.73,-9.48,-2.25,2.68,19.92,-7.37,14.52
EMA_CROSS_SAR,209,223,PROFIT_FROM_START_PCT,5.0,30,10000.0,14603.73,46.04,17.68,1.72,37.5,2.06,16,161,6.82,15.26,-8.62,-1.57,2.8,19.65,-7.0,15.87
EMA_CROSS_SAR,209,223,PROFIT_FROM_START_PCT,5.0,50,10000.0,16655.59,66.56,18.39,2.11,43.75,3.04,16,100,11.2,14.7,-6.79,0.5,2.97,18.72,-4.4,19.99
EMA_CROSS_SAR,209,223,PROFIT_FROM_START_PCT,5.0,100,10000.0,19096.69,90.97,22.35,2.36,43.75,5.14,16,16,17.68,13.88,-4.47,3.08,0.77,17.44,-0.6,24.07
EMA_CROSS_SAR,209,223,PROFIT_FROM_START_PCT,7.0,5,10000.0,11510.29,15.1,15.15,0.88,37.5,0.61,16,291,0.45,14.43,-4.63,-0.63,0.34,12.31,-8.79,2.98
EMA_CROSS_SAR,209,223,PROFIT_FROM_START_PCT,7.0,10,10000.0,12754.05,27.54,13.82,1.4,37.5,1.02,16,192,1.47,17.26,-5.99,-1.09,0.65,16.67,-7.8,6.71
EMA_CROSS_SAR,209,223,PROFIT_FROM_START_PCT,7.0,15,10000.0,13441.28,34.41,13.74,1.63,37.5,1.32,16,159,2.75,17.45,-6.79,-1.38,0.93,18.41,-7.22,9.6
EMA_CROSS_SAR,209,223,PROFIT_FROM_START_PCT,7.0,20,10000.0,13607.43,36.07,15.39,1.65,37.5,1.46,16,130,2.81,17.1,-7.4,-2.15,1.18,19.09,-6.85,11.55
EMA_CROSS_SAR,209,223,PROFIT_FROM_START_PCT,7.0,25,10000.0,13928.06,39.28,16.18,1.71,37.5,1.65,16,110,3.98,16.62,-7.85,-2.07,1.29,19.48,-6.49,12.96
EMA_CROSS_SAR,209,223,PROFIT_FROM_START_PCT,7.0,30,10000.0,13940.61,39.41,17.85,1.65,37.5,1.75,16,99,4.64,16.13,-8.94,-2.35,1.48,19.73,-6.61,14.23
EMA_CROSS_SAR,209,223,PROFIT_FROM_START_PCT,7.0,50,10000.0,15601.59,56.02,19.4,1.94,43.75,2.6,16,99,9.54,14.88,-8.26,-0.75,2.41,18.94,-4.96,18.31
EMA_CROSS_SAR,209,223,PROFIT_FROM_START_PCT,7.0,100,10000.0,19096.69,90.97,22.35,2.36,43.75,5.14,16,16,17.68,13.88,-4.47,3.08,0.77,17.44,-0.6,24.07
EMA_CROSS_SAR,209,223,PROFIT_FROM_START_PCT,10.0,5,10000.0,10325.13,3.25,15.26,0.32,31.25,0.39,16,179,0.83,7.71,-4.72,-0.08,0.14,5.59,-7.52,2.24
EMA_CROSS_SAR,209,223,PROFIT_FROM_START_PCT,10.0,10,10000.0,11585.63,15.86,15.59,0.91,43.75,0.83,16,166,1.69,13.3,-4.62,-0.14,0.27,10.8,-8.85,4.47
EMA_CROSS_SAR,209,223,PROFIT_FROM_START_PCT,10.0,15,10000.0,12679.56,26.8,14.51,1.36,43.75,1.25,16,128,2.59,15.45,-4.78,-0.17,0.39,13.97,-8.04,7.3
EMA_CROSS_SAR,209,223,PROFIT_FROM_START_PCT,10.0,20,10000.0,13531.35,35.31,13.79,1.67,43.75,1.59,16,115,3.4,16.7,-4.98,-0.18,0.5,15.79,-7.47,10.11
EMA_CROSS_SAR,209,223,PROFIT_FROM_START_PCT,10.0,25,10000.0,14074.03,40.74,13.3,1.83,43.75,1.84,16,101,4.21,17.02,-5.21,-0.16,0.6,16.83,-7.02,11.96
EMA_CROSS_SAR,209,223,PROFIT_FROM_START_PCT,10.0,30,10000.0,14080.87,40.81,15.59,1.77,37.5,1.8,16,89,5.15,17.06,-7.19,-1.32,0.68,17.47,-6.62,13.53
EMA_CROSS_SAR,209,223,PROFIT_FROM_START_PCT,10.0,50,10000.0,15259.04,52.59,18.06,1.95,43.75,2.49,16,59,7.48,15.75,-7.43,-0.75,0.92,18.84,-5.05,17.87
EMA_CROSS_SAR,209,223,PROFIT_FROM_START_PCT,10.0,100,10000.0,19096.69,90.97,22.35,2.36,43.75,5.14,16,16,17.68,13.88,-4.47,3.08,0.77,17.44,-0.6,24.07
EMA_CROSS_SAR,209,223,PROFIT_FROM_LAST_PCT,0.5,5,10000.0,12197.87,21.98,12.9,1.32,37.5,1.23,16,151,3.37,11.12,-6.84,-1.3,1.79,13.35,-6.01,6.8
EMA_CROSS_SAR,209,223,PROFIT_FROM_LAST_PCT,0.5,10,10000.0,13657.98,36.58,16.58,1.61,37.5,1.63,16,150,6.47,14.13,-8.84,-1.78,2.8,17.06,-6.03,11.49
EMA_CROSS_SAR,209,223,PROFIT_FROM_LAST_PCT,0.5,15,10000.0,14701.22,47.01,18.05,1.79,37.5,2.01,16,150,9.08,14.71,-9.39,-1.78,3.23,18.25,-5.23,14.73
EMA_CROSS_SAR,209,223,PROFIT_FROM_LAST_PCT,0.5,20,10000.0,15473.03,54.73,19.74,1.9,37.5,2.36,16,150,11.13,14.65,-9.38,-1.52,3.32,18.48,-4.42,17.01
EMA_CROSS_SAR,209,223,PROFIT_FROM_LAST_PCT,0.5,25,10000.0,16066.58,60.67,20.85,1.98,37.5,2.68,16,144,12.69,14.48,-9.14,-1.15,3.2,18.43,-3.73,18.63
EMA_CROSS_SAR,209,223,PROFIT_FROM_LAST_PCT,0.5,30,10000.0,16530.27,65.3,21.59,2.03,43.75,2.96,16,134,13.85,14.32,-8.81,-0.73,2.97,18.3,-3.18,19.8
EMA_CROSS_SAR,209,223,PROFIT_FROM_LAST_PCT,0.5,50,10000.0,17634.61,76.35,22.96,2.15,43.75,3.79,16,109,16.25,14.01,-7.43,0.73,1.81,17.84,-1.86,22.17
EMA_CROSS_SAR,209,223,PROFIT_FROM_LAST_PCT,0.5,100,10000.0,19096.69,90.97,22.35,2.36,43.75,5.14,16,16,17.68,13.88,-4.47,3.08,0.77,17.44,-0.6,24.07
EMA_CROSS_SAR,209,223,PROFIT_FROM_LAST_PCT,1.0,5,10000.0,11793.93,17.94,10.48,1.26,37.5,1.15,16,107,2.78,9.59,-5.22,-0.83,1.41,10.81,-5.59,5.23
EMA_CROSS_SAR,209,223,PROFIT_FROM_LAST_PCT,1.0,10,10000.0,13153.06,31.53,14.25,1.57,37.5,1.48,16,107,5.13,13.28,-7.16,-1.24,2.31,15.47,-6.39,9.3
EMA_CROSS_SAR,209,223,PROFIT_FROM_LAST_PCT,1.0,15,10000.0,14159.87,41.6,16.03,1.75,37.5,1.79,16,107,7.16,14.53,-7.95,-1.35,2.84,17.39,-6.01,12.44
EMA_CROSS_SAR,209,223,PROFIT_FROM_LAST_PCT,1.0,20,10000.0,14930.12,49.3,17.4,1.87,37.5,2.08,16,107,8.91,14.82,-8.2,-1.26,3.09,18.12,-5.36,14.86
EMA_CROSS_SAR,209,223,PROFIT_FROM_LAST_PCT,1.0,25,10000.0,15542.36,55.42,18.92,1.95,37.5,2.35,16,106,10.4,14.78,-8.19,-1.03,3.14,18.3,-4.7,16.71
EMA_CROSS_SAR,209,223,PROFIT_FROM_LAST_PCT,1.0,30,10000.0,16048.07,60.48,20.01,2.01,37.5,2.62,16,105,11.68,14.64,-8.04,-0.73,3.05,18.3,-4.1,18.13
EMA_CROSS_SAR,209,223,PROFIT_FROM_LAST_PCT,1.0,50,10000.0,17378.75,73.79,22.3,2.15,43.75,3.46,16,86,15.06,14.18,-7.13,0.64,2.06,17.9,-2.32,21.28
EMA_CROSS_SAR,209,223,PROFIT_FROM_LAST_PCT,1.0,100,10000.0,19096.69,90.97,22.35,2.36,43.75,5.14,16,16,17.68,13.88,-4.47,3.08,0.77,17.44,-0.6,24.07
EMA_CROSS_SAR,209,223,PROFIT_FROM_LAST_PCT,1.5,5,10000.0,11496.87,14.97,9.11,1.2,37.5,1.11,16,89,2.08,8.22,-4.47,-0.83,1.15,9.77,-5.01,4.37
EMA_CROSS_SAR,209,223,PROFIT_FROM_LAST_PCT,1.5,10,10000.0,12747.37,27.47,12.89,1.49,37.5,1.4,16,88,4.07,12.16,-6.55,-1.24,1.98,14.66,-5.94,7.94
EMA_CROSS_SAR,209,223,PROFIT_FROM_LAST_PCT,1.5,15,10000.0,13719.48,37.19,14.81,1.68,37.5,1.67,16,88,5.93,13.92,-7.59,-1.35,2.56,17.02,-5.87,10.85
EMA_CROSS_SAR,209,223,PROFIT_FROM_LAST_PCT,1.5,20,10000.0,14502.33,45.02,15.84,1.81,37.5,1.93,16,88,7.63,14.6,-8.07,-1.26,2.93,18.08,-5.4,13.2
EMA_CROSS_SAR,209,223,PROFIT_FROM_LAST_PCT,1.5,25,10000.0,15150.73,51.51,17.01,1.91,37.5,2.19,16,87,9.15,14.77,-8.24,-1.03,3.13,18.48,-4.82,15.11
EMA_CROSS_SAR,209,223,PROFIT_FROM_LAST_PCT,1.5,30,10000.0,15684.62,56.85,18.16,1.98,37.5,2.45,16,87,10.49,14.73,-8.22,-0.73,3.11,18.62,-4.29,16.66
EMA_CROSS_SAR,209,223,PROFIT_FROM_LAST_PCT,1.5,50,10000.0,17229.8,72.3,20.63,2.16,43.75,3.3,16,78,14.18,14.28,-7.37,0.65,2.73,18.17,-2.53,20.52
EMA_CROSS_SAR,209,223,PROFIT_FROM_LAST_PCT,1.5,100,10000.0,19096.69,90.97,22.35,2.36,43.75,5.14,16,16,17.68,13.88,-4.47,3.08,0.77,17.44,-0.6,24.07
EMA_CROSS_SAR,209,223,PROFIT_FROM_LAST_PCT,2.0,5,10000.0,11152.25,11.52,7.52,1.14,37.5,1.07,16,67,1.71,6.29,-3.71,-0.62,1.01,7.58,-4.11,3.63
EMA_CROSS_SAR,209,223,PROFIT_FROM_LAST_PCT,2.0,10,10000.0,12199.36,21.99,11.32,1.39,37.5,1.29,16,67,3.35,10.15,-5.75,-1.0,1.84,12.28,-5.68,6.78
EMA_CROSS_SAR,209,223,PROFIT_FROM_LAST_PCT,2.0,15,10000.0,13116.24,31.16,13.44,1.58,37.5,1.53,16,67,4.91,12.43,-6.94,-1.18,2.51,15.13,-6.09,9.51
EMA_CROSS_SAR,209,223,PROFIT_FROM_LAST_PCT,2.0,20,10000.0,13908.07,39.08,14.7,1.73,37.5,1.77,16,67,6.4,13.68,-7.64,-1.21,3.03,16.79,-5.95,11.86
EMA_CROSS_SAR,209,223,PROFIT_FROM_LAST_PCT,2.0,25,10000.0,14601.05,46.01,15.44,1.85,37.5,2.02,16,66,7.79,14.36,-8.01,-1.12,3.42,17.72,-5.58,13.87
EMA_CROSS_SAR,209,223,PROFIT_FROM_LAST_PCT,2.0,30,10000.0,15205.77,52.06,16.36,1.94,37.5,2.25,16,67,9.08,14.61,-8.21,-0.93,3.69,18.19,-5.1,15.67
EMA_CROSS_SAR,209,223,PROFIT_FROM_LAST_PCT,2.0,50,10000.0,16991.51,69.92,19.51,2.16,43.75,3.13,16,67,13.15,14.44,-7.8,0.27,3.83,18.28,-3.19,20.23
EMA_CROSS_SAR,209,223,PROFIT_FROM_LAST_PCT,2.0,100,10000.0,19096.69,90.97,22.35,2.36,43.75,5.14,16,16,17.68,13.88,-4.47,3.08,0.77,17.44,-0.6,24.07
EMA_CROSS_SAR,209,223,PROFIT_FROM_LAST_PCT,3.0,5,10000.0,11017.59,10.18,6.67,1.13,37.5,1.1,16,57,1.66,5.68,-3.03,-0.62,0.78,6.15,-3.6,3.34
EMA_CROSS_SAR,209,223,PROFIT_FROM_LAST_PCT,3.0,10,10000.0,11961.51,19.62,10.24,1.35,37.5,1.3,16,57,3.19,9.42,-4.91,-1.01,1.44,10.39,-5.2,6.26
EMA_CROSS_SAR,209,223,PROFIT_FROM_LAST_PCT,3.0,15,10000.0,12812.57,28.13,12.53,1.53,37.5,1.51,16,57,4.61,11.81,-6.1,-1.19,1.99,13.27,-5.75,8.79
EMA_CROSS_SAR,209,223,PROFIT_FROM_LAST_PCT,3.0,20,10000.0,13598.6,35.99,13.98,1.69,37.5,1.75,16,56,5.94,13.27,-6.88,-1.23,2.44,15.2,-5.55,10.98
EMA_CROSS_SAR,209,223,PROFIT_FROM_LAST_PCT,3.0,25,10000.0,14253.3,42.53,14.92,1.8,37.5,1.97,16,56,7.17,14.12,-7.37,-1.14,2.8,16.46,-5.36,12.86
EMA_CROSS_SAR,209,223,PROFIT_FROM_LAST_PCT,3.0,30,10000.0,14831.37,48.31,15.58,1.89,37.5,2.19,16,56,8.32,14.55,-7.66,-0.95,3.06,17.26,-5.03,14.47
EMA_CROSS_SAR,209,223,PROFIT_FROM_LAST_PCT,3.0,50,10000.0,16608.18,66.08,19.19,2.11,43.75,3.03,16,56,12.18,14.61,-7.61,0.25,3.36,18.16,-3.35,18.98
EMA_CROSS_SAR,209,223,PROFIT_FROM_LAST_PCT,3.0,100,10000.0,19096.69,90.97,22.35,2.36,43.75,5.14,16,16,17.68,13.88,-4.47,3.08,0.77,17.44,-0.6,24.07
EMA_CROSS_SAR,209,223,PROFIT_FROM_LAST_PCT,5.0,5,10000.0,10771.1,7.71,4.81,1.13,37.5,1.29,16,41,1.12,4.19,-2.07,-0.09,0.38,4.45,-2.65,2.46
EMA_CROSS_SAR,209,223,PROFIT_FROM_LAST_PCT,5.0,10,10000.0,11514.72,15.15,7.85,1.3,43.75,1.45,16,41,2.22,7.39,-3.47,-0.13,0.68,7.99,-4.28,4.73
EMA_CROSS_SAR,209,223,PROFIT_FROM_LAST_PCT,5.0,15,10000.0,12222.76,22.23,9.74,1.45,43.75,1.62,16,41,3.3,9.8,-4.43,-0.13,0.96,10.75,-5.23,6.81
EMA_CROSS_SAR,209,223,PROFIT_FROM_LAST_PCT,5.0,20,10000.0,12892.75,28.93,11.15,1.58,43.75,1.79,16,41,4.36,11.56,-5.09,-0.08,1.2,12.89,-5.71,8.72
EMA_CROSS_SAR,209,223,PROFIT_FROM_LAST_PCT,5.0,25,10000.0,13506.68,35.07,12.18,1.69,43.75,1.97,16,41,5.4,12.82,-5.53,0.0,1.41,14.44,-5.88,10.47
EMA_CROSS_SAR,209,223,PROFIT_FROM_LAST_PCT,5.0,30,10000.0,14128.16,41.28,12.94,1.81,43.75,2.18,16,41,6.42,13.68,-5.82,0.12,1.58,15.94,-5.79,12.08
EMA_CROSS_SAR,209,223,PROFIT_FROM_LAST_PCT,5.0,50,10000.0,16032.16,60.32,16.77,2.07,43.75,2.95,16,41,10.29,14.78,-6.09,0.83,1.72,18.18,-4.59,17.25
EMA_CROSS_SAR,209,223,PROFIT_FROM_LAST_PCT,5.0,100,10000.0,19096.69,90.97,22.35,2.36,43.75,5.14,16,16,17.68,13.88,-4.47,3.08,0.77,17.44,-0.6,24.07
EMA_CROSS_SAR,209,223,PROFIT_FROM_LAST_PCT,7.0,5,10000.0,10751.29,7.51,3.65,1.4,43.75,1.66,16,32,1.3,3.35,-1.56,0.0,0.32,3.48,-1.78,2.38
EMA_CROSS_SAR,209,223,PROFIT_FROM_LAST_PCT,7.0,10,10000.0,11476.83,14.77,6.32,1.54,43.75,1.78,16,32,2.52,6.08,-2.72,0.02,0.6,6.42,-3.02,4.6
EMA_CROSS_SAR,209,223,PROFIT_FROM_LAST_PCT,7.0,15,10000.0,12170.9,21.71,8.33,1.66,43.75,1.91,16,32,3.69,8.27,-3.61,0.06,0.85,8.88,-3.84,6.66
EMA_CROSS_SAR,209,223,PROFIT_FROM_LAST_PCT,7.0,20,10000.0,12829.19,28.29,9.87,1.77,43.75,2.05,16,32,4.8,10.01,-4.28,0.11,1.07,10.93,-4.36,8.57
EMA_CROSS_SAR,209,223,PROFIT_FROM_LAST_PCT,7.0,25,10000.0,13448.85,34.49,11.09,1.87,43.75,2.19,16,32,5.85,11.37,-4.78,0.18,1.27,12.61,-4.64,10.33
EMA_CROSS_SAR,209,223,PROFIT_FROM_LAST_PCT,7.0,30,10000.0,14028.39,40.28,12.06,1.95,43.75,2.34,16,32,6.85,12.41,-5.17,0.27,1.43,13.97,-4.74,11.95
EMA_CROSS_SAR,209,223,PROFIT_FROM_LAST_PCT,7.0,50,10000.0,15936.12,59.36,15.45,2.17,43.75,2.98,16,32,10.45,14.21,-5.91,0.76,1.78,17.06,-4.08,17.23
EMA_CROSS_SAR,209,223,PROFIT_FROM_LAST_PCT,7.0,100,10000.0,19096.69,90.97,22.35,2.36,43.75,5.14,16,16,17.68,13.88,-4.47,3.08,0.77,17.44,-0.6,24.07
EMA_CROSS_SAR,209,223,PROFIT_FROM_LAST_PCT,10.0,5,10000.0,10510.92,5.11,3.47,1.12,37.5,1.3,16,30,0.79,2.65,-1.47,-0.08,0.14,2.56,-1.61,2.18
EMA_CROSS_SAR,209,223,PROFIT_FROM_LAST_PCT,10.0,10,10000.0,11043.1,10.43,6.18,1.26,43.75,1.44,16,30,1.59,4.96,-2.63,-0.14,0.27,4.98,-2.82,4.26
EMA_CROSS_SAR,209,223,PROFIT_FROM_LAST_PCT,10.0,15,10000.0,11569.47,15.69,8.31,1.37,43.75,1.56,16,30,2.41,6.95,-3.55,-0.17,0.39,7.07,-3.73,6.23
EMA_CROSS_SAR,209,223,PROFIT_FROM_LAST_PCT,10.0,20,10000.0,12092.73,20.93,10.01,1.48,43.75,1.69,16,30,3.23,8.64,-4.28,-0.18,0.5,8.92,-4.38,8.08
EMA_CROSS_SAR,209,223,PROFIT_FROM_LAST_PCT,10.0,25,10000.0,12612.5,26.12,11.38,1.58,43.75,1.83,16,30,4.07,10.06,-4.85,-0.16,0.6,10.55,-4.81,9.83
EMA_CROSS_SAR,209,223,PROFIT_FROM_LAST_PCT,10.0,30,10000.0,13124.71,31.25,12.48,1.67,43.75,1.98,16,30,4.92,11.24,-5.29,-0.12,0.68,11.97,-5.07,11.47
EMA_CROSS_SAR,209,223,PROFIT_FROM_LAST_PCT,10.0,50,10000.0,15093.72,50.94,15.83,1.99,43.75,2.7,16,29,8.44,14.08,-6.0,0.3,0.92,15.86,-4.84,16.94
EMA_CROSS_SAR,209,223,PROFIT_FROM_LAST_PCT,10.0,100,10000.0,19096.69,90.97,22.35,2.36,43.75,5.14,16,16,17.68,13.88,-4.47,3.08,0.77,17.44,-0.6,24.07
EMA_CROSS_SAR,208,224,BARS_ELAPSED,1.0,5,10000.0,17511.29,75.11,22.0,2.16,43.75,3.89,16,1516,15.53,13.92,-8.41,3.64,2.4,17.38,-1.06,18.84
EMA_CROSS_SAR,208,224,BARS_ELAPSED,1.0,10,10000.0,18215.16,82.15,21.09,2.25,43.75,4.11,16,897,16.52,13.96,-8.46,4.59,2.07,17.32,-0.75,21.58
EMA_CROSS_SAR,208,224,BARS_ELAPSED,1.0,15,10000.0,18466.79,84.67,20.77,2.28,43.75,4.27,16,619,16.75,13.99,-7.91,4.71,1.86,17.32,-0.58,22.15
EMA_CROSS_SAR,208,224,BARS_ELAPSED,1.0,20,10000.0,18593.05,85.93,20.78,2.29,43.75,4.38,16,471,16.85,14.0,-7.38,4.61,1.66,17.34,-0.5,22.4
EMA_CROSS_SAR,208,224,BARS_ELAPSED,1.0,25,10000.0,18677.3,86.77,20.86,2.3,43.75,4.47,16,380,16.92,13.99,-6.94,4.48,1.48,17.36,-0.46,22.6
EMA_CROSS_SAR,208,224,BARS_ELAPSED,1.0,30,10000.0,18744.14,87.44,20.97,2.31,43.75,4.54,16,317,17.0,13.98,-6.57,4.36,1.33,17.37,-0.45,22.78
EMA_CROSS_SAR,208,224,BARS_ELAPSED,1.0,50,10000.0,18933.7,89.34,21.41,2.34,43.75,4.8,16,177,17.25,13.94,-5.5,3.97,0.98,17.4,-0.49,23.33
EMA_CROSS_SAR,208,224,BARS_ELAPSED,1.0,100,10000.0,19096.69,90.97,22.35,2.36,43.75,5.14,16,16,17.68,13.88,-4.47,3.08,0.77,17.44,-0.6,24.07
EMA_CROSS_SAR,208,224,BARS_ELAPSED,2.0,5,10000.0,16674.23,66.74,22.1,2.05,43.75,3.83,16,1263,13.89,13.99,-6.98,2.21,2.85,17.64,-1.3,14.02
EMA_CROSS_SAR,208,224,BARS_ELAPSED,2.0,10,10000.0,17538.88,75.39,22.18,2.16,43.75,3.89,16,807,15.6,13.95,-8.41,3.57,2.28,17.4,-1.03,19.09
EMA_CROSS_SAR,208,224,BARS_ELAPSED,2.0,15,10000.0,17988.86,79.89,21.68,2.21,43.75,4.02,16,612,16.29,13.96,-8.58,4.17,2.08,17.35,-0.84,21.01
EMA_CROSS_SAR,208,224,BARS_ELAPSED,2.0,20,10000.0,18240.23,82.4,21.3,2.25,43.75,4.13,16,468,16.61,13.97,-8.38,4.41,1.95,17.34,-0.69,21.78
EMA_CROSS_SAR,208,224,BARS_ELAPSED,2.0,25,10000.0,18390.63,83.91,21.12,2.26,43.75,4.22,16,377,16.79,13.98,-8.07,4.45,1.84,17.34,-0.58,22.14
EMA_CROSS_SAR,208,224,BARS_ELAPSED,2.0,30,10000.0,18490.96,84.91,21.11,2.28,43.75,4.29,16,312,16.9,13.99,-7.74,4.4,1.72,17.34,-0.51,22.37
EMA_CROSS_SAR,208,224,BARS_ELAPSED,2.0,50,10000.0,18731.11,87.31,21.4,2.31,43.75,4.55,16,174,17.2,13.96,-6.57,3.95,1.29,17.38,-0.41,23.01
EMA_CROSS_SAR,208,224,BARS_ELAPSED,2.0,100,10000.0,19096.69,90.97,22.35,2.36,43.75,5.14,16,16,17.68,13.88,-4.47,3.08,0.77,17.44,-0.6,24.07
EMA_CROSS_SAR,208,224,BARS_ELAPSED,4.0,5,10000.0,15704.73,57.05,20.84,1.93,50.0,3.67,16,1010,11.56,14.06,-5.36,0.49,3.44,18.14,-1.81,8.91
EMA_CROSS_SAR,208,224,BARS_ELAPSED,4.0,10,10000.0,16761.66,67.62,22.07,2.06,43.75,3.86,16,670,14.14,13.98,-6.82,2.25,2.84,17.63,-1.33,14.19
EMA_CROSS_SAR,208,224,BARS_ELAPSED,4.0,15,10000.0,17315.14,73.15,22.26,2.13,43.75,3.91,16,521,15.28,13.94,-7.67,3.07,2.48,17.46,-1.17,17.41
EMA_CROSS_SAR,208,224,BARS_ELAPSED,4.0,20,10000.0,17709.78,77.1,22.08,2.18,43.75,3.99,16,420,15.99,13.92,-7.98,3.57,2.28,17.39,-1.05,19.36
EMA_CROSS_SAR,208,224,BARS_ELAPSED,4.0,25,10000.0,17999.62,80.0,21.82,2.22,43.75,4.08,16,358,16.45,13.91,-8.0,3.89,2.16,17.36,-0.94,20.55
EMA_CROSS_SAR,208,224,BARS_ELAPSED,4.0,30,10000.0,18212.82,82.13,21.59,2.25,43.75,4.18,16,309,16.75,13.91,-7.86,4.08,2.06,17.35,-0.85,21.28
EMA_CROSS_SAR,208,224,BARS_ELAPSED,4.0,50,10000.0,18662.27,86.62,21.35,2.3,43.75,4.5,16,173,17.28,13.92,-6.84,4.11,1.67,17.36,-0.62,22.5
EMA_CROSS_SAR,208,224,BARS_ELAPSED,4.0,100,10000.0,19096.69,90.97,22.35,2.36,43.75,5.14,16,16,17.68,13.88,-4.47,3.08,0.77,17.44,-0.6,24.07
EMA_CROSS_SAR,208,224,BARS_ELAPSED,6.0,5,10000.0,14893.35,48.93,19.75,1.8,50.0,3.39,16,808,9.41,13.82,-5.12,-0.55,3.51,18.4,-2.46,6.67
EMA_CROSS_SAR,208,224,BARS_ELAPSED,6.0,10,10000.0,16198.28,61.98,21.66,1.99,50.0,3.77,16,583,12.74,14.08,-5.95,1.32,3.04,17.88,-1.53,11.32
EMA_CROSS_SAR,208,224,BARS_ELAPSED,6.0,15,10000.0,16778.63,67.79,22.31,2.06,43.75,3.82,16,458,14.06,14.03,-6.89,2.28,2.57,17.62,-1.31,14.7
EMA_CROSS_SAR,208,224,BARS_ELAPSED,6.0,20,10000.0,17179.41,71.79,22.51,2.11,43.75,3.86,16,382,14.86,14.01,-7.46,2.84,2.23,17.5,-1.2,17.12
EMA_CROSS_SAR,208,224,BARS_ELAPSED,6.0,25,10000.0,17497.05,74.97,22.48,2.15,43.75,3.92,16,325,15.41,14.0,-7.73,3.22,2.0,17.44,-1.1,18.84
EMA_CROSS_SAR,208,224,BARS_ELAPSED,6.0,30,10000.0,17754.26,77.54,22.35,2.18,43.75,4.0,16,280,15.82,14.0,-7.8,3.49,1.83,17.42,-1.02,20.07
EMA_CROSS_SAR,208,224,BARS_ELAPSED,6.0,50,10000.0,18393.76,83.94,21.85,2.26,43.75,4.33,16,172,16.69,14.01,-7.14,3.87,1.42,17.4,-0.76,22.35
EMA_CROSS_SAR,208,224,BARS_ELAPSED,6.0,100,10000.0,19096.69,90.97,22.35,2.36,43.75,5.14,16,16,17.68,13.88,-4.47,3.08,0.77,17.44,-0.6,24.07
EMA_CROSS_SAR,208,224,BARS_ELAPSED,12.0,5,10000.0,13265.14,32.65,16.53,1.48,37.5,2.57,16,477,5.57,11.99,-5.33,-1.8,3.31,17.79,-4.14,3.95
EMA_CROSS_SAR,208,224,BARS_ELAPSED,12.0,10,10000.0,15031.34,50.31,20.07,1.83,50.0,3.44,16,420,9.79,13.85,-5.16,-0.63,3.64,18.35,-2.25,7.1
EMA_CROSS_SAR,208,224,BARS_ELAPSED,12.0,15,10000.0,15894.76,58.95,21.38,1.95,50.0,3.71,16,364,12.01,14.09,-5.46,0.44,3.38,18.05,-1.58,9.83
EMA_CROSS_SAR,208,224,BARS_ELAPSED,12.0,20,10000.0,16399.09,63.99,22.09,2.02,50.0,3.83,16,305,13.25,14.07,-5.94,1.19,3.05,17.8,-1.31,12.18
EMA_CROSS_SAR,208,224,BARS_ELAPSED,12.0,25,10000.0,16757.09,67.57,22.53,2.06,50.0,3.9,16,264,14.06,14.04,-6.4,1.71,2.73,17.65,-1.17,14.18
EMA_CROSS_SAR,208,224,BARS_ELAPSED,12.0,30,10000.0,17047.25,70.47,22.79,2.1,43.75,3.94,16,234,14.66,14.01,-6.73,2.09,2.45,17.55,-1.07,15.88
EMA_CROSS_SAR,208,224,BARS_ELAPSED,12.0,50,10000.0,17923.61,79.24,22.88,2.21,43.75,4.18,16,155,16.17,13.98,-6.96,2.93,1.73,17.41,-0.83,20.34
EMA_CROSS_SAR,208,224,BARS_ELAPSED,12.0,100,10000.0,19096.69,90.97,22.35,2.36,43.75,5.14,16,16,17.68,13.88,-4.47,3.08,0.77,17.44,-0.6,24.07
EMA_CROSS_SAR,208,224,BARS_ELAPSED,24.0,5,10000.0,11838.6,18.39,12.51,1.12,37.5,1.86,16,244,3.13,8.66,-5.08,-1.71,2.34,14.86,-5.7,2.49
EMA_CROSS_SAR,208,224,BARS_ELAPSED,24.0,10,10000.0,13484.36,34.84,16.86,1.54,37.5,2.68,16,244,6.39,12.05,-5.31,-1.6,3.19,17.84,-4.15,4.65
EMA_CROSS_SAR,208,224,BARS_ELAPSED,24.0,15,10000.0,14619.67,46.2,19.19,1.77,43.75,3.28,16,237,9.04,13.35,-5.12,-0.98,3.38,18.35,-2.99,6.67
EMA_CROSS_SAR,208,224,BARS_ELAPSED,24.0,20,10000.0,15397.42,53.97,20.46,1.9,50.0,3.6,16,217,10.98,13.82,-5.04,-0.28,3.27,18.29,-2.33,8.57
EMA_CROSS_SAR,208,224,BARS_ELAPSED,24.0,25,10000.0,15949.67,59.5,21.25,1.98,50.0,3.78,16,202,12.35,13.95,-5.11,0.35,3.05,18.11,-1.95,10.37
EMA_CROSS_SAR,208,224,BARS_ELAPSED,24.0,30,10000.0,16363.95,63.64,21.78,2.04,50.0,3.9,16,186,13.34,13.97,-5.25,0.88,2.78,17.95,-1.73,12.04
EMA_CROSS_SAR,208,224,BARS_ELAPSED,24.0,50,10000.0,17449.03,74.49,22.79,2.17,43.75,4.2,16,128,15.55,13.88,-5.84,2.21,1.78,17.59,-1.32,17.59
EMA_CROSS_SAR,208,224,BARS_ELAPSED,24.0,100,10000.0,19096.69,90.97,22.35,2.36,43.75,5.14,16,16,17.68,13.88,-4.47,3.08,0.77,17.44,-0.6,24.07
EMA_CROSS_SAR,208,224,BARS_ELAPSED,48.0,5,10000.0,10987.0,9.87,9.14,0.87,37.5,1.49,16,128,1.84,5.3,-3.67,-1.16,1.5,10.62,-5.2,1.31
EMA_CROSS_SAR,208,224,BARS_ELAPSED,48.0,10,10000.0,12111.95,21.12,12.13,1.23,37.5,2.02,16,128,3.81,8.7,-4.6,-1.53,2.46,15.13,-5.23,2.56
EMA_CROSS_SAR,208,224,BARS_ELAPSED,48.0,15,10000.0,13126.38,31.26,15.02,1.49,37.5,2.55,16,128,5.73,10.85,-4.67,-1.46,3.04,17.09,-4.35,3.78
EMA_CROSS_SAR,208,224,BARS_ELAPSED,48.0,20,10000.0,13982.8,39.83,16.96,1.67,43.75,3.03,16,128,7.51,12.18,-4.5,-1.17,3.35,17.9,-3.48,5.0
EMA_CROSS_SAR,208,224,BARS_ELAPSED,48.0,25,10000.0,14690.7,46.91,18.29,1.8,50.0,3.39,16,128,9.07,12.99,-4.3,-0.77,3.48,18.19,-2.8,6.21
EMA_CROSS_SAR,208,224,BARS_ELAPSED,48.0,30,10000.0,15273.49,52.73,19.24,1.9,50.0,3.64,16,124,10.41,13.47,-4.14,-0.36,3.49,18.23,-2.29,7.44
EMA_CROSS_SAR,208,224,BARS_ELAPSED,48.0,50,10000.0,16798.91,67.99,21.26,2.11,50.0,4.2,16,102,13.86,14.01,-4.05,1.08,2.92,17.81,-1.33,12.38
EMA_CROSS_SAR,208,224,BARS_ELAPSED,48.0,100,10000.0,19096.69,90.97,22.35,2.36,43.75,5.14,16,16,17.68,13.88,-4.47,3.08,0.77,17.44,-0.6,24.07
EMA_CROSS_SAR,208,224,BARS_ELAPSED,72.0,5,10000.0,10678.86,6.79,7.21,0.77,43.75,1.51,16,88,1.21,4.07,-3.23,-0.61,1.0,8.16,-4.67,1.38
EMA_CROSS_SAR,208,224,BARS_ELAPSED,72.0,10,10000.0,11486.0,14.86,10.78,1.06,43.75,1.87,16,88,2.56,7.01,-4.68,-0.88,1.71,12.75,-5.7,2.73
EMA_CROSS_SAR,208,224,BARS_ELAPSED,72.0,15,10000.0,12301.84,23.02,12.58,1.29,43.75,2.24,16,88,3.99,9.13,-5.26,-0.92,2.19,15.34,-5.47,4.03
EMA_CROSS_SAR,208,224,BARS_ELAPSED,72.0,20,10000.0,13075.09,30.75,14.45,1.48,43.75,2.63,16,88,5.43,10.65,-5.41,-0.79,2.5,16.81,-4.86,5.31
EMA_CROSS_SAR,208,224,BARS_ELAPSED,72.0,25,10000.0,13786.08,37.86,16.11,1.63,50.0,2.98,16,88,6.84,11.74,-5.35,-0.55,2.66,17.62,-4.19,6.56
EMA_CROSS_SAR,208,224,BARS_ELAPSED,72.0,30,10000.0,14429.86,44.3,17.38,1.76,50.0,3.3,16,88,8.18,12.52,-5.19,-0.25,2.72,18.04,-3.57,7.8
EMA_CROSS_SAR,208,224,BARS_ELAPSED,72.0,50,10000.0,16400.81,64.01,20.24,2.08,50.0,4.21,16,81,12.52,13.81,-4.51,1.1,2.38,18.17,-1.97,12.64
EMA_CROSS_SAR,208,224,BARS_ELAPSED,72.0,100,10000.0,19096.69,90.97,22.35,2.36,43.75,5.14,16,16,17.68,13.88,-4.47,3.08,0.77,17.44,-0.6,24.07
EMA_CROSS_SAR,208,224,BARS_ELAPSED,168.0,5,10000.0,10425.89,4.26,4.38,0.85,37.5,1.83,16,44,1.03,2.06,-1.91,-0.32,0.35,4.54,-2.59,1.29
EMA_CROSS_SAR,208,224,BARS_ELAPSED,168.0,10,10000.0,10913.49,9.13,7.53,1.04,37.5,2.0,16,44,2.07,3.91,-3.23,-0.55,0.65,8.06,-4.0,2.56
EMA_CROSS_SAR,208,224,BARS_ELAPSED,168.0,15,10000.0,11440.99,14.41,9.82,1.2,43.75,2.18,16,44,3.13,5.55,-4.12,-0.71,0.91,10.79,-4.65,3.82
EMA_CROSS_SAR,208,224,BARS_ELAPSED,168.0,20,10000.0,11991.8,19.92,11.48,1.36,43.75,2.36,16,44,4.2,6.99,-4.69,-0.8,1.11,12.88,-4.84,5.06
EMA_CROSS_SAR,208,224,BARS_ELAPSED,168.0,25,10000.0,12553.31,25.53,12.68,1.49,43.75,2.55,16,44,5.28,8.25,-5.03,-0.83,1.28,14.46,-4.75,6.29
EMA_CROSS_SAR,208,224,BARS_ELAPSED,168.0,30,10000.0,13116.02,31.16,13.57,1.62,43.75,2.76,16,44,6.36,9.33,-5.2,-0.8,1.4,15.64,-4.49,7.51
EMA_CROSS_SAR,208,224,BARS_ELAPSED,168.0,50,10000.0,15261.79,52.62,17.99,2.0,43.75,3.59,16,44,10.62,12.23,-5.0,-0.23,1.58,17.85,-3.01,12.31
EMA_CROSS_SAR,208,224,BARS_ELAPSED,168.0,100,10000.0,19096.69,90.97,22.35,2.36,43.75,5.14,16,16,17.68,13.88,-4.47,3.08,0.77,17.44,-0.6,24.07
EMA_CROSS_SAR,208,224,HOURS_ELAPSED,1.0,5,10000.0,17511.29,75.11,22.0,2.16,43.75,3.89,16,1516,15.53,13.92,-8.41,3.64,2.4,17.38,-1.06,18.84
EMA_CROSS_SAR,208,224,HOURS_ELAPSED,1.0,10,10000.0,18215.16,82.15,21.09,2.25,43.75,4.11,16,897,16.52,13.96,-8.46,4.59,2.07,17.32,-0.75,21.58
EMA_CROSS_SAR,208,224,HOURS_ELAPSED,1.0,15,10000.0,18466.79,84.67,20.77,2.28,43.75,4.27,16,619,16.75,13.99,-7.91,4.71,1.86,17.32,-0.58,22.15
EMA_CROSS_SAR,208,224,HOURS_ELAPSED,1.0,20,10000.0,18593.05,85.93,20.78,2.29,43.75,4.38,16,471,16.85,14.0,-7.38,4.61,1.66,17.34,-0.5,22.4
EMA_CROSS_SAR,208,224,HOURS_ELAPSED,1.0,25,10000.0,18677.3,86.77,20.86,2.3,43.75,4.47,16,380,16.92,13.99,-6.94,4.48,1.48,17.36,-0.46,22.6
EMA_CROSS_SAR,208,224,HOURS_ELAPSED,1.0,30,10000.0,18744.14,87.44,20.97,2.31,43.75,4.54,16,317,17.0,13.98,-6.57,4.36,1.33,17.37,-0.45,22.78
EMA_CROSS_SAR,208,224,HOURS_ELAPSED,1.0,50,10000.0,18933.7,89.34,21.41,2.34,43.75,4.8,16,177,17.25,13.94,-5.5,3.97,0.98,17.4,-0.49,23.33
EMA_CROSS_SAR,208,224,HOURS_ELAPSED,1.0,100,10000.0,19096.69,90.97,22.35,2.36,43.75,5.14,16,16,17.68,13.88,-4.47,3.08,0.77,17.44,-0.6,24.07
EMA_CROSS_SAR,208,224,HOURS_ELAPSED,2.0,5,10000.0,16674.23,66.74,22.1,2.05,43.75,3.83,16,1263,13.89,13.99,-6.98,2.21,2.85,17.64,-1.3,14.02
EMA_CROSS_SAR,208,224,HOURS_ELAPSED,2.0,10,10000.0,17538.88,75.39,22.18,2.16,43.75,3.89,16,807,15.6,13.95,-8.41,3.57,2.28,17.4,-1.03,19.09
EMA_CROSS_SAR,208,224,HOURS_ELAPSED,2.0,15,10000.0,17988.86,79.89,21.68,2.21,43.75,4.02,16,612,16.29,13.96,-8.58,4.17,2.08,17.35,-0.84,21.01
EMA_CROSS_SAR,208,224,HOURS_ELAPSED,2.0,20,10000.0,18240.23,82.4,21.3,2.25,43.75,4.13,16,468,16.61,13.97,-8.38,4.41,1.95,17.34,-0.69,21.78
EMA_CROSS_SAR,208,224,HOURS_ELAPSED,2.0,25,10000.0,18390.63,83.91,21.12,2.26,43.75,4.22,16,377,16.79,13.98,-8.07,4.45,1.84,17.34,-0.58,22.14
EMA_CROSS_SAR,208,224,HOURS_ELAPSED,2.0,30,10000.0,18490.96,84.91,21.11,2.28,43.75,4.29,16,312,16.9,13.99,-7.74,4.4,1.72,17.34,-0.51,22.37
EMA_CROSS_SAR,208,224,HOURS_ELAPSED,2.0,50,10000.0,18731.11,87.31,21.4,2.31,43.75,4.55,16,174,17.2,13.96,-6.57,3.95,1.29,17.38,-0.41,23.01
EMA_CROSS_SAR,208,224,HOURS_ELAPSED,2.0,100,10000.0,19096.69,90.97,22.35,2.36,43.75,5.14,16,16,17.68,13.88,-4.47,3.08,0.77,17.44,-0.6,24.07
EMA_CROSS_SAR,208,224,HOURS_ELAPSED,4.0,5,10000.0,15704.73,57.05,20.84,1.93,50.0,3.67,16,1010,11.56,14.06,-5.36,0.49,3.44,18.14,-1.81,8.91
EMA_CROSS_SAR,208,224,HOURS_ELAPSED,4.0,10,10000.0,16761.66,67.62,22.07,2.06,43.75,3.86,16,670,14.14,13.98,-6.82,2.25,2.84,17.63,-1.33,14.19
EMA_CROSS_SAR,208,224,HOURS_ELAPSED,4.0,15,10000.0,17315.14,73.15,22.26,2.13,43.75,3.91,16,521,15.28,13.94,-7.67,3.07,2.48,17.46,-1.17,17.41
EMA_CROSS_SAR,208,224,HOURS_ELAPSED,4.0,20,10000.0,17709.78,77.1,22.08,2.18,43.75,3.99,16,420,15.99,13.92,-7.98,3.57,2.28,17.39,-1.05,19.36
EMA_CROSS_SAR,208,224,HOURS_ELAPSED,4.0,25,10000.0,17999.62,80.0,21.82,2.22,43.75,4.08,16,358,16.45,13.91,-8.0,3.89,2.16,17.36,-0.94,20.55
EMA_CROSS_SAR,208,224,HOURS_ELAPSED,4.0,30,10000.0,18212.82,82.13,21.59,2.25,43.75,4.18,16,309,16.75,13.91,-7.86,4.08,2.06,17.35,-0.85,21.28
EMA_CROSS_SAR,208,224,HOURS_ELAPSED,4.0,50,10000.0,18662.27,86.62,21.35,2.3,43.75,4.5,16,173,17.28,13.92,-6.84,4.11,1.67,17.36,-0.62,22.5
EMA_CROSS_SAR,208,224,HOURS_ELAPSED,4.0,100,10000.0,19096.69,90.97,22.35,2.36,43.75,5.14,16,16,17.68,13.88,-4.47,3.08,0.77,17.44,-0.6,24.07
EMA_CROSS_SAR,208,224,HOURS_ELAPSED,6.0,5,10000.0,14893.35,48.93,19.75,1.8,50.0,3.39,16,808,9.41,13.82,-5.12,-0.55,3.51,18.4,-2.46,6.67
EMA_CROSS_SAR,208,224,HOURS_ELAPSED,6.0,10,10000.0,16198.28,61.98,21.66,1.99,50.0,3.77,16,583,12.74,14.08,-5.95,1.32,3.04,17.88,-1.53,11.32
EMA_CROSS_SAR,208,224,HOURS_ELAPSED,6.0,15,10000.0,16778.63,67.79,22.31,2.06,43.75,3.82,16,458,14.06,14.03,-6.89,2.28,2.57,17.62,-1.31,14.7
EMA_CROSS_SAR,208,224,HOURS_ELAPSED,6.0,20,10000.0,17179.41,71.79,22.51,2.11,43.75,3.86,16,382,14.86,14.01,-7.46,2.84,2.23,17.5,-1.2,17.12
EMA_CROSS_SAR,208,224,HOURS_ELAPSED,6.0,25,10000.0,17497.05,74.97,22.48,2.15,43.75,3.92,16,325,15.41,14.0,-7.73,3.22,2.0,17.44,-1.1,18.84
EMA_CROSS_SAR,208,224,HOURS_ELAPSED,6.0,30,10000.0,17754.26,77.54,22.35,2.18,43.75,4.0,16,280,15.82,14.0,-7.8,3.49,1.83,17.42,-1.02,20.07
EMA_CROSS_SAR,208,224,HOURS_ELAPSED,6.0,50,10000.0,18393.76,83.94,21.85,2.26,43.75,4.33,16,172,16.69,14.01,-7.14,3.87,1.42,17.4,-0.76,22.35
EMA_CROSS_SAR,208,224,HOURS_ELAPSED,6.0,100,10000.0,19096.69,90.97,22.35,2.36,43.75,5.14,16,16,17.68,13.88,-4.47,3.08,0.77,17.44,-0.6,24.07
EMA_CROSS_SAR,208,224,HOURS_ELAPSED,12.0,5,10000.0,13265.14,32.65,16.53,1.48,37.5,2.57,16,477,5.57,11.99,-5.33,-1.8,3.31,17.79,-4.14,3.95
EMA_CROSS_SAR,208,224,HOURS_ELAPSED,12.0,10,10000.0,15031.34,50.31,20.07,1.83,50.0,3.44,16,420,9.79,13.85,-5.16,-0.63,3.64,18.35,-2.25,7.1
EMA_CROSS_SAR,208,224,HOURS_ELAPSED,12.0,15,10000.0,15894.76,58.95,21.38,1.95,50.0,3.71,16,364,12.01,14.09,-5.46,0.44,3.38,18.05,-1.58,9.83
EMA_CROSS_SAR,208,224,HOURS_ELAPSED,12.0,20,10000.0,16399.09,63.99,22.09,2.02,50.0,3.83,16,305,13.25,14.07,-5.94,1.19,3.05,17.8,-1.31,12.18
EMA_CROSS_SAR,208,224,HOURS_ELAPSED,12.0,25,10000.0,16757.09,67.57,22.53,2.06,50.0,3.9,16,264,14.06,14.04,-6.4,1.71,2.73,17.65,-1.17,14.18
EMA_CROSS_SAR,208,224,HOURS_ELAPSED,12.0,30,10000.0,17047.25,70.47,22.79,2.1,43.75,3.94,16,234,14.66,14.01,-6.73,2.09,2.45,17.55,-1.07,15.88
EMA_CROSS_SAR,208,224,HOURS_ELAPSED,12.0,50,10000.0,17923.61,79.24,22.88,2.21,43.75,4.18,16,155,16.17,13.98,-6.96,2.93,1.73,17.41,-0.83,20.34
EMA_CROSS_SAR,208,224,HOURS_ELAPSED,12.0,100,10000.0,19096.69,90.97,22.35,2.36,43.75,5.14,16,16,17.68,13.88,-4.47,3.08,0.77,17.44,-0.6,24.07
EMA_CROSS_SAR,208,224,HOURS_ELAPSED,24.0,5,10000.0,11838.6,18.39,12.51,1.12,37.5,1.86,16,244,3.13,8.66,-5.08,-1.71,2.34,14.86,-5.7,2.49
EMA_CROSS_SAR,208,224,HOURS_ELAPSED,24.0,10,10000.0,13484.36,34.84,16.86,1.54,37.5,2.68,16,244,6.39,12.05,-5.31,-1.6,3.19,17.84,-4.15,4.65
EMA_CROSS_SAR,208,224,HOURS_ELAPSED,24.0,15,10000.0,14619.67,46.2,19.19,1.77,43.75,3.28,16,237,9.04,13.35,-5.12,-0.98,3.38,18.35,-2.99,6.67
EMA_CROSS_SAR,208,224,HOURS_ELAPSED,24.0,20,10000.0,15397.42,53.97,20.46,1.9,50.0,3.6,16,217,10.98,13.82,-5.04,-0.28,3.27,18.29,-2.33,8.57
EMA_CROSS_SAR,208,224,HOURS_ELAPSED,24.0,25,10000.0,15949.67,59.5,21.25,1.98,50.0,3.78,16,202,12.35,13.95,-5.11,0.35,3.05,18.11,-1.95,10.37
EMA_CROSS_SAR,208,224,HOURS_ELAPSED,24.0,30,10000.0,16363.95,63.64,21.78,2.04,50.0,3.9,16,186,13.34,13.97,-5.25,0.88,2.78,17.95,-1.73,12.04
EMA_CROSS_SAR,208,224,HOURS_ELAPSED,24.0,50,10000.0,17449.03,74.49,22.79,2.17,43.75,4.2,16,128,15.55,13.88,-5.84,2.21,1.78,17.59,-1.32,17.59
EMA_CROSS_SAR,208,224,HOURS_ELAPSED,24.0,100,10000.0,19096.69,90.97,22.35,2.36,43.75,5.14,16,16,17.68,13.88,-4.47,3.08,0.77,17.44,-0.6,24.07
EMA_CROSS_SAR,208,224,HOURS_ELAPSED,48.0,5,10000.0,10987.0,9.87,9.14,0.87,37.5,1.49,16,128,1.84,5.3,-3.67,-1.16,1.5,10.62,-5.2,1.31
EMA_CROSS_SAR,208,224,HOURS_ELAPSED,48.0,10,10000.0,12111.95,21.12,12.13,1.23,37.5,2.02,16,128,3.81,8.7,-4.6,-1.53,2.46,15.13,-5.23,2.56
EMA_CROSS_SAR,208,224,HOURS_ELAPSED,48.0,15,10000.0,13126.38,31.26,15.02,1.49,37.5,2.55,16,128,5.73,10.85,-4.67,-1.46,3.04,17.09,-4.35,3.78
EMA_CROSS_SAR,208,224,HOURS_ELAPSED,48.0,20,10000.0,13982.8,39.83,16.96,1.67,43.75,3.03,16,128,7.51,12.18,-4.5,-1.17,3.35,17.9,-3.48,5.0
EMA_CROSS_SAR,208,224,HOURS_ELAPSED,48.0,25,10000.0,14690.7,46.91,18.29,1.8,50.0,3.39,16,128,9.07,12.99,-4.3,-0.77,3.48,18.19,-2.8,6.21
EMA_CROSS_SAR,208,224,HOURS_ELAPSED,48.0,30,10000.0,15273.49,52.73,19.24,1.9,50.0,3.64,16,124,10.41,13.47,-4.14,-0.36,3.49,18.23,-2.29,7.44
EMA_CROSS_SAR,208,224,HOURS_ELAPSED,48.0,50,10000.0,16798.91,67.99,21.26,2.11,50.0,4.2,16,102,13.86,14.01,-4.05,1.08,2.92,17.81,-1.33,12.38
EMA_CROSS_SAR,208,224,HOURS_ELAPSED,48.0,100,10000.0,19096.69,90.97,22.35,2.36,43.75,5.14,16,16,17.68,13.88,-4.47,3.08,0.77,17.44,-0.6,24.07
EMA_CROSS_SAR,208,224,HOURS_ELAPSED,72.0,5,10000.0,10678.86,6.79,7.21,0.77,43.75,1.51,16,88,1.21,4.07,-3.23,-0.61,1.0,8.16,-4.67,1.38
EMA_CROSS_SAR,208,224,HOURS_ELAPSED,72.0,10,10000.0,11486.0,14.86,10.78,1.06,43.75,1.87,16,88,2.56,7.01,-4.68,-0.88,1.71,12.75,-5.7,2.73
EMA_CROSS_SAR,208,224,HOURS_ELAPSED,72.0,15,10000.0,12301.84,23.02,12.58,1.29,43.75,2.24,16,88,3.99,9.13,-5.26,-0.92,2.19,15.34,-5.47,4.03
EMA_CROSS_SAR,208,224,HOURS_ELAPSED,72.0,20,10000.0,13075.09,30.75,14.45,1.48,43.75,2.63,16,88,5.43,10.65,-5.41,-0.79,2.5,16.81,-4.86,5.31
EMA_CROSS_SAR,208,224,HOURS_ELAPSED,72.0,25,10000.0,13786.08,37.86,16.11,1.63,50.0,2.98,16,88,6.84,11.74,-5.35,-0.55,2.66,17.62,-4.19,6.56
EMA_CROSS_SAR,208,224,HOURS_ELAPSED,72.0,30,10000.0,14429.86,44.3,17.38,1.76,50.0,3.3,16,88,8.18,12.52,-5.19,-0.25,2.72,18.04,-3.57,7.8
EMA_CROSS_SAR,208,224,HOURS_ELAPSED,72.0,50,10000.0,16400.81,64.01,20.24,2.08,50.0,4.21,16,81,12.52,13.81,-4.51,1.1,2.38,18.17,-1.97,12.64
EMA_CROSS_SAR,208,224,HOURS_ELAPSED,72.0,100,10000.0,19096.69,90.97,22.35,2.36,43.75,5.14,16,16,17.68,13.88,-4.47,3.08,0.77,17.44,-0.6,24.07
EMA_CROSS_SAR,208,224,HOURS_ELAPSED,168.0,5,10000.0,10425.89,4.26,4.38,0.85,37.5,1.83,16,44,1.03,2.06,-1.91,-0.32,0.35,4.54,-2.59,1.29
EMA_CROSS_SAR,208,224,HOURS_ELAPSED,168.0,10,10000.0,10913.49,9.13,7.53,1.04,37.5,2.0,16,44,2.07,3.91,-3.23,-0.55,0.65,8.06,-4.0,2.56
EMA_CROSS_SAR,208,224,HOURS_ELAPSED,168.0,15,10000.0,11440.99,14.41,9.82,1.2,43.75,2.18,16,44,3.13,5.55,-4.12,-0.71,0.91,10.79,-4.65,3.82
EMA_CROSS_SAR,208,224,HOURS_ELAPSED,168.0,20,10000.0,11991.8,19.92,11.48,1.36,43.75,2.36,16,44,4.2,6.99,-4.69,-0.8,1.11,12.88,-4.84,5.06
EMA_CROSS_SAR,208,224,HOURS_ELAPSED,168.0,25,10000.0,12553.31,25.53,12.68,1.49,43.75,2.55,16,44,5.28,8.25,-5.03,-0.83,1.28,14.46,-4.75,6.29
EMA_CROSS_SAR,208,224,HOURS_ELAPSED,168.0,30,10000.0,13116.02,31.16,13.57,1.62,43.75,2.76,16,44,6.36,9.33,-5.2,-0.8,1.4,15.64,-4.49,7.51
EMA_CROSS_SAR,208,224,HOURS_ELAPSED,168.0,50,10000.0,15261.79,52.62,17.99,2.0,43.75,3.59,16,44,10.62,12.23,-5.0,-0.23,1.58,17.85,-3.01,12.31
EMA_CROSS_SAR,208,224,HOURS_ELAPSED,168.0,100,10000.0,19096.69,90.97,22.35,2.36,43.75,5.14,16,16,17.68,13.88,-4.47,3.08,0.77,17.44,-0.6,24.07
EMA_CROSS_SAR,208,224,PRICE_FROM_START_PCT,0.5,5,10000.0,16876.87,68.77,22.09,2.05,43.75,3.6,16,1381,13.97,13.94,-9.0,3.61,3.01,17.44,-1.7,16.87
EMA_CROSS_SAR,208,224,PRICE_FROM_START_PCT,0.5,10,10000.0,17423.71,74.24,21.66,2.11,43.75,3.61,16,835,15.08,13.97,-9.99,4.67,2.75,17.29,-1.58,19.9
EMA_CROSS_SAR,208,224,PRICE_FROM_START_PCT,0.5,15,10000.0,17686.75,76.87,21.28,2.14,43.75,3.71,16,604,15.54,14.01,-9.85,4.89,2.67,17.22,-1.43,20.73
EMA_CROSS_SAR,208,224,PRICE_FROM_START_PCT,0.5,20,10000.0,17861.11,78.61,21.07,2.17,43.75,3.81,16,466,15.82,14.04,-9.47,4.85,2.57,17.2,-1.28,21.09
EMA_CROSS_SAR,208,224,PRICE_FROM_START_PCT,0.5,25,10000.0,18007.74,80.08,21.0,2.19,43.75,3.92,16,373,16.02,14.05,-9.03,4.74,2.46,17.19,-1.14,21.37
EMA_CROSS_SAR,208,224,PRICE_FROM_START_PCT,0.5,30,10000.0,18141.47,81.41,21.01,2.21,43.75,4.03,16,310,16.19,14.04,-8.59,4.63,2.32,17.2,-1.0,21.62
EMA_CROSS_SAR,208,224,PRICE_FROM_START_PCT,0.5,50,10000.0,18573.01,85.73,21.16,2.28,43.75,4.43,16,172,16.73,13.99,-7.01,4.17,1.8,17.26,-0.62,22.51
EMA_CROSS_SAR,208,224,PRICE_FROM_START_PCT,0.5,100,10000.0,19096.69,90.97,22.35,2.36,43.75,5.14,16,16,17.68,13.88,-4.47,3.08,0.77,17.44,-0.6,24.07
EMA_CROSS_SAR,208,224,PRICE_FROM_START_PCT,1.0,5,10000.0,16581.99,65.82,21.02,2.03,56.25,3.91,16,1254,13.1,13.97,-8.76,3.4,3.64,17.7,-2.02,14.97
EMA_CROSS_SAR,208,224,PRICE_FROM_START_PCT,1.0,10,10000.0,17291.28,72.91,21.19,2.12,50.0,3.87,16,785,14.33,13.92,-10.28,4.44,3.62,17.39,-2.02,19.8
EMA_CROSS_SAR,208,224,PRICE_FROM_START_PCT,1.0,15,10000.0,17657.46,76.57,21.2,2.17,50.0,3.92,16,556,14.89,13.94,-10.48,4.68,3.58,17.29,-1.97,21.82
EMA_CROSS_SAR,208,224,PRICE_FROM_START_PCT,1.0,20,10000.0,17858.55,78.59,21.23,2.19,50.0,3.98,16,431,15.22,13.98,-10.32,4.65,3.48,17.24,-1.92,22.72
EMA_CROSS_SAR,208,224,PRICE_FROM_START_PCT,1.0,25,10000.0,17981.19,79.81,21.26,2.2,50.0,4.03,16,352,15.45,14.01,-10.03,4.55,3.34,17.22,-1.86,23.12
EMA_CROSS_SAR,208,224,PRICE_FROM_START_PCT,1.0,30,10000.0,18067.92,80.68,21.31,2.21,50.0,4.08,16,294,15.63,14.04,-9.69,4.45,3.18,17.21,-1.79,23.27
EMA_CROSS_SAR,208,224,PRICE_FROM_START_PCT,1.0,50,10000.0,18337.09,83.37,21.68,2.24,43.75,4.32,16,167,16.25,14.04,-8.17,4.05,2.45,17.26,-1.46,23.28
EMA_CROSS_SAR,208,224,PRICE_FROM_START_PCT,1.0,100,10000.0,19096.69,90.97,22.35,2.36,43.75,5.14,16,16,17.68,13.88,-4.47,3.08,0.77,17.44,-0.6,24.07
EMA_CROSS_SAR,208,224,PRICE_FROM_START_PCT,1.5,5,10000.0,15602.87,56.03,20.55,1.83,50.0,3.61,16,1192,11.71,14.27,-8.64,3.0,3.28,18.16,-2.51,10.04
EMA_CROSS_SAR,208,224,PRICE_FROM_START_PCT,1.5,10,10000.0,16182.9,61.83,20.58,1.92,50.0,3.54,16,734,13.16,14.09,-10.24,4.17,3.2,17.81,-2.33,13.79
EMA_CROSS_SAR,208,224,PRICE_FROM_START_PCT,1.5,15,10000.0,16600.65,66.01,20.68,1.99,50.0,3.6,16,524,13.94,14.01,-10.49,4.56,3.2,17.64,-2.21,15.92
EMA_CROSS_SAR,208,224,PRICE_FROM_START_PCT,1.5,20,10000.0,16923.02,69.23,20.83,2.04,50.0,3.7,16,411,14.44,13.99,-10.34,4.61,3.21,17.52,-2.09,17.4
EMA_CROSS_SAR,208,224,PRICE_FROM_START_PCT,1.5,25,10000.0,17182.96,71.83,20.97,2.08,43.75,3.79,16,338,14.77,14.0,-10.06,4.54,3.2,17.44,-1.98,18.53
EMA_CROSS_SAR,208,224,PRICE_FROM_START_PCT,1.5,30,10000.0,17402.98,74.03,21.07,2.11,43.75,3.88,16,285,15.02,14.01,-9.72,4.43,3.16,17.37,-1.87,19.43
EMA_CROSS_SAR,208,224,PRICE_FROM_START_PCT,1.5,50,10000.0,18085.92,80.86,21.29,2.21,43.75,4.24,16,160,15.76,14.02,-8.2,4.02,2.77,17.27,-1.47,21.81
EMA_CROSS_SAR,208,224,PRICE_FROM_START_PCT,1.5,100,10000.0,19096.69,90.97,22.35,2.36,43.75,5.14,16,16,17.68,13.88,-4.47,3.08,0.77,17.44,-0.6,24.07
EMA_CROSS_SAR,208,224,PRICE_FROM_START_PCT,2.0,5,10000.0,15191.38,51.91,20.82,1.74,56.25,3.71,16,1124,10.1,14.73,-8.59,1.76,3.44,18.43,-3.22,9.91
EMA_CROSS_SAR,208,224,PRICE_FROM_START_PCT,2.0,10,10000.0,15865.16,58.65,20.64,1.87,56.25,3.69,16,685,11.56,14.53,-10.26,3.09,3.19,18.21,-2.75,14.06
EMA_CROSS_SAR,208,224,PRICE_FROM_START_PCT,2.0,15,10000.0,16410.74,64.11,20.19,1.97,56.25,3.84,16,482,12.42,14.42,-10.53,4.02,2.99,18.12,-2.6,16.63
EMA_CROSS_SAR,208,224,PRICE_FROM_START_PCT,2.0,20,10000.0,16869.15,68.69,19.84,2.05,56.25,4.02,16,369,13.15,14.33,-10.39,4.57,2.85,18.07,-2.5,18.48
EMA_CROSS_SAR,208,224,PRICE_FROM_START_PCT,2.0,25,10000.0,17241.17,72.41,19.65,2.11,50.0,4.19,16,300,13.76,14.26,-10.1,4.86,2.72,18.03,-2.41,19.9
EMA_CROSS_SAR,208,224,PRICE_FROM_START_PCT,2.0,30,10000.0,17539.34,75.39,19.58,2.16,50.0,4.35,16,252,14.25,14.2,-9.75,4.96,2.59,17.99,-2.31,20.99
EMA_CROSS_SAR,208,224,PRICE_FROM_START_PCT,2.0,50,10000.0,18291.31,82.91,20.15,2.27,43.75,4.75,16,147,15.44,14.09,-8.21,4.59,2.1,17.85,-1.84,23.49
EMA_CROSS_SAR,208,224,PRICE_FROM_START_PCT,2.0,100,10000.0,19096.69,90.97,22.35,2.36,43.75,5.14,16,16,17.68,13.88,-4.47,3.08,0.77,17.44,-0.6,24.07
EMA_CROSS_SAR,208,224,PRICE_FROM_START_PCT,3.0,5,10000.0,14689.65,46.9,19.92,1.65,50.0,3.22,16,979,7.69,15.3,-7.11,0.05,4.97,18.88,-5.48,8.77
EMA_CROSS_SAR,208,224,PRICE_FROM_START_PCT,3.0,10,10000.0,15153.8,51.54,20.58,1.72,43.75,3.22,16,626,9.38,14.96,-9.19,0.72,4.36,18.73,-4.42,12.17
EMA_CROSS_SAR,208,224,PRICE_FROM_START_PCT,3.0,15,10000.0,15467.76,54.68,20.51,1.77,43.75,3.24,16,444,10.0,14.85,-9.95,1.37,3.89,18.65,-3.93,14.19
EMA_CROSS_SAR,208,224,PRICE_FROM_START_PCT,3.0,20,10000.0,15780.17,57.8,20.3,1.83,43.75,3.32,16,344,10.51,14.78,-10.13,1.98,3.56,18.58,-3.64,15.66
EMA_CROSS_SAR,208,224,PRICE_FROM_START_PCT,3.0,25,10000.0,16093.74,60.94,20.07,1.89,43.75,3.42,16,281,11.04,14.71,-10.02,2.5,3.31,18.5,-3.41,16.81
EMA_CROSS_SAR,208,224,PRICE_FROM_START_PCT,3.0,30,10000.0,16398.75,63.99,19.88,1.95,43.75,3.54,16,237,11.57,14.64,-9.76,2.95,3.1,18.42,-3.19,17.73
EMA_CROSS_SAR,208,224,PRICE_FROM_START_PCT,3.0,50,10000.0,17446.63,74.47,19.88,2.14,43.75,4.04,16,136,13.65,14.35,-8.25,3.94,2.42,18.12,-2.37,20.18
EMA_CROSS_SAR,208,224,PRICE_FROM_START_PCT,3.0,100,10000.0,19096.69,90.97,22.35,2.36,43.75,5.14,16,16,17.68,13.88,-4.47,3.08,0.77,17.44,-0.6,24.07
EMA_CROSS_SAR,208,224,PRICE_FROM_START_PCT,5.0,5,10000.0,14627.06,46.27,15.49,1.74,37.5,2.25,16,818,4.79,15.8,-2.03,-2.09,5.26,19.72,-7.62,8.34
EMA_CROSS_SAR,208,224,PRICE_FROM_START_PCT,5.0,10,10000.0,15945.84,59.46,15.16,2.02,43.75,2.85,16,481,7.17,15.37,0.25,-0.91,5.01,19.63,-7.03,11.6
EMA_CROSS_SAR,208,224,PRICE_FROM_START_PCT,5.0,15,10000.0,16481.67,64.82,15.5,2.12,43.75,3.17,16,338,8.14,15.17,0.25,-0.28,4.79,19.51,-6.56,13.57
EMA_CROSS_SAR,208,224,PRICE_FROM_START_PCT,5.0,20,10000.0,16775.46,67.75,16.04,2.17,50.0,3.34,16,257,8.83,15.06,-0.28,0.11,4.57,19.39,-6.16,15.06
EMA_CROSS_SAR,208,224,PRICE_FROM_START_PCT,5.0,25,10000.0,16979.92,69.8,16.37,2.19,50.0,3.47,16,208,9.42,14.96,-0.88,0.39,4.35,19.27,-5.8,16.25
EMA_CROSS_SAR,208,224,PRICE_FROM_START_PCT,5.0,30,10000.0,17142.51,71.43,16.54,2.21,50.0,3.59,16,175,9.98,14.88,-1.47,0.61,4.12,19.15,-5.45,17.25
EMA_CROSS_SAR,208,224,PRICE_FROM_START_PCT,5.0,50,10000.0,17646.84,76.47,17.65,2.26,50.0,4.04,16,101,12.13,14.59,-3.3,1.32,3.22,18.66,-4.06,19.99
EMA_CROSS_SAR,208,224,PRICE_FROM_START_PCT,5.0,100,10000.0,19096.69,90.97,22.35,2.36,43.75,5.14,16,16,17.68,13.88,-4.47,3.08,0.77,17.44,-0.6,24.07
EMA_CROSS_SAR,208,224,PRICE_FROM_START_PCT,7.0,5,10000.0,12182.88,21.83,20.46,1.03,31.25,1.2,16,745,0.63,16.32,-12.1,-3.95,4.74,19.91,-9.08,8.34
EMA_CROSS_SAR,208,224,PRICE_FROM_START_PCT,7.0,10,10000.0,13026.32,30.26,19.31,1.29,31.25,1.43,16,468,3.23,15.9,-11.53,-3.37,4.81,19.69,-8.67,11.6
EMA_CROSS_SAR,208,224,PRICE_FROM_START_PCT,7.0,15,10000.0,13604.34,36.04,18.24,1.45,31.25,1.61,16,332,4.43,15.68,-10.82,-2.75,4.66,19.54,-8.24,13.57
EMA_CROSS_SAR,208,224,PRICE_FROM_START_PCT,7.0,20,10000.0,14082.51,40.83,17.76,1.58,31.25,1.78,16,254,5.36,15.53,-10.27,-2.19,4.47,19.41,-7.76,15.06
EMA_CROSS_SAR,208,224,PRICE_FROM_START_PCT,7.0,25,10000.0,14506.08,45.06,17.43,1.69,31.25,1.96,16,204,6.24,15.39,-9.82,-1.69,4.27,19.27,-7.25,16.25
EMA_CROSS_SAR,208,224,PRICE_FROM_START_PCT,7.0,30,10000.0,14892.49,48.92,17.42,1.78,37.5,2.13,16,172,7.09,15.26,-9.42,-1.26,4.05,19.15,-6.74,17.25
EMA_CROSS_SAR,208,224,PRICE_FROM_START_PCT,7.0,50,10000.0,16222.84,62.23,18.72,2.05,43.75,2.81,16,100,10.37,14.8,-7.99,0.1,3.15,18.65,-4.78,19.99
EMA_CROSS_SAR,208,224,PRICE_FROM_START_PCT,7.0,100,10000.0,19096.69,90.97,22.35,2.36,43.75,5.14,16,16,17.68,13.88,-4.47,3.08,0.77,17.44,-0.6,24.07
EMA_CROSS_SAR,208,224,PRICE_FROM_START_PCT,10.0,5,10000.0,10651.08,6.51,22.45,0.46,31.25,0.84,16,610,-7.32,17.55,-12.69,-5.19,0.55,21.67,-10.1,7.82
EMA_CROSS_SAR,208,224,PRICE_FROM_START_PCT,10.0,10,10000.0,11399.43,13.99,22.6,0.75,31.25,1.04,16,421,-4.58,17.6,-12.55,-4.59,0.86,21.33,-9.98,10.97
EMA_CROSS_SAR,208,224,PRICE_FROM_START_PCT,10.0,15,10000.0,12059.88,20.6,22.08,0.99,31.25,1.22,16,318,-2.27,17.15,-11.79,-4.09,1.1,21.02,-9.44,12.88
EMA_CROSS_SAR,208,224,PRICE_FROM_START_PCT,10.0,20,10000.0,12629.16,26.29,21.46,1.18,31.25,1.38,16,252,-0.35,16.71,-11.09,-3.64,1.23,20.74,-8.89,14.34
EMA_CROSS_SAR,208,224,PRICE_FROM_START_PCT,10.0,25,10000.0,13138.07,31.38,20.79,1.34,31.25,1.54,16,204,1.29,16.36,-10.48,-3.19,1.28,20.5,-8.36,15.57
EMA_CROSS_SAR,208,224,PRICE_FROM_START_PCT,10.0,30,10000.0,13606.44,36.06,20.08,1.47,31.25,1.71,16,170,2.73,16.08,-9.94,-2.75,1.29,20.28,-7.84,16.62
EMA_CROSS_SAR,208,224,PRICE_FROM_START_PCT,10.0,50,10000.0,15269.41,52.69,19.64,1.87,37.5,2.47,16,100,7.57,15.28,-8.15,-1.03,1.21,19.43,-5.82,19.7
EMA_CROSS_SAR,208,224,PRICE_FROM_START_PCT,10.0,100,10000.0,19096.69,90.97,22.35,2.36,43.75,5.14,16,16,17.68,13.88,-4.47,3.08,0.77,17.44,-0.6,24.07
EMA_CROSS_SAR,208,224,PRICE_FROM_LAST_PCT,0.5,5,10000.0,15167.41,51.67,19.27,1.83,43.75,3.35,16,865,10.19,14.11,-5.79,0.42,4.64,18.22,-2.26,6.18
EMA_CROSS_SAR,208,224,PRICE_FROM_LAST_PCT,0.5,10,10000.0,16080.69,60.81,20.51,1.95,43.75,3.53,16,573,12.57,13.96,-7.51,2.15,4.49,17.67,-1.35,10.23
EMA_CROSS_SAR,208,224,PRICE_FROM_LAST_PCT,0.5,15,10000.0,16584.45,65.84,20.84,2.01,43.75,3.61,16,441,13.68,13.92,-8.38,3.03,4.05,17.45,-1.14,13.18
EMA_CROSS_SAR,208,224,PRICE_FROM_LAST_PCT,0.5,20,10000.0,17017.26,70.17,20.81,2.07,43.75,3.73,16,363,14.42,13.92,-8.61,3.58,3.68,17.36,-1.01,15.41
EMA_CROSS_SAR,208,224,PRICE_FROM_LAST_PCT,0.5,25,10000.0,17395.9,73.96,20.66,2.13,43.75,3.87,16,310,14.96,13.94,-8.54,3.94,3.39,17.32,-0.91,17.16
EMA_CROSS_SAR,208,224,PRICE_FROM_LAST_PCT,0.5,30,10000.0,17717.6,77.18,20.51,2.17,43.75,4.0,16,271,15.36,13.95,-8.32,4.18,3.15,17.29,-0.82,18.54
EMA_CROSS_SAR,208,224,PRICE_FROM_LAST_PCT,0.5,50,10000.0,18518.44,85.18,20.47,2.28,43.75,4.44,16,166,16.37,13.97,-7.09,4.26,2.34,17.27,-0.57,21.78
EMA_CROSS_SAR,208,224,PRICE_FROM_LAST_PCT,0.5,100,10000.0,19096.69,90.97,22.35,2.36,43.75,5.14,16,16,17.68,13.88,-4.47,3.08,0.77,17.44,-0.6,24.07
EMA_CROSS_SAR,208,224,PRICE_FROM_LAST_PCT,1.0,5,10000.0,13770.98,37.71,16.55,1.56,43.75,2.64,16,566,6.3,14.18,-5.08,-0.33,2.59,17.74,-4.29,4.23
EMA_CROSS_SAR,208,224,PRICE_FROM_LAST_PCT,1.0,10,10000.0,15304.6,53.05,18.64,1.85,43.75,3.32,16,449,10.11,14.31,-5.78,1.34,3.29,18.49,-2.44,7.35
EMA_CROSS_SAR,208,224,PRICE_FROM_LAST_PCT,1.0,15,10000.0,15962.74,59.63,19.51,1.94,43.75,3.51,16,360,11.96,14.12,-6.82,2.44,3.43,18.16,-1.82,9.87
EMA_CROSS_SAR,208,224,PRICE_FROM_LAST_PCT,1.0,20,10000.0,16376.14,63.76,20.06,1.99,43.75,3.61,16,293,13.03,14.04,-7.58,3.14,3.4,17.87,-1.56,11.95
EMA_CROSS_SAR,208,224,PRICE_FROM_LAST_PCT,1.0,25,10000.0,16708.39,67.08,20.41,2.03,43.75,3.7,16,252,13.8,14.0,-8.02,3.59,3.29,17.68,-1.42,13.69
EMA_CROSS_SAR,208,224,PRICE_FROM_LAST_PCT,1.0,30,10000.0,17000.33,70.0,20.66,2.07,43.75,3.8,16,222,14.39,13.99,-8.19,3.88,3.15,17.55,-1.33,15.17
EMA_CROSS_SAR,208,224,PRICE_FROM_LAST_PCT,1.0,50,10000.0,17904.79,79.05,21.19,2.2,43.75,4.19,16,143,15.9,13.98,-7.67,4.15,2.48,17.39,-1.13,19.46
EMA_CROSS_SAR,208,224,PRICE_FROM_LAST_PCT,1.0,100,10000.0,19096.69,90.97,22.35,2.36,43.75,5.14,16,16,17.68,13.88,-4.47,3.08,0.77,17.44,-0.6,24.07
EMA_CROSS_SAR,208,224,PRICE_FROM_LAST_PCT,1.5,5,10000.0,13328.14,33.28,13.73,1.54,43.75,2.32,16,395,5.81,13.41,-5.62,-0.65,3.28,16.5,-4.88,3.95
EMA_CROSS_SAR,208,224,PRICE_FROM_LAST_PCT,1.5,10,10000.0,14995.87,49.96,16.84,1.86,43.75,3.08,16,315,8.56,14.32,-5.84,0.46,4.5,18.27,-2.91,7.11
EMA_CROSS_SAR,208,224,PRICE_FROM_LAST_PCT,1.5,15,10000.0,15851.08,58.51,17.91,1.97,43.75,3.4,16,273,10.15,14.24,-6.29,1.55,4.85,18.25,-2.06,9.76
EMA_CROSS_SAR,208,224,PRICE_FROM_LAST_PCT,1.5,20,10000.0,16377.71,63.78,18.52,2.04,43.75,3.57,16,247,11.22,14.14,-6.8,2.38,4.85,17.99,-1.68,12.0
EMA_CROSS_SAR,208,224,PRICE_FROM_LAST_PCT,1.5,25,10000.0,16756.07,67.56,18.98,2.08,43.75,3.68,16,216,12.04,14.08,-7.23,2.95,4.67,17.76,-1.48,13.89
EMA_CROSS_SAR,208,224,PRICE_FROM_LAST_PCT,1.5,30,10000.0,17058.51,70.59,19.38,2.11,43.75,3.78,16,190,12.72,14.04,-7.52,3.35,4.42,17.6,-1.36,15.51
EMA_CROSS_SAR,208,224,PRICE_FROM_LAST_PCT,1.5,50,10000.0,17934.8,79.35,20.54,2.21,43.75,4.17,16,125,14.81,13.99,-7.48,3.94,3.21,17.33,-1.12,19.98
EMA_CROSS_SAR,208,224,PRICE_FROM_LAST_PCT,1.5,100,10000.0,19096.69,90.97,22.35,2.36,43.75,5.14,16,16,17.68,13.88,-4.47,3.08,0.77,17.44,-0.6,24.07
EMA_CROSS_SAR,208,224,PRICE_FROM_LAST_PCT,2.0,5,10000.0,12354.28,23.54,11.6,1.27,37.5,1.95,16,267,4.71,11.37,-4.72,-1.17,1.33,14.36,-6.13,3.71
EMA_CROSS_SAR,208,224,PRICE_FROM_LAST_PCT,2.0,10,10000.0,14210.85,42.11,14.34,1.74,43.75,2.95,16,255,7.46,13.86,-4.51,-0.55,1.99,17.84,-4.36,6.86
EMA_CROSS_SAR,208,224,PRICE_FROM_LAST_PCT,2.0,15,10000.0,15385.76,53.86,16.04,1.95,43.75,3.53,16,217,9.23,14.32,-4.3,0.28,2.28,18.89,-3.19,9.64
EMA_CROSS_SAR,208,224,PRICE_FROM_LAST_PCT,2.0,20,10000.0,16161.6,61.62,16.98,2.07,43.75,3.89,16,195,10.48,14.33,-4.29,0.98,2.37,19.11,-2.56,12.1
EMA_CROSS_SAR,208,224,PRICE_FROM_LAST_PCT,2.0,25,10000.0,16707.53,67.08,17.63,2.14,50.0,4.14,16,182,11.45,14.25,-4.45,1.53,2.36,19.03,-2.21,14.27
EMA_CROSS_SAR,208,224,PRICE_FROM_LAST_PCT,2.0,30,10000.0,17115.2,71.15,18.17,2.19,43.75,4.3,16,163,12.24,14.18,-4.71,1.97,2.3,18.86,-2.01,16.16
EMA_CROSS_SAR,208,224,PRICE_FROM_LAST_PCT,2.0,50,10000.0,18119.01,81.19,19.83,2.28,43.75,4.66,16,111,14.53,14.05,-5.76,3.03,1.95,18.21,-1.56,21.39
EMA_CROSS_SAR,208,224,PRICE_FROM_LAST_PCT,2.0,100,10000.0,19096.69,90.97,22.35,2.36,43.75,5.14,16,16,17.68,13.88,-4.47,3.08,0.77,17.44,-0.6,24.07
EMA_CROSS_SAR,208,224,PRICE_FROM_LAST_PCT,3.0,5,10000.0,11376.74,13.77,11.03,0.97,37.5,1.22,16,159,4.08,9.8,-5.31,-0.78,0.62,10.14,-6.53,2.48
EMA_CROSS_SAR,208,224,PRICE_FROM_LAST_PCT,3.0,10,10000.0,12696.8,26.97,12.66,1.37,37.5,1.83,16,159,6.73,13.07,-5.99,-0.9,1.08,14.57,-6.56,4.72
EMA_CROSS_SAR,208,224,PRICE_FROM_LAST_PCT,3.0,15,10000.0,13725.74,37.26,14.59,1.62,43.75,2.32,16,154,8.51,14.09,-6.06,-0.64,1.4,16.76,-5.62,6.77
EMA_CROSS_SAR,208,224,PRICE_FROM_LAST_PCT,3.0,20,10000.0,14540.04,45.4,16.2,1.78,43.75,2.69,16,143,9.78,14.33,-5.98,-0.18,1.63,17.89,-4.7,8.66
EMA_CROSS_SAR,208,224,PRICE_FROM_LAST_PCT,3.0,25,10000.0,15203.64,52.04,17.23,1.89,43.75,3.0,16,132,10.75,14.33,-5.89,0.37,1.77,18.46,-3.95,10.42
EMA_CROSS_SAR,208,224,PRICE_FROM_LAST_PCT,3.0,30,10000.0,15756.57,57.57,17.93,1.97,43.75,3.25,16,122,11.53,14.26,-5.82,0.94,1.85,18.69,-3.36,12.04
EMA_CROSS_SAR,208,224,PRICE_FROM_LAST_PCT,3.0,50,10000.0,17272.19,72.72,19.46,2.16,43.75,3.98,16,97,13.89,14.07,-5.89,2.75,1.81,18.45,-2.03,17.29
EMA_CROSS_SAR,208,224,PRICE_FROM_LAST_PCT,3.0,100,10000.0,19096.69,90.97,22.35,2.36,43.75,5.14,16,16,17.68,13.88,-4.47,3.08,0.77,17.44,-0.6,24.07
EMA_CROSS_SAR,208,224,PRICE_FROM_LAST_PCT,5.0,5,10000.0,10646.87,6.47,7.4,0.69,37.5,1.07,16,74,2.07,5.51,-3.5,-0.12,0.3,5.81,-5.46,2.34
EMA_CROSS_SAR,208,224,PRICE_FROM_LAST_PCT,5.0,10,10000.0,11498.68,14.99,9.85,1.04,37.5,1.42,16,74,3.82,9.15,-4.54,-0.19,0.57,9.52,-7.32,4.53
EMA_CROSS_SAR,208,224,PRICE_FROM_LAST_PCT,5.0,15,10000.0,12347.92,23.48,10.94,1.32,43.75,1.77,16,74,5.3,11.49,-4.82,-0.21,0.82,12.02,-7.73,6.56
EMA_CROSS_SAR,208,224,PRICE_FROM_LAST_PCT,5.0,20,10000.0,13127.49,31.27,11.89,1.54,43.75,2.09,16,74,6.56,12.93,-4.88,-0.19,1.04,13.79,-7.57,8.45
EMA_CROSS_SAR,208,224,PRICE_FROM_LAST_PCT,5.0,25,10000.0,13824.27,38.24,13.35,1.71,43.75,2.38,16,74,7.66,13.79,-4.85,-0.12,1.24,15.1,-7.18,10.2
EMA_CROSS_SAR,208,224,PRICE_FROM_LAST_PCT,5.0,30,10000.0,14443.97,44.44,14.63,1.83,43.75,2.64,16,74,8.62,14.26,-4.8,-0.01,1.41,16.08,-6.72,11.81
EMA_CROSS_SAR,208,224,PRICE_FROM_LAST_PCT,5.0,50,10000.0,16354.75,63.55,17.88,2.12,43.75,3.46,16,59,11.65,14.53,-4.63,0.69,1.82,18.01,-4.81,17.1
EMA_CROSS_SAR,208,224,PRICE_FROM_LAST_PCT,5.0,100,10000.0,19096.69,90.97,22.35,2.36,43.75,5.14,16,16,17.68,13.88,-4.47,3.08,0.77,17.44,-0.6,24.07
EMA_CROSS_SAR,208,224,PRICE_FROM_LAST_PCT,7.0,5,10000.0,10649.79,6.5,5.31,0.91,43.75,1.26,16,46,1.35,4.06,-2.5,0.0,0.34,4.72,-3.64,2.38
EMA_CROSS_SAR,208,224,PRICE_FROM_LAST_PCT,7.0,10,10000.0,11350.79,13.51,8.31,1.16,43.75,1.46,16,46,2.62,7.04,-3.9,0.02,0.64,8.17,-5.45,4.6
EMA_CROSS_SAR,208,224,PRICE_FROM_LAST_PCT,7.0,15,10000.0,12059.78,20.6,10.19,1.37,43.75,1.66,16,46,3.82,9.24,-4.7,0.06,0.9,10.73,-6.22,6.66
EMA_CROSS_SAR,208,224,PRICE_FROM_LAST_PCT,7.0,20,10000.0,12749.2,27.49,11.42,1.56,43.75,1.88,16,46,4.95,10.87,-5.2,0.11,1.14,12.65,-6.42,8.57
EMA_CROSS_SAR,208,224,PRICE_FROM_LAST_PCT,7.0,25,10000.0,13402.78,34.03,12.29,1.72,43.75,2.09,16,46,6.03,12.07,-5.51,0.18,1.34,14.09,-6.29,10.33
EMA_CROSS_SAR,208,224,PRICE_FROM_LAST_PCT,7.0,30,10000.0,14012.11,40.12,12.95,1.85,43.75,2.3,16,46,7.04,12.95,-5.73,0.27,1.51,15.19,-5.99,11.95
EMA_CROSS_SAR,208,224,PRICE_FROM_LAST_PCT,7.0,50,10000.0,15991.37,59.91,15.59,2.16,43.75,3.07,16,46,10.61,14.46,-6.1,0.76,1.88,17.5,-4.36,17.23
EMA_CROSS_SAR,208,224,PRICE_FROM_LAST_PCT,7.0,100,10000.0,19096.69,90.97,22.35,2.36,43.75,5.14,16,16,17.68,13.88,-4.47,3.08,0.77,17.44,-0.6,24.07
EMA_CROSS_SAR,208,224,PRICE_FROM_LAST_PCT,10.0,5,10000.0,10607.89,6.08,3.34,1.32,37.5,1.73,16,30,0.79,3.1,-1.37,-0.08,0.14,2.95,-1.58,2.15
EMA_CROSS_SAR,208,224,PRICE_FROM_LAST_PCT,10.0,10,10000.0,11197.18,11.97,5.95,1.42,43.75,1.83,16,30,1.58,5.7,-2.46,-0.14,0.27,5.54,-2.78,4.19
EMA_CROSS_SAR,208,224,PRICE_FROM_LAST_PCT,10.0,15,10000.0,11766.94,17.67,8.01,1.52,43.75,1.93,16,30,2.4,7.84,-3.32,-0.17,0.39,7.8,-3.67,6.11
EMA_CROSS_SAR,208,224,PRICE_FROM_LAST_PCT,10.0,20,10000.0,12316.67,23.17,9.67,1.61,43.75,2.04,16,30,3.22,9.59,-4.0,-0.18,0.5,9.75,-4.32,7.93
EMA_CROSS_SAR,208,224,PRICE_FROM_LAST_PCT,10.0,25,10000.0,12846.2,28.46,11.01,1.69,43.75,2.15,16,30,4.06,11.01,-4.54,-0.16,0.6,11.42,-4.75,9.63
EMA_CROSS_SAR,208,224,PRICE_FROM_LAST_PCT,10.0,30,10000.0,13355.72,33.56,12.11,1.76,43.75,2.28,16,30,4.91,12.12,-4.97,-0.12,0.68,12.85,-5.01,11.23
EMA_CROSS_SAR,208,224,PRICE_FROM_LAST_PCT,10.0,50,10000.0,15208.23,52.08,15.75,2.01,43.75,2.84,16,30,8.43,14.41,-5.83,0.3,0.92,16.49,-4.83,16.63
EMA_CROSS_SAR,208,224,PRICE_FROM_LAST_PCT,10.0,100,10000.0,19096.69,90.97,22.35,2.36,43.75,5.14,16,16,17.68,13.88,-4.47,3.08,0.77,17.44,-0.6,24.07
EMA_CROSS_SAR,208,224,PROFIT_FROM_START_PCT,0.5,5,10000.0,14972.18,49.72,19.21,1.79,37.5,1.89,16,812,11.77,14.39,-12.86,-1.99,8.91,18.19,-4.12,11.84
EMA_CROSS_SAR,208,224,PROFIT_FROM_START_PCT,0.5,10,10000.0,16263.59,62.64,20.13,2.0,43.75,2.43,16,537,13.64,14.15,-11.8,-0.94,8.88,17.91,-2.88,15.99
EMA_CROSS_SAR,208,224,PROFIT_FROM_START_PCT,0.5,15,10000.0,16983.41,69.83,20.45,2.1,43.75,2.75,16,395,14.49,14.09,-10.55,-0.56,8.42,17.79,-2.4,18.19
EMA_CROSS_SAR,208,224,PROFIT_FROM_START_PCT,0.5,20,10000.0,17404.04,74.04,20.76,2.15,43.75,3.0,16,306,15.17,14.07,-9.77,-0.28,7.91,17.7,-2.2,19.46
EMA_CROSS_SAR,208,224,PROFIT_FROM_START_PCT,0.5,25,10000.0,17500.04,75.0,21.67,2.15,43.75,3.16,16,252,15.55,14.05,-9.17,-0.05,6.49,17.63,-2.12,20.24
EMA_CROSS_SAR,208,224,PROFIT_FROM_START_PCT,0.5,30,10000.0,17642.84,76.43,21.81,2.16,43.75,3.32,16,216,15.83,14.04,-8.62,0.18,5.82,17.61,-1.96,20.52
EMA_CROSS_SAR,208,224,PROFIT_FROM_START_PCT,0.5,50,10000.0,18050.53,80.51,22.38,2.21,43.75,3.86,16,137,16.6,13.99,-7.01,1.03,3.28,17.55,-1.55,21.92
EMA_CROSS_SAR,208,224,PROFIT_FROM_START_PCT,0.5,100,10000.0,19096.69,90.97,22.35,2.36,43.75,5.14,16,16,17.68,13.88,-4.47,3.08,0.77,17.44,-0.6,24.07
EMA_CROSS_SAR,208,224,PROFIT_FROM_START_PCT,1.0,5,10000.0,14194.41,41.94,17.82,1.63,37.5,1.6,16,776,7.97,15.23,-11.43,-2.26,7.48,18.73,-5.45,9.75
EMA_CROSS_SAR,208,224,PROFIT_FROM_START_PCT,1.0,10,10000.0,15556.06,55.56,17.94,1.91,37.5,2.09,16,495,11.01,14.69,-10.88,-0.9,7.83,18.31,-3.88,13.5
EMA_CROSS_SAR,208,224,PROFIT_FROM_START_PCT,1.0,15,10000.0,16161.97,61.62,19.49,1.99,43.75,2.41,16,349,12.5,14.43,-10.74,-0.45,7.57,18.11,-3.13,15.61
EMA_CROSS_SAR,208,224,PROFIT_FROM_START_PCT,1.0,20,10000.0,16394.93,63.95,20.76,1.99,43.75,2.61,16,278,12.84,14.47,-10.83,-0.28,7.12,18.0,-2.66,16.92
EMA_CROSS_SAR,208,224,PROFIT_FROM_START_PCT,1.0,25,10000.0,16763.77,67.64,21.28,2.03,43.75,2.83,16,234,13.57,14.38,-10.23,-0.08,6.69,17.89,-2.35,18.08
EMA_CROSS_SAR,208,224,PROFIT_FROM_START_PCT,1.0,30,10000.0,17172.01,71.72,21.6,2.1,43.75,3.03,16,204,14.38,14.26,-9.81,0.15,6.16,17.83,-2.18,19.85
EMA_CROSS_SAR,208,224,PROFIT_FROM_START_PCT,1.0,50,10000.0,17923.83,79.24,22.42,2.2,43.75,3.64,16,122,16.18,14.05,-8.17,1.0,4.21,17.63,-1.55,21.83
EMA_CROSS_SAR,208,224,PROFIT_FROM_START_PCT,1.0,100,10000.0,19096.69,90.97,22.35,2.36,43.75,5.14,16,16,17.68,13.88,-4.47,3.08,0.77,17.44,-0.6,24.07
EMA_CROSS_SAR,208,224,PROFIT_FROM_START_PCT,1.5,5,10000.0,13334.36,33.34,18.64,1.4,37.5,1.39,16,759,4.87,15.62,-11.43,-3.56,6.45,19.24,-6.9,9.43
EMA_CROSS_SAR,208,224,PROFIT_FROM_START_PCT,1.5,10,10000.0,14857.07,48.57,17.5,1.77,37.5,1.88,16,486,8.61,15.06,-10.7,-1.75,7.24,18.74,-5.45,13.16
EMA_CROSS_SAR,208,224,PROFIT_FROM_START_PCT,1.5,15,10000.0,15750.9,57.51,18.5,1.94,37.5,2.25,16,340,10.31,14.79,-10.45,-0.97,7.54,18.42,-3.92,15.38
EMA_CROSS_SAR,208,224,PROFIT_FROM_START_PCT,1.5,20,10000.0,16354.26,63.54,18.88,2.02,43.75,2.51,16,263,11.27,14.65,-10.07,-0.3,7.39,18.27,-3.07,16.96
EMA_CROSS_SAR,208,224,PROFIT_FROM_START_PCT,1.5,25,10000.0,16736.85,67.37,19.4,2.07,43.75,2.71,16,214,12.03,14.54,-9.84,0.03,7.19,18.14,-2.62,18.17
EMA_CROSS_SAR,208,224,PROFIT_FROM_START_PCT,1.5,30,10000.0,17034.97,70.35,20.04,2.1,43.75,2.89,16,181,12.93,14.37,-9.66,0.21,7.0,18.0,-2.36,19.11
EMA_CROSS_SAR,208,224,PROFIT_FROM_START_PCT,1.5,50,10000.0,17929.53,79.3,21.04,2.22,43.75,3.54,16,113,15.11,14.15,-8.22,1.0,5.49,17.74,-1.64,21.48
EMA_CROSS_SAR,208,224,PROFIT_FROM_START_PCT,1.5,100,10000.0,19096.69,90.97,22.35,2.36,43.75,5.14,16,16,17.68,13.88,-4.47,3.08,0.77,17.44,-0.6,24.07
EMA_CROSS_SAR,208,224,PROFIT_FROM_START_PCT,2.0,5,10000.0,12737.43,27.37,19.88,1.22,31.25,1.26,16,680,2.79,15.97,-11.42,-4.28,4.7,19.93,-8.04,9.61
EMA_CROSS_SAR,208,224,PROFIT_FROM_START_PCT,2.0,10,10000.0,14328.88,43.29,17.65,1.65,37.5,1.73,16,478,6.93,15.41,-10.64,-2.8,5.8,19.3,-6.24,13.51
EMA_CROSS_SAR,208,224,PROFIT_FROM_START_PCT,2.0,15,10000.0,15265.23,52.65,18.12,1.84,37.5,2.1,16,337,9.03,15.09,-10.19,-1.74,6.14,18.96,-5.22,15.89
EMA_CROSS_SAR,208,224,PROFIT_FROM_START_PCT,2.0,20,10000.0,15920.72,59.21,18.43,1.96,37.5,2.41,16,260,10.35,14.9,-9.86,-0.98,6.28,18.7,-4.56,17.61
EMA_CROSS_SAR,208,224,PROFIT_FROM_START_PCT,2.0,25,10000.0,16424.62,64.25,19.06,2.03,43.75,2.67,16,212,11.25,14.76,-9.71,-0.36,6.25,18.5,-3.81,18.94
EMA_CROSS_SAR,208,224,PROFIT_FROM_START_PCT,2.0,30,10000.0,16812.1,68.12,19.34,2.09,43.75,2.87,16,178,11.94,14.66,-9.42,0.09,6.1,18.35,-3.36,19.98
EMA_CROSS_SAR,208,224,PROFIT_FROM_START_PCT,2.0,50,10000.0,17819.7,78.2,20.57,2.22,43.75,3.52,16,112,14.3,14.29,-8.25,1.0,4.8,18.0,-2.05,22.55
EMA_CROSS_SAR,208,224,PROFIT_FROM_START_PCT,2.0,100,10000.0,19096.69,90.97,22.35,2.36,43.75,5.14,16,16,17.68,13.88,-4.47,3.08,0.77,17.44,-0.6,24.07
EMA_CROSS_SAR,208,224,PROFIT_FROM_START_PCT,3.0,5,10000.0,12217.38,22.17,18.87,1.11,31.25,1.06,16,446,-0.12,16.48,-10.49,-3.63,2.79,20.7,-8.59,7.81
EMA_CROSS_SAR,208,224,PROFIT_FROM_START_PCT,3.0,10,10000.0,13216.63,32.17,19.06,1.36,31.25,1.44,16,425,4.03,15.76,-10.67,-3.7,4.29,19.9,-8.05,11.46
EMA_CROSS_SAR,208,224,PROFIT_FROM_START_PCT,3.0,15,10000.0,14246.6,42.47,17.41,1.63,37.5,1.77,16,334,6.53,15.36,-9.71,-2.66,4.94,19.43,-6.96,13.66
EMA_CROSS_SAR,208,224,PROFIT_FROM_START_PCT,3.0,20,10000.0,15105.01,51.05,17.41,1.82,37.5,2.09,16,256,8.19,15.1,-8.77,-1.73,5.08,19.17,-6.1,15.66
EMA_CROSS_SAR,208,224,PROFIT_FROM_START_PCT,3.0,25,10000.0,15626.53,56.27,17.57,1.92,37.5,2.32,16,208,9.47,14.91,-8.75,-1.03,5.18,18.91,-5.32,16.81
EMA_CROSS_SAR,208,224,PROFIT_FROM_START_PCT,3.0,30,10000.0,15963.14,59.63,18.78,1.97,43.75,2.53,16,175,10.53,14.75,-8.94,-0.66,5.05,18.75,-4.64,17.73
EMA_CROSS_SAR,208,224,PROFIT_FROM_START_PCT,3.0,50,10000.0,17271.65,72.72,19.85,2.15,43.75,3.31,16,102,13.49,14.39,-7.69,1.05,4.35,18.17,-3.03,20.18
EMA_CROSS_SAR,208,224,PROFIT_FROM_START_PCT,3.0,100,10000.0,19096.69,90.97,22.35,2.36,43.75,5.14,16,16,17.68,13.88,-4.47,3.08,0.77,17.44,-0.6,24.07
EMA_CROSS_SAR,208,224,PROFIT_FROM_START_PCT,5.0,5,10000.0,12372.86,23.73,13.78,1.25,31.25,0.82,16,331,-0.01,17.1,-6.17,-1.4,0.69,17.28,-8.18,5.57
EMA_CROSS_SAR,208,224,PROFIT_FROM_START_PCT,5.0,10,10000.0,12788.34,27.88,16.42,1.36,31.25,1.13,16,231,0.59,17.48,-8.9,-2.48,1.29,19.54,-7.75,9.43
EMA_CROSS_SAR,208,224,PROFIT_FROM_START_PCT,5.0,15,10000.0,12975.86,29.76,18.43,1.35,31.25,1.35,16,188,1.25,16.93,-10.31,-3.0,1.84,20.39,-7.63,11.72
EMA_CROSS_SAR,208,224,PROFIT_FROM_START_PCT,5.0,20,10000.0,13319.33,33.19,18.77,1.41,31.25,1.56,16,175,2.81,16.1,-10.17,-3.11,2.3,20.28,-7.56,13.24
EMA_CROSS_SAR,208,224,PROFIT_FROM_START_PCT,5.0,25,10000.0,13916.05,39.16,17.68,1.56,31.25,1.79,16,185,4.55,15.73,-9.48,-2.25,2.68,19.92,-7.37,14.52
EMA_CROSS_SAR,208,224,PROFIT_FROM_START_PCT,5.0,30,10000.0,14603.73,46.04,17.68,1.72,37.5,2.06,16,161,6.82,15.26,-8.62,-1.57,2.8,19.65,-7.0,15.87
EMA_CROSS_SAR,208,224,PROFIT_FROM_START_PCT,5.0,50,10000.0,16655.59,66.56,18.39,2.11,43.75,3.04,16,100,11.2,14.7,-6.79,0.5,2.97,18.72,-4.4,19.99
EMA_CROSS_SAR,208,224,PROFIT_FROM_START_PCT,5.0,100,10000.0,19096.69,90.97,22.35,2.36,43.75,5.14,16,16,17.68,13.88,-4.47,3.08,0.77,17.44,-0.6,24.07
EMA_CROSS_SAR,208,224,PROFIT_FROM_START_PCT,7.0,5,10000.0,11510.29,15.1,15.15,0.88,37.5,0.61,16,291,0.45,14.43,-4.63,-0.63,0.34,12.31,-8.79,2.98
EMA_CROSS_SAR,208,224,PROFIT_FROM_START_PCT,7.0,10,10000.0,12754.05,27.54,13.82,1.4,37.5,1.02,16,192,1.47,17.26,-5.99,-1.09,0.65,16.67,-7.8,6.71
EMA_CROSS_SAR,208,224,PROFIT_FROM_START_PCT,7.0,15,10000.0,13441.28,34.41,13.74,1.63,37.5,1.32,16,159,2.75,17.45,-6.79,-1.38,0.93,18.41,-7.22,9.6
EMA_CROSS_SAR,208,224,PROFIT_FROM_START_PCT,7.0,20,10000.0,13607.43,36.07,15.39,1.65,37.5,1.46,16,130,2.81,17.1,-7.4,-2.15,1.18,19.09,-6.85,11.55
EMA_CROSS_SAR,208,224,PROFIT_FROM_START_PCT,7.0,25,10000.0,13928.06,39.28,16.18,1.71,37.5,1.65,16,110,3.98,16.62,-7.85,-2.07,1.29,19.48,-6.49,12.96
EMA_CROSS_SAR,208,224,PROFIT_FROM_START_PCT,7.0,30,10000.0,13940.61,39.41,17.85,1.65,37.5,1.75,16,99,4.64,16.13,-8.94,-2.35,1.48,19.73,-6.61,14.23
EMA_CROSS_SAR,208,224,PROFIT_FROM_START_PCT,7.0,50,10000.0,15601.59,56.02,19.4,1.94,43.75,2.6,16,99,9.54,14.88,-8.26,-0.75,2.41,18.94,-4.96,18.31
EMA_CROSS_SAR,208,224,PROFIT_FROM_START_PCT,7.0,100,10000.0,19096.69,90.97,22.35,2.36,43.75,5.14,16,16,17.68,13.88,-4.47,3.08,0.77,17.44,-0.6,24.07
EMA_CROSS_SAR,208,224,PROFIT_FROM_START_PCT,10.0,5,10000.0,10325.13,3.25,15.26,0.32,31.25,0.39,16,179,0.83,7.71,-4.72,-0.08,0.14,5.59,-7.52,2.24
EMA_CROSS_SAR,208,224,PROFIT_FROM_START_PCT,10.0,10,10000.0,11585.63,15.86,15.59,0.91,43.75,0.83,16,166,1.69,13.3,-4.62,-0.14,0.27,10.8,-8.85,4.47
EMA_CROSS_SAR,208,224,PROFIT_FROM_START_PCT,10.0,15,10000.0,12679.56,26.8,14.51,1.36,43.75,1.25,16,128,2.59,15.45,-4.78,-0.17,0.39,13.97,-8.04,7.3
EMA_CROSS_SAR,208,224,PROFIT_FROM_START_PCT,10.0,20,10000.0,13531.35,35.31,13.79,1.67,43.75,1.59,16,115,3.4,16.7,-4.98,-0.18,0.5,15.79,-7.47,10.11
EMA_CROSS_SAR,208,224,PROFIT_FROM_START_PCT,10.0,25,10000.0,14074.03,40.74,13.3,1.83,43.75,1.84,16,101,4.21,17.02,-5.21,-0.16,0.6,16.83,-7.02,11.96
EMA_CROSS_SAR,208,224,PROFIT_FROM_START_PCT,10.0,30,10000.0,14080.87,40.81,15.59,1.77,37.5,1.8,16,89,5.15,17.06,-7.19,-1.32,0.68,17.47,-6.62,13.53
EMA_CROSS_SAR,208,224,PROFIT_FROM_START_PCT,10.0,50,10000.0,15259.04,52.59,18.06,1.95,43.75,2.49,16,59,7.48,15.75,-7.43,-0.75,0.92,18.84,-5.05,17.87
EMA_CROSS_SAR,208,224,PROFIT_FROM_START_PCT,10.0,100,10000.0,19096.69,90.97,22.35,2.36,43.75,5.14,16,16,17.68,13.88,-4.47,3.08,0.77,17.44,-0.6,24.07
EMA_CROSS_SAR,208,224,PROFIT_FROM_LAST_PCT,0.5,5,10000.0,12197.87,21.98,12.9,1.32,37.5,1.23,16,151,3.37,11.12,-6.84,-1.3,1.79,13.35,-6.01,6.8
EMA_CROSS_SAR,208,224,PROFIT_FROM_LAST_PCT,0.5,10,10000.0,13657.98,36.58,16.58,1.61,37.5,1.63,16,150,6.47,14.13,-8.84,-1.78,2.8,17.06,-6.03,11.49
EMA_CROSS_SAR,208,224,PROFIT_FROM_LAST_PCT,0.5,15,10000.0,14701.22,47.01,18.05,1.79,37.5,2.01,16,150,9.08,14.71,-9.39,-1.78,3.23,18.25,-5.23,14.73
EMA_CROSS_SAR,208,224,PROFIT_FROM_LAST_PCT,0.5,20,10000.0,15473.03,54.73,19.74,1.9,37.5,2.36,16,150,11.13,14.65,-9.38,-1.52,3.32,18.48,-4.42,17.01
EMA_CROSS_SAR,208,224,PROFIT_FROM_LAST_PCT,0.5,25,10000.0,16066.58,60.67,20.85,1.98,37.5,2.68,16,144,12.69,14.48,-9.14,-1.15,3.2,18.43,-3.73,18.63
EMA_CROSS_SAR,208,224,PROFIT_FROM_LAST_PCT,0.5,30,10000.0,16530.27,65.3,21.59,2.03,43.75,2.96,16,134,13.85,14.32,-8.81,-0.73,2.97,18.3,-3.18,19.8
EMA_CROSS_SAR,208,224,PROFIT_FROM_LAST_PCT,0.5,50,10000.0,17634.61,76.35,22.96,2.15,43.75,3.79,16,109,16.25,14.01,-7.43,0.73,1.81,17.84,-1.86,22.17
EMA_CROSS_SAR,208,224,PROFIT_FROM_LAST_PCT,0.5,100,10000.0,19096.69,90.97,22.35,2.36,43.75,5.14,16,16,17.68,13.88,-4.47,3.08,0.77,17.44,-0.6,24.07
EMA_CROSS_SAR,208,224,PROFIT_FROM_LAST_PCT,1.0,5,10000.0,11793.93,17.94,10.48,1.26,37.5,1.15,16,107,2.78,9.59,-5.22,-0.83,1.41,10.81,-5.59,5.23
EMA_CROSS_SAR,208,224,PROFIT_FROM_LAST_PCT,1.0,10,10000.0,13153.06,31.53,14.25,1.57,37.5,1.48,16,107,5.13,13.28,-7.16,-1.24,2.31,15.47,-6.39,9.3
EMA_CROSS_SAR,208,224,PROFIT_FROM_LAST_PCT,1.0,15,10000.0,14159.87,41.6,16.03,1.75,37.5,1.79,16,107,7.16,14.53,-7.95,-1.35,2.84,17.39,-6.01,12.44
EMA_CROSS_SAR,208,224,PROFIT_FROM_LAST_PCT,1.0,20,10000.0,14930.12,49.3,17.4,1.87,37.5,2.08,16,107,8.91,14.82,-8.2,-1.26,3.09,18.12,-5.36,14.86
EMA_CROSS_SAR,208,224,PROFIT_FROM_LAST_PCT,1.0,25,10000.0,15542.36,55.42,18.92,1.95,37.5,2.35,16,106,10.4,14.78,-8.19,-1.03,3.14,18.3,-4.7,16.71
EMA_CROSS_SAR,208,224,PROFIT_FROM_LAST_PCT,1.0,30,10000.0,16048.07,60.48,20.01,2.01,37.5,2.62,16,105,11.68,14.64,-8.04,-0.73,3.05,18.3,-4.1,18.13
EMA_CROSS_SAR,208,224,PROFIT_FROM_LAST_PCT,1.0,50,10000.0,17378.75,73.79,22.3,2.15,43.75,3.46,16,86,15.06,14.18,-7.13,0.64,2.06,17.9,-2.32,21.28
EMA_CROSS_SAR,208,224,PROFIT_FROM_LAST_PCT,1.0,100,10000.0,19096.69,90.97,22.35,2.36,43.75,5.14,16,16,17.68,13.88,-4.47,3.08,0.77,17.44,-0.6,24.07
EMA_CROSS_SAR,208,224,PROFIT_FROM_LAST_PCT,1.5,5,10000.0,11496.87,14.97,9.11,1.2,37.5,1.11,16,89,2.08,8.22,-4.47,-0.83,1.15,9.77,-5.01,4.37
EMA_CROSS_SAR,208,224,PROFIT_FROM_LAST_PCT,1.5,10,10000.0,12747.37,27.47,12.89,1.49,37.5,1.4,16,88,4.07,12.16,-6.55,-1.24,1.98,14.66,-5.94,7.94
EMA_CROSS_SAR,208,224,PROFIT_FROM_LAST_PCT,1.5,15,10000.0,13719.48,37.19,14.81,1.68,37.5,1.67,16,88,5.93,13.92,-7.59,-1.35,2.56,17.02,-5.87,10.85
EMA_CROSS_SAR,208,224,PROFIT_FROM_LAST_PCT,1.5,20,10000.0,14502.33,45.02,15.84,1.81,37.5,1.93,16,88,7.63,14.6,-8.07,-1.26,2.93,18.08,-5.4,13.2
EMA_CROSS_SAR,208,224,PROFIT_FROM_LAST_PCT,1.5,25,10000.0,15150.73,51.51,17.01,1.91,37.5,2.19,16,87,9.15,14.77,-8.24,-1.03,3.13,18.48,-4.82,15.11
EMA_CROSS_SAR,208,224,PROFIT_FROM_LAST_PCT,1.5,30,10000.0,15684.62,56.85,18.16,1.98,37.5,2.45,16,87,10.49,14.73,-8.22,-0.73,3.11,18.62,-4.29,16.66
EMA_CROSS_SAR,208,224,PROFIT_FROM_LAST_PCT,1.5,50,10000.0,17229.8,72.3,20.63,2.16,43.75,3.3,16,78,14.18,14.28,-7.37,0.65,2.73,18.17,-2.53,20.52
EMA_CROSS_SAR,208,224,PROFIT_FROM_LAST_PCT,1.5,100,10000.0,19096.69,90.97,22.35,2.36,43.75,5.14,16,16,17.68,13.88,-4.47,3.08,0.77,17.44,-0.6,24.07
EMA_CROSS_SAR,208,224,PROFIT_FROM_LAST_PCT,2.0,5,10000.0,11152.25,11.52,7.52,1.14,37.5,1.07,16,67,1.71,6.29,-3.71,-0.62,1.01,7.58,-4.11,3.63
EMA_CROSS_SAR,208,224,PROFIT_FROM_LAST_PCT,2.0,10,10000.0,12199.36,21.99,11.32,1.39,37.5,1.29,16,67,3.35,10.15,-5.75,-1.0,1.84,12.28,-5.68,6.78
EMA_CROSS_SAR,208,224,PROFIT_FROM_LAST_PCT,2.0,15,10000.0,13116.24,31.16,13.44,1.58,37.5,1.53,16,67,4.91,12.43,-6.94,-1.18,2.51,15.13,-6.09,9.51
EMA_CROSS_SAR,208,224,PROFIT_FROM_LAST_PCT,2.0,20,10000.0,13908.07,39.08,14.7,1.73,37.5,1.77,16,67,6.4,13.68,-7.64,-1.21,3.03,16.79,-5.95,11.86
EMA_CROSS_SAR,208,224,PROFIT_FROM_LAST_PCT,2.0,25,10000.0,14601.05,46.01,15.44,1.85,37.5,2.02,16,66,7.79,14.36,-8.01,-1.12,3.42,17.72,-5.58,13.87
EMA_CROSS_SAR,208,224,PROFIT_FROM_LAST_PCT,2.0,30,10000.0,15205.77,52.06,16.36,1.94,37.5,2.25,16,67,9.08,14.61,-8.21,-0.93,3.69,18.19,-5.1,15.67
EMA_CROSS_SAR,208,224,PROFIT_FROM_LAST_PCT,2.0,50,10000.0,16991.51,69.92,19.51,2.16,43.75,3.13,16,67,13.15,14.44,-7.8,0.27,3.83,18.28,-3.19,20.23
EMA_CROSS_SAR,208,224,PROFIT_FROM_LAST_PCT,2.0,100,10000.0,19096.69,90.97,22.35,2.36,43.75,5.14,16,16,17.68,13.88,-4.47,3.08,0.77,17.44,-0.6,24.07
EMA_CROSS_SAR,208,224,PROFIT_FROM_LAST_PCT,3.0,5,10000.0,11017.59,10.18,6.67,1.13,37.5,1.1,16,57,1.66,5.68,-3.03,-0.62,0.78,6.15,-3.6,3.34
EMA_CROSS_SAR,208,224,PROFIT_FROM_LAST_PCT,3.0,10,10000.0,11961.51,19.62,10.24,1.35,37.5,1.3,16,57,3.19,9.42,-4.91,-1.01,1.44,10.39,-5.2,6.26
EMA_CROSS_SAR,208,224,PROFIT_FROM_LAST_PCT,3.0,15,10000.0,12812.57,28.13,12.53,1.53,37.5,1.51,16,57,4.61,11.81,-6.1,-1.19,1.99,13.27,-5.75,8.79
EMA_CROSS_SAR,208,224,PROFIT_FROM_LAST_PCT,3.0,20,10000.0,13598.6,35.99,13.98,1.69,37.5,1.75,16,56,5.94,13.27,-6.88,-1.23,2.44,15.2,-5.55,10.98
EMA_CROSS_SAR,208,224,PROFIT_FROM_LAST_PCT,3.0,25,10000.0,14253.3,42.53,14.92,1.8,37.5,1.97,16,56,7.17,14.12,-7.37,-1.14,2.8,16.46,-5.36,12.86
EMA_CROSS_SAR,208,224,PROFIT_FROM_LAST_PCT,3.0,30,10000.0,14831.37,48.31,15.58,1.89,37.5,2.19,16,56,8.32,14.55,-7.66,-0.95,3.06,17.26,-5.03,14.47
EMA_CROSS_SAR,208,224,PROFIT_FROM_LAST_PCT,3.0,50,10000.0,16608.18,66.08,19.19,2.11,43.75,3.03,16,56,12.18,14.61,-7.61,0.25,3.36,18.16,-3.35,18.98
EMA_CROSS_SAR,208,224,PROFIT_FROM_LAST_PCT,3.0,100,10000.0,19096.69,90.97,22.35,2.36,43.75,5.14,16,16,17.68,13.88,-4.47,3.08,0.77,17.44,-0.6,24.07
EMA_CROSS_SAR,208,224,PROFIT_FROM_LAST_PCT,5.0,5,10000.0,10771.1,7.71,4.81,1.13,37.5,1.29,16,41,1.12,4.19,-2.07,-0.09,0.38,4.45,-2.65,2.46
EMA_CROSS_SAR,208,224,PROFIT_FROM_LAST_PCT,5.0,10,10000.0,11514.72,15.15,7.85,1.3,43.75,1.45,16,41,2.22,7.39,-3.47,-0.13,0.68,7.99,-4.28,4.73
EMA_CROSS_SAR,208,224,PROFIT_FROM_LAST_PCT,5.0,15,10000.0,12222.76,22.23,9.74,1.45,43.75,1.62,16,41,3.3,9.8,-4.43,-0.13,0.96,10.75,-5.23,6.81
EMA_CROSS_SAR,208,224,PROFIT_FROM_LAST_PCT,5.0,20,10000.0,12892.75,28.93,11.15,1.58,43.75,1.79,16,41,4.36,11.56,-5.09,-0.08,1.2,12.89,-5.71,8.72
EMA_CROSS_SAR,208,224,PROFIT_FROM_LAST_PCT,5.0,25,10000.0,13506.68,35.07,12.18,1.69,43.75,1.97,16,41,5.4,12.82,-5.53,0.0,1.41,14.44,-5.88,10.47
EMA_CROSS_SAR,208,224,PROFIT_FROM_LAST_PCT,5.0,30,10000.0,14128.16,41.28,12.94,1.81,43.75,2.18,16,41,6.42,13.68,-5.82,0.12,1.58,15.94,-5.79,12.08
EMA_CROSS_SAR,208,224,PROFIT_FROM_LAST_PCT,5.0,50,10000.0,16032.16,60.32,16.77,2.07,43.75,2.95,16,41,10.29,14.78,-6.09,0.83,1.72,18.18,-4.59,17.25
EMA_CROSS_SAR,208,224,PROFIT_FROM_LAST_PCT,5.0,100,10000.0,19096.69,90.97,22.35,2.36,43.75,5.14,16,16,17.68,13.88,-4.47,3.08,0.77,17.44,-0.6,24.07
EMA_CROSS_SAR,208,224,PROFIT_FROM_LAST_PCT,7.0,5,10000.0,10751.29,7.51,3.65,1.4,43.75,1.66,16,32,1.3,3.35,-1.56,0.0,0.32,3.48,-1.78,2.38
EMA_CROSS_SAR,208,224,PROFIT_FROM_LAST_PCT,7.0,10,10000.0,11476.83,14.77,6.32,1.54,43.75,1.78,16,32,2.52,6.08,-2.72,0.02,0.6,6.42,-3.02,4.6
EMA_CROSS_SAR,208,224,PROFIT_FROM_LAST_PCT,7.0,15,10000.0,12170.9,21.71,8.33,1.66,43.75,1.91,16,32,3.69,8.27,-3.61,0.06,0.85,8.88,-3.84,6.66
EMA_CROSS_SAR,208,224,PROFIT_FROM_LAST_PCT,7.0,20,10000.0,12829.19,28.29,9.87,1.77,43.75,2.05,16,32,4.8,10.01,-4.28,0.11,1.07,10.93,-4.36,8.57
EMA_CROSS_SAR,208,224,PROFIT_FROM_LAST_PCT,7.0,25,10000.0,13448.85,34.49,11.09,1.87,43.75,2.19,16,32,5.85,11.37,-4.78,0.18,1.27,12.61,-4.64,10.33
EMA_CROSS_SAR,208,224,PROFIT_FROM_LAST_PCT,7.0,30,10000.0,14028.39,40.28,12.06,1.95,43.75,2.34,16,32,6.85,12.41,-5.17,0.27,1.43,13.97,-4.74,11.95
EMA_CROSS_SAR,208,224,PROFIT_FROM_LAST_PCT,7.0,50,10000.0,15936.12,59.36,15.45,2.17,43.75,2.98,16,32,10.45,14.21,-5.91,0.76,1.78,17.06,-4.08,17.23
EMA_CROSS_SAR,208,224,PROFIT_FROM_LAST_PCT,7.0,100,10000.0,19096.69,90.97,22.35,2.36,43.75,5.14,16,16,17.68,13.88,-4.47,3.08,0.77,17.44,-0.6,24.07
EMA_CROSS_SAR,208,224,PROFIT_FROM_LAST_PCT,10.0,5,10000.0,10510.92,5.11,3.47,1.12,37.5,1.3,16,30,0.79,2.65,-1.47,-0.08,0.14,2.56,-1.61,2.18
EMA_CROSS_SAR,208,224,PROFIT_FROM_LAST_PCT,10.0,10,10000.0,11043.1,10.43,6.18,1.26,43.75,1.44,16,30,1.59,4.96,-2.63,-0.14,0.27,4.98,-2.82,4.26
EMA_CROSS_SAR,208,224,PROFIT_FROM_LAST_PCT,10.0,15,10000.0,11569.47,15.69,8.31,1.37,43.75,1.56,16,30,2.41,6.95,-3.55,-0.17,0.39,7.07,-3.73,6.23
EMA_CROSS_SAR,208,224,PROFIT_FROM_LAST_PCT,10.0,20,10000.0,12092.73,20.93,10.01,1.48,43.75,1.69,16,30,3.23,8.64,-4.28,-0.18,0.5,8.92,-4.38,8.08
EMA_CROSS_SAR,208,224,PROFIT_FROM_LAST_PCT,10.0,25,10000.0,12612.5,26.12,11.38,1.58,43.75,1.83,16,30,4.07,10.06,-4.85,-0.16,0.6,10.55,-4.81,9.83
EMA_CROSS_SAR,208,224,PROFIT_FROM_LAST_PCT,10.0,30,10000.0,13124.71,31.25,12.48,1.67,43.75,1.98,16,30,4.92,11.24,-5.29,-0.12,0.68,11.97,-5.07,11.47
EMA_CROSS_SAR,208,224,PROFIT_FROM_LAST_PCT,10.0,50,10000.0,15093.72,50.94,15.83,1.99,43.75,2.7,16,29,8.44,14.08,-6.0,0.3,0.92,15.86,-4.84,16.94
EMA_CROSS_SAR,208,224,PROFIT_FROM_LAST_PCT,10.0,100,10000.0,19096.69,90.97,22.35,2.36,43.75,5.14,16,16,17.68,13.88,-4.47,3.08,0.77,17.44,-0.6,24.07
EMA_CROSS_SAR,5,15,BARS_ELAPSED,1.0,5,10000.0,14288.28,42.88,24.05,1.85,30.53,0.7,393,5600,16.74,1.87,0.66,-10.87,-4.48,15.5,7.12,13.62
EMA_CROSS_SAR,5,15,BARS_ELAPSED,1.0,10,10000.0,15238.05,52.38,26.74,1.79,31.55,0.9,393,5469,20.39,3.13,1.23,-11.81,-6.34,17.44,10.38,13.66
EMA_CROSS_SAR,5,15,BARS_ELAPSED,1.0,15,10000.0,15573.71,55.74,26.47,1.74,33.08,1.01,393,5294,21.33,4.0,1.41,-10.5,-7.49,17.92,11.67,12.09
EMA_CROSS_SAR,5,15,BARS_ELAPSED,1.0,20,10000.0,15692.34,56.92,25.71,1.7,34.1,1.09,393,4982,21.41,4.68,1.35,-8.79,-8.33,17.94,12.12,10.65
EMA_CROSS_SAR,5,15,BARS_ELAPSED,1.0,25,10000.0,15726.47,57.26,24.97,1.67,34.61,1.14,393,4658,21.18,5.29,1.17,-7.18,-8.97,17.84,12.17,9.54
EMA_CROSS_SAR,5,15,BARS_ELAPSED,1.0,30,10000.0,15728.74,57.29,24.35,1.64,35.11,1.17,393,4346,20.86,5.84,0.91,-5.78,-9.44,17.77,12.02,8.72
EMA_CROSS_SAR,5,15,BARS_ELAPSED,1.0,50,10000.0,15740.76,57.41,22.96,1.59,36.39,1.24,393,3212,19.45,7.71,-0.43,-2.12,-10.24,18.24,10.98,7.06
EMA_CROSS_SAR,5,15,BARS_ELAPSED,1.0,100,10000.0,16439.52,64.4,23.0,1.67,36.39,1.27,393,393,16.25,11.23,-2.71,1.0,-8.49,22.03,9.88,5.97
EMA_CROSS_SAR,5,15,BARS_ELAPSED,2.0,5,10000.0,13170.61,31.71,18.35,1.9,28.5,0.55,393,2905,11.85,1.28,0.03,-7.78,-2.73,12.64,4.28,10.51
EMA_CROSS_SAR,5,15,BARS_ELAPSED,2.0,10,10000.0,14386.32,43.86,24.44,1.85,28.75,0.7,393,2905,16.76,1.97,0.21,-10.82,-4.32,16.26,7.47,13.42
EMA_CROSS_SAR,5,15,BARS_ELAPSED,2.0,15,10000.0,14992.49,49.92,26.46,1.81,29.52,0.81,393,2885,18.98,2.72,0.39,-11.63,-5.37,17.76,9.55,13.65
EMA_CROSS_SAR,5,15,BARS_ELAPSED,2.0,20,10000.0,15334.93,53.35,26.94,1.78,31.04,0.9,393,2846,20.01,3.37,0.48,-11.36,-6.16,18.55,10.86,12.96
EMA_CROSS_SAR,5,15,BARS_ELAPSED,2.0,25,10000.0,15533.2,55.33,26.79,1.75,32.06,0.97,393,2805,20.42,3.91,0.47,-10.56,-6.78,18.97,11.67,11.99
EMA_CROSS_SAR,5,15,BARS_ELAPSED,2.0,30,10000.0,15648.61,56.49,26.38,1.72,31.81,1.02,393,2750,20.48,4.39,0.37,-9.53,-7.28,19.18,12.15,11.02
EMA_CROSS_SAR,5,15,BARS_ELAPSED,2.0,50,10000.0,15806.02,58.06,24.28,1.65,34.1,1.16,393,2348,19.49,6.17,-0.42,-5.29,-8.58,19.34,12.38,8.18
EMA_CROSS_SAR,5,15,BARS_ELAPSED,2.0,100,10000.0,16439.52,64.4,23.0,1.67,36.39,1.27,393,393,16.25,11.23,-2.71,1.0,-8.49,22.03,9.88,5.97
EMA_CROSS_SAR,5,15,BARS_ELAPSED,4.0,5,10000.0,12167.5,21.68,11.66,1.97,27.48,0.47,393,1561,7.71,0.8,0.28,-4.64,-1.43,8.78,2.38,6.87
EMA_CROSS_SAR,5,15,BARS_ELAPSED,4.0,10,10000.0,13497.29,34.97,18.13,1.99,27.74,0.56,393,1561,12.55,1.16,0.52,-7.59,-2.5,13.41,4.59,10.58
EMA_CROSS_SAR,5,15,BARS_ELAPSED,4.0,15,10000.0,14351.02,43.51,21.76,1.98,29.01,0.64,393,1561,15.6,1.59,0.73,-9.35,-3.32,16.03,6.45,12.38
EMA_CROSS_SAR,5,15,BARS_ELAPSED,4.0,20,10000.0,14938.77,49.39,23.72,1.96,29.01,0.72,393,1561,17.51,2.12,0.92,-10.29,-3.98,17.68,7.96,13.07
EMA_CROSS_SAR,5,15,BARS_ELAPSED,4.0,25,10000.0,15367.33,53.67,24.68,1.94,30.03,0.79,393,1560,18.69,2.72,1.05,-10.62,-4.51,18.82,9.14,13.11
EMA_CROSS_SAR,5,15,BARS_ELAPSED,4.0,30,10000.0,15690.54,56.91,25.02,1.92,30.79,0.86,393,1551,19.38,3.32,1.12,-10.52,-4.97,19.67,10.04,12.76
EMA_CROSS_SAR,5,15,BARS_ELAPSED,4.0,50,10000.0,16385.15,63.85,23.7,1.85,32.82,1.05,393,1501,19.61,5.66,0.81,-7.8,-6.32,21.47,11.75,10.17
EMA_CROSS_SAR,5,15,BARS_ELAPSED,4.0,100,10000.0,16439.52,64.4,23.0,1.67,36.39,1.27,393,393,16.25,11.23,-2.71,1.0,-8.49,22.03,9.88,5.97
EMA_CROSS_SAR,5,15,BARS_ELAPSED,6.0,5,10000.0,11602.38,16.02,8.11,1.94,28.24,0.44,393,1120,5.32,1.46,-0.01,-2.96,-1.26,6.64,1.61,4.69
EMA_CROSS_SAR,5,15,BARS_ELAPSED,6.0,10,10000.0,12761.51,27.62,13.57,1.97,29.01,0.51,393,1120,9.19,2.44,-0.06,-5.14,-2.28,10.83,3.15,7.9
EMA_CROSS_SAR,5,15,BARS_ELAPSED,6.0,15,10000.0,13603.33,36.03,17.25,1.97,30.03,0.58,393,1120,12.0,3.27,-0.11,-6.68,-3.12,13.51,4.55,10.01
EMA_CROSS_SAR,5,15,BARS_ELAPSED,6.0,20,10000.0,14229.0,42.29,19.7,1.95,30.79,0.64,393,1120,14.05,4.06,-0.16,-7.72,-3.81,15.26,5.79,11.3
EMA_CROSS_SAR,5,15,BARS_ELAPSED,6.0,25,10000.0,14708.67,47.09,21.29,1.93,31.55,0.7,393,1120,15.52,4.83,-0.21,-8.35,-4.4,16.47,6.85,12.0
EMA_CROSS_SAR,5,15,BARS_ELAPSED,6.0,30,10000.0,15087.22,50.87,22.28,1.91,32.06,0.76,393,1120,16.58,5.59,-0.27,-8.65,-4.89,17.36,7.73,12.28
EMA_CROSS_SAR,5,15,BARS_ELAPSED,6.0,50,10000.0,16007.19,60.07,23.01,1.84,33.33,0.96,393,1105,18.31,8.17,-0.68,-7.55,-6.31,19.57,9.85,11.2
EMA_CROSS_SAR,5,15,BARS_ELAPSED,6.0,100,10000.0,16439.52,64.4,23.0,1.67,36.39,1.27,393,393,16.25,11.23,-2.71,1.0,-8.49,22.03,9.88,5.97
EMA_CROSS_SAR,5,15,BARS_ELAPSED,12.0,5,10000.0,10908.86,9.09,5.04,1.84,29.77,0.47,393,685,3.36,0.63,-0.35,-1.37,-0.67,3.73,0.89,2.7
EMA_CROSS_SAR,5,15,BARS_ELAPSED,12.0,10,10000.0,11686.51,16.87,9.15,1.87,30.03,0.5,393,685,6.2,1.07,-0.65,-2.53,-1.3,6.81,1.76,4.94
EMA_CROSS_SAR,5,15,BARS_ELAPSED,12.0,15,10000.0,12347.1,23.47,12.5,1.88,30.28,0.54,393,685,8.58,1.42,-0.91,-3.5,-1.9,9.32,2.59,6.74
EMA_CROSS_SAR,5,15,BARS_ELAPSED,12.0,20,10000.0,12906.76,29.07,15.22,1.87,30.53,0.58,393,685,10.58,1.75,-1.13,-4.3,-2.46,11.37,3.4,8.17
EMA_CROSS_SAR,5,15,BARS_ELAPSED,12.0,25,10000.0,13381.71,33.82,17.4,1.86,30.79,0.63,393,685,12.24,2.09,-1.31,-4.92,-2.99,13.03,4.16,9.26
EMA_CROSS_SAR,5,15,BARS_ELAPSED,12.0,30,10000.0,13787.08,37.87,19.14,1.85,31.55,0.67,393,685,13.61,2.47,-1.46,-5.4,-3.49,14.39,4.88,10.05
EMA_CROSS_SAR,5,15,BARS_ELAPSED,12.0,50,10000.0,14948.99,49.49,22.8,1.79,33.84,0.85,393,685,16.9,4.44,-1.86,-5.87,-5.26,17.93,7.28,11.05
EMA_CROSS_SAR,5,15,BARS_ELAPSED,12.0,100,10000.0,16439.52,64.4,23.0,1.67,36.39,1.27,393,393,16.25,11.23,-2.71,1.0,-8.49,22.03,9.88,5.97
EMA_CROSS_SAR,5,15,BARS_ELAPSED,24.0,5,10000.0,10591.05,5.91,2.35,1.94,35.37,0.65,393,486,1.65,0.93,-0.17,-0.32,-0.46,2.23,0.56,1.39
EMA_CROSS_SAR,5,15,BARS_ELAPSED,24.0,10,10000.0,11148.57,11.49,4.5,1.95,35.37,0.67,393,486,3.17,1.77,-0.34,-0.59,-0.92,4.28,1.13,2.62
EMA_CROSS_SAR,5,15,BARS_ELAPSED,24.0,15,10000.0,11671.64,16.72,6.47,1.95,35.37,0.69,393,486,4.57,2.54,-0.52,-0.82,-1.37,6.15,1.7,3.71
EMA_CROSS_SAR,5,15,BARS_ELAPSED,24.0,20,10000.0,12159.94,21.6,8.26,1.94,35.37,0.72,393,486,5.86,3.23,-0.7,-1.02,-1.82,7.86,2.27,4.65
EMA_CROSS_SAR,5,15,BARS_ELAPSED,24.0,25,10000.0,12613.78,26.14,9.89,1.93,35.37,0.74,393,486,7.05,3.87,-0.89,-1.17,-2.27,9.41,2.83,5.45
EMA_CROSS_SAR,5,15,BARS_ELAPSED,24.0,30,10000.0,13033.95,30.34,11.36,1.92,35.37,0.77,393,486,8.14,4.47,-1.07,-1.28,-2.72,10.82,3.39,6.14
EMA_CROSS_SAR,5,15,BARS_ELAPSED,24.0,50,10000.0,14406.93,44.07,15.91,1.85,35.62,0.89,393,486,11.63,6.56,-1.74,-1.36,-4.45,15.29,5.53,7.75
EMA_CROSS_SAR,5,15,BARS_ELAPSED,24.0,100,10000.0,16439.52,64.4,23.0,1.67,36.39,1.27,393,393,16.25,11.23,-2.71,1.0,-8.49,22.03,9.88,5.97
EMA_CROSS_SAR,5,15,BARS_ELAPSED,48.0,5,10000.0,10419.94,4.2,1.36,1.94,36.39,0.98,393,410,1.19,0.67,0.01,0.04,-0.42,1.57,0.47,0.62
EMA_CROSS_SAR,5,15,BARS_ELAPSED,48.0,10,10000.0,10836.84,8.37,2.69,1.94,36.39,0.99,393,410,2.34,1.33,0.01,0.08,-0.83,3.1,0.95,1.2
EMA_CROSS_SAR,5,15,BARS_ELAPSED,48.0,15,10000.0,11249.48,12.49,3.99,1.94,36.39,1.0,393,410,3.45,1.99,-0.02,0.12,-1.25,4.59,1.43,1.75
EMA_CROSS_SAR,5,15,BARS_ELAPSED,48.0,20,10000.0,11656.63,16.57,5.26,1.93,36.39,1.01,393,410,4.52,2.63,-0.05,0.16,-1.67,6.04,1.91,2.26
EMA_CROSS_SAR,5,15,BARS_ELAPSED,48.0,25,10000.0,12057.05,20.57,6.51,1.92,36.39,1.02,393,410,5.54,3.26,-0.11,0.21,-2.09,7.44,2.39,2.73
EMA_CROSS_SAR,5,15,BARS_ELAPSED,48.0,30,10000.0,12449.51,24.5,7.72,1.91,36.39,1.04,393,410,6.53,3.88,-0.18,0.25,-2.51,8.8,2.87,3.17
EMA_CROSS_SAR,5,15,BARS_ELAPSED,48.0,50,10000.0,13914.97,39.15,12.33,1.87,36.39,1.09,393,410,10.08,6.26,-0.6,0.45,-4.2,13.73,4.83,4.58
EMA_CROSS_SAR,5,15,BARS_ELAPSED,48.0,100,10000.0,16439.52,64.4,23.0,1.67,36.39,1.27,393,393,16.25,11.23,-2.71,1.0,-8.49,22.03,9.88,5.97
EMA_CROSS_SAR,5,15,BARS_ELAPSED,72.0,5,10000.0,10362.7,3.63,1.26,1.82,36.39,1.13,393,397,0.86,0.88,-0.05,0.07,-0.42,1.31,0.48,0.48
EMA_CROSS_SAR,5,15,BARS_ELAPSED,72.0,10,10000.0,10724.75,7.25,2.51,1.81,36.39,1.13,393,397,1.71,1.73,-0.11,0.13,-0.84,2.59,0.96,0.95
EMA_CROSS_SAR,5,15,BARS_ELAPSED,72.0,15,10000.0,11085.52,10.86,3.74,1.81,36.39,1.14,393,397,2.56,2.54,-0.18,0.19,-1.27,3.86,1.44,1.39
EMA_CROSS_SAR,5,15,BARS_ELAPSED,72.0,20,10000.0,11444.39,14.44,4.97,1.8,36.39,1.14,393,397,3.4,3.32,-0.25,0.25,-1.69,5.11,1.93,1.81
EMA_CROSS_SAR,5,15,BARS_ELAPSED,72.0,25,10000.0,11800.74,18.01,6.18,1.8,36.39,1.15,393,397,4.24,4.06,-0.34,0.31,-2.11,6.33,2.41,2.21
EMA_CROSS_SAR,5,15,BARS_ELAPSED,72.0,30,10000.0,12153.94,21.54,7.38,1.79,36.39,1.15,393,397,5.08,4.77,-0.43,0.37,-2.54,7.53,2.9,2.58
EMA_CROSS_SAR,5,15,BARS_ELAPSED,72.0,50,10000.0,13522.99,35.23,12.06,1.76,36.39,1.17,393,397,8.37,7.26,-0.91,0.58,-4.23,12.12,4.86,3.91
EMA_CROSS_SAR,5,15,BARS_ELAPSED,72.0,100,10000.0,16439.52,64.4,23.0,1.67,36.39,1.27,393,393,16.25,11.23,-2.71,1.0,-8.49,22.03,9.88,5.97
EMA_CROSS_SAR,5,15,BARS_ELAPSED,168.0,5,10000.0,10318.02,3.18,1.26,1.7,36.39,1.27,393,393,0.86,0.65,-0.05,0.07,-0.42,1.12,0.52,0.43
EMA_CROSS_SAR,5,15,BARS_ELAPSED,168.0,10,10000.0,10638.35,6.38,2.51,1.7,36.39,1.27,393,393,1.71,1.29,-0.11,0.13,-0.84,2.23,1.03,0.85
EMA_CROSS_SAR,5,15,BARS_ELAPSED,168.0,15,10000.0,10960.72,9.61,3.74,1.7,36.39,1.27,393,393,2.56,1.92,-0.18,0.19,-1.27,3.34,1.55,1.26
EMA_CROSS_SAR,5,15,BARS_ELAPSED,168.0,20,10000.0,11284.8,12.85,4.97,1.7,36.39,1.27,393,393,3.4,2.54,-0.25,0.25,-1.69,4.45,2.06,1.65
EMA_CROSS_SAR,5,15,BARS_ELAPSED,168.0,25,10000.0,11610.3,16.1,6.18,1.7,36.39,1.27,393,393,4.24,3.15,-0.34,0.31,-2.11,5.57,2.57,2.02
EMA_CROSS_SAR,5,15,BARS_ELAPSED,168.0,30,10000.0,11936.9,19.37,7.38,1.69,36.39,1.27,393,393,5.08,3.76,-0.43,0.37,-2.54,6.68,3.07,2.38
EMA_CROSS_SAR,5,15,BARS_ELAPSED,168.0,50,10000.0,13247.85,32.48,12.06,1.69,36.39,1.27,393,393,8.37,6.08,-0.91,0.58,-4.23,11.1,5.07,3.67
EMA_CROSS_SAR,5,15,BARS_ELAPSED,168.0,100,10000.0,16439.52,64.4,23.0,1.67,36.39,1.27,393,393,16.25,11.23,-2.71,1.0,-8.49,22.03,9.88,5.97
EMA_CROSS_SAR,5,15,HOURS_ELAPSED,1.0,5,10000.0,14288.28,42.88,24.05,1.85,30.53,0.7,393,5600,16.74,1.87,0.66,-10.87,-4.48,15.5,7.12,13.62
EMA_CROSS_SAR,5,15,HOURS_ELAPSED,1.0,10,10000.0,15238.05,52.38,26.74,1.79,31.55,0.9,393,5469,20.39,3.13,1.23,-11.81,-6.34,17.44,10.38,13.66
EMA_CROSS_SAR,5,15,HOURS_ELAPSED,1.0,15,10000.0,15573.71,55.74,26.47,1.74,33.08,1.01,393,5294,21.33,4.0,1.41,-10.5,-7.49,17.92,11.67,12.09
EMA_CROSS_SAR,5,15,HOURS_ELAPSED,1.0,20,10000.0,15692.34,56.92,25.71,1.7,34.1,1.09,393,4982,21.41,4.68,1.35,-8.79,-8.33,17.94,12.12,10.65
EMA_CROSS_SAR,5,15,HOURS_ELAPSED,1.0,25,10000.0,15726.47,57.26,24.97,1.67,34.61,1.14,393,4658,21.18,5.29,1.17,-7.18,-8.97,17.84,12.17,9.54
EMA_CROSS_SAR,5,15,HOURS_ELAPSED,1.0,30,10000.0,15728.74,57.29,24.35,1.64,35.11,1.17,393,4346,20.86,5.84,0.91,-5.78,-9.44,17.77,12.02,8.72
EMA_CROSS_SAR,5,15,HOURS_ELAPSED,1.0,50,10000.0,15740.76,57.41,22.96,1.59,36.39,1.24,393,3212,19.45,7.71,-0.43,-2.12,-10.24,18.24,10.98,7.06
EMA_CROSS_SAR,5,15,HOURS_ELAPSED,1.0,100,10000.0,16439.52,64.4,23.0,1.67,36.39,1.27,393,393,16.25,11.23,-2.71,1.0,-8.49,22.03,9.88,5.97
EMA_CROSS_SAR,5,15,HOURS_ELAPSED,2.0,5,10000.0,13170.61,31.71,18.35,1.9,28.5,0.55,393,2905,11.85,1.28,0.03,-7.78,-2.73,12.64,4.28,10.51
EMA_CROSS_SAR,5,15,HOURS_ELAPSED,2.0,10,10000.0,14386.32,43.86,24.44,1.85,28.75,0.7,393,2905,16.76,1.97,0.21,-10.82,-4.32,16.26,7.47,13.42
EMA_CROSS_SAR,5,15,HOURS_ELAPSED,2.0,15,10000.0,14992.49,49.92,26.46,1.81,29.52,0.81,393,2885,18.98,2.72,0.39,-11.63,-5.37,17.76,9.55,13.65
EMA_CROSS_SAR,5,15,HOURS_ELAPSED,2.0,20,10000.0,15334.93,53.35,26.94,1.78,31.04,0.9,393,2846,20.01,3.37,0.48,-11.36,-6.16,18.55,10.86,12.96
EMA_CROSS_SAR,5,15,HOURS_ELAPSED,2.0,25,10000.0,15533.2,55.33,26.79,1.75,32.06,0.97,393,2805,20.42,3.91,0.47,-10.56,-6.78,18.97,11.67,11.99
EMA_CROSS_SAR,5,15,HOURS_ELAPSED,2.0,30,10000.0,15648.61,56.49,26.38,1.72,31.81,1.02,393,2750,20.48,4.39,0.37,-9.53,-7.28,19.18,12.15,11.02
EMA_CROSS_SAR,5,15,HOURS_ELAPSED,2.0,50,10000.0,15806.02,58.06,24.28,1.65,34.1,1.16,393,2348,19.49,6.17,-0.42,-5.29,-8.58,19.34,12.38,8.18
EMA_CROSS_SAR,5,15,HOURS_ELAPSED,2.0,100,10000.0,16439.52,64.4,23.0,1.67,36.39,1.27,393,393,16.25,11.23,-2.71,1.0,-8.49,22.03,9.88,5.97
EMA_CROSS_SAR,5,15,HOURS_ELAPSED,4.0,5,10000.0,12167.5,21.68,11.66,1.97,27.48,0.47,393,1561,7.71,0.8,0.28,-4.64,-1.43,8.78,2.38,6.87
EMA_CROSS_SAR,5,15,HOURS_ELAPSED,4.0,10,10000.0,13497.29,34.97,18.13,1.99,27.74,0.56,393,1561,12.55,1.16,0.52,-7.59,-2.5,13.41,4.59,10.58
EMA_CROSS_SAR,5,15,HOURS_ELAPSED,4.0,15,10000.0,14351.02,43.51,21.76,1.98,29.01,0.64,393,1561,15.6,1.59,0.73,-9.35,-3.32,16.03,6.45,12.38
EMA_CROSS_SAR,5,15,HOURS_ELAPSED,4.0,20,10000.0,14938.77,49.39,23.72,1.96,29.01,0.72,393,1561,17.51,2.12,0.92,-10.29,-3.98,17.68,7.96,13.07
EMA_CROSS_SAR,5,15,HOURS_ELAPSED,4.0,25,10000.0,15367.33,53.67,24.68,1.94,30.03,0.79,393,1560,18.69,2.72,1.05,-10.62,-4.51,18.82,9.14,13.11
EMA_CROSS_SAR,5,15,HOURS_ELAPSED,4.0,30,10000.0,15690.54,56.91,25.02,1.92,30.79,0.86,393,1551,19.38,3.32,1.12,-10.52,-4.97,19.67,10.04,12.76
EMA_CROSS_SAR,5,15,HOURS_ELAPSED,4.0,50,10000.0,16385.15,63.85,23.7,1.85,32.82,1.05,393,1501,19.61,5.66,0.81,-7.8,-6.32,21.47,11.75,10.17
EMA_CROSS_SAR,5,15,HOURS_ELAPSED,4.0,100,10000.0,16439.52,64.4,23.0,1.67,36.39,1.27,393,393,16.25,11.23,-2.71,1.0,-8.49,22.03,9.88,5.97
EMA_CROSS_SAR,5,15,HOURS_ELAPSED,6.0,5,10000.0,11602.38,16.02,8.11,1.94,28.24,0.44,393,1120,5.32,1.46,-0.01,-2.96,-1.26,6.64,1.61,4.69
EMA_CROSS_SAR,5,15,HOURS_ELAPSED,6.0,10,10000.0,12761.51,27.62,13.57,1.97,29.01,0.51,393,1120,9.19,2.44,-0.06,-5.14,-2.28,10.83,3.15,7.9
EMA_CROSS_SAR,5,15,HOURS_ELAPSED,6.0,15,10000.0,13603.33,36.03,17.25,1.97,30.03,0.58,393,1120,12.0,3.27,-0.11,-6.68,-3.12,13.51,4.55,10.01
EMA_CROSS_SAR,5,15,HOURS_ELAPSED,6.0,20,10000.0,14229.0,42.29,19.7,1.95,30.79,0.64,393,1120,14.05,4.06,-0.16,-7.72,-3.81,15.26,5.79,11.3
EMA_CROSS_SAR,5,15,HOURS_ELAPSED,6.0,25,10000.0,14708.67,47.09,21.29,1.93,31.55,0.7,393,1120,15.52,4.83,-0.21,-8.35,-4.4,16.47,6.85,12.0
EMA_CROSS_SAR,5,15,HOURS_ELAPSED,6.0,30,10000.0,15087.22,50.87,22.28,1.91,32.06,0.76,393,1120,16.58,5.59,-0.27,-8.65,-4.89,17.36,7.73,12.28
EMA_CROSS_SAR,5,15,HOURS_ELAPSED,6.0,50,10000.0,16007.19,60.07,23.01,1.84,33.33,0.96,393,1105,18.31,8.17,-0.68,-7.55,-6.31,19.57,9.85,11.2
EMA_CROSS_SAR,5,15,HOURS_ELAPSED,6.0,100,10000.0,16439.52,64.4,23.0,1.67,36.39,1.27,393,393,16.25,11.23,-2.71,1.0,-8.49,22.03,9.88,5.97
EMA_CROSS_SAR,5,15,HOURS_ELAPSED,12.0,5,10000.0,10908.86,9.09,5.04,1.84,29.77,0.47,393,685,3.36,0.63,-0.35,-1.37,-0.67,3.73,0.89,2.7
EMA_CROSS_SAR,5,15,HOURS_ELAPSED,12.0,10,10000.0,11686.51,16.87,9.15,1.87,30.03,0.5,393,685,6.2,1.07,-0.65,-2.53,-1.3,6.81,1.76,4.94
EMA_CROSS_SAR,5,15,HOURS_ELAPSED,12.0,15,10000.0,12347.1,23.47,12.5,1.88,30.28,0.54,393,685,8.58,1.42,-0.91,-3.5,-1.9,9.32,2.59,6.74
EMA_CROSS_SAR,5,15,HOURS_ELAPSED,12.0,20,10000.0,12906.76,29.07,15.22,1.87,30.53,0.58,393,685,10.58,1.75,-1.13,-4.3,-2.46,11.37,3.4,8.17
EMA_CROSS_SAR,5,15,HOURS_ELAPSED,12.0,25,10000.0,13381.71,33.82,17.4,1.86,30.79,0.63,393,685,12.24,2.09,-1.31,-4.92,-2.99,13.03,4.16,9.26
EMA_CROSS_SAR,5,15,HOURS_ELAPSED,12.0,30,10000.0,13787.08,37.87,19.14,1.85,31.55,0.67,393,685,13.61,2.47,-1.46,-5.4,-3.49,14.39,4.88,10.05
EMA_CROSS_SAR,5,15,HOURS_ELAPSED,12.0,50,10000.0,14948.99,49.49,22.8,1.79,33.84,0.85,393,685,16.9,4.44,-1.86,-5.87,-5.26,17.93,7.28,11.05
EMA_CROSS_SAR,5,15,HOURS_ELAPSED,12.0,100,10000.0,16439.52,64.4,23.0,1.67,36.39,1.27,393,393,16.25,11.23,-2.71,1.0,-8.49,22.03,9.88,5.97
EMA_CROSS_SAR,5,15,HOURS_ELAPSED,24.0,5,10000.0,10591.05,5.91,2.35,1.94,35.37,0.65,393,486,1.65,0.93,-0.17,-0.32,-0.46,2.23,0.56,1.39
EMA_CROSS_SAR,5,15,HOURS_ELAPSED,24.0,10,10000.0,11148.57,11.49,4.5,1.95,35.37,0.67,393,486,3.17,1.77,-0.34,-0.59,-0.92,4.28,1.13,2.62
EMA_CROSS_SAR,5,15,HOURS_ELAPSED,24.0,15,10000.0,11671.64,16.72,6.47,1.95,35.37,0.69,393,486,4.57,2.54,-0.52,-0.82,-1.37,6.15,1.7,3.71
EMA_CROSS_SAR,5,15,HOURS_ELAPSED,24.0,20,10000.0,12159.94,21.6,8.26,1.94,35.37,0.72,393,486,5.86,3.23,-0.7,-1.02,-1.82,7.86,2.27,4.65
EMA_CROSS_SAR,5,15,HOURS_ELAPSED,24.0,25,10000.0,12613.78,26.14,9.89,1.93,35.37,0.74,393,486,7.05,3.87,-0.89,-1.17,-2.27,9.41,2.83,5.45
EMA_CROSS_SAR,5,15,HOURS_ELAPSED,24.0,30,10000.0,13033.95,30.34,11.36,1.92,35.37,0.77,393,486,8.14,4.47,-1.07,-1.28,-2.72,10.82,3.39,6.14
EMA_CROSS_SAR,5,15,HOURS_ELAPSED,24.0,50,10000.0,14406.93,44.07,15.91,1.85,35.62,0.89,393,486,11.63,6.56,-1.74,-1.36,-4.45,15.29,5.53,7.75
EMA_CROSS_SAR,5,15,HOURS_ELAPSED,24.0,100,10000.0,16439.52,64.4,23.0,1.67,36.39,1.27,393,393,16.25,11.23,-2.71,1.0,-8.49,22.03,9.88,5.97
EMA_CROSS_SAR,5,15,HOURS_ELAPSED,48.0,5,10000.0,10419.94,4.2,1.36,1.94,36.39,0.98,393,410,1.19,0.67,0.01,0.04,-0.42,1.57,0.47,0.62
EMA_CROSS_SAR,5,15,HOURS_ELAPSED,48.0,10,10000.0,10836.84,8.37,2.69,1.94,36.39,0.99,393,410,2.34,1.33,0.01,0.08,-0.83,3.1,0.95,1.2
EMA_CROSS_SAR,5,15,HOURS_ELAPSED,48.0,15,10000.0,11249.48,12.49,3.99,1.94,36.39,1.0,393,410,3.45,1.99,-0.02,0.12,-1.25,4.59,1.43,1.75
EMA_CROSS_SAR,5,15,HOURS_ELAPSED,48.0,20,10000.0,11656.63,16.57,5.26,1.93,36.39,1.01,393,410,4.52,2.63,-0.05,0.16,-1.67,6.04,1.91,2.26
EMA_CROSS_SAR,5,15,HOURS_ELAPSED,48.0,25,10000.0,12057.05,20.57,6.51,1.92,36.39,1.02,393,410,5.54,3.26,-0.11,0.21,-2.09,7.44,2.39,2.73
EMA_CROSS_SAR,5,15,HOURS_ELAPSED,48.0,30,10000.0,12449.51,24.5,7.72,1.91,36.39,1.04,393,410,6.53,3.88,-0.18,0.25,-2.51,8.8,2.87,3.17
EMA_CROSS_SAR,5,15,HOURS_ELAPSED,48.0,50,10000.0,13914.97,39.15,12.33,1.87,36.39,1.09,393,410,10.08,6.26,-0.6,0.45,-4.2,13.73,4.83,4.58
EMA_CROSS_SAR,5,15,HOURS_ELAPSED,48.0,100,10000.0,16439.52,64.4,23.0,1.67,36.39,1.27,393,393,16.25,11.23,-2.71,1.0,-8.49,22.03,9.88,5.97
EMA_CROSS_SAR,5,15,HOURS_ELAPSED,72.0,5,10000.0,10362.7,3.63,1.26,1.82,36.39,1.13,393,397,0.86,0.88,-0.05,0.07,-0.42,1.31,0.48,0.48
EMA_CROSS_SAR,5,15,HOURS_ELAPSED,72.0,10,10000.0,10724.75,7.25,2.51,1.81,36.39,1.13,393,397,1.71,1.73,-0.11,0.13,-0.84,2.59,0.96,0.95
EMA_CROSS_SAR,5,15,HOURS_ELAPSED,72.0,15,10000.0,11085.52,10.86,3.74,1.81,36.39,1.14,393,397,2.56,2.54,-0.18,0.19,-1.27,3.86,1.44,1.39
EMA_CROSS_SAR,5,15,HOURS_ELAPSED,72.0,20,10000.0,11444.39,14.44,4.97,1.8,36.39,1.14,393,397,3.4,3.32,-0.25,0.25,-1.69,5.11,1.93,1.81
EMA_CROSS_SAR,5,15,HOURS_ELAPSED,72.0,25,10000.0,11800.74,18.01,6.18,1.8,36.39,1.15,393,397,4.24,4.06,-0.34,0.31,-2.11,6.33,2.41,2.21
EMA_CROSS_SAR,5,15,HOURS_ELAPSED,72.0,30,10000.0,12153.94,21.54,7.38,1.79,36.39,1.15,393,397,5.08,4.77,-0.43,0.37,-2.54,7.53,2.9,2.58
EMA_CROSS_SAR,5,15,HOURS_ELAPSED,72.0,50,10000.0,13522.99,35.23,12.06,1.76,36.39,1.17,393,397,8.37,7.26,-0.91,0.58,-4.23,12.12,4.86,3.91
EMA_CROSS_SAR,5,15,HOURS_ELAPSED,72.0,100,10000.0,16439.52,64.4,23.0,1.67,36.39,1.27,393,393,16.25,11.23,-2.71,1.0,-8.49,22.03,9.88,5.97
EMA_CROSS_SAR,5,15,HOURS_ELAPSED,168.0,5,10000.0,10318.02,3.18,1.26,1.7,36.39,1.27,393,393,0.86,0.65,-0.05,0.07,-0.42,1.12,0.52,0.43
EMA_CROSS_SAR,5,15,HOURS_ELAPSED,168.0,10,10000.0,10638.35,6.38,2.51,1.7,36.39,1.27,393,393,1.71,1.29,-0.11,0.13,-0.84,2.23,1.03,0.85
EMA_CROSS_SAR,5,15,HOURS_ELAPSED,168.0,15,10000.0,10960.72,9.61,3.74,1.7,36.39,1.27,393,393,2.56,1.92,-0.18,0.19,-1.27,3.34,1.55,1.26
EMA_CROSS_SAR,5,15,HOURS_ELAPSED,168.0,20,10000.0,11284.8,12.85,4.97,1.7,36.39,1.27,393,393,3.4,2.54,-0.25,0.25,-1.69,4.45,2.06,1.65
EMA_CROSS_SAR,5,15,HOURS_ELAPSED,168.0,25,10000.0,11610.3,16.1,6.18,1.7,36.39,1.27,393,393,4.24,3.15,-0.34,0.31,-2.11,5.57,2.57,2.02
EMA_CROSS_SAR,5,15,HOURS_ELAPSED,168.0,30,10000.0,11936.9,19.37,7.38,1.69,36.39,1.27,393,393,5.08,3.76,-0.43,0.37,-2.54,6.68,3.07,2.38
EMA_CROSS_SAR,5,15,HOURS_ELAPSED,168.0,50,10000.0,13247.85,32.48,12.06,1.69,36.39,1.27,393,393,8.37,6.08,-0.91,0.58,-4.23,11.1,5.07,3.67
EMA_CROSS_SAR,5,15,HOURS_ELAPSED,168.0,100,10000.0,16439.52,64.4,23.0,1.67,36.39,1.27,393,393,16.25,11.23,-2.71,1.0,-8.49,22.03,9.88,5.97
EMA_CROSS_SAR,5,15,PRICE_FROM_START_PCT,0.5,5,10000.0,12352.79,23.53,23.11,1.31,24.68,0.46,393,3654,11.96,1.01,-0.5,-10.75,-1.57,11.56,3.65,8.29
EMA_CROSS_SAR,5,15,PRICE_FROM_START_PCT,0.5,10,10000.0,12850.91,28.51,27.26,1.28,26.72,0.6,393,3554,15.32,1.33,-0.44,-13.33,-2.19,11.27,5.75,11.07
EMA_CROSS_SAR,5,15,PRICE_FROM_START_PCT,0.5,15,10000.0,13204.04,32.04,28.01,1.3,27.48,0.7,393,3435,16.93,1.49,-0.14,-13.46,-2.73,10.7,6.82,12.35
EMA_CROSS_SAR,5,15,PRICE_FROM_START_PCT,0.5,20,10000.0,13501.49,35.01,27.87,1.32,28.24,0.77,393,3222,17.69,1.62,0.16,-12.74,-3.31,10.49,7.44,12.96
EMA_CROSS_SAR,5,15,PRICE_FROM_START_PCT,0.5,25,10000.0,13768.75,37.69,27.45,1.35,29.01,0.83,393,3006,18.02,1.87,0.37,-11.72,-3.92,10.63,7.86,13.19
EMA_CROSS_SAR,5,15,PRICE_FROM_START_PCT,0.5,30,10000.0,14017.41,40.17,26.94,1.39,29.26,0.89,393,2790,18.13,2.23,0.46,-10.62,-4.53,11.03,8.21,13.17
EMA_CROSS_SAR,5,15,PRICE_FROM_START_PCT,0.5,50,10000.0,14884.34,48.84,25.01,1.5,32.06,1.04,393,2054,17.95,4.33,-0.14,-6.48,-6.6,13.95,9.35,11.78
EMA_CROSS_SAR,5,15,PRICE_FROM_START_PCT,0.5,100,10000.0,16439.52,64.4,23.0,1.67,36.39,1.27,393,393,16.25,11.23,-2.71,1.0,-8.49,22.03,9.88,5.97
EMA_CROSS_SAR,5,15,PRICE_FROM_START_PCT,1.0,5,10000.0,12413.34,24.13,20.95,1.41,22.39,0.36,393,2884,11.76,2.9,0.29,-10.07,-1.84,12.56,1.88,6.42
EMA_CROSS_SAR,5,15,PRICE_FROM_START_PCT,1.0,10,10000.0,12838.88,28.39,25.17,1.35,23.66,0.46,393,2792,14.77,3.91,0.55,-13.31,-2.4,12.89,3.58,8.39
EMA_CROSS_SAR,5,15,PRICE_FROM_START_PCT,1.0,15,10000.0,13079.66,30.8,26.41,1.34,25.19,0.54,393,2691,16.29,4.09,0.93,-14.31,-2.72,12.52,4.69,9.24
EMA_CROSS_SAR,5,15,PRICE_FROM_START_PCT,1.0,20,10000.0,13257.16,32.57,26.78,1.34,25.7,0.6,393,2525,17.06,3.93,1.32,-14.37,-3.01,12.29,5.4,9.68
EMA_CROSS_SAR,5,15,PRICE_FROM_START_PCT,1.0,25,10000.0,13412.63,34.13,26.76,1.34,26.46,0.65,393,2345,17.42,3.76,1.66,-13.97,-3.31,12.24,5.85,9.9
EMA_CROSS_SAR,5,15,PRICE_FROM_START_PCT,1.0,30,10000.0,13565.96,35.66,26.51,1.35,27.23,0.7,393,2174,17.53,3.72,1.91,-13.31,-3.63,12.36,6.15,9.95
EMA_CROSS_SAR,5,15,PRICE_FROM_START_PCT,1.0,50,10000.0,14257.97,42.58,24.53,1.43,30.53,0.88,393,1573,17.15,4.77,1.79,-9.52,-4.98,14.02,6.96,9.28
EMA_CROSS_SAR,5,15,PRICE_FROM_START_PCT,1.0,100,10000.0,16439.52,64.4,23.0,1.67,36.39,1.27,393,393,16.25,11.23,-2.71,1.0,-8.49,22.03,9.88,5.97
EMA_CROSS_SAR,5,15,PRICE_FROM_START_PCT,1.5,5,10000.0,12464.14,24.64,18.66,1.5,22.39,0.33,393,2413,10.18,3.6,1.11,-8.18,-2.37,12.24,0.6,6.67
EMA_CROSS_SAR,5,15,PRICE_FROM_START_PCT,1.5,10,10000.0,12858.75,28.59,23.23,1.42,23.66,0.42,393,2336,13.24,5.06,0.9,-11.21,-3.35,12.65,1.83,8.76
EMA_CROSS_SAR,5,15,PRICE_FROM_START_PCT,1.5,15,10000.0,13075.52,30.76,25.24,1.4,24.94,0.49,393,2244,15.14,5.61,0.53,-12.48,-3.86,12.5,2.99,9.67
EMA_CROSS_SAR,5,15,PRICE_FROM_START_PCT,1.5,20,10000.0,13260.48,32.6,26.41,1.39,25.95,0.54,393,2095,16.44,5.73,0.22,-12.97,-4.24,12.51,4.03,10.13
EMA_CROSS_SAR,5,15,PRICE_FROM_START_PCT,1.5,25,10000.0,13436.43,34.36,27.11,1.4,26.46,0.59,393,1946,17.34,5.73,0.02,-13.03,-4.57,12.69,4.92,10.33
EMA_CROSS_SAR,5,15,PRICE_FROM_START_PCT,1.5,30,10000.0,13608.98,36.09,27.49,1.42,26.72,0.64,393,1812,17.96,5.74,-0.13,-12.81,-4.89,13.01,5.65,10.35
EMA_CROSS_SAR,5,15,PRICE_FROM_START_PCT,1.5,50,10000.0,14305.85,43.06,27.05,1.49,30.53,0.81,393,1329,18.81,6.42,-0.54,-10.37,-6.08,15.09,7.47,9.44
EMA_CROSS_SAR,5,15,PRICE_FROM_START_PCT,1.5,100,10000.0,16439.52,64.4,23.0,1.67,36.39,1.27,393,393,16.25,11.23,-2.71,1.0,-8.49,22.03,9.88,5.97
EMA_CROSS_SAR,5,15,PRICE_FROM_START_PCT,2.0,5,10000.0,12877.73,28.78,15.47,1.75,25.7,0.35,393,2102,9.23,4.03,1.94,-6.45,-1.68,12.92,0.08,6.9
EMA_CROSS_SAR,5,15,PRICE_FROM_START_PCT,2.0,10,10000.0,13535.08,35.35,18.81,1.73,26.97,0.43,393,2031,12.23,5.82,1.98,-8.54,-2.54,13.75,0.86,9.17
EMA_CROSS_SAR,5,15,PRICE_FROM_START_PCT,2.0,15,10000.0,13904.94,39.05,20.16,1.73,28.24,0.5,393,1945,14.2,6.83,1.6,-9.28,-3.09,13.77,1.7,10.19
EMA_CROSS_SAR,5,15,PRICE_FROM_START_PCT,2.0,20,10000.0,14186.75,41.87,20.99,1.74,28.75,0.55,393,1812,15.64,7.44,1.17,-9.51,-3.54,13.8,2.55,10.72
EMA_CROSS_SAR,5,15,PRICE_FROM_START_PCT,2.0,25,10000.0,14426.02,44.26,21.56,1.75,28.75,0.6,393,1669,16.69,7.9,0.78,-9.47,-3.94,13.93,3.37,10.96
EMA_CROSS_SAR,5,15,PRICE_FROM_START_PCT,2.0,30,10000.0,14639.08,46.39,21.96,1.76,29.26,0.64,393,1559,17.45,8.31,0.45,-9.28,-4.33,14.17,4.14,11.0
EMA_CROSS_SAR,5,15,PRICE_FROM_START_PCT,2.0,50,10000.0,15347.52,53.48,22.29,1.78,32.32,0.82,393,1141,18.71,9.73,-0.51,-7.46,-5.69,15.91,6.53,10.05
EMA_CROSS_SAR,5,15,PRICE_FROM_START_PCT,2.0,100,10000.0,16439.52,64.4,23.0,1.67,36.39,1.27,393,393,16.25,11.23,-2.71,1.0,-8.49,22.03,9.88,5.97
EMA_CROSS_SAR,5,15,PRICE_FROM_START_PCT,3.0,5,10000.0,12403.38,24.03,15.92,1.62,27.48,0.37,393,1636,7.69,1.94,2.26,-5.65,-2.12,11.5,0.32,6.99
EMA_CROSS_SAR,5,15,PRICE_FROM_START_PCT,3.0,10,10000.0,12612.76,26.13,20.07,1.48,28.24,0.44,393,1566,9.23,2.61,2.16,-7.33,-3.49,11.87,0.73,9.36
EMA_CROSS_SAR,5,15,PRICE_FROM_START_PCT,3.0,15,10000.0,12681.6,26.82,21.6,1.41,28.5,0.49,393,1488,10.07,3.15,1.58,-7.65,-4.42,11.78,0.98,10.45
EMA_CROSS_SAR,5,15,PRICE_FROM_START_PCT,3.0,20,10000.0,12775.09,27.75,22.28,1.38,29.26,0.53,393,1393,10.7,3.56,0.99,-7.47,-5.09,11.85,1.26,11.04
EMA_CROSS_SAR,5,15,PRICE_FROM_START_PCT,3.0,25,10000.0,12901.89,29.02,22.59,1.37,29.77,0.57,393,1304,11.24,3.91,0.49,-7.11,-5.59,12.07,1.62,11.35
EMA_CROSS_SAR,5,15,PRICE_FROM_START_PCT,3.0,30,10000.0,13053.84,30.54,22.74,1.38,30.28,0.61,393,1215,11.71,4.25,0.08,-6.68,-5.99,12.43,2.05,11.45
EMA_CROSS_SAR,5,15,PRICE_FROM_START_PCT,3.0,50,10000.0,13829.48,38.29,22.54,1.47,32.82,0.78,393,937,13.29,5.78,-1.03,-4.69,-7.07,14.68,4.03,10.62
EMA_CROSS_SAR,5,15,PRICE_FROM_START_PCT,3.0,100,10000.0,16439.52,64.4,23.0,1.67,36.39,1.27,393,393,16.25,11.23,-2.71,1.0,-8.49,22.03,9.88,5.97
EMA_CROSS_SAR,5,15,PRICE_FROM_START_PCT,5.0,5,10000.0,13079.37,30.79,10.86,2.21,31.3,0.55,393,1128,7.46,1.08,2.46,-2.22,-0.42,11.01,1.65,6.99
EMA_CROSS_SAR,5,15,PRICE_FROM_START_PCT,5.0,10,10000.0,13741.07,37.41,13.99,2.19,31.81,0.61,393,1067,8.75,1.28,3.58,-3.23,-0.84,11.63,2.87,9.36
EMA_CROSS_SAR,5,15,PRICE_FROM_START_PCT,5.0,15,10000.0,14011.21,40.11,15.34,2.14,32.06,0.65,393,993,9.43,1.63,3.89,-3.67,-1.27,11.59,3.54,10.45
EMA_CROSS_SAR,5,15,PRICE_FROM_START_PCT,5.0,20,10000.0,14147.96,41.48,16.16,2.08,32.32,0.69,393,937,9.95,1.92,3.73,-3.85,-1.69,11.63,3.98,11.04
EMA_CROSS_SAR,5,15,PRICE_FROM_START_PCT,5.0,25,10000.0,14231.94,42.32,16.91,2.02,33.33,0.72,393,884,10.41,2.21,3.31,-3.87,-2.11,11.8,4.35,11.35
EMA_CROSS_SAR,5,15,PRICE_FROM_START_PCT,5.0,30,10000.0,14299.68,43.0,17.59,1.96,33.59,0.76,393,822,10.82,2.53,2.78,-3.81,-2.54,12.09,4.7,11.45
EMA_CROSS_SAR,5,15,PRICE_FROM_START_PCT,5.0,50,10000.0,14637.62,46.38,19.67,1.78,34.61,0.9,393,668,12.44,4.34,0.48,-2.98,-4.23,14.08,6.16,10.62
EMA_CROSS_SAR,5,15,PRICE_FROM_START_PCT,5.0,100,10000.0,16439.52,64.4,23.0,1.67,36.39,1.27,393,393,16.25,11.23,-2.71,1.0,-8.49,22.03,9.88,5.97
EMA_CROSS_SAR,5,15,PRICE_FROM_START_PCT,7.0,5,10000.0,12536.69,25.37,8.29,2.17,34.35,0.76,393,824,7.15,0.36,-0.49,0.07,-0.42,10.31,-0.35,6.99
EMA_CROSS_SAR,5,15,PRICE_FROM_START_PCT,7.0,10,10000.0,13256.17,32.56,11.06,2.23,34.61,0.8,393,789,8.25,0.72,-0.53,0.13,-0.84,12.48,0.14,9.36
EMA_CROSS_SAR,5,15,PRICE_FROM_START_PCT,7.0,15,10000.0,13726.52,37.27,12.38,2.28,34.61,0.84,393,729,8.57,1.79,-0.39,0.19,-1.27,13.37,0.74,10.45
EMA_CROSS_SAR,5,15,PRICE_FROM_START_PCT,7.0,20,10000.0,14123.89,41.24,13.2,2.31,34.86,0.87,393,687,8.86,2.9,-0.19,0.25,-1.69,14.0,1.35,11.04
EMA_CROSS_SAR,5,15,PRICE_FROM_START_PCT,7.0,25,10000.0,14462.87,44.63,13.86,2.32,35.11,0.9,393,659,9.21,3.85,-0.01,0.31,-2.11,14.55,1.96,11.35
EMA_CROSS_SAR,5,15,PRICE_FROM_START_PCT,7.0,30,10000.0,14749.69,47.5,14.47,2.31,35.62,0.93,393,633,9.61,4.64,0.12,0.37,-2.54,15.05,2.56,11.45
EMA_CROSS_SAR,5,15,PRICE_FROM_START_PCT,7.0,50,10000.0,15529.94,55.3,16.91,2.13,36.39,1.04,393,534,11.48,6.83,0.1,0.58,-4.23,16.9,4.83,10.62
EMA_CROSS_SAR,5,15,PRICE_FROM_START_PCT,7.0,100,10000.0,16439.52,64.4,23.0,1.67,36.39,1.27,393,393,16.25,11.23,-2.71,1.0,-8.49,22.03,9.88,5.97
EMA_CROSS_SAR,5,15,PRICE_FROM_START_PCT,10.0,5,10000.0,11587.55,15.88,9.33,1.71,35.37,0.88,393,647,3.69,-0.92,-0.59,0.07,-0.42,8.63,-0.1,4.95
EMA_CROSS_SAR,5,15,PRICE_FROM_START_PCT,10.0,10,10000.0,12254.03,22.54,10.76,1.92,35.62,0.91,393,642,6.15,-1.04,-1.0,0.13,-0.84,11.38,0.22,6.37
EMA_CROSS_SAR,5,15,PRICE_FROM_START_PCT,10.0,15,10000.0,12671.44,26.71,12.32,2.01,35.88,0.94,393,595,7.76,-0.51,-1.29,0.19,-1.27,12.6,0.75,6.78
EMA_CROSS_SAR,5,15,PRICE_FROM_START_PCT,10.0,20,10000.0,13017.69,30.18,13.22,2.07,36.13,0.97,393,563,8.81,0.34,-1.48,0.25,-1.69,13.45,1.35,6.9
EMA_CROSS_SAR,5,15,PRICE_FROM_START_PCT,10.0,25,10000.0,13329.73,33.3,13.92,2.09,36.13,0.99,393,542,9.55,1.29,-1.62,0.31,-2.11,14.2,1.98,6.92
EMA_CROSS_SAR,5,15,PRICE_FROM_START_PCT,10.0,30,10000.0,13617.98,36.18,14.57,2.09,36.13,1.01,393,526,10.11,2.24,-1.71,0.37,-2.54,14.89,2.59,6.89
EMA_CROSS_SAR,5,15,PRICE_FROM_START_PCT,10.0,50,10000.0,14605.77,46.06,16.9,1.98,36.39,1.09,393,473,11.77,5.59,-1.91,0.58,-4.23,17.36,4.88,6.68
EMA_CROSS_SAR,5,15,PRICE_FROM_START_PCT,10.0,100,10000.0,16439.52,64.4,23.0,1.67,36.39,1.27,393,393,16.25,11.23,-2.71,1.0,-8.49,22.03,9.88,5.97
EMA_CROSS_SAR,5,15,PRICE_FROM_LAST_PCT,0.5,5,10000.0,11709.97,17.1,14.16,1.54,25.45,0.43,393,1373,6.09,0.89,-0.74,-4.27,-1.39,8.75,2.42,4.9
EMA_CROSS_SAR,5,15,PRICE_FROM_LAST_PCT,0.5,10,10000.0,12530.38,25.3,20.97,1.51,27.48,0.52,393,1373,9.76,1.35,-1.04,-6.97,-2.51,11.73,4.1,8.07
EMA_CROSS_SAR,5,15,PRICE_FROM_LAST_PCT,0.5,15,10000.0,12976.3,29.76,24.54,1.47,27.74,0.6,393,1373,12.1,1.69,-1.14,-8.6,-3.42,12.77,5.31,10.06
EMA_CROSS_SAR,5,15,PRICE_FROM_LAST_PCT,0.5,20,10000.0,13278.67,32.79,26.45,1.45,28.24,0.67,393,1368,13.67,2.03,-1.16,-9.46,-4.18,13.21,6.23,11.29
EMA_CROSS_SAR,5,15,PRICE_FROM_LAST_PCT,0.5,25,10000.0,13528.86,35.29,27.43,1.43,28.5,0.74,393,1357,14.78,2.39,-1.16,-9.78,-4.8,13.5,6.97,12.02
EMA_CROSS_SAR,5,15,PRICE_FROM_LAST_PCT,0.5,30,10000.0,13760.73,37.61,27.85,1.43,29.26,0.8,393,1347,15.58,2.8,-1.2,-9.7,-5.34,13.79,7.57,12.39
EMA_CROSS_SAR,5,15,PRICE_FROM_LAST_PCT,0.5,50,10000.0,14644.72,46.45,26.87,1.49,32.57,0.99,393,1288,17.09,4.73,-1.56,-7.27,-6.86,15.45,9.23,11.85
EMA_CROSS_SAR,5,15,PRICE_FROM_LAST_PCT,0.5,100,10000.0,16439.52,64.4,23.0,1.67,36.39,1.27,393,393,16.25,11.23,-2.71,1.0,-8.49,22.03,9.88,5.97
EMA_CROSS_SAR,5,15,PRICE_FROM_LAST_PCT,1.0,5,10000.0,11219.7,12.2,9.39,1.45,27.23,0.41,393,878,3.18,1.53,-0.27,-2.25,-0.9,7.04,1.39,2.2
EMA_CROSS_SAR,5,15,PRICE_FROM_LAST_PCT,1.0,10,10000.0,12002.76,20.03,14.62,1.5,27.23,0.47,393,878,6.0,2.66,-0.28,-4.01,-1.68,10.16,2.5,3.89
EMA_CROSS_SAR,5,15,PRICE_FROM_LAST_PCT,1.0,15,10000.0,12526.59,25.27,17.8,1.51,27.99,0.53,393,878,8.42,3.36,-0.15,-5.36,-2.35,11.59,3.38,5.14
EMA_CROSS_SAR,5,15,PRICE_FROM_LAST_PCT,1.0,20,10000.0,12901.05,29.01,19.84,1.5,27.99,0.58,393,878,10.43,3.79,0.05,-6.36,-2.93,12.32,4.08,6.06
EMA_CROSS_SAR,5,15,PRICE_FROM_LAST_PCT,1.0,25,10000.0,13190.5,31.91,21.18,1.49,29.01,0.63,393,878,12.05,4.08,0.26,-7.06,-3.44,12.78,4.65,6.72
EMA_CROSS_SAR,5,15,PRICE_FROM_LAST_PCT,1.0,30,10000.0,13432.0,34.32,22.05,1.48,30.03,0.68,393,873,13.33,4.35,0.45,-7.49,-3.89,13.16,5.11,7.19
EMA_CROSS_SAR,5,15,PRICE_FROM_LAST_PCT,1.0,50,10000.0,14239.14,42.39,23.06,1.49,31.81,0.87,393,848,15.95,5.71,0.6,-7.21,-5.3,14.79,6.47,7.91
EMA_CROSS_SAR,5,15,PRICE_FROM_LAST_PCT,1.0,100,10000.0,16439.52,64.4,23.0,1.67,36.39,1.27,393,393,16.25,11.23,-2.71,1.0,-8.49,22.03,9.88,5.97
EMA_CROSS_SAR,5,15,PRICE_FROM_LAST_PCT,1.5,5,10000.0,11109.56,11.1,7.38,1.62,28.24,0.43,393,670,3.39,2.05,-0.52,-1.72,-0.85,5.85,0.82,1.79
EMA_CROSS_SAR,5,15,PRICE_FROM_LAST_PCT,1.5,10,10000.0,11871.28,18.71,12.18,1.65,28.75,0.47,393,670,6.1,3.64,-0.89,-3.17,-1.63,9.01,1.6,3.29
EMA_CROSS_SAR,5,15,PRICE_FROM_LAST_PCT,1.5,15,10000.0,12395.04,23.95,15.5,1.64,28.75,0.52,393,670,8.29,4.75,-1.13,-4.37,-2.34,10.74,2.33,4.5
EMA_CROSS_SAR,5,15,PRICE_FROM_LAST_PCT,1.5,20,10000.0,12767.08,27.67,17.9,1.61,28.75,0.56,393,670,10.07,5.49,-1.28,-5.35,-3.0,11.77,3.01,5.46
EMA_CROSS_SAR,5,15,PRICE_FROM_LAST_PCT,1.5,25,10000.0,13048.43,30.48,19.7,1.57,29.52,0.6,393,670,11.54,5.95,-1.36,-6.12,-3.6,12.47,3.65,6.21
EMA_CROSS_SAR,5,15,PRICE_FROM_LAST_PCT,1.5,30,10000.0,13279.48,32.79,21.06,1.55,29.77,0.65,393,670,12.75,6.26,-1.38,-6.7,-4.15,13.04,4.25,6.77
EMA_CROSS_SAR,5,15,PRICE_FROM_LAST_PCT,1.5,50,10000.0,14081.3,40.81,23.76,1.51,32.82,0.82,393,658,15.93,7.05,-1.31,-7.25,-5.92,15.31,6.33,7.69
EMA_CROSS_SAR,5,15,PRICE_FROM_LAST_PCT,1.5,100,10000.0,16439.52,64.4,23.0,1.67,36.39,1.27,393,393,16.25,11.23,-2.71,1.0,-8.49,22.03,9.88,5.97
EMA_CROSS_SAR,5,15,PRICE_FROM_LAST_PCT,2.0,5,10000.0,11051.28,10.51,5.11,1.83,31.81,0.49,393,566,3.62,1.75,0.15,-1.06,-0.78,4.51,0.69,1.33
EMA_CROSS_SAR,5,15,PRICE_FROM_LAST_PCT,2.0,10,10000.0,11896.33,18.96,8.8,1.9,31.81,0.53,393,566,6.47,3.28,0.25,-1.98,-1.49,7.55,1.37,2.55
EMA_CROSS_SAR,5,15,PRICE_FROM_LAST_PCT,2.0,15,10000.0,12572.19,25.72,11.55,1.93,32.06,0.57,393,566,8.74,4.59,0.3,-2.76,-2.15,9.6,2.04,3.63
EMA_CROSS_SAR,5,15,PRICE_FROM_LAST_PCT,2.0,20,10000.0,13115.83,31.16,13.65,1.93,32.57,0.61,393,566,10.55,5.7,0.3,-3.41,-2.76,11.01,2.7,4.59
EMA_CROSS_SAR,5,15,PRICE_FROM_LAST_PCT,2.0,25,10000.0,13559.56,35.6,15.3,1.92,32.57,0.64,393,566,12.02,6.62,0.27,-3.94,-3.32,12.04,3.33,5.41
EMA_CROSS_SAR,5,15,PRICE_FROM_LAST_PCT,2.0,30,10000.0,13929.37,39.29,16.62,1.9,32.57,0.68,393,566,13.21,7.38,0.2,-4.34,-3.84,12.86,3.94,6.1
EMA_CROSS_SAR,5,15,PRICE_FROM_LAST_PCT,2.0,50,10000.0,14990.85,49.91,19.75,1.81,34.35,0.84,393,563,16.19,9.39,-0.35,-4.83,-5.54,15.46,6.16,7.65
EMA_CROSS_SAR,5,15,PRICE_FROM_LAST_PCT,2.0,100,10000.0,16439.52,64.4,23.0,1.67,36.39,1.27,393,393,16.25,11.23,-2.71,1.0,-8.49,22.03,9.88,5.97
EMA_CROSS_SAR,5,15,PRICE_FROM_LAST_PCT,3.0,5,10000.0,10659.6,6.6,4.12,1.54,32.82,0.55,393,492,1.99,0.74,-0.1,-0.55,-0.75,3.53,0.25,1.4
EMA_CROSS_SAR,5,15,PRICE_FROM_LAST_PCT,3.0,10,10000.0,11239.22,12.39,7.45,1.59,33.08,0.58,393,492,3.77,1.45,-0.2,-1.03,-1.47,6.31,0.54,2.69
EMA_CROSS_SAR,5,15,PRICE_FROM_LAST_PCT,3.0,15,10000.0,11747.38,17.47,10.15,1.62,33.33,0.61,393,492,5.36,2.13,-0.31,-1.44,-2.15,8.5,0.86,3.84
EMA_CROSS_SAR,5,15,PRICE_FROM_LAST_PCT,3.0,20,10000.0,12193.08,21.93,12.35,1.63,33.33,0.64,393,492,6.79,2.77,-0.42,-1.78,-2.79,10.21,1.22,4.85
EMA_CROSS_SAR,5,15,PRICE_FROM_LAST_PCT,3.0,25,10000.0,12585.38,25.85,14.14,1.64,33.59,0.67,393,492,8.05,3.39,-0.53,-2.06,-3.39,11.57,1.6,5.72
EMA_CROSS_SAR,5,15,PRICE_FROM_LAST_PCT,3.0,30,10000.0,12933.1,29.33,15.61,1.64,33.59,0.71,393,492,9.18,3.98,-0.65,-2.27,-3.96,12.67,2.02,6.45
EMA_CROSS_SAR,5,15,PRICE_FROM_LAST_PCT,3.0,50,10000.0,14033.9,40.34,19.17,1.63,34.61,0.85,393,492,12.49,6.15,-1.16,-2.47,-5.89,15.62,3.94,8.07
EMA_CROSS_SAR,5,15,PRICE_FROM_LAST_PCT,3.0,100,10000.0,16439.52,64.4,23.0,1.67,36.39,1.27,393,393,16.25,11.23,-2.71,1.0,-8.49,22.03,9.88,5.97
EMA_CROSS_SAR,5,15,PRICE_FROM_LAST_PCT,5.0,5,10000.0,10532.69,5.33,3.23,1.61,34.1,0.73,393,442,1.75,0.39,-0.11,-0.33,-0.42,1.99,0.54,1.46
EMA_CROSS_SAR,5,15,PRICE_FROM_LAST_PCT,5.0,10,10000.0,11036.17,10.36,5.99,1.65,34.1,0.75,393,442,3.35,0.81,-0.23,-0.62,-0.84,3.78,1.08,2.75
EMA_CROSS_SAR,5,15,PRICE_FROM_LAST_PCT,5.0,15,10000.0,11509.93,15.1,8.35,1.68,34.35,0.77,393,442,4.82,1.25,-0.35,-0.86,-1.27,5.41,1.62,3.88
EMA_CROSS_SAR,5,15,PRICE_FROM_LAST_PCT,5.0,20,10000.0,11953.97,19.54,10.37,1.7,34.35,0.79,393,442,6.16,1.71,-0.47,-1.07,-1.69,6.88,2.16,4.85
EMA_CROSS_SAR,5,15,PRICE_FROM_LAST_PCT,5.0,25,10000.0,12368.84,23.69,12.12,1.72,34.35,0.82,393,442,7.37,2.18,-0.6,-1.24,-2.11,8.22,2.7,5.69
EMA_CROSS_SAR,5,15,PRICE_FROM_LAST_PCT,5.0,30,10000.0,12755.56,27.56,13.63,1.72,34.35,0.84,393,442,8.47,2.67,-0.73,-1.36,-2.54,9.44,3.24,6.38
EMA_CROSS_SAR,5,15,PRICE_FROM_LAST_PCT,5.0,50,10000.0,14055.49,40.55,17.98,1.72,35.11,0.95,393,442,11.85,4.76,-1.28,-1.47,-4.23,13.49,5.35,7.98
EMA_CROSS_SAR,5,15,PRICE_FROM_LAST_PCT,5.0,100,10000.0,16439.52,64.4,23.0,1.67,36.39,1.27,393,393,16.25,11.23,-2.71,1.0,-8.49,22.03,9.88,5.97
EMA_CROSS_SAR,5,15,PRICE_FROM_LAST_PCT,7.0,5,10000.0,10564.96,5.65,2.24,2.04,35.62,0.92,393,416,1.37,0.61,0.16,0.07,-0.42,1.73,0.52,1.54
EMA_CROSS_SAR,5,15,PRICE_FROM_LAST_PCT,7.0,10,10000.0,11110.78,11.11,4.29,2.05,35.62,0.93,393,416,2.66,1.21,0.28,0.13,-0.84,3.39,1.03,2.89
EMA_CROSS_SAR,5,15,PRICE_FROM_LAST_PCT,7.0,15,10000.0,11635.38,16.35,6.16,2.05,35.62,0.95,393,416,3.87,1.8,0.37,0.19,-1.27,4.97,1.54,4.06
EMA_CROSS_SAR,5,15,PRICE_FROM_LAST_PCT,7.0,20,10000.0,12136.89,21.37,7.87,2.06,35.88,0.96,393,416,5.02,2.38,0.43,0.25,-1.69,6.47,2.05,5.06
EMA_CROSS_SAR,5,15,PRICE_FROM_LAST_PCT,7.0,25,10000.0,12613.74,26.14,9.43,2.05,36.13,0.98,393,416,6.09,2.96,0.45,0.31,-2.11,7.91,2.56,5.91
EMA_CROSS_SAR,5,15,PRICE_FROM_LAST_PCT,7.0,30,10000.0,13064.59,30.65,10.87,2.04,36.13,0.99,393,416,7.11,3.53,0.45,0.37,-2.54,9.27,3.06,6.62
EMA_CROSS_SAR,5,15,PRICE_FROM_LAST_PCT,7.0,50,10000.0,14589.76,45.9,15.58,1.97,36.39,1.06,393,416,10.58,5.81,0.12,0.58,-4.23,14.05,5.05,8.17
EMA_CROSS_SAR,5,15,PRICE_FROM_LAST_PCT,7.0,100,10000.0,16439.52,64.4,23.0,1.67,36.39,1.27,393,393,16.25,11.23,-2.71,1.0,-8.49,22.03,9.88,5.97
EMA_CROSS_SAR,5,15,PRICE_FROM_LAST_PCT,10.0,5,10000.0,10451.35,4.51,1.82,1.93,36.39,1.03,393,404,0.98,0.95,-0.15,0.07,-0.42,2.03,0.5,0.53
EMA_CROSS_SAR,5,15,PRICE_FROM_LAST_PCT,10.0,10,10000.0,10893.69,8.94,3.54,1.93,36.39,1.03,393,404,1.94,1.82,-0.31,0.13,-0.84,3.93,1.0,1.06
EMA_CROSS_SAR,5,15,PRICE_FROM_LAST_PCT,10.0,15,10000.0,11326.0,13.26,5.18,1.93,36.39,1.04,393,404,2.9,2.62,-0.46,0.19,-1.27,5.73,1.5,1.57
EMA_CROSS_SAR,5,15,PRICE_FROM_LAST_PCT,10.0,20,10000.0,11747.32,17.47,6.72,1.93,36.39,1.05,393,404,3.85,3.37,-0.6,0.25,-1.69,7.41,2.0,2.06
EMA_CROSS_SAR,5,15,PRICE_FROM_LAST_PCT,10.0,25,10000.0,12156.75,21.57,8.19,1.92,36.39,1.06,393,404,4.79,4.06,-0.75,0.31,-2.11,8.98,2.5,2.54
EMA_CROSS_SAR,5,15,PRICE_FROM_LAST_PCT,10.0,30,10000.0,12553.45,25.53,9.59,1.91,36.39,1.07,393,404,5.71,4.7,-0.89,0.37,-2.54,10.44,3.0,2.99
EMA_CROSS_SAR,5,15,PRICE_FROM_LAST_PCT,10.0,50,10000.0,13998.06,39.98,14.48,1.86,36.39,1.12,393,404,9.24,6.88,-1.44,0.58,-4.23,15.34,4.99,4.55
EMA_CROSS_SAR,5,15,PRICE_FROM_LAST_PCT,10.0,100,10000.0,16439.52,64.4,23.0,1.67,36.39,1.27,393,393,16.25,11.23,-2.71,1.0,-8.49,22.03,9.88,5.97
EMA_CROSS_SAR,5,15,PROFIT_FROM_START_PCT,0.5,5,10000.0,12721.43,27.21,19.35,1.62,20.36,0.31,393,2382,11.66,1.41,1.93,-8.78,-1.82,12.37,2.14,7.3
EMA_CROSS_SAR,5,15,PROFIT_FROM_START_PCT,0.5,10,10000.0,13305.34,33.05,23.84,1.55,22.9,0.42,393,2395,14.91,2.76,1.61,-12.4,-1.94,12.89,4.4,9.68
EMA_CROSS_SAR,5,15,PROFIT_FROM_START_PCT,0.5,15,10000.0,13536.04,35.36,26.06,1.49,23.16,0.5,393,2383,16.7,3.3,0.72,-13.85,-2.11,12.44,6.42,10.69
EMA_CROSS_SAR,5,15,PROFIT_FROM_START_PCT,0.5,20,10000.0,13914.54,39.15,26.95,1.52,24.68,0.57,393,2299,18.67,3.91,0.28,-14.46,-2.38,12.34,8.09,11.24
EMA_CROSS_SAR,5,15,PROFIT_FROM_START_PCT,0.5,25,10000.0,14078.86,40.79,26.97,1.51,25.45,0.63,393,2202,19.13,4.49,0.07,-14.21,-2.76,11.83,9.06,11.39
EMA_CROSS_SAR,5,15,PROFIT_FROM_START_PCT,0.5,30,10000.0,14341.84,43.42,26.81,1.53,26.72,0.69,393,2090,19.44,5.03,-0.05,-13.56,-3.33,12.04,9.97,11.47
EMA_CROSS_SAR,5,15,PROFIT_FROM_START_PCT,0.5,50,10000.0,15069.14,50.69,24.75,1.58,30.53,0.87,393,1626,18.84,6.7,-0.63,-9.49,-4.98,14.04,10.59,10.74
EMA_CROSS_SAR,5,15,PROFIT_FROM_START_PCT,0.5,100,10000.0,16439.52,64.4,23.0,1.67,36.39,1.27,393,393,16.25,11.23,-2.71,1.0,-8.49,22.03,9.88,5.97
EMA_CROSS_SAR,5,15,PROFIT_FROM_START_PCT,1.0,5,10000.0,12624.45,26.24,15.92,1.74,21.63,0.28,393,1686,9.36,0.55,2.87,-5.81,-1.91,11.68,0.98,7.15
EMA_CROSS_SAR,5,15,PROFIT_FROM_START_PCT,1.0,10,10000.0,13149.07,31.49,20.07,1.64,23.92,0.36,393,1709,12.13,1.44,4.01,-8.63,-2.7,12.35,1.77,9.38
EMA_CROSS_SAR,5,15,PROFIT_FROM_START_PCT,1.0,15,10000.0,13285.21,32.85,22.51,1.53,24.68,0.43,393,1707,14.02,2.65,3.1,-10.14,-3.21,12.3,2.45,10.09
EMA_CROSS_SAR,5,15,PROFIT_FROM_START_PCT,1.0,20,10000.0,13422.07,34.22,24.24,1.48,25.19,0.5,393,1690,15.34,3.83,1.82,-11.19,-3.62,12.38,3.73,10.43
EMA_CROSS_SAR,5,15,PROFIT_FROM_START_PCT,1.0,25,10000.0,13741.08,37.41,24.59,1.51,25.95,0.56,393,1629,16.4,5.27,0.87,-11.4,-3.68,12.53,4.87,10.54
EMA_CROSS_SAR,5,15,PROFIT_FROM_START_PCT,1.0,30,10000.0,13911.69,39.12,25.18,1.5,27.23,0.61,393,1553,17.17,5.43,0.58,-11.48,-4.0,13.13,5.57,10.49
EMA_CROSS_SAR,5,15,PROFIT_FROM_START_PCT,1.0,50,10000.0,14518.29,45.18,24.74,1.52,31.04,0.81,393,1302,17.86,6.39,0.57,-9.89,-5.07,14.6,7.51,9.57
EMA_CROSS_SAR,5,15,PROFIT_FROM_START_PCT,1.0,100,10000.0,16439.52,64.4,23.0,1.67,36.39,1.27,393,393,16.25,11.23,-2.71,1.0,-8.49,22.03,9.88,5.97
EMA_CROSS_SAR,5,15,PROFIT_FROM_START_PCT,1.5,5,10000.0,12556.39,25.56,14.8,1.84,23.66,0.29,393,1263,8.24,1.23,0.88,-4.11,-1.45,10.66,1.32,7.24
EMA_CROSS_SAR,5,15,PROFIT_FROM_START_PCT,1.5,10,10000.0,12774.82,27.75,20.35,1.59,24.17,0.36,393,1276,10.19,1.49,1.51,-6.95,-2.76,11.51,1.78,9.59
EMA_CROSS_SAR,5,15,PROFIT_FROM_START_PCT,1.5,15,10000.0,12939.01,29.39,22.52,1.5,25.95,0.42,393,1274,11.94,2.04,2.42,-8.86,-3.7,11.46,2.25,10.58
EMA_CROSS_SAR,5,15,PROFIT_FROM_START_PCT,1.5,20,10000.0,12943.98,29.44,24.79,1.4,26.21,0.47,393,1279,13.54,2.43,1.98,-10.05,-4.67,11.55,2.79,11.03
EMA_CROSS_SAR,5,15,PROFIT_FROM_START_PCT,1.5,25,10000.0,13216.99,32.17,25.31,1.42,26.97,0.53,393,1281,14.84,3.64,1.25,-10.45,-4.84,11.91,3.56,11.04
EMA_CROSS_SAR,5,15,PROFIT_FROM_START_PCT,1.5,30,10000.0,13385.87,33.86,25.62,1.42,27.48,0.58,393,1255,15.76,4.11,0.66,-10.34,-4.93,12.12,4.03,10.98
EMA_CROSS_SAR,5,15,PROFIT_FROM_START_PCT,1.5,50,10000.0,14504.9,45.05,25.28,1.56,30.53,0.78,393,1076,18.57,7.33,-0.75,-9.1,-5.95,15.09,6.54,9.69
EMA_CROSS_SAR,5,15,PROFIT_FROM_START_PCT,1.5,100,10000.0,16439.52,64.4,23.0,1.67,36.39,1.27,393,393,16.25,11.23,-2.71,1.0,-8.49,22.03,9.88,5.97
EMA_CROSS_SAR,5,15,PROFIT_FROM_START_PCT,2.0,5,10000.0,12736.97,27.37,12.13,2.08,27.74,0.34,393,1034,8.25,2.02,0.17,-2.43,-1.02,10.38,1.04,6.93
EMA_CROSS_SAR,5,15,PROFIT_FROM_START_PCT,2.0,10,10000.0,13452.42,34.52,16.16,2.01,27.74,0.41,393,1057,10.15,2.59,1.54,-4.38,-2.01,11.77,2.05,9.75
EMA_CROSS_SAR,5,15,PROFIT_FROM_START_PCT,2.0,15,10000.0,13585.02,35.85,18.76,1.86,27.74,0.46,393,1018,11.17,3.22,1.59,-5.86,-2.79,12.1,2.59,10.8
EMA_CROSS_SAR,5,15,PROFIT_FROM_START_PCT,2.0,20,10000.0,13692.91,36.93,20.47,1.76,29.01,0.5,393,1014,12.17,3.97,1.77,-6.98,-3.66,12.06,3.29,11.31
EMA_CROSS_SAR,5,15,PROFIT_FROM_START_PCT,2.0,25,10000.0,13876.71,38.77,21.12,1.72,29.26,0.55,393,1014,12.96,4.95,1.72,-7.52,-4.24,12.54,3.66,11.5
EMA_CROSS_SAR,5,15,PROFIT_FROM_START_PCT,2.0,30,10000.0,14114.27,41.14,21.81,1.72,30.53,0.6,393,1004,14.07,5.67,1.46,-7.83,-4.73,13.02,4.43,11.49
EMA_CROSS_SAR,5,15,PROFIT_FROM_START_PCT,2.0,50,10000.0,15044.96,50.45,21.78,1.74,33.08,0.8,393,928,16.68,9.49,-0.39,-6.75,-5.71,15.25,5.93,10.31
EMA_CROSS_SAR,5,15,PROFIT_FROM_START_PCT,2.0,100,10000.0,16439.52,64.4,23.0,1.67,36.39,1.27,393,393,16.25,11.23,-2.71,1.0,-8.49,22.03,9.88,5.97
EMA_CROSS_SAR,5,15,PROFIT_FROM_START_PCT,3.0,5,10000.0,12138.8,21.39,9.02,1.98,31.04,0.41,393,765,4.77,1.82,-0.25,-1.09,-0.75,9.13,0.1,6.41
EMA_CROSS_SAR,5,15,PROFIT_FROM_START_PCT,3.0,10,10000.0,13045.96,30.46,13.72,2.07,31.04,0.47,393,784,8.99,1.71,-0.31,-2.06,-1.49,12.03,0.42,8.81
EMA_CROSS_SAR,5,15,PROFIT_FROM_START_PCT,3.0,15,10000.0,13134.51,31.35,16.73,1.86,31.3,0.51,393,757,9.95,1.47,-0.53,-3.02,-2.18,12.49,1.04,9.84
EMA_CROSS_SAR,5,15,PROFIT_FROM_START_PCT,3.0,20,10000.0,13288.54,32.89,17.84,1.77,31.81,0.55,393,761,10.39,2.5,-0.59,-3.62,-2.82,11.9,1.62,11.04
EMA_CROSS_SAR,5,15,PROFIT_FROM_START_PCT,3.0,25,10000.0,13478.08,34.78,19.11,1.73,32.06,0.59,393,766,11.17,3.47,-0.39,-4.49,-3.43,12.21,2.19,11.35
EMA_CROSS_SAR,5,15,PROFIT_FROM_START_PCT,3.0,30,10000.0,13592.55,35.93,19.65,1.67,32.06,0.63,393,752,11.65,3.58,0.03,-4.69,-4.0,12.23,2.83,11.45
EMA_CROSS_SAR,5,15,PROFIT_FROM_START_PCT,3.0,50,10000.0,13863.97,38.64,22.35,1.5,33.33,0.79,393,710,12.9,4.75,-1.02,-4.28,-6.4,14.28,4.82,10.62
EMA_CROSS_SAR,5,15,PROFIT_FROM_START_PCT,3.0,100,10000.0,16439.52,64.4,23.0,1.67,36.39,1.27,393,393,16.25,11.23,-2.71,1.0,-8.49,22.03,9.88,5.97
EMA_CROSS_SAR,5,15,PROFIT_FROM_START_PCT,5.0,5,10000.0,11277.93,12.78,6.56,1.62,33.33,0.6,393,593,2.99,1.9,-0.23,-0.33,-0.42,4.47,0.38,3.51
EMA_CROSS_SAR,5,15,PROFIT_FROM_START_PCT,5.0,10,10000.0,12196.54,21.97,9.25,1.93,33.84,0.65,393,605,5.66,1.95,-0.43,-0.62,-0.84,7.54,0.84,6.46
EMA_CROSS_SAR,5,15,PROFIT_FROM_START_PCT,5.0,15,10000.0,13028.1,30.28,11.71,2.14,34.1,0.7,393,594,7.96,2.44,-0.62,-0.86,-1.27,10.85,1.34,7.88
EMA_CROSS_SAR,5,15,PROFIT_FROM_START_PCT,5.0,20,10000.0,13355.05,33.55,13.61,2.1,34.1,0.73,393,567,9.33,2.47,-0.82,-1.07,-1.69,12.03,1.78,8.51
EMA_CROSS_SAR,5,15,PROFIT_FROM_START_PCT,5.0,25,10000.0,13602.41,36.02,14.95,2.01,34.1,0.76,393,556,9.92,2.55,-1.21,-1.24,-2.11,12.82,2.22,9.71
EMA_CROSS_SAR,5,15,PROFIT_FROM_START_PCT,5.0,30,10000.0,13851.47,38.51,15.72,1.97,34.35,0.8,393,547,10.56,3.11,-1.33,-1.36,-2.54,13.26,3.05,9.91
EMA_CROSS_SAR,5,15,PROFIT_FROM_START_PCT,5.0,50,10000.0,14713.93,47.14,18.4,1.84,35.11,0.92,393,541,12.45,5.42,-1.12,-1.47,-4.23,14.66,5.34,10.41
EMA_CROSS_SAR,5,15,PROFIT_FROM_START_PCT,5.0,100,10000.0,16439.52,64.4,23.0,1.67,36.39,1.27,393,393,16.25,11.23,-2.71,1.0,-8.49,22.03,9.88,5.97
EMA_CROSS_SAR,5,15,PROFIT_FROM_START_PCT,7.0,5,10000.0,10816.62,8.17,5.04,1.45,35.62,0.78,393,487,1.73,1.06,0.06,0.07,-0.42,3.25,0.44,1.77
EMA_CROSS_SAR,5,15,PROFIT_FROM_START_PCT,7.0,10,10000.0,11800.66,18.01,6.9,1.89,35.62,0.82,393,526,3.41,2.27,0.11,0.13,-0.84,6.51,0.88,4.55
EMA_CROSS_SAR,5,15,PROFIT_FROM_START_PCT,7.0,15,10000.0,12567.19,25.67,9.19,2.11,35.62,0.86,393,542,5.04,2.74,0.13,0.19,-1.27,9.01,1.34,6.51
EMA_CROSS_SAR,5,15,PROFIT_FROM_START_PCT,7.0,20,10000.0,13138.83,31.39,11.36,2.2,35.62,0.89,393,520,6.48,2.62,0.15,0.25,-1.69,11.22,1.81,7.7
EMA_CROSS_SAR,5,15,PROFIT_FROM_START_PCT,7.0,25,10000.0,13597.91,35.98,12.82,2.23,36.13,0.93,393,502,7.73,3.14,0.15,0.31,-2.11,12.48,2.29,8.29
EMA_CROSS_SAR,5,15,PROFIT_FROM_START_PCT,7.0,30,10000.0,14061.99,40.62,13.86,2.26,36.13,0.95,393,493,9.29,3.6,0.13,0.37,-2.54,13.68,2.84,8.62
EMA_CROSS_SAR,5,15,PROFIT_FROM_START_PCT,7.0,50,10000.0,15077.95,50.78,17.14,2.06,36.39,1.04,393,469,11.92,5.72,-0.31,0.58,-4.23,16.71,4.78,8.78
EMA_CROSS_SAR,5,15,PROFIT_FROM_START_PCT,7.0,100,10000.0,16439.52,64.4,23.0,1.67,36.39,1.27,393,393,16.25,11.23,-2.71,1.0,-8.49,22.03,9.88,5.97
EMA_CROSS_SAR,5,15,PROFIT_FROM_START_PCT,10.0,5,10000.0,10441.11,4.41,2.73,1.41,36.39,0.92,393,420,1.02,0.64,-0.15,0.07,-0.42,1.96,0.5,0.77
EMA_CROSS_SAR,5,15,PROFIT_FROM_START_PCT,10.0,10,10000.0,10828.14,8.28,5.07,1.39,36.39,0.92,393,424,2.05,0.98,-0.31,0.13,-0.84,3.82,1.0,1.28
EMA_CROSS_SAR,5,15,PROFIT_FROM_START_PCT,10.0,15,10000.0,11264.59,12.65,6.67,1.49,36.39,0.93,393,431,3.09,1.49,-0.46,0.19,-1.27,5.47,1.5,2.2
EMA_CROSS_SAR,5,15,PROFIT_FROM_START_PCT,10.0,20,10000.0,11935.73,19.36,8.18,1.73,36.39,0.96,393,451,4.03,2.87,-0.6,0.25,-1.69,8.15,2.0,3.3
EMA_CROSS_SAR,5,15,PROFIT_FROM_START_PCT,10.0,25,10000.0,12463.42,24.63,9.94,1.84,36.39,0.98,393,472,4.94,3.81,-0.75,0.31,-2.11,9.73,2.5,4.5
EMA_CROSS_SAR,5,15,PROFIT_FROM_START_PCT,10.0,30,10000.0,12933.65,29.34,11.67,1.9,36.39,1.01,393,467,5.95,4.14,-0.89,0.37,-2.54,11.68,3.0,5.26
EMA_CROSS_SAR,5,15,PROFIT_FROM_START_PCT,10.0,50,10000.0,14369.77,43.7,16.01,1.93,36.39,1.09,393,439,9.94,5.93,-1.44,0.58,-4.23,16.4,4.99,6.61
EMA_CROSS_SAR,5,15,PROFIT_FROM_START_PCT,10.0,100,10000.0,16439.52,64.4,23.0,1.67,36.39,1.27,393,393,16.25,11.23,-2.71,1.0,-8.49,22.03,9.88,5.97
EMA_CROSS_SAR,5,15,PROFIT_FROM_LAST_PCT,0.5,5,10000.0,11450.74,14.51,10.66,1.59,25.95,0.4,393,931,5.88,1.08,-0.32,-3.18,-0.92,5.61,1.24,4.69
EMA_CROSS_SAR,5,15,PROFIT_FROM_LAST_PCT,0.5,10,10000.0,12458.36,24.58,16.38,1.65,26.72,0.46,393,931,10.01,1.92,-0.27,-5.44,-1.71,8.71,2.4,7.79
EMA_CROSS_SAR,5,15,PROFIT_FROM_LAST_PCT,0.5,15,10000.0,13171.1,31.71,19.57,1.67,27.74,0.52,393,931,12.88,2.65,-0.04,-6.99,-2.4,10.45,3.47,9.76
EMA_CROSS_SAR,5,15,PROFIT_FROM_LAST_PCT,0.5,20,10000.0,13699.96,37.0,21.36,1.67,28.5,0.58,393,931,14.86,3.33,0.27,-7.99,-3.01,11.49,4.44,10.97
EMA_CROSS_SAR,5,15,PROFIT_FROM_LAST_PCT,0.5,25,10000.0,14113.7,41.14,22.29,1.67,29.52,0.64,393,932,16.21,4.0,0.58,-8.54,-3.56,12.2,5.29,11.65
EMA_CROSS_SAR,5,15,PROFIT_FROM_LAST_PCT,0.5,30,10000.0,14462.6,44.63,22.68,1.68,30.03,0.7,393,931,17.12,4.67,0.86,-8.74,-4.05,12.75,6.07,11.95
EMA_CROSS_SAR,5,15,PROFIT_FROM_LAST_PCT,0.5,50,10000.0,15496.2,54.96,21.95,1.7,32.82,0.9,393,913,18.39,7.34,1.22,-7.33,-5.68,14.79,8.35,11.2
EMA_CROSS_SAR,5,15,PROFIT_FROM_LAST_PCT,0.5,100,10000.0,16439.52,64.4,23.0,1.67,36.39,1.27,393,393,16.25,11.23,-2.71,1.0,-8.49,22.03,9.88,5.97
EMA_CROSS_SAR,5,15,PROFIT_FROM_LAST_PCT,1.0,5,10000.0,11186.84,11.87,7.95,1.65,28.24,0.42,393,722,4.72,0.98,-0.09,-1.92,-1.03,4.66,1.02,3.23
EMA_CROSS_SAR,5,15,PROFIT_FROM_LAST_PCT,1.0,10,10000.0,12090.49,20.9,13.08,1.7,29.01,0.47,393,722,8.24,1.82,-0.1,-3.43,-1.93,7.74,1.95,5.68
EMA_CROSS_SAR,5,15,PROFIT_FROM_LAST_PCT,1.0,15,10000.0,12775.18,27.75,16.49,1.72,29.77,0.51,393,722,10.86,2.55,-0.08,-4.58,-2.73,9.82,2.79,7.49
EMA_CROSS_SAR,5,15,PROFIT_FROM_LAST_PCT,1.0,20,10000.0,13301.05,33.01,18.76,1.72,30.28,0.56,393,722,12.8,3.21,-0.03,-5.43,-3.42,11.28,3.56,8.79
EMA_CROSS_SAR,5,15,PROFIT_FROM_LAST_PCT,1.0,25,10000.0,13716.78,37.17,20.28,1.71,30.53,0.61,393,722,14.24,3.83,0.02,-6.02,-4.04,12.37,4.27,9.67
EMA_CROSS_SAR,5,15,PROFIT_FROM_LAST_PCT,1.0,30,10000.0,14058.35,40.58,21.28,1.7,31.3,0.66,393,722,15.31,4.44,0.06,-6.39,-4.58,13.24,4.91,10.22
EMA_CROSS_SAR,5,15,PROFIT_FROM_LAST_PCT,1.0,50,10000.0,15063.0,50.63,22.39,1.68,32.82,0.85,393,716,17.43,6.81,-0.0,-6.15,-6.19,15.94,6.97,10.39
EMA_CROSS_SAR,5,15,PROFIT_FROM_LAST_PCT,1.0,100,10000.0,16439.52,64.4,23.0,1.67,36.39,1.27,393,393,16.25,11.23,-2.71,1.0,-8.49,22.03,9.88,5.97
EMA_CROSS_SAR,5,15,PROFIT_FROM_LAST_PCT,1.5,5,10000.0,10933.97,9.34,6.22,1.54,28.24,0.41,393,625,3.66,0.71,0.24,-1.65,-0.85,3.94,0.7,2.39
EMA_CROSS_SAR,5,15,PROFIT_FROM_LAST_PCT,1.5,10,10000.0,11711.63,17.12,10.6,1.61,28.75,0.46,393,625,6.62,1.43,0.45,-3.01,-1.62,6.89,1.41,4.3
EMA_CROSS_SAR,5,15,PROFIT_FROM_LAST_PCT,1.5,15,10000.0,12357.24,23.57,13.72,1.65,28.75,0.5,393,625,9.02,2.14,0.62,-4.11,-2.32,9.12,2.11,5.77
EMA_CROSS_SAR,5,15,PROFIT_FROM_LAST_PCT,1.5,20,10000.0,12895.03,28.95,15.98,1.68,29.26,0.54,393,625,10.95,2.86,0.75,-4.98,-2.95,10.83,2.78,6.89
EMA_CROSS_SAR,5,15,PROFIT_FROM_LAST_PCT,1.5,25,10000.0,13347.31,33.47,17.63,1.69,30.03,0.59,393,625,12.5,3.58,0.83,-5.64,-3.52,12.17,3.42,7.7
EMA_CROSS_SAR,5,15,PROFIT_FROM_LAST_PCT,1.5,30,10000.0,13744.37,37.44,18.71,1.7,30.79,0.63,393,624,13.75,4.38,0.88,-6.11,-4.03,13.26,4.04,8.26
EMA_CROSS_SAR,5,15,PROFIT_FROM_LAST_PCT,1.5,50,10000.0,14879.21,48.79,20.97,1.7,32.82,0.81,393,624,16.65,6.98,0.59,-6.35,-5.64,16.41,6.15,8.82
EMA_CROSS_SAR,5,15,PROFIT_FROM_LAST_PCT,1.5,100,10000.0,16439.52,64.4,23.0,1.67,36.39,1.27,393,393,16.25,11.23,-2.71,1.0,-8.49,22.03,9.88,5.97
EMA_CROSS_SAR,5,15,PROFIT_FROM_LAST_PCT,2.0,5,10000.0,10942.4,9.42,5.15,1.78,31.04,0.51,393,552,3.1,0.67,-0.0,-0.75,-0.68,3.74,0.78,2.35
EMA_CROSS_SAR,5,15,PROFIT_FROM_LAST_PCT,2.0,10,10000.0,11764.68,17.65,8.95,1.84,31.04,0.54,393,552,5.73,1.36,-0.01,-1.39,-1.32,6.69,1.53,4.27
EMA_CROSS_SAR,5,15,PROFIT_FROM_LAST_PCT,2.0,15,10000.0,12471.91,24.72,11.79,1.88,31.04,0.58,393,552,7.95,2.03,-0.02,-1.93,-1.92,9.01,2.25,5.79
EMA_CROSS_SAR,5,15,PROFIT_FROM_LAST_PCT,2.0,20,10000.0,13073.55,30.74,13.94,1.89,31.55,0.62,393,552,9.81,2.69,-0.04,-2.38,-2.5,10.85,2.94,6.97
EMA_CROSS_SAR,5,15,PROFIT_FROM_LAST_PCT,2.0,25,10000.0,13581.76,35.82,15.59,1.9,31.55,0.65,393,552,11.36,3.32,-0.07,-2.73,-3.04,12.32,3.59,7.86
EMA_CROSS_SAR,5,15,PROFIT_FROM_LAST_PCT,2.0,30,10000.0,14027.87,40.28,16.74,1.9,31.81,0.69,393,551,12.64,4.06,-0.1,-3.0,-3.55,13.51,4.22,8.49
EMA_CROSS_SAR,5,15,PROFIT_FROM_LAST_PCT,2.0,50,10000.0,15176.25,51.76,19.52,1.83,33.59,0.85,393,552,15.76,6.24,-0.36,-3.23,-5.33,16.7,6.41,9.23
EMA_CROSS_SAR,5,15,PROFIT_FROM_LAST_PCT,2.0,100,10000.0,16439.52,64.4,23.0,1.67,36.39,1.27,393,393,16.25,11.23,-2.71,1.0,-8.49,22.03,9.88,5.97
EMA_CROSS_SAR,5,15,PROFIT_FROM_LAST_PCT,3.0,5,10000.0,10762.25,7.62,3.96,1.74,32.57,0.59,393,497,2.23,0.87,0.02,-0.82,-0.65,2.68,0.72,2.44
EMA_CROSS_SAR,5,15,PROFIT_FROM_LAST_PCT,3.0,10,10000.0,11448.14,14.48,7.19,1.79,32.57,0.61,393,497,4.21,1.69,0.04,-1.54,-1.28,4.97,1.4,4.43
EMA_CROSS_SAR,5,15,PROFIT_FROM_LAST_PCT,3.0,15,10000.0,12058.16,20.58,9.82,1.82,32.82,0.64,393,497,5.95,2.44,0.08,-2.17,-1.88,6.95,2.07,6.03
EMA_CROSS_SAR,5,15,PROFIT_FROM_LAST_PCT,3.0,20,10000.0,12595.78,25.96,11.97,1.83,32.82,0.67,393,497,7.48,3.15,0.11,-2.7,-2.45,8.65,2.7,7.28
EMA_CROSS_SAR,5,15,PROFIT_FROM_LAST_PCT,3.0,25,10000.0,13066.52,30.67,13.73,1.83,32.82,0.71,393,497,8.82,3.81,0.14,-3.15,-3.0,10.12,3.31,8.23
EMA_CROSS_SAR,5,15,PROFIT_FROM_LAST_PCT,3.0,30,10000.0,13477.2,34.77,15.16,1.83,32.82,0.74,393,497,9.98,4.43,0.16,-3.5,-3.53,11.41,3.9,8.9
EMA_CROSS_SAR,5,15,PROFIT_FROM_LAST_PCT,3.0,50,10000.0,14668.48,46.68,18.63,1.77,34.61,0.88,393,497,13.19,6.66,0.06,-4.01,-5.39,15.27,6.02,9.71
EMA_CROSS_SAR,5,15,PROFIT_FROM_LAST_PCT,3.0,100,10000.0,16439.52,64.4,23.0,1.67,36.39,1.27,393,393,16.25,11.23,-2.71,1.0,-8.49,22.03,9.88,5.97
EMA_CROSS_SAR,5,15,PROFIT_FROM_LAST_PCT,5.0,5,10000.0,10524.98,5.25,3.19,1.58,34.35,0.73,393,442,1.66,0.42,-0.45,-0.16,-0.42,2.03,0.52,1.59
EMA_CROSS_SAR,5,15,PROFIT_FROM_LAST_PCT,5.0,10,10000.0,11018.89,10.19,5.94,1.61,34.61,0.75,393,442,3.22,0.84,-0.87,-0.31,-0.84,3.88,1.05,2.97
EMA_CROSS_SAR,5,15,PROFIT_FROM_LAST_PCT,5.0,15,10000.0,11484.54,14.85,8.28,1.64,34.61,0.77,393,442,4.69,1.26,-1.25,-0.42,-1.27,5.56,1.58,4.15
EMA_CROSS_SAR,5,15,PROFIT_FROM_LAST_PCT,5.0,20,10000.0,11922.46,19.22,10.34,1.66,34.61,0.79,393,442,6.06,1.68,-1.58,-0.52,-1.69,7.08,2.11,5.15
EMA_CROSS_SAR,5,15,PROFIT_FROM_LAST_PCT,5.0,25,10000.0,12334.0,23.34,12.14,1.67,34.61,0.81,393,442,7.33,2.11,-1.88,-0.59,-2.11,8.47,2.65,5.99
EMA_CROSS_SAR,5,15,PROFIT_FROM_LAST_PCT,5.0,30,10000.0,12720.64,27.21,13.7,1.69,34.61,0.84,393,442,8.52,2.56,-2.14,-0.64,-2.54,9.74,3.18,6.67
EMA_CROSS_SAR,5,15,PROFIT_FROM_LAST_PCT,5.0,50,10000.0,14050.74,40.51,18.22,1.7,35.62,0.94,393,442,12.34,4.54,-2.85,-0.61,-4.23,13.91,5.3,8.14
EMA_CROSS_SAR,5,15,PROFIT_FROM_LAST_PCT,5.0,100,10000.0,16439.52,64.4,23.0,1.67,36.39,1.27,393,393,16.25,11.23,-2.71,1.0,-8.49,22.03,9.88,5.97
EMA_CROSS_SAR,5,15,PROFIT_FROM_LAST_PCT,7.0,5,10000.0,10519.72,5.2,2.49,1.84,35.37,0.86,393,421,1.53,0.57,-0.21,-0.07,-0.42,1.64,0.56,1.54
EMA_CROSS_SAR,5,15,PROFIT_FROM_LAST_PCT,7.0,10,10000.0,11020.38,10.2,4.75,1.86,35.37,0.88,393,421,2.96,1.14,-0.42,-0.13,-0.84,3.21,1.12,2.89
EMA_CROSS_SAR,5,15,PROFIT_FROM_LAST_PCT,7.0,15,10000.0,11500.93,15.01,6.79,1.87,35.37,0.89,393,421,4.3,1.7,-0.62,-0.18,-1.27,4.71,1.67,4.06
EMA_CROSS_SAR,5,15,PROFIT_FROM_LAST_PCT,7.0,20,10000.0,11960.52,19.61,8.65,1.88,35.62,0.91,393,421,5.56,2.26,-0.81,-0.21,-1.69,6.14,2.21,5.06
EMA_CROSS_SAR,5,15,PROFIT_FROM_LAST_PCT,7.0,25,10000.0,12398.53,23.99,10.34,1.88,35.88,0.92,393,421,6.74,2.82,-0.99,-0.23,-2.11,7.5,2.74,5.91
EMA_CROSS_SAR,5,15,PROFIT_FROM_LAST_PCT,7.0,30,10000.0,12814.5,28.14,11.87,1.88,35.88,0.94,393,421,7.83,3.37,-1.17,-0.23,-2.54,8.81,3.26,6.62
EMA_CROSS_SAR,5,15,PROFIT_FROM_LAST_PCT,7.0,50,10000.0,14251.77,42.52,16.7,1.85,36.13,1.02,393,421,11.46,5.62,-1.78,-0.13,-4.23,13.42,5.29,8.17
EMA_CROSS_SAR,5,15,PROFIT_FROM_LAST_PCT,7.0,100,10000.0,16439.52,64.4,23.0,1.67,36.39,1.27,393,393,16.25,11.23,-2.71,1.0,-8.49,22.03,9.88,5.97
EMA_CROSS_SAR,5,15,PROFIT_FROM_LAST_PCT,10.0,5,10000.0,10462.84,4.63,1.82,1.95,36.39,1.03,393,404,1.04,0.95,-0.12,0.07,-0.42,1.84,0.5,0.73
EMA_CROSS_SAR,5,15,PROFIT_FROM_LAST_PCT,10.0,10,10000.0,10916.16,9.16,3.54,1.96,36.39,1.04,393,404,2.07,1.82,-0.25,0.13,-0.84,3.6,1.0,1.41
EMA_CROSS_SAR,5,15,PROFIT_FROM_LAST_PCT,10.0,15,10000.0,11358.74,13.59,5.18,1.95,36.39,1.05,393,404,3.08,2.62,-0.37,0.19,-1.27,5.27,1.5,2.04
EMA_CROSS_SAR,5,15,PROFIT_FROM_LAST_PCT,10.0,20,10000.0,11789.42,17.89,6.72,1.95,36.39,1.06,393,404,4.07,3.37,-0.5,0.25,-1.69,6.87,2.0,2.62
EMA_CROSS_SAR,5,15,PROFIT_FROM_LAST_PCT,10.0,25,10000.0,12207.14,22.07,8.19,1.94,36.39,1.06,393,404,5.05,4.05,-0.63,0.31,-2.11,8.39,2.5,3.14
EMA_CROSS_SAR,5,15,PROFIT_FROM_LAST_PCT,10.0,30,10000.0,12610.93,26.11,9.59,1.93,36.39,1.07,393,404,6.0,4.7,-0.76,0.37,-2.54,9.83,3.0,3.62
EMA_CROSS_SAR,5,15,PROFIT_FROM_LAST_PCT,10.0,50,10000.0,14069.96,40.7,14.48,1.88,36.39,1.12,393,404,9.59,6.88,-1.28,0.58,-4.23,14.81,4.99,5.07
EMA_CROSS_SAR,5,15,PROFIT_FROM_LAST_PCT,10.0,100,10000.0,16439.52,64.4,23.0,1.67,36.39,1.27,393,393,16.25,11.23,-2.71,1.0,-8.49,22.03,9.88,5.97
EMA_CROSS_LONG_ONLY,208,224,BARS_ELAPSED,1.0,5,10000.0,12507.6,25.08,19.38,1.19,37.5,3.72,8,836,-1.72,0.0,-2.12,4.86,-3.88,0.0,5.32,22.34
EMA_CROSS_LONG_ONLY,208,224,BARS_ELAPSED,1.0,10,10000.0,12986.17,29.86,20.06,1.33,37.5,4.22,8,468,-0.85,0.0,-2.92,5.87,-3.93,0.0,5.63,25.44
EMA_CROSS_LONG_ONLY,208,224,BARS_ELAPSED,1.0,15,10000.0,13106.66,31.07,20.06,1.37,37.5,4.4,8,324,-0.6,0.0,-2.91,6.06,-4.03,0.0,5.81,25.96
EMA_CROSS_LONG_ONLY,208,224,BARS_ELAPSED,1.0,20,10000.0,13144.28,31.44,19.91,1.38,37.5,4.48,8,249,-0.52,0.0,-2.73,6.03,-4.16,0.0,5.91,26.07
EMA_CROSS_LONG_ONLY,208,224,BARS_ELAPSED,1.0,25,10000.0,13162.32,31.62,19.73,1.38,37.5,4.55,8,202,-0.49,0.0,-2.5,5.95,-4.28,0.0,5.96,26.11
EMA_CROSS_LONG_ONLY,208,224,BARS_ELAPSED,1.0,30,10000.0,13176.48,31.76,19.52,1.38,37.5,4.62,8,167,-0.49,0.0,-2.26,5.87,-4.38,0.0,5.98,26.14
EMA_CROSS_LONG_ONLY,208,224,BARS_ELAPSED,1.0,50,10000.0,13227.79,32.28,18.77,1.4,37.5,4.99,8,97,-0.5,0.0,-1.34,5.54,-4.64,0.0,5.94,26.23
EMA_CROSS_LONG_ONLY,208,224,BARS_ELAPSED,1.0,100,10000.0,13276.79,32.77,17.81,1.41,37.5,5.75,8,8,-0.52,0.0,-0.17,4.73,-4.74,0.0,5.83,26.49
EMA_CROSS_LONG_ONLY,208,224,BARS_ELAPSED,2.0,5,10000.0,11824.21,18.24,17.83,0.97,37.5,3.29,8,733,-2.92,0.0,-0.55,3.48,-3.62,0.0,5.15,16.65
EMA_CROSS_LONG_ONLY,208,224,BARS_ELAPSED,2.0,10,10000.0,12543.65,25.44,19.39,1.2,37.5,3.79,8,450,-1.65,0.0,-2.12,4.84,-3.9,0.0,5.36,22.6
EMA_CROSS_LONG_ONLY,208,224,BARS_ELAPSED,2.0,15,10000.0,12860.2,28.6,19.89,1.3,37.5,4.1,8,321,-1.08,0.0,-2.7,5.5,-3.94,0.0,5.55,24.77
EMA_CROSS_LONG_ONLY,208,224,BARS_ELAPSED,2.0,20,10000.0,13007.36,30.07,20.03,1.34,37.5,4.28,8,246,-0.79,0.0,-2.88,5.79,-3.98,0.0,5.71,25.58
EMA_CROSS_LONG_ONLY,208,224,BARS_ELAPSED,2.0,25,10000.0,13076.84,30.77,20.04,1.36,37.5,4.39,8,199,-0.64,0.0,-2.89,5.89,-4.04,0.0,5.82,25.89
EMA_CROSS_LONG_ONLY,208,224,BARS_ELAPSED,2.0,30,10000.0,13111.24,31.11,19.98,1.37,37.5,4.45,8,164,-0.56,0.0,-2.81,5.88,-4.11,0.0,5.9,26.03
EMA_CROSS_LONG_ONLY,208,224,BARS_ELAPSED,2.0,50,10000.0,13162.88,31.63,19.46,1.38,37.5,4.68,8,94,-0.48,0.0,-2.17,5.58,-4.39,0.0,6.02,26.2
EMA_CROSS_LONG_ONLY,208,224,BARS_ELAPSED,2.0,100,10000.0,13276.79,32.77,17.81,1.41,37.5,5.75,8,8,-0.52,0.0,-0.17,4.73,-4.74,0.0,5.83,26.49
EMA_CROSS_LONG_ONLY,208,224,BARS_ELAPSED,4.0,5,10000.0,11037.07,10.37,15.88,0.67,50.0,2.64,8,609,-4.07,0.0,0.35,1.88,-3.01,0.0,4.78,10.61
EMA_CROSS_LONG_ONLY,208,224,BARS_ELAPSED,4.0,10,10000.0,11882.79,18.83,17.78,0.99,37.5,3.38,8,390,-2.8,0.0,-0.45,3.52,-3.63,0.0,5.13,16.97
EMA_CROSS_LONG_ONLY,208,224,BARS_ELAPSED,4.0,15,10000.0,12349.37,23.49,18.7,1.14,37.5,3.74,8,300,-2.0,0.0,-1.32,4.33,-3.82,0.0,5.23,20.79
EMA_CROSS_LONG_ONLY,208,224,BARS_ELAPSED,4.0,20,10000.0,12650.41,26.5,19.16,1.24,37.5,4.03,8,235,-1.48,0.0,-1.83,4.85,-3.88,0.0,5.34,23.05
EMA_CROSS_LONG_ONLY,208,224,BARS_ELAPSED,4.0,25,10000.0,12850.39,28.5,19.38,1.3,37.5,4.28,8,196,-1.13,0.0,-2.09,5.2,-3.9,0.0,5.45,24.38
EMA_CROSS_LONG_ONLY,208,224,BARS_ELAPSED,4.0,30,10000.0,12983.14,29.83,19.46,1.34,37.5,4.47,8,163,-0.9,0.0,-2.18,5.42,-3.93,0.0,5.54,25.16
EMA_CROSS_LONG_ONLY,208,224,BARS_ELAPSED,4.0,50,10000.0,13192.15,31.92,19.24,1.39,37.5,4.93,8,93,-0.52,0.0,-1.91,5.57,-4.12,0.0,5.79,26.12
EMA_CROSS_LONG_ONLY,208,224,BARS_ELAPSED,4.0,100,10000.0,13276.79,32.77,17.81,1.41,37.5,5.75,8,8,-0.52,0.0,-0.17,4.73,-4.74,0.0,5.83,26.49
EMA_CROSS_LONG_ONLY,208,224,BARS_ELAPSED,6.0,5,10000.0,10558.97,5.59,15.28,0.45,50.0,2.19,8,467,-4.62,0.0,0.1,0.83,-2.6,0.0,4.25,7.9
EMA_CROSS_LONG_ONLY,208,224,BARS_ELAPSED,6.0,10,10000.0,11407.31,14.07,16.8,0.82,50.0,2.94,8,348,-3.57,0.0,0.12,2.62,-3.46,0.0,4.99,13.47
EMA_CROSS_LONG_ONLY,208,224,BARS_ELAPSED,6.0,15,10000.0,11898.29,18.98,17.9,0.99,37.5,3.29,8,264,-2.77,0.0,-0.56,3.51,-3.84,0.0,5.13,17.48
EMA_CROSS_LONG_ONLY,208,224,BARS_ELAPSED,6.0,20,10000.0,12233.91,22.34,18.56,1.1,37.5,3.52,8,221,-2.18,0.0,-1.17,4.06,-4.04,0.0,5.22,20.31
EMA_CROSS_LONG_ONLY,208,224,BARS_ELAPSED,6.0,25,10000.0,12480.58,24.81,18.96,1.18,37.5,3.74,8,186,-1.75,0.0,-1.6,4.46,-4.13,0.0,5.3,22.28
EMA_CROSS_LONG_ONLY,208,224,BARS_ELAPSED,6.0,30,10000.0,12664.84,26.65,19.19,1.24,37.5,3.94,8,156,-1.43,0.0,-1.85,4.75,-4.19,0.0,5.38,23.63
EMA_CROSS_LONG_ONLY,208,224,BARS_ELAPSED,6.0,50,10000.0,13040.41,30.4,19.29,1.35,37.5,4.53,8,92,-0.76,0.0,-1.97,5.22,-4.32,0.0,5.65,25.87
EMA_CROSS_LONG_ONLY,208,224,BARS_ELAPSED,6.0,100,10000.0,13276.79,32.77,17.81,1.41,37.5,5.75,8,8,-0.52,0.0,-0.17,4.73,-4.74,0.0,5.83,26.49
EMA_CROSS_LONG_ONLY,208,224,BARS_ELAPSED,12.0,5,10000.0,9978.25,-0.22,13.85,0.09,25.0,1.54,8,237,-4.65,0.0,-0.67,-0.63,-1.68,0.0,2.93,4.65
EMA_CROSS_LONG_ONLY,208,224,BARS_ELAPSED,12.0,10,10000.0,10658.65,6.59,15.36,0.5,50.0,2.31,8,237,-4.43,0.0,0.23,0.77,-2.61,0.0,4.44,8.43
EMA_CROSS_LONG_ONLY,208,224,BARS_ELAPSED,12.0,15,10000.0,11187.1,11.87,16.02,0.73,50.0,2.78,8,219,-3.82,0.0,0.48,1.82,-3.17,0.0,4.99,11.69
EMA_CROSS_LONG_ONLY,208,224,BARS_ELAPSED,12.0,20,10000.0,11572.94,15.73,16.8,0.88,50.0,3.14,8,181,-3.27,0.0,0.32,2.53,-3.53,0.0,5.2,14.48
EMA_CROSS_LONG_ONLY,208,224,BARS_ELAPSED,12.0,25,10000.0,11871.21,18.71,17.36,0.99,50.0,3.45,8,156,-2.79,0.0,0.02,3.02,-3.77,0.0,5.3,16.83
EMA_CROSS_LONG_ONLY,208,224,BARS_ELAPSED,12.0,30,10000.0,12114.23,21.14,17.76,1.07,37.5,3.65,8,136,-2.39,0.0,-0.29,3.39,-3.95,0.0,5.37,18.81
EMA_CROSS_LONG_ONLY,208,224,BARS_ELAPSED,12.0,50,10000.0,12767.85,27.68,18.43,1.27,37.5,4.41,8,88,-1.29,0.0,-0.93,4.3,-4.29,0.0,5.58,23.74
EMA_CROSS_LONG_ONLY,208,224,BARS_ELAPSED,12.0,100,10000.0,13276.79,32.77,17.81,1.41,37.5,5.75,8,8,-0.52,0.0,-0.17,4.73,-4.74,0.0,5.83,26.49
EMA_CROSS_LONG_ONLY,208,224,BARS_ELAPSED,24.0,5,10000.0,9756.1,-2.44,11.03,-0.18,25.0,1.19,8,121,-3.61,0.0,-1.04,-1.02,-1.06,0.0,1.48,2.83
EMA_CROSS_LONG_ONLY,208,224,BARS_ELAPSED,24.0,10,10000.0,10048.03,0.48,14.23,0.15,25.0,1.59,8,121,-4.45,0.0,-0.67,-0.55,-1.85,0.0,2.87,5.32
EMA_CROSS_LONG_ONLY,208,224,BARS_ELAPSED,24.0,15,10000.0,10449.94,4.5,15.22,0.39,37.5,2.07,8,121,-4.37,0.0,-0.11,0.26,-2.45,0.0,3.79,7.64
EMA_CROSS_LONG_ONLY,208,224,BARS_ELAPSED,24.0,20,10000.0,10831.56,8.32,15.74,0.58,50.0,2.44,8,121,-4.03,0.0,0.28,1.05,-2.91,0.0,4.32,9.83
EMA_CROSS_LONG_ONLY,208,224,BARS_ELAPSED,24.0,25,10000.0,11162.78,11.63,15.92,0.72,50.0,2.74,8,118,-3.65,0.0,0.47,1.71,-3.27,0.0,4.63,11.89
EMA_CROSS_LONG_ONLY,208,224,BARS_ELAPSED,24.0,30,10000.0,11445.65,14.46,16.27,0.84,50.0,3.0,8,112,-3.29,0.0,0.5,2.26,-3.56,0.0,4.81,13.81
EMA_CROSS_LONG_ONLY,208,224,BARS_ELAPSED,24.0,50,10000.0,12263.8,22.64,17.55,1.12,37.5,3.86,8,75,-2.11,0.0,-0.03,3.64,-4.29,0.0,5.12,20.04
EMA_CROSS_LONG_ONLY,208,224,BARS_ELAPSED,24.0,100,10000.0,13276.79,32.77,17.81,1.41,37.5,5.75,8,8,-0.52,0.0,-0.17,4.73,-4.74,0.0,5.83,26.49
EMA_CROSS_LONG_ONLY,208,224,BARS_ELAPSED,48.0,5,10000.0,9827.41,-1.73,7.04,-0.23,25.0,1.02,8,63,-2.27,0.0,-0.53,-0.83,-0.63,0.0,0.98,1.53
EMA_CROSS_LONG_ONLY,208,224,BARS_ELAPSED,48.0,10,10000.0,9876.99,-1.23,10.86,-0.04,25.0,1.23,8,63,-3.47,0.0,-0.54,-0.95,-1.18,0.0,1.95,3.0
EMA_CROSS_LONG_ONLY,208,224,BARS_ELAPSED,48.0,15,10000.0,10046.21,0.46,12.85,0.14,25.0,1.48,8,63,-4.0,0.0,-0.29,-0.69,-1.65,0.0,2.8,4.43
EMA_CROSS_LONG_ONLY,208,224,BARS_ELAPSED,48.0,20,10000.0,10274.05,2.74,14.01,0.3,37.5,1.79,8,63,-4.14,0.0,0.05,-0.25,-2.07,0.0,3.49,5.84
EMA_CROSS_LONG_ONLY,208,224,BARS_ELAPSED,48.0,25,10000.0,10524.19,5.24,14.83,0.44,50.0,2.08,8,63,-4.05,0.0,0.4,0.26,-2.43,0.0,4.03,7.25
EMA_CROSS_LONG_ONLY,208,224,BARS_ELAPSED,48.0,30,10000.0,10775.87,7.76,15.31,0.56,50.0,2.35,8,63,-3.85,0.0,0.69,0.76,-2.75,0.0,4.43,8.66
EMA_CROSS_LONG_ONLY,208,224,BARS_ELAPSED,48.0,50,10000.0,11659.51,16.6,15.98,0.92,50.0,3.28,8,60,-2.78,0.0,1.12,2.41,-3.71,0.0,5.19,14.21
EMA_CROSS_LONG_ONLY,208,224,BARS_ELAPSED,48.0,100,10000.0,13276.79,32.77,17.81,1.41,37.5,5.75,8,8,-0.52,0.0,-0.17,4.73,-4.74,0.0,5.83,26.49
EMA_CROSS_LONG_ONLY,208,224,BARS_ELAPSED,72.0,5,10000.0,9870.41,-1.3,5.37,-0.25,25.0,1.24,8,43,-1.64,0.0,-0.78,-0.37,-0.45,0.0,0.47,1.44
EMA_CROSS_LONG_ONLY,208,224,BARS_ELAPSED,72.0,10,10000.0,9871.8,-1.28,8.95,-0.1,25.0,1.39,8,43,-2.72,0.0,-1.15,-0.44,-0.86,0.0,1.06,2.84
EMA_CROSS_LONG_ONLY,208,224,BARS_ELAPSED,72.0,15,10000.0,9963.39,-0.37,11.3,0.05,25.0,1.55,8,43,-3.39,0.0,-1.24,-0.31,-1.25,0.0,1.68,4.22
EMA_CROSS_LONG_ONLY,208,224,BARS_ELAPSED,72.0,20,10000.0,10116.03,1.16,12.79,0.19,25.0,1.76,8,43,-3.74,0.0,-1.14,-0.05,-1.6,0.0,2.29,5.57
EMA_CROSS_LONG_ONLY,208,224,BARS_ELAPSED,72.0,25,10000.0,10308.44,3.08,13.68,0.32,37.5,1.97,8,43,-3.88,0.0,-0.93,0.3,-1.93,0.0,2.84,6.9
EMA_CROSS_LONG_ONLY,208,224,BARS_ELAPSED,72.0,30,10000.0,10524.93,5.25,14.16,0.45,37.5,2.21,8,43,-3.87,0.0,-0.67,0.7,-2.23,0.0,3.33,8.23
EMA_CROSS_LONG_ONLY,208,224,BARS_ELAPSED,72.0,50,10000.0,11445.21,14.45,15.36,0.85,50.0,3.23,8,43,-3.11,0.0,0.33,2.31,-3.21,0.0,4.65,13.49
EMA_CROSS_LONG_ONLY,208,224,BARS_ELAPSED,72.0,100,10000.0,13276.79,32.77,17.81,1.41,37.5,5.75,8,8,-0.52,0.0,-0.17,4.73,-4.74,0.0,5.83,26.49
EMA_CROSS_LONG_ONLY,208,224,BARS_ELAPSED,168.0,5,10000.0,10015.27,0.15,2.9,0.08,25.0,2.26,8,22,-0.76,0.0,-0.58,-0.05,-0.36,0.0,0.5,1.39
EMA_CROSS_LONG_ONLY,208,224,BARS_ELAPSED,168.0,10,10000.0,10058.06,0.58,5.34,0.16,25.0,2.36,8,22,-1.39,0.0,-1.02,-0.04,-0.7,0.0,0.98,2.76
EMA_CROSS_LONG_ONLY,208,224,BARS_ELAPSED,168.0,15,10000.0,10126.3,1.26,7.37,0.24,37.5,2.47,8,22,-1.9,0.0,-1.33,0.03,-1.03,0.0,1.43,4.12
EMA_CROSS_LONG_ONLY,208,224,BARS_ELAPSED,168.0,20,10000.0,10217.99,2.18,9.04,0.32,37.5,2.57,8,22,-2.3,0.0,-1.53,0.15,-1.35,0.0,1.85,5.47
EMA_CROSS_LONG_ONLY,208,224,BARS_ELAPSED,168.0,25,10000.0,10331.17,3.31,10.39,0.4,37.5,2.69,8,22,-2.59,0.0,-1.65,0.31,-1.66,0.0,2.26,6.81
EMA_CROSS_LONG_ONLY,208,224,BARS_ELAPSED,168.0,30,10000.0,10463.93,4.64,11.48,0.48,37.5,2.82,8,22,-2.79,0.0,-1.68,0.51,-1.95,0.0,2.64,8.14
EMA_CROSS_LONG_ONLY,208,224,BARS_ELAPSED,168.0,50,10000.0,11152.32,11.52,13.95,0.8,37.5,3.49,8,22,-2.82,0.0,-1.29,1.58,-3.0,0.0,3.93,13.4
EMA_CROSS_LONG_ONLY,208,224,BARS_ELAPSED,168.0,100,10000.0,13276.79,32.77,17.81,1.41,37.5,5.75,8,8,-0.52,0.0,-0.17,4.73,-4.74,0.0,5.83,26.49
EMA_CROSS_LONG_ONLY,208,224,HOURS_ELAPSED,1.0,5,10000.0,12507.6,25.08,19.38,1.19,37.5,3.72,8,836,-1.72,0.0,-2.12,4.86,-3.88,0.0,5.32,22.34
EMA_CROSS_LONG_ONLY,208,224,HOURS_ELAPSED,1.0,10,10000.0,12986.17,29.86,20.06,1.33,37.5,4.22,8,468,-0.85,0.0,-2.92,5.87,-3.93,0.0,5.63,25.44
EMA_CROSS_LONG_ONLY,208,224,HOURS_ELAPSED,1.0,15,10000.0,13106.66,31.07,20.06,1.37,37.5,4.4,8,324,-0.6,0.0,-2.91,6.06,-4.03,0.0,5.81,25.96
EMA_CROSS_LONG_ONLY,208,224,HOURS_ELAPSED,1.0,20,10000.0,13144.28,31.44,19.91,1.38,37.5,4.48,8,249,-0.52,0.0,-2.73,6.03,-4.16,0.0,5.91,26.07
EMA_CROSS_LONG_ONLY,208,224,HOURS_ELAPSED,1.0,25,10000.0,13162.32,31.62,19.73,1.38,37.5,4.55,8,202,-0.49,0.0,-2.5,5.95,-4.28,0.0,5.96,26.11
EMA_CROSS_LONG_ONLY,208,224,HOURS_ELAPSED,1.0,30,10000.0,13176.48,31.76,19.52,1.38,37.5,4.62,8,167,-0.49,0.0,-2.26,5.87,-4.38,0.0,5.98,26.14
EMA_CROSS_LONG_ONLY,208,224,HOURS_ELAPSED,1.0,50,10000.0,13227.79,32.28,18.77,1.4,37.5,4.99,8,97,-0.5,0.0,-1.34,5.54,-4.64,0.0,5.94,26.23
EMA_CROSS_LONG_ONLY,208,224,HOURS_ELAPSED,1.0,100,10000.0,13276.79,32.77,17.81,1.41,37.5,5.75,8,8,-0.52,0.0,-0.17,4.73,-4.74,0.0,5.83,26.49
EMA_CROSS_LONG_ONLY,208,224,HOURS_ELAPSED,2.0,5,10000.0,11824.21,18.24,17.83,0.97,37.5,3.29,8,733,-2.92,0.0,-0.55,3.48,-3.62,0.0,5.15,16.65
EMA_CROSS_LONG_ONLY,208,224,HOURS_ELAPSED,2.0,10,10000.0,12543.65,25.44,19.39,1.2,37.5,3.79,8,450,-1.65,0.0,-2.12,4.84,-3.9,0.0,5.36,22.6
EMA_CROSS_LONG_ONLY,208,224,HOURS_ELAPSED,2.0,15,10000.0,12860.2,28.6,19.89,1.3,37.5,4.1,8,321,-1.08,0.0,-2.7,5.5,-3.94,0.0,5.55,24.77
EMA_CROSS_LONG_ONLY,208,224,HOURS_ELAPSED,2.0,20,10000.0,13007.36,30.07,20.03,1.34,37.5,4.28,8,246,-0.79,0.0,-2.88,5.79,-3.98,0.0,5.71,25.58
EMA_CROSS_LONG_ONLY,208,224,HOURS_ELAPSED,2.0,25,10000.0,13076.84,30.77,20.04,1.36,37.5,4.39,8,199,-0.64,0.0,-2.89,5.89,-4.04,0.0,5.82,25.89
EMA_CROSS_LONG_ONLY,208,224,HOURS_ELAPSED,2.0,30,10000.0,13111.24,31.11,19.98,1.37,37.5,4.45,8,164,-0.56,0.0,-2.81,5.88,-4.11,0.0,5.9,26.03
EMA_CROSS_LONG_ONLY,208,224,HOURS_ELAPSED,2.0,50,10000.0,13162.88,31.63,19.46,1.38,37.5,4.68,8,94,-0.48,0.0,-2.17,5.58,-4.39,0.0,6.02,26.2
EMA_CROSS_LONG_ONLY,208,224,HOURS_ELAPSED,2.0,100,10000.0,13276.79,32.77,17.81,1.41,37.5,5.75,8,8,-0.52,0.0,-0.17,4.73,-4.74,0.0,5.83,26.49
EMA_CROSS_LONG_ONLY,208,224,HOURS_ELAPSED,4.0,5,10000.0,11037.07,10.37,15.88,0.67,50.0,2.64,8,609,-4.07,0.0,0.35,1.88,-3.01,0.0,4.78,10.61
EMA_CROSS_LONG_ONLY,208,224,HOURS_ELAPSED,4.0,10,10000.0,11882.79,18.83,17.78,0.99,37.5,3.38,8,390,-2.8,0.0,-0.45,3.52,-3.63,0.0,5.13,16.97
EMA_CROSS_LONG_ONLY,208,224,HOURS_ELAPSED,4.0,15,10000.0,12349.37,23.49,18.7,1.14,37.5,3.74,8,300,-2.0,0.0,-1.32,4.33,-3.82,0.0,5.23,20.79
EMA_CROSS_LONG_ONLY,208,224,HOURS_ELAPSED,4.0,20,10000.0,12650.41,26.5,19.16,1.24,37.5,4.03,8,235,-1.48,0.0,-1.83,4.85,-3.88,0.0,5.34,23.05
EMA_CROSS_LONG_ONLY,208,224,HOURS_ELAPSED,4.0,25,10000.0,12850.39,28.5,19.38,1.3,37.5,4.28,8,196,-1.13,0.0,-2.09,5.2,-3.9,0.0,5.45,24.38
EMA_CROSS_LONG_ONLY,208,224,HOURS_ELAPSED,4.0,30,10000.0,12983.14,29.83,19.46,1.34,37.5,4.47,8,163,-0.9,0.0,-2.18,5.42,-3.93,0.0,5.54,25.16
EMA_CROSS_LONG_ONLY,208,224,HOURS_ELAPSED,4.0,50,10000.0,13192.15,31.92,19.24,1.39,37.5,4.93,8,93,-0.52,0.0,-1.91,5.57,-4.12,0.0,5.79,26.12
EMA_CROSS_LONG_ONLY,208,224,HOURS_ELAPSED,4.0,100,10000.0,13276.79,32.77,17.81,1.41,37.5,5.75,8,8,-0.52,0.0,-0.17,4.73,-4.74,0.0,5.83,26.49
EMA_CROSS_LONG_ONLY,208,224,HOURS_ELAPSED,6.0,5,10000.0,10558.97,5.59,15.28,0.45,50.0,2.19,8,467,-4.62,0.0,0.1,0.83,-2.6,0.0,4.25,7.9
EMA_CROSS_LONG_ONLY,208,224,HOURS_ELAPSED,6.0,10,10000.0,11407.31,14.07,16.8,0.82,50.0,2.94,8,348,-3.57,0.0,0.12,2.62,-3.46,0.0,4.99,13.47
EMA_CROSS_LONG_ONLY,208,224,HOURS_ELAPSED,6.0,15,10000.0,11898.29,18.98,17.9,0.99,37.5,3.29,8,264,-2.77,0.0,-0.56,3.51,-3.84,0.0,5.13,17.48
EMA_CROSS_LONG_ONLY,208,224,HOURS_ELAPSED,6.0,20,10000.0,12233.91,22.34,18.56,1.1,37.5,3.52,8,221,-2.18,0.0,-1.17,4.06,-4.04,0.0,5.22,20.31
EMA_CROSS_LONG_ONLY,208,224,HOURS_ELAPSED,6.0,25,10000.0,12480.58,24.81,18.96,1.18,37.5,3.74,8,186,-1.75,0.0,-1.6,4.46,-4.13,0.0,5.3,22.28
EMA_CROSS_LONG_ONLY,208,224,HOURS_ELAPSED,6.0,30,10000.0,12664.84,26.65,19.19,1.24,37.5,3.94,8,156,-1.43,0.0,-1.85,4.75,-4.19,0.0,5.38,23.63
EMA_CROSS_LONG_ONLY,208,224,HOURS_ELAPSED,6.0,50,10000.0,13040.41,30.4,19.29,1.35,37.5,4.53,8,92,-0.76,0.0,-1.97,5.22,-4.32,0.0,5.65,25.87
EMA_CROSS_LONG_ONLY,208,224,HOURS_ELAPSED,6.0,100,10000.0,13276.79,32.77,17.81,1.41,37.5,5.75,8,8,-0.52,0.0,-0.17,4.73,-4.74,0.0,5.83,26.49
EMA_CROSS_LONG_ONLY,208,224,HOURS_ELAPSED,12.0,5,10000.0,9978.25,-0.22,13.85,0.09,25.0,1.54,8,237,-4.65,0.0,-0.67,-0.63,-1.68,0.0,2.93,4.65
EMA_CROSS_LONG_ONLY,208,224,HOURS_ELAPSED,12.0,10,10000.0,10658.65,6.59,15.36,0.5,50.0,2.31,8,237,-4.43,0.0,0.23,0.77,-2.61,0.0,4.44,8.43
EMA_CROSS_LONG_ONLY,208,224,HOURS_ELAPSED,12.0,15,10000.0,11187.1,11.87,16.02,0.73,50.0,2.78,8,219,-3.82,0.0,0.48,1.82,-3.17,0.0,4.99,11.69
EMA_CROSS_LONG_ONLY,208,224,HOURS_ELAPSED,12.0,20,10000.0,11572.94,15.73,16.8,0.88,50.0,3.14,8,181,-3.27,0.0,0.32,2.53,-3.53,0.0,5.2,14.48
EMA_CROSS_LONG_ONLY,208,224,HOURS_ELAPSED,12.0,25,10000.0,11871.21,18.71,17.36,0.99,50.0,3.45,8,156,-2.79,0.0,0.02,3.02,-3.77,0.0,5.3,16.83
EMA_CROSS_LONG_ONLY,208,224,HOURS_ELAPSED,12.0,30,10000.0,12114.23,21.14,17.76,1.07,37.5,3.65,8,136,-2.39,0.0,-0.29,3.39,-3.95,0.0,5.37,18.81
EMA_CROSS_LONG_ONLY,208,224,HOURS_ELAPSED,12.0,50,10000.0,12767.85,27.68,18.43,1.27,37.5,4.41,8,88,-1.29,0.0,-0.93,4.3,-4.29,0.0,5.58,23.74
EMA_CROSS_LONG_ONLY,208,224,HOURS_ELAPSED,12.0,100,10000.0,13276.79,32.77,17.81,1.41,37.5,5.75,8,8,-0.52,0.0,-0.17,4.73,-4.74,0.0,5.83,26.49
EMA_CROSS_LONG_ONLY,208,224,HOURS_ELAPSED,24.0,5,10000.0,9756.1,-2.44,11.03,-0.18,25.0,1.19,8,121,-3.61,0.0,-1.04,-1.02,-1.06,0.0,1.48,2.83
EMA_CROSS_LONG_ONLY,208,224,HOURS_ELAPSED,24.0,10,10000.0,10048.03,0.48,14.23,0.15,25.0,1.59,8,121,-4.45,0.0,-0.67,-0.55,-1.85,0.0,2.87,5.32
EMA_CROSS_LONG_ONLY,208,224,HOURS_ELAPSED,24.0,15,10000.0,10449.94,4.5,15.22,0.39,37.5,2.07,8,121,-4.37,0.0,-0.11,0.26,-2.45,0.0,3.79,7.64
EMA_CROSS_LONG_ONLY,208,224,HOURS_ELAPSED,24.0,20,10000.0,10831.56,8.32,15.74,0.58,50.0,2.44,8,121,-4.03,0.0,0.28,1.05,-2.91,0.0,4.32,9.83
EMA_CROSS_LONG_ONLY,208,224,HOURS_ELAPSED,24.0,25,10000.0,11162.78,11.63,15.92,0.72,50.0,2.74,8,118,-3.65,0.0,0.47,1.71,-3.27,0.0,4.63,11.89
EMA_CROSS_LONG_ONLY,208,224,HOURS_ELAPSED,24.0,30,10000.0,11445.65,14.46,16.27,0.84,50.0,3.0,8,112,-3.29,0.0,0.5,2.26,-3.56,0.0,4.81,13.81
EMA_CROSS_LONG_ONLY,208,224,HOURS_ELAPSED,24.0,50,10000.0,12263.8,22.64,17.55,1.12,37.5,3.86,8,75,-2.11,0.0,-0.03,3.64,-4.29,0.0,5.12,20.04
EMA_CROSS_LONG_ONLY,208,224,HOURS_ELAPSED,24.0,100,10000.0,13276.79,32.77,17.81,1.41,37.5,5.75,8,8,-0.52,0.0,-0.17,4.73,-4.74,0.0,5.83,26.49
EMA_CROSS_LONG_ONLY,208,224,HOURS_ELAPSED,48.0,5,10000.0,9827.41,-1.73,7.04,-0.23,25.0,1.02,8,63,-2.27,0.0,-0.53,-0.83,-0.63,0.0,0.98,1.53
EMA_CROSS_LONG_ONLY,208,224,HOURS_ELAPSED,48.0,10,10000.0,9876.99,-1.23,10.86,-0.04,25.0,1.23,8,63,-3.47,0.0,-0.54,-0.95,-1.18,0.0,1.95,3.0
EMA_CROSS_LONG_ONLY,208,224,HOURS_ELAPSED,48.0,15,10000.0,10046.21,0.46,12.85,0.14,25.0,1.48,8,63,-4.0,0.0,-0.29,-0.69,-1.65,0.0,2.8,4.43
EMA_CROSS_LONG_ONLY,208,224,HOURS_ELAPSED,48.0,20,10000.0,10274.05,2.74,14.01,0.3,37.5,1.79,8,63,-4.14,0.0,0.05,-0.25,-2.07,0.0,3.49,5.84
EMA_CROSS_LONG_ONLY,208,224,HOURS_ELAPSED,48.0,25,10000.0,10524.19,5.24,14.83,0.44,50.0,2.08,8,63,-4.05,0.0,0.4,0.26,-2.43,0.0,4.03,7.25
EMA_CROSS_LONG_ONLY,208,224,HOURS_ELAPSED,48.0,30,10000.0,10775.87,7.76,15.31,0.56,50.0,2.35,8,63,-3.85,0.0,0.69,0.76,-2.75,0.0,4.43,8.66
EMA_CROSS_LONG_ONLY,208,224,HOURS_ELAPSED,48.0,50,10000.0,11659.51,16.6,15.98,0.92,50.0,3.28,8,60,-2.78,0.0,1.12,2.41,-3.71,0.0,5.19,14.21
EMA_CROSS_LONG_ONLY,208,224,HOURS_ELAPSED,48.0,100,10000.0,13276.79,32.77,17.81,1.41,37.5,5.75,8,8,-0.52,0.0,-0.17,4.73,-4.74,0.0,5.83,26.49
EMA_CROSS_LONG_ONLY,208,224,HOURS_ELAPSED,72.0,5,10000.0,9870.41,-1.3,5.37,-0.25,25.0,1.24,8,43,-1.64,0.0,-0.78,-0.37,-0.45,0.0,0.47,1.44
EMA_CROSS_LONG_ONLY,208,224,HOURS_ELAPSED,72.0,10,10000.0,9871.8,-1.28,8.95,-0.1,25.0,1.39,8,43,-2.72,0.0,-1.15,-0.44,-0.86,0.0,1.06,2.84
EMA_CROSS_LONG_ONLY,208,224,HOURS_ELAPSED,72.0,15,10000.0,9963.39,-0.37,11.3,0.05,25.0,1.55,8,43,-3.39,0.0,-1.24,-0.31,-1.25,0.0,1.68,4.22
EMA_CROSS_LONG_ONLY,208,224,HOURS_ELAPSED,72.0,20,10000.0,10116.03,1.16,12.79,0.19,25.0,1.76,8,43,-3.74,0.0,-1.14,-0.05,-1.6,0.0,2.29,5.57
EMA_CROSS_LONG_ONLY,208,224,HOURS_ELAPSED,72.0,25,10000.0,10308.44,3.08,13.68,0.32,37.5,1.97,8,43,-3.88,0.0,-0.93,0.3,-1.93,0.0,2.84,6.9
EMA_CROSS_LONG_ONLY,208,224,HOURS_ELAPSED,72.0,30,10000.0,10524.93,5.25,14.16,0.45,37.5,2.21,8,43,-3.87,0.0,-0.67,0.7,-2.23,0.0,3.33,8.23
EMA_CROSS_LONG_ONLY,208,224,HOURS_ELAPSED,72.0,50,10000.0,11445.21,14.45,15.36,0.85,50.0,3.23,8,43,-3.11,0.0,0.33,2.31,-3.21,0.0,4.65,13.49
EMA_CROSS_LONG_ONLY,208,224,HOURS_ELAPSED,72.0,100,10000.0,13276.79,32.77,17.81,1.41,37.5,5.75,8,8,-0.52,0.0,-0.17,4.73,-4.74,0.0,5.83,26.49
EMA_CROSS_LONG_ONLY,208,224,HOURS_ELAPSED,168.0,5,10000.0,10015.27,0.15,2.9,0.08,25.0,2.26,8,22,-0.76,0.0,-0.58,-0.05,-0.36,0.0,0.5,1.39
EMA_CROSS_LONG_ONLY,208,224,HOURS_ELAPSED,168.0,10,10000.0,10058.06,0.58,5.34,0.16,25.0,2.36,8,22,-1.39,0.0,-1.02,-0.04,-0.7,0.0,0.98,2.76
EMA_CROSS_LONG_ONLY,208,224,HOURS_ELAPSED,168.0,15,10000.0,10126.3,1.26,7.37,0.24,37.5,2.47,8,22,-1.9,0.0,-1.33,0.03,-1.03,0.0,1.43,4.12
EMA_CROSS_LONG_ONLY,208,224,HOURS_ELAPSED,168.0,20,10000.0,10217.99,2.18,9.04,0.32,37.5,2.57,8,22,-2.3,0.0,-1.53,0.15,-1.35,0.0,1.85,5.47
EMA_CROSS_LONG_ONLY,208,224,HOURS_ELAPSED,168.0,25,10000.0,10331.17,3.31,10.39,0.4,37.5,2.69,8,22,-2.59,0.0,-1.65,0.31,-1.66,0.0,2.26,6.81
EMA_CROSS_LONG_ONLY,208,224,HOURS_ELAPSED,168.0,30,10000.0,10463.93,4.64,11.48,0.48,37.5,2.82,8,22,-2.79,0.0,-1.68,0.51,-1.95,0.0,2.64,8.14
EMA_CROSS_LONG_ONLY,208,224,HOURS_ELAPSED,168.0,50,10000.0,11152.32,11.52,13.95,0.8,37.5,3.49,8,22,-2.82,0.0,-1.29,1.58,-3.0,0.0,3.93,13.4
EMA_CROSS_LONG_ONLY,208,224,HOURS_ELAPSED,168.0,100,10000.0,13276.79,32.77,17.81,1.41,37.5,5.75,8,8,-0.52,0.0,-0.17,4.73,-4.74,0.0,5.83,26.49
EMA_CROSS_LONG_ONLY,208,224,PRICE_FROM_START_PCT,0.5,5,10000.0,12031.9,20.32,19.15,1.03,37.5,3.02,8,817,-3.0,0.0,-1.85,4.78,-3.62,0.0,4.66,19.44
EMA_CROSS_LONG_ONLY,208,224,PRICE_FROM_START_PCT,0.5,10,10000.0,12539.24,25.39,20.19,1.19,37.5,3.39,8,463,-2.04,0.0,-3.08,5.83,-3.69,0.0,4.73,23.58
EMA_CROSS_LONG_ONLY,208,224,PRICE_FROM_START_PCT,0.5,15,10000.0,12735.58,27.36,20.36,1.25,37.5,3.65,8,319,-1.55,0.0,-3.27,6.04,-3.7,0.0,4.88,24.75
EMA_CROSS_LONG_ONLY,208,224,PRICE_FROM_START_PCT,0.5,20,10000.0,12827.11,28.27,20.32,1.27,37.5,3.83,8,244,-1.28,0.0,-3.23,6.02,-3.76,0.0,5.03,25.16
EMA_CROSS_LONG_ONLY,208,224,PRICE_FROM_START_PCT,0.5,25,10000.0,12885.45,28.85,20.21,1.29,37.5,3.96,8,197,-1.12,0.0,-3.1,5.93,-3.84,0.0,5.18,25.36
EMA_CROSS_LONG_ONLY,208,224,PRICE_FROM_START_PCT,0.5,30,10000.0,12932.45,29.32,20.08,1.31,37.5,4.1,8,162,-1.01,0.0,-2.93,5.85,-3.92,0.0,5.33,25.51
EMA_CROSS_LONG_ONLY,208,224,PRICE_FROM_START_PCT,0.5,50,10000.0,13079.64,30.8,19.43,1.35,37.5,4.56,8,92,-0.79,0.0,-2.14,5.52,-4.23,0.0,5.75,25.93
EMA_CROSS_LONG_ONLY,208,224,PRICE_FROM_START_PCT,0.5,100,10000.0,13276.79,32.77,17.81,1.41,37.5,5.75,8,8,-0.52,0.0,-0.17,4.73,-4.74,0.0,5.83,26.49
EMA_CROSS_LONG_ONLY,208,224,PRICE_FROM_START_PCT,1.0,5,10000.0,11678.33,16.78,18.69,0.91,50.0,3.02,8,752,-3.64,0.0,-1.32,4.68,-3.23,0.0,4.41,16.0
EMA_CROSS_LONG_ONLY,208,224,PRICE_FROM_START_PCT,1.0,10,10000.0,12226.31,22.26,19.99,1.09,37.5,3.34,8,463,-2.82,0.0,-2.84,5.76,-3.6,0.0,4.31,21.63
EMA_CROSS_LONG_ONLY,208,224,PRICE_FROM_START_PCT,1.0,15,10000.0,12522.28,25.22,20.28,1.19,37.5,3.63,8,319,-2.31,0.0,-3.18,6.02,-3.69,0.0,4.32,24.16
EMA_CROSS_LONG_ONLY,208,224,PRICE_FROM_START_PCT,1.0,20,10000.0,12686.77,26.87,20.28,1.23,37.5,3.84,8,243,-1.95,0.0,-3.18,6.01,-3.75,0.0,4.37,25.36
EMA_CROSS_LONG_ONLY,208,224,PRICE_FROM_START_PCT,1.0,25,10000.0,12781.06,27.81,20.2,1.26,37.5,4.0,8,197,-1.69,0.0,-3.07,5.93,-3.81,0.0,4.42,25.92
EMA_CROSS_LONG_ONLY,208,224,PRICE_FROM_START_PCT,1.0,30,10000.0,12839.86,28.4,20.07,1.28,37.5,4.11,8,162,-1.49,0.0,-2.92,5.85,-3.88,0.0,4.49,26.15
EMA_CROSS_LONG_ONLY,208,224,PRICE_FROM_START_PCT,1.0,50,10000.0,12970.33,29.7,19.41,1.32,37.5,4.45,8,92,-1.03,0.0,-2.12,5.52,-4.18,0.0,4.86,26.14
EMA_CROSS_LONG_ONLY,208,224,PRICE_FROM_START_PCT,1.0,100,10000.0,13276.79,32.77,17.81,1.41,37.5,5.75,8,8,-0.52,0.0,-0.17,4.73,-4.74,0.0,5.83,26.49
EMA_CROSS_LONG_ONLY,208,224,PRICE_FROM_START_PCT,1.5,5,10000.0,11110.87,11.11,18.57,0.68,50.0,2.43,8,709,-4.01,0.0,-1.18,4.26,-2.58,0.0,4.04,10.72
EMA_CROSS_LONG_ONLY,208,224,PRICE_FROM_START_PCT,1.5,10,10000.0,11525.02,15.25,19.93,0.84,50.0,2.62,8,429,-3.35,0.0,-2.77,5.49,-3.12,0.0,4.12,15.13
EMA_CROSS_LONG_ONLY,208,224,PRICE_FROM_START_PCT,1.5,15,10000.0,11824.94,18.25,20.26,0.95,50.0,2.9,8,305,-2.92,0.0,-3.16,5.9,-3.34,0.0,4.18,17.81
EMA_CROSS_LONG_ONLY,208,224,PRICE_FROM_START_PCT,1.5,20,10000.0,12060.74,20.61,20.28,1.03,50.0,3.19,8,241,-2.58,0.0,-3.18,5.97,-3.45,0.0,4.27,19.72
EMA_CROSS_LONG_ONLY,208,224,PRICE_FROM_START_PCT,1.5,25,10000.0,12249.23,22.49,20.19,1.09,37.5,3.46,8,197,-2.32,0.0,-3.07,5.92,-3.52,0.0,4.36,21.17
EMA_CROSS_LONG_ONLY,208,224,PRICE_FROM_START_PCT,1.5,30,10000.0,12403.92,24.04,20.07,1.14,37.5,3.7,8,162,-2.1,0.0,-2.92,5.83,-3.58,0.0,4.46,22.3
EMA_CROSS_LONG_ONLY,208,224,PRICE_FROM_START_PCT,1.5,50,10000.0,12825.42,28.25,19.41,1.28,37.5,4.48,8,92,-1.53,0.0,-2.12,5.49,-3.83,0.0,4.86,24.94
EMA_CROSS_LONG_ONLY,208,224,PRICE_FROM_START_PCT,1.5,100,10000.0,13276.79,32.77,17.81,1.41,37.5,5.75,8,8,-0.52,0.0,-0.17,4.73,-4.74,0.0,5.83,26.49
EMA_CROSS_LONG_ONLY,208,224,PRICE_FROM_START_PCT,2.0,5,10000.0,10875.57,8.76,18.48,0.58,50.0,2.24,8,680,-4.1,0.0,-1.08,2.98,-2.08,0.0,3.36,9.86
EMA_CROSS_LONG_ONLY,208,224,PRICE_FROM_START_PCT,2.0,10,10000.0,11311.41,13.11,19.89,0.76,50.0,2.49,8,401,-3.47,0.0,-2.72,4.39,-2.59,0.0,3.8,13.99
EMA_CROSS_LONG_ONLY,208,224,PRICE_FROM_START_PCT,2.0,15,10000.0,11649.88,16.5,20.24,0.89,50.0,2.79,8,277,-3.06,0.0,-3.14,5.35,-2.92,0.0,3.93,16.59
EMA_CROSS_LONG_ONLY,208,224,PRICE_FROM_START_PCT,2.0,20,10000.0,11929.49,19.29,20.27,0.99,50.0,3.1,8,213,-2.72,0.0,-3.17,5.94,-3.12,0.0,4.01,18.51
EMA_CROSS_LONG_ONLY,208,224,PRICE_FROM_START_PCT,2.0,25,10000.0,12154.54,21.55,20.19,1.07,50.0,3.39,8,174,-2.44,0.0,-3.07,6.24,-3.27,0.0,4.1,20.01
EMA_CROSS_LONG_ONLY,208,224,PRICE_FROM_START_PCT,2.0,30,10000.0,12335.0,23.35,20.07,1.13,50.0,3.66,8,144,-2.21,0.0,-2.92,6.36,-3.39,0.0,4.19,21.21
EMA_CROSS_LONG_ONLY,208,224,PRICE_FROM_START_PCT,2.0,50,10000.0,12797.13,27.97,19.41,1.28,37.5,4.49,8,84,-1.59,0.0,-2.12,6.07,-3.79,0.0,4.65,24.26
EMA_CROSS_LONG_ONLY,208,224,PRICE_FROM_START_PCT,2.0,100,10000.0,13276.79,32.77,17.81,1.41,37.5,5.75,8,8,-0.52,0.0,-0.17,4.73,-4.74,0.0,5.83,26.49
EMA_CROSS_LONG_ONLY,208,224,PRICE_FROM_START_PCT,3.0,5,10000.0,10571.14,5.71,17.13,0.44,50.0,1.66,8,615,-4.54,0.0,0.41,1.16,-1.06,0.0,1.09,8.87
EMA_CROSS_LONG_ONLY,208,224,PRICE_FROM_START_PCT,3.0,10,10000.0,10928.95,9.29,18.88,0.6,37.5,1.99,8,393,-4.18,0.0,-1.49,1.98,-1.25,0.0,2.18,12.38
EMA_CROSS_LONG_ONLY,208,224,PRICE_FROM_START_PCT,3.0,15,10000.0,11158.34,11.58,19.67,0.7,37.5,2.15,8,272,-3.96,0.0,-2.44,2.67,-1.47,0.0,2.68,14.52
EMA_CROSS_LONG_ONLY,208,224,PRICE_FROM_START_PCT,3.0,20,10000.0,11368.42,13.68,19.99,0.78,37.5,2.33,8,207,-3.74,0.0,-2.83,3.3,-1.7,0.0,2.97,16.11
EMA_CROSS_LONG_ONLY,208,224,PRICE_FROM_START_PCT,3.0,25,10000.0,11569.53,15.7,20.07,0.86,37.5,2.53,8,169,-3.51,0.0,-2.92,3.86,-1.92,0.0,3.19,17.37
EMA_CROSS_LONG_ONLY,208,224,PRICE_FROM_START_PCT,3.0,30,10000.0,11758.87,17.59,20.01,0.93,37.5,2.74,8,140,-3.27,0.0,-2.85,4.33,-2.13,0.0,3.39,18.41
EMA_CROSS_LONG_ONLY,208,224,PRICE_FROM_START_PCT,3.0,50,10000.0,12375.35,23.75,19.41,1.15,37.5,3.59,8,80,-2.38,0.0,-2.12,5.41,-2.91,0.0,4.17,21.34
EMA_CROSS_LONG_ONLY,208,224,PRICE_FROM_START_PCT,3.0,100,10000.0,13276.79,32.77,17.81,1.41,37.5,5.75,8,8,-0.52,0.0,-0.17,4.73,-4.74,0.0,5.83,26.49
EMA_CROSS_LONG_ONLY,208,224,PRICE_FROM_START_PCT,5.0,5,10000.0,10011.72,0.12,17.01,0.14,25.0,0.77,8,554,-5.63,0.0,0.9,-2.01,-0.22,0.0,-0.94,8.44
EMA_CROSS_LONG_ONLY,208,224,PRICE_FROM_START_PCT,5.0,10,10000.0,10810.61,8.11,15.82,0.57,37.5,1.55,8,334,-5.02,0.0,3.25,-0.76,-0.44,0.0,-0.33,11.81
EMA_CROSS_LONG_ONLY,208,224,PRICE_FROM_START_PCT,5.0,15,10000.0,11162.65,11.63,15.01,0.73,37.5,2.04,8,229,-4.7,0.0,3.31,-0.04,-0.66,0.0,0.14,13.9
EMA_CROSS_LONG_ONLY,208,224,PRICE_FROM_START_PCT,5.0,20,10000.0,11367.94,13.68,15.27,0.81,50.0,2.33,8,175,-4.45,0.0,2.84,0.42,-0.89,0.0,0.52,15.5
EMA_CROSS_LONG_ONLY,208,224,PRICE_FROM_START_PCT,5.0,25,10000.0,11519.15,15.19,15.76,0.87,50.0,2.57,8,144,-4.21,0.0,2.3,0.78,-1.12,0.0,0.87,16.81
EMA_CROSS_LONG_ONLY,208,224,PRICE_FROM_START_PCT,5.0,30,10000.0,11645.78,16.46,16.2,0.92,50.0,2.78,8,119,-3.97,0.0,1.78,1.08,-1.35,0.0,1.21,17.93
EMA_CROSS_LONG_ONLY,208,224,PRICE_FROM_START_PCT,5.0,50,10000.0,12064.52,20.65,17.49,1.07,50.0,3.59,8,69,-3.0,0.0,0.21,2.12,-2.28,0.0,2.55,21.15
EMA_CROSS_LONG_ONLY,208,224,PRICE_FROM_START_PCT,5.0,100,10000.0,13276.79,32.77,17.81,1.41,37.5,5.75,8,8,-0.52,0.0,-0.17,4.73,-4.74,0.0,5.83,26.49
EMA_CROSS_LONG_ONLY,208,224,PRICE_FROM_START_PCT,7.0,5,10000.0,8490.51,-15.09,26.38,-0.97,12.5,0.28,8,487,-7.76,0.0,-9.37,-3.87,-0.24,0.0,-2.44,8.44
EMA_CROSS_LONG_ONLY,208,224,PRICE_FROM_START_PCT,7.0,10,10000.0,8945.06,-10.55,25.76,-0.56,12.5,0.42,8,322,-7.1,0.0,-8.81,-3.22,-0.47,0.0,-2.07,11.81
EMA_CROSS_LONG_ONLY,208,224,PRICE_FROM_START_PCT,7.0,15,10000.0,9318.54,-6.81,24.6,-0.29,12.5,0.55,8,226,-6.66,0.0,-8.02,-2.53,-0.71,0.0,-1.65,13.9
EMA_CROSS_LONG_ONLY,208,224,PRICE_FROM_START_PCT,7.0,20,10000.0,9641.66,-3.58,23.43,-0.08,12.5,0.68,8,174,-6.25,0.0,-7.39,-1.88,-0.95,0.0,-1.18,15.5
EMA_CROSS_LONG_ONLY,208,224,PRICE_FROM_START_PCT,7.0,25,10000.0,9932.39,-0.68,22.34,0.1,12.5,0.82,8,139,-5.86,0.0,-6.86,-1.31,-1.19,0.0,-0.68,16.81
EMA_CROSS_LONG_ONLY,208,224,PRICE_FROM_START_PCT,7.0,30,10000.0,10199.84,2.0,21.33,0.25,25.0,0.96,8,118,-5.47,0.0,-6.38,-0.8,-1.42,0.0,-0.17,17.93
EMA_CROSS_LONG_ONLY,208,224,PRICE_FROM_START_PCT,7.0,50,10000.0,11139.81,11.4,18.2,0.71,37.5,1.67,8,68,-3.94,0.0,-4.61,0.89,-2.37,0.0,1.77,21.15
EMA_CROSS_LONG_ONLY,208,224,PRICE_FROM_START_PCT,7.0,100,10000.0,13276.79,32.77,17.81,1.41,37.5,5.75,8,8,-0.52,0.0,-0.17,4.73,-4.74,0.0,5.83,26.49
EMA_CROSS_LONG_ONLY,208,224,PRICE_FROM_START_PCT,10.0,5,10000.0,8061.28,-19.39,27.48,-1.61,12.5,0.22,8,364,-10.05,0.0,-9.63,-5.12,-0.24,0.0,-3.02,7.93
EMA_CROSS_LONG_ONLY,208,224,PRICE_FROM_START_PCT,10.0,10,10000.0,8403.17,-15.97,27.5,-1.12,12.5,0.33,8,281,-9.51,0.0,-9.58,-4.44,-0.47,0.0,-3.0,11.19
EMA_CROSS_LONG_ONLY,208,224,PRICE_FROM_START_PCT,10.0,15,10000.0,8759.51,-12.4,26.34,-0.78,12.5,0.43,8,216,-8.91,0.0,-8.81,-3.87,-0.71,0.0,-2.51,13.2
EMA_CROSS_LONG_ONLY,208,224,PRICE_FROM_START_PCT,10.0,20,10000.0,9086.63,-9.13,25.14,-0.51,12.5,0.53,8,174,-8.34,0.0,-8.07,-3.34,-0.95,0.0,-1.99,14.78
EMA_CROSS_LONG_ONLY,208,224,PRICE_FROM_START_PCT,10.0,25,10000.0,9392.47,-6.08,23.98,-0.28,12.5,0.63,8,139,-7.77,0.0,-7.4,-2.81,-1.19,0.0,-1.49,16.12
EMA_CROSS_LONG_ONLY,208,224,PRICE_FROM_START_PCT,10.0,30,10000.0,9682.96,-3.17,22.88,-0.07,12.5,0.75,8,116,-7.21,0.0,-6.8,-2.29,-1.42,0.0,-1.01,17.3
EMA_CROSS_LONG_ONLY,208,224,PRICE_FROM_START_PCT,10.0,50,10000.0,10754.27,7.54,19.2,0.55,25.0,1.39,8,68,-5.09,0.0,-4.7,-0.25,-2.37,0.0,0.91,20.86
EMA_CROSS_LONG_ONLY,208,224,PRICE_FROM_START_PCT,10.0,100,10000.0,13276.79,32.77,17.81,1.41,37.5,5.75,8,8,-0.52,0.0,-0.17,4.73,-4.74,0.0,5.83,26.49
EMA_CROSS_LONG_ONLY,208,224,PRICE_FROM_LAST_PCT,0.5,5,10000.0,10471.43,4.71,16.39,0.4,37.5,1.69,8,520,-5.15,0.0,-0.35,1.69,-2.64,0.0,4.39,7.08
EMA_CROSS_LONG_ONLY,208,224,PRICE_FROM_LAST_PCT,0.5,10,10000.0,11094.76,10.95,18.64,0.67,37.5,2.14,8,343,-4.2,0.0,-1.45,3.43,-3.44,0.0,5.11,11.82
EMA_CROSS_LONG_ONLY,208,224,PRICE_FROM_LAST_PCT,0.5,15,10000.0,11517.02,15.17,19.49,0.84,37.5,2.44,8,259,-3.41,0.0,-2.27,4.31,-3.72,0.0,5.27,15.27
EMA_CROSS_LONG_ONLY,208,224,PRICE_FROM_LAST_PCT,0.5,20,10000.0,11868.26,18.68,19.84,0.96,37.5,2.75,8,216,-2.79,0.0,-2.65,4.88,-3.83,0.0,5.37,17.87
EMA_CROSS_LONG_ONLY,208,224,PRICE_FROM_LAST_PCT,0.5,25,10000.0,12161.7,21.62,19.95,1.07,37.5,3.06,8,187,-2.32,0.0,-2.78,5.27,-3.88,0.0,5.47,19.88
EMA_CROSS_LONG_ONLY,208,224,PRICE_FROM_LAST_PCT,0.5,30,10000.0,12401.41,24.01,19.95,1.15,37.5,3.35,8,161,-1.96,0.0,-2.78,5.52,-3.92,0.0,5.56,21.44
EMA_CROSS_LONG_ONLY,208,224,PRICE_FROM_LAST_PCT,0.5,50,10000.0,12958.34,29.58,19.51,1.32,37.5,4.27,8,92,-1.13,0.0,-2.24,5.68,-4.13,0.0,5.81,24.92
EMA_CROSS_LONG_ONLY,208,224,PRICE_FROM_LAST_PCT,0.5,100,10000.0,13276.79,32.77,17.81,1.41,37.5,5.75,8,8,-0.52,0.0,-0.17,4.73,-4.74,0.0,5.83,26.49
EMA_CROSS_LONG_ONLY,208,224,PRICE_FROM_LAST_PCT,1.0,5,10000.0,10046.61,0.47,13.97,0.15,37.5,1.21,8,279,-5.26,0.0,-0.61,0.74,-1.84,0.0,2.98,4.66
EMA_CROSS_LONG_ONLY,208,224,PRICE_FROM_LAST_PCT,1.0,10,10000.0,10654.06,6.54,16.96,0.49,37.5,1.79,8,272,-4.95,0.0,-0.59,2.66,-2.81,0.0,4.33,8.19
EMA_CROSS_LONG_ONLY,208,224,PRICE_FROM_LAST_PCT,1.0,15,10000.0,11061.58,10.62,18.26,0.66,37.5,2.13,8,220,-4.26,0.0,-1.17,3.79,-3.33,0.0,4.79,11.07
EMA_CROSS_LONG_ONLY,208,224,PRICE_FROM_LAST_PCT,1.0,20,10000.0,11373.31,13.73,18.93,0.79,37.5,2.39,8,177,-3.65,0.0,-1.68,4.48,-3.62,0.0,4.96,13.46
EMA_CROSS_LONG_ONLY,208,224,PRICE_FROM_LAST_PCT,1.0,25,10000.0,11639.93,16.4,19.27,0.89,37.5,2.64,8,152,-3.13,0.0,-2.0,4.94,-3.78,0.0,5.04,15.47
EMA_CROSS_LONG_ONLY,208,224,PRICE_FROM_LAST_PCT,1.0,30,10000.0,11876.33,18.76,19.43,0.97,37.5,2.88,8,132,-2.68,0.0,-2.15,5.26,-3.89,0.0,5.09,17.19
EMA_CROSS_LONG_ONLY,208,224,PRICE_FROM_LAST_PCT,1.0,50,10000.0,12574.48,25.74,19.24,1.2,37.5,3.84,8,86,-1.52,0.0,-1.92,5.61,-4.14,0.0,5.26,22.02
EMA_CROSS_LONG_ONLY,208,224,PRICE_FROM_LAST_PCT,1.0,100,10000.0,13276.79,32.77,17.81,1.41,37.5,5.75,8,8,-0.52,0.0,-0.17,4.73,-4.74,0.0,5.83,26.49
EMA_CROSS_LONG_ONLY,208,224,PRICE_FROM_LAST_PCT,1.5,5,10000.0,9996.29,-0.04,12.08,0.09,37.5,1.19,8,155,-4.51,0.0,-1.34,0.07,-1.01,0.0,2.61,4.29
EMA_CROSS_LONG_ONLY,208,224,PRICE_FROM_LAST_PCT,1.5,10,10000.0,10471.85,4.72,14.76,0.41,37.5,1.64,8,155,-5.45,0.0,-1.01,1.51,-1.78,0.0,4.0,7.79
EMA_CROSS_LONG_ONLY,208,224,PRICE_FROM_LAST_PCT,1.5,15,10000.0,10910.75,9.11,16.81,0.61,37.5,2.02,8,155,-5.3,0.0,-1.01,2.77,-2.36,0.0,4.61,10.75
EMA_CROSS_LONG_ONLY,208,224,PRICE_FROM_LAST_PCT,1.5,20,10000.0,11261.01,12.61,17.91,0.76,37.5,2.32,8,148,-4.88,0.0,-1.24,3.67,-2.8,0.0,4.88,13.29
EMA_CROSS_LONG_ONLY,208,224,PRICE_FROM_LAST_PCT,1.5,25,10000.0,11545.66,15.46,18.54,0.86,37.5,2.57,8,131,-4.41,0.0,-1.5,4.29,-3.13,0.0,5.01,15.46
EMA_CROSS_LONG_ONLY,208,224,PRICE_FROM_LAST_PCT,1.5,30,10000.0,11787.82,17.88,18.9,0.95,37.5,2.8,8,115,-3.95,0.0,-1.71,4.72,-3.38,0.0,5.08,17.32
EMA_CROSS_LONG_ONLY,208,224,PRICE_FROM_LAST_PCT,1.5,50,10000.0,12516.16,25.16,19.15,1.19,37.5,3.76,8,75,-2.41,0.0,-1.81,5.39,-3.96,0.0,5.24,22.48
EMA_CROSS_LONG_ONLY,208,224,PRICE_FROM_LAST_PCT,1.5,100,10000.0,13276.79,32.77,17.81,1.41,37.5,5.75,8,8,-0.52,0.0,-0.17,4.73,-4.74,0.0,5.83,26.49
EMA_CROSS_LONG_ONLY,208,224,PRICE_FROM_LAST_PCT,2.0,5,10000.0,10006.76,0.07,9.91,0.09,25.0,1.18,8,112,-2.87,0.0,-0.98,-0.77,-0.8,0.0,1.76,3.77
EMA_CROSS_LONG_ONLY,208,224,PRICE_FROM_LAST_PCT,2.0,10,10000.0,10374.36,3.74,13.23,0.36,37.5,1.65,8,112,-4.15,0.0,-0.74,0.15,-1.46,0.0,3.16,7.0
EMA_CROSS_LONG_ONLY,208,224,PRICE_FROM_LAST_PCT,2.0,15,10000.0,10788.66,7.89,14.4,0.58,37.5,2.1,8,112,-4.57,0.0,-0.34,1.2,-2.0,0.0,4.0,9.85
EMA_CROSS_LONG_ONLY,208,224,PRICE_FROM_LAST_PCT,2.0,20,10000.0,11163.97,11.64,14.97,0.74,37.5,2.52,8,112,-4.53,0.0,-0.07,2.06,-2.45,0.0,4.45,12.4
EMA_CROSS_LONG_ONLY,208,224,PRICE_FROM_LAST_PCT,2.0,25,10000.0,11485.2,14.85,15.99,0.86,50.0,2.89,8,112,-4.28,0.0,0.01,2.73,-2.81,0.0,4.69,14.66
EMA_CROSS_LONG_ONLY,208,224,PRICE_FROM_LAST_PCT,2.0,30,10000.0,11757.59,17.58,16.7,0.96,37.5,3.21,8,102,-3.93,0.0,-0.05,3.24,-3.12,0.0,4.82,16.65
EMA_CROSS_LONG_ONLY,208,224,PRICE_FROM_LAST_PCT,2.0,50,10000.0,12517.84,25.18,18.08,1.2,37.5,4.18,8,71,-2.48,0.0,-0.65,4.45,-3.88,0.0,5.07,22.33
EMA_CROSS_LONG_ONLY,208,224,PRICE_FROM_LAST_PCT,2.0,100,10000.0,13276.79,32.77,17.81,1.41,37.5,5.75,8,8,-0.52,0.0,-0.17,4.73,-4.74,0.0,5.83,26.49
EMA_CROSS_LONG_ONLY,208,224,PRICE_FROM_LAST_PCT,3.0,5,10000.0,9856.11,-1.44,6.65,-0.17,25.0,0.7,8,64,-1.94,0.0,-1.7,-0.38,-0.51,0.0,0.52,2.58
EMA_CROSS_LONG_ONLY,208,224,PRICE_FROM_LAST_PCT,3.0,10,10000.0,9950.0,-0.5,10.28,0.04,25.0,0.89,8,64,-3.16,0.0,-2.21,-0.21,-0.97,0.0,1.24,4.92
EMA_CROSS_LONG_ONLY,208,224,PRICE_FROM_LAST_PCT,3.0,15,10000.0,10168.36,1.68,12.26,0.23,37.5,1.12,8,64,-3.85,0.0,-2.16,0.28,-1.38,0.0,1.98,7.08
EMA_CROSS_LONG_ONLY,208,224,PRICE_FROM_LAST_PCT,3.0,20,10000.0,10445.61,4.46,13.31,0.4,37.5,1.38,8,64,-4.17,0.0,-1.9,0.9,-1.74,0.0,2.63,9.08
EMA_CROSS_LONG_ONLY,208,224,PRICE_FROM_LAST_PCT,3.0,25,10000.0,10743.13,7.43,14.64,0.55,37.5,1.67,8,64,-4.23,0.0,-1.6,1.57,-2.07,0.0,3.18,10.95
EMA_CROSS_LONG_ONLY,208,224,PRICE_FROM_LAST_PCT,3.0,30,10000.0,11038.42,10.38,15.73,0.68,37.5,1.98,8,64,-4.12,0.0,-1.34,2.23,-2.36,0.0,3.62,12.69
EMA_CROSS_LONG_ONLY,208,224,PRICE_FROM_LAST_PCT,3.0,50,10000.0,12028.6,20.29,17.85,1.05,37.5,3.22,8,59,-2.98,0.0,-0.91,4.19,-3.23,0.0,4.67,18.42
EMA_CROSS_LONG_ONLY,208,224,PRICE_FROM_LAST_PCT,3.0,100,10000.0,13276.79,32.77,17.81,1.41,37.5,5.75,8,8,-0.52,0.0,-0.17,4.73,-4.74,0.0,5.83,26.49
EMA_CROSS_LONG_ONLY,208,224,PRICE_FROM_LAST_PCT,5.0,5,10000.0,10060.92,0.61,3.72,0.21,25.0,1.3,8,27,-0.92,0.0,-0.66,-0.04,-0.22,0.0,0.03,2.44
EMA_CROSS_LONG_ONLY,208,224,PRICE_FROM_LAST_PCT,5.0,10,10000.0,10151.23,1.51,6.52,0.29,25.0,1.4,8,27,-1.68,0.0,-1.08,-0.04,-0.44,0.0,0.11,4.73
EMA_CROSS_LONG_ONLY,208,224,PRICE_FROM_LAST_PCT,5.0,15,10000.0,10266.33,2.66,8.6,0.37,37.5,1.52,8,27,-2.28,0.0,-1.34,0.02,-0.66,0.0,0.23,6.87
EMA_CROSS_LONG_ONLY,208,224,PRICE_FROM_LAST_PCT,5.0,20,10000.0,10402.04,4.02,10.1,0.45,37.5,1.64,8,27,-2.74,0.0,-1.46,0.13,-0.89,0.0,0.4,8.86
EMA_CROSS_LONG_ONLY,208,224,PRICE_FROM_LAST_PCT,5.0,25,10000.0,10554.64,5.55,11.32,0.53,37.5,1.78,8,27,-3.07,0.0,-1.5,0.27,-1.12,0.0,0.61,10.73
EMA_CROSS_LONG_ONLY,208,224,PRICE_FROM_LAST_PCT,5.0,30,10000.0,10720.78,7.21,12.65,0.61,37.5,1.93,8,27,-3.29,0.0,-1.47,0.45,-1.35,0.0,0.86,12.46
EMA_CROSS_LONG_ONLY,208,224,PRICE_FROM_LAST_PCT,5.0,50,10000.0,11465.55,14.66,16.41,0.89,37.5,2.69,8,27,-3.23,0.0,-1.15,1.49,-2.28,0.0,2.12,18.23
EMA_CROSS_LONG_ONLY,208,224,PRICE_FROM_LAST_PCT,5.0,100,10000.0,13276.79,32.77,17.81,1.41,37.5,5.75,8,8,-0.52,0.0,-0.17,4.73,-4.74,0.0,5.83,26.49
EMA_CROSS_LONG_ONLY,208,224,PRICE_FROM_LAST_PCT,7.0,5,10000.0,10177.0,1.77,1.96,0.81,37.5,1.47,8,17,-0.3,0.0,-0.49,0.08,-0.24,0.0,0.24,2.48
EMA_CROSS_LONG_ONLY,208,224,PRICE_FROM_LAST_PCT,7.0,10,10000.0,10345.15,3.45,3.76,0.83,37.5,1.54,8,17,-0.57,0.0,-0.93,0.18,-0.47,0.0,0.48,4.8
EMA_CROSS_LONG_ONLY,208,224,PRICE_FROM_LAST_PCT,7.0,15,10000.0,10506.01,5.06,5.4,0.86,37.5,1.62,8,17,-0.82,0.0,-1.31,0.29,-0.71,0.0,0.73,6.97
EMA_CROSS_LONG_ONLY,208,224,PRICE_FROM_LAST_PCT,7.0,20,10000.0,10661.07,6.61,6.89,0.88,37.5,1.7,8,17,-1.05,0.0,-1.63,0.42,-0.95,0.0,0.99,8.98
EMA_CROSS_LONG_ONLY,208,224,PRICE_FROM_LAST_PCT,7.0,25,10000.0,10811.7,8.12,8.24,0.9,37.5,1.78,8,17,-1.25,0.0,-1.9,0.57,-1.19,0.0,1.25,10.86
EMA_CROSS_LONG_ONLY,208,224,PRICE_FROM_LAST_PCT,7.0,30,10000.0,10959.18,9.59,9.45,0.92,37.5,1.88,8,17,-1.42,0.0,-2.12,0.73,-1.42,0.0,1.52,12.6
EMA_CROSS_LONG_ONLY,208,224,PRICE_FROM_LAST_PCT,7.0,50,10000.0,11540.81,15.41,13.04,1.03,37.5,2.36,8,17,-1.82,0.0,-2.48,1.55,-2.37,0.0,2.64,18.36
EMA_CROSS_LONG_ONLY,208,224,PRICE_FROM_LAST_PCT,7.0,100,10000.0,13276.79,32.77,17.81,1.41,37.5,5.75,8,8,-0.52,0.0,-0.17,4.73,-4.74,0.0,5.83,26.49
EMA_CROSS_LONG_ONLY,208,224,PRICE_FROM_LAST_PCT,10.0,5,10000.0,10125.89,1.26,1.99,0.63,25.0,1.29,8,15,-0.44,0.0,-0.39,-0.01,-0.24,0.0,0.09,2.25
EMA_CROSS_LONG_ONLY,208,224,PRICE_FROM_LAST_PCT,10.0,10,10000.0,10249.98,2.5,3.82,0.66,37.5,1.35,8,15,-0.84,0.0,-0.75,0.01,-0.47,0.0,0.21,4.39
EMA_CROSS_LONG_ONLY,208,224,PRICE_FROM_LAST_PCT,10.0,15,10000.0,10373.45,3.73,5.5,0.69,37.5,1.42,8,15,-1.19,0.0,-1.07,0.06,-0.71,0.0,0.34,6.42
EMA_CROSS_LONG_ONLY,208,224,PRICE_FROM_LAST_PCT,10.0,20,10000.0,10497.37,4.97,7.02,0.72,37.5,1.49,8,15,-1.5,0.0,-1.35,0.13,-0.95,0.0,0.5,8.34
EMA_CROSS_LONG_ONLY,208,224,PRICE_FROM_LAST_PCT,10.0,25,10000.0,10622.78,6.23,8.4,0.75,37.5,1.57,8,15,-1.76,0.0,-1.6,0.23,-1.19,0.0,0.67,10.16
EMA_CROSS_LONG_ONLY,208,224,PRICE_FROM_LAST_PCT,10.0,30,10000.0,10750.66,7.51,9.64,0.78,37.5,1.66,8,15,-1.98,0.0,-1.8,0.35,-1.42,0.0,0.87,11.87
EMA_CROSS_LONG_ONLY,208,224,PRICE_FROM_LAST_PCT,10.0,50,10000.0,11305.01,13.05,13.3,0.92,37.5,2.12,8,15,-2.43,0.0,-2.21,1.09,-2.37,0.0,1.87,17.76
EMA_CROSS_LONG_ONLY,208,224,PRICE_FROM_LAST_PCT,10.0,100,10000.0,13276.79,32.77,17.81,1.41,37.5,5.75,8,8,-0.52,0.0,-0.17,4.73,-4.74,0.0,5.83,26.49
EMA_CROSS_LONG_ONLY,208,224,PROFIT_FROM_START_PCT,0.5,5,10000.0,10228.06,2.28,21.24,0.27,25.0,0.84,8,513,-3.61,0.0,-7.0,-1.09,-0.51,0.0,2.33,13.17
EMA_CROSS_LONG_ONLY,208,224,PROFIT_FROM_START_PCT,0.5,10,10000.0,11256.02,12.56,19.18,0.76,37.5,1.52,8,334,-2.76,0.0,-5.01,0.29,-0.99,0.0,3.56,18.37
EMA_CROSS_LONG_ONLY,208,224,PROFIT_FROM_START_PCT,0.5,15,10000.0,11755.9,17.56,18.93,0.95,37.5,1.99,8,231,-2.23,0.0,-4.0,0.7,-1.44,0.0,4.03,21.17
EMA_CROSS_LONG_ONLY,208,224,PROFIT_FROM_START_PCT,0.5,20,10000.0,12035.14,20.35,19.47,1.04,37.5,2.34,8,177,-1.74,0.0,-3.54,1.0,-1.87,0.0,4.22,22.79
EMA_CROSS_LONG_ONLY,208,224,PROFIT_FROM_START_PCT,0.5,25,10000.0,12091.75,20.92,19.77,1.05,37.5,2.56,8,146,-1.49,0.0,-3.24,1.25,-3.07,0.0,4.28,23.82
EMA_CROSS_LONG_ONLY,208,224,PROFIT_FROM_START_PCT,0.5,30,10000.0,12182.14,21.82,20.0,1.07,37.5,2.76,8,123,-1.31,0.0,-2.95,1.49,-3.47,0.0,4.44,24.17
EMA_CROSS_LONG_ONLY,208,224,PROFIT_FROM_START_PCT,0.5,50,10000.0,12431.96,24.32,19.43,1.15,37.5,3.45,8,75,-0.9,0.0,-2.14,2.42,-4.87,0.0,4.86,25.33
EMA_CROSS_LONG_ONLY,208,224,PROFIT_FROM_START_PCT,0.5,100,10000.0,13276.79,32.77,17.81,1.41,37.5,5.75,8,8,-0.52,0.0,-0.17,4.73,-4.74,0.0,5.83,26.49
EMA_CROSS_LONG_ONLY,208,224,PROFIT_FROM_START_PCT,1.0,5,10000.0,9664.31,-3.36,21.6,-0.07,25.0,0.57,8,503,-4.44,0.0,-7.33,-1.86,-0.51,0.0,1.08,10.45
EMA_CROSS_LONG_ONLY,208,224,PROFIT_FROM_START_PCT,1.0,10,10000.0,10601.4,6.01,19.96,0.46,25.0,1.08,8,332,-3.51,0.0,-5.74,-0.19,-0.99,0.0,2.62,14.8
EMA_CROSS_LONG_ONLY,208,224,PROFIT_FROM_START_PCT,1.0,15,10000.0,11168.51,11.69,18.76,0.72,37.5,1.51,8,230,-2.97,0.0,-4.48,0.58,-1.44,0.0,3.36,17.47
EMA_CROSS_LONG_ONLY,208,224,PROFIT_FROM_START_PCT,1.0,20,10000.0,11516.88,15.17,18.57,0.85,37.5,1.85,8,176,-2.58,0.0,-3.85,0.98,-1.87,0.0,3.82,19.37
EMA_CROSS_LONG_ONLY,208,224,PROFIT_FROM_START_PCT,1.0,25,10000.0,11783.38,17.83,19.6,0.95,37.5,2.16,8,144,-2.25,0.0,-3.26,1.24,-2.26,0.0,4.12,20.81
EMA_CROSS_LONG_ONLY,208,224,PROFIT_FROM_START_PCT,1.0,30,10000.0,12049.07,20.49,19.75,1.04,37.5,2.49,8,120,-1.93,0.0,-3.01,1.49,-2.63,0.0,4.28,22.78
EMA_CROSS_LONG_ONLY,208,224,PROFIT_FROM_START_PCT,1.0,50,10000.0,12517.32,25.17,19.41,1.18,37.5,3.39,8,70,-1.07,0.0,-2.12,2.42,-3.8,0.0,4.89,24.94
EMA_CROSS_LONG_ONLY,208,224,PROFIT_FROM_START_PCT,1.0,100,10000.0,13276.79,32.77,17.81,1.41,37.5,5.75,8,8,-0.52,0.0,-0.17,4.73,-4.74,0.0,5.83,26.49
EMA_CROSS_LONG_ONLY,208,224,PROFIT_FROM_START_PCT,1.5,5,10000.0,9171.23,-8.29,23.13,-0.42,25.0,0.41,8,495,-6.04,0.0,-7.65,-3.24,-0.24,0.0,-0.32,9.71
EMA_CROSS_LONG_ONLY,208,224,PROFIT_FROM_START_PCT,1.5,10,10000.0,10148.4,1.48,19.68,0.22,25.0,0.83,8,330,-4.56,0.0,-6.06,-1.17,-0.47,0.0,1.08,13.73
EMA_CROSS_LONG_ONLY,208,224,PROFIT_FROM_START_PCT,1.5,15,10000.0,10838.49,8.38,18.64,0.58,25.0,1.27,8,228,-3.85,0.0,-4.81,-0.11,-0.71,0.0,2.62,16.22
EMA_CROSS_LONG_ONLY,208,224,PROFIT_FROM_START_PCT,1.5,20,10000.0,11310.46,13.1,18.11,0.78,37.5,1.65,8,174,-3.45,0.0,-3.99,0.73,-0.95,0.0,3.48,18.06
EMA_CROSS_LONG_ONLY,208,224,PROFIT_FROM_START_PCT,1.5,25,10000.0,11616.17,16.16,18.7,0.89,37.5,1.94,8,141,-3.13,0.0,-3.53,1.18,-1.19,0.0,3.91,19.51
EMA_CROSS_LONG_ONLY,208,224,PROFIT_FROM_START_PCT,1.5,30,10000.0,11848.48,18.48,19.38,0.97,37.5,2.2,8,118,-2.85,0.0,-3.1,1.47,-1.42,0.0,4.14,20.68
EMA_CROSS_LONG_ONLY,208,224,PROFIT_FROM_START_PCT,1.5,50,10000.0,12493.26,24.93,19.4,1.19,37.5,3.19,8,68,-1.7,0.0,-2.12,2.42,-2.37,0.0,4.83,23.73
EMA_CROSS_LONG_ONLY,208,224,PROFIT_FROM_START_PCT,1.5,100,10000.0,13276.79,32.77,17.81,1.41,37.5,5.75,8,8,-0.52,0.0,-0.17,4.73,-4.74,0.0,5.83,26.49
EMA_CROSS_LONG_ONLY,208,224,PROFIT_FROM_START_PCT,2.0,5,10000.0,8893.66,-11.06,24.54,-0.66,12.5,0.36,8,429,-6.82,0.0,-7.99,-4.06,-0.24,0.0,-1.33,9.71
EMA_CROSS_LONG_ONLY,208,224,PROFIT_FROM_START_PCT,2.0,10,10000.0,9846.63,-1.53,21.5,0.04,25.0,0.7,8,328,-5.09,0.0,-6.6,-2.37,-0.47,0.0,0.41,13.73
EMA_CROSS_LONG_ONLY,208,224,PROFIT_FROM_START_PCT,2.0,15,10000.0,10528.13,5.28,19.17,0.42,25.0,1.07,8,228,-4.15,0.0,-5.25,-1.04,-0.71,0.0,1.4,16.22
EMA_CROSS_LONG_ONLY,208,224,PROFIT_FROM_START_PCT,2.0,20,10000.0,10993.53,9.94,18.21,0.65,25.0,1.42,8,174,-3.56,0.0,-4.46,-0.11,-0.95,0.0,2.02,18.06
EMA_CROSS_LONG_ONLY,208,224,PROFIT_FROM_START_PCT,2.0,25,10000.0,11414.58,14.15,18.14,0.82,37.5,1.79,8,141,-3.18,0.0,-3.66,0.72,-1.19,0.0,2.76,19.51
EMA_CROSS_LONG_ONLY,208,224,PROFIT_FROM_START_PCT,2.0,30,10000.0,11697.42,16.97,18.6,0.93,37.5,2.08,8,118,-2.88,0.0,-3.22,1.27,-1.42,0.0,3.19,20.68
EMA_CROSS_LONG_ONLY,208,224,PROFIT_FROM_START_PCT,2.0,50,10000.0,12413.39,24.13,19.4,1.17,37.5,3.06,8,68,-2.0,0.0,-2.12,2.42,-2.37,0.0,4.48,23.73
EMA_CROSS_LONG_ONLY,208,224,PROFIT_FROM_START_PCT,2.0,100,10000.0,13276.79,32.77,17.81,1.41,37.5,5.75,8,8,-0.52,0.0,-0.17,4.73,-4.74,0.0,5.83,26.49
EMA_CROSS_LONG_ONLY,208,224,PROFIT_FROM_START_PCT,3.0,5,10000.0,8756.52,-12.43,22.45,-1.03,12.5,0.26,8,197,-7.49,0.0,-7.4,-3.5,-0.24,0.0,-1.68,7.91
EMA_CROSS_LONG_ONLY,208,224,PROFIT_FROM_START_PCT,3.0,10,10000.0,9144.91,-8.55,23.86,-0.44,12.5,0.46,8,286,-6.73,0.0,-7.47,-3.45,-0.47,0.0,-1.35,11.67
EMA_CROSS_LONG_ONLY,208,224,PROFIT_FROM_START_PCT,3.0,15,10000.0,9763.33,-2.37,21.8,-0.01,25.0,0.68,8,228,-5.63,0.0,-6.25,-2.29,-0.71,0.0,-0.32,13.99
EMA_CROSS_LONG_ONLY,208,224,PROFIT_FROM_START_PCT,3.0,20,10000.0,10320.68,3.21,19.62,0.32,25.0,0.97,8,174,-4.9,0.0,-5.05,-1.24,-0.95,0.0,0.53,16.11
EMA_CROSS_LONG_ONLY,208,224,PROFIT_FROM_START_PCT,3.0,25,10000.0,10660.98,6.61,18.76,0.49,25.0,1.2,8,140,-4.33,0.0,-4.83,-0.43,-1.19,0.0,1.27,17.37
EMA_CROSS_LONG_ONLY,208,224,PROFIT_FROM_START_PCT,3.0,30,10000.0,11025.37,10.25,17.86,0.66,37.5,1.5,8,118,-3.85,0.0,-3.98,0.24,-1.42,0.0,1.95,18.41
EMA_CROSS_LONG_ONLY,208,224,PROFIT_FROM_START_PCT,3.0,50,10000.0,11976.88,19.77,18.93,1.02,37.5,2.57,8,68,-2.4,0.0,-2.27,2.31,-2.37,0.0,3.48,21.34
EMA_CROSS_LONG_ONLY,208,224,PROFIT_FROM_START_PCT,3.0,100,10000.0,13276.79,32.77,17.81,1.41,37.5,5.75,8,8,-0.52,0.0,-0.17,4.73,-4.74,0.0,5.83,26.49
EMA_CROSS_LONG_ONLY,208,224,PROFIT_FROM_START_PCT,5.0,5,10000.0,9811.88,-1.88,8.85,-0.26,12.5,0.22,8,81,-2.7,0.0,-2.82,-1.32,-0.24,0.0,-0.27,5.68
EMA_CROSS_LONG_ONLY,208,224,PROFIT_FROM_START_PCT,5.0,10,10000.0,9524.43,-4.76,16.11,-0.41,12.5,0.36,8,93,-4.78,0.0,-5.81,-2.33,-0.47,0.0,-0.41,9.64
EMA_CROSS_LONG_ONLY,208,224,PROFIT_FROM_START_PCT,5.0,15,10000.0,9354.84,-6.45,20.71,-0.41,12.5,0.46,8,89,-6.19,0.0,-7.31,-2.77,-0.71,0.0,-0.61,12.05
EMA_CROSS_LONG_ONLY,208,224,PROFIT_FROM_START_PCT,5.0,20,10000.0,9384.88,-6.15,22.59,-0.3,12.5,0.57,8,99,-7.03,0.0,-7.2,-2.8,-0.95,0.0,-0.7,13.68
EMA_CROSS_LONG_ONLY,208,224,PROFIT_FROM_START_PCT,5.0,25,10000.0,9713.05,-2.87,21.68,-0.05,12.5,0.7,8,121,-6.47,0.0,-6.46,-1.87,-1.19,0.0,-0.61,15.07
EMA_CROSS_LONG_ONLY,208,224,PROFIT_FROM_START_PCT,5.0,30,10000.0,10096.63,0.97,20.33,0.19,25.0,0.9,8,108,-5.73,0.0,-5.56,-1.11,-1.42,0.0,-0.29,16.54
EMA_CROSS_LONG_ONLY,208,224,PROFIT_FROM_START_PCT,5.0,50,10000.0,11428.73,14.29,17.18,0.83,37.5,1.95,8,68,-3.5,0.0,-3.39,1.29,-2.37,0.0,2.2,21.15
EMA_CROSS_LONG_ONLY,208,224,PROFIT_FROM_START_PCT,5.0,100,10000.0,13276.79,32.77,17.81,1.41,37.5,5.75,8,8,-0.52,0.0,-0.17,4.73,-4.74,0.0,5.83,26.49
EMA_CROSS_LONG_ONLY,208,224,PROFIT_FROM_START_PCT,7.0,5,10000.0,10001.89,0.02,4.14,0.03,25.0,0.22,8,41,-1.33,0.0,-0.94,-0.56,-0.24,0.0,0.06,3.08
EMA_CROSS_LONG_ONLY,208,224,PROFIT_FROM_START_PCT,7.0,10,10000.0,10036.11,0.36,8.32,0.11,25.0,0.34,8,53,-2.39,0.0,-2.65,-0.93,-0.47,0.0,0.16,6.91
EMA_CROSS_LONG_ONLY,208,224,PROFIT_FROM_START_PCT,7.0,15,10000.0,10140.63,1.41,11.23,0.23,25.0,0.51,8,62,-2.9,0.0,-3.54,-1.15,-0.71,0.0,0.32,9.91
EMA_CROSS_LONG_ONLY,208,224,PROFIT_FROM_START_PCT,7.0,20,10000.0,10021.99,0.22,14.87,0.1,25.0,0.59,8,54,-4.4,0.0,-4.19,-1.85,-0.95,0.0,0.45,11.98
EMA_CROSS_LONG_ONLY,208,224,PROFIT_FROM_START_PCT,7.0,25,10000.0,10101.72,1.02,16.42,0.18,25.0,0.71,8,47,-4.63,0.0,-4.64,-1.69,-1.19,0.0,0.66,13.51
EMA_CROSS_LONG_ONLY,208,224,PROFIT_FROM_START_PCT,7.0,30,10000.0,9956.03,-0.44,19.15,0.08,25.0,0.75,8,47,-5.35,0.0,-5.76,-1.89,-1.42,0.0,0.36,14.89
EMA_CROSS_LONG_ONLY,208,224,PROFIT_FROM_START_PCT,7.0,50,10000.0,10793.9,7.94,19.12,0.56,37.5,1.41,8,67,-4.43,0.0,-4.88,0.03,-2.37,0.0,1.67,19.45
EMA_CROSS_LONG_ONLY,208,224,PROFIT_FROM_START_PCT,7.0,100,10000.0,13276.79,32.77,17.81,1.41,37.5,5.75,8,8,-0.52,0.0,-0.17,4.73,-4.74,0.0,5.83,26.49
EMA_CROSS_LONG_ONLY,208,224,PROFIT_FROM_START_PCT,10.0,5,10000.0,10130.5,1.31,2.03,0.54,25.0,0.43,8,23,-0.44,0.0,-0.43,-0.01,-0.24,0.0,0.09,2.34
EMA_CROSS_LONG_ONLY,208,224,PROFIT_FROM_START_PCT,10.0,10,10000.0,10270.34,2.7,3.89,0.61,37.5,0.5,8,27,-0.84,0.0,-0.82,0.01,-0.47,0.0,0.21,4.67
EMA_CROSS_LONG_ONLY,208,224,PROFIT_FROM_START_PCT,10.0,15,10000.0,10480.66,4.81,5.58,0.77,37.5,0.68,8,31,-1.19,0.0,-1.16,0.06,-0.71,0.0,0.34,7.61
EMA_CROSS_LONG_ONLY,208,224,PROFIT_FROM_START_PCT,10.0,20,10000.0,10698.19,6.98,7.12,0.89,37.5,0.89,8,40,-1.5,0.0,-1.46,0.13,-0.95,0.0,0.5,10.53
EMA_CROSS_LONG_ONLY,208,224,PROFIT_FROM_START_PCT,10.0,25,10000.0,10836.22,8.36,8.51,0.92,37.5,1.08,8,39,-1.76,0.0,-1.71,0.23,-1.19,0.0,0.67,12.5
EMA_CROSS_LONG_ONLY,208,224,PROFIT_FROM_START_PCT,10.0,30,10000.0,10623.92,6.24,12.52,0.61,25.0,0.97,8,36,-1.98,0.0,-3.77,-0.86,-1.42,0.0,0.87,14.19
EMA_CROSS_LONG_ONLY,208,224,PROFIT_FROM_START_PCT,10.0,50,10000.0,10942.91,9.43,16.97,0.69,37.5,1.49,8,27,-3.91,0.0,-3.9,0.03,-2.37,0.0,1.87,19.01
EMA_CROSS_LONG_ONLY,208,224,PROFIT_FROM_START_PCT,10.0,100,10000.0,13276.79,32.77,17.81,1.41,37.5,5.75,8,8,-0.52,0.0,-0.17,4.73,-4.74,0.0,5.83,26.49
EMA_CROSS_LONG_ONLY,208,224,PROFIT_FROM_LAST_PCT,0.5,5,10000.0,9904.77,-0.95,12.16,-0.05,25.0,0.64,8,74,-2.89,0.0,-3.57,-1.07,-0.7,0.0,0.25,7.34
EMA_CROSS_LONG_ONLY,208,224,PROFIT_FROM_LAST_PCT,0.5,10,10000.0,10131.73,1.32,17.41,0.2,25.0,0.86,8,74,-3.66,0.0,-4.91,-1.34,-1.33,0.0,0.88,12.52
EMA_CROSS_LONG_ONLY,208,224,PROFIT_FROM_LAST_PCT,0.5,15,10000.0,10489.14,4.89,19.51,0.42,25.0,1.13,8,74,-3.52,0.0,-5.14,-1.16,-1.89,0.0,1.6,16.21
EMA_CROSS_LONG_ONLY,208,224,PROFIT_FROM_LAST_PCT,0.5,20,10000.0,10873.07,8.73,20.16,0.6,25.0,1.44,8,74,-3.08,0.0,-4.86,-0.75,-2.38,0.0,2.29,18.85
EMA_CROSS_LONG_ONLY,208,224,PROFIT_FROM_LAST_PCT,0.5,25,10000.0,11232.1,12.32,20.16,0.75,25.0,1.79,8,74,-2.59,0.0,-4.4,-0.23,-2.81,0.0,2.89,20.76
EMA_CROSS_LONG_ONLY,208,224,PROFIT_FROM_LAST_PCT,0.5,30,10000.0,11545.54,15.46,19.88,0.87,37.5,2.15,8,74,-2.16,0.0,-3.9,0.3,-3.19,0.0,3.39,22.17
EMA_CROSS_LONG_ONLY,208,224,PROFIT_FROM_LAST_PCT,0.5,50,10000.0,12360.61,23.61,19.19,1.13,37.5,3.38,8,69,-1.12,0.0,-2.36,2.08,-4.18,0.0,4.62,24.97
EMA_CROSS_LONG_ONLY,208,224,PROFIT_FROM_LAST_PCT,0.5,100,10000.0,13276.79,32.77,17.81,1.41,37.5,5.75,8,8,-0.52,0.0,-0.17,4.73,-4.74,0.0,5.83,26.49
EMA_CROSS_LONG_ONLY,208,224,PROFIT_FROM_LAST_PCT,1.0,5,10000.0,9989.24,-0.11,8.57,0.03,25.0,0.65,8,49,-2.06,0.0,-2.47,-0.7,-0.51,0.0,0.11,5.69
EMA_CROSS_LONG_ONLY,208,224,PROFIT_FROM_LAST_PCT,1.0,10,10000.0,10127.07,1.27,13.6,0.2,25.0,0.8,8,49,-3.09,0.0,-3.77,-0.98,-0.99,0.0,0.44,10.2
EMA_CROSS_LONG_ONLY,208,224,PROFIT_FROM_LAST_PCT,1.0,15,10000.0,10356.91,3.57,16.47,0.36,25.0,0.99,8,49,-3.48,0.0,-4.31,-0.96,-1.44,0.0,0.91,13.76
EMA_CROSS_LONG_ONLY,208,224,PROFIT_FROM_LAST_PCT,1.0,20,10000.0,10635.76,6.36,18.01,0.51,25.0,1.21,8,49,-3.48,0.0,-4.39,-0.75,-1.87,0.0,1.44,16.54
EMA_CROSS_LONG_ONLY,208,224,PROFIT_FROM_LAST_PCT,1.0,25,10000.0,10932.32,9.32,18.74,0.65,25.0,1.46,8,49,-3.26,0.0,-4.21,-0.41,-2.26,0.0,1.98,18.71
EMA_CROSS_LONG_ONLY,208,224,PROFIT_FROM_LAST_PCT,1.0,30,10000.0,11225.0,12.25,18.97,0.76,25.0,1.74,8,49,-2.93,0.0,-3.89,0.0,-2.63,0.0,2.51,20.41
EMA_CROSS_LONG_ONLY,208,224,PROFIT_FROM_LAST_PCT,1.0,50,10000.0,12166.71,21.67,18.83,1.08,37.5,2.92,8,49,-1.64,0.0,-2.44,1.76,-3.8,0.0,4.16,24.21
EMA_CROSS_LONG_ONLY,208,224,PROFIT_FROM_LAST_PCT,1.0,100,10000.0,13276.79,32.77,17.81,1.41,37.5,5.75,8,8,-0.52,0.0,-0.17,4.73,-4.74,0.0,5.83,26.49
EMA_CROSS_LONG_ONLY,208,224,PROFIT_FROM_LAST_PCT,1.5,5,10000.0,9953.73,-0.46,7.56,-0.04,25.0,0.58,8,44,-1.94,0.0,-2.02,-0.7,-0.51,0.0,0.22,4.6
EMA_CROSS_LONG_ONLY,208,224,PROFIT_FROM_LAST_PCT,1.5,10,10000.0,10032.91,0.33,12.33,0.11,25.0,0.71,8,44,-3.03,0.0,-3.27,-0.99,-0.99,0.0,0.58,8.41
EMA_CROSS_LONG_ONLY,208,224,PROFIT_FROM_LAST_PCT,1.5,15,10000.0,10198.16,1.98,15.28,0.26,25.0,0.87,8,44,-3.53,0.0,-3.94,-0.97,-1.44,0.0,1.01,11.54
EMA_CROSS_LONG_ONLY,208,224,PROFIT_FROM_LAST_PCT,1.5,20,10000.0,10418.33,4.18,17.01,0.39,25.0,1.04,8,44,-3.65,0.0,-4.22,-0.76,-1.87,0.0,1.49,14.12
EMA_CROSS_LONG_ONLY,208,224,PROFIT_FROM_LAST_PCT,1.5,25,10000.0,10669.15,6.69,17.94,0.52,25.0,1.25,8,44,-3.54,0.0,-4.22,-0.42,-2.26,0.0,1.98,16.24
EMA_CROSS_LONG_ONLY,208,224,PROFIT_FROM_LAST_PCT,1.5,30,10000.0,10932.23,9.32,18.35,0.64,25.0,1.49,8,44,-3.3,0.0,-4.04,-0.01,-2.63,0.0,2.45,17.99
EMA_CROSS_LONG_ONLY,208,224,PROFIT_FROM_LAST_PCT,1.5,50,10000.0,11898.86,18.99,17.79,1.0,37.5,2.58,8,44,-2.1,0.0,-2.67,1.75,-3.8,0.0,4.04,22.49
EMA_CROSS_LONG_ONLY,208,224,PROFIT_FROM_LAST_PCT,1.5,100,10000.0,13276.79,32.77,17.81,1.41,37.5,5.75,8,8,-0.52,0.0,-0.17,4.73,-4.74,0.0,5.83,26.49
EMA_CROSS_LONG_ONLY,208,224,PROFIT_FROM_LAST_PCT,2.0,5,10000.0,10025.49,0.25,5.74,0.09,25.0,0.6,8,32,-1.46,0.0,-1.47,-0.49,-0.24,0.0,0.08,3.9
EMA_CROSS_LONG_ONLY,208,224,PROFIT_FROM_LAST_PCT,2.0,10,10000.0,10115.94,1.16,9.86,0.21,25.0,0.72,8,32,-2.42,0.0,-2.53,-0.74,-0.47,0.0,0.27,7.32
EMA_CROSS_LONG_ONLY,208,224,PROFIT_FROM_LAST_PCT,2.0,15,10000.0,10258.53,2.59,12.77,0.33,25.0,0.85,8,32,-3.01,0.0,-3.25,-0.8,-0.71,0.0,0.55,10.31
EMA_CROSS_LONG_ONLY,208,224,PROFIT_FROM_LAST_PCT,2.0,20,10000.0,10441.47,4.41,14.78,0.44,25.0,1.0,8,32,-3.31,0.0,-3.69,-0.71,-0.95,0.0,0.9,12.91
EMA_CROSS_LONG_ONLY,208,224,PROFIT_FROM_LAST_PCT,2.0,25,10000.0,10654.06,6.54,16.09,0.55,25.0,1.18,8,32,-3.4,0.0,-3.91,-0.51,-1.19,0.0,1.29,15.16
EMA_CROSS_LONG_ONLY,208,224,PROFIT_FROM_LAST_PCT,2.0,30,10000.0,10895.34,8.95,16.89,0.66,25.0,1.37,8,33,-3.33,0.0,-3.95,-0.22,-1.42,0.0,1.71,17.19
EMA_CROSS_LONG_ONLY,208,224,PROFIT_FROM_LAST_PCT,2.0,50,10000.0,11862.14,18.62,17.2,1.02,37.5,2.39,8,33,-2.41,0.0,-3.09,1.36,-2.37,0.0,3.4,22.45
EMA_CROSS_LONG_ONLY,208,224,PROFIT_FROM_LAST_PCT,2.0,100,10000.0,13276.79,32.77,17.81,1.41,37.5,5.75,8,8,-0.52,0.0,-0.17,4.73,-4.74,0.0,5.83,26.49
EMA_CROSS_LONG_ONLY,208,224,PROFIT_FROM_LAST_PCT,3.0,5,10000.0,10095.46,0.95,4.44,0.28,25.0,0.63,8,28,-0.88,0.0,-1.07,-0.49,-0.24,0.0,0.24,3.44
EMA_CROSS_LONG_ONLY,208,224,PROFIT_FROM_LAST_PCT,3.0,10,10000.0,10211.47,2.11,7.91,0.36,25.0,0.73,8,28,-1.57,0.0,-1.9,-0.75,-0.47,0.0,0.52,6.46
EMA_CROSS_LONG_ONLY,208,224,PROFIT_FROM_LAST_PCT,3.0,15,10000.0,10346.63,3.47,10.58,0.43,25.0,0.85,8,28,-2.09,0.0,-2.51,-0.82,-0.71,0.0,0.83,9.11
EMA_CROSS_LONG_ONLY,208,224,PROFIT_FROM_LAST_PCT,3.0,20,10000.0,10499.05,4.99,12.6,0.51,25.0,0.98,8,28,-2.45,0.0,-2.94,-0.73,-0.95,0.0,1.16,11.4
EMA_CROSS_LONG_ONLY,208,224,PROFIT_FROM_LAST_PCT,3.0,25,10000.0,10666.46,6.66,14.11,0.58,25.0,1.14,8,28,-2.69,0.0,-3.2,-0.53,-1.19,0.0,1.51,13.4
EMA_CROSS_LONG_ONLY,208,224,PROFIT_FROM_LAST_PCT,3.0,30,10000.0,10846.35,8.46,15.18,0.66,25.0,1.31,8,28,-2.82,0.0,-3.32,-0.24,-1.42,0.0,1.88,15.14
EMA_CROSS_LONG_ONLY,208,224,PROFIT_FROM_LAST_PCT,3.0,50,10000.0,11635.75,16.36,16.67,0.94,37.5,2.17,8,28,-2.57,0.0,-2.86,1.34,-2.37,0.0,3.32,20.13
EMA_CROSS_LONG_ONLY,208,224,PROFIT_FROM_LAST_PCT,3.0,100,10000.0,13276.79,32.77,17.81,1.41,37.5,5.75,8,8,-0.52,0.0,-0.17,4.73,-4.74,0.0,5.83,26.49
EMA_CROSS_LONG_ONLY,208,224,PROFIT_FROM_LAST_PCT,5.0,5,10000.0,10106.25,1.06,2.85,0.4,25.0,0.8,8,20,-0.64,0.0,-0.66,-0.01,-0.24,0.0,0.07,2.56
EMA_CROSS_LONG_ONLY,208,224,PROFIT_FROM_LAST_PCT,5.0,10,10000.0,10218.7,2.19,5.26,0.45,37.5,0.88,8,20,-1.19,0.0,-1.22,0.02,-0.47,0.0,0.19,4.93
EMA_CROSS_LONG_ONLY,208,224,PROFIT_FROM_LAST_PCT,5.0,15,10000.0,10338.66,3.39,7.33,0.5,37.5,0.98,8,20,-1.63,0.0,-1.67,0.11,-0.71,0.0,0.35,7.12
EMA_CROSS_LONG_ONLY,208,224,PROFIT_FROM_LAST_PCT,5.0,20,10000.0,10467.0,4.67,9.08,0.55,37.5,1.09,8,20,-1.98,0.0,-2.03,0.23,-0.95,0.0,0.54,9.14
EMA_CROSS_LONG_ONLY,208,224,PROFIT_FROM_LAST_PCT,5.0,25,10000.0,10604.2,6.04,10.72,0.61,37.5,1.21,8,20,-2.25,0.0,-2.3,0.39,-1.19,0.0,0.76,11.01
EMA_CROSS_LONG_ONLY,208,224,PROFIT_FROM_LAST_PCT,5.0,30,10000.0,10750.46,7.5,12.16,0.66,37.5,1.34,8,20,-2.43,0.0,-2.48,0.58,-1.42,0.0,1.01,12.73
EMA_CROSS_LONG_ONLY,208,224,PROFIT_FROM_LAST_PCT,5.0,50,10000.0,11420.03,14.2,16.14,0.89,37.5,2.03,8,20,-2.54,0.0,-2.54,1.63,-2.37,0.0,2.25,18.39
EMA_CROSS_LONG_ONLY,208,224,PROFIT_FROM_LAST_PCT,5.0,100,10000.0,13276.79,32.77,17.81,1.41,37.5,5.75,8,8,-0.52,0.0,-0.17,4.73,-4.74,0.0,5.83,26.49
EMA_CROSS_LONG_ONLY,208,224,PROFIT_FROM_LAST_PCT,7.0,5,10000.0,10179.14,1.79,1.96,0.86,37.5,1.23,8,15,-0.35,0.0,-0.43,0.08,-0.24,0.0,0.25,2.48
EMA_CROSS_LONG_ONLY,208,224,PROFIT_FROM_LAST_PCT,7.0,10,10000.0,10349.22,3.49,3.75,0.87,37.5,1.3,8,15,-0.67,0.0,-0.82,0.18,-0.47,0.0,0.51,4.8
EMA_CROSS_LONG_ONLY,208,224,PROFIT_FROM_LAST_PCT,7.0,15,10000.0,10511.81,5.12,5.39,0.89,37.5,1.38,8,15,-0.95,0.0,-1.17,0.29,-0.71,0.0,0.78,6.97
EMA_CROSS_LONG_ONLY,208,224,PROFIT_FROM_LAST_PCT,7.0,20,10000.0,10668.35,6.68,6.88,0.91,37.5,1.47,8,15,-1.2,0.0,-1.47,0.42,-0.95,0.0,1.04,8.98
EMA_CROSS_LONG_ONLY,208,224,PROFIT_FROM_LAST_PCT,7.0,25,10000.0,10820.23,8.2,8.23,0.93,37.5,1.57,8,15,-1.41,0.0,-1.72,0.57,-1.19,0.0,1.31,10.86
EMA_CROSS_LONG_ONLY,208,224,PROFIT_FROM_LAST_PCT,7.0,30,10000.0,10968.72,9.69,9.44,0.95,37.5,1.68,8,15,-1.59,0.0,-1.93,0.73,-1.42,0.0,1.59,12.6
EMA_CROSS_LONG_ONLY,208,224,PROFIT_FROM_LAST_PCT,7.0,50,10000.0,11551.98,15.52,13.02,1.04,37.5,2.21,8,15,-1.97,0.0,-2.32,1.55,-2.37,0.0,2.72,18.36
EMA_CROSS_LONG_ONLY,208,224,PROFIT_FROM_LAST_PCT,7.0,100,10000.0,13276.79,32.77,17.81,1.41,37.5,5.75,8,8,-0.52,0.0,-0.17,4.73,-4.74,0.0,5.83,26.49
EMA_CROSS_LONG_ONLY,208,224,PROFIT_FROM_LAST_PCT,10.0,5,10000.0,10123.34,1.23,2.06,0.63,25.0,0.9,8,15,-0.44,0.0,-0.47,-0.01,-0.24,0.0,0.11,2.28
EMA_CROSS_LONG_ONLY,208,224,PROFIT_FROM_LAST_PCT,10.0,10,10000.0,10246.64,2.47,3.95,0.66,37.5,0.98,8,15,-0.84,0.0,-0.88,0.01,-0.47,0.0,0.24,4.46
EMA_CROSS_LONG_ONLY,208,224,PROFIT_FROM_LAST_PCT,10.0,15,10000.0,10370.58,3.71,5.67,0.7,37.5,1.06,8,15,-1.19,0.0,-1.25,0.06,-0.71,0.0,0.39,6.53
EMA_CROSS_LONG_ONLY,208,224,PROFIT_FROM_LAST_PCT,10.0,20,10000.0,10495.82,4.96,7.23,0.73,37.5,1.15,8,15,-1.5,0.0,-1.58,0.13,-0.95,0.0,0.56,8.5
EMA_CROSS_LONG_ONLY,208,224,PROFIT_FROM_LAST_PCT,10.0,25,10000.0,10623.04,6.23,8.64,0.76,37.5,1.25,8,15,-1.76,0.0,-1.85,0.23,-1.19,0.0,0.75,10.36
EMA_CROSS_LONG_ONLY,208,224,PROFIT_FROM_LAST_PCT,10.0,30,10000.0,10752.91,7.53,9.9,0.79,37.5,1.36,8,15,-1.98,0.0,-2.07,0.35,-1.42,0.0,0.95,12.12
EMA_CROSS_LONG_ONLY,208,224,PROFIT_FROM_LAST_PCT,10.0,50,10000.0,11312.86,13.13,13.56,0.93,37.5,1.91,8,15,-2.43,0.0,-2.49,1.09,-2.37,0.0,1.97,18.07
EMA_CROSS_LONG_ONLY,208,224,PROFIT_FROM_LAST_PCT,10.0,100,10000.0,13276.79,32.77,17.81,1.41,37.5,5.75,8,8,-0.52,0.0,-0.17,4.73,-4.74,0.0,5.83,26.49
EMA_CROSS_LONG_ONLY,5,15,BARS_ELAPSED,1.0,5,10000.0,9266.48,-7.34,30.61,-0.43,18.37,0.42,196,2808,-1.47,-5.55,-4.36,-9.28,-7.11,-1.14,7.46,16.13
EMA_CROSS_LONG_ONLY,5,15,BARS_ELAPSED,1.0,10,10000.0,9033.83,-9.66,36.46,-0.42,19.39,0.57,196,2761,-0.98,-7.05,-4.45,-10.09,-10.34,-1.48,9.67,17.67
EMA_CROSS_LONG_ONLY,5,15,BARS_ELAPSED,1.0,15,10000.0,8890.53,-11.09,38.05,-0.42,21.43,0.67,196,2683,-0.66,-7.89,-3.85,-8.99,-12.16,-1.99,9.97,16.95
EMA_CROSS_LONG_ONLY,5,15,BARS_ELAPSED,1.0,20,10000.0,8784.56,-12.15,38.51,-0.44,22.45,0.73,196,2516,-0.55,-8.4,-3.22,-7.61,-13.31,-2.57,9.75,15.99
EMA_CROSS_LONG_ONLY,5,15,BARS_ELAPSED,1.0,25,10000.0,8702.76,-12.97,38.62,-0.45,23.98,0.77,196,2354,-0.59,-8.69,-2.72,-6.36,-14.07,-3.12,9.42,15.17
EMA_CROSS_LONG_ONLY,5,15,BARS_ELAPSED,1.0,30,10000.0,8638.22,-13.62,38.61,-0.46,25.0,0.8,196,2185,-0.71,-8.83,-2.37,-5.33,-14.58,-3.59,9.11,14.51
EMA_CROSS_LONG_ONLY,5,15,BARS_ELAPSED,1.0,50,10000.0,8483.58,-15.16,39.2,-0.49,27.04,0.87,196,1619,-1.58,-8.68,-2.02,-2.93,-15.33,-4.71,8.41,13.06
EMA_CROSS_LONG_ONLY,5,15,BARS_ELAPSED,1.0,100,10000.0,8481.82,-15.18,38.65,-0.45,29.08,0.92,196,196,-4.23,-7.67,-2.17,-1.35,-14.19,-5.04,8.62,11.92
EMA_CROSS_LONG_ONLY,5,15,BARS_ELAPSED,2.0,5,10000.0,9507.9,-4.92,22.34,-0.43,17.35,0.31,196,1455,-1.44,-4.04,-3.21,-6.68,-4.49,-0.79,4.82,11.97
EMA_CROSS_LONG_ONLY,5,15,BARS_ELAPSED,2.0,10,10000.0,9256.11,-7.44,31.01,-0.42,17.86,0.43,196,1455,-1.62,-5.73,-4.24,-9.36,-7.34,-1.0,7.8,16.1
EMA_CROSS_LONG_ONLY,5,15,BARS_ELAPSED,2.0,15,10000.0,9105.04,-8.95,34.9,-0.42,18.37,0.52,196,1454,-1.5,-6.67,-4.38,-10.09,-9.3,-1.14,9.36,17.26
EMA_CROSS_LONG_ONLY,5,15,BARS_ELAPSED,2.0,20,10000.0,8993.25,-10.07,36.79,-0.42,19.9,0.59,196,1434,-1.38,-7.33,-4.17,-9.88,-10.71,-1.34,10.06,17.25
EMA_CROSS_LONG_ONLY,5,15,BARS_ELAPSED,2.0,25,10000.0,8899.85,-11.0,37.75,-0.43,20.92,0.64,196,1419,-1.32,-7.84,-3.84,-9.22,-11.76,-1.63,10.29,16.79
EMA_CROSS_LONG_ONLY,5,15,BARS_ELAPSED,2.0,30,10000.0,8819.27,-11.81,38.25,-0.44,21.43,0.69,196,1393,-1.33,-8.23,-3.48,-8.38,-12.57,-1.97,10.29,16.19
EMA_CROSS_LONG_ONLY,5,15,BARS_ELAPSED,2.0,50,10000.0,8587.15,-14.13,38.63,-0.48,23.98,0.8,196,1188,-1.84,-8.91,-2.43,-5.18,-14.35,-3.39,9.61,14.06
EMA_CROSS_LONG_ONLY,5,15,BARS_ELAPSED,2.0,100,10000.0,8481.82,-15.18,38.65,-0.45,29.08,0.92,196,196,-4.23,-7.67,-2.17,-1.35,-14.19,-5.04,8.62,11.92
EMA_CROSS_LONG_ONLY,5,15,BARS_ELAPSED,4.0,5,10000.0,9767.9,-2.32,13.88,-0.32,18.37,0.27,196,788,-0.82,-2.71,-1.82,-3.91,-2.59,-0.39,2.69,7.64
EMA_CROSS_LONG_ONLY,5,15,BARS_ELAPSED,4.0,10,10000.0,9595.02,-4.05,22.14,-0.32,18.37,0.34,196,788,-1.18,-4.38,-2.86,-6.45,-4.61,-0.53,4.95,12.09
EMA_CROSS_LONG_ONLY,5,15,BARS_ELAPSED,4.0,15,10000.0,9469.25,-5.31,27.26,-0.31,19.9,0.41,196,788,-1.32,-5.45,-3.39,-8.0,-6.22,-0.56,6.71,14.59
EMA_CROSS_LONG_ONLY,5,15,BARS_ELAPSED,4.0,20,10000.0,9374.81,-6.25,30.52,-0.31,19.9,0.47,196,788,-1.36,-6.18,-3.6,-8.85,-7.53,-0.56,7.99,15.9
EMA_CROSS_LONG_ONLY,5,15,BARS_ELAPSED,4.0,25,10000.0,9299.19,-7.01,32.64,-0.3,20.41,0.53,196,788,-1.38,-6.7,-3.61,-9.19,-8.6,-0.6,8.87,16.47
EMA_CROSS_LONG_ONLY,5,15,BARS_ELAPSED,4.0,30,10000.0,9234.17,-7.66,34.01,-0.3,21.43,0.58,196,787,-1.42,-7.1,-3.49,-9.16,-9.49,-0.68,9.44,16.6
EMA_CROSS_LONG_ONLY,5,15,BARS_ELAPSED,4.0,50,10000.0,9014.12,-9.86,36.07,-0.32,24.49,0.73,196,764,-1.87,-7.97,-2.59,-7.18,-11.85,-1.54,10.0,15.28
EMA_CROSS_LONG_ONLY,5,15,BARS_ELAPSED,4.0,100,10000.0,8481.82,-15.18,38.65,-0.45,29.08,0.92,196,196,-4.23,-7.67,-2.17,-1.35,-14.19,-5.04,8.62,11.92
EMA_CROSS_LONG_ONLY,5,15,BARS_ELAPSED,6.0,5,10000.0,9785.81,-2.14,10.38,-0.42,18.88,0.25,196,561,-1.1,-1.61,-1.47,-2.58,-1.92,-0.56,2.01,5.27
EMA_CROSS_LONG_ONLY,5,15,BARS_ELAPSED,6.0,10,10000.0,9621.06,-3.79,17.7,-0.41,19.39,0.3,196,561,-1.83,-2.75,-2.48,-4.51,-3.56,-0.98,3.84,9.07
EMA_CROSS_LONG_ONLY,5,15,BARS_ELAPSED,6.0,15,10000.0,9493.49,-5.07,22.94,-0.39,20.92,0.35,196,561,-2.3,-3.56,-3.17,-5.92,-4.96,-1.3,5.42,11.74
EMA_CROSS_LONG_ONLY,5,15,BARS_ELAPSED,6.0,20,10000.0,9393.26,-6.07,26.75,-0.38,21.94,0.4,196,561,-2.6,-4.15,-3.6,-6.9,-6.17,-1.57,6.74,13.58
EMA_CROSS_LONG_ONLY,5,15,BARS_ELAPSED,6.0,25,10000.0,9312.31,-6.88,29.55,-0.37,21.94,0.45,196,561,-2.79,-4.59,-3.84,-7.52,-7.22,-1.8,7.81,14.79
EMA_CROSS_LONG_ONLY,5,15,BARS_ELAPSED,6.0,30,10000.0,9244.21,-7.56,31.62,-0.36,22.45,0.5,196,561,-2.91,-4.94,-3.95,-7.85,-8.14,-2.02,8.65,15.53
EMA_CROSS_LONG_ONLY,5,15,BARS_ELAPSED,6.0,50,10000.0,9020.57,-9.79,35.79,-0.35,25.0,0.66,196,556,-3.17,-5.92,-3.68,-7.26,-10.85,-2.88,10.19,15.89
EMA_CROSS_LONG_ONLY,5,15,BARS_ELAPSED,6.0,100,10000.0,8481.82,-15.18,38.65,-0.45,29.08,0.92,196,196,-4.23,-7.67,-2.17,-1.35,-14.19,-5.04,8.62,11.92
EMA_CROSS_LONG_ONLY,5,15,BARS_ELAPSED,12.0,5,10000.0,9857.97,-1.42,6.19,-0.47,20.92,0.27,196,344,-0.52,-1.17,-0.92,-1.28,-1.18,-0.29,1.01,2.98
EMA_CROSS_LONG_ONLY,5,15,BARS_ELAPSED,12.0,10,10000.0,9723.79,-2.76,11.39,-0.48,21.43,0.3,196,344,-0.97,-2.17,-1.7,-2.39,-2.28,-0.54,1.98,5.5
EMA_CROSS_LONG_ONLY,5,15,BARS_ELAPSED,12.0,15,10000.0,9598.79,-4.01,15.77,-0.49,21.43,0.33,196,344,-1.34,-3.03,-2.35,-3.33,-3.32,-0.77,2.89,7.61
EMA_CROSS_LONG_ONLY,5,15,BARS_ELAPSED,12.0,20,10000.0,9483.67,-5.16,19.47,-0.49,21.94,0.36,196,344,-1.65,-3.77,-2.87,-4.12,-4.29,-0.96,3.74,9.35
EMA_CROSS_LONG_ONLY,5,15,BARS_ELAPSED,12.0,25,10000.0,9378.56,-6.21,22.59,-0.5,21.94,0.39,196,344,-1.92,-4.4,-3.29,-4.76,-5.21,-1.15,4.53,10.76
EMA_CROSS_LONG_ONLY,5,15,BARS_ELAPSED,12.0,30,10000.0,9283.22,-7.17,25.23,-0.49,22.96,0.42,196,344,-2.14,-4.93,-3.61,-5.27,-6.07,-1.32,5.26,11.88
EMA_CROSS_LONG_ONLY,5,15,BARS_ELAPSED,12.0,50,10000.0,8985.58,-10.14,32.24,-0.48,26.02,0.57,196,344,-2.76,-6.34,-4.11,-6.06,-9.07,-1.99,7.47,14.17
EMA_CROSS_LONG_ONLY,5,15,BARS_ELAPSED,12.0,100,10000.0,8481.82,-15.18,38.65,-0.45,29.08,0.92,196,196,-4.23,-7.67,-2.17,-1.35,-14.19,-5.04,8.62,11.92
EMA_CROSS_LONG_ONLY,5,15,BARS_ELAPSED,24.0,5,10000.0,9914.07,-0.86,3.62,-0.45,27.55,0.43,196,240,-0.41,-0.64,-0.38,-0.41,-0.83,-0.43,0.59,1.66
EMA_CROSS_LONG_ONLY,5,15,BARS_ELAPSED,24.0,10,10000.0,9824.78,-1.75,6.97,-0.46,27.55,0.44,196,240,-0.79,-1.24,-0.74,-0.79,-1.65,-0.83,1.17,3.17
EMA_CROSS_LONG_ONLY,5,15,BARS_ELAPSED,24.0,15,10000.0,9733.4,-2.67,10.07,-0.47,27.55,0.46,196,240,-1.15,-1.82,-1.06,-1.13,-2.46,-1.22,1.74,4.54
EMA_CROSS_LONG_ONLY,5,15,BARS_ELAPSED,24.0,20,10000.0,9641.02,-3.59,12.93,-0.48,27.55,0.48,196,240,-1.49,-2.37,-1.36,-1.43,-3.25,-1.59,2.3,5.77
EMA_CROSS_LONG_ONLY,5,15,BARS_ELAPSED,24.0,25,10000.0,9548.56,-4.51,15.57,-0.49,27.55,0.5,196,240,-1.81,-2.89,-1.62,-1.69,-4.02,-1.94,2.86,6.87
EMA_CROSS_LONG_ONLY,5,15,BARS_ELAPSED,24.0,30,10000.0,9456.81,-5.43,18.02,-0.5,27.55,0.52,196,240,-2.11,-3.38,-1.85,-1.92,-4.78,-2.27,3.39,7.85
EMA_CROSS_LONG_ONLY,5,15,BARS_ELAPSED,24.0,50,10000.0,9108.64,-8.91,26.17,-0.51,27.55,0.6,196,240,-3.11,-5.09,-2.5,-2.47,-7.7,-3.41,5.37,10.69
EMA_CROSS_LONG_ONLY,5,15,BARS_ELAPSED,24.0,100,10000.0,8481.82,-15.18,38.65,-0.45,29.08,0.92,196,196,-4.23,-7.67,-2.17,-1.35,-14.19,-5.04,8.62,11.92
EMA_CROSS_LONG_ONLY,5,15,BARS_ELAPSED,48.0,5,10000.0,9959.36,-0.41,2.34,-0.28,29.08,0.77,196,201,-0.2,-0.37,-0.08,-0.06,-0.77,-0.24,0.41,0.89
EMA_CROSS_LONG_ONLY,5,15,BARS_ELAPSED,48.0,10,10000.0,9913.82,-0.86,4.64,-0.29,29.08,0.77,196,201,-0.4,-0.74,-0.16,-0.12,-1.53,-0.48,0.82,1.75
EMA_CROSS_LONG_ONLY,5,15,BARS_ELAPSED,48.0,15,10000.0,9863.6,-1.36,6.88,-0.3,29.08,0.78,196,201,-0.6,-1.12,-0.25,-0.18,-2.28,-0.73,1.23,2.58
EMA_CROSS_LONG_ONLY,5,15,BARS_ELAPSED,48.0,20,10000.0,9808.91,-1.91,9.09,-0.31,29.08,0.78,196,201,-0.81,-1.49,-0.34,-0.25,-3.03,-0.97,1.65,3.37
EMA_CROSS_LONG_ONLY,5,15,BARS_ELAPSED,48.0,25,10000.0,9749.97,-2.5,11.24,-0.32,29.08,0.79,196,201,-1.01,-1.87,-0.43,-0.31,-3.77,-1.22,2.06,4.13
EMA_CROSS_LONG_ONLY,5,15,BARS_ELAPSED,48.0,30,10000.0,9686.97,-3.13,13.36,-0.33,29.08,0.79,196,201,-1.22,-2.25,-0.53,-0.38,-4.5,-1.46,2.48,4.86
EMA_CROSS_LONG_ONLY,5,15,BARS_ELAPSED,48.0,50,10000.0,9398.34,-6.02,21.38,-0.36,29.08,0.82,196,201,-2.06,-3.77,-0.94,-0.64,-7.38,-2.46,4.18,7.46
EMA_CROSS_LONG_ONLY,5,15,BARS_ELAPSED,48.0,100,10000.0,8481.82,-15.18,38.65,-0.45,29.08,0.92,196,196,-4.23,-7.67,-2.17,-1.35,-14.19,-5.04,8.62,11.92
EMA_CROSS_LONG_ONLY,5,15,BARS_ELAPSED,72.0,5,10000.0,9947.4,-0.53,2.33,-0.38,29.08,0.8,196,198,-0.2,-0.37,-0.08,-0.06,-0.75,-0.24,0.41,0.76
EMA_CROSS_LONG_ONLY,5,15,BARS_ELAPSED,72.0,10,10000.0,9891.67,-1.08,4.61,-0.38,29.08,0.8,196,198,-0.4,-0.74,-0.16,-0.12,-1.5,-0.48,0.83,1.49
EMA_CROSS_LONG_ONLY,5,15,BARS_ELAPSED,72.0,15,10000.0,9832.93,-1.67,6.84,-0.39,29.08,0.8,196,198,-0.6,-1.12,-0.25,-0.18,-2.25,-0.73,1.24,2.21
EMA_CROSS_LONG_ONLY,5,15,BARS_ELAPSED,72.0,20,10000.0,9771.29,-2.29,9.03,-0.39,29.08,0.81,196,198,-0.81,-1.49,-0.34,-0.25,-2.99,-0.97,1.66,2.91
EMA_CROSS_LONG_ONLY,5,15,BARS_ELAPSED,72.0,25,10000.0,9706.88,-2.93,11.18,-0.39,29.08,0.81,196,198,-1.01,-1.87,-0.43,-0.31,-3.72,-1.22,2.08,3.6
EMA_CROSS_LONG_ONLY,5,15,BARS_ELAPSED,72.0,30,10000.0,9639.81,-3.6,13.29,-0.4,29.08,0.82,196,198,-1.22,-2.25,-0.53,-0.38,-4.45,-1.46,2.51,4.27
EMA_CROSS_LONG_ONLY,5,15,BARS_ELAPSED,72.0,50,10000.0,9347.17,-6.53,21.3,-0.41,29.08,0.84,196,198,-2.06,-3.77,-0.94,-0.64,-7.32,-2.46,4.22,6.77
EMA_CROSS_LONG_ONLY,5,15,BARS_ELAPSED,72.0,100,10000.0,8481.82,-15.18,38.65,-0.45,29.08,0.92,196,196,-4.23,-7.67,-2.17,-1.35,-14.19,-5.04,8.62,11.92
EMA_CROSS_LONG_ONLY,5,15,BARS_ELAPSED,168.0,5,10000.0,9946.51,-0.53,2.29,-0.4,29.08,0.92,196,196,-0.2,-0.37,-0.08,-0.06,-0.75,-0.24,0.45,0.71
EMA_CROSS_LONG_ONLY,5,15,BARS_ELAPSED,168.0,10,10000.0,9890.08,-1.1,4.53,-0.4,29.08,0.92,196,196,-0.4,-0.74,-0.16,-0.12,-1.5,-0.48,0.9,1.4
EMA_CROSS_LONG_ONLY,5,15,BARS_ELAPSED,168.0,15,10000.0,9830.8,-1.69,6.74,-0.4,29.08,0.92,196,196,-0.6,-1.12,-0.25,-0.18,-2.25,-0.73,1.35,2.08
EMA_CROSS_LONG_ONLY,5,15,BARS_ELAPSED,168.0,20,10000.0,9768.78,-2.31,8.91,-0.41,29.08,0.92,196,196,-0.81,-1.49,-0.34,-0.25,-2.99,-0.97,1.8,2.75
EMA_CROSS_LONG_ONLY,5,15,BARS_ELAPSED,168.0,25,10000.0,9704.11,-2.96,11.05,-0.41,29.08,0.92,196,196,-1.01,-1.87,-0.43,-0.31,-3.72,-1.22,2.24,3.41
EMA_CROSS_LONG_ONLY,5,15,BARS_ELAPSED,168.0,30,10000.0,9636.89,-3.63,13.14,-0.41,29.08,0.92,196,196,-1.22,-2.25,-0.53,-0.38,-4.45,-1.46,2.68,4.06
EMA_CROSS_LONG_ONLY,5,15,BARS_ELAPSED,168.0,50,10000.0,9344.48,-6.56,21.14,-0.42,29.08,0.92,196,196,-2.06,-3.77,-0.94,-0.64,-7.32,-2.46,4.42,6.52
EMA_CROSS_LONG_ONLY,5,15,BARS_ELAPSED,168.0,100,10000.0,8481.82,-15.18,38.65,-0.45,29.08,0.92,196,196,-4.23,-7.67,-2.17,-1.35,-14.19,-5.04,8.62,11.92
EMA_CROSS_LONG_ONLY,5,15,HOURS_ELAPSED,1.0,5,10000.0,9266.48,-7.34,30.61,-0.43,18.37,0.42,196,2808,-1.47,-5.55,-4.36,-9.28,-7.11,-1.14,7.46,16.13
EMA_CROSS_LONG_ONLY,5,15,HOURS_ELAPSED,1.0,10,10000.0,9033.83,-9.66,36.46,-0.42,19.39,0.57,196,2761,-0.98,-7.05,-4.45,-10.09,-10.34,-1.48,9.67,17.67
EMA_CROSS_LONG_ONLY,5,15,HOURS_ELAPSED,1.0,15,10000.0,8890.53,-11.09,38.05,-0.42,21.43,0.67,196,2683,-0.66,-7.89,-3.85,-8.99,-12.16,-1.99,9.97,16.95
EMA_CROSS_LONG_ONLY,5,15,HOURS_ELAPSED,1.0,20,10000.0,8784.56,-12.15,38.51,-0.44,22.45,0.73,196,2516,-0.55,-8.4,-3.22,-7.61,-13.31,-2.57,9.75,15.99
EMA_CROSS_LONG_ONLY,5,15,HOURS_ELAPSED,1.0,25,10000.0,8702.76,-12.97,38.62,-0.45,23.98,0.77,196,2354,-0.59,-8.69,-2.72,-6.36,-14.07,-3.12,9.42,15.17
EMA_CROSS_LONG_ONLY,5,15,HOURS_ELAPSED,1.0,30,10000.0,8638.22,-13.62,38.61,-0.46,25.0,0.8,196,2185,-0.71,-8.83,-2.37,-5.33,-14.58,-3.59,9.11,14.51
EMA_CROSS_LONG_ONLY,5,15,HOURS_ELAPSED,1.0,50,10000.0,8483.58,-15.16,39.2,-0.49,27.04,0.87,196,1619,-1.58,-8.68,-2.02,-2.93,-15.33,-4.71,8.41,13.06
EMA_CROSS_LONG_ONLY,5,15,HOURS_ELAPSED,1.0,100,10000.0,8481.82,-15.18,38.65,-0.45,29.08,0.92,196,196,-4.23,-7.67,-2.17,-1.35,-14.19,-5.04,8.62,11.92
EMA_CROSS_LONG_ONLY,5,15,HOURS_ELAPSED,2.0,5,10000.0,9507.9,-4.92,22.34,-0.43,17.35,0.31,196,1455,-1.44,-4.04,-3.21,-6.68,-4.49,-0.79,4.82,11.97
EMA_CROSS_LONG_ONLY,5,15,HOURS_ELAPSED,2.0,10,10000.0,9256.11,-7.44,31.01,-0.42,17.86,0.43,196,1455,-1.62,-5.73,-4.24,-9.36,-7.34,-1.0,7.8,16.1
EMA_CROSS_LONG_ONLY,5,15,HOURS_ELAPSED,2.0,15,10000.0,9105.04,-8.95,34.9,-0.42,18.37,0.52,196,1454,-1.5,-6.67,-4.38,-10.09,-9.3,-1.14,9.36,17.26
EMA_CROSS_LONG_ONLY,5,15,HOURS_ELAPSED,2.0,20,10000.0,8993.25,-10.07,36.79,-0.42,19.9,0.59,196,1434,-1.38,-7.33,-4.17,-9.88,-10.71,-1.34,10.06,17.25
EMA_CROSS_LONG_ONLY,5,15,HOURS_ELAPSED,2.0,25,10000.0,8899.85,-11.0,37.75,-0.43,20.92,0.64,196,1419,-1.32,-7.84,-3.84,-9.22,-11.76,-1.63,10.29,16.79
EMA_CROSS_LONG_ONLY,5,15,HOURS_ELAPSED,2.0,30,10000.0,8819.27,-11.81,38.25,-0.44,21.43,0.69,196,1393,-1.33,-8.23,-3.48,-8.38,-12.57,-1.97,10.29,16.19
EMA_CROSS_LONG_ONLY,5,15,HOURS_ELAPSED,2.0,50,10000.0,8587.15,-14.13,38.63,-0.48,23.98,0.8,196,1188,-1.84,-8.91,-2.43,-5.18,-14.35,-3.39,9.61,14.06
EMA_CROSS_LONG_ONLY,5,15,HOURS_ELAPSED,2.0,100,10000.0,8481.82,-15.18,38.65,-0.45,29.08,0.92,196,196,-4.23,-7.67,-2.17,-1.35,-14.19,-5.04,8.62,11.92
EMA_CROSS_LONG_ONLY,5,15,HOURS_ELAPSED,4.0,5,10000.0,9767.9,-2.32,13.88,-0.32,18.37,0.27,196,788,-0.82,-2.71,-1.82,-3.91,-2.59,-0.39,2.69,7.64
EMA_CROSS_LONG_ONLY,5,15,HOURS_ELAPSED,4.0,10,10000.0,9595.02,-4.05,22.14,-0.32,18.37,0.34,196,788,-1.18,-4.38,-2.86,-6.45,-4.61,-0.53,4.95,12.09
EMA_CROSS_LONG_ONLY,5,15,HOURS_ELAPSED,4.0,15,10000.0,9469.25,-5.31,27.26,-0.31,19.9,0.41,196,788,-1.32,-5.45,-3.39,-8.0,-6.22,-0.56,6.71,14.59
EMA_CROSS_LONG_ONLY,5,15,HOURS_ELAPSED,4.0,20,10000.0,9374.81,-6.25,30.52,-0.31,19.9,0.47,196,788,-1.36,-6.18,-3.6,-8.85,-7.53,-0.56,7.99,15.9
EMA_CROSS_LONG_ONLY,5,15,HOURS_ELAPSED,4.0,25,10000.0,9299.19,-7.01,32.64,-0.3,20.41,0.53,196,788,-1.38,-6.7,-3.61,-9.19,-8.6,-0.6,8.87,16.47
EMA_CROSS_LONG_ONLY,5,15,HOURS_ELAPSED,4.0,30,10000.0,9234.17,-7.66,34.01,-0.3,21.43,0.58,196,787,-1.42,-7.1,-3.49,-9.16,-9.49,-0.68,9.44,16.6
EMA_CROSS_LONG_ONLY,5,15,HOURS_ELAPSED,4.0,50,10000.0,9014.12,-9.86,36.07,-0.32,24.49,0.73,196,764,-1.87,-7.97,-2.59,-7.18,-11.85,-1.54,10.0,15.28
EMA_CROSS_LONG_ONLY,5,15,HOURS_ELAPSED,4.0,100,10000.0,8481.82,-15.18,38.65,-0.45,29.08,0.92,196,196,-4.23,-7.67,-2.17,-1.35,-14.19,-5.04,8.62,11.92
EMA_CROSS_LONG_ONLY,5,15,HOURS_ELAPSED,6.0,5,10000.0,9785.81,-2.14,10.38,-0.42,18.88,0.25,196,561,-1.1,-1.61,-1.47,-2.58,-1.92,-0.56,2.01,5.27
EMA_CROSS_LONG_ONLY,5,15,HOURS_ELAPSED,6.0,10,10000.0,9621.06,-3.79,17.7,-0.41,19.39,0.3,196,561,-1.83,-2.75,-2.48,-4.51,-3.56,-0.98,3.84,9.07
EMA_CROSS_LONG_ONLY,5,15,HOURS_ELAPSED,6.0,15,10000.0,9493.49,-5.07,22.94,-0.39,20.92,0.35,196,561,-2.3,-3.56,-3.17,-5.92,-4.96,-1.3,5.42,11.74
EMA_CROSS_LONG_ONLY,5,15,HOURS_ELAPSED,6.0,20,10000.0,9393.26,-6.07,26.75,-0.38,21.94,0.4,196,561,-2.6,-4.15,-3.6,-6.9,-6.17,-1.57,6.74,13.58
EMA_CROSS_LONG_ONLY,5,15,HOURS_ELAPSED,6.0,25,10000.0,9312.31,-6.88,29.55,-0.37,21.94,0.45,196,561,-2.79,-4.59,-3.84,-7.52,-7.22,-1.8,7.81,14.79
EMA_CROSS_LONG_ONLY,5,15,HOURS_ELAPSED,6.0,30,10000.0,9244.21,-7.56,31.62,-0.36,22.45,0.5,196,561,-2.91,-4.94,-3.95,-7.85,-8.14,-2.02,8.65,15.53
EMA_CROSS_LONG_ONLY,5,15,HOURS_ELAPSED,6.0,50,10000.0,9020.57,-9.79,35.79,-0.35,25.0,0.66,196,556,-3.17,-5.92,-3.68,-7.26,-10.85,-2.88,10.19,15.89
EMA_CROSS_LONG_ONLY,5,15,HOURS_ELAPSED,6.0,100,10000.0,8481.82,-15.18,38.65,-0.45,29.08,0.92,196,196,-4.23,-7.67,-2.17,-1.35,-14.19,-5.04,8.62,11.92
EMA_CROSS_LONG_ONLY,5,15,HOURS_ELAPSED,12.0,5,10000.0,9857.97,-1.42,6.19,-0.47,20.92,0.27,196,344,-0.52,-1.17,-0.92,-1.28,-1.18,-0.29,1.01,2.98
EMA_CROSS_LONG_ONLY,5,15,HOURS_ELAPSED,12.0,10,10000.0,9723.79,-2.76,11.39,-0.48,21.43,0.3,196,344,-0.97,-2.17,-1.7,-2.39,-2.28,-0.54,1.98,5.5
EMA_CROSS_LONG_ONLY,5,15,HOURS_ELAPSED,12.0,15,10000.0,9598.79,-4.01,15.77,-0.49,21.43,0.33,196,344,-1.34,-3.03,-2.35,-3.33,-3.32,-0.77,2.89,7.61
EMA_CROSS_LONG_ONLY,5,15,HOURS_ELAPSED,12.0,20,10000.0,9483.67,-5.16,19.47,-0.49,21.94,0.36,196,344,-1.65,-3.77,-2.87,-4.12,-4.29,-0.96,3.74,9.35
EMA_CROSS_LONG_ONLY,5,15,HOURS_ELAPSED,12.0,25,10000.0,9378.56,-6.21,22.59,-0.5,21.94,0.39,196,344,-1.92,-4.4,-3.29,-4.76,-5.21,-1.15,4.53,10.76
EMA_CROSS_LONG_ONLY,5,15,HOURS_ELAPSED,12.0,30,10000.0,9283.22,-7.17,25.23,-0.49,22.96,0.42,196,344,-2.14,-4.93,-3.61,-5.27,-6.07,-1.32,5.26,11.88
EMA_CROSS_LONG_ONLY,5,15,HOURS_ELAPSED,12.0,50,10000.0,8985.58,-10.14,32.24,-0.48,26.02,0.57,196,344,-2.76,-6.34,-4.11,-6.06,-9.07,-1.99,7.47,14.17
EMA_CROSS_LONG_ONLY,5,15,HOURS_ELAPSED,12.0,100,10000.0,8481.82,-15.18,38.65,-0.45,29.08,0.92,196,196,-4.23,-7.67,-2.17,-1.35,-14.19,-5.04,8.62,11.92
EMA_CROSS_LONG_ONLY,5,15,HOURS_ELAPSED,24.0,5,10000.0,9914.07,-0.86,3.62,-0.45,27.55,0.43,196,240,-0.41,-0.64,-0.38,-0.41,-0.83,-0.43,0.59,1.66
EMA_CROSS_LONG_ONLY,5,15,HOURS_ELAPSED,24.0,10,10000.0,9824.78,-1.75,6.97,-0.46,27.55,0.44,196,240,-0.79,-1.24,-0.74,-0.79,-1.65,-0.83,1.17,3.17
EMA_CROSS_LONG_ONLY,5,15,HOURS_ELAPSED,24.0,15,10000.0,9733.4,-2.67,10.07,-0.47,27.55,0.46,196,240,-1.15,-1.82,-1.06,-1.13,-2.46,-1.22,1.74,4.54
EMA_CROSS_LONG_ONLY,5,15,HOURS_ELAPSED,24.0,20,10000.0,9641.02,-3.59,12.93,-0.48,27.55,0.48,196,240,-1.49,-2.37,-1.36,-1.43,-3.25,-1.59,2.3,5.77
EMA_CROSS_LONG_ONLY,5,15,HOURS_ELAPSED,24.0,25,10000.0,9548.56,-4.51,15.57,-0.49,27.55,0.5,196,240,-1.81,-2.89,-1.62,-1.69,-4.02,-1.94,2.86,6.87
EMA_CROSS_LONG_ONLY,5,15,HOURS_ELAPSED,24.0,30,10000.0,9456.81,-5.43,18.02,-0.5,27.55,0.52,196,240,-2.11,-3.38,-1.85,-1.92,-4.78,-2.27,3.39,7.85
EMA_CROSS_LONG_ONLY,5,15,HOURS_ELAPSED,24.0,50,10000.0,9108.64,-8.91,26.17,-0.51,27.55,0.6,196,240,-3.11,-5.09,-2.5,-2.47,-7.7,-3.41,5.37,10.69
EMA_CROSS_LONG_ONLY,5,15,HOURS_ELAPSED,24.0,100,10000.0,8481.82,-15.18,38.65,-0.45,29.08,0.92,196,196,-4.23,-7.67,-2.17,-1.35,-14.19,-5.04,8.62,11.92
EMA_CROSS_LONG_ONLY,5,15,HOURS_ELAPSED,48.0,5,10000.0,9959.36,-0.41,2.34,-0.28,29.08,0.77,196,201,-0.2,-0.37,-0.08,-0.06,-0.77,-0.24,0.41,0.89
EMA_CROSS_LONG_ONLY,5,15,HOURS_ELAPSED,48.0,10,10000.0,9913.82,-0.86,4.64,-0.29,29.08,0.77,196,201,-0.4,-0.74,-0.16,-0.12,-1.53,-0.48,0.82,1.75
EMA_CROSS_LONG_ONLY,5,15,HOURS_ELAPSED,48.0,15,10000.0,9863.6,-1.36,6.88,-0.3,29.08,0.78,196,201,-0.6,-1.12,-0.25,-0.18,-2.28,-0.73,1.23,2.58
EMA_CROSS_LONG_ONLY,5,15,HOURS_ELAPSED,48.0,20,10000.0,9808.91,-1.91,9.09,-0.31,29.08,0.78,196,201,-0.81,-1.49,-0.34,-0.25,-3.03,-0.97,1.65,3.37
EMA_CROSS_LONG_ONLY,5,15,HOURS_ELAPSED,48.0,25,10000.0,9749.97,-2.5,11.24,-0.32,29.08,0.79,196,201,-1.01,-1.87,-0.43,-0.31,-3.77,-1.22,2.06,4.13
EMA_CROSS_LONG_ONLY,5,15,HOURS_ELAPSED,48.0,30,10000.0,9686.97,-3.13,13.36,-0.33,29.08,0.79,196,201,-1.22,-2.25,-0.53,-0.38,-4.5,-1.46,2.48,4.86
EMA_CROSS_LONG_ONLY,5,15,HOURS_ELAPSED,48.0,50,10000.0,9398.34,-6.02,21.38,-0.36,29.08,0.82,196,201,-2.06,-3.77,-0.94,-0.64,-7.38,-2.46,4.18,7.46
EMA_CROSS_LONG_ONLY,5,15,HOURS_ELAPSED,48.0,100,10000.0,8481.82,-15.18,38.65,-0.45,29.08,0.92,196,196,-4.23,-7.67,-2.17,-1.35,-14.19,-5.04,8.62,11.92
EMA_CROSS_LONG_ONLY,5,15,HOURS_ELAPSED,72.0,5,10000.0,9947.4,-0.53,2.33,-0.38,29.08,0.8,196,198,-0.2,-0.37,-0.08,-0.06,-0.75,-0.24,0.41,0.76
EMA_CROSS_LONG_ONLY,5,15,HOURS_ELAPSED,72.0,10,10000.0,9891.67,-1.08,4.61,-0.38,29.08,0.8,196,198,-0.4,-0.74,-0.16,-0.12,-1.5,-0.48,0.83,1.49
EMA_CROSS_LONG_ONLY,5,15,HOURS_ELAPSED,72.0,15,10000.0,9832.93,-1.67,6.84,-0.39,29.08,0.8,196,198,-0.6,-1.12,-0.25,-0.18,-2.25,-0.73,1.24,2.21
EMA_CROSS_LONG_ONLY,5,15,HOURS_ELAPSED,72.0,20,10000.0,9771.29,-2.29,9.03,-0.39,29.08,0.81,196,198,-0.81,-1.49,-0.34,-0.25,-2.99,-0.97,1.66,2.91
EMA_CROSS_LONG_ONLY,5,15,HOURS_ELAPSED,72.0,25,10000.0,9706.88,-2.93,11.18,-0.39,29.08,0.81,196,198,-1.01,-1.87,-0.43,-0.31,-3.72,-1.22,2.08,3.6
EMA_CROSS_LONG_ONLY,5,15,HOURS_ELAPSED,72.0,30,10000.0,9639.81,-3.6,13.29,-0.4,29.08,0.82,196,198,-1.22,-2.25,-0.53,-0.38,-4.45,-1.46,2.51,4.27
EMA_CROSS_LONG_ONLY,5,15,HOURS_ELAPSED,72.0,50,10000.0,9347.17,-6.53,21.3,-0.41,29.08,0.84,196,198,-2.06,-3.77,-0.94,-0.64,-7.32,-2.46,4.22,6.77
EMA_CROSS_LONG_ONLY,5,15,HOURS_ELAPSED,72.0,100,10000.0,8481.82,-15.18,38.65,-0.45,29.08,0.92,196,196,-4.23,-7.67,-2.17,-1.35,-14.19,-5.04,8.62,11.92
EMA_CROSS_LONG_ONLY,5,15,HOURS_ELAPSED,168.0,5,10000.0,9946.51,-0.53,2.29,-0.4,29.08,0.92,196,196,-0.2,-0.37,-0.08,-0.06,-0.75,-0.24,0.45,0.71
EMA_CROSS_LONG_ONLY,5,15,HOURS_ELAPSED,168.0,10,10000.0,9890.08,-1.1,4.53,-0.4,29.08,0.92,196,196,-0.4,-0.74,-0.16,-0.12,-1.5,-0.48,0.9,1.4
EMA_CROSS_LONG_ONLY,5,15,HOURS_ELAPSED,168.0,15,10000.0,9830.8,-1.69,6.74,-0.4,29.08,0.92,196,196,-0.6,-1.12,-0.25,-0.18,-2.25,-0.73,1.35,2.08
EMA_CROSS_LONG_ONLY,5,15,HOURS_ELAPSED,168.0,20,10000.0,9768.78,-2.31,8.91,-0.41,29.08,0.92,196,196,-0.81,-1.49,-0.34,-0.25,-2.99,-0.97,1.8,2.75
EMA_CROSS_LONG_ONLY,5,15,HOURS_ELAPSED,168.0,25,10000.0,9704.11,-2.96,11.05,-0.41,29.08,0.92,196,196,-1.01,-1.87,-0.43,-0.31,-3.72,-1.22,2.24,3.41
EMA_CROSS_LONG_ONLY,5,15,HOURS_ELAPSED,168.0,30,10000.0,9636.89,-3.63,13.14,-0.41,29.08,0.92,196,196,-1.22,-2.25,-0.53,-0.38,-4.45,-1.46,2.68,4.06
EMA_CROSS_LONG_ONLY,5,15,HOURS_ELAPSED,168.0,50,10000.0,9344.48,-6.56,21.14,-0.42,29.08,0.92,196,196,-2.06,-3.77,-0.94,-0.64,-7.32,-2.46,4.42,6.52
EMA_CROSS_LONG_ONLY,5,15,HOURS_ELAPSED,168.0,100,10000.0,8481.82,-15.18,38.65,-0.45,29.08,0.92,196,196,-4.23,-7.67,-2.17,-1.35,-14.19,-5.04,8.62,11.92
EMA_CROSS_LONG_ONLY,5,15,PRICE_FROM_START_PCT,0.5,5,10000.0,8608.84,-13.91,27.77,-1.29,15.82,0.23,196,1760,-3.31,-5.51,-4.54,-9.48,-3.55,-2.15,5.61,9.27
EMA_CROSS_LONG_ONLY,5,15,PRICE_FROM_START_PCT,0.5,10,10000.0,8331.98,-16.68,35.0,-1.14,17.35,0.33,196,1735,-3.86,-7.0,-5.44,-11.58,-5.49,-3.31,8.02,12.68
EMA_CROSS_LONG_ONLY,5,15,PRICE_FROM_START_PCT,0.5,15,10000.0,8259.72,-17.4,37.86,-1.02,17.35,0.41,196,1689,-3.89,-7.93,-5.42,-11.5,-6.84,-4.1,8.84,14.38
EMA_CROSS_LONG_ONLY,5,15,PRICE_FROM_START_PCT,0.5,20,10000.0,8245.88,-17.54,39.14,-0.93,18.37,0.47,196,1598,-3.83,-8.7,-5.09,-10.72,-7.89,-4.62,9.05,15.32
EMA_CROSS_LONG_ONLY,5,15,PRICE_FROM_START_PCT,0.5,25,10000.0,8257.29,-17.43,39.69,-0.86,19.39,0.52,196,1480,-3.77,-9.31,-4.65,-9.75,-8.76,-4.92,9.05,15.83
EMA_CROSS_LONG_ONLY,5,15,PRICE_FROM_START_PCT,0.5,30,10000.0,8282.18,-17.18,39.85,-0.79,19.9,0.57,196,1379,-3.72,-9.77,-4.19,-8.76,-9.51,-5.06,9.02,16.05
EMA_CROSS_LONG_ONLY,5,15,PRICE_FROM_START_PCT,0.5,50,10000.0,8413.4,-15.87,39.14,-0.61,23.98,0.71,196,1029,-3.68,-10.35,-2.82,-5.49,-11.7,-5.01,9.05,15.57
EMA_CROSS_LONG_ONLY,5,15,PRICE_FROM_START_PCT,0.5,100,10000.0,8481.82,-15.18,38.65,-0.45,29.08,0.92,196,196,-4.23,-7.67,-2.17,-1.35,-14.19,-5.04,8.62,11.92
EMA_CROSS_LONG_ONLY,5,15,PRICE_FROM_START_PCT,1.0,5,10000.0,8859.79,-11.4,22.43,-1.14,14.8,0.16,196,1344,-1.75,-3.83,-3.33,-9.05,-2.9,-1.5,3.89,7.21
EMA_CROSS_LONG_ONLY,5,15,PRICE_FROM_START_PCT,1.0,10,10000.0,8667.68,-13.32,28.7,-0.98,15.82,0.24,196,1329,-1.89,-4.33,-3.9,-11.71,-4.5,-2.35,6.18,9.68
EMA_CROSS_LONG_ONLY,5,15,PRICE_FROM_START_PCT,1.0,15,10000.0,8598.57,-14.01,31.66,-0.9,16.33,0.3,196,1288,-1.93,-4.71,-3.86,-12.37,-5.6,-3.06,7.34,10.89
EMA_CROSS_LONG_ONLY,5,15,PRICE_FROM_START_PCT,1.0,20,10000.0,8541.8,-14.58,33.5,-0.85,16.84,0.35,196,1230,-2.04,-5.22,-3.68,-12.27,-6.44,-3.63,7.87,11.62
EMA_CROSS_LONG_ONLY,5,15,PRICE_FROM_START_PCT,1.0,25,10000.0,8489.1,-15.11,34.76,-0.83,17.35,0.39,196,1144,-2.23,-5.77,-3.46,-11.83,-7.15,-4.08,8.09,12.08
EMA_CROSS_LONG_ONLY,5,15,PRICE_FROM_START_PCT,1.0,30,10000.0,8443.74,-15.56,35.63,-0.81,18.37,0.43,196,1052,-2.46,-6.27,-3.22,-11.23,-7.77,-4.41,8.14,12.38
EMA_CROSS_LONG_ONLY,5,15,PRICE_FROM_START_PCT,1.0,50,10000.0,8355.95,-16.44,37.08,-0.73,22.45,0.58,196,768,-3.38,-7.48,-2.49,-8.28,-9.85,-5.03,7.99,12.64
EMA_CROSS_LONG_ONLY,5,15,PRICE_FROM_START_PCT,1.0,100,10000.0,8481.82,-15.18,38.65,-0.45,29.08,0.92,196,196,-4.23,-7.67,-2.17,-1.35,-14.19,-5.04,8.62,11.92
EMA_CROSS_LONG_ONLY,5,15,PRICE_FROM_START_PCT,1.5,5,10000.0,8986.15,-10.14,19.74,-1.08,14.29,0.15,196,1086,-1.48,-3.18,-2.73,-8.17,-2.68,-1.72,2.52,7.42
EMA_CROSS_LONG_ONLY,5,15,PRICE_FROM_START_PCT,1.5,10,10000.0,8866.08,-11.34,25.08,-0.89,16.84,0.21,196,1080,-1.38,-3.14,-3.28,-10.75,-4.25,-2.53,4.44,10.04
EMA_CROSS_LONG_ONLY,5,15,PRICE_FROM_START_PCT,1.5,15,10000.0,8867.32,-11.33,27.64,-0.76,17.35,0.27,196,1039,-1.09,-3.09,-3.41,-11.59,-5.35,-3.09,5.77,11.35
EMA_CROSS_LONG_ONLY,5,15,PRICE_FROM_START_PCT,1.5,20,10000.0,8866.26,-11.34,29.43,-0.69,17.86,0.32,196,992,-0.89,-3.34,-3.48,-11.78,-6.22,-3.52,6.75,12.13
EMA_CROSS_LONG_ONLY,5,15,PRICE_FROM_START_PCT,1.5,25,10000.0,8846.74,-11.53,30.9,-0.65,18.37,0.36,196,930,-0.78,-3.78,-3.52,-11.65,-6.96,-3.84,7.49,12.63
EMA_CROSS_LONG_ONLY,5,15,PRICE_FROM_START_PCT,1.5,30,10000.0,8812.32,-11.88,32.13,-0.63,18.88,0.39,196,864,-0.77,-4.29,-3.54,-11.34,-7.62,-4.09,8.04,12.92
EMA_CROSS_LONG_ONLY,5,15,PRICE_FROM_START_PCT,1.5,50,10000.0,8637.1,-13.63,35.35,-0.62,23.98,0.53,196,627,-1.28,-6.19,-3.43,-9.21,-9.84,-4.67,9.06,13.03
EMA_CROSS_LONG_ONLY,5,15,PRICE_FROM_START_PCT,1.5,100,10000.0,8481.82,-15.18,38.65,-0.45,29.08,0.92,196,196,-4.23,-7.67,-2.17,-1.35,-14.19,-5.04,8.62,11.92
EMA_CROSS_LONG_ONLY,5,15,PRICE_FROM_START_PCT,2.0,5,10000.0,9126.1,-8.74,18.16,-0.96,17.86,0.16,196,933,-1.34,-3.09,-2.62,-7.68,-2.03,-1.37,1.92,7.66
EMA_CROSS_LONG_ONLY,5,15,PRICE_FROM_START_PCT,2.0,10,10000.0,9072.11,-9.28,22.81,-0.74,19.9,0.22,196,929,-1.14,-2.85,-3.07,-10.08,-3.48,-1.89,3.38,10.45
EMA_CROSS_LONG_ONLY,5,15,PRICE_FROM_START_PCT,2.0,15,10000.0,9145.98,-8.54,24.67,-0.57,21.43,0.28,196,888,-0.77,-2.39,-3.02,-10.84,-4.59,-2.25,4.35,11.86
EMA_CROSS_LONG_ONLY,5,15,PRICE_FROM_START_PCT,2.0,20,10000.0,9218.25,-7.82,25.84,-0.45,21.43,0.32,196,849,-0.48,-2.16,-2.88,-10.98,-5.49,-2.53,5.1,12.72
EMA_CROSS_LONG_ONLY,5,15,PRICE_FROM_START_PCT,2.0,25,10000.0,9263.47,-7.37,26.82,-0.38,21.43,0.36,196,791,-0.32,-2.16,-2.75,-10.85,-6.26,-2.76,5.72,13.25
EMA_CROSS_LONG_ONLY,5,15,PRICE_FROM_START_PCT,2.0,30,10000.0,9280.13,-7.2,27.71,-0.34,21.43,0.4,196,739,-0.27,-2.33,-2.63,-10.56,-6.94,-2.97,6.25,13.57
EMA_CROSS_LONG_ONLY,5,15,PRICE_FROM_START_PCT,2.0,50,10000.0,9162.27,-8.38,30.84,-0.33,25.51,0.54,196,541,-0.84,-3.73,-2.34,-8.55,-9.23,-3.61,7.66,13.65
EMA_CROSS_LONG_ONLY,5,15,PRICE_FROM_START_PCT,2.0,100,10000.0,8481.82,-15.18,38.65,-0.45,29.08,0.92,196,196,-4.23,-7.67,-2.17,-1.35,-14.19,-5.04,8.62,11.92
EMA_CROSS_LONG_ONLY,5,15,PRICE_FROM_START_PCT,3.0,5,10000.0,9091.7,-9.08,17.07,-1.17,17.86,0.17,196,736,-1.97,-3.72,-2.74,-6.17,-1.01,-1.94,1.35,7.28
EMA_CROSS_LONG_ONLY,5,15,PRICE_FROM_START_PCT,3.0,10,10000.0,8830.5,-11.7,22.59,-1.14,18.37,0.21,196,735,-2.59,-4.04,-3.94,-8.26,-1.98,-2.84,2.34,9.96
EMA_CROSS_LONG_ONLY,5,15,PRICE_FROM_START_PCT,3.0,15,10000.0,8746.89,-12.53,25.03,-1.07,18.88,0.25,196,696,-2.85,-3.83,-4.54,-8.83,-2.9,-3.35,2.87,11.35
EMA_CROSS_LONG_ONLY,5,15,PRICE_FROM_START_PCT,3.0,20,10000.0,8720.48,-12.8,26.48,-0.99,20.41,0.28,196,662,-2.99,-3.62,-4.84,-8.82,-3.79,-3.68,3.26,12.25
EMA_CROSS_LONG_ONLY,5,15,PRICE_FROM_START_PCT,3.0,25,10000.0,8710.94,-12.89,27.56,-0.92,20.92,0.32,196,626,-3.1,-3.52,-4.99,-8.58,-4.64,-3.9,3.62,12.86
EMA_CROSS_LONG_ONLY,5,15,PRICE_FROM_START_PCT,3.0,30,10000.0,8704.03,-12.96,28.47,-0.86,21.94,0.35,196,589,-3.19,-3.52,-5.03,-8.25,-5.45,-4.06,3.96,13.27
EMA_CROSS_LONG_ONLY,5,15,PRICE_FROM_START_PCT,3.0,50,10000.0,8654.76,-13.45,31.53,-0.71,25.0,0.49,196,456,-3.5,-4.22,-4.61,-6.56,-8.39,-4.36,5.3,13.67
EMA_CROSS_LONG_ONLY,5,15,PRICE_FROM_START_PCT,3.0,100,10000.0,8481.82,-15.18,38.65,-0.45,29.08,0.92,196,196,-4.23,-7.67,-2.17,-1.35,-14.19,-5.04,8.62,11.92
EMA_CROSS_LONG_ONLY,5,15,PRICE_FROM_START_PCT,5.0,5,10000.0,9837.7,-1.62,10.99,-0.19,21.94,0.31,196,521,-1.37,-3.92,-0.21,-1.99,-0.75,-1.88,1.59,7.28
EMA_CROSS_LONG_ONLY,5,15,PRICE_FROM_START_PCT,5.0,10,10000.0,9766.19,-2.34,15.44,-0.21,22.96,0.35,196,521,-1.74,-5.02,-0.26,-2.92,-1.5,-2.9,2.74,9.96
EMA_CROSS_LONG_ONLY,5,15,PRICE_FROM_START_PCT,5.0,15,10000.0,9703.12,-2.97,18.0,-0.23,22.96,0.38,196,484,-1.9,-5.33,-0.44,-3.38,-2.25,-3.49,3.34,11.35
EMA_CROSS_LONG_ONLY,5,15,PRICE_FROM_START_PCT,5.0,20,10000.0,9632.78,-3.67,19.94,-0.27,22.96,0.41,196,458,-2.02,-5.44,-0.72,-3.63,-2.99,-3.85,3.71,12.25
EMA_CROSS_LONG_ONLY,5,15,PRICE_FROM_START_PCT,5.0,25,10000.0,9554.4,-4.46,21.63,-0.3,25.0,0.44,196,433,-2.13,-5.5,-1.06,-3.77,-3.72,-4.09,4.01,12.86
EMA_CROSS_LONG_ONLY,5,15,PRICE_FROM_START_PCT,5.0,30,10000.0,9470.97,-5.29,23.16,-0.34,25.51,0.47,196,405,-2.25,-5.57,-1.41,-3.83,-4.45,-4.24,4.3,13.27
EMA_CROSS_LONG_ONLY,5,15,PRICE_FROM_START_PCT,5.0,50,10000.0,9131.93,-8.68,28.34,-0.44,27.55,0.59,196,327,-2.75,-5.97,-2.49,-3.63,-7.32,-4.54,5.5,13.67
EMA_CROSS_LONG_ONLY,5,15,PRICE_FROM_START_PCT,5.0,100,10000.0,8481.82,-15.18,38.65,-0.45,29.08,0.92,196,196,-4.23,-7.67,-2.17,-1.35,-14.19,-5.04,8.62,11.92
EMA_CROSS_LONG_ONLY,5,15,PRICE_FROM_START_PCT,7.0,5,10000.0,10115.97,1.16,6.75,0.25,27.04,0.5,196,374,-0.69,-3.09,-0.42,-0.06,-0.75,-0.41,-0.41,7.28
EMA_CROSS_LONG_ONLY,5,15,PRICE_FROM_START_PCT,7.0,10,10000.0,10134.4,1.34,9.87,0.24,27.04,0.53,196,374,-1.24,-3.99,-0.43,-0.12,-1.5,-0.81,0.01,9.96
EMA_CROSS_LONG_ONLY,5,15,PRICE_FROM_START_PCT,7.0,15,10000.0,10133.63,1.34,11.99,0.22,27.04,0.56,196,354,-1.68,-4.26,-0.32,-0.18,-2.25,-1.19,0.54,11.35
EMA_CROSS_LONG_ONLY,5,15,PRICE_FROM_START_PCT,7.0,20,10000.0,10117.06,1.17,13.79,0.2,27.55,0.59,196,333,-2.03,-4.38,-0.19,-0.25,-2.99,-1.54,1.09,12.25
EMA_CROSS_LONG_ONLY,5,15,PRICE_FROM_START_PCT,7.0,25,10000.0,10081.82,0.82,15.49,0.16,27.55,0.61,196,319,-2.31,-4.45,-0.1,-0.31,-3.72,-1.89,1.64,12.86
EMA_CROSS_LONG_ONLY,5,15,PRICE_FROM_START_PCT,7.0,30,10000.0,10028.75,0.29,17.14,0.11,28.06,0.63,196,308,-2.54,-4.54,-0.05,-0.38,-4.45,-2.21,2.17,13.27
EMA_CROSS_LONG_ONLY,5,15,PRICE_FROM_START_PCT,7.0,50,10000.0,9682.91,-3.17,23.62,-0.1,29.08,0.72,196,260,-3.12,-5.07,-0.29,-0.64,-7.32,-3.34,4.18,13.67
EMA_CROSS_LONG_ONLY,5,15,PRICE_FROM_START_PCT,7.0,100,10000.0,8481.82,-15.18,38.65,-0.45,29.08,0.92,196,196,-4.23,-7.67,-2.17,-1.35,-14.19,-5.04,8.62,11.92
EMA_CROSS_LONG_ONLY,5,15,PRICE_FROM_START_PCT,10.0,5,10000.0,9989.01,-0.11,6.09,0.02,27.55,0.58,196,300,-0.2,-3.13,-0.62,-0.06,-0.75,-0.24,-0.17,5.23
EMA_CROSS_LONG_ONLY,5,15,PRICE_FROM_START_PCT,10.0,10,10000.0,9892.9,-1.07,9.46,-0.12,28.06,0.6,196,300,-0.4,-4.25,-1.05,-0.12,-1.5,-0.48,0.09,6.95
EMA_CROSS_LONG_ONLY,5,15,PRICE_FROM_START_PCT,10.0,15,10000.0,9801.88,-1.98,11.83,-0.22,28.57,0.61,196,285,-0.6,-4.71,-1.36,-0.18,-2.25,-0.73,0.55,7.65
EMA_CROSS_LONG_ONLY,5,15,PRICE_FROM_START_PCT,10.0,20,10000.0,9722.2,-2.78,13.81,-0.29,28.57,0.63,196,274,-0.81,-4.96,-1.57,-0.25,-2.99,-0.97,1.09,8.07
EMA_CROSS_LONG_ONLY,5,15,PRICE_FROM_START_PCT,10.0,25,10000.0,9648.67,-3.51,15.61,-0.33,28.57,0.65,196,267,-1.01,-5.14,-1.71,-0.31,-3.72,-1.22,1.65,8.38
EMA_CROSS_LONG_ONLY,5,15,PRICE_FROM_START_PCT,10.0,30,10000.0,9577.72,-4.22,17.32,-0.36,28.57,0.66,196,261,-1.22,-5.3,-1.8,-0.38,-4.45,-1.46,2.2,8.64
EMA_CROSS_LONG_ONLY,5,15,PRICE_FROM_START_PCT,10.0,50,10000.0,9290.77,-7.09,23.81,-0.41,29.08,0.73,196,237,-2.06,-5.89,-1.94,-0.64,-7.32,-2.46,4.23,9.61
EMA_CROSS_LONG_ONLY,5,15,PRICE_FROM_START_PCT,10.0,100,10000.0,8481.82,-15.18,38.65,-0.45,29.08,0.92,196,196,-4.23,-7.67,-2.17,-1.35,-14.19,-5.04,8.62,11.92
EMA_CROSS_LONG_ONLY,5,15,PRICE_FROM_LAST_PCT,0.5,5,10000.0,9410.21,-5.9,14.59,-0.98,16.33,0.23,196,658,-1.21,-3.38,-2.54,-3.41,-2.13,-1.28,2.88,5.29
EMA_CROSS_LONG_ONLY,5,15,PRICE_FROM_LAST_PCT,0.5,10,10000.0,9034.91,-9.65,23.27,-0.98,18.37,0.28,196,658,-1.98,-5.36,-3.93,-5.58,-3.89,-2.22,4.87,8.84
EMA_CROSS_LONG_ONLY,5,15,PRICE_FROM_LAST_PCT,0.5,15,10000.0,8791.82,-12.08,28.73,-0.95,18.88,0.34,196,658,-2.48,-6.6,-4.62,-6.9,-5.38,-2.94,6.25,11.23
EMA_CROSS_LONG_ONLY,5,15,PRICE_FROM_LAST_PCT,0.5,20,10000.0,8634.98,-13.65,32.29,-0.91,18.88,0.39,196,658,-2.8,-7.44,-4.9,-7.59,-6.64,-3.49,7.23,12.83
EMA_CROSS_LONG_ONLY,5,15,PRICE_FROM_LAST_PCT,0.5,25,10000.0,8535.76,-14.64,34.67,-0.87,18.88,0.44,196,658,-3.02,-8.05,-4.93,-7.85,-7.71,-3.92,7.93,13.92
EMA_CROSS_LONG_ONLY,5,15,PRICE_FROM_LAST_PCT,0.5,30,10000.0,8475.42,-15.25,36.28,-0.82,19.9,0.49,196,657,-3.18,-8.51,-4.82,-7.81,-8.63,-4.25,8.44,14.65
EMA_CROSS_LONG_ONLY,5,15,PRICE_FROM_LAST_PCT,0.5,50,10000.0,8424.64,-15.75,38.69,-0.65,25.0,0.66,196,635,-3.58,-9.49,-3.83,-6.05,-11.27,-4.86,9.34,15.37
EMA_CROSS_LONG_ONLY,5,15,PRICE_FROM_LAST_PCT,0.5,100,10000.0,8481.82,-15.18,38.65,-0.45,29.08,0.92,196,196,-4.23,-7.67,-2.17,-1.35,-14.19,-5.04,8.62,11.92
EMA_CROSS_LONG_ONLY,5,15,PRICE_FROM_LAST_PCT,1.0,5,10000.0,9624.61,-3.75,8.78,-0.9,18.37,0.24,196,420,-0.62,-1.86,-1.43,-1.78,-1.29,-0.83,1.53,2.52
EMA_CROSS_LONG_ONLY,5,15,PRICE_FROM_LAST_PCT,1.0,10,10000.0,9352.79,-6.47,15.11,-0.88,18.37,0.27,196,420,-1.07,-3.14,-2.32,-3.21,-2.47,-1.51,2.76,4.52
EMA_CROSS_LONG_ONLY,5,15,PRICE_FROM_LAST_PCT,1.0,15,10000.0,9149.34,-8.51,19.79,-0.86,18.88,0.3,196,420,-1.41,-4.04,-2.84,-4.34,-3.55,-2.07,3.73,6.1
EMA_CROSS_LONG_ONLY,5,15,PRICE_FROM_LAST_PCT,1.0,20,10000.0,8992.48,-10.08,23.35,-0.83,18.88,0.34,196,420,-1.68,-4.68,-3.11,-5.21,-4.54,-2.54,4.49,7.34
EMA_CROSS_LONG_ONLY,5,15,PRICE_FROM_LAST_PCT,1.0,25,10000.0,8868.38,-11.32,26.11,-0.81,20.92,0.38,196,420,-1.92,-5.16,-3.21,-5.84,-5.46,-2.95,5.1,8.31
EMA_CROSS_LONG_ONLY,5,15,PRICE_FROM_LAST_PCT,1.0,30,10000.0,8768.18,-12.32,28.3,-0.79,21.94,0.41,196,420,-2.13,-5.53,-3.21,-6.27,-6.3,-3.29,5.57,9.09
EMA_CROSS_LONG_ONLY,5,15,PRICE_FROM_LAST_PCT,1.0,50,10000.0,8517.99,-14.82,33.64,-0.71,23.98,0.57,196,418,-2.94,-6.56,-2.84,-6.42,-9.16,-4.27,6.76,10.99
EMA_CROSS_LONG_ONLY,5,15,PRICE_FROM_LAST_PCT,1.0,100,10000.0,8481.82,-15.18,38.65,-0.45,29.08,0.92,196,196,-4.23,-7.67,-2.17,-1.35,-14.19,-5.04,8.62,11.92
EMA_CROSS_LONG_ONLY,5,15,PRICE_FROM_LAST_PCT,1.5,5,10000.0,9704.02,-2.96,6.76,-0.97,20.41,0.24,196,321,-0.44,-1.07,-1.09,-1.49,-1.06,-1.0,1.04,2.12
EMA_CROSS_LONG_ONLY,5,15,PRICE_FROM_LAST_PCT,1.5,10,10000.0,9461.37,-5.39,12.25,-0.95,20.92,0.27,196,321,-0.79,-1.96,-1.93,-2.77,-2.08,-1.81,2.0,3.95
EMA_CROSS_LONG_ONLY,5,15,PRICE_FROM_LAST_PCT,1.5,15,10000.0,9261.31,-7.39,16.76,-0.93,20.92,0.29,196,321,-1.08,-2.72,-2.58,-3.84,-3.05,-2.48,2.89,5.5
EMA_CROSS_LONG_ONLY,5,15,PRICE_FROM_LAST_PCT,1.5,20,10000.0,9095.83,-9.04,20.48,-0.91,20.92,0.32,196,321,-1.3,-3.38,-3.06,-4.73,-3.98,-3.02,3.7,6.8
EMA_CROSS_LONG_ONLY,5,15,PRICE_FROM_LAST_PCT,1.5,25,10000.0,8958.86,-10.41,23.56,-0.89,21.43,0.35,196,321,-1.49,-3.95,-3.4,-5.44,-4.88,-3.45,4.45,7.88
EMA_CROSS_LONG_ONLY,5,15,PRICE_FROM_LAST_PCT,1.5,30,10000.0,8845.71,-11.54,26.13,-0.87,21.94,0.38,196,321,-1.64,-4.46,-3.62,-5.99,-5.73,-3.8,5.12,8.77
EMA_CROSS_LONG_ONLY,5,15,PRICE_FROM_LAST_PCT,1.5,50,10000.0,8567.38,-14.33,32.85,-0.75,25.0,0.52,196,321,-2.08,-6.06,-3.76,-6.77,-8.79,-4.6,7.2,10.96
EMA_CROSS_LONG_ONLY,5,15,PRICE_FROM_LAST_PCT,1.5,100,10000.0,8481.82,-15.18,38.65,-0.45,29.08,0.92,196,196,-4.23,-7.67,-2.17,-1.35,-14.19,-5.04,8.62,11.92
EMA_CROSS_LONG_ONLY,5,15,PRICE_FROM_LAST_PCT,2.0,5,10000.0,9862.63,-1.37,4.55,-0.55,25.0,0.3,196,263,-0.17,-0.64,-0.37,-1.06,-0.95,-0.63,0.78,1.66
EMA_CROSS_LONG_ONLY,5,15,PRICE_FROM_LAST_PCT,2.0,10,10000.0,9743.89,-2.56,8.54,-0.53,25.0,0.33,196,263,-0.33,-1.22,-0.69,-1.99,-1.87,-1.19,1.54,3.2
EMA_CROSS_LONG_ONLY,5,15,PRICE_FROM_LAST_PCT,2.0,15,10000.0,9639.67,-3.6,12.06,-0.51,25.0,0.35,196,263,-0.49,-1.73,-0.98,-2.8,-2.76,-1.67,2.27,4.62
EMA_CROSS_LONG_ONLY,5,15,PRICE_FROM_LAST_PCT,2.0,20,10000.0,9546.79,-4.53,15.16,-0.49,25.51,0.37,196,263,-0.65,-2.18,-1.23,-3.48,-3.63,-2.08,2.97,5.91
EMA_CROSS_LONG_ONLY,5,15,PRICE_FROM_LAST_PCT,2.0,25,10000.0,9462.74,-5.37,17.92,-0.48,25.51,0.4,196,263,-0.8,-2.6,-1.44,-4.06,-4.46,-2.45,3.63,7.06
EMA_CROSS_LONG_ONLY,5,15,PRICE_FROM_LAST_PCT,2.0,30,10000.0,9385.55,-6.14,20.36,-0.46,25.51,0.43,196,263,-0.96,-2.98,-1.63,-4.52,-5.27,-2.76,4.26,8.08
EMA_CROSS_LONG_ONLY,5,15,PRICE_FROM_LAST_PCT,2.0,50,10000.0,9118.4,-8.82,27.78,-0.43,27.04,0.55,196,263,-1.64,-4.32,-2.09,-5.36,-8.26,-3.66,6.37,10.91
EMA_CROSS_LONG_ONLY,5,15,PRICE_FROM_LAST_PCT,2.0,100,10000.0,8481.82,-15.18,38.65,-0.45,29.08,0.92,196,196,-4.23,-7.67,-2.17,-1.35,-14.19,-5.04,8.62,11.92
EMA_CROSS_LONG_ONLY,5,15,PRICE_FROM_LAST_PCT,3.0,5,10000.0,9850.1,-1.5,4.16,-0.68,25.51,0.34,196,236,-0.34,-0.65,-0.55,-0.69,-0.93,-0.41,0.39,1.68
EMA_CROSS_LONG_ONLY,5,15,PRICE_FROM_LAST_PCT,3.0,10,10000.0,9714.39,-2.86,7.91,-0.67,26.02,0.36,196,236,-0.67,-1.22,-1.04,-1.31,-1.83,-0.81,0.8,3.25
EMA_CROSS_LONG_ONLY,5,15,PRICE_FROM_LAST_PCT,3.0,15,10000.0,9590.2,-4.1,11.29,-0.66,26.53,0.38,196,236,-0.98,-1.73,-1.48,-1.87,-2.7,-1.19,1.22,4.69
EMA_CROSS_LONG_ONLY,5,15,PRICE_FROM_LAST_PCT,3.0,20,10000.0,9475.59,-5.24,14.35,-0.66,26.53,0.4,196,236,-1.28,-2.17,-1.87,-2.35,-3.55,-1.54,1.66,5.99
EMA_CROSS_LONG_ONLY,5,15,PRICE_FROM_LAST_PCT,3.0,25,10000.0,9369.19,-6.31,17.12,-0.65,26.53,0.42,196,236,-1.56,-2.58,-2.2,-2.77,-4.38,-1.89,2.1,7.16
EMA_CROSS_LONG_ONLY,5,15,PRICE_FROM_LAST_PCT,3.0,30,10000.0,9270.04,-7.3,19.64,-0.64,26.53,0.45,196,236,-1.83,-2.95,-2.49,-3.12,-5.18,-2.21,2.56,8.19
EMA_CROSS_LONG_ONLY,5,15,PRICE_FROM_LAST_PCT,3.0,50,10000.0,8935.31,-10.65,27.67,-0.61,27.55,0.56,196,236,-2.77,-4.24,-3.17,-3.88,-8.17,-3.33,4.42,11.05
EMA_CROSS_LONG_ONLY,5,15,PRICE_FROM_LAST_PCT,3.0,100,10000.0,8481.82,-15.18,38.65,-0.45,29.08,0.92,196,196,-4.23,-7.67,-2.17,-1.35,-14.19,-5.04,8.62,11.92
EMA_CROSS_LONG_ONLY,5,15,PRICE_FROM_LAST_PCT,5.0,5,10000.0,9915.09,-0.85,3.66,-0.44,26.53,0.49,196,217,-0.27,-0.76,-0.43,-0.41,-0.75,-0.43,0.47,1.74
EMA_CROSS_LONG_ONLY,5,15,PRICE_FROM_LAST_PCT,5.0,10,10000.0,9827.66,-1.72,7.02,-0.45,26.53,0.5,196,217,-0.52,-1.46,-0.82,-0.78,-1.5,-0.85,0.95,3.31
EMA_CROSS_LONG_ONLY,5,15,PRICE_FROM_LAST_PCT,5.0,15,10000.0,9738.85,-2.61,10.13,-0.46,27.04,0.52,196,217,-0.78,-2.1,-1.18,-1.11,-2.25,-1.24,1.42,4.73
EMA_CROSS_LONG_ONLY,5,15,PRICE_FROM_LAST_PCT,5.0,20,10000.0,9649.63,-3.5,13.0,-0.47,27.04,0.53,196,217,-1.03,-2.68,-1.51,-1.41,-2.99,-1.61,1.9,6.0
EMA_CROSS_LONG_ONLY,5,15,PRICE_FROM_LAST_PCT,5.0,25,10000.0,9560.75,-4.39,15.66,-0.47,27.04,0.55,196,217,-1.27,-3.21,-1.8,-1.67,-3.72,-1.96,2.37,7.13
EMA_CROSS_LONG_ONLY,5,15,PRICE_FROM_LAST_PCT,5.0,30,10000.0,9472.83,-5.27,18.11,-0.48,27.04,0.56,196,217,-1.5,-3.7,-2.06,-1.89,-4.45,-2.3,2.85,8.13
EMA_CROSS_LONG_ONLY,5,15,PRICE_FROM_LAST_PCT,5.0,50,10000.0,9139.17,-8.61,26.24,-0.49,27.55,0.64,196,217,-2.39,-5.25,-2.75,-2.43,-7.32,-3.44,4.7,10.95
EMA_CROSS_LONG_ONLY,5,15,PRICE_FROM_LAST_PCT,5.0,100,10000.0,8481.82,-15.18,38.65,-0.45,29.08,0.92,196,196,-4.23,-7.67,-2.17,-1.35,-14.19,-5.04,8.62,11.92
EMA_CROSS_LONG_ONLY,5,15,PRICE_FROM_LAST_PCT,7.0,5,10000.0,10030.97,0.31,2.58,0.19,28.57,0.67,196,205,-0.29,-0.45,0.02,-0.06,-0.75,-0.41,0.45,1.81
EMA_CROSS_LONG_ONLY,5,15,PRICE_FROM_LAST_PCT,7.0,10,10000.0,10042.43,0.42,5.07,0.15,28.57,0.68,196,205,-0.57,-0.89,0.02,-0.12,-1.5,-0.81,0.9,3.44
EMA_CROSS_LONG_ONLY,5,15,PRICE_FROM_LAST_PCT,7.0,15,10000.0,10036.2,0.36,7.49,0.11,28.57,0.69,196,205,-0.84,-1.33,0.01,-0.18,-2.25,-1.19,1.34,4.91
EMA_CROSS_LONG_ONLY,5,15,PRICE_FROM_LAST_PCT,7.0,20,10000.0,10013.94,0.14,9.83,0.07,29.08,0.7,196,205,-1.1,-1.75,-0.02,-0.25,-2.99,-1.54,1.79,6.21
EMA_CROSS_LONG_ONLY,5,15,PRICE_FROM_LAST_PCT,7.0,25,10000.0,9977.23,-0.23,12.09,0.03,29.08,0.71,196,205,-1.36,-2.17,-0.05,-0.31,-3.72,-1.89,2.23,7.36
EMA_CROSS_LONG_ONLY,5,15,PRICE_FROM_LAST_PCT,7.0,30,10000.0,9927.53,-0.72,14.28,-0.01,29.08,0.72,196,205,-1.6,-2.58,-0.11,-0.38,-4.45,-2.21,2.67,8.37
EMA_CROSS_LONG_ONLY,5,15,PRICE_FROM_LAST_PCT,7.0,50,10000.0,9624.77,-3.75,22.37,-0.16,29.08,0.77,196,205,-2.51,-4.16,-0.45,-0.64,-7.32,-3.34,4.4,11.15
EMA_CROSS_LONG_ONLY,5,15,PRICE_FROM_LAST_PCT,7.0,100,10000.0,8481.82,-15.18,38.65,-0.45,29.08,0.92,196,196,-4.23,-7.67,-2.17,-1.35,-14.19,-5.04,8.62,11.92
EMA_CROSS_LONG_ONLY,5,15,PRICE_FROM_LAST_PCT,10.0,5,10000.0,9922.81,-0.77,2.62,-0.51,29.08,0.69,196,201,-0.2,-0.58,-0.19,-0.06,-0.75,-0.24,0.44,0.81
EMA_CROSS_LONG_ONLY,5,15,PRICE_FROM_LAST_PCT,10.0,10,10000.0,9847.1,-1.53,5.14,-0.51,29.08,0.7,196,201,-0.4,-1.14,-0.36,-0.12,-1.5,-0.48,0.87,1.6
EMA_CROSS_LONG_ONLY,5,15,PRICE_FROM_LAST_PCT,10.0,15,10000.0,9772.55,-2.27,7.58,-0.5,29.08,0.7,196,201,-0.6,-1.68,-0.53,-0.18,-2.25,-0.73,1.31,2.39
EMA_CROSS_LONG_ONLY,5,15,PRICE_FROM_LAST_PCT,10.0,20,10000.0,9698.91,-3.01,9.93,-0.49,29.08,0.71,196,201,-0.81,-2.2,-0.69,-0.25,-2.99,-0.97,1.74,3.17
EMA_CROSS_LONG_ONLY,5,15,PRICE_FROM_LAST_PCT,10.0,25,10000.0,9625.93,-3.74,12.21,-0.49,29.08,0.72,196,201,-1.01,-2.69,-0.84,-0.31,-3.72,-1.22,2.18,3.93
EMA_CROSS_LONG_ONLY,5,15,PRICE_FROM_LAST_PCT,10.0,30,10000.0,9553.36,-4.47,14.41,-0.48,29.08,0.73,196,201,-1.22,-3.16,-0.98,-0.38,-4.45,-1.46,2.61,4.68
EMA_CROSS_LONG_ONLY,5,15,PRICE_FROM_LAST_PCT,10.0,50,10000.0,9263.07,-7.37,22.49,-0.46,29.08,0.77,196,201,-2.06,-4.83,-1.47,-0.64,-7.32,-2.46,4.34,7.43
EMA_CROSS_LONG_ONLY,5,15,PRICE_FROM_LAST_PCT,10.0,100,10000.0,8481.82,-15.18,38.65,-0.45,29.08,0.92,196,196,-4.23,-7.67,-2.17,-1.35,-14.19,-5.04,8.62,11.92
EMA_CROSS_LONG_ONLY,5,15,PROFIT_FROM_START_PCT,0.5,5,10000.0,8995.45,-10.05,21.04,-1.11,11.73,0.13,196,1012,-2.08,-4.41,-2.43,-8.09,-2.42,-1.64,3.1,8.17
EMA_CROSS_LONG_ONLY,5,15,PROFIT_FROM_START_PCT,0.5,10,10000.0,8737.38,-12.63,28.21,-0.99,14.8,0.21,196,1052,-2.55,-5.14,-3.29,-11.07,-4.2,-2.4,5.52,11.16
EMA_CROSS_LONG_ONLY,5,15,PROFIT_FROM_START_PCT,0.5,15,10000.0,8654.93,-13.45,31.98,-0.88,15.31,0.27,196,1050,-2.61,-5.52,-3.83,-11.84,-5.47,-3.19,7.36,12.63
EMA_CROSS_LONG_ONLY,5,15,PROFIT_FROM_START_PCT,0.5,20,10000.0,8653.69,-13.46,34.24,-0.78,15.31,0.33,196,1044,-2.29,-5.87,-4.09,-12.05,-6.49,-3.62,8.67,13.54
EMA_CROSS_LONG_ONLY,5,15,PROFIT_FROM_START_PCT,0.5,25,10000.0,8615.68,-13.84,35.76,-0.73,16.33,0.37,196,1015,-2.37,-6.29,-4.1,-11.77,-7.22,-4.14,9.3,14.13
EMA_CROSS_LONG_ONLY,5,15,PROFIT_FROM_START_PCT,0.5,30,10000.0,8591.27,-14.09,36.83,-0.7,17.86,0.42,196,967,-2.5,-6.67,-4.03,-11.29,-7.98,-4.54,9.89,14.5
EMA_CROSS_LONG_ONLY,5,15,PROFIT_FROM_START_PCT,0.5,50,10000.0,8535.38,-14.65,38.07,-0.6,22.96,0.57,196,776,-3.03,-7.86,-3.52,-8.19,-10.15,-4.98,9.72,14.74
EMA_CROSS_LONG_ONLY,5,15,PROFIT_FROM_START_PCT,0.5,100,10000.0,8481.82,-15.18,38.65,-0.45,29.08,0.92,196,196,-4.23,-7.67,-2.17,-1.35,-14.19,-5.04,8.62,11.92
EMA_CROSS_LONG_ONLY,5,15,PROFIT_FROM_START_PCT,1.0,5,10000.0,9323.11,-6.77,16.22,-0.84,12.76,0.12,196,730,-1.62,-3.97,-1.27,-5.62,-1.63,-1.83,1.85,7.59
EMA_CROSS_LONG_ONLY,5,15,PROFIT_FROM_START_PCT,1.0,10,10000.0,9037.94,-9.62,22.91,-0.86,16.33,0.17,196,763,-2.0,-4.77,-1.66,-8.43,-3.01,-2.78,3.31,10.24
EMA_CROSS_LONG_ONLY,5,15,PROFIT_FROM_START_PCT,1.0,15,10000.0,8902.16,-10.98,26.49,-0.81,16.84,0.22,196,758,-1.98,-4.82,-2.18,-9.69,-4.25,-3.27,4.47,11.38
EMA_CROSS_LONG_ONLY,5,15,PROFIT_FROM_START_PCT,1.0,20,10000.0,8842.76,-11.57,29.04,-0.75,16.84,0.28,196,768,-1.97,-4.72,-2.46,-10.47,-5.52,-3.54,5.82,12.13
EMA_CROSS_LONG_ONLY,5,15,PROFIT_FROM_START_PCT,1.0,25,10000.0,8842.27,-11.58,30.46,-0.68,17.35,0.32,196,741,-2.04,-4.46,-3.06,-10.42,-6.41,-3.53,6.72,12.58
EMA_CROSS_LONG_ONLY,5,15,PROFIT_FROM_START_PCT,1.0,30,10000.0,8770.4,-12.3,32.01,-0.67,18.37,0.36,196,708,-2.07,-5.23,-3.1,-10.16,-7.25,-3.59,7.22,12.84
EMA_CROSS_LONG_ONLY,5,15,PROFIT_FROM_START_PCT,1.0,50,10000.0,8597.77,-14.02,35.34,-0.62,23.47,0.53,196,607,-2.67,-6.45,-2.43,-8.67,-9.68,-4.39,8.34,12.86
EMA_CROSS_LONG_ONLY,5,15,PROFIT_FROM_START_PCT,1.0,100,10000.0,8481.82,-15.18,38.65,-0.45,29.08,0.92,196,196,-4.23,-7.67,-2.17,-1.35,-14.19,-5.04,8.62,11.92
EMA_CROSS_LONG_ONLY,5,15,PROFIT_FROM_START_PCT,1.5,5,10000.0,9615.53,-3.84,13.45,-0.51,15.31,0.13,196,563,-1.25,-3.65,-1.5,-3.86,-1.19,-1.54,1.91,7.58
EMA_CROSS_LONG_ONLY,5,15,PROFIT_FROM_START_PCT,1.5,10,10000.0,9214.2,-7.86,20.7,-0.78,15.31,0.17,196,589,-1.73,-4.66,-2.15,-6.74,-2.42,-2.74,2.84,10.29
EMA_CROSS_LONG_ONLY,5,15,PROFIT_FROM_START_PCT,1.5,15,10000.0,8969.06,-10.31,24.99,-0.85,18.88,0.21,196,583,-1.8,-5.06,-2.13,-8.72,-3.5,-3.77,3.72,11.63
EMA_CROSS_LONG_ONLY,5,15,PROFIT_FROM_START_PCT,1.5,20,10000.0,8810.25,-11.9,28.13,-0.87,19.39,0.26,196,593,-1.77,-5.16,-2.63,-9.92,-4.7,-4.18,4.82,12.43
EMA_CROSS_LONG_ONLY,5,15,PROFIT_FROM_START_PCT,1.5,25,10000.0,8798.4,-12.02,29.9,-0.78,19.39,0.31,196,603,-1.62,-5.08,-2.99,-10.24,-5.64,-4.44,5.97,12.92
EMA_CROSS_LONG_ONLY,5,15,PROFIT_FROM_START_PCT,1.5,30,10000.0,8762.98,-12.37,31.2,-0.74,19.39,0.35,196,598,-1.58,-5.01,-3.15,-10.12,-6.47,-4.85,6.56,13.19
EMA_CROSS_LONG_ONLY,5,15,PROFIT_FROM_START_PCT,1.5,50,10000.0,8760.16,-12.4,34.26,-0.56,23.47,0.51,196,513,-1.27,-5.47,-3.07,-8.86,-9.54,-4.7,8.47,13.2
EMA_CROSS_LONG_ONLY,5,15,PROFIT_FROM_START_PCT,1.5,100,10000.0,8481.82,-15.18,38.65,-0.45,29.08,0.92,196,196,-4.23,-7.67,-2.17,-1.35,-14.19,-5.04,8.62,11.92
EMA_CROSS_LONG_ONLY,5,15,PROFIT_FROM_START_PCT,2.0,5,10000.0,9856.01,-1.44,10.21,-0.18,19.39,0.17,196,455,-0.9,-2.96,-1.27,-2.36,-0.94,-1.24,1.26,7.28
EMA_CROSS_LONG_ONLY,5,15,PROFIT_FROM_START_PCT,2.0,10,10000.0,9653.17,-3.47,16.36,-0.34,19.39,0.21,196,485,-1.52,-4.08,-1.84,-4.41,-1.85,-2.12,2.56,10.45
EMA_CROSS_LONG_ONLY,5,15,PROFIT_FROM_START_PCT,2.0,15,10000.0,9399.91,-6.0,20.75,-0.51,19.39,0.24,196,472,-1.86,-4.3,-2.61,-5.99,-2.73,-2.82,3.27,11.86
EMA_CROSS_LONG_ONLY,5,15,PROFIT_FROM_START_PCT,2.0,20,10000.0,9212.38,-7.88,24.09,-0.59,20.92,0.28,196,477,-1.94,-4.59,-2.94,-7.32,-3.59,-3.39,4.11,12.72
EMA_CROSS_LONG_ONLY,5,15,PROFIT_FROM_START_PCT,2.0,25,10000.0,9093.21,-9.07,26.15,-0.61,20.92,0.31,196,485,-2.07,-4.61,-3.13,-7.99,-4.43,-3.74,4.63,13.25
EMA_CROSS_LONG_ONLY,5,15,PROFIT_FROM_START_PCT,2.0,30,10000.0,9068.35,-9.32,27.56,-0.57,21.94,0.35,196,488,-2.07,-4.52,-3.21,-8.37,-5.23,-3.84,5.45,13.57
EMA_CROSS_LONG_ONLY,5,15,PROFIT_FROM_START_PCT,2.0,50,10000.0,8972.91,-10.27,31.07,-0.46,25.51,0.51,196,446,-2.1,-4.28,-3.41,-7.62,-8.51,-3.93,7.08,13.65
EMA_CROSS_LONG_ONLY,5,15,PROFIT_FROM_START_PCT,2.0,100,10000.0,8481.82,-15.18,38.65,-0.45,29.08,0.92,196,196,-4.23,-7.67,-2.17,-1.35,-14.19,-5.04,8.62,11.92
EMA_CROSS_LONG_ONLY,5,15,PROFIT_FROM_START_PCT,3.0,5,10000.0,10051.28,0.51,6.87,0.14,22.45,0.22,196,334,-0.64,-1.8,-0.95,-1.22,-0.93,-0.66,0.24,6.7
EMA_CROSS_LONG_ONLY,5,15,PROFIT_FROM_START_PCT,3.0,10,10000.0,9813.25,-1.87,12.32,-0.2,22.45,0.24,196,349,-1.18,-3.14,-1.73,-2.33,-1.83,-1.26,0.68,9.4
EMA_CROSS_LONG_ONLY,5,15,PROFIT_FROM_START_PCT,3.0,15,10000.0,9526.81,-4.73,16.91,-0.48,22.45,0.27,196,354,-1.72,-4.02,-2.38,-3.38,-2.7,-2.05,1.4,10.74
EMA_CROSS_LONG_ONLY,5,15,PROFIT_FROM_START_PCT,3.0,20,10000.0,9426.38,-5.74,19.78,-0.49,23.47,0.3,196,360,-2.08,-3.81,-2.95,-4.08,-3.55,-2.76,2.06,12.25
EMA_CROSS_LONG_ONLY,5,15,PROFIT_FROM_START_PCT,3.0,25,10000.0,9233.63,-7.66,22.67,-0.6,23.98,0.33,196,357,-2.51,-3.85,-3.26,-5.18,-4.38,-3.18,2.69,12.86
EMA_CROSS_LONG_ONLY,5,15,PROFIT_FROM_START_PCT,3.0,30,10000.0,9111.4,-8.89,24.94,-0.63,23.98,0.37,196,358,-2.74,-4.06,-3.38,-5.63,-5.18,-3.65,3.38,13.27
EMA_CROSS_LONG_ONLY,5,15,PROFIT_FROM_START_PCT,3.0,50,10000.0,8699.71,-13.0,31.27,-0.69,26.02,0.5,196,351,-3.38,-4.91,-4.46,-5.9,-8.17,-4.34,5.3,13.67
EMA_CROSS_LONG_ONLY,5,15,PROFIT_FROM_START_PCT,3.0,100,10000.0,8481.82,-15.18,38.65,-0.45,29.08,0.92,196,196,-4.23,-7.67,-2.17,-1.35,-14.19,-5.04,8.62,11.92
EMA_CROSS_LONG_ONLY,5,15,PROFIT_FROM_START_PCT,5.0,5,10000.0,10054.62,0.55,4.24,0.16,26.02,0.38,196,262,-0.27,-1.1,-0.54,-0.41,-0.75,-0.43,0.32,3.79
EMA_CROSS_LONG_ONLY,5,15,PROFIT_FROM_START_PCT,5.0,10,10000.0,10056.15,0.56,8.18,0.14,26.02,0.41,196,272,-0.52,-2.26,-1.02,-0.78,-1.5,-0.85,0.71,7.04
EMA_CROSS_LONG_ONLY,5,15,PROFIT_FROM_START_PCT,5.0,15,10000.0,9933.9,-0.66,11.73,-0.03,26.53,0.43,196,268,-1.07,-3.04,-1.44,-1.11,-2.25,-1.24,1.14,8.76
EMA_CROSS_LONG_ONLY,5,15,PROFIT_FROM_START_PCT,5.0,20,10000.0,9755.92,-2.44,15.01,-0.22,26.53,0.45,196,259,-1.37,-3.94,-1.8,-1.41,-2.99,-1.61,1.51,9.69
EMA_CROSS_LONG_ONLY,5,15,PROFIT_FROM_START_PCT,5.0,25,10000.0,9664.18,-3.36,17.87,-0.27,26.53,0.47,196,256,-1.65,-4.49,-2.26,-1.67,-3.72,-1.96,1.89,11.21
EMA_CROSS_LONG_ONLY,5,15,PROFIT_FROM_START_PCT,5.0,30,10000.0,9579.83,-4.2,19.84,-0.3,27.04,0.5,196,261,-1.9,-4.73,-2.52,-1.89,-4.45,-2.3,2.66,11.72
EMA_CROSS_LONG_ONLY,5,15,PROFIT_FROM_START_PCT,5.0,50,10000.0,9252.47,-7.48,27.08,-0.38,27.55,0.61,196,262,-2.78,-5.37,-2.76,-2.43,-7.32,-3.87,4.69,13.45
EMA_CROSS_LONG_ONLY,5,15,PROFIT_FROM_START_PCT,5.0,100,10000.0,8481.82,-15.18,38.65,-0.45,29.08,0.92,196,196,-4.23,-7.67,-2.17,-1.35,-14.19,-5.04,8.62,11.92
EMA_CROSS_LONG_ONLY,5,15,PROFIT_FROM_START_PCT,7.0,5,10000.0,10016.52,0.17,2.94,0.08,28.57,0.55,196,226,-0.29,-0.65,-0.08,-0.06,-0.75,-0.41,0.38,2.04
EMA_CROSS_LONG_ONLY,5,15,PROFIT_FROM_START_PCT,7.0,10,10000.0,10134.83,1.35,5.72,0.3,28.57,0.58,196,235,-0.57,-1.25,-0.15,-0.12,-1.5,-0.81,0.75,5.11
EMA_CROSS_LONG_ONLY,5,15,PROFIT_FROM_START_PCT,7.0,15,10000.0,10177.38,1.77,8.35,0.32,28.57,0.61,196,244,-0.84,-1.81,-0.23,-0.18,-2.25,-1.19,1.14,7.37
EMA_CROSS_LONG_ONLY,5,15,PROFIT_FROM_START_PCT,7.0,20,10000.0,10102.46,1.02,11.26,0.19,28.57,0.62,196,239,-1.1,-2.81,-0.3,-0.25,-2.99,-1.54,1.55,8.88
EMA_CROSS_LONG_ONLY,5,15,PROFIT_FROM_START_PCT,7.0,25,10000.0,10027.61,0.28,13.59,0.1,29.08,0.64,196,232,-1.36,-3.29,-0.36,-0.31,-3.72,-1.89,1.97,9.77
EMA_CROSS_LONG_ONLY,5,15,PROFIT_FROM_START_PCT,7.0,30,10000.0,9943.64,-0.56,15.72,0.02,29.08,0.66,196,229,-1.6,-3.71,-0.43,-0.38,-4.45,-2.21,2.45,10.4
EMA_CROSS_LONG_ONLY,5,15,PROFIT_FROM_START_PCT,7.0,50,10000.0,9517.11,-4.83,23.67,-0.23,29.08,0.72,196,227,-2.51,-5.22,-0.76,-0.64,-7.32,-3.34,4.13,11.78
EMA_CROSS_LONG_ONLY,5,15,PROFIT_FROM_START_PCT,7.0,100,10000.0,8481.82,-15.18,38.65,-0.45,29.08,0.92,196,196,-4.23,-7.67,-2.17,-1.35,-14.19,-5.04,8.62,11.92
EMA_CROSS_LONG_ONLY,5,15,PROFIT_FROM_START_PCT,10.0,5,10000.0,9945.72,-0.54,2.62,-0.29,29.08,0.66,196,205,-0.2,-0.58,-0.19,-0.06,-0.75,-0.24,0.44,1.04
EMA_CROSS_LONG_ONLY,5,15,PROFIT_FROM_START_PCT,10.0,10,10000.0,9869.27,-1.31,5.14,-0.35,29.08,0.66,196,207,-0.4,-1.14,-0.36,-0.12,-1.5,-0.48,0.87,1.83
EMA_CROSS_LONG_ONLY,5,15,PROFIT_FROM_START_PCT,10.0,15,10000.0,9833.67,-1.66,7.58,-0.28,29.08,0.67,196,210,-0.6,-1.68,-0.53,-0.18,-2.25,-0.73,1.31,3.03
EMA_CROSS_LONG_ONLY,5,15,PROFIT_FROM_START_PCT,10.0,20,10000.0,9817.14,-1.83,9.93,-0.23,29.08,0.68,196,214,-0.81,-2.2,-0.69,-0.25,-2.99,-0.97,1.74,4.43
EMA_CROSS_LONG_ONLY,5,15,PROFIT_FROM_START_PCT,10.0,25,10000.0,9810.37,-1.9,12.21,-0.18,29.08,0.7,196,218,-1.01,-2.69,-0.84,-0.31,-3.72,-1.22,2.18,5.93
EMA_CROSS_LONG_ONLY,5,15,PROFIT_FROM_START_PCT,10.0,30,10000.0,9763.49,-2.37,14.41,-0.19,29.08,0.71,196,221,-1.22,-3.16,-0.98,-0.38,-4.45,-1.46,2.61,6.98
EMA_CROSS_LONG_ONLY,5,15,PROFIT_FROM_START_PCT,10.0,50,10000.0,9445.01,-5.55,22.49,-0.3,29.08,0.77,196,210,-2.06,-4.83,-1.47,-0.64,-7.32,-2.46,4.34,9.54
EMA_CROSS_LONG_ONLY,5,15,PROFIT_FROM_START_PCT,10.0,100,10000.0,8481.82,-15.18,38.65,-0.45,29.08,0.92,196,196,-4.23,-7.67,-2.17,-1.35,-14.19,-5.04,8.62,11.92
EMA_CROSS_LONG_ONLY,5,15,PROFIT_FROM_LAST_PCT,0.5,5,10000.0,9690.0,-3.1,10.73,-0.59,16.84,0.22,196,456,-0.49,-2.11,-1.34,-2.65,-1.72,-1.3,1.4,5.24
EMA_CROSS_LONG_ONLY,5,15,PROFIT_FROM_LAST_PCT,0.5,10,10000.0,9459.48,-5.41,17.99,-0.58,17.86,0.26,196,456,-0.84,-3.54,-2.04,-4.53,-3.24,-2.29,2.65,8.86
EMA_CROSS_LONG_ONLY,5,15,PROFIT_FROM_LAST_PCT,0.5,15,10000.0,9295.07,-7.05,23.03,-0.56,18.88,0.3,196,456,-1.1,-4.51,-2.32,-5.82,-4.6,-3.05,3.75,11.35
EMA_CROSS_LONG_ONLY,5,15,PROFIT_FROM_LAST_PCT,0.5,20,10000.0,9181.24,-8.19,26.58,-0.53,19.9,0.34,196,456,-1.3,-5.17,-2.36,-6.64,-5.8,-3.63,4.71,13.03
EMA_CROSS_LONG_ONLY,5,15,PROFIT_FROM_LAST_PCT,0.5,25,10000.0,9101.55,-8.98,29.11,-0.5,20.92,0.39,196,457,-1.45,-5.63,-2.24,-7.09,-6.87,-4.08,5.49,14.14
EMA_CROSS_LONG_ONLY,5,15,PROFIT_FROM_LAST_PCT,0.5,30,10000.0,9050.29,-9.5,30.94,-0.46,21.94,0.44,196,457,-1.59,-5.96,-2.05,-7.26,-7.83,-4.43,6.18,14.84
EMA_CROSS_LONG_ONLY,5,15,PROFIT_FROM_LAST_PCT,0.5,50,10000.0,8941.32,-10.59,34.49,-0.37,25.0,0.61,196,454,-2.09,-6.64,-1.23,-6.23,-10.74,-5.18,7.85,15.35
EMA_CROSS_LONG_ONLY,5,15,PROFIT_FROM_LAST_PCT,0.5,100,10000.0,8481.82,-15.18,38.65,-0.45,29.08,0.92,196,196,-4.23,-7.67,-2.17,-1.35,-14.19,-5.04,8.62,11.92
EMA_CROSS_LONG_ONLY,5,15,PROFIT_FROM_LAST_PCT,1.0,5,10000.0,9762.63,-2.37,7.73,-0.61,18.88,0.23,196,348,-0.55,-1.65,-0.98,-1.8,-1.33,-0.9,1.18,3.71
EMA_CROSS_LONG_ONLY,5,15,PROFIT_FROM_LAST_PCT,1.0,10,10000.0,9566.12,-4.34,13.68,-0.6,19.9,0.26,196,348,-1.0,-2.85,-1.7,-3.22,-2.56,-1.64,2.24,6.63
EMA_CROSS_LONG_ONLY,5,15,PROFIT_FROM_LAST_PCT,1.0,15,10000.0,9404.15,-5.96,18.3,-0.6,20.92,0.29,196,348,-1.38,-3.72,-2.22,-4.32,-3.71,-2.24,3.18,8.91
EMA_CROSS_LONG_ONLY,5,15,PROFIT_FROM_LAST_PCT,1.0,20,10000.0,9270.88,-7.29,21.94,-0.58,21.43,0.33,196,348,-1.7,-4.36,-2.58,-5.14,-4.78,-2.74,4.01,10.65
EMA_CROSS_LONG_ONLY,5,15,PROFIT_FROM_LAST_PCT,1.0,25,10000.0,9161.13,-8.39,24.83,-0.57,21.94,0.36,196,348,-1.96,-4.82,-2.82,-5.72,-5.77,-3.16,4.73,11.96
EMA_CROSS_LONG_ONLY,5,15,PROFIT_FROM_LAST_PCT,1.0,30,10000.0,9070.41,-9.3,27.14,-0.56,22.96,0.4,196,348,-2.18,-5.16,-2.96,-6.1,-6.69,-3.51,5.36,12.92
EMA_CROSS_LONG_ONLY,5,15,PROFIT_FROM_LAST_PCT,1.0,50,10000.0,8829.17,-11.71,32.79,-0.5,25.0,0.56,196,348,-2.79,-5.99,-2.94,-6.1,-9.75,-4.45,7.14,14.44
EMA_CROSS_LONG_ONLY,5,15,PROFIT_FROM_LAST_PCT,1.0,100,10000.0,8481.82,-15.18,38.65,-0.45,29.08,0.92,196,196,-4.23,-7.67,-2.17,-1.35,-14.19,-5.04,8.62,11.92
EMA_CROSS_LONG_ONLY,5,15,PROFIT_FROM_LAST_PCT,1.5,5,10000.0,9833.45,-1.67,5.84,-0.49,20.41,0.23,196,304,-0.48,-1.07,-0.58,-1.45,-1.03,-0.67,0.91,2.72
EMA_CROSS_LONG_ONLY,5,15,PROFIT_FROM_LAST_PCT,1.5,10,10000.0,9694.93,-3.05,10.59,-0.48,20.92,0.26,196,304,-0.87,-1.87,-1.04,-2.65,-2.01,-1.24,1.79,4.97
EMA_CROSS_LONG_ONLY,5,15,PROFIT_FROM_LAST_PCT,1.5,15,10000.0,9578.65,-4.21,14.49,-0.46,20.92,0.29,196,304,-1.2,-2.49,-1.39,-3.64,-2.94,-1.72,2.64,6.78
EMA_CROSS_LONG_ONLY,5,15,PROFIT_FROM_LAST_PCT,1.5,20,10000.0,9480.01,-5.2,17.72,-0.45,21.43,0.32,196,304,-1.47,-2.95,-1.66,-4.43,-3.84,-2.12,3.43,8.24
EMA_CROSS_LONG_ONLY,5,15,PROFIT_FROM_LAST_PCT,1.5,25,10000.0,9395.24,-6.05,20.41,-0.44,22.45,0.35,196,304,-1.69,-3.31,-1.86,-5.05,-4.69,-2.47,4.17,9.39
EMA_CROSS_LONG_ONLY,5,15,PROFIT_FROM_LAST_PCT,1.5,30,10000.0,9321.28,-6.79,22.68,-0.43,23.47,0.39,196,304,-1.88,-3.6,-2.01,-5.5,-5.51,-2.76,4.84,10.29
EMA_CROSS_LONG_ONLY,5,15,PROFIT_FROM_LAST_PCT,1.5,50,10000.0,9086.26,-9.14,28.95,-0.39,25.51,0.53,196,304,-2.41,-4.48,-2.25,-5.97,-8.46,-3.61,6.92,12.12
EMA_CROSS_LONG_ONLY,5,15,PROFIT_FROM_LAST_PCT,1.5,100,10000.0,8481.82,-15.18,38.65,-0.45,29.08,0.92,196,196,-4.23,-7.67,-2.17,-1.35,-14.19,-5.04,8.62,11.92
EMA_CROSS_LONG_ONLY,5,15,PROFIT_FROM_LAST_PCT,2.0,5,10000.0,9935.21,-0.65,4.81,-0.2,24.49,0.31,196,266,-0.38,-1.06,-0.46,-0.89,-0.94,-0.46,0.9,2.68
EMA_CROSS_LONG_ONLY,5,15,PROFIT_FROM_LAST_PCT,2.0,10,10000.0,9863.14,-1.37,8.96,-0.22,24.49,0.33,196,266,-0.73,-1.93,-0.84,-1.67,-1.85,-0.88,1.76,4.93
EMA_CROSS_LONG_ONLY,5,15,PROFIT_FROM_LAST_PCT,2.0,15,10000.0,9786.2,-2.14,12.57,-0.24,24.49,0.36,196,266,-1.04,-2.65,-1.17,-2.34,-2.73,-1.26,2.57,6.8
EMA_CROSS_LONG_ONLY,5,15,PROFIT_FROM_LAST_PCT,2.0,20,10000.0,9706.4,-2.94,15.7,-0.25,25.0,0.38,196,266,-1.32,-3.25,-1.43,-2.91,-3.59,-1.61,3.33,8.33
EMA_CROSS_LONG_ONLY,5,15,PROFIT_FROM_LAST_PCT,2.0,25,10000.0,9625.34,-3.75,18.44,-0.27,25.0,0.41,196,266,-1.58,-3.75,-1.65,-3.38,-4.43,-1.92,4.04,9.55
EMA_CROSS_LONG_ONLY,5,15,PROFIT_FROM_LAST_PCT,2.0,30,10000.0,9544.26,-4.56,20.84,-0.28,25.51,0.44,196,266,-1.81,-4.17,-1.82,-3.75,-5.23,-2.21,4.7,10.52
EMA_CROSS_LONG_ONLY,5,15,PROFIT_FROM_LAST_PCT,2.0,50,10000.0,9234.38,-7.66,27.94,-0.33,26.53,0.56,196,267,-2.55,-5.34,-2.14,-4.41,-8.23,-3.15,6.82,12.54
EMA_CROSS_LONG_ONLY,5,15,PROFIT_FROM_LAST_PCT,2.0,100,10000.0,8481.82,-15.18,38.65,-0.45,29.08,0.92,196,196,-4.23,-7.67,-2.17,-1.35,-14.19,-5.04,8.62,11.92
EMA_CROSS_LONG_ONLY,5,15,PROFIT_FROM_LAST_PCT,3.0,5,10000.0,9937.65,-0.62,4.47,-0.21,24.49,0.35,196,248,-0.36,-0.7,-0.46,-0.94,-0.9,-0.61,0.68,2.71
EMA_CROSS_LONG_ONLY,5,15,PROFIT_FROM_LAST_PCT,3.0,10,10000.0,9859.24,-1.41,8.41,-0.25,24.49,0.37,196,248,-0.71,-1.32,-0.84,-1.78,-1.78,-1.16,1.32,5.0
EMA_CROSS_LONG_ONLY,5,15,PROFIT_FROM_LAST_PCT,3.0,15,10000.0,9769.67,-2.3,11.91,-0.29,25.0,0.4,196,248,-1.03,-1.87,-1.16,-2.52,-2.63,-1.64,1.94,6.9
EMA_CROSS_LONG_ONLY,5,15,PROFIT_FROM_LAST_PCT,3.0,20,10000.0,9673.06,-3.27,15.01,-0.32,25.0,0.42,196,248,-1.35,-2.35,-1.41,-3.17,-3.46,-2.07,2.53,8.45
EMA_CROSS_LONG_ONLY,5,15,PROFIT_FROM_LAST_PCT,3.0,25,10000.0,9572.83,-4.27,17.76,-0.35,25.0,0.44,196,248,-1.64,-2.79,-1.6,-3.72,-4.28,-2.45,3.09,9.7
EMA_CROSS_LONG_ONLY,5,15,PROFIT_FROM_LAST_PCT,3.0,30,10000.0,9471.73,-5.28,20.22,-0.38,25.0,0.47,196,248,-1.92,-3.18,-1.75,-4.19,-5.07,-2.78,3.63,10.69
EMA_CROSS_LONG_ONLY,5,15,PROFIT_FROM_LAST_PCT,3.0,50,10000.0,9093.45,-9.07,27.7,-0.45,27.04,0.58,196,248,-2.88,-4.5,-1.99,-5.14,-8.04,-3.74,5.51,12.73
EMA_CROSS_LONG_ONLY,5,15,PROFIT_FROM_LAST_PCT,3.0,100,10000.0,8481.82,-15.18,38.65,-0.45,29.08,0.92,196,196,-4.23,-7.67,-2.17,-1.35,-14.19,-5.04,8.62,11.92
EMA_CROSS_LONG_ONLY,5,15,PROFIT_FROM_LAST_PCT,5.0,5,10000.0,9939.06,-0.61,3.5,-0.29,27.04,0.46,196,220,-0.32,-0.63,-0.57,-0.24,-0.75,-0.41,0.45,1.87
EMA_CROSS_LONG_ONLY,5,15,PROFIT_FROM_LAST_PCT,5.0,10,10000.0,9869.63,-1.3,6.74,-0.31,27.55,0.47,196,220,-0.62,-1.2,-1.09,-0.47,-1.5,-0.81,0.92,3.53
EMA_CROSS_LONG_ONLY,5,15,PROFIT_FROM_LAST_PCT,5.0,15,10000.0,9795.51,-2.04,9.73,-0.33,27.55,0.49,196,220,-0.91,-1.73,-1.55,-0.67,-2.25,-1.19,1.38,5.0
EMA_CROSS_LONG_ONLY,5,15,PROFIT_FROM_LAST_PCT,5.0,20,10000.0,9717.74,-2.82,12.49,-0.35,27.55,0.5,196,220,-1.2,-2.23,-1.95,-0.86,-2.99,-1.55,1.85,6.3
EMA_CROSS_LONG_ONLY,5,15,PROFIT_FROM_LAST_PCT,5.0,25,10000.0,9637.62,-3.62,15.05,-0.36,27.55,0.52,196,220,-1.46,-2.68,-2.29,-1.03,-3.72,-1.89,2.32,7.44
EMA_CROSS_LONG_ONLY,5,15,PROFIT_FROM_LAST_PCT,5.0,30,10000.0,9556.18,-4.44,17.43,-0.38,27.55,0.54,196,220,-1.72,-3.11,-2.59,-1.17,-4.45,-2.21,2.79,8.42
EMA_CROSS_LONG_ONLY,5,15,PROFIT_FROM_LAST_PCT,5.0,50,10000.0,9230.65,-7.69,25.42,-0.42,28.57,0.63,196,220,-2.65,-4.56,-3.27,-1.58,-7.32,-3.34,4.65,11.12
EMA_CROSS_LONG_ONLY,5,15,PROFIT_FROM_LAST_PCT,5.0,100,10000.0,8481.82,-15.18,38.65,-0.45,29.08,0.92,196,196,-4.23,-7.67,-2.17,-1.35,-14.19,-5.04,8.62,11.92
EMA_CROSS_LONG_ONLY,5,15,PROFIT_FROM_LAST_PCT,7.0,5,10000.0,9981.89,-0.18,3.06,-0.09,28.06,0.59,196,209,-0.28,-0.48,-0.24,-0.2,-0.75,-0.52,0.5,1.81
EMA_CROSS_LONG_ONLY,5,15,PROFIT_FROM_LAST_PCT,7.0,10,10000.0,9949.57,-0.5,5.96,-0.12,28.06,0.6,196,209,-0.56,-0.96,-0.47,-0.38,-1.5,-1.01,0.99,3.44
EMA_CROSS_LONG_ONLY,5,15,PROFIT_FROM_LAST_PCT,7.0,15,10000.0,9905.04,-0.95,8.71,-0.15,28.06,0.62,196,209,-0.83,-1.42,-0.69,-0.55,-2.25,-1.47,1.47,4.91
EMA_CROSS_LONG_ONLY,5,15,PROFIT_FROM_LAST_PCT,7.0,20,10000.0,9850.07,-1.5,11.32,-0.18,28.57,0.63,196,209,-1.09,-1.87,-0.89,-0.7,-2.99,-1.9,1.94,6.21
EMA_CROSS_LONG_ONLY,5,15,PROFIT_FROM_LAST_PCT,7.0,25,10000.0,9786.29,-2.14,13.79,-0.21,28.57,0.64,196,209,-1.34,-2.31,-1.08,-0.85,-3.72,-2.3,2.41,7.36
EMA_CROSS_LONG_ONLY,5,15,PROFIT_FROM_LAST_PCT,7.0,30,10000.0,9715.14,-2.85,16.13,-0.24,28.57,0.65,196,209,-1.58,-2.73,-1.25,-0.97,-4.45,-2.67,2.87,8.37
EMA_CROSS_LONG_ONLY,5,15,PROFIT_FROM_LAST_PCT,7.0,50,10000.0,9381.05,-6.19,24.36,-0.33,28.57,0.71,196,209,-2.48,-4.34,-1.8,-1.35,-7.32,-3.87,4.64,11.15
EMA_CROSS_LONG_ONLY,5,15,PROFIT_FROM_LAST_PCT,7.0,100,10000.0,8481.82,-15.18,38.65,-0.45,29.08,0.92,196,196,-4.23,-7.67,-2.17,-1.35,-14.19,-5.04,8.62,11.92
EMA_CROSS_LONG_ONLY,5,15,PROFIT_FROM_LAST_PCT,10.0,5,10000.0,9945.73,-0.54,2.59,-0.35,29.08,0.7,196,201,-0.2,-0.58,-0.15,-0.06,-0.75,-0.24,0.44,1.01
EMA_CROSS_LONG_ONLY,5,15,PROFIT_FROM_LAST_PCT,10.0,10,10000.0,9887.72,-1.12,5.09,-0.36,29.08,0.71,196,201,-0.4,-1.14,-0.3,-0.12,-1.5,-0.48,0.87,1.96
EMA_CROSS_LONG_ONLY,5,15,PROFIT_FROM_LAST_PCT,10.0,15,10000.0,9826.31,-1.74,7.5,-0.36,29.08,0.72,196,201,-0.6,-1.68,-0.45,-0.18,-2.25,-0.73,1.31,2.87
EMA_CROSS_LONG_ONLY,5,15,PROFIT_FROM_LAST_PCT,10.0,20,10000.0,9761.78,-2.38,9.84,-0.37,29.08,0.72,196,201,-0.81,-2.2,-0.59,-0.25,-2.99,-0.97,1.74,3.73
EMA_CROSS_LONG_ONLY,5,15,PROFIT_FROM_LAST_PCT,10.0,25,10000.0,9694.41,-3.06,12.1,-0.38,29.08,0.73,196,201,-1.01,-2.69,-0.72,-0.31,-3.72,-1.22,2.18,4.55
EMA_CROSS_LONG_ONLY,5,15,PROFIT_FROM_LAST_PCT,10.0,30,10000.0,9624.45,-3.76,14.29,-0.39,29.08,0.74,196,201,-1.22,-3.16,-0.85,-0.38,-4.45,-1.46,2.61,5.32
EMA_CROSS_LONG_ONLY,5,15,PROFIT_FROM_LAST_PCT,10.0,50,10000.0,9323.39,-6.77,22.37,-0.41,29.08,0.78,196,201,-2.06,-4.83,-1.31,-0.64,-7.32,-2.46,4.34,7.96
EMA_CROSS_LONG_ONLY,5,15,PROFIT_FROM_LAST_PCT,10.0,100,10000.0,8481.82,-15.18,38.65,-0.45,29.08,0.92,196,196,-4.23,-7.67,-2.17,-1.35,-14.19,-5.04,8.62,11.92
