Strategy_Logic,Fast_EMA,Slow_EMA,Trade_ID,Direction,Entry_Time,Entry_Price,Exit_Time,Exit_Price,Duration_Hours,Trade_PnL_Pct,Exit_Reason
PRICE_VS_EMA_LONG_ONLY,10,None,1,LONG,2026-01-01T01:00:00,2984.32,2026-01-01T03:00:00,2980.0,2,-0.14,Signal changed to 0.0
PRICE_VS_EMA_LONG_ONLY,10,None,2,LONG,2026-01-01T05:00:00,2981.49,2026-01-01T06:00:00,2975.89,1,-0.19,Signal changed to 0.0
PRICE_VS_EMA_LONG_ONLY,10,None,3,LONG,2026-01-01T08:00:00,2982.59,2026-01-01T13:00:00,2982.96,5,0.01,Signal changed to 0.0
PRICE_VS_EMA_LONG_ONLY,10,None,4,LONG,2026-01-01T14:00:00,2985.15,2026-01-01T16:00:00,2982.29,2,-0.1,Signal changed to 0.0
PRICE_VS_EMA_LONG_ONLY,10,None,5,LONG,2026-01-01T17:00:00,2990.44,2026-01-03T04:00:00,3116.61,35,4.22,Signal changed to 0.0
PRICE_VS_EMA_LONG_ONLY,10,None,6,LONG,2026-01-03T12:00:00,3105.04,2026-01-03T13:00:00,3103.03,1,-0.06,Signal changed to 0.0
PRICE_VS_EMA_LONG_ONLY,10,None,7,LONG,2026-01-03T14:00:00,3106.0,2026-01-03T15:00:00,3101.31,1,-0.15,Signal changed to 0.0
PRICE_VS_EMA_LONG_ONLY,10,None,8,LONG,2026-01-03T16:00:00,3107.03,2026-01-04T08:00:00,3138.61,16,1.02,Signal changed to 0.0
PRICE_VS_EMA_LONG_ONLY,10,None,9,LONG,2026-01-04T09:00:00,3143.78,2026-01-04T11:00:00,3139.54,2,-0.13,Signal changed to 0.0
PRICE_VS_EMA_LONG_ONLY,10,None,10,LONG,2026-01-04T13:00:00,3140.76,2026-01-04T14:00:00,3137.26,1,-0.11,Signal changed to 0.0
PRICE_VS_EMA_LONG_ONLY,10,None,11,LONG,2026-01-04T16:00:00,3139.11,2026-01-04T17:00:00,3137.5,1,-0.05,Signal changed to 0.0
PRICE_VS_EMA_LONG_ONLY,10,None,12,LONG,2026-01-04T20:00:00,3142.09,2026-01-05T05:00:00,3149.93,9,0.25,Signal changed to 0.0
PRICE_VS_EMA_LONG_ONLY,10,None,13,LONG,2026-01-05T08:00:00,3163.62,2026-01-05T13:00:00,3154.39,5,-0.29,Signal changed to 0.0
PRICE_VS_EMA_LONG_ONLY,10,None,14,LONG,2026-01-05T14:00:00,3167.0,2026-01-06T00:00:00,3216.1,10,1.55,Signal changed to 0.0
PRICE_VS_EMA_LONG_ONLY,10,None,15,LONG,2026-01-06T01:00:00,3218.32,2026-01-06T02:00:00,3217.1,1,-0.04,Signal changed to 0.0
PRICE_VS_EMA_LONG_ONLY,10,None,16,LONG,2026-01-06T03:00:00,3225.1,2026-01-06T05:00:00,3218.72,2,-0.2,Signal changed to 0.0
PRICE_VS_EMA_LONG_ONLY,10,None,17,LONG,2026-01-06T06:00:00,3241.15,2026-01-06T07:00:00,3219.24,1,-0.68,Signal changed to 0.0
PRICE_VS_EMA_LONG_ONLY,10,None,18,LONG,2026-01-06T09:00:00,3223.0,2026-01-06T17:00:00,3196.43,8,-0.82,Signal changed to 0.0
PRICE_VS_EMA_LONG_ONLY,10,None,19,LONG,2026-01-06T20:00:00,3241.71,2026-01-07T01:00:00,3245.04,5,0.1,Signal changed to 0.0
PRICE_VS_EMA_LONG_ONLY,10,None,20,LONG,2026-01-07T02:00:00,3270.08,2026-01-07T04:00:00,3256.21,2,-0.42,Signal changed to 0.0
PRICE_VS_EMA_LONG_ONLY,10,None,21,LONG,2026-01-07T23:00:00,3168.72,2026-01-08T02:00:00,3159.43,3,-0.29,Signal changed to 0.0
PRICE_VS_EMA_LONG_ONLY,10,None,22,LONG,2026-01-08T16:00:00,3122.31,2026-01-08T19:00:00,3111.53,3,-0.35,Signal changed to 0.0
PRICE_VS_EMA_LONG_ONLY,10,None,23,LONG,2026-01-08T21:00:00,3118.75,2026-01-08T23:00:00,3106.65,2,-0.39,Signal changed to 0.0
PRICE_VS_EMA_LONG_ONLY,10,None,24,LONG,2026-01-09T00:00:00,3115.83,2026-01-09T01:00:00,3105.82,1,-0.32,Signal changed to 0.0
PRICE_VS_EMA_LONG_ONLY,10,None,25,LONG,2026-01-09T03:00:00,3119.6,2026-01-09T07:00:00,3111.2,4,-0.27,Signal changed to 0.0
PRICE_VS_EMA_LONG_ONLY,10,None,26,LONG,2026-01-09T15:00:00,3112.08,2026-01-09T18:00:00,3094.97,3,-0.55,Signal changed to 0.0
PRICE_VS_EMA_LONG_ONLY,10,None,27,LONG,2026-01-10T01:00:00,3090.11,2026-01-10T02:00:00,3088.07,1,-0.07,Signal changed to 0.0
PRICE_VS_EMA_LONG_ONLY,10,None,28,LONG,2026-01-10T06:00:00,3087.49,2026-01-10T14:00:00,3091.64,8,0.13,Signal changed to 0.0
PRICE_VS_EMA_LONG_ONLY,10,None,29,LONG,2026-01-10T15:00:00,3095.64,2026-01-10T17:00:00,3092.95,2,-0.09,Signal changed to 0.0
PRICE_VS_EMA_LONG_ONLY,10,None,30,LONG,2026-01-11T00:00:00,3091.98,2026-01-11T20:00:00,3115.1,20,0.75,Signal changed to 0.0
PRICE_VS_EMA_LONG_ONLY,10,None,31,LONG,2026-01-11T21:00:00,3121.11,2026-01-11T22:00:00,3109.61,1,-0.37,Signal changed to 0.0
PRICE_VS_EMA_LONG_ONLY,10,None,32,LONG,2026-01-11T23:00:00,3123.45,2026-01-12T07:00:00,3135.34,8,0.38,Signal changed to 0.0
PRICE_VS_EMA_LONG_ONLY,10,None,33,LONG,2026-01-12T15:00:00,3130.17,2026-01-12T17:00:00,3104.88,2,-0.81,Signal changed to 0.0
PRICE_VS_EMA_LONG_ONLY,10,None,34,LONG,2026-01-12T19:00:00,3121.83,2026-01-12T20:00:00,3102.57,1,-0.62,Signal changed to 0.0
PRICE_VS_EMA_LONG_ONLY,10,None,35,LONG,2026-01-13T00:00:00,3108.59,2026-01-13T01:00:00,3097.66,1,-0.35,Signal changed to 0.0
PRICE_VS_EMA_LONG_ONLY,10,None,36,LONG,2026-01-13T03:00:00,3116.14,2026-01-14T10:00:00,3312.99,31,6.32,Signal changed to 0.0
PRICE_VS_EMA_LONG_ONLY,10,None,37,LONG,2026-01-14T14:00:00,3349.21,2026-01-14T22:00:00,3349.09,8,-0.0,Signal changed to 0.0
PRICE_VS_EMA_LONG_ONLY,10,None,38,LONG,2026-01-14T23:00:00,3354.92,2026-01-15T00:00:00,3331.35,1,-0.7,Signal changed to 0.0
PRICE_VS_EMA_LONG_ONLY,10,None,39,LONG,2026-01-15T07:00:00,3330.0,2026-01-15T14:00:00,3342.31,7,0.37,Signal changed to 0.0
PRICE_VS_EMA_LONG_ONLY,10,None,40,LONG,2026-01-15T23:00:00,3318.69,2026-01-16T02:00:00,3303.63,3,-0.45,Signal changed to 0.0
PRICE_VS_EMA_LONG_ONLY,10,None,41,LONG,2026-01-16T05:00:00,3309.23,2026-01-16T09:00:00,3307.44,4,-0.05,Signal changed to 0.0
PRICE_VS_EMA_LONG_ONLY,10,None,42,LONG,2026-01-16T12:00:00,3308.87,2026-01-16T14:00:00,3294.12,2,-0.45,Signal changed to 0.0
PRICE_VS_EMA_LONG_ONLY,10,None,43,LONG,2026-01-16T20:00:00,3292.82,2026-01-17T01:00:00,3290.68,5,-0.06,Signal changed to 0.0
PRICE_VS_EMA_LONG_ONLY,10,None,44,LONG,2026-01-17T02:00:00,3292.24,2026-01-17T03:00:00,3289.32,1,-0.09,Signal changed to 0.0
PRICE_VS_EMA_LONG_ONLY,10,None,45,LONG,2026-01-17T04:00:00,3292.14,2026-01-17T21:00:00,3312.84,17,0.63,Signal changed to 0.0
PRICE_VS_EMA_LONG_ONLY,10,None,46,LONG,2026-01-18T03:00:00,3316.16,2026-01-18T07:00:00,3307.3,4,-0.27,Signal changed to 0.0
PRICE_VS_EMA_LONG_ONLY,10,None,47,LONG,2026-01-18T08:00:00,3315.47,2026-01-18T23:00:00,3284.03,15,-0.95,Signal changed to 0.0
PRICE_VS_EMA_LONG_ONLY,10,None,48,LONG,2026-01-19T11:00:00,3223.91,2026-01-19T13:00:00,3218.27,2,-0.17,Signal changed to 0.0
PRICE_VS_EMA_LONG_ONLY,10,None,49,LONG,2026-01-19T16:00:00,3223.16,2026-01-19T17:00:00,3220.0,1,-0.1,Signal changed to 0.0
PRICE_VS_EMA_LONG_ONLY,10,None,50,LONG,2026-01-19T19:00:00,3219.95,2026-01-19T20:00:00,3214.31,1,-0.18,Signal changed to 0.0
PRICE_VS_EMA_LONG_ONLY,10,None,51,LONG,2026-01-21T05:00:00,2993.03,2026-01-21T06:00:00,2980.3,1,-0.43,Signal changed to 0.0
PRICE_VS_EMA_LONG_ONLY,10,None,52,LONG,2026-01-21T14:00:00,2981.09,2026-01-21T16:00:00,2891.58,2,-3.0,Signal changed to 0.0
PRICE_VS_EMA_LONG_ONLY,10,None,53,LONG,2026-01-21T19:00:00,3055.56,2026-01-21T23:00:00,2982.27,4,-2.4,Signal changed to 0.0
PRICE_VS_EMA_LONG_ONLY,10,None,54,LONG,2026-01-22T00:00:00,3005.39,2026-01-22T07:00:00,3000.94,7,-0.15,Signal changed to 0.0
PRICE_VS_EMA_LONG_ONLY,10,None,55,LONG,2026-01-22T09:00:00,3013.63,2026-01-22T10:00:00,3002.64,1,-0.36,Signal changed to 0.0
PRICE_VS_EMA_LONG_ONLY,10,None,56,LONG,2026-01-23T01:00:00,2968.88,2026-01-23T02:00:00,2952.83,1,-0.54,Signal changed to 0.0
PRICE_VS_EMA_LONG_ONLY,10,None,57,LONG,2026-01-23T03:00:00,2964.42,2026-01-23T06:00:00,2939.88,3,-0.83,Signal changed to 0.0
PRICE_VS_EMA_LONG_ONLY,10,None,58,LONG,2026-01-23T15:00:00,2952.75,2026-01-23T20:00:00,2940.16,5,-0.43,Signal changed to 0.0
PRICE_VS_EMA_LONG_ONLY,10,None,59,LONG,2026-01-23T22:00:00,2960.02,2026-01-24T00:00:00,2950.99,2,-0.31,Signal changed to 0.0
PRICE_VS_EMA_LONG_ONLY,10,None,60,LONG,2026-01-24T01:00:00,2956.12,2026-01-24T07:00:00,2957.34,6,0.04,Signal changed to 0.0
PRICE_VS_EMA_LONG_ONLY,10,None,61,LONG,2026-01-24T08:00:00,2963.12,2026-01-24T13:00:00,2948.92,5,-0.48,Signal changed to 0.0
PRICE_VS_EMA_LONG_ONLY,10,None,62,LONG,2026-01-24T14:00:00,2959.48,2026-01-24T15:00:00,2957.25,1,-0.08,Signal changed to 0.0
PRICE_VS_EMA_LONG_ONLY,10,None,63,LONG,2026-01-24T16:00:00,2958.9,2026-01-24T19:00:00,2953.93,3,-0.17,Signal changed to 0.0
PRICE_VS_EMA_LONG_ONLY,10,None,64,LONG,2026-01-24T22:00:00,2963.0,2026-01-24T23:00:00,2953.22,1,-0.33,Signal changed to 0.0
PRICE_VS_EMA_LONG_ONLY,10,None,65,LONG,2026-01-25T00:00:00,2958.87,2026-01-25T01:00:00,2955.15,1,-0.13,Signal changed to 0.0
PRICE_VS_EMA_LONG_ONLY,10,None,66,LONG,2026-01-25T10:00:00,2945.08,2026-01-25T11:00:00,2937.54,1,-0.26,Signal changed to 0.0
PRICE_VS_EMA_LONG_ONLY,10,None,67,LONG,2026-01-26T01:00:00,2882.69,2026-01-26T03:00:00,2850.68,2,-1.11,Signal changed to 0.0
PRICE_VS_EMA_LONG_ONLY,10,None,68,LONG,2026-01-26T04:00:00,2865.98,2026-01-26T20:00:00,2901.82,16,1.25,Signal changed to 0.0
PRICE_VS_EMA_LONG_ONLY,10,None,69,LONG,2026-01-26T21:00:00,2928.97,2026-01-27T06:00:00,2929.0,9,0.0,Signal changed to 0.0
PRICE_VS_EMA_LONG_ONLY,10,None,70,LONG,2026-01-27T15:00:00,2937.45,2026-01-27T17:00:00,2930.3,2,-0.24,Signal changed to 0.0
PRICE_VS_EMA_LONG_ONLY,10,None,71,LONG,2026-01-27T18:00:00,2978.21,2026-01-28T04:00:00,2999.64,10,0.72,Signal changed to 0.0
PRICE_VS_EMA_LONG_ONLY,10,None,72,LONG,2026-01-28T05:00:00,3004.47,2026-01-28T08:00:00,2990.69,3,-0.46,Signal changed to 0.0
PRICE_VS_EMA_LONG_ONLY,10,None,73,LONG,2026-01-28T09:00:00,3017.44,2026-01-28T14:00:00,3013.09,5,-0.14,Signal changed to 0.0
PRICE_VS_EMA_LONG_ONLY,10,None,74,LONG,2026-01-28T17:00:00,3014.89,2026-01-28T20:00:00,3012.21,3,-0.09,Signal changed to 0.0
PRICE_VS_EMA_LONG_ONLY,10,None,75,LONG,2026-01-28T21:00:00,3021.51,2026-01-28T23:00:00,3010.78,2,-0.36,Signal changed to 0.0
PRICE_VS_EMA_LONG_ONLY,10,None,76,LONG,2026-01-30T11:00:00,2759.88,2026-01-30T12:00:00,2740.49,1,-0.7,Signal changed to 0.0
PRICE_VS_EMA_LONG_ONLY,10,None,77,LONG,2026-01-30T18:00:00,2740.27,2026-01-30T20:00:00,2680.72,2,-2.17,Signal changed to 0.0
PRICE_VS_EMA_LONG_ONLY,10,None,78,LONG,2026-02-02T09:00:00,2291.57,2026-02-02T20:00:00,2322.07,11,1.33,Signal changed to 0.0
PRICE_VS_EMA_LONG_ONLY,10,None,79,LONG,2026-02-02T21:00:00,2342.04,2026-02-03T02:00:00,2298.72,5,-1.85,Signal changed to 0.0
PRICE_VS_EMA_LONG_ONLY,10,None,80,LONG,2026-02-03T03:00:00,2344.03,2026-02-03T05:00:00,2316.12,2,-1.19,Signal changed to 0.0
PRICE_VS_EMA_LONG_ONLY,10,None,81,LONG,2026-02-03T13:00:00,2312.21,2026-02-03T14:00:00,2257.2,1,-2.38,Signal changed to 0.0
PRICE_VS_EMA_LONG_ONLY,10,None,82,LONG,2026-02-03T15:00:00,2303.2,2026-02-03T16:00:00,2240.6,1,-2.72,Signal changed to 0.0
PRICE_VS_EMA_LONG_ONLY,10,None,83,LONG,2026-02-03T20:00:00,2299.46,2026-02-03T22:00:00,2236.38,2,-2.74,Signal changed to 0.0
PRICE_VS_EMA_LONG_ONLY,10,None,84,LONG,2026-02-04T01:00:00,2268.64,2026-02-04T09:00:00,2260.65,8,-0.35,Signal changed to 0.0
PRICE_VS_EMA_LONG_ONLY,10,None,85,LONG,2026-02-04T19:00:00,2188.27,2026-02-04T20:00:00,2172.02,1,-0.74,Signal changed to 0.0
PRICE_VS_EMA_LONG_ONLY,10,None,86,LONG,2026-02-05T09:00:00,2133.45,2026-02-05T10:00:00,2097.72,1,-1.67,Signal changed to 0.0
PRICE_VS_EMA_LONG_ONLY,10,None,87,LONG,2026-02-06T01:00:00,1932.17,2026-02-06T02:00:00,1907.49,1,-1.28,Signal changed to 0.0
PRICE_VS_EMA_LONG_ONLY,10,None,88,LONG,2026-02-06T05:00:00,1958.69,2026-02-06T06:00:00,1908.32,1,-2.57,Signal changed to 0.0
PRICE_VS_EMA_LONG_ONLY,10,None,89,LONG,2026-02-06T09:00:00,1919.0,2026-02-07T06:00:00,2047.73,21,6.71,Signal changed to 0.0
PRICE_VS_EMA_LONG_ONLY,10,None,90,LONG,2026-02-07T12:00:00,2041.33,2026-02-07T14:00:00,2020.41,2,-1.02,Signal changed to 0.0
PRICE_VS_EMA_LONG_ONLY,10,None,91,LONG,2026-02-07T15:00:00,2052.54,2026-02-08T03:00:00,2078.77,12,1.28,Signal changed to 0.0
PRICE_VS_EMA_LONG_ONLY,10,None,92,LONG,2026-02-08T04:00:00,2087.72,2026-02-08T06:00:00,2079.3,2,-0.4,Signal changed to 0.0
PRICE_VS_EMA_LONG_ONLY,10,None,93,LONG,2026-02-08T07:00:00,2084.41,2026-02-08T15:00:00,2108.64,8,1.16,Signal changed to 0.0
PRICE_VS_EMA_LONG_ONLY,10,None,94,LONG,2026-02-08T18:00:00,2109.47,2026-02-08T20:00:00,2104.59,2,-0.23,Signal changed to 0.0
PRICE_VS_EMA_LONG_ONLY,10,None,95,LONG,2026-02-08T22:00:00,2108.43,2026-02-08T23:00:00,2089.74,1,-0.89,Signal changed to 0.0
PRICE_VS_EMA_LONG_ONLY,10,None,96,LONG,2026-02-09T03:00:00,2100.25,2026-02-09T04:00:00,2090.35,1,-0.47,Signal changed to 0.0
PRICE_VS_EMA_LONG_ONLY,10,None,97,LONG,2026-02-09T05:00:00,2095.82,2026-02-09T06:00:00,2081.43,1,-0.69,Signal changed to 0.0
PRICE_VS_EMA_LONG_ONLY,10,None,98,LONG,2026-02-09T15:00:00,2061.61,2026-02-10T00:00:00,2096.72,9,1.7,Signal changed to 0.0
PRICE_VS_EMA_LONG_ONLY,10,None,99,LONG,2026-02-10T01:00:00,2117.35,2026-02-10T03:00:00,2064.96,2,-2.47,Signal changed to 0.0
PRICE_VS_EMA_LONG_ONLY,10,None,100,LONG,2026-02-10T16:00:00,2026.09,2026-02-10T18:00:00,2009.44,2,-0.82,Signal changed to 0.0
PRICE_VS_EMA_LONG_ONLY,10,None,101,LONG,2026-02-10T23:00:00,2022.67,2026-02-11T02:00:00,2017.85,3,-0.24,Signal changed to 0.0
PRICE_VS_EMA_LONG_ONLY,10,None,102,LONG,2026-02-11T18:00:00,1944.03,2026-02-11T23:00:00,1941.18,5,-0.15,Signal changed to 0.0
PRICE_VS_EMA_LONG_ONLY,10,None,103,LONG,2026-02-12T00:00:00,1958.8,2026-02-12T14:00:00,1978.5,14,1.01,Signal changed to 0.0
PRICE_VS_EMA_LONG_ONLY,10,None,104,LONG,2026-02-12T22:00:00,1942.97,2026-02-13T00:00:00,1933.26,2,-0.5,Signal changed to 0.0
PRICE_VS_EMA_LONG_ONLY,10,None,105,LONG,2026-02-13T01:00:00,1943.63,2026-02-13T05:00:00,1934.19,4,-0.49,Signal changed to 0.0
PRICE_VS_EMA_LONG_ONLY,10,None,106,LONG,2026-02-13T08:00:00,1958.95,2026-02-15T00:00:00,2080.11,40,6.18,Signal changed to 0.0
PRICE_VS_EMA_LONG_ONLY,10,None,107,LONG,2026-02-15T04:00:00,2076.31,2026-02-15T08:00:00,2069.2,4,-0.34,Signal changed to 0.0
PRICE_VS_EMA_LONG_ONLY,10,None,108,LONG,2026-02-16T04:00:00,1973.06,2026-02-16T05:00:00,1958.0,1,-0.76,Signal changed to 0.0
PRICE_VS_EMA_LONG_ONLY,10,None,109,LONG,2026-02-16T07:00:00,1971.13,2026-02-16T13:00:00,1967.7,6,-0.17,Signal changed to 0.0
PRICE_VS_EMA_LONG_ONLY,10,None,110,LONG,2026-02-16T16:00:00,1973.75,2026-02-16T18:00:00,1968.93,2,-0.24,Signal changed to 0.0
PRICE_VS_EMA_LONG_ONLY,10,None,111,LONG,2026-02-16T19:00:00,1974.04,2026-02-17T03:00:00,1985.7,8,0.59,Signal changed to 0.0
PRICE_VS_EMA_LONG_ONLY,10,None,112,LONG,2026-02-17T13:00:00,1990.53,2026-02-17T14:00:00,1948.49,1,-2.11,Signal changed to 0.0
PRICE_VS_EMA_LONG_ONLY,10,None,113,LONG,2026-02-17T16:00:00,1980.36,2026-02-17T17:00:00,1966.27,1,-0.71,Signal changed to 0.0
PRICE_VS_EMA_LONG_ONLY,10,None,114,LONG,2026-02-17T18:00:00,1998.69,2026-02-18T00:00:00,1981.54,6,-0.86,Signal changed to 0.0
PRICE_VS_EMA_LONG_ONLY,10,None,115,LONG,2026-02-18T02:00:00,1987.61,2026-02-18T10:00:00,1997.27,8,0.49,Signal changed to 0.0
PRICE_VS_EMA_LONG_ONLY,10,None,116,LONG,2026-02-19T01:00:00,1967.01,2026-02-19T08:00:00,1970.5,7,0.18,Signal changed to 0.0
PRICE_VS_EMA_LONG_ONLY,10,None,117,LONG,2026-02-19T18:00:00,1939.99,2026-02-20T04:00:00,1939.17,10,-0.04,Signal changed to 0.0
PRICE_VS_EMA_LONG_ONLY,10,None,118,LONG,2026-02-20T05:00:00,1955.23,2026-02-20T11:00:00,1943.98,6,-0.58,Signal changed to 0.0
PRICE_VS_EMA_LONG_ONLY,10,None,119,LONG,2026-02-20T15:00:00,1963.95,2026-02-21T00:00:00,1963.22,9,-0.04,Signal changed to 0.0
PRICE_VS_EMA_LONG_ONLY,10,None,120,LONG,2026-02-21T01:00:00,1966.24,2026-02-21T02:00:00,1965.69,1,-0.03,Signal changed to 0.0
PRICE_VS_EMA_LONG_ONLY,10,None,121,LONG,2026-02-21T08:00:00,1969.0,2026-02-21T20:00:00,1974.14,12,0.26,Signal changed to 0.0
PRICE_VS_EMA_LONG_ONLY,10,None,122,LONG,2026-02-22T06:00:00,1976.05,2026-02-22T08:00:00,1973.39,2,-0.13,Signal changed to 0.0
PRICE_VS_EMA_LONG_ONLY,10,None,123,LONG,2026-02-22T09:00:00,1975.83,2026-02-22T12:00:00,1966.37,3,-0.48,Signal changed to 0.0
PRICE_VS_EMA_LONG_ONLY,10,None,124,LONG,2026-02-22T22:00:00,1958.54,2026-02-23T00:00:00,1929.42,2,-1.49,Signal changed to 0.0
PRICE_VS_EMA_LONG_ONLY,10,None,125,LONG,2026-02-23T09:00:00,1918.0,2026-02-23T14:00:00,1906.92,5,-0.58,Signal changed to 0.0
PRICE_VS_EMA_LONG_ONLY,10,None,126,LONG,2026-02-24T14:00:00,1834.73,2026-02-25T06:00:00,1885.05,16,2.74,Signal changed to 0.0
PRICE_VS_EMA_LONG_ONLY,10,None,127,LONG,2026-02-25T07:00:00,1893.31,2026-02-26T07:00:00,2053.37,24,8.45,Signal changed to 0.0
PRICE_VS_EMA_LONG_ONLY,10,None,128,LONG,2026-02-26T09:00:00,2074.94,2026-02-26T11:00:00,2057.66,2,-0.83,Signal changed to 0.0
PRICE_VS_EMA_LONG_ONLY,10,None,129,LONG,2026-02-26T12:00:00,2070.0,2026-02-26T14:00:00,2051.19,2,-0.91,Signal changed to 0.0
PRICE_VS_EMA_LONG_ONLY,10,None,130,LONG,2026-02-26T19:00:00,2030.14,2026-02-26T20:00:00,2023.67,1,-0.32,Signal changed to 0.0
PRICE_VS_EMA_LONG_ONLY,10,None,131,LONG,2026-02-26T21:00:00,2030.36,2026-02-26T23:00:00,2027.68,2,-0.13,Signal changed to 0.0
PRICE_VS_EMA_LONG_ONLY,10,None,132,LONG,2026-02-27T02:00:00,2026.0,2026-02-27T07:00:00,2032.69,5,0.33,Signal changed to 0.0
PRICE_VS_EMA_LONG_ONLY,10,None,133,LONG,2026-02-28T13:00:00,1905.58,2026-03-01T08:00:00,1986.0,19,4.22,Signal changed to 0.0
PRICE_VS_EMA_LONG_ONLY,10,None,134,LONG,2026-03-01T13:00:00,2006.58,2026-03-01T16:00:00,1974.03,3,-1.62,Signal changed to 0.0
PRICE_VS_EMA_LONG_ONLY,10,None,135,LONG,2026-03-02T00:00:00,1960.86,2026-03-02T06:00:00,1943.31,6,-0.9,Signal changed to 0.0
PRICE_VS_EMA_LONG_ONLY,10,None,136,LONG,2026-03-02T14:00:00,1979.75,2026-03-03T01:00:00,2020.01,11,2.03,Signal changed to 0.0
PRICE_VS_EMA_LONG_ONLY,10,None,137,LONG,2026-03-03T15:00:00,1969.22,2026-03-03T21:00:00,1968.46,6,-0.04,Signal changed to 0.0
PRICE_VS_EMA_LONG_ONLY,10,None,138,LONG,2026-03-03T22:00:00,1983.31,2026-03-04T00:00:00,1976.68,2,-0.33,Signal changed to 0.0
PRICE_VS_EMA_LONG_ONLY,10,None,139,LONG,2026-03-04T01:00:00,1981.73,2026-03-04T03:00:00,1960.9,2,-1.05,Signal changed to 0.0
PRICE_VS_EMA_LONG_ONLY,10,None,140,LONG,2026-03-04T06:00:00,1980.33,2026-03-04T23:00:00,2127.28,17,7.42,Signal changed to 0.0
PRICE_VS_EMA_LONG_ONLY,10,None,141,LONG,2026-03-05T04:00:00,2137.36,2026-03-05T05:00:00,2119.65,1,-0.83,Signal changed to 0.0
PRICE_VS_EMA_LONG_ONLY,10,None,142,LONG,2026-03-05T06:00:00,2128.23,2026-03-05T07:00:00,2104.96,1,-1.09,Signal changed to 0.0
PRICE_VS_EMA_LONG_ONLY,10,None,143,LONG,2026-03-05T09:00:00,2125.45,2026-03-05T13:00:00,2117.6,4,-0.37,Signal changed to 0.0
PRICE_VS_EMA_LONG_ONLY,10,None,144,LONG,2026-03-06T01:00:00,2087.65,2026-03-06T02:00:00,2083.89,1,-0.18,Signal changed to 0.0
PRICE_VS_EMA_LONG_ONLY,10,None,145,LONG,2026-03-06T07:00:00,2082.83,2026-03-06T08:00:00,2075.96,1,-0.33,Signal changed to 0.0
PRICE_VS_EMA_LONG_ONLY,10,None,146,LONG,2026-03-07T07:00:00,1982.94,2026-03-07T08:00:00,1978.03,1,-0.25,Signal changed to 0.0
PRICE_VS_EMA_LONG_ONLY,10,None,147,LONG,2026-03-07T09:00:00,1986.35,2026-03-07T12:00:00,1982.51,3,-0.19,Signal changed to 0.0
PRICE_VS_EMA_LONG_ONLY,10,None,148,LONG,2026-03-07T14:00:00,1987.0,2026-03-07T15:00:00,1981.04,1,-0.3,Signal changed to 0.0
PRICE_VS_EMA_LONG_ONLY,10,None,149,LONG,2026-03-08T07:00:00,1955.23,2026-03-08T11:00:00,1951.38,4,-0.2,Signal changed to 0.0
PRICE_VS_EMA_LONG_ONLY,10,None,150,LONG,2026-03-08T19:00:00,1964.91,2026-03-08T22:00:00,1943.2,3,-1.1,Signal changed to 0.0
PRICE_VS_EMA_LONG_ONLY,10,None,151,LONG,2026-03-09T00:00:00,1950.99,2026-03-09T01:00:00,1946.0,1,-0.26,Signal changed to 0.0
PRICE_VS_EMA_LONG_ONLY,10,None,152,LONG,2026-03-09T02:00:00,1959.66,2026-03-09T22:00:00,2002.53,20,2.19,Signal changed to 0.0
PRICE_VS_EMA_LONG_ONLY,10,None,153,LONG,2026-03-10T00:00:00,2015.37,2026-03-10T12:00:00,2049.82,12,1.71,Signal changed to 0.0
PRICE_VS_EMA_LONG_ONLY,10,None,154,LONG,2026-03-10T14:00:00,2075.19,2026-03-10T18:00:00,2039.68,4,-1.71,Signal changed to 0.0
PRICE_VS_EMA_LONG_ONLY,10,None,155,LONG,2026-03-11T04:00:00,2039.08,2026-03-11T05:00:00,2014.63,1,-1.2,Signal changed to 0.0
PRICE_VS_EMA_LONG_ONLY,10,None,156,LONG,2026-03-11T10:00:00,2028.68,2026-03-11T11:00:00,2017.8,1,-0.54,Signal changed to 0.0
PRICE_VS_EMA_LONG_ONLY,10,None,157,LONG,2026-03-11T13:00:00,2050.72,2026-03-11T23:00:00,2051.97,10,0.06,Signal changed to 0.0
PRICE_VS_EMA_LONG_ONLY,10,None,158,LONG,2026-03-12T07:00:00,2040.7,2026-03-12T14:00:00,2045.35,7,0.23,Signal changed to 0.0
PRICE_VS_EMA_LONG_ONLY,10,None,159,LONG,2026-03-12T15:00:00,2072.33,2026-03-12T17:00:00,2058.4,2,-0.67,Signal changed to 0.0
PRICE_VS_EMA_LONG_ONLY,10,None,160,LONG,2026-03-12T19:00:00,2069.59,2026-03-13T06:00:00,2095.94,11,1.27,Signal changed to 0.0
PRICE_VS_EMA_LONG_ONLY,10,None,161,LONG,2026-03-13T07:00:00,2099.38,2026-03-13T15:00:00,2128.01,8,1.36,Signal changed to 0.0
PRICE_VS_EMA_LONG_ONLY,10,None,162,LONG,2026-03-13T16:00:00,2133.91,2026-03-13T17:00:00,2102.75,1,-1.46,Signal changed to 0.0
PRICE_VS_EMA_LONG_ONLY,10,None,163,LONG,2026-03-14T03:00:00,2101.16,2026-03-14T04:00:00,2090.42,1,-0.51,Signal changed to 0.0
PRICE_VS_EMA_LONG_ONLY,10,None,164,LONG,2026-03-14T16:00:00,2077.54,2026-03-14T17:00:00,2075.14,1,-0.12,Signal changed to 0.0
PRICE_VS_EMA_LONG_ONLY,10,None,165,LONG,2026-03-14T18:00:00,2076.91,2026-03-15T13:00:00,2097.4,19,0.99,Signal changed to 0.0
PRICE_VS_EMA_LONG_ONLY,10,None,166,LONG,2026-03-15T17:00:00,2110.77,2026-03-15T18:00:00,2099.14,1,-0.55,Signal changed to 0.0
PRICE_VS_EMA_LONG_ONLY,10,None,167,LONG,2026-03-15T19:00:00,2113.49,2026-03-17T03:00:00,2320.0,32,9.77,Signal changed to 0.0
PRICE_VS_EMA_LONG_ONLY,10,None,168,LONG,2026-03-17T07:00:00,2327.7,2026-03-17T08:00:00,2320.66,1,-0.3,Signal changed to 0.0
PRICE_VS_EMA_LONG_ONLY,10,None,169,LONG,2026-03-17T11:00:00,2326.82,2026-03-17T12:00:00,2315.42,1,-0.49,Signal changed to 0.0
PRICE_VS_EMA_LONG_ONLY,10,None,170,LONG,2026-03-17T13:00:00,2328.65,2026-03-17T15:00:00,2315.98,2,-0.54,Signal changed to 0.0
PRICE_VS_EMA_LONG_ONLY,10,None,171,LONG,2026-03-17T16:00:00,2326.84,2026-03-17T19:00:00,2320.22,3,-0.28,Signal changed to 0.0
PRICE_VS_EMA_LONG_ONLY,10,None,172,LONG,2026-03-17T20:00:00,2327.88,2026-03-17T23:00:00,2317.39,3,-0.45,Signal changed to 0.0
PRICE_VS_EMA_LONG_ONLY,10,None,173,LONG,2026-03-18T02:00:00,2331.49,2026-03-18T04:00:00,2327.51,2,-0.17,Signal changed to 0.0
PRICE_VS_EMA_LONG_ONLY,10,None,174,LONG,2026-03-18T09:00:00,2329.27,2026-03-18T10:00:00,2312.83,1,-0.71,Signal changed to 0.0
PRICE_VS_EMA_LONG_ONLY,10,None,175,LONG,2026-03-19T03:00:00,2212.29,2026-03-19T04:00:00,2193.61,1,-0.84,Signal changed to 0.0
PRICE_VS_EMA_LONG_ONLY,10,None,176,LONG,2026-03-19T09:00:00,2189.42,2026-03-19T10:00:00,2172.76,1,-0.76,Signal changed to 0.0
PRICE_VS_EMA_LONG_ONLY,10,None,177,LONG,2026-03-19T19:00:00,2141.19,2026-03-19T22:00:00,2140.08,3,-0.05,Signal changed to 0.0
PRICE_VS_EMA_LONG_ONLY,10,None,178,LONG,2026-03-20T00:00:00,2145.6,2026-03-20T05:00:00,2140.37,5,-0.24,Signal changed to 0.0
PRICE_VS_EMA_LONG_ONLY,10,None,179,LONG,2026-03-20T07:00:00,2150.54,2026-03-20T09:00:00,2141.21,2,-0.43,Signal changed to 0.0
PRICE_VS_EMA_LONG_ONLY,10,None,180,LONG,2026-03-20T10:00:00,2148.38,2026-03-20T11:00:00,2141.5,1,-0.32,Signal changed to 0.0
PRICE_VS_EMA_LONG_ONLY,10,None,181,LONG,2026-03-20T21:00:00,2147.53,2026-03-21T14:00:00,2152.13,17,0.21,Signal changed to 0.0
PRICE_VS_EMA_LONG_ONLY,10,None,182,LONG,2026-03-21T15:00:00,2155.12,2026-03-21T16:00:00,2146.65,1,-0.39,Signal changed to 0.0
PRICE_VS_EMA_LONG_ONLY,10,None,183,LONG,2026-03-21T19:00:00,2152.16,2026-03-21T22:00:00,2149.94,3,-0.1,Signal changed to 0.0
PRICE_VS_EMA_LONG_ONLY,10,None,184,LONG,2026-03-22T04:00:00,2119.39,2026-03-22T05:00:00,2113.0,1,-0.3,Signal changed to 0.0
PRICE_VS_EMA_LONG_ONLY,10,None,185,LONG,2026-03-23T02:00:00,2063.42,2026-03-23T03:00:00,2052.54,1,-0.53,Signal changed to 0.0
PRICE_VS_EMA_LONG_ONLY,10,None,186,LONG,2026-03-23T04:00:00,2065.47,2026-03-23T06:00:00,2037.3,2,-1.36,Signal changed to 0.0
PRICE_VS_EMA_LONG_ONLY,10,None,187,LONG,2026-03-23T11:00:00,2134.78,2026-03-24T00:00:00,2143.22,13,0.4,Signal changed to 0.0
PRICE_VS_EMA_LONG_ONLY,10,None,188,LONG,2026-03-24T06:00:00,2145.3,2026-03-24T13:00:00,2138.38,7,-0.32,Signal changed to 0.0
PRICE_VS_EMA_LONG_ONLY,10,None,189,LONG,2026-03-24T20:00:00,2148.48,2026-03-25T14:00:00,2174.14,18,1.19,Signal changed to 0.0
PRICE_VS_EMA_LONG_ONLY,10,None,190,LONG,2026-03-25T16:00:00,2173.83,2026-03-25T17:00:00,2164.1,1,-0.45,Signal changed to 0.0
PRICE_VS_EMA_LONG_ONLY,10,None,191,LONG,2026-03-25T19:00:00,2172.69,2026-03-25T20:00:00,2166.49,1,-0.29,Signal changed to 0.0
PRICE_VS_EMA_LONG_ONLY,10,None,192,LONG,2026-03-25T22:00:00,2174.53,2026-03-25T23:00:00,2169.02,1,-0.25,Signal changed to 0.0
PRICE_VS_EMA_LONG_ONLY,10,None,193,LONG,2026-03-26T21:00:00,2068.37,2026-03-26T22:00:00,2065.88,1,-0.12,Signal changed to 0.0
PRICE_VS_EMA_LONG_ONLY,10,None,194,LONG,2026-03-27T01:00:00,2074.2,2026-03-27T03:00:00,2061.48,2,-0.61,Signal changed to 0.0
PRICE_VS_EMA_LONG_ONLY,10,None,195,LONG,2026-03-27T07:00:00,2066.23,2026-03-27T08:00:00,2047.93,1,-0.89,Signal changed to 0.0
PRICE_VS_EMA_LONG_ONLY,10,None,196,LONG,2026-03-27T23:00:00,1992.75,2026-03-28T01:00:00,1990.43,2,-0.12,Signal changed to 0.0
PRICE_VS_EMA_LONG_ONLY,10,None,197,LONG,2026-03-28T04:00:00,1990.8,2026-03-28T10:00:00,1996.69,6,0.3,Signal changed to 0.0
PRICE_VS_EMA_LONG_ONLY,10,None,198,LONG,2026-03-28T11:00:00,1997.64,2026-03-28T21:00:00,2009.61,10,0.6,Signal changed to 0.0
PRICE_VS_EMA_LONG_ONLY,10,None,199,LONG,2026-03-29T02:00:00,2008.93,2026-03-29T04:00:00,2005.85,2,-0.15,Signal changed to 0.0
PRICE_VS_EMA_LONG_ONLY,10,None,200,LONG,2026-03-29T11:00:00,2003.78,2026-03-29T12:00:00,2001.68,1,-0.1,Signal changed to 0.0
PRICE_VS_EMA_LONG_ONLY,10,None,201,LONG,2026-03-29T20:00:00,2002.5,2026-03-29T22:00:00,1973.99,2,-1.42,Signal changed to 0.0
PRICE_VS_EMA_LONG_ONLY,10,None,202,LONG,2026-03-30T00:00:00,1997.25,2026-03-30T17:00:00,2041.8,17,2.23,Signal changed to 0.0
PRICE_VS_EMA_LONG_ONLY,10,None,203,LONG,2026-03-31T01:00:00,2073.0,2026-03-31T07:00:00,2055.97,6,-0.82,Signal changed to 0.0
PRICE_VS_EMA_LONG_ONLY,10,None,204,LONG,2026-03-31T12:00:00,2047.78,2026-03-31T14:00:00,2045.94,2,-0.09,Signal changed to 0.0
PRICE_VS_EMA_LONG_ONLY,10,None,205,LONG,2026-03-31T15:00:00,2054.85,2026-04-01T01:00:00,2092.95,10,1.85,Signal changed to 0.0
PRICE_VS_EMA_LONG_ONLY,10,None,206,LONG,2026-04-01T03:00:00,2102.91,2026-04-01T13:00:00,2119.28,10,0.78,Signal changed to 0.0
PRICE_VS_EMA_LONG_ONLY,10,None,207,LONG,2026-04-01T14:00:00,2126.81,2026-04-01T18:00:00,2129.23,4,0.11,Signal changed to 0.0
PRICE_VS_EMA_LONG_ONLY,10,None,208,LONG,2026-04-01T19:00:00,2141.43,2026-04-02T01:00:00,2100.03,6,-1.93,Signal changed to 0.0
PRICE_VS_EMA_LONG_ONLY,10,None,209,LONG,2026-04-02T14:00:00,2063.82,2026-04-02T17:00:00,2047.23,3,-0.8,Signal changed to 0.0
PRICE_VS_EMA_LONG_ONLY,10,None,210,LONG,2026-04-02T18:00:00,2058.32,2026-04-02T23:00:00,2057.17,5,-0.06,Signal changed to 0.0
PRICE_VS_EMA_LONG_ONLY,10,None,211,LONG,2026-04-03T05:00:00,2057.12,2026-04-03T12:00:00,2049.84,7,-0.35,Signal changed to 0.0
PRICE_VS_EMA_LONG_ONLY,10,None,212,LONG,2026-04-03T21:00:00,2058.42,2026-04-03T22:00:00,2051.79,1,-0.32,Signal changed to 0.0
PRICE_VS_EMA_LONG_ONLY,10,None,213,LONG,2026-04-03T23:00:00,2053.83,2026-04-04T00:00:00,2052.26,1,-0.08,Signal changed to 0.0
PRICE_VS_EMA_LONG_ONLY,10,None,214,LONG,2026-04-04T05:00:00,2053.79,2026-04-04T08:00:00,2050.57,3,-0.16,Signal changed to 0.0
PRICE_VS_EMA_LONG_ONLY,10,None,215,LONG,2026-04-04T10:00:00,2054.32,2026-04-04T11:00:00,2051.84,1,-0.12,Signal changed to 0.0
PRICE_VS_EMA_LONG_ONLY,10,None,216,LONG,2026-04-04T13:00:00,2053.59,2026-04-05T01:00:00,2057.37,12,0.18,Signal changed to 0.0
PRICE_VS_EMA_LONG_ONLY,10,None,217,LONG,2026-04-05T15:00:00,2053.85,2026-04-06T16:00:00,2140.62,25,4.22,Signal changed to 0.0
PRICE_VS_EMA_LONG_ONLY,10,None,218,LONG,2026-04-06T18:00:00,2144.84,2026-04-06T21:00:00,2139.54,3,-0.25,Signal changed to 0.0
PRICE_VS_EMA_LONG_ONLY,10,None,219,LONG,2026-04-07T08:00:00,2114.84,2026-04-07T10:00:00,2089.32,2,-1.21,Signal changed to 0.0
PRICE_VS_EMA_LONG_ONLY,10,None,220,LONG,2026-04-07T17:00:00,2099.5,2026-04-07T18:00:00,2086.3,1,-0.63,Signal changed to 0.0
PRICE_VS_EMA_LONG_ONLY,10,None,221,LONG,2026-04-07T19:00:00,2113.39,2026-04-08T13:00:00,2236.06,18,5.8,Signal changed to 0.0
PRICE_VS_EMA_LONG_ONLY,10,None,222,LONG,2026-04-08T17:00:00,2231.88,2026-04-08T18:00:00,2201.41,1,-1.37,Signal changed to 0.0
PRICE_VS_EMA_LONG_ONLY,10,None,223,LONG,2026-04-09T09:00:00,2194.14,2026-04-09T11:00:00,2180.26,2,-0.63,Signal changed to 0.0
PRICE_VS_EMA_LONG_ONLY,10,None,224,LONG,2026-04-09T15:00:00,2217.99,2026-04-09T22:00:00,2197.69,7,-0.92,Signal changed to 0.0
PRICE_VS_EMA_LONG_ONLY,10,None,225,LONG,2026-04-10T04:00:00,2195.71,2026-04-10T06:00:00,2186.2,2,-0.43,Signal changed to 0.0
PRICE_VS_EMA_LONG_ONLY,10,None,226,LONG,2026-04-10T09:00:00,2196.03,2026-04-11T00:00:00,2238.77,15,1.95,Signal changed to 0.0
PRICE_VS_EMA_LONG_ONLY,10,None,227,LONG,2026-04-11T01:00:00,2244.2,2026-04-11T03:00:00,2237.17,2,-0.31,Signal changed to 0.0
PRICE_VS_EMA_LONG_ONLY,10,None,228,LONG,2026-04-11T09:00:00,2243.83,2026-04-11T13:00:00,2239.76,4,-0.18,Signal changed to 0.0
PRICE_VS_EMA_LONG_ONLY,10,None,229,LONG,2026-04-11T14:00:00,2242.1,2026-04-12T01:00:00,2219.05,11,-1.03,Signal changed to 0.0
PRICE_VS_EMA_LONG_ONLY,10,None,230,LONG,2026-04-12T17:00:00,2203.17,2026-04-12T19:00:00,2198.27,2,-0.22,Signal changed to 0.0
PRICE_VS_EMA_LONG_ONLY,10,None,231,LONG,2026-04-12T20:00:00,2213.53,2026-04-12T22:00:00,2199.37,2,-0.64,Signal changed to 0.0
PRICE_VS_EMA_LONG_ONLY,10,None,232,LONG,2026-04-13T00:00:00,2205.18,2026-04-13T02:00:00,2194.22,2,-0.5,Signal changed to 0.0
PRICE_VS_EMA_LONG_ONLY,10,None,233,LONG,2026-04-13T06:00:00,2198.49,2026-04-13T07:00:00,2186.56,1,-0.54,Signal changed to 0.0
PRICE_VS_EMA_LONG_ONLY,10,None,234,LONG,2026-04-13T12:00:00,2192.25,2026-04-14T14:00:00,2353.05,26,7.33,Signal changed to 0.0
PRICE_VS_EMA_LONG_ONLY,10,None,235,LONG,2026-04-15T00:00:00,2333.81,2026-04-15T02:00:00,2324.77,2,-0.39,Signal changed to 0.0
PRICE_VS_EMA_LONG_ONLY,10,None,236,LONG,2026-04-15T04:00:00,2333.44,2026-04-15T05:00:00,2319.45,1,-0.6,Signal changed to 0.0
PRICE_VS_EMA_LONG_ONLY,10,None,237,LONG,2026-04-15T08:00:00,2327.4,2026-04-15T09:00:00,2319.95,1,-0.32,Signal changed to 0.0
PRICE_VS_EMA_LONG_ONLY,10,None,238,LONG,2026-04-15T11:00:00,2337.43,2026-04-16T01:00:00,2352.06,14,0.63,Signal changed to 0.0
PRICE_VS_EMA_LONG_ONLY,10,None,239,LONG,2026-04-16T02:00:00,2356.68,2026-04-16T04:00:00,2354.13,2,-0.11,Signal changed to 0.0
PRICE_VS_EMA_LONG_ONLY,10,None,240,LONG,2026-04-16T05:00:00,2356.86,2026-04-16T07:00:00,2341.52,2,-0.65,Signal changed to 0.0
PRICE_VS_EMA_LONG_ONLY,10,None,241,LONG,2026-04-16T15:00:00,2339.01,2026-04-16T16:00:00,2316.76,1,-0.95,Signal changed to 0.0
PRICE_VS_EMA_LONG_ONLY,10,None,242,LONG,2026-04-16T18:00:00,2343.1,2026-04-17T01:00:00,2335.38,7,-0.33,Signal changed to 0.0
PRICE_VS_EMA_LONG_ONLY,10,None,243,LONG,2026-04-17T07:00:00,2334.16,2026-04-17T23:00:00,2419.0,16,3.63,Signal changed to 0.0
PRICE_VS_EMA_LONG_ONLY,10,None,244,LONG,2026-04-19T11:00:00,2329.38,2026-04-19T15:00:00,2330.8,4,0.06,Signal changed to 0.0
PRICE_VS_EMA_LONG_ONLY,10,None,245,LONG,2026-04-20T03:00:00,2286.56,2026-04-20T04:00:00,2283.39,1,-0.14,Signal changed to 0.0
PRICE_VS_EMA_LONG_ONLY,10,None,246,LONG,2026-04-20T06:00:00,2286.17,2026-04-20T14:00:00,2290.9,8,0.21,Signal changed to 0.0
PRICE_VS_EMA_LONG_ONLY,10,None,247,LONG,2026-04-20T15:00:00,2313.91,2026-04-20T16:00:00,2300.07,1,-0.6,Signal changed to 0.0
PRICE_VS_EMA_LONG_ONLY,10,None,248,LONG,2026-04-20T17:00:00,2317.06,2026-04-20T23:00:00,2313.85,6,-0.14,Signal changed to 0.0
PRICE_VS_EMA_LONG_ONLY,10,None,249,LONG,2026-04-21T00:00:00,2321.94,2026-04-21T01:00:00,2315.16,1,-0.29,Signal changed to 0.0
PRICE_VS_EMA_LONG_ONLY,10,None,250,LONG,2026-04-21T06:00:00,2317.36,2026-04-21T11:00:00,2320.45,5,0.13,Signal changed to 0.0
PRICE_VS_EMA_LONG_ONLY,10,None,251,LONG,2026-04-21T18:00:00,2312.72,2026-04-21T19:00:00,2298.41,1,-0.62,Signal changed to 0.0
PRICE_VS_EMA_LONG_ONLY,10,None,252,LONG,2026-04-21T20:00:00,2314.56,2026-04-22T16:00:00,2386.14,20,3.09,Signal changed to 0.0
PRICE_VS_EMA_LONG_ONLY,10,None,253,LONG,2026-04-22T17:00:00,2399.21,2026-04-22T20:00:00,2391.92,3,-0.3,Signal changed to 0.0
PRICE_VS_EMA_LONG_ONLY,10,None,254,LONG,2026-04-22T21:00:00,2402.55,2026-04-22T23:00:00,2374.07,2,-1.19,Signal changed to 0.0
PRICE_VS_EMA_LONG_ONLY,10,None,255,LONG,2026-04-23T20:00:00,2325.37,2026-04-23T21:00:00,2321.66,1,-0.16,Signal changed to 0.0
PRICE_VS_EMA_LONG_ONLY,10,None,256,LONG,2026-04-23T22:00:00,2331.97,2026-04-24T02:00:00,2319.91,4,-0.52,Signal changed to 0.0
PRICE_VS_EMA_LONG_ONLY,10,None,257,LONG,2026-04-24T10:00:00,2316.02,2026-04-24T13:00:00,2317.32,3,0.06,Signal changed to 0.0
PRICE_VS_EMA_LONG_ONLY,10,None,258,LONG,2026-04-24T15:00:00,2323.81,2026-04-24T16:00:00,2316.67,1,-0.31,Signal changed to 0.0
PRICE_VS_EMA_LONG_ONLY,10,None,259,LONG,2026-04-24T17:00:00,2319.6,2026-04-24T21:00:00,2315.18,4,-0.19,Signal changed to 0.0
PRICE_VS_EMA_LONG_ONLY,10,None,260,LONG,2026-04-25T01:00:00,2318.0,2026-04-25T02:00:00,2317.4,1,-0.03,Signal changed to 0.0
PRICE_VS_EMA_LONG_ONLY,10,None,261,LONG,2026-04-25T03:00:00,2318.43,2026-04-25T04:00:00,2316.79,1,-0.07,Signal changed to 0.0
PRICE_VS_EMA_LONG_ONLY,10,None,262,LONG,2026-04-25T08:00:00,2319.44,2026-04-25T11:00:00,2313.64,3,-0.25,Signal changed to 0.0
PRICE_VS_EMA_LONG_ONLY,10,None,263,LONG,2026-04-25T20:00:00,2313.2,2026-04-26T01:00:00,2313.85,5,0.03,Signal changed to 0.0
PRICE_VS_EMA_LONG_ONLY,10,None,264,LONG,2026-04-26T02:00:00,2315.15,2026-04-26T03:00:00,2310.0,1,-0.22,Signal changed to 0.0
PRICE_VS_EMA_LONG_ONLY,10,None,265,LONG,2026-04-26T04:00:00,2317.74,2026-04-27T05:00:00,2323.18,25,0.23,Signal changed to 0.0
PRICE_VS_EMA_LONG_ONLY,10,None,266,LONG,2026-04-27T23:00:00,2303.67,2026-04-28T01:00:00,2298.61,2,-0.22,Signal changed to 0.0
PRICE_VS_EMA_LONG_ONLY,10,None,267,LONG,2026-04-28T16:00:00,2286.18,2026-04-28T22:00:00,2286.18,6,0.0,Signal changed to 0.0
PRICE_VS_EMA_LONG_ONLY,10,None,268,LONG,2026-04-28T23:00:00,2289.42,2026-04-29T02:00:00,2288.88,3,-0.02,Signal changed to 0.0
PRICE_VS_EMA_LONG_ONLY,10,None,269,LONG,2026-04-29T03:00:00,2311.52,2026-04-29T12:00:00,2316.13,9,0.2,Signal changed to 0.0
PRICE_VS_EMA_LONG_ONLY,10,None,270,LONG,2026-04-30T00:00:00,2272.46,2026-04-30T02:00:00,2245.13,2,-1.2,Signal changed to 0.0
PRICE_VS_EMA_LONG_ONLY,10,None,271,LONG,2026-04-30T07:00:00,2260.31,2026-04-30T16:00:00,2257.24,9,-0.14,Signal changed to 0.0
PRICE_VS_EMA_LONG_ONLY,10,None,272,LONG,2026-04-30T19:00:00,2261.99,2026-04-30T21:00:00,2256.29,2,-0.25,Signal changed to 0.0
PRICE_VS_EMA_LONG_ONLY,10,None,273,LONG,2026-05-01T00:00:00,2260.0,2026-05-01T20:00:00,2285.19,20,1.11,Signal changed to 0.0
PRICE_VS_EMA_LONG_ONLY,10,None,274,LONG,2026-05-02T00:00:00,2297.6,2026-05-02T05:00:00,2299.47,5,0.08,Signal changed to 0.0
PRICE_VS_EMA_LONG_ONLY,10,None,275,LONG,2026-05-02T06:00:00,2305.58,2026-05-02T11:00:00,2302.1,5,-0.15,Signal changed to 0.0
PRICE_VS_EMA_LONG_ONLY,10,None,276,LONG,2026-05-02T12:00:00,2303.52,2026-05-03T00:00:00,2313.98,12,0.45,Signal changed to 0.0
PRICE_VS_EMA_LONG_ONLY,10,None,277,LONG,2026-05-03T07:00:00,2309.28,2026-05-03T21:00:00,2324.27,14,0.65,Signal changed to 0.0
PRICE_VS_EMA_LONG_ONLY,10,None,278,LONG,2026-05-03T22:00:00,2343.89,2026-05-03T23:00:00,2322.65,1,-0.91,Signal changed to 0.0
PRICE_VS_EMA_LONG_ONLY,10,None,279,LONG,2026-05-04T01:00:00,2351.2,2026-05-04T08:00:00,2360.04,7,0.38,Signal changed to 0.0
PRICE_VS_EMA_LONG_ONLY,10,None,280,LONG,2026-05-04T09:00:00,2368.71,2026-05-04T10:00:00,2338.36,1,-1.28,Signal changed to 0.0
PRICE_VS_EMA_LONG_ONLY,10,None,281,LONG,2026-05-04T14:00:00,2371.39,2026-05-04T15:00:00,2350.1,1,-0.9,Signal changed to 0.0
PRICE_VS_EMA_LONG_ONLY,10,None,282,LONG,2026-05-04T16:00:00,2355.28,2026-05-04T19:00:00,2356.52,3,0.05,Signal changed to 0.0
PRICE_VS_EMA_LONG_ONLY,10,None,283,LONG,2026-05-04T21:00:00,2360.89,2026-05-04T22:00:00,2354.58,1,-0.27,Signal changed to 0.0
PRICE_VS_EMA_LONG_ONLY,10,None,284,LONG,2026-05-05T00:00:00,2358.83,2026-05-05T09:00:00,2369.6,9,0.46,Signal changed to 0.0
PRICE_VS_EMA_LONG_ONLY,10,None,285,LONG,2026-05-05T10:00:00,2378.41,2026-05-05T14:00:00,2378.78,4,0.02,Signal changed to 0.0
PRICE_VS_EMA_LONG_ONLY,10,None,286,LONG,2026-05-05T15:00:00,2381.31,2026-05-05T16:00:00,2365.94,1,-0.65,Signal changed to 0.0
PRICE_VS_EMA_LONG_ONLY,10,None,287,LONG,2026-05-05T20:00:00,2382.41,2026-05-05T22:00:00,2367.51,2,-0.63,Signal changed to 0.0
PRICE_VS_EMA_LONG_ONLY,10,None,288,LONG,2026-05-06T01:00:00,2373.19,2026-05-06T02:00:00,2369.75,1,-0.14,Signal changed to 0.0
PRICE_VS_EMA_LONG_ONLY,10,None,289,LONG,2026-05-06T03:00:00,2376.8,2026-05-06T04:00:00,2366.08,1,-0.45,Signal changed to 0.0
PRICE_VS_EMA_LONG_ONLY,10,None,290,LONG,2026-05-06T06:00:00,2370.52,2026-05-06T13:00:00,2368.51,7,-0.08,Signal changed to 0.0
PRICE_VS_EMA_LONG_ONLY,10,None,291,LONG,2026-05-07T06:00:00,2337.13,2026-05-07T08:00:00,2333.73,2,-0.15,Signal changed to 0.0
PRICE_VS_EMA_LONG_ONLY,10,None,292,LONG,2026-05-08T08:00:00,2283.56,2026-05-08T12:00:00,2284.53,4,0.04,Signal changed to 0.0
PRICE_VS_EMA_LONG_ONLY,10,None,293,LONG,2026-05-08T14:00:00,2285.72,2026-05-09T10:00:00,2312.5,20,1.17,Signal changed to 0.0
PRICE_VS_EMA_LONG_ONLY,10,None,294,LONG,2026-05-09T11:00:00,2314.57,2026-05-09T14:00:00,2308.27,3,-0.27,Signal changed to 0.0
PRICE_VS_EMA_LONG_ONLY,10,None,295,LONG,2026-05-09T15:00:00,2317.63,2026-05-10T00:00:00,2323.89,9,0.27,Signal changed to 0.0
PRICE_VS_EMA_LONG_ONLY,10,None,296,LONG,2026-05-10T02:00:00,2327.94,2026-05-10T10:00:00,2325.46,8,-0.11,Signal changed to 0.0
PRICE_VS_EMA_LONG_ONLY,10,None,297,LONG,2026-05-10T13:00:00,2329.8,2026-05-10T20:00:00,2328.76,7,-0.04,Signal changed to 0.0
PRICE_VS_EMA_LONG_ONLY,10,None,298,LONG,2026-05-10T22:00:00,2373.78,2026-05-11T02:00:00,2345.39,4,-1.2,Signal changed to 0.0
PRICE_VS_EMA_LONG_ONLY,10,None,299,LONG,2026-05-11T15:00:00,2333.48,2026-05-11T16:00:00,2329.78,1,-0.16,Signal changed to 0.0
PRICE_VS_EMA_LONG_ONLY,10,None,300,LONG,2026-05-11T17:00:00,2336.71,2026-05-12T00:00:00,2333.54,7,-0.14,Signal changed to 0.0
PRICE_VS_EMA_LONG_ONLY,10,None,301,LONG,2026-05-12T19:00:00,2285.09,2026-05-12T23:00:00,2274.96,4,-0.44,Signal changed to 0.0
PRICE_VS_EMA_LONG_ONLY,10,None,302,LONG,2026-05-13T00:00:00,2281.56,2026-05-13T11:00:00,2301.82,11,0.89,Signal changed to 0.0
PRICE_VS_EMA_LONG_ONLY,10,None,303,LONG,2026-05-14T00:00:00,2266.58,2026-05-14T02:00:00,2251.53,2,-0.66,Signal changed to 0.0
PRICE_VS_EMA_LONG_ONLY,10,None,304,LONG,2026-05-14T05:00:00,2268.44,2026-05-14T09:00:00,2257.8,4,-0.47,Signal changed to 0.0
PRICE_VS_EMA_LONG_ONLY,10,None,305,LONG,2026-05-14T10:00:00,2262.14,2026-05-14T11:00:00,2253.81,1,-0.37,Signal changed to 0.0
PRICE_VS_EMA_LONG_ONLY,10,None,306,LONG,2026-05-14T12:00:00,2261.48,2026-05-14T13:00:00,2249.42,1,-0.53,Signal changed to 0.0
PRICE_VS_EMA_LONG_ONLY,10,None,307,LONG,2026-05-14T14:00:00,2286.99,2026-05-14T23:00:00,2283.25,9,-0.16,Signal changed to 0.0
PRICE_VS_EMA_LONG_ONLY,10,None,308,LONG,2026-05-16T01:00:00,2229.62,2026-05-16T04:00:00,2225.98,3,-0.16,Signal changed to 0.0
PRICE_VS_EMA_LONG_ONLY,10,None,309,LONG,2026-05-16T21:00:00,2182.39,2026-05-16T22:00:00,2180.47,1,-0.09,Signal changed to 0.0
PRICE_VS_EMA_LONG_ONLY,10,None,310,LONG,2026-05-17T03:00:00,2181.7,2026-05-17T14:00:00,2186.64,11,0.23,Signal changed to 0.0
PRICE_VS_EMA_LONG_ONLY,10,None,311,LONG,2026-05-17T18:00:00,2188.49,2026-05-17T22:00:00,2179.69,4,-0.4,Signal changed to 0.0
PRICE_VS_EMA_LONG_ONLY,10,None,312,LONG,2026-05-18T11:00:00,2133.9,2026-05-18T14:00:00,2110.32,3,-1.11,Signal changed to 0.0
PRICE_VS_EMA_LONG_ONLY,10,None,313,LONG,2026-05-18T19:00:00,2125.07,2026-05-19T01:00:00,2124.92,6,-0.01,Signal changed to 0.0
PRICE_VS_EMA_LONG_ONLY,10,None,314,LONG,2026-05-19T03:00:00,2131.3,2026-05-19T09:00:00,2114.49,6,-0.79,Signal changed to 0.0
PRICE_VS_EMA_LONG_ONLY,10,None,315,LONG,2026-05-19T16:00:00,2121.12,2026-05-19T17:00:00,2115.75,1,-0.25,Signal changed to 0.0
PRICE_VS_EMA_LONG_ONLY,10,None,316,LONG,2026-05-19T20:00:00,2118.39,2026-05-19T21:00:00,2116.97,1,-0.07,Signal changed to 0.0
PRICE_VS_EMA_LONG_ONLY,10,None,317,LONG,2026-05-20T01:00:00,2115.28,2026-05-20T02:00:00,2109.43,1,-0.28,Signal changed to 0.0
PRICE_VS_EMA_LONG_ONLY,10,None,318,LONG,2026-05-20T04:00:00,2113.2,2026-05-20T13:00:00,2120.61,9,0.35,Signal changed to 0.0
PRICE_VS_EMA_LONG_ONLY,10,None,319,LONG,2026-05-20T14:00:00,2135.25,2026-05-20T18:00:00,2132.1,4,-0.15,Signal changed to 0.0
PRICE_VS_EMA_LONG_ONLY,10,None,320,LONG,2026-05-20T19:00:00,2139.12,2026-05-20T21:00:00,2130.62,2,-0.4,Signal changed to 0.0
PRICE_VS_EMA_LONG_ONLY,10,None,321,LONG,2026-05-21T00:00:00,2142.92,2026-05-21T05:00:00,2136.3,5,-0.31,Signal changed to 0.0
PRICE_VS_EMA_LONG_ONLY,10,None,322,LONG,2026-05-21T08:00:00,2138.26,2026-05-21T09:00:00,2127.98,1,-0.48,Signal changed to 0.0
PRICE_VS_EMA_LONG_ONLY,10,None,323,LONG,2026-05-21T15:00:00,2132.65,2026-05-21T18:00:00,2126.87,3,-0.27,Signal changed to 0.0
PRICE_VS_EMA_LONG_ONLY,10,None,324,LONG,2026-05-21T19:00:00,2142.83,2026-05-21T22:00:00,2131.85,3,-0.51,Signal changed to 0.0
PRICE_VS_EMA_LONG_ONLY,10,None,325,LONG,2026-05-21T23:00:00,2133.76,2026-05-22T00:00:00,2129.33,1,-0.21,Signal changed to 0.0
PRICE_VS_EMA_LONG_ONLY,10,None,326,LONG,2026-05-22T01:00:00,2135.88,2026-05-22T04:00:00,2134.0,3,-0.09,Signal changed to 0.0
PRICE_VS_EMA_LONG_ONLY,10,None,327,LONG,2026-05-22T11:00:00,2130.78,2026-05-22T14:00:00,2116.94,3,-0.65,Signal changed to 0.0
PRICE_VS_EMA_LONG_ONLY,10,None,328,LONG,2026-05-23T13:00:00,2044.89,2026-05-24T12:00:00,2119.97,23,3.67,Signal changed to 0.0
PRICE_VS_EMA_LONG_ONLY,10,None,329,LONG,2026-05-24T23:00:00,2099.85,2026-05-25T01:00:00,2094.13,2,-0.27,Signal changed to 0.0
PRICE_VS_EMA_LONG_ONLY,10,None,330,LONG,2026-05-25T02:00:00,2098.35,2026-05-25T03:00:00,2095.58,1,-0.13,Signal changed to 0.0
PRICE_VS_EMA_LONG_ONLY,10,None,331,LONG,2026-05-25T04:00:00,2105.83,2026-05-25T19:00:00,2121.43,15,0.74,Signal changed to 0.0
PRICE_VS_EMA_LONG_ONLY,10,None,332,LONG,2026-05-26T06:00:00,2101.73,2026-05-26T07:00:00,2095.61,1,-0.29,Signal changed to 0.0
PRICE_VS_EMA_LONG_ONLY,10,None,333,LONG,2026-05-26T10:00:00,2127.56,2026-05-26T14:00:00,2109.29,4,-0.86,Signal changed to 0.0
PRICE_VS_EMA_LONG_ONLY,10,None,334,LONG,2026-05-27T00:00:00,2083.36,2026-05-27T01:00:00,2074.53,1,-0.42,Signal changed to 0.0
PRICE_VS_EMA_LONG_ONLY,10,None,335,LONG,2026-05-27T05:00:00,2077.37,2026-05-27T10:00:00,2079.5,5,0.1,Signal changed to 0.0
PRICE_VS_EMA_LONG_ONLY,10,None,336,LONG,2026-05-27T11:00:00,2080.55,2026-05-27T12:00:00,2078.76,1,-0.09,Signal changed to 0.0
PRICE_VS_EMA_LONG_ONLY,10,None,337,LONG,2026-05-28T14:00:00,1993.62,2026-05-28T15:00:00,1990.65,1,-0.15,Signal changed to 0.0
PRICE_VS_EMA_LONG_ONLY,10,None,338,LONG,2026-05-28T16:00:00,2013.19,2026-05-28T22:00:00,2005.6,6,-0.38,Signal changed to 0.0
PRICE_VS_EMA_LONG_ONLY,10,None,339,LONG,2026-05-28T23:00:00,2009.9,2026-05-29T01:00:00,2008.23,2,-0.08,Signal changed to 0.0
PRICE_VS_EMA_LONG_ONLY,10,None,340,LONG,2026-05-29T04:00:00,2008.51,2026-05-29T07:00:00,2007.62,3,-0.04,Signal changed to 0.0
PRICE_VS_EMA_LONG_ONLY,10,None,341,LONG,2026-05-29T09:00:00,2014.85,2026-05-29T11:00:00,2007.58,2,-0.36,Signal changed to 0.0
PRICE_VS_EMA_LONG_ONLY,10,None,342,LONG,2026-05-29T15:00:00,2031.62,2026-05-29T18:00:00,2011.41,3,-0.99,Signal changed to 0.0
PRICE_VS_EMA_LONG_ONLY,10,None,343,LONG,2026-05-29T19:00:00,2016.96,2026-05-29T21:00:00,2009.4,2,-0.37,Signal changed to 0.0
PRICE_VS_EMA_LONG_ONLY,10,None,344,LONG,2026-05-30T01:00:00,2019.46,2026-05-30T03:00:00,2016.83,2,-0.13,Signal changed to 0.0
PRICE_VS_EMA_LONG_ONLY,10,None,345,LONG,2026-05-30T05:00:00,2015.95,2026-05-30T08:00:00,2014.16,3,-0.09,Signal changed to 0.0
PRICE_VS_EMA_LONG_ONLY,10,None,346,LONG,2026-05-30T09:00:00,2016.79,2026-05-30T22:00:00,2023.57,13,0.34,Signal changed to 0.0
PRICE_VS_EMA_LONG_ONLY,10,None,347,LONG,2026-05-31T00:00:00,2027.12,2026-05-31T07:00:00,2024.01,7,-0.15,Signal changed to 0.0
PRICE_VS_EMA_LONG_ONLY,10,None,348,LONG,2026-05-31T21:00:00,2012.18,2026-05-31T23:00:00,2007.01,2,-0.26,Signal changed to 0.0
PRICE_VS_EMA_LONG_ONLY,10,None,349,LONG,2026-06-01T00:00:00,2015.44,2026-06-01T01:00:00,1994.7,1,-1.03,Signal changed to 0.0
PRICE_VS_EMA_LONG_ONLY,10,None,350,LONG,2026-06-01T02:00:00,2011.47,2026-06-01T04:00:00,1999.99,2,-0.57,Signal changed to 0.0
PRICE_VS_EMA_LONG_ONLY,10,None,351,LONG,2026-06-01T17:00:00,1990.62,2026-06-02T01:00:00,1980.15,8,-0.53,Signal changed to 0.0
PRICE_VS_EMA_LONG_ONLY,10,None,352,LONG,2026-06-02T02:00:00,1997.07,2026-06-02T05:00:00,1985.01,3,-0.6,Signal changed to 0.0
PRICE_VS_EMA_LONG_ONLY,10,None,353,LONG,2026-06-03T05:00:00,1873.45,2026-06-03T12:00:00,1876.4,7,0.16,Signal changed to 0.0
PRICE_VS_EMA_LONG_ONLY,10,None,354,LONG,2026-06-03T21:00:00,1850.1,2026-06-03T22:00:00,1829.0,1,-1.14,Signal changed to 0.0
PRICE_VS_EMA_LONG_ONLY,10,None,355,LONG,2026-06-04T03:00:00,1809.24,2026-06-04T05:00:00,1784.06,2,-1.39,Signal changed to 0.0
PRICE_VS_EMA_LONG_ONLY,10,None,356,LONG,2026-06-04T12:00:00,1778.16,2026-06-04T14:00:00,1774.38,2,-0.21,Signal changed to 0.0
PRICE_VS_EMA_LONG_ONLY,10,None,357,LONG,2026-06-04T15:00:00,1777.02,2026-06-04T16:00:00,1772.2,1,-0.27,Signal changed to 0.0
PRICE_VS_EMA_LONG_ONLY,10,None,358,LONG,2026-06-04T18:00:00,1776.28,2026-06-04T21:00:00,1761.2,3,-0.85,Signal changed to 0.0
PRICE_VS_EMA_LONG_ONLY,10,None,359,LONG,2026-06-05T21:00:00,1609.8,2026-06-05T22:00:00,1597.14,1,-0.79,Signal changed to 0.0
PRICE_VS_EMA_LONG_ONLY,10,None,360,LONG,2026-06-06T07:00:00,1575.14,2026-06-06T09:00:00,1570.69,2,-0.28,Signal changed to 0.0
PRICE_VS_EMA_LONG_ONLY,10,None,361,LONG,2026-06-06T12:00:00,1571.32,2026-06-06T13:00:00,1557.03,1,-0.91,Signal changed to 0.0
PRICE_VS_EMA_LONG_ONLY,10,None,362,LONG,2026-06-06T23:00:00,1569.69,2026-06-07T19:00:00,1613.11,20,2.77,Signal changed to 0.0
PRICE_VS_EMA_LONG_ONLY,10,None,363,LONG,2026-06-07T20:00:00,1628.14,2026-06-08T04:00:00,1657.05,8,1.78,Signal changed to 0.0
PRICE_VS_EMA_LONG_ONLY,10,None,364,LONG,2026-06-08T06:00:00,1666.53,2026-06-08T08:00:00,1661.17,2,-0.32,Signal changed to 0.0
PRICE_VS_EMA_LONG_ONLY,10,None,365,LONG,2026-06-08T09:00:00,1671.1,2026-06-08T23:00:00,1690.49,14,1.16,Signal changed to 0.0
PRICE_VS_EMA_LONG_ONLY,10,None,366,LONG,2026-06-09T04:00:00,1686.35,2026-06-09T07:00:00,1679.86,3,-0.38,Signal changed to 0.0
PRICE_VS_EMA_LONG_ONLY,10,None,367,LONG,2026-06-09T12:00:00,1676.9,2026-06-09T13:00:00,1666.71,1,-0.61,Signal changed to 0.0
PRICE_VS_EMA_LONG_ONLY,10,None,368,LONG,2026-06-09T19:00:00,1657.33,2026-06-09T21:00:00,1650.33,2,-0.42,Signal changed to 0.0
PRICE_VS_EMA_LONG_ONLY,10,None,369,LONG,2026-06-10T07:00:00,1640.09,2026-06-10T08:00:00,1621.34,1,-1.14,Signal changed to 0.0
PRICE_VS_EMA_LONG_ONLY,10,None,370,LONG,2026-06-10T12:00:00,1635.4,2026-06-10T17:00:00,1632.32,5,-0.19,Signal changed to 0.0
PRICE_VS_EMA_LONG_ONLY,10,None,371,LONG,2026-06-11T00:00:00,1628.64,2026-06-11T12:00:00,1651.84,12,1.42,Signal changed to 0.0
PRICE_VS_EMA_LONG_ONLY,10,None,372,LONG,2026-06-11T17:00:00,1688.66,2026-06-12T01:00:00,1667.09,8,-1.28,Signal changed to 0.0
PRICE_VS_EMA_LONG_ONLY,10,None,373,LONG,2026-06-12T02:00:00,1675.59,2026-06-12T05:00:00,1664.23,3,-0.68,Signal changed to 0.0
PRICE_VS_EMA_LONG_ONLY,10,None,374,LONG,2026-06-12T08:00:00,1673.53,2026-06-12T12:00:00,1666.54,4,-0.42,Signal changed to 0.0
PRICE_VS_EMA_LONG_ONLY,10,None,375,LONG,2026-06-12T14:00:00,1685.64,2026-06-12T15:00:00,1660.08,1,-1.52,Signal changed to 0.0
PRICE_VS_EMA_LONG_ONLY,10,None,376,LONG,2026-06-12T16:00:00,1672.9,2026-06-12T17:00:00,1668.84,1,-0.24,Signal changed to 0.0
PRICE_VS_EMA_LONG_ONLY,10,None,377,LONG,2026-06-13T00:00:00,1667.47,2026-06-13T03:00:00,1665.25,3,-0.13,Signal changed to 0.0
PRICE_VS_EMA_LONG_ONLY,10,None,378,LONG,2026-06-13T06:00:00,1669.7,2026-06-13T16:00:00,1676.74,10,0.42,Signal changed to 0.0
PRICE_VS_EMA_LONG_ONLY,10,None,379,LONG,2026-06-13T18:00:00,1678.53,2026-06-13T20:00:00,1676.53,2,-0.12,Signal changed to 0.0
PRICE_VS_EMA_LONG_ONLY,10,None,380,LONG,2026-06-13T21:00:00,1686.44,2026-06-14T04:00:00,1677.95,7,-0.5,Signal changed to 0.0
PRICE_VS_EMA_LONG_ONLY,10,None,381,LONG,2026-06-14T09:00:00,1678.49,2026-06-14T10:00:00,1673.13,1,-0.32,Signal changed to 0.0
PRICE_VS_EMA_LONG_ONLY,10,None,382,LONG,2026-06-14T20:00:00,1670.48,2026-06-15T22:00:00,1789.68,26,7.14,Signal changed to 0.0
PRICE_VS_EMA_LONG_ONLY,10,None,383,LONG,2026-06-16T08:00:00,1803.23,2026-06-16T14:00:00,1780.56,6,-1.26,Signal changed to 0.0
PRICE_VS_EMA_LONG_ONLY,10,None,384,LONG,2026-06-16T17:00:00,1795.1,2026-06-16T23:00:00,1792.99,6,-0.12,Signal changed to 0.0
PRICE_VS_EMA_LONG_ONLY,10,None,385,LONG,2026-06-17T00:00:00,1794.22,2026-06-17T03:00:00,1793.58,3,-0.04,Signal changed to 0.0
PRICE_VS_EMA_LONG_ONLY,10,None,386,LONG,2026-06-17T15:00:00,1773.41,2026-06-17T18:00:00,1770.32,3,-0.17,Signal changed to 0.0
PRICE_VS_EMA_LONG_ONLY,10,None,387,LONG,2026-06-18T01:00:00,1754.92,2026-06-18T03:00:00,1744.17,2,-0.61,Signal changed to 0.0
PRICE_VS_EMA_LONG_ONLY,10,None,388,LONG,2026-06-18T07:00:00,1749.79,2026-06-18T11:00:00,1743.31,4,-0.37,Signal changed to 0.0
PRICE_VS_EMA_LONG_ONLY,10,None,389,LONG,2026-06-18T12:00:00,1750.41,2026-06-18T13:00:00,1736.78,1,-0.78,Signal changed to 0.0
PRICE_VS_EMA_LONG_ONLY,10,None,390,LONG,2026-06-18T20:00:00,1710.47,2026-06-18T21:00:00,1708.39,1,-0.12,Signal changed to 0.0
PRICE_VS_EMA_LONG_ONLY,10,None,391,LONG,2026-06-18T23:00:00,1711.11,2026-06-19T02:00:00,1707.15,3,-0.23,Signal changed to 0.0
PRICE_VS_EMA_LONG_ONLY,10,None,392,LONG,2026-06-19T13:00:00,1703.47,2026-06-19T16:00:00,1696.8,3,-0.39,Signal changed to 0.0
PRICE_VS_EMA_LONG_ONLY,10,None,393,LONG,2026-06-19T17:00:00,1704.85,2026-06-19T19:00:00,1701.2,2,-0.21,Signal changed to 0.0
PRICE_VS_EMA_LONG_ONLY,10,None,394,LONG,2026-06-19T20:00:00,1708.96,2026-06-19T21:00:00,1702.03,1,-0.41,Signal changed to 0.0
PRICE_VS_EMA_LONG_ONLY,10,None,395,LONG,2026-06-19T22:00:00,1707.61,2026-06-20T02:00:00,1704.85,4,-0.16,Signal changed to 0.0
PRICE_VS_EMA_LONG_ONLY,10,None,396,LONG,2026-06-20T03:00:00,1708.17,2026-06-20T13:00:00,1717.56,10,0.55,Signal changed to 0.0
PRICE_VS_EMA_LONG_ONLY,10,None,397,LONG,2026-06-20T14:00:00,1733.48,2026-06-20T17:00:00,1726.86,3,-0.38,Signal changed to 0.0
PRICE_VS_EMA_LONG_ONLY,10,None,398,LONG,2026-06-20T19:00:00,1729.27,2026-06-21T04:00:00,1732.85,9,0.21,Signal changed to 0.0
PRICE_VS_EMA_LONG_ONLY,10,None,399,LONG,2026-06-21T06:00:00,1736.14,2026-06-21T07:00:00,1732.36,1,-0.22,Signal changed to 0.0
PRICE_VS_EMA_LONG_ONLY,10,None,400,LONG,2026-06-21T15:00:00,1730.72,2026-06-21T16:00:00,1728.15,1,-0.15,Signal changed to 0.0
PRICE_VS_EMA_LONG_ONLY,10,None,401,LONG,2026-06-21T18:00:00,1735.39,2026-06-21T20:00:00,1721.3,2,-0.81,Signal changed to 0.0
PRICE_VS_EMA_LONG_ONLY,10,None,402,LONG,2026-06-22T00:00:00,1726.95,2026-06-22T15:00:00,1744.74,15,1.03,Signal changed to 0.0
PRICE_VS_EMA_LONG_ONLY,10,None,403,LONG,2026-06-23T20:00:00,1664.13,2026-06-24T02:00:00,1664.03,6,-0.01,Signal changed to 0.0
PRICE_VS_EMA_LONG_ONLY,10,None,404,LONG,2026-06-24T03:00:00,1666.67,2026-06-24T09:00:00,1667.15,6,0.03,Signal changed to 0.0
PRICE_VS_EMA_LONG_ONLY,10,None,405,LONG,2026-06-24T11:00:00,1679.57,2026-06-24T13:00:00,1645.43,2,-2.03,Signal changed to 0.0
PRICE_VS_EMA_LONG_ONLY,10,None,406,LONG,2026-06-24T20:00:00,1613.63,2026-06-25T10:00:00,1636.58,14,1.42,Signal changed to 0.0
PRICE_VS_EMA_LONG_ONLY,10,None,407,LONG,2026-06-25T21:00:00,1580.77,2026-06-25T22:00:00,1570.3,1,-0.66,Signal changed to 0.0
PRICE_VS_EMA_LONG_ONLY,10,None,408,LONG,2026-06-26T06:00:00,1570.99,2026-06-26T09:00:00,1552.99,3,-1.15,Signal changed to 0.0
PRICE_VS_EMA_LONG_ONLY,10,None,409,LONG,2026-06-26T13:00:00,1569.4,2026-06-27T17:00:00,1591.42,28,1.4,Signal changed to 0.0
PRICE_VS_EMA_LONG_ONLY,10,None,410,LONG,2026-06-27T18:00:00,1593.92,2026-06-27T19:00:00,1578.51,1,-0.97,Signal changed to 0.0
PRICE_VS_EMA_LONG_ONLY,10,None,411,LONG,2026-06-28T07:00:00,1575.96,2026-06-28T16:00:00,1572.85,9,-0.2,Signal changed to 0.0
PRICE_VS_EMA_LONG_ONLY,10,None,412,LONG,2026-06-28T23:00:00,1571.96,2026-06-29T01:00:00,1568.7,2,-0.21,Signal changed to 0.0
PRICE_VS_EMA_LONG_ONLY,10,None,413,LONG,2026-06-29T02:00:00,1576.6,2026-06-29T08:00:00,1572.98,6,-0.23,Signal changed to 0.0
PRICE_VS_EMA_LONG_ONLY,10,None,414,LONG,2026-06-29T10:00:00,1578.6,2026-06-29T11:00:00,1574.93,1,-0.23,Signal changed to 0.0
PRICE_VS_EMA_LONG_ONLY,10,None,415,LONG,2026-06-29T15:00:00,1580.26,2026-06-30T00:00:00,1594.41,9,0.9,Signal changed to 0.0
PRICE_VS_EMA_LONG_ONLY,10,None,416,LONG,2026-06-30T18:00:00,1579.11,2026-06-30T21:00:00,1571.68,3,-0.47,Signal changed to 0.0
PRICE_VS_EMA_LONG_ONLY,10,None,417,LONG,2026-07-01T00:00:00,1575.07,2026-07-01T06:00:00,1575.99,6,0.06,Signal changed to 0.0
PRICE_VS_EMA_LONG_ONLY,10,None,418,LONG,2026-07-01T13:00:00,1597.22,2026-07-01T23:00:00,1609.58,10,0.77,Signal changed to 0.0
PRICE_VS_EMA_LONG_ONLY,10,None,419,LONG,2026-07-02T01:00:00,1620.48,2026-07-02T06:00:00,1619.14,5,-0.08,Signal changed to 0.0
PRICE_VS_EMA_LONG_ONLY,10,None,420,LONG,2026-07-02T08:00:00,1624.92,2026-07-04T01:00:00,1747.93,41,7.57,Signal changed to 0.0
PRICE_VS_EMA_LONG_ONLY,10,None,421,LONG,2026-07-04T03:00:00,1753.92,2026-07-04T23:00:00,1780.64,20,1.52,Signal changed to 0.0
PRICE_VS_EMA_LONG_ONLY,10,None,422,LONG,2026-07-05T07:00:00,1770.1,2026-07-05T08:00:00,1767.71,1,-0.14,Signal changed to 0.0
PRICE_VS_EMA_LONG_ONLY,10,None,423,LONG,2026-07-05T13:00:00,1766.26,2026-07-06T03:00:00,1779.71,14,0.76,Signal changed to 0.0
PRICE_VS_EMA_LONG_ONLY,10,None,424,LONG,2026-07-06T15:00:00,1788.57,2026-07-07T01:00:00,1792.64,10,0.23,Signal changed to 0.0
PRICE_VS_EMA_LONG_ONLY,10,None,425,LONG,2026-07-07T09:00:00,1778.16,2026-07-07T10:00:00,1775.8,1,-0.13,Signal changed to 0.0
PRICE_VS_EMA_LONG_ONLY,10,None,426,LONG,2026-07-07T11:00:00,1780.77,2026-07-07T13:00:00,1769.01,2,-0.66,Signal changed to 0.0
PRICE_VS_EMA_LONG_ONLY,10,None,427,LONG,2026-07-07T14:00:00,1789.46,2026-07-07T18:00:00,1786.6,4,-0.16,Signal changed to 0.0
PRICE_VS_EMA_LONG_ONLY,10,None,428,LONG,2026-07-07T19:00:00,1790.45,2026-07-07T20:00:00,1784.12,1,-0.35,Signal changed to 0.0
PRICE_VS_EMA_LONG_ONLY,10,None,429,LONG,2026-07-08T19:00:00,1740.98,2026-07-08T20:00:00,1736.42,1,-0.26,Signal changed to 0.0
PRICE_VS_EMA_LONG_ONLY,10,None,430,LONG,2026-07-08T21:00:00,1738.06,2026-07-09T00:00:00,1738.22,3,0.01,Signal changed to 0.0
PRICE_VS_EMA_LONG_ONLY,10,None,431,LONG,2026-07-09T04:00:00,1742.51,2026-07-09T10:00:00,1746.31,6,0.22,Signal changed to 0.0
PRICE_VS_EMA_LONG_ONLY,10,None,432,LONG,2026-07-09T13:00:00,1746.99,2026-07-09T14:00:00,1743.14,1,-0.22,Signal changed to 0.0
PRICE_VS_EMA_LONG_ONLY,10,None,433,LONG,2026-07-09T17:00:00,1748.52,2026-07-09T23:00:00,1745.16,6,-0.19,Signal changed to 0.0
PRICE_VS_EMA_LONG_ONLY,10,None,434,LONG,2026-07-10T01:00:00,1767.62,2026-07-10T14:00:00,1785.06,13,0.99,Signal changed to 0.0
PRICE_VS_EMA_LONG_ONLY,10,None,435,LONG,2026-07-10T15:00:00,1791.11,2026-07-10T17:00:00,1788.03,2,-0.17,Signal changed to 0.0
PRICE_VS_EMA_LONG_ONLY,10,None,436,LONG,2026-07-10T19:00:00,1792.68,2026-07-11T01:00:00,1789.09,6,-0.2,Signal changed to 0.0
PRICE_VS_EMA_LONG_ONLY,10,None,437,LONG,2026-07-11T02:00:00,1795.59,2026-07-11T09:00:00,1795.5,7,-0.01,Signal changed to 0.0
PRICE_VS_EMA_LONG_ONLY,10,None,438,LONG,2026-07-11T10:00:00,1798.3,2026-07-11T22:00:00,1813.73,12,0.86,Signal changed to 0.0
PRICE_VS_EMA_LONG_ONLY,10,None,439,LONG,2026-07-12T03:00:00,1811.53,2026-07-12T04:00:00,1805.92,1,-0.31,Signal changed to 0.0
PRICE_VS_EMA_LONG_ONLY,10,None,440,LONG,2026-07-12T08:00:00,1805.22,2026-07-12T09:00:00,1802.39,1,-0.16,Signal changed to 0.0
PRICE_VS_EMA_LONG_ONLY,10,None,441,LONG,2026-07-12T11:00:00,1803.77,2026-07-12T21:00:00,1812.28,10,0.47,Signal changed to 0.0
PRICE_VS_EMA_LONG_ONLY,10,None,442,LONG,2026-07-13T00:00:00,1826.59,2026-07-13T01:00:00,1806.83,1,-1.08,Signal changed to 0.0
PRICE_VS_EMA_LONG_ONLY,10,None,443,LONG,2026-07-13T19:00:00,1774.92,2026-07-13T20:00:00,1767.33,1,-0.43,Signal changed to 0.0
PRICE_VS_EMA_LONG_ONLY,10,None,444,LONG,2026-07-13T23:00:00,1776.72,2026-07-15T01:00:00,1870.2,26,5.26,Signal changed to 0.0
PRICE_VS_EMA_LONG_ONLY,10,None,445,LONG,2026-07-15T03:00:00,1876.08,2026-07-15T07:00:00,1870.04,4,-0.32,Signal changed to 0.0
PRICE_VS_EMA_LONG_ONLY,10,None,446,LONG,2026-07-15T08:00:00,1879.22,2026-07-15T23:00:00,1917.86,15,2.06,Signal changed to 0.0
PRICE_VS_EMA_LONG_ONLY,10,None,447,LONG,2026-07-16T01:00:00,1922.7,2026-07-16T03:00:00,1918.7,2,-0.21,Signal changed to 0.0
PRICE_VS_EMA_LONG_ONLY,10,None,448,LONG,2026-07-16T05:00:00,1925.66,2026-07-16T07:00:00,1910.63,2,-0.78,Signal changed to 0.0
PRICE_VS_EMA_LONG_ONLY,10,None,449,LONG,2026-07-17T16:00:00,1835.91,2026-07-18T13:00:00,1841.61,21,0.31,Signal changed to 0.0
PRICE_VS_EMA_LONG_ONLY,10,None,450,LONG,2026-07-18T14:00:00,1845.95,2026-07-18T15:00:00,1844.15,1,-0.1,Signal changed to 0.0
PRICE_VS_EMA_LONG_ONLY,10,None,451,LONG,2026-07-18T16:00:00,1846.11,2026-07-19T09:00:00,1866.16,17,1.09,Signal changed to 0.0
PRICE_VS_EMA_LONG_ONLY,10,None,452,LONG,2026-07-19T10:00:00,1872.25,2026-07-19T16:00:00,1866.8,6,-0.29,Signal changed to 0.0
PRICE_VS_EMA_LONG_ONLY,10,None,453,LONG,2026-07-19T20:00:00,1867.14,2026-07-19T21:00:00,1862.12,1,-0.27,Signal changed to 0.0
PRICE_VS_EMA_LONG_ONLY,10,None,454,LONG,2026-07-19T22:00:00,1870.44,2026-07-20T04:00:00,1868.94,6,-0.08,Signal changed to 0.0
PRICE_VS_EMA_LONG_ONLY,10,None,455,LONG,2026-07-20T10:00:00,1868.85,2026-07-20T13:00:00,1862.68,3,-0.33,Signal changed to 0.0
PRICE_VS_EMA_LONG_ONLY,10,None,456,LONG,2026-07-20T15:00:00,1902.34,2026-07-21T14:00:00,1931.87,23,1.55,Signal changed to 0.0
PRICE_VS_EMA_LONG_ONLY,10,None,457,LONG,2026-07-21T23:00:00,1930.09,2026-07-22T03:00:00,1928.77,4,-0.07,Signal changed to 0.0
PRICE_VS_EMA_LONG_ONLY,10,None,458,LONG,2026-07-22T04:00:00,1936.82,2026-07-22T05:00:00,1919.35,1,-0.9,Signal changed to 0.0
PRICE_VS_EMA_LONG_ONLY,10,None,459,LONG,2026-07-22T09:00:00,1924.49,2026-07-22T12:00:00,1917.17,3,-0.38,Signal changed to 0.0
PRICE_VS_EMA_LONG_ONLY,10,None,460,LONG,2026-07-22T13:00:00,1939.93,2026-07-22T18:00:00,1930.69,5,-0.48,Signal changed to 0.0
PRICE_VS_EMA_LONG_ONLY,10,None,461,LONG,2026-07-22T21:00:00,1938.76,2026-07-23T00:00:00,1932.37,3,-0.33,Signal changed to 0.0
PRICE_VS_EMA_LONG_ONLY,10,None,462,LONG,2026-07-23T08:00:00,1926.54,2026-07-23T09:00:00,1924.36,1,-0.11,Signal changed to 0.0
PRICE_VS_EMA_LONG_ONLY,10,None,463,LONG,2026-07-23T10:00:00,1928.14,2026-07-23T12:00:00,1904.64,2,-1.22,Signal changed to 0.0
PRICE_VS_EMA_LONG_ONLY,10,None,464,LONG,2026-07-24T03:00:00,1880.67,2026-07-24T04:00:00,1876.12,1,-0.24,Signal changed to 0.0
PRICE_VS_EMA_LONG_ONLY,10,None,465,LONG,2026-07-24T05:00:00,1880.97,2026-07-24T10:00:00,1883.82,5,0.15,Signal changed to 0.0
PRICE_VS_EMA_LONG_ONLY,10,None,466,LONG,2026-07-25T04:00:00,1861.28,2026-07-25T05:00:00,1858.42,1,-0.15,Signal changed to 0.0
PRICE_VS_EMA_LONG_ONLY,10,None,467,LONG,2026-07-25T10:00:00,1858.62,2026-07-25T11:00:00,1857.75,1,-0.05,Signal changed to 0.0
PRICE_VS_EMA_LONG_ONLY,10,None,468,LONG,2026-07-25T12:00:00,1860.32,2026-07-27T12:00:00,1957.59,48,5.23,Signal changed to 0.0
PRICE_VS_EMA_LONG_ONLY,10,None,469,LONG,2026-07-27T13:00:00,1961.16,2026-07-27T14:00:00,1932.3,1,-1.47,Signal changed to 0.0
PRICE_VS_EMA_LONG_ONLY,10,None,470,LONG,2026-07-27T19:00:00,1948.31,2026-07-27T21:00:00,1941.9,2,-0.33,Signal changed to 0.0
PRICE_VS_EMA_LONG_ONLY,10,None,471,LONG,2026-07-28T12:00:00,1892.48,2026-07-28T13:00:00,1874.08,1,-0.97,Signal changed to 0.0
PRICE_VS_EMA_LONG_ONLY,10,None,472,LONG,2026-07-28T14:00:00,1888.95,2026-07-29T01:00:00,1905.7,11,0.89,Signal changed to 0.0
PRICE_VS_EMA_LONG_ONLY,10,None,473,LONG,2026-07-29T05:00:00,1912.54,2026-07-29T10:00:00,1912.16,5,-0.02,Signal changed to 0.0
PRICE_VS_EMA_LONG_ONLY,10,None,474,LONG,2026-07-29T11:00:00,1915.26,2026-07-29T12:00:00,1905.23,1,-0.52,Signal changed to 0.0
PRICE_VS_EMA_LONG_ONLY,10,None,475,LONG,2026-07-29T17:00:00,1916.16,2026-07-29T19:00:00,1888.56,2,-1.44,Signal changed to 0.0
PRICE_VS_EMA_LONG_ONLY,10,None,476,LONG,2026-07-29T22:00:00,1907.18,2026-07-30T00:00:00,1898.22,2,-0.47,Signal changed to 0.0
PRICE_VS_EMA_LONG_ONLY,10,None,477,LONG,2026-07-30T01:00:00,1916.77,2026-07-30T04:00:00,1901.99,3,-0.77,Signal changed to 0.0
PRICE_VS_EMA_LONG_ONLY,10,None,478,LONG,2026-07-30T05:00:00,1906.34,2026-07-30T06:00:00,1901.32,1,-0.26,Signal changed to 0.0
PRICE_VS_EMA_LONG_ONLY,10,None,479,LONG,2026-07-30T08:00:00,1914.99,2026-07-30T14:00:00,1917.4,6,0.13,Signal changed to 0.0
PRICE_VS_EMA_LONG_ONLY,10,None,480,LONG,2026-07-30T15:00:00,1918.9,2026-07-30T18:00:00,1916.29,3,-0.14,Signal changed to 0.0
PRICE_VS_EMA_LONG_ONLY,10,None,481,LONG,2026-07-30T19:00:00,1923.68,2026-07-30T21:00:00,1918.67,2,-0.26,Signal changed to 0.0
PRICE_VS_EMA_LONG_ONLY,10,None,482,LONG,2026-07-30T22:00:00,1925.63,2026-07-30T23:00:00,1918.31,1,-0.38,Signal changed to 0.0
PRICE_VS_EMA_LONG_ONLY,10,None,483,LONG,2026-08-01T01:00:00,1867.03,2026-08-01T05:00:00,1867.59,4,0.03,Signal changed to 0.0
PRICE_VS_EMA_LONG_ONLY,10,None,484,LONG,2026-08-01T06:00:00,1870.5,2026-08-01T09:00:00,1867.93,3,-0.14,Signal changed to 0.0
PRICE_VS_EMA_LONG_ONLY,10,None,485,LONG,2026-08-01T12:00:00,1869.06,2026-08-01T16:00:00,1868.79,4,-0.01,Signal changed to 0.0
PRICE_VS_EMA_LONG_ONLY,10,None,486,LONG,2026-08-02T01:00:00,1857.09,2026-08-02T08:00:00,1868.2,7,0.6,Signal changed to 0.0
PRICE_VS_EMA_LONG_ONLY,10,None,487,LONG,2026-08-02T09:00:00,1870.95,2026-08-02T10:00:00,1868.75,1,-0.12,Signal changed to 0.0
PRICE_VS_EMA_LONG_ONLY,10,None,488,LONG,2026-08-02T16:00:00,1863.13,2026-08-03T00:00:00,1873.87,8,0.58,Signal changed to 0.0
PRICE_VS_EMA_LONG_ONLY,10,None,489,LONG,2026-08-03T13:00:00,1859.18,2026-08-03T21:00:00,1863.6,8,0.24,Signal changed to 0.0
PRICE_VS_EMA_LONG_ONLY,10,None,490,LONG,2026-08-04T01:00:00,1867.64,2026-08-04T06:00:00,1856.96,5,-0.57,Signal changed to 0.0
PRICE_VS_EMA_LONG_ONLY,10,None,491,LONG,2026-08-04T07:00:00,1863.87,2026-08-04T08:00:00,1857.89,1,-0.32,Signal changed to 0.0
PRICE_VS_EMA_LONG_ONLY,10,None,492,LONG,2026-08-04T10:00:00,1866.94,2026-08-04T13:00:00,1862.06,3,-0.26,Signal changed to 0.0
PRICE_VS_EMA_LONG_ONLY,10,None,493,LONG,2026-08-04T14:00:00,1873.03,2026-08-04T23:00:00,1869.75,9,-0.18,Signal changed to 0.0
PRICE_VS_EMA_LONG_ONLY,10,None,494,LONG,2026-08-05T01:00:00,1873.37,2026-08-05T03:00:00,1867.75,2,-0.3,Signal changed to 0.0
PRICE_VS_EMA_LONG_ONLY,10,None,495,LONG,2026-08-05T05:00:00,1873.46,2026-08-05T06:00:00,1869.88,1,-0.19,Signal changed to 0.0
PRICE_VS_EMA_LONG_ONLY,10,None,496,LONG,2026-08-05T07:00:00,1872.2,2026-08-05T08:00:00,1869.99,1,-0.12,Signal changed to 0.0
PRICE_VS_EMA_LONG_ONLY,10,None,497,LONG,2026-08-05T09:00:00,1871.94,2026-08-05T10:00:00,1868.33,1,-0.19,Signal changed to 0.0
PRICE_VS_EMA_LONG_ONLY,10,None,498,LONG,2026-08-05T12:00:00,1876.25,2026-08-06T02:00:00,1899.21,14,1.22,Signal changed to 0.0
PRICE_VS_EMA_LONG_ONLY,10,None,499,LONG,2026-08-06T04:00:00,1907.7,2026-08-06T09:00:00,1907.67,5,-0.0,Signal changed to 0.0
PRICE_VS_EMA_LONG_ONLY,10,None,500,LONG,2026-08-06T11:00:00,1907.77,2026-08-06T12:00:00,1899.09,1,-0.45,Signal changed to 0.0
PRICE_VS_EMA_LONG_ONLY,10,None,501,LONG,2026-08-06T13:00:00,1907.43,2026-08-06T18:00:00,1905.95,5,-0.08,Signal changed to 0.0
PRICE_VS_EMA_LONG_ONLY,10,None,502,LONG,2026-08-06T19:00:00,1910.06,2026-08-06T20:00:00,1907.14,1,-0.15,Signal changed to 0.0
PRICE_VS_EMA_LONG_ONLY,10,None,503,LONG,2026-08-07T06:00:00,1904.53,2026-08-07T07:00:00,1902.36,1,-0.11,Signal changed to 0.0
PRICE_VS_EMA_LONG_ONLY,10,None,504,LONG,2026-08-07T08:00:00,1910.7,2026-08-07T14:00:00,1913.57,6,0.15,Signal changed to 0.0
PRICE_VS_EMA_LONG_ONLY,10,None,505,LONG,2026-08-07T15:00:00,1917.88,2026-08-07T16:00:00,1909.51,1,-0.44,Signal changed to 0.0
PRICE_VS_EMA_LONG_ONLY,10,None,506,LONG,2026-08-07T19:00:00,1918.85,2026-08-07T23:00:00,1914.18,4,-0.24,Signal changed to 0.0
PRICE_VS_EMA_LONG_ONLY,10,None,507,LONG,2026-08-08T01:00:00,1914.65,2026-08-08T02:00:00,1913.18,1,-0.08,Signal changed to 0.0
PRICE_VS_EMA_LONG_ONLY,10,None,508,LONG,2026-08-08T03:00:00,1918.08,2026-08-08T07:00:00,1915.11,4,-0.15,Signal changed to 0.0
PRICE_VS_EMA_LONG_ONLY,10,None,509,LONG,2026-08-08T08:00:00,1916.85,2026-08-08T18:00:00,1921.1,10,0.22,Signal changed to 0.0
PRICE_VS_EMA_LONG_ONLY,10,None,510,LONG,2026-08-09T06:00:00,1919.33,2026-08-09T08:00:00,1915.94,2,-0.18,Signal changed to 0.0
PRICE_VS_EMA_LONG_ONLY,10,None,511,LONG,2026-08-09T09:00:00,1921.45,2026-08-09T12:00:00,1917.5,3,-0.21,Signal changed to 0.0
PRICE_VS_EMA_LONG_ONLY,10,None,512,LONG,2026-08-09T13:00:00,1923.36,2026-08-09T18:00:00,1921.52,5,-0.1,Signal changed to 0.0
PRICE_VS_EMA_LONG_ONLY,10,None,513,LONG,2026-08-09T19:00:00,1922.04,2026-08-09T20:00:00,1920.73,1,-0.07,Signal changed to 0.0
PRICE_VS_EMA_LONG_ONLY,10,None,514,LONG,2026-08-09T21:00:00,1924.73,2026-08-09T22:00:00,1919.55,1,-0.27,Signal changed to 0.0
PRICE_VS_EMA_LONG_ONLY,10,None,515,LONG,2026-08-10T01:00:00,1925.23,2026-08-10T03:00:00,1917.44,2,-0.4,Signal changed to 0.0
PRICE_VS_EMA_LONG_ONLY,10,None,516,LONG,2026-08-10T05:00:00,1923.17,2026-08-10T09:00:00,1916.39,4,-0.35,Signal changed to 0.0
PRICE_VS_EMA_LONG_ONLY,10,None,517,LONG,2026-08-11T03:00:00,1881.03,2026-08-11T04:00:00,1876.25,1,-0.25,Signal changed to 0.0
PRICE_VS_EMA_LONG_ONLY,10,None,518,LONG,2026-08-11T07:00:00,1877.95,2026-08-11T14:00:00,1873.69,7,-0.23,Signal changed to 0.0
PRICE_VS_EMA_LONG_ONLY,10,None,519,LONG,2026-08-11T19:00:00,1881.9,2026-08-12T14:00:00,1887.79,19,0.31,Signal changed to 0.0
PRICE_VS_EMA_LONG_ONLY,10,None,520,LONG,2026-08-13T03:00:00,1887.52,2026-08-13T08:00:00,1890.05,5,0.13,Signal changed to 0.0
PRICE_VS_EMA_LONG_ONLY,10,None,521,LONG,2026-08-13T12:00:00,1889.04,2026-08-13T15:00:00,1880.01,3,-0.48,Signal changed to 0.0
PRICE_VS_EMA_LONG_ONLY,10,None,522,LONG,2026-08-13T18:00:00,1885.52,2026-08-13T23:00:00,1886.15,5,0.03,Signal changed to 0.0
PRICE_VS_EMA_LONG_ONLY,10,None,523,LONG,2026-08-14T00:00:00,1889.4,2026-08-14T02:00:00,1886.62,2,-0.15,Signal changed to 0.0
PRICE_VS_EMA_LONG_ONLY,10,None,524,LONG,2026-08-14T15:00:00,1881.56,2026-08-14T18:00:00,1875.76,3,-0.31,Signal changed to 0.0
PRICE_VS_EMA_LONG_ONLY,10,None,525,LONG,2026-08-14T19:00:00,1880.89,2026-08-15T05:00:00,1880.66,10,-0.01,Signal changed to 0.0
PRICE_VS_EMA_LONG_ONLY,10,None,526,LONG,2026-08-15T06:00:00,1882.16,2026-08-15T07:00:00,1880.4,1,-0.09,Signal changed to 0.0
PRICE_VS_EMA_LONG_ONLY,10,None,527,LONG,2026-08-15T10:00:00,1881.01,2026-08-15T11:00:00,1879.49,1,-0.08,Signal changed to 0.0
PRICE_VS_EMA_LONG_ONLY,10,None,528,LONG,2026-08-15T12:00:00,1883.86,2026-08-15T18:00:00,1882.82,6,-0.06,Signal changed to 0.0
PRICE_VS_EMA_LONG_ONLY,10,None,529,LONG,2026-08-15T19:00:00,1884.55,2026-08-15T20:00:00,1883.42,1,-0.06,Signal changed to 0.0
PRICE_VS_EMA_LONG_ONLY,10,None,530,LONG,2026-08-15T21:00:00,1885.17,2026-08-15T23:00:00,1882.64,2,-0.13,Signal changed to 0.0
PRICE_VS_EMA_LONG_ONLY,10,None,531,LONG,2026-08-16T02:00:00,1883.71,2026-08-16T04:00:00,1881.7,2,-0.11,Signal changed to 0.0
PRICE_VS_EMA_LONG_ONLY,10,None,532,LONG,2026-08-16T13:00:00,1881.96,2026-08-16T20:00:00,1882.0,7,0.0,Signal changed to 0.0
PRICE_VS_EMA_LONG_ONLY,10,None,533,LONG,2026-08-17T01:00:00,1891.65,2026-08-17T08:00:00,1894.43,7,0.15,Signal changed to 0.0
PRICE_VS_EMA_LONG_ONLY,10,None,534,LONG,2026-08-17T10:00:00,1907.16,2026-08-17T21:00:00,1906.35,11,-0.04,Signal changed to 0.0
PRICE_VS_EMA_LONG_ONLY,10,None,535,LONG,2026-08-17T23:00:00,1913.6,2026-08-18T01:00:00,1901.54,2,-0.63,Signal changed to 0.0
PRICE_VS_EMA_LONG_ONLY,10,None,536,LONG,2026-08-18T06:00:00,1902.83,2026-08-18T07:00:00,1898.84,1,-0.21,Signal changed to 0.0
PRICE_VS_EMA_LONG_ONLY,10,None,537,LONG,2026-08-18T11:00:00,1903.11,2026-08-18T12:00:00,1899.48,1,-0.19,Signal changed to 0.0
PRICE_VS_EMA_LONG_ONLY,10,None,538,LONG,2026-08-18T14:00:00,1911.02,2026-08-19T02:00:00,1907.7,12,-0.17,Signal changed to 0.0
PRICE_VS_EMA_LONG_ONLY,10,None,539,LONG,2026-08-19T03:00:00,1912.15,2026-08-19T04:00:00,1910.85,1,-0.07,Signal changed to 0.0
PRICE_VS_EMA_LONG_ONLY,10,None,540,LONG,2026-08-19T06:00:00,1917.63,2026-08-21T11:00:00,2370.47,53,23.61,Signal changed to 0.0
PRICE_VS_EMA_LONG_ONLY,10,None,541,LONG,2026-08-21T12:00:00,2388.62,2026-08-22T05:00:00,2439.95,17,2.15,Signal changed to 0.0
PRICE_VS_EMA_LONG_ONLY,20,None,1,LONG,2026-01-01T01:00:00,2984.32,2026-01-01T03:00:00,2980.0,2,-0.14,Signal changed to 0.0
PRICE_VS_EMA_LONG_ONLY,20,None,2,LONG,2026-01-01T05:00:00,2981.49,2026-01-01T06:00:00,2975.89,1,-0.19,Signal changed to 0.0
PRICE_VS_EMA_LONG_ONLY,20,None,3,LONG,2026-01-01T08:00:00,2982.59,2026-01-01T16:00:00,2982.29,8,-0.01,Signal changed to 0.0
PRICE_VS_EMA_LONG_ONLY,20,None,4,LONG,2026-01-01T17:00:00,2990.44,2026-01-03T06:00:00,3098.34,37,3.61,Signal changed to 0.0
PRICE_VS_EMA_LONG_ONLY,20,None,5,LONG,2026-01-03T09:00:00,3100.9,2026-01-03T10:00:00,3097.31,1,-0.12,Signal changed to 0.0
PRICE_VS_EMA_LONG_ONLY,20,None,6,LONG,2026-01-03T12:00:00,3105.04,2026-01-04T18:00:00,3135.03,30,0.97,Signal changed to 0.0
PRICE_VS_EMA_LONG_ONLY,20,None,7,LONG,2026-01-04T20:00:00,3142.09,2026-01-05T05:00:00,3149.93,9,0.25,Signal changed to 0.0
PRICE_VS_EMA_LONG_ONLY,20,None,8,LONG,2026-01-05T06:00:00,3157.68,2026-01-05T13:00:00,3154.39,7,-0.1,Signal changed to 0.0
PRICE_VS_EMA_LONG_ONLY,20,None,9,LONG,2026-01-05T14:00:00,3167.0,2026-01-06T17:00:00,3196.43,27,0.93,Signal changed to 0.0
PRICE_VS_EMA_LONG_ONLY,20,None,10,LONG,2026-01-06T20:00:00,3241.71,2026-01-07T05:00:00,3248.63,9,0.21,Signal changed to 0.0
PRICE_VS_EMA_LONG_ONLY,20,None,11,LONG,2026-01-07T06:00:00,3250.97,2026-01-07T09:00:00,3200.18,3,-1.56,Signal changed to 0.0
PRICE_VS_EMA_LONG_ONLY,20,None,12,LONG,2026-01-08T17:00:00,3134.95,2026-01-08T18:00:00,3120.22,1,-0.47,Signal changed to 0.0
PRICE_VS_EMA_LONG_ONLY,20,None,13,LONG,2026-01-09T03:00:00,3119.6,2026-01-09T04:00:00,3116.53,1,-0.1,Signal changed to 0.0
PRICE_VS_EMA_LONG_ONLY,20,None,14,LONG,2026-01-09T06:00:00,3123.2,2026-01-09T07:00:00,3111.2,1,-0.38,Signal changed to 0.0
PRICE_VS_EMA_LONG_ONLY,20,None,15,LONG,2026-01-09T15:00:00,3112.08,2026-01-09T18:00:00,3094.97,3,-0.55,Signal changed to 0.0
PRICE_VS_EMA_LONG_ONLY,20,None,16,LONG,2026-01-10T07:00:00,3092.77,2026-01-10T08:00:00,3090.29,1,-0.08,Signal changed to 0.0
PRICE_VS_EMA_LONG_ONLY,20,None,17,LONG,2026-01-10T09:00:00,3096.09,2026-01-10T14:00:00,3091.64,5,-0.14,Signal changed to 0.0
PRICE_VS_EMA_LONG_ONLY,20,None,18,LONG,2026-01-10T15:00:00,3095.64,2026-01-10T17:00:00,3092.95,2,-0.09,Signal changed to 0.0
PRICE_VS_EMA_LONG_ONLY,20,None,19,LONG,2026-01-11T00:00:00,3091.98,2026-01-11T22:00:00,3109.61,22,0.57,Signal changed to 0.0
PRICE_VS_EMA_LONG_ONLY,20,None,20,LONG,2026-01-11T23:00:00,3123.45,2026-01-12T08:00:00,3115.47,9,-0.26,Signal changed to 0.0
PRICE_VS_EMA_LONG_ONLY,20,None,21,LONG,2026-01-12T15:00:00,3130.17,2026-01-12T17:00:00,3104.88,2,-0.81,Signal changed to 0.0
PRICE_VS_EMA_LONG_ONLY,20,None,22,LONG,2026-01-12T19:00:00,3121.83,2026-01-12T20:00:00,3102.57,1,-0.62,Signal changed to 0.0
PRICE_VS_EMA_LONG_ONLY,20,None,23,LONG,2026-01-13T03:00:00,3116.14,2026-01-15T00:00:00,3331.35,45,6.91,Signal changed to 0.0
PRICE_VS_EMA_LONG_ONLY,20,None,24,LONG,2026-01-15T07:00:00,3330.0,2026-01-15T15:00:00,3330.65,8,0.02,Signal changed to 0.0
PRICE_VS_EMA_LONG_ONLY,20,None,25,LONG,2026-01-16T06:00:00,3313.99,2026-01-16T07:00:00,3309.41,1,-0.14,Signal changed to 0.0
PRICE_VS_EMA_LONG_ONLY,20,None,26,LONG,2026-01-16T08:00:00,3313.35,2026-01-16T09:00:00,3307.44,1,-0.18,Signal changed to 0.0
PRICE_VS_EMA_LONG_ONLY,20,None,27,LONG,2026-01-16T23:00:00,3296.28,2026-01-17T00:00:00,3292.91,1,-0.1,Signal changed to 0.0
PRICE_VS_EMA_LONG_ONLY,20,None,28,LONG,2026-01-17T08:00:00,3296.48,2026-01-17T22:00:00,3302.0,14,0.17,Signal changed to 0.0
PRICE_VS_EMA_LONG_ONLY,20,None,29,LONG,2026-01-17T23:00:00,3310.56,2026-01-18T00:00:00,3304.53,1,-0.18,Signal changed to 0.0
PRICE_VS_EMA_LONG_ONLY,20,None,30,LONG,2026-01-18T03:00:00,3316.16,2026-01-18T07:00:00,3307.3,4,-0.27,Signal changed to 0.0
PRICE_VS_EMA_LONG_ONLY,20,None,31,LONG,2026-01-18T08:00:00,3315.47,2026-01-18T23:00:00,3284.03,15,-0.95,Signal changed to 0.0
PRICE_VS_EMA_LONG_ONLY,20,None,32,LONG,2026-01-21T14:00:00,2981.09,2026-01-21T16:00:00,2891.58,2,-3.0,Signal changed to 0.0
PRICE_VS_EMA_LONG_ONLY,20,None,33,LONG,2026-01-21T19:00:00,3055.56,2026-01-21T23:00:00,2982.27,4,-2.4,Signal changed to 0.0
PRICE_VS_EMA_LONG_ONLY,20,None,34,LONG,2026-01-22T00:00:00,3005.39,2026-01-22T07:00:00,3000.94,7,-0.15,Signal changed to 0.0
PRICE_VS_EMA_LONG_ONLY,20,None,35,LONG,2026-01-22T08:00:00,3005.75,2026-01-22T10:00:00,3002.64,2,-0.1,Signal changed to 0.0
PRICE_VS_EMA_LONG_ONLY,20,None,36,LONG,2026-01-23T01:00:00,2968.88,2026-01-23T02:00:00,2952.83,1,-0.54,Signal changed to 0.0
PRICE_VS_EMA_LONG_ONLY,20,None,37,LONG,2026-01-23T03:00:00,2964.42,2026-01-23T06:00:00,2939.88,3,-0.83,Signal changed to 0.0
PRICE_VS_EMA_LONG_ONLY,20,None,38,LONG,2026-01-23T15:00:00,2952.75,2026-01-23T20:00:00,2940.16,5,-0.43,Signal changed to 0.0
PRICE_VS_EMA_LONG_ONLY,20,None,39,LONG,2026-01-23T22:00:00,2960.02,2026-01-24T00:00:00,2950.99,2,-0.31,Signal changed to 0.0
PRICE_VS_EMA_LONG_ONLY,20,None,40,LONG,2026-01-24T01:00:00,2956.12,2026-01-24T13:00:00,2948.92,12,-0.24,Signal changed to 0.0
PRICE_VS_EMA_LONG_ONLY,20,None,41,LONG,2026-01-24T14:00:00,2959.48,2026-01-24T15:00:00,2957.25,1,-0.08,Signal changed to 0.0
PRICE_VS_EMA_LONG_ONLY,20,None,42,LONG,2026-01-24T16:00:00,2958.9,2026-01-24T19:00:00,2953.93,3,-0.17,Signal changed to 0.0
PRICE_VS_EMA_LONG_ONLY,20,None,43,LONG,2026-01-24T22:00:00,2963.0,2026-01-24T23:00:00,2953.22,1,-0.33,Signal changed to 0.0
PRICE_VS_EMA_LONG_ONLY,20,None,44,LONG,2026-01-25T00:00:00,2958.87,2026-01-25T01:00:00,2955.15,1,-0.13,Signal changed to 0.0
PRICE_VS_EMA_LONG_ONLY,20,None,45,LONG,2026-01-26T01:00:00,2882.69,2026-01-26T02:00:00,2865.98,1,-0.58,Signal changed to 0.0
PRICE_VS_EMA_LONG_ONLY,20,None,46,LONG,2026-01-26T06:00:00,2891.64,2026-01-27T09:00:00,2907.69,27,0.56,Signal changed to 0.0
PRICE_VS_EMA_LONG_ONLY,20,None,47,LONG,2026-01-27T14:00:00,2918.65,2026-01-28T16:00:00,2999.72,26,2.78,Signal changed to 0.0
PRICE_VS_EMA_LONG_ONLY,20,None,48,LONG,2026-01-28T17:00:00,3014.89,2026-01-28T23:00:00,3010.78,6,-0.14,Signal changed to 0.0
PRICE_VS_EMA_LONG_ONLY,20,None,49,LONG,2026-02-02T09:00:00,2291.57,2026-02-02T10:00:00,2277.8,1,-0.6,Signal changed to 0.0
PRICE_VS_EMA_LONG_ONLY,20,None,50,LONG,2026-02-02T12:00:00,2311.66,2026-02-03T02:00:00,2298.72,14,-0.56,Signal changed to 0.0
PRICE_VS_EMA_LONG_ONLY,20,None,51,LONG,2026-02-03T03:00:00,2344.03,2026-02-03T05:00:00,2316.12,2,-1.19,Signal changed to 0.0
PRICE_VS_EMA_LONG_ONLY,20,None,52,LONG,2026-02-03T20:00:00,2299.46,2026-02-03T22:00:00,2236.38,2,-2.74,Signal changed to 0.0
PRICE_VS_EMA_LONG_ONLY,20,None,53,LONG,2026-02-04T01:00:00,2268.64,2026-02-04T02:00:00,2251.82,1,-0.74,Signal changed to 0.0
PRICE_VS_EMA_LONG_ONLY,20,None,54,LONG,2026-02-04T03:00:00,2283.37,2026-02-04T05:00:00,2265.4,2,-0.79,Signal changed to 0.0
PRICE_VS_EMA_LONG_ONLY,20,None,55,LONG,2026-02-04T06:00:00,2277.54,2026-02-04T09:00:00,2260.65,3,-0.74,Signal changed to 0.0
PRICE_VS_EMA_LONG_ONLY,20,None,56,LONG,2026-02-06T05:00:00,1958.69,2026-02-06T06:00:00,1908.32,1,-2.57,Signal changed to 0.0
PRICE_VS_EMA_LONG_ONLY,20,None,57,LONG,2026-02-06T13:00:00,1950.31,2026-02-07T07:00:00,2027.1,18,3.94,Signal changed to 0.0
PRICE_VS_EMA_LONG_ONLY,20,None,58,LONG,2026-02-07T12:00:00,2041.33,2026-02-07T14:00:00,2020.41,2,-1.02,Signal changed to 0.0
PRICE_VS_EMA_LONG_ONLY,20,None,59,LONG,2026-02-07T15:00:00,2052.54,2026-02-08T16:00:00,2080.97,25,1.39,Signal changed to 0.0
PRICE_VS_EMA_LONG_ONLY,20,None,60,LONG,2026-02-08T18:00:00,2109.47,2026-02-08T21:00:00,2093.9,3,-0.74,Signal changed to 0.0
PRICE_VS_EMA_LONG_ONLY,20,None,61,LONG,2026-02-08T22:00:00,2108.43,2026-02-08T23:00:00,2089.74,1,-0.89,Signal changed to 0.0
PRICE_VS_EMA_LONG_ONLY,20,None,62,LONG,2026-02-09T03:00:00,2100.25,2026-02-09T04:00:00,2090.35,1,-0.47,Signal changed to 0.0
PRICE_VS_EMA_LONG_ONLY,20,None,63,LONG,2026-02-09T05:00:00,2095.82,2026-02-09T06:00:00,2081.43,1,-0.69,Signal changed to 0.0
PRICE_VS_EMA_LONG_ONLY,20,None,64,LONG,2026-02-09T16:00:00,2091.21,2026-02-10T03:00:00,2064.96,11,-1.26,Signal changed to 0.0
PRICE_VS_EMA_LONG_ONLY,20,None,65,LONG,2026-02-10T17:00:00,2040.2,2026-02-10T18:00:00,2009.44,1,-1.51,Signal changed to 0.0
PRICE_VS_EMA_LONG_ONLY,20,None,66,LONG,2026-02-11T21:00:00,1970.45,2026-02-11T22:00:00,1951.47,1,-0.96,Signal changed to 0.0
PRICE_VS_EMA_LONG_ONLY,20,None,67,LONG,2026-02-12T00:00:00,1958.8,2026-02-12T02:00:00,1958.69,2,-0.01,Signal changed to 0.0
PRICE_VS_EMA_LONG_ONLY,20,None,68,LONG,2026-02-12T03:00:00,1968.69,2026-02-12T15:00:00,1948.47,12,-1.03,Signal changed to 0.0
PRICE_VS_EMA_LONG_ONLY,20,None,69,LONG,2026-02-12T23:00:00,1947.85,2026-02-13T00:00:00,1933.26,1,-0.75,Signal changed to 0.0
PRICE_VS_EMA_LONG_ONLY,20,None,70,LONG,2026-02-13T02:00:00,1948.3,2026-02-13T04:00:00,1944.78,2,-0.18,Signal changed to 0.0
PRICE_VS_EMA_LONG_ONLY,20,None,71,LONG,2026-02-13T08:00:00,1958.95,2026-02-15T01:00:00,2064.19,41,5.37,Signal changed to 0.0
PRICE_VS_EMA_LONG_ONLY,20,None,72,LONG,2026-02-15T04:00:00,2076.31,2026-02-15T08:00:00,2069.2,4,-0.34,Signal changed to 0.0
PRICE_VS_EMA_LONG_ONLY,20,None,73,LONG,2026-02-16T09:00:00,1987.67,2026-02-16T10:00:00,1978.88,1,-0.44,Signal changed to 0.0
PRICE_VS_EMA_LONG_ONLY,20,None,74,LONG,2026-02-16T12:00:00,2006.24,2026-02-16T13:00:00,1967.7,1,-1.92,Signal changed to 0.0
PRICE_VS_EMA_LONG_ONLY,20,None,75,LONG,2026-02-16T17:00:00,1978.99,2026-02-16T18:00:00,1968.93,1,-0.51,Signal changed to 0.0
PRICE_VS_EMA_LONG_ONLY,20,None,76,LONG,2026-02-16T20:00:00,1993.2,2026-02-17T03:00:00,1985.7,7,-0.38,Signal changed to 0.0
PRICE_VS_EMA_LONG_ONLY,20,None,77,LONG,2026-02-17T04:00:00,1989.44,2026-02-17T05:00:00,1975.68,1,-0.69,Signal changed to 0.0
PRICE_VS_EMA_LONG_ONLY,20,None,78,LONG,2026-02-17T07:00:00,1985.91,2026-02-17T08:00:00,1977.08,1,-0.44,Signal changed to 0.0
PRICE_VS_EMA_LONG_ONLY,20,None,79,LONG,2026-02-17T13:00:00,1990.53,2026-02-17T14:00:00,1948.49,1,-2.11,Signal changed to 0.0
PRICE_VS_EMA_LONG_ONLY,20,None,80,LONG,2026-02-17T16:00:00,1980.36,2026-02-17T17:00:00,1966.27,1,-0.71,Signal changed to 0.0
PRICE_VS_EMA_LONG_ONLY,20,None,81,LONG,2026-02-17T18:00:00,1998.69,2026-02-18T00:00:00,1981.54,6,-0.86,Signal changed to 0.0
PRICE_VS_EMA_LONG_ONLY,20,None,82,LONG,2026-02-18T02:00:00,1987.61,2026-02-18T11:00:00,1981.43,9,-0.31,Signal changed to 0.0
PRICE_VS_EMA_LONG_ONLY,20,None,83,LONG,2026-02-19T02:00:00,1968.06,2026-02-19T08:00:00,1970.5,6,0.12,Signal changed to 0.0
PRICE_VS_EMA_LONG_ONLY,20,None,84,LONG,2026-02-19T20:00:00,1950.29,2026-02-19T22:00:00,1943.96,2,-0.32,Signal changed to 0.0
PRICE_VS_EMA_LONG_ONLY,20,None,85,LONG,2026-02-19T23:00:00,1949.08,2026-02-20T04:00:00,1939.17,5,-0.51,Signal changed to 0.0
PRICE_VS_EMA_LONG_ONLY,20,None,86,LONG,2026-02-20T05:00:00,1955.23,2026-02-20T11:00:00,1943.98,6,-0.58,Signal changed to 0.0
PRICE_VS_EMA_LONG_ONLY,20,None,87,LONG,2026-02-20T15:00:00,1963.95,2026-02-21T03:00:00,1959.03,12,-0.25,Signal changed to 0.0
PRICE_VS_EMA_LONG_ONLY,20,None,88,LONG,2026-02-21T04:00:00,1962.4,2026-02-21T06:00:00,1961.5,2,-0.05,Signal changed to 0.0
PRICE_VS_EMA_LONG_ONLY,20,None,89,LONG,2026-02-21T07:00:00,1962.71,2026-02-21T20:00:00,1974.14,13,0.58,Signal changed to 0.0
PRICE_VS_EMA_LONG_ONLY,20,None,90,LONG,2026-02-21T21:00:00,1982.04,2026-02-21T22:00:00,1974.4,1,-0.39,Signal changed to 0.0
PRICE_VS_EMA_LONG_ONLY,20,None,91,LONG,2026-02-22T01:00:00,1977.37,2026-02-22T02:00:00,1972.23,1,-0.26,Signal changed to 0.0
PRICE_VS_EMA_LONG_ONLY,20,None,92,LONG,2026-02-22T06:00:00,1976.05,2026-02-22T08:00:00,1973.39,2,-0.13,Signal changed to 0.0
PRICE_VS_EMA_LONG_ONLY,20,None,93,LONG,2026-02-22T09:00:00,1975.83,2026-02-22T12:00:00,1966.37,3,-0.48,Signal changed to 0.0
PRICE_VS_EMA_LONG_ONLY,20,None,94,LONG,2026-02-22T22:00:00,1958.54,2026-02-22T23:00:00,1957.82,1,-0.04,Signal changed to 0.0
PRICE_VS_EMA_LONG_ONLY,20,None,95,LONG,2026-02-23T09:00:00,1918.0,2026-02-23T14:00:00,1906.92,5,-0.58,Signal changed to 0.0
PRICE_VS_EMA_LONG_ONLY,20,None,96,LONG,2026-02-24T15:00:00,1847.59,2026-02-26T15:00:00,2033.34,48,10.05,Signal changed to 0.0
PRICE_VS_EMA_LONG_ONLY,20,None,97,LONG,2026-02-26T22:00:00,2033.29,2026-02-26T23:00:00,2027.68,1,-0.28,Signal changed to 0.0
PRICE_VS_EMA_LONG_ONLY,20,None,98,LONG,2026-02-27T03:00:00,2045.39,2026-02-27T07:00:00,2032.69,4,-0.62,Signal changed to 0.0
PRICE_VS_EMA_LONG_ONLY,20,None,99,LONG,2026-02-27T08:00:00,2033.38,2026-02-27T09:00:00,2010.01,1,-1.15,Signal changed to 0.0
PRICE_VS_EMA_LONG_ONLY,20,None,100,LONG,2026-02-28T13:00:00,1905.58,2026-02-28T14:00:00,1887.75,1,-0.94,Signal changed to 0.0
PRICE_VS_EMA_LONG_ONLY,20,None,101,LONG,2026-02-28T16:00:00,1903.98,2026-03-01T16:00:00,1974.03,24,3.68,Signal changed to 0.0
PRICE_VS_EMA_LONG_ONLY,20,None,102,LONG,2026-03-02T00:00:00,1960.86,2026-03-02T02:00:00,1955.63,2,-0.27,Signal changed to 0.0
PRICE_VS_EMA_LONG_ONLY,20,None,103,LONG,2026-03-02T03:00:00,1972.3,2026-03-02T06:00:00,1943.31,3,-1.47,Signal changed to 0.0
PRICE_VS_EMA_LONG_ONLY,20,None,104,LONG,2026-03-02T14:00:00,1979.75,2026-03-03T03:00:00,2008.88,13,1.47,Signal changed to 0.0
PRICE_VS_EMA_LONG_ONLY,20,None,105,LONG,2026-03-03T16:00:00,1983.98,2026-03-03T20:00:00,1978.34,4,-0.28,Signal changed to 0.0
PRICE_VS_EMA_LONG_ONLY,20,None,106,LONG,2026-03-03T22:00:00,1983.31,2026-03-04T00:00:00,1976.68,2,-0.33,Signal changed to 0.0
PRICE_VS_EMA_LONG_ONLY,20,None,107,LONG,2026-03-04T01:00:00,1981.73,2026-03-04T02:00:00,1979.24,1,-0.13,Signal changed to 0.0
PRICE_VS_EMA_LONG_ONLY,20,None,108,LONG,2026-03-04T06:00:00,1980.33,2026-03-05T07:00:00,2104.96,25,6.29,Signal changed to 0.0
PRICE_VS_EMA_LONG_ONLY,20,None,109,LONG,2026-03-05T08:00:00,2117.64,2026-03-05T13:00:00,2117.6,5,-0.0,Signal changed to 0.0
PRICE_VS_EMA_LONG_ONLY,20,None,110,LONG,2026-03-08T09:00:00,1963.54,2026-03-08T11:00:00,1951.38,2,-0.62,Signal changed to 0.0
PRICE_VS_EMA_LONG_ONLY,20,None,111,LONG,2026-03-08T19:00:00,1964.91,2026-03-08T22:00:00,1943.2,3,-1.1,Signal changed to 0.0
PRICE_VS_EMA_LONG_ONLY,20,None,112,LONG,2026-03-09T00:00:00,1950.99,2026-03-09T01:00:00,1946.0,1,-0.26,Signal changed to 0.0
PRICE_VS_EMA_LONG_ONLY,20,None,113,LONG,2026-03-09T02:00:00,1959.66,2026-03-09T22:00:00,2002.53,20,2.19,Signal changed to 0.0
PRICE_VS_EMA_LONG_ONLY,20,None,114,LONG,2026-03-10T00:00:00,2015.37,2026-03-10T13:00:00,2033.63,13,0.91,Signal changed to 0.0
PRICE_VS_EMA_LONG_ONLY,20,None,115,LONG,2026-03-10T14:00:00,2075.19,2026-03-10T18:00:00,2039.68,4,-1.71,Signal changed to 0.0
PRICE_VS_EMA_LONG_ONLY,20,None,116,LONG,2026-03-11T04:00:00,2039.08,2026-03-11T05:00:00,2014.63,1,-1.2,Signal changed to 0.0
PRICE_VS_EMA_LONG_ONLY,20,None,117,LONG,2026-03-11T13:00:00,2050.72,2026-03-11T23:00:00,2051.97,10,0.06,Signal changed to 0.0
PRICE_VS_EMA_LONG_ONLY,20,None,118,LONG,2026-03-12T00:00:00,2055.78,2026-03-12T01:00:00,2046.24,1,-0.46,Signal changed to 0.0
PRICE_VS_EMA_LONG_ONLY,20,None,119,LONG,2026-03-12T08:00:00,2047.8,2026-03-12T14:00:00,2045.35,6,-0.12,Signal changed to 0.0
PRICE_VS_EMA_LONG_ONLY,20,None,120,LONG,2026-03-12T15:00:00,2072.33,2026-03-12T18:00:00,2048.78,3,-1.14,Signal changed to 0.0
PRICE_VS_EMA_LONG_ONLY,20,None,121,LONG,2026-03-12T19:00:00,2069.59,2026-03-13T17:00:00,2102.75,22,1.6,Signal changed to 0.0
PRICE_VS_EMA_LONG_ONLY,20,None,122,LONG,2026-03-14T20:00:00,2086.01,2026-03-15T13:00:00,2097.4,17,0.55,Signal changed to 0.0
PRICE_VS_EMA_LONG_ONLY,20,None,123,LONG,2026-03-15T17:00:00,2110.77,2026-03-15T18:00:00,2099.14,1,-0.55,Signal changed to 0.0
PRICE_VS_EMA_LONG_ONLY,20,None,124,LONG,2026-03-15T19:00:00,2113.49,2026-03-17T05:00:00,2307.37,34,9.17,Signal changed to 0.0
PRICE_VS_EMA_LONG_ONLY,20,None,125,LONG,2026-03-17T06:00:00,2315.34,2026-03-17T10:00:00,2312.94,4,-0.1,Signal changed to 0.0
PRICE_VS_EMA_LONG_ONLY,20,None,126,LONG,2026-03-17T11:00:00,2326.82,2026-03-17T15:00:00,2315.98,4,-0.47,Signal changed to 0.0
PRICE_VS_EMA_LONG_ONLY,20,None,127,LONG,2026-03-17T16:00:00,2326.84,2026-03-17T19:00:00,2320.22,3,-0.28,Signal changed to 0.0
PRICE_VS_EMA_LONG_ONLY,20,None,128,LONG,2026-03-17T20:00:00,2327.88,2026-03-17T23:00:00,2317.39,3,-0.45,Signal changed to 0.0
PRICE_VS_EMA_LONG_ONLY,20,None,129,LONG,2026-03-18T00:00:00,2324.24,2026-03-18T05:00:00,2318.42,5,-0.25,Signal changed to 0.0
PRICE_VS_EMA_LONG_ONLY,20,None,130,LONG,2026-03-18T09:00:00,2329.27,2026-03-18T10:00:00,2312.83,1,-0.71,Signal changed to 0.0
PRICE_VS_EMA_LONG_ONLY,20,None,131,LONG,2026-03-20T07:00:00,2150.54,2026-03-20T09:00:00,2141.21,2,-0.43,Signal changed to 0.0
PRICE_VS_EMA_LONG_ONLY,20,None,132,LONG,2026-03-20T21:00:00,2147.53,2026-03-21T16:00:00,2146.65,19,-0.04,Signal changed to 0.0
PRICE_VS_EMA_LONG_ONLY,20,None,133,LONG,2026-03-21T18:00:00,2151.46,2026-03-21T22:00:00,2149.94,4,-0.07,Signal changed to 0.0
PRICE_VS_EMA_LONG_ONLY,20,None,134,LONG,2026-03-23T11:00:00,2134.78,2026-03-24T13:00:00,2138.38,26,0.17,Signal changed to 0.0
PRICE_VS_EMA_LONG_ONLY,20,None,135,LONG,2026-03-24T20:00:00,2148.48,2026-03-25T15:00:00,2162.56,19,0.66,Signal changed to 0.0
PRICE_VS_EMA_LONG_ONLY,20,None,136,LONG,2026-03-25T16:00:00,2173.83,2026-03-25T17:00:00,2164.1,1,-0.45,Signal changed to 0.0
PRICE_VS_EMA_LONG_ONLY,20,None,137,LONG,2026-03-25T19:00:00,2172.69,2026-03-25T20:00:00,2166.49,1,-0.29,Signal changed to 0.0
PRICE_VS_EMA_LONG_ONLY,20,None,138,LONG,2026-03-25T22:00:00,2174.53,2026-03-26T00:00:00,2166.69,2,-0.36,Signal changed to 0.0
PRICE_VS_EMA_LONG_ONLY,20,None,139,LONG,2026-03-28T06:00:00,2000.95,2026-03-28T08:00:00,1999.24,2,-0.09,Signal changed to 0.0
PRICE_VS_EMA_LONG_ONLY,20,None,140,LONG,2026-03-28T13:00:00,2026.4,2026-03-28T21:00:00,2009.61,8,-0.83,Signal changed to 0.0
PRICE_VS_EMA_LONG_ONLY,20,None,141,LONG,2026-03-29T03:00:00,2011.1,2026-03-29T04:00:00,2005.85,1,-0.26,Signal changed to 0.0
PRICE_VS_EMA_LONG_ONLY,20,None,142,LONG,2026-03-29T20:00:00,2002.5,2026-03-29T22:00:00,1973.99,2,-1.42,Signal changed to 0.0
PRICE_VS_EMA_LONG_ONLY,20,None,143,LONG,2026-03-30T00:00:00,1997.25,2026-03-30T17:00:00,2041.8,17,2.23,Signal changed to 0.0
PRICE_VS_EMA_LONG_ONLY,20,None,144,LONG,2026-03-31T01:00:00,2073.0,2026-03-31T08:00:00,2040.1,7,-1.59,Signal changed to 0.0
PRICE_VS_EMA_LONG_ONLY,20,None,145,LONG,2026-03-31T12:00:00,2047.78,2026-03-31T14:00:00,2045.94,2,-0.09,Signal changed to 0.0
PRICE_VS_EMA_LONG_ONLY,20,None,146,LONG,2026-03-31T15:00:00,2054.85,2026-04-02T01:00:00,2100.03,34,2.2,Signal changed to 0.0
PRICE_VS_EMA_LONG_ONLY,20,None,147,LONG,2026-04-02T19:00:00,2065.34,2026-04-02T21:00:00,2062.98,2,-0.11,Signal changed to 0.0
PRICE_VS_EMA_LONG_ONLY,20,None,148,LONG,2026-04-03T06:00:00,2063.66,2026-04-03T10:00:00,2059.9,4,-0.18,Signal changed to 0.0
PRICE_VS_EMA_LONG_ONLY,20,None,149,LONG,2026-04-03T11:00:00,2062.64,2026-04-03T12:00:00,2049.84,1,-0.62,Signal changed to 0.0
PRICE_VS_EMA_LONG_ONLY,20,None,150,LONG,2026-04-03T21:00:00,2058.42,2026-04-03T22:00:00,2051.79,1,-0.32,Signal changed to 0.0
PRICE_VS_EMA_LONG_ONLY,20,None,151,LONG,2026-04-04T05:00:00,2053.79,2026-04-04T08:00:00,2050.57,3,-0.16,Signal changed to 0.0
PRICE_VS_EMA_LONG_ONLY,20,None,152,LONG,2026-04-04T10:00:00,2054.32,2026-04-04T11:00:00,2051.84,1,-0.12,Signal changed to 0.0
PRICE_VS_EMA_LONG_ONLY,20,None,153,LONG,2026-04-04T13:00:00,2053.59,2026-04-05T01:00:00,2057.37,12,0.18,Signal changed to 0.0
PRICE_VS_EMA_LONG_ONLY,20,None,154,LONG,2026-04-05T02:00:00,2059.86,2026-04-05T03:00:00,2056.64,1,-0.16,Signal changed to 0.0
PRICE_VS_EMA_LONG_ONLY,20,None,155,LONG,2026-04-05T15:00:00,2053.85,2026-04-06T22:00:00,2105.41,31,2.51,Signal changed to 0.0
PRICE_VS_EMA_LONG_ONLY,20,None,156,LONG,2026-04-07T09:00:00,2128.26,2026-04-07T10:00:00,2089.32,1,-1.83,Signal changed to 0.0
PRICE_VS_EMA_LONG_ONLY,20,None,157,LONG,2026-04-07T17:00:00,2099.5,2026-04-07T18:00:00,2086.3,1,-0.63,Signal changed to 0.0
PRICE_VS_EMA_LONG_ONLY,20,None,158,LONG,2026-04-07T19:00:00,2113.39,2026-04-08T14:00:00,2195.22,19,3.87,Signal changed to 0.0
PRICE_VS_EMA_LONG_ONLY,20,None,159,LONG,2026-04-08T15:00:00,2215.45,2026-04-08T18:00:00,2201.41,3,-0.63,Signal changed to 0.0
PRICE_VS_EMA_LONG_ONLY,20,None,160,LONG,2026-04-08T21:00:00,2214.53,2026-04-08T22:00:00,2189.87,1,-1.11,Signal changed to 0.0
PRICE_VS_EMA_LONG_ONLY,20,None,161,LONG,2026-04-09T09:00:00,2194.14,2026-04-09T10:00:00,2190.7,1,-0.16,Signal changed to 0.0
PRICE_VS_EMA_LONG_ONLY,20,None,162,LONG,2026-04-09T15:00:00,2217.99,2026-04-09T22:00:00,2197.69,7,-0.92,Signal changed to 0.0
PRICE_VS_EMA_LONG_ONLY,20,None,163,LONG,2026-04-10T05:00:00,2196.9,2026-04-10T06:00:00,2186.2,1,-0.49,Signal changed to 0.0
PRICE_VS_EMA_LONG_ONLY,20,None,164,LONG,2026-04-10T09:00:00,2196.03,2026-04-11T05:00:00,2232.79,20,1.67,Signal changed to 0.0
PRICE_VS_EMA_LONG_ONLY,20,None,165,LONG,2026-04-11T06:00:00,2235.66,2026-04-11T07:00:00,2232.6,1,-0.14,Signal changed to 0.0
PRICE_VS_EMA_LONG_ONLY,20,None,166,LONG,2026-04-11T09:00:00,2243.83,2026-04-12T01:00:00,2219.05,16,-1.1,Signal changed to 0.0
PRICE_VS_EMA_LONG_ONLY,20,None,167,LONG,2026-04-12T20:00:00,2213.53,2026-04-12T22:00:00,2199.37,2,-0.64,Signal changed to 0.0
PRICE_VS_EMA_LONG_ONLY,20,None,168,LONG,2026-04-13T13:00:00,2215.47,2026-04-14T16:00:00,2334.0,27,5.35,Signal changed to 0.0
PRICE_VS_EMA_LONG_ONLY,20,None,169,LONG,2026-04-15T00:00:00,2333.81,2026-04-15T02:00:00,2324.77,2,-0.39,Signal changed to 0.0
PRICE_VS_EMA_LONG_ONLY,20,None,170,LONG,2026-04-15T04:00:00,2333.44,2026-04-15T05:00:00,2319.45,1,-0.6,Signal changed to 0.0
PRICE_VS_EMA_LONG_ONLY,20,None,171,LONG,2026-04-15T11:00:00,2337.43,2026-04-15T13:00:00,2326.94,2,-0.45,Signal changed to 0.0
PRICE_VS_EMA_LONG_ONLY,20,None,172,LONG,2026-04-15T14:00:00,2338.4,2026-04-16T07:00:00,2341.52,17,0.13,Signal changed to 0.0
PRICE_VS_EMA_LONG_ONLY,20,None,173,LONG,2026-04-16T15:00:00,2339.01,2026-04-16T16:00:00,2316.76,1,-0.95,Signal changed to 0.0
PRICE_VS_EMA_LONG_ONLY,20,None,174,LONG,2026-04-16T18:00:00,2343.1,2026-04-17T01:00:00,2335.38,7,-0.33,Signal changed to 0.0
PRICE_VS_EMA_LONG_ONLY,20,None,175,LONG,2026-04-17T08:00:00,2354.87,2026-04-18T03:00:00,2405.04,19,2.13,Signal changed to 0.0
PRICE_VS_EMA_LONG_ONLY,20,None,176,LONG,2026-04-18T04:00:00,2407.48,2026-04-18T07:00:00,2403.71,3,-0.16,Signal changed to 0.0
PRICE_VS_EMA_LONG_ONLY,20,None,177,LONG,2026-04-19T13:00:00,2338.67,2026-04-19T14:00:00,2338.09,1,-0.02,Signal changed to 0.0
PRICE_VS_EMA_LONG_ONLY,20,None,178,LONG,2026-04-20T07:00:00,2298.8,2026-04-20T08:00:00,2294.09,1,-0.2,Signal changed to 0.0
PRICE_VS_EMA_LONG_ONLY,20,None,179,LONG,2026-04-20T09:00:00,2309.06,2026-04-20T14:00:00,2290.9,5,-0.79,Signal changed to 0.0
PRICE_VS_EMA_LONG_ONLY,20,None,180,LONG,2026-04-20T15:00:00,2313.91,2026-04-20T16:00:00,2300.07,1,-0.6,Signal changed to 0.0
PRICE_VS_EMA_LONG_ONLY,20,None,181,LONG,2026-04-20T17:00:00,2317.06,2026-04-21T02:00:00,2308.34,9,-0.38,Signal changed to 0.0
PRICE_VS_EMA_LONG_ONLY,20,None,182,LONG,2026-04-21T04:00:00,2314.59,2026-04-21T12:00:00,2308.54,8,-0.26,Signal changed to 0.0
PRICE_VS_EMA_LONG_ONLY,20,None,183,LONG,2026-04-21T20:00:00,2314.56,2026-04-21T22:00:00,2311.35,2,-0.14,Signal changed to 0.0
PRICE_VS_EMA_LONG_ONLY,20,None,184,LONG,2026-04-21T23:00:00,2327.14,2026-04-22T23:00:00,2374.07,24,2.02,Signal changed to 0.0
PRICE_VS_EMA_LONG_ONLY,20,None,185,LONG,2026-04-24T00:00:00,2332.48,2026-04-24T02:00:00,2319.91,2,-0.54,Signal changed to 0.0
PRICE_VS_EMA_LONG_ONLY,20,None,186,LONG,2026-04-24T11:00:00,2328.1,2026-04-24T13:00:00,2317.32,2,-0.46,Signal changed to 0.0
PRICE_VS_EMA_LONG_ONLY,20,None,187,LONG,2026-04-24T15:00:00,2323.81,2026-04-24T16:00:00,2316.67,1,-0.31,Signal changed to 0.0
PRICE_VS_EMA_LONG_ONLY,20,None,188,LONG,2026-04-24T19:00:00,2321.6,2026-04-24T21:00:00,2315.18,2,-0.28,Signal changed to 0.0
PRICE_VS_EMA_LONG_ONLY,20,None,189,LONG,2026-04-25T08:00:00,2319.44,2026-04-25T11:00:00,2313.64,3,-0.25,Signal changed to 0.0
PRICE_VS_EMA_LONG_ONLY,20,None,190,LONG,2026-04-25T21:00:00,2315.8,2026-04-26T01:00:00,2313.85,4,-0.08,Signal changed to 0.0
PRICE_VS_EMA_LONG_ONLY,20,None,191,LONG,2026-04-26T02:00:00,2315.15,2026-04-26T03:00:00,2310.0,1,-0.22,Signal changed to 0.0
PRICE_VS_EMA_LONG_ONLY,20,None,192,LONG,2026-04-26T04:00:00,2317.74,2026-04-27T05:00:00,2323.18,25,0.23,Signal changed to 0.0
PRICE_VS_EMA_LONG_ONLY,20,None,193,LONG,2026-04-28T17:00:00,2290.73,2026-04-28T21:00:00,2290.12,4,-0.03,Signal changed to 0.0
PRICE_VS_EMA_LONG_ONLY,20,None,194,LONG,2026-04-29T00:00:00,2292.4,2026-04-29T02:00:00,2288.88,2,-0.15,Signal changed to 0.0
PRICE_VS_EMA_LONG_ONLY,20,None,195,LONG,2026-04-29T03:00:00,2311.52,2026-04-29T13:00:00,2303.03,10,-0.37,Signal changed to 0.0
PRICE_VS_EMA_LONG_ONLY,20,None,196,LONG,2026-04-30T12:00:00,2265.45,2026-04-30T14:00:00,2262.01,2,-0.15,Signal changed to 0.0
PRICE_VS_EMA_LONG_ONLY,20,None,197,LONG,2026-04-30T15:00:00,2265.7,2026-04-30T16:00:00,2257.24,1,-0.37,Signal changed to 0.0
PRICE_VS_EMA_LONG_ONLY,20,None,198,LONG,2026-04-30T19:00:00,2261.99,2026-04-30T21:00:00,2256.29,2,-0.25,Signal changed to 0.0
PRICE_VS_EMA_LONG_ONLY,20,None,199,LONG,2026-05-01T01:00:00,2267.75,2026-05-01T20:00:00,2285.19,19,0.77,Signal changed to 0.0
PRICE_VS_EMA_LONG_ONLY,20,None,200,LONG,2026-05-01T21:00:00,2292.68,2026-05-03T01:00:00,2304.14,28,0.5,Signal changed to 0.0
PRICE_VS_EMA_LONG_ONLY,20,None,201,LONG,2026-05-03T07:00:00,2309.28,2026-05-03T23:00:00,2322.65,16,0.58,Signal changed to 0.0
PRICE_VS_EMA_LONG_ONLY,20,None,202,LONG,2026-05-04T01:00:00,2351.2,2026-05-04T10:00:00,2338.36,9,-0.55,Signal changed to 0.0
PRICE_VS_EMA_LONG_ONLY,20,None,203,LONG,2026-05-04T14:00:00,2371.39,2026-05-04T20:00:00,2350.15,6,-0.9,Signal changed to 0.0
PRICE_VS_EMA_LONG_ONLY,20,None,204,LONG,2026-05-04T21:00:00,2360.89,2026-05-04T23:00:00,2347.16,2,-0.58,Signal changed to 0.0
PRICE_VS_EMA_LONG_ONLY,20,None,205,LONG,2026-05-05T00:00:00,2358.83,2026-05-05T16:00:00,2365.94,16,0.3,Signal changed to 0.0
PRICE_VS_EMA_LONG_ONLY,20,None,206,LONG,2026-05-05T18:00:00,2372.28,2026-05-05T19:00:00,2371.94,1,-0.01,Signal changed to 0.0
PRICE_VS_EMA_LONG_ONLY,20,None,207,LONG,2026-05-05T20:00:00,2382.41,2026-05-05T22:00:00,2367.51,2,-0.63,Signal changed to 0.0
PRICE_VS_EMA_LONG_ONLY,20,None,208,LONG,2026-05-06T01:00:00,2373.19,2026-05-06T02:00:00,2369.75,1,-0.14,Signal changed to 0.0
PRICE_VS_EMA_LONG_ONLY,20,None,209,LONG,2026-05-06T03:00:00,2376.8,2026-05-06T04:00:00,2366.08,1,-0.45,Signal changed to 0.0
PRICE_VS_EMA_LONG_ONLY,20,None,210,LONG,2026-05-06T06:00:00,2370.52,2026-05-06T13:00:00,2368.51,7,-0.08,Signal changed to 0.0
PRICE_VS_EMA_LONG_ONLY,20,None,211,LONG,2026-05-08T11:00:00,2295.38,2026-05-08T12:00:00,2284.53,1,-0.47,Signal changed to 0.0
PRICE_VS_EMA_LONG_ONLY,20,None,212,LONG,2026-05-08T15:00:00,2293.2,2026-05-09T14:00:00,2308.27,23,0.66,Signal changed to 0.0
PRICE_VS_EMA_LONG_ONLY,20,None,213,LONG,2026-05-09T15:00:00,2317.63,2026-05-10T11:00:00,2322.58,20,0.21,Signal changed to 0.0
PRICE_VS_EMA_LONG_ONLY,20,None,214,LONG,2026-05-10T13:00:00,2329.8,2026-05-10T20:00:00,2328.76,7,-0.04,Signal changed to 0.0
PRICE_VS_EMA_LONG_ONLY,20,None,215,LONG,2026-05-10T22:00:00,2373.78,2026-05-11T02:00:00,2345.39,4,-1.2,Signal changed to 0.0
PRICE_VS_EMA_LONG_ONLY,20,None,216,LONG,2026-05-11T17:00:00,2336.71,2026-05-12T00:00:00,2333.54,7,-0.14,Signal changed to 0.0
PRICE_VS_EMA_LONG_ONLY,20,None,217,LONG,2026-05-13T01:00:00,2289.98,2026-05-13T12:00:00,2284.35,11,-0.25,Signal changed to 0.0
PRICE_VS_EMA_LONG_ONLY,20,None,218,LONG,2026-05-14T05:00:00,2268.44,2026-05-14T07:00:00,2265.48,2,-0.13,Signal changed to 0.0
PRICE_VS_EMA_LONG_ONLY,20,None,219,LONG,2026-05-14T08:00:00,2266.36,2026-05-14T09:00:00,2257.8,1,-0.38,Signal changed to 0.0
PRICE_VS_EMA_LONG_ONLY,20,None,220,LONG,2026-05-14T14:00:00,2286.99,2026-05-14T23:00:00,2283.25,9,-0.16,Signal changed to 0.0
PRICE_VS_EMA_LONG_ONLY,20,None,221,LONG,2026-05-15T00:00:00,2291.39,2026-05-15T01:00:00,2275.45,1,-0.7,Signal changed to 0.0
PRICE_VS_EMA_LONG_ONLY,20,None,222,LONG,2026-05-17T04:00:00,2187.61,2026-05-17T06:00:00,2185.02,2,-0.12,Signal changed to 0.0
PRICE_VS_EMA_LONG_ONLY,20,None,223,LONG,2026-05-17T07:00:00,2186.64,2026-05-17T14:00:00,2186.64,7,0.0,Signal changed to 0.0
PRICE_VS_EMA_LONG_ONLY,20,None,224,LONG,2026-05-17T18:00:00,2188.49,2026-05-17T22:00:00,2179.69,4,-0.4,Signal changed to 0.0
PRICE_VS_EMA_LONG_ONLY,20,None,225,LONG,2026-05-18T12:00:00,2151.01,2026-05-18T13:00:00,2130.91,1,-0.93,Signal changed to 0.0
PRICE_VS_EMA_LONG_ONLY,20,None,226,LONG,2026-05-18T19:00:00,2125.07,2026-05-18T20:00:00,2117.61,1,-0.35,Signal changed to 0.0
PRICE_VS_EMA_LONG_ONLY,20,None,227,LONG,2026-05-18T21:00:00,2137.38,2026-05-19T01:00:00,2124.92,4,-0.58,Signal changed to 0.0
PRICE_VS_EMA_LONG_ONLY,20,None,228,LONG,2026-05-19T03:00:00,2131.3,2026-05-19T09:00:00,2114.49,6,-0.79,Signal changed to 0.0
PRICE_VS_EMA_LONG_ONLY,20,None,229,LONG,2026-05-20T05:00:00,2125.63,2026-05-20T13:00:00,2120.61,8,-0.24,Signal changed to 0.0
PRICE_VS_EMA_LONG_ONLY,20,None,230,LONG,2026-05-20T14:00:00,2135.25,2026-05-20T22:00:00,2128.32,8,-0.32,Signal changed to 0.0
PRICE_VS_EMA_LONG_ONLY,20,None,231,LONG,2026-05-21T00:00:00,2142.92,2026-05-21T06:00:00,2128.57,6,-0.67,Signal changed to 0.0
PRICE_VS_EMA_LONG_ONLY,20,None,232,LONG,2026-05-21T07:00:00,2135.06,2026-05-21T09:00:00,2127.98,2,-0.33,Signal changed to 0.0
PRICE_VS_EMA_LONG_ONLY,20,None,233,LONG,2026-05-21T15:00:00,2132.65,2026-05-21T16:00:00,2127.79,1,-0.23,Signal changed to 0.0
PRICE_VS_EMA_LONG_ONLY,20,None,234,LONG,2026-05-21T17:00:00,2146.6,2026-05-21T18:00:00,2126.87,1,-0.92,Signal changed to 0.0
PRICE_VS_EMA_LONG_ONLY,20,None,235,LONG,2026-05-21T19:00:00,2142.83,2026-05-21T22:00:00,2131.85,3,-0.51,Signal changed to 0.0
PRICE_VS_EMA_LONG_ONLY,20,None,236,LONG,2026-05-21T23:00:00,2133.76,2026-05-22T00:00:00,2129.33,1,-0.21,Signal changed to 0.0
PRICE_VS_EMA_LONG_ONLY,20,None,237,LONG,2026-05-22T01:00:00,2135.88,2026-05-22T05:00:00,2129.21,4,-0.31,Signal changed to 0.0
PRICE_VS_EMA_LONG_ONLY,20,None,238,LONG,2026-05-22T11:00:00,2130.78,2026-05-22T13:00:00,2130.23,2,-0.03,Signal changed to 0.0
PRICE_VS_EMA_LONG_ONLY,20,None,239,LONG,2026-05-23T14:00:00,2061.64,2026-05-24T13:00:00,2110.14,23,2.35,Signal changed to 0.0
PRICE_VS_EMA_LONG_ONLY,20,None,240,LONG,2026-05-25T00:00:00,2104.95,2026-05-25T01:00:00,2094.13,1,-0.51,Signal changed to 0.0
PRICE_VS_EMA_LONG_ONLY,20,None,241,LONG,2026-05-25T04:00:00,2105.83,2026-05-25T20:00:00,2108.64,16,0.13,Signal changed to 0.0
PRICE_VS_EMA_LONG_ONLY,20,None,242,LONG,2026-05-26T10:00:00,2127.56,2026-05-26T14:00:00,2109.29,4,-0.86,Signal changed to 0.0
PRICE_VS_EMA_LONG_ONLY,20,None,243,LONG,2026-05-27T07:00:00,2083.78,2026-05-27T10:00:00,2079.5,3,-0.21,Signal changed to 0.0
PRICE_VS_EMA_LONG_ONLY,20,None,244,LONG,2026-05-28T16:00:00,2013.19,2026-05-28T22:00:00,2005.6,6,-0.38,Signal changed to 0.0
PRICE_VS_EMA_LONG_ONLY,20,None,245,LONG,2026-05-29T00:00:00,2012.46,2026-05-29T01:00:00,2008.23,1,-0.21,Signal changed to 0.0
PRICE_VS_EMA_LONG_ONLY,20,None,246,LONG,2026-05-29T05:00:00,2014.56,2026-05-29T07:00:00,2007.62,2,-0.34,Signal changed to 0.0
PRICE_VS_EMA_LONG_ONLY,20,None,247,LONG,2026-05-29T09:00:00,2014.85,2026-05-29T11:00:00,2007.58,2,-0.36,Signal changed to 0.0
PRICE_VS_EMA_LONG_ONLY,20,None,248,LONG,2026-05-29T15:00:00,2031.62,2026-05-29T18:00:00,2011.41,3,-0.99,Signal changed to 0.0
PRICE_VS_EMA_LONG_ONLY,20,None,249,LONG,2026-05-29T19:00:00,2016.96,2026-05-29T21:00:00,2009.4,2,-0.37,Signal changed to 0.0
PRICE_VS_EMA_LONG_ONLY,20,None,250,LONG,2026-05-29T23:00:00,2014.54,2026-05-30T04:00:00,2010.8,5,-0.19,Signal changed to 0.0
PRICE_VS_EMA_LONG_ONLY,20,None,251,LONG,2026-05-30T05:00:00,2015.95,2026-05-30T08:00:00,2014.16,3,-0.09,Signal changed to 0.0
PRICE_VS_EMA_LONG_ONLY,20,None,252,LONG,2026-05-30T09:00:00,2016.79,2026-05-30T23:00:00,2022.44,14,0.28,Signal changed to 0.0
PRICE_VS_EMA_LONG_ONLY,20,None,253,LONG,2026-05-31T00:00:00,2027.12,2026-05-31T07:00:00,2024.01,7,-0.15,Signal changed to 0.0
PRICE_VS_EMA_LONG_ONLY,20,None,254,LONG,2026-05-31T08:00:00,2027.63,2026-05-31T09:00:00,2021.13,1,-0.32,Signal changed to 0.0
PRICE_VS_EMA_LONG_ONLY,20,None,255,LONG,2026-06-01T00:00:00,2015.44,2026-06-01T01:00:00,1994.7,1,-1.03,Signal changed to 0.0
PRICE_VS_EMA_LONG_ONLY,20,None,256,LONG,2026-06-01T17:00:00,1990.62,2026-06-02T01:00:00,1980.15,8,-0.53,Signal changed to 0.0
PRICE_VS_EMA_LONG_ONLY,20,None,257,LONG,2026-06-02T02:00:00,1997.07,2026-06-02T05:00:00,1985.01,3,-0.6,Signal changed to 0.0
PRICE_VS_EMA_LONG_ONLY,20,None,258,LONG,2026-06-06T23:00:00,1569.69,2026-06-07T00:00:00,1565.03,1,-0.3,Signal changed to 0.0
PRICE_VS_EMA_LONG_ONLY,20,None,259,LONG,2026-06-07T01:00:00,1590.12,2026-06-07T19:00:00,1613.11,18,1.45,Signal changed to 0.0
PRICE_VS_EMA_LONG_ONLY,20,None,260,LONG,2026-06-07T20:00:00,1628.14,2026-06-09T00:00:00,1663.26,28,2.16,Signal changed to 0.0
PRICE_VS_EMA_LONG_ONLY,20,None,261,LONG,2026-06-09T04:00:00,1686.35,2026-06-09T08:00:00,1675.28,4,-0.66,Signal changed to 0.0
PRICE_VS_EMA_LONG_ONLY,20,None,262,LONG,2026-06-10T13:00:00,1651.81,2026-06-10T17:00:00,1632.32,4,-1.18,Signal changed to 0.0
PRICE_VS_EMA_LONG_ONLY,20,None,263,LONG,2026-06-11T01:00:00,1642.83,2026-06-11T14:00:00,1643.04,13,0.01,Signal changed to 0.0
PRICE_VS_EMA_LONG_ONLY,20,None,264,LONG,2026-06-11T17:00:00,1688.66,2026-06-12T05:00:00,1664.23,12,-1.45,Signal changed to 0.0
PRICE_VS_EMA_LONG_ONLY,20,None,265,LONG,2026-06-12T08:00:00,1673.53,2026-06-12T12:00:00,1666.54,4,-0.42,Signal changed to 0.0
PRICE_VS_EMA_LONG_ONLY,20,None,266,LONG,2026-06-12T14:00:00,1685.64,2026-06-12T15:00:00,1660.08,1,-1.52,Signal changed to 0.0
PRICE_VS_EMA_LONG_ONLY,20,None,267,LONG,2026-06-12T16:00:00,1672.9,2026-06-12T18:00:00,1666.87,2,-0.36,Signal changed to 0.0
PRICE_VS_EMA_LONG_ONLY,20,None,268,LONG,2026-06-13T00:00:00,1667.47,2026-06-13T03:00:00,1665.25,3,-0.13,Signal changed to 0.0
PRICE_VS_EMA_LONG_ONLY,20,None,269,LONG,2026-06-13T06:00:00,1669.7,2026-06-14T04:00:00,1677.95,22,0.49,Signal changed to 0.0
PRICE_VS_EMA_LONG_ONLY,20,None,270,LONG,2026-06-14T09:00:00,1678.49,2026-06-14T10:00:00,1673.13,1,-0.32,Signal changed to 0.0
PRICE_VS_EMA_LONG_ONLY,20,None,271,LONG,2026-06-14T20:00:00,1670.48,2026-06-16T02:00:00,1770.13,30,5.97,Signal changed to 0.0
PRICE_VS_EMA_LONG_ONLY,20,None,272,LONG,2026-06-16T08:00:00,1803.23,2026-06-16T14:00:00,1780.56,6,-1.26,Signal changed to 0.0
PRICE_VS_EMA_LONG_ONLY,20,None,273,LONG,2026-06-16T17:00:00,1795.1,2026-06-17T06:00:00,1790.38,13,-0.26,Signal changed to 0.0
PRICE_VS_EMA_LONG_ONLY,20,None,274,LONG,2026-06-17T17:00:00,1789.27,2026-06-17T18:00:00,1770.32,1,-1.06,Signal changed to 0.0
PRICE_VS_EMA_LONG_ONLY,20,None,275,LONG,2026-06-18T12:00:00,1750.41,2026-06-18T13:00:00,1736.78,1,-0.78,Signal changed to 0.0
PRICE_VS_EMA_LONG_ONLY,20,None,276,LONG,2026-06-19T13:00:00,1703.47,2026-06-19T16:00:00,1696.8,3,-0.39,Signal changed to 0.0
PRICE_VS_EMA_LONG_ONLY,20,None,277,LONG,2026-06-19T17:00:00,1704.85,2026-06-19T18:00:00,1702.7,1,-0.13,Signal changed to 0.0
PRICE_VS_EMA_LONG_ONLY,20,None,278,LONG,2026-06-19T20:00:00,1708.96,2026-06-19T21:00:00,1702.03,1,-0.41,Signal changed to 0.0
PRICE_VS_EMA_LONG_ONLY,20,None,279,LONG,2026-06-19T22:00:00,1707.61,2026-06-20T02:00:00,1704.85,4,-0.16,Signal changed to 0.0
PRICE_VS_EMA_LONG_ONLY,20,None,280,LONG,2026-06-20T03:00:00,1708.17,2026-06-21T08:00:00,1729.1,29,1.23,Signal changed to 0.0
PRICE_VS_EMA_LONG_ONLY,20,None,281,LONG,2026-06-21T09:00:00,1732.78,2026-06-21T10:00:00,1731.38,1,-0.08,Signal changed to 0.0
PRICE_VS_EMA_LONG_ONLY,20,None,282,LONG,2026-06-21T15:00:00,1730.72,2026-06-21T16:00:00,1728.15,1,-0.15,Signal changed to 0.0
PRICE_VS_EMA_LONG_ONLY,20,None,283,LONG,2026-06-21T18:00:00,1735.39,2026-06-21T20:00:00,1721.3,2,-0.81,Signal changed to 0.0
PRICE_VS_EMA_LONG_ONLY,20,None,284,LONG,2026-06-22T00:00:00,1726.95,2026-06-22T15:00:00,1744.74,15,1.03,Signal changed to 0.0
PRICE_VS_EMA_LONG_ONLY,20,None,285,LONG,2026-06-24T05:00:00,1674.48,2026-06-24T09:00:00,1667.15,4,-0.44,Signal changed to 0.0
PRICE_VS_EMA_LONG_ONLY,20,None,286,LONG,2026-06-24T11:00:00,1679.57,2026-06-24T12:00:00,1671.53,1,-0.48,Signal changed to 0.0
PRICE_VS_EMA_LONG_ONLY,20,None,287,LONG,2026-06-25T04:00:00,1635.03,2026-06-25T10:00:00,1636.58,6,0.09,Signal changed to 0.0
PRICE_VS_EMA_LONG_ONLY,20,None,288,LONG,2026-06-26T07:00:00,1581.12,2026-06-26T08:00:00,1566.43,1,-0.93,Signal changed to 0.0
PRICE_VS_EMA_LONG_ONLY,20,None,289,LONG,2026-06-26T13:00:00,1569.4,2026-06-26T14:00:00,1559.98,1,-0.6,Signal changed to 0.0
PRICE_VS_EMA_LONG_ONLY,20,None,290,LONG,2026-06-26T15:00:00,1580.14,2026-06-27T19:00:00,1578.51,28,-0.1,Signal changed to 0.0
PRICE_VS_EMA_LONG_ONLY,20,None,291,LONG,2026-06-28T08:00:00,1581.58,2026-06-28T10:00:00,1577.16,2,-0.28,Signal changed to 0.0
PRICE_VS_EMA_LONG_ONLY,20,None,292,LONG,2026-06-28T11:00:00,1582.87,2026-06-28T16:00:00,1572.85,5,-0.63,Signal changed to 0.0
PRICE_VS_EMA_LONG_ONLY,20,None,293,LONG,2026-06-29T00:00:00,1573.53,2026-06-29T01:00:00,1568.7,1,-0.31,Signal changed to 0.0
PRICE_VS_EMA_LONG_ONLY,20,None,294,LONG,2026-06-29T02:00:00,1576.6,2026-06-29T08:00:00,1572.98,6,-0.23,Signal changed to 0.0
PRICE_VS_EMA_LONG_ONLY,20,None,295,LONG,2026-06-29T09:00:00,1576.2,2026-06-29T11:00:00,1574.93,2,-0.08,Signal changed to 0.0
PRICE_VS_EMA_LONG_ONLY,20,None,296,LONG,2026-06-29T15:00:00,1580.26,2026-06-30T00:00:00,1594.41,9,0.9,Signal changed to 0.0
PRICE_VS_EMA_LONG_ONLY,20,None,297,LONG,2026-06-30T19:00:00,1580.53,2026-06-30T20:00:00,1575.99,1,-0.29,Signal changed to 0.0
PRICE_VS_EMA_LONG_ONLY,20,None,298,LONG,2026-07-01T01:00:00,1577.91,2026-07-01T06:00:00,1575.99,5,-0.12,Signal changed to 0.0
PRICE_VS_EMA_LONG_ONLY,20,None,299,LONG,2026-07-01T08:00:00,1582.37,2026-07-01T09:00:00,1581.01,1,-0.09,Signal changed to 0.0
PRICE_VS_EMA_LONG_ONLY,20,None,300,LONG,2026-07-01T13:00:00,1597.22,2026-07-02T00:00:00,1603.42,11,0.39,Signal changed to 0.0
PRICE_VS_EMA_LONG_ONLY,20,None,301,LONG,2026-07-02T01:00:00,1620.48,2026-07-05T00:00:00,1772.71,71,9.39,Signal changed to 0.0
PRICE_VS_EMA_LONG_ONLY,20,None,302,LONG,2026-07-05T14:00:00,1772.56,2026-07-06T04:00:00,1777.98,14,0.31,Signal changed to 0.0
PRICE_VS_EMA_LONG_ONLY,20,None,303,LONG,2026-07-06T15:00:00,1788.57,2026-07-07T02:00:00,1778.57,11,-0.56,Signal changed to 0.0
PRICE_VS_EMA_LONG_ONLY,20,None,304,LONG,2026-07-07T11:00:00,1780.77,2026-07-07T13:00:00,1769.01,2,-0.66,Signal changed to 0.0
PRICE_VS_EMA_LONG_ONLY,20,None,305,LONG,2026-07-07T14:00:00,1789.46,2026-07-07T20:00:00,1784.12,6,-0.3,Signal changed to 0.0
PRICE_VS_EMA_LONG_ONLY,20,None,306,LONG,2026-07-09T04:00:00,1742.51,2026-07-09T11:00:00,1744.02,7,0.09,Signal changed to 0.0
PRICE_VS_EMA_LONG_ONLY,20,None,307,LONG,2026-07-09T13:00:00,1746.99,2026-07-09T14:00:00,1743.14,1,-0.22,Signal changed to 0.0
PRICE_VS_EMA_LONG_ONLY,20,None,308,LONG,2026-07-09T17:00:00,1748.52,2026-07-09T23:00:00,1745.16,6,-0.19,Signal changed to 0.0
PRICE_VS_EMA_LONG_ONLY,20,None,309,LONG,2026-07-10T01:00:00,1767.62,2026-07-11T23:00:00,1787.76,46,1.14,Signal changed to 0.0
PRICE_VS_EMA_LONG_ONLY,20,None,310,LONG,2026-07-12T03:00:00,1811.53,2026-07-12T04:00:00,1805.92,1,-0.31,Signal changed to 0.0
PRICE_VS_EMA_LONG_ONLY,20,None,311,LONG,2026-07-12T08:00:00,1805.22,2026-07-12T09:00:00,1802.39,1,-0.16,Signal changed to 0.0
PRICE_VS_EMA_LONG_ONLY,20,None,312,LONG,2026-07-12T12:00:00,1807.01,2026-07-12T21:00:00,1812.28,9,0.29,Signal changed to 0.0
PRICE_VS_EMA_LONG_ONLY,20,None,313,LONG,2026-07-13T00:00:00,1826.59,2026-07-13T01:00:00,1806.83,1,-1.08,Signal changed to 0.0
PRICE_VS_EMA_LONG_ONLY,20,None,314,LONG,2026-07-13T23:00:00,1776.72,2026-07-16T07:00:00,1910.63,56,7.54,Signal changed to 0.0
PRICE_VS_EMA_LONG_ONLY,20,None,315,LONG,2026-07-17T17:00:00,1843.71,2026-07-17T20:00:00,1842.93,3,-0.04,Signal changed to 0.0
PRICE_VS_EMA_LONG_ONLY,20,None,316,LONG,2026-07-18T03:00:00,1845.96,2026-07-18T13:00:00,1841.61,10,-0.24,Signal changed to 0.0
PRICE_VS_EMA_LONG_ONLY,20,None,317,LONG,2026-07-18T14:00:00,1845.95,2026-07-18T15:00:00,1844.15,1,-0.1,Signal changed to 0.0
PRICE_VS_EMA_LONG_ONLY,20,None,318,LONG,2026-07-18T16:00:00,1846.11,2026-07-19T18:00:00,1861.12,26,0.81,Signal changed to 0.0
PRICE_VS_EMA_LONG_ONLY,20,None,319,LONG,2026-07-19T20:00:00,1867.14,2026-07-19T21:00:00,1862.12,1,-0.27,Signal changed to 0.0
PRICE_VS_EMA_LONG_ONLY,20,None,320,LONG,2026-07-19T22:00:00,1870.44,2026-07-20T04:00:00,1868.94,6,-0.08,Signal changed to 0.0
PRICE_VS_EMA_LONG_ONLY,20,None,321,LONG,2026-07-20T10:00:00,1868.85,2026-07-20T13:00:00,1862.68,3,-0.33,Signal changed to 0.0
PRICE_VS_EMA_LONG_ONLY,20,None,322,LONG,2026-07-20T15:00:00,1902.34,2026-07-21T17:00:00,1918.71,26,0.86,Signal changed to 0.0
PRICE_VS_EMA_LONG_ONLY,20,None,323,LONG,2026-07-21T21:00:00,1924.32,2026-07-21T22:00:00,1920.86,1,-0.18,Signal changed to 0.0
PRICE_VS_EMA_LONG_ONLY,20,None,324,LONG,2026-07-21T23:00:00,1930.09,2026-07-22T05:00:00,1919.35,6,-0.56,Signal changed to 0.0
PRICE_VS_EMA_LONG_ONLY,20,None,325,LONG,2026-07-22T10:00:00,1930.82,2026-07-22T12:00:00,1917.17,2,-0.71,Signal changed to 0.0
PRICE_VS_EMA_LONG_ONLY,20,None,326,LONG,2026-07-22T13:00:00,1939.93,2026-07-22T18:00:00,1930.69,5,-0.48,Signal changed to 0.0
PRICE_VS_EMA_LONG_ONLY,20,None,327,LONG,2026-07-22T21:00:00,1938.76,2026-07-23T01:00:00,1928.39,4,-0.53,Signal changed to 0.0
PRICE_VS_EMA_LONG_ONLY,20,None,328,LONG,2026-07-23T10:00:00,1928.14,2026-07-23T11:00:00,1926.04,1,-0.11,Signal changed to 0.0
PRICE_VS_EMA_LONG_ONLY,20,None,329,LONG,2026-07-24T06:00:00,1888.13,2026-07-24T08:00:00,1888.07,2,-0.0,Signal changed to 0.0
PRICE_VS_EMA_LONG_ONLY,20,None,330,LONG,2026-07-25T13:00:00,1867.24,2026-07-27T14:00:00,1932.3,49,3.48,Signal changed to 0.0
PRICE_VS_EMA_LONG_ONLY,20,None,331,LONG,2026-07-27T19:00:00,1948.31,2026-07-27T21:00:00,1941.9,2,-0.33,Signal changed to 0.0
PRICE_VS_EMA_LONG_ONLY,20,None,332,LONG,2026-07-28T15:00:00,1920.02,2026-07-29T01:00:00,1905.7,10,-0.75,Signal changed to 0.0
PRICE_VS_EMA_LONG_ONLY,20,None,333,LONG,2026-07-29T02:00:00,1911.1,2026-07-29T03:00:00,1892.7,1,-0.96,Signal changed to 0.0
PRICE_VS_EMA_LONG_ONLY,20,None,334,LONG,2026-07-29T05:00:00,1912.54,2026-07-29T12:00:00,1905.23,7,-0.38,Signal changed to 0.0
PRICE_VS_EMA_LONG_ONLY,20,None,335,LONG,2026-07-29T17:00:00,1916.16,2026-07-29T19:00:00,1888.56,2,-1.44,Signal changed to 0.0
PRICE_VS_EMA_LONG_ONLY,20,None,336,LONG,2026-07-29T22:00:00,1907.18,2026-07-30T00:00:00,1898.22,2,-0.47,Signal changed to 0.0
PRICE_VS_EMA_LONG_ONLY,20,None,337,LONG,2026-07-30T01:00:00,1916.77,2026-07-30T04:00:00,1901.99,3,-0.77,Signal changed to 0.0
PRICE_VS_EMA_LONG_ONLY,20,None,338,LONG,2026-07-30T05:00:00,1906.34,2026-07-30T06:00:00,1901.32,1,-0.26,Signal changed to 0.0
PRICE_VS_EMA_LONG_ONLY,20,None,339,LONG,2026-07-30T08:00:00,1914.99,2026-07-31T00:00:00,1917.15,16,0.11,Signal changed to 0.0
PRICE_VS_EMA_LONG_ONLY,20,None,340,LONG,2026-08-01T14:00:00,1875.18,2026-08-01T15:00:00,1870.09,1,-0.27,Signal changed to 0.0
PRICE_VS_EMA_LONG_ONLY,20,None,341,LONG,2026-08-02T01:00:00,1857.09,2026-08-02T11:00:00,1852.58,10,-0.24,Signal changed to 0.0
PRICE_VS_EMA_LONG_ONLY,20,None,342,LONG,2026-08-02T16:00:00,1863.13,2026-08-03T01:00:00,1867.19,9,0.22,Signal changed to 0.0
PRICE_VS_EMA_LONG_ONLY,20,None,343,LONG,2026-08-03T13:00:00,1859.18,2026-08-03T22:00:00,1860.4,9,0.07,Signal changed to 0.0
PRICE_VS_EMA_LONG_ONLY,20,None,344,LONG,2026-08-04T01:00:00,1867.64,2026-08-04T06:00:00,1856.96,5,-0.57,Signal changed to 0.0
PRICE_VS_EMA_LONG_ONLY,20,None,345,LONG,2026-08-04T07:00:00,1863.87,2026-08-04T08:00:00,1857.89,1,-0.32,Signal changed to 0.0
PRICE_VS_EMA_LONG_ONLY,20,None,346,LONG,2026-08-04T10:00:00,1866.94,2026-08-04T13:00:00,1862.06,3,-0.26,Signal changed to 0.0
PRICE_VS_EMA_LONG_ONLY,20,None,347,LONG,2026-08-04T14:00:00,1873.03,2026-08-04T23:00:00,1869.75,9,-0.18,Signal changed to 0.0
PRICE_VS_EMA_LONG_ONLY,20,None,348,LONG,2026-08-05T01:00:00,1873.37,2026-08-05T03:00:00,1867.75,2,-0.3,Signal changed to 0.0
PRICE_VS_EMA_LONG_ONLY,20,None,349,LONG,2026-08-05T05:00:00,1873.46,2026-08-05T06:00:00,1869.88,1,-0.19,Signal changed to 0.0
PRICE_VS_EMA_LONG_ONLY,20,None,350,LONG,2026-08-05T07:00:00,1872.2,2026-08-05T08:00:00,1869.99,1,-0.12,Signal changed to 0.0
PRICE_VS_EMA_LONG_ONLY,20,None,351,LONG,2026-08-05T09:00:00,1871.94,2026-08-05T10:00:00,1868.33,1,-0.19,Signal changed to 0.0
PRICE_VS_EMA_LONG_ONLY,20,None,352,LONG,2026-08-05T12:00:00,1876.25,2026-08-06T10:00:00,1902.58,22,1.4,Signal changed to 0.0
PRICE_VS_EMA_LONG_ONLY,20,None,353,LONG,2026-08-06T11:00:00,1907.77,2026-08-06T12:00:00,1899.09,1,-0.45,Signal changed to 0.0
PRICE_VS_EMA_LONG_ONLY,20,None,354,LONG,2026-08-06T13:00:00,1907.43,2026-08-06T18:00:00,1905.95,5,-0.08,Signal changed to 0.0
PRICE_VS_EMA_LONG_ONLY,20,None,355,LONG,2026-08-06T19:00:00,1910.06,2026-08-06T20:00:00,1907.14,1,-0.15,Signal changed to 0.0
PRICE_VS_EMA_LONG_ONLY,20,None,356,LONG,2026-08-07T06:00:00,1904.53,2026-08-07T07:00:00,1902.36,1,-0.11,Signal changed to 0.0
PRICE_VS_EMA_LONG_ONLY,20,None,357,LONG,2026-08-07T08:00:00,1910.7,2026-08-07T16:00:00,1909.51,8,-0.06,Signal changed to 0.0
PRICE_VS_EMA_LONG_ONLY,20,None,358,LONG,2026-08-07T17:00:00,1912.45,2026-08-07T18:00:00,1909.86,1,-0.14,Signal changed to 0.0
PRICE_VS_EMA_LONG_ONLY,20,None,359,LONG,2026-08-07T19:00:00,1918.85,2026-08-08T02:00:00,1913.18,7,-0.3,Signal changed to 0.0
PRICE_VS_EMA_LONG_ONLY,20,None,360,LONG,2026-08-08T03:00:00,1918.08,2026-08-08T22:00:00,1916.75,19,-0.07,Signal changed to 0.0
PRICE_VS_EMA_LONG_ONLY,20,None,361,LONG,2026-08-09T06:00:00,1919.33,2026-08-09T08:00:00,1915.94,2,-0.18,Signal changed to 0.0
PRICE_VS_EMA_LONG_ONLY,20,None,362,LONG,2026-08-09T09:00:00,1921.45,2026-08-09T12:00:00,1917.5,3,-0.21,Signal changed to 0.0
PRICE_VS_EMA_LONG_ONLY,20,None,363,LONG,2026-08-09T13:00:00,1923.36,2026-08-09T20:00:00,1920.73,7,-0.14,Signal changed to 0.0
PRICE_VS_EMA_LONG_ONLY,20,None,364,LONG,2026-08-09T21:00:00,1924.73,2026-08-09T22:00:00,1919.55,1,-0.27,Signal changed to 0.0
PRICE_VS_EMA_LONG_ONLY,20,None,365,LONG,2026-08-10T01:00:00,1925.23,2026-08-10T03:00:00,1917.44,2,-0.4,Signal changed to 0.0
PRICE_VS_EMA_LONG_ONLY,20,None,366,LONG,2026-08-10T05:00:00,1923.17,2026-08-10T09:00:00,1916.39,4,-0.35,Signal changed to 0.0
PRICE_VS_EMA_LONG_ONLY,20,None,367,LONG,2026-08-11T09:00:00,1885.41,2026-08-11T14:00:00,1873.69,5,-0.62,Signal changed to 0.0
PRICE_VS_EMA_LONG_ONLY,20,None,368,LONG,2026-08-11T19:00:00,1881.9,2026-08-12T14:00:00,1887.79,19,0.31,Signal changed to 0.0
PRICE_VS_EMA_LONG_ONLY,20,None,369,LONG,2026-08-13T03:00:00,1887.52,2026-08-13T10:00:00,1883.17,7,-0.23,Signal changed to 0.0
PRICE_VS_EMA_LONG_ONLY,20,None,370,LONG,2026-08-13T12:00:00,1889.04,2026-08-13T15:00:00,1880.01,3,-0.48,Signal changed to 0.0
PRICE_VS_EMA_LONG_ONLY,20,None,371,LONG,2026-08-13T19:00:00,1887.41,2026-08-13T23:00:00,1886.15,4,-0.07,Signal changed to 0.0
PRICE_VS_EMA_LONG_ONLY,20,None,372,LONG,2026-08-14T00:00:00,1889.4,2026-08-14T02:00:00,1886.62,2,-0.15,Signal changed to 0.0
PRICE_VS_EMA_LONG_ONLY,20,None,373,LONG,2026-08-14T15:00:00,1881.56,2026-08-14T17:00:00,1878.57,2,-0.16,Signal changed to 0.0
PRICE_VS_EMA_LONG_ONLY,20,None,374,LONG,2026-08-14T19:00:00,1880.89,2026-08-15T05:00:00,1880.66,10,-0.01,Signal changed to 0.0
PRICE_VS_EMA_LONG_ONLY,20,None,375,LONG,2026-08-15T06:00:00,1882.16,2026-08-15T07:00:00,1880.4,1,-0.09,Signal changed to 0.0
PRICE_VS_EMA_LONG_ONLY,20,None,376,LONG,2026-08-15T10:00:00,1881.01,2026-08-15T11:00:00,1879.49,1,-0.08,Signal changed to 0.0
PRICE_VS_EMA_LONG_ONLY,20,None,377,LONG,2026-08-15T12:00:00,1883.86,2026-08-15T23:00:00,1882.64,11,-0.06,Signal changed to 0.0
PRICE_VS_EMA_LONG_ONLY,20,None,378,LONG,2026-08-16T02:00:00,1883.71,2026-08-16T04:00:00,1881.7,2,-0.11,Signal changed to 0.0
PRICE_VS_EMA_LONG_ONLY,20,None,379,LONG,2026-08-16T13:00:00,1881.96,2026-08-16T20:00:00,1882.0,7,0.0,Signal changed to 0.0
PRICE_VS_EMA_LONG_ONLY,20,None,380,LONG,2026-08-17T01:00:00,1891.65,2026-08-18T01:00:00,1901.54,24,0.52,Signal changed to 0.0
PRICE_VS_EMA_LONG_ONLY,20,None,381,LONG,2026-08-18T06:00:00,1902.83,2026-08-18T07:00:00,1898.84,1,-0.21,Signal changed to 0.0
PRICE_VS_EMA_LONG_ONLY,20,None,382,LONG,2026-08-18T11:00:00,1903.11,2026-08-18T12:00:00,1899.48,1,-0.19,Signal changed to 0.0
PRICE_VS_EMA_LONG_ONLY,20,None,383,LONG,2026-08-18T14:00:00,1911.02,2026-08-19T02:00:00,1907.7,12,-0.17,Signal changed to 0.0
PRICE_VS_EMA_LONG_ONLY,20,None,384,LONG,2026-08-19T03:00:00,1912.15,2026-08-22T05:00:00,2439.95,74,27.6,Signal changed to 0.0
PRICE_VS_EMA_LONG_ONLY,50,None,1,LONG,2026-01-01T01:00:00,2984.32,2026-01-01T03:00:00,2980.0,2,-0.14,Signal changed to 0.0
PRICE_VS_EMA_LONG_ONLY,50,None,2,LONG,2026-01-01T05:00:00,2981.49,2026-01-01T06:00:00,2975.89,1,-0.19,Signal changed to 0.0
PRICE_VS_EMA_LONG_ONLY,50,None,3,LONG,2026-01-01T08:00:00,2982.59,2026-01-06T17:00:00,3196.43,129,7.17,Signal changed to 0.0
PRICE_VS_EMA_LONG_ONLY,50,None,4,LONG,2026-01-06T18:00:00,3218.91,2026-01-07T09:00:00,3200.18,15,-0.58,Signal changed to 0.0
PRICE_VS_EMA_LONG_ONLY,50,None,5,LONG,2026-01-09T16:00:00,3133.13,2026-01-09T17:00:00,3114.41,1,-0.6,Signal changed to 0.0
PRICE_VS_EMA_LONG_ONLY,50,None,6,LONG,2026-01-11T08:00:00,3103.38,2026-01-12T08:00:00,3115.47,24,0.39,Signal changed to 0.0
PRICE_VS_EMA_LONG_ONLY,50,None,7,LONG,2026-01-12T15:00:00,3130.17,2026-01-12T17:00:00,3104.88,2,-0.81,Signal changed to 0.0
PRICE_VS_EMA_LONG_ONLY,50,None,8,LONG,2026-01-12T19:00:00,3121.83,2026-01-12T20:00:00,3102.57,1,-0.62,Signal changed to 0.0
PRICE_VS_EMA_LONG_ONLY,50,None,9,LONG,2026-01-13T03:00:00,3116.14,2026-01-15T17:00:00,3301.46,62,5.95,Signal changed to 0.0
PRICE_VS_EMA_LONG_ONLY,50,None,10,LONG,2026-01-15T22:00:00,3309.11,2026-01-16T03:00:00,3295.21,5,-0.42,Signal changed to 0.0
PRICE_VS_EMA_LONG_ONLY,50,None,11,LONG,2026-01-16T05:00:00,3309.23,2026-01-16T10:00:00,3297.75,5,-0.35,Signal changed to 0.0
PRICE_VS_EMA_LONG_ONLY,50,None,12,LONG,2026-01-16T12:00:00,3308.87,2026-01-16T14:00:00,3294.12,2,-0.45,Signal changed to 0.0
PRICE_VS_EMA_LONG_ONLY,50,None,13,LONG,2026-01-17T08:00:00,3296.48,2026-01-17T22:00:00,3302.0,14,0.17,Signal changed to 0.0
PRICE_VS_EMA_LONG_ONLY,50,None,14,LONG,2026-01-17T23:00:00,3310.56,2026-01-18T01:00:00,3301.15,2,-0.28,Signal changed to 0.0
PRICE_VS_EMA_LONG_ONLY,50,None,15,LONG,2026-01-18T02:00:00,3303.45,2026-01-18T23:00:00,3284.03,21,-0.59,Signal changed to 0.0
PRICE_VS_EMA_LONG_ONLY,50,None,16,LONG,2026-01-21T19:00:00,3055.56,2026-01-21T20:00:00,3031.84,1,-0.78,Signal changed to 0.0
PRICE_VS_EMA_LONG_ONLY,50,None,17,LONG,2026-01-23T17:00:00,2987.51,2026-01-23T19:00:00,2959.8,2,-0.93,Signal changed to 0.0
PRICE_VS_EMA_LONG_ONLY,50,None,18,LONG,2026-01-24T17:00:00,2964.3,2026-01-24T18:00:00,2963.82,1,-0.02,Signal changed to 0.0
PRICE_VS_EMA_LONG_ONLY,50,None,19,LONG,2026-01-26T08:00:00,2912.29,2026-01-26T09:00:00,2885.87,1,-0.91,Signal changed to 0.0
PRICE_VS_EMA_LONG_ONLY,50,None,20,LONG,2026-01-26T13:00:00,2909.67,2026-01-26T15:00:00,2899.32,2,-0.36,Signal changed to 0.0
PRICE_VS_EMA_LONG_ONLY,50,None,21,LONG,2026-01-26T17:00:00,2909.42,2026-01-26T20:00:00,2901.82,3,-0.26,Signal changed to 0.0
PRICE_VS_EMA_LONG_ONLY,50,None,22,LONG,2026-01-26T21:00:00,2928.97,2026-01-27T09:00:00,2907.69,12,-0.73,Signal changed to 0.0
PRICE_VS_EMA_LONG_ONLY,50,None,23,LONG,2026-01-27T11:00:00,2917.02,2026-01-27T13:00:00,2912.61,2,-0.15,Signal changed to 0.0
PRICE_VS_EMA_LONG_ONLY,50,None,24,LONG,2026-01-27T14:00:00,2918.65,2026-01-29T02:00:00,2959.23,36,1.39,Signal changed to 0.0
PRICE_VS_EMA_LONG_ONLY,50,None,25,LONG,2026-02-06T16:00:00,2036.17,2026-02-07T07:00:00,2027.1,15,-0.45,Signal changed to 0.0
PRICE_VS_EMA_LONG_ONLY,50,None,26,LONG,2026-02-07T12:00:00,2041.33,2026-02-07T14:00:00,2020.41,2,-1.02,Signal changed to 0.0
PRICE_VS_EMA_LONG_ONLY,50,None,27,LONG,2026-02-07T15:00:00,2052.54,2026-02-09T01:00:00,2070.89,34,0.89,Signal changed to 0.0
PRICE_VS_EMA_LONG_ONLY,50,None,28,LONG,2026-02-09T03:00:00,2100.25,2026-02-09T06:00:00,2081.43,3,-0.9,Signal changed to 0.0
PRICE_VS_EMA_LONG_ONLY,50,None,29,LONG,2026-02-09T16:00:00,2091.21,2026-02-10T03:00:00,2064.96,11,-1.26,Signal changed to 0.0
PRICE_VS_EMA_LONG_ONLY,50,None,30,LONG,2026-02-12T10:00:00,1994.15,2026-02-12T12:00:00,1980.85,2,-0.67,Signal changed to 0.0
PRICE_VS_EMA_LONG_ONLY,50,None,31,LONG,2026-02-12T13:00:00,1994.99,2026-02-12T14:00:00,1978.5,1,-0.83,Signal changed to 0.0
PRICE_VS_EMA_LONG_ONLY,50,None,32,LONG,2026-02-13T09:00:00,1962.0,2026-02-13T10:00:00,1959.4,1,-0.13,Signal changed to 0.0
PRICE_VS_EMA_LONG_ONLY,50,None,33,LONG,2026-02-13T12:00:00,1960.95,2026-02-15T12:00:00,2011.0,48,2.55,Signal changed to 0.0
PRICE_VS_EMA_LONG_ONLY,50,None,34,LONG,2026-02-16T12:00:00,2006.24,2026-02-16T13:00:00,1967.7,1,-1.92,Signal changed to 0.0
PRICE_VS_EMA_LONG_ONLY,50,None,35,LONG,2026-02-16T21:00:00,1999.14,2026-02-16T22:00:00,1990.19,1,-0.45,Signal changed to 0.0
PRICE_VS_EMA_LONG_ONLY,50,None,36,LONG,2026-02-16T23:00:00,1998.33,2026-02-17T01:00:00,1991.82,2,-0.33,Signal changed to 0.0
PRICE_VS_EMA_LONG_ONLY,50,None,37,LONG,2026-02-17T02:00:00,1998.59,2026-02-17T03:00:00,1985.7,1,-0.64,Signal changed to 0.0
PRICE_VS_EMA_LONG_ONLY,50,None,38,LONG,2026-02-17T13:00:00,1990.53,2026-02-17T14:00:00,1948.49,1,-2.11,Signal changed to 0.0
PRICE_VS_EMA_LONG_ONLY,50,None,39,LONG,2026-02-17T18:00:00,1998.69,2026-02-18T00:00:00,1981.54,6,-0.86,Signal changed to 0.0
PRICE_VS_EMA_LONG_ONLY,50,None,40,LONG,2026-02-18T03:00:00,1997.07,2026-02-18T11:00:00,1981.43,8,-0.78,Signal changed to 0.0
PRICE_VS_EMA_LONG_ONLY,50,None,41,LONG,2026-02-19T06:00:00,1982.92,2026-02-19T08:00:00,1970.5,2,-0.63,Signal changed to 0.0
PRICE_VS_EMA_LONG_ONLY,50,None,42,LONG,2026-02-20T07:00:00,1960.97,2026-02-20T10:00:00,1957.54,3,-0.17,Signal changed to 0.0
PRICE_VS_EMA_LONG_ONLY,50,None,43,LONG,2026-02-20T15:00:00,1963.95,2026-02-21T03:00:00,1959.03,12,-0.25,Signal changed to 0.0
PRICE_VS_EMA_LONG_ONLY,50,None,44,LONG,2026-02-21T04:00:00,1962.4,2026-02-22T12:00:00,1966.37,32,0.2,Signal changed to 0.0
PRICE_VS_EMA_LONG_ONLY,50,None,45,LONG,2026-02-25T01:00:00,1918.34,2026-02-26T16:00:00,1983.8,39,3.41,Signal changed to 0.0
PRICE_VS_EMA_LONG_ONLY,50,None,46,LONG,2026-02-26T18:00:00,2004.23,2026-02-27T09:00:00,2010.01,15,0.29,Signal changed to 0.0
PRICE_VS_EMA_LONG_ONLY,50,None,47,LONG,2026-02-28T18:00:00,1936.08,2026-03-01T17:00:00,1961.17,23,1.3,Signal changed to 0.0
PRICE_VS_EMA_LONG_ONLY,50,None,48,LONG,2026-03-01T18:00:00,1975.82,2026-03-01T19:00:00,1953.9,1,-1.11,Signal changed to 0.0
PRICE_VS_EMA_LONG_ONLY,50,None,49,LONG,2026-03-02T01:00:00,1963.71,2026-03-02T02:00:00,1955.63,1,-0.41,Signal changed to 0.0
PRICE_VS_EMA_LONG_ONLY,50,None,50,LONG,2026-03-02T03:00:00,1972.3,2026-03-02T06:00:00,1943.31,3,-1.47,Signal changed to 0.0
PRICE_VS_EMA_LONG_ONLY,50,None,51,LONG,2026-03-02T14:00:00,1979.75,2026-03-03T08:00:00,1953.1,18,-1.35,Signal changed to 0.0
PRICE_VS_EMA_LONG_ONLY,50,None,52,LONG,2026-03-03T16:00:00,1983.98,2026-03-03T17:00:00,1980.6,1,-0.17,Signal changed to 0.0
PRICE_VS_EMA_LONG_ONLY,50,None,53,LONG,2026-03-03T18:00:00,1988.2,2026-03-03T20:00:00,1978.34,2,-0.5,Signal changed to 0.0
PRICE_VS_EMA_LONG_ONLY,50,None,54,LONG,2026-03-03T22:00:00,1983.31,2026-03-04T00:00:00,1976.68,2,-0.33,Signal changed to 0.0
PRICE_VS_EMA_LONG_ONLY,50,None,55,LONG,2026-03-04T01:00:00,1981.73,2026-03-04T02:00:00,1979.24,1,-0.13,Signal changed to 0.0
PRICE_VS_EMA_LONG_ONLY,50,None,56,LONG,2026-03-04T06:00:00,1980.33,2026-03-05T16:00:00,2080.17,34,5.04,Signal changed to 0.0
PRICE_VS_EMA_LONG_ONLY,50,None,57,LONG,2026-03-05T20:00:00,2092.43,2026-03-05T21:00:00,2080.6,1,-0.57,Signal changed to 0.0
PRICE_VS_EMA_LONG_ONLY,50,None,58,LONG,2026-03-06T01:00:00,2087.65,2026-03-06T04:00:00,2070.86,3,-0.8,Signal changed to 0.0
PRICE_VS_EMA_LONG_ONLY,50,None,59,LONG,2026-03-06T07:00:00,2082.83,2026-03-06T08:00:00,2075.96,1,-0.33,Signal changed to 0.0
PRICE_VS_EMA_LONG_ONLY,50,None,60,LONG,2026-03-09T03:00:00,1977.48,2026-03-11T02:00:00,2026.71,47,2.49,Signal changed to 0.0
PRICE_VS_EMA_LONG_ONLY,50,None,61,LONG,2026-03-11T04:00:00,2039.08,2026-03-11T05:00:00,2014.63,1,-1.2,Signal changed to 0.0
PRICE_VS_EMA_LONG_ONLY,50,None,62,LONG,2026-03-11T10:00:00,2028.68,2026-03-11T11:00:00,2017.8,1,-0.54,Signal changed to 0.0
PRICE_VS_EMA_LONG_ONLY,50,None,63,LONG,2026-03-11T13:00:00,2050.72,2026-03-12T02:00:00,2024.67,13,-1.27,Signal changed to 0.0
PRICE_VS_EMA_LONG_ONLY,50,None,64,LONG,2026-03-12T07:00:00,2040.7,2026-03-13T22:00:00,2088.97,39,2.37,Signal changed to 0.0
PRICE_VS_EMA_LONG_ONLY,50,None,65,LONG,2026-03-13T23:00:00,2092.22,2026-03-14T00:00:00,2085.32,1,-0.33,Signal changed to 0.0
PRICE_VS_EMA_LONG_ONLY,50,None,66,LONG,2026-03-14T01:00:00,2092.55,2026-03-14T04:00:00,2090.42,3,-0.1,Signal changed to 0.0
PRICE_VS_EMA_LONG_ONLY,50,None,67,LONG,2026-03-14T05:00:00,2092.46,2026-03-14T06:00:00,2078.02,1,-0.69,Signal changed to 0.0
PRICE_VS_EMA_LONG_ONLY,50,None,68,LONG,2026-03-14T20:00:00,2086.01,2026-03-15T15:00:00,2093.79,19,0.37,Signal changed to 0.0
PRICE_VS_EMA_LONG_ONLY,50,None,69,LONG,2026-03-15T17:00:00,2110.77,2026-03-18T11:00:00,2269.34,66,7.51,Signal changed to 0.0
PRICE_VS_EMA_LONG_ONLY,50,None,70,LONG,2026-03-23T11:00:00,2134.78,2026-03-24T16:00:00,2127.2,29,-0.36,Signal changed to 0.0
PRICE_VS_EMA_LONG_ONLY,50,None,71,LONG,2026-03-24T20:00:00,2148.48,2026-03-26T02:00:00,2149.97,30,0.07,Signal changed to 0.0
PRICE_VS_EMA_LONG_ONLY,50,None,72,LONG,2026-03-30T01:00:00,2010.43,2026-03-30T19:00:00,2023.7,18,0.66,Signal changed to 0.0
PRICE_VS_EMA_LONG_ONLY,50,None,73,LONG,2026-03-30T21:00:00,2036.0,2026-03-30T23:00:00,2026.48,2,-0.47,Signal changed to 0.0
PRICE_VS_EMA_LONG_ONLY,50,None,74,LONG,2026-03-31T00:00:00,2036.65,2026-03-31T09:00:00,2018.37,9,-0.9,Signal changed to 0.0
PRICE_VS_EMA_LONG_ONLY,50,None,75,LONG,2026-03-31T11:00:00,2041.2,2026-04-02T01:00:00,2100.03,38,2.88,Signal changed to 0.0
PRICE_VS_EMA_LONG_ONLY,50,None,76,LONG,2026-04-04T19:00:00,2064.71,2026-04-05T01:00:00,2057.37,6,-0.36,Signal changed to 0.0
PRICE_VS_EMA_LONG_ONLY,50,None,77,LONG,2026-04-05T02:00:00,2059.86,2026-04-05T03:00:00,2056.64,1,-0.16,Signal changed to 0.0
PRICE_VS_EMA_LONG_ONLY,50,None,78,LONG,2026-04-05T15:00:00,2053.85,2026-04-05T16:00:00,2052.15,1,-0.08,Signal changed to 0.0
PRICE_VS_EMA_LONG_ONLY,50,None,79,LONG,2026-04-05T17:00:00,2062.53,2026-04-06T22:00:00,2105.41,29,2.08,Signal changed to 0.0
PRICE_VS_EMA_LONG_ONLY,50,None,80,LONG,2026-04-06T23:00:00,2107.16,2026-04-07T01:00:00,2099.51,2,-0.36,Signal changed to 0.0
PRICE_VS_EMA_LONG_ONLY,50,None,81,LONG,2026-04-07T03:00:00,2108.37,2026-04-07T05:00:00,2105.52,2,-0.14,Signal changed to 0.0
PRICE_VS_EMA_LONG_ONLY,50,None,82,LONG,2026-04-07T08:00:00,2114.84,2026-04-07T10:00:00,2089.32,2,-1.21,Signal changed to 0.0
PRICE_VS_EMA_LONG_ONLY,50,None,83,LONG,2026-04-07T19:00:00,2113.39,2026-04-09T01:00:00,2178.69,30,3.09,Signal changed to 0.0
PRICE_VS_EMA_LONG_ONLY,50,None,84,LONG,2026-04-09T03:00:00,2182.49,2026-04-09T04:00:00,2177.64,1,-0.22,Signal changed to 0.0
PRICE_VS_EMA_LONG_ONLY,50,None,85,LONG,2026-04-09T05:00:00,2182.17,2026-04-09T06:00:00,2181.51,1,-0.03,Signal changed to 0.0
PRICE_VS_EMA_LONG_ONLY,50,None,86,LONG,2026-04-09T08:00:00,2186.37,2026-04-09T11:00:00,2180.26,3,-0.28,Signal changed to 0.0
PRICE_VS_EMA_LONG_ONLY,50,None,87,LONG,2026-04-09T12:00:00,2183.34,2026-04-09T13:00:00,2165.22,1,-0.83,Signal changed to 0.0
PRICE_VS_EMA_LONG_ONLY,50,None,88,LONG,2026-04-09T15:00:00,2217.99,2026-04-10T02:00:00,2189.12,11,-1.3,Signal changed to 0.0
PRICE_VS_EMA_LONG_ONLY,50,None,89,LONG,2026-04-10T04:00:00,2195.71,2026-04-10T06:00:00,2186.2,2,-0.43,Signal changed to 0.0
PRICE_VS_EMA_LONG_ONLY,50,None,90,LONG,2026-04-10T09:00:00,2196.03,2026-04-12T01:00:00,2219.05,40,1.05,Signal changed to 0.0
PRICE_VS_EMA_LONG_ONLY,50,None,91,LONG,2026-04-13T13:00:00,2215.47,2026-04-13T15:00:00,2209.28,2,-0.28,Signal changed to 0.0
PRICE_VS_EMA_LONG_ONLY,50,None,92,LONG,2026-04-13T16:00:00,2225.86,2026-04-16T10:00:00,2332.42,66,4.79,Signal changed to 0.0
PRICE_VS_EMA_LONG_ONLY,50,None,93,LONG,2026-04-16T11:00:00,2335.67,2026-04-16T13:00:00,2308.29,2,-1.17,Signal changed to 0.0
PRICE_VS_EMA_LONG_ONLY,50,None,94,LONG,2026-04-16T15:00:00,2339.01,2026-04-16T16:00:00,2316.76,1,-0.95,Signal changed to 0.0
PRICE_VS_EMA_LONG_ONLY,50,None,95,LONG,2026-04-16T18:00:00,2343.1,2026-04-17T01:00:00,2335.38,7,-0.33,Signal changed to 0.0
PRICE_VS_EMA_LONG_ONLY,50,None,96,LONG,2026-04-17T08:00:00,2354.87,2026-04-18T08:00:00,2380.57,24,1.09,Signal changed to 0.0
PRICE_VS_EMA_LONG_ONLY,50,None,97,LONG,2026-04-20T12:00:00,2318.88,2026-04-20T13:00:00,2310.82,1,-0.35,Signal changed to 0.0
PRICE_VS_EMA_LONG_ONLY,50,None,98,LONG,2026-04-20T17:00:00,2317.06,2026-04-20T23:00:00,2313.85,6,-0.14,Signal changed to 0.0
PRICE_VS_EMA_LONG_ONLY,50,None,99,LONG,2026-04-21T00:00:00,2321.94,2026-04-21T01:00:00,2315.16,1,-0.29,Signal changed to 0.0
PRICE_VS_EMA_LONG_ONLY,50,None,100,LONG,2026-04-21T06:00:00,2317.36,2026-04-21T12:00:00,2308.54,6,-0.38,Signal changed to 0.0
PRICE_VS_EMA_LONG_ONLY,50,None,101,LONG,2026-04-21T23:00:00,2327.14,2026-04-23T02:00:00,2351.96,27,1.07,Signal changed to 0.0
PRICE_VS_EMA_LONG_ONLY,50,None,102,LONG,2026-04-26T05:00:00,2327.84,2026-04-27T05:00:00,2323.18,24,-0.2,Signal changed to 0.0
PRICE_VS_EMA_LONG_ONLY,50,None,103,LONG,2026-04-29T03:00:00,2311.52,2026-04-29T13:00:00,2303.03,10,-0.37,Signal changed to 0.0
PRICE_VS_EMA_LONG_ONLY,50,None,104,LONG,2026-05-01T03:00:00,2282.87,2026-05-05T23:00:00,2360.77,116,3.41,Signal changed to 0.0
PRICE_VS_EMA_LONG_ONLY,50,None,105,LONG,2026-05-06T00:00:00,2364.63,2026-05-06T13:00:00,2368.51,13,0.16,Signal changed to 0.0
PRICE_VS_EMA_LONG_ONLY,50,None,106,LONG,2026-05-08T18:00:00,2313.49,2026-05-08T20:00:00,2306.65,2,-0.3,Signal changed to 0.0
PRICE_VS_EMA_LONG_ONLY,50,None,107,LONG,2026-05-08T21:00:00,2314.63,2026-05-08T23:00:00,2307.06,2,-0.33,Signal changed to 0.0
PRICE_VS_EMA_LONG_ONLY,50,None,108,LONG,2026-05-09T01:00:00,2314.22,2026-05-09T14:00:00,2308.27,13,-0.26,Signal changed to 0.0
PRICE_VS_EMA_LONG_ONLY,50,None,109,LONG,2026-05-09T15:00:00,2317.63,2026-05-11T03:00:00,2330.56,36,0.56,Signal changed to 0.0
PRICE_VS_EMA_LONG_ONLY,50,None,110,LONG,2026-05-11T05:00:00,2335.3,2026-05-11T06:00:00,2333.48,1,-0.08,Signal changed to 0.0
PRICE_VS_EMA_LONG_ONLY,50,None,111,LONG,2026-05-11T09:00:00,2336.08,2026-05-11T10:00:00,2329.94,1,-0.26,Signal changed to 0.0
PRICE_VS_EMA_LONG_ONLY,50,None,112,LONG,2026-05-11T11:00:00,2335.8,2026-05-11T12:00:00,2329.5,1,-0.27,Signal changed to 0.0
PRICE_VS_EMA_LONG_ONLY,50,None,113,LONG,2026-05-11T15:00:00,2333.48,2026-05-11T16:00:00,2329.78,1,-0.16,Signal changed to 0.0
PRICE_VS_EMA_LONG_ONLY,50,None,114,LONG,2026-05-11T17:00:00,2336.71,2026-05-12T00:00:00,2333.54,7,-0.14,Signal changed to 0.0
PRICE_VS_EMA_LONG_ONLY,50,None,115,LONG,2026-05-13T04:00:00,2306.67,2026-05-13T05:00:00,2297.76,1,-0.39,Signal changed to 0.0
PRICE_VS_EMA_LONG_ONLY,50,None,116,LONG,2026-05-13T08:00:00,2316.64,2026-05-13T11:00:00,2301.82,3,-0.64,Signal changed to 0.0
PRICE_VS_EMA_LONG_ONLY,50,None,117,LONG,2026-05-14T14:00:00,2286.99,2026-05-15T01:00:00,2275.45,11,-0.5,Signal changed to 0.0
PRICE_VS_EMA_LONG_ONLY,50,None,118,LONG,2026-05-20T06:00:00,2133.75,2026-05-20T13:00:00,2120.61,7,-0.62,Signal changed to 0.0
PRICE_VS_EMA_LONG_ONLY,50,None,119,LONG,2026-05-20T14:00:00,2135.25,2026-05-20T22:00:00,2128.32,8,-0.32,Signal changed to 0.0
PRICE_VS_EMA_LONG_ONLY,50,None,120,LONG,2026-05-21T00:00:00,2142.92,2026-05-21T06:00:00,2128.57,6,-0.67,Signal changed to 0.0
PRICE_VS_EMA_LONG_ONLY,50,None,121,LONG,2026-05-21T07:00:00,2135.06,2026-05-21T09:00:00,2127.98,2,-0.33,Signal changed to 0.0
PRICE_VS_EMA_LONG_ONLY,50,None,122,LONG,2026-05-21T15:00:00,2132.65,2026-05-21T16:00:00,2127.79,1,-0.23,Signal changed to 0.0
PRICE_VS_EMA_LONG_ONLY,50,None,123,LONG,2026-05-21T17:00:00,2146.6,2026-05-21T18:00:00,2126.87,1,-0.92,Signal changed to 0.0
PRICE_VS_EMA_LONG_ONLY,50,None,124,LONG,2026-05-21T19:00:00,2142.83,2026-05-22T00:00:00,2129.33,5,-0.63,Signal changed to 0.0
PRICE_VS_EMA_LONG_ONLY,50,None,125,LONG,2026-05-22T01:00:00,2135.88,2026-05-22T05:00:00,2129.21,4,-0.31,Signal changed to 0.0
PRICE_VS_EMA_LONG_ONLY,50,None,126,LONG,2026-05-22T11:00:00,2130.78,2026-05-22T13:00:00,2130.23,2,-0.03,Signal changed to 0.0
PRICE_VS_EMA_LONG_ONLY,50,None,127,LONG,2026-05-23T20:00:00,2146.3,2026-05-24T14:00:00,2097.98,18,-2.25,Signal changed to 0.0
PRICE_VS_EMA_LONG_ONLY,50,None,128,LONG,2026-05-24T16:00:00,2103.62,2026-05-24T18:00:00,2099.97,2,-0.17,Signal changed to 0.0
PRICE_VS_EMA_LONG_ONLY,50,None,129,LONG,2026-05-25T00:00:00,2104.95,2026-05-25T01:00:00,2094.13,1,-0.51,Signal changed to 0.0
PRICE_VS_EMA_LONG_ONLY,50,None,130,LONG,2026-05-25T04:00:00,2105.83,2026-05-25T20:00:00,2108.64,16,0.13,Signal changed to 0.0
PRICE_VS_EMA_LONG_ONLY,50,None,131,LONG,2026-05-25T21:00:00,2110.9,2026-05-25T22:00:00,2103.61,1,-0.35,Signal changed to 0.0
PRICE_VS_EMA_LONG_ONLY,50,None,132,LONG,2026-05-25T23:00:00,2113.01,2026-05-26T00:00:00,2097.75,1,-0.72,Signal changed to 0.0
PRICE_VS_EMA_LONG_ONLY,50,None,133,LONG,2026-05-26T10:00:00,2127.56,2026-05-26T15:00:00,2087.36,5,-1.89,Signal changed to 0.0
PRICE_VS_EMA_LONG_ONLY,50,None,134,LONG,2026-05-29T15:00:00,2031.62,2026-05-29T18:00:00,2011.41,3,-0.99,Signal changed to 0.0
PRICE_VS_EMA_LONG_ONLY,50,None,135,LONG,2026-05-30T02:00:00,2021.34,2026-05-30T03:00:00,2016.83,1,-0.22,Signal changed to 0.0
PRICE_VS_EMA_LONG_ONLY,50,None,136,LONG,2026-05-30T12:00:00,2019.86,2026-05-31T09:00:00,2021.13,21,0.06,Signal changed to 0.0
PRICE_VS_EMA_LONG_ONLY,50,None,137,LONG,2026-06-01T19:00:00,2004.53,2026-06-01T21:00:00,1994.57,2,-0.5,Signal changed to 0.0
PRICE_VS_EMA_LONG_ONLY,50,None,138,LONG,2026-06-01T22:00:00,2004.43,2026-06-02T00:00:00,1996.44,2,-0.4,Signal changed to 0.0
PRICE_VS_EMA_LONG_ONLY,50,None,139,LONG,2026-06-02T03:00:00,2003.94,2026-06-02T04:00:00,1996.85,1,-0.35,Signal changed to 0.0
PRICE_VS_EMA_LONG_ONLY,50,None,140,LONG,2026-06-07T06:00:00,1612.01,2026-06-07T19:00:00,1613.11,13,0.07,Signal changed to 0.0
PRICE_VS_EMA_LONG_ONLY,50,None,141,LONG,2026-06-07T20:00:00,1628.14,2026-06-09T13:00:00,1666.71,41,2.37,Signal changed to 0.0
PRICE_VS_EMA_LONG_ONLY,50,None,142,LONG,2026-06-10T13:00:00,1651.81,2026-06-10T14:00:00,1646.72,1,-0.31,Signal changed to 0.0
PRICE_VS_EMA_LONG_ONLY,50,None,143,LONG,2026-06-10T15:00:00,1657.97,2026-06-10T16:00:00,1641.99,1,-0.96,Signal changed to 0.0
PRICE_VS_EMA_LONG_ONLY,50,None,144,LONG,2026-06-11T01:00:00,1642.83,2026-06-11T02:00:00,1641.07,1,-0.11,Signal changed to 0.0
PRICE_VS_EMA_LONG_ONLY,50,None,145,LONG,2026-06-11T03:00:00,1653.95,2026-06-11T14:00:00,1643.04,11,-0.66,Signal changed to 0.0
PRICE_VS_EMA_LONG_ONLY,50,None,146,LONG,2026-06-11T17:00:00,1688.66,2026-06-12T06:00:00,1657.34,13,-1.85,Signal changed to 0.0
PRICE_VS_EMA_LONG_ONLY,50,None,147,LONG,2026-06-12T07:00:00,1662.12,2026-06-12T13:00:00,1657.6,6,-0.27,Signal changed to 0.0
PRICE_VS_EMA_LONG_ONLY,50,None,148,LONG,2026-06-12T14:00:00,1685.64,2026-06-12T15:00:00,1660.08,1,-1.52,Signal changed to 0.0
PRICE_VS_EMA_LONG_ONLY,50,None,149,LONG,2026-06-12T16:00:00,1672.9,2026-06-12T22:00:00,1662.6,6,-0.62,Signal changed to 0.0
PRICE_VS_EMA_LONG_ONLY,50,None,150,LONG,2026-06-12T23:00:00,1666.41,2026-06-14T10:00:00,1673.13,35,0.4,Signal changed to 0.0
PRICE_VS_EMA_LONG_ONLY,50,None,151,LONG,2026-06-14T21:00:00,1718.67,2026-06-17T08:00:00,1765.31,59,2.71,Signal changed to 0.0
PRICE_VS_EMA_LONG_ONLY,50,None,152,LONG,2026-06-17T17:00:00,1789.27,2026-06-17T18:00:00,1770.32,1,-1.06,Signal changed to 0.0
PRICE_VS_EMA_LONG_ONLY,50,None,153,LONG,2026-06-20T05:00:00,1726.1,2026-06-20T13:00:00,1717.56,8,-0.49,Signal changed to 0.0
PRICE_VS_EMA_LONG_ONLY,50,None,154,LONG,2026-06-20T14:00:00,1733.48,2026-06-21T11:00:00,1725.36,21,-0.47,Signal changed to 0.0
PRICE_VS_EMA_LONG_ONLY,50,None,155,LONG,2026-06-21T14:00:00,1728.44,2026-06-21T20:00:00,1721.3,6,-0.41,Signal changed to 0.0
PRICE_VS_EMA_LONG_ONLY,50,None,156,LONG,2026-06-22T00:00:00,1726.95,2026-06-22T18:00:00,1733.51,18,0.38,Signal changed to 0.0
PRICE_VS_EMA_LONG_ONLY,50,None,157,LONG,2026-06-25T06:00:00,1653.95,2026-06-25T09:00:00,1648.88,3,-0.31,Signal changed to 0.0
PRICE_VS_EMA_LONG_ONLY,50,None,158,LONG,2026-06-27T07:00:00,1585.71,2026-06-27T08:00:00,1584.18,1,-0.1,Signal changed to 0.0
PRICE_VS_EMA_LONG_ONLY,50,None,159,LONG,2026-06-27T12:00:00,1585.95,2026-06-27T19:00:00,1578.51,7,-0.47,Signal changed to 0.0
PRICE_VS_EMA_LONG_ONLY,50,None,160,LONG,2026-06-28T11:00:00,1582.87,2026-06-28T13:00:00,1579.68,2,-0.2,Signal changed to 0.0
PRICE_VS_EMA_LONG_ONLY,50,None,161,LONG,2026-06-29T03:00:00,1584.78,2026-06-29T04:00:00,1575.5,1,-0.59,Signal changed to 0.0
PRICE_VS_EMA_LONG_ONLY,50,None,162,LONG,2026-06-29T05:00:00,1583.1,2026-06-29T08:00:00,1572.98,3,-0.64,Signal changed to 0.0
PRICE_VS_EMA_LONG_ONLY,50,None,163,LONG,2026-06-29T10:00:00,1578.6,2026-06-29T11:00:00,1574.93,1,-0.23,Signal changed to 0.0
PRICE_VS_EMA_LONG_ONLY,50,None,164,LONG,2026-06-29T15:00:00,1580.26,2026-06-30T03:00:00,1587.18,12,0.44,Signal changed to 0.0
PRICE_VS_EMA_LONG_ONLY,50,None,165,LONG,2026-06-30T05:00:00,1591.6,2026-06-30T08:00:00,1583.98,3,-0.48,Signal changed to 0.0
PRICE_VS_EMA_LONG_ONLY,50,None,166,LONG,2026-07-01T02:00:00,1586.3,2026-07-01T06:00:00,1575.99,4,-0.65,Signal changed to 0.0
PRICE_VS_EMA_LONG_ONLY,50,None,167,LONG,2026-07-01T13:00:00,1597.22,2026-07-06T08:00:00,1765.55,115,10.54,Signal changed to 0.0
PRICE_VS_EMA_LONG_ONLY,50,None,168,LONG,2026-07-06T10:00:00,1771.09,2026-07-06T11:00:00,1759.64,1,-0.65,Signal changed to 0.0
PRICE_VS_EMA_LONG_ONLY,50,None,169,LONG,2026-07-06T15:00:00,1788.57,2026-07-07T03:00:00,1771.56,12,-0.95,Signal changed to 0.0
PRICE_VS_EMA_LONG_ONLY,50,None,170,LONG,2026-07-07T06:00:00,1779.11,2026-07-07T07:00:00,1771.24,1,-0.44,Signal changed to 0.0
PRICE_VS_EMA_LONG_ONLY,50,None,171,LONG,2026-07-07T09:00:00,1778.16,2026-07-07T13:00:00,1769.01,4,-0.51,Signal changed to 0.0
PRICE_VS_EMA_LONG_ONLY,50,None,172,LONG,2026-07-07T14:00:00,1789.46,2026-07-07T21:00:00,1773.84,7,-0.87,Signal changed to 0.0
PRICE_VS_EMA_LONG_ONLY,50,None,173,LONG,2026-07-08T00:00:00,1780.29,2026-07-08T01:00:00,1755.94,1,-1.37,Signal changed to 0.0
PRICE_VS_EMA_LONG_ONLY,50,None,174,LONG,2026-07-09T06:00:00,1755.26,2026-07-09T10:00:00,1746.31,4,-0.51,Signal changed to 0.0
PRICE_VS_EMA_LONG_ONLY,50,None,175,LONG,2026-07-09T18:00:00,1751.55,2026-07-09T19:00:00,1748.51,1,-0.17,Signal changed to 0.0
PRICE_VS_EMA_LONG_ONLY,50,None,176,LONG,2026-07-10T01:00:00,1767.62,2026-07-11T23:00:00,1787.76,46,1.14,Signal changed to 0.0
PRICE_VS_EMA_LONG_ONLY,50,None,177,LONG,2026-07-12T01:00:00,1806.7,2026-07-12T06:00:00,1795.13,5,-0.64,Signal changed to 0.0
PRICE_VS_EMA_LONG_ONLY,50,None,178,LONG,2026-07-12T07:00:00,1798.78,2026-07-13T03:00:00,1780.55,20,-1.01,Signal changed to 0.0
PRICE_VS_EMA_LONG_ONLY,50,None,179,LONG,2026-07-14T05:00:00,1787.04,2026-07-14T06:00:00,1783.19,1,-0.22,Signal changed to 0.0
PRICE_VS_EMA_LONG_ONLY,50,None,180,LONG,2026-07-14T10:00:00,1800.12,2026-07-16T08:00:00,1886.09,46,4.78,Signal changed to 0.0
PRICE_VS_EMA_LONG_ONLY,50,None,181,LONG,2026-07-16T10:00:00,1888.58,2026-07-16T11:00:00,1885.26,1,-0.18,Signal changed to 0.0
PRICE_VS_EMA_LONG_ONLY,50,None,182,LONG,2026-07-18T17:00:00,1852.82,2026-07-20T05:00:00,1855.45,36,0.14,Signal changed to 0.0
PRICE_VS_EMA_LONG_ONLY,50,None,183,LONG,2026-07-20T07:00:00,1863.95,2026-07-20T08:00:00,1861.01,1,-0.16,Signal changed to 0.0
PRICE_VS_EMA_LONG_ONLY,50,None,184,LONG,2026-07-20T09:00:00,1864.16,2026-07-20T13:00:00,1862.68,4,-0.08,Signal changed to 0.0
PRICE_VS_EMA_LONG_ONLY,50,None,185,LONG,2026-07-20T14:00:00,1868.01,2026-07-23T03:00:00,1920.55,61,2.81,Signal changed to 0.0
PRICE_VS_EMA_LONG_ONLY,50,None,186,LONG,2026-07-23T06:00:00,1925.39,2026-07-23T07:00:00,1915.65,1,-0.51,Signal changed to 0.0
PRICE_VS_EMA_LONG_ONLY,50,None,187,LONG,2026-07-23T08:00:00,1926.54,2026-07-23T12:00:00,1904.64,4,-1.14,Signal changed to 0.0
PRICE_VS_EMA_LONG_ONLY,50,None,188,LONG,2026-07-25T18:00:00,1875.48,2026-07-25T20:00:00,1872.23,2,-0.17,Signal changed to 0.0
PRICE_VS_EMA_LONG_ONLY,50,None,189,LONG,2026-07-25T22:00:00,1875.82,2026-07-27T22:00:00,1893.6,48,0.95,Signal changed to 0.0
PRICE_VS_EMA_LONG_ONLY,50,None,190,LONG,2026-07-28T15:00:00,1920.02,2026-07-28T17:00:00,1901.89,2,-0.94,Signal changed to 0.0
PRICE_VS_EMA_LONG_ONLY,50,None,191,LONG,2026-07-28T18:00:00,1911.22,2026-07-29T01:00:00,1905.7,7,-0.29,Signal changed to 0.0
PRICE_VS_EMA_LONG_ONLY,50,None,192,LONG,2026-07-29T02:00:00,1911.1,2026-07-29T03:00:00,1892.7,1,-0.96,Signal changed to 0.0
PRICE_VS_EMA_LONG_ONLY,50,None,193,LONG,2026-07-29T05:00:00,1912.54,2026-07-29T12:00:00,1905.23,7,-0.38,Signal changed to 0.0
PRICE_VS_EMA_LONG_ONLY,50,None,194,LONG,2026-07-29T17:00:00,1916.16,2026-07-29T19:00:00,1888.56,2,-1.44,Signal changed to 0.0
PRICE_VS_EMA_LONG_ONLY,50,None,195,LONG,2026-07-29T22:00:00,1907.18,2026-07-30T00:00:00,1898.22,2,-0.47,Signal changed to 0.0
PRICE_VS_EMA_LONG_ONLY,50,None,196,LONG,2026-07-30T01:00:00,1916.77,2026-07-30T04:00:00,1901.99,3,-0.77,Signal changed to 0.0
PRICE_VS_EMA_LONG_ONLY,50,None,197,LONG,2026-07-30T08:00:00,1914.99,2026-07-31T01:00:00,1910.36,17,-0.24,Signal changed to 0.0
PRICE_VS_EMA_LONG_ONLY,50,None,198,LONG,2026-08-02T02:00:00,1876.9,2026-08-02T08:00:00,1868.2,6,-0.46,Signal changed to 0.0
PRICE_VS_EMA_LONG_ONLY,50,None,199,LONG,2026-08-02T17:00:00,1868.65,2026-08-03T01:00:00,1867.19,8,-0.08,Signal changed to 0.0
PRICE_VS_EMA_LONG_ONLY,50,None,200,LONG,2026-08-03T14:00:00,1873.79,2026-08-03T15:00:00,1863.34,1,-0.56,Signal changed to 0.0
PRICE_VS_EMA_LONG_ONLY,50,None,201,LONG,2026-08-03T16:00:00,1866.22,2026-08-03T21:00:00,1863.6,5,-0.14,Signal changed to 0.0
PRICE_VS_EMA_LONG_ONLY,50,None,202,LONG,2026-08-04T01:00:00,1867.64,2026-08-04T06:00:00,1856.96,5,-0.57,Signal changed to 0.0
PRICE_VS_EMA_LONG_ONLY,50,None,203,LONG,2026-08-04T10:00:00,1866.94,2026-08-04T13:00:00,1862.06,3,-0.26,Signal changed to 0.0
PRICE_VS_EMA_LONG_ONLY,50,None,204,LONG,2026-08-04T14:00:00,1873.03,2026-08-05T00:00:00,1863.93,10,-0.49,Signal changed to 0.0
PRICE_VS_EMA_LONG_ONLY,50,None,205,LONG,2026-08-05T01:00:00,1873.37,2026-08-05T04:00:00,1867.5,3,-0.31,Signal changed to 0.0
PRICE_VS_EMA_LONG_ONLY,50,None,206,LONG,2026-08-05T05:00:00,1873.46,2026-08-05T10:00:00,1868.33,5,-0.27,Signal changed to 0.0
PRICE_VS_EMA_LONG_ONLY,50,None,207,LONG,2026-08-05T11:00:00,1868.92,2026-08-07T03:00:00,1897.43,40,1.53,Signal changed to 0.0
PRICE_VS_EMA_LONG_ONLY,50,None,208,LONG,2026-08-07T05:00:00,1901.58,2026-08-09T03:00:00,1914.04,46,0.66,Signal changed to 0.0
PRICE_VS_EMA_LONG_ONLY,50,None,209,LONG,2026-08-09T06:00:00,1919.33,2026-08-09T23:00:00,1910.65,17,-0.45,Signal changed to 0.0
PRICE_VS_EMA_LONG_ONLY,50,None,210,LONG,2026-08-10T01:00:00,1925.23,2026-08-10T03:00:00,1917.44,2,-0.4,Signal changed to 0.0
PRICE_VS_EMA_LONG_ONLY,50,None,211,LONG,2026-08-10T05:00:00,1923.17,2026-08-10T09:00:00,1916.39,4,-0.35,Signal changed to 0.0
PRICE_VS_EMA_LONG_ONLY,50,None,212,LONG,2026-08-10T11:00:00,1920.42,2026-08-10T12:00:00,1906.0,1,-0.75,Signal changed to 0.0
PRICE_VS_EMA_LONG_ONLY,50,None,213,LONG,2026-08-12T04:00:00,1889.42,2026-08-12T06:00:00,1887.73,2,-0.09,Signal changed to 0.0
PRICE_VS_EMA_LONG_ONLY,50,None,214,LONG,2026-08-12T07:00:00,1891.69,2026-08-12T14:00:00,1887.79,7,-0.21,Signal changed to 0.0
PRICE_VS_EMA_LONG_ONLY,50,None,215,LONG,2026-08-12T15:00:00,1892.75,2026-08-12T16:00:00,1890.7,1,-0.11,Signal changed to 0.0
PRICE_VS_EMA_LONG_ONLY,50,None,216,LONG,2026-08-13T04:00:00,1892.37,2026-08-13T10:00:00,1883.17,6,-0.49,Signal changed to 0.0
PRICE_VS_EMA_LONG_ONLY,50,None,217,LONG,2026-08-13T12:00:00,1889.04,2026-08-13T15:00:00,1880.01,3,-0.48,Signal changed to 0.0
PRICE_VS_EMA_LONG_ONLY,50,None,218,LONG,2026-08-13T21:00:00,1888.76,2026-08-13T23:00:00,1886.15,2,-0.14,Signal changed to 0.0
PRICE_VS_EMA_LONG_ONLY,50,None,219,LONG,2026-08-14T00:00:00,1889.4,2026-08-14T02:00:00,1886.62,2,-0.15,Signal changed to 0.0
PRICE_VS_EMA_LONG_ONLY,50,None,220,LONG,2026-08-14T16:00:00,1885.41,2026-08-14T17:00:00,1878.57,1,-0.36,Signal changed to 0.0
PRICE_VS_EMA_LONG_ONLY,50,None,221,LONG,2026-08-15T00:00:00,1882.41,2026-08-15T05:00:00,1880.66,5,-0.09,Signal changed to 0.0
PRICE_VS_EMA_LONG_ONLY,50,None,222,LONG,2026-08-15T12:00:00,1883.86,2026-08-15T23:00:00,1882.64,11,-0.06,Signal changed to 0.0
PRICE_VS_EMA_LONG_ONLY,50,None,223,LONG,2026-08-16T02:00:00,1883.71,2026-08-16T04:00:00,1881.7,2,-0.11,Signal changed to 0.0
PRICE_VS_EMA_LONG_ONLY,50,None,224,LONG,2026-08-16T14:00:00,1883.5,2026-08-16T20:00:00,1882.0,6,-0.08,Signal changed to 0.0
PRICE_VS_EMA_LONG_ONLY,50,None,225,LONG,2026-08-17T01:00:00,1891.65,2026-08-18T02:00:00,1893.19,25,0.08,Signal changed to 0.0
PRICE_VS_EMA_LONG_ONLY,50,None,226,LONG,2026-08-18T04:00:00,1896.66,2026-08-18T05:00:00,1895.63,1,-0.05,Signal changed to 0.0
PRICE_VS_EMA_LONG_ONLY,50,None,227,LONG,2026-08-18T06:00:00,1902.83,2026-08-22T08:00:00,2423.3,98,27.35,End of Dataset
PRICE_VS_EMA_LONG_ONLY,100,None,1,LONG,2026-01-01T01:00:00,2984.32,2026-01-01T04:00:00,2975.35,3,-0.3,Signal changed to 0.0
PRICE_VS_EMA_LONG_ONLY,100,None,2,LONG,2026-01-01T05:00:00,2981.49,2026-01-01T06:00:00,2975.89,1,-0.19,Signal changed to 0.0
PRICE_VS_EMA_LONG_ONLY,100,None,3,LONG,2026-01-01T08:00:00,2982.59,2026-01-07T15:00:00,3164.7,151,6.11,Signal changed to 0.0
PRICE_VS_EMA_LONG_ONLY,100,None,4,LONG,2026-01-11T14:00:00,3125.46,2026-01-11T20:00:00,3115.1,6,-0.33,Signal changed to 0.0
PRICE_VS_EMA_LONG_ONLY,100,None,5,LONG,2026-01-11T21:00:00,3121.11,2026-01-11T22:00:00,3109.61,1,-0.37,Signal changed to 0.0
PRICE_VS_EMA_LONG_ONLY,100,None,6,LONG,2026-01-11T23:00:00,3123.45,2026-01-12T08:00:00,3115.47,9,-0.26,Signal changed to 0.0
PRICE_VS_EMA_LONG_ONLY,100,None,7,LONG,2026-01-12T15:00:00,3130.17,2026-01-12T17:00:00,3104.88,2,-0.81,Signal changed to 0.0
PRICE_VS_EMA_LONG_ONLY,100,None,8,LONG,2026-01-12T19:00:00,3121.83,2026-01-12T20:00:00,3102.57,1,-0.62,Signal changed to 0.0
PRICE_VS_EMA_LONG_ONLY,100,None,9,LONG,2026-01-13T04:00:00,3122.57,2026-01-16T15:00:00,3264.18,83,4.54,Signal changed to 0.0
PRICE_VS_EMA_LONG_ONLY,100,None,10,LONG,2026-01-16T16:00:00,3279.03,2026-01-18T23:00:00,3284.03,55,0.15,Signal changed to 0.0
PRICE_VS_EMA_LONG_ONLY,100,None,11,LONG,2026-01-27T02:00:00,2945.25,2026-01-27T06:00:00,2929.0,4,-0.55,Signal changed to 0.0
PRICE_VS_EMA_LONG_ONLY,100,None,12,LONG,2026-01-27T15:00:00,2937.45,2026-01-27T17:00:00,2930.3,2,-0.24,Signal changed to 0.0
PRICE_VS_EMA_LONG_ONLY,100,None,13,LONG,2026-01-27T18:00:00,2978.21,2026-01-29T02:00:00,2959.23,32,-0.64,Signal changed to 0.0
PRICE_VS_EMA_LONG_ONLY,100,None,14,LONG,2026-02-07T20:00:00,2105.32,2026-02-07T22:00:00,2088.58,2,-0.8,Signal changed to 0.0
PRICE_VS_EMA_LONG_ONLY,100,None,15,LONG,2026-02-08T08:00:00,2116.03,2026-02-08T10:00:00,2096.08,2,-0.94,Signal changed to 0.0
PRICE_VS_EMA_LONG_ONLY,100,None,16,LONG,2026-02-08T11:00:00,2132.35,2026-02-08T16:00:00,2080.97,5,-2.41,Signal changed to 0.0
PRICE_VS_EMA_LONG_ONLY,100,None,17,LONG,2026-02-08T18:00:00,2109.47,2026-02-08T21:00:00,2093.9,3,-0.74,Signal changed to 0.0
PRICE_VS_EMA_LONG_ONLY,100,None,18,LONG,2026-02-08T22:00:00,2108.43,2026-02-08T23:00:00,2089.74,1,-0.89,Signal changed to 0.0
PRICE_VS_EMA_LONG_ONLY,100,None,19,LONG,2026-02-09T03:00:00,2100.25,2026-02-09T04:00:00,2090.35,1,-0.47,Signal changed to 0.0
PRICE_VS_EMA_LONG_ONLY,100,None,20,LONG,2026-02-09T16:00:00,2091.21,2026-02-10T03:00:00,2064.96,11,-1.26,Signal changed to 0.0
PRICE_VS_EMA_LONG_ONLY,100,None,21,LONG,2026-02-13T14:00:00,1990.86,2026-02-15T12:00:00,2011.0,46,1.01,Signal changed to 0.0
PRICE_VS_EMA_LONG_ONLY,100,None,22,LONG,2026-02-17T18:00:00,1998.69,2026-02-17T20:00:00,1994.71,2,-0.2,Signal changed to 0.0
PRICE_VS_EMA_LONG_ONLY,100,None,23,LONG,2026-02-17T21:00:00,1999.74,2026-02-17T22:00:00,1993.92,1,-0.29,Signal changed to 0.0
PRICE_VS_EMA_LONG_ONLY,100,None,24,LONG,2026-02-18T03:00:00,1997.07,2026-02-18T05:00:00,1996.49,2,-0.03,Signal changed to 0.0
PRICE_VS_EMA_LONG_ONLY,100,None,25,LONG,2026-02-18T06:00:00,2002.06,2026-02-18T10:00:00,1997.27,4,-0.24,Signal changed to 0.0
PRICE_VS_EMA_LONG_ONLY,100,None,26,LONG,2026-02-20T18:00:00,1975.56,2026-02-20T19:00:00,1963.69,1,-0.6,Signal changed to 0.0
PRICE_VS_EMA_LONG_ONLY,100,None,27,LONG,2026-02-20T20:00:00,1971.05,2026-02-20T23:00:00,1968.88,3,-0.11,Signal changed to 0.0
PRICE_VS_EMA_LONG_ONLY,100,None,28,LONG,2026-02-21T08:00:00,1969.0,2026-02-22T12:00:00,1966.37,28,-0.13,Signal changed to 0.0
PRICE_VS_EMA_LONG_ONLY,100,None,29,LONG,2026-02-25T01:00:00,1918.34,2026-02-25T05:00:00,1887.98,4,-1.58,Signal changed to 0.0
PRICE_VS_EMA_LONG_ONLY,100,None,30,LONG,2026-02-25T08:00:00,1910.29,2026-02-27T10:00:00,1980.8,50,3.69,Signal changed to 0.0
PRICE_VS_EMA_LONG_ONLY,100,None,31,LONG,2026-02-28T20:00:00,1965.96,2026-03-01T17:00:00,1961.17,21,-0.24,Signal changed to 0.0
PRICE_VS_EMA_LONG_ONLY,100,None,32,LONG,2026-03-01T18:00:00,1975.82,2026-03-01T19:00:00,1953.9,1,-1.11,Signal changed to 0.0
PRICE_VS_EMA_LONG_ONLY,100,None,33,LONG,2026-03-02T00:00:00,1960.86,2026-03-02T02:00:00,1955.63,2,-0.27,Signal changed to 0.0
PRICE_VS_EMA_LONG_ONLY,100,None,34,LONG,2026-03-02T03:00:00,1972.3,2026-03-02T06:00:00,1943.31,3,-1.47,Signal changed to 0.0
PRICE_VS_EMA_LONG_ONLY,100,None,35,LONG,2026-03-02T14:00:00,1979.75,2026-03-03T08:00:00,1953.1,18,-1.35,Signal changed to 0.0
PRICE_VS_EMA_LONG_ONLY,100,None,36,LONG,2026-03-03T16:00:00,1983.98,2026-03-03T21:00:00,1968.46,5,-0.78,Signal changed to 0.0
PRICE_VS_EMA_LONG_ONLY,100,None,37,LONG,2026-03-03T22:00:00,1983.31,2026-03-04T03:00:00,1960.9,5,-1.13,Signal changed to 0.0
PRICE_VS_EMA_LONG_ONLY,100,None,38,LONG,2026-03-04T06:00:00,1980.33,2026-03-06T11:00:00,2051.03,53,3.57,Signal changed to 0.0
PRICE_VS_EMA_LONG_ONLY,100,None,39,LONG,2026-03-09T05:00:00,2010.6,2026-03-09T06:00:00,1985.0,1,-1.27,Signal changed to 0.0
PRICE_VS_EMA_LONG_ONLY,100,None,40,LONG,2026-03-09T08:00:00,1996.81,2026-03-09T23:00:00,1992.98,15,-0.19,Signal changed to 0.0
PRICE_VS_EMA_LONG_ONLY,100,None,41,LONG,2026-03-10T00:00:00,2015.37,2026-03-11T05:00:00,2014.63,29,-0.04,Signal changed to 0.0
PRICE_VS_EMA_LONG_ONLY,100,None,42,LONG,2026-03-11T06:00:00,2024.3,2026-03-11T07:00:00,2012.54,1,-0.58,Signal changed to 0.0
PRICE_VS_EMA_LONG_ONLY,100,None,43,LONG,2026-03-11T08:00:00,2023.76,2026-03-12T02:00:00,2024.67,18,0.04,Signal changed to 0.0
PRICE_VS_EMA_LONG_ONLY,100,None,44,LONG,2026-03-12T06:00:00,2030.38,2026-03-14T09:00:00,2067.33,51,1.82,Signal changed to 0.0
PRICE_VS_EMA_LONG_ONLY,100,None,45,LONG,2026-03-14T11:00:00,2073.67,2026-03-18T12:00:00,2237.49,97,7.9,Signal changed to 0.0
PRICE_VS_EMA_LONG_ONLY,100,None,46,LONG,2026-03-23T11:00:00,2134.78,2026-03-24T16:00:00,2127.2,29,-0.36,Signal changed to 0.0
PRICE_VS_EMA_LONG_ONLY,100,None,47,LONG,2026-03-24T20:00:00,2148.48,2026-03-26T05:00:00,2119.55,33,-1.35,Signal changed to 0.0
PRICE_VS_EMA_LONG_ONLY,100,None,48,LONG,2026-03-30T03:00:00,2035.88,2026-03-30T18:00:00,2032.61,15,-0.16,Signal changed to 0.0
PRICE_VS_EMA_LONG_ONLY,100,None,49,LONG,2026-03-31T01:00:00,2073.0,2026-03-31T08:00:00,2040.1,7,-1.59,Signal changed to 0.0
PRICE_VS_EMA_LONG_ONLY,100,None,50,LONG,2026-03-31T11:00:00,2041.2,2026-04-02T02:00:00,2073.89,39,1.6,Signal changed to 0.0
PRICE_VS_EMA_LONG_ONLY,100,None,51,LONG,2026-04-04T19:00:00,2064.71,2026-04-05T00:00:00,2062.1,5,-0.13,Signal changed to 0.0
PRICE_VS_EMA_LONG_ONLY,100,None,52,LONG,2026-04-05T17:00:00,2062.53,2026-04-07T10:00:00,2089.32,41,1.3,Signal changed to 0.0
PRICE_VS_EMA_LONG_ONLY,100,None,53,LONG,2026-04-07T17:00:00,2099.5,2026-04-07T18:00:00,2086.3,1,-0.63,Signal changed to 0.0
PRICE_VS_EMA_LONG_ONLY,100,None,54,LONG,2026-04-07T19:00:00,2113.39,2026-04-12T03:00:00,2213.71,104,4.75,Signal changed to 0.0
PRICE_VS_EMA_LONG_ONLY,100,None,55,LONG,2026-04-12T05:00:00,2217.28,2026-04-12T08:00:00,2214.0,3,-0.15,Signal changed to 0.0
PRICE_VS_EMA_LONG_ONLY,100,None,56,LONG,2026-04-12T20:00:00,2213.53,2026-04-12T21:00:00,2211.24,1,-0.1,Signal changed to 0.0
PRICE_VS_EMA_LONG_ONLY,100,None,57,LONG,2026-04-13T13:00:00,2215.47,2026-04-18T11:00:00,2352.96,118,6.21,Signal changed to 0.0
PRICE_VS_EMA_LONG_ONLY,100,None,58,LONG,2026-04-18T12:00:00,2357.93,2026-04-18T18:00:00,2347.44,6,-0.44,Signal changed to 0.0
PRICE_VS_EMA_LONG_ONLY,100,None,59,LONG,2026-04-18T21:00:00,2355.33,2026-04-18T23:00:00,2350.32,2,-0.21,Signal changed to 0.0
PRICE_VS_EMA_LONG_ONLY,100,None,60,LONG,2026-04-20T18:00:00,2334.23,2026-04-20T21:00:00,2321.65,3,-0.54,Signal changed to 0.0
PRICE_VS_EMA_LONG_ONLY,100,None,61,LONG,2026-04-21T09:00:00,2325.69,2026-04-21T11:00:00,2320.45,2,-0.23,Signal changed to 0.0
PRICE_VS_EMA_LONG_ONLY,100,None,62,LONG,2026-04-21T23:00:00,2327.14,2026-04-23T03:00:00,2340.81,28,0.59,Signal changed to 0.0
PRICE_VS_EMA_LONG_ONLY,100,None,63,LONG,2026-04-23T04:00:00,2347.84,2026-04-23T07:00:00,2344.43,3,-0.15,Signal changed to 0.0
PRICE_VS_EMA_LONG_ONLY,100,None,64,LONG,2026-04-26T05:00:00,2327.84,2026-04-27T05:00:00,2323.18,24,-0.2,Signal changed to 0.0
PRICE_VS_EMA_LONG_ONLY,100,None,65,LONG,2026-04-29T03:00:00,2311.52,2026-04-29T13:00:00,2303.03,10,-0.37,Signal changed to 0.0
PRICE_VS_EMA_LONG_ONLY,100,None,66,LONG,2026-05-01T08:00:00,2286.92,2026-05-01T09:00:00,2282.07,1,-0.21,Signal changed to 0.0
PRICE_VS_EMA_LONG_ONLY,100,None,67,LONG,2026-05-01T11:00:00,2286.45,2026-05-01T20:00:00,2285.19,9,-0.06,Signal changed to 0.0
PRICE_VS_EMA_LONG_ONLY,100,None,68,LONG,2026-05-01T21:00:00,2292.68,2026-05-06T17:00:00,2349.7,116,2.49,Signal changed to 0.0
PRICE_VS_EMA_LONG_ONLY,100,None,69,LONG,2026-05-06T21:00:00,2354.52,2026-05-06T22:00:00,2347.28,1,-0.31,Signal changed to 0.0
PRICE_VS_EMA_LONG_ONLY,100,None,70,LONG,2026-05-09T16:00:00,2319.99,2026-05-11T12:00:00,2329.5,44,0.41,Signal changed to 0.0
PRICE_VS_EMA_LONG_ONLY,100,None,71,LONG,2026-05-11T15:00:00,2333.48,2026-05-12T01:00:00,2311.41,10,-0.95,Signal changed to 0.0
PRICE_VS_EMA_LONG_ONLY,100,None,72,LONG,2026-05-13T08:00:00,2316.64,2026-05-13T10:00:00,2308.46,2,-0.35,Signal changed to 0.0
PRICE_VS_EMA_LONG_ONLY,100,None,73,LONG,2026-05-14T15:00:00,2298.48,2026-05-14T23:00:00,2283.25,8,-0.66,Signal changed to 0.0
PRICE_VS_EMA_LONG_ONLY,100,None,74,LONG,2026-05-21T17:00:00,2146.6,2026-05-21T18:00:00,2126.87,1,-0.92,Signal changed to 0.0
PRICE_VS_EMA_LONG_ONLY,100,None,75,LONG,2026-05-21T19:00:00,2142.83,2026-05-21T20:00:00,2138.62,1,-0.2,Signal changed to 0.0
PRICE_VS_EMA_LONG_ONLY,100,None,76,LONG,2026-05-23T20:00:00,2146.3,2026-05-24T13:00:00,2110.14,17,-1.68,Signal changed to 0.0
PRICE_VS_EMA_LONG_ONLY,100,None,77,LONG,2026-05-25T05:00:00,2108.22,2026-05-25T20:00:00,2108.64,15,0.02,Signal changed to 0.0
PRICE_VS_EMA_LONG_ONLY,100,None,78,LONG,2026-05-25T21:00:00,2110.9,2026-05-25T22:00:00,2103.61,1,-0.35,Signal changed to 0.0
PRICE_VS_EMA_LONG_ONLY,100,None,79,LONG,2026-05-25T23:00:00,2113.01,2026-05-26T00:00:00,2097.75,1,-0.72,Signal changed to 0.0
PRICE_VS_EMA_LONG_ONLY,100,None,80,LONG,2026-05-26T10:00:00,2127.56,2026-05-26T15:00:00,2087.36,5,-1.89,Signal changed to 0.0
PRICE_VS_EMA_LONG_ONLY,100,None,81,LONG,2026-05-31T02:00:00,2034.36,2026-05-31T05:00:00,2030.18,3,-0.21,Signal changed to 0.0
PRICE_VS_EMA_LONG_ONLY,100,None,82,LONG,2026-06-07T22:00:00,1672.56,2026-06-08T04:00:00,1657.05,6,-0.93,Signal changed to 0.0
PRICE_VS_EMA_LONG_ONLY,100,None,83,LONG,2026-06-08T07:00:00,1673.47,2026-06-08T08:00:00,1661.17,1,-0.73,Signal changed to 0.0
PRICE_VS_EMA_LONG_ONLY,100,None,84,LONG,2026-06-08T10:00:00,1672.36,2026-06-09T00:00:00,1663.26,14,-0.54,Signal changed to 0.0
PRICE_VS_EMA_LONG_ONLY,100,None,85,LONG,2026-06-09T04:00:00,1686.35,2026-06-09T08:00:00,1675.28,4,-0.66,Signal changed to 0.0
PRICE_VS_EMA_LONG_ONLY,100,None,86,LONG,2026-06-09T12:00:00,1676.9,2026-06-09T13:00:00,1666.71,1,-0.61,Signal changed to 0.0
PRICE_VS_EMA_LONG_ONLY,100,None,87,LONG,2026-06-11T04:00:00,1656.89,2026-06-11T05:00:00,1647.95,1,-0.54,Signal changed to 0.0
PRICE_VS_EMA_LONG_ONLY,100,None,88,LONG,2026-06-11T06:00:00,1654.82,2026-06-11T07:00:00,1654.41,1,-0.02,Signal changed to 0.0
PRICE_VS_EMA_LONG_ONLY,100,None,89,LONG,2026-06-11T08:00:00,1659.96,2026-06-11T12:00:00,1651.84,4,-0.49,Signal changed to 0.0
PRICE_VS_EMA_LONG_ONLY,100,None,90,LONG,2026-06-11T17:00:00,1688.66,2026-06-12T06:00:00,1657.34,13,-1.85,Signal changed to 0.0
PRICE_VS_EMA_LONG_ONLY,100,None,91,LONG,2026-06-12T07:00:00,1662.12,2026-06-12T13:00:00,1657.6,6,-0.27,Signal changed to 0.0
PRICE_VS_EMA_LONG_ONLY,100,None,92,LONG,2026-06-12T14:00:00,1685.64,2026-06-12T15:00:00,1660.08,1,-1.52,Signal changed to 0.0
PRICE_VS_EMA_LONG_ONLY,100,None,93,LONG,2026-06-12T16:00:00,1672.9,2026-06-14T12:00:00,1666.9,44,-0.36,Signal changed to 0.0
PRICE_VS_EMA_LONG_ONLY,100,None,94,LONG,2026-06-14T20:00:00,1670.48,2026-06-17T19:00:00,1734.72,71,3.85,Signal changed to 0.0
PRICE_VS_EMA_LONG_ONLY,100,None,95,LONG,2026-06-18T00:00:00,1752.97,2026-06-18T03:00:00,1744.17,3,-0.5,Signal changed to 0.0
PRICE_VS_EMA_LONG_ONLY,100,None,96,LONG,2026-06-18T12:00:00,1750.41,2026-06-18T13:00:00,1736.78,1,-0.78,Signal changed to 0.0
PRICE_VS_EMA_LONG_ONLY,100,None,97,LONG,2026-06-20T05:00:00,1726.1,2026-06-20T08:00:00,1722.83,3,-0.19,Signal changed to 0.0
PRICE_VS_EMA_LONG_ONLY,100,None,98,LONG,2026-06-20T09:00:00,1728.47,2026-06-20T13:00:00,1717.56,4,-0.63,Signal changed to 0.0
PRICE_VS_EMA_LONG_ONLY,100,None,99,LONG,2026-06-20T14:00:00,1733.48,2026-06-21T11:00:00,1725.36,21,-0.47,Signal changed to 0.0
PRICE_VS_EMA_LONG_ONLY,100,None,100,LONG,2026-06-21T14:00:00,1728.44,2026-06-21T17:00:00,1727.36,3,-0.06,Signal changed to 0.0
PRICE_VS_EMA_LONG_ONLY,100,None,101,LONG,2026-06-21T18:00:00,1735.39,2026-06-21T20:00:00,1721.3,2,-0.81,Signal changed to 0.0
PRICE_VS_EMA_LONG_ONLY,100,None,102,LONG,2026-06-22T01:00:00,1743.82,2026-06-22T21:00:00,1732.74,20,-0.64,Signal changed to 0.0
PRICE_VS_EMA_LONG_ONLY,100,None,103,LONG,2026-06-29T17:00:00,1628.03,2026-06-30T02:00:00,1590.57,9,-2.3,Signal changed to 0.0
PRICE_VS_EMA_LONG_ONLY,100,None,104,LONG,2026-06-30T06:00:00,1593.72,2026-06-30T07:00:00,1592.51,1,-0.08,Signal changed to 0.0
PRICE_VS_EMA_LONG_ONLY,100,None,105,LONG,2026-07-01T03:00:00,1594.81,2026-07-01T06:00:00,1575.99,3,-1.18,Signal changed to 0.0
PRICE_VS_EMA_LONG_ONLY,100,None,106,LONG,2026-07-01T13:00:00,1597.22,2026-07-08T01:00:00,1755.94,156,9.94,Signal changed to 0.0
PRICE_VS_EMA_LONG_ONLY,100,None,107,LONG,2026-07-09T06:00:00,1755.26,2026-07-09T10:00:00,1746.31,4,-0.51,Signal changed to 0.0
PRICE_VS_EMA_LONG_ONLY,100,None,108,LONG,2026-07-10T01:00:00,1767.62,2026-07-13T03:00:00,1780.55,74,0.73,Signal changed to 0.0
PRICE_VS_EMA_LONG_ONLY,100,None,109,LONG,2026-07-14T05:00:00,1787.04,2026-07-14T06:00:00,1783.19,1,-0.22,Signal changed to 0.0
PRICE_VS_EMA_LONG_ONLY,100,None,110,LONG,2026-07-14T10:00:00,1800.12,2026-07-17T01:00:00,1851.21,63,2.84,Signal changed to 0.0
PRICE_VS_EMA_LONG_ONLY,100,None,111,LONG,2026-07-18T17:00:00,1852.82,2026-07-20T05:00:00,1855.45,36,0.14,Signal changed to 0.0
PRICE_VS_EMA_LONG_ONLY,100,None,112,LONG,2026-07-20T07:00:00,1863.95,2026-07-23T12:00:00,1904.64,77,2.18,Signal changed to 0.0
PRICE_VS_EMA_LONG_ONLY,100,None,113,LONG,2026-07-26T03:00:00,1882.21,2026-07-26T07:00:00,1881.56,4,-0.03,Signal changed to 0.0
PRICE_VS_EMA_LONG_ONLY,100,None,114,LONG,2026-07-26T09:00:00,1883.8,2026-07-27T22:00:00,1893.6,37,0.52,Signal changed to 0.0
PRICE_VS_EMA_LONG_ONLY,100,None,115,LONG,2026-07-28T15:00:00,1920.02,2026-07-28T17:00:00,1901.89,2,-0.94,Signal changed to 0.0
PRICE_VS_EMA_LONG_ONLY,100,None,116,LONG,2026-07-28T18:00:00,1911.22,2026-07-29T01:00:00,1905.7,7,-0.29,Signal changed to 0.0
PRICE_VS_EMA_LONG_ONLY,100,None,117,LONG,2026-07-29T02:00:00,1911.1,2026-07-29T03:00:00,1892.7,1,-0.96,Signal changed to 0.0
PRICE_VS_EMA_LONG_ONLY,100,None,118,LONG,2026-07-29T05:00:00,1912.54,2026-07-29T12:00:00,1905.23,7,-0.38,Signal changed to 0.0
PRICE_VS_EMA_LONG_ONLY,100,None,119,LONG,2026-07-29T13:00:00,1909.24,2026-07-29T14:00:00,1895.23,1,-0.73,Signal changed to 0.0
PRICE_VS_EMA_LONG_ONLY,100,None,120,LONG,2026-07-29T17:00:00,1916.16,2026-07-29T19:00:00,1888.56,2,-1.44,Signal changed to 0.0
PRICE_VS_EMA_LONG_ONLY,100,None,121,LONG,2026-07-29T22:00:00,1907.18,2026-07-30T00:00:00,1898.22,2,-0.47,Signal changed to 0.0
PRICE_VS_EMA_LONG_ONLY,100,None,122,LONG,2026-07-30T01:00:00,1916.77,2026-07-30T04:00:00,1901.99,3,-0.77,Signal changed to 0.0
PRICE_VS_EMA_LONG_ONLY,100,None,123,LONG,2026-07-30T05:00:00,1906.34,2026-07-30T06:00:00,1901.32,1,-0.26,Signal changed to 0.0
PRICE_VS_EMA_LONG_ONLY,100,None,124,LONG,2026-07-30T08:00:00,1914.99,2026-07-31T02:00:00,1904.15,18,-0.57,Signal changed to 0.0
PRICE_VS_EMA_LONG_ONLY,100,None,125,LONG,2026-08-02T19:00:00,1882.2,2026-08-03T00:00:00,1873.87,5,-0.44,Signal changed to 0.0
PRICE_VS_EMA_LONG_ONLY,100,None,126,LONG,2026-08-03T14:00:00,1873.79,2026-08-03T15:00:00,1863.34,1,-0.56,Signal changed to 0.0
PRICE_VS_EMA_LONG_ONLY,100,None,127,LONG,2026-08-04T11:00:00,1872.89,2026-08-04T13:00:00,1862.06,2,-0.58,Signal changed to 0.0
PRICE_VS_EMA_LONG_ONLY,100,None,128,LONG,2026-08-04T14:00:00,1873.03,2026-08-04T16:00:00,1869.68,2,-0.18,Signal changed to 0.0
PRICE_VS_EMA_LONG_ONLY,100,None,129,LONG,2026-08-04T18:00:00,1875.29,2026-08-04T23:00:00,1869.75,5,-0.3,Signal changed to 0.0
PRICE_VS_EMA_LONG_ONLY,100,None,130,LONG,2026-08-05T01:00:00,1873.37,2026-08-05T03:00:00,1867.75,2,-0.3,Signal changed to 0.0
PRICE_VS_EMA_LONG_ONLY,100,None,131,LONG,2026-08-05T05:00:00,1873.46,2026-08-05T06:00:00,1869.88,1,-0.19,Signal changed to 0.0
PRICE_VS_EMA_LONG_ONLY,100,None,132,LONG,2026-08-05T07:00:00,1872.2,2026-08-05T08:00:00,1869.99,1,-0.12,Signal changed to 0.0
PRICE_VS_EMA_LONG_ONLY,100,None,133,LONG,2026-08-05T09:00:00,1871.94,2026-08-05T10:00:00,1868.33,1,-0.19,Signal changed to 0.0
PRICE_VS_EMA_LONG_ONLY,100,None,134,LONG,2026-08-05T12:00:00,1876.25,2026-08-09T23:00:00,1910.65,107,1.83,Signal changed to 0.0
PRICE_VS_EMA_LONG_ONLY,100,None,135,LONG,2026-08-10T00:00:00,1912.78,2026-08-10T12:00:00,1906.0,12,-0.35,Signal changed to 0.0
PRICE_VS_EMA_LONG_ONLY,100,None,136,LONG,2026-08-12T09:00:00,1905.84,2026-08-12T14:00:00,1887.79,5,-0.95,Signal changed to 0.0
PRICE_VS_EMA_LONG_ONLY,100,None,137,LONG,2026-08-13T05:00:00,1895.81,2026-08-13T08:00:00,1890.05,3,-0.3,Signal changed to 0.0
PRICE_VS_EMA_LONG_ONLY,100,None,138,LONG,2026-08-13T14:00:00,1893.43,2026-08-13T15:00:00,1880.01,1,-0.71,Signal changed to 0.0
PRICE_VS_EMA_LONG_ONLY,100,None,139,LONG,2026-08-16T16:00:00,1889.58,2026-08-16T20:00:00,1882.0,4,-0.4,Signal changed to 0.0
PRICE_VS_EMA_LONG_ONLY,100,None,140,LONG,2026-08-17T01:00:00,1891.65,2026-08-22T08:00:00,2423.3,127,28.11,End of Dataset
PRICE_VS_EMA_LONG_ONLY,200,None,1,LONG,2026-01-01T01:00:00,2984.32,2026-01-01T04:00:00,2975.35,3,-0.3,Signal changed to 0.0
PRICE_VS_EMA_LONG_ONLY,200,None,2,LONG,2026-01-01T05:00:00,2981.49,2026-01-01T06:00:00,2975.89,1,-0.19,Signal changed to 0.0
PRICE_VS_EMA_LONG_ONLY,200,None,3,LONG,2026-01-01T08:00:00,2982.59,2026-01-08T06:00:00,3105.38,166,4.12,Signal changed to 0.0
PRICE_VS_EMA_LONG_ONLY,200,None,4,LONG,2026-01-08T17:00:00,3134.95,2026-01-08T18:00:00,3120.22,1,-0.47,Signal changed to 0.0
PRICE_VS_EMA_LONG_ONLY,200,None,5,LONG,2026-01-09T16:00:00,3133.13,2026-01-09T17:00:00,3114.41,1,-0.6,Signal changed to 0.0
PRICE_VS_EMA_LONG_ONLY,200,None,6,LONG,2026-01-11T14:00:00,3125.46,2026-01-11T20:00:00,3115.1,6,-0.33,Signal changed to 0.0
PRICE_VS_EMA_LONG_ONLY,200,None,7,LONG,2026-01-11T21:00:00,3121.11,2026-01-11T22:00:00,3109.61,1,-0.37,Signal changed to 0.0
PRICE_VS_EMA_LONG_ONLY,200,None,8,LONG,2026-01-11T23:00:00,3123.45,2026-01-12T08:00:00,3115.47,9,-0.26,Signal changed to 0.0
PRICE_VS_EMA_LONG_ONLY,200,None,9,LONG,2026-01-12T15:00:00,3130.17,2026-01-12T17:00:00,3104.88,2,-0.81,Signal changed to 0.0
PRICE_VS_EMA_LONG_ONLY,200,None,10,LONG,2026-01-12T19:00:00,3121.83,2026-01-12T20:00:00,3102.57,1,-0.62,Signal changed to 0.0
PRICE_VS_EMA_LONG_ONLY,200,None,11,LONG,2026-01-13T04:00:00,3122.57,2026-01-19T00:00:00,3212.13,140,2.87,Signal changed to 0.0
PRICE_VS_EMA_LONG_ONLY,200,None,12,LONG,2026-01-27T16:00:00,2990.81,2026-01-27T17:00:00,2930.3,1,-2.02,Signal changed to 0.0
PRICE_VS_EMA_LONG_ONLY,200,None,13,LONG,2026-01-27T20:00:00,3020.77,2026-01-29T01:00:00,2992.71,29,-0.93,Signal changed to 0.0
PRICE_VS_EMA_LONG_ONLY,200,None,14,LONG,2026-02-14T08:00:00,2082.35,2026-02-15T01:00:00,2064.19,17,-0.87,Signal changed to 0.0
PRICE_VS_EMA_LONG_ONLY,200,None,15,LONG,2026-02-15T04:00:00,2076.31,2026-02-15T10:00:00,2061.57,6,-0.71,Signal changed to 0.0
PRICE_VS_EMA_LONG_ONLY,200,None,16,LONG,2026-02-21T18:00:00,1991.97,2026-02-21T19:00:00,1988.35,1,-0.18,Signal changed to 0.0
PRICE_VS_EMA_LONG_ONLY,200,None,17,LONG,2026-02-25T12:00:00,1953.43,2026-02-27T11:00:00,1962.08,47,0.44,Signal changed to 0.0
PRICE_VS_EMA_LONG_ONLY,200,None,18,LONG,2026-02-28T20:00:00,1965.96,2026-03-01T17:00:00,1961.17,21,-0.24,Signal changed to 0.0
PRICE_VS_EMA_LONG_ONLY,200,None,19,LONG,2026-03-01T18:00:00,1975.82,2026-03-01T19:00:00,1953.9,1,-1.11,Signal changed to 0.0
PRICE_VS_EMA_LONG_ONLY,200,None,20,LONG,2026-03-02T00:00:00,1960.86,2026-03-02T02:00:00,1955.63,2,-0.27,Signal changed to 0.0
PRICE_VS_EMA_LONG_ONLY,200,None,21,LONG,2026-03-02T03:00:00,1972.3,2026-03-02T06:00:00,1943.31,3,-1.47,Signal changed to 0.0
PRICE_VS_EMA_LONG_ONLY,200,None,22,LONG,2026-03-02T14:00:00,1979.75,2026-03-03T08:00:00,1953.1,18,-1.35,Signal changed to 0.0
PRICE_VS_EMA_LONG_ONLY,200,None,23,LONG,2026-03-03T15:00:00,1969.22,2026-03-03T21:00:00,1968.46,6,-0.04,Signal changed to 0.0
PRICE_VS_EMA_LONG_ONLY,200,None,24,LONG,2026-03-03T22:00:00,1983.31,2026-03-04T03:00:00,1960.9,5,-1.13,Signal changed to 0.0
PRICE_VS_EMA_LONG_ONLY,200,None,25,LONG,2026-03-04T05:00:00,1971.14,2026-03-06T13:00:00,2019.88,56,2.47,Signal changed to 0.0
PRICE_VS_EMA_LONG_ONLY,200,None,26,LONG,2026-03-09T05:00:00,2010.6,2026-03-09T06:00:00,1985.0,1,-1.27,Signal changed to 0.0
PRICE_VS_EMA_LONG_ONLY,200,None,27,LONG,2026-03-09T08:00:00,1996.81,2026-03-09T10:00:00,1995.41,2,-0.07,Signal changed to 0.0
PRICE_VS_EMA_LONG_ONLY,200,None,28,LONG,2026-03-09T12:00:00,2002.19,2026-03-09T23:00:00,1992.98,11,-0.46,Signal changed to 0.0
PRICE_VS_EMA_LONG_ONLY,200,None,29,LONG,2026-03-10T00:00:00,2015.37,2026-03-19T07:00:00,2166.68,223,7.51,Signal changed to 0.0
PRICE_VS_EMA_LONG_ONLY,200,None,30,LONG,2026-03-19T09:00:00,2189.42,2026-03-19T10:00:00,2172.76,1,-0.76,Signal changed to 0.0
PRICE_VS_EMA_LONG_ONLY,200,None,31,LONG,2026-03-23T12:00:00,2144.27,2026-03-23T15:00:00,2128.45,3,-0.74,Signal changed to 0.0
PRICE_VS_EMA_LONG_ONLY,200,None,32,LONG,2026-03-23T17:00:00,2152.71,2026-03-24T01:00:00,2137.56,8,-0.7,Signal changed to 0.0
PRICE_VS_EMA_LONG_ONLY,200,None,33,LONG,2026-03-24T03:00:00,2141.59,2026-03-24T04:00:00,2136.33,1,-0.25,Signal changed to 0.0
PRICE_VS_EMA_LONG_ONLY,200,None,34,LONG,2026-03-24T06:00:00,2145.3,2026-03-24T13:00:00,2138.38,7,-0.32,Signal changed to 0.0
PRICE_VS_EMA_LONG_ONLY,200,None,35,LONG,2026-03-24T20:00:00,2148.48,2026-03-26T05:00:00,2119.55,33,-1.35,Signal changed to 0.0
PRICE_VS_EMA_LONG_ONLY,200,None,36,LONG,2026-03-30T11:00:00,2071.28,2026-03-30T13:00:00,2060.92,2,-0.5,Signal changed to 0.0
PRICE_VS_EMA_LONG_ONLY,200,None,37,LONG,2026-03-30T14:00:00,2071.64,2026-03-30T17:00:00,2041.8,3,-1.44,Signal changed to 0.0
PRICE_VS_EMA_LONG_ONLY,200,None,38,LONG,2026-03-31T01:00:00,2073.0,2026-03-31T04:00:00,2060.87,3,-0.59,Signal changed to 0.0
PRICE_VS_EMA_LONG_ONLY,200,None,39,LONG,2026-03-31T05:00:00,2064.31,2026-03-31T06:00:00,2062.33,1,-0.1,Signal changed to 0.0
PRICE_VS_EMA_LONG_ONLY,200,None,40,LONG,2026-03-31T13:00:00,2075.37,2026-03-31T14:00:00,2045.94,1,-1.42,Signal changed to 0.0
PRICE_VS_EMA_LONG_ONLY,200,None,41,LONG,2026-03-31T16:00:00,2091.7,2026-04-02T02:00:00,2073.89,34,-0.85,Signal changed to 0.0
PRICE_VS_EMA_LONG_ONLY,200,None,42,LONG,2026-04-04T21:00:00,2068.83,2026-04-04T23:00:00,2065.52,2,-0.16,Signal changed to 0.0
PRICE_VS_EMA_LONG_ONLY,200,None,43,LONG,2026-04-05T20:00:00,2068.91,2026-04-05T21:00:00,2060.01,1,-0.43,Signal changed to 0.0
PRICE_VS_EMA_LONG_ONLY,200,None,44,LONG,2026-04-05T22:00:00,2085.79,2026-04-07T13:00:00,2074.97,39,-0.52,Signal changed to 0.0
PRICE_VS_EMA_LONG_ONLY,200,None,45,LONG,2026-04-07T16:00:00,2083.76,2026-04-19T09:00:00,2310.24,281,10.87,Signal changed to 0.0
PRICE_VS_EMA_LONG_ONLY,200,None,46,LONG,2026-04-19T10:00:00,2318.01,2026-04-19T16:00:00,2311.68,6,-0.27,Signal changed to 0.0
PRICE_VS_EMA_LONG_ONLY,200,None,47,LONG,2026-04-20T12:00:00,2318.88,2026-04-20T14:00:00,2290.9,2,-1.21,Signal changed to 0.0
PRICE_VS_EMA_LONG_ONLY,200,None,48,LONG,2026-04-20T15:00:00,2313.91,2026-04-20T16:00:00,2300.07,1,-0.6,Signal changed to 0.0
PRICE_VS_EMA_LONG_ONLY,200,None,49,LONG,2026-04-20T17:00:00,2317.06,2026-04-21T02:00:00,2308.34,9,-0.38,Signal changed to 0.0
PRICE_VS_EMA_LONG_ONLY,200,None,50,LONG,2026-04-21T03:00:00,2311.62,2026-04-21T12:00:00,2308.54,9,-0.13,Signal changed to 0.0
PRICE_VS_EMA_LONG_ONLY,200,None,51,LONG,2026-04-21T13:00:00,2312.77,2026-04-21T14:00:00,2299.35,1,-0.58,Signal changed to 0.0
PRICE_VS_EMA_LONG_ONLY,200,None,52,LONG,2026-04-21T18:00:00,2312.72,2026-04-21T19:00:00,2298.41,1,-0.62,Signal changed to 0.0
PRICE_VS_EMA_LONG_ONLY,200,None,53,LONG,2026-04-21T20:00:00,2314.56,2026-04-23T09:00:00,2316.25,37,0.07,Signal changed to 0.0
PRICE_VS_EMA_LONG_ONLY,200,None,54,LONG,2026-04-23T14:00:00,2334.24,2026-04-23T16:00:00,2326.38,2,-0.34,Signal changed to 0.0
PRICE_VS_EMA_LONG_ONLY,200,None,55,LONG,2026-04-23T22:00:00,2331.97,2026-04-24T02:00:00,2319.91,4,-0.52,Signal changed to 0.0
PRICE_VS_EMA_LONG_ONLY,200,None,56,LONG,2026-04-24T11:00:00,2328.1,2026-04-24T12:00:00,2325.25,1,-0.12,Signal changed to 0.0
PRICE_VS_EMA_LONG_ONLY,200,None,57,LONG,2026-04-26T05:00:00,2327.84,2026-04-27T05:00:00,2323.18,24,-0.2,Signal changed to 0.0
PRICE_VS_EMA_LONG_ONLY,200,None,58,LONG,2026-04-29T04:00:00,2327.32,2026-04-29T12:00:00,2316.13,8,-0.48,Signal changed to 0.0
PRICE_VS_EMA_LONG_ONLY,200,None,59,LONG,2026-05-01T12:00:00,2301.36,2026-05-01T20:00:00,2285.19,8,-0.7,Signal changed to 0.0
PRICE_VS_EMA_LONG_ONLY,200,None,60,LONG,2026-05-02T01:00:00,2298.63,2026-05-07T00:00:00,2329.65,119,1.35,Signal changed to 0.0
PRICE_VS_EMA_LONG_ONLY,200,None,61,LONG,2026-05-07T06:00:00,2337.13,2026-05-07T08:00:00,2333.73,2,-0.15,Signal changed to 0.0
PRICE_VS_EMA_LONG_ONLY,200,None,62,LONG,2026-05-09T17:00:00,2329.45,2026-05-10T11:00:00,2322.58,18,-0.29,Signal changed to 0.0
PRICE_VS_EMA_LONG_ONLY,200,None,63,LONG,2026-05-10T12:00:00,2324.12,2026-05-11T13:00:00,2322.32,25,-0.08,Signal changed to 0.0
PRICE_VS_EMA_LONG_ONLY,200,None,64,LONG,2026-05-11T15:00:00,2333.48,2026-05-12T01:00:00,2311.41,10,-0.95,Signal changed to 0.0
PRICE_VS_EMA_LONG_ONLY,200,None,65,LONG,2026-05-13T09:00:00,2321.19,2026-05-13T10:00:00,2308.46,1,-0.55,Signal changed to 0.0
PRICE_VS_EMA_LONG_ONLY,200,None,66,LONG,2026-05-14T16:00:00,2316.36,2026-05-14T19:00:00,2298.34,3,-0.78,Signal changed to 0.0
PRICE_VS_EMA_LONG_ONLY,200,None,67,LONG,2026-05-23T20:00:00,2146.3,2026-05-23T21:00:00,2116.84,1,-1.37,Signal changed to 0.0
PRICE_VS_EMA_LONG_ONLY,200,None,68,LONG,2026-05-25T16:00:00,2136.4,2026-05-25T17:00:00,2128.55,1,-0.37,Signal changed to 0.0
PRICE_VS_EMA_LONG_ONLY,200,None,69,LONG,2026-05-26T10:00:00,2127.56,2026-05-26T11:00:00,2121.01,1,-0.31,Signal changed to 0.0
PRICE_VS_EMA_LONG_ONLY,200,None,70,LONG,2026-06-14T21:00:00,1718.67,2026-06-18T04:00:00,1730.64,79,0.7,Signal changed to 0.0
PRICE_VS_EMA_LONG_ONLY,200,None,71,LONG,2026-06-18T06:00:00,1735.56,2026-06-18T15:00:00,1682.23,9,-3.07,Signal changed to 0.0
PRICE_VS_EMA_LONG_ONLY,200,None,72,LONG,2026-06-20T05:00:00,1726.1,2026-06-20T08:00:00,1722.83,3,-0.19,Signal changed to 0.0
PRICE_VS_EMA_LONG_ONLY,200,None,73,LONG,2026-06-20T09:00:00,1728.47,2026-06-20T13:00:00,1717.56,4,-0.63,Signal changed to 0.0
PRICE_VS_EMA_LONG_ONLY,200,None,74,LONG,2026-06-20T14:00:00,1733.48,2026-06-21T11:00:00,1725.36,21,-0.47,Signal changed to 0.0
PRICE_VS_EMA_LONG_ONLY,200,None,75,LONG,2026-06-21T14:00:00,1728.44,2026-06-21T20:00:00,1721.3,6,-0.41,Signal changed to 0.0
PRICE_VS_EMA_LONG_ONLY,200,None,76,LONG,2026-06-22T00:00:00,1726.95,2026-06-22T22:00:00,1724.15,22,-0.16,Signal changed to 0.0
PRICE_VS_EMA_LONG_ONLY,200,None,77,LONG,2026-06-23T00:00:00,1731.27,2026-06-23T04:00:00,1719.07,4,-0.7,Signal changed to 0.0
PRICE_VS_EMA_LONG_ONLY,200,None,78,LONG,2026-06-29T17:00:00,1628.03,2026-06-29T20:00:00,1617.66,3,-0.64,Signal changed to 0.0
PRICE_VS_EMA_LONG_ONLY,200,None,79,LONG,2026-06-29T21:00:00,1619.99,2026-06-29T22:00:00,1612.9,1,-0.44,Signal changed to 0.0
PRICE_VS_EMA_LONG_ONLY,200,None,80,LONG,2026-07-01T15:00:00,1620.09,2026-07-02T00:00:00,1603.42,9,-1.03,Signal changed to 0.0
PRICE_VS_EMA_LONG_ONLY,200,None,81,LONG,2026-07-02T01:00:00,1620.48,2026-07-08T15:00:00,1722.96,158,6.32,Signal changed to 0.0
PRICE_VS_EMA_LONG_ONLY,200,None,82,LONG,2026-07-08T16:00:00,1736.38,2026-07-09T02:00:00,1727.3,10,-0.52,Signal changed to 0.0
PRICE_VS_EMA_LONG_ONLY,200,None,83,LONG,2026-07-09T03:00:00,1730.7,2026-07-13T17:00:00,1753.62,110,1.32,Signal changed to 0.0
PRICE_VS_EMA_LONG_ONLY,200,None,84,LONG,2026-07-13T19:00:00,1774.92,2026-07-13T20:00:00,1767.33,1,-0.43,Signal changed to 0.0
PRICE_VS_EMA_LONG_ONLY,200,None,85,LONG,2026-07-13T23:00:00,1776.72,2026-07-17T05:00:00,1823.94,78,2.66,Signal changed to 0.0
PRICE_VS_EMA_LONG_ONLY,200,None,86,LONG,2026-07-17T06:00:00,1832.31,2026-07-17T13:00:00,1825.5,7,-0.37,Signal changed to 0.0
PRICE_VS_EMA_LONG_ONLY,200,None,87,LONG,2026-07-17T15:00:00,1830.88,2026-07-23T17:00:00,1878.31,146,2.59,Signal changed to 0.0
PRICE_VS_EMA_LONG_ONLY,200,None,88,LONG,2026-07-23T20:00:00,1885.98,2026-07-23T21:00:00,1882.72,1,-0.17,Signal changed to 0.0
PRICE_VS_EMA_LONG_ONLY,200,None,89,LONG,2026-07-24T06:00:00,1888.13,2026-07-24T10:00:00,1883.82,4,-0.23,Signal changed to 0.0
PRICE_VS_EMA_LONG_ONLY,200,None,90,LONG,2026-07-26T00:00:00,1881.05,2026-07-26T01:00:00,1878.68,1,-0.13,Signal changed to 0.0
PRICE_VS_EMA_LONG_ONLY,200,None,91,LONG,2026-07-26T02:00:00,1880.97,2026-07-27T22:00:00,1893.6,44,0.67,Signal changed to 0.0
PRICE_VS_EMA_LONG_ONLY,200,None,92,LONG,2026-07-28T15:00:00,1920.02,2026-07-29T03:00:00,1892.7,12,-1.42,Signal changed to 0.0
PRICE_VS_EMA_LONG_ONLY,200,None,93,LONG,2026-07-29T04:00:00,1905.52,2026-07-29T14:00:00,1895.23,10,-0.54,Signal changed to 0.0
PRICE_VS_EMA_LONG_ONLY,200,None,94,LONG,2026-07-29T17:00:00,1916.16,2026-07-29T19:00:00,1888.56,2,-1.44,Signal changed to 0.0
PRICE_VS_EMA_LONG_ONLY,200,None,95,LONG,2026-07-29T22:00:00,1907.18,2026-07-30T00:00:00,1898.22,2,-0.47,Signal changed to 0.0
PRICE_VS_EMA_LONG_ONLY,200,None,96,LONG,2026-07-30T01:00:00,1916.77,2026-07-31T06:00:00,1902.61,29,-0.74,Signal changed to 0.0
PRICE_VS_EMA_LONG_ONLY,200,None,97,LONG,2026-08-02T21:00:00,1890.43,2026-08-02T22:00:00,1882.11,1,-0.44,Signal changed to 0.0
PRICE_VS_EMA_LONG_ONLY,200,None,98,LONG,2026-08-05T13:00:00,1878.53,2026-08-05T14:00:00,1875.89,1,-0.14,Signal changed to 0.0
PRICE_VS_EMA_LONG_ONLY,200,None,99,LONG,2026-08-05T16:00:00,1895.56,2026-08-10T13:00:00,1897.6,117,0.11,Signal changed to 0.0
PRICE_VS_EMA_LONG_ONLY,200,None,100,LONG,2026-08-12T09:00:00,1905.84,2026-08-12T14:00:00,1887.79,5,-0.95,Signal changed to 0.0
PRICE_VS_EMA_LONG_ONLY,200,None,101,LONG,2026-08-13T05:00:00,1895.81,2026-08-13T08:00:00,1890.05,3,-0.3,Signal changed to 0.0
PRICE_VS_EMA_LONG_ONLY,200,None,102,LONG,2026-08-16T16:00:00,1889.58,2026-08-16T17:00:00,1885.17,1,-0.23,Signal changed to 0.0
PRICE_VS_EMA_LONG_ONLY,200,None,103,LONG,2026-08-17T01:00:00,1891.65,2026-08-22T08:00:00,2423.3,127,28.11,End of Dataset
PRICE_VS_EMA_SAR_LONG_SHORT,10,None,1,SHORT,2026-01-01T00:00:00,2979.81,2026-01-01T01:00:00,2984.32,1,-0.15,Signal changed to 1.0
PRICE_VS_EMA_SAR_LONG_SHORT,10,None,2,LONG,2026-01-01T01:00:00,2984.32,2026-01-01T03:00:00,2980.0,2,-0.14,Signal changed to -1.0
PRICE_VS_EMA_SAR_LONG_SHORT,10,None,3,SHORT,2026-01-01T03:00:00,2980.0,2026-01-01T05:00:00,2981.49,2,-0.05,Signal changed to 1.0
PRICE_VS_EMA_SAR_LONG_SHORT,10,None,4,LONG,2026-01-01T05:00:00,2981.49,2026-01-01T06:00:00,2975.89,1,-0.19,Signal changed to -1.0
PRICE_VS_EMA_SAR_LONG_SHORT,10,None,5,SHORT,2026-01-01T06:00:00,2975.89,2026-01-01T08:00:00,2982.59,2,-0.23,Signal changed to 1.0
PRICE_VS_EMA_SAR_LONG_SHORT,10,None,6,LONG,2026-01-01T08:00:00,2982.59,2026-01-01T13:00:00,2982.96,5,0.01,Signal changed to -1.0
PRICE_VS_EMA_SAR_LONG_SHORT,10,None,7,SHORT,2026-01-01T13:00:00,2982.96,2026-01-01T14:00:00,2985.15,1,-0.07,Signal changed to 1.0
PRICE_VS_EMA_SAR_LONG_SHORT,10,None,8,LONG,2026-01-01T14:00:00,2985.15,2026-01-01T16:00:00,2982.29,2,-0.1,Signal changed to -1.0
PRICE_VS_EMA_SAR_LONG_SHORT,10,None,9,SHORT,2026-01-01T16:00:00,2982.29,2026-01-01T17:00:00,2990.44,1,-0.27,Signal changed to 1.0
PRICE_VS_EMA_SAR_LONG_SHORT,10,None,10,LONG,2026-01-01T17:00:00,2990.44,2026-01-03T04:00:00,3116.61,35,4.22,Signal changed to -1.0
PRICE_VS_EMA_SAR_LONG_SHORT,10,None,11,SHORT,2026-01-03T04:00:00,3116.61,2026-01-03T12:00:00,3105.04,8,0.37,Signal changed to 1.0
PRICE_VS_EMA_SAR_LONG_SHORT,10,None,12,LONG,2026-01-03T12:00:00,3105.04,2026-01-03T13:00:00,3103.03,1,-0.06,Signal changed to -1.0
PRICE_VS_EMA_SAR_LONG_SHORT,10,None,13,SHORT,2026-01-03T13:00:00,3103.03,2026-01-03T14:00:00,3106.0,1,-0.1,Signal changed to 1.0
PRICE_VS_EMA_SAR_LONG_SHORT,10,None,14,LONG,2026-01-03T14:00:00,3106.0,2026-01-03T15:00:00,3101.31,1,-0.15,Signal changed to -1.0
PRICE_VS_EMA_SAR_LONG_SHORT,10,None,15,SHORT,2026-01-03T15:00:00,3101.31,2026-01-03T16:00:00,3107.03,1,-0.18,Signal changed to 1.0
PRICE_VS_EMA_SAR_LONG_SHORT,10,None,16,LONG,2026-01-03T16:00:00,3107.03,2026-01-04T08:00:00,3138.61,16,1.02,Signal changed to -1.0
PRICE_VS_EMA_SAR_LONG_SHORT,10,None,17,SHORT,2026-01-04T08:00:00,3138.61,2026-01-04T09:00:00,3143.78,1,-0.16,Signal changed to 1.0
PRICE_VS_EMA_SAR_LONG_SHORT,10,None,18,LONG,2026-01-04T09:00:00,3143.78,2026-01-04T11:00:00,3139.54,2,-0.13,Signal changed to -1.0
PRICE_VS_EMA_SAR_LONG_SHORT,10,None,19,SHORT,2026-01-04T11:00:00,3139.54,2026-01-04T13:00:00,3140.76,2,-0.04,Signal changed to 1.0
PRICE_VS_EMA_SAR_LONG_SHORT,10,None,20,LONG,2026-01-04T13:00:00,3140.76,2026-01-04T14:00:00,3137.26,1,-0.11,Signal changed to -1.0
PRICE_VS_EMA_SAR_LONG_SHORT,10,None,21,SHORT,2026-01-04T14:00:00,3137.26,2026-01-04T16:00:00,3139.11,2,-0.06,Signal changed to 1.0
PRICE_VS_EMA_SAR_LONG_SHORT,10,None,22,LONG,2026-01-04T16:00:00,3139.11,2026-01-04T17:00:00,3137.5,1,-0.05,Signal changed to -1.0
PRICE_VS_EMA_SAR_LONG_SHORT,10,None,23,SHORT,2026-01-04T17:00:00,3137.5,2026-01-04T20:00:00,3142.09,3,-0.15,Signal changed to 1.0
PRICE_VS_EMA_SAR_LONG_SHORT,10,None,24,LONG,2026-01-04T20:00:00,3142.09,2026-01-05T05:00:00,3149.93,9,0.25,Signal changed to -1.0
PRICE_VS_EMA_SAR_LONG_SHORT,10,None,25,SHORT,2026-01-05T05:00:00,3149.93,2026-01-05T08:00:00,3163.62,3,-0.43,Signal changed to 1.0
PRICE_VS_EMA_SAR_LONG_SHORT,10,None,26,LONG,2026-01-05T08:00:00,3163.62,2026-01-05T13:00:00,3154.39,5,-0.29,Signal changed to -1.0
PRICE_VS_EMA_SAR_LONG_SHORT,10,None,27,SHORT,2026-01-05T13:00:00,3154.39,2026-01-05T14:00:00,3167.0,1,-0.4,Signal changed to 1.0
PRICE_VS_EMA_SAR_LONG_SHORT,10,None,28,LONG,2026-01-05T14:00:00,3167.0,2026-01-06T00:00:00,3216.1,10,1.55,Signal changed to -1.0
PRICE_VS_EMA_SAR_LONG_SHORT,10,None,29,SHORT,2026-01-06T00:00:00,3216.1,2026-01-06T01:00:00,3218.32,1,-0.07,Signal changed to 1.0
PRICE_VS_EMA_SAR_LONG_SHORT,10,None,30,LONG,2026-01-06T01:00:00,3218.32,2026-01-06T02:00:00,3217.1,1,-0.04,Signal changed to -1.0
PRICE_VS_EMA_SAR_LONG_SHORT,10,None,31,SHORT,2026-01-06T02:00:00,3217.1,2026-01-06T03:00:00,3225.1,1,-0.25,Signal changed to 1.0
PRICE_VS_EMA_SAR_LONG_SHORT,10,None,32,LONG,2026-01-06T03:00:00,3225.1,2026-01-06T05:00:00,3218.72,2,-0.2,Signal changed to -1.0
PRICE_VS_EMA_SAR_LONG_SHORT,10,None,33,SHORT,2026-01-06T05:00:00,3218.72,2026-01-06T06:00:00,3241.15,1,-0.7,Signal changed to 1.0
PRICE_VS_EMA_SAR_LONG_SHORT,10,None,34,LONG,2026-01-06T06:00:00,3241.15,2026-01-06T07:00:00,3219.24,1,-0.68,Signal changed to -1.0
PRICE_VS_EMA_SAR_LONG_SHORT,10,None,35,SHORT,2026-01-06T07:00:00,3219.24,2026-01-06T09:00:00,3223.0,2,-0.12,Signal changed to 1.0
PRICE_VS_EMA_SAR_LONG_SHORT,10,None,36,LONG,2026-01-06T09:00:00,3223.0,2026-01-06T17:00:00,3196.43,8,-0.82,Signal changed to -1.0
PRICE_VS_EMA_SAR_LONG_SHORT,10,None,37,SHORT,2026-01-06T17:00:00,3196.43,2026-01-06T20:00:00,3241.71,3,-1.42,Signal changed to 1.0
PRICE_VS_EMA_SAR_LONG_SHORT,10,None,38,LONG,2026-01-06T20:00:00,3241.71,2026-01-07T01:00:00,3245.04,5,0.1,Signal changed to -1.0
PRICE_VS_EMA_SAR_LONG_SHORT,10,None,39,SHORT,2026-01-07T01:00:00,3245.04,2026-01-07T02:00:00,3270.08,1,-0.77,Signal changed to 1.0
PRICE_VS_EMA_SAR_LONG_SHORT,10,None,40,LONG,2026-01-07T02:00:00,3270.08,2026-01-07T04:00:00,3256.21,2,-0.42,Signal changed to -1.0
PRICE_VS_EMA_SAR_LONG_SHORT,10,None,41,SHORT,2026-01-07T04:00:00,3256.21,2026-01-07T23:00:00,3168.72,19,2.69,Signal changed to 1.0
PRICE_VS_EMA_SAR_LONG_SHORT,10,None,42,LONG,2026-01-07T23:00:00,3168.72,2026-01-08T02:00:00,3159.43,3,-0.29,Signal changed to -1.0
PRICE_VS_EMA_SAR_LONG_SHORT,10,None,43,SHORT,2026-01-08T02:00:00,3159.43,2026-01-08T16:00:00,3122.31,14,1.17,Signal changed to 1.0
PRICE_VS_EMA_SAR_LONG_SHORT,10,None,44,LONG,2026-01-08T16:00:00,3122.31,2026-01-08T19:00:00,3111.53,3,-0.35,Signal changed to -1.0
PRICE_VS_EMA_SAR_LONG_SHORT,10,None,45,SHORT,2026-01-08T19:00:00,3111.53,2026-01-08T21:00:00,3118.75,2,-0.23,Signal changed to 1.0
PRICE_VS_EMA_SAR_LONG_SHORT,10,None,46,LONG,2026-01-08T21:00:00,3118.75,2026-01-08T23:00:00,3106.65,2,-0.39,Signal changed to -1.0
PRICE_VS_EMA_SAR_LONG_SHORT,10,None,47,SHORT,2026-01-08T23:00:00,3106.65,2026-01-09T00:00:00,3115.83,1,-0.3,Signal changed to 1.0
PRICE_VS_EMA_SAR_LONG_SHORT,10,None,48,LONG,2026-01-09T00:00:00,3115.83,2026-01-09T01:00:00,3105.82,1,-0.32,Signal changed to -1.0
PRICE_VS_EMA_SAR_LONG_SHORT,10,None,49,SHORT,2026-01-09T01:00:00,3105.82,2026-01-09T03:00:00,3119.6,2,-0.44,Signal changed to 1.0
PRICE_VS_EMA_SAR_LONG_SHORT,10,None,50,LONG,2026-01-09T03:00:00,3119.6,2026-01-09T07:00:00,3111.2,4,-0.27,Signal changed to -1.0
PRICE_VS_EMA_SAR_LONG_SHORT,10,None,51,SHORT,2026-01-09T07:00:00,3111.2,2026-01-09T15:00:00,3112.08,8,-0.03,Signal changed to 1.0
PRICE_VS_EMA_SAR_LONG_SHORT,10,None,52,LONG,2026-01-09T15:00:00,3112.08,2026-01-09T18:00:00,3094.97,3,-0.55,Signal changed to -1.0
PRICE_VS_EMA_SAR_LONG_SHORT,10,None,53,SHORT,2026-01-09T18:00:00,3094.97,2026-01-10T01:00:00,3090.11,7,0.16,Signal changed to 1.0
PRICE_VS_EMA_SAR_LONG_SHORT,10,None,54,LONG,2026-01-10T01:00:00,3090.11,2026-01-10T02:00:00,3088.07,1,-0.07,Signal changed to -1.0
PRICE_VS_EMA_SAR_LONG_SHORT,10,None,55,SHORT,2026-01-10T02:00:00,3088.07,2026-01-10T06:00:00,3087.49,4,0.02,Signal changed to 1.0
PRICE_VS_EMA_SAR_LONG_SHORT,10,None,56,LONG,2026-01-10T06:00:00,3087.49,2026-01-10T14:00:00,3091.64,8,0.13,Signal changed to -1.0
PRICE_VS_EMA_SAR_LONG_SHORT,10,None,57,SHORT,2026-01-10T14:00:00,3091.64,2026-01-10T15:00:00,3095.64,1,-0.13,Signal changed to 1.0
PRICE_VS_EMA_SAR_LONG_SHORT,10,None,58,LONG,2026-01-10T15:00:00,3095.64,2026-01-10T17:00:00,3092.95,2,-0.09,Signal changed to -1.0
PRICE_VS_EMA_SAR_LONG_SHORT,10,None,59,SHORT,2026-01-10T17:00:00,3092.95,2026-01-11T00:00:00,3091.98,7,0.03,Signal changed to 1.0
PRICE_VS_EMA_SAR_LONG_SHORT,10,None,60,LONG,2026-01-11T00:00:00,3091.98,2026-01-11T20:00:00,3115.1,20,0.75,Signal changed to -1.0
PRICE_VS_EMA_SAR_LONG_SHORT,10,None,61,SHORT,2026-01-11T20:00:00,3115.1,2026-01-11T21:00:00,3121.11,1,-0.19,Signal changed to 1.0
PRICE_VS_EMA_SAR_LONG_SHORT,10,None,62,LONG,2026-01-11T21:00:00,3121.11,2026-01-11T22:00:00,3109.61,1,-0.37,Signal changed to -1.0
PRICE_VS_EMA_SAR_LONG_SHORT,10,None,63,SHORT,2026-01-11T22:00:00,3109.61,2026-01-11T23:00:00,3123.45,1,-0.45,Signal changed to 1.0
PRICE_VS_EMA_SAR_LONG_SHORT,10,None,64,LONG,2026-01-11T23:00:00,3123.45,2026-01-12T07:00:00,3135.34,8,0.38,Signal changed to -1.0
PRICE_VS_EMA_SAR_LONG_SHORT,10,None,65,SHORT,2026-01-12T07:00:00,3135.34,2026-01-12T15:00:00,3130.17,8,0.16,Signal changed to 1.0
PRICE_VS_EMA_SAR_LONG_SHORT,10,None,66,LONG,2026-01-12T15:00:00,3130.17,2026-01-12T17:00:00,3104.88,2,-0.81,Signal changed to -1.0
PRICE_VS_EMA_SAR_LONG_SHORT,10,None,67,SHORT,2026-01-12T17:00:00,3104.88,2026-01-12T19:00:00,3121.83,2,-0.55,Signal changed to 1.0
PRICE_VS_EMA_SAR_LONG_SHORT,10,None,68,LONG,2026-01-12T19:00:00,3121.83,2026-01-12T20:00:00,3102.57,1,-0.62,Signal changed to -1.0
PRICE_VS_EMA_SAR_LONG_SHORT,10,None,69,SHORT,2026-01-12T20:00:00,3102.57,2026-01-13T00:00:00,3108.59,4,-0.19,Signal changed to 1.0
PRICE_VS_EMA_SAR_LONG_SHORT,10,None,70,LONG,2026-01-13T00:00:00,3108.59,2026-01-13T01:00:00,3097.66,1,-0.35,Signal changed to -1.0
PRICE_VS_EMA_SAR_LONG_SHORT,10,None,71,SHORT,2026-01-13T01:00:00,3097.66,2026-01-13T03:00:00,3116.14,2,-0.6,Signal changed to 1.0
PRICE_VS_EMA_SAR_LONG_SHORT,10,None,72,LONG,2026-01-13T03:00:00,3116.14,2026-01-14T10:00:00,3312.99,31,6.32,Signal changed to -1.0
PRICE_VS_EMA_SAR_LONG_SHORT,10,None,73,SHORT,2026-01-14T10:00:00,3312.99,2026-01-14T14:00:00,3349.21,4,-1.09,Signal changed to 1.0
PRICE_VS_EMA_SAR_LONG_SHORT,10,None,74,LONG,2026-01-14T14:00:00,3349.21,2026-01-14T22:00:00,3349.09,8,-0.0,Signal changed to -1.0
PRICE_VS_EMA_SAR_LONG_SHORT,10,None,75,SHORT,2026-01-14T22:00:00,3349.09,2026-01-14T23:00:00,3354.92,1,-0.17,Signal changed to 1.0
PRICE_VS_EMA_SAR_LONG_SHORT,10,None,76,LONG,2026-01-14T23:00:00,3354.92,2026-01-15T00:00:00,3331.35,1,-0.7,Signal changed to -1.0
PRICE_VS_EMA_SAR_LONG_SHORT,10,None,77,SHORT,2026-01-15T00:00:00,3331.35,2026-01-15T07:00:00,3330.0,7,0.04,Signal changed to 1.0
PRICE_VS_EMA_SAR_LONG_SHORT,10,None,78,LONG,2026-01-15T07:00:00,3330.0,2026-01-15T14:00:00,3342.31,7,0.37,Signal changed to -1.0
PRICE_VS_EMA_SAR_LONG_SHORT,10,None,79,SHORT,2026-01-15T14:00:00,3342.31,2026-01-15T23:00:00,3318.69,9,0.71,Signal changed to 1.0
PRICE_VS_EMA_SAR_LONG_SHORT,10,None,80,LONG,2026-01-15T23:00:00,3318.69,2026-01-16T02:00:00,3303.63,3,-0.45,Signal changed to -1.0
PRICE_VS_EMA_SAR_LONG_SHORT,10,None,81,SHORT,2026-01-16T02:00:00,3303.63,2026-01-16T05:00:00,3309.23,3,-0.17,Signal changed to 1.0
PRICE_VS_EMA_SAR_LONG_SHORT,10,None,82,LONG,2026-01-16T05:00:00,3309.23,2026-01-16T09:00:00,3307.44,4,-0.05,Signal changed to -1.0
PRICE_VS_EMA_SAR_LONG_SHORT,10,None,83,SHORT,2026-01-16T09:00:00,3307.44,2026-01-16T12:00:00,3308.87,3,-0.04,Signal changed to 1.0
PRICE_VS_EMA_SAR_LONG_SHORT,10,None,84,LONG,2026-01-16T12:00:00,3308.87,2026-01-16T14:00:00,3294.12,2,-0.45,Signal changed to -1.0
PRICE_VS_EMA_SAR_LONG_SHORT,10,None,85,SHORT,2026-01-16T14:00:00,3294.12,2026-01-16T20:00:00,3292.82,6,0.04,Signal changed to 1.0
PRICE_VS_EMA_SAR_LONG_SHORT,10,None,86,LONG,2026-01-16T20:00:00,3292.82,2026-01-17T01:00:00,3290.68,5,-0.06,Signal changed to -1.0
PRICE_VS_EMA_SAR_LONG_SHORT,10,None,87,SHORT,2026-01-17T01:00:00,3290.68,2026-01-17T02:00:00,3292.24,1,-0.05,Signal changed to 1.0
PRICE_VS_EMA_SAR_LONG_SHORT,10,None,88,LONG,2026-01-17T02:00:00,3292.24,2026-01-17T03:00:00,3289.32,1,-0.09,Signal changed to -1.0
PRICE_VS_EMA_SAR_LONG_SHORT,10,None,89,SHORT,2026-01-17T03:00:00,3289.32,2026-01-17T04:00:00,3292.14,1,-0.09,Signal changed to 1.0
PRICE_VS_EMA_SAR_LONG_SHORT,10,None,90,LONG,2026-01-17T04:00:00,3292.14,2026-01-17T21:00:00,3312.84,17,0.63,Signal changed to -1.0
PRICE_VS_EMA_SAR_LONG_SHORT,10,None,91,SHORT,2026-01-17T21:00:00,3312.84,2026-01-18T03:00:00,3316.16,6,-0.1,Signal changed to 1.0
PRICE_VS_EMA_SAR_LONG_SHORT,10,None,92,LONG,2026-01-18T03:00:00,3316.16,2026-01-18T07:00:00,3307.3,4,-0.27,Signal changed to -1.0
PRICE_VS_EMA_SAR_LONG_SHORT,10,None,93,SHORT,2026-01-18T07:00:00,3307.3,2026-01-18T08:00:00,3315.47,1,-0.25,Signal changed to 1.0
PRICE_VS_EMA_SAR_LONG_SHORT,10,None,94,LONG,2026-01-18T08:00:00,3315.47,2026-01-18T23:00:00,3284.03,15,-0.95,Signal changed to -1.0
PRICE_VS_EMA_SAR_LONG_SHORT,10,None,95,SHORT,2026-01-18T23:00:00,3284.03,2026-01-19T11:00:00,3223.91,12,1.83,Signal changed to 1.0
PRICE_VS_EMA_SAR_LONG_SHORT,10,None,96,LONG,2026-01-19T11:00:00,3223.91,2026-01-19T13:00:00,3218.27,2,-0.17,Signal changed to -1.0
PRICE_VS_EMA_SAR_LONG_SHORT,10,None,97,SHORT,2026-01-19T13:00:00,3218.27,2026-01-19T16:00:00,3223.16,3,-0.15,Signal changed to 1.0
PRICE_VS_EMA_SAR_LONG_SHORT,10,None,98,LONG,2026-01-19T16:00:00,3223.16,2026-01-19T17:00:00,3220.0,1,-0.1,Signal changed to -1.0
PRICE_VS_EMA_SAR_LONG_SHORT,10,None,99,SHORT,2026-01-19T17:00:00,3220.0,2026-01-19T19:00:00,3219.95,2,0.0,Signal changed to 1.0
PRICE_VS_EMA_SAR_LONG_SHORT,10,None,100,LONG,2026-01-19T19:00:00,3219.95,2026-01-19T20:00:00,3214.31,1,-0.18,Signal changed to -1.0
PRICE_VS_EMA_SAR_LONG_SHORT,10,None,101,SHORT,2026-01-19T20:00:00,3214.31,2026-01-21T05:00:00,2993.03,33,6.88,Signal changed to 1.0
PRICE_VS_EMA_SAR_LONG_SHORT,10,None,102,LONG,2026-01-21T05:00:00,2993.03,2026-01-21T06:00:00,2980.3,1,-0.43,Signal changed to -1.0
PRICE_VS_EMA_SAR_LONG_SHORT,10,None,103,SHORT,2026-01-21T06:00:00,2980.3,2026-01-21T14:00:00,2981.09,8,-0.03,Signal changed to 1.0
PRICE_VS_EMA_SAR_LONG_SHORT,10,None,104,LONG,2026-01-21T14:00:00,2981.09,2026-01-21T16:00:00,2891.58,2,-3.0,Signal changed to -1.0
PRICE_VS_EMA_SAR_LONG_SHORT,10,None,105,SHORT,2026-01-21T16:00:00,2891.58,2026-01-21T19:00:00,3055.56,3,-5.67,Signal changed to 1.0
PRICE_VS_EMA_SAR_LONG_SHORT,10,None,106,LONG,2026-01-21T19:00:00,3055.56,2026-01-21T23:00:00,2982.27,4,-2.4,Signal changed to -1.0
PRICE_VS_EMA_SAR_LONG_SHORT,10,None,107,SHORT,2026-01-21T23:00:00,2982.27,2026-01-22T00:00:00,3005.39,1,-0.78,Signal changed to 1.0
PRICE_VS_EMA_SAR_LONG_SHORT,10,None,108,LONG,2026-01-22T00:00:00,3005.39,2026-01-22T07:00:00,3000.94,7,-0.15,Signal changed to -1.0
PRICE_VS_EMA_SAR_LONG_SHORT,10,None,109,SHORT,2026-01-22T07:00:00,3000.94,2026-01-22T09:00:00,3013.63,2,-0.42,Signal changed to 1.0
PRICE_VS_EMA_SAR_LONG_SHORT,10,None,110,LONG,2026-01-22T09:00:00,3013.63,2026-01-22T10:00:00,3002.64,1,-0.36,Signal changed to -1.0
PRICE_VS_EMA_SAR_LONG_SHORT,10,None,111,SHORT,2026-01-22T10:00:00,3002.64,2026-01-23T01:00:00,2968.88,15,1.12,Signal changed to 1.0
PRICE_VS_EMA_SAR_LONG_SHORT,10,None,112,LONG,2026-01-23T01:00:00,2968.88,2026-01-23T02:00:00,2952.83,1,-0.54,Signal changed to -1.0
PRICE_VS_EMA_SAR_LONG_SHORT,10,None,113,SHORT,2026-01-23T02:00:00,2952.83,2026-01-23T03:00:00,2964.42,1,-0.39,Signal changed to 1.0
PRICE_VS_EMA_SAR_LONG_SHORT,10,None,114,LONG,2026-01-23T03:00:00,2964.42,2026-01-23T06:00:00,2939.88,3,-0.83,Signal changed to -1.0
PRICE_VS_EMA_SAR_LONG_SHORT,10,None,115,SHORT,2026-01-23T06:00:00,2939.88,2026-01-23T15:00:00,2952.75,9,-0.44,Signal changed to 1.0
PRICE_VS_EMA_SAR_LONG_SHORT,10,None,116,LONG,2026-01-23T15:00:00,2952.75,2026-01-23T20:00:00,2940.16,5,-0.43,Signal changed to -1.0
PRICE_VS_EMA_SAR_LONG_SHORT,10,None,117,SHORT,2026-01-23T20:00:00,2940.16,2026-01-23T22:00:00,2960.02,2,-0.68,Signal changed to 1.0
PRICE_VS_EMA_SAR_LONG_SHORT,10,None,118,LONG,2026-01-23T22:00:00,2960.02,2026-01-24T00:00:00,2950.99,2,-0.31,Signal changed to -1.0
PRICE_VS_EMA_SAR_LONG_SHORT,10,None,119,SHORT,2026-01-24T00:00:00,2950.99,2026-01-24T01:00:00,2956.12,1,-0.17,Signal changed to 1.0
PRICE_VS_EMA_SAR_LONG_SHORT,10,None,120,LONG,2026-01-24T01:00:00,2956.12,2026-01-24T07:00:00,2957.34,6,0.04,Signal changed to -1.0
PRICE_VS_EMA_SAR_LONG_SHORT,10,None,121,SHORT,2026-01-24T07:00:00,2957.34,2026-01-24T08:00:00,2963.12,1,-0.2,Signal changed to 1.0
PRICE_VS_EMA_SAR_LONG_SHORT,10,None,122,LONG,2026-01-24T08:00:00,2963.12,2026-01-24T13:00:00,2948.92,5,-0.48,Signal changed to -1.0
PRICE_VS_EMA_SAR_LONG_SHORT,10,None,123,SHORT,2026-01-24T13:00:00,2948.92,2026-01-24T14:00:00,2959.48,1,-0.36,Signal changed to 1.0
PRICE_VS_EMA_SAR_LONG_SHORT,10,None,124,LONG,2026-01-24T14:00:00,2959.48,2026-01-24T15:00:00,2957.25,1,-0.08,Signal changed to -1.0
PRICE_VS_EMA_SAR_LONG_SHORT,10,None,125,SHORT,2026-01-24T15:00:00,2957.25,2026-01-24T16:00:00,2958.9,1,-0.06,Signal changed to 1.0
PRICE_VS_EMA_SAR_LONG_SHORT,10,None,126,LONG,2026-01-24T16:00:00,2958.9,2026-01-24T19:00:00,2953.93,3,-0.17,Signal changed to -1.0
PRICE_VS_EMA_SAR_LONG_SHORT,10,None,127,SHORT,2026-01-24T19:00:00,2953.93,2026-01-24T22:00:00,2963.0,3,-0.31,Signal changed to 1.0
PRICE_VS_EMA_SAR_LONG_SHORT,10,None,128,LONG,2026-01-24T22:00:00,2963.0,2026-01-24T23:00:00,2953.22,1,-0.33,Signal changed to -1.0
PRICE_VS_EMA_SAR_LONG_SHORT,10,None,129,SHORT,2026-01-24T23:00:00,2953.22,2026-01-25T00:00:00,2958.87,1,-0.19,Signal changed to 1.0
PRICE_VS_EMA_SAR_LONG_SHORT,10,None,130,LONG,2026-01-25T00:00:00,2958.87,2026-01-25T01:00:00,2955.15,1,-0.13,Signal changed to -1.0
PRICE_VS_EMA_SAR_LONG_SHORT,10,None,131,SHORT,2026-01-25T01:00:00,2955.15,2026-01-25T10:00:00,2945.08,9,0.34,Signal changed to 1.0
PRICE_VS_EMA_SAR_LONG_SHORT,10,None,132,LONG,2026-01-25T10:00:00,2945.08,2026-01-25T11:00:00,2937.54,1,-0.26,Signal changed to -1.0
PRICE_VS_EMA_SAR_LONG_SHORT,10,None,133,SHORT,2026-01-25T11:00:00,2937.54,2026-01-26T01:00:00,2882.69,14,1.87,Signal changed to 1.0
PRICE_VS_EMA_SAR_LONG_SHORT,10,None,134,LONG,2026-01-26T01:00:00,2882.69,2026-01-26T03:00:00,2850.68,2,-1.11,Signal changed to -1.0
PRICE_VS_EMA_SAR_LONG_SHORT,10,None,135,SHORT,2026-01-26T03:00:00,2850.68,2026-01-26T04:00:00,2865.98,1,-0.54,Signal changed to 1.0
PRICE_VS_EMA_SAR_LONG_SHORT,10,None,136,LONG,2026-01-26T04:00:00,2865.98,2026-01-26T20:00:00,2901.82,16,1.25,Signal changed to -1.0
PRICE_VS_EMA_SAR_LONG_SHORT,10,None,137,SHORT,2026-01-26T20:00:00,2901.82,2026-01-26T21:00:00,2928.97,1,-0.94,Signal changed to 1.0
PRICE_VS_EMA_SAR_LONG_SHORT,10,None,138,LONG,2026-01-26T21:00:00,2928.97,2026-01-27T06:00:00,2929.0,9,0.0,Signal changed to -1.0
PRICE_VS_EMA_SAR_LONG_SHORT,10,None,139,SHORT,2026-01-27T06:00:00,2929.0,2026-01-27T15:00:00,2937.45,9,-0.29,Signal changed to 1.0
PRICE_VS_EMA_SAR_LONG_SHORT,10,None,140,LONG,2026-01-27T15:00:00,2937.45,2026-01-27T17:00:00,2930.3,2,-0.24,Signal changed to -1.0
PRICE_VS_EMA_SAR_LONG_SHORT,10,None,141,SHORT,2026-01-27T17:00:00,2930.3,2026-01-27T18:00:00,2978.21,1,-1.63,Signal changed to 1.0
PRICE_VS_EMA_SAR_LONG_SHORT,10,None,142,LONG,2026-01-27T18:00:00,2978.21,2026-01-28T04:00:00,2999.64,10,0.72,Signal changed to -1.0
PRICE_VS_EMA_SAR_LONG_SHORT,10,None,143,SHORT,2026-01-28T04:00:00,2999.64,2026-01-28T05:00:00,3004.47,1,-0.16,Signal changed to 1.0
PRICE_VS_EMA_SAR_LONG_SHORT,10,None,144,LONG,2026-01-28T05:00:00,3004.47,2026-01-28T08:00:00,2990.69,3,-0.46,Signal changed to -1.0
PRICE_VS_EMA_SAR_LONG_SHORT,10,None,145,SHORT,2026-01-28T08:00:00,2990.69,2026-01-28T09:00:00,3017.44,1,-0.89,Signal changed to 1.0
PRICE_VS_EMA_SAR_LONG_SHORT,10,None,146,LONG,2026-01-28T09:00:00,3017.44,2026-01-28T14:00:00,3013.09,5,-0.14,Signal changed to -1.0
PRICE_VS_EMA_SAR_LONG_SHORT,10,None,147,SHORT,2026-01-28T14:00:00,3013.09,2026-01-28T17:00:00,3014.89,3,-0.06,Signal changed to 1.0
PRICE_VS_EMA_SAR_LONG_SHORT,10,None,148,LONG,2026-01-28T17:00:00,3014.89,2026-01-28T20:00:00,3012.21,3,-0.09,Signal changed to -1.0
PRICE_VS_EMA_SAR_LONG_SHORT,10,None,149,SHORT,2026-01-28T20:00:00,3012.21,2026-01-28T21:00:00,3021.51,1,-0.31,Signal changed to 1.0
PRICE_VS_EMA_SAR_LONG_SHORT,10,None,150,LONG,2026-01-28T21:00:00,3021.51,2026-01-28T23:00:00,3010.78,2,-0.36,Signal changed to -1.0
PRICE_VS_EMA_SAR_LONG_SHORT,10,None,151,SHORT,2026-01-28T23:00:00,3010.78,2026-01-30T11:00:00,2759.88,36,8.33,Signal changed to 1.0
PRICE_VS_EMA_SAR_LONG_SHORT,10,None,152,LONG,2026-01-30T11:00:00,2759.88,2026-01-30T12:00:00,2740.49,1,-0.7,Signal changed to -1.0
PRICE_VS_EMA_SAR_LONG_SHORT,10,None,153,SHORT,2026-01-30T12:00:00,2740.49,2026-01-30T18:00:00,2740.27,6,0.01,Signal changed to 1.0
PRICE_VS_EMA_SAR_LONG_SHORT,10,None,154,LONG,2026-01-30T18:00:00,2740.27,2026-01-30T20:00:00,2680.72,2,-2.17,Signal changed to -1.0
PRICE_VS_EMA_SAR_LONG_SHORT,10,None,155,SHORT,2026-01-30T20:00:00,2680.72,2026-02-02T09:00:00,2291.57,61,14.52,Signal changed to 1.0
PRICE_VS_EMA_SAR_LONG_SHORT,10,None,156,LONG,2026-02-02T09:00:00,2291.57,2026-02-02T20:00:00,2322.07,11,1.33,Signal changed to -1.0
PRICE_VS_EMA_SAR_LONG_SHORT,10,None,157,SHORT,2026-02-02T20:00:00,2322.07,2026-02-02T21:00:00,2342.04,1,-0.86,Signal changed to 1.0
PRICE_VS_EMA_SAR_LONG_SHORT,10,None,158,LONG,2026-02-02T21:00:00,2342.04,2026-02-03T02:00:00,2298.72,5,-1.85,Signal changed to -1.0
PRICE_VS_EMA_SAR_LONG_SHORT,10,None,159,SHORT,2026-02-03T02:00:00,2298.72,2026-02-03T03:00:00,2344.03,1,-1.97,Signal changed to 1.0
PRICE_VS_EMA_SAR_LONG_SHORT,10,None,160,LONG,2026-02-03T03:00:00,2344.03,2026-02-03T05:00:00,2316.12,2,-1.19,Signal changed to -1.0
PRICE_VS_EMA_SAR_LONG_SHORT,10,None,161,SHORT,2026-02-03T05:00:00,2316.12,2026-02-03T13:00:00,2312.21,8,0.17,Signal changed to 1.0
PRICE_VS_EMA_SAR_LONG_SHORT,10,None,162,LONG,2026-02-03T13:00:00,2312.21,2026-02-03T14:00:00,2257.2,1,-2.38,Signal changed to -1.0
PRICE_VS_EMA_SAR_LONG_SHORT,10,None,163,SHORT,2026-02-03T14:00:00,2257.2,2026-02-03T15:00:00,2303.2,1,-2.04,Signal changed to 1.0
PRICE_VS_EMA_SAR_LONG_SHORT,10,None,164,LONG,2026-02-03T15:00:00,2303.2,2026-02-03T16:00:00,2240.6,1,-2.72,Signal changed to -1.0
PRICE_VS_EMA_SAR_LONG_SHORT,10,None,165,SHORT,2026-02-03T16:00:00,2240.6,2026-02-03T20:00:00,2299.46,4,-2.63,Signal changed to 1.0
PRICE_VS_EMA_SAR_LONG_SHORT,10,None,166,LONG,2026-02-03T20:00:00,2299.46,2026-02-03T22:00:00,2236.38,2,-2.74,Signal changed to -1.0
PRICE_VS_EMA_SAR_LONG_SHORT,10,None,167,SHORT,2026-02-03T22:00:00,2236.38,2026-02-04T01:00:00,2268.64,3,-1.44,Signal changed to 1.0
PRICE_VS_EMA_SAR_LONG_SHORT,10,None,168,LONG,2026-02-04T01:00:00,2268.64,2026-02-04T09:00:00,2260.65,8,-0.35,Signal changed to -1.0
PRICE_VS_EMA_SAR_LONG_SHORT,10,None,169,SHORT,2026-02-04T09:00:00,2260.65,2026-02-04T19:00:00,2188.27,10,3.2,Signal changed to 1.0
PRICE_VS_EMA_SAR_LONG_SHORT,10,None,170,LONG,2026-02-04T19:00:00,2188.27,2026-02-04T20:00:00,2172.02,1,-0.74,Signal changed to -1.0
PRICE_VS_EMA_SAR_LONG_SHORT,10,None,171,SHORT,2026-02-04T20:00:00,2172.02,2026-02-05T09:00:00,2133.45,13,1.78,Signal changed to 1.0
PRICE_VS_EMA_SAR_LONG_SHORT,10,None,172,LONG,2026-02-05T09:00:00,2133.45,2026-02-05T10:00:00,2097.72,1,-1.67,Signal changed to -1.0
PRICE_VS_EMA_SAR_LONG_SHORT,10,None,173,SHORT,2026-02-05T10:00:00,2097.72,2026-02-06T01:00:00,1932.17,15,7.89,Signal changed to 1.0
PRICE_VS_EMA_SAR_LONG_SHORT,10,None,174,LONG,2026-02-06T01:00:00,1932.17,2026-02-06T02:00:00,1907.49,1,-1.28,Signal changed to -1.0
PRICE_VS_EMA_SAR_LONG_SHORT,10,None,175,SHORT,2026-02-06T02:00:00,1907.49,2026-02-06T05:00:00,1958.69,3,-2.68,Signal changed to 1.0
PRICE_VS_EMA_SAR_LONG_SHORT,10,None,176,LONG,2026-02-06T05:00:00,1958.69,2026-02-06T06:00:00,1908.32,1,-2.57,Signal changed to -1.0
PRICE_VS_EMA_SAR_LONG_SHORT,10,None,177,SHORT,2026-02-06T06:00:00,1908.32,2026-02-06T09:00:00,1919.0,3,-0.56,Signal changed to 1.0
PRICE_VS_EMA_SAR_LONG_SHORT,10,None,178,LONG,2026-02-06T09:00:00,1919.0,2026-02-07T06:00:00,2047.73,21,6.71,Signal changed to -1.0
PRICE_VS_EMA_SAR_LONG_SHORT,10,None,179,SHORT,2026-02-07T06:00:00,2047.73,2026-02-07T12:00:00,2041.33,6,0.31,Signal changed to 1.0
PRICE_VS_EMA_SAR_LONG_SHORT,10,None,180,LONG,2026-02-07T12:00:00,2041.33,2026-02-07T14:00:00,2020.41,2,-1.02,Signal changed to -1.0
PRICE_VS_EMA_SAR_LONG_SHORT,10,None,181,SHORT,2026-02-07T14:00:00,2020.41,2026-02-07T15:00:00,2052.54,1,-1.59,Signal changed to 1.0
PRICE_VS_EMA_SAR_LONG_SHORT,10,None,182,LONG,2026-02-07T15:00:00,2052.54,2026-02-08T03:00:00,2078.77,12,1.28,Signal changed to -1.0
PRICE_VS_EMA_SAR_LONG_SHORT,10,None,183,SHORT,2026-02-08T03:00:00,2078.77,2026-02-08T04:00:00,2087.72,1,-0.43,Signal changed to 1.0
PRICE_VS_EMA_SAR_LONG_SHORT,10,None,184,LONG,2026-02-08T04:00:00,2087.72,2026-02-08T06:00:00,2079.3,2,-0.4,Signal changed to -1.0
PRICE_VS_EMA_SAR_LONG_SHORT,10,None,185,SHORT,2026-02-08T06:00:00,2079.3,2026-02-08T07:00:00,2084.41,1,-0.25,Signal changed to 1.0
PRICE_VS_EMA_SAR_LONG_SHORT,10,None,186,LONG,2026-02-08T07:00:00,2084.41,2026-02-08T15:00:00,2108.64,8,1.16,Signal changed to -1.0
PRICE_VS_EMA_SAR_LONG_SHORT,10,None,187,SHORT,2026-02-08T15:00:00,2108.64,2026-02-08T18:00:00,2109.47,3,-0.04,Signal changed to 1.0
PRICE_VS_EMA_SAR_LONG_SHORT,10,None,188,LONG,2026-02-08T18:00:00,2109.47,2026-02-08T20:00:00,2104.59,2,-0.23,Signal changed to -1.0
PRICE_VS_EMA_SAR_LONG_SHORT,10,None,189,SHORT,2026-02-08T20:00:00,2104.59,2026-02-08T22:00:00,2108.43,2,-0.18,Signal changed to 1.0
PRICE_VS_EMA_SAR_LONG_SHORT,10,None,190,LONG,2026-02-08T22:00:00,2108.43,2026-02-08T23:00:00,2089.74,1,-0.89,Signal changed to -1.0
PRICE_VS_EMA_SAR_LONG_SHORT,10,None,191,SHORT,2026-02-08T23:00:00,2089.74,2026-02-09T03:00:00,2100.25,4,-0.5,Signal changed to 1.0
PRICE_VS_EMA_SAR_LONG_SHORT,10,None,192,LONG,2026-02-09T03:00:00,2100.25,2026-02-09T04:00:00,2090.35,1,-0.47,Signal changed to -1.0
PRICE_VS_EMA_SAR_LONG_SHORT,10,None,193,SHORT,2026-02-09T04:00:00,2090.35,2026-02-09T05:00:00,2095.82,1,-0.26,Signal changed to 1.0
PRICE_VS_EMA_SAR_LONG_SHORT,10,None,194,LONG,2026-02-09T05:00:00,2095.82,2026-02-09T06:00:00,2081.43,1,-0.69,Signal changed to -1.0
PRICE_VS_EMA_SAR_LONG_SHORT,10,None,195,SHORT,2026-02-09T06:00:00,2081.43,2026-02-09T15:00:00,2061.61,9,0.95,Signal changed to 1.0
PRICE_VS_EMA_SAR_LONG_SHORT,10,None,196,LONG,2026-02-09T15:00:00,2061.61,2026-02-10T00:00:00,2096.72,9,1.7,Signal changed to -1.0
PRICE_VS_EMA_SAR_LONG_SHORT,10,None,197,SHORT,2026-02-10T00:00:00,2096.72,2026-02-10T01:00:00,2117.35,1,-0.98,Signal changed to 1.0
PRICE_VS_EMA_SAR_LONG_SHORT,10,None,198,LONG,2026-02-10T01:00:00,2117.35,2026-02-10T03:00:00,2064.96,2,-2.47,Signal changed to -1.0
PRICE_VS_EMA_SAR_LONG_SHORT,10,None,199,SHORT,2026-02-10T03:00:00,2064.96,2026-02-10T16:00:00,2026.09,13,1.88,Signal changed to 1.0
PRICE_VS_EMA_SAR_LONG_SHORT,10,None,200,LONG,2026-02-10T16:00:00,2026.09,2026-02-10T18:00:00,2009.44,2,-0.82,Signal changed to -1.0
PRICE_VS_EMA_SAR_LONG_SHORT,10,None,201,SHORT,2026-02-10T18:00:00,2009.44,2026-02-10T23:00:00,2022.67,5,-0.66,Signal changed to 1.0
PRICE_VS_EMA_SAR_LONG_SHORT,10,None,202,LONG,2026-02-10T23:00:00,2022.67,2026-02-11T02:00:00,2017.85,3,-0.24,Signal changed to -1.0
PRICE_VS_EMA_SAR_LONG_SHORT,10,None,203,SHORT,2026-02-11T02:00:00,2017.85,2026-02-11T18:00:00,1944.03,16,3.66,Signal changed to 1.0
PRICE_VS_EMA_SAR_LONG_SHORT,10,None,204,LONG,2026-02-11T18:00:00,1944.03,2026-02-11T23:00:00,1941.18,5,-0.15,Signal changed to -1.0
PRICE_VS_EMA_SAR_LONG_SHORT,10,None,205,SHORT,2026-02-11T23:00:00,1941.18,2026-02-12T00:00:00,1958.8,1,-0.91,Signal changed to 1.0
PRICE_VS_EMA_SAR_LONG_SHORT,10,None,206,LONG,2026-02-12T00:00:00,1958.8,2026-02-12T14:00:00,1978.5,14,1.01,Signal changed to -1.0
PRICE_VS_EMA_SAR_LONG_SHORT,10,None,207,SHORT,2026-02-12T14:00:00,1978.5,2026-02-12T22:00:00,1942.97,8,1.8,Signal changed to 1.0
PRICE_VS_EMA_SAR_LONG_SHORT,10,None,208,LONG,2026-02-12T22:00:00,1942.97,2026-02-13T00:00:00,1933.26,2,-0.5,Signal changed to -1.0
PRICE_VS_EMA_SAR_LONG_SHORT,10,None,209,SHORT,2026-02-13T00:00:00,1933.26,2026-02-13T01:00:00,1943.63,1,-0.54,Signal changed to 1.0
PRICE_VS_EMA_SAR_LONG_SHORT,10,None,210,LONG,2026-02-13T01:00:00,1943.63,2026-02-13T05:00:00,1934.19,4,-0.49,Signal changed to -1.0
PRICE_VS_EMA_SAR_LONG_SHORT,10,None,211,SHORT,2026-02-13T05:00:00,1934.19,2026-02-13T08:00:00,1958.95,3,-1.28,Signal changed to 1.0
PRICE_VS_EMA_SAR_LONG_SHORT,10,None,212,LONG,2026-02-13T08:00:00,1958.95,2026-02-15T00:00:00,2080.11,40,6.18,Signal changed to -1.0
PRICE_VS_EMA_SAR_LONG_SHORT,10,None,213,SHORT,2026-02-15T00:00:00,2080.11,2026-02-15T04:00:00,2076.31,4,0.18,Signal changed to 1.0
PRICE_VS_EMA_SAR_LONG_SHORT,10,None,214,LONG,2026-02-15T04:00:00,2076.31,2026-02-15T08:00:00,2069.2,4,-0.34,Signal changed to -1.0
PRICE_VS_EMA_SAR_LONG_SHORT,10,None,215,SHORT,2026-02-15T08:00:00,2069.2,2026-02-16T04:00:00,1973.06,20,4.65,Signal changed to 1.0
PRICE_VS_EMA_SAR_LONG_SHORT,10,None,216,LONG,2026-02-16T04:00:00,1973.06,2026-02-16T05:00:00,1958.0,1,-0.76,Signal changed to -1.0
PRICE_VS_EMA_SAR_LONG_SHORT,10,None,217,SHORT,2026-02-16T05:00:00,1958.0,2026-02-16T07:00:00,1971.13,2,-0.67,Signal changed to 1.0
PRICE_VS_EMA_SAR_LONG_SHORT,10,None,218,LONG,2026-02-16T07:00:00,1971.13,2026-02-16T13:00:00,1967.7,6,-0.17,Signal changed to -1.0
PRICE_VS_EMA_SAR_LONG_SHORT,10,None,219,SHORT,2026-02-16T13:00:00,1967.7,2026-02-16T16:00:00,1973.75,3,-0.31,Signal changed to 1.0
PRICE_VS_EMA_SAR_LONG_SHORT,10,None,220,LONG,2026-02-16T16:00:00,1973.75,2026-02-16T18:00:00,1968.93,2,-0.24,Signal changed to -1.0
PRICE_VS_EMA_SAR_LONG_SHORT,10,None,221,SHORT,2026-02-16T18:00:00,1968.93,2026-02-16T19:00:00,1974.04,1,-0.26,Signal changed to 1.0
PRICE_VS_EMA_SAR_LONG_SHORT,10,None,222,LONG,2026-02-16T19:00:00,1974.04,2026-02-17T03:00:00,1985.7,8,0.59,Signal changed to -1.0
PRICE_VS_EMA_SAR_LONG_SHORT,10,None,223,SHORT,2026-02-17T03:00:00,1985.7,2026-02-17T13:00:00,1990.53,10,-0.24,Signal changed to 1.0
PRICE_VS_EMA_SAR_LONG_SHORT,10,None,224,LONG,2026-02-17T13:00:00,1990.53,2026-02-17T14:00:00,1948.49,1,-2.11,Signal changed to -1.0
PRICE_VS_EMA_SAR_LONG_SHORT,10,None,225,SHORT,2026-02-17T14:00:00,1948.49,2026-02-17T16:00:00,1980.36,2,-1.64,Signal changed to 1.0
PRICE_VS_EMA_SAR_LONG_SHORT,10,None,226,LONG,2026-02-17T16:00:00,1980.36,2026-02-17T17:00:00,1966.27,1,-0.71,Signal changed to -1.0
PRICE_VS_EMA_SAR_LONG_SHORT,10,None,227,SHORT,2026-02-17T17:00:00,1966.27,2026-02-17T18:00:00,1998.69,1,-1.65,Signal changed to 1.0
PRICE_VS_EMA_SAR_LONG_SHORT,10,None,228,LONG,2026-02-17T18:00:00,1998.69,2026-02-18T00:00:00,1981.54,6,-0.86,Signal changed to -1.0
PRICE_VS_EMA_SAR_LONG_SHORT,10,None,229,SHORT,2026-02-18T00:00:00,1981.54,2026-02-18T02:00:00,1987.61,2,-0.31,Signal changed to 1.0
PRICE_VS_EMA_SAR_LONG_SHORT,10,None,230,LONG,2026-02-18T02:00:00,1987.61,2026-02-18T10:00:00,1997.27,8,0.49,Signal changed to -1.0
PRICE_VS_EMA_SAR_LONG_SHORT,10,None,231,SHORT,2026-02-18T10:00:00,1997.27,2026-02-19T01:00:00,1967.01,15,1.52,Signal changed to 1.0
PRICE_VS_EMA_SAR_LONG_SHORT,10,None,232,LONG,2026-02-19T01:00:00,1967.01,2026-02-19T08:00:00,1970.5,7,0.18,Signal changed to -1.0
PRICE_VS_EMA_SAR_LONG_SHORT,10,None,233,SHORT,2026-02-19T08:00:00,1970.5,2026-02-19T18:00:00,1939.99,10,1.55,Signal changed to 1.0
PRICE_VS_EMA_SAR_LONG_SHORT,10,None,234,LONG,2026-02-19T18:00:00,1939.99,2026-02-20T04:00:00,1939.17,10,-0.04,Signal changed to -1.0
PRICE_VS_EMA_SAR_LONG_SHORT,10,None,235,SHORT,2026-02-20T04:00:00,1939.17,2026-02-20T05:00:00,1955.23,1,-0.83,Signal changed to 1.0
PRICE_VS_EMA_SAR_LONG_SHORT,10,None,236,LONG,2026-02-20T05:00:00,1955.23,2026-02-20T11:00:00,1943.98,6,-0.58,Signal changed to -1.0
PRICE_VS_EMA_SAR_LONG_SHORT,10,None,237,SHORT,2026-02-20T11:00:00,1943.98,2026-02-20T15:00:00,1963.95,4,-1.03,Signal changed to 1.0
PRICE_VS_EMA_SAR_LONG_SHORT,10,None,238,LONG,2026-02-20T15:00:00,1963.95,2026-02-21T00:00:00,1963.22,9,-0.04,Signal changed to -1.0
PRICE_VS_EMA_SAR_LONG_SHORT,10,None,239,SHORT,2026-02-21T00:00:00,1963.22,2026-02-21T01:00:00,1966.24,1,-0.15,Signal changed to 1.0
PRICE_VS_EMA_SAR_LONG_SHORT,10,None,240,LONG,2026-02-21T01:00:00,1966.24,2026-02-21T02:00:00,1965.69,1,-0.03,Signal changed to -1.0
PRICE_VS_EMA_SAR_LONG_SHORT,10,None,241,SHORT,2026-02-21T02:00:00,1965.69,2026-02-21T08:00:00,1969.0,6,-0.17,Signal changed to 1.0
PRICE_VS_EMA_SAR_LONG_SHORT,10,None,242,LONG,2026-02-21T08:00:00,1969.0,2026-02-21T20:00:00,1974.14,12,0.26,Signal changed to -1.0
PRICE_VS_EMA_SAR_LONG_SHORT,10,None,243,SHORT,2026-02-21T20:00:00,1974.14,2026-02-22T06:00:00,1976.05,10,-0.1,Signal changed to 1.0
PRICE_VS_EMA_SAR_LONG_SHORT,10,None,244,LONG,2026-02-22T06:00:00,1976.05,2026-02-22T08:00:00,1973.39,2,-0.13,Signal changed to -1.0
PRICE_VS_EMA_SAR_LONG_SHORT,10,None,245,SHORT,2026-02-22T08:00:00,1973.39,2026-02-22T09:00:00,1975.83,1,-0.12,Signal changed to 1.0
PRICE_VS_EMA_SAR_LONG_SHORT,10,None,246,LONG,2026-02-22T09:00:00,1975.83,2026-02-22T12:00:00,1966.37,3,-0.48,Signal changed to -1.0
PRICE_VS_EMA_SAR_LONG_SHORT,10,None,247,SHORT,2026-02-22T12:00:00,1966.37,2026-02-22T22:00:00,1958.54,10,0.4,Signal changed to 1.0
PRICE_VS_EMA_SAR_LONG_SHORT,10,None,248,LONG,2026-02-22T22:00:00,1958.54,2026-02-23T00:00:00,1929.42,2,-1.49,Signal changed to -1.0
PRICE_VS_EMA_SAR_LONG_SHORT,10,None,249,SHORT,2026-02-23T00:00:00,1929.42,2026-02-23T09:00:00,1918.0,9,0.59,Signal changed to 1.0
PRICE_VS_EMA_SAR_LONG_SHORT,10,None,250,LONG,2026-02-23T09:00:00,1918.0,2026-02-23T14:00:00,1906.92,5,-0.58,Signal changed to -1.0
PRICE_VS_EMA_SAR_LONG_SHORT,10,None,251,SHORT,2026-02-23T14:00:00,1906.92,2026-02-24T14:00:00,1834.73,24,3.79,Signal changed to 1.0
PRICE_VS_EMA_SAR_LONG_SHORT,10,None,252,LONG,2026-02-24T14:00:00,1834.73,2026-02-25T06:00:00,1885.05,16,2.74,Signal changed to -1.0
PRICE_VS_EMA_SAR_LONG_SHORT,10,None,253,SHORT,2026-02-25T06:00:00,1885.05,2026-02-25T07:00:00,1893.31,1,-0.44,Signal changed to 1.0
PRICE_VS_EMA_SAR_LONG_SHORT,10,None,254,LONG,2026-02-25T07:00:00,1893.31,2026-02-26T07:00:00,2053.37,24,8.45,Signal changed to -1.0
PRICE_VS_EMA_SAR_LONG_SHORT,10,None,255,SHORT,2026-02-26T07:00:00,2053.37,2026-02-26T09:00:00,2074.94,2,-1.05,Signal changed to 1.0
PRICE_VS_EMA_SAR_LONG_SHORT,10,None,256,LONG,2026-02-26T09:00:00,2074.94,2026-02-26T11:00:00,2057.66,2,-0.83,Signal changed to -1.0
PRICE_VS_EMA_SAR_LONG_SHORT,10,None,257,SHORT,2026-02-26T11:00:00,2057.66,2026-02-26T12:00:00,2070.0,1,-0.6,Signal changed to 1.0
PRICE_VS_EMA_SAR_LONG_SHORT,10,None,258,LONG,2026-02-26T12:00:00,2070.0,2026-02-26T14:00:00,2051.19,2,-0.91,Signal changed to -1.0
PRICE_VS_EMA_SAR_LONG_SHORT,10,None,259,SHORT,2026-02-26T14:00:00,2051.19,2026-02-26T19:00:00,2030.14,5,1.03,Signal changed to 1.0
PRICE_VS_EMA_SAR_LONG_SHORT,10,None,260,LONG,2026-02-26T19:00:00,2030.14,2026-02-26T20:00:00,2023.67,1,-0.32,Signal changed to -1.0
PRICE_VS_EMA_SAR_LONG_SHORT,10,None,261,SHORT,2026-02-26T20:00:00,2023.67,2026-02-26T21:00:00,2030.36,1,-0.33,Signal changed to 1.0
PRICE_VS_EMA_SAR_LONG_SHORT,10,None,262,LONG,2026-02-26T21:00:00,2030.36,2026-02-26T23:00:00,2027.68,2,-0.13,Signal changed to -1.0
PRICE_VS_EMA_SAR_LONG_SHORT,10,None,263,SHORT,2026-02-26T23:00:00,2027.68,2026-02-27T02:00:00,2026.0,3,0.08,Signal changed to 1.0
PRICE_VS_EMA_SAR_LONG_SHORT,10,None,264,LONG,2026-02-27T02:00:00,2026.0,2026-02-27T07:00:00,2032.69,5,0.33,Signal changed to -1.0
PRICE_VS_EMA_SAR_LONG_SHORT,10,None,265,SHORT,2026-02-27T07:00:00,2032.69,2026-02-28T13:00:00,1905.58,30,6.25,Signal changed to 1.0
PRICE_VS_EMA_SAR_LONG_SHORT,10,None,266,LONG,2026-02-28T13:00:00,1905.58,2026-03-01T08:00:00,1986.0,19,4.22,Signal changed to -1.0
PRICE_VS_EMA_SAR_LONG_SHORT,10,None,267,SHORT,2026-03-01T08:00:00,1986.0,2026-03-01T13:00:00,2006.58,5,-1.04,Signal changed to 1.0
PRICE_VS_EMA_SAR_LONG_SHORT,10,None,268,LONG,2026-03-01T13:00:00,2006.58,2026-03-01T16:00:00,1974.03,3,-1.62,Signal changed to -1.0
PRICE_VS_EMA_SAR_LONG_SHORT,10,None,269,SHORT,2026-03-01T16:00:00,1974.03,2026-03-02T00:00:00,1960.86,8,0.67,Signal changed to 1.0
PRICE_VS_EMA_SAR_LONG_SHORT,10,None,270,LONG,2026-03-02T00:00:00,1960.86,2026-03-02T06:00:00,1943.31,6,-0.9,Signal changed to -1.0
PRICE_VS_EMA_SAR_LONG_SHORT,10,None,271,SHORT,2026-03-02T06:00:00,1943.31,2026-03-02T14:00:00,1979.75,8,-1.88,Signal changed to 1.0
PRICE_VS_EMA_SAR_LONG_SHORT,10,None,272,LONG,2026-03-02T14:00:00,1979.75,2026-03-03T01:00:00,2020.01,11,2.03,Signal changed to -1.0
PRICE_VS_EMA_SAR_LONG_SHORT,10,None,273,SHORT,2026-03-03T01:00:00,2020.01,2026-03-03T15:00:00,1969.22,14,2.51,Signal changed to 1.0
PRICE_VS_EMA_SAR_LONG_SHORT,10,None,274,LONG,2026-03-03T15:00:00,1969.22,2026-03-03T21:00:00,1968.46,6,-0.04,Signal changed to -1.0
PRICE_VS_EMA_SAR_LONG_SHORT,10,None,275,SHORT,2026-03-03T21:00:00,1968.46,2026-03-03T22:00:00,1983.31,1,-0.75,Signal changed to 1.0
PRICE_VS_EMA_SAR_LONG_SHORT,10,None,276,LONG,2026-03-03T22:00:00,1983.31,2026-03-04T00:00:00,1976.68,2,-0.33,Signal changed to -1.0
PRICE_VS_EMA_SAR_LONG_SHORT,10,None,277,SHORT,2026-03-04T00:00:00,1976.68,2026-03-04T01:00:00,1981.73,1,-0.26,Signal changed to 1.0
PRICE_VS_EMA_SAR_LONG_SHORT,10,None,278,LONG,2026-03-04T01:00:00,1981.73,2026-03-04T03:00:00,1960.9,2,-1.05,Signal changed to -1.0
PRICE_VS_EMA_SAR_LONG_SHORT,10,None,279,SHORT,2026-03-04T03:00:00,1960.9,2026-03-04T06:00:00,1980.33,3,-0.99,Signal changed to 1.0
PRICE_VS_EMA_SAR_LONG_SHORT,10,None,280,LONG,2026-03-04T06:00:00,1980.33,2026-03-04T23:00:00,2127.28,17,7.42,Signal changed to -1.0
PRICE_VS_EMA_SAR_LONG_SHORT,10,None,281,SHORT,2026-03-04T23:00:00,2127.28,2026-03-05T04:00:00,2137.36,5,-0.47,Signal changed to 1.0
PRICE_VS_EMA_SAR_LONG_SHORT,10,None,282,LONG,2026-03-05T04:00:00,2137.36,2026-03-05T05:00:00,2119.65,1,-0.83,Signal changed to -1.0
PRICE_VS_EMA_SAR_LONG_SHORT,10,None,283,SHORT,2026-03-05T05:00:00,2119.65,2026-03-05T06:00:00,2128.23,1,-0.4,Signal changed to 1.0
PRICE_VS_EMA_SAR_LONG_SHORT,10,None,284,LONG,2026-03-05T06:00:00,2128.23,2026-03-05T07:00:00,2104.96,1,-1.09,Signal changed to -1.0
PRICE_VS_EMA_SAR_LONG_SHORT,10,None,285,SHORT,2026-03-05T07:00:00,2104.96,2026-03-05T09:00:00,2125.45,2,-0.97,Signal changed to 1.0
PRICE_VS_EMA_SAR_LONG_SHORT,10,None,286,LONG,2026-03-05T09:00:00,2125.45,2026-03-05T13:00:00,2117.6,4,-0.37,Signal changed to -1.0
PRICE_VS_EMA_SAR_LONG_SHORT,10,None,287,SHORT,2026-03-05T13:00:00,2117.6,2026-03-06T01:00:00,2087.65,12,1.41,Signal changed to 1.0
PRICE_VS_EMA_SAR_LONG_SHORT,10,None,288,LONG,2026-03-06T01:00:00,2087.65,2026-03-06T02:00:00,2083.89,1,-0.18,Signal changed to -1.0
PRICE_VS_EMA_SAR_LONG_SHORT,10,None,289,SHORT,2026-03-06T02:00:00,2083.89,2026-03-06T07:00:00,2082.83,5,0.05,Signal changed to 1.0
PRICE_VS_EMA_SAR_LONG_SHORT,10,None,290,LONG,2026-03-06T07:00:00,2082.83,2026-03-06T08:00:00,2075.96,1,-0.33,Signal changed to -1.0
PRICE_VS_EMA_SAR_LONG_SHORT,10,None,291,SHORT,2026-03-06T08:00:00,2075.96,2026-03-07T07:00:00,1982.94,23,4.48,Signal changed to 1.0
PRICE_VS_EMA_SAR_LONG_SHORT,10,None,292,LONG,2026-03-07T07:00:00,1982.94,2026-03-07T08:00:00,1978.03,1,-0.25,Signal changed to -1.0
PRICE_VS_EMA_SAR_LONG_SHORT,10,None,293,SHORT,2026-03-07T08:00:00,1978.03,2026-03-07T09:00:00,1986.35,1,-0.42,Signal changed to 1.0
PRICE_VS_EMA_SAR_LONG_SHORT,10,None,294,LONG,2026-03-07T09:00:00,1986.35,2026-03-07T12:00:00,1982.51,3,-0.19,Signal changed to -1.0
PRICE_VS_EMA_SAR_LONG_SHORT,10,None,295,SHORT,2026-03-07T12:00:00,1982.51,2026-03-07T14:00:00,1987.0,2,-0.23,Signal changed to 1.0
PRICE_VS_EMA_SAR_LONG_SHORT,10,None,296,LONG,2026-03-07T14:00:00,1987.0,2026-03-07T15:00:00,1981.04,1,-0.3,Signal changed to -1.0
PRICE_VS_EMA_SAR_LONG_SHORT,10,None,297,SHORT,2026-03-07T15:00:00,1981.04,2026-03-08T07:00:00,1955.23,16,1.3,Signal changed to 1.0
PRICE_VS_EMA_SAR_LONG_SHORT,10,None,298,LONG,2026-03-08T07:00:00,1955.23,2026-03-08T11:00:00,1951.38,4,-0.2,Signal changed to -1.0
PRICE_VS_EMA_SAR_LONG_SHORT,10,None,299,SHORT,2026-03-08T11:00:00,1951.38,2026-03-08T19:00:00,1964.91,8,-0.69,Signal changed to 1.0
PRICE_VS_EMA_SAR_LONG_SHORT,10,None,300,LONG,2026-03-08T19:00:00,1964.91,2026-03-08T22:00:00,1943.2,3,-1.1,Signal changed to -1.0
PRICE_VS_EMA_SAR_LONG_SHORT,10,None,301,SHORT,2026-03-08T22:00:00,1943.2,2026-03-09T00:00:00,1950.99,2,-0.4,Signal changed to 1.0
PRICE_VS_EMA_SAR_LONG_SHORT,10,None,302,LONG,2026-03-09T00:00:00,1950.99,2026-03-09T01:00:00,1946.0,1,-0.26,Signal changed to -1.0
PRICE_VS_EMA_SAR_LONG_SHORT,10,None,303,SHORT,2026-03-09T01:00:00,1946.0,2026-03-09T02:00:00,1959.66,1,-0.7,Signal changed to 1.0
PRICE_VS_EMA_SAR_LONG_SHORT,10,None,304,LONG,2026-03-09T02:00:00,1959.66,2026-03-09T22:00:00,2002.53,20,2.19,Signal changed to -1.0
PRICE_VS_EMA_SAR_LONG_SHORT,10,None,305,SHORT,2026-03-09T22:00:00,2002.53,2026-03-10T00:00:00,2015.37,2,-0.64,Signal changed to 1.0
PRICE_VS_EMA_SAR_LONG_SHORT,10,None,306,LONG,2026-03-10T00:00:00,2015.37,2026-03-10T12:00:00,2049.82,12,1.71,Signal changed to -1.0
PRICE_VS_EMA_SAR_LONG_SHORT,10,None,307,SHORT,2026-03-10T12:00:00,2049.82,2026-03-10T14:00:00,2075.19,2,-1.24,Signal changed to 1.0
PRICE_VS_EMA_SAR_LONG_SHORT,10,None,308,LONG,2026-03-10T14:00:00,2075.19,2026-03-10T18:00:00,2039.68,4,-1.71,Signal changed to -1.0
PRICE_VS_EMA_SAR_LONG_SHORT,10,None,309,SHORT,2026-03-10T18:00:00,2039.68,2026-03-11T04:00:00,2039.08,10,0.03,Signal changed to 1.0
PRICE_VS_EMA_SAR_LONG_SHORT,10,None,310,LONG,2026-03-11T04:00:00,2039.08,2026-03-11T05:00:00,2014.63,1,-1.2,Signal changed to -1.0
PRICE_VS_EMA_SAR_LONG_SHORT,10,None,311,SHORT,2026-03-11T05:00:00,2014.63,2026-03-11T10:00:00,2028.68,5,-0.7,Signal changed to 1.0
PRICE_VS_EMA_SAR_LONG_SHORT,10,None,312,LONG,2026-03-11T10:00:00,2028.68,2026-03-11T11:00:00,2017.8,1,-0.54,Signal changed to -1.0
PRICE_VS_EMA_SAR_LONG_SHORT,10,None,313,SHORT,2026-03-11T11:00:00,2017.8,2026-03-11T13:00:00,2050.72,2,-1.63,Signal changed to 1.0
PRICE_VS_EMA_SAR_LONG_SHORT,10,None,314,LONG,2026-03-11T13:00:00,2050.72,2026-03-11T23:00:00,2051.97,10,0.06,Signal changed to -1.0
PRICE_VS_EMA_SAR_LONG_SHORT,10,None,315,SHORT,2026-03-11T23:00:00,2051.97,2026-03-12T07:00:00,2040.7,8,0.55,Signal changed to 1.0
PRICE_VS_EMA_SAR_LONG_SHORT,10,None,316,LONG,2026-03-12T07:00:00,2040.7,2026-03-12T14:00:00,2045.35,7,0.23,Signal changed to -1.0
PRICE_VS_EMA_SAR_LONG_SHORT,10,None,317,SHORT,2026-03-12T14:00:00,2045.35,2026-03-12T15:00:00,2072.33,1,-1.32,Signal changed to 1.0
PRICE_VS_EMA_SAR_LONG_SHORT,10,None,318,LONG,2026-03-12T15:00:00,2072.33,2026-03-12T17:00:00,2058.4,2,-0.67,Signal changed to -1.0
PRICE_VS_EMA_SAR_LONG_SHORT,10,None,319,SHORT,2026-03-12T17:00:00,2058.4,2026-03-12T19:00:00,2069.59,2,-0.54,Signal changed to 1.0
PRICE_VS_EMA_SAR_LONG_SHORT,10,None,320,LONG,2026-03-12T19:00:00,2069.59,2026-03-13T06:00:00,2095.94,11,1.27,Signal changed to -1.0
PRICE_VS_EMA_SAR_LONG_SHORT,10,None,321,SHORT,2026-03-13T06:00:00,2095.94,2026-03-13T07:00:00,2099.38,1,-0.16,Signal changed to 1.0
PRICE_VS_EMA_SAR_LONG_SHORT,10,None,322,LONG,2026-03-13T07:00:00,2099.38,2026-03-13T15:00:00,2128.01,8,1.36,Signal changed to -1.0
PRICE_VS_EMA_SAR_LONG_SHORT,10,None,323,SHORT,2026-03-13T15:00:00,2128.01,2026-03-13T16:00:00,2133.91,1,-0.28,Signal changed to 1.0
PRICE_VS_EMA_SAR_LONG_SHORT,10,None,324,LONG,2026-03-13T16:00:00,2133.91,2026-03-13T17:00:00,2102.75,1,-1.46,Signal changed to -1.0
PRICE_VS_EMA_SAR_LONG_SHORT,10,None,325,SHORT,2026-03-13T17:00:00,2102.75,2026-03-14T03:00:00,2101.16,10,0.08,Signal changed to 1.0
PRICE_VS_EMA_SAR_LONG_SHORT,10,None,326,LONG,2026-03-14T03:00:00,2101.16,2026-03-14T04:00:00,2090.42,1,-0.51,Signal changed to -1.0
PRICE_VS_EMA_SAR_LONG_SHORT,10,None,327,SHORT,2026-03-14T04:00:00,2090.42,2026-03-14T16:00:00,2077.54,12,0.62,Signal changed to 1.0
PRICE_VS_EMA_SAR_LONG_SHORT,10,None,328,LONG,2026-03-14T16:00:00,2077.54,2026-03-14T17:00:00,2075.14,1,-0.12,Signal changed to -1.0
PRICE_VS_EMA_SAR_LONG_SHORT,10,None,329,SHORT,2026-03-14T17:00:00,2075.14,2026-03-14T18:00:00,2076.91,1,-0.09,Signal changed to 1.0
PRICE_VS_EMA_SAR_LONG_SHORT,10,None,330,LONG,2026-03-14T18:00:00,2076.91,2026-03-15T13:00:00,2097.4,19,0.99,Signal changed to -1.0
PRICE_VS_EMA_SAR_LONG_SHORT,10,None,331,SHORT,2026-03-15T13:00:00,2097.4,2026-03-15T17:00:00,2110.77,4,-0.64,Signal changed to 1.0
PRICE_VS_EMA_SAR_LONG_SHORT,10,None,332,LONG,2026-03-15T17:00:00,2110.77,2026-03-15T18:00:00,2099.14,1,-0.55,Signal changed to -1.0
PRICE_VS_EMA_SAR_LONG_SHORT,10,None,333,SHORT,2026-03-15T18:00:00,2099.14,2026-03-15T19:00:00,2113.49,1,-0.68,Signal changed to 1.0
PRICE_VS_EMA_SAR_LONG_SHORT,10,None,334,LONG,2026-03-15T19:00:00,2113.49,2026-03-17T03:00:00,2320.0,32,9.77,Signal changed to -1.0
PRICE_VS_EMA_SAR_LONG_SHORT,10,None,335,SHORT,2026-03-17T03:00:00,2320.0,2026-03-17T07:00:00,2327.7,4,-0.33,Signal changed to 1.0
PRICE_VS_EMA_SAR_LONG_SHORT,10,None,336,LONG,2026-03-17T07:00:00,2327.7,2026-03-17T08:00:00,2320.66,1,-0.3,Signal changed to -1.0
PRICE_VS_EMA_SAR_LONG_SHORT,10,None,337,SHORT,2026-03-17T08:00:00,2320.66,2026-03-17T11:00:00,2326.82,3,-0.27,Signal changed to 1.0
PRICE_VS_EMA_SAR_LONG_SHORT,10,None,338,LONG,2026-03-17T11:00:00,2326.82,2026-03-17T12:00:00,2315.42,1,-0.49,Signal changed to -1.0
PRICE_VS_EMA_SAR_LONG_SHORT,10,None,339,SHORT,2026-03-17T12:00:00,2315.42,2026-03-17T13:00:00,2328.65,1,-0.57,Signal changed to 1.0
PRICE_VS_EMA_SAR_LONG_SHORT,10,None,340,LONG,2026-03-17T13:00:00,2328.65,2026-03-17T15:00:00,2315.98,2,-0.54,Signal changed to -1.0
PRICE_VS_EMA_SAR_LONG_SHORT,10,None,341,SHORT,2026-03-17T15:00:00,2315.98,2026-03-17T16:00:00,2326.84,1,-0.47,Signal changed to 1.0
PRICE_VS_EMA_SAR_LONG_SHORT,10,None,342,LONG,2026-03-17T16:00:00,2326.84,2026-03-17T19:00:00,2320.22,3,-0.28,Signal changed to -1.0
PRICE_VS_EMA_SAR_LONG_SHORT,10,None,343,SHORT,2026-03-17T19:00:00,2320.22,2026-03-17T20:00:00,2327.88,1,-0.33,Signal changed to 1.0
PRICE_VS_EMA_SAR_LONG_SHORT,10,None,344,LONG,2026-03-17T20:00:00,2327.88,2026-03-17T23:00:00,2317.39,3,-0.45,Signal changed to -1.0
PRICE_VS_EMA_SAR_LONG_SHORT,10,None,345,SHORT,2026-03-17T23:00:00,2317.39,2026-03-18T02:00:00,2331.49,3,-0.61,Signal changed to 1.0
PRICE_VS_EMA_SAR_LONG_SHORT,10,None,346,LONG,2026-03-18T02:00:00,2331.49,2026-03-18T04:00:00,2327.51,2,-0.17,Signal changed to -1.0
PRICE_VS_EMA_SAR_LONG_SHORT,10,None,347,SHORT,2026-03-18T04:00:00,2327.51,2026-03-18T09:00:00,2329.27,5,-0.08,Signal changed to 1.0
PRICE_VS_EMA_SAR_LONG_SHORT,10,None,348,LONG,2026-03-18T09:00:00,2329.27,2026-03-18T10:00:00,2312.83,1,-0.71,Signal changed to -1.0
PRICE_VS_EMA_SAR_LONG_SHORT,10,None,349,SHORT,2026-03-18T10:00:00,2312.83,2026-03-19T03:00:00,2212.29,17,4.35,Signal changed to 1.0
PRICE_VS_EMA_SAR_LONG_SHORT,10,None,350,LONG,2026-03-19T03:00:00,2212.29,2026-03-19T04:00:00,2193.61,1,-0.84,Signal changed to -1.0
PRICE_VS_EMA_SAR_LONG_SHORT,10,None,351,SHORT,2026-03-19T04:00:00,2193.61,2026-03-19T09:00:00,2189.42,5,0.19,Signal changed to 1.0
PRICE_VS_EMA_SAR_LONG_SHORT,10,None,352,LONG,2026-03-19T09:00:00,2189.42,2026-03-19T10:00:00,2172.76,1,-0.76,Signal changed to -1.0
PRICE_VS_EMA_SAR_LONG_SHORT,10,None,353,SHORT,2026-03-19T10:00:00,2172.76,2026-03-19T19:00:00,2141.19,9,1.45,Signal changed to 1.0
PRICE_VS_EMA_SAR_LONG_SHORT,10,None,354,LONG,2026-03-19T19:00:00,2141.19,2026-03-19T22:00:00,2140.08,3,-0.05,Signal changed to -1.0
PRICE_VS_EMA_SAR_LONG_SHORT,10,None,355,SHORT,2026-03-19T22:00:00,2140.08,2026-03-20T00:00:00,2145.6,2,-0.26,Signal changed to 1.0
PRICE_VS_EMA_SAR_LONG_SHORT,10,None,356,LONG,2026-03-20T00:00:00,2145.6,2026-03-20T05:00:00,2140.37,5,-0.24,Signal changed to -1.0
PRICE_VS_EMA_SAR_LONG_SHORT,10,None,357,SHORT,2026-03-20T05:00:00,2140.37,2026-03-20T07:00:00,2150.54,2,-0.48,Signal changed to 1.0
PRICE_VS_EMA_SAR_LONG_SHORT,10,None,358,LONG,2026-03-20T07:00:00,2150.54,2026-03-20T09:00:00,2141.21,2,-0.43,Signal changed to -1.0
PRICE_VS_EMA_SAR_LONG_SHORT,10,None,359,SHORT,2026-03-20T09:00:00,2141.21,2026-03-20T10:00:00,2148.38,1,-0.33,Signal changed to 1.0
PRICE_VS_EMA_SAR_LONG_SHORT,10,None,360,LONG,2026-03-20T10:00:00,2148.38,2026-03-20T11:00:00,2141.5,1,-0.32,Signal changed to -1.0
PRICE_VS_EMA_SAR_LONG_SHORT,10,None,361,SHORT,2026-03-20T11:00:00,2141.5,2026-03-20T21:00:00,2147.53,10,-0.28,Signal changed to 1.0
PRICE_VS_EMA_SAR_LONG_SHORT,10,None,362,LONG,2026-03-20T21:00:00,2147.53,2026-03-21T14:00:00,2152.13,17,0.21,Signal changed to -1.0
PRICE_VS_EMA_SAR_LONG_SHORT,10,None,363,SHORT,2026-03-21T14:00:00,2152.13,2026-03-21T15:00:00,2155.12,1,-0.14,Signal changed to 1.0
PRICE_VS_EMA_SAR_LONG_SHORT,10,None,364,LONG,2026-03-21T15:00:00,2155.12,2026-03-21T16:00:00,2146.65,1,-0.39,Signal changed to -1.0
PRICE_VS_EMA_SAR_LONG_SHORT,10,None,365,SHORT,2026-03-21T16:00:00,2146.65,2026-03-21T19:00:00,2152.16,3,-0.26,Signal changed to 1.0
PRICE_VS_EMA_SAR_LONG_SHORT,10,None,366,LONG,2026-03-21T19:00:00,2152.16,2026-03-21T22:00:00,2149.94,3,-0.1,Signal changed to -1.0
PRICE_VS_EMA_SAR_LONG_SHORT,10,None,367,SHORT,2026-03-21T22:00:00,2149.94,2026-03-22T04:00:00,2119.39,6,1.42,Signal changed to 1.0
PRICE_VS_EMA_SAR_LONG_SHORT,10,None,368,LONG,2026-03-22T04:00:00,2119.39,2026-03-22T05:00:00,2113.0,1,-0.3,Signal changed to -1.0
PRICE_VS_EMA_SAR_LONG_SHORT,10,None,369,SHORT,2026-03-22T05:00:00,2113.0,2026-03-23T02:00:00,2063.42,21,2.35,Signal changed to 1.0
PRICE_VS_EMA_SAR_LONG_SHORT,10,None,370,LONG,2026-03-23T02:00:00,2063.42,2026-03-23T03:00:00,2052.54,1,-0.53,Signal changed to -1.0
PRICE_VS_EMA_SAR_LONG_SHORT,10,None,371,SHORT,2026-03-23T03:00:00,2052.54,2026-03-23T04:00:00,2065.47,1,-0.63,Signal changed to 1.0
PRICE_VS_EMA_SAR_LONG_SHORT,10,None,372,LONG,2026-03-23T04:00:00,2065.47,2026-03-23T06:00:00,2037.3,2,-1.36,Signal changed to -1.0
PRICE_VS_EMA_SAR_LONG_SHORT,10,None,373,SHORT,2026-03-23T06:00:00,2037.3,2026-03-23T11:00:00,2134.78,5,-4.78,Signal changed to 1.0
PRICE_VS_EMA_SAR_LONG_SHORT,10,None,374,LONG,2026-03-23T11:00:00,2134.78,2026-03-24T00:00:00,2143.22,13,0.4,Signal changed to -1.0
PRICE_VS_EMA_SAR_LONG_SHORT,10,None,375,SHORT,2026-03-24T00:00:00,2143.22,2026-03-24T06:00:00,2145.3,6,-0.1,Signal changed to 1.0
PRICE_VS_EMA_SAR_LONG_SHORT,10,None,376,LONG,2026-03-24T06:00:00,2145.3,2026-03-24T13:00:00,2138.38,7,-0.32,Signal changed to -1.0
PRICE_VS_EMA_SAR_LONG_SHORT,10,None,377,SHORT,2026-03-24T13:00:00,2138.38,2026-03-24T20:00:00,2148.48,7,-0.47,Signal changed to 1.0
PRICE_VS_EMA_SAR_LONG_SHORT,10,None,378,LONG,2026-03-24T20:00:00,2148.48,2026-03-25T14:00:00,2174.14,18,1.19,Signal changed to -1.0
PRICE_VS_EMA_SAR_LONG_SHORT,10,None,379,SHORT,2026-03-25T14:00:00,2174.14,2026-03-25T16:00:00,2173.83,2,0.01,Signal changed to 1.0
PRICE_VS_EMA_SAR_LONG_SHORT,10,None,380,LONG,2026-03-25T16:00:00,2173.83,2026-03-25T17:00:00,2164.1,1,-0.45,Signal changed to -1.0
PRICE_VS_EMA_SAR_LONG_SHORT,10,None,381,SHORT,2026-03-25T17:00:00,2164.1,2026-03-25T19:00:00,2172.69,2,-0.4,Signal changed to 1.0
PRICE_VS_EMA_SAR_LONG_SHORT,10,None,382,LONG,2026-03-25T19:00:00,2172.69,2026-03-25T20:00:00,2166.49,1,-0.29,Signal changed to -1.0
PRICE_VS_EMA_SAR_LONG_SHORT,10,None,383,SHORT,2026-03-25T20:00:00,2166.49,2026-03-25T22:00:00,2174.53,2,-0.37,Signal changed to 1.0
PRICE_VS_EMA_SAR_LONG_SHORT,10,None,384,LONG,2026-03-25T22:00:00,2174.53,2026-03-25T23:00:00,2169.02,1,-0.25,Signal changed to -1.0
PRICE_VS_EMA_SAR_LONG_SHORT,10,None,385,SHORT,2026-03-25T23:00:00,2169.02,2026-03-26T21:00:00,2068.37,22,4.64,Signal changed to 1.0
PRICE_VS_EMA_SAR_LONG_SHORT,10,None,386,LONG,2026-03-26T21:00:00,2068.37,2026-03-26T22:00:00,2065.88,1,-0.12,Signal changed to -1.0
PRICE_VS_EMA_SAR_LONG_SHORT,10,None,387,SHORT,2026-03-26T22:00:00,2065.88,2026-03-27T01:00:00,2074.2,3,-0.4,Signal changed to 1.0
PRICE_VS_EMA_SAR_LONG_SHORT,10,None,388,LONG,2026-03-27T01:00:00,2074.2,2026-03-27T03:00:00,2061.48,2,-0.61,Signal changed to -1.0
PRICE_VS_EMA_SAR_LONG_SHORT,10,None,389,SHORT,2026-03-27T03:00:00,2061.48,2026-03-27T07:00:00,2066.23,4,-0.23,Signal changed to 1.0
PRICE_VS_EMA_SAR_LONG_SHORT,10,None,390,LONG,2026-03-27T07:00:00,2066.23,2026-03-27T08:00:00,2047.93,1,-0.89,Signal changed to -1.0
PRICE_VS_EMA_SAR_LONG_SHORT,10,None,391,SHORT,2026-03-27T08:00:00,2047.93,2026-03-27T23:00:00,1992.75,15,2.69,Signal changed to 1.0
PRICE_VS_EMA_SAR_LONG_SHORT,10,None,392,LONG,2026-03-27T23:00:00,1992.75,2026-03-28T01:00:00,1990.43,2,-0.12,Signal changed to -1.0
PRICE_VS_EMA_SAR_LONG_SHORT,10,None,393,SHORT,2026-03-28T01:00:00,1990.43,2026-03-28T04:00:00,1990.8,3,-0.02,Signal changed to 1.0
PRICE_VS_EMA_SAR_LONG_SHORT,10,None,394,LONG,2026-03-28T04:00:00,1990.8,2026-03-28T10:00:00,1996.69,6,0.3,Signal changed to -1.0
PRICE_VS_EMA_SAR_LONG_SHORT,10,None,395,SHORT,2026-03-28T10:00:00,1996.69,2026-03-28T11:00:00,1997.64,1,-0.05,Signal changed to 1.0
PRICE_VS_EMA_SAR_LONG_SHORT,10,None,396,LONG,2026-03-28T11:00:00,1997.64,2026-03-28T21:00:00,2009.61,10,0.6,Signal changed to -1.0
PRICE_VS_EMA_SAR_LONG_SHORT,10,None,397,SHORT,2026-03-28T21:00:00,2009.61,2026-03-29T02:00:00,2008.93,5,0.03,Signal changed to 1.0
PRICE_VS_EMA_SAR_LONG_SHORT,10,None,398,LONG,2026-03-29T02:00:00,2008.93,2026-03-29T04:00:00,2005.85,2,-0.15,Signal changed to -1.0
PRICE_VS_EMA_SAR_LONG_SHORT,10,None,399,SHORT,2026-03-29T04:00:00,2005.85,2026-03-29T11:00:00,2003.78,7,0.1,Signal changed to 1.0
PRICE_VS_EMA_SAR_LONG_SHORT,10,None,400,LONG,2026-03-29T11:00:00,2003.78,2026-03-29T12:00:00,2001.68,1,-0.1,Signal changed to -1.0
PRICE_VS_EMA_SAR_LONG_SHORT,10,None,401,SHORT,2026-03-29T12:00:00,2001.68,2026-03-29T20:00:00,2002.5,8,-0.04,Signal changed to 1.0
PRICE_VS_EMA_SAR_LONG_SHORT,10,None,402,LONG,2026-03-29T20:00:00,2002.5,2026-03-29T22:00:00,1973.99,2,-1.42,Signal changed to -1.0
PRICE_VS_EMA_SAR_LONG_SHORT,10,None,403,SHORT,2026-03-29T22:00:00,1973.99,2026-03-30T00:00:00,1997.25,2,-1.18,Signal changed to 1.0
PRICE_VS_EMA_SAR_LONG_SHORT,10,None,404,LONG,2026-03-30T00:00:00,1997.25,2026-03-30T17:00:00,2041.8,17,2.23,Signal changed to -1.0
PRICE_VS_EMA_SAR_LONG_SHORT,10,None,405,SHORT,2026-03-30T17:00:00,2041.8,2026-03-31T01:00:00,2073.0,8,-1.53,Signal changed to 1.0
PRICE_VS_EMA_SAR_LONG_SHORT,10,None,406,LONG,2026-03-31T01:00:00,2073.0,2026-03-31T07:00:00,2055.97,6,-0.82,Signal changed to -1.0
PRICE_VS_EMA_SAR_LONG_SHORT,10,None,407,SHORT,2026-03-31T07:00:00,2055.97,2026-03-31T12:00:00,2047.78,5,0.4,Signal changed to 1.0
PRICE_VS_EMA_SAR_LONG_SHORT,10,None,408,LONG,2026-03-31T12:00:00,2047.78,2026-03-31T14:00:00,2045.94,2,-0.09,Signal changed to -1.0
PRICE_VS_EMA_SAR_LONG_SHORT,10,None,409,SHORT,2026-03-31T14:00:00,2045.94,2026-03-31T15:00:00,2054.85,1,-0.44,Signal changed to 1.0
PRICE_VS_EMA_SAR_LONG_SHORT,10,None,410,LONG,2026-03-31T15:00:00,2054.85,2026-04-01T01:00:00,2092.95,10,1.85,Signal changed to -1.0
PRICE_VS_EMA_SAR_LONG_SHORT,10,None,411,SHORT,2026-04-01T01:00:00,2092.95,2026-04-01T03:00:00,2102.91,2,-0.48,Signal changed to 1.0
PRICE_VS_EMA_SAR_LONG_SHORT,10,None,412,LONG,2026-04-01T03:00:00,2102.91,2026-04-01T13:00:00,2119.28,10,0.78,Signal changed to -1.0
PRICE_VS_EMA_SAR_LONG_SHORT,10,None,413,SHORT,2026-04-01T13:00:00,2119.28,2026-04-01T14:00:00,2126.81,1,-0.36,Signal changed to 1.0
PRICE_VS_EMA_SAR_LONG_SHORT,10,None,414,LONG,2026-04-01T14:00:00,2126.81,2026-04-01T18:00:00,2129.23,4,0.11,Signal changed to -1.0
PRICE_VS_EMA_SAR_LONG_SHORT,10,None,415,SHORT,2026-04-01T18:00:00,2129.23,2026-04-01T19:00:00,2141.43,1,-0.57,Signal changed to 1.0
PRICE_VS_EMA_SAR_LONG_SHORT,10,None,416,LONG,2026-04-01T19:00:00,2141.43,2026-04-02T01:00:00,2100.03,6,-1.93,Signal changed to -1.0
PRICE_VS_EMA_SAR_LONG_SHORT,10,None,417,SHORT,2026-04-02T01:00:00,2100.03,2026-04-02T14:00:00,2063.82,13,1.72,Signal changed to 1.0
PRICE_VS_EMA_SAR_LONG_SHORT,10,None,418,LONG,2026-04-02T14:00:00,2063.82,2026-04-02T17:00:00,2047.23,3,-0.8,Signal changed to -1.0
PRICE_VS_EMA_SAR_LONG_SHORT,10,None,419,SHORT,2026-04-02T17:00:00,2047.23,2026-04-02T18:00:00,2058.32,1,-0.54,Signal changed to 1.0
PRICE_VS_EMA_SAR_LONG_SHORT,10,None,420,LONG,2026-04-02T18:00:00,2058.32,2026-04-02T23:00:00,2057.17,5,-0.06,Signal changed to -1.0
PRICE_VS_EMA_SAR_LONG_SHORT,10,None,421,SHORT,2026-04-02T23:00:00,2057.17,2026-04-03T05:00:00,2057.12,6,0.0,Signal changed to 1.0
PRICE_VS_EMA_SAR_LONG_SHORT,10,None,422,LONG,2026-04-03T05:00:00,2057.12,2026-04-03T12:00:00,2049.84,7,-0.35,Signal changed to -1.0
PRICE_VS_EMA_SAR_LONG_SHORT,10,None,423,SHORT,2026-04-03T12:00:00,2049.84,2026-04-03T21:00:00,2058.42,9,-0.42,Signal changed to 1.0
PRICE_VS_EMA_SAR_LONG_SHORT,10,None,424,LONG,2026-04-03T21:00:00,2058.42,2026-04-03T22:00:00,2051.79,1,-0.32,Signal changed to -1.0
PRICE_VS_EMA_SAR_LONG_SHORT,10,None,425,SHORT,2026-04-03T22:00:00,2051.79,2026-04-03T23:00:00,2053.83,1,-0.1,Signal changed to 1.0
PRICE_VS_EMA_SAR_LONG_SHORT,10,None,426,LONG,2026-04-03T23:00:00,2053.83,2026-04-04T00:00:00,2052.26,1,-0.08,Signal changed to -1.0
PRICE_VS_EMA_SAR_LONG_SHORT,10,None,427,SHORT,2026-04-04T00:00:00,2052.26,2026-04-04T05:00:00,2053.79,5,-0.07,Signal changed to 1.0
PRICE_VS_EMA_SAR_LONG_SHORT,10,None,428,LONG,2026-04-04T05:00:00,2053.79,2026-04-04T08:00:00,2050.57,3,-0.16,Signal changed to -1.0
PRICE_VS_EMA_SAR_LONG_SHORT,10,None,429,SHORT,2026-04-04T08:00:00,2050.57,2026-04-04T10:00:00,2054.32,2,-0.18,Signal changed to 1.0
PRICE_VS_EMA_SAR_LONG_SHORT,10,None,430,LONG,2026-04-04T10:00:00,2054.32,2026-04-04T11:00:00,2051.84,1,-0.12,Signal changed to -1.0
PRICE_VS_EMA_SAR_LONG_SHORT,10,None,431,SHORT,2026-04-04T11:00:00,2051.84,2026-04-04T13:00:00,2053.59,2,-0.09,Signal changed to 1.0
PRICE_VS_EMA_SAR_LONG_SHORT,10,None,432,LONG,2026-04-04T13:00:00,2053.59,2026-04-05T01:00:00,2057.37,12,0.18,Signal changed to -1.0
PRICE_VS_EMA_SAR_LONG_SHORT,10,None,433,SHORT,2026-04-05T01:00:00,2057.37,2026-04-05T15:00:00,2053.85,14,0.17,Signal changed to 1.0
PRICE_VS_EMA_SAR_LONG_SHORT,10,None,434,LONG,2026-04-05T15:00:00,2053.85,2026-04-06T16:00:00,2140.62,25,4.22,Signal changed to -1.0
PRICE_VS_EMA_SAR_LONG_SHORT,10,None,435,SHORT,2026-04-06T16:00:00,2140.62,2026-04-06T18:00:00,2144.84,2,-0.2,Signal changed to 1.0
PRICE_VS_EMA_SAR_LONG_SHORT,10,None,436,LONG,2026-04-06T18:00:00,2144.84,2026-04-06T21:00:00,2139.54,3,-0.25,Signal changed to -1.0
PRICE_VS_EMA_SAR_LONG_SHORT,10,None,437,SHORT,2026-04-06T21:00:00,2139.54,2026-04-07T08:00:00,2114.84,11,1.15,Signal changed to 1.0
PRICE_VS_EMA_SAR_LONG_SHORT,10,None,438,LONG,2026-04-07T08:00:00,2114.84,2026-04-07T10:00:00,2089.32,2,-1.21,Signal changed to -1.0
PRICE_VS_EMA_SAR_LONG_SHORT,10,None,439,SHORT,2026-04-07T10:00:00,2089.32,2026-04-07T17:00:00,2099.5,7,-0.49,Signal changed to 1.0
PRICE_VS_EMA_SAR_LONG_SHORT,10,None,440,LONG,2026-04-07T17:00:00,2099.5,2026-04-07T18:00:00,2086.3,1,-0.63,Signal changed to -1.0
PRICE_VS_EMA_SAR_LONG_SHORT,10,None,441,SHORT,2026-04-07T18:00:00,2086.3,2026-04-07T19:00:00,2113.39,1,-1.3,Signal changed to 1.0
PRICE_VS_EMA_SAR_LONG_SHORT,10,None,442,LONG,2026-04-07T19:00:00,2113.39,2026-04-08T13:00:00,2236.06,18,5.8,Signal changed to -1.0
PRICE_VS_EMA_SAR_LONG_SHORT,10,None,443,SHORT,2026-04-08T13:00:00,2236.06,2026-04-08T17:00:00,2231.88,4,0.19,Signal changed to 1.0
PRICE_VS_EMA_SAR_LONG_SHORT,10,None,444,LONG,2026-04-08T17:00:00,2231.88,2026-04-08T18:00:00,2201.41,1,-1.37,Signal changed to -1.0
PRICE_VS_EMA_SAR_LONG_SHORT,10,None,445,SHORT,2026-04-08T18:00:00,2201.41,2026-04-09T09:00:00,2194.14,15,0.33,Signal changed to 1.0
PRICE_VS_EMA_SAR_LONG_SHORT,10,None,446,LONG,2026-04-09T09:00:00,2194.14,2026-04-09T11:00:00,2180.26,2,-0.63,Signal changed to -1.0
PRICE_VS_EMA_SAR_LONG_SHORT,10,None,447,SHORT,2026-04-09T11:00:00,2180.26,2026-04-09T15:00:00,2217.99,4,-1.73,Signal changed to 1.0
PRICE_VS_EMA_SAR_LONG_SHORT,10,None,448,LONG,2026-04-09T15:00:00,2217.99,2026-04-09T22:00:00,2197.69,7,-0.92,Signal changed to -1.0
PRICE_VS_EMA_SAR_LONG_SHORT,10,None,449,SHORT,2026-04-09T22:00:00,2197.69,2026-04-10T04:00:00,2195.71,6,0.09,Signal changed to 1.0
PRICE_VS_EMA_SAR_LONG_SHORT,10,None,450,LONG,2026-04-10T04:00:00,2195.71,2026-04-10T06:00:00,2186.2,2,-0.43,Signal changed to -1.0
PRICE_VS_EMA_SAR_LONG_SHORT,10,None,451,SHORT,2026-04-10T06:00:00,2186.2,2026-04-10T09:00:00,2196.03,3,-0.45,Signal changed to 1.0
PRICE_VS_EMA_SAR_LONG_SHORT,10,None,452,LONG,2026-04-10T09:00:00,2196.03,2026-04-11T00:00:00,2238.77,15,1.95,Signal changed to -1.0
PRICE_VS_EMA_SAR_LONG_SHORT,10,None,453,SHORT,2026-04-11T00:00:00,2238.77,2026-04-11T01:00:00,2244.2,1,-0.24,Signal changed to 1.0
PRICE_VS_EMA_SAR_LONG_SHORT,10,None,454,LONG,2026-04-11T01:00:00,2244.2,2026-04-11T03:00:00,2237.17,2,-0.31,Signal changed to -1.0
PRICE_VS_EMA_SAR_LONG_SHORT,10,None,455,SHORT,2026-04-11T03:00:00,2237.17,2026-04-11T09:00:00,2243.83,6,-0.3,Signal changed to 1.0
PRICE_VS_EMA_SAR_LONG_SHORT,10,None,456,LONG,2026-04-11T09:00:00,2243.83,2026-04-11T13:00:00,2239.76,4,-0.18,Signal changed to -1.0
PRICE_VS_EMA_SAR_LONG_SHORT,10,None,457,SHORT,2026-04-11T13:00:00,2239.76,2026-04-11T14:00:00,2242.1,1,-0.1,Signal changed to 1.0
PRICE_VS_EMA_SAR_LONG_SHORT,10,None,458,LONG,2026-04-11T14:00:00,2242.1,2026-04-12T01:00:00,2219.05,11,-1.03,Signal changed to -1.0
PRICE_VS_EMA_SAR_LONG_SHORT,10,None,459,SHORT,2026-04-12T01:00:00,2219.05,2026-04-12T17:00:00,2203.17,16,0.72,Signal changed to 1.0
PRICE_VS_EMA_SAR_LONG_SHORT,10,None,460,LONG,2026-04-12T17:00:00,2203.17,2026-04-12T19:00:00,2198.27,2,-0.22,Signal changed to -1.0
PRICE_VS_EMA_SAR_LONG_SHORT,10,None,461,SHORT,2026-04-12T19:00:00,2198.27,2026-04-12T20:00:00,2213.53,1,-0.69,Signal changed to 1.0
PRICE_VS_EMA_SAR_LONG_SHORT,10,None,462,LONG,2026-04-12T20:00:00,2213.53,2026-04-12T22:00:00,2199.37,2,-0.64,Signal changed to -1.0
PRICE_VS_EMA_SAR_LONG_SHORT,10,None,463,SHORT,2026-04-12T22:00:00,2199.37,2026-04-13T00:00:00,2205.18,2,-0.26,Signal changed to 1.0
PRICE_VS_EMA_SAR_LONG_SHORT,10,None,464,LONG,2026-04-13T00:00:00,2205.18,2026-04-13T02:00:00,2194.22,2,-0.5,Signal changed to -1.0
PRICE_VS_EMA_SAR_LONG_SHORT,10,None,465,SHORT,2026-04-13T02:00:00,2194.22,2026-04-13T06:00:00,2198.49,4,-0.19,Signal changed to 1.0
PRICE_VS_EMA_SAR_LONG_SHORT,10,None,466,LONG,2026-04-13T06:00:00,2198.49,2026-04-13T07:00:00,2186.56,1,-0.54,Signal changed to -1.0
PRICE_VS_EMA_SAR_LONG_SHORT,10,None,467,SHORT,2026-04-13T07:00:00,2186.56,2026-04-13T12:00:00,2192.25,5,-0.26,Signal changed to 1.0
PRICE_VS_EMA_SAR_LONG_SHORT,10,None,468,LONG,2026-04-13T12:00:00,2192.25,2026-04-14T14:00:00,2353.05,26,7.33,Signal changed to -1.0
PRICE_VS_EMA_SAR_LONG_SHORT,10,None,469,SHORT,2026-04-14T14:00:00,2353.05,2026-04-15T00:00:00,2333.81,10,0.82,Signal changed to 1.0
PRICE_VS_EMA_SAR_LONG_SHORT,10,None,470,LONG,2026-04-15T00:00:00,2333.81,2026-04-15T02:00:00,2324.77,2,-0.39,Signal changed to -1.0
PRICE_VS_EMA_SAR_LONG_SHORT,10,None,471,SHORT,2026-04-15T02:00:00,2324.77,2026-04-15T04:00:00,2333.44,2,-0.37,Signal changed to 1.0
PRICE_VS_EMA_SAR_LONG_SHORT,10,None,472,LONG,2026-04-15T04:00:00,2333.44,2026-04-15T05:00:00,2319.45,1,-0.6,Signal changed to -1.0
PRICE_VS_EMA_SAR_LONG_SHORT,10,None,473,SHORT,2026-04-15T05:00:00,2319.45,2026-04-15T08:00:00,2327.4,3,-0.34,Signal changed to 1.0
PRICE_VS_EMA_SAR_LONG_SHORT,10,None,474,LONG,2026-04-15T08:00:00,2327.4,2026-04-15T09:00:00,2319.95,1,-0.32,Signal changed to -1.0
PRICE_VS_EMA_SAR_LONG_SHORT,10,None,475,SHORT,2026-04-15T09:00:00,2319.95,2026-04-15T11:00:00,2337.43,2,-0.75,Signal changed to 1.0
PRICE_VS_EMA_SAR_LONG_SHORT,10,None,476,LONG,2026-04-15T11:00:00,2337.43,2026-04-16T01:00:00,2352.06,14,0.63,Signal changed to -1.0
PRICE_VS_EMA_SAR_LONG_SHORT,10,None,477,SHORT,2026-04-16T01:00:00,2352.06,2026-04-16T02:00:00,2356.68,1,-0.2,Signal changed to 1.0
PRICE_VS_EMA_SAR_LONG_SHORT,10,None,478,LONG,2026-04-16T02:00:00,2356.68,2026-04-16T04:00:00,2354.13,2,-0.11,Signal changed to -1.0
PRICE_VS_EMA_SAR_LONG_SHORT,10,None,479,SHORT,2026-04-16T04:00:00,2354.13,2026-04-16T05:00:00,2356.86,1,-0.12,Signal changed to 1.0
PRICE_VS_EMA_SAR_LONG_SHORT,10,None,480,LONG,2026-04-16T05:00:00,2356.86,2026-04-16T07:00:00,2341.52,2,-0.65,Signal changed to -1.0
PRICE_VS_EMA_SAR_LONG_SHORT,10,None,481,SHORT,2026-04-16T07:00:00,2341.52,2026-04-16T15:00:00,2339.01,8,0.11,Signal changed to 1.0
PRICE_VS_EMA_SAR_LONG_SHORT,10,None,482,LONG,2026-04-16T15:00:00,2339.01,2026-04-16T16:00:00,2316.76,1,-0.95,Signal changed to -1.0
PRICE_VS_EMA_SAR_LONG_SHORT,10,None,483,SHORT,2026-04-16T16:00:00,2316.76,2026-04-16T18:00:00,2343.1,2,-1.14,Signal changed to 1.0
PRICE_VS_EMA_SAR_LONG_SHORT,10,None,484,LONG,2026-04-16T18:00:00,2343.1,2026-04-17T01:00:00,2335.38,7,-0.33,Signal changed to -1.0
PRICE_VS_EMA_SAR_LONG_SHORT,10,None,485,SHORT,2026-04-17T01:00:00,2335.38,2026-04-17T07:00:00,2334.16,6,0.05,Signal changed to 1.0
PRICE_VS_EMA_SAR_LONG_SHORT,10,None,486,LONG,2026-04-17T07:00:00,2334.16,2026-04-17T23:00:00,2419.0,16,3.63,Signal changed to -1.0
PRICE_VS_EMA_SAR_LONG_SHORT,10,None,487,SHORT,2026-04-17T23:00:00,2419.0,2026-04-19T11:00:00,2329.38,36,3.7,Signal changed to 1.0
PRICE_VS_EMA_SAR_LONG_SHORT,10,None,488,LONG,2026-04-19T11:00:00,2329.38,2026-04-19T15:00:00,2330.8,4,0.06,Signal changed to -1.0
PRICE_VS_EMA_SAR_LONG_SHORT,10,None,489,SHORT,2026-04-19T15:00:00,2330.8,2026-04-20T03:00:00,2286.56,12,1.9,Signal changed to 1.0
PRICE_VS_EMA_SAR_LONG_SHORT,10,None,490,LONG,2026-04-20T03:00:00,2286.56,2026-04-20T04:00:00,2283.39,1,-0.14,Signal changed to -1.0
PRICE_VS_EMA_SAR_LONG_SHORT,10,None,491,SHORT,2026-04-20T04:00:00,2283.39,2026-04-20T06:00:00,2286.17,2,-0.12,Signal changed to 1.0
PRICE_VS_EMA_SAR_LONG_SHORT,10,None,492,LONG,2026-04-20T06:00:00,2286.17,2026-04-20T14:00:00,2290.9,8,0.21,Signal changed to -1.0
PRICE_VS_EMA_SAR_LONG_SHORT,10,None,493,SHORT,2026-04-20T14:00:00,2290.9,2026-04-20T15:00:00,2313.91,1,-1.0,Signal changed to 1.0
PRICE_VS_EMA_SAR_LONG_SHORT,10,None,494,LONG,2026-04-20T15:00:00,2313.91,2026-04-20T16:00:00,2300.07,1,-0.6,Signal changed to -1.0
PRICE_VS_EMA_SAR_LONG_SHORT,10,None,495,SHORT,2026-04-20T16:00:00,2300.07,2026-04-20T17:00:00,2317.06,1,-0.74,Signal changed to 1.0
PRICE_VS_EMA_SAR_LONG_SHORT,10,None,496,LONG,2026-04-20T17:00:00,2317.06,2026-04-20T23:00:00,2313.85,6,-0.14,Signal changed to -1.0
PRICE_VS_EMA_SAR_LONG_SHORT,10,None,497,SHORT,2026-04-20T23:00:00,2313.85,2026-04-21T00:00:00,2321.94,1,-0.35,Signal changed to 1.0
PRICE_VS_EMA_SAR_LONG_SHORT,10,None,498,LONG,2026-04-21T00:00:00,2321.94,2026-04-21T01:00:00,2315.16,1,-0.29,Signal changed to -1.0
PRICE_VS_EMA_SAR_LONG_SHORT,10,None,499,SHORT,2026-04-21T01:00:00,2315.16,2026-04-21T06:00:00,2317.36,5,-0.1,Signal changed to 1.0
PRICE_VS_EMA_SAR_LONG_SHORT,10,None,500,LONG,2026-04-21T06:00:00,2317.36,2026-04-21T11:00:00,2320.45,5,0.13,Signal changed to -1.0
PRICE_VS_EMA_SAR_LONG_SHORT,10,None,501,SHORT,2026-04-21T11:00:00,2320.45,2026-04-21T18:00:00,2312.72,7,0.33,Signal changed to 1.0
PRICE_VS_EMA_SAR_LONG_SHORT,10,None,502,LONG,2026-04-21T18:00:00,2312.72,2026-04-21T19:00:00,2298.41,1,-0.62,Signal changed to -1.0
PRICE_VS_EMA_SAR_LONG_SHORT,10,None,503,SHORT,2026-04-21T19:00:00,2298.41,2026-04-21T20:00:00,2314.56,1,-0.7,Signal changed to 1.0
PRICE_VS_EMA_SAR_LONG_SHORT,10,None,504,LONG,2026-04-21T20:00:00,2314.56,2026-04-22T16:00:00,2386.14,20,3.09,Signal changed to -1.0
PRICE_VS_EMA_SAR_LONG_SHORT,10,None,505,SHORT,2026-04-22T16:00:00,2386.14,2026-04-22T17:00:00,2399.21,1,-0.55,Signal changed to 1.0
PRICE_VS_EMA_SAR_LONG_SHORT,10,None,506,LONG,2026-04-22T17:00:00,2399.21,2026-04-22T20:00:00,2391.92,3,-0.3,Signal changed to -1.0
PRICE_VS_EMA_SAR_LONG_SHORT,10,None,507,SHORT,2026-04-22T20:00:00,2391.92,2026-04-22T21:00:00,2402.55,1,-0.44,Signal changed to 1.0
PRICE_VS_EMA_SAR_LONG_SHORT,10,None,508,LONG,2026-04-22T21:00:00,2402.55,2026-04-22T23:00:00,2374.07,2,-1.19,Signal changed to -1.0
PRICE_VS_EMA_SAR_LONG_SHORT,10,None,509,SHORT,2026-04-22T23:00:00,2374.07,2026-04-23T20:00:00,2325.37,21,2.05,Signal changed to 1.0
PRICE_VS_EMA_SAR_LONG_SHORT,10,None,510,LONG,2026-04-23T20:00:00,2325.37,2026-04-23T21:00:00,2321.66,1,-0.16,Signal changed to -1.0
PRICE_VS_EMA_SAR_LONG_SHORT,10,None,511,SHORT,2026-04-23T21:00:00,2321.66,2026-04-23T22:00:00,2331.97,1,-0.44,Signal changed to 1.0
PRICE_VS_EMA_SAR_LONG_SHORT,10,None,512,LONG,2026-04-23T22:00:00,2331.97,2026-04-24T02:00:00,2319.91,4,-0.52,Signal changed to -1.0
PRICE_VS_EMA_SAR_LONG_SHORT,10,None,513,SHORT,2026-04-24T02:00:00,2319.91,2026-04-24T10:00:00,2316.02,8,0.17,Signal changed to 1.0
PRICE_VS_EMA_SAR_LONG_SHORT,10,None,514,LONG,2026-04-24T10:00:00,2316.02,2026-04-24T13:00:00,2317.32,3,0.06,Signal changed to -1.0
PRICE_VS_EMA_SAR_LONG_SHORT,10,None,515,SHORT,2026-04-24T13:00:00,2317.32,2026-04-24T15:00:00,2323.81,2,-0.28,Signal changed to 1.0
PRICE_VS_EMA_SAR_LONG_SHORT,10,None,516,LONG,2026-04-24T15:00:00,2323.81,2026-04-24T16:00:00,2316.67,1,-0.31,Signal changed to -1.0
PRICE_VS_EMA_SAR_LONG_SHORT,10,None,517,SHORT,2026-04-24T16:00:00,2316.67,2026-04-24T17:00:00,2319.6,1,-0.13,Signal changed to 1.0
PRICE_VS_EMA_SAR_LONG_SHORT,10,None,518,LONG,2026-04-24T17:00:00,2319.6,2026-04-24T21:00:00,2315.18,4,-0.19,Signal changed to -1.0
PRICE_VS_EMA_SAR_LONG_SHORT,10,None,519,SHORT,2026-04-24T21:00:00,2315.18,2026-04-25T01:00:00,2318.0,4,-0.12,Signal changed to 1.0
PRICE_VS_EMA_SAR_LONG_SHORT,10,None,520,LONG,2026-04-25T01:00:00,2318.0,2026-04-25T02:00:00,2317.4,1,-0.03,Signal changed to -1.0
PRICE_VS_EMA_SAR_LONG_SHORT,10,None,521,SHORT,2026-04-25T02:00:00,2317.4,2026-04-25T03:00:00,2318.43,1,-0.04,Signal changed to 1.0
PRICE_VS_EMA_SAR_LONG_SHORT,10,None,522,LONG,2026-04-25T03:00:00,2318.43,2026-04-25T04:00:00,2316.79,1,-0.07,Signal changed to -1.0
PRICE_VS_EMA_SAR_LONG_SHORT,10,None,523,SHORT,2026-04-25T04:00:00,2316.79,2026-04-25T08:00:00,2319.44,4,-0.11,Signal changed to 1.0
PRICE_VS_EMA_SAR_LONG_SHORT,10,None,524,LONG,2026-04-25T08:00:00,2319.44,2026-04-25T11:00:00,2313.64,3,-0.25,Signal changed to -1.0
PRICE_VS_EMA_SAR_LONG_SHORT,10,None,525,SHORT,2026-04-25T11:00:00,2313.64,2026-04-25T20:00:00,2313.2,9,0.02,Signal changed to 1.0
PRICE_VS_EMA_SAR_LONG_SHORT,10,None,526,LONG,2026-04-25T20:00:00,2313.2,2026-04-26T01:00:00,2313.85,5,0.03,Signal changed to -1.0
PRICE_VS_EMA_SAR_LONG_SHORT,10,None,527,SHORT,2026-04-26T01:00:00,2313.85,2026-04-26T02:00:00,2315.15,1,-0.06,Signal changed to 1.0
PRICE_VS_EMA_SAR_LONG_SHORT,10,None,528,LONG,2026-04-26T02:00:00,2315.15,2026-04-26T03:00:00,2310.0,1,-0.22,Signal changed to -1.0
PRICE_VS_EMA_SAR_LONG_SHORT,10,None,529,SHORT,2026-04-26T03:00:00,2310.0,2026-04-26T04:00:00,2317.74,1,-0.34,Signal changed to 1.0
PRICE_VS_EMA_SAR_LONG_SHORT,10,None,530,LONG,2026-04-26T04:00:00,2317.74,2026-04-27T05:00:00,2323.18,25,0.23,Signal changed to -1.0
PRICE_VS_EMA_SAR_LONG_SHORT,10,None,531,SHORT,2026-04-27T05:00:00,2323.18,2026-04-27T23:00:00,2303.67,18,0.84,Signal changed to 1.0
PRICE_VS_EMA_SAR_LONG_SHORT,10,None,532,LONG,2026-04-27T23:00:00,2303.67,2026-04-28T01:00:00,2298.61,2,-0.22,Signal changed to -1.0
PRICE_VS_EMA_SAR_LONG_SHORT,10,None,533,SHORT,2026-04-28T01:00:00,2298.61,2026-04-28T16:00:00,2286.18,15,0.54,Signal changed to 1.0
PRICE_VS_EMA_SAR_LONG_SHORT,10,None,534,LONG,2026-04-28T16:00:00,2286.18,2026-04-28T22:00:00,2286.18,6,0.0,Signal changed to -1.0
PRICE_VS_EMA_SAR_LONG_SHORT,10,None,535,SHORT,2026-04-28T22:00:00,2286.18,2026-04-28T23:00:00,2289.42,1,-0.14,Signal changed to 1.0
PRICE_VS_EMA_SAR_LONG_SHORT,10,None,536,LONG,2026-04-28T23:00:00,2289.42,2026-04-29T02:00:00,2288.88,3,-0.02,Signal changed to -1.0
PRICE_VS_EMA_SAR_LONG_SHORT,10,None,537,SHORT,2026-04-29T02:00:00,2288.88,2026-04-29T03:00:00,2311.52,1,-0.99,Signal changed to 1.0
PRICE_VS_EMA_SAR_LONG_SHORT,10,None,538,LONG,2026-04-29T03:00:00,2311.52,2026-04-29T12:00:00,2316.13,9,0.2,Signal changed to -1.0
PRICE_VS_EMA_SAR_LONG_SHORT,10,None,539,SHORT,2026-04-29T12:00:00,2316.13,2026-04-30T00:00:00,2272.46,12,1.89,Signal changed to 1.0
PRICE_VS_EMA_SAR_LONG_SHORT,10,None,540,LONG,2026-04-30T00:00:00,2272.46,2026-04-30T02:00:00,2245.13,2,-1.2,Signal changed to -1.0
PRICE_VS_EMA_SAR_LONG_SHORT,10,None,541,SHORT,2026-04-30T02:00:00,2245.13,2026-04-30T07:00:00,2260.31,5,-0.68,Signal changed to 1.0
PRICE_VS_EMA_SAR_LONG_SHORT,10,None,542,LONG,2026-04-30T07:00:00,2260.31,2026-04-30T16:00:00,2257.24,9,-0.14,Signal changed to -1.0
PRICE_VS_EMA_SAR_LONG_SHORT,10,None,543,SHORT,2026-04-30T16:00:00,2257.24,2026-04-30T19:00:00,2261.99,3,-0.21,Signal changed to 1.0
PRICE_VS_EMA_SAR_LONG_SHORT,10,None,544,LONG,2026-04-30T19:00:00,2261.99,2026-04-30T21:00:00,2256.29,2,-0.25,Signal changed to -1.0
PRICE_VS_EMA_SAR_LONG_SHORT,10,None,545,SHORT,2026-04-30T21:00:00,2256.29,2026-05-01T00:00:00,2260.0,3,-0.16,Signal changed to 1.0
PRICE_VS_EMA_SAR_LONG_SHORT,10,None,546,LONG,2026-05-01T00:00:00,2260.0,2026-05-01T20:00:00,2285.19,20,1.11,Signal changed to -1.0
PRICE_VS_EMA_SAR_LONG_SHORT,10,None,547,SHORT,2026-05-01T20:00:00,2285.19,2026-05-02T00:00:00,2297.6,4,-0.54,Signal changed to 1.0
PRICE_VS_EMA_SAR_LONG_SHORT,10,None,548,LONG,2026-05-02T00:00:00,2297.6,2026-05-02T05:00:00,2299.47,5,0.08,Signal changed to -1.0
PRICE_VS_EMA_SAR_LONG_SHORT,10,None,549,SHORT,2026-05-02T05:00:00,2299.47,2026-05-02T06:00:00,2305.58,1,-0.27,Signal changed to 1.0
PRICE_VS_EMA_SAR_LONG_SHORT,10,None,550,LONG,2026-05-02T06:00:00,2305.58,2026-05-02T11:00:00,2302.1,5,-0.15,Signal changed to -1.0
PRICE_VS_EMA_SAR_LONG_SHORT,10,None,551,SHORT,2026-05-02T11:00:00,2302.1,2026-05-02T12:00:00,2303.52,1,-0.06,Signal changed to 1.0
PRICE_VS_EMA_SAR_LONG_SHORT,10,None,552,LONG,2026-05-02T12:00:00,2303.52,2026-05-03T00:00:00,2313.98,12,0.45,Signal changed to -1.0
PRICE_VS_EMA_SAR_LONG_SHORT,10,None,553,SHORT,2026-05-03T00:00:00,2313.98,2026-05-03T07:00:00,2309.28,7,0.2,Signal changed to 1.0
PRICE_VS_EMA_SAR_LONG_SHORT,10,None,554,LONG,2026-05-03T07:00:00,2309.28,2026-05-03T21:00:00,2324.27,14,0.65,Signal changed to -1.0
PRICE_VS_EMA_SAR_LONG_SHORT,10,None,555,SHORT,2026-05-03T21:00:00,2324.27,2026-05-03T22:00:00,2343.89,1,-0.84,Signal changed to 1.0
PRICE_VS_EMA_SAR_LONG_SHORT,10,None,556,LONG,2026-05-03T22:00:00,2343.89,2026-05-03T23:00:00,2322.65,1,-0.91,Signal changed to -1.0
PRICE_VS_EMA_SAR_LONG_SHORT,10,None,557,SHORT,2026-05-03T23:00:00,2322.65,2026-05-04T01:00:00,2351.2,2,-1.23,Signal changed to 1.0
PRICE_VS_EMA_SAR_LONG_SHORT,10,None,558,LONG,2026-05-04T01:00:00,2351.2,2026-05-04T08:00:00,2360.04,7,0.38,Signal changed to -1.0
PRICE_VS_EMA_SAR_LONG_SHORT,10,None,559,SHORT,2026-05-04T08:00:00,2360.04,2026-05-04T09:00:00,2368.71,1,-0.37,Signal changed to 1.0
PRICE_VS_EMA_SAR_LONG_SHORT,10,None,560,LONG,2026-05-04T09:00:00,2368.71,2026-05-04T10:00:00,2338.36,1,-1.28,Signal changed to -1.0
PRICE_VS_EMA_SAR_LONG_SHORT,10,None,561,SHORT,2026-05-04T10:00:00,2338.36,2026-05-04T14:00:00,2371.39,4,-1.41,Signal changed to 1.0
PRICE_VS_EMA_SAR_LONG_SHORT,10,None,562,LONG,2026-05-04T14:00:00,2371.39,2026-05-04T15:00:00,2350.1,1,-0.9,Signal changed to -1.0
PRICE_VS_EMA_SAR_LONG_SHORT,10,None,563,SHORT,2026-05-04T15:00:00,2350.1,2026-05-04T16:00:00,2355.28,1,-0.22,Signal changed to 1.0
PRICE_VS_EMA_SAR_LONG_SHORT,10,None,564,LONG,2026-05-04T16:00:00,2355.28,2026-05-04T19:00:00,2356.52,3,0.05,Signal changed to -1.0
PRICE_VS_EMA_SAR_LONG_SHORT,10,None,565,SHORT,2026-05-04T19:00:00,2356.52,2026-05-04T21:00:00,2360.89,2,-0.19,Signal changed to 1.0
PRICE_VS_EMA_SAR_LONG_SHORT,10,None,566,LONG,2026-05-04T21:00:00,2360.89,2026-05-04T22:00:00,2354.58,1,-0.27,Signal changed to -1.0
PRICE_VS_EMA_SAR_LONG_SHORT,10,None,567,SHORT,2026-05-04T22:00:00,2354.58,2026-05-05T00:00:00,2358.83,2,-0.18,Signal changed to 1.0
PRICE_VS_EMA_SAR_LONG_SHORT,10,None,568,LONG,2026-05-05T00:00:00,2358.83,2026-05-05T09:00:00,2369.6,9,0.46,Signal changed to -1.0
PRICE_VS_EMA_SAR_LONG_SHORT,10,None,569,SHORT,2026-05-05T09:00:00,2369.6,2026-05-05T10:00:00,2378.41,1,-0.37,Signal changed to 1.0
PRICE_VS_EMA_SAR_LONG_SHORT,10,None,570,LONG,2026-05-05T10:00:00,2378.41,2026-05-05T14:00:00,2378.78,4,0.02,Signal changed to -1.0
PRICE_VS_EMA_SAR_LONG_SHORT,10,None,571,SHORT,2026-05-05T14:00:00,2378.78,2026-05-05T15:00:00,2381.31,1,-0.11,Signal changed to 1.0
PRICE_VS_EMA_SAR_LONG_SHORT,10,None,572,LONG,2026-05-05T15:00:00,2381.31,2026-05-05T16:00:00,2365.94,1,-0.65,Signal changed to -1.0
PRICE_VS_EMA_SAR_LONG_SHORT,10,None,573,SHORT,2026-05-05T16:00:00,2365.94,2026-05-05T20:00:00,2382.41,4,-0.7,Signal changed to 1.0
PRICE_VS_EMA_SAR_LONG_SHORT,10,None,574,LONG,2026-05-05T20:00:00,2382.41,2026-05-05T22:00:00,2367.51,2,-0.63,Signal changed to -1.0
PRICE_VS_EMA_SAR_LONG_SHORT,10,None,575,SHORT,2026-05-05T22:00:00,2367.51,2026-05-06T01:00:00,2373.19,3,-0.24,Signal changed to 1.0
PRICE_VS_EMA_SAR_LONG_SHORT,10,None,576,LONG,2026-05-06T01:00:00,2373.19,2026-05-06T02:00:00,2369.75,1,-0.14,Signal changed to -1.0
PRICE_VS_EMA_SAR_LONG_SHORT,10,None,577,SHORT,2026-05-06T02:00:00,2369.75,2026-05-06T03:00:00,2376.8,1,-0.3,Signal changed to 1.0
PRICE_VS_EMA_SAR_LONG_SHORT,10,None,578,LONG,2026-05-06T03:00:00,2376.8,2026-05-06T04:00:00,2366.08,1,-0.45,Signal changed to -1.0
PRICE_VS_EMA_SAR_LONG_SHORT,10,None,579,SHORT,2026-05-06T04:00:00,2366.08,2026-05-06T06:00:00,2370.52,2,-0.19,Signal changed to 1.0
PRICE_VS_EMA_SAR_LONG_SHORT,10,None,580,LONG,2026-05-06T06:00:00,2370.52,2026-05-06T13:00:00,2368.51,7,-0.08,Signal changed to -1.0
PRICE_VS_EMA_SAR_LONG_SHORT,10,None,581,SHORT,2026-05-06T13:00:00,2368.51,2026-05-07T06:00:00,2337.13,17,1.32,Signal changed to 1.0
PRICE_VS_EMA_SAR_LONG_SHORT,10,None,582,LONG,2026-05-07T06:00:00,2337.13,2026-05-07T08:00:00,2333.73,2,-0.15,Signal changed to -1.0
PRICE_VS_EMA_SAR_LONG_SHORT,10,None,583,SHORT,2026-05-07T08:00:00,2333.73,2026-05-08T08:00:00,2283.56,24,2.15,Signal changed to 1.0
PRICE_VS_EMA_SAR_LONG_SHORT,10,None,584,LONG,2026-05-08T08:00:00,2283.56,2026-05-08T12:00:00,2284.53,4,0.04,Signal changed to -1.0
PRICE_VS_EMA_SAR_LONG_SHORT,10,None,585,SHORT,2026-05-08T12:00:00,2284.53,2026-05-08T14:00:00,2285.72,2,-0.05,Signal changed to 1.0
PRICE_VS_EMA_SAR_LONG_SHORT,10,None,586,LONG,2026-05-08T14:00:00,2285.72,2026-05-09T10:00:00,2312.5,20,1.17,Signal changed to -1.0
PRICE_VS_EMA_SAR_LONG_SHORT,10,None,587,SHORT,2026-05-09T10:00:00,2312.5,2026-05-09T11:00:00,2314.57,1,-0.09,Signal changed to 1.0
PRICE_VS_EMA_SAR_LONG_SHORT,10,None,588,LONG,2026-05-09T11:00:00,2314.57,2026-05-09T14:00:00,2308.27,3,-0.27,Signal changed to -1.0
PRICE_VS_EMA_SAR_LONG_SHORT,10,None,589,SHORT,2026-05-09T14:00:00,2308.27,2026-05-09T15:00:00,2317.63,1,-0.41,Signal changed to 1.0
PRICE_VS_EMA_SAR_LONG_SHORT,10,None,590,LONG,2026-05-09T15:00:00,2317.63,2026-05-10T00:00:00,2323.89,9,0.27,Signal changed to -1.0
PRICE_VS_EMA_SAR_LONG_SHORT,10,None,591,SHORT,2026-05-10T00:00:00,2323.89,2026-05-10T02:00:00,2327.94,2,-0.17,Signal changed to 1.0
PRICE_VS_EMA_SAR_LONG_SHORT,10,None,592,LONG,2026-05-10T02:00:00,2327.94,2026-05-10T10:00:00,2325.46,8,-0.11,Signal changed to -1.0
PRICE_VS_EMA_SAR_LONG_SHORT,10,None,593,SHORT,2026-05-10T10:00:00,2325.46,2026-05-10T13:00:00,2329.8,3,-0.19,Signal changed to 1.0
PRICE_VS_EMA_SAR_LONG_SHORT,10,None,594,LONG,2026-05-10T13:00:00,2329.8,2026-05-10T20:00:00,2328.76,7,-0.04,Signal changed to -1.0
PRICE_VS_EMA_SAR_LONG_SHORT,10,None,595,SHORT,2026-05-10T20:00:00,2328.76,2026-05-10T22:00:00,2373.78,2,-1.93,Signal changed to 1.0
PRICE_VS_EMA_SAR_LONG_SHORT,10,None,596,LONG,2026-05-10T22:00:00,2373.78,2026-05-11T02:00:00,2345.39,4,-1.2,Signal changed to -1.0
PRICE_VS_EMA_SAR_LONG_SHORT,10,None,597,SHORT,2026-05-11T02:00:00,2345.39,2026-05-11T15:00:00,2333.48,13,0.51,Signal changed to 1.0
PRICE_VS_EMA_SAR_LONG_SHORT,10,None,598,LONG,2026-05-11T15:00:00,2333.48,2026-05-11T16:00:00,2329.78,1,-0.16,Signal changed to -1.0
PRICE_VS_EMA_SAR_LONG_SHORT,10,None,599,SHORT,2026-05-11T16:00:00,2329.78,2026-05-11T17:00:00,2336.71,1,-0.3,Signal changed to 1.0
PRICE_VS_EMA_SAR_LONG_SHORT,10,None,600,LONG,2026-05-11T17:00:00,2336.71,2026-05-12T00:00:00,2333.54,7,-0.14,Signal changed to -1.0
PRICE_VS_EMA_SAR_LONG_SHORT,10,None,601,SHORT,2026-05-12T00:00:00,2333.54,2026-05-12T19:00:00,2285.09,19,2.08,Signal changed to 1.0
PRICE_VS_EMA_SAR_LONG_SHORT,10,None,602,LONG,2026-05-12T19:00:00,2285.09,2026-05-12T23:00:00,2274.96,4,-0.44,Signal changed to -1.0
PRICE_VS_EMA_SAR_LONG_SHORT,10,None,603,SHORT,2026-05-12T23:00:00,2274.96,2026-05-13T00:00:00,2281.56,1,-0.29,Signal changed to 1.0
PRICE_VS_EMA_SAR_LONG_SHORT,10,None,604,LONG,2026-05-13T00:00:00,2281.56,2026-05-13T11:00:00,2301.82,11,0.89,Signal changed to -1.0
PRICE_VS_EMA_SAR_LONG_SHORT,10,None,605,SHORT,2026-05-13T11:00:00,2301.82,2026-05-14T00:00:00,2266.58,13,1.53,Signal changed to 1.0
PRICE_VS_EMA_SAR_LONG_SHORT,10,None,606,LONG,2026-05-14T00:00:00,2266.58,2026-05-14T02:00:00,2251.53,2,-0.66,Signal changed to -1.0
PRICE_VS_EMA_SAR_LONG_SHORT,10,None,607,SHORT,2026-05-14T02:00:00,2251.53,2026-05-14T05:00:00,2268.44,3,-0.75,Signal changed to 1.0
PRICE_VS_EMA_SAR_LONG_SHORT,10,None,608,LONG,2026-05-14T05:00:00,2268.44,2026-05-14T09:00:00,2257.8,4,-0.47,Signal changed to -1.0
PRICE_VS_EMA_SAR_LONG_SHORT,10,None,609,SHORT,2026-05-14T09:00:00,2257.8,2026-05-14T10:00:00,2262.14,1,-0.19,Signal changed to 1.0
PRICE_VS_EMA_SAR_LONG_SHORT,10,None,610,LONG,2026-05-14T10:00:00,2262.14,2026-05-14T11:00:00,2253.81,1,-0.37,Signal changed to -1.0
PRICE_VS_EMA_SAR_LONG_SHORT,10,None,611,SHORT,2026-05-14T11:00:00,2253.81,2026-05-14T12:00:00,2261.48,1,-0.34,Signal changed to 1.0
PRICE_VS_EMA_SAR_LONG_SHORT,10,None,612,LONG,2026-05-14T12:00:00,2261.48,2026-05-14T13:00:00,2249.42,1,-0.53,Signal changed to -1.0
PRICE_VS_EMA_SAR_LONG_SHORT,10,None,613,SHORT,2026-05-14T13:00:00,2249.42,2026-05-14T14:00:00,2286.99,1,-1.67,Signal changed to 1.0
PRICE_VS_EMA_SAR_LONG_SHORT,10,None,614,LONG,2026-05-14T14:00:00,2286.99,2026-05-14T23:00:00,2283.25,9,-0.16,Signal changed to -1.0
PRICE_VS_EMA_SAR_LONG_SHORT,10,None,615,SHORT,2026-05-14T23:00:00,2283.25,2026-05-16T01:00:00,2229.62,26,2.35,Signal changed to 1.0
PRICE_VS_EMA_SAR_LONG_SHORT,10,None,616,LONG,2026-05-16T01:00:00,2229.62,2026-05-16T04:00:00,2225.98,3,-0.16,Signal changed to -1.0
PRICE_VS_EMA_SAR_LONG_SHORT,10,None,617,SHORT,2026-05-16T04:00:00,2225.98,2026-05-16T21:00:00,2182.39,17,1.96,Signal changed to 1.0
PRICE_VS_EMA_SAR_LONG_SHORT,10,None,618,LONG,2026-05-16T21:00:00,2182.39,2026-05-16T22:00:00,2180.47,1,-0.09,Signal changed to -1.0
PRICE_VS_EMA_SAR_LONG_SHORT,10,None,619,SHORT,2026-05-16T22:00:00,2180.47,2026-05-17T03:00:00,2181.7,5,-0.06,Signal changed to 1.0
PRICE_VS_EMA_SAR_LONG_SHORT,10,None,620,LONG,2026-05-17T03:00:00,2181.7,2026-05-17T14:00:00,2186.64,11,0.23,Signal changed to -1.0
PRICE_VS_EMA_SAR_LONG_SHORT,10,None,621,SHORT,2026-05-17T14:00:00,2186.64,2026-05-17T18:00:00,2188.49,4,-0.08,Signal changed to 1.0
PRICE_VS_EMA_SAR_LONG_SHORT,10,None,622,LONG,2026-05-17T18:00:00,2188.49,2026-05-17T22:00:00,2179.69,4,-0.4,Signal changed to -1.0
PRICE_VS_EMA_SAR_LONG_SHORT,10,None,623,SHORT,2026-05-17T22:00:00,2179.69,2026-05-18T11:00:00,2133.9,13,2.1,Signal changed to 1.0
PRICE_VS_EMA_SAR_LONG_SHORT,10,None,624,LONG,2026-05-18T11:00:00,2133.9,2026-05-18T14:00:00,2110.32,3,-1.11,Signal changed to -1.0
PRICE_VS_EMA_SAR_LONG_SHORT,10,None,625,SHORT,2026-05-18T14:00:00,2110.32,2026-05-18T19:00:00,2125.07,5,-0.7,Signal changed to 1.0
PRICE_VS_EMA_SAR_LONG_SHORT,10,None,626,LONG,2026-05-18T19:00:00,2125.07,2026-05-19T01:00:00,2124.92,6,-0.01,Signal changed to -1.0
PRICE_VS_EMA_SAR_LONG_SHORT,10,None,627,SHORT,2026-05-19T01:00:00,2124.92,2026-05-19T03:00:00,2131.3,2,-0.3,Signal changed to 1.0
PRICE_VS_EMA_SAR_LONG_SHORT,10,None,628,LONG,2026-05-19T03:00:00,2131.3,2026-05-19T09:00:00,2114.49,6,-0.79,Signal changed to -1.0
PRICE_VS_EMA_SAR_LONG_SHORT,10,None,629,SHORT,2026-05-19T09:00:00,2114.49,2026-05-19T16:00:00,2121.12,7,-0.31,Signal changed to 1.0
PRICE_VS_EMA_SAR_LONG_SHORT,10,None,630,LONG,2026-05-19T16:00:00,2121.12,2026-05-19T17:00:00,2115.75,1,-0.25,Signal changed to -1.0
PRICE_VS_EMA_SAR_LONG_SHORT,10,None,631,SHORT,2026-05-19T17:00:00,2115.75,2026-05-19T20:00:00,2118.39,3,-0.12,Signal changed to 1.0
PRICE_VS_EMA_SAR_LONG_SHORT,10,None,632,LONG,2026-05-19T20:00:00,2118.39,2026-05-19T21:00:00,2116.97,1,-0.07,Signal changed to -1.0
PRICE_VS_EMA_SAR_LONG_SHORT,10,None,633,SHORT,2026-05-19T21:00:00,2116.97,2026-05-20T01:00:00,2115.28,4,0.08,Signal changed to 1.0
PRICE_VS_EMA_SAR_LONG_SHORT,10,None,634,LONG,2026-05-20T01:00:00,2115.28,2026-05-20T02:00:00,2109.43,1,-0.28,Signal changed to -1.0
PRICE_VS_EMA_SAR_LONG_SHORT,10,None,635,SHORT,2026-05-20T02:00:00,2109.43,2026-05-20T04:00:00,2113.2,2,-0.18,Signal changed to 1.0
PRICE_VS_EMA_SAR_LONG_SHORT,10,None,636,LONG,2026-05-20T04:00:00,2113.2,2026-05-20T13:00:00,2120.61,9,0.35,Signal changed to -1.0
PRICE_VS_EMA_SAR_LONG_SHORT,10,None,637,SHORT,2026-05-20T13:00:00,2120.61,2026-05-20T14:00:00,2135.25,1,-0.69,Signal changed to 1.0
PRICE_VS_EMA_SAR_LONG_SHORT,10,None,638,LONG,2026-05-20T14:00:00,2135.25,2026-05-20T18:00:00,2132.1,4,-0.15,Signal changed to -1.0
PRICE_VS_EMA_SAR_LONG_SHORT,10,None,639,SHORT,2026-05-20T18:00:00,2132.1,2026-05-20T19:00:00,2139.12,1,-0.33,Signal changed to 1.0
PRICE_VS_EMA_SAR_LONG_SHORT,10,None,640,LONG,2026-05-20T19:00:00,2139.12,2026-05-20T21:00:00,2130.62,2,-0.4,Signal changed to -1.0
PRICE_VS_EMA_SAR_LONG_SHORT,10,None,641,SHORT,2026-05-20T21:00:00,2130.62,2026-05-21T00:00:00,2142.92,3,-0.58,Signal changed to 1.0
PRICE_VS_EMA_SAR_LONG_SHORT,10,None,642,LONG,2026-05-21T00:00:00,2142.92,2026-05-21T05:00:00,2136.3,5,-0.31,Signal changed to -1.0
PRICE_VS_EMA_SAR_LONG_SHORT,10,None,643,SHORT,2026-05-21T05:00:00,2136.3,2026-05-21T08:00:00,2138.26,3,-0.09,Signal changed to 1.0
PRICE_VS_EMA_SAR_LONG_SHORT,10,None,644,LONG,2026-05-21T08:00:00,2138.26,2026-05-21T09:00:00,2127.98,1,-0.48,Signal changed to -1.0
PRICE_VS_EMA_SAR_LONG_SHORT,10,None,645,SHORT,2026-05-21T09:00:00,2127.98,2026-05-21T15:00:00,2132.65,6,-0.22,Signal changed to 1.0
PRICE_VS_EMA_SAR_LONG_SHORT,10,None,646,LONG,2026-05-21T15:00:00,2132.65,2026-05-21T18:00:00,2126.87,3,-0.27,Signal changed to -1.0
PRICE_VS_EMA_SAR_LONG_SHORT,10,None,647,SHORT,2026-05-21T18:00:00,2126.87,2026-05-21T19:00:00,2142.83,1,-0.75,Signal changed to 1.0
PRICE_VS_EMA_SAR_LONG_SHORT,10,None,648,LONG,2026-05-21T19:00:00,2142.83,2026-05-21T22:00:00,2131.85,3,-0.51,Signal changed to -1.0
PRICE_VS_EMA_SAR_LONG_SHORT,10,None,649,SHORT,2026-05-21T22:00:00,2131.85,2026-05-21T23:00:00,2133.76,1,-0.09,Signal changed to 1.0
PRICE_VS_EMA_SAR_LONG_SHORT,10,None,650,LONG,2026-05-21T23:00:00,2133.76,2026-05-22T00:00:00,2129.33,1,-0.21,Signal changed to -1.0
PRICE_VS_EMA_SAR_LONG_SHORT,10,None,651,SHORT,2026-05-22T00:00:00,2129.33,2026-05-22T01:00:00,2135.88,1,-0.31,Signal changed to 1.0
PRICE_VS_EMA_SAR_LONG_SHORT,10,None,652,LONG,2026-05-22T01:00:00,2135.88,2026-05-22T04:00:00,2134.0,3,-0.09,Signal changed to -1.0
PRICE_VS_EMA_SAR_LONG_SHORT,10,None,653,SHORT,2026-05-22T04:00:00,2134.0,2026-05-22T11:00:00,2130.78,7,0.15,Signal changed to 1.0
PRICE_VS_EMA_SAR_LONG_SHORT,10,None,654,LONG,2026-05-22T11:00:00,2130.78,2026-05-22T14:00:00,2116.94,3,-0.65,Signal changed to -1.0
PRICE_VS_EMA_SAR_LONG_SHORT,10,None,655,SHORT,2026-05-22T14:00:00,2116.94,2026-05-23T13:00:00,2044.89,23,3.4,Signal changed to 1.0
PRICE_VS_EMA_SAR_LONG_SHORT,10,None,656,LONG,2026-05-23T13:00:00,2044.89,2026-05-24T12:00:00,2119.97,23,3.67,Signal changed to -1.0
PRICE_VS_EMA_SAR_LONG_SHORT,10,None,657,SHORT,2026-05-24T12:00:00,2119.97,2026-05-24T23:00:00,2099.85,11,0.95,Signal changed to 1.0
PRICE_VS_EMA_SAR_LONG_SHORT,10,None,658,LONG,2026-05-24T23:00:00,2099.85,2026-05-25T01:00:00,2094.13,2,-0.27,Signal changed to -1.0
PRICE_VS_EMA_SAR_LONG_SHORT,10,None,659,SHORT,2026-05-25T01:00:00,2094.13,2026-05-25T02:00:00,2098.35,1,-0.2,Signal changed to 1.0
PRICE_VS_EMA_SAR_LONG_SHORT,10,None,660,LONG,2026-05-25T02:00:00,2098.35,2026-05-25T03:00:00,2095.58,1,-0.13,Signal changed to -1.0
PRICE_VS_EMA_SAR_LONG_SHORT,10,None,661,SHORT,2026-05-25T03:00:00,2095.58,2026-05-25T04:00:00,2105.83,1,-0.49,Signal changed to 1.0
PRICE_VS_EMA_SAR_LONG_SHORT,10,None,662,LONG,2026-05-25T04:00:00,2105.83,2026-05-25T19:00:00,2121.43,15,0.74,Signal changed to -1.0
PRICE_VS_EMA_SAR_LONG_SHORT,10,None,663,SHORT,2026-05-25T19:00:00,2121.43,2026-05-26T06:00:00,2101.73,11,0.93,Signal changed to 1.0
PRICE_VS_EMA_SAR_LONG_SHORT,10,None,664,LONG,2026-05-26T06:00:00,2101.73,2026-05-26T07:00:00,2095.61,1,-0.29,Signal changed to -1.0
PRICE_VS_EMA_SAR_LONG_SHORT,10,None,665,SHORT,2026-05-26T07:00:00,2095.61,2026-05-26T10:00:00,2127.56,3,-1.52,Signal changed to 1.0
PRICE_VS_EMA_SAR_LONG_SHORT,10,None,666,LONG,2026-05-26T10:00:00,2127.56,2026-05-26T14:00:00,2109.29,4,-0.86,Signal changed to -1.0
PRICE_VS_EMA_SAR_LONG_SHORT,10,None,667,SHORT,2026-05-26T14:00:00,2109.29,2026-05-27T00:00:00,2083.36,10,1.23,Signal changed to 1.0
PRICE_VS_EMA_SAR_LONG_SHORT,10,None,668,LONG,2026-05-27T00:00:00,2083.36,2026-05-27T01:00:00,2074.53,1,-0.42,Signal changed to -1.0
PRICE_VS_EMA_SAR_LONG_SHORT,10,None,669,SHORT,2026-05-27T01:00:00,2074.53,2026-05-27T05:00:00,2077.37,4,-0.14,Signal changed to 1.0
PRICE_VS_EMA_SAR_LONG_SHORT,10,None,670,LONG,2026-05-27T05:00:00,2077.37,2026-05-27T10:00:00,2079.5,5,0.1,Signal changed to -1.0
PRICE_VS_EMA_SAR_LONG_SHORT,10,None,671,SHORT,2026-05-27T10:00:00,2079.5,2026-05-27T11:00:00,2080.55,1,-0.05,Signal changed to 1.0
PRICE_VS_EMA_SAR_LONG_SHORT,10,None,672,LONG,2026-05-27T11:00:00,2080.55,2026-05-27T12:00:00,2078.76,1,-0.09,Signal changed to -1.0
PRICE_VS_EMA_SAR_LONG_SHORT,10,None,673,SHORT,2026-05-27T12:00:00,2078.76,2026-05-28T14:00:00,1993.62,26,4.1,Signal changed to 1.0
PRICE_VS_EMA_SAR_LONG_SHORT,10,None,674,LONG,2026-05-28T14:00:00,1993.62,2026-05-28T15:00:00,1990.65,1,-0.15,Signal changed to -1.0
PRICE_VS_EMA_SAR_LONG_SHORT,10,None,675,SHORT,2026-05-28T15:00:00,1990.65,2026-05-28T16:00:00,2013.19,1,-1.13,Signal changed to 1.0
PRICE_VS_EMA_SAR_LONG_SHORT,10,None,676,LONG,2026-05-28T16:00:00,2013.19,2026-05-28T22:00:00,2005.6,6,-0.38,Signal changed to -1.0
PRICE_VS_EMA_SAR_LONG_SHORT,10,None,677,SHORT,2026-05-28T22:00:00,2005.6,2026-05-28T23:00:00,2009.9,1,-0.21,Signal changed to 1.0
PRICE_VS_EMA_SAR_LONG_SHORT,10,None,678,LONG,2026-05-28T23:00:00,2009.9,2026-05-29T01:00:00,2008.23,2,-0.08,Signal changed to -1.0
PRICE_VS_EMA_SAR_LONG_SHORT,10,None,679,SHORT,2026-05-29T01:00:00,2008.23,2026-05-29T04:00:00,2008.51,3,-0.01,Signal changed to 1.0
PRICE_VS_EMA_SAR_LONG_SHORT,10,None,680,LONG,2026-05-29T04:00:00,2008.51,2026-05-29T07:00:00,2007.62,3,-0.04,Signal changed to -1.0
PRICE_VS_EMA_SAR_LONG_SHORT,10,None,681,SHORT,2026-05-29T07:00:00,2007.62,2026-05-29T09:00:00,2014.85,2,-0.36,Signal changed to 1.0
PRICE_VS_EMA_SAR_LONG_SHORT,10,None,682,LONG,2026-05-29T09:00:00,2014.85,2026-05-29T11:00:00,2007.58,2,-0.36,Signal changed to -1.0
PRICE_VS_EMA_SAR_LONG_SHORT,10,None,683,SHORT,2026-05-29T11:00:00,2007.58,2026-05-29T15:00:00,2031.62,4,-1.2,Signal changed to 1.0
PRICE_VS_EMA_SAR_LONG_SHORT,10,None,684,LONG,2026-05-29T15:00:00,2031.62,2026-05-29T18:00:00,2011.41,3,-0.99,Signal changed to -1.0
PRICE_VS_EMA_SAR_LONG_SHORT,10,None,685,SHORT,2026-05-29T18:00:00,2011.41,2026-05-29T19:00:00,2016.96,1,-0.28,Signal changed to 1.0
PRICE_VS_EMA_SAR_LONG_SHORT,10,None,686,LONG,2026-05-29T19:00:00,2016.96,2026-05-29T21:00:00,2009.4,2,-0.37,Signal changed to -1.0
PRICE_VS_EMA_SAR_LONG_SHORT,10,None,687,SHORT,2026-05-29T21:00:00,2009.4,2026-05-30T01:00:00,2019.46,4,-0.5,Signal changed to 1.0
PRICE_VS_EMA_SAR_LONG_SHORT,10,None,688,LONG,2026-05-30T01:00:00,2019.46,2026-05-30T03:00:00,2016.83,2,-0.13,Signal changed to -1.0
PRICE_VS_EMA_SAR_LONG_SHORT,10,None,689,SHORT,2026-05-30T03:00:00,2016.83,2026-05-30T05:00:00,2015.95,2,0.04,Signal changed to 1.0
PRICE_VS_EMA_SAR_LONG_SHORT,10,None,690,LONG,2026-05-30T05:00:00,2015.95,2026-05-30T08:00:00,2014.16,3,-0.09,Signal changed to -1.0
PRICE_VS_EMA_SAR_LONG_SHORT,10,None,691,SHORT,2026-05-30T08:00:00,2014.16,2026-05-30T09:00:00,2016.79,1,-0.13,Signal changed to 1.0
PRICE_VS_EMA_SAR_LONG_SHORT,10,None,692,LONG,2026-05-30T09:00:00,2016.79,2026-05-30T22:00:00,2023.57,13,0.34,Signal changed to -1.0
PRICE_VS_EMA_SAR_LONG_SHORT,10,None,693,SHORT,2026-05-30T22:00:00,2023.57,2026-05-31T00:00:00,2027.12,2,-0.18,Signal changed to 1.0
PRICE_VS_EMA_SAR_LONG_SHORT,10,None,694,LONG,2026-05-31T00:00:00,2027.12,2026-05-31T07:00:00,2024.01,7,-0.15,Signal changed to -1.0
PRICE_VS_EMA_SAR_LONG_SHORT,10,None,695,SHORT,2026-05-31T07:00:00,2024.01,2026-05-31T21:00:00,2012.18,14,0.58,Signal changed to 1.0
PRICE_VS_EMA_SAR_LONG_SHORT,10,None,696,LONG,2026-05-31T21:00:00,2012.18,2026-05-31T23:00:00,2007.01,2,-0.26,Signal changed to -1.0
PRICE_VS_EMA_SAR_LONG_SHORT,10,None,697,SHORT,2026-05-31T23:00:00,2007.01,2026-06-01T00:00:00,2015.44,1,-0.42,Signal changed to 1.0
PRICE_VS_EMA_SAR_LONG_SHORT,10,None,698,LONG,2026-06-01T00:00:00,2015.44,2026-06-01T01:00:00,1994.7,1,-1.03,Signal changed to -1.0
PRICE_VS_EMA_SAR_LONG_SHORT,10,None,699,SHORT,2026-06-01T01:00:00,1994.7,2026-06-01T02:00:00,2011.47,1,-0.84,Signal changed to 1.0
PRICE_VS_EMA_SAR_LONG_SHORT,10,None,700,LONG,2026-06-01T02:00:00,2011.47,2026-06-01T04:00:00,1999.99,2,-0.57,Signal changed to -1.0
PRICE_VS_EMA_SAR_LONG_SHORT,10,None,701,SHORT,2026-06-01T04:00:00,1999.99,2026-06-01T17:00:00,1990.62,13,0.47,Signal changed to 1.0
PRICE_VS_EMA_SAR_LONG_SHORT,10,None,702,LONG,2026-06-01T17:00:00,1990.62,2026-06-02T01:00:00,1980.15,8,-0.53,Signal changed to -1.0
PRICE_VS_EMA_SAR_LONG_SHORT,10,None,703,SHORT,2026-06-02T01:00:00,1980.15,2026-06-02T02:00:00,1997.07,1,-0.85,Signal changed to 1.0
PRICE_VS_EMA_SAR_LONG_SHORT,10,None,704,LONG,2026-06-02T02:00:00,1997.07,2026-06-02T05:00:00,1985.01,3,-0.6,Signal changed to -1.0
PRICE_VS_EMA_SAR_LONG_SHORT,10,None,705,SHORT,2026-06-02T05:00:00,1985.01,2026-06-03T05:00:00,1873.45,24,5.62,Signal changed to 1.0
PRICE_VS_EMA_SAR_LONG_SHORT,10,None,706,LONG,2026-06-03T05:00:00,1873.45,2026-06-03T12:00:00,1876.4,7,0.16,Signal changed to -1.0
PRICE_VS_EMA_SAR_LONG_SHORT,10,None,707,SHORT,2026-06-03T12:00:00,1876.4,2026-06-03T21:00:00,1850.1,9,1.4,Signal changed to 1.0
PRICE_VS_EMA_SAR_LONG_SHORT,10,None,708,LONG,2026-06-03T21:00:00,1850.1,2026-06-03T22:00:00,1829.0,1,-1.14,Signal changed to -1.0
PRICE_VS_EMA_SAR_LONG_SHORT,10,None,709,SHORT,2026-06-03T22:00:00,1829.0,2026-06-04T03:00:00,1809.24,5,1.08,Signal changed to 1.0
PRICE_VS_EMA_SAR_LONG_SHORT,10,None,710,LONG,2026-06-04T03:00:00,1809.24,2026-06-04T05:00:00,1784.06,2,-1.39,Signal changed to -1.0
PRICE_VS_EMA_SAR_LONG_SHORT,10,None,711,SHORT,2026-06-04T05:00:00,1784.06,2026-06-04T12:00:00,1778.16,7,0.33,Signal changed to 1.0
PRICE_VS_EMA_SAR_LONG_SHORT,10,None,712,LONG,2026-06-04T12:00:00,1778.16,2026-06-04T14:00:00,1774.38,2,-0.21,Signal changed to -1.0
PRICE_VS_EMA_SAR_LONG_SHORT,10,None,713,SHORT,2026-06-04T14:00:00,1774.38,2026-06-04T15:00:00,1777.02,1,-0.15,Signal changed to 1.0
PRICE_VS_EMA_SAR_LONG_SHORT,10,None,714,LONG,2026-06-04T15:00:00,1777.02,2026-06-04T16:00:00,1772.2,1,-0.27,Signal changed to -1.0
PRICE_VS_EMA_SAR_LONG_SHORT,10,None,715,SHORT,2026-06-04T16:00:00,1772.2,2026-06-04T18:00:00,1776.28,2,-0.23,Signal changed to 1.0
PRICE_VS_EMA_SAR_LONG_SHORT,10,None,716,LONG,2026-06-04T18:00:00,1776.28,2026-06-04T21:00:00,1761.2,3,-0.85,Signal changed to -1.0
PRICE_VS_EMA_SAR_LONG_SHORT,10,None,717,SHORT,2026-06-04T21:00:00,1761.2,2026-06-05T21:00:00,1609.8,24,8.6,Signal changed to 1.0
PRICE_VS_EMA_SAR_LONG_SHORT,10,None,718,LONG,2026-06-05T21:00:00,1609.8,2026-06-05T22:00:00,1597.14,1,-0.79,Signal changed to -1.0
PRICE_VS_EMA_SAR_LONG_SHORT,10,None,719,SHORT,2026-06-05T22:00:00,1597.14,2026-06-06T07:00:00,1575.14,9,1.38,Signal changed to 1.0
PRICE_VS_EMA_SAR_LONG_SHORT,10,None,720,LONG,2026-06-06T07:00:00,1575.14,2026-06-06T09:00:00,1570.69,2,-0.28,Signal changed to -1.0
PRICE_VS_EMA_SAR_LONG_SHORT,10,None,721,SHORT,2026-06-06T09:00:00,1570.69,2026-06-06T12:00:00,1571.32,3,-0.04,Signal changed to 1.0
PRICE_VS_EMA_SAR_LONG_SHORT,10,None,722,LONG,2026-06-06T12:00:00,1571.32,2026-06-06T13:00:00,1557.03,1,-0.91,Signal changed to -1.0
PRICE_VS_EMA_SAR_LONG_SHORT,10,None,723,SHORT,2026-06-06T13:00:00,1557.03,2026-06-06T23:00:00,1569.69,10,-0.81,Signal changed to 1.0
PRICE_VS_EMA_SAR_LONG_SHORT,10,None,724,LONG,2026-06-06T23:00:00,1569.69,2026-06-07T19:00:00,1613.11,20,2.77,Signal changed to -1.0
PRICE_VS_EMA_SAR_LONG_SHORT,10,None,725,SHORT,2026-06-07T19:00:00,1613.11,2026-06-07T20:00:00,1628.14,1,-0.93,Signal changed to 1.0
PRICE_VS_EMA_SAR_LONG_SHORT,10,None,726,LONG,2026-06-07T20:00:00,1628.14,2026-06-08T04:00:00,1657.05,8,1.78,Signal changed to -1.0
PRICE_VS_EMA_SAR_LONG_SHORT,10,None,727,SHORT,2026-06-08T04:00:00,1657.05,2026-06-08T06:00:00,1666.53,2,-0.57,Signal changed to 1.0
PRICE_VS_EMA_SAR_LONG_SHORT,10,None,728,LONG,2026-06-08T06:00:00,1666.53,2026-06-08T08:00:00,1661.17,2,-0.32,Signal changed to -1.0
PRICE_VS_EMA_SAR_LONG_SHORT,10,None,729,SHORT,2026-06-08T08:00:00,1661.17,2026-06-08T09:00:00,1671.1,1,-0.6,Signal changed to 1.0
PRICE_VS_EMA_SAR_LONG_SHORT,10,None,730,LONG,2026-06-08T09:00:00,1671.1,2026-06-08T23:00:00,1690.49,14,1.16,Signal changed to -1.0
PRICE_VS_EMA_SAR_LONG_SHORT,10,None,731,SHORT,2026-06-08T23:00:00,1690.49,2026-06-09T04:00:00,1686.35,5,0.24,Signal changed to 1.0
PRICE_VS_EMA_SAR_LONG_SHORT,10,None,732,LONG,2026-06-09T04:00:00,1686.35,2026-06-09T07:00:00,1679.86,3,-0.38,Signal changed to -1.0
PRICE_VS_EMA_SAR_LONG_SHORT,10,None,733,SHORT,2026-06-09T07:00:00,1679.86,2026-06-09T12:00:00,1676.9,5,0.18,Signal changed to 1.0
PRICE_VS_EMA_SAR_LONG_SHORT,10,None,734,LONG,2026-06-09T12:00:00,1676.9,2026-06-09T13:00:00,1666.71,1,-0.61,Signal changed to -1.0
PRICE_VS_EMA_SAR_LONG_SHORT,10,None,735,SHORT,2026-06-09T13:00:00,1666.71,2026-06-09T19:00:00,1657.33,6,0.56,Signal changed to 1.0
PRICE_VS_EMA_SAR_LONG_SHORT,10,None,736,LONG,2026-06-09T19:00:00,1657.33,2026-06-09T21:00:00,1650.33,2,-0.42,Signal changed to -1.0
PRICE_VS_EMA_SAR_LONG_SHORT,10,None,737,SHORT,2026-06-09T21:00:00,1650.33,2026-06-10T07:00:00,1640.09,10,0.62,Signal changed to 1.0
PRICE_VS_EMA_SAR_LONG_SHORT,10,None,738,LONG,2026-06-10T07:00:00,1640.09,2026-06-10T08:00:00,1621.34,1,-1.14,Signal changed to -1.0
PRICE_VS_EMA_SAR_LONG_SHORT,10,None,739,SHORT,2026-06-10T08:00:00,1621.34,2026-06-10T12:00:00,1635.4,4,-0.87,Signal changed to 1.0
PRICE_VS_EMA_SAR_LONG_SHORT,10,None,740,LONG,2026-06-10T12:00:00,1635.4,2026-06-10T17:00:00,1632.32,5,-0.19,Signal changed to -1.0
PRICE_VS_EMA_SAR_LONG_SHORT,10,None,741,SHORT,2026-06-10T17:00:00,1632.32,2026-06-11T00:00:00,1628.64,7,0.23,Signal changed to 1.0
PRICE_VS_EMA_SAR_LONG_SHORT,10,None,742,LONG,2026-06-11T00:00:00,1628.64,2026-06-11T12:00:00,1651.84,12,1.42,Signal changed to -1.0
PRICE_VS_EMA_SAR_LONG_SHORT,10,None,743,SHORT,2026-06-11T12:00:00,1651.84,2026-06-11T17:00:00,1688.66,5,-2.23,Signal changed to 1.0
PRICE_VS_EMA_SAR_LONG_SHORT,10,None,744,LONG,2026-06-11T17:00:00,1688.66,2026-06-12T01:00:00,1667.09,8,-1.28,Signal changed to -1.0
PRICE_VS_EMA_SAR_LONG_SHORT,10,None,745,SHORT,2026-06-12T01:00:00,1667.09,2026-06-12T02:00:00,1675.59,1,-0.51,Signal changed to 1.0
PRICE_VS_EMA_SAR_LONG_SHORT,10,None,746,LONG,2026-06-12T02:00:00,1675.59,2026-06-12T05:00:00,1664.23,3,-0.68,Signal changed to -1.0
PRICE_VS_EMA_SAR_LONG_SHORT,10,None,747,SHORT,2026-06-12T05:00:00,1664.23,2026-06-12T08:00:00,1673.53,3,-0.56,Signal changed to 1.0
PRICE_VS_EMA_SAR_LONG_SHORT,10,None,748,LONG,2026-06-12T08:00:00,1673.53,2026-06-12T12:00:00,1666.54,4,-0.42,Signal changed to -1.0
PRICE_VS_EMA_SAR_LONG_SHORT,10,None,749,SHORT,2026-06-12T12:00:00,1666.54,2026-06-12T14:00:00,1685.64,2,-1.15,Signal changed to 1.0
PRICE_VS_EMA_SAR_LONG_SHORT,10,None,750,LONG,2026-06-12T14:00:00,1685.64,2026-06-12T15:00:00,1660.08,1,-1.52,Signal changed to -1.0
PRICE_VS_EMA_SAR_LONG_SHORT,10,None,751,SHORT,2026-06-12T15:00:00,1660.08,2026-06-12T16:00:00,1672.9,1,-0.77,Signal changed to 1.0
PRICE_VS_EMA_SAR_LONG_SHORT,10,None,752,LONG,2026-06-12T16:00:00,1672.9,2026-06-12T17:00:00,1668.84,1,-0.24,Signal changed to -1.0
PRICE_VS_EMA_SAR_LONG_SHORT,10,None,753,SHORT,2026-06-12T17:00:00,1668.84,2026-06-13T00:00:00,1667.47,7,0.08,Signal changed to 1.0
PRICE_VS_EMA_SAR_LONG_SHORT,10,None,754,LONG,2026-06-13T00:00:00,1667.47,2026-06-13T03:00:00,1665.25,3,-0.13,Signal changed to -1.0
PRICE_VS_EMA_SAR_LONG_SHORT,10,None,755,SHORT,2026-06-13T03:00:00,1665.25,2026-06-13T06:00:00,1669.7,3,-0.27,Signal changed to 1.0
PRICE_VS_EMA_SAR_LONG_SHORT,10,None,756,LONG,2026-06-13T06:00:00,1669.7,2026-06-13T16:00:00,1676.74,10,0.42,Signal changed to -1.0
PRICE_VS_EMA_SAR_LONG_SHORT,10,None,757,SHORT,2026-06-13T16:00:00,1676.74,2026-06-13T18:00:00,1678.53,2,-0.11,Signal changed to 1.0
PRICE_VS_EMA_SAR_LONG_SHORT,10,None,758,LONG,2026-06-13T18:00:00,1678.53,2026-06-13T20:00:00,1676.53,2,-0.12,Signal changed to -1.0
PRICE_VS_EMA_SAR_LONG_SHORT,10,None,759,SHORT,2026-06-13T20:00:00,1676.53,2026-06-13T21:00:00,1686.44,1,-0.59,Signal changed to 1.0
PRICE_VS_EMA_SAR_LONG_SHORT,10,None,760,LONG,2026-06-13T21:00:00,1686.44,2026-06-14T04:00:00,1677.95,7,-0.5,Signal changed to -1.0
PRICE_VS_EMA_SAR_LONG_SHORT,10,None,761,SHORT,2026-06-14T04:00:00,1677.95,2026-06-14T09:00:00,1678.49,5,-0.03,Signal changed to 1.0
PRICE_VS_EMA_SAR_LONG_SHORT,10,None,762,LONG,2026-06-14T09:00:00,1678.49,2026-06-14T10:00:00,1673.13,1,-0.32,Signal changed to -1.0
PRICE_VS_EMA_SAR_LONG_SHORT,10,None,763,SHORT,2026-06-14T10:00:00,1673.13,2026-06-14T20:00:00,1670.48,10,0.16,Signal changed to 1.0
PRICE_VS_EMA_SAR_LONG_SHORT,10,None,764,LONG,2026-06-14T20:00:00,1670.48,2026-06-15T22:00:00,1789.68,26,7.14,Signal changed to -1.0
PRICE_VS_EMA_SAR_LONG_SHORT,10,None,765,SHORT,2026-06-15T22:00:00,1789.68,2026-06-16T08:00:00,1803.23,10,-0.76,Signal changed to 1.0
PRICE_VS_EMA_SAR_LONG_SHORT,10,None,766,LONG,2026-06-16T08:00:00,1803.23,2026-06-16T14:00:00,1780.56,6,-1.26,Signal changed to -1.0
PRICE_VS_EMA_SAR_LONG_SHORT,10,None,767,SHORT,2026-06-16T14:00:00,1780.56,2026-06-16T17:00:00,1795.1,3,-0.82,Signal changed to 1.0
PRICE_VS_EMA_SAR_LONG_SHORT,10,None,768,LONG,2026-06-16T17:00:00,1795.1,2026-06-16T23:00:00,1792.99,6,-0.12,Signal changed to -1.0
PRICE_VS_EMA_SAR_LONG_SHORT,10,None,769,SHORT,2026-06-16T23:00:00,1792.99,2026-06-17T00:00:00,1794.22,1,-0.07,Signal changed to 1.0
PRICE_VS_EMA_SAR_LONG_SHORT,10,None,770,LONG,2026-06-17T00:00:00,1794.22,2026-06-17T03:00:00,1793.58,3,-0.04,Signal changed to -1.0
PRICE_VS_EMA_SAR_LONG_SHORT,10,None,771,SHORT,2026-06-17T03:00:00,1793.58,2026-06-17T15:00:00,1773.41,12,1.12,Signal changed to 1.0
PRICE_VS_EMA_SAR_LONG_SHORT,10,None,772,LONG,2026-06-17T15:00:00,1773.41,2026-06-17T18:00:00,1770.32,3,-0.17,Signal changed to -1.0
PRICE_VS_EMA_SAR_LONG_SHORT,10,None,773,SHORT,2026-06-17T18:00:00,1770.32,2026-06-18T01:00:00,1754.92,7,0.87,Signal changed to 1.0
PRICE_VS_EMA_SAR_LONG_SHORT,10,None,774,LONG,2026-06-18T01:00:00,1754.92,2026-06-18T03:00:00,1744.17,2,-0.61,Signal changed to -1.0
PRICE_VS_EMA_SAR_LONG_SHORT,10,None,775,SHORT,2026-06-18T03:00:00,1744.17,2026-06-18T07:00:00,1749.79,4,-0.32,Signal changed to 1.0
PRICE_VS_EMA_SAR_LONG_SHORT,10,None,776,LONG,2026-06-18T07:00:00,1749.79,2026-06-18T11:00:00,1743.31,4,-0.37,Signal changed to -1.0
PRICE_VS_EMA_SAR_LONG_SHORT,10,None,777,SHORT,2026-06-18T11:00:00,1743.31,2026-06-18T12:00:00,1750.41,1,-0.41,Signal changed to 1.0
PRICE_VS_EMA_SAR_LONG_SHORT,10,None,778,LONG,2026-06-18T12:00:00,1750.41,2026-06-18T13:00:00,1736.78,1,-0.78,Signal changed to -1.0
PRICE_VS_EMA_SAR_LONG_SHORT,10,None,779,SHORT,2026-06-18T13:00:00,1736.78,2026-06-18T20:00:00,1710.47,7,1.51,Signal changed to 1.0
PRICE_VS_EMA_SAR_LONG_SHORT,10,None,780,LONG,2026-06-18T20:00:00,1710.47,2026-06-18T21:00:00,1708.39,1,-0.12,Signal changed to -1.0
PRICE_VS_EMA_SAR_LONG_SHORT,10,None,781,SHORT,2026-06-18T21:00:00,1708.39,2026-06-18T23:00:00,1711.11,2,-0.16,Signal changed to 1.0
PRICE_VS_EMA_SAR_LONG_SHORT,10,None,782,LONG,2026-06-18T23:00:00,1711.11,2026-06-19T02:00:00,1707.15,3,-0.23,Signal changed to -1.0
PRICE_VS_EMA_SAR_LONG_SHORT,10,None,783,SHORT,2026-06-19T02:00:00,1707.15,2026-06-19T13:00:00,1703.47,11,0.22,Signal changed to 1.0
PRICE_VS_EMA_SAR_LONG_SHORT,10,None,784,LONG,2026-06-19T13:00:00,1703.47,2026-06-19T16:00:00,1696.8,3,-0.39,Signal changed to -1.0
PRICE_VS_EMA_SAR_LONG_SHORT,10,None,785,SHORT,2026-06-19T16:00:00,1696.8,2026-06-19T17:00:00,1704.85,1,-0.47,Signal changed to 1.0
PRICE_VS_EMA_SAR_LONG_SHORT,10,None,786,LONG,2026-06-19T17:00:00,1704.85,2026-06-19T19:00:00,1701.2,2,-0.21,Signal changed to -1.0
PRICE_VS_EMA_SAR_LONG_SHORT,10,None,787,SHORT,2026-06-19T19:00:00,1701.2,2026-06-19T20:00:00,1708.96,1,-0.46,Signal changed to 1.0
PRICE_VS_EMA_SAR_LONG_SHORT,10,None,788,LONG,2026-06-19T20:00:00,1708.96,2026-06-19T21:00:00,1702.03,1,-0.41,Signal changed to -1.0
PRICE_VS_EMA_SAR_LONG_SHORT,10,None,789,SHORT,2026-06-19T21:00:00,1702.03,2026-06-19T22:00:00,1707.61,1,-0.33,Signal changed to 1.0
PRICE_VS_EMA_SAR_LONG_SHORT,10,None,790,LONG,2026-06-19T22:00:00,1707.61,2026-06-20T02:00:00,1704.85,4,-0.16,Signal changed to -1.0
PRICE_VS_EMA_SAR_LONG_SHORT,10,None,791,SHORT,2026-06-20T02:00:00,1704.85,2026-06-20T03:00:00,1708.17,1,-0.19,Signal changed to 1.0
PRICE_VS_EMA_SAR_LONG_SHORT,10,None,792,LONG,2026-06-20T03:00:00,1708.17,2026-06-20T13:00:00,1717.56,10,0.55,Signal changed to -1.0
PRICE_VS_EMA_SAR_LONG_SHORT,10,None,793,SHORT,2026-06-20T13:00:00,1717.56,2026-06-20T14:00:00,1733.48,1,-0.93,Signal changed to 1.0
PRICE_VS_EMA_SAR_LONG_SHORT,10,None,794,LONG,2026-06-20T14:00:00,1733.48,2026-06-20T17:00:00,1726.86,3,-0.38,Signal changed to -1.0
PRICE_VS_EMA_SAR_LONG_SHORT,10,None,795,SHORT,2026-06-20T17:00:00,1726.86,2026-06-20T19:00:00,1729.27,2,-0.14,Signal changed to 1.0
PRICE_VS_EMA_SAR_LONG_SHORT,10,None,796,LONG,2026-06-20T19:00:00,1729.27,2026-06-21T04:00:00,1732.85,9,0.21,Signal changed to -1.0
PRICE_VS_EMA_SAR_LONG_SHORT,10,None,797,SHORT,2026-06-21T04:00:00,1732.85,2026-06-21T06:00:00,1736.14,2,-0.19,Signal changed to 1.0
PRICE_VS_EMA_SAR_LONG_SHORT,10,None,798,LONG,2026-06-21T06:00:00,1736.14,2026-06-21T07:00:00,1732.36,1,-0.22,Signal changed to -1.0
PRICE_VS_EMA_SAR_LONG_SHORT,10,None,799,SHORT,2026-06-21T07:00:00,1732.36,2026-06-21T15:00:00,1730.72,8,0.09,Signal changed to 1.0
PRICE_VS_EMA_SAR_LONG_SHORT,10,None,800,LONG,2026-06-21T15:00:00,1730.72,2026-06-21T16:00:00,1728.15,1,-0.15,Signal changed to -1.0
PRICE_VS_EMA_SAR_LONG_SHORT,10,None,801,SHORT,2026-06-21T16:00:00,1728.15,2026-06-21T18:00:00,1735.39,2,-0.42,Signal changed to 1.0
PRICE_VS_EMA_SAR_LONG_SHORT,10,None,802,LONG,2026-06-21T18:00:00,1735.39,2026-06-21T20:00:00,1721.3,2,-0.81,Signal changed to -1.0
PRICE_VS_EMA_SAR_LONG_SHORT,10,None,803,SHORT,2026-06-21T20:00:00,1721.3,2026-06-22T00:00:00,1726.95,4,-0.33,Signal changed to 1.0
PRICE_VS_EMA_SAR_LONG_SHORT,10,None,804,LONG,2026-06-22T00:00:00,1726.95,2026-06-22T15:00:00,1744.74,15,1.03,Signal changed to -1.0
PRICE_VS_EMA_SAR_LONG_SHORT,10,None,805,SHORT,2026-06-22T15:00:00,1744.74,2026-06-23T20:00:00,1664.13,29,4.62,Signal changed to 1.0
PRICE_VS_EMA_SAR_LONG_SHORT,10,None,806,LONG,2026-06-23T20:00:00,1664.13,2026-06-24T02:00:00,1664.03,6,-0.01,Signal changed to -1.0
PRICE_VS_EMA_SAR_LONG_SHORT,10,None,807,SHORT,2026-06-24T02:00:00,1664.03,2026-06-24T03:00:00,1666.67,1,-0.16,Signal changed to 1.0
PRICE_VS_EMA_SAR_LONG_SHORT,10,None,808,LONG,2026-06-24T03:00:00,1666.67,2026-06-24T09:00:00,1667.15,6,0.03,Signal changed to -1.0
PRICE_VS_EMA_SAR_LONG_SHORT,10,None,809,SHORT,2026-06-24T09:00:00,1667.15,2026-06-24T11:00:00,1679.57,2,-0.74,Signal changed to 1.0
PRICE_VS_EMA_SAR_LONG_SHORT,10,None,810,LONG,2026-06-24T11:00:00,1679.57,2026-06-24T13:00:00,1645.43,2,-2.03,Signal changed to -1.0
PRICE_VS_EMA_SAR_LONG_SHORT,10,None,811,SHORT,2026-06-24T13:00:00,1645.43,2026-06-24T20:00:00,1613.63,7,1.93,Signal changed to 1.0
PRICE_VS_EMA_SAR_LONG_SHORT,10,None,812,LONG,2026-06-24T20:00:00,1613.63,2026-06-25T10:00:00,1636.58,14,1.42,Signal changed to -1.0
PRICE_VS_EMA_SAR_LONG_SHORT,10,None,813,SHORT,2026-06-25T10:00:00,1636.58,2026-06-25T21:00:00,1580.77,11,3.41,Signal changed to 1.0
PRICE_VS_EMA_SAR_LONG_SHORT,10,None,814,LONG,2026-06-25T21:00:00,1580.77,2026-06-25T22:00:00,1570.3,1,-0.66,Signal changed to -1.0
PRICE_VS_EMA_SAR_LONG_SHORT,10,None,815,SHORT,2026-06-25T22:00:00,1570.3,2026-06-26T06:00:00,1570.99,8,-0.04,Signal changed to 1.0
PRICE_VS_EMA_SAR_LONG_SHORT,10,None,816,LONG,2026-06-26T06:00:00,1570.99,2026-06-26T09:00:00,1552.99,3,-1.15,Signal changed to -1.0
PRICE_VS_EMA_SAR_LONG_SHORT,10,None,817,SHORT,2026-06-26T09:00:00,1552.99,2026-06-26T13:00:00,1569.4,4,-1.06,Signal changed to 1.0
PRICE_VS_EMA_SAR_LONG_SHORT,10,None,818,LONG,2026-06-26T13:00:00,1569.4,2026-06-27T17:00:00,1591.42,28,1.4,Signal changed to -1.0
PRICE_VS_EMA_SAR_LONG_SHORT,10,None,819,SHORT,2026-06-27T17:00:00,1591.42,2026-06-27T18:00:00,1593.92,1,-0.16,Signal changed to 1.0
PRICE_VS_EMA_SAR_LONG_SHORT,10,None,820,LONG,2026-06-27T18:00:00,1593.92,2026-06-27T19:00:00,1578.51,1,-0.97,Signal changed to -1.0
PRICE_VS_EMA_SAR_LONG_SHORT,10,None,821,SHORT,2026-06-27T19:00:00,1578.51,2026-06-28T07:00:00,1575.96,12,0.16,Signal changed to 1.0
PRICE_VS_EMA_SAR_LONG_SHORT,10,None,822,LONG,2026-06-28T07:00:00,1575.96,2026-06-28T16:00:00,1572.85,9,-0.2,Signal changed to -1.0
PRICE_VS_EMA_SAR_LONG_SHORT,10,None,823,SHORT,2026-06-28T16:00:00,1572.85,2026-06-28T23:00:00,1571.96,7,0.06,Signal changed to 1.0
PRICE_VS_EMA_SAR_LONG_SHORT,10,None,824,LONG,2026-06-28T23:00:00,1571.96,2026-06-29T01:00:00,1568.7,2,-0.21,Signal changed to -1.0
PRICE_VS_EMA_SAR_LONG_SHORT,10,None,825,SHORT,2026-06-29T01:00:00,1568.7,2026-06-29T02:00:00,1576.6,1,-0.5,Signal changed to 1.0
PRICE_VS_EMA_SAR_LONG_SHORT,10,None,826,LONG,2026-06-29T02:00:00,1576.6,2026-06-29T08:00:00,1572.98,6,-0.23,Signal changed to -1.0
PRICE_VS_EMA_SAR_LONG_SHORT,10,None,827,SHORT,2026-06-29T08:00:00,1572.98,2026-06-29T10:00:00,1578.6,2,-0.36,Signal changed to 1.0
PRICE_VS_EMA_SAR_LONG_SHORT,10,None,828,LONG,2026-06-29T10:00:00,1578.6,2026-06-29T11:00:00,1574.93,1,-0.23,Signal changed to -1.0
PRICE_VS_EMA_SAR_LONG_SHORT,10,None,829,SHORT,2026-06-29T11:00:00,1574.93,2026-06-29T15:00:00,1580.26,4,-0.34,Signal changed to 1.0
PRICE_VS_EMA_SAR_LONG_SHORT,10,None,830,LONG,2026-06-29T15:00:00,1580.26,2026-06-30T00:00:00,1594.41,9,0.9,Signal changed to -1.0
PRICE_VS_EMA_SAR_LONG_SHORT,10,None,831,SHORT,2026-06-30T00:00:00,1594.41,2026-06-30T18:00:00,1579.11,18,0.96,Signal changed to 1.0
PRICE_VS_EMA_SAR_LONG_SHORT,10,None,832,LONG,2026-06-30T18:00:00,1579.11,2026-06-30T21:00:00,1571.68,3,-0.47,Signal changed to -1.0
PRICE_VS_EMA_SAR_LONG_SHORT,10,None,833,SHORT,2026-06-30T21:00:00,1571.68,2026-07-01T00:00:00,1575.07,3,-0.22,Signal changed to 1.0
PRICE_VS_EMA_SAR_LONG_SHORT,10,None,834,LONG,2026-07-01T00:00:00,1575.07,2026-07-01T06:00:00,1575.99,6,0.06,Signal changed to -1.0
PRICE_VS_EMA_SAR_LONG_SHORT,10,None,835,SHORT,2026-07-01T06:00:00,1575.99,2026-07-01T13:00:00,1597.22,7,-1.35,Signal changed to 1.0
PRICE_VS_EMA_SAR_LONG_SHORT,10,None,836,LONG,2026-07-01T13:00:00,1597.22,2026-07-01T23:00:00,1609.58,10,0.77,Signal changed to -1.0
PRICE_VS_EMA_SAR_LONG_SHORT,10,None,837,SHORT,2026-07-01T23:00:00,1609.58,2026-07-02T01:00:00,1620.48,2,-0.68,Signal changed to 1.0
PRICE_VS_EMA_SAR_LONG_SHORT,10,None,838,LONG,2026-07-02T01:00:00,1620.48,2026-07-02T06:00:00,1619.14,5,-0.08,Signal changed to -1.0
PRICE_VS_EMA_SAR_LONG_SHORT,10,None,839,SHORT,2026-07-02T06:00:00,1619.14,2026-07-02T08:00:00,1624.92,2,-0.36,Signal changed to 1.0
PRICE_VS_EMA_SAR_LONG_SHORT,10,None,840,LONG,2026-07-02T08:00:00,1624.92,2026-07-04T01:00:00,1747.93,41,7.57,Signal changed to -1.0
PRICE_VS_EMA_SAR_LONG_SHORT,10,None,841,SHORT,2026-07-04T01:00:00,1747.93,2026-07-04T03:00:00,1753.92,2,-0.34,Signal changed to 1.0
PRICE_VS_EMA_SAR_LONG_SHORT,10,None,842,LONG,2026-07-04T03:00:00,1753.92,2026-07-04T23:00:00,1780.64,20,1.52,Signal changed to -1.0
PRICE_VS_EMA_SAR_LONG_SHORT,10,None,843,SHORT,2026-07-04T23:00:00,1780.64,2026-07-05T07:00:00,1770.1,8,0.59,Signal changed to 1.0
PRICE_VS_EMA_SAR_LONG_SHORT,10,None,844,LONG,2026-07-05T07:00:00,1770.1,2026-07-05T08:00:00,1767.71,1,-0.14,Signal changed to -1.0
PRICE_VS_EMA_SAR_LONG_SHORT,10,None,845,SHORT,2026-07-05T08:00:00,1767.71,2026-07-05T13:00:00,1766.26,5,0.08,Signal changed to 1.0
PRICE_VS_EMA_SAR_LONG_SHORT,10,None,846,LONG,2026-07-05T13:00:00,1766.26,2026-07-06T03:00:00,1779.71,14,0.76,Signal changed to -1.0
PRICE_VS_EMA_SAR_LONG_SHORT,10,None,847,SHORT,2026-07-06T03:00:00,1779.71,2026-07-06T15:00:00,1788.57,12,-0.5,Signal changed to 1.0
PRICE_VS_EMA_SAR_LONG_SHORT,10,None,848,LONG,2026-07-06T15:00:00,1788.57,2026-07-07T01:00:00,1792.64,10,0.23,Signal changed to -1.0
PRICE_VS_EMA_SAR_LONG_SHORT,10,None,849,SHORT,2026-07-07T01:00:00,1792.64,2026-07-07T09:00:00,1778.16,8,0.81,Signal changed to 1.0
PRICE_VS_EMA_SAR_LONG_SHORT,10,None,850,LONG,2026-07-07T09:00:00,1778.16,2026-07-07T10:00:00,1775.8,1,-0.13,Signal changed to -1.0
PRICE_VS_EMA_SAR_LONG_SHORT,10,None,851,SHORT,2026-07-07T10:00:00,1775.8,2026-07-07T11:00:00,1780.77,1,-0.28,Signal changed to 1.0
PRICE_VS_EMA_SAR_LONG_SHORT,10,None,852,LONG,2026-07-07T11:00:00,1780.77,2026-07-07T13:00:00,1769.01,2,-0.66,Signal changed to -1.0
PRICE_VS_EMA_SAR_LONG_SHORT,10,None,853,SHORT,2026-07-07T13:00:00,1769.01,2026-07-07T14:00:00,1789.46,1,-1.16,Signal changed to 1.0
PRICE_VS_EMA_SAR_LONG_SHORT,10,None,854,LONG,2026-07-07T14:00:00,1789.46,2026-07-07T18:00:00,1786.6,4,-0.16,Signal changed to -1.0
PRICE_VS_EMA_SAR_LONG_SHORT,10,None,855,SHORT,2026-07-07T18:00:00,1786.6,2026-07-07T19:00:00,1790.45,1,-0.22,Signal changed to 1.0
PRICE_VS_EMA_SAR_LONG_SHORT,10,None,856,LONG,2026-07-07T19:00:00,1790.45,2026-07-07T20:00:00,1784.12,1,-0.35,Signal changed to -1.0
PRICE_VS_EMA_SAR_LONG_SHORT,10,None,857,SHORT,2026-07-07T20:00:00,1784.12,2026-07-08T19:00:00,1740.98,23,2.42,Signal changed to 1.0
PRICE_VS_EMA_SAR_LONG_SHORT,10,None,858,LONG,2026-07-08T19:00:00,1740.98,2026-07-08T20:00:00,1736.42,1,-0.26,Signal changed to -1.0
PRICE_VS_EMA_SAR_LONG_SHORT,10,None,859,SHORT,2026-07-08T20:00:00,1736.42,2026-07-08T21:00:00,1738.06,1,-0.09,Signal changed to 1.0
PRICE_VS_EMA_SAR_LONG_SHORT,10,None,860,LONG,2026-07-08T21:00:00,1738.06,2026-07-09T00:00:00,1738.22,3,0.01,Signal changed to -1.0
PRICE_VS_EMA_SAR_LONG_SHORT,10,None,861,SHORT,2026-07-09T00:00:00,1738.22,2026-07-09T04:00:00,1742.51,4,-0.25,Signal changed to 1.0
PRICE_VS_EMA_SAR_LONG_SHORT,10,None,862,LONG,2026-07-09T04:00:00,1742.51,2026-07-09T10:00:00,1746.31,6,0.22,Signal changed to -1.0
PRICE_VS_EMA_SAR_LONG_SHORT,10,None,863,SHORT,2026-07-09T10:00:00,1746.31,2026-07-09T13:00:00,1746.99,3,-0.04,Signal changed to 1.0
PRICE_VS_EMA_SAR_LONG_SHORT,10,None,864,LONG,2026-07-09T13:00:00,1746.99,2026-07-09T14:00:00,1743.14,1,-0.22,Signal changed to -1.0
PRICE_VS_EMA_SAR_LONG_SHORT,10,None,865,SHORT,2026-07-09T14:00:00,1743.14,2026-07-09T17:00:00,1748.52,3,-0.31,Signal changed to 1.0
PRICE_VS_EMA_SAR_LONG_SHORT,10,None,866,LONG,2026-07-09T17:00:00,1748.52,2026-07-09T23:00:00,1745.16,6,-0.19,Signal changed to -1.0
PRICE_VS_EMA_SAR_LONG_SHORT,10,None,867,SHORT,2026-07-09T23:00:00,1745.16,2026-07-10T01:00:00,1767.62,2,-1.29,Signal changed to 1.0
PRICE_VS_EMA_SAR_LONG_SHORT,10,None,868,LONG,2026-07-10T01:00:00,1767.62,2026-07-10T14:00:00,1785.06,13,0.99,Signal changed to -1.0
PRICE_VS_EMA_SAR_LONG_SHORT,10,None,869,SHORT,2026-07-10T14:00:00,1785.06,2026-07-10T15:00:00,1791.11,1,-0.34,Signal changed to 1.0
PRICE_VS_EMA_SAR_LONG_SHORT,10,None,870,LONG,2026-07-10T15:00:00,1791.11,2026-07-10T17:00:00,1788.03,2,-0.17,Signal changed to -1.0
PRICE_VS_EMA_SAR_LONG_SHORT,10,None,871,SHORT,2026-07-10T17:00:00,1788.03,2026-07-10T19:00:00,1792.68,2,-0.26,Signal changed to 1.0
PRICE_VS_EMA_SAR_LONG_SHORT,10,None,872,LONG,2026-07-10T19:00:00,1792.68,2026-07-11T01:00:00,1789.09,6,-0.2,Signal changed to -1.0
PRICE_VS_EMA_SAR_LONG_SHORT,10,None,873,SHORT,2026-07-11T01:00:00,1789.09,2026-07-11T02:00:00,1795.59,1,-0.36,Signal changed to 1.0
PRICE_VS_EMA_SAR_LONG_SHORT,10,None,874,LONG,2026-07-11T02:00:00,1795.59,2026-07-11T09:00:00,1795.5,7,-0.01,Signal changed to -1.0
PRICE_VS_EMA_SAR_LONG_SHORT,10,None,875,SHORT,2026-07-11T09:00:00,1795.5,2026-07-11T10:00:00,1798.3,1,-0.16,Signal changed to 1.0
PRICE_VS_EMA_SAR_LONG_SHORT,10,None,876,LONG,2026-07-11T10:00:00,1798.3,2026-07-11T22:00:00,1813.73,12,0.86,Signal changed to -1.0
PRICE_VS_EMA_SAR_LONG_SHORT,10,None,877,SHORT,2026-07-11T22:00:00,1813.73,2026-07-12T03:00:00,1811.53,5,0.12,Signal changed to 1.0
PRICE_VS_EMA_SAR_LONG_SHORT,10,None,878,LONG,2026-07-12T03:00:00,1811.53,2026-07-12T04:00:00,1805.92,1,-0.31,Signal changed to -1.0
PRICE_VS_EMA_SAR_LONG_SHORT,10,None,879,SHORT,2026-07-12T04:00:00,1805.92,2026-07-12T08:00:00,1805.22,4,0.04,Signal changed to 1.0
PRICE_VS_EMA_SAR_LONG_SHORT,10,None,880,LONG,2026-07-12T08:00:00,1805.22,2026-07-12T09:00:00,1802.39,1,-0.16,Signal changed to -1.0
PRICE_VS_EMA_SAR_LONG_SHORT,10,None,881,SHORT,2026-07-12T09:00:00,1802.39,2026-07-12T11:00:00,1803.77,2,-0.08,Signal changed to 1.0
PRICE_VS_EMA_SAR_LONG_SHORT,10,None,882,LONG,2026-07-12T11:00:00,1803.77,2026-07-12T21:00:00,1812.28,10,0.47,Signal changed to -1.0
PRICE_VS_EMA_SAR_LONG_SHORT,10,None,883,SHORT,2026-07-12T21:00:00,1812.28,2026-07-13T00:00:00,1826.59,3,-0.79,Signal changed to 1.0
PRICE_VS_EMA_SAR_LONG_SHORT,10,None,884,LONG,2026-07-13T00:00:00,1826.59,2026-07-13T01:00:00,1806.83,1,-1.08,Signal changed to -1.0
PRICE_VS_EMA_SAR_LONG_SHORT,10,None,885,SHORT,2026-07-13T01:00:00,1806.83,2026-07-13T19:00:00,1774.92,18,1.77,Signal changed to 1.0
PRICE_VS_EMA_SAR_LONG_SHORT,10,None,886,LONG,2026-07-13T19:00:00,1774.92,2026-07-13T20:00:00,1767.33,1,-0.43,Signal changed to -1.0
PRICE_VS_EMA_SAR_LONG_SHORT,10,None,887,SHORT,2026-07-13T20:00:00,1767.33,2026-07-13T23:00:00,1776.72,3,-0.53,Signal changed to 1.0
PRICE_VS_EMA_SAR_LONG_SHORT,10,None,888,LONG,2026-07-13T23:00:00,1776.72,2026-07-15T01:00:00,1870.2,26,5.26,Signal changed to -1.0
PRICE_VS_EMA_SAR_LONG_SHORT,10,None,889,SHORT,2026-07-15T01:00:00,1870.2,2026-07-15T03:00:00,1876.08,2,-0.31,Signal changed to 1.0
PRICE_VS_EMA_SAR_LONG_SHORT,10,None,890,LONG,2026-07-15T03:00:00,1876.08,2026-07-15T07:00:00,1870.04,4,-0.32,Signal changed to -1.0
PRICE_VS_EMA_SAR_LONG_SHORT,10,None,891,SHORT,2026-07-15T07:00:00,1870.04,2026-07-15T08:00:00,1879.22,1,-0.49,Signal changed to 1.0
PRICE_VS_EMA_SAR_LONG_SHORT,10,None,892,LONG,2026-07-15T08:00:00,1879.22,2026-07-15T23:00:00,1917.86,15,2.06,Signal changed to -1.0
PRICE_VS_EMA_SAR_LONG_SHORT,10,None,893,SHORT,2026-07-15T23:00:00,1917.86,2026-07-16T01:00:00,1922.7,2,-0.25,Signal changed to 1.0
PRICE_VS_EMA_SAR_LONG_SHORT,10,None,894,LONG,2026-07-16T01:00:00,1922.7,2026-07-16T03:00:00,1918.7,2,-0.21,Signal changed to -1.0
PRICE_VS_EMA_SAR_LONG_SHORT,10,None,895,SHORT,2026-07-16T03:00:00,1918.7,2026-07-16T05:00:00,1925.66,2,-0.36,Signal changed to 1.0
PRICE_VS_EMA_SAR_LONG_SHORT,10,None,896,LONG,2026-07-16T05:00:00,1925.66,2026-07-16T07:00:00,1910.63,2,-0.78,Signal changed to -1.0
PRICE_VS_EMA_SAR_LONG_SHORT,10,None,897,SHORT,2026-07-16T07:00:00,1910.63,2026-07-17T16:00:00,1835.91,33,3.91,Signal changed to 1.0
PRICE_VS_EMA_SAR_LONG_SHORT,10,None,898,LONG,2026-07-17T16:00:00,1835.91,2026-07-18T13:00:00,1841.61,21,0.31,Signal changed to -1.0
PRICE_VS_EMA_SAR_LONG_SHORT,10,None,899,SHORT,2026-07-18T13:00:00,1841.61,2026-07-18T14:00:00,1845.95,1,-0.24,Signal changed to 1.0
PRICE_VS_EMA_SAR_LONG_SHORT,10,None,900,LONG,2026-07-18T14:00:00,1845.95,2026-07-18T15:00:00,1844.15,1,-0.1,Signal changed to -1.0
PRICE_VS_EMA_SAR_LONG_SHORT,10,None,901,SHORT,2026-07-18T15:00:00,1844.15,2026-07-18T16:00:00,1846.11,1,-0.11,Signal changed to 1.0
PRICE_VS_EMA_SAR_LONG_SHORT,10,None,902,LONG,2026-07-18T16:00:00,1846.11,2026-07-19T09:00:00,1866.16,17,1.09,Signal changed to -1.0
PRICE_VS_EMA_SAR_LONG_SHORT,10,None,903,SHORT,2026-07-19T09:00:00,1866.16,2026-07-19T10:00:00,1872.25,1,-0.33,Signal changed to 1.0
PRICE_VS_EMA_SAR_LONG_SHORT,10,None,904,LONG,2026-07-19T10:00:00,1872.25,2026-07-19T16:00:00,1866.8,6,-0.29,Signal changed to -1.0
PRICE_VS_EMA_SAR_LONG_SHORT,10,None,905,SHORT,2026-07-19T16:00:00,1866.8,2026-07-19T20:00:00,1867.14,4,-0.02,Signal changed to 1.0
PRICE_VS_EMA_SAR_LONG_SHORT,10,None,906,LONG,2026-07-19T20:00:00,1867.14,2026-07-19T21:00:00,1862.12,1,-0.27,Signal changed to -1.0
PRICE_VS_EMA_SAR_LONG_SHORT,10,None,907,SHORT,2026-07-19T21:00:00,1862.12,2026-07-19T22:00:00,1870.44,1,-0.45,Signal changed to 1.0
PRICE_VS_EMA_SAR_LONG_SHORT,10,None,908,LONG,2026-07-19T22:00:00,1870.44,2026-07-20T04:00:00,1868.94,6,-0.08,Signal changed to -1.0
PRICE_VS_EMA_SAR_LONG_SHORT,10,None,909,SHORT,2026-07-20T04:00:00,1868.94,2026-07-20T10:00:00,1868.85,6,0.0,Signal changed to 1.0
PRICE_VS_EMA_SAR_LONG_SHORT,10,None,910,LONG,2026-07-20T10:00:00,1868.85,2026-07-20T13:00:00,1862.68,3,-0.33,Signal changed to -1.0
PRICE_VS_EMA_SAR_LONG_SHORT,10,None,911,SHORT,2026-07-20T13:00:00,1862.68,2026-07-20T15:00:00,1902.34,2,-2.13,Signal changed to 1.0
PRICE_VS_EMA_SAR_LONG_SHORT,10,None,912,LONG,2026-07-20T15:00:00,1902.34,2026-07-21T14:00:00,1931.87,23,1.55,Signal changed to -1.0
PRICE_VS_EMA_SAR_LONG_SHORT,10,None,913,SHORT,2026-07-21T14:00:00,1931.87,2026-07-21T23:00:00,1930.09,9,0.09,Signal changed to 1.0
PRICE_VS_EMA_SAR_LONG_SHORT,10,None,914,LONG,2026-07-21T23:00:00,1930.09,2026-07-22T03:00:00,1928.77,4,-0.07,Signal changed to -1.0
PRICE_VS_EMA_SAR_LONG_SHORT,10,None,915,SHORT,2026-07-22T03:00:00,1928.77,2026-07-22T04:00:00,1936.82,1,-0.42,Signal changed to 1.0
PRICE_VS_EMA_SAR_LONG_SHORT,10,None,916,LONG,2026-07-22T04:00:00,1936.82,2026-07-22T05:00:00,1919.35,1,-0.9,Signal changed to -1.0
PRICE_VS_EMA_SAR_LONG_SHORT,10,None,917,SHORT,2026-07-22T05:00:00,1919.35,2026-07-22T09:00:00,1924.49,4,-0.27,Signal changed to 1.0
PRICE_VS_EMA_SAR_LONG_SHORT,10,None,918,LONG,2026-07-22T09:00:00,1924.49,2026-07-22T12:00:00,1917.17,3,-0.38,Signal changed to -1.0
PRICE_VS_EMA_SAR_LONG_SHORT,10,None,919,SHORT,2026-07-22T12:00:00,1917.17,2026-07-22T13:00:00,1939.93,1,-1.19,Signal changed to 1.0
PRICE_VS_EMA_SAR_LONG_SHORT,10,None,920,LONG,2026-07-22T13:00:00,1939.93,2026-07-22T18:00:00,1930.69,5,-0.48,Signal changed to -1.0
PRICE_VS_EMA_SAR_LONG_SHORT,10,None,921,SHORT,2026-07-22T18:00:00,1930.69,2026-07-22T21:00:00,1938.76,3,-0.42,Signal changed to 1.0
PRICE_VS_EMA_SAR_LONG_SHORT,10,None,922,LONG,2026-07-22T21:00:00,1938.76,2026-07-23T00:00:00,1932.37,3,-0.33,Signal changed to -1.0
PRICE_VS_EMA_SAR_LONG_SHORT,10,None,923,SHORT,2026-07-23T00:00:00,1932.37,2026-07-23T08:00:00,1926.54,8,0.3,Signal changed to 1.0
PRICE_VS_EMA_SAR_LONG_SHORT,10,None,924,LONG,2026-07-23T08:00:00,1926.54,2026-07-23T09:00:00,1924.36,1,-0.11,Signal changed to -1.0
PRICE_VS_EMA_SAR_LONG_SHORT,10,None,925,SHORT,2026-07-23T09:00:00,1924.36,2026-07-23T10:00:00,1928.14,1,-0.2,Signal changed to 1.0
PRICE_VS_EMA_SAR_LONG_SHORT,10,None,926,LONG,2026-07-23T10:00:00,1928.14,2026-07-23T12:00:00,1904.64,2,-1.22,Signal changed to -1.0
PRICE_VS_EMA_SAR_LONG_SHORT,10,None,927,SHORT,2026-07-23T12:00:00,1904.64,2026-07-24T03:00:00,1880.67,15,1.26,Signal changed to 1.0
PRICE_VS_EMA_SAR_LONG_SHORT,10,None,928,LONG,2026-07-24T03:00:00,1880.67,2026-07-24T04:00:00,1876.12,1,-0.24,Signal changed to -1.0
PRICE_VS_EMA_SAR_LONG_SHORT,10,None,929,SHORT,2026-07-24T04:00:00,1876.12,2026-07-24T05:00:00,1880.97,1,-0.26,Signal changed to 1.0
PRICE_VS_EMA_SAR_LONG_SHORT,10,None,930,LONG,2026-07-24T05:00:00,1880.97,2026-07-24T10:00:00,1883.82,5,0.15,Signal changed to -1.0
PRICE_VS_EMA_SAR_LONG_SHORT,10,None,931,SHORT,2026-07-24T10:00:00,1883.82,2026-07-25T04:00:00,1861.28,18,1.2,Signal changed to 1.0
PRICE_VS_EMA_SAR_LONG_SHORT,10,None,932,LONG,2026-07-25T04:00:00,1861.28,2026-07-25T05:00:00,1858.42,1,-0.15,Signal changed to -1.0
PRICE_VS_EMA_SAR_LONG_SHORT,10,None,933,SHORT,2026-07-25T05:00:00,1858.42,2026-07-25T10:00:00,1858.62,5,-0.01,Signal changed to 1.0
PRICE_VS_EMA_SAR_LONG_SHORT,10,None,934,LONG,2026-07-25T10:00:00,1858.62,2026-07-25T11:00:00,1857.75,1,-0.05,Signal changed to -1.0
PRICE_VS_EMA_SAR_LONG_SHORT,10,None,935,SHORT,2026-07-25T11:00:00,1857.75,2026-07-25T12:00:00,1860.32,1,-0.14,Signal changed to 1.0
PRICE_VS_EMA_SAR_LONG_SHORT,10,None,936,LONG,2026-07-25T12:00:00,1860.32,2026-07-27T12:00:00,1957.59,48,5.23,Signal changed to -1.0
PRICE_VS_EMA_SAR_LONG_SHORT,10,None,937,SHORT,2026-07-27T12:00:00,1957.59,2026-07-27T13:00:00,1961.16,1,-0.18,Signal changed to 1.0
PRICE_VS_EMA_SAR_LONG_SHORT,10,None,938,LONG,2026-07-27T13:00:00,1961.16,2026-07-27T14:00:00,1932.3,1,-1.47,Signal changed to -1.0
PRICE_VS_EMA_SAR_LONG_SHORT,10,None,939,SHORT,2026-07-27T14:00:00,1932.3,2026-07-27T19:00:00,1948.31,5,-0.83,Signal changed to 1.0
PRICE_VS_EMA_SAR_LONG_SHORT,10,None,940,LONG,2026-07-27T19:00:00,1948.31,2026-07-27T21:00:00,1941.9,2,-0.33,Signal changed to -1.0
PRICE_VS_EMA_SAR_LONG_SHORT,10,None,941,SHORT,2026-07-27T21:00:00,1941.9,2026-07-28T12:00:00,1892.48,15,2.54,Signal changed to 1.0
PRICE_VS_EMA_SAR_LONG_SHORT,10,None,942,LONG,2026-07-28T12:00:00,1892.48,2026-07-28T13:00:00,1874.08,1,-0.97,Signal changed to -1.0
PRICE_VS_EMA_SAR_LONG_SHORT,10,None,943,SHORT,2026-07-28T13:00:00,1874.08,2026-07-28T14:00:00,1888.95,1,-0.79,Signal changed to 1.0
PRICE_VS_EMA_SAR_LONG_SHORT,10,None,944,LONG,2026-07-28T14:00:00,1888.95,2026-07-29T01:00:00,1905.7,11,0.89,Signal changed to -1.0
PRICE_VS_EMA_SAR_LONG_SHORT,10,None,945,SHORT,2026-07-29T01:00:00,1905.7,2026-07-29T05:00:00,1912.54,4,-0.36,Signal changed to 1.0
PRICE_VS_EMA_SAR_LONG_SHORT,10,None,946,LONG,2026-07-29T05:00:00,1912.54,2026-07-29T10:00:00,1912.16,5,-0.02,Signal changed to -1.0
PRICE_VS_EMA_SAR_LONG_SHORT,10,None,947,SHORT,2026-07-29T10:00:00,1912.16,2026-07-29T11:00:00,1915.26,1,-0.16,Signal changed to 1.0
PRICE_VS_EMA_SAR_LONG_SHORT,10,None,948,LONG,2026-07-29T11:00:00,1915.26,2026-07-29T12:00:00,1905.23,1,-0.52,Signal changed to -1.0
PRICE_VS_EMA_SAR_LONG_SHORT,10,None,949,SHORT,2026-07-29T12:00:00,1905.23,2026-07-29T17:00:00,1916.16,5,-0.57,Signal changed to 1.0
PRICE_VS_EMA_SAR_LONG_SHORT,10,None,950,LONG,2026-07-29T17:00:00,1916.16,2026-07-29T19:00:00,1888.56,2,-1.44,Signal changed to -1.0
PRICE_VS_EMA_SAR_LONG_SHORT,10,None,951,SHORT,2026-07-29T19:00:00,1888.56,2026-07-29T22:00:00,1907.18,3,-0.99,Signal changed to 1.0
PRICE_VS_EMA_SAR_LONG_SHORT,10,None,952,LONG,2026-07-29T22:00:00,1907.18,2026-07-30T00:00:00,1898.22,2,-0.47,Signal changed to -1.0
PRICE_VS_EMA_SAR_LONG_SHORT,10,None,953,SHORT,2026-07-30T00:00:00,1898.22,2026-07-30T01:00:00,1916.77,1,-0.98,Signal changed to 1.0
PRICE_VS_EMA_SAR_LONG_SHORT,10,None,954,LONG,2026-07-30T01:00:00,1916.77,2026-07-30T04:00:00,1901.99,3,-0.77,Signal changed to -1.0
PRICE_VS_EMA_SAR_LONG_SHORT,10,None,955,SHORT,2026-07-30T04:00:00,1901.99,2026-07-30T05:00:00,1906.34,1,-0.23,Signal changed to 1.0
PRICE_VS_EMA_SAR_LONG_SHORT,10,None,956,LONG,2026-07-30T05:00:00,1906.34,2026-07-30T06:00:00,1901.32,1,-0.26,Signal changed to -1.0
PRICE_VS_EMA_SAR_LONG_SHORT,10,None,957,SHORT,2026-07-30T06:00:00,1901.32,2026-07-30T08:00:00,1914.99,2,-0.72,Signal changed to 1.0
PRICE_VS_EMA_SAR_LONG_SHORT,10,None,958,LONG,2026-07-30T08:00:00,1914.99,2026-07-30T14:00:00,1917.4,6,0.13,Signal changed to -1.0
PRICE_VS_EMA_SAR_LONG_SHORT,10,None,959,SHORT,2026-07-30T14:00:00,1917.4,2026-07-30T15:00:00,1918.9,1,-0.08,Signal changed to 1.0
PRICE_VS_EMA_SAR_LONG_SHORT,10,None,960,LONG,2026-07-30T15:00:00,1918.9,2026-07-30T18:00:00,1916.29,3,-0.14,Signal changed to -1.0
PRICE_VS_EMA_SAR_LONG_SHORT,10,None,961,SHORT,2026-07-30T18:00:00,1916.29,2026-07-30T19:00:00,1923.68,1,-0.39,Signal changed to 1.0
PRICE_VS_EMA_SAR_LONG_SHORT,10,None,962,LONG,2026-07-30T19:00:00,1923.68,2026-07-30T21:00:00,1918.67,2,-0.26,Signal changed to -1.0
PRICE_VS_EMA_SAR_LONG_SHORT,10,None,963,SHORT,2026-07-30T21:00:00,1918.67,2026-07-30T22:00:00,1925.63,1,-0.36,Signal changed to 1.0
PRICE_VS_EMA_SAR_LONG_SHORT,10,None,964,LONG,2026-07-30T22:00:00,1925.63,2026-07-30T23:00:00,1918.31,1,-0.38,Signal changed to -1.0
PRICE_VS_EMA_SAR_LONG_SHORT,10,None,965,SHORT,2026-07-30T23:00:00,1918.31,2026-08-01T01:00:00,1867.03,26,2.67,Signal changed to 1.0
PRICE_VS_EMA_SAR_LONG_SHORT,10,None,966,LONG,2026-08-01T01:00:00,1867.03,2026-08-01T05:00:00,1867.59,4,0.03,Signal changed to -1.0
PRICE_VS_EMA_SAR_LONG_SHORT,10,None,967,SHORT,2026-08-01T05:00:00,1867.59,2026-08-01T06:00:00,1870.5,1,-0.16,Signal changed to 1.0
PRICE_VS_EMA_SAR_LONG_SHORT,10,None,968,LONG,2026-08-01T06:00:00,1870.5,2026-08-01T09:00:00,1867.93,3,-0.14,Signal changed to -1.0
PRICE_VS_EMA_SAR_LONG_SHORT,10,None,969,SHORT,2026-08-01T09:00:00,1867.93,2026-08-01T12:00:00,1869.06,3,-0.06,Signal changed to 1.0
PRICE_VS_EMA_SAR_LONG_SHORT,10,None,970,LONG,2026-08-01T12:00:00,1869.06,2026-08-01T16:00:00,1868.79,4,-0.01,Signal changed to -1.0
PRICE_VS_EMA_SAR_LONG_SHORT,10,None,971,SHORT,2026-08-01T16:00:00,1868.79,2026-08-02T01:00:00,1857.09,9,0.63,Signal changed to 1.0
PRICE_VS_EMA_SAR_LONG_SHORT,10,None,972,LONG,2026-08-02T01:00:00,1857.09,2026-08-02T08:00:00,1868.2,7,0.6,Signal changed to -1.0
PRICE_VS_EMA_SAR_LONG_SHORT,10,None,973,SHORT,2026-08-02T08:00:00,1868.2,2026-08-02T09:00:00,1870.95,1,-0.15,Signal changed to 1.0
PRICE_VS_EMA_SAR_LONG_SHORT,10,None,974,LONG,2026-08-02T09:00:00,1870.95,2026-08-02T10:00:00,1868.75,1,-0.12,Signal changed to -1.0
PRICE_VS_EMA_SAR_LONG_SHORT,10,None,975,SHORT,2026-08-02T10:00:00,1868.75,2026-08-02T16:00:00,1863.13,6,0.3,Signal changed to 1.0
PRICE_VS_EMA_SAR_LONG_SHORT,10,None,976,LONG,2026-08-02T16:00:00,1863.13,2026-08-03T00:00:00,1873.87,8,0.58,Signal changed to -1.0
PRICE_VS_EMA_SAR_LONG_SHORT,10,None,977,SHORT,2026-08-03T00:00:00,1873.87,2026-08-03T13:00:00,1859.18,13,0.78,Signal changed to 1.0
PRICE_VS_EMA_SAR_LONG_SHORT,10,None,978,LONG,2026-08-03T13:00:00,1859.18,2026-08-03T21:00:00,1863.6,8,0.24,Signal changed to -1.0
PRICE_VS_EMA_SAR_LONG_SHORT,10,None,979,SHORT,2026-08-03T21:00:00,1863.6,2026-08-04T01:00:00,1867.64,4,-0.22,Signal changed to 1.0
PRICE_VS_EMA_SAR_LONG_SHORT,10,None,980,LONG,2026-08-04T01:00:00,1867.64,2026-08-04T06:00:00,1856.96,5,-0.57,Signal changed to -1.0
PRICE_VS_EMA_SAR_LONG_SHORT,10,None,981,SHORT,2026-08-04T06:00:00,1856.96,2026-08-04T07:00:00,1863.87,1,-0.37,Signal changed to 1.0
PRICE_VS_EMA_SAR_LONG_SHORT,10,None,982,LONG,2026-08-04T07:00:00,1863.87,2026-08-04T08:00:00,1857.89,1,-0.32,Signal changed to -1.0
PRICE_VS_EMA_SAR_LONG_SHORT,10,None,983,SHORT,2026-08-04T08:00:00,1857.89,2026-08-04T10:00:00,1866.94,2,-0.49,Signal changed to 1.0
PRICE_VS_EMA_SAR_LONG_SHORT,10,None,984,LONG,2026-08-04T10:00:00,1866.94,2026-08-04T13:00:00,1862.06,3,-0.26,Signal changed to -1.0
PRICE_VS_EMA_SAR_LONG_SHORT,10,None,985,SHORT,2026-08-04T13:00:00,1862.06,2026-08-04T14:00:00,1873.03,1,-0.59,Signal changed to 1.0
PRICE_VS_EMA_SAR_LONG_SHORT,10,None,986,LONG,2026-08-04T14:00:00,1873.03,2026-08-04T23:00:00,1869.75,9,-0.18,Signal changed to -1.0
PRICE_VS_EMA_SAR_LONG_SHORT,10,None,987,SHORT,2026-08-04T23:00:00,1869.75,2026-08-05T01:00:00,1873.37,2,-0.19,Signal changed to 1.0
PRICE_VS_EMA_SAR_LONG_SHORT,10,None,988,LONG,2026-08-05T01:00:00,1873.37,2026-08-05T03:00:00,1867.75,2,-0.3,Signal changed to -1.0
PRICE_VS_EMA_SAR_LONG_SHORT,10,None,989,SHORT,2026-08-05T03:00:00,1867.75,2026-08-05T05:00:00,1873.46,2,-0.31,Signal changed to 1.0
PRICE_VS_EMA_SAR_LONG_SHORT,10,None,990,LONG,2026-08-05T05:00:00,1873.46,2026-08-05T06:00:00,1869.88,1,-0.19,Signal changed to -1.0
PRICE_VS_EMA_SAR_LONG_SHORT,10,None,991,SHORT,2026-08-05T06:00:00,1869.88,2026-08-05T07:00:00,1872.2,1,-0.12,Signal changed to 1.0
PRICE_VS_EMA_SAR_LONG_SHORT,10,None,992,LONG,2026-08-05T07:00:00,1872.2,2026-08-05T08:00:00,1869.99,1,-0.12,Signal changed to -1.0
PRICE_VS_EMA_SAR_LONG_SHORT,10,None,993,SHORT,2026-08-05T08:00:00,1869.99,2026-08-05T09:00:00,1871.94,1,-0.1,Signal changed to 1.0
PRICE_VS_EMA_SAR_LONG_SHORT,10,None,994,LONG,2026-08-05T09:00:00,1871.94,2026-08-05T10:00:00,1868.33,1,-0.19,Signal changed to -1.0
PRICE_VS_EMA_SAR_LONG_SHORT,10,None,995,SHORT,2026-08-05T10:00:00,1868.33,2026-08-05T12:00:00,1876.25,2,-0.42,Signal changed to 1.0
PRICE_VS_EMA_SAR_LONG_SHORT,10,None,996,LONG,2026-08-05T12:00:00,1876.25,2026-08-06T02:00:00,1899.21,14,1.22,Signal changed to -1.0
PRICE_VS_EMA_SAR_LONG_SHORT,10,None,997,SHORT,2026-08-06T02:00:00,1899.21,2026-08-06T04:00:00,1907.7,2,-0.45,Signal changed to 1.0
PRICE_VS_EMA_SAR_LONG_SHORT,10,None,998,LONG,2026-08-06T04:00:00,1907.7,2026-08-06T09:00:00,1907.67,5,-0.0,Signal changed to -1.0
PRICE_VS_EMA_SAR_LONG_SHORT,10,None,999,SHORT,2026-08-06T09:00:00,1907.67,2026-08-06T11:00:00,1907.77,2,-0.01,Signal changed to 1.0
PRICE_VS_EMA_SAR_LONG_SHORT,10,None,1000,LONG,2026-08-06T11:00:00,1907.77,2026-08-06T12:00:00,1899.09,1,-0.45,Signal changed to -1.0
PRICE_VS_EMA_SAR_LONG_SHORT,10,None,1001,SHORT,2026-08-06T12:00:00,1899.09,2026-08-06T13:00:00,1907.43,1,-0.44,Signal changed to 1.0
PRICE_VS_EMA_SAR_LONG_SHORT,10,None,1002,LONG,2026-08-06T13:00:00,1907.43,2026-08-06T18:00:00,1905.95,5,-0.08,Signal changed to -1.0
PRICE_VS_EMA_SAR_LONG_SHORT,10,None,1003,SHORT,2026-08-06T18:00:00,1905.95,2026-08-06T19:00:00,1910.06,1,-0.22,Signal changed to 1.0
PRICE_VS_EMA_SAR_LONG_SHORT,10,None,1004,LONG,2026-08-06T19:00:00,1910.06,2026-08-06T20:00:00,1907.14,1,-0.15,Signal changed to -1.0
PRICE_VS_EMA_SAR_LONG_SHORT,10,None,1005,SHORT,2026-08-06T20:00:00,1907.14,2026-08-07T06:00:00,1904.53,10,0.14,Signal changed to 1.0
PRICE_VS_EMA_SAR_LONG_SHORT,10,None,1006,LONG,2026-08-07T06:00:00,1904.53,2026-08-07T07:00:00,1902.36,1,-0.11,Signal changed to -1.0
PRICE_VS_EMA_SAR_LONG_SHORT,10,None,1007,SHORT,2026-08-07T07:00:00,1902.36,2026-08-07T08:00:00,1910.7,1,-0.44,Signal changed to 1.0
PRICE_VS_EMA_SAR_LONG_SHORT,10,None,1008,LONG,2026-08-07T08:00:00,1910.7,2026-08-07T14:00:00,1913.57,6,0.15,Signal changed to -1.0
PRICE_VS_EMA_SAR_LONG_SHORT,10,None,1009,SHORT,2026-08-07T14:00:00,1913.57,2026-08-07T15:00:00,1917.88,1,-0.23,Signal changed to 1.0
PRICE_VS_EMA_SAR_LONG_SHORT,10,None,1010,LONG,2026-08-07T15:00:00,1917.88,2026-08-07T16:00:00,1909.51,1,-0.44,Signal changed to -1.0
PRICE_VS_EMA_SAR_LONG_SHORT,10,None,1011,SHORT,2026-08-07T16:00:00,1909.51,2026-08-07T19:00:00,1918.85,3,-0.49,Signal changed to 1.0
PRICE_VS_EMA_SAR_LONG_SHORT,10,None,1012,LONG,2026-08-07T19:00:00,1918.85,2026-08-07T23:00:00,1914.18,4,-0.24,Signal changed to -1.0
PRICE_VS_EMA_SAR_LONG_SHORT,10,None,1013,SHORT,2026-08-07T23:00:00,1914.18,2026-08-08T01:00:00,1914.65,2,-0.02,Signal changed to 1.0
PRICE_VS_EMA_SAR_LONG_SHORT,10,None,1014,LONG,2026-08-08T01:00:00,1914.65,2026-08-08T02:00:00,1913.18,1,-0.08,Signal changed to -1.0
PRICE_VS_EMA_SAR_LONG_SHORT,10,None,1015,SHORT,2026-08-08T02:00:00,1913.18,2026-08-08T03:00:00,1918.08,1,-0.26,Signal changed to 1.0
PRICE_VS_EMA_SAR_LONG_SHORT,10,None,1016,LONG,2026-08-08T03:00:00,1918.08,2026-08-08T07:00:00,1915.11,4,-0.15,Signal changed to -1.0
PRICE_VS_EMA_SAR_LONG_SHORT,10,None,1017,SHORT,2026-08-08T07:00:00,1915.11,2026-08-08T08:00:00,1916.85,1,-0.09,Signal changed to 1.0
PRICE_VS_EMA_SAR_LONG_SHORT,10,None,1018,LONG,2026-08-08T08:00:00,1916.85,2026-08-08T18:00:00,1921.1,10,0.22,Signal changed to -1.0
PRICE_VS_EMA_SAR_LONG_SHORT,10,None,1019,SHORT,2026-08-08T18:00:00,1921.1,2026-08-09T06:00:00,1919.33,12,0.09,Signal changed to 1.0
PRICE_VS_EMA_SAR_LONG_SHORT,10,None,1020,LONG,2026-08-09T06:00:00,1919.33,2026-08-09T08:00:00,1915.94,2,-0.18,Signal changed to -1.0
PRICE_VS_EMA_SAR_LONG_SHORT,10,None,1021,SHORT,2026-08-09T08:00:00,1915.94,2026-08-09T09:00:00,1921.45,1,-0.29,Signal changed to 1.0
PRICE_VS_EMA_SAR_LONG_SHORT,10,None,1022,LONG,2026-08-09T09:00:00,1921.45,2026-08-09T12:00:00,1917.5,3,-0.21,Signal changed to -1.0
PRICE_VS_EMA_SAR_LONG_SHORT,10,None,1023,SHORT,2026-08-09T12:00:00,1917.5,2026-08-09T13:00:00,1923.36,1,-0.31,Signal changed to 1.0
PRICE_VS_EMA_SAR_LONG_SHORT,10,None,1024,LONG,2026-08-09T13:00:00,1923.36,2026-08-09T18:00:00,1921.52,5,-0.1,Signal changed to -1.0
PRICE_VS_EMA_SAR_LONG_SHORT,10,None,1025,SHORT,2026-08-09T18:00:00,1921.52,2026-08-09T19:00:00,1922.04,1,-0.03,Signal changed to 1.0
PRICE_VS_EMA_SAR_LONG_SHORT,10,None,1026,LONG,2026-08-09T19:00:00,1922.04,2026-08-09T20:00:00,1920.73,1,-0.07,Signal changed to -1.0
PRICE_VS_EMA_SAR_LONG_SHORT,10,None,1027,SHORT,2026-08-09T20:00:00,1920.73,2026-08-09T21:00:00,1924.73,1,-0.21,Signal changed to 1.0
PRICE_VS_EMA_SAR_LONG_SHORT,10,None,1028,LONG,2026-08-09T21:00:00,1924.73,2026-08-09T22:00:00,1919.55,1,-0.27,Signal changed to -1.0
PRICE_VS_EMA_SAR_LONG_SHORT,10,None,1029,SHORT,2026-08-09T22:00:00,1919.55,2026-08-10T01:00:00,1925.23,3,-0.3,Signal changed to 1.0
PRICE_VS_EMA_SAR_LONG_SHORT,10,None,1030,LONG,2026-08-10T01:00:00,1925.23,2026-08-10T03:00:00,1917.44,2,-0.4,Signal changed to -1.0
PRICE_VS_EMA_SAR_LONG_SHORT,10,None,1031,SHORT,2026-08-10T03:00:00,1917.44,2026-08-10T05:00:00,1923.17,2,-0.3,Signal changed to 1.0
PRICE_VS_EMA_SAR_LONG_SHORT,10,None,1032,LONG,2026-08-10T05:00:00,1923.17,2026-08-10T09:00:00,1916.39,4,-0.35,Signal changed to -1.0
PRICE_VS_EMA_SAR_LONG_SHORT,10,None,1033,SHORT,2026-08-10T09:00:00,1916.39,2026-08-11T03:00:00,1881.03,18,1.85,Signal changed to 1.0
PRICE_VS_EMA_SAR_LONG_SHORT,10,None,1034,LONG,2026-08-11T03:00:00,1881.03,2026-08-11T04:00:00,1876.25,1,-0.25,Signal changed to -1.0
PRICE_VS_EMA_SAR_LONG_SHORT,10,None,1035,SHORT,2026-08-11T04:00:00,1876.25,2026-08-11T07:00:00,1877.95,3,-0.09,Signal changed to 1.0
PRICE_VS_EMA_SAR_LONG_SHORT,10,None,1036,LONG,2026-08-11T07:00:00,1877.95,2026-08-11T14:00:00,1873.69,7,-0.23,Signal changed to -1.0
PRICE_VS_EMA_SAR_LONG_SHORT,10,None,1037,SHORT,2026-08-11T14:00:00,1873.69,2026-08-11T19:00:00,1881.9,5,-0.44,Signal changed to 1.0
PRICE_VS_EMA_SAR_LONG_SHORT,10,None,1038,LONG,2026-08-11T19:00:00,1881.9,2026-08-12T14:00:00,1887.79,19,0.31,Signal changed to -1.0
PRICE_VS_EMA_SAR_LONG_SHORT,10,None,1039,SHORT,2026-08-12T14:00:00,1887.79,2026-08-13T03:00:00,1887.52,13,0.01,Signal changed to 1.0
PRICE_VS_EMA_SAR_LONG_SHORT,10,None,1040,LONG,2026-08-13T03:00:00,1887.52,2026-08-13T08:00:00,1890.05,5,0.13,Signal changed to -1.0
PRICE_VS_EMA_SAR_LONG_SHORT,10,None,1041,SHORT,2026-08-13T08:00:00,1890.05,2026-08-13T12:00:00,1889.04,4,0.05,Signal changed to 1.0
PRICE_VS_EMA_SAR_LONG_SHORT,10,None,1042,LONG,2026-08-13T12:00:00,1889.04,2026-08-13T15:00:00,1880.01,3,-0.48,Signal changed to -1.0
PRICE_VS_EMA_SAR_LONG_SHORT,10,None,1043,SHORT,2026-08-13T15:00:00,1880.01,2026-08-13T18:00:00,1885.52,3,-0.29,Signal changed to 1.0
PRICE_VS_EMA_SAR_LONG_SHORT,10,None,1044,LONG,2026-08-13T18:00:00,1885.52,2026-08-13T23:00:00,1886.15,5,0.03,Signal changed to -1.0
PRICE_VS_EMA_SAR_LONG_SHORT,10,None,1045,SHORT,2026-08-13T23:00:00,1886.15,2026-08-14T00:00:00,1889.4,1,-0.17,Signal changed to 1.0
PRICE_VS_EMA_SAR_LONG_SHORT,10,None,1046,LONG,2026-08-14T00:00:00,1889.4,2026-08-14T02:00:00,1886.62,2,-0.15,Signal changed to -1.0
PRICE_VS_EMA_SAR_LONG_SHORT,10,None,1047,SHORT,2026-08-14T02:00:00,1886.62,2026-08-14T15:00:00,1881.56,13,0.27,Signal changed to 1.0
PRICE_VS_EMA_SAR_LONG_SHORT,10,None,1048,LONG,2026-08-14T15:00:00,1881.56,2026-08-14T18:00:00,1875.76,3,-0.31,Signal changed to -1.0
PRICE_VS_EMA_SAR_LONG_SHORT,10,None,1049,SHORT,2026-08-14T18:00:00,1875.76,2026-08-14T19:00:00,1880.89,1,-0.27,Signal changed to 1.0
PRICE_VS_EMA_SAR_LONG_SHORT,10,None,1050,LONG,2026-08-14T19:00:00,1880.89,2026-08-15T05:00:00,1880.66,10,-0.01,Signal changed to -1.0
PRICE_VS_EMA_SAR_LONG_SHORT,10,None,1051,SHORT,2026-08-15T05:00:00,1880.66,2026-08-15T06:00:00,1882.16,1,-0.08,Signal changed to 1.0
PRICE_VS_EMA_SAR_LONG_SHORT,10,None,1052,LONG,2026-08-15T06:00:00,1882.16,2026-08-15T07:00:00,1880.4,1,-0.09,Signal changed to -1.0
PRICE_VS_EMA_SAR_LONG_SHORT,10,None,1053,SHORT,2026-08-15T07:00:00,1880.4,2026-08-15T10:00:00,1881.01,3,-0.03,Signal changed to 1.0
PRICE_VS_EMA_SAR_LONG_SHORT,10,None,1054,LONG,2026-08-15T10:00:00,1881.01,2026-08-15T11:00:00,1879.49,1,-0.08,Signal changed to -1.0
PRICE_VS_EMA_SAR_LONG_SHORT,10,None,1055,SHORT,2026-08-15T11:00:00,1879.49,2026-08-15T12:00:00,1883.86,1,-0.23,Signal changed to 1.0
PRICE_VS_EMA_SAR_LONG_SHORT,10,None,1056,LONG,2026-08-15T12:00:00,1883.86,2026-08-15T18:00:00,1882.82,6,-0.06,Signal changed to -1.0
PRICE_VS_EMA_SAR_LONG_SHORT,10,None,1057,SHORT,2026-08-15T18:00:00,1882.82,2026-08-15T19:00:00,1884.55,1,-0.09,Signal changed to 1.0
PRICE_VS_EMA_SAR_LONG_SHORT,10,None,1058,LONG,2026-08-15T19:00:00,1884.55,2026-08-15T20:00:00,1883.42,1,-0.06,Signal changed to -1.0
PRICE_VS_EMA_SAR_LONG_SHORT,10,None,1059,SHORT,2026-08-15T20:00:00,1883.42,2026-08-15T21:00:00,1885.17,1,-0.09,Signal changed to 1.0
PRICE_VS_EMA_SAR_LONG_SHORT,10,None,1060,LONG,2026-08-15T21:00:00,1885.17,2026-08-15T23:00:00,1882.64,2,-0.13,Signal changed to -1.0
PRICE_VS_EMA_SAR_LONG_SHORT,10,None,1061,SHORT,2026-08-15T23:00:00,1882.64,2026-08-16T02:00:00,1883.71,3,-0.06,Signal changed to 1.0
PRICE_VS_EMA_SAR_LONG_SHORT,10,None,1062,LONG,2026-08-16T02:00:00,1883.71,2026-08-16T04:00:00,1881.7,2,-0.11,Signal changed to -1.0
PRICE_VS_EMA_SAR_LONG_SHORT,10,None,1063,SHORT,2026-08-16T04:00:00,1881.7,2026-08-16T13:00:00,1881.96,9,-0.01,Signal changed to 1.0
PRICE_VS_EMA_SAR_LONG_SHORT,10,None,1064,LONG,2026-08-16T13:00:00,1881.96,2026-08-16T20:00:00,1882.0,7,0.0,Signal changed to -1.0
PRICE_VS_EMA_SAR_LONG_SHORT,10,None,1065,SHORT,2026-08-16T20:00:00,1882.0,2026-08-17T01:00:00,1891.65,5,-0.51,Signal changed to 1.0
PRICE_VS_EMA_SAR_LONG_SHORT,10,None,1066,LONG,2026-08-17T01:00:00,1891.65,2026-08-17T08:00:00,1894.43,7,0.15,Signal changed to -1.0
PRICE_VS_EMA_SAR_LONG_SHORT,10,None,1067,SHORT,2026-08-17T08:00:00,1894.43,2026-08-17T10:00:00,1907.16,2,-0.67,Signal changed to 1.0
PRICE_VS_EMA_SAR_LONG_SHORT,10,None,1068,LONG,2026-08-17T10:00:00,1907.16,2026-08-17T21:00:00,1906.35,11,-0.04,Signal changed to -1.0
PRICE_VS_EMA_SAR_LONG_SHORT,10,None,1069,SHORT,2026-08-17T21:00:00,1906.35,2026-08-17T23:00:00,1913.6,2,-0.38,Signal changed to 1.0
PRICE_VS_EMA_SAR_LONG_SHORT,10,None,1070,LONG,2026-08-17T23:00:00,1913.6,2026-08-18T01:00:00,1901.54,2,-0.63,Signal changed to -1.0
PRICE_VS_EMA_SAR_LONG_SHORT,10,None,1071,SHORT,2026-08-18T01:00:00,1901.54,2026-08-18T06:00:00,1902.83,5,-0.07,Signal changed to 1.0
PRICE_VS_EMA_SAR_LONG_SHORT,10,None,1072,LONG,2026-08-18T06:00:00,1902.83,2026-08-18T07:00:00,1898.84,1,-0.21,Signal changed to -1.0
PRICE_VS_EMA_SAR_LONG_SHORT,10,None,1073,SHORT,2026-08-18T07:00:00,1898.84,2026-08-18T11:00:00,1903.11,4,-0.22,Signal changed to 1.0
PRICE_VS_EMA_SAR_LONG_SHORT,10,None,1074,LONG,2026-08-18T11:00:00,1903.11,2026-08-18T12:00:00,1899.48,1,-0.19,Signal changed to -1.0
PRICE_VS_EMA_SAR_LONG_SHORT,10,None,1075,SHORT,2026-08-18T12:00:00,1899.48,2026-08-18T14:00:00,1911.02,2,-0.61,Signal changed to 1.0
PRICE_VS_EMA_SAR_LONG_SHORT,10,None,1076,LONG,2026-08-18T14:00:00,1911.02,2026-08-19T02:00:00,1907.7,12,-0.17,Signal changed to -1.0
PRICE_VS_EMA_SAR_LONG_SHORT,10,None,1077,SHORT,2026-08-19T02:00:00,1907.7,2026-08-19T03:00:00,1912.15,1,-0.23,Signal changed to 1.0
PRICE_VS_EMA_SAR_LONG_SHORT,10,None,1078,LONG,2026-08-19T03:00:00,1912.15,2026-08-19T04:00:00,1910.85,1,-0.07,Signal changed to -1.0
PRICE_VS_EMA_SAR_LONG_SHORT,10,None,1079,SHORT,2026-08-19T04:00:00,1910.85,2026-08-19T06:00:00,1917.63,2,-0.35,Signal changed to 1.0
PRICE_VS_EMA_SAR_LONG_SHORT,10,None,1080,LONG,2026-08-19T06:00:00,1917.63,2026-08-21T11:00:00,2370.47,53,23.61,Signal changed to -1.0
PRICE_VS_EMA_SAR_LONG_SHORT,10,None,1081,SHORT,2026-08-21T11:00:00,2370.47,2026-08-21T12:00:00,2388.62,1,-0.77,Signal changed to 1.0
PRICE_VS_EMA_SAR_LONG_SHORT,10,None,1082,LONG,2026-08-21T12:00:00,2388.62,2026-08-22T05:00:00,2439.95,17,2.15,Signal changed to -1.0
PRICE_VS_EMA_SAR_LONG_SHORT,10,None,1083,SHORT,2026-08-22T05:00:00,2439.95,2026-08-22T08:00:00,2423.3,3,0.68,End of Dataset
PRICE_VS_EMA_SAR_LONG_SHORT,20,None,1,SHORT,2026-01-01T00:00:00,2979.81,2026-01-01T01:00:00,2984.32,1,-0.15,Signal changed to 1.0
PRICE_VS_EMA_SAR_LONG_SHORT,20,None,2,LONG,2026-01-01T01:00:00,2984.32,2026-01-01T03:00:00,2980.0,2,-0.14,Signal changed to -1.0
PRICE_VS_EMA_SAR_LONG_SHORT,20,None,3,SHORT,2026-01-01T03:00:00,2980.0,2026-01-01T05:00:00,2981.49,2,-0.05,Signal changed to 1.0
PRICE_VS_EMA_SAR_LONG_SHORT,20,None,4,LONG,2026-01-01T05:00:00,2981.49,2026-01-01T06:00:00,2975.89,1,-0.19,Signal changed to -1.0
PRICE_VS_EMA_SAR_LONG_SHORT,20,None,5,SHORT,2026-01-01T06:00:00,2975.89,2026-01-01T08:00:00,2982.59,2,-0.23,Signal changed to 1.0
PRICE_VS_EMA_SAR_LONG_SHORT,20,None,6,LONG,2026-01-01T08:00:00,2982.59,2026-01-01T16:00:00,2982.29,8,-0.01,Signal changed to -1.0
PRICE_VS_EMA_SAR_LONG_SHORT,20,None,7,SHORT,2026-01-01T16:00:00,2982.29,2026-01-01T17:00:00,2990.44,1,-0.27,Signal changed to 1.0
PRICE_VS_EMA_SAR_LONG_SHORT,20,None,8,LONG,2026-01-01T17:00:00,2990.44,2026-01-03T06:00:00,3098.34,37,3.61,Signal changed to -1.0
PRICE_VS_EMA_SAR_LONG_SHORT,20,None,9,SHORT,2026-01-03T06:00:00,3098.34,2026-01-03T09:00:00,3100.9,3,-0.08,Signal changed to 1.0
PRICE_VS_EMA_SAR_LONG_SHORT,20,None,10,LONG,2026-01-03T09:00:00,3100.9,2026-01-03T10:00:00,3097.31,1,-0.12,Signal changed to -1.0
PRICE_VS_EMA_SAR_LONG_SHORT,20,None,11,SHORT,2026-01-03T10:00:00,3097.31,2026-01-03T12:00:00,3105.04,2,-0.25,Signal changed to 1.0
PRICE_VS_EMA_SAR_LONG_SHORT,20,None,12,LONG,2026-01-03T12:00:00,3105.04,2026-01-04T18:00:00,3135.03,30,0.97,Signal changed to -1.0
PRICE_VS_EMA_SAR_LONG_SHORT,20,None,13,SHORT,2026-01-04T18:00:00,3135.03,2026-01-04T20:00:00,3142.09,2,-0.23,Signal changed to 1.0
PRICE_VS_EMA_SAR_LONG_SHORT,20,None,14,LONG,2026-01-04T20:00:00,3142.09,2026-01-05T05:00:00,3149.93,9,0.25,Signal changed to -1.0
PRICE_VS_EMA_SAR_LONG_SHORT,20,None,15,SHORT,2026-01-05T05:00:00,3149.93,2026-01-05T06:00:00,3157.68,1,-0.25,Signal changed to 1.0
PRICE_VS_EMA_SAR_LONG_SHORT,20,None,16,LONG,2026-01-05T06:00:00,3157.68,2026-01-05T13:00:00,3154.39,7,-0.1,Signal changed to -1.0
PRICE_VS_EMA_SAR_LONG_SHORT,20,None,17,SHORT,2026-01-05T13:00:00,3154.39,2026-01-05T14:00:00,3167.0,1,-0.4,Signal changed to 1.0
PRICE_VS_EMA_SAR_LONG_SHORT,20,None,18,LONG,2026-01-05T14:00:00,3167.0,2026-01-06T17:00:00,3196.43,27,0.93,Signal changed to -1.0
PRICE_VS_EMA_SAR_LONG_SHORT,20,None,19,SHORT,2026-01-06T17:00:00,3196.43,2026-01-06T20:00:00,3241.71,3,-1.42,Signal changed to 1.0
PRICE_VS_EMA_SAR_LONG_SHORT,20,None,20,LONG,2026-01-06T20:00:00,3241.71,2026-01-07T05:00:00,3248.63,9,0.21,Signal changed to -1.0
PRICE_VS_EMA_SAR_LONG_SHORT,20,None,21,SHORT,2026-01-07T05:00:00,3248.63,2026-01-07T06:00:00,3250.97,1,-0.07,Signal changed to 1.0
PRICE_VS_EMA_SAR_LONG_SHORT,20,None,22,LONG,2026-01-07T06:00:00,3250.97,2026-01-07T09:00:00,3200.18,3,-1.56,Signal changed to -1.0
PRICE_VS_EMA_SAR_LONG_SHORT,20,None,23,SHORT,2026-01-07T09:00:00,3200.18,2026-01-08T17:00:00,3134.95,32,2.04,Signal changed to 1.0
PRICE_VS_EMA_SAR_LONG_SHORT,20,None,24,LONG,2026-01-08T17:00:00,3134.95,2026-01-08T18:00:00,3120.22,1,-0.47,Signal changed to -1.0
PRICE_VS_EMA_SAR_LONG_SHORT,20,None,25,SHORT,2026-01-08T18:00:00,3120.22,2026-01-09T03:00:00,3119.6,9,0.02,Signal changed to 1.0
PRICE_VS_EMA_SAR_LONG_SHORT,20,None,26,LONG,2026-01-09T03:00:00,3119.6,2026-01-09T04:00:00,3116.53,1,-0.1,Signal changed to -1.0
PRICE_VS_EMA_SAR_LONG_SHORT,20,None,27,SHORT,2026-01-09T04:00:00,3116.53,2026-01-09T06:00:00,3123.2,2,-0.21,Signal changed to 1.0
PRICE_VS_EMA_SAR_LONG_SHORT,20,None,28,LONG,2026-01-09T06:00:00,3123.2,2026-01-09T07:00:00,3111.2,1,-0.38,Signal changed to -1.0
PRICE_VS_EMA_SAR_LONG_SHORT,20,None,29,SHORT,2026-01-09T07:00:00,3111.2,2026-01-09T15:00:00,3112.08,8,-0.03,Signal changed to 1.0
PRICE_VS_EMA_SAR_LONG_SHORT,20,None,30,LONG,2026-01-09T15:00:00,3112.08,2026-01-09T18:00:00,3094.97,3,-0.55,Signal changed to -1.0
PRICE_VS_EMA_SAR_LONG_SHORT,20,None,31,SHORT,2026-01-09T18:00:00,3094.97,2026-01-10T07:00:00,3092.77,13,0.07,Signal changed to 1.0
PRICE_VS_EMA_SAR_LONG_SHORT,20,None,32,LONG,2026-01-10T07:00:00,3092.77,2026-01-10T08:00:00,3090.29,1,-0.08,Signal changed to -1.0
PRICE_VS_EMA_SAR_LONG_SHORT,20,None,33,SHORT,2026-01-10T08:00:00,3090.29,2026-01-10T09:00:00,3096.09,1,-0.19,Signal changed to 1.0
PRICE_VS_EMA_SAR_LONG_SHORT,20,None,34,LONG,2026-01-10T09:00:00,3096.09,2026-01-10T14:00:00,3091.64,5,-0.14,Signal changed to -1.0
PRICE_VS_EMA_SAR_LONG_SHORT,20,None,35,SHORT,2026-01-10T14:00:00,3091.64,2026-01-10T15:00:00,3095.64,1,-0.13,Signal changed to 1.0
PRICE_VS_EMA_SAR_LONG_SHORT,20,None,36,LONG,2026-01-10T15:00:00,3095.64,2026-01-10T17:00:00,3092.95,2,-0.09,Signal changed to -1.0
PRICE_VS_EMA_SAR_LONG_SHORT,20,None,37,SHORT,2026-01-10T17:00:00,3092.95,2026-01-11T00:00:00,3091.98,7,0.03,Signal changed to 1.0
PRICE_VS_EMA_SAR_LONG_SHORT,20,None,38,LONG,2026-01-11T00:00:00,3091.98,2026-01-11T22:00:00,3109.61,22,0.57,Signal changed to -1.0
PRICE_VS_EMA_SAR_LONG_SHORT,20,None,39,SHORT,2026-01-11T22:00:00,3109.61,2026-01-11T23:00:00,3123.45,1,-0.45,Signal changed to 1.0
PRICE_VS_EMA_SAR_LONG_SHORT,20,None,40,LONG,2026-01-11T23:00:00,3123.45,2026-01-12T08:00:00,3115.47,9,-0.26,Signal changed to -1.0
PRICE_VS_EMA_SAR_LONG_SHORT,20,None,41,SHORT,2026-01-12T08:00:00,3115.47,2026-01-12T15:00:00,3130.17,7,-0.47,Signal changed to 1.0
PRICE_VS_EMA_SAR_LONG_SHORT,20,None,42,LONG,2026-01-12T15:00:00,3130.17,2026-01-12T17:00:00,3104.88,2,-0.81,Signal changed to -1.0
PRICE_VS_EMA_SAR_LONG_SHORT,20,None,43,SHORT,2026-01-12T17:00:00,3104.88,2026-01-12T19:00:00,3121.83,2,-0.55,Signal changed to 1.0
PRICE_VS_EMA_SAR_LONG_SHORT,20,None,44,LONG,2026-01-12T19:00:00,3121.83,2026-01-12T20:00:00,3102.57,1,-0.62,Signal changed to -1.0
PRICE_VS_EMA_SAR_LONG_SHORT,20,None,45,SHORT,2026-01-12T20:00:00,3102.57,2026-01-13T03:00:00,3116.14,7,-0.44,Signal changed to 1.0
PRICE_VS_EMA_SAR_LONG_SHORT,20,None,46,LONG,2026-01-13T03:00:00,3116.14,2026-01-15T00:00:00,3331.35,45,6.91,Signal changed to -1.0
PRICE_VS_EMA_SAR_LONG_SHORT,20,None,47,SHORT,2026-01-15T00:00:00,3331.35,2026-01-15T07:00:00,3330.0,7,0.04,Signal changed to 1.0
PRICE_VS_EMA_SAR_LONG_SHORT,20,None,48,LONG,2026-01-15T07:00:00,3330.0,2026-01-15T15:00:00,3330.65,8,0.02,Signal changed to -1.0
PRICE_VS_EMA_SAR_LONG_SHORT,20,None,49,SHORT,2026-01-15T15:00:00,3330.65,2026-01-16T06:00:00,3313.99,15,0.5,Signal changed to 1.0
PRICE_VS_EMA_SAR_LONG_SHORT,20,None,50,LONG,2026-01-16T06:00:00,3313.99,2026-01-16T07:00:00,3309.41,1,-0.14,Signal changed to -1.0
PRICE_VS_EMA_SAR_LONG_SHORT,20,None,51,SHORT,2026-01-16T07:00:00,3309.41,2026-01-16T08:00:00,3313.35,1,-0.12,Signal changed to 1.0
PRICE_VS_EMA_SAR_LONG_SHORT,20,None,52,LONG,2026-01-16T08:00:00,3313.35,2026-01-16T09:00:00,3307.44,1,-0.18,Signal changed to -1.0
PRICE_VS_EMA_SAR_LONG_SHORT,20,None,53,SHORT,2026-01-16T09:00:00,3307.44,2026-01-16T23:00:00,3296.28,14,0.34,Signal changed to 1.0
PRICE_VS_EMA_SAR_LONG_SHORT,20,None,54,LONG,2026-01-16T23:00:00,3296.28,2026-01-17T00:00:00,3292.91,1,-0.1,Signal changed to -1.0
PRICE_VS_EMA_SAR_LONG_SHORT,20,None,55,SHORT,2026-01-17T00:00:00,3292.91,2026-01-17T08:00:00,3296.48,8,-0.11,Signal changed to 1.0
PRICE_VS_EMA_SAR_LONG_SHORT,20,None,56,LONG,2026-01-17T08:00:00,3296.48,2026-01-17T22:00:00,3302.0,14,0.17,Signal changed to -1.0
PRICE_VS_EMA_SAR_LONG_SHORT,20,None,57,SHORT,2026-01-17T22:00:00,3302.0,2026-01-17T23:00:00,3310.56,1,-0.26,Signal changed to 1.0
PRICE_VS_EMA_SAR_LONG_SHORT,20,None,58,LONG,2026-01-17T23:00:00,3310.56,2026-01-18T00:00:00,3304.53,1,-0.18,Signal changed to -1.0
PRICE_VS_EMA_SAR_LONG_SHORT,20,None,59,SHORT,2026-01-18T00:00:00,3304.53,2026-01-18T03:00:00,3316.16,3,-0.35,Signal changed to 1.0
PRICE_VS_EMA_SAR_LONG_SHORT,20,None,60,LONG,2026-01-18T03:00:00,3316.16,2026-01-18T07:00:00,3307.3,4,-0.27,Signal changed to -1.0
PRICE_VS_EMA_SAR_LONG_SHORT,20,None,61,SHORT,2026-01-18T07:00:00,3307.3,2026-01-18T08:00:00,3315.47,1,-0.25,Signal changed to 1.0
PRICE_VS_EMA_SAR_LONG_SHORT,20,None,62,LONG,2026-01-18T08:00:00,3315.47,2026-01-18T23:00:00,3284.03,15,-0.95,Signal changed to -1.0
PRICE_VS_EMA_SAR_LONG_SHORT,20,None,63,SHORT,2026-01-18T23:00:00,3284.03,2026-01-21T14:00:00,2981.09,63,9.22,Signal changed to 1.0
PRICE_VS_EMA_SAR_LONG_SHORT,20,None,64,LONG,2026-01-21T14:00:00,2981.09,2026-01-21T16:00:00,2891.58,2,-3.0,Signal changed to -1.0
PRICE_VS_EMA_SAR_LONG_SHORT,20,None,65,SHORT,2026-01-21T16:00:00,2891.58,2026-01-21T19:00:00,3055.56,3,-5.67,Signal changed to 1.0
PRICE_VS_EMA_SAR_LONG_SHORT,20,None,66,LONG,2026-01-21T19:00:00,3055.56,2026-01-21T23:00:00,2982.27,4,-2.4,Signal changed to -1.0
PRICE_VS_EMA_SAR_LONG_SHORT,20,None,67,SHORT,2026-01-21T23:00:00,2982.27,2026-01-22T00:00:00,3005.39,1,-0.78,Signal changed to 1.0
PRICE_VS_EMA_SAR_LONG_SHORT,20,None,68,LONG,2026-01-22T00:00:00,3005.39,2026-01-22T07:00:00,3000.94,7,-0.15,Signal changed to -1.0
PRICE_VS_EMA_SAR_LONG_SHORT,20,None,69,SHORT,2026-01-22T07:00:00,3000.94,2026-01-22T08:00:00,3005.75,1,-0.16,Signal changed to 1.0
PRICE_VS_EMA_SAR_LONG_SHORT,20,None,70,LONG,2026-01-22T08:00:00,3005.75,2026-01-22T10:00:00,3002.64,2,-0.1,Signal changed to -1.0
PRICE_VS_EMA_SAR_LONG_SHORT,20,None,71,SHORT,2026-01-22T10:00:00,3002.64,2026-01-23T01:00:00,2968.88,15,1.12,Signal changed to 1.0
PRICE_VS_EMA_SAR_LONG_SHORT,20,None,72,LONG,2026-01-23T01:00:00,2968.88,2026-01-23T02:00:00,2952.83,1,-0.54,Signal changed to -1.0
PRICE_VS_EMA_SAR_LONG_SHORT,20,None,73,SHORT,2026-01-23T02:00:00,2952.83,2026-01-23T03:00:00,2964.42,1,-0.39,Signal changed to 1.0
PRICE_VS_EMA_SAR_LONG_SHORT,20,None,74,LONG,2026-01-23T03:00:00,2964.42,2026-01-23T06:00:00,2939.88,3,-0.83,Signal changed to -1.0
PRICE_VS_EMA_SAR_LONG_SHORT,20,None,75,SHORT,2026-01-23T06:00:00,2939.88,2026-01-23T15:00:00,2952.75,9,-0.44,Signal changed to 1.0
PRICE_VS_EMA_SAR_LONG_SHORT,20,None,76,LONG,2026-01-23T15:00:00,2952.75,2026-01-23T20:00:00,2940.16,5,-0.43,Signal changed to -1.0
PRICE_VS_EMA_SAR_LONG_SHORT,20,None,77,SHORT,2026-01-23T20:00:00,2940.16,2026-01-23T22:00:00,2960.02,2,-0.68,Signal changed to 1.0
PRICE_VS_EMA_SAR_LONG_SHORT,20,None,78,LONG,2026-01-23T22:00:00,2960.02,2026-01-24T00:00:00,2950.99,2,-0.31,Signal changed to -1.0
PRICE_VS_EMA_SAR_LONG_SHORT,20,None,79,SHORT,2026-01-24T00:00:00,2950.99,2026-01-24T01:00:00,2956.12,1,-0.17,Signal changed to 1.0
PRICE_VS_EMA_SAR_LONG_SHORT,20,None,80,LONG,2026-01-24T01:00:00,2956.12,2026-01-24T13:00:00,2948.92,12,-0.24,Signal changed to -1.0
PRICE_VS_EMA_SAR_LONG_SHORT,20,None,81,SHORT,2026-01-24T13:00:00,2948.92,2026-01-24T14:00:00,2959.48,1,-0.36,Signal changed to 1.0
PRICE_VS_EMA_SAR_LONG_SHORT,20,None,82,LONG,2026-01-24T14:00:00,2959.48,2026-01-24T15:00:00,2957.25,1,-0.08,Signal changed to -1.0
PRICE_VS_EMA_SAR_LONG_SHORT,20,None,83,SHORT,2026-01-24T15:00:00,2957.25,2026-01-24T16:00:00,2958.9,1,-0.06,Signal changed to 1.0
PRICE_VS_EMA_SAR_LONG_SHORT,20,None,84,LONG,2026-01-24T16:00:00,2958.9,2026-01-24T19:00:00,2953.93,3,-0.17,Signal changed to -1.0
PRICE_VS_EMA_SAR_LONG_SHORT,20,None,85,SHORT,2026-01-24T19:00:00,2953.93,2026-01-24T22:00:00,2963.0,3,-0.31,Signal changed to 1.0
PRICE_VS_EMA_SAR_LONG_SHORT,20,None,86,LONG,2026-01-24T22:00:00,2963.0,2026-01-24T23:00:00,2953.22,1,-0.33,Signal changed to -1.0
PRICE_VS_EMA_SAR_LONG_SHORT,20,None,87,SHORT,2026-01-24T23:00:00,2953.22,2026-01-25T00:00:00,2958.87,1,-0.19,Signal changed to 1.0
PRICE_VS_EMA_SAR_LONG_SHORT,20,None,88,LONG,2026-01-25T00:00:00,2958.87,2026-01-25T01:00:00,2955.15,1,-0.13,Signal changed to -1.0
PRICE_VS_EMA_SAR_LONG_SHORT,20,None,89,SHORT,2026-01-25T01:00:00,2955.15,2026-01-26T01:00:00,2882.69,24,2.45,Signal changed to 1.0
PRICE_VS_EMA_SAR_LONG_SHORT,20,None,90,LONG,2026-01-26T01:00:00,2882.69,2026-01-26T02:00:00,2865.98,1,-0.58,Signal changed to -1.0
PRICE_VS_EMA_SAR_LONG_SHORT,20,None,91,SHORT,2026-01-26T02:00:00,2865.98,2026-01-26T06:00:00,2891.64,4,-0.9,Signal changed to 1.0
PRICE_VS_EMA_SAR_LONG_SHORT,20,None,92,LONG,2026-01-26T06:00:00,2891.64,2026-01-27T09:00:00,2907.69,27,0.56,Signal changed to -1.0
PRICE_VS_EMA_SAR_LONG_SHORT,20,None,93,SHORT,2026-01-27T09:00:00,2907.69,2026-01-27T14:00:00,2918.65,5,-0.38,Signal changed to 1.0
PRICE_VS_EMA_SAR_LONG_SHORT,20,None,94,LONG,2026-01-27T14:00:00,2918.65,2026-01-28T16:00:00,2999.72,26,2.78,Signal changed to -1.0
PRICE_VS_EMA_SAR_LONG_SHORT,20,None,95,SHORT,2026-01-28T16:00:00,2999.72,2026-01-28T17:00:00,3014.89,1,-0.51,Signal changed to 1.0
PRICE_VS_EMA_SAR_LONG_SHORT,20,None,96,LONG,2026-01-28T17:00:00,3014.89,2026-01-28T23:00:00,3010.78,6,-0.14,Signal changed to -1.0
PRICE_VS_EMA_SAR_LONG_SHORT,20,None,97,SHORT,2026-01-28T23:00:00,3010.78,2026-02-02T09:00:00,2291.57,106,23.89,Signal changed to 1.0
PRICE_VS_EMA_SAR_LONG_SHORT,20,None,98,LONG,2026-02-02T09:00:00,2291.57,2026-02-02T10:00:00,2277.8,1,-0.6,Signal changed to -1.0
PRICE_VS_EMA_SAR_LONG_SHORT,20,None,99,SHORT,2026-02-02T10:00:00,2277.8,2026-02-02T12:00:00,2311.66,2,-1.49,Signal changed to 1.0
PRICE_VS_EMA_SAR_LONG_SHORT,20,None,100,LONG,2026-02-02T12:00:00,2311.66,2026-02-03T02:00:00,2298.72,14,-0.56,Signal changed to -1.0
PRICE_VS_EMA_SAR_LONG_SHORT,20,None,101,SHORT,2026-02-03T02:00:00,2298.72,2026-02-03T03:00:00,2344.03,1,-1.97,Signal changed to 1.0
PRICE_VS_EMA_SAR_LONG_SHORT,20,None,102,LONG,2026-02-03T03:00:00,2344.03,2026-02-03T05:00:00,2316.12,2,-1.19,Signal changed to -1.0
PRICE_VS_EMA_SAR_LONG_SHORT,20,None,103,SHORT,2026-02-03T05:00:00,2316.12,2026-02-03T20:00:00,2299.46,15,0.72,Signal changed to 1.0
PRICE_VS_EMA_SAR_LONG_SHORT,20,None,104,LONG,2026-02-03T20:00:00,2299.46,2026-02-03T22:00:00,2236.38,2,-2.74,Signal changed to -1.0
PRICE_VS_EMA_SAR_LONG_SHORT,20,None,105,SHORT,2026-02-03T22:00:00,2236.38,2026-02-04T01:00:00,2268.64,3,-1.44,Signal changed to 1.0
PRICE_VS_EMA_SAR_LONG_SHORT,20,None,106,LONG,2026-02-04T01:00:00,2268.64,2026-02-04T02:00:00,2251.82,1,-0.74,Signal changed to -1.0
PRICE_VS_EMA_SAR_LONG_SHORT,20,None,107,SHORT,2026-02-04T02:00:00,2251.82,2026-02-04T03:00:00,2283.37,1,-1.4,Signal changed to 1.0
PRICE_VS_EMA_SAR_LONG_SHORT,20,None,108,LONG,2026-02-04T03:00:00,2283.37,2026-02-04T05:00:00,2265.4,2,-0.79,Signal changed to -1.0
PRICE_VS_EMA_SAR_LONG_SHORT,20,None,109,SHORT,2026-02-04T05:00:00,2265.4,2026-02-04T06:00:00,2277.54,1,-0.54,Signal changed to 1.0
PRICE_VS_EMA_SAR_LONG_SHORT,20,None,110,LONG,2026-02-04T06:00:00,2277.54,2026-02-04T09:00:00,2260.65,3,-0.74,Signal changed to -1.0
PRICE_VS_EMA_SAR_LONG_SHORT,20,None,111,SHORT,2026-02-04T09:00:00,2260.65,2026-02-06T05:00:00,1958.69,44,13.36,Signal changed to 1.0
PRICE_VS_EMA_SAR_LONG_SHORT,20,None,112,LONG,2026-02-06T05:00:00,1958.69,2026-02-06T06:00:00,1908.32,1,-2.57,Signal changed to -1.0
PRICE_VS_EMA_SAR_LONG_SHORT,20,None,113,SHORT,2026-02-06T06:00:00,1908.32,2026-02-06T13:00:00,1950.31,7,-2.2,Signal changed to 1.0
PRICE_VS_EMA_SAR_LONG_SHORT,20,None,114,LONG,2026-02-06T13:00:00,1950.31,2026-02-07T07:00:00,2027.1,18,3.94,Signal changed to -1.0
PRICE_VS_EMA_SAR_LONG_SHORT,20,None,115,SHORT,2026-02-07T07:00:00,2027.1,2026-02-07T12:00:00,2041.33,5,-0.7,Signal changed to 1.0
PRICE_VS_EMA_SAR_LONG_SHORT,20,None,116,LONG,2026-02-07T12:00:00,2041.33,2026-02-07T14:00:00,2020.41,2,-1.02,Signal changed to -1.0
PRICE_VS_EMA_SAR_LONG_SHORT,20,None,117,SHORT,2026-02-07T14:00:00,2020.41,2026-02-07T15:00:00,2052.54,1,-1.59,Signal changed to 1.0
PRICE_VS_EMA_SAR_LONG_SHORT,20,None,118,LONG,2026-02-07T15:00:00,2052.54,2026-02-08T16:00:00,2080.97,25,1.39,Signal changed to -1.0
PRICE_VS_EMA_SAR_LONG_SHORT,20,None,119,SHORT,2026-02-08T16:00:00,2080.97,2026-02-08T18:00:00,2109.47,2,-1.37,Signal changed to 1.0
PRICE_VS_EMA_SAR_LONG_SHORT,20,None,120,LONG,2026-02-08T18:00:00,2109.47,2026-02-08T21:00:00,2093.9,3,-0.74,Signal changed to -1.0
PRICE_VS_EMA_SAR_LONG_SHORT,20,None,121,SHORT,2026-02-08T21:00:00,2093.9,2026-02-08T22:00:00,2108.43,1,-0.69,Signal changed to 1.0
PRICE_VS_EMA_SAR_LONG_SHORT,20,None,122,LONG,2026-02-08T22:00:00,2108.43,2026-02-08T23:00:00,2089.74,1,-0.89,Signal changed to -1.0
PRICE_VS_EMA_SAR_LONG_SHORT,20,None,123,SHORT,2026-02-08T23:00:00,2089.74,2026-02-09T03:00:00,2100.25,4,-0.5,Signal changed to 1.0
PRICE_VS_EMA_SAR_LONG_SHORT,20,None,124,LONG,2026-02-09T03:00:00,2100.25,2026-02-09T04:00:00,2090.35,1,-0.47,Signal changed to -1.0
PRICE_VS_EMA_SAR_LONG_SHORT,20,None,125,SHORT,2026-02-09T04:00:00,2090.35,2026-02-09T05:00:00,2095.82,1,-0.26,Signal changed to 1.0
PRICE_VS_EMA_SAR_LONG_SHORT,20,None,126,LONG,2026-02-09T05:00:00,2095.82,2026-02-09T06:00:00,2081.43,1,-0.69,Signal changed to -1.0
PRICE_VS_EMA_SAR_LONG_SHORT,20,None,127,SHORT,2026-02-09T06:00:00,2081.43,2026-02-09T16:00:00,2091.21,10,-0.47,Signal changed to 1.0
PRICE_VS_EMA_SAR_LONG_SHORT,20,None,128,LONG,2026-02-09T16:00:00,2091.21,2026-02-10T03:00:00,2064.96,11,-1.26,Signal changed to -1.0
PRICE_VS_EMA_SAR_LONG_SHORT,20,None,129,SHORT,2026-02-10T03:00:00,2064.96,2026-02-10T17:00:00,2040.2,14,1.2,Signal changed to 1.0
PRICE_VS_EMA_SAR_LONG_SHORT,20,None,130,LONG,2026-02-10T17:00:00,2040.2,2026-02-10T18:00:00,2009.44,1,-1.51,Signal changed to -1.0
PRICE_VS_EMA_SAR_LONG_SHORT,20,None,131,SHORT,2026-02-10T18:00:00,2009.44,2026-02-11T21:00:00,1970.45,27,1.94,Signal changed to 1.0
PRICE_VS_EMA_SAR_LONG_SHORT,20,None,132,LONG,2026-02-11T21:00:00,1970.45,2026-02-11T22:00:00,1951.47,1,-0.96,Signal changed to -1.0
PRICE_VS_EMA_SAR_LONG_SHORT,20,None,133,SHORT,2026-02-11T22:00:00,1951.47,2026-02-12T00:00:00,1958.8,2,-0.38,Signal changed to 1.0
PRICE_VS_EMA_SAR_LONG_SHORT,20,None,134,LONG,2026-02-12T00:00:00,1958.8,2026-02-12T02:00:00,1958.69,2,-0.01,Signal changed to -1.0
PRICE_VS_EMA_SAR_LONG_SHORT,20,None,135,SHORT,2026-02-12T02:00:00,1958.69,2026-02-12T03:00:00,1968.69,1,-0.51,Signal changed to 1.0
PRICE_VS_EMA_SAR_LONG_SHORT,20,None,136,LONG,2026-02-12T03:00:00,1968.69,2026-02-12T15:00:00,1948.47,12,-1.03,Signal changed to -1.0
PRICE_VS_EMA_SAR_LONG_SHORT,20,None,137,SHORT,2026-02-12T15:00:00,1948.47,2026-02-12T23:00:00,1947.85,8,0.03,Signal changed to 1.0
PRICE_VS_EMA_SAR_LONG_SHORT,20,None,138,LONG,2026-02-12T23:00:00,1947.85,2026-02-13T00:00:00,1933.26,1,-0.75,Signal changed to -1.0
PRICE_VS_EMA_SAR_LONG_SHORT,20,None,139,SHORT,2026-02-13T00:00:00,1933.26,2026-02-13T02:00:00,1948.3,2,-0.78,Signal changed to 1.0
PRICE_VS_EMA_SAR_LONG_SHORT,20,None,140,LONG,2026-02-13T02:00:00,1948.3,2026-02-13T04:00:00,1944.78,2,-0.18,Signal changed to -1.0
PRICE_VS_EMA_SAR_LONG_SHORT,20,None,141,SHORT,2026-02-13T04:00:00,1944.78,2026-02-13T08:00:00,1958.95,4,-0.73,Signal changed to 1.0
PRICE_VS_EMA_SAR_LONG_SHORT,20,None,142,LONG,2026-02-13T08:00:00,1958.95,2026-02-15T01:00:00,2064.19,41,5.37,Signal changed to -1.0
PRICE_VS_EMA_SAR_LONG_SHORT,20,None,143,SHORT,2026-02-15T01:00:00,2064.19,2026-02-15T04:00:00,2076.31,3,-0.59,Signal changed to 1.0
PRICE_VS_EMA_SAR_LONG_SHORT,20,None,144,LONG,2026-02-15T04:00:00,2076.31,2026-02-15T08:00:00,2069.2,4,-0.34,Signal changed to -1.0
PRICE_VS_EMA_SAR_LONG_SHORT,20,None,145,SHORT,2026-02-15T08:00:00,2069.2,2026-02-16T09:00:00,1987.67,25,3.94,Signal changed to 1.0
PRICE_VS_EMA_SAR_LONG_SHORT,20,None,146,LONG,2026-02-16T09:00:00,1987.67,2026-02-16T10:00:00,1978.88,1,-0.44,Signal changed to -1.0
PRICE_VS_EMA_SAR_LONG_SHORT,20,None,147,SHORT,2026-02-16T10:00:00,1978.88,2026-02-16T12:00:00,2006.24,2,-1.38,Signal changed to 1.0
PRICE_VS_EMA_SAR_LONG_SHORT,20,None,148,LONG,2026-02-16T12:00:00,2006.24,2026-02-16T13:00:00,1967.7,1,-1.92,Signal changed to -1.0
PRICE_VS_EMA_SAR_LONG_SHORT,20,None,149,SHORT,2026-02-16T13:00:00,1967.7,2026-02-16T17:00:00,1978.99,4,-0.57,Signal changed to 1.0
PRICE_VS_EMA_SAR_LONG_SHORT,20,None,150,LONG,2026-02-16T17:00:00,1978.99,2026-02-16T18:00:00,1968.93,1,-0.51,Signal changed to -1.0
PRICE_VS_EMA_SAR_LONG_SHORT,20,None,151,SHORT,2026-02-16T18:00:00,1968.93,2026-02-16T20:00:00,1993.2,2,-1.23,Signal changed to 1.0
PRICE_VS_EMA_SAR_LONG_SHORT,20,None,152,LONG,2026-02-16T20:00:00,1993.2,2026-02-17T03:00:00,1985.7,7,-0.38,Signal changed to -1.0
PRICE_VS_EMA_SAR_LONG_SHORT,20,None,153,SHORT,2026-02-17T03:00:00,1985.7,2026-02-17T04:00:00,1989.44,1,-0.19,Signal changed to 1.0
PRICE_VS_EMA_SAR_LONG_SHORT,20,None,154,LONG,2026-02-17T04:00:00,1989.44,2026-02-17T05:00:00,1975.68,1,-0.69,Signal changed to -1.0
PRICE_VS_EMA_SAR_LONG_SHORT,20,None,155,SHORT,2026-02-17T05:00:00,1975.68,2026-02-17T07:00:00,1985.91,2,-0.52,Signal changed to 1.0
PRICE_VS_EMA_SAR_LONG_SHORT,20,None,156,LONG,2026-02-17T07:00:00,1985.91,2026-02-17T08:00:00,1977.08,1,-0.44,Signal changed to -1.0
PRICE_VS_EMA_SAR_LONG_SHORT,20,None,157,SHORT,2026-02-17T08:00:00,1977.08,2026-02-17T13:00:00,1990.53,5,-0.68,Signal changed to 1.0
PRICE_VS_EMA_SAR_LONG_SHORT,20,None,158,LONG,2026-02-17T13:00:00,1990.53,2026-02-17T14:00:00,1948.49,1,-2.11,Signal changed to -1.0
PRICE_VS_EMA_SAR_LONG_SHORT,20,None,159,SHORT,2026-02-17T14:00:00,1948.49,2026-02-17T16:00:00,1980.36,2,-1.64,Signal changed to 1.0
PRICE_VS_EMA_SAR_LONG_SHORT,20,None,160,LONG,2026-02-17T16:00:00,1980.36,2026-02-17T17:00:00,1966.27,1,-0.71,Signal changed to -1.0
PRICE_VS_EMA_SAR_LONG_SHORT,20,None,161,SHORT,2026-02-17T17:00:00,1966.27,2026-02-17T18:00:00,1998.69,1,-1.65,Signal changed to 1.0
PRICE_VS_EMA_SAR_LONG_SHORT,20,None,162,LONG,2026-02-17T18:00:00,1998.69,2026-02-18T00:00:00,1981.54,6,-0.86,Signal changed to -1.0
PRICE_VS_EMA_SAR_LONG_SHORT,20,None,163,SHORT,2026-02-18T00:00:00,1981.54,2026-02-18T02:00:00,1987.61,2,-0.31,Signal changed to 1.0
PRICE_VS_EMA_SAR_LONG_SHORT,20,None,164,LONG,2026-02-18T02:00:00,1987.61,2026-02-18T11:00:00,1981.43,9,-0.31,Signal changed to -1.0
PRICE_VS_EMA_SAR_LONG_SHORT,20,None,165,SHORT,2026-02-18T11:00:00,1981.43,2026-02-19T02:00:00,1968.06,15,0.67,Signal changed to 1.0
PRICE_VS_EMA_SAR_LONG_SHORT,20,None,166,LONG,2026-02-19T02:00:00,1968.06,2026-02-19T08:00:00,1970.5,6,0.12,Signal changed to -1.0
PRICE_VS_EMA_SAR_LONG_SHORT,20,None,167,SHORT,2026-02-19T08:00:00,1970.5,2026-02-19T20:00:00,1950.29,12,1.03,Signal changed to 1.0
PRICE_VS_EMA_SAR_LONG_SHORT,20,None,168,LONG,2026-02-19T20:00:00,1950.29,2026-02-19T22:00:00,1943.96,2,-0.32,Signal changed to -1.0
PRICE_VS_EMA_SAR_LONG_SHORT,20,None,169,SHORT,2026-02-19T22:00:00,1943.96,2026-02-19T23:00:00,1949.08,1,-0.26,Signal changed to 1.0
PRICE_VS_EMA_SAR_LONG_SHORT,20,None,170,LONG,2026-02-19T23:00:00,1949.08,2026-02-20T04:00:00,1939.17,5,-0.51,Signal changed to -1.0
PRICE_VS_EMA_SAR_LONG_SHORT,20,None,171,SHORT,2026-02-20T04:00:00,1939.17,2026-02-20T05:00:00,1955.23,1,-0.83,Signal changed to 1.0
PRICE_VS_EMA_SAR_LONG_SHORT,20,None,172,LONG,2026-02-20T05:00:00,1955.23,2026-02-20T11:00:00,1943.98,6,-0.58,Signal changed to -1.0
PRICE_VS_EMA_SAR_LONG_SHORT,20,None,173,SHORT,2026-02-20T11:00:00,1943.98,2026-02-20T15:00:00,1963.95,4,-1.03,Signal changed to 1.0
PRICE_VS_EMA_SAR_LONG_SHORT,20,None,174,LONG,2026-02-20T15:00:00,1963.95,2026-02-21T03:00:00,1959.03,12,-0.25,Signal changed to -1.0
PRICE_VS_EMA_SAR_LONG_SHORT,20,None,175,SHORT,2026-02-21T03:00:00,1959.03,2026-02-21T04:00:00,1962.4,1,-0.17,Signal changed to 1.0
PRICE_VS_EMA_SAR_LONG_SHORT,20,None,176,LONG,2026-02-21T04:00:00,1962.4,2026-02-21T06:00:00,1961.5,2,-0.05,Signal changed to -1.0
PRICE_VS_EMA_SAR_LONG_SHORT,20,None,177,SHORT,2026-02-21T06:00:00,1961.5,2026-02-21T07:00:00,1962.71,1,-0.06,Signal changed to 1.0
PRICE_VS_EMA_SAR_LONG_SHORT,20,None,178,LONG,2026-02-21T07:00:00,1962.71,2026-02-21T20:00:00,1974.14,13,0.58,Signal changed to -1.0
PRICE_VS_EMA_SAR_LONG_SHORT,20,None,179,SHORT,2026-02-21T20:00:00,1974.14,2026-02-21T21:00:00,1982.04,1,-0.4,Signal changed to 1.0
PRICE_VS_EMA_SAR_LONG_SHORT,20,None,180,LONG,2026-02-21T21:00:00,1982.04,2026-02-21T22:00:00,1974.4,1,-0.39,Signal changed to -1.0
PRICE_VS_EMA_SAR_LONG_SHORT,20,None,181,SHORT,2026-02-21T22:00:00,1974.4,2026-02-22T01:00:00,1977.37,3,-0.15,Signal changed to 1.0
PRICE_VS_EMA_SAR_LONG_SHORT,20,None,182,LONG,2026-02-22T01:00:00,1977.37,2026-02-22T02:00:00,1972.23,1,-0.26,Signal changed to -1.0
PRICE_VS_EMA_SAR_LONG_SHORT,20,None,183,SHORT,2026-02-22T02:00:00,1972.23,2026-02-22T06:00:00,1976.05,4,-0.19,Signal changed to 1.0
PRICE_VS_EMA_SAR_LONG_SHORT,20,None,184,LONG,2026-02-22T06:00:00,1976.05,2026-02-22T08:00:00,1973.39,2,-0.13,Signal changed to -1.0
PRICE_VS_EMA_SAR_LONG_SHORT,20,None,185,SHORT,2026-02-22T08:00:00,1973.39,2026-02-22T09:00:00,1975.83,1,-0.12,Signal changed to 1.0
PRICE_VS_EMA_SAR_LONG_SHORT,20,None,186,LONG,2026-02-22T09:00:00,1975.83,2026-02-22T12:00:00,1966.37,3,-0.48,Signal changed to -1.0
PRICE_VS_EMA_SAR_LONG_SHORT,20,None,187,SHORT,2026-02-22T12:00:00,1966.37,2026-02-22T22:00:00,1958.54,10,0.4,Signal changed to 1.0
PRICE_VS_EMA_SAR_LONG_SHORT,20,None,188,LONG,2026-02-22T22:00:00,1958.54,2026-02-22T23:00:00,1957.82,1,-0.04,Signal changed to -1.0
PRICE_VS_EMA_SAR_LONG_SHORT,20,None,189,SHORT,2026-02-22T23:00:00,1957.82,2026-02-23T09:00:00,1918.0,10,2.03,Signal changed to 1.0
PRICE_VS_EMA_SAR_LONG_SHORT,20,None,190,LONG,2026-02-23T09:00:00,1918.0,2026-02-23T14:00:00,1906.92,5,-0.58,Signal changed to -1.0
PRICE_VS_EMA_SAR_LONG_SHORT,20,None,191,SHORT,2026-02-23T14:00:00,1906.92,2026-02-24T15:00:00,1847.59,25,3.11,Signal changed to 1.0
PRICE_VS_EMA_SAR_LONG_SHORT,20,None,192,LONG,2026-02-24T15:00:00,1847.59,2026-02-26T15:00:00,2033.34,48,10.05,Signal changed to -1.0
PRICE_VS_EMA_SAR_LONG_SHORT,20,None,193,SHORT,2026-02-26T15:00:00,2033.34,2026-02-26T22:00:00,2033.29,7,0.0,Signal changed to 1.0
PRICE_VS_EMA_SAR_LONG_SHORT,20,None,194,LONG,2026-02-26T22:00:00,2033.29,2026-02-26T23:00:00,2027.68,1,-0.28,Signal changed to -1.0
PRICE_VS_EMA_SAR_LONG_SHORT,20,None,195,SHORT,2026-02-26T23:00:00,2027.68,2026-02-27T03:00:00,2045.39,4,-0.87,Signal changed to 1.0
PRICE_VS_EMA_SAR_LONG_SHORT,20,None,196,LONG,2026-02-27T03:00:00,2045.39,2026-02-27T07:00:00,2032.69,4,-0.62,Signal changed to -1.0
PRICE_VS_EMA_SAR_LONG_SHORT,20,None,197,SHORT,2026-02-27T07:00:00,2032.69,2026-02-27T08:00:00,2033.38,1,-0.03,Signal changed to 1.0
PRICE_VS_EMA_SAR_LONG_SHORT,20,None,198,LONG,2026-02-27T08:00:00,2033.38,2026-02-27T09:00:00,2010.01,1,-1.15,Signal changed to -1.0
PRICE_VS_EMA_SAR_LONG_SHORT,20,None,199,SHORT,2026-02-27T09:00:00,2010.01,2026-02-28T13:00:00,1905.58,28,5.2,Signal changed to 1.0
PRICE_VS_EMA_SAR_LONG_SHORT,20,None,200,LONG,2026-02-28T13:00:00,1905.58,2026-02-28T14:00:00,1887.75,1,-0.94,Signal changed to -1.0
PRICE_VS_EMA_SAR_LONG_SHORT,20,None,201,SHORT,2026-02-28T14:00:00,1887.75,2026-02-28T16:00:00,1903.98,2,-0.86,Signal changed to 1.0
PRICE_VS_EMA_SAR_LONG_SHORT,20,None,202,LONG,2026-02-28T16:00:00,1903.98,2026-03-01T16:00:00,1974.03,24,3.68,Signal changed to -1.0
PRICE_VS_EMA_SAR_LONG_SHORT,20,None,203,SHORT,2026-03-01T16:00:00,1974.03,2026-03-02T00:00:00,1960.86,8,0.67,Signal changed to 1.0
PRICE_VS_EMA_SAR_LONG_SHORT,20,None,204,LONG,2026-03-02T00:00:00,1960.86,2026-03-02T02:00:00,1955.63,2,-0.27,Signal changed to -1.0
PRICE_VS_EMA_SAR_LONG_SHORT,20,None,205,SHORT,2026-03-02T02:00:00,1955.63,2026-03-02T03:00:00,1972.3,1,-0.85,Signal changed to 1.0
PRICE_VS_EMA_SAR_LONG_SHORT,20,None,206,LONG,2026-03-02T03:00:00,1972.3,2026-03-02T06:00:00,1943.31,3,-1.47,Signal changed to -1.0
PRICE_VS_EMA_SAR_LONG_SHORT,20,None,207,SHORT,2026-03-02T06:00:00,1943.31,2026-03-02T14:00:00,1979.75,8,-1.88,Signal changed to 1.0
PRICE_VS_EMA_SAR_LONG_SHORT,20,None,208,LONG,2026-03-02T14:00:00,1979.75,2026-03-03T03:00:00,2008.88,13,1.47,Signal changed to -1.0
PRICE_VS_EMA_SAR_LONG_SHORT,20,None,209,SHORT,2026-03-03T03:00:00,2008.88,2026-03-03T16:00:00,1983.98,13,1.24,Signal changed to 1.0
PRICE_VS_EMA_SAR_LONG_SHORT,20,None,210,LONG,2026-03-03T16:00:00,1983.98,2026-03-03T20:00:00,1978.34,4,-0.28,Signal changed to -1.0
PRICE_VS_EMA_SAR_LONG_SHORT,20,None,211,SHORT,2026-03-03T20:00:00,1978.34,2026-03-03T22:00:00,1983.31,2,-0.25,Signal changed to 1.0
PRICE_VS_EMA_SAR_LONG_SHORT,20,None,212,LONG,2026-03-03T22:00:00,1983.31,2026-03-04T00:00:00,1976.68,2,-0.33,Signal changed to -1.0
PRICE_VS_EMA_SAR_LONG_SHORT,20,None,213,SHORT,2026-03-04T00:00:00,1976.68,2026-03-04T01:00:00,1981.73,1,-0.26,Signal changed to 1.0
PRICE_VS_EMA_SAR_LONG_SHORT,20,None,214,LONG,2026-03-04T01:00:00,1981.73,2026-03-04T02:00:00,1979.24,1,-0.13,Signal changed to -1.0
PRICE_VS_EMA_SAR_LONG_SHORT,20,None,215,SHORT,2026-03-04T02:00:00,1979.24,2026-03-04T06:00:00,1980.33,4,-0.06,Signal changed to 1.0
PRICE_VS_EMA_SAR_LONG_SHORT,20,None,216,LONG,2026-03-04T06:00:00,1980.33,2026-03-05T07:00:00,2104.96,25,6.29,Signal changed to -1.0
PRICE_VS_EMA_SAR_LONG_SHORT,20,None,217,SHORT,2026-03-05T07:00:00,2104.96,2026-03-05T08:00:00,2117.64,1,-0.6,Signal changed to 1.0
PRICE_VS_EMA_SAR_LONG_SHORT,20,None,218,LONG,2026-03-05T08:00:00,2117.64,2026-03-05T13:00:00,2117.6,5,-0.0,Signal changed to -1.0
PRICE_VS_EMA_SAR_LONG_SHORT,20,None,219,SHORT,2026-03-05T13:00:00,2117.6,2026-03-08T09:00:00,1963.54,68,7.28,Signal changed to 1.0
PRICE_VS_EMA_SAR_LONG_SHORT,20,None,220,LONG,2026-03-08T09:00:00,1963.54,2026-03-08T11:00:00,1951.38,2,-0.62,Signal changed to -1.0
PRICE_VS_EMA_SAR_LONG_SHORT,20,None,221,SHORT,2026-03-08T11:00:00,1951.38,2026-03-08T19:00:00,1964.91,8,-0.69,Signal changed to 1.0
PRICE_VS_EMA_SAR_LONG_SHORT,20,None,222,LONG,2026-03-08T19:00:00,1964.91,2026-03-08T22:00:00,1943.2,3,-1.1,Signal changed to -1.0
PRICE_VS_EMA_SAR_LONG_SHORT,20,None,223,SHORT,2026-03-08T22:00:00,1943.2,2026-03-09T00:00:00,1950.99,2,-0.4,Signal changed to 1.0
PRICE_VS_EMA_SAR_LONG_SHORT,20,None,224,LONG,2026-03-09T00:00:00,1950.99,2026-03-09T01:00:00,1946.0,1,-0.26,Signal changed to -1.0
PRICE_VS_EMA_SAR_LONG_SHORT,20,None,225,SHORT,2026-03-09T01:00:00,1946.0,2026-03-09T02:00:00,1959.66,1,-0.7,Signal changed to 1.0
PRICE_VS_EMA_SAR_LONG_SHORT,20,None,226,LONG,2026-03-09T02:00:00,1959.66,2026-03-09T22:00:00,2002.53,20,2.19,Signal changed to -1.0
PRICE_VS_EMA_SAR_LONG_SHORT,20,None,227,SHORT,2026-03-09T22:00:00,2002.53,2026-03-10T00:00:00,2015.37,2,-0.64,Signal changed to 1.0
PRICE_VS_EMA_SAR_LONG_SHORT,20,None,228,LONG,2026-03-10T00:00:00,2015.37,2026-03-10T13:00:00,2033.63,13,0.91,Signal changed to -1.0
PRICE_VS_EMA_SAR_LONG_SHORT,20,None,229,SHORT,2026-03-10T13:00:00,2033.63,2026-03-10T14:00:00,2075.19,1,-2.04,Signal changed to 1.0
PRICE_VS_EMA_SAR_LONG_SHORT,20,None,230,LONG,2026-03-10T14:00:00,2075.19,2026-03-10T18:00:00,2039.68,4,-1.71,Signal changed to -1.0
PRICE_VS_EMA_SAR_LONG_SHORT,20,None,231,SHORT,2026-03-10T18:00:00,2039.68,2026-03-11T04:00:00,2039.08,10,0.03,Signal changed to 1.0
PRICE_VS_EMA_SAR_LONG_SHORT,20,None,232,LONG,2026-03-11T04:00:00,2039.08,2026-03-11T05:00:00,2014.63,1,-1.2,Signal changed to -1.0
PRICE_VS_EMA_SAR_LONG_SHORT,20,None,233,SHORT,2026-03-11T05:00:00,2014.63,2026-03-11T13:00:00,2050.72,8,-1.79,Signal changed to 1.0
PRICE_VS_EMA_SAR_LONG_SHORT,20,None,234,LONG,2026-03-11T13:00:00,2050.72,2026-03-11T23:00:00,2051.97,10,0.06,Signal changed to -1.0
PRICE_VS_EMA_SAR_LONG_SHORT,20,None,235,SHORT,2026-03-11T23:00:00,2051.97,2026-03-12T00:00:00,2055.78,1,-0.19,Signal changed to 1.0
PRICE_VS_EMA_SAR_LONG_SHORT,20,None,236,LONG,2026-03-12T00:00:00,2055.78,2026-03-12T01:00:00,2046.24,1,-0.46,Signal changed to -1.0
PRICE_VS_EMA_SAR_LONG_SHORT,20,None,237,SHORT,2026-03-12T01:00:00,2046.24,2026-03-12T08:00:00,2047.8,7,-0.08,Signal changed to 1.0
PRICE_VS_EMA_SAR_LONG_SHORT,20,None,238,LONG,2026-03-12T08:00:00,2047.8,2026-03-12T14:00:00,2045.35,6,-0.12,Signal changed to -1.0
PRICE_VS_EMA_SAR_LONG_SHORT,20,None,239,SHORT,2026-03-12T14:00:00,2045.35,2026-03-12T15:00:00,2072.33,1,-1.32,Signal changed to 1.0
PRICE_VS_EMA_SAR_LONG_SHORT,20,None,240,LONG,2026-03-12T15:00:00,2072.33,2026-03-12T18:00:00,2048.78,3,-1.14,Signal changed to -1.0
PRICE_VS_EMA_SAR_LONG_SHORT,20,None,241,SHORT,2026-03-12T18:00:00,2048.78,2026-03-12T19:00:00,2069.59,1,-1.02,Signal changed to 1.0
PRICE_VS_EMA_SAR_LONG_SHORT,20,None,242,LONG,2026-03-12T19:00:00,2069.59,2026-03-13T17:00:00,2102.75,22,1.6,Signal changed to -1.0
PRICE_VS_EMA_SAR_LONG_SHORT,20,None,243,SHORT,2026-03-13T17:00:00,2102.75,2026-03-14T20:00:00,2086.01,27,0.8,Signal changed to 1.0
PRICE_VS_EMA_SAR_LONG_SHORT,20,None,244,LONG,2026-03-14T20:00:00,2086.01,2026-03-15T13:00:00,2097.4,17,0.55,Signal changed to -1.0
PRICE_VS_EMA_SAR_LONG_SHORT,20,None,245,SHORT,2026-03-15T13:00:00,2097.4,2026-03-15T17:00:00,2110.77,4,-0.64,Signal changed to 1.0
PRICE_VS_EMA_SAR_LONG_SHORT,20,None,246,LONG,2026-03-15T17:00:00,2110.77,2026-03-15T18:00:00,2099.14,1,-0.55,Signal changed to -1.0
PRICE_VS_EMA_SAR_LONG_SHORT,20,None,247,SHORT,2026-03-15T18:00:00,2099.14,2026-03-15T19:00:00,2113.49,1,-0.68,Signal changed to 1.0
PRICE_VS_EMA_SAR_LONG_SHORT,20,None,248,LONG,2026-03-15T19:00:00,2113.49,2026-03-17T05:00:00,2307.37,34,9.17,Signal changed to -1.0
PRICE_VS_EMA_SAR_LONG_SHORT,20,None,249,SHORT,2026-03-17T05:00:00,2307.37,2026-03-17T06:00:00,2315.34,1,-0.35,Signal changed to 1.0
PRICE_VS_EMA_SAR_LONG_SHORT,20,None,250,LONG,2026-03-17T06:00:00,2315.34,2026-03-17T10:00:00,2312.94,4,-0.1,Signal changed to -1.0
PRICE_VS_EMA_SAR_LONG_SHORT,20,None,251,SHORT,2026-03-17T10:00:00,2312.94,2026-03-17T11:00:00,2326.82,1,-0.6,Signal changed to 1.0
PRICE_VS_EMA_SAR_LONG_SHORT,20,None,252,LONG,2026-03-17T11:00:00,2326.82,2026-03-17T15:00:00,2315.98,4,-0.47,Signal changed to -1.0
PRICE_VS_EMA_SAR_LONG_SHORT,20,None,253,SHORT,2026-03-17T15:00:00,2315.98,2026-03-17T16:00:00,2326.84,1,-0.47,Signal changed to 1.0
PRICE_VS_EMA_SAR_LONG_SHORT,20,None,254,LONG,2026-03-17T16:00:00,2326.84,2026-03-17T19:00:00,2320.22,3,-0.28,Signal changed to -1.0
PRICE_VS_EMA_SAR_LONG_SHORT,20,None,255,SHORT,2026-03-17T19:00:00,2320.22,2026-03-17T20:00:00,2327.88,1,-0.33,Signal changed to 1.0
PRICE_VS_EMA_SAR_LONG_SHORT,20,None,256,LONG,2026-03-17T20:00:00,2327.88,2026-03-17T23:00:00,2317.39,3,-0.45,Signal changed to -1.0
PRICE_VS_EMA_SAR_LONG_SHORT,20,None,257,SHORT,2026-03-17T23:00:00,2317.39,2026-03-18T00:00:00,2324.24,1,-0.3,Signal changed to 1.0
PRICE_VS_EMA_SAR_LONG_SHORT,20,None,258,LONG,2026-03-18T00:00:00,2324.24,2026-03-18T05:00:00,2318.42,5,-0.25,Signal changed to -1.0
PRICE_VS_EMA_SAR_LONG_SHORT,20,None,259,SHORT,2026-03-18T05:00:00,2318.42,2026-03-18T09:00:00,2329.27,4,-0.47,Signal changed to 1.0
PRICE_VS_EMA_SAR_LONG_SHORT,20,None,260,LONG,2026-03-18T09:00:00,2329.27,2026-03-18T10:00:00,2312.83,1,-0.71,Signal changed to -1.0
PRICE_VS_EMA_SAR_LONG_SHORT,20,None,261,SHORT,2026-03-18T10:00:00,2312.83,2026-03-20T07:00:00,2150.54,45,7.02,Signal changed to 1.0
PRICE_VS_EMA_SAR_LONG_SHORT,20,None,262,LONG,2026-03-20T07:00:00,2150.54,2026-03-20T09:00:00,2141.21,2,-0.43,Signal changed to -1.0
PRICE_VS_EMA_SAR_LONG_SHORT,20,None,263,SHORT,2026-03-20T09:00:00,2141.21,2026-03-20T21:00:00,2147.53,12,-0.3,Signal changed to 1.0
PRICE_VS_EMA_SAR_LONG_SHORT,20,None,264,LONG,2026-03-20T21:00:00,2147.53,2026-03-21T16:00:00,2146.65,19,-0.04,Signal changed to -1.0
PRICE_VS_EMA_SAR_LONG_SHORT,20,None,265,SHORT,2026-03-21T16:00:00,2146.65,2026-03-21T18:00:00,2151.46,2,-0.22,Signal changed to 1.0
PRICE_VS_EMA_SAR_LONG_SHORT,20,None,266,LONG,2026-03-21T18:00:00,2151.46,2026-03-21T22:00:00,2149.94,4,-0.07,Signal changed to -1.0
PRICE_VS_EMA_SAR_LONG_SHORT,20,None,267,SHORT,2026-03-21T22:00:00,2149.94,2026-03-23T11:00:00,2134.78,37,0.71,Signal changed to 1.0
PRICE_VS_EMA_SAR_LONG_SHORT,20,None,268,LONG,2026-03-23T11:00:00,2134.78,2026-03-24T13:00:00,2138.38,26,0.17,Signal changed to -1.0
PRICE_VS_EMA_SAR_LONG_SHORT,20,None,269,SHORT,2026-03-24T13:00:00,2138.38,2026-03-24T20:00:00,2148.48,7,-0.47,Signal changed to 1.0
PRICE_VS_EMA_SAR_LONG_SHORT,20,None,270,LONG,2026-03-24T20:00:00,2148.48,2026-03-25T15:00:00,2162.56,19,0.66,Signal changed to -1.0
PRICE_VS_EMA_SAR_LONG_SHORT,20,None,271,SHORT,2026-03-25T15:00:00,2162.56,2026-03-25T16:00:00,2173.83,1,-0.52,Signal changed to 1.0
PRICE_VS_EMA_SAR_LONG_SHORT,20,None,272,LONG,2026-03-25T16:00:00,2173.83,2026-03-25T17:00:00,2164.1,1,-0.45,Signal changed to -1.0
PRICE_VS_EMA_SAR_LONG_SHORT,20,None,273,SHORT,2026-03-25T17:00:00,2164.1,2026-03-25T19:00:00,2172.69,2,-0.4,Signal changed to 1.0
PRICE_VS_EMA_SAR_LONG_SHORT,20,None,274,LONG,2026-03-25T19:00:00,2172.69,2026-03-25T20:00:00,2166.49,1,-0.29,Signal changed to -1.0
PRICE_VS_EMA_SAR_LONG_SHORT,20,None,275,SHORT,2026-03-25T20:00:00,2166.49,2026-03-25T22:00:00,2174.53,2,-0.37,Signal changed to 1.0
PRICE_VS_EMA_SAR_LONG_SHORT,20,None,276,LONG,2026-03-25T22:00:00,2174.53,2026-03-26T00:00:00,2166.69,2,-0.36,Signal changed to -1.0
PRICE_VS_EMA_SAR_LONG_SHORT,20,None,277,SHORT,2026-03-26T00:00:00,2166.69,2026-03-28T06:00:00,2000.95,54,7.65,Signal changed to 1.0
PRICE_VS_EMA_SAR_LONG_SHORT,20,None,278,LONG,2026-03-28T06:00:00,2000.95,2026-03-28T08:00:00,1999.24,2,-0.09,Signal changed to -1.0
PRICE_VS_EMA_SAR_LONG_SHORT,20,None,279,SHORT,2026-03-28T08:00:00,1999.24,2026-03-28T13:00:00,2026.4,5,-1.36,Signal changed to 1.0
PRICE_VS_EMA_SAR_LONG_SHORT,20,None,280,LONG,2026-03-28T13:00:00,2026.4,2026-03-28T21:00:00,2009.61,8,-0.83,Signal changed to -1.0
PRICE_VS_EMA_SAR_LONG_SHORT,20,None,281,SHORT,2026-03-28T21:00:00,2009.61,2026-03-29T03:00:00,2011.1,6,-0.07,Signal changed to 1.0
PRICE_VS_EMA_SAR_LONG_SHORT,20,None,282,LONG,2026-03-29T03:00:00,2011.1,2026-03-29T04:00:00,2005.85,1,-0.26,Signal changed to -1.0
PRICE_VS_EMA_SAR_LONG_SHORT,20,None,283,SHORT,2026-03-29T04:00:00,2005.85,2026-03-29T20:00:00,2002.5,16,0.17,Signal changed to 1.0
PRICE_VS_EMA_SAR_LONG_SHORT,20,None,284,LONG,2026-03-29T20:00:00,2002.5,2026-03-29T22:00:00,1973.99,2,-1.42,Signal changed to -1.0
PRICE_VS_EMA_SAR_LONG_SHORT,20,None,285,SHORT,2026-03-29T22:00:00,1973.99,2026-03-30T00:00:00,1997.25,2,-1.18,Signal changed to 1.0
PRICE_VS_EMA_SAR_LONG_SHORT,20,None,286,LONG,2026-03-30T00:00:00,1997.25,2026-03-30T17:00:00,2041.8,17,2.23,Signal changed to -1.0
PRICE_VS_EMA_SAR_LONG_SHORT,20,None,287,SHORT,2026-03-30T17:00:00,2041.8,2026-03-31T01:00:00,2073.0,8,-1.53,Signal changed to 1.0
PRICE_VS_EMA_SAR_LONG_SHORT,20,None,288,LONG,2026-03-31T01:00:00,2073.0,2026-03-31T08:00:00,2040.1,7,-1.59,Signal changed to -1.0
PRICE_VS_EMA_SAR_LONG_SHORT,20,None,289,SHORT,2026-03-31T08:00:00,2040.1,2026-03-31T12:00:00,2047.78,4,-0.38,Signal changed to 1.0
PRICE_VS_EMA_SAR_LONG_SHORT,20,None,290,LONG,2026-03-31T12:00:00,2047.78,2026-03-31T14:00:00,2045.94,2,-0.09,Signal changed to -1.0
PRICE_VS_EMA_SAR_LONG_SHORT,20,None,291,SHORT,2026-03-31T14:00:00,2045.94,2026-03-31T15:00:00,2054.85,1,-0.44,Signal changed to 1.0
PRICE_VS_EMA_SAR_LONG_SHORT,20,None,292,LONG,2026-03-31T15:00:00,2054.85,2026-04-02T01:00:00,2100.03,34,2.2,Signal changed to -1.0
PRICE_VS_EMA_SAR_LONG_SHORT,20,None,293,SHORT,2026-04-02T01:00:00,2100.03,2026-04-02T19:00:00,2065.34,18,1.65,Signal changed to 1.0
PRICE_VS_EMA_SAR_LONG_SHORT,20,None,294,LONG,2026-04-02T19:00:00,2065.34,2026-04-02T21:00:00,2062.98,2,-0.11,Signal changed to -1.0
PRICE_VS_EMA_SAR_LONG_SHORT,20,None,295,SHORT,2026-04-02T21:00:00,2062.98,2026-04-03T06:00:00,2063.66,9,-0.03,Signal changed to 1.0
PRICE_VS_EMA_SAR_LONG_SHORT,20,None,296,LONG,2026-04-03T06:00:00,2063.66,2026-04-03T10:00:00,2059.9,4,-0.18,Signal changed to -1.0
PRICE_VS_EMA_SAR_LONG_SHORT,20,None,297,SHORT,2026-04-03T10:00:00,2059.9,2026-04-03T11:00:00,2062.64,1,-0.13,Signal changed to 1.0
PRICE_VS_EMA_SAR_LONG_SHORT,20,None,298,LONG,2026-04-03T11:00:00,2062.64,2026-04-03T12:00:00,2049.84,1,-0.62,Signal changed to -1.0
PRICE_VS_EMA_SAR_LONG_SHORT,20,None,299,SHORT,2026-04-03T12:00:00,2049.84,2026-04-03T21:00:00,2058.42,9,-0.42,Signal changed to 1.0
PRICE_VS_EMA_SAR_LONG_SHORT,20,None,300,LONG,2026-04-03T21:00:00,2058.42,2026-04-03T22:00:00,2051.79,1,-0.32,Signal changed to -1.0
PRICE_VS_EMA_SAR_LONG_SHORT,20,None,301,SHORT,2026-04-03T22:00:00,2051.79,2026-04-04T05:00:00,2053.79,7,-0.1,Signal changed to 1.0
PRICE_VS_EMA_SAR_LONG_SHORT,20,None,302,LONG,2026-04-04T05:00:00,2053.79,2026-04-04T08:00:00,2050.57,3,-0.16,Signal changed to -1.0
PRICE_VS_EMA_SAR_LONG_SHORT,20,None,303,SHORT,2026-04-04T08:00:00,2050.57,2026-04-04T10:00:00,2054.32,2,-0.18,Signal changed to 1.0
PRICE_VS_EMA_SAR_LONG_SHORT,20,None,304,LONG,2026-04-04T10:00:00,2054.32,2026-04-04T11:00:00,2051.84,1,-0.12,Signal changed to -1.0
PRICE_VS_EMA_SAR_LONG_SHORT,20,None,305,SHORT,2026-04-04T11:00:00,2051.84,2026-04-04T13:00:00,2053.59,2,-0.09,Signal changed to 1.0
PRICE_VS_EMA_SAR_LONG_SHORT,20,None,306,LONG,2026-04-04T13:00:00,2053.59,2026-04-05T01:00:00,2057.37,12,0.18,Signal changed to -1.0
PRICE_VS_EMA_SAR_LONG_SHORT,20,None,307,SHORT,2026-04-05T01:00:00,2057.37,2026-04-05T02:00:00,2059.86,1,-0.12,Signal changed to 1.0
PRICE_VS_EMA_SAR_LONG_SHORT,20,None,308,LONG,2026-04-05T02:00:00,2059.86,2026-04-05T03:00:00,2056.64,1,-0.16,Signal changed to -1.0
PRICE_VS_EMA_SAR_LONG_SHORT,20,None,309,SHORT,2026-04-05T03:00:00,2056.64,2026-04-05T15:00:00,2053.85,12,0.14,Signal changed to 1.0
PRICE_VS_EMA_SAR_LONG_SHORT,20,None,310,LONG,2026-04-05T15:00:00,2053.85,2026-04-06T22:00:00,2105.41,31,2.51,Signal changed to -1.0
PRICE_VS_EMA_SAR_LONG_SHORT,20,None,311,SHORT,2026-04-06T22:00:00,2105.41,2026-04-07T09:00:00,2128.26,11,-1.09,Signal changed to 1.0
PRICE_VS_EMA_SAR_LONG_SHORT,20,None,312,LONG,2026-04-07T09:00:00,2128.26,2026-04-07T10:00:00,2089.32,1,-1.83,Signal changed to -1.0
PRICE_VS_EMA_SAR_LONG_SHORT,20,None,313,SHORT,2026-04-07T10:00:00,2089.32,2026-04-07T17:00:00,2099.5,7,-0.49,Signal changed to 1.0
PRICE_VS_EMA_SAR_LONG_SHORT,20,None,314,LONG,2026-04-07T17:00:00,2099.5,2026-04-07T18:00:00,2086.3,1,-0.63,Signal changed to -1.0
PRICE_VS_EMA_SAR_LONG_SHORT,20,None,315,SHORT,2026-04-07T18:00:00,2086.3,2026-04-07T19:00:00,2113.39,1,-1.3,Signal changed to 1.0
PRICE_VS_EMA_SAR_LONG_SHORT,20,None,316,LONG,2026-04-07T19:00:00,2113.39,2026-04-08T14:00:00,2195.22,19,3.87,Signal changed to -1.0
PRICE_VS_EMA_SAR_LONG_SHORT,20,None,317,SHORT,2026-04-08T14:00:00,2195.22,2026-04-08T15:00:00,2215.45,1,-0.92,Signal changed to 1.0
PRICE_VS_EMA_SAR_LONG_SHORT,20,None,318,LONG,2026-04-08T15:00:00,2215.45,2026-04-08T18:00:00,2201.41,3,-0.63,Signal changed to -1.0
PRICE_VS_EMA_SAR_LONG_SHORT,20,None,319,SHORT,2026-04-08T18:00:00,2201.41,2026-04-08T21:00:00,2214.53,3,-0.6,Signal changed to 1.0
PRICE_VS_EMA_SAR_LONG_SHORT,20,None,320,LONG,2026-04-08T21:00:00,2214.53,2026-04-08T22:00:00,2189.87,1,-1.11,Signal changed to -1.0
PRICE_VS_EMA_SAR_LONG_SHORT,20,None,321,SHORT,2026-04-08T22:00:00,2189.87,2026-04-09T09:00:00,2194.14,11,-0.19,Signal changed to 1.0
PRICE_VS_EMA_SAR_LONG_SHORT,20,None,322,LONG,2026-04-09T09:00:00,2194.14,2026-04-09T10:00:00,2190.7,1,-0.16,Signal changed to -1.0
PRICE_VS_EMA_SAR_LONG_SHORT,20,None,323,SHORT,2026-04-09T10:00:00,2190.7,2026-04-09T15:00:00,2217.99,5,-1.25,Signal changed to 1.0
PRICE_VS_EMA_SAR_LONG_SHORT,20,None,324,LONG,2026-04-09T15:00:00,2217.99,2026-04-09T22:00:00,2197.69,7,-0.92,Signal changed to -1.0
PRICE_VS_EMA_SAR_LONG_SHORT,20,None,325,SHORT,2026-04-09T22:00:00,2197.69,2026-04-10T05:00:00,2196.9,7,0.04,Signal changed to 1.0
PRICE_VS_EMA_SAR_LONG_SHORT,20,None,326,LONG,2026-04-10T05:00:00,2196.9,2026-04-10T06:00:00,2186.2,1,-0.49,Signal changed to -1.0
PRICE_VS_EMA_SAR_LONG_SHORT,20,None,327,SHORT,2026-04-10T06:00:00,2186.2,2026-04-10T09:00:00,2196.03,3,-0.45,Signal changed to 1.0
PRICE_VS_EMA_SAR_LONG_SHORT,20,None,328,LONG,2026-04-10T09:00:00,2196.03,2026-04-11T05:00:00,2232.79,20,1.67,Signal changed to -1.0
PRICE_VS_EMA_SAR_LONG_SHORT,20,None,329,SHORT,2026-04-11T05:00:00,2232.79,2026-04-11T06:00:00,2235.66,1,-0.13,Signal changed to 1.0
PRICE_VS_EMA_SAR_LONG_SHORT,20,None,330,LONG,2026-04-11T06:00:00,2235.66,2026-04-11T07:00:00,2232.6,1,-0.14,Signal changed to -1.0
PRICE_VS_EMA_SAR_LONG_SHORT,20,None,331,SHORT,2026-04-11T07:00:00,2232.6,2026-04-11T09:00:00,2243.83,2,-0.5,Signal changed to 1.0
PRICE_VS_EMA_SAR_LONG_SHORT,20,None,332,LONG,2026-04-11T09:00:00,2243.83,2026-04-12T01:00:00,2219.05,16,-1.1,Signal changed to -1.0
PRICE_VS_EMA_SAR_LONG_SHORT,20,None,333,SHORT,2026-04-12T01:00:00,2219.05,2026-04-12T20:00:00,2213.53,19,0.25,Signal changed to 1.0
PRICE_VS_EMA_SAR_LONG_SHORT,20,None,334,LONG,2026-04-12T20:00:00,2213.53,2026-04-12T22:00:00,2199.37,2,-0.64,Signal changed to -1.0
PRICE_VS_EMA_SAR_LONG_SHORT,20,None,335,SHORT,2026-04-12T22:00:00,2199.37,2026-04-13T13:00:00,2215.47,15,-0.73,Signal changed to 1.0
PRICE_VS_EMA_SAR_LONG_SHORT,20,None,336,LONG,2026-04-13T13:00:00,2215.47,2026-04-14T16:00:00,2334.0,27,5.35,Signal changed to -1.0
PRICE_VS_EMA_SAR_LONG_SHORT,20,None,337,SHORT,2026-04-14T16:00:00,2334.0,2026-04-15T00:00:00,2333.81,8,0.01,Signal changed to 1.0
PRICE_VS_EMA_SAR_LONG_SHORT,20,None,338,LONG,2026-04-15T00:00:00,2333.81,2026-04-15T02:00:00,2324.77,2,-0.39,Signal changed to -1.0
PRICE_VS_EMA_SAR_LONG_SHORT,20,None,339,SHORT,2026-04-15T02:00:00,2324.77,2026-04-15T04:00:00,2333.44,2,-0.37,Signal changed to 1.0
PRICE_VS_EMA_SAR_LONG_SHORT,20,None,340,LONG,2026-04-15T04:00:00,2333.44,2026-04-15T05:00:00,2319.45,1,-0.6,Signal changed to -1.0
PRICE_VS_EMA_SAR_LONG_SHORT,20,None,341,SHORT,2026-04-15T05:00:00,2319.45,2026-04-15T11:00:00,2337.43,6,-0.78,Signal changed to 1.0
PRICE_VS_EMA_SAR_LONG_SHORT,20,None,342,LONG,2026-04-15T11:00:00,2337.43,2026-04-15T13:00:00,2326.94,2,-0.45,Signal changed to -1.0
PRICE_VS_EMA_SAR_LONG_SHORT,20,None,343,SHORT,2026-04-15T13:00:00,2326.94,2026-04-15T14:00:00,2338.4,1,-0.49,Signal changed to 1.0
PRICE_VS_EMA_SAR_LONG_SHORT,20,None,344,LONG,2026-04-15T14:00:00,2338.4,2026-04-16T07:00:00,2341.52,17,0.13,Signal changed to -1.0
PRICE_VS_EMA_SAR_LONG_SHORT,20,None,345,SHORT,2026-04-16T07:00:00,2341.52,2026-04-16T15:00:00,2339.01,8,0.11,Signal changed to 1.0
PRICE_VS_EMA_SAR_LONG_SHORT,20,None,346,LONG,2026-04-16T15:00:00,2339.01,2026-04-16T16:00:00,2316.76,1,-0.95,Signal changed to -1.0
PRICE_VS_EMA_SAR_LONG_SHORT,20,None,347,SHORT,2026-04-16T16:00:00,2316.76,2026-04-16T18:00:00,2343.1,2,-1.14,Signal changed to 1.0
PRICE_VS_EMA_SAR_LONG_SHORT,20,None,348,LONG,2026-04-16T18:00:00,2343.1,2026-04-17T01:00:00,2335.38,7,-0.33,Signal changed to -1.0
PRICE_VS_EMA_SAR_LONG_SHORT,20,None,349,SHORT,2026-04-17T01:00:00,2335.38,2026-04-17T08:00:00,2354.87,7,-0.83,Signal changed to 1.0
PRICE_VS_EMA_SAR_LONG_SHORT,20,None,350,LONG,2026-04-17T08:00:00,2354.87,2026-04-18T03:00:00,2405.04,19,2.13,Signal changed to -1.0
PRICE_VS_EMA_SAR_LONG_SHORT,20,None,351,SHORT,2026-04-18T03:00:00,2405.04,2026-04-18T04:00:00,2407.48,1,-0.1,Signal changed to 1.0
PRICE_VS_EMA_SAR_LONG_SHORT,20,None,352,LONG,2026-04-18T04:00:00,2407.48,2026-04-18T07:00:00,2403.71,3,-0.16,Signal changed to -1.0
PRICE_VS_EMA_SAR_LONG_SHORT,20,None,353,SHORT,2026-04-18T07:00:00,2403.71,2026-04-19T13:00:00,2338.67,30,2.71,Signal changed to 1.0
PRICE_VS_EMA_SAR_LONG_SHORT,20,None,354,LONG,2026-04-19T13:00:00,2338.67,2026-04-19T14:00:00,2338.09,1,-0.02,Signal changed to -1.0
PRICE_VS_EMA_SAR_LONG_SHORT,20,None,355,SHORT,2026-04-19T14:00:00,2338.09,2026-04-20T07:00:00,2298.8,17,1.68,Signal changed to 1.0
PRICE_VS_EMA_SAR_LONG_SHORT,20,None,356,LONG,2026-04-20T07:00:00,2298.8,2026-04-20T08:00:00,2294.09,1,-0.2,Signal changed to -1.0
PRICE_VS_EMA_SAR_LONG_SHORT,20,None,357,SHORT,2026-04-20T08:00:00,2294.09,2026-04-20T09:00:00,2309.06,1,-0.65,Signal changed to 1.0
PRICE_VS_EMA_SAR_LONG_SHORT,20,None,358,LONG,2026-04-20T09:00:00,2309.06,2026-04-20T14:00:00,2290.9,5,-0.79,Signal changed to -1.0
PRICE_VS_EMA_SAR_LONG_SHORT,20,None,359,SHORT,2026-04-20T14:00:00,2290.9,2026-04-20T15:00:00,2313.91,1,-1.0,Signal changed to 1.0
PRICE_VS_EMA_SAR_LONG_SHORT,20,None,360,LONG,2026-04-20T15:00:00,2313.91,2026-04-20T16:00:00,2300.07,1,-0.6,Signal changed to -1.0
PRICE_VS_EMA_SAR_LONG_SHORT,20,None,361,SHORT,2026-04-20T16:00:00,2300.07,2026-04-20T17:00:00,2317.06,1,-0.74,Signal changed to 1.0
PRICE_VS_EMA_SAR_LONG_SHORT,20,None,362,LONG,2026-04-20T17:00:00,2317.06,2026-04-21T02:00:00,2308.34,9,-0.38,Signal changed to -1.0
PRICE_VS_EMA_SAR_LONG_SHORT,20,None,363,SHORT,2026-04-21T02:00:00,2308.34,2026-04-21T04:00:00,2314.59,2,-0.27,Signal changed to 1.0
PRICE_VS_EMA_SAR_LONG_SHORT,20,None,364,LONG,2026-04-21T04:00:00,2314.59,2026-04-21T12:00:00,2308.54,8,-0.26,Signal changed to -1.0
PRICE_VS_EMA_SAR_LONG_SHORT,20,None,365,SHORT,2026-04-21T12:00:00,2308.54,2026-04-21T20:00:00,2314.56,8,-0.26,Signal changed to 1.0
PRICE_VS_EMA_SAR_LONG_SHORT,20,None,366,LONG,2026-04-21T20:00:00,2314.56,2026-04-21T22:00:00,2311.35,2,-0.14,Signal changed to -1.0
PRICE_VS_EMA_SAR_LONG_SHORT,20,None,367,SHORT,2026-04-21T22:00:00,2311.35,2026-04-21T23:00:00,2327.14,1,-0.68,Signal changed to 1.0
PRICE_VS_EMA_SAR_LONG_SHORT,20,None,368,LONG,2026-04-21T23:00:00,2327.14,2026-04-22T23:00:00,2374.07,24,2.02,Signal changed to -1.0
PRICE_VS_EMA_SAR_LONG_SHORT,20,None,369,SHORT,2026-04-22T23:00:00,2374.07,2026-04-24T00:00:00,2332.48,25,1.75,Signal changed to 1.0
PRICE_VS_EMA_SAR_LONG_SHORT,20,None,370,LONG,2026-04-24T00:00:00,2332.48,2026-04-24T02:00:00,2319.91,2,-0.54,Signal changed to -1.0
PRICE_VS_EMA_SAR_LONG_SHORT,20,None,371,SHORT,2026-04-24T02:00:00,2319.91,2026-04-24T11:00:00,2328.1,9,-0.35,Signal changed to 1.0
PRICE_VS_EMA_SAR_LONG_SHORT,20,None,372,LONG,2026-04-24T11:00:00,2328.1,2026-04-24T13:00:00,2317.32,2,-0.46,Signal changed to -1.0
PRICE_VS_EMA_SAR_LONG_SHORT,20,None,373,SHORT,2026-04-24T13:00:00,2317.32,2026-04-24T15:00:00,2323.81,2,-0.28,Signal changed to 1.0
PRICE_VS_EMA_SAR_LONG_SHORT,20,None,374,LONG,2026-04-24T15:00:00,2323.81,2026-04-24T16:00:00,2316.67,1,-0.31,Signal changed to -1.0
PRICE_VS_EMA_SAR_LONG_SHORT,20,None,375,SHORT,2026-04-24T16:00:00,2316.67,2026-04-24T19:00:00,2321.6,3,-0.21,Signal changed to 1.0
PRICE_VS_EMA_SAR_LONG_SHORT,20,None,376,LONG,2026-04-24T19:00:00,2321.6,2026-04-24T21:00:00,2315.18,2,-0.28,Signal changed to -1.0
PRICE_VS_EMA_SAR_LONG_SHORT,20,None,377,SHORT,2026-04-24T21:00:00,2315.18,2026-04-25T08:00:00,2319.44,11,-0.18,Signal changed to 1.0
PRICE_VS_EMA_SAR_LONG_SHORT,20,None,378,LONG,2026-04-25T08:00:00,2319.44,2026-04-25T11:00:00,2313.64,3,-0.25,Signal changed to -1.0
PRICE_VS_EMA_SAR_LONG_SHORT,20,None,379,SHORT,2026-04-25T11:00:00,2313.64,2026-04-25T21:00:00,2315.8,10,-0.09,Signal changed to 1.0
PRICE_VS_EMA_SAR_LONG_SHORT,20,None,380,LONG,2026-04-25T21:00:00,2315.8,2026-04-26T01:00:00,2313.85,4,-0.08,Signal changed to -1.0
PRICE_VS_EMA_SAR_LONG_SHORT,20,None,381,SHORT,2026-04-26T01:00:00,2313.85,2026-04-26T02:00:00,2315.15,1,-0.06,Signal changed to 1.0
PRICE_VS_EMA_SAR_LONG_SHORT,20,None,382,LONG,2026-04-26T02:00:00,2315.15,2026-04-26T03:00:00,2310.0,1,-0.22,Signal changed to -1.0
PRICE_VS_EMA_SAR_LONG_SHORT,20,None,383,SHORT,2026-04-26T03:00:00,2310.0,2026-04-26T04:00:00,2317.74,1,-0.34,Signal changed to 1.0
PRICE_VS_EMA_SAR_LONG_SHORT,20,None,384,LONG,2026-04-26T04:00:00,2317.74,2026-04-27T05:00:00,2323.18,25,0.23,Signal changed to -1.0
PRICE_VS_EMA_SAR_LONG_SHORT,20,None,385,SHORT,2026-04-27T05:00:00,2323.18,2026-04-28T17:00:00,2290.73,36,1.4,Signal changed to 1.0
PRICE_VS_EMA_SAR_LONG_SHORT,20,None,386,LONG,2026-04-28T17:00:00,2290.73,2026-04-28T21:00:00,2290.12,4,-0.03,Signal changed to -1.0
PRICE_VS_EMA_SAR_LONG_SHORT,20,None,387,SHORT,2026-04-28T21:00:00,2290.12,2026-04-29T00:00:00,2292.4,3,-0.1,Signal changed to 1.0
PRICE_VS_EMA_SAR_LONG_SHORT,20,None,388,LONG,2026-04-29T00:00:00,2292.4,2026-04-29T02:00:00,2288.88,2,-0.15,Signal changed to -1.0
PRICE_VS_EMA_SAR_LONG_SHORT,20,None,389,SHORT,2026-04-29T02:00:00,2288.88,2026-04-29T03:00:00,2311.52,1,-0.99,Signal changed to 1.0
PRICE_VS_EMA_SAR_LONG_SHORT,20,None,390,LONG,2026-04-29T03:00:00,2311.52,2026-04-29T13:00:00,2303.03,10,-0.37,Signal changed to -1.0
PRICE_VS_EMA_SAR_LONG_SHORT,20,None,391,SHORT,2026-04-29T13:00:00,2303.03,2026-04-30T12:00:00,2265.45,23,1.63,Signal changed to 1.0
PRICE_VS_EMA_SAR_LONG_SHORT,20,None,392,LONG,2026-04-30T12:00:00,2265.45,2026-04-30T14:00:00,2262.01,2,-0.15,Signal changed to -1.0
PRICE_VS_EMA_SAR_LONG_SHORT,20,None,393,SHORT,2026-04-30T14:00:00,2262.01,2026-04-30T15:00:00,2265.7,1,-0.16,Signal changed to 1.0
PRICE_VS_EMA_SAR_LONG_SHORT,20,None,394,LONG,2026-04-30T15:00:00,2265.7,2026-04-30T16:00:00,2257.24,1,-0.37,Signal changed to -1.0
PRICE_VS_EMA_SAR_LONG_SHORT,20,None,395,SHORT,2026-04-30T16:00:00,2257.24,2026-04-30T19:00:00,2261.99,3,-0.21,Signal changed to 1.0
PRICE_VS_EMA_SAR_LONG_SHORT,20,None,396,LONG,2026-04-30T19:00:00,2261.99,2026-04-30T21:00:00,2256.29,2,-0.25,Signal changed to -1.0
PRICE_VS_EMA_SAR_LONG_SHORT,20,None,397,SHORT,2026-04-30T21:00:00,2256.29,2026-05-01T01:00:00,2267.75,4,-0.51,Signal changed to 1.0
PRICE_VS_EMA_SAR_LONG_SHORT,20,None,398,LONG,2026-05-01T01:00:00,2267.75,2026-05-01T20:00:00,2285.19,19,0.77,Signal changed to -1.0
PRICE_VS_EMA_SAR_LONG_SHORT,20,None,399,SHORT,2026-05-01T20:00:00,2285.19,2026-05-01T21:00:00,2292.68,1,-0.33,Signal changed to 1.0
PRICE_VS_EMA_SAR_LONG_SHORT,20,None,400,LONG,2026-05-01T21:00:00,2292.68,2026-05-03T01:00:00,2304.14,28,0.5,Signal changed to -1.0
PRICE_VS_EMA_SAR_LONG_SHORT,20,None,401,SHORT,2026-05-03T01:00:00,2304.14,2026-05-03T07:00:00,2309.28,6,-0.22,Signal changed to 1.0
PRICE_VS_EMA_SAR_LONG_SHORT,20,None,402,LONG,2026-05-03T07:00:00,2309.28,2026-05-03T23:00:00,2322.65,16,0.58,Signal changed to -1.0
PRICE_VS_EMA_SAR_LONG_SHORT,20,None,403,SHORT,2026-05-03T23:00:00,2322.65,2026-05-04T01:00:00,2351.2,2,-1.23,Signal changed to 1.0
PRICE_VS_EMA_SAR_LONG_SHORT,20,None,404,LONG,2026-05-04T01:00:00,2351.2,2026-05-04T10:00:00,2338.36,9,-0.55,Signal changed to -1.0
PRICE_VS_EMA_SAR_LONG_SHORT,20,None,405,SHORT,2026-05-04T10:00:00,2338.36,2026-05-04T14:00:00,2371.39,4,-1.41,Signal changed to 1.0
PRICE_VS_EMA_SAR_LONG_SHORT,20,None,406,LONG,2026-05-04T14:00:00,2371.39,2026-05-04T20:00:00,2350.15,6,-0.9,Signal changed to -1.0
PRICE_VS_EMA_SAR_LONG_SHORT,20,None,407,SHORT,2026-05-04T20:00:00,2350.15,2026-05-04T21:00:00,2360.89,1,-0.46,Signal changed to 1.0
PRICE_VS_EMA_SAR_LONG_SHORT,20,None,408,LONG,2026-05-04T21:00:00,2360.89,2026-05-04T23:00:00,2347.16,2,-0.58,Signal changed to -1.0
PRICE_VS_EMA_SAR_LONG_SHORT,20,None,409,SHORT,2026-05-04T23:00:00,2347.16,2026-05-05T00:00:00,2358.83,1,-0.5,Signal changed to 1.0
PRICE_VS_EMA_SAR_LONG_SHORT,20,None,410,LONG,2026-05-05T00:00:00,2358.83,2026-05-05T16:00:00,2365.94,16,0.3,Signal changed to -1.0
PRICE_VS_EMA_SAR_LONG_SHORT,20,None,411,SHORT,2026-05-05T16:00:00,2365.94,2026-05-05T18:00:00,2372.28,2,-0.27,Signal changed to 1.0
PRICE_VS_EMA_SAR_LONG_SHORT,20,None,412,LONG,2026-05-05T18:00:00,2372.28,2026-05-05T19:00:00,2371.94,1,-0.01,Signal changed to -1.0
PRICE_VS_EMA_SAR_LONG_SHORT,20,None,413,SHORT,2026-05-05T19:00:00,2371.94,2026-05-05T20:00:00,2382.41,1,-0.44,Signal changed to 1.0
PRICE_VS_EMA_SAR_LONG_SHORT,20,None,414,LONG,2026-05-05T20:00:00,2382.41,2026-05-05T22:00:00,2367.51,2,-0.63,Signal changed to -1.0
PRICE_VS_EMA_SAR_LONG_SHORT,20,None,415,SHORT,2026-05-05T22:00:00,2367.51,2026-05-06T01:00:00,2373.19,3,-0.24,Signal changed to 1.0
PRICE_VS_EMA_SAR_LONG_SHORT,20,None,416,LONG,2026-05-06T01:00:00,2373.19,2026-05-06T02:00:00,2369.75,1,-0.14,Signal changed to -1.0
PRICE_VS_EMA_SAR_LONG_SHORT,20,None,417,SHORT,2026-05-06T02:00:00,2369.75,2026-05-06T03:00:00,2376.8,1,-0.3,Signal changed to 1.0
PRICE_VS_EMA_SAR_LONG_SHORT,20,None,418,LONG,2026-05-06T03:00:00,2376.8,2026-05-06T04:00:00,2366.08,1,-0.45,Signal changed to -1.0
PRICE_VS_EMA_SAR_LONG_SHORT,20,None,419,SHORT,2026-05-06T04:00:00,2366.08,2026-05-06T06:00:00,2370.52,2,-0.19,Signal changed to 1.0
PRICE_VS_EMA_SAR_LONG_SHORT,20,None,420,LONG,2026-05-06T06:00:00,2370.52,2026-05-06T13:00:00,2368.51,7,-0.08,Signal changed to -1.0
PRICE_VS_EMA_SAR_LONG_SHORT,20,None,421,SHORT,2026-05-06T13:00:00,2368.51,2026-05-08T11:00:00,2295.38,46,3.09,Signal changed to 1.0
PRICE_VS_EMA_SAR_LONG_SHORT,20,None,422,LONG,2026-05-08T11:00:00,2295.38,2026-05-08T12:00:00,2284.53,1,-0.47,Signal changed to -1.0
PRICE_VS_EMA_SAR_LONG_SHORT,20,None,423,SHORT,2026-05-08T12:00:00,2284.53,2026-05-08T15:00:00,2293.2,3,-0.38,Signal changed to 1.0
PRICE_VS_EMA_SAR_LONG_SHORT,20,None,424,LONG,2026-05-08T15:00:00,2293.2,2026-05-09T14:00:00,2308.27,23,0.66,Signal changed to -1.0
PRICE_VS_EMA_SAR_LONG_SHORT,20,None,425,SHORT,2026-05-09T14:00:00,2308.27,2026-05-09T15:00:00,2317.63,1,-0.41,Signal changed to 1.0
PRICE_VS_EMA_SAR_LONG_SHORT,20,None,426,LONG,2026-05-09T15:00:00,2317.63,2026-05-10T11:00:00,2322.58,20,0.21,Signal changed to -1.0
PRICE_VS_EMA_SAR_LONG_SHORT,20,None,427,SHORT,2026-05-10T11:00:00,2322.58,2026-05-10T13:00:00,2329.8,2,-0.31,Signal changed to 1.0
PRICE_VS_EMA_SAR_LONG_SHORT,20,None,428,LONG,2026-05-10T13:00:00,2329.8,2026-05-10T20:00:00,2328.76,7,-0.04,Signal changed to -1.0
PRICE_VS_EMA_SAR_LONG_SHORT,20,None,429,SHORT,2026-05-10T20:00:00,2328.76,2026-05-10T22:00:00,2373.78,2,-1.93,Signal changed to 1.0
PRICE_VS_EMA_SAR_LONG_SHORT,20,None,430,LONG,2026-05-10T22:00:00,2373.78,2026-05-11T02:00:00,2345.39,4,-1.2,Signal changed to -1.0
PRICE_VS_EMA_SAR_LONG_SHORT,20,None,431,SHORT,2026-05-11T02:00:00,2345.39,2026-05-11T17:00:00,2336.71,15,0.37,Signal changed to 1.0
PRICE_VS_EMA_SAR_LONG_SHORT,20,None,432,LONG,2026-05-11T17:00:00,2336.71,2026-05-12T00:00:00,2333.54,7,-0.14,Signal changed to -1.0
PRICE_VS_EMA_SAR_LONG_SHORT,20,None,433,SHORT,2026-05-12T00:00:00,2333.54,2026-05-13T01:00:00,2289.98,25,1.87,Signal changed to 1.0
PRICE_VS_EMA_SAR_LONG_SHORT,20,None,434,LONG,2026-05-13T01:00:00,2289.98,2026-05-13T12:00:00,2284.35,11,-0.25,Signal changed to -1.0
PRICE_VS_EMA_SAR_LONG_SHORT,20,None,435,SHORT,2026-05-13T12:00:00,2284.35,2026-05-14T05:00:00,2268.44,17,0.7,Signal changed to 1.0
PRICE_VS_EMA_SAR_LONG_SHORT,20,None,436,LONG,2026-05-14T05:00:00,2268.44,2026-05-14T07:00:00,2265.48,2,-0.13,Signal changed to -1.0
PRICE_VS_EMA_SAR_LONG_SHORT,20,None,437,SHORT,2026-05-14T07:00:00,2265.48,2026-05-14T08:00:00,2266.36,1,-0.04,Signal changed to 1.0
PRICE_VS_EMA_SAR_LONG_SHORT,20,None,438,LONG,2026-05-14T08:00:00,2266.36,2026-05-14T09:00:00,2257.8,1,-0.38,Signal changed to -1.0
PRICE_VS_EMA_SAR_LONG_SHORT,20,None,439,SHORT,2026-05-14T09:00:00,2257.8,2026-05-14T14:00:00,2286.99,5,-1.29,Signal changed to 1.0
PRICE_VS_EMA_SAR_LONG_SHORT,20,None,440,LONG,2026-05-14T14:00:00,2286.99,2026-05-14T23:00:00,2283.25,9,-0.16,Signal changed to -1.0
PRICE_VS_EMA_SAR_LONG_SHORT,20,None,441,SHORT,2026-05-14T23:00:00,2283.25,2026-05-15T00:00:00,2291.39,1,-0.36,Signal changed to 1.0
PRICE_VS_EMA_SAR_LONG_SHORT,20,None,442,LONG,2026-05-15T00:00:00,2291.39,2026-05-15T01:00:00,2275.45,1,-0.7,Signal changed to -1.0
PRICE_VS_EMA_SAR_LONG_SHORT,20,None,443,SHORT,2026-05-15T01:00:00,2275.45,2026-05-17T04:00:00,2187.61,51,3.86,Signal changed to 1.0
PRICE_VS_EMA_SAR_LONG_SHORT,20,None,444,LONG,2026-05-17T04:00:00,2187.61,2026-05-17T06:00:00,2185.02,2,-0.12,Signal changed to -1.0
PRICE_VS_EMA_SAR_LONG_SHORT,20,None,445,SHORT,2026-05-17T06:00:00,2185.02,2026-05-17T07:00:00,2186.64,1,-0.07,Signal changed to 1.0
PRICE_VS_EMA_SAR_LONG_SHORT,20,None,446,LONG,2026-05-17T07:00:00,2186.64,2026-05-17T14:00:00,2186.64,7,0.0,Signal changed to -1.0
PRICE_VS_EMA_SAR_LONG_SHORT,20,None,447,SHORT,2026-05-17T14:00:00,2186.64,2026-05-17T18:00:00,2188.49,4,-0.08,Signal changed to 1.0
PRICE_VS_EMA_SAR_LONG_SHORT,20,None,448,LONG,2026-05-17T18:00:00,2188.49,2026-05-17T22:00:00,2179.69,4,-0.4,Signal changed to -1.0
PRICE_VS_EMA_SAR_LONG_SHORT,20,None,449,SHORT,2026-05-17T22:00:00,2179.69,2026-05-18T12:00:00,2151.01,14,1.32,Signal changed to 1.0
PRICE_VS_EMA_SAR_LONG_SHORT,20,None,450,LONG,2026-05-18T12:00:00,2151.01,2026-05-18T13:00:00,2130.91,1,-0.93,Signal changed to -1.0
PRICE_VS_EMA_SAR_LONG_SHORT,20,None,451,SHORT,2026-05-18T13:00:00,2130.91,2026-05-18T19:00:00,2125.07,6,0.27,Signal changed to 1.0
PRICE_VS_EMA_SAR_LONG_SHORT,20,None,452,LONG,2026-05-18T19:00:00,2125.07,2026-05-18T20:00:00,2117.61,1,-0.35,Signal changed to -1.0
PRICE_VS_EMA_SAR_LONG_SHORT,20,None,453,SHORT,2026-05-18T20:00:00,2117.61,2026-05-18T21:00:00,2137.38,1,-0.93,Signal changed to 1.0
PRICE_VS_EMA_SAR_LONG_SHORT,20,None,454,LONG,2026-05-18T21:00:00,2137.38,2026-05-19T01:00:00,2124.92,4,-0.58,Signal changed to -1.0
PRICE_VS_EMA_SAR_LONG_SHORT,20,None,455,SHORT,2026-05-19T01:00:00,2124.92,2026-05-19T03:00:00,2131.3,2,-0.3,Signal changed to 1.0
PRICE_VS_EMA_SAR_LONG_SHORT,20,None,456,LONG,2026-05-19T03:00:00,2131.3,2026-05-19T09:00:00,2114.49,6,-0.79,Signal changed to -1.0
PRICE_VS_EMA_SAR_LONG_SHORT,20,None,457,SHORT,2026-05-19T09:00:00,2114.49,2026-05-20T05:00:00,2125.63,20,-0.53,Signal changed to 1.0
PRICE_VS_EMA_SAR_LONG_SHORT,20,None,458,LONG,2026-05-20T05:00:00,2125.63,2026-05-20T13:00:00,2120.61,8,-0.24,Signal changed to -1.0
PRICE_VS_EMA_SAR_LONG_SHORT,20,None,459,SHORT,2026-05-20T13:00:00,2120.61,2026-05-20T14:00:00,2135.25,1,-0.69,Signal changed to 1.0
PRICE_VS_EMA_SAR_LONG_SHORT,20,None,460,LONG,2026-05-20T14:00:00,2135.25,2026-05-20T22:00:00,2128.32,8,-0.32,Signal changed to -1.0
PRICE_VS_EMA_SAR_LONG_SHORT,20,None,461,SHORT,2026-05-20T22:00:00,2128.32,2026-05-21T00:00:00,2142.92,2,-0.69,Signal changed to 1.0
PRICE_VS_EMA_SAR_LONG_SHORT,20,None,462,LONG,2026-05-21T00:00:00,2142.92,2026-05-21T06:00:00,2128.57,6,-0.67,Signal changed to -1.0
PRICE_VS_EMA_SAR_LONG_SHORT,20,None,463,SHORT,2026-05-21T06:00:00,2128.57,2026-05-21T07:00:00,2135.06,1,-0.3,Signal changed to 1.0
PRICE_VS_EMA_SAR_LONG_SHORT,20,None,464,LONG,2026-05-21T07:00:00,2135.06,2026-05-21T09:00:00,2127.98,2,-0.33,Signal changed to -1.0
PRICE_VS_EMA_SAR_LONG_SHORT,20,None,465,SHORT,2026-05-21T09:00:00,2127.98,2026-05-21T15:00:00,2132.65,6,-0.22,Signal changed to 1.0
PRICE_VS_EMA_SAR_LONG_SHORT,20,None,466,LONG,2026-05-21T15:00:00,2132.65,2026-05-21T16:00:00,2127.79,1,-0.23,Signal changed to -1.0
PRICE_VS_EMA_SAR_LONG_SHORT,20,None,467,SHORT,2026-05-21T16:00:00,2127.79,2026-05-21T17:00:00,2146.6,1,-0.88,Signal changed to 1.0
PRICE_VS_EMA_SAR_LONG_SHORT,20,None,468,LONG,2026-05-21T17:00:00,2146.6,2026-05-21T18:00:00,2126.87,1,-0.92,Signal changed to -1.0
PRICE_VS_EMA_SAR_LONG_SHORT,20,None,469,SHORT,2026-05-21T18:00:00,2126.87,2026-05-21T19:00:00,2142.83,1,-0.75,Signal changed to 1.0
PRICE_VS_EMA_SAR_LONG_SHORT,20,None,470,LONG,2026-05-21T19:00:00,2142.83,2026-05-21T22:00:00,2131.85,3,-0.51,Signal changed to -1.0
PRICE_VS_EMA_SAR_LONG_SHORT,20,None,471,SHORT,2026-05-21T22:00:00,2131.85,2026-05-21T23:00:00,2133.76,1,-0.09,Signal changed to 1.0
PRICE_VS_EMA_SAR_LONG_SHORT,20,None,472,LONG,2026-05-21T23:00:00,2133.76,2026-05-22T00:00:00,2129.33,1,-0.21,Signal changed to -1.0
PRICE_VS_EMA_SAR_LONG_SHORT,20,None,473,SHORT,2026-05-22T00:00:00,2129.33,2026-05-22T01:00:00,2135.88,1,-0.31,Signal changed to 1.0
PRICE_VS_EMA_SAR_LONG_SHORT,20,None,474,LONG,2026-05-22T01:00:00,2135.88,2026-05-22T05:00:00,2129.21,4,-0.31,Signal changed to -1.0
PRICE_VS_EMA_SAR_LONG_SHORT,20,None,475,SHORT,2026-05-22T05:00:00,2129.21,2026-05-22T11:00:00,2130.78,6,-0.07,Signal changed to 1.0
PRICE_VS_EMA_SAR_LONG_SHORT,20,None,476,LONG,2026-05-22T11:00:00,2130.78,2026-05-22T13:00:00,2130.23,2,-0.03,Signal changed to -1.0
PRICE_VS_EMA_SAR_LONG_SHORT,20,None,477,SHORT,2026-05-22T13:00:00,2130.23,2026-05-23T14:00:00,2061.64,25,3.22,Signal changed to 1.0
PRICE_VS_EMA_SAR_LONG_SHORT,20,None,478,LONG,2026-05-23T14:00:00,2061.64,2026-05-24T13:00:00,2110.14,23,2.35,Signal changed to -1.0
PRICE_VS_EMA_SAR_LONG_SHORT,20,None,479,SHORT,2026-05-24T13:00:00,2110.14,2026-05-25T00:00:00,2104.95,11,0.25,Signal changed to 1.0
PRICE_VS_EMA_SAR_LONG_SHORT,20,None,480,LONG,2026-05-25T00:00:00,2104.95,2026-05-25T01:00:00,2094.13,1,-0.51,Signal changed to -1.0
PRICE_VS_EMA_SAR_LONG_SHORT,20,None,481,SHORT,2026-05-25T01:00:00,2094.13,2026-05-25T04:00:00,2105.83,3,-0.56,Signal changed to 1.0
PRICE_VS_EMA_SAR_LONG_SHORT,20,None,482,LONG,2026-05-25T04:00:00,2105.83,2026-05-25T20:00:00,2108.64,16,0.13,Signal changed to -1.0
PRICE_VS_EMA_SAR_LONG_SHORT,20,None,483,SHORT,2026-05-25T20:00:00,2108.64,2026-05-26T10:00:00,2127.56,14,-0.9,Signal changed to 1.0
PRICE_VS_EMA_SAR_LONG_SHORT,20,None,484,LONG,2026-05-26T10:00:00,2127.56,2026-05-26T14:00:00,2109.29,4,-0.86,Signal changed to -1.0
PRICE_VS_EMA_SAR_LONG_SHORT,20,None,485,SHORT,2026-05-26T14:00:00,2109.29,2026-05-27T07:00:00,2083.78,17,1.21,Signal changed to 1.0
PRICE_VS_EMA_SAR_LONG_SHORT,20,None,486,LONG,2026-05-27T07:00:00,2083.78,2026-05-27T10:00:00,2079.5,3,-0.21,Signal changed to -1.0
PRICE_VS_EMA_SAR_LONG_SHORT,20,None,487,SHORT,2026-05-27T10:00:00,2079.5,2026-05-28T16:00:00,2013.19,30,3.19,Signal changed to 1.0
PRICE_VS_EMA_SAR_LONG_SHORT,20,None,488,LONG,2026-05-28T16:00:00,2013.19,2026-05-28T22:00:00,2005.6,6,-0.38,Signal changed to -1.0
PRICE_VS_EMA_SAR_LONG_SHORT,20,None,489,SHORT,2026-05-28T22:00:00,2005.6,2026-05-29T00:00:00,2012.46,2,-0.34,Signal changed to 1.0
PRICE_VS_EMA_SAR_LONG_SHORT,20,None,490,LONG,2026-05-29T00:00:00,2012.46,2026-05-29T01:00:00,2008.23,1,-0.21,Signal changed to -1.0
PRICE_VS_EMA_SAR_LONG_SHORT,20,None,491,SHORT,2026-05-29T01:00:00,2008.23,2026-05-29T05:00:00,2014.56,4,-0.32,Signal changed to 1.0
PRICE_VS_EMA_SAR_LONG_SHORT,20,None,492,LONG,2026-05-29T05:00:00,2014.56,2026-05-29T07:00:00,2007.62,2,-0.34,Signal changed to -1.0
PRICE_VS_EMA_SAR_LONG_SHORT,20,None,493,SHORT,2026-05-29T07:00:00,2007.62,2026-05-29T09:00:00,2014.85,2,-0.36,Signal changed to 1.0
PRICE_VS_EMA_SAR_LONG_SHORT,20,None,494,LONG,2026-05-29T09:00:00,2014.85,2026-05-29T11:00:00,2007.58,2,-0.36,Signal changed to -1.0
PRICE_VS_EMA_SAR_LONG_SHORT,20,None,495,SHORT,2026-05-29T11:00:00,2007.58,2026-05-29T15:00:00,2031.62,4,-1.2,Signal changed to 1.0
PRICE_VS_EMA_SAR_LONG_SHORT,20,None,496,LONG,2026-05-29T15:00:00,2031.62,2026-05-29T18:00:00,2011.41,3,-0.99,Signal changed to -1.0
PRICE_VS_EMA_SAR_LONG_SHORT,20,None,497,SHORT,2026-05-29T18:00:00,2011.41,2026-05-29T19:00:00,2016.96,1,-0.28,Signal changed to 1.0
PRICE_VS_EMA_SAR_LONG_SHORT,20,None,498,LONG,2026-05-29T19:00:00,2016.96,2026-05-29T21:00:00,2009.4,2,-0.37,Signal changed to -1.0
PRICE_VS_EMA_SAR_LONG_SHORT,20,None,499,SHORT,2026-05-29T21:00:00,2009.4,2026-05-29T23:00:00,2014.54,2,-0.26,Signal changed to 1.0
PRICE_VS_EMA_SAR_LONG_SHORT,20,None,500,LONG,2026-05-29T23:00:00,2014.54,2026-05-30T04:00:00,2010.8,5,-0.19,Signal changed to -1.0
PRICE_VS_EMA_SAR_LONG_SHORT,20,None,501,SHORT,2026-05-30T04:00:00,2010.8,2026-05-30T05:00:00,2015.95,1,-0.26,Signal changed to 1.0
PRICE_VS_EMA_SAR_LONG_SHORT,20,None,502,LONG,2026-05-30T05:00:00,2015.95,2026-05-30T08:00:00,2014.16,3,-0.09,Signal changed to -1.0
PRICE_VS_EMA_SAR_LONG_SHORT,20,None,503,SHORT,2026-05-30T08:00:00,2014.16,2026-05-30T09:00:00,2016.79,1,-0.13,Signal changed to 1.0
PRICE_VS_EMA_SAR_LONG_SHORT,20,None,504,LONG,2026-05-30T09:00:00,2016.79,2026-05-30T23:00:00,2022.44,14,0.28,Signal changed to -1.0
PRICE_VS_EMA_SAR_LONG_SHORT,20,None,505,SHORT,2026-05-30T23:00:00,2022.44,2026-05-31T00:00:00,2027.12,1,-0.23,Signal changed to 1.0
PRICE_VS_EMA_SAR_LONG_SHORT,20,None,506,LONG,2026-05-31T00:00:00,2027.12,2026-05-31T07:00:00,2024.01,7,-0.15,Signal changed to -1.0
PRICE_VS_EMA_SAR_LONG_SHORT,20,None,507,SHORT,2026-05-31T07:00:00,2024.01,2026-05-31T08:00:00,2027.63,1,-0.18,Signal changed to 1.0
PRICE_VS_EMA_SAR_LONG_SHORT,20,None,508,LONG,2026-05-31T08:00:00,2027.63,2026-05-31T09:00:00,2021.13,1,-0.32,Signal changed to -1.0
PRICE_VS_EMA_SAR_LONG_SHORT,20,None,509,SHORT,2026-05-31T09:00:00,2021.13,2026-06-01T00:00:00,2015.44,15,0.28,Signal changed to 1.0
PRICE_VS_EMA_SAR_LONG_SHORT,20,None,510,LONG,2026-06-01T00:00:00,2015.44,2026-06-01T01:00:00,1994.7,1,-1.03,Signal changed to -1.0
PRICE_VS_EMA_SAR_LONG_SHORT,20,None,511,SHORT,2026-06-01T01:00:00,1994.7,2026-06-01T17:00:00,1990.62,16,0.2,Signal changed to 1.0
PRICE_VS_EMA_SAR_LONG_SHORT,20,None,512,LONG,2026-06-01T17:00:00,1990.62,2026-06-02T01:00:00,1980.15,8,-0.53,Signal changed to -1.0
PRICE_VS_EMA_SAR_LONG_SHORT,20,None,513,SHORT,2026-06-02T01:00:00,1980.15,2026-06-02T02:00:00,1997.07,1,-0.85,Signal changed to 1.0
PRICE_VS_EMA_SAR_LONG_SHORT,20,None,514,LONG,2026-06-02T02:00:00,1997.07,2026-06-02T05:00:00,1985.01,3,-0.6,Signal changed to -1.0
PRICE_VS_EMA_SAR_LONG_SHORT,20,None,515,SHORT,2026-06-02T05:00:00,1985.01,2026-06-06T23:00:00,1569.69,114,20.92,Signal changed to 1.0
PRICE_VS_EMA_SAR_LONG_SHORT,20,None,516,LONG,2026-06-06T23:00:00,1569.69,2026-06-07T00:00:00,1565.03,1,-0.3,Signal changed to -1.0
PRICE_VS_EMA_SAR_LONG_SHORT,20,None,517,SHORT,2026-06-07T00:00:00,1565.03,2026-06-07T01:00:00,1590.12,1,-1.6,Signal changed to 1.0
PRICE_VS_EMA_SAR_LONG_SHORT,20,None,518,LONG,2026-06-07T01:00:00,1590.12,2026-06-07T19:00:00,1613.11,18,1.45,Signal changed to -1.0
PRICE_VS_EMA_SAR_LONG_SHORT,20,None,519,SHORT,2026-06-07T19:00:00,1613.11,2026-06-07T20:00:00,1628.14,1,-0.93,Signal changed to 1.0
PRICE_VS_EMA_SAR_LONG_SHORT,20,None,520,LONG,2026-06-07T20:00:00,1628.14,2026-06-09T00:00:00,1663.26,28,2.16,Signal changed to -1.0
PRICE_VS_EMA_SAR_LONG_SHORT,20,None,521,SHORT,2026-06-09T00:00:00,1663.26,2026-06-09T04:00:00,1686.35,4,-1.39,Signal changed to 1.0
PRICE_VS_EMA_SAR_LONG_SHORT,20,None,522,LONG,2026-06-09T04:00:00,1686.35,2026-06-09T08:00:00,1675.28,4,-0.66,Signal changed to -1.0
PRICE_VS_EMA_SAR_LONG_SHORT,20,None,523,SHORT,2026-06-09T08:00:00,1675.28,2026-06-10T13:00:00,1651.81,29,1.4,Signal changed to 1.0
PRICE_VS_EMA_SAR_LONG_SHORT,20,None,524,LONG,2026-06-10T13:00:00,1651.81,2026-06-10T17:00:00,1632.32,4,-1.18,Signal changed to -1.0
PRICE_VS_EMA_SAR_LONG_SHORT,20,None,525,SHORT,2026-06-10T17:00:00,1632.32,2026-06-11T01:00:00,1642.83,8,-0.64,Signal changed to 1.0
PRICE_VS_EMA_SAR_LONG_SHORT,20,None,526,LONG,2026-06-11T01:00:00,1642.83,2026-06-11T14:00:00,1643.04,13,0.01,Signal changed to -1.0
PRICE_VS_EMA_SAR_LONG_SHORT,20,None,527,SHORT,2026-06-11T14:00:00,1643.04,2026-06-11T17:00:00,1688.66,3,-2.78,Signal changed to 1.0
PRICE_VS_EMA_SAR_LONG_SHORT,20,None,528,LONG,2026-06-11T17:00:00,1688.66,2026-06-12T05:00:00,1664.23,12,-1.45,Signal changed to -1.0
PRICE_VS_EMA_SAR_LONG_SHORT,20,None,529,SHORT,2026-06-12T05:00:00,1664.23,2026-06-12T08:00:00,1673.53,3,-0.56,Signal changed to 1.0
PRICE_VS_EMA_SAR_LONG_SHORT,20,None,530,LONG,2026-06-12T08:00:00,1673.53,2026-06-12T12:00:00,1666.54,4,-0.42,Signal changed to -1.0
PRICE_VS_EMA_SAR_LONG_SHORT,20,None,531,SHORT,2026-06-12T12:00:00,1666.54,2026-06-12T14:00:00,1685.64,2,-1.15,Signal changed to 1.0
PRICE_VS_EMA_SAR_LONG_SHORT,20,None,532,LONG,2026-06-12T14:00:00,1685.64,2026-06-12T15:00:00,1660.08,1,-1.52,Signal changed to -1.0
PRICE_VS_EMA_SAR_LONG_SHORT,20,None,533,SHORT,2026-06-12T15:00:00,1660.08,2026-06-12T16:00:00,1672.9,1,-0.77,Signal changed to 1.0
PRICE_VS_EMA_SAR_LONG_SHORT,20,None,534,LONG,2026-06-12T16:00:00,1672.9,2026-06-12T18:00:00,1666.87,2,-0.36,Signal changed to -1.0
PRICE_VS_EMA_SAR_LONG_SHORT,20,None,535,SHORT,2026-06-12T18:00:00,1666.87,2026-06-13T00:00:00,1667.47,6,-0.04,Signal changed to 1.0
PRICE_VS_EMA_SAR_LONG_SHORT,20,None,536,LONG,2026-06-13T00:00:00,1667.47,2026-06-13T03:00:00,1665.25,3,-0.13,Signal changed to -1.0
PRICE_VS_EMA_SAR_LONG_SHORT,20,None,537,SHORT,2026-06-13T03:00:00,1665.25,2026-06-13T06:00:00,1669.7,3,-0.27,Signal changed to 1.0
PRICE_VS_EMA_SAR_LONG_SHORT,20,None,538,LONG,2026-06-13T06:00:00,1669.7,2026-06-14T04:00:00,1677.95,22,0.49,Signal changed to -1.0
PRICE_VS_EMA_SAR_LONG_SHORT,20,None,539,SHORT,2026-06-14T04:00:00,1677.95,2026-06-14T09:00:00,1678.49,5,-0.03,Signal changed to 1.0
PRICE_VS_EMA_SAR_LONG_SHORT,20,None,540,LONG,2026-06-14T09:00:00,1678.49,2026-06-14T10:00:00,1673.13,1,-0.32,Signal changed to -1.0
PRICE_VS_EMA_SAR_LONG_SHORT,20,None,541,SHORT,2026-06-14T10:00:00,1673.13,2026-06-14T20:00:00,1670.48,10,0.16,Signal changed to 1.0
PRICE_VS_EMA_SAR_LONG_SHORT,20,None,542,LONG,2026-06-14T20:00:00,1670.48,2026-06-16T02:00:00,1770.13,30,5.97,Signal changed to -1.0
PRICE_VS_EMA_SAR_LONG_SHORT,20,None,543,SHORT,2026-06-16T02:00:00,1770.13,2026-06-16T08:00:00,1803.23,6,-1.87,Signal changed to 1.0
PRICE_VS_EMA_SAR_LONG_SHORT,20,None,544,LONG,2026-06-16T08:00:00,1803.23,2026-06-16T14:00:00,1780.56,6,-1.26,Signal changed to -1.0
PRICE_VS_EMA_SAR_LONG_SHORT,20,None,545,SHORT,2026-06-16T14:00:00,1780.56,2026-06-16T17:00:00,1795.1,3,-0.82,Signal changed to 1.0
PRICE_VS_EMA_SAR_LONG_SHORT,20,None,546,LONG,2026-06-16T17:00:00,1795.1,2026-06-17T06:00:00,1790.38,13,-0.26,Signal changed to -1.0
PRICE_VS_EMA_SAR_LONG_SHORT,20,None,547,SHORT,2026-06-17T06:00:00,1790.38,2026-06-17T17:00:00,1789.27,11,0.06,Signal changed to 1.0
PRICE_VS_EMA_SAR_LONG_SHORT,20,None,548,LONG,2026-06-17T17:00:00,1789.27,2026-06-17T18:00:00,1770.32,1,-1.06,Signal changed to -1.0
PRICE_VS_EMA_SAR_LONG_SHORT,20,None,549,SHORT,2026-06-17T18:00:00,1770.32,2026-06-18T12:00:00,1750.41,18,1.12,Signal changed to 1.0
PRICE_VS_EMA_SAR_LONG_SHORT,20,None,550,LONG,2026-06-18T12:00:00,1750.41,2026-06-18T13:00:00,1736.78,1,-0.78,Signal changed to -1.0
PRICE_VS_EMA_SAR_LONG_SHORT,20,None,551,SHORT,2026-06-18T13:00:00,1736.78,2026-06-19T13:00:00,1703.47,24,1.92,Signal changed to 1.0
PRICE_VS_EMA_SAR_LONG_SHORT,20,None,552,LONG,2026-06-19T13:00:00,1703.47,2026-06-19T16:00:00,1696.8,3,-0.39,Signal changed to -1.0
PRICE_VS_EMA_SAR_LONG_SHORT,20,None,553,SHORT,2026-06-19T16:00:00,1696.8,2026-06-19T17:00:00,1704.85,1,-0.47,Signal changed to 1.0
PRICE_VS_EMA_SAR_LONG_SHORT,20,None,554,LONG,2026-06-19T17:00:00,1704.85,2026-06-19T18:00:00,1702.7,1,-0.13,Signal changed to -1.0
PRICE_VS_EMA_SAR_LONG_SHORT,20,None,555,SHORT,2026-06-19T18:00:00,1702.7,2026-06-19T20:00:00,1708.96,2,-0.37,Signal changed to 1.0
PRICE_VS_EMA_SAR_LONG_SHORT,20,None,556,LONG,2026-06-19T20:00:00,1708.96,2026-06-19T21:00:00,1702.03,1,-0.41,Signal changed to -1.0
PRICE_VS_EMA_SAR_LONG_SHORT,20,None,557,SHORT,2026-06-19T21:00:00,1702.03,2026-06-19T22:00:00,1707.61,1,-0.33,Signal changed to 1.0
PRICE_VS_EMA_SAR_LONG_SHORT,20,None,558,LONG,2026-06-19T22:00:00,1707.61,2026-06-20T02:00:00,1704.85,4,-0.16,Signal changed to -1.0
PRICE_VS_EMA_SAR_LONG_SHORT,20,None,559,SHORT,2026-06-20T02:00:00,1704.85,2026-06-20T03:00:00,1708.17,1,-0.19,Signal changed to 1.0
PRICE_VS_EMA_SAR_LONG_SHORT,20,None,560,LONG,2026-06-20T03:00:00,1708.17,2026-06-21T08:00:00,1729.1,29,1.23,Signal changed to -1.0
PRICE_VS_EMA_SAR_LONG_SHORT,20,None,561,SHORT,2026-06-21T08:00:00,1729.1,2026-06-21T09:00:00,1732.78,1,-0.21,Signal changed to 1.0
PRICE_VS_EMA_SAR_LONG_SHORT,20,None,562,LONG,2026-06-21T09:00:00,1732.78,2026-06-21T10:00:00,1731.38,1,-0.08,Signal changed to -1.0
PRICE_VS_EMA_SAR_LONG_SHORT,20,None,563,SHORT,2026-06-21T10:00:00,1731.38,2026-06-21T15:00:00,1730.72,5,0.04,Signal changed to 1.0
PRICE_VS_EMA_SAR_LONG_SHORT,20,None,564,LONG,2026-06-21T15:00:00,1730.72,2026-06-21T16:00:00,1728.15,1,-0.15,Signal changed to -1.0
PRICE_VS_EMA_SAR_LONG_SHORT,20,None,565,SHORT,2026-06-21T16:00:00,1728.15,2026-06-21T18:00:00,1735.39,2,-0.42,Signal changed to 1.0
PRICE_VS_EMA_SAR_LONG_SHORT,20,None,566,LONG,2026-06-21T18:00:00,1735.39,2026-06-21T20:00:00,1721.3,2,-0.81,Signal changed to -1.0
PRICE_VS_EMA_SAR_LONG_SHORT,20,None,567,SHORT,2026-06-21T20:00:00,1721.3,2026-06-22T00:00:00,1726.95,4,-0.33,Signal changed to 1.0
PRICE_VS_EMA_SAR_LONG_SHORT,20,None,568,LONG,2026-06-22T00:00:00,1726.95,2026-06-22T15:00:00,1744.74,15,1.03,Signal changed to -1.0
PRICE_VS_EMA_SAR_LONG_SHORT,20,None,569,SHORT,2026-06-22T15:00:00,1744.74,2026-06-24T05:00:00,1674.48,38,4.03,Signal changed to 1.0
PRICE_VS_EMA_SAR_LONG_SHORT,20,None,570,LONG,2026-06-24T05:00:00,1674.48,2026-06-24T09:00:00,1667.15,4,-0.44,Signal changed to -1.0
PRICE_VS_EMA_SAR_LONG_SHORT,20,None,571,SHORT,2026-06-24T09:00:00,1667.15,2026-06-24T11:00:00,1679.57,2,-0.74,Signal changed to 1.0
PRICE_VS_EMA_SAR_LONG_SHORT,20,None,572,LONG,2026-06-24T11:00:00,1679.57,2026-06-24T12:00:00,1671.53,1,-0.48,Signal changed to -1.0
PRICE_VS_EMA_SAR_LONG_SHORT,20,None,573,SHORT,2026-06-24T12:00:00,1671.53,2026-06-25T04:00:00,1635.03,16,2.18,Signal changed to 1.0
PRICE_VS_EMA_SAR_LONG_SHORT,20,None,574,LONG,2026-06-25T04:00:00,1635.03,2026-06-25T10:00:00,1636.58,6,0.09,Signal changed to -1.0
PRICE_VS_EMA_SAR_LONG_SHORT,20,None,575,SHORT,2026-06-25T10:00:00,1636.58,2026-06-26T07:00:00,1581.12,21,3.39,Signal changed to 1.0
PRICE_VS_EMA_SAR_LONG_SHORT,20,None,576,LONG,2026-06-26T07:00:00,1581.12,2026-06-26T08:00:00,1566.43,1,-0.93,Signal changed to -1.0
PRICE_VS_EMA_SAR_LONG_SHORT,20,None,577,SHORT,2026-06-26T08:00:00,1566.43,2026-06-26T13:00:00,1569.4,5,-0.19,Signal changed to 1.0
PRICE_VS_EMA_SAR_LONG_SHORT,20,None,578,LONG,2026-06-26T13:00:00,1569.4,2026-06-26T14:00:00,1559.98,1,-0.6,Signal changed to -1.0
PRICE_VS_EMA_SAR_LONG_SHORT,20,None,579,SHORT,2026-06-26T14:00:00,1559.98,2026-06-26T15:00:00,1580.14,1,-1.29,Signal changed to 1.0
PRICE_VS_EMA_SAR_LONG_SHORT,20,None,580,LONG,2026-06-26T15:00:00,1580.14,2026-06-27T19:00:00,1578.51,28,-0.1,Signal changed to -1.0
PRICE_VS_EMA_SAR_LONG_SHORT,20,None,581,SHORT,2026-06-27T19:00:00,1578.51,2026-06-28T08:00:00,1581.58,13,-0.19,Signal changed to 1.0
PRICE_VS_EMA_SAR_LONG_SHORT,20,None,582,LONG,2026-06-28T08:00:00,1581.58,2026-06-28T10:00:00,1577.16,2,-0.28,Signal changed to -1.0
PRICE_VS_EMA_SAR_LONG_SHORT,20,None,583,SHORT,2026-06-28T10:00:00,1577.16,2026-06-28T11:00:00,1582.87,1,-0.36,Signal changed to 1.0
PRICE_VS_EMA_SAR_LONG_SHORT,20,None,584,LONG,2026-06-28T11:00:00,1582.87,2026-06-28T16:00:00,1572.85,5,-0.63,Signal changed to -1.0
PRICE_VS_EMA_SAR_LONG_SHORT,20,None,585,SHORT,2026-06-28T16:00:00,1572.85,2026-06-29T00:00:00,1573.53,8,-0.04,Signal changed to 1.0
PRICE_VS_EMA_SAR_LONG_SHORT,20,None,586,LONG,2026-06-29T00:00:00,1573.53,2026-06-29T01:00:00,1568.7,1,-0.31,Signal changed to -1.0
PRICE_VS_EMA_SAR_LONG_SHORT,20,None,587,SHORT,2026-06-29T01:00:00,1568.7,2026-06-29T02:00:00,1576.6,1,-0.5,Signal changed to 1.0
PRICE_VS_EMA_SAR_LONG_SHORT,20,None,588,LONG,2026-06-29T02:00:00,1576.6,2026-06-29T08:00:00,1572.98,6,-0.23,Signal changed to -1.0
PRICE_VS_EMA_SAR_LONG_SHORT,20,None,589,SHORT,2026-06-29T08:00:00,1572.98,2026-06-29T09:00:00,1576.2,1,-0.2,Signal changed to 1.0
PRICE_VS_EMA_SAR_LONG_SHORT,20,None,590,LONG,2026-06-29T09:00:00,1576.2,2026-06-29T11:00:00,1574.93,2,-0.08,Signal changed to -1.0
PRICE_VS_EMA_SAR_LONG_SHORT,20,None,591,SHORT,2026-06-29T11:00:00,1574.93,2026-06-29T15:00:00,1580.26,4,-0.34,Signal changed to 1.0
PRICE_VS_EMA_SAR_LONG_SHORT,20,None,592,LONG,2026-06-29T15:00:00,1580.26,2026-06-30T00:00:00,1594.41,9,0.9,Signal changed to -1.0
PRICE_VS_EMA_SAR_LONG_SHORT,20,None,593,SHORT,2026-06-30T00:00:00,1594.41,2026-06-30T19:00:00,1580.53,19,0.87,Signal changed to 1.0
PRICE_VS_EMA_SAR_LONG_SHORT,20,None,594,LONG,2026-06-30T19:00:00,1580.53,2026-06-30T20:00:00,1575.99,1,-0.29,Signal changed to -1.0
PRICE_VS_EMA_SAR_LONG_SHORT,20,None,595,SHORT,2026-06-30T20:00:00,1575.99,2026-07-01T01:00:00,1577.91,5,-0.12,Signal changed to 1.0
PRICE_VS_EMA_SAR_LONG_SHORT,20,None,596,LONG,2026-07-01T01:00:00,1577.91,2026-07-01T06:00:00,1575.99,5,-0.12,Signal changed to -1.0
PRICE_VS_EMA_SAR_LONG_SHORT,20,None,597,SHORT,2026-07-01T06:00:00,1575.99,2026-07-01T08:00:00,1582.37,2,-0.4,Signal changed to 1.0
PRICE_VS_EMA_SAR_LONG_SHORT,20,None,598,LONG,2026-07-01T08:00:00,1582.37,2026-07-01T09:00:00,1581.01,1,-0.09,Signal changed to -1.0
PRICE_VS_EMA_SAR_LONG_SHORT,20,None,599,SHORT,2026-07-01T09:00:00,1581.01,2026-07-01T13:00:00,1597.22,4,-1.03,Signal changed to 1.0
PRICE_VS_EMA_SAR_LONG_SHORT,20,None,600,LONG,2026-07-01T13:00:00,1597.22,2026-07-02T00:00:00,1603.42,11,0.39,Signal changed to -1.0
PRICE_VS_EMA_SAR_LONG_SHORT,20,None,601,SHORT,2026-07-02T00:00:00,1603.42,2026-07-02T01:00:00,1620.48,1,-1.06,Signal changed to 1.0
PRICE_VS_EMA_SAR_LONG_SHORT,20,None,602,LONG,2026-07-02T01:00:00,1620.48,2026-07-05T00:00:00,1772.71,71,9.39,Signal changed to -1.0
PRICE_VS_EMA_SAR_LONG_SHORT,20,None,603,SHORT,2026-07-05T00:00:00,1772.71,2026-07-05T14:00:00,1772.56,14,0.01,Signal changed to 1.0
PRICE_VS_EMA_SAR_LONG_SHORT,20,None,604,LONG,2026-07-05T14:00:00,1772.56,2026-07-06T04:00:00,1777.98,14,0.31,Signal changed to -1.0
PRICE_VS_EMA_SAR_LONG_SHORT,20,None,605,SHORT,2026-07-06T04:00:00,1777.98,2026-07-06T15:00:00,1788.57,11,-0.6,Signal changed to 1.0
PRICE_VS_EMA_SAR_LONG_SHORT,20,None,606,LONG,2026-07-06T15:00:00,1788.57,2026-07-07T02:00:00,1778.57,11,-0.56,Signal changed to -1.0
PRICE_VS_EMA_SAR_LONG_SHORT,20,None,607,SHORT,2026-07-07T02:00:00,1778.57,2026-07-07T11:00:00,1780.77,9,-0.12,Signal changed to 1.0
PRICE_VS_EMA_SAR_LONG_SHORT,20,None,608,LONG,2026-07-07T11:00:00,1780.77,2026-07-07T13:00:00,1769.01,2,-0.66,Signal changed to -1.0
PRICE_VS_EMA_SAR_LONG_SHORT,20,None,609,SHORT,2026-07-07T13:00:00,1769.01,2026-07-07T14:00:00,1789.46,1,-1.16,Signal changed to 1.0
PRICE_VS_EMA_SAR_LONG_SHORT,20,None,610,LONG,2026-07-07T14:00:00,1789.46,2026-07-07T20:00:00,1784.12,6,-0.3,Signal changed to -1.0
PRICE_VS_EMA_SAR_LONG_SHORT,20,None,611,SHORT,2026-07-07T20:00:00,1784.12,2026-07-09T04:00:00,1742.51,32,2.33,Signal changed to 1.0
PRICE_VS_EMA_SAR_LONG_SHORT,20,None,612,LONG,2026-07-09T04:00:00,1742.51,2026-07-09T11:00:00,1744.02,7,0.09,Signal changed to -1.0
PRICE_VS_EMA_SAR_LONG_SHORT,20,None,613,SHORT,2026-07-09T11:00:00,1744.02,2026-07-09T13:00:00,1746.99,2,-0.17,Signal changed to 1.0
PRICE_VS_EMA_SAR_LONG_SHORT,20,None,614,LONG,2026-07-09T13:00:00,1746.99,2026-07-09T14:00:00,1743.14,1,-0.22,Signal changed to -1.0
PRICE_VS_EMA_SAR_LONG_SHORT,20,None,615,SHORT,2026-07-09T14:00:00,1743.14,2026-07-09T17:00:00,1748.52,3,-0.31,Signal changed to 1.0
PRICE_VS_EMA_SAR_LONG_SHORT,20,None,616,LONG,2026-07-09T17:00:00,1748.52,2026-07-09T23:00:00,1745.16,6,-0.19,Signal changed to -1.0
PRICE_VS_EMA_SAR_LONG_SHORT,20,None,617,SHORT,2026-07-09T23:00:00,1745.16,2026-07-10T01:00:00,1767.62,2,-1.29,Signal changed to 1.0
PRICE_VS_EMA_SAR_LONG_SHORT,20,None,618,LONG,2026-07-10T01:00:00,1767.62,2026-07-11T23:00:00,1787.76,46,1.14,Signal changed to -1.0
PRICE_VS_EMA_SAR_LONG_SHORT,20,None,619,SHORT,2026-07-11T23:00:00,1787.76,2026-07-12T03:00:00,1811.53,4,-1.33,Signal changed to 1.0
PRICE_VS_EMA_SAR_LONG_SHORT,20,None,620,LONG,2026-07-12T03:00:00,1811.53,2026-07-12T04:00:00,1805.92,1,-0.31,Signal changed to -1.0
PRICE_VS_EMA_SAR_LONG_SHORT,20,None,621,SHORT,2026-07-12T04:00:00,1805.92,2026-07-12T08:00:00,1805.22,4,0.04,Signal changed to 1.0
PRICE_VS_EMA_SAR_LONG_SHORT,20,None,622,LONG,2026-07-12T08:00:00,1805.22,2026-07-12T09:00:00,1802.39,1,-0.16,Signal changed to -1.0
PRICE_VS_EMA_SAR_LONG_SHORT,20,None,623,SHORT,2026-07-12T09:00:00,1802.39,2026-07-12T12:00:00,1807.01,3,-0.26,Signal changed to 1.0
PRICE_VS_EMA_SAR_LONG_SHORT,20,None,624,LONG,2026-07-12T12:00:00,1807.01,2026-07-12T21:00:00,1812.28,9,0.29,Signal changed to -1.0
PRICE_VS_EMA_SAR_LONG_SHORT,20,None,625,SHORT,2026-07-12T21:00:00,1812.28,2026-07-13T00:00:00,1826.59,3,-0.79,Signal changed to 1.0
PRICE_VS_EMA_SAR_LONG_SHORT,20,None,626,LONG,2026-07-13T00:00:00,1826.59,2026-07-13T01:00:00,1806.83,1,-1.08,Signal changed to -1.0
PRICE_VS_EMA_SAR_LONG_SHORT,20,None,627,SHORT,2026-07-13T01:00:00,1806.83,2026-07-13T23:00:00,1776.72,22,1.67,Signal changed to 1.0
PRICE_VS_EMA_SAR_LONG_SHORT,20,None,628,LONG,2026-07-13T23:00:00,1776.72,2026-07-16T07:00:00,1910.63,56,7.54,Signal changed to -1.0
PRICE_VS_EMA_SAR_LONG_SHORT,20,None,629,SHORT,2026-07-16T07:00:00,1910.63,2026-07-17T17:00:00,1843.71,34,3.5,Signal changed to 1.0
PRICE_VS_EMA_SAR_LONG_SHORT,20,None,630,LONG,2026-07-17T17:00:00,1843.71,2026-07-17T20:00:00,1842.93,3,-0.04,Signal changed to -1.0
PRICE_VS_EMA_SAR_LONG_SHORT,20,None,631,SHORT,2026-07-17T20:00:00,1842.93,2026-07-18T03:00:00,1845.96,7,-0.16,Signal changed to 1.0
PRICE_VS_EMA_SAR_LONG_SHORT,20,None,632,LONG,2026-07-18T03:00:00,1845.96,2026-07-18T13:00:00,1841.61,10,-0.24,Signal changed to -1.0
PRICE_VS_EMA_SAR_LONG_SHORT,20,None,633,SHORT,2026-07-18T13:00:00,1841.61,2026-07-18T14:00:00,1845.95,1,-0.24,Signal changed to 1.0
PRICE_VS_EMA_SAR_LONG_SHORT,20,None,634,LONG,2026-07-18T14:00:00,1845.95,2026-07-18T15:00:00,1844.15,1,-0.1,Signal changed to -1.0
PRICE_VS_EMA_SAR_LONG_SHORT,20,None,635,SHORT,2026-07-18T15:00:00,1844.15,2026-07-18T16:00:00,1846.11,1,-0.11,Signal changed to 1.0
PRICE_VS_EMA_SAR_LONG_SHORT,20,None,636,LONG,2026-07-18T16:00:00,1846.11,2026-07-19T18:00:00,1861.12,26,0.81,Signal changed to -1.0
PRICE_VS_EMA_SAR_LONG_SHORT,20,None,637,SHORT,2026-07-19T18:00:00,1861.12,2026-07-19T20:00:00,1867.14,2,-0.32,Signal changed to 1.0
PRICE_VS_EMA_SAR_LONG_SHORT,20,None,638,LONG,2026-07-19T20:00:00,1867.14,2026-07-19T21:00:00,1862.12,1,-0.27,Signal changed to -1.0
PRICE_VS_EMA_SAR_LONG_SHORT,20,None,639,SHORT,2026-07-19T21:00:00,1862.12,2026-07-19T22:00:00,1870.44,1,-0.45,Signal changed to 1.0
PRICE_VS_EMA_SAR_LONG_SHORT,20,None,640,LONG,2026-07-19T22:00:00,1870.44,2026-07-20T04:00:00,1868.94,6,-0.08,Signal changed to -1.0
PRICE_VS_EMA_SAR_LONG_SHORT,20,None,641,SHORT,2026-07-20T04:00:00,1868.94,2026-07-20T10:00:00,1868.85,6,0.0,Signal changed to 1.0
PRICE_VS_EMA_SAR_LONG_SHORT,20,None,642,LONG,2026-07-20T10:00:00,1868.85,2026-07-20T13:00:00,1862.68,3,-0.33,Signal changed to -1.0
PRICE_VS_EMA_SAR_LONG_SHORT,20,None,643,SHORT,2026-07-20T13:00:00,1862.68,2026-07-20T15:00:00,1902.34,2,-2.13,Signal changed to 1.0
PRICE_VS_EMA_SAR_LONG_SHORT,20,None,644,LONG,2026-07-20T15:00:00,1902.34,2026-07-21T17:00:00,1918.71,26,0.86,Signal changed to -1.0
PRICE_VS_EMA_SAR_LONG_SHORT,20,None,645,SHORT,2026-07-21T17:00:00,1918.71,2026-07-21T21:00:00,1924.32,4,-0.29,Signal changed to 1.0
PRICE_VS_EMA_SAR_LONG_SHORT,20,None,646,LONG,2026-07-21T21:00:00,1924.32,2026-07-21T22:00:00,1920.86,1,-0.18,Signal changed to -1.0
PRICE_VS_EMA_SAR_LONG_SHORT,20,None,647,SHORT,2026-07-21T22:00:00,1920.86,2026-07-21T23:00:00,1930.09,1,-0.48,Signal changed to 1.0
PRICE_VS_EMA_SAR_LONG_SHORT,20,None,648,LONG,2026-07-21T23:00:00,1930.09,2026-07-22T05:00:00,1919.35,6,-0.56,Signal changed to -1.0
PRICE_VS_EMA_SAR_LONG_SHORT,20,None,649,SHORT,2026-07-22T05:00:00,1919.35,2026-07-22T10:00:00,1930.82,5,-0.6,Signal changed to 1.0
PRICE_VS_EMA_SAR_LONG_SHORT,20,None,650,LONG,2026-07-22T10:00:00,1930.82,2026-07-22T12:00:00,1917.17,2,-0.71,Signal changed to -1.0
PRICE_VS_EMA_SAR_LONG_SHORT,20,None,651,SHORT,2026-07-22T12:00:00,1917.17,2026-07-22T13:00:00,1939.93,1,-1.19,Signal changed to 1.0
PRICE_VS_EMA_SAR_LONG_SHORT,20,None,652,LONG,2026-07-22T13:00:00,1939.93,2026-07-22T18:00:00,1930.69,5,-0.48,Signal changed to -1.0
PRICE_VS_EMA_SAR_LONG_SHORT,20,None,653,SHORT,2026-07-22T18:00:00,1930.69,2026-07-22T21:00:00,1938.76,3,-0.42,Signal changed to 1.0
PRICE_VS_EMA_SAR_LONG_SHORT,20,None,654,LONG,2026-07-22T21:00:00,1938.76,2026-07-23T01:00:00,1928.39,4,-0.53,Signal changed to -1.0
PRICE_VS_EMA_SAR_LONG_SHORT,20,None,655,SHORT,2026-07-23T01:00:00,1928.39,2026-07-23T10:00:00,1928.14,9,0.01,Signal changed to 1.0
PRICE_VS_EMA_SAR_LONG_SHORT,20,None,656,LONG,2026-07-23T10:00:00,1928.14,2026-07-23T11:00:00,1926.04,1,-0.11,Signal changed to -1.0
PRICE_VS_EMA_SAR_LONG_SHORT,20,None,657,SHORT,2026-07-23T11:00:00,1926.04,2026-07-24T06:00:00,1888.13,19,1.97,Signal changed to 1.0
PRICE_VS_EMA_SAR_LONG_SHORT,20,None,658,LONG,2026-07-24T06:00:00,1888.13,2026-07-24T08:00:00,1888.07,2,-0.0,Signal changed to -1.0
PRICE_VS_EMA_SAR_LONG_SHORT,20,None,659,SHORT,2026-07-24T08:00:00,1888.07,2026-07-25T13:00:00,1867.24,29,1.1,Signal changed to 1.0
PRICE_VS_EMA_SAR_LONG_SHORT,20,None,660,LONG,2026-07-25T13:00:00,1867.24,2026-07-27T14:00:00,1932.3,49,3.48,Signal changed to -1.0
PRICE_VS_EMA_SAR_LONG_SHORT,20,None,661,SHORT,2026-07-27T14:00:00,1932.3,2026-07-27T19:00:00,1948.31,5,-0.83,Signal changed to 1.0
PRICE_VS_EMA_SAR_LONG_SHORT,20,None,662,LONG,2026-07-27T19:00:00,1948.31,2026-07-27T21:00:00,1941.9,2,-0.33,Signal changed to -1.0
PRICE_VS_EMA_SAR_LONG_SHORT,20,None,663,SHORT,2026-07-27T21:00:00,1941.9,2026-07-28T15:00:00,1920.02,18,1.13,Signal changed to 1.0
PRICE_VS_EMA_SAR_LONG_SHORT,20,None,664,LONG,2026-07-28T15:00:00,1920.02,2026-07-29T01:00:00,1905.7,10,-0.75,Signal changed to -1.0
PRICE_VS_EMA_SAR_LONG_SHORT,20,None,665,SHORT,2026-07-29T01:00:00,1905.7,2026-07-29T02:00:00,1911.1,1,-0.28,Signal changed to 1.0
PRICE_VS_EMA_SAR_LONG_SHORT,20,None,666,LONG,2026-07-29T02:00:00,1911.1,2026-07-29T03:00:00,1892.7,1,-0.96,Signal changed to -1.0
PRICE_VS_EMA_SAR_LONG_SHORT,20,None,667,SHORT,2026-07-29T03:00:00,1892.7,2026-07-29T05:00:00,1912.54,2,-1.05,Signal changed to 1.0
PRICE_VS_EMA_SAR_LONG_SHORT,20,None,668,LONG,2026-07-29T05:00:00,1912.54,2026-07-29T12:00:00,1905.23,7,-0.38,Signal changed to -1.0
PRICE_VS_EMA_SAR_LONG_SHORT,20,None,669,SHORT,2026-07-29T12:00:00,1905.23,2026-07-29T17:00:00,1916.16,5,-0.57,Signal changed to 1.0
PRICE_VS_EMA_SAR_LONG_SHORT,20,None,670,LONG,2026-07-29T17:00:00,1916.16,2026-07-29T19:00:00,1888.56,2,-1.44,Signal changed to -1.0
PRICE_VS_EMA_SAR_LONG_SHORT,20,None,671,SHORT,2026-07-29T19:00:00,1888.56,2026-07-29T22:00:00,1907.18,3,-0.99,Signal changed to 1.0
PRICE_VS_EMA_SAR_LONG_SHORT,20,None,672,LONG,2026-07-29T22:00:00,1907.18,2026-07-30T00:00:00,1898.22,2,-0.47,Signal changed to -1.0
PRICE_VS_EMA_SAR_LONG_SHORT,20,None,673,SHORT,2026-07-30T00:00:00,1898.22,2026-07-30T01:00:00,1916.77,1,-0.98,Signal changed to 1.0
PRICE_VS_EMA_SAR_LONG_SHORT,20,None,674,LONG,2026-07-30T01:00:00,1916.77,2026-07-30T04:00:00,1901.99,3,-0.77,Signal changed to -1.0
PRICE_VS_EMA_SAR_LONG_SHORT,20,None,675,SHORT,2026-07-30T04:00:00,1901.99,2026-07-30T05:00:00,1906.34,1,-0.23,Signal changed to 1.0
PRICE_VS_EMA_SAR_LONG_SHORT,20,None,676,LONG,2026-07-30T05:00:00,1906.34,2026-07-30T06:00:00,1901.32,1,-0.26,Signal changed to -1.0
PRICE_VS_EMA_SAR_LONG_SHORT,20,None,677,SHORT,2026-07-30T06:00:00,1901.32,2026-07-30T08:00:00,1914.99,2,-0.72,Signal changed to 1.0
PRICE_VS_EMA_SAR_LONG_SHORT,20,None,678,LONG,2026-07-30T08:00:00,1914.99,2026-07-31T00:00:00,1917.15,16,0.11,Signal changed to -1.0
PRICE_VS_EMA_SAR_LONG_SHORT,20,None,679,SHORT,2026-07-31T00:00:00,1917.15,2026-08-01T14:00:00,1875.18,38,2.19,Signal changed to 1.0
PRICE_VS_EMA_SAR_LONG_SHORT,20,None,680,LONG,2026-08-01T14:00:00,1875.18,2026-08-01T15:00:00,1870.09,1,-0.27,Signal changed to -1.0
PRICE_VS_EMA_SAR_LONG_SHORT,20,None,681,SHORT,2026-08-01T15:00:00,1870.09,2026-08-02T01:00:00,1857.09,10,0.7,Signal changed to 1.0
PRICE_VS_EMA_SAR_LONG_SHORT,20,None,682,LONG,2026-08-02T01:00:00,1857.09,2026-08-02T11:00:00,1852.58,10,-0.24,Signal changed to -1.0
PRICE_VS_EMA_SAR_LONG_SHORT,20,None,683,SHORT,2026-08-02T11:00:00,1852.58,2026-08-02T16:00:00,1863.13,5,-0.57,Signal changed to 1.0
PRICE_VS_EMA_SAR_LONG_SHORT,20,None,684,LONG,2026-08-02T16:00:00,1863.13,2026-08-03T01:00:00,1867.19,9,0.22,Signal changed to -1.0
PRICE_VS_EMA_SAR_LONG_SHORT,20,None,685,SHORT,2026-08-03T01:00:00,1867.19,2026-08-03T13:00:00,1859.18,12,0.43,Signal changed to 1.0
PRICE_VS_EMA_SAR_LONG_SHORT,20,None,686,LONG,2026-08-03T13:00:00,1859.18,2026-08-03T22:00:00,1860.4,9,0.07,Signal changed to -1.0
PRICE_VS_EMA_SAR_LONG_SHORT,20,None,687,SHORT,2026-08-03T22:00:00,1860.4,2026-08-04T01:00:00,1867.64,3,-0.39,Signal changed to 1.0
PRICE_VS_EMA_SAR_LONG_SHORT,20,None,688,LONG,2026-08-04T01:00:00,1867.64,2026-08-04T06:00:00,1856.96,5,-0.57,Signal changed to -1.0
PRICE_VS_EMA_SAR_LONG_SHORT,20,None,689,SHORT,2026-08-04T06:00:00,1856.96,2026-08-04T07:00:00,1863.87,1,-0.37,Signal changed to 1.0
PRICE_VS_EMA_SAR_LONG_SHORT,20,None,690,LONG,2026-08-04T07:00:00,1863.87,2026-08-04T08:00:00,1857.89,1,-0.32,Signal changed to -1.0
PRICE_VS_EMA_SAR_LONG_SHORT,20,None,691,SHORT,2026-08-04T08:00:00,1857.89,2026-08-04T10:00:00,1866.94,2,-0.49,Signal changed to 1.0
PRICE_VS_EMA_SAR_LONG_SHORT,20,None,692,LONG,2026-08-04T10:00:00,1866.94,2026-08-04T13:00:00,1862.06,3,-0.26,Signal changed to -1.0
PRICE_VS_EMA_SAR_LONG_SHORT,20,None,693,SHORT,2026-08-04T13:00:00,1862.06,2026-08-04T14:00:00,1873.03,1,-0.59,Signal changed to 1.0
PRICE_VS_EMA_SAR_LONG_SHORT,20,None,694,LONG,2026-08-04T14:00:00,1873.03,2026-08-04T23:00:00,1869.75,9,-0.18,Signal changed to -1.0
PRICE_VS_EMA_SAR_LONG_SHORT,20,None,695,SHORT,2026-08-04T23:00:00,1869.75,2026-08-05T01:00:00,1873.37,2,-0.19,Signal changed to 1.0
PRICE_VS_EMA_SAR_LONG_SHORT,20,None,696,LONG,2026-08-05T01:00:00,1873.37,2026-08-05T03:00:00,1867.75,2,-0.3,Signal changed to -1.0
PRICE_VS_EMA_SAR_LONG_SHORT,20,None,697,SHORT,2026-08-05T03:00:00,1867.75,2026-08-05T05:00:00,1873.46,2,-0.31,Signal changed to 1.0
PRICE_VS_EMA_SAR_LONG_SHORT,20,None,698,LONG,2026-08-05T05:00:00,1873.46,2026-08-05T06:00:00,1869.88,1,-0.19,Signal changed to -1.0
PRICE_VS_EMA_SAR_LONG_SHORT,20,None,699,SHORT,2026-08-05T06:00:00,1869.88,2026-08-05T07:00:00,1872.2,1,-0.12,Signal changed to 1.0
PRICE_VS_EMA_SAR_LONG_SHORT,20,None,700,LONG,2026-08-05T07:00:00,1872.2,2026-08-05T08:00:00,1869.99,1,-0.12,Signal changed to -1.0
PRICE_VS_EMA_SAR_LONG_SHORT,20,None,701,SHORT,2026-08-05T08:00:00,1869.99,2026-08-05T09:00:00,1871.94,1,-0.1,Signal changed to 1.0
PRICE_VS_EMA_SAR_LONG_SHORT,20,None,702,LONG,2026-08-05T09:00:00,1871.94,2026-08-05T10:00:00,1868.33,1,-0.19,Signal changed to -1.0
PRICE_VS_EMA_SAR_LONG_SHORT,20,None,703,SHORT,2026-08-05T10:00:00,1868.33,2026-08-05T12:00:00,1876.25,2,-0.42,Signal changed to 1.0
PRICE_VS_EMA_SAR_LONG_SHORT,20,None,704,LONG,2026-08-05T12:00:00,1876.25,2026-08-06T10:00:00,1902.58,22,1.4,Signal changed to -1.0
PRICE_VS_EMA_SAR_LONG_SHORT,20,None,705,SHORT,2026-08-06T10:00:00,1902.58,2026-08-06T11:00:00,1907.77,1,-0.27,Signal changed to 1.0
PRICE_VS_EMA_SAR_LONG_SHORT,20,None,706,LONG,2026-08-06T11:00:00,1907.77,2026-08-06T12:00:00,1899.09,1,-0.45,Signal changed to -1.0
PRICE_VS_EMA_SAR_LONG_SHORT,20,None,707,SHORT,2026-08-06T12:00:00,1899.09,2026-08-06T13:00:00,1907.43,1,-0.44,Signal changed to 1.0
PRICE_VS_EMA_SAR_LONG_SHORT,20,None,708,LONG,2026-08-06T13:00:00,1907.43,2026-08-06T18:00:00,1905.95,5,-0.08,Signal changed to -1.0
PRICE_VS_EMA_SAR_LONG_SHORT,20,None,709,SHORT,2026-08-06T18:00:00,1905.95,2026-08-06T19:00:00,1910.06,1,-0.22,Signal changed to 1.0
PRICE_VS_EMA_SAR_LONG_SHORT,20,None,710,LONG,2026-08-06T19:00:00,1910.06,2026-08-06T20:00:00,1907.14,1,-0.15,Signal changed to -1.0
PRICE_VS_EMA_SAR_LONG_SHORT,20,None,711,SHORT,2026-08-06T20:00:00,1907.14,2026-08-07T06:00:00,1904.53,10,0.14,Signal changed to 1.0
PRICE_VS_EMA_SAR_LONG_SHORT,20,None,712,LONG,2026-08-07T06:00:00,1904.53,2026-08-07T07:00:00,1902.36,1,-0.11,Signal changed to -1.0
PRICE_VS_EMA_SAR_LONG_SHORT,20,None,713,SHORT,2026-08-07T07:00:00,1902.36,2026-08-07T08:00:00,1910.7,1,-0.44,Signal changed to 1.0
PRICE_VS_EMA_SAR_LONG_SHORT,20,None,714,LONG,2026-08-07T08:00:00,1910.7,2026-08-07T16:00:00,1909.51,8,-0.06,Signal changed to -1.0
PRICE_VS_EMA_SAR_LONG_SHORT,20,None,715,SHORT,2026-08-07T16:00:00,1909.51,2026-08-07T17:00:00,1912.45,1,-0.15,Signal changed to 1.0
PRICE_VS_EMA_SAR_LONG_SHORT,20,None,716,LONG,2026-08-07T17:00:00,1912.45,2026-08-07T18:00:00,1909.86,1,-0.14,Signal changed to -1.0
PRICE_VS_EMA_SAR_LONG_SHORT,20,None,717,SHORT,2026-08-07T18:00:00,1909.86,2026-08-07T19:00:00,1918.85,1,-0.47,Signal changed to 1.0
PRICE_VS_EMA_SAR_LONG_SHORT,20,None,718,LONG,2026-08-07T19:00:00,1918.85,2026-08-08T02:00:00,1913.18,7,-0.3,Signal changed to -1.0
PRICE_VS_EMA_SAR_LONG_SHORT,20,None,719,SHORT,2026-08-08T02:00:00,1913.18,2026-08-08T03:00:00,1918.08,1,-0.26,Signal changed to 1.0
PRICE_VS_EMA_SAR_LONG_SHORT,20,None,720,LONG,2026-08-08T03:00:00,1918.08,2026-08-08T22:00:00,1916.75,19,-0.07,Signal changed to -1.0
PRICE_VS_EMA_SAR_LONG_SHORT,20,None,721,SHORT,2026-08-08T22:00:00,1916.75,2026-08-09T06:00:00,1919.33,8,-0.13,Signal changed to 1.0
PRICE_VS_EMA_SAR_LONG_SHORT,20,None,722,LONG,2026-08-09T06:00:00,1919.33,2026-08-09T08:00:00,1915.94,2,-0.18,Signal changed to -1.0
PRICE_VS_EMA_SAR_LONG_SHORT,20,None,723,SHORT,2026-08-09T08:00:00,1915.94,2026-08-09T09:00:00,1921.45,1,-0.29,Signal changed to 1.0
PRICE_VS_EMA_SAR_LONG_SHORT,20,None,724,LONG,2026-08-09T09:00:00,1921.45,2026-08-09T12:00:00,1917.5,3,-0.21,Signal changed to -1.0
PRICE_VS_EMA_SAR_LONG_SHORT,20,None,725,SHORT,2026-08-09T12:00:00,1917.5,2026-08-09T13:00:00,1923.36,1,-0.31,Signal changed to 1.0
PRICE_VS_EMA_SAR_LONG_SHORT,20,None,726,LONG,2026-08-09T13:00:00,1923.36,2026-08-09T20:00:00,1920.73,7,-0.14,Signal changed to -1.0
PRICE_VS_EMA_SAR_LONG_SHORT,20,None,727,SHORT,2026-08-09T20:00:00,1920.73,2026-08-09T21:00:00,1924.73,1,-0.21,Signal changed to 1.0
PRICE_VS_EMA_SAR_LONG_SHORT,20,None,728,LONG,2026-08-09T21:00:00,1924.73,2026-08-09T22:00:00,1919.55,1,-0.27,Signal changed to -1.0
PRICE_VS_EMA_SAR_LONG_SHORT,20,None,729,SHORT,2026-08-09T22:00:00,1919.55,2026-08-10T01:00:00,1925.23,3,-0.3,Signal changed to 1.0
PRICE_VS_EMA_SAR_LONG_SHORT,20,None,730,LONG,2026-08-10T01:00:00,1925.23,2026-08-10T03:00:00,1917.44,2,-0.4,Signal changed to -1.0
PRICE_VS_EMA_SAR_LONG_SHORT,20,None,731,SHORT,2026-08-10T03:00:00,1917.44,2026-08-10T05:00:00,1923.17,2,-0.3,Signal changed to 1.0
PRICE_VS_EMA_SAR_LONG_SHORT,20,None,732,LONG,2026-08-10T05:00:00,1923.17,2026-08-10T09:00:00,1916.39,4,-0.35,Signal changed to -1.0
PRICE_VS_EMA_SAR_LONG_SHORT,20,None,733,SHORT,2026-08-10T09:00:00,1916.39,2026-08-11T09:00:00,1885.41,24,1.62,Signal changed to 1.0
PRICE_VS_EMA_SAR_LONG_SHORT,20,None,734,LONG,2026-08-11T09:00:00,1885.41,2026-08-11T14:00:00,1873.69,5,-0.62,Signal changed to -1.0
PRICE_VS_EMA_SAR_LONG_SHORT,20,None,735,SHORT,2026-08-11T14:00:00,1873.69,2026-08-11T19:00:00,1881.9,5,-0.44,Signal changed to 1.0
PRICE_VS_EMA_SAR_LONG_SHORT,20,None,736,LONG,2026-08-11T19:00:00,1881.9,2026-08-12T14:00:00,1887.79,19,0.31,Signal changed to -1.0
PRICE_VS_EMA_SAR_LONG_SHORT,20,None,737,SHORT,2026-08-12T14:00:00,1887.79,2026-08-13T03:00:00,1887.52,13,0.01,Signal changed to 1.0
PRICE_VS_EMA_SAR_LONG_SHORT,20,None,738,LONG,2026-08-13T03:00:00,1887.52,2026-08-13T10:00:00,1883.17,7,-0.23,Signal changed to -1.0
PRICE_VS_EMA_SAR_LONG_SHORT,20,None,739,SHORT,2026-08-13T10:00:00,1883.17,2026-08-13T12:00:00,1889.04,2,-0.31,Signal changed to 1.0
PRICE_VS_EMA_SAR_LONG_SHORT,20,None,740,LONG,2026-08-13T12:00:00,1889.04,2026-08-13T15:00:00,1880.01,3,-0.48,Signal changed to -1.0
PRICE_VS_EMA_SAR_LONG_SHORT,20,None,741,SHORT,2026-08-13T15:00:00,1880.01,2026-08-13T19:00:00,1887.41,4,-0.39,Signal changed to 1.0
PRICE_VS_EMA_SAR_LONG_SHORT,20,None,742,LONG,2026-08-13T19:00:00,1887.41,2026-08-13T23:00:00,1886.15,4,-0.07,Signal changed to -1.0
PRICE_VS_EMA_SAR_LONG_SHORT,20,None,743,SHORT,2026-08-13T23:00:00,1886.15,2026-08-14T00:00:00,1889.4,1,-0.17,Signal changed to 1.0
PRICE_VS_EMA_SAR_LONG_SHORT,20,None,744,LONG,2026-08-14T00:00:00,1889.4,2026-08-14T02:00:00,1886.62,2,-0.15,Signal changed to -1.0
PRICE_VS_EMA_SAR_LONG_SHORT,20,None,745,SHORT,2026-08-14T02:00:00,1886.62,2026-08-14T15:00:00,1881.56,13,0.27,Signal changed to 1.0
PRICE_VS_EMA_SAR_LONG_SHORT,20,None,746,LONG,2026-08-14T15:00:00,1881.56,2026-08-14T17:00:00,1878.57,2,-0.16,Signal changed to -1.0
PRICE_VS_EMA_SAR_LONG_SHORT,20,None,747,SHORT,2026-08-14T17:00:00,1878.57,2026-08-14T19:00:00,1880.89,2,-0.12,Signal changed to 1.0
PRICE_VS_EMA_SAR_LONG_SHORT,20,None,748,LONG,2026-08-14T19:00:00,1880.89,2026-08-15T05:00:00,1880.66,10,-0.01,Signal changed to -1.0
PRICE_VS_EMA_SAR_LONG_SHORT,20,None,749,SHORT,2026-08-15T05:00:00,1880.66,2026-08-15T06:00:00,1882.16,1,-0.08,Signal changed to 1.0
PRICE_VS_EMA_SAR_LONG_SHORT,20,None,750,LONG,2026-08-15T06:00:00,1882.16,2026-08-15T07:00:00,1880.4,1,-0.09,Signal changed to -1.0
PRICE_VS_EMA_SAR_LONG_SHORT,20,None,751,SHORT,2026-08-15T07:00:00,1880.4,2026-08-15T10:00:00,1881.01,3,-0.03,Signal changed to 1.0
PRICE_VS_EMA_SAR_LONG_SHORT,20,None,752,LONG,2026-08-15T10:00:00,1881.01,2026-08-15T11:00:00,1879.49,1,-0.08,Signal changed to -1.0
PRICE_VS_EMA_SAR_LONG_SHORT,20,None,753,SHORT,2026-08-15T11:00:00,1879.49,2026-08-15T12:00:00,1883.86,1,-0.23,Signal changed to 1.0
PRICE_VS_EMA_SAR_LONG_SHORT,20,None,754,LONG,2026-08-15T12:00:00,1883.86,2026-08-15T23:00:00,1882.64,11,-0.06,Signal changed to -1.0
PRICE_VS_EMA_SAR_LONG_SHORT,20,None,755,SHORT,2026-08-15T23:00:00,1882.64,2026-08-16T02:00:00,1883.71,3,-0.06,Signal changed to 1.0
PRICE_VS_EMA_SAR_LONG_SHORT,20,None,756,LONG,2026-08-16T02:00:00,1883.71,2026-08-16T04:00:00,1881.7,2,-0.11,Signal changed to -1.0
PRICE_VS_EMA_SAR_LONG_SHORT,20,None,757,SHORT,2026-08-16T04:00:00,1881.7,2026-08-16T13:00:00,1881.96,9,-0.01,Signal changed to 1.0
PRICE_VS_EMA_SAR_LONG_SHORT,20,None,758,LONG,2026-08-16T13:00:00,1881.96,2026-08-16T20:00:00,1882.0,7,0.0,Signal changed to -1.0
PRICE_VS_EMA_SAR_LONG_SHORT,20,None,759,SHORT,2026-08-16T20:00:00,1882.0,2026-08-17T01:00:00,1891.65,5,-0.51,Signal changed to 1.0
PRICE_VS_EMA_SAR_LONG_SHORT,20,None,760,LONG,2026-08-17T01:00:00,1891.65,2026-08-18T01:00:00,1901.54,24,0.52,Signal changed to -1.0
PRICE_VS_EMA_SAR_LONG_SHORT,20,None,761,SHORT,2026-08-18T01:00:00,1901.54,2026-08-18T06:00:00,1902.83,5,-0.07,Signal changed to 1.0
PRICE_VS_EMA_SAR_LONG_SHORT,20,None,762,LONG,2026-08-18T06:00:00,1902.83,2026-08-18T07:00:00,1898.84,1,-0.21,Signal changed to -1.0
PRICE_VS_EMA_SAR_LONG_SHORT,20,None,763,SHORT,2026-08-18T07:00:00,1898.84,2026-08-18T11:00:00,1903.11,4,-0.22,Signal changed to 1.0
PRICE_VS_EMA_SAR_LONG_SHORT,20,None,764,LONG,2026-08-18T11:00:00,1903.11,2026-08-18T12:00:00,1899.48,1,-0.19,Signal changed to -1.0
PRICE_VS_EMA_SAR_LONG_SHORT,20,None,765,SHORT,2026-08-18T12:00:00,1899.48,2026-08-18T14:00:00,1911.02,2,-0.61,Signal changed to 1.0
PRICE_VS_EMA_SAR_LONG_SHORT,20,None,766,LONG,2026-08-18T14:00:00,1911.02,2026-08-19T02:00:00,1907.7,12,-0.17,Signal changed to -1.0
PRICE_VS_EMA_SAR_LONG_SHORT,20,None,767,SHORT,2026-08-19T02:00:00,1907.7,2026-08-19T03:00:00,1912.15,1,-0.23,Signal changed to 1.0
PRICE_VS_EMA_SAR_LONG_SHORT,20,None,768,LONG,2026-08-19T03:00:00,1912.15,2026-08-22T05:00:00,2439.95,74,27.6,Signal changed to -1.0
PRICE_VS_EMA_SAR_LONG_SHORT,20,None,769,SHORT,2026-08-22T05:00:00,2439.95,2026-08-22T08:00:00,2423.3,3,0.68,End of Dataset
PRICE_VS_EMA_SAR_LONG_SHORT,50,None,1,SHORT,2026-01-01T00:00:00,2979.81,2026-01-01T01:00:00,2984.32,1,-0.15,Signal changed to 1.0
PRICE_VS_EMA_SAR_LONG_SHORT,50,None,2,LONG,2026-01-01T01:00:00,2984.32,2026-01-01T03:00:00,2980.0,2,-0.14,Signal changed to -1.0
PRICE_VS_EMA_SAR_LONG_SHORT,50,None,3,SHORT,2026-01-01T03:00:00,2980.0,2026-01-01T05:00:00,2981.49,2,-0.05,Signal changed to 1.0
PRICE_VS_EMA_SAR_LONG_SHORT,50,None,4,LONG,2026-01-01T05:00:00,2981.49,2026-01-01T06:00:00,2975.89,1,-0.19,Signal changed to -1.0
PRICE_VS_EMA_SAR_LONG_SHORT,50,None,5,SHORT,2026-01-01T06:00:00,2975.89,2026-01-01T08:00:00,2982.59,2,-0.23,Signal changed to 1.0
PRICE_VS_EMA_SAR_LONG_SHORT,50,None,6,LONG,2026-01-01T08:00:00,2982.59,2026-01-06T17:00:00,3196.43,129,7.17,Signal changed to -1.0
PRICE_VS_EMA_SAR_LONG_SHORT,50,None,7,SHORT,2026-01-06T17:00:00,3196.43,2026-01-06T18:00:00,3218.91,1,-0.7,Signal changed to 1.0
PRICE_VS_EMA_SAR_LONG_SHORT,50,None,8,LONG,2026-01-06T18:00:00,3218.91,2026-01-07T09:00:00,3200.18,15,-0.58,Signal changed to -1.0
PRICE_VS_EMA_SAR_LONG_SHORT,50,None,9,SHORT,2026-01-07T09:00:00,3200.18,2026-01-09T16:00:00,3133.13,55,2.1,Signal changed to 1.0
PRICE_VS_EMA_SAR_LONG_SHORT,50,None,10,LONG,2026-01-09T16:00:00,3133.13,2026-01-09T17:00:00,3114.41,1,-0.6,Signal changed to -1.0
PRICE_VS_EMA_SAR_LONG_SHORT,50,None,11,SHORT,2026-01-09T17:00:00,3114.41,2026-01-11T08:00:00,3103.38,39,0.35,Signal changed to 1.0
PRICE_VS_EMA_SAR_LONG_SHORT,50,None,12,LONG,2026-01-11T08:00:00,3103.38,2026-01-12T08:00:00,3115.47,24,0.39,Signal changed to -1.0
PRICE_VS_EMA_SAR_LONG_SHORT,50,None,13,SHORT,2026-01-12T08:00:00,3115.47,2026-01-12T15:00:00,3130.17,7,-0.47,Signal changed to 1.0
PRICE_VS_EMA_SAR_LONG_SHORT,50,None,14,LONG,2026-01-12T15:00:00,3130.17,2026-01-12T17:00:00,3104.88,2,-0.81,Signal changed to -1.0
PRICE_VS_EMA_SAR_LONG_SHORT,50,None,15,SHORT,2026-01-12T17:00:00,3104.88,2026-01-12T19:00:00,3121.83,2,-0.55,Signal changed to 1.0
PRICE_VS_EMA_SAR_LONG_SHORT,50,None,16,LONG,2026-01-12T19:00:00,3121.83,2026-01-12T20:00:00,3102.57,1,-0.62,Signal changed to -1.0
PRICE_VS_EMA_SAR_LONG_SHORT,50,None,17,SHORT,2026-01-12T20:00:00,3102.57,2026-01-13T03:00:00,3116.14,7,-0.44,Signal changed to 1.0
PRICE_VS_EMA_SAR_LONG_SHORT,50,None,18,LONG,2026-01-13T03:00:00,3116.14,2026-01-15T17:00:00,3301.46,62,5.95,Signal changed to -1.0
PRICE_VS_EMA_SAR_LONG_SHORT,50,None,19,SHORT,2026-01-15T17:00:00,3301.46,2026-01-15T22:00:00,3309.11,5,-0.23,Signal changed to 1.0
PRICE_VS_EMA_SAR_LONG_SHORT,50,None,20,LONG,2026-01-15T22:00:00,3309.11,2026-01-16T03:00:00,3295.21,5,-0.42,Signal changed to -1.0
PRICE_VS_EMA_SAR_LONG_SHORT,50,None,21,SHORT,2026-01-16T03:00:00,3295.21,2026-01-16T05:00:00,3309.23,2,-0.43,Signal changed to 1.0
PRICE_VS_EMA_SAR_LONG_SHORT,50,None,22,LONG,2026-01-16T05:00:00,3309.23,2026-01-16T10:00:00,3297.75,5,-0.35,Signal changed to -1.0
PRICE_VS_EMA_SAR_LONG_SHORT,50,None,23,SHORT,2026-01-16T10:00:00,3297.75,2026-01-16T12:00:00,3308.87,2,-0.34,Signal changed to 1.0
PRICE_VS_EMA_SAR_LONG_SHORT,50,None,24,LONG,2026-01-16T12:00:00,3308.87,2026-01-16T14:00:00,3294.12,2,-0.45,Signal changed to -1.0
PRICE_VS_EMA_SAR_LONG_SHORT,50,None,25,SHORT,2026-01-16T14:00:00,3294.12,2026-01-17T08:00:00,3296.48,18,-0.07,Signal changed to 1.0
PRICE_VS_EMA_SAR_LONG_SHORT,50,None,26,LONG,2026-01-17T08:00:00,3296.48,2026-01-17T22:00:00,3302.0,14,0.17,Signal changed to -1.0
PRICE_VS_EMA_SAR_LONG_SHORT,50,None,27,SHORT,2026-01-17T22:00:00,3302.0,2026-01-17T23:00:00,3310.56,1,-0.26,Signal changed to 1.0
PRICE_VS_EMA_SAR_LONG_SHORT,50,None,28,LONG,2026-01-17T23:00:00,3310.56,2026-01-18T01:00:00,3301.15,2,-0.28,Signal changed to -1.0
PRICE_VS_EMA_SAR_LONG_SHORT,50,None,29,SHORT,2026-01-18T01:00:00,3301.15,2026-01-18T02:00:00,3303.45,1,-0.07,Signal changed to 1.0
PRICE_VS_EMA_SAR_LONG_SHORT,50,None,30,LONG,2026-01-18T02:00:00,3303.45,2026-01-18T23:00:00,3284.03,21,-0.59,Signal changed to -1.0
PRICE_VS_EMA_SAR_LONG_SHORT,50,None,31,SHORT,2026-01-18T23:00:00,3284.03,2026-01-21T19:00:00,3055.56,68,6.96,Signal changed to 1.0
PRICE_VS_EMA_SAR_LONG_SHORT,50,None,32,LONG,2026-01-21T19:00:00,3055.56,2026-01-21T20:00:00,3031.84,1,-0.78,Signal changed to -1.0
PRICE_VS_EMA_SAR_LONG_SHORT,50,None,33,SHORT,2026-01-21T20:00:00,3031.84,2026-01-23T17:00:00,2987.51,45,1.46,Signal changed to 1.0
PRICE_VS_EMA_SAR_LONG_SHORT,50,None,34,LONG,2026-01-23T17:00:00,2987.51,2026-01-23T19:00:00,2959.8,2,-0.93,Signal changed to -1.0
PRICE_VS_EMA_SAR_LONG_SHORT,50,None,35,SHORT,2026-01-23T19:00:00,2959.8,2026-01-24T17:00:00,2964.3,22,-0.15,Signal changed to 1.0
PRICE_VS_EMA_SAR_LONG_SHORT,50,None,36,LONG,2026-01-24T17:00:00,2964.3,2026-01-24T18:00:00,2963.82,1,-0.02,Signal changed to -1.0
PRICE_VS_EMA_SAR_LONG_SHORT,50,None,37,SHORT,2026-01-24T18:00:00,2963.82,2026-01-26T08:00:00,2912.29,38,1.74,Signal changed to 1.0
PRICE_VS_EMA_SAR_LONG_SHORT,50,None,38,LONG,2026-01-26T08:00:00,2912.29,2026-01-26T09:00:00,2885.87,1,-0.91,Signal changed to -1.0
PRICE_VS_EMA_SAR_LONG_SHORT,50,None,39,SHORT,2026-01-26T09:00:00,2885.87,2026-01-26T13:00:00,2909.67,4,-0.82,Signal changed to 1.0
PRICE_VS_EMA_SAR_LONG_SHORT,50,None,40,LONG,2026-01-26T13:00:00,2909.67,2026-01-26T15:00:00,2899.32,2,-0.36,Signal changed to -1.0
PRICE_VS_EMA_SAR_LONG_SHORT,50,None,41,SHORT,2026-01-26T15:00:00,2899.32,2026-01-26T17:00:00,2909.42,2,-0.35,Signal changed to 1.0
PRICE_VS_EMA_SAR_LONG_SHORT,50,None,42,LONG,2026-01-26T17:00:00,2909.42,2026-01-26T20:00:00,2901.82,3,-0.26,Signal changed to -1.0
PRICE_VS_EMA_SAR_LONG_SHORT,50,None,43,SHORT,2026-01-26T20:00:00,2901.82,2026-01-26T21:00:00,2928.97,1,-0.94,Signal changed to 1.0
PRICE_VS_EMA_SAR_LONG_SHORT,50,None,44,LONG,2026-01-26T21:00:00,2928.97,2026-01-27T09:00:00,2907.69,12,-0.73,Signal changed to -1.0
PRICE_VS_EMA_SAR_LONG_SHORT,50,None,45,SHORT,2026-01-27T09:00:00,2907.69,2026-01-27T11:00:00,2917.02,2,-0.32,Signal changed to 1.0
PRICE_VS_EMA_SAR_LONG_SHORT,50,None,46,LONG,2026-01-27T11:00:00,2917.02,2026-01-27T13:00:00,2912.61,2,-0.15,Signal changed to -1.0
PRICE_VS_EMA_SAR_LONG_SHORT,50,None,47,SHORT,2026-01-27T13:00:00,2912.61,2026-01-27T14:00:00,2918.65,1,-0.21,Signal changed to 1.0
PRICE_VS_EMA_SAR_LONG_SHORT,50,None,48,LONG,2026-01-27T14:00:00,2918.65,2026-01-29T02:00:00,2959.23,36,1.39,Signal changed to -1.0
PRICE_VS_EMA_SAR_LONG_SHORT,50,None,49,SHORT,2026-01-29T02:00:00,2959.23,2026-02-06T16:00:00,2036.17,206,31.19,Signal changed to 1.0
PRICE_VS_EMA_SAR_LONG_SHORT,50,None,50,LONG,2026-02-06T16:00:00,2036.17,2026-02-07T07:00:00,2027.1,15,-0.45,Signal changed to -1.0
PRICE_VS_EMA_SAR_LONG_SHORT,50,None,51,SHORT,2026-02-07T07:00:00,2027.1,2026-02-07T12:00:00,2041.33,5,-0.7,Signal changed to 1.0
PRICE_VS_EMA_SAR_LONG_SHORT,50,None,52,LONG,2026-02-07T12:00:00,2041.33,2026-02-07T14:00:00,2020.41,2,-1.02,Signal changed to -1.0
PRICE_VS_EMA_SAR_LONG_SHORT,50,None,53,SHORT,2026-02-07T14:00:00,2020.41,2026-02-07T15:00:00,2052.54,1,-1.59,Signal changed to 1.0
PRICE_VS_EMA_SAR_LONG_SHORT,50,None,54,LONG,2026-02-07T15:00:00,2052.54,2026-02-09T01:00:00,2070.89,34,0.89,Signal changed to -1.0
PRICE_VS_EMA_SAR_LONG_SHORT,50,None,55,SHORT,2026-02-09T01:00:00,2070.89,2026-02-09T03:00:00,2100.25,2,-1.42,Signal changed to 1.0
PRICE_VS_EMA_SAR_LONG_SHORT,50,None,56,LONG,2026-02-09T03:00:00,2100.25,2026-02-09T06:00:00,2081.43,3,-0.9,Signal changed to -1.0
PRICE_VS_EMA_SAR_LONG_SHORT,50,None,57,SHORT,2026-02-09T06:00:00,2081.43,2026-02-09T16:00:00,2091.21,10,-0.47,Signal changed to 1.0
PRICE_VS_EMA_SAR_LONG_SHORT,50,None,58,LONG,2026-02-09T16:00:00,2091.21,2026-02-10T03:00:00,2064.96,11,-1.26,Signal changed to -1.0
PRICE_VS_EMA_SAR_LONG_SHORT,50,None,59,SHORT,2026-02-10T03:00:00,2064.96,2026-02-12T10:00:00,1994.15,55,3.43,Signal changed to 1.0
PRICE_VS_EMA_SAR_LONG_SHORT,50,None,60,LONG,2026-02-12T10:00:00,1994.15,2026-02-12T12:00:00,1980.85,2,-0.67,Signal changed to -1.0
PRICE_VS_EMA_SAR_LONG_SHORT,50,None,61,SHORT,2026-02-12T12:00:00,1980.85,2026-02-12T13:00:00,1994.99,1,-0.71,Signal changed to 1.0
PRICE_VS_EMA_SAR_LONG_SHORT,50,None,62,LONG,2026-02-12T13:00:00,1994.99,2026-02-12T14:00:00,1978.5,1,-0.83,Signal changed to -1.0
PRICE_VS_EMA_SAR_LONG_SHORT,50,None,63,SHORT,2026-02-12T14:00:00,1978.5,2026-02-13T09:00:00,1962.0,19,0.83,Signal changed to 1.0
PRICE_VS_EMA_SAR_LONG_SHORT,50,None,64,LONG,2026-02-13T09:00:00,1962.0,2026-02-13T10:00:00,1959.4,1,-0.13,Signal changed to -1.0
PRICE_VS_EMA_SAR_LONG_SHORT,50,None,65,SHORT,2026-02-13T10:00:00,1959.4,2026-02-13T12:00:00,1960.95,2,-0.08,Signal changed to 1.0
PRICE_VS_EMA_SAR_LONG_SHORT,50,None,66,LONG,2026-02-13T12:00:00,1960.95,2026-02-15T12:00:00,2011.0,48,2.55,Signal changed to -1.0
PRICE_VS_EMA_SAR_LONG_SHORT,50,None,67,SHORT,2026-02-15T12:00:00,2011.0,2026-02-16T12:00:00,2006.24,24,0.24,Signal changed to 1.0
PRICE_VS_EMA_SAR_LONG_SHORT,50,None,68,LONG,2026-02-16T12:00:00,2006.24,2026-02-16T13:00:00,1967.7,1,-1.92,Signal changed to -1.0
PRICE_VS_EMA_SAR_LONG_SHORT,50,None,69,SHORT,2026-02-16T13:00:00,1967.7,2026-02-16T21:00:00,1999.14,8,-1.6,Signal changed to 1.0
PRICE_VS_EMA_SAR_LONG_SHORT,50,None,70,LONG,2026-02-16T21:00:00,1999.14,2026-02-16T22:00:00,1990.19,1,-0.45,Signal changed to -1.0
PRICE_VS_EMA_SAR_LONG_SHORT,50,None,71,SHORT,2026-02-16T22:00:00,1990.19,2026-02-16T23:00:00,1998.33,1,-0.41,Signal changed to 1.0
PRICE_VS_EMA_SAR_LONG_SHORT,50,None,72,LONG,2026-02-16T23:00:00,1998.33,2026-02-17T01:00:00,1991.82,2,-0.33,Signal changed to -1.0
PRICE_VS_EMA_SAR_LONG_SHORT,50,None,73,SHORT,2026-02-17T01:00:00,1991.82,2026-02-17T02:00:00,1998.59,1,-0.34,Signal changed to 1.0
PRICE_VS_EMA_SAR_LONG_SHORT,50,None,74,LONG,2026-02-17T02:00:00,1998.59,2026-02-17T03:00:00,1985.7,1,-0.64,Signal changed to -1.0
PRICE_VS_EMA_SAR_LONG_SHORT,50,None,75,SHORT,2026-02-17T03:00:00,1985.7,2026-02-17T13:00:00,1990.53,10,-0.24,Signal changed to 1.0
PRICE_VS_EMA_SAR_LONG_SHORT,50,None,76,LONG,2026-02-17T13:00:00,1990.53,2026-02-17T14:00:00,1948.49,1,-2.11,Signal changed to -1.0
PRICE_VS_EMA_SAR_LONG_SHORT,50,None,77,SHORT,2026-02-17T14:00:00,1948.49,2026-02-17T18:00:00,1998.69,4,-2.58,Signal changed to 1.0
PRICE_VS_EMA_SAR_LONG_SHORT,50,None,78,LONG,2026-02-17T18:00:00,1998.69,2026-02-18T00:00:00,1981.54,6,-0.86,Signal changed to -1.0
PRICE_VS_EMA_SAR_LONG_SHORT,50,None,79,SHORT,2026-02-18T00:00:00,1981.54,2026-02-18T03:00:00,1997.07,3,-0.78,Signal changed to 1.0
PRICE_VS_EMA_SAR_LONG_SHORT,50,None,80,LONG,2026-02-18T03:00:00,1997.07,2026-02-18T11:00:00,1981.43,8,-0.78,Signal changed to -1.0
PRICE_VS_EMA_SAR_LONG_SHORT,50,None,81,SHORT,2026-02-18T11:00:00,1981.43,2026-02-19T06:00:00,1982.92,19,-0.08,Signal changed to 1.0
PRICE_VS_EMA_SAR_LONG_SHORT,50,None,82,LONG,2026-02-19T06:00:00,1982.92,2026-02-19T08:00:00,1970.5,2,-0.63,Signal changed to -1.0
PRICE_VS_EMA_SAR_LONG_SHORT,50,None,83,SHORT,2026-02-19T08:00:00,1970.5,2026-02-20T07:00:00,1960.97,23,0.48,Signal changed to 1.0
PRICE_VS_EMA_SAR_LONG_SHORT,50,None,84,LONG,2026-02-20T07:00:00,1960.97,2026-02-20T10:00:00,1957.54,3,-0.17,Signal changed to -1.0
PRICE_VS_EMA_SAR_LONG_SHORT,50,None,85,SHORT,2026-02-20T10:00:00,1957.54,2026-02-20T15:00:00,1963.95,5,-0.33,Signal changed to 1.0
PRICE_VS_EMA_SAR_LONG_SHORT,50,None,86,LONG,2026-02-20T15:00:00,1963.95,2026-02-21T03:00:00,1959.03,12,-0.25,Signal changed to -1.0
PRICE_VS_EMA_SAR_LONG_SHORT,50,None,87,SHORT,2026-02-21T03:00:00,1959.03,2026-02-21T04:00:00,1962.4,1,-0.17,Signal changed to 1.0
PRICE_VS_EMA_SAR_LONG_SHORT,50,None,88,LONG,2026-02-21T04:00:00,1962.4,2026-02-22T12:00:00,1966.37,32,0.2,Signal changed to -1.0
PRICE_VS_EMA_SAR_LONG_SHORT,50,None,89,SHORT,2026-02-22T12:00:00,1966.37,2026-02-25T01:00:00,1918.34,61,2.44,Signal changed to 1.0
PRICE_VS_EMA_SAR_LONG_SHORT,50,None,90,LONG,2026-02-25T01:00:00,1918.34,2026-02-26T16:00:00,1983.8,39,3.41,Signal changed to -1.0
PRICE_VS_EMA_SAR_LONG_SHORT,50,None,91,SHORT,2026-02-26T16:00:00,1983.8,2026-02-26T18:00:00,2004.23,2,-1.03,Signal changed to 1.0
PRICE_VS_EMA_SAR_LONG_SHORT,50,None,92,LONG,2026-02-26T18:00:00,2004.23,2026-02-27T09:00:00,2010.01,15,0.29,Signal changed to -1.0
PRICE_VS_EMA_SAR_LONG_SHORT,50,None,93,SHORT,2026-02-27T09:00:00,2010.01,2026-02-28T18:00:00,1936.08,33,3.68,Signal changed to 1.0
PRICE_VS_EMA_SAR_LONG_SHORT,50,None,94,LONG,2026-02-28T18:00:00,1936.08,2026-03-01T17:00:00,1961.17,23,1.3,Signal changed to -1.0
PRICE_VS_EMA_SAR_LONG_SHORT,50,None,95,SHORT,2026-03-01T17:00:00,1961.17,2026-03-01T18:00:00,1975.82,1,-0.75,Signal changed to 1.0
PRICE_VS_EMA_SAR_LONG_SHORT,50,None,96,LONG,2026-03-01T18:00:00,1975.82,2026-03-01T19:00:00,1953.9,1,-1.11,Signal changed to -1.0
PRICE_VS_EMA_SAR_LONG_SHORT,50,None,97,SHORT,2026-03-01T19:00:00,1953.9,2026-03-02T01:00:00,1963.71,6,-0.5,Signal changed to 1.0
PRICE_VS_EMA_SAR_LONG_SHORT,50,None,98,LONG,2026-03-02T01:00:00,1963.71,2026-03-02T02:00:00,1955.63,1,-0.41,Signal changed to -1.0
PRICE_VS_EMA_SAR_LONG_SHORT,50,None,99,SHORT,2026-03-02T02:00:00,1955.63,2026-03-02T03:00:00,1972.3,1,-0.85,Signal changed to 1.0
PRICE_VS_EMA_SAR_LONG_SHORT,50,None,100,LONG,2026-03-02T03:00:00,1972.3,2026-03-02T06:00:00,1943.31,3,-1.47,Signal changed to -1.0
PRICE_VS_EMA_SAR_LONG_SHORT,50,None,101,SHORT,2026-03-02T06:00:00,1943.31,2026-03-02T14:00:00,1979.75,8,-1.88,Signal changed to 1.0
PRICE_VS_EMA_SAR_LONG_SHORT,50,None,102,LONG,2026-03-02T14:00:00,1979.75,2026-03-03T08:00:00,1953.1,18,-1.35,Signal changed to -1.0
PRICE_VS_EMA_SAR_LONG_SHORT,50,None,103,SHORT,2026-03-03T08:00:00,1953.1,2026-03-03T16:00:00,1983.98,8,-1.58,Signal changed to 1.0
PRICE_VS_EMA_SAR_LONG_SHORT,50,None,104,LONG,2026-03-03T16:00:00,1983.98,2026-03-03T17:00:00,1980.6,1,-0.17,Signal changed to -1.0
PRICE_VS_EMA_SAR_LONG_SHORT,50,None,105,SHORT,2026-03-03T17:00:00,1980.6,2026-03-03T18:00:00,1988.2,1,-0.38,Signal changed to 1.0
PRICE_VS_EMA_SAR_LONG_SHORT,50,None,106,LONG,2026-03-03T18:00:00,1988.2,2026-03-03T20:00:00,1978.34,2,-0.5,Signal changed to -1.0
PRICE_VS_EMA_SAR_LONG_SHORT,50,None,107,SHORT,2026-03-03T20:00:00,1978.34,2026-03-03T22:00:00,1983.31,2,-0.25,Signal changed to 1.0
PRICE_VS_EMA_SAR_LONG_SHORT,50,None,108,LONG,2026-03-03T22:00:00,1983.31,2026-03-04T00:00:00,1976.68,2,-0.33,Signal changed to -1.0
PRICE_VS_EMA_SAR_LONG_SHORT,50,None,109,SHORT,2026-03-04T00:00:00,1976.68,2026-03-04T01:00:00,1981.73,1,-0.26,Signal changed to 1.0
PRICE_VS_EMA_SAR_LONG_SHORT,50,None,110,LONG,2026-03-04T01:00:00,1981.73,2026-03-04T02:00:00,1979.24,1,-0.13,Signal changed to -1.0
PRICE_VS_EMA_SAR_LONG_SHORT,50,None,111,SHORT,2026-03-04T02:00:00,1979.24,2026-03-04T06:00:00,1980.33,4,-0.06,Signal changed to 1.0
PRICE_VS_EMA_SAR_LONG_SHORT,50,None,112,LONG,2026-03-04T06:00:00,1980.33,2026-03-05T16:00:00,2080.17,34,5.04,Signal changed to -1.0
PRICE_VS_EMA_SAR_LONG_SHORT,50,None,113,SHORT,2026-03-05T16:00:00,2080.17,2026-03-05T20:00:00,2092.43,4,-0.59,Signal changed to 1.0
PRICE_VS_EMA_SAR_LONG_SHORT,50,None,114,LONG,2026-03-05T20:00:00,2092.43,2026-03-05T21:00:00,2080.6,1,-0.57,Signal changed to -1.0
PRICE_VS_EMA_SAR_LONG_SHORT,50,None,115,SHORT,2026-03-05T21:00:00,2080.6,2026-03-06T01:00:00,2087.65,4,-0.34,Signal changed to 1.0
PRICE_VS_EMA_SAR_LONG_SHORT,50,None,116,LONG,2026-03-06T01:00:00,2087.65,2026-03-06T04:00:00,2070.86,3,-0.8,Signal changed to -1.0
PRICE_VS_EMA_SAR_LONG_SHORT,50,None,117,SHORT,2026-03-06T04:00:00,2070.86,2026-03-06T07:00:00,2082.83,3,-0.58,Signal changed to 1.0
PRICE_VS_EMA_SAR_LONG_SHORT,50,None,118,LONG,2026-03-06T07:00:00,2082.83,2026-03-06T08:00:00,2075.96,1,-0.33,Signal changed to -1.0
PRICE_VS_EMA_SAR_LONG_SHORT,50,None,119,SHORT,2026-03-06T08:00:00,2075.96,2026-03-09T03:00:00,1977.48,67,4.74,Signal changed to 1.0
PRICE_VS_EMA_SAR_LONG_SHORT,50,None,120,LONG,2026-03-09T03:00:00,1977.48,2026-03-11T02:00:00,2026.71,47,2.49,Signal changed to -1.0
PRICE_VS_EMA_SAR_LONG_SHORT,50,None,121,SHORT,2026-03-11T02:00:00,2026.71,2026-03-11T04:00:00,2039.08,2,-0.61,Signal changed to 1.0
PRICE_VS_EMA_SAR_LONG_SHORT,50,None,122,LONG,2026-03-11T04:00:00,2039.08,2026-03-11T05:00:00,2014.63,1,-1.2,Signal changed to -1.0
PRICE_VS_EMA_SAR_LONG_SHORT,50,None,123,SHORT,2026-03-11T05:00:00,2014.63,2026-03-11T10:00:00,2028.68,5,-0.7,Signal changed to 1.0
PRICE_VS_EMA_SAR_LONG_SHORT,50,None,124,LONG,2026-03-11T10:00:00,2028.68,2026-03-11T11:00:00,2017.8,1,-0.54,Signal changed to -1.0
PRICE_VS_EMA_SAR_LONG_SHORT,50,None,125,SHORT,2026-03-11T11:00:00,2017.8,2026-03-11T13:00:00,2050.72,2,-1.63,Signal changed to 1.0
PRICE_VS_EMA_SAR_LONG_SHORT,50,None,126,LONG,2026-03-11T13:00:00,2050.72,2026-03-12T02:00:00,2024.67,13,-1.27,Signal changed to -1.0
PRICE_VS_EMA_SAR_LONG_SHORT,50,None,127,SHORT,2026-03-12T02:00:00,2024.67,2026-03-12T07:00:00,2040.7,5,-0.79,Signal changed to 1.0
PRICE_VS_EMA_SAR_LONG_SHORT,50,None,128,LONG,2026-03-12T07:00:00,2040.7,2026-03-13T22:00:00,2088.97,39,2.37,Signal changed to -1.0
PRICE_VS_EMA_SAR_LONG_SHORT,50,None,129,SHORT,2026-03-13T22:00:00,2088.97,2026-03-13T23:00:00,2092.22,1,-0.16,Signal changed to 1.0
PRICE_VS_EMA_SAR_LONG_SHORT,50,None,130,LONG,2026-03-13T23:00:00,2092.22,2026-03-14T00:00:00,2085.32,1,-0.33,Signal changed to -1.0
PRICE_VS_EMA_SAR_LONG_SHORT,50,None,131,SHORT,2026-03-14T00:00:00,2085.32,2026-03-14T01:00:00,2092.55,1,-0.35,Signal changed to 1.0
PRICE_VS_EMA_SAR_LONG_SHORT,50,None,132,LONG,2026-03-14T01:00:00,2092.55,2026-03-14T04:00:00,2090.42,3,-0.1,Signal changed to -1.0
PRICE_VS_EMA_SAR_LONG_SHORT,50,None,133,SHORT,2026-03-14T04:00:00,2090.42,2026-03-14T05:00:00,2092.46,1,-0.1,Signal changed to 1.0
PRICE_VS_EMA_SAR_LONG_SHORT,50,None,134,LONG,2026-03-14T05:00:00,2092.46,2026-03-14T06:00:00,2078.02,1,-0.69,Signal changed to -1.0
PRICE_VS_EMA_SAR_LONG_SHORT,50,None,135,SHORT,2026-03-14T06:00:00,2078.02,2026-03-14T20:00:00,2086.01,14,-0.38,Signal changed to 1.0
PRICE_VS_EMA_SAR_LONG_SHORT,50,None,136,LONG,2026-03-14T20:00:00,2086.01,2026-03-15T15:00:00,2093.79,19,0.37,Signal changed to -1.0
PRICE_VS_EMA_SAR_LONG_SHORT,50,None,137,SHORT,2026-03-15T15:00:00,2093.79,2026-03-15T17:00:00,2110.77,2,-0.81,Signal changed to 1.0
PRICE_VS_EMA_SAR_LONG_SHORT,50,None,138,LONG,2026-03-15T17:00:00,2110.77,2026-03-18T11:00:00,2269.34,66,7.51,Signal changed to -1.0
PRICE_VS_EMA_SAR_LONG_SHORT,50,None,139,SHORT,2026-03-18T11:00:00,2269.34,2026-03-23T11:00:00,2134.78,120,5.93,Signal changed to 1.0
PRICE_VS_EMA_SAR_LONG_SHORT,50,None,140,LONG,2026-03-23T11:00:00,2134.78,2026-03-24T16:00:00,2127.2,29,-0.36,Signal changed to -1.0
PRICE_VS_EMA_SAR_LONG_SHORT,50,None,141,SHORT,2026-03-24T16:00:00,2127.2,2026-03-24T20:00:00,2148.48,4,-1.0,Signal changed to 1.0
PRICE_VS_EMA_SAR_LONG_SHORT,50,None,142,LONG,2026-03-24T20:00:00,2148.48,2026-03-26T02:00:00,2149.97,30,0.07,Signal changed to -1.0
PRICE_VS_EMA_SAR_LONG_SHORT,50,None,143,SHORT,2026-03-26T02:00:00,2149.97,2026-03-30T01:00:00,2010.43,95,6.49,Signal changed to 1.0
PRICE_VS_EMA_SAR_LONG_SHORT,50,None,144,LONG,2026-03-30T01:00:00,2010.43,2026-03-30T19:00:00,2023.7,18,0.66,Signal changed to -1.0
PRICE_VS_EMA_SAR_LONG_SHORT,50,None,145,SHORT,2026-03-30T19:00:00,2023.7,2026-03-30T21:00:00,2036.0,2,-0.61,Signal changed to 1.0
PRICE_VS_EMA_SAR_LONG_SHORT,50,None,146,LONG,2026-03-30T21:00:00,2036.0,2026-03-30T23:00:00,2026.48,2,-0.47,Signal changed to -1.0
PRICE_VS_EMA_SAR_LONG_SHORT,50,None,147,SHORT,2026-03-30T23:00:00,2026.48,2026-03-31T00:00:00,2036.65,1,-0.5,Signal changed to 1.0
PRICE_VS_EMA_SAR_LONG_SHORT,50,None,148,LONG,2026-03-31T00:00:00,2036.65,2026-03-31T09:00:00,2018.37,9,-0.9,Signal changed to -1.0
PRICE_VS_EMA_SAR_LONG_SHORT,50,None,149,SHORT,2026-03-31T09:00:00,2018.37,2026-03-31T11:00:00,2041.2,2,-1.13,Signal changed to 1.0
PRICE_VS_EMA_SAR_LONG_SHORT,50,None,150,LONG,2026-03-31T11:00:00,2041.2,2026-04-02T01:00:00,2100.03,38,2.88,Signal changed to -1.0
PRICE_VS_EMA_SAR_LONG_SHORT,50,None,151,SHORT,2026-04-02T01:00:00,2100.03,2026-04-04T19:00:00,2064.71,66,1.68,Signal changed to 1.0
PRICE_VS_EMA_SAR_LONG_SHORT,50,None,152,LONG,2026-04-04T19:00:00,2064.71,2026-04-05T01:00:00,2057.37,6,-0.36,Signal changed to -1.0
PRICE_VS_EMA_SAR_LONG_SHORT,50,None,153,SHORT,2026-04-05T01:00:00,2057.37,2026-04-05T02:00:00,2059.86,1,-0.12,Signal changed to 1.0
PRICE_VS_EMA_SAR_LONG_SHORT,50,None,154,LONG,2026-04-05T02:00:00,2059.86,2026-04-05T03:00:00,2056.64,1,-0.16,Signal changed to -1.0
PRICE_VS_EMA_SAR_LONG_SHORT,50,None,155,SHORT,2026-04-05T03:00:00,2056.64,2026-04-05T15:00:00,2053.85,12,0.14,Signal changed to 1.0
PRICE_VS_EMA_SAR_LONG_SHORT,50,None,156,LONG,2026-04-05T15:00:00,2053.85,2026-04-05T16:00:00,2052.15,1,-0.08,Signal changed to -1.0
PRICE_VS_EMA_SAR_LONG_SHORT,50,None,157,SHORT,2026-04-05T16:00:00,2052.15,2026-04-05T17:00:00,2062.53,1,-0.51,Signal changed to 1.0
PRICE_VS_EMA_SAR_LONG_SHORT,50,None,158,LONG,2026-04-05T17:00:00,2062.53,2026-04-06T22:00:00,2105.41,29,2.08,Signal changed to -1.0
PRICE_VS_EMA_SAR_LONG_SHORT,50,None,159,SHORT,2026-04-06T22:00:00,2105.41,2026-04-06T23:00:00,2107.16,1,-0.08,Signal changed to 1.0
PRICE_VS_EMA_SAR_LONG_SHORT,50,None,160,LONG,2026-04-06T23:00:00,2107.16,2026-04-07T01:00:00,2099.51,2,-0.36,Signal changed to -1.0
PRICE_VS_EMA_SAR_LONG_SHORT,50,None,161,SHORT,2026-04-07T01:00:00,2099.51,2026-04-07T03:00:00,2108.37,2,-0.42,Signal changed to 1.0
PRICE_VS_EMA_SAR_LONG_SHORT,50,None,162,LONG,2026-04-07T03:00:00,2108.37,2026-04-07T05:00:00,2105.52,2,-0.14,Signal changed to -1.0
PRICE_VS_EMA_SAR_LONG_SHORT,50,None,163,SHORT,2026-04-07T05:00:00,2105.52,2026-04-07T08:00:00,2114.84,3,-0.44,Signal changed to 1.0
PRICE_VS_EMA_SAR_LONG_SHORT,50,None,164,LONG,2026-04-07T08:00:00,2114.84,2026-04-07T10:00:00,2089.32,2,-1.21,Signal changed to -1.0
PRICE_VS_EMA_SAR_LONG_SHORT,50,None,165,SHORT,2026-04-07T10:00:00,2089.32,2026-04-07T19:00:00,2113.39,9,-1.15,Signal changed to 1.0
PRICE_VS_EMA_SAR_LONG_SHORT,50,None,166,LONG,2026-04-07T19:00:00,2113.39,2026-04-09T01:00:00,2178.69,30,3.09,Signal changed to -1.0
PRICE_VS_EMA_SAR_LONG_SHORT,50,None,167,SHORT,2026-04-09T01:00:00,2178.69,2026-04-09T03:00:00,2182.49,2,-0.17,Signal changed to 1.0
PRICE_VS_EMA_SAR_LONG_SHORT,50,None,168,LONG,2026-04-09T03:00:00,2182.49,2026-04-09T04:00:00,2177.64,1,-0.22,Signal changed to -1.0
PRICE_VS_EMA_SAR_LONG_SHORT,50,None,169,SHORT,2026-04-09T04:00:00,2177.64,2026-04-09T05:00:00,2182.17,1,-0.21,Signal changed to 1.0
PRICE_VS_EMA_SAR_LONG_SHORT,50,None,170,LONG,2026-04-09T05:00:00,2182.17,2026-04-09T06:00:00,2181.51,1,-0.03,Signal changed to -1.0
PRICE_VS_EMA_SAR_LONG_SHORT,50,None,171,SHORT,2026-04-09T06:00:00,2181.51,2026-04-09T08:00:00,2186.37,2,-0.22,Signal changed to 1.0
PRICE_VS_EMA_SAR_LONG_SHORT,50,None,172,LONG,2026-04-09T08:00:00,2186.37,2026-04-09T11:00:00,2180.26,3,-0.28,Signal changed to -1.0
PRICE_VS_EMA_SAR_LONG_SHORT,50,None,173,SHORT,2026-04-09T11:00:00,2180.26,2026-04-09T12:00:00,2183.34,1,-0.14,Signal changed to 1.0
PRICE_VS_EMA_SAR_LONG_SHORT,50,None,174,LONG,2026-04-09T12:00:00,2183.34,2026-04-09T13:00:00,2165.22,1,-0.83,Signal changed to -1.0
PRICE_VS_EMA_SAR_LONG_SHORT,50,None,175,SHORT,2026-04-09T13:00:00,2165.22,2026-04-09T15:00:00,2217.99,2,-2.44,Signal changed to 1.0
PRICE_VS_EMA_SAR_LONG_SHORT,50,None,176,LONG,2026-04-09T15:00:00,2217.99,2026-04-10T02:00:00,2189.12,11,-1.3,Signal changed to -1.0
PRICE_VS_EMA_SAR_LONG_SHORT,50,None,177,SHORT,2026-04-10T02:00:00,2189.12,2026-04-10T04:00:00,2195.71,2,-0.3,Signal changed to 1.0
PRICE_VS_EMA_SAR_LONG_SHORT,50,None,178,LONG,2026-04-10T04:00:00,2195.71,2026-04-10T06:00:00,2186.2,2,-0.43,Signal changed to -1.0
PRICE_VS_EMA_SAR_LONG_SHORT,50,None,179,SHORT,2026-04-10T06:00:00,2186.2,2026-04-10T09:00:00,2196.03,3,-0.45,Signal changed to 1.0
PRICE_VS_EMA_SAR_LONG_SHORT,50,None,180,LONG,2026-04-10T09:00:00,2196.03,2026-04-12T01:00:00,2219.05,40,1.05,Signal changed to -1.0
PRICE_VS_EMA_SAR_LONG_SHORT,50,None,181,SHORT,2026-04-12T01:00:00,2219.05,2026-04-13T13:00:00,2215.47,36,0.16,Signal changed to 1.0
PRICE_VS_EMA_SAR_LONG_SHORT,50,None,182,LONG,2026-04-13T13:00:00,2215.47,2026-04-13T15:00:00,2209.28,2,-0.28,Signal changed to -1.0
PRICE_VS_EMA_SAR_LONG_SHORT,50,None,183,SHORT,2026-04-13T15:00:00,2209.28,2026-04-13T16:00:00,2225.86,1,-0.75,Signal changed to 1.0
PRICE_VS_EMA_SAR_LONG_SHORT,50,None,184,LONG,2026-04-13T16:00:00,2225.86,2026-04-16T10:00:00,2332.42,66,4.79,Signal changed to -1.0
PRICE_VS_EMA_SAR_LONG_SHORT,50,None,185,SHORT,2026-04-16T10:00:00,2332.42,2026-04-16T11:00:00,2335.67,1,-0.14,Signal changed to 1.0
PRICE_VS_EMA_SAR_LONG_SHORT,50,None,186,LONG,2026-04-16T11:00:00,2335.67,2026-04-16T13:00:00,2308.29,2,-1.17,Signal changed to -1.0
PRICE_VS_EMA_SAR_LONG_SHORT,50,None,187,SHORT,2026-04-16T13:00:00,2308.29,2026-04-16T15:00:00,2339.01,2,-1.33,Signal changed to 1.0
PRICE_VS_EMA_SAR_LONG_SHORT,50,None,188,LONG,2026-04-16T15:00:00,2339.01,2026-04-16T16:00:00,2316.76,1,-0.95,Signal changed to -1.0
PRICE_VS_EMA_SAR_LONG_SHORT,50,None,189,SHORT,2026-04-16T16:00:00,2316.76,2026-04-16T18:00:00,2343.1,2,-1.14,Signal changed to 1.0
PRICE_VS_EMA_SAR_LONG_SHORT,50,None,190,LONG,2026-04-16T18:00:00,2343.1,2026-04-17T01:00:00,2335.38,7,-0.33,Signal changed to -1.0
PRICE_VS_EMA_SAR_LONG_SHORT,50,None,191,SHORT,2026-04-17T01:00:00,2335.38,2026-04-17T08:00:00,2354.87,7,-0.83,Signal changed to 1.0
PRICE_VS_EMA_SAR_LONG_SHORT,50,None,192,LONG,2026-04-17T08:00:00,2354.87,2026-04-18T08:00:00,2380.57,24,1.09,Signal changed to -1.0
PRICE_VS_EMA_SAR_LONG_SHORT,50,None,193,SHORT,2026-04-18T08:00:00,2380.57,2026-04-20T12:00:00,2318.88,52,2.59,Signal changed to 1.0
PRICE_VS_EMA_SAR_LONG_SHORT,50,None,194,LONG,2026-04-20T12:00:00,2318.88,2026-04-20T13:00:00,2310.82,1,-0.35,Signal changed to -1.0
PRICE_VS_EMA_SAR_LONG_SHORT,50,None,195,SHORT,2026-04-20T13:00:00,2310.82,2026-04-20T17:00:00,2317.06,4,-0.27,Signal changed to 1.0
PRICE_VS_EMA_SAR_LONG_SHORT,50,None,196,LONG,2026-04-20T17:00:00,2317.06,2026-04-20T23:00:00,2313.85,6,-0.14,Signal changed to -1.0
PRICE_VS_EMA_SAR_LONG_SHORT,50,None,197,SHORT,2026-04-20T23:00:00,2313.85,2026-04-21T00:00:00,2321.94,1,-0.35,Signal changed to 1.0
PRICE_VS_EMA_SAR_LONG_SHORT,50,None,198,LONG,2026-04-21T00:00:00,2321.94,2026-04-21T01:00:00,2315.16,1,-0.29,Signal changed to -1.0
PRICE_VS_EMA_SAR_LONG_SHORT,50,None,199,SHORT,2026-04-21T01:00:00,2315.16,2026-04-21T06:00:00,2317.36,5,-0.1,Signal changed to 1.0
PRICE_VS_EMA_SAR_LONG_SHORT,50,None,200,LONG,2026-04-21T06:00:00,2317.36,2026-04-21T12:00:00,2308.54,6,-0.38,Signal changed to -1.0
PRICE_VS_EMA_SAR_LONG_SHORT,50,None,201,SHORT,2026-04-21T12:00:00,2308.54,2026-04-21T23:00:00,2327.14,11,-0.81,Signal changed to 1.0
PRICE_VS_EMA_SAR_LONG_SHORT,50,None,202,LONG,2026-04-21T23:00:00,2327.14,2026-04-23T02:00:00,2351.96,27,1.07,Signal changed to -1.0
PRICE_VS_EMA_SAR_LONG_SHORT,50,None,203,SHORT,2026-04-23T02:00:00,2351.96,2026-04-26T05:00:00,2327.84,75,1.03,Signal changed to 1.0
PRICE_VS_EMA_SAR_LONG_SHORT,50,None,204,LONG,2026-04-26T05:00:00,2327.84,2026-04-27T05:00:00,2323.18,24,-0.2,Signal changed to -1.0
PRICE_VS_EMA_SAR_LONG_SHORT,50,None,205,SHORT,2026-04-27T05:00:00,2323.18,2026-04-29T03:00:00,2311.52,46,0.5,Signal changed to 1.0
PRICE_VS_EMA_SAR_LONG_SHORT,50,None,206,LONG,2026-04-29T03:00:00,2311.52,2026-04-29T13:00:00,2303.03,10,-0.37,Signal changed to -1.0
PRICE_VS_EMA_SAR_LONG_SHORT,50,None,207,SHORT,2026-04-29T13:00:00,2303.03,2026-05-01T03:00:00,2282.87,38,0.88,Signal changed to 1.0
PRICE_VS_EMA_SAR_LONG_SHORT,50,None,208,LONG,2026-05-01T03:00:00,2282.87,2026-05-05T23:00:00,2360.77,116,3.41,Signal changed to -1.0
PRICE_VS_EMA_SAR_LONG_SHORT,50,None,209,SHORT,2026-05-05T23:00:00,2360.77,2026-05-06T00:00:00,2364.63,1,-0.16,Signal changed to 1.0
PRICE_VS_EMA_SAR_LONG_SHORT,50,None,210,LONG,2026-05-06T00:00:00,2364.63,2026-05-06T13:00:00,2368.51,13,0.16,Signal changed to -1.0
PRICE_VS_EMA_SAR_LONG_SHORT,50,None,211,SHORT,2026-05-06T13:00:00,2368.51,2026-05-08T18:00:00,2313.49,53,2.32,Signal changed to 1.0
PRICE_VS_EMA_SAR_LONG_SHORT,50,None,212,LONG,2026-05-08T18:00:00,2313.49,2026-05-08T20:00:00,2306.65,2,-0.3,Signal changed to -1.0
PRICE_VS_EMA_SAR_LONG_SHORT,50,None,213,SHORT,2026-05-08T20:00:00,2306.65,2026-05-08T21:00:00,2314.63,1,-0.35,Signal changed to 1.0
PRICE_VS_EMA_SAR_LONG_SHORT,50,None,214,LONG,2026-05-08T21:00:00,2314.63,2026-05-08T23:00:00,2307.06,2,-0.33,Signal changed to -1.0
PRICE_VS_EMA_SAR_LONG_SHORT,50,None,215,SHORT,2026-05-08T23:00:00,2307.06,2026-05-09T01:00:00,2314.22,2,-0.31,Signal changed to 1.0
PRICE_VS_EMA_SAR_LONG_SHORT,50,None,216,LONG,2026-05-09T01:00:00,2314.22,2026-05-09T14:00:00,2308.27,13,-0.26,Signal changed to -1.0
PRICE_VS_EMA_SAR_LONG_SHORT,50,None,217,SHORT,2026-05-09T14:00:00,2308.27,2026-05-09T15:00:00,2317.63,1,-0.41,Signal changed to 1.0
PRICE_VS_EMA_SAR_LONG_SHORT,50,None,218,LONG,2026-05-09T15:00:00,2317.63,2026-05-11T03:00:00,2330.56,36,0.56,Signal changed to -1.0
PRICE_VS_EMA_SAR_LONG_SHORT,50,None,219,SHORT,2026-05-11T03:00:00,2330.56,2026-05-11T05:00:00,2335.3,2,-0.2,Signal changed to 1.0
PRICE_VS_EMA_SAR_LONG_SHORT,50,None,220,LONG,2026-05-11T05:00:00,2335.3,2026-05-11T06:00:00,2333.48,1,-0.08,Signal changed to -1.0
PRICE_VS_EMA_SAR_LONG_SHORT,50,None,221,SHORT,2026-05-11T06:00:00,2333.48,2026-05-11T09:00:00,2336.08,3,-0.11,Signal changed to 1.0
PRICE_VS_EMA_SAR_LONG_SHORT,50,None,222,LONG,2026-05-11T09:00:00,2336.08,2026-05-11T10:00:00,2329.94,1,-0.26,Signal changed to -1.0
PRICE_VS_EMA_SAR_LONG_SHORT,50,None,223,SHORT,2026-05-11T10:00:00,2329.94,2026-05-11T11:00:00,2335.8,1,-0.25,Signal changed to 1.0
PRICE_VS_EMA_SAR_LONG_SHORT,50,None,224,LONG,2026-05-11T11:00:00,2335.8,2026-05-11T12:00:00,2329.5,1,-0.27,Signal changed to -1.0
PRICE_VS_EMA_SAR_LONG_SHORT,50,None,225,SHORT,2026-05-11T12:00:00,2329.5,2026-05-11T15:00:00,2333.48,3,-0.17,Signal changed to 1.0
PRICE_VS_EMA_SAR_LONG_SHORT,50,None,226,LONG,2026-05-11T15:00:00,2333.48,2026-05-11T16:00:00,2329.78,1,-0.16,Signal changed to -1.0
PRICE_VS_EMA_SAR_LONG_SHORT,50,None,227,SHORT,2026-05-11T16:00:00,2329.78,2026-05-11T17:00:00,2336.71,1,-0.3,Signal changed to 1.0
PRICE_VS_EMA_SAR_LONG_SHORT,50,None,228,LONG,2026-05-11T17:00:00,2336.71,2026-05-12T00:00:00,2333.54,7,-0.14,Signal changed to -1.0
PRICE_VS_EMA_SAR_LONG_SHORT,50,None,229,SHORT,2026-05-12T00:00:00,2333.54,2026-05-13T04:00:00,2306.67,28,1.15,Signal changed to 1.0
PRICE_VS_EMA_SAR_LONG_SHORT,50,None,230,LONG,2026-05-13T04:00:00,2306.67,2026-05-13T05:00:00,2297.76,1,-0.39,Signal changed to -1.0
PRICE_VS_EMA_SAR_LONG_SHORT,50,None,231,SHORT,2026-05-13T05:00:00,2297.76,2026-05-13T08:00:00,2316.64,3,-0.82,Signal changed to 1.0
PRICE_VS_EMA_SAR_LONG_SHORT,50,None,232,LONG,2026-05-13T08:00:00,2316.64,2026-05-13T11:00:00,2301.82,3,-0.64,Signal changed to -1.0
PRICE_VS_EMA_SAR_LONG_SHORT,50,None,233,SHORT,2026-05-13T11:00:00,2301.82,2026-05-14T14:00:00,2286.99,27,0.64,Signal changed to 1.0
PRICE_VS_EMA_SAR_LONG_SHORT,50,None,234,LONG,2026-05-14T14:00:00,2286.99,2026-05-15T01:00:00,2275.45,11,-0.5,Signal changed to -1.0
PRICE_VS_EMA_SAR_LONG_SHORT,50,None,235,SHORT,2026-05-15T01:00:00,2275.45,2026-05-20T06:00:00,2133.75,125,6.23,Signal changed to 1.0
PRICE_VS_EMA_SAR_LONG_SHORT,50,None,236,LONG,2026-05-20T06:00:00,2133.75,2026-05-20T13:00:00,2120.61,7,-0.62,Signal changed to -1.0
PRICE_VS_EMA_SAR_LONG_SHORT,50,None,237,SHORT,2026-05-20T13:00:00,2120.61,2026-05-20T14:00:00,2135.25,1,-0.69,Signal changed to 1.0
PRICE_VS_EMA_SAR_LONG_SHORT,50,None,238,LONG,2026-05-20T14:00:00,2135.25,2026-05-20T22:00:00,2128.32,8,-0.32,Signal changed to -1.0
PRICE_VS_EMA_SAR_LONG_SHORT,50,None,239,SHORT,2026-05-20T22:00:00,2128.32,2026-05-21T00:00:00,2142.92,2,-0.69,Signal changed to 1.0
PRICE_VS_EMA_SAR_LONG_SHORT,50,None,240,LONG,2026-05-21T00:00:00,2142.92,2026-05-21T06:00:00,2128.57,6,-0.67,Signal changed to -1.0
PRICE_VS_EMA_SAR_LONG_SHORT,50,None,241,SHORT,2026-05-21T06:00:00,2128.57,2026-05-21T07:00:00,2135.06,1,-0.3,Signal changed to 1.0
PRICE_VS_EMA_SAR_LONG_SHORT,50,None,242,LONG,2026-05-21T07:00:00,2135.06,2026-05-21T09:00:00,2127.98,2,-0.33,Signal changed to -1.0
PRICE_VS_EMA_SAR_LONG_SHORT,50,None,243,SHORT,2026-05-21T09:00:00,2127.98,2026-05-21T15:00:00,2132.65,6,-0.22,Signal changed to 1.0
PRICE_VS_EMA_SAR_LONG_SHORT,50,None,244,LONG,2026-05-21T15:00:00,2132.65,2026-05-21T16:00:00,2127.79,1,-0.23,Signal changed to -1.0
PRICE_VS_EMA_SAR_LONG_SHORT,50,None,245,SHORT,2026-05-21T16:00:00,2127.79,2026-05-21T17:00:00,2146.6,1,-0.88,Signal changed to 1.0
PRICE_VS_EMA_SAR_LONG_SHORT,50,None,246,LONG,2026-05-21T17:00:00,2146.6,2026-05-21T18:00:00,2126.87,1,-0.92,Signal changed to -1.0
PRICE_VS_EMA_SAR_LONG_SHORT,50,None,247,SHORT,2026-05-21T18:00:00,2126.87,2026-05-21T19:00:00,2142.83,1,-0.75,Signal changed to 1.0
PRICE_VS_EMA_SAR_LONG_SHORT,50,None,248,LONG,2026-05-21T19:00:00,2142.83,2026-05-22T00:00:00,2129.33,5,-0.63,Signal changed to -1.0
PRICE_VS_EMA_SAR_LONG_SHORT,50,None,249,SHORT,2026-05-22T00:00:00,2129.33,2026-05-22T01:00:00,2135.88,1,-0.31,Signal changed to 1.0
PRICE_VS_EMA_SAR_LONG_SHORT,50,None,250,LONG,2026-05-22T01:00:00,2135.88,2026-05-22T05:00:00,2129.21,4,-0.31,Signal changed to -1.0
PRICE_VS_EMA_SAR_LONG_SHORT,50,None,251,SHORT,2026-05-22T05:00:00,2129.21,2026-05-22T11:00:00,2130.78,6,-0.07,Signal changed to 1.0
PRICE_VS_EMA_SAR_LONG_SHORT,50,None,252,LONG,2026-05-22T11:00:00,2130.78,2026-05-22T13:00:00,2130.23,2,-0.03,Signal changed to -1.0
PRICE_VS_EMA_SAR_LONG_SHORT,50,None,253,SHORT,2026-05-22T13:00:00,2130.23,2026-05-23T20:00:00,2146.3,31,-0.75,Signal changed to 1.0
PRICE_VS_EMA_SAR_LONG_SHORT,50,None,254,LONG,2026-05-23T20:00:00,2146.3,2026-05-24T14:00:00,2097.98,18,-2.25,Signal changed to -1.0
PRICE_VS_EMA_SAR_LONG_SHORT,50,None,255,SHORT,2026-05-24T14:00:00,2097.98,2026-05-24T16:00:00,2103.62,2,-0.27,Signal changed to 1.0
PRICE_VS_EMA_SAR_LONG_SHORT,50,None,256,LONG,2026-05-24T16:00:00,2103.62,2026-05-24T18:00:00,2099.97,2,-0.17,Signal changed to -1.0
PRICE_VS_EMA_SAR_LONG_SHORT,50,None,257,SHORT,2026-05-24T18:00:00,2099.97,2026-05-25T00:00:00,2104.95,6,-0.24,Signal changed to 1.0
PRICE_VS_EMA_SAR_LONG_SHORT,50,None,258,LONG,2026-05-25T00:00:00,2104.95,2026-05-25T01:00:00,2094.13,1,-0.51,Signal changed to -1.0
PRICE_VS_EMA_SAR_LONG_SHORT,50,None,259,SHORT,2026-05-25T01:00:00,2094.13,2026-05-25T04:00:00,2105.83,3,-0.56,Signal changed to 1.0
PRICE_VS_EMA_SAR_LONG_SHORT,50,None,260,LONG,2026-05-25T04:00:00,2105.83,2026-05-25T20:00:00,2108.64,16,0.13,Signal changed to -1.0
PRICE_VS_EMA_SAR_LONG_SHORT,50,None,261,SHORT,2026-05-25T20:00:00,2108.64,2026-05-25T21:00:00,2110.9,1,-0.11,Signal changed to 1.0
PRICE_VS_EMA_SAR_LONG_SHORT,50,None,262,LONG,2026-05-25T21:00:00,2110.9,2026-05-25T22:00:00,2103.61,1,-0.35,Signal changed to -1.0
PRICE_VS_EMA_SAR_LONG_SHORT,50,None,263,SHORT,2026-05-25T22:00:00,2103.61,2026-05-25T23:00:00,2113.01,1,-0.45,Signal changed to 1.0
PRICE_VS_EMA_SAR_LONG_SHORT,50,None,264,LONG,2026-05-25T23:00:00,2113.01,2026-05-26T00:00:00,2097.75,1,-0.72,Signal changed to -1.0
PRICE_VS_EMA_SAR_LONG_SHORT,50,None,265,SHORT,2026-05-26T00:00:00,2097.75,2026-05-26T10:00:00,2127.56,10,-1.42,Signal changed to 1.0
PRICE_VS_EMA_SAR_LONG_SHORT,50,None,266,LONG,2026-05-26T10:00:00,2127.56,2026-05-26T15:00:00,2087.36,5,-1.89,Signal changed to -1.0
PRICE_VS_EMA_SAR_LONG_SHORT,50,None,267,SHORT,2026-05-26T15:00:00,2087.36,2026-05-29T15:00:00,2031.62,72,2.67,Signal changed to 1.0
PRICE_VS_EMA_SAR_LONG_SHORT,50,None,268,LONG,2026-05-29T15:00:00,2031.62,2026-05-29T18:00:00,2011.41,3,-0.99,Signal changed to -1.0
PRICE_VS_EMA_SAR_LONG_SHORT,50,None,269,SHORT,2026-05-29T18:00:00,2011.41,2026-05-30T02:00:00,2021.34,8,-0.49,Signal changed to 1.0
PRICE_VS_EMA_SAR_LONG_SHORT,50,None,270,LONG,2026-05-30T02:00:00,2021.34,2026-05-30T03:00:00,2016.83,1,-0.22,Signal changed to -1.0
PRICE_VS_EMA_SAR_LONG_SHORT,50,None,271,SHORT,2026-05-30T03:00:00,2016.83,2026-05-30T12:00:00,2019.86,9,-0.15,Signal changed to 1.0
PRICE_VS_EMA_SAR_LONG_SHORT,50,None,272,LONG,2026-05-30T12:00:00,2019.86,2026-05-31T09:00:00,2021.13,21,0.06,Signal changed to -1.0
PRICE_VS_EMA_SAR_LONG_SHORT,50,None,273,SHORT,2026-05-31T09:00:00,2021.13,2026-06-01T19:00:00,2004.53,34,0.82,Signal changed to 1.0
PRICE_VS_EMA_SAR_LONG_SHORT,50,None,274,LONG,2026-06-01T19:00:00,2004.53,2026-06-01T21:00:00,1994.57,2,-0.5,Signal changed to -1.0
PRICE_VS_EMA_SAR_LONG_SHORT,50,None,275,SHORT,2026-06-01T21:00:00,1994.57,2026-06-01T22:00:00,2004.43,1,-0.49,Signal changed to 1.0
PRICE_VS_EMA_SAR_LONG_SHORT,50,None,276,LONG,2026-06-01T22:00:00,2004.43,2026-06-02T00:00:00,1996.44,2,-0.4,Signal changed to -1.0
PRICE_VS_EMA_SAR_LONG_SHORT,50,None,277,SHORT,2026-06-02T00:00:00,1996.44,2026-06-02T03:00:00,2003.94,3,-0.38,Signal changed to 1.0
PRICE_VS_EMA_SAR_LONG_SHORT,50,None,278,LONG,2026-06-02T03:00:00,2003.94,2026-06-02T04:00:00,1996.85,1,-0.35,Signal changed to -1.0
PRICE_VS_EMA_SAR_LONG_SHORT,50,None,279,SHORT,2026-06-02T04:00:00,1996.85,2026-06-07T06:00:00,1612.01,122,19.27,Signal changed to 1.0
PRICE_VS_EMA_SAR_LONG_SHORT,50,None,280,LONG,2026-06-07T06:00:00,1612.01,2026-06-07T19:00:00,1613.11,13,0.07,Signal changed to -1.0
PRICE_VS_EMA_SAR_LONG_SHORT,50,None,281,SHORT,2026-06-07T19:00:00,1613.11,2026-06-07T20:00:00,1628.14,1,-0.93,Signal changed to 1.0
PRICE_VS_EMA_SAR_LONG_SHORT,50,None,282,LONG,2026-06-07T20:00:00,1628.14,2026-06-09T13:00:00,1666.71,41,2.37,Signal changed to -1.0
PRICE_VS_EMA_SAR_LONG_SHORT,50,None,283,SHORT,2026-06-09T13:00:00,1666.71,2026-06-10T13:00:00,1651.81,24,0.89,Signal changed to 1.0
PRICE_VS_EMA_SAR_LONG_SHORT,50,None,284,LONG,2026-06-10T13:00:00,1651.81,2026-06-10T14:00:00,1646.72,1,-0.31,Signal changed to -1.0
PRICE_VS_EMA_SAR_LONG_SHORT,50,None,285,SHORT,2026-06-10T14:00:00,1646.72,2026-06-10T15:00:00,1657.97,1,-0.68,Signal changed to 1.0
PRICE_VS_EMA_SAR_LONG_SHORT,50,None,286,LONG,2026-06-10T15:00:00,1657.97,2026-06-10T16:00:00,1641.99,1,-0.96,Signal changed to -1.0
PRICE_VS_EMA_SAR_LONG_SHORT,50,None,287,SHORT,2026-06-10T16:00:00,1641.99,2026-06-11T01:00:00,1642.83,9,-0.05,Signal changed to 1.0
PRICE_VS_EMA_SAR_LONG_SHORT,50,None,288,LONG,2026-06-11T01:00:00,1642.83,2026-06-11T02:00:00,1641.07,1,-0.11,Signal changed to -1.0
PRICE_VS_EMA_SAR_LONG_SHORT,50,None,289,SHORT,2026-06-11T02:00:00,1641.07,2026-06-11T03:00:00,1653.95,1,-0.78,Signal changed to 1.0
PRICE_VS_EMA_SAR_LONG_SHORT,50,None,290,LONG,2026-06-11T03:00:00,1653.95,2026-06-11T14:00:00,1643.04,11,-0.66,Signal changed to -1.0
PRICE_VS_EMA_SAR_LONG_SHORT,50,None,291,SHORT,2026-06-11T14:00:00,1643.04,2026-06-11T17:00:00,1688.66,3,-2.78,Signal changed to 1.0
PRICE_VS_EMA_SAR_LONG_SHORT,50,None,292,LONG,2026-06-11T17:00:00,1688.66,2026-06-12T06:00:00,1657.34,13,-1.85,Signal changed to -1.0
PRICE_VS_EMA_SAR_LONG_SHORT,50,None,293,SHORT,2026-06-12T06:00:00,1657.34,2026-06-12T07:00:00,1662.12,1,-0.29,Signal changed to 1.0
PRICE_VS_EMA_SAR_LONG_SHORT,50,None,294,LONG,2026-06-12T07:00:00,1662.12,2026-06-12T13:00:00,1657.6,6,-0.27,Signal changed to -1.0
PRICE_VS_EMA_SAR_LONG_SHORT,50,None,295,SHORT,2026-06-12T13:00:00,1657.6,2026-06-12T14:00:00,1685.64,1,-1.69,Signal changed to 1.0
PRICE_VS_EMA_SAR_LONG_SHORT,50,None,296,LONG,2026-06-12T14:00:00,1685.64,2026-06-12T15:00:00,1660.08,1,-1.52,Signal changed to -1.0
PRICE_VS_EMA_SAR_LONG_SHORT,50,None,297,SHORT,2026-06-12T15:00:00,1660.08,2026-06-12T16:00:00,1672.9,1,-0.77,Signal changed to 1.0
PRICE_VS_EMA_SAR_LONG_SHORT,50,None,298,LONG,2026-06-12T16:00:00,1672.9,2026-06-12T22:00:00,1662.6,6,-0.62,Signal changed to -1.0
PRICE_VS_EMA_SAR_LONG_SHORT,50,None,299,SHORT,2026-06-12T22:00:00,1662.6,2026-06-12T23:00:00,1666.41,1,-0.23,Signal changed to 1.0
PRICE_VS_EMA_SAR_LONG_SHORT,50,None,300,LONG,2026-06-12T23:00:00,1666.41,2026-06-14T10:00:00,1673.13,35,0.4,Signal changed to -1.0
PRICE_VS_EMA_SAR_LONG_SHORT,50,None,301,SHORT,2026-06-14T10:00:00,1673.13,2026-06-14T21:00:00,1718.67,11,-2.72,Signal changed to 1.0
PRICE_VS_EMA_SAR_LONG_SHORT,50,None,302,LONG,2026-06-14T21:00:00,1718.67,2026-06-17T08:00:00,1765.31,59,2.71,Signal changed to -1.0
PRICE_VS_EMA_SAR_LONG_SHORT,50,None,303,SHORT,2026-06-17T08:00:00,1765.31,2026-06-17T17:00:00,1789.27,9,-1.36,Signal changed to 1.0
PRICE_VS_EMA_SAR_LONG_SHORT,50,None,304,LONG,2026-06-17T17:00:00,1789.27,2026-06-17T18:00:00,1770.32,1,-1.06,Signal changed to -1.0
PRICE_VS_EMA_SAR_LONG_SHORT,50,None,305,SHORT,2026-06-17T18:00:00,1770.32,2026-06-20T05:00:00,1726.1,59,2.5,Signal changed to 1.0
PRICE_VS_EMA_SAR_LONG_SHORT,50,None,306,LONG,2026-06-20T05:00:00,1726.1,2026-06-20T13:00:00,1717.56,8,-0.49,Signal changed to -1.0
PRICE_VS_EMA_SAR_LONG_SHORT,50,None,307,SHORT,2026-06-20T13:00:00,1717.56,2026-06-20T14:00:00,1733.48,1,-0.93,Signal changed to 1.0
PRICE_VS_EMA_SAR_LONG_SHORT,50,None,308,LONG,2026-06-20T14:00:00,1733.48,2026-06-21T11:00:00,1725.36,21,-0.47,Signal changed to -1.0
PRICE_VS_EMA_SAR_LONG_SHORT,50,None,309,SHORT,2026-06-21T11:00:00,1725.36,2026-06-21T14:00:00,1728.44,3,-0.18,Signal changed to 1.0
PRICE_VS_EMA_SAR_LONG_SHORT,50,None,310,LONG,2026-06-21T14:00:00,1728.44,2026-06-21T20:00:00,1721.3,6,-0.41,Signal changed to -1.0
PRICE_VS_EMA_SAR_LONG_SHORT,50,None,311,SHORT,2026-06-21T20:00:00,1721.3,2026-06-22T00:00:00,1726.95,4,-0.33,Signal changed to 1.0
PRICE_VS_EMA_SAR_LONG_SHORT,50,None,312,LONG,2026-06-22T00:00:00,1726.95,2026-06-22T18:00:00,1733.51,18,0.38,Signal changed to -1.0
PRICE_VS_EMA_SAR_LONG_SHORT,50,None,313,SHORT,2026-06-22T18:00:00,1733.51,2026-06-25T06:00:00,1653.95,60,4.59,Signal changed to 1.0
PRICE_VS_EMA_SAR_LONG_SHORT,50,None,314,LONG,2026-06-25T06:00:00,1653.95,2026-06-25T09:00:00,1648.88,3,-0.31,Signal changed to -1.0
PRICE_VS_EMA_SAR_LONG_SHORT,50,None,315,SHORT,2026-06-25T09:00:00,1648.88,2026-06-27T07:00:00,1585.71,46,3.83,Signal changed to 1.0
PRICE_VS_EMA_SAR_LONG_SHORT,50,None,316,LONG,2026-06-27T07:00:00,1585.71,2026-06-27T08:00:00,1584.18,1,-0.1,Signal changed to -1.0
PRICE_VS_EMA_SAR_LONG_SHORT,50,None,317,SHORT,2026-06-27T08:00:00,1584.18,2026-06-27T12:00:00,1585.95,4,-0.11,Signal changed to 1.0
PRICE_VS_EMA_SAR_LONG_SHORT,50,None,318,LONG,2026-06-27T12:00:00,1585.95,2026-06-27T19:00:00,1578.51,7,-0.47,Signal changed to -1.0
PRICE_VS_EMA_SAR_LONG_SHORT,50,None,319,SHORT,2026-06-27T19:00:00,1578.51,2026-06-28T11:00:00,1582.87,16,-0.28,Signal changed to 1.0
PRICE_VS_EMA_SAR_LONG_SHORT,50,None,320,LONG,2026-06-28T11:00:00,1582.87,2026-06-28T13:00:00,1579.68,2,-0.2,Signal changed to -1.0
PRICE_VS_EMA_SAR_LONG_SHORT,50,None,321,SHORT,2026-06-28T13:00:00,1579.68,2026-06-29T03:00:00,1584.78,14,-0.32,Signal changed to 1.0
PRICE_VS_EMA_SAR_LONG_SHORT,50,None,322,LONG,2026-06-29T03:00:00,1584.78,2026-06-29T04:00:00,1575.5,1,-0.59,Signal changed to -1.0
PRICE_VS_EMA_SAR_LONG_SHORT,50,None,323,SHORT,2026-06-29T04:00:00,1575.5,2026-06-29T05:00:00,1583.1,1,-0.48,Signal changed to 1.0
PRICE_VS_EMA_SAR_LONG_SHORT,50,None,324,LONG,2026-06-29T05:00:00,1583.1,2026-06-29T08:00:00,1572.98,3,-0.64,Signal changed to -1.0
PRICE_VS_EMA_SAR_LONG_SHORT,50,None,325,SHORT,2026-06-29T08:00:00,1572.98,2026-06-29T10:00:00,1578.6,2,-0.36,Signal changed to 1.0
PRICE_VS_EMA_SAR_LONG_SHORT,50,None,326,LONG,2026-06-29T10:00:00,1578.6,2026-06-29T11:00:00,1574.93,1,-0.23,Signal changed to -1.0
PRICE_VS_EMA_SAR_LONG_SHORT,50,None,327,SHORT,2026-06-29T11:00:00,1574.93,2026-06-29T15:00:00,1580.26,4,-0.34,Signal changed to 1.0
PRICE_VS_EMA_SAR_LONG_SHORT,50,None,328,LONG,2026-06-29T15:00:00,1580.26,2026-06-30T03:00:00,1587.18,12,0.44,Signal changed to -1.0
PRICE_VS_EMA_SAR_LONG_SHORT,50,None,329,SHORT,2026-06-30T03:00:00,1587.18,2026-06-30T05:00:00,1591.6,2,-0.28,Signal changed to 1.0
PRICE_VS_EMA_SAR_LONG_SHORT,50,None,330,LONG,2026-06-30T05:00:00,1591.6,2026-06-30T08:00:00,1583.98,3,-0.48,Signal changed to -1.0
PRICE_VS_EMA_SAR_LONG_SHORT,50,None,331,SHORT,2026-06-30T08:00:00,1583.98,2026-07-01T02:00:00,1586.3,18,-0.15,Signal changed to 1.0
PRICE_VS_EMA_SAR_LONG_SHORT,50,None,332,LONG,2026-07-01T02:00:00,1586.3,2026-07-01T06:00:00,1575.99,4,-0.65,Signal changed to -1.0
PRICE_VS_EMA_SAR_LONG_SHORT,50,None,333,SHORT,2026-07-01T06:00:00,1575.99,2026-07-01T13:00:00,1597.22,7,-1.35,Signal changed to 1.0
PRICE_VS_EMA_SAR_LONG_SHORT,50,None,334,LONG,2026-07-01T13:00:00,1597.22,2026-07-06T08:00:00,1765.55,115,10.54,Signal changed to -1.0
PRICE_VS_EMA_SAR_LONG_SHORT,50,None,335,SHORT,2026-07-06T08:00:00,1765.55,2026-07-06T10:00:00,1771.09,2,-0.31,Signal changed to 1.0
PRICE_VS_EMA_SAR_LONG_SHORT,50,None,336,LONG,2026-07-06T10:00:00,1771.09,2026-07-06T11:00:00,1759.64,1,-0.65,Signal changed to -1.0
PRICE_VS_EMA_SAR_LONG_SHORT,50,None,337,SHORT,2026-07-06T11:00:00,1759.64,2026-07-06T15:00:00,1788.57,4,-1.64,Signal changed to 1.0
PRICE_VS_EMA_SAR_LONG_SHORT,50,None,338,LONG,2026-07-06T15:00:00,1788.57,2026-07-07T03:00:00,1771.56,12,-0.95,Signal changed to -1.0
PRICE_VS_EMA_SAR_LONG_SHORT,50,None,339,SHORT,2026-07-07T03:00:00,1771.56,2026-07-07T06:00:00,1779.11,3,-0.43,Signal changed to 1.0
PRICE_VS_EMA_SAR_LONG_SHORT,50,None,340,LONG,2026-07-07T06:00:00,1779.11,2026-07-07T07:00:00,1771.24,1,-0.44,Signal changed to -1.0
PRICE_VS_EMA_SAR_LONG_SHORT,50,None,341,SHORT,2026-07-07T07:00:00,1771.24,2026-07-07T09:00:00,1778.16,2,-0.39,Signal changed to 1.0
PRICE_VS_EMA_SAR_LONG_SHORT,50,None,342,LONG,2026-07-07T09:00:00,1778.16,2026-07-07T13:00:00,1769.01,4,-0.51,Signal changed to -1.0
PRICE_VS_EMA_SAR_LONG_SHORT,50,None,343,SHORT,2026-07-07T13:00:00,1769.01,2026-07-07T14:00:00,1789.46,1,-1.16,Signal changed to 1.0
PRICE_VS_EMA_SAR_LONG_SHORT,50,None,344,LONG,2026-07-07T14:00:00,1789.46,2026-07-07T21:00:00,1773.84,7,-0.87,Signal changed to -1.0
PRICE_VS_EMA_SAR_LONG_SHORT,50,None,345,SHORT,2026-07-07T21:00:00,1773.84,2026-07-08T00:00:00,1780.29,3,-0.36,Signal changed to 1.0
PRICE_VS_EMA_SAR_LONG_SHORT,50,None,346,LONG,2026-07-08T00:00:00,1780.29,2026-07-08T01:00:00,1755.94,1,-1.37,Signal changed to -1.0
PRICE_VS_EMA_SAR_LONG_SHORT,50,None,347,SHORT,2026-07-08T01:00:00,1755.94,2026-07-09T06:00:00,1755.26,29,0.04,Signal changed to 1.0
PRICE_VS_EMA_SAR_LONG_SHORT,50,None,348,LONG,2026-07-09T06:00:00,1755.26,2026-07-09T10:00:00,1746.31,4,-0.51,Signal changed to -1.0
PRICE_VS_EMA_SAR_LONG_SHORT,50,None,349,SHORT,2026-07-09T10:00:00,1746.31,2026-07-09T18:00:00,1751.55,8,-0.3,Signal changed to 1.0
PRICE_VS_EMA_SAR_LONG_SHORT,50,None,350,LONG,2026-07-09T18:00:00,1751.55,2026-07-09T19:00:00,1748.51,1,-0.17,Signal changed to -1.0
PRICE_VS_EMA_SAR_LONG_SHORT,50,None,351,SHORT,2026-07-09T19:00:00,1748.51,2026-07-10T01:00:00,1767.62,6,-1.09,Signal changed to 1.0
PRICE_VS_EMA_SAR_LONG_SHORT,50,None,352,LONG,2026-07-10T01:00:00,1767.62,2026-07-11T23:00:00,1787.76,46,1.14,Signal changed to -1.0
PRICE_VS_EMA_SAR_LONG_SHORT,50,None,353,SHORT,2026-07-11T23:00:00,1787.76,2026-07-12T01:00:00,1806.7,2,-1.06,Signal changed to 1.0
PRICE_VS_EMA_SAR_LONG_SHORT,50,None,354,LONG,2026-07-12T01:00:00,1806.7,2026-07-12T06:00:00,1795.13,5,-0.64,Signal changed to -1.0
PRICE_VS_EMA_SAR_LONG_SHORT,50,None,355,SHORT,2026-07-12T06:00:00,1795.13,2026-07-12T07:00:00,1798.78,1,-0.2,Signal changed to 1.0
PRICE_VS_EMA_SAR_LONG_SHORT,50,None,356,LONG,2026-07-12T07:00:00,1798.78,2026-07-13T03:00:00,1780.55,20,-1.01,Signal changed to -1.0
PRICE_VS_EMA_SAR_LONG_SHORT,50,None,357,SHORT,2026-07-13T03:00:00,1780.55,2026-07-14T05:00:00,1787.04,26,-0.36,Signal changed to 1.0
PRICE_VS_EMA_SAR_LONG_SHORT,50,None,358,LONG,2026-07-14T05:00:00,1787.04,2026-07-14T06:00:00,1783.19,1,-0.22,Signal changed to -1.0
PRICE_VS_EMA_SAR_LONG_SHORT,50,None,359,SHORT,2026-07-14T06:00:00,1783.19,2026-07-14T10:00:00,1800.12,4,-0.95,Signal changed to 1.0
PRICE_VS_EMA_SAR_LONG_SHORT,50,None,360,LONG,2026-07-14T10:00:00,1800.12,2026-07-16T08:00:00,1886.09,46,4.78,Signal changed to -1.0
PRICE_VS_EMA_SAR_LONG_SHORT,50,None,361,SHORT,2026-07-16T08:00:00,1886.09,2026-07-16T10:00:00,1888.58,2,-0.13,Signal changed to 1.0
PRICE_VS_EMA_SAR_LONG_SHORT,50,None,362,LONG,2026-07-16T10:00:00,1888.58,2026-07-16T11:00:00,1885.26,1,-0.18,Signal changed to -1.0
PRICE_VS_EMA_SAR_LONG_SHORT,50,None,363,SHORT,2026-07-16T11:00:00,1885.26,2026-07-18T17:00:00,1852.82,54,1.72,Signal changed to 1.0
PRICE_VS_EMA_SAR_LONG_SHORT,50,None,364,LONG,2026-07-18T17:00:00,1852.82,2026-07-20T05:00:00,1855.45,36,0.14,Signal changed to -1.0
PRICE_VS_EMA_SAR_LONG_SHORT,50,None,365,SHORT,2026-07-20T05:00:00,1855.45,2026-07-20T07:00:00,1863.95,2,-0.46,Signal changed to 1.0
PRICE_VS_EMA_SAR_LONG_SHORT,50,None,366,LONG,2026-07-20T07:00:00,1863.95,2026-07-20T08:00:00,1861.01,1,-0.16,Signal changed to -1.0
PRICE_VS_EMA_SAR_LONG_SHORT,50,None,367,SHORT,2026-07-20T08:00:00,1861.01,2026-07-20T09:00:00,1864.16,1,-0.17,Signal changed to 1.0
PRICE_VS_EMA_SAR_LONG_SHORT,50,None,368,LONG,2026-07-20T09:00:00,1864.16,2026-07-20T13:00:00,1862.68,4,-0.08,Signal changed to -1.0
PRICE_VS_EMA_SAR_LONG_SHORT,50,None,369,SHORT,2026-07-20T13:00:00,1862.68,2026-07-20T14:00:00,1868.01,1,-0.29,Signal changed to 1.0
PRICE_VS_EMA_SAR_LONG_SHORT,50,None,370,LONG,2026-07-20T14:00:00,1868.01,2026-07-23T03:00:00,1920.55,61,2.81,Signal changed to -1.0
PRICE_VS_EMA_SAR_LONG_SHORT,50,None,371,SHORT,2026-07-23T03:00:00,1920.55,2026-07-23T06:00:00,1925.39,3,-0.25,Signal changed to 1.0
PRICE_VS_EMA_SAR_LONG_SHORT,50,None,372,LONG,2026-07-23T06:00:00,1925.39,2026-07-23T07:00:00,1915.65,1,-0.51,Signal changed to -1.0
PRICE_VS_EMA_SAR_LONG_SHORT,50,None,373,SHORT,2026-07-23T07:00:00,1915.65,2026-07-23T08:00:00,1926.54,1,-0.57,Signal changed to 1.0
PRICE_VS_EMA_SAR_LONG_SHORT,50,None,374,LONG,2026-07-23T08:00:00,1926.54,2026-07-23T12:00:00,1904.64,4,-1.14,Signal changed to -1.0
PRICE_VS_EMA_SAR_LONG_SHORT,50,None,375,SHORT,2026-07-23T12:00:00,1904.64,2026-07-25T18:00:00,1875.48,54,1.53,Signal changed to 1.0
PRICE_VS_EMA_SAR_LONG_SHORT,50,None,376,LONG,2026-07-25T18:00:00,1875.48,2026-07-25T20:00:00,1872.23,2,-0.17,Signal changed to -1.0
PRICE_VS_EMA_SAR_LONG_SHORT,50,None,377,SHORT,2026-07-25T20:00:00,1872.23,2026-07-25T22:00:00,1875.82,2,-0.19,Signal changed to 1.0
PRICE_VS_EMA_SAR_LONG_SHORT,50,None,378,LONG,2026-07-25T22:00:00,1875.82,2026-07-27T22:00:00,1893.6,48,0.95,Signal changed to -1.0
PRICE_VS_EMA_SAR_LONG_SHORT,50,None,379,SHORT,2026-07-27T22:00:00,1893.6,2026-07-28T15:00:00,1920.02,17,-1.4,Signal changed to 1.0
PRICE_VS_EMA_SAR_LONG_SHORT,50,None,380,LONG,2026-07-28T15:00:00,1920.02,2026-07-28T17:00:00,1901.89,2,-0.94,Signal changed to -1.0
PRICE_VS_EMA_SAR_LONG_SHORT,50,None,381,SHORT,2026-07-28T17:00:00,1901.89,2026-07-28T18:00:00,1911.22,1,-0.49,Signal changed to 1.0
PRICE_VS_EMA_SAR_LONG_SHORT,50,None,382,LONG,2026-07-28T18:00:00,1911.22,2026-07-29T01:00:00,1905.7,7,-0.29,Signal changed to -1.0
PRICE_VS_EMA_SAR_LONG_SHORT,50,None,383,SHORT,2026-07-29T01:00:00,1905.7,2026-07-29T02:00:00,1911.1,1,-0.28,Signal changed to 1.0
PRICE_VS_EMA_SAR_LONG_SHORT,50,None,384,LONG,2026-07-29T02:00:00,1911.1,2026-07-29T03:00:00,1892.7,1,-0.96,Signal changed to -1.0
PRICE_VS_EMA_SAR_LONG_SHORT,50,None,385,SHORT,2026-07-29T03:00:00,1892.7,2026-07-29T05:00:00,1912.54,2,-1.05,Signal changed to 1.0
PRICE_VS_EMA_SAR_LONG_SHORT,50,None,386,LONG,2026-07-29T05:00:00,1912.54,2026-07-29T12:00:00,1905.23,7,-0.38,Signal changed to -1.0
PRICE_VS_EMA_SAR_LONG_SHORT,50,None,387,SHORT,2026-07-29T12:00:00,1905.23,2026-07-29T17:00:00,1916.16,5,-0.57,Signal changed to 1.0
PRICE_VS_EMA_SAR_LONG_SHORT,50,None,388,LONG,2026-07-29T17:00:00,1916.16,2026-07-29T19:00:00,1888.56,2,-1.44,Signal changed to -1.0
PRICE_VS_EMA_SAR_LONG_SHORT,50,None,389,SHORT,2026-07-29T19:00:00,1888.56,2026-07-29T22:00:00,1907.18,3,-0.99,Signal changed to 1.0
PRICE_VS_EMA_SAR_LONG_SHORT,50,None,390,LONG,2026-07-29T22:00:00,1907.18,2026-07-30T00:00:00,1898.22,2,-0.47,Signal changed to -1.0
PRICE_VS_EMA_SAR_LONG_SHORT,50,None,391,SHORT,2026-07-30T00:00:00,1898.22,2026-07-30T01:00:00,1916.77,1,-0.98,Signal changed to 1.0
PRICE_VS_EMA_SAR_LONG_SHORT,50,None,392,LONG,2026-07-30T01:00:00,1916.77,2026-07-30T04:00:00,1901.99,3,-0.77,Signal changed to -1.0
PRICE_VS_EMA_SAR_LONG_SHORT,50,None,393,SHORT,2026-07-30T04:00:00,1901.99,2026-07-30T08:00:00,1914.99,4,-0.68,Signal changed to 1.0
PRICE_VS_EMA_SAR_LONG_SHORT,50,None,394,LONG,2026-07-30T08:00:00,1914.99,2026-07-31T01:00:00,1910.36,17,-0.24,Signal changed to -1.0
PRICE_VS_EMA_SAR_LONG_SHORT,50,None,395,SHORT,2026-07-31T01:00:00,1910.36,2026-08-02T02:00:00,1876.9,49,1.75,Signal changed to 1.0
PRICE_VS_EMA_SAR_LONG_SHORT,50,None,396,LONG,2026-08-02T02:00:00,1876.9,2026-08-02T08:00:00,1868.2,6,-0.46,Signal changed to -1.0
PRICE_VS_EMA_SAR_LONG_SHORT,50,None,397,SHORT,2026-08-02T08:00:00,1868.2,2026-08-02T17:00:00,1868.65,9,-0.02,Signal changed to 1.0
PRICE_VS_EMA_SAR_LONG_SHORT,50,None,398,LONG,2026-08-02T17:00:00,1868.65,2026-08-03T01:00:00,1867.19,8,-0.08,Signal changed to -1.0
PRICE_VS_EMA_SAR_LONG_SHORT,50,None,399,SHORT,2026-08-03T01:00:00,1867.19,2026-08-03T14:00:00,1873.79,13,-0.35,Signal changed to 1.0
PRICE_VS_EMA_SAR_LONG_SHORT,50,None,400,LONG,2026-08-03T14:00:00,1873.79,2026-08-03T15:00:00,1863.34,1,-0.56,Signal changed to -1.0
PRICE_VS_EMA_SAR_LONG_SHORT,50,None,401,SHORT,2026-08-03T15:00:00,1863.34,2026-08-03T16:00:00,1866.22,1,-0.15,Signal changed to 1.0
PRICE_VS_EMA_SAR_LONG_SHORT,50,None,402,LONG,2026-08-03T16:00:00,1866.22,2026-08-03T21:00:00,1863.6,5,-0.14,Signal changed to -1.0
PRICE_VS_EMA_SAR_LONG_SHORT,50,None,403,SHORT,2026-08-03T21:00:00,1863.6,2026-08-04T01:00:00,1867.64,4,-0.22,Signal changed to 1.0
PRICE_VS_EMA_SAR_LONG_SHORT,50,None,404,LONG,2026-08-04T01:00:00,1867.64,2026-08-04T06:00:00,1856.96,5,-0.57,Signal changed to -1.0
PRICE_VS_EMA_SAR_LONG_SHORT,50,None,405,SHORT,2026-08-04T06:00:00,1856.96,2026-08-04T10:00:00,1866.94,4,-0.54,Signal changed to 1.0
PRICE_VS_EMA_SAR_LONG_SHORT,50,None,406,LONG,2026-08-04T10:00:00,1866.94,2026-08-04T13:00:00,1862.06,3,-0.26,Signal changed to -1.0
PRICE_VS_EMA_SAR_LONG_SHORT,50,None,407,SHORT,2026-08-04T13:00:00,1862.06,2026-08-04T14:00:00,1873.03,1,-0.59,Signal changed to 1.0
PRICE_VS_EMA_SAR_LONG_SHORT,50,None,408,LONG,2026-08-04T14:00:00,1873.03,2026-08-05T00:00:00,1863.93,10,-0.49,Signal changed to -1.0
PRICE_VS_EMA_SAR_LONG_SHORT,50,None,409,SHORT,2026-08-05T00:00:00,1863.93,2026-08-05T01:00:00,1873.37,1,-0.51,Signal changed to 1.0
PRICE_VS_EMA_SAR_LONG_SHORT,50,None,410,LONG,2026-08-05T01:00:00,1873.37,2026-08-05T04:00:00,1867.5,3,-0.31,Signal changed to -1.0
PRICE_VS_EMA_SAR_LONG_SHORT,50,None,411,SHORT,2026-08-05T04:00:00,1867.5,2026-08-05T05:00:00,1873.46,1,-0.32,Signal changed to 1.0
PRICE_VS_EMA_SAR_LONG_SHORT,50,None,412,LONG,2026-08-05T05:00:00,1873.46,2026-08-05T10:00:00,1868.33,5,-0.27,Signal changed to -1.0
PRICE_VS_EMA_SAR_LONG_SHORT,50,None,413,SHORT,2026-08-05T10:00:00,1868.33,2026-08-05T11:00:00,1868.92,1,-0.03,Signal changed to 1.0
PRICE_VS_EMA_SAR_LONG_SHORT,50,None,414,LONG,2026-08-05T11:00:00,1868.92,2026-08-07T03:00:00,1897.43,40,1.53,Signal changed to -1.0
PRICE_VS_EMA_SAR_LONG_SHORT,50,None,415,SHORT,2026-08-07T03:00:00,1897.43,2026-08-07T05:00:00,1901.58,2,-0.22,Signal changed to 1.0
PRICE_VS_EMA_SAR_LONG_SHORT,50,None,416,LONG,2026-08-07T05:00:00,1901.58,2026-08-09T03:00:00,1914.04,46,0.66,Signal changed to -1.0
PRICE_VS_EMA_SAR_LONG_SHORT,50,None,417,SHORT,2026-08-09T03:00:00,1914.04,2026-08-09T06:00:00,1919.33,3,-0.28,Signal changed to 1.0
PRICE_VS_EMA_SAR_LONG_SHORT,50,None,418,LONG,2026-08-09T06:00:00,1919.33,2026-08-09T23:00:00,1910.65,17,-0.45,Signal changed to -1.0
PRICE_VS_EMA_SAR_LONG_SHORT,50,None,419,SHORT,2026-08-09T23:00:00,1910.65,2026-08-10T01:00:00,1925.23,2,-0.76,Signal changed to 1.0
PRICE_VS_EMA_SAR_LONG_SHORT,50,None,420,LONG,2026-08-10T01:00:00,1925.23,2026-08-10T03:00:00,1917.44,2,-0.4,Signal changed to -1.0
PRICE_VS_EMA_SAR_LONG_SHORT,50,None,421,SHORT,2026-08-10T03:00:00,1917.44,2026-08-10T05:00:00,1923.17,2,-0.3,Signal changed to 1.0
PRICE_VS_EMA_SAR_LONG_SHORT,50,None,422,LONG,2026-08-10T05:00:00,1923.17,2026-08-10T09:00:00,1916.39,4,-0.35,Signal changed to -1.0
PRICE_VS_EMA_SAR_LONG_SHORT,50,None,423,SHORT,2026-08-10T09:00:00,1916.39,2026-08-10T11:00:00,1920.42,2,-0.21,Signal changed to 1.0
PRICE_VS_EMA_SAR_LONG_SHORT,50,None,424,LONG,2026-08-10T11:00:00,1920.42,2026-08-10T12:00:00,1906.0,1,-0.75,Signal changed to -1.0
PRICE_VS_EMA_SAR_LONG_SHORT,50,None,425,SHORT,2026-08-10T12:00:00,1906.0,2026-08-12T04:00:00,1889.42,40,0.87,Signal changed to 1.0
PRICE_VS_EMA_SAR_LONG_SHORT,50,None,426,LONG,2026-08-12T04:00:00,1889.42,2026-08-12T06:00:00,1887.73,2,-0.09,Signal changed to -1.0
PRICE_VS_EMA_SAR_LONG_SHORT,50,None,427,SHORT,2026-08-12T06:00:00,1887.73,2026-08-12T07:00:00,1891.69,1,-0.21,Signal changed to 1.0
PRICE_VS_EMA_SAR_LONG_SHORT,50,None,428,LONG,2026-08-12T07:00:00,1891.69,2026-08-12T14:00:00,1887.79,7,-0.21,Signal changed to -1.0
PRICE_VS_EMA_SAR_LONG_SHORT,50,None,429,SHORT,2026-08-12T14:00:00,1887.79,2026-08-12T15:00:00,1892.75,1,-0.26,Signal changed to 1.0
PRICE_VS_EMA_SAR_LONG_SHORT,50,None,430,LONG,2026-08-12T15:00:00,1892.75,2026-08-12T16:00:00,1890.7,1,-0.11,Signal changed to -1.0
PRICE_VS_EMA_SAR_LONG_SHORT,50,None,431,SHORT,2026-08-12T16:00:00,1890.7,2026-08-13T04:00:00,1892.37,12,-0.09,Signal changed to 1.0
PRICE_VS_EMA_SAR_LONG_SHORT,50,None,432,LONG,2026-08-13T04:00:00,1892.37,2026-08-13T10:00:00,1883.17,6,-0.49,Signal changed to -1.0
PRICE_VS_EMA_SAR_LONG_SHORT,50,None,433,SHORT,2026-08-13T10:00:00,1883.17,2026-08-13T12:00:00,1889.04,2,-0.31,Signal changed to 1.0
PRICE_VS_EMA_SAR_LONG_SHORT,50,None,434,LONG,2026-08-13T12:00:00,1889.04,2026-08-13T15:00:00,1880.01,3,-0.48,Signal changed to -1.0
PRICE_VS_EMA_SAR_LONG_SHORT,50,None,435,SHORT,2026-08-13T15:00:00,1880.01,2026-08-13T21:00:00,1888.76,6,-0.47,Signal changed to 1.0
PRICE_VS_EMA_SAR_LONG_SHORT,50,None,436,LONG,2026-08-13T21:00:00,1888.76,2026-08-13T23:00:00,1886.15,2,-0.14,Signal changed to -1.0
PRICE_VS_EMA_SAR_LONG_SHORT,50,None,437,SHORT,2026-08-13T23:00:00,1886.15,2026-08-14T00:00:00,1889.4,1,-0.17,Signal changed to 1.0
PRICE_VS_EMA_SAR_LONG_SHORT,50,None,438,LONG,2026-08-14T00:00:00,1889.4,2026-08-14T02:00:00,1886.62,2,-0.15,Signal changed to -1.0
PRICE_VS_EMA_SAR_LONG_SHORT,50,None,439,SHORT,2026-08-14T02:00:00,1886.62,2026-08-14T16:00:00,1885.41,14,0.06,Signal changed to 1.0
PRICE_VS_EMA_SAR_LONG_SHORT,50,None,440,LONG,2026-08-14T16:00:00,1885.41,2026-08-14T17:00:00,1878.57,1,-0.36,Signal changed to -1.0
PRICE_VS_EMA_SAR_LONG_SHORT,50,None,441,SHORT,2026-08-14T17:00:00,1878.57,2026-08-15T00:00:00,1882.41,7,-0.2,Signal changed to 1.0
PRICE_VS_EMA_SAR_LONG_SHORT,50,None,442,LONG,2026-08-15T00:00:00,1882.41,2026-08-15T05:00:00,1880.66,5,-0.09,Signal changed to -1.0
PRICE_VS_EMA_SAR_LONG_SHORT,50,None,443,SHORT,2026-08-15T05:00:00,1880.66,2026-08-15T12:00:00,1883.86,7,-0.17,Signal changed to 1.0
PRICE_VS_EMA_SAR_LONG_SHORT,50,None,444,LONG,2026-08-15T12:00:00,1883.86,2026-08-15T23:00:00,1882.64,11,-0.06,Signal changed to -1.0
PRICE_VS_EMA_SAR_LONG_SHORT,50,None,445,SHORT,2026-08-15T23:00:00,1882.64,2026-08-16T02:00:00,1883.71,3,-0.06,Signal changed to 1.0
PRICE_VS_EMA_SAR_LONG_SHORT,50,None,446,LONG,2026-08-16T02:00:00,1883.71,2026-08-16T04:00:00,1881.7,2,-0.11,Signal changed to -1.0
PRICE_VS_EMA_SAR_LONG_SHORT,50,None,447,SHORT,2026-08-16T04:00:00,1881.7,2026-08-16T14:00:00,1883.5,10,-0.1,Signal changed to 1.0
PRICE_VS_EMA_SAR_LONG_SHORT,50,None,448,LONG,2026-08-16T14:00:00,1883.5,2026-08-16T20:00:00,1882.0,6,-0.08,Signal changed to -1.0
PRICE_VS_EMA_SAR_LONG_SHORT,50,None,449,SHORT,2026-08-16T20:00:00,1882.0,2026-08-17T01:00:00,1891.65,5,-0.51,Signal changed to 1.0
PRICE_VS_EMA_SAR_LONG_SHORT,50,None,450,LONG,2026-08-17T01:00:00,1891.65,2026-08-18T02:00:00,1893.19,25,0.08,Signal changed to -1.0
PRICE_VS_EMA_SAR_LONG_SHORT,50,None,451,SHORT,2026-08-18T02:00:00,1893.19,2026-08-18T04:00:00,1896.66,2,-0.18,Signal changed to 1.0
PRICE_VS_EMA_SAR_LONG_SHORT,50,None,452,LONG,2026-08-18T04:00:00,1896.66,2026-08-18T05:00:00,1895.63,1,-0.05,Signal changed to -1.0
PRICE_VS_EMA_SAR_LONG_SHORT,50,None,453,SHORT,2026-08-18T05:00:00,1895.63,2026-08-18T06:00:00,1902.83,1,-0.38,Signal changed to 1.0
PRICE_VS_EMA_SAR_LONG_SHORT,50,None,454,LONG,2026-08-18T06:00:00,1902.83,2026-08-22T08:00:00,2423.3,98,27.35,End of Dataset
PRICE_VS_EMA_SAR_LONG_SHORT,100,None,1,SHORT,2026-01-01T00:00:00,2979.81,2026-01-01T01:00:00,2984.32,1,-0.15,Signal changed to 1.0
PRICE_VS_EMA_SAR_LONG_SHORT,100,None,2,LONG,2026-01-01T01:00:00,2984.32,2026-01-01T04:00:00,2975.35,3,-0.3,Signal changed to -1.0
PRICE_VS_EMA_SAR_LONG_SHORT,100,None,3,SHORT,2026-01-01T04:00:00,2975.35,2026-01-01T05:00:00,2981.49,1,-0.21,Signal changed to 1.0
PRICE_VS_EMA_SAR_LONG_SHORT,100,None,4,LONG,2026-01-01T05:00:00,2981.49,2026-01-01T06:00:00,2975.89,1,-0.19,Signal changed to -1.0
PRICE_VS_EMA_SAR_LONG_SHORT,100,None,5,SHORT,2026-01-01T06:00:00,2975.89,2026-01-01T08:00:00,2982.59,2,-0.23,Signal changed to 1.0
PRICE_VS_EMA_SAR_LONG_SHORT,100,None,6,LONG,2026-01-01T08:00:00,2982.59,2026-01-07T15:00:00,3164.7,151,6.11,Signal changed to -1.0
PRICE_VS_EMA_SAR_LONG_SHORT,100,None,7,SHORT,2026-01-07T15:00:00,3164.7,2026-01-11T14:00:00,3125.46,95,1.24,Signal changed to 1.0
PRICE_VS_EMA_SAR_LONG_SHORT,100,None,8,LONG,2026-01-11T14:00:00,3125.46,2026-01-11T20:00:00,3115.1,6,-0.33,Signal changed to -1.0
PRICE_VS_EMA_SAR_LONG_SHORT,100,None,9,SHORT,2026-01-11T20:00:00,3115.1,2026-01-11T21:00:00,3121.11,1,-0.19,Signal changed to 1.0
PRICE_VS_EMA_SAR_LONG_SHORT,100,None,10,LONG,2026-01-11T21:00:00,3121.11,2026-01-11T22:00:00,3109.61,1,-0.37,Signal changed to -1.0
PRICE_VS_EMA_SAR_LONG_SHORT,100,None,11,SHORT,2026-01-11T22:00:00,3109.61,2026-01-11T23:00:00,3123.45,1,-0.45,Signal changed to 1.0
PRICE_VS_EMA_SAR_LONG_SHORT,100,None,12,LONG,2026-01-11T23:00:00,3123.45,2026-01-12T08:00:00,3115.47,9,-0.26,Signal changed to -1.0
PRICE_VS_EMA_SAR_LONG_SHORT,100,None,13,SHORT,2026-01-12T08:00:00,3115.47,2026-01-12T15:00:00,3130.17,7,-0.47,Signal changed to 1.0
PRICE_VS_EMA_SAR_LONG_SHORT,100,None,14,LONG,2026-01-12T15:00:00,3130.17,2026-01-12T17:00:00,3104.88,2,-0.81,Signal changed to -1.0
PRICE_VS_EMA_SAR_LONG_SHORT,100,None,15,SHORT,2026-01-12T17:00:00,3104.88,2026-01-12T19:00:00,3121.83,2,-0.55,Signal changed to 1.0
PRICE_VS_EMA_SAR_LONG_SHORT,100,None,16,LONG,2026-01-12T19:00:00,3121.83,2026-01-12T20:00:00,3102.57,1,-0.62,Signal changed to -1.0
PRICE_VS_EMA_SAR_LONG_SHORT,100,None,17,SHORT,2026-01-12T20:00:00,3102.57,2026-01-13T04:00:00,3122.57,8,-0.64,Signal changed to 1.0
PRICE_VS_EMA_SAR_LONG_SHORT,100,None,18,LONG,2026-01-13T04:00:00,3122.57,2026-01-16T15:00:00,3264.18,83,4.54,Signal changed to -1.0
PRICE_VS_EMA_SAR_LONG_SHORT,100,None,19,SHORT,2026-01-16T15:00:00,3264.18,2026-01-16T16:00:00,3279.03,1,-0.45,Signal changed to 1.0
PRICE_VS_EMA_SAR_LONG_SHORT,100,None,20,LONG,2026-01-16T16:00:00,3279.03,2026-01-18T23:00:00,3284.03,55,0.15,Signal changed to -1.0
PRICE_VS_EMA_SAR_LONG_SHORT,100,None,21,SHORT,2026-01-18T23:00:00,3284.03,2026-01-27T02:00:00,2945.25,195,10.32,Signal changed to 1.0
PRICE_VS_EMA_SAR_LONG_SHORT,100,None,22,LONG,2026-01-27T02:00:00,2945.25,2026-01-27T06:00:00,2929.0,4,-0.55,Signal changed to -1.0
PRICE_VS_EMA_SAR_LONG_SHORT,100,None,23,SHORT,2026-01-27T06:00:00,2929.0,2026-01-27T15:00:00,2937.45,9,-0.29,Signal changed to 1.0
PRICE_VS_EMA_SAR_LONG_SHORT,100,None,24,LONG,2026-01-27T15:00:00,2937.45,2026-01-27T17:00:00,2930.3,2,-0.24,Signal changed to -1.0
PRICE_VS_EMA_SAR_LONG_SHORT,100,None,25,SHORT,2026-01-27T17:00:00,2930.3,2026-01-27T18:00:00,2978.21,1,-1.63,Signal changed to 1.0
PRICE_VS_EMA_SAR_LONG_SHORT,100,None,26,LONG,2026-01-27T18:00:00,2978.21,2026-01-29T02:00:00,2959.23,32,-0.64,Signal changed to -1.0
PRICE_VS_EMA_SAR_LONG_SHORT,100,None,27,SHORT,2026-01-29T02:00:00,2959.23,2026-02-07T20:00:00,2105.32,234,28.86,Signal changed to 1.0
PRICE_VS_EMA_SAR_LONG_SHORT,100,None,28,LONG,2026-02-07T20:00:00,2105.32,2026-02-07T22:00:00,2088.58,2,-0.8,Signal changed to -1.0
PRICE_VS_EMA_SAR_LONG_SHORT,100,None,29,SHORT,2026-02-07T22:00:00,2088.58,2026-02-08T08:00:00,2116.03,10,-1.31,Signal changed to 1.0
PRICE_VS_EMA_SAR_LONG_SHORT,100,None,30,LONG,2026-02-08T08:00:00,2116.03,2026-02-08T10:00:00,2096.08,2,-0.94,Signal changed to -1.0
PRICE_VS_EMA_SAR_LONG_SHORT,100,None,31,SHORT,2026-02-08T10:00:00,2096.08,2026-02-08T11:00:00,2132.35,1,-1.73,Signal changed to 1.0
PRICE_VS_EMA_SAR_LONG_SHORT,100,None,32,LONG,2026-02-08T11:00:00,2132.35,2026-02-08T16:00:00,2080.97,5,-2.41,Signal changed to -1.0
PRICE_VS_EMA_SAR_LONG_SHORT,100,None,33,SHORT,2026-02-08T16:00:00,2080.97,2026-02-08T18:00:00,2109.47,2,-1.37,Signal changed to 1.0
PRICE_VS_EMA_SAR_LONG_SHORT,100,None,34,LONG,2026-02-08T18:00:00,2109.47,2026-02-08T21:00:00,2093.9,3,-0.74,Signal changed to -1.0
PRICE_VS_EMA_SAR_LONG_SHORT,100,None,35,SHORT,2026-02-08T21:00:00,2093.9,2026-02-08T22:00:00,2108.43,1,-0.69,Signal changed to 1.0
PRICE_VS_EMA_SAR_LONG_SHORT,100,None,36,LONG,2026-02-08T22:00:00,2108.43,2026-02-08T23:00:00,2089.74,1,-0.89,Signal changed to -1.0
PRICE_VS_EMA_SAR_LONG_SHORT,100,None,37,SHORT,2026-02-08T23:00:00,2089.74,2026-02-09T03:00:00,2100.25,4,-0.5,Signal changed to 1.0
PRICE_VS_EMA_SAR_LONG_SHORT,100,None,38,LONG,2026-02-09T03:00:00,2100.25,2026-02-09T04:00:00,2090.35,1,-0.47,Signal changed to -1.0
PRICE_VS_EMA_SAR_LONG_SHORT,100,None,39,SHORT,2026-02-09T04:00:00,2090.35,2026-02-09T16:00:00,2091.21,12,-0.04,Signal changed to 1.0
PRICE_VS_EMA_SAR_LONG_SHORT,100,None,40,LONG,2026-02-09T16:00:00,2091.21,2026-02-10T03:00:00,2064.96,11,-1.26,Signal changed to -1.0
PRICE_VS_EMA_SAR_LONG_SHORT,100,None,41,SHORT,2026-02-10T03:00:00,2064.96,2026-02-13T14:00:00,1990.86,83,3.59,Signal changed to 1.0
PRICE_VS_EMA_SAR_LONG_SHORT,100,None,42,LONG,2026-02-13T14:00:00,1990.86,2026-02-15T12:00:00,2011.0,46,1.01,Signal changed to -1.0
PRICE_VS_EMA_SAR_LONG_SHORT,100,None,43,SHORT,2026-02-15T12:00:00,2011.0,2026-02-17T18:00:00,1998.69,54,0.61,Signal changed to 1.0
PRICE_VS_EMA_SAR_LONG_SHORT,100,None,44,LONG,2026-02-17T18:00:00,1998.69,2026-02-17T20:00:00,1994.71,2,-0.2,Signal changed to -1.0
PRICE_VS_EMA_SAR_LONG_SHORT,100,None,45,SHORT,2026-02-17T20:00:00,1994.71,2026-02-17T21:00:00,1999.74,1,-0.25,Signal changed to 1.0
PRICE_VS_EMA_SAR_LONG_SHORT,100,None,46,LONG,2026-02-17T21:00:00,1999.74,2026-02-17T22:00:00,1993.92,1,-0.29,Signal changed to -1.0
PRICE_VS_EMA_SAR_LONG_SHORT,100,None,47,SHORT,2026-02-17T22:00:00,1993.92,2026-02-18T03:00:00,1997.07,5,-0.16,Signal changed to 1.0
PRICE_VS_EMA_SAR_LONG_SHORT,100,None,48,LONG,2026-02-18T03:00:00,1997.07,2026-02-18T05:00:00,1996.49,2,-0.03,Signal changed to -1.0
PRICE_VS_EMA_SAR_LONG_SHORT,100,None,49,SHORT,2026-02-18T05:00:00,1996.49,2026-02-18T06:00:00,2002.06,1,-0.28,Signal changed to 1.0
PRICE_VS_EMA_SAR_LONG_SHORT,100,None,50,LONG,2026-02-18T06:00:00,2002.06,2026-02-18T10:00:00,1997.27,4,-0.24,Signal changed to -1.0
PRICE_VS_EMA_SAR_LONG_SHORT,100,None,51,SHORT,2026-02-18T10:00:00,1997.27,2026-02-20T18:00:00,1975.56,56,1.09,Signal changed to 1.0
PRICE_VS_EMA_SAR_LONG_SHORT,100,None,52,LONG,2026-02-20T18:00:00,1975.56,2026-02-20T19:00:00,1963.69,1,-0.6,Signal changed to -1.0
PRICE_VS_EMA_SAR_LONG_SHORT,100,None,53,SHORT,2026-02-20T19:00:00,1963.69,2026-02-20T20:00:00,1971.05,1,-0.37,Signal changed to 1.0
PRICE_VS_EMA_SAR_LONG_SHORT,100,None,54,LONG,2026-02-20T20:00:00,1971.05,2026-02-20T23:00:00,1968.88,3,-0.11,Signal changed to -1.0
PRICE_VS_EMA_SAR_LONG_SHORT,100,None,55,SHORT,2026-02-20T23:00:00,1968.88,2026-02-21T08:00:00,1969.0,9,-0.01,Signal changed to 1.0
PRICE_VS_EMA_SAR_LONG_SHORT,100,None,56,LONG,2026-02-21T08:00:00,1969.0,2026-02-22T12:00:00,1966.37,28,-0.13,Signal changed to -1.0
PRICE_VS_EMA_SAR_LONG_SHORT,100,None,57,SHORT,2026-02-22T12:00:00,1966.37,2026-02-25T01:00:00,1918.34,61,2.44,Signal changed to 1.0
PRICE_VS_EMA_SAR_LONG_SHORT,100,None,58,LONG,2026-02-25T01:00:00,1918.34,2026-02-25T05:00:00,1887.98,4,-1.58,Signal changed to -1.0
PRICE_VS_EMA_SAR_LONG_SHORT,100,None,59,SHORT,2026-02-25T05:00:00,1887.98,2026-02-25T08:00:00,1910.29,3,-1.18,Signal changed to 1.0
PRICE_VS_EMA_SAR_LONG_SHORT,100,None,60,LONG,2026-02-25T08:00:00,1910.29,2026-02-27T10:00:00,1980.8,50,3.69,Signal changed to -1.0
PRICE_VS_EMA_SAR_LONG_SHORT,100,None,61,SHORT,2026-02-27T10:00:00,1980.8,2026-02-28T20:00:00,1965.96,34,0.75,Signal changed to 1.0
PRICE_VS_EMA_SAR_LONG_SHORT,100,None,62,LONG,2026-02-28T20:00:00,1965.96,2026-03-01T17:00:00,1961.17,21,-0.24,Signal changed to -1.0
PRICE_VS_EMA_SAR_LONG_SHORT,100,None,63,SHORT,2026-03-01T17:00:00,1961.17,2026-03-01T18:00:00,1975.82,1,-0.75,Signal changed to 1.0
PRICE_VS_EMA_SAR_LONG_SHORT,100,None,64,LONG,2026-03-01T18:00:00,1975.82,2026-03-01T19:00:00,1953.9,1,-1.11,Signal changed to -1.0
PRICE_VS_EMA_SAR_LONG_SHORT,100,None,65,SHORT,2026-03-01T19:00:00,1953.9,2026-03-02T00:00:00,1960.86,5,-0.36,Signal changed to 1.0
PRICE_VS_EMA_SAR_LONG_SHORT,100,None,66,LONG,2026-03-02T00:00:00,1960.86,2026-03-02T02:00:00,1955.63,2,-0.27,Signal changed to -1.0
PRICE_VS_EMA_SAR_LONG_SHORT,100,None,67,SHORT,2026-03-02T02:00:00,1955.63,2026-03-02T03:00:00,1972.3,1,-0.85,Signal changed to 1.0
PRICE_VS_EMA_SAR_LONG_SHORT,100,None,68,LONG,2026-03-02T03:00:00,1972.3,2026-03-02T06:00:00,1943.31,3,-1.47,Signal changed to -1.0
PRICE_VS_EMA_SAR_LONG_SHORT,100,None,69,SHORT,2026-03-02T06:00:00,1943.31,2026-03-02T14:00:00,1979.75,8,-1.88,Signal changed to 1.0
PRICE_VS_EMA_SAR_LONG_SHORT,100,None,70,LONG,2026-03-02T14:00:00,1979.75,2026-03-03T08:00:00,1953.1,18,-1.35,Signal changed to -1.0
PRICE_VS_EMA_SAR_LONG_SHORT,100,None,71,SHORT,2026-03-03T08:00:00,1953.1,2026-03-03T16:00:00,1983.98,8,-1.58,Signal changed to 1.0
PRICE_VS_EMA_SAR_LONG_SHORT,100,None,72,LONG,2026-03-03T16:00:00,1983.98,2026-03-03T21:00:00,1968.46,5,-0.78,Signal changed to -1.0
PRICE_VS_EMA_SAR_LONG_SHORT,100,None,73,SHORT,2026-03-03T21:00:00,1968.46,2026-03-03T22:00:00,1983.31,1,-0.75,Signal changed to 1.0
PRICE_VS_EMA_SAR_LONG_SHORT,100,None,74,LONG,2026-03-03T22:00:00,1983.31,2026-03-04T03:00:00,1960.9,5,-1.13,Signal changed to -1.0
PRICE_VS_EMA_SAR_LONG_SHORT,100,None,75,SHORT,2026-03-04T03:00:00,1960.9,2026-03-04T06:00:00,1980.33,3,-0.99,Signal changed to 1.0
PRICE_VS_EMA_SAR_LONG_SHORT,100,None,76,LONG,2026-03-04T06:00:00,1980.33,2026-03-06T11:00:00,2051.03,53,3.57,Signal changed to -1.0
PRICE_VS_EMA_SAR_LONG_SHORT,100,None,77,SHORT,2026-03-06T11:00:00,2051.03,2026-03-09T05:00:00,2010.6,66,1.97,Signal changed to 1.0
PRICE_VS_EMA_SAR_LONG_SHORT,100,None,78,LONG,2026-03-09T05:00:00,2010.6,2026-03-09T06:00:00,1985.0,1,-1.27,Signal changed to -1.0
PRICE_VS_EMA_SAR_LONG_SHORT,100,None,79,SHORT,2026-03-09T06:00:00,1985.0,2026-03-09T08:00:00,1996.81,2,-0.59,Signal changed to 1.0
PRICE_VS_EMA_SAR_LONG_SHORT,100,None,80,LONG,2026-03-09T08:00:00,1996.81,2026-03-09T23:00:00,1992.98,15,-0.19,Signal changed to -1.0
PRICE_VS_EMA_SAR_LONG_SHORT,100,None,81,SHORT,2026-03-09T23:00:00,1992.98,2026-03-10T00:00:00,2015.37,1,-1.12,Signal changed to 1.0
PRICE_VS_EMA_SAR_LONG_SHORT,100,None,82,LONG,2026-03-10T00:00:00,2015.37,2026-03-11T05:00:00,2014.63,29,-0.04,Signal changed to -1.0
PRICE_VS_EMA_SAR_LONG_SHORT,100,None,83,SHORT,2026-03-11T05:00:00,2014.63,2026-03-11T06:00:00,2024.3,1,-0.48,Signal changed to 1.0
PRICE_VS_EMA_SAR_LONG_SHORT,100,None,84,LONG,2026-03-11T06:00:00,2024.3,2026-03-11T07:00:00,2012.54,1,-0.58,Signal changed to -1.0
PRICE_VS_EMA_SAR_LONG_SHORT,100,None,85,SHORT,2026-03-11T07:00:00,2012.54,2026-03-11T08:00:00,2023.76,1,-0.56,Signal changed to 1.0
PRICE_VS_EMA_SAR_LONG_SHORT,100,None,86,LONG,2026-03-11T08:00:00,2023.76,2026-03-12T02:00:00,2024.67,18,0.04,Signal changed to -1.0
PRICE_VS_EMA_SAR_LONG_SHORT,100,None,87,SHORT,2026-03-12T02:00:00,2024.67,2026-03-12T06:00:00,2030.38,4,-0.28,Signal changed to 1.0
PRICE_VS_EMA_SAR_LONG_SHORT,100,None,88,LONG,2026-03-12T06:00:00,2030.38,2026-03-14T09:00:00,2067.33,51,1.82,Signal changed to -1.0
PRICE_VS_EMA_SAR_LONG_SHORT,100,None,89,SHORT,2026-03-14T09:00:00,2067.33,2026-03-14T11:00:00,2073.67,2,-0.31,Signal changed to 1.0
PRICE_VS_EMA_SAR_LONG_SHORT,100,None,90,LONG,2026-03-14T11:00:00,2073.67,2026-03-18T12:00:00,2237.49,97,7.9,Signal changed to -1.0
PRICE_VS_EMA_SAR_LONG_SHORT,100,None,91,SHORT,2026-03-18T12:00:00,2237.49,2026-03-23T11:00:00,2134.78,119,4.59,Signal changed to 1.0
PRICE_VS_EMA_SAR_LONG_SHORT,100,None,92,LONG,2026-03-23T11:00:00,2134.78,2026-03-24T16:00:00,2127.2,29,-0.36,Signal changed to -1.0
PRICE_VS_EMA_SAR_LONG_SHORT,100,None,93,SHORT,2026-03-24T16:00:00,2127.2,2026-03-24T20:00:00,2148.48,4,-1.0,Signal changed to 1.0
PRICE_VS_EMA_SAR_LONG_SHORT,100,None,94,LONG,2026-03-24T20:00:00,2148.48,2026-03-26T05:00:00,2119.55,33,-1.35,Signal changed to -1.0
PRICE_VS_EMA_SAR_LONG_SHORT,100,None,95,SHORT,2026-03-26T05:00:00,2119.55,2026-03-30T03:00:00,2035.88,94,3.95,Signal changed to 1.0
PRICE_VS_EMA_SAR_LONG_SHORT,100,None,96,LONG,2026-03-30T03:00:00,2035.88,2026-03-30T18:00:00,2032.61,15,-0.16,Signal changed to -1.0
PRICE_VS_EMA_SAR_LONG_SHORT,100,None,97,SHORT,2026-03-30T18:00:00,2032.61,2026-03-31T01:00:00,2073.0,7,-1.99,Signal changed to 1.0
PRICE_VS_EMA_SAR_LONG_SHORT,100,None,98,LONG,2026-03-31T01:00:00,2073.0,2026-03-31T08:00:00,2040.1,7,-1.59,Signal changed to -1.0
PRICE_VS_EMA_SAR_LONG_SHORT,100,None,99,SHORT,2026-03-31T08:00:00,2040.1,2026-03-31T11:00:00,2041.2,3,-0.05,Signal changed to 1.0
PRICE_VS_EMA_SAR_LONG_SHORT,100,None,100,LONG,2026-03-31T11:00:00,2041.2,2026-04-02T02:00:00,2073.89,39,1.6,Signal changed to -1.0
PRICE_VS_EMA_SAR_LONG_SHORT,100,None,101,SHORT,2026-04-02T02:00:00,2073.89,2026-04-04T19:00:00,2064.71,65,0.44,Signal changed to 1.0
PRICE_VS_EMA_SAR_LONG_SHORT,100,None,102,LONG,2026-04-04T19:00:00,2064.71,2026-04-05T00:00:00,2062.1,5,-0.13,Signal changed to -1.0
PRICE_VS_EMA_SAR_LONG_SHORT,100,None,103,SHORT,2026-04-05T00:00:00,2062.1,2026-04-05T17:00:00,2062.53,17,-0.02,Signal changed to 1.0
PRICE_VS_EMA_SAR_LONG_SHORT,100,None,104,LONG,2026-04-05T17:00:00,2062.53,2026-04-07T10:00:00,2089.32,41,1.3,Signal changed to -1.0
PRICE_VS_EMA_SAR_LONG_SHORT,100,None,105,SHORT,2026-04-07T10:00:00,2089.32,2026-04-07T17:00:00,2099.5,7,-0.49,Signal changed to 1.0
PRICE_VS_EMA_SAR_LONG_SHORT,100,None,106,LONG,2026-04-07T17:00:00,2099.5,2026-04-07T18:00:00,2086.3,1,-0.63,Signal changed to -1.0
PRICE_VS_EMA_SAR_LONG_SHORT,100,None,107,SHORT,2026-04-07T18:00:00,2086.3,2026-04-07T19:00:00,2113.39,1,-1.3,Signal changed to 1.0
PRICE_VS_EMA_SAR_LONG_SHORT,100,None,108,LONG,2026-04-07T19:00:00,2113.39,2026-04-12T03:00:00,2213.71,104,4.75,Signal changed to -1.0
PRICE_VS_EMA_SAR_LONG_SHORT,100,None,109,SHORT,2026-04-12T03:00:00,2213.71,2026-04-12T05:00:00,2217.28,2,-0.16,Signal changed to 1.0
PRICE_VS_EMA_SAR_LONG_SHORT,100,None,110,LONG,2026-04-12T05:00:00,2217.28,2026-04-12T08:00:00,2214.0,3,-0.15,Signal changed to -1.0
PRICE_VS_EMA_SAR_LONG_SHORT,100,None,111,SHORT,2026-04-12T08:00:00,2214.0,2026-04-12T20:00:00,2213.53,12,0.02,Signal changed to 1.0
PRICE_VS_EMA_SAR_LONG_SHORT,100,None,112,LONG,2026-04-12T20:00:00,2213.53,2026-04-12T21:00:00,2211.24,1,-0.1,Signal changed to -1.0
PRICE_VS_EMA_SAR_LONG_SHORT,100,None,113,SHORT,2026-04-12T21:00:00,2211.24,2026-04-13T13:00:00,2215.47,16,-0.19,Signal changed to 1.0
PRICE_VS_EMA_SAR_LONG_SHORT,100,None,114,LONG,2026-04-13T13:00:00,2215.47,2026-04-18T11:00:00,2352.96,118,6.21,Signal changed to -1.0
PRICE_VS_EMA_SAR_LONG_SHORT,100,None,115,SHORT,2026-04-18T11:00:00,2352.96,2026-04-18T12:00:00,2357.93,1,-0.21,Signal changed to 1.0
PRICE_VS_EMA_SAR_LONG_SHORT,100,None,116,LONG,2026-04-18T12:00:00,2357.93,2026-04-18T18:00:00,2347.44,6,-0.44,Signal changed to -1.0
PRICE_VS_EMA_SAR_LONG_SHORT,100,None,117,SHORT,2026-04-18T18:00:00,2347.44,2026-04-18T21:00:00,2355.33,3,-0.34,Signal changed to 1.0
PRICE_VS_EMA_SAR_LONG_SHORT,100,None,118,LONG,2026-04-18T21:00:00,2355.33,2026-04-18T23:00:00,2350.32,2,-0.21,Signal changed to -1.0
PRICE_VS_EMA_SAR_LONG_SHORT,100,None,119,SHORT,2026-04-18T23:00:00,2350.32,2026-04-20T18:00:00,2334.23,43,0.68,Signal changed to 1.0
PRICE_VS_EMA_SAR_LONG_SHORT,100,None,120,LONG,2026-04-20T18:00:00,2334.23,2026-04-20T21:00:00,2321.65,3,-0.54,Signal changed to -1.0
PRICE_VS_EMA_SAR_LONG_SHORT,100,None,121,SHORT,2026-04-20T21:00:00,2321.65,2026-04-21T09:00:00,2325.69,12,-0.17,Signal changed to 1.0
PRICE_VS_EMA_SAR_LONG_SHORT,100,None,122,LONG,2026-04-21T09:00:00,2325.69,2026-04-21T11:00:00,2320.45,2,-0.23,Signal changed to -1.0
PRICE_VS_EMA_SAR_LONG_SHORT,100,None,123,SHORT,2026-04-21T11:00:00,2320.45,2026-04-21T23:00:00,2327.14,12,-0.29,Signal changed to 1.0
PRICE_VS_EMA_SAR_LONG_SHORT,100,None,124,LONG,2026-04-21T23:00:00,2327.14,2026-04-23T03:00:00,2340.81,28,0.59,Signal changed to -1.0
PRICE_VS_EMA_SAR_LONG_SHORT,100,None,125,SHORT,2026-04-23T03:00:00,2340.81,2026-04-23T04:00:00,2347.84,1,-0.3,Signal changed to 1.0
PRICE_VS_EMA_SAR_LONG_SHORT,100,None,126,LONG,2026-04-23T04:00:00,2347.84,2026-04-23T07:00:00,2344.43,3,-0.15,Signal changed to -1.0
PRICE_VS_EMA_SAR_LONG_SHORT,100,None,127,SHORT,2026-04-23T07:00:00,2344.43,2026-04-26T05:00:00,2327.84,70,0.71,Signal changed to 1.0
PRICE_VS_EMA_SAR_LONG_SHORT,100,None,128,LONG,2026-04-26T05:00:00,2327.84,2026-04-27T05:00:00,2323.18,24,-0.2,Signal changed to -1.0
PRICE_VS_EMA_SAR_LONG_SHORT,100,None,129,SHORT,2026-04-27T05:00:00,2323.18,2026-04-29T03:00:00,2311.52,46,0.5,Signal changed to 1.0
PRICE_VS_EMA_SAR_LONG_SHORT,100,None,130,LONG,2026-04-29T03:00:00,2311.52,2026-04-29T13:00:00,2303.03,10,-0.37,Signal changed to -1.0
PRICE_VS_EMA_SAR_LONG_SHORT,100,None,131,SHORT,2026-04-29T13:00:00,2303.03,2026-05-01T08:00:00,2286.92,43,0.7,Signal changed to 1.0
PRICE_VS_EMA_SAR_LONG_SHORT,100,None,132,LONG,2026-05-01T08:00:00,2286.92,2026-05-01T09:00:00,2282.07,1,-0.21,Signal changed to -1.0
PRICE_VS_EMA_SAR_LONG_SHORT,100,None,133,SHORT,2026-05-01T09:00:00,2282.07,2026-05-01T11:00:00,2286.45,2,-0.19,Signal changed to 1.0
PRICE_VS_EMA_SAR_LONG_SHORT,100,None,134,LONG,2026-05-01T11:00:00,2286.45,2026-05-01T20:00:00,2285.19,9,-0.06,Signal changed to -1.0
PRICE_VS_EMA_SAR_LONG_SHORT,100,None,135,SHORT,2026-05-01T20:00:00,2285.19,2026-05-01T21:00:00,2292.68,1,-0.33,Signal changed to 1.0
PRICE_VS_EMA_SAR_LONG_SHORT,100,None,136,LONG,2026-05-01T21:00:00,2292.68,2026-05-06T17:00:00,2349.7,116,2.49,Signal changed to -1.0
PRICE_VS_EMA_SAR_LONG_SHORT,100,None,137,SHORT,2026-05-06T17:00:00,2349.7,2026-05-06T21:00:00,2354.52,4,-0.21,Signal changed to 1.0
PRICE_VS_EMA_SAR_LONG_SHORT,100,None,138,LONG,2026-05-06T21:00:00,2354.52,2026-05-06T22:00:00,2347.28,1,-0.31,Signal changed to -1.0
PRICE_VS_EMA_SAR_LONG_SHORT,100,None,139,SHORT,2026-05-06T22:00:00,2347.28,2026-05-09T16:00:00,2319.99,66,1.16,Signal changed to 1.0
PRICE_VS_EMA_SAR_LONG_SHORT,100,None,140,LONG,2026-05-09T16:00:00,2319.99,2026-05-11T12:00:00,2329.5,44,0.41,Signal changed to -1.0
PRICE_VS_EMA_SAR_LONG_SHORT,100,None,141,SHORT,2026-05-11T12:00:00,2329.5,2026-05-11T15:00:00,2333.48,3,-0.17,Signal changed to 1.0
PRICE_VS_EMA_SAR_LONG_SHORT,100,None,142,LONG,2026-05-11T15:00:00,2333.48,2026-05-12T01:00:00,2311.41,10,-0.95,Signal changed to -1.0
PRICE_VS_EMA_SAR_LONG_SHORT,100,None,143,SHORT,2026-05-12T01:00:00,2311.41,2026-05-13T08:00:00,2316.64,31,-0.23,Signal changed to 1.0
PRICE_VS_EMA_SAR_LONG_SHORT,100,None,144,LONG,2026-05-13T08:00:00,2316.64,2026-05-13T10:00:00,2308.46,2,-0.35,Signal changed to -1.0
PRICE_VS_EMA_SAR_LONG_SHORT,100,None,145,SHORT,2026-05-13T10:00:00,2308.46,2026-05-14T15:00:00,2298.48,29,0.43,Signal changed to 1.0
PRICE_VS_EMA_SAR_LONG_SHORT,100,None,146,LONG,2026-05-14T15:00:00,2298.48,2026-05-14T23:00:00,2283.25,8,-0.66,Signal changed to -1.0
PRICE_VS_EMA_SAR_LONG_SHORT,100,None,147,SHORT,2026-05-14T23:00:00,2283.25,2026-05-21T17:00:00,2146.6,162,5.98,Signal changed to 1.0
PRICE_VS_EMA_SAR_LONG_SHORT,100,None,148,LONG,2026-05-21T17:00:00,2146.6,2026-05-21T18:00:00,2126.87,1,-0.92,Signal changed to -1.0
PRICE_VS_EMA_SAR_LONG_SHORT,100,None,149,SHORT,2026-05-21T18:00:00,2126.87,2026-05-21T19:00:00,2142.83,1,-0.75,Signal changed to 1.0
PRICE_VS_EMA_SAR_LONG_SHORT,100,None,150,LONG,2026-05-21T19:00:00,2142.83,2026-05-21T20:00:00,2138.62,1,-0.2,Signal changed to -1.0
PRICE_VS_EMA_SAR_LONG_SHORT,100,None,151,SHORT,2026-05-21T20:00:00,2138.62,2026-05-23T20:00:00,2146.3,48,-0.36,Signal changed to 1.0
PRICE_VS_EMA_SAR_LONG_SHORT,100,None,152,LONG,2026-05-23T20:00:00,2146.3,2026-05-24T13:00:00,2110.14,17,-1.68,Signal changed to -1.0
PRICE_VS_EMA_SAR_LONG_SHORT,100,None,153,SHORT,2026-05-24T13:00:00,2110.14,2026-05-25T05:00:00,2108.22,16,0.09,Signal changed to 1.0
PRICE_VS_EMA_SAR_LONG_SHORT,100,None,154,LONG,2026-05-25T05:00:00,2108.22,2026-05-25T20:00:00,2108.64,15,0.02,Signal changed to -1.0
PRICE_VS_EMA_SAR_LONG_SHORT,100,None,155,SHORT,2026-05-25T20:00:00,2108.64,2026-05-25T21:00:00,2110.9,1,-0.11,Signal changed to 1.0
PRICE_VS_EMA_SAR_LONG_SHORT,100,None,156,LONG,2026-05-25T21:00:00,2110.9,2026-05-25T22:00:00,2103.61,1,-0.35,Signal changed to -1.0
PRICE_VS_EMA_SAR_LONG_SHORT,100,None,157,SHORT,2026-05-25T22:00:00,2103.61,2026-05-25T23:00:00,2113.01,1,-0.45,Signal changed to 1.0
PRICE_VS_EMA_SAR_LONG_SHORT,100,None,158,LONG,2026-05-25T23:00:00,2113.01,2026-05-26T00:00:00,2097.75,1,-0.72,Signal changed to -1.0
PRICE_VS_EMA_SAR_LONG_SHORT,100,None,159,SHORT,2026-05-26T00:00:00,2097.75,2026-05-26T10:00:00,2127.56,10,-1.42,Signal changed to 1.0
PRICE_VS_EMA_SAR_LONG_SHORT,100,None,160,LONG,2026-05-26T10:00:00,2127.56,2026-05-26T15:00:00,2087.36,5,-1.89,Signal changed to -1.0
PRICE_VS_EMA_SAR_LONG_SHORT,100,None,161,SHORT,2026-05-26T15:00:00,2087.36,2026-05-31T02:00:00,2034.36,107,2.54,Signal changed to 1.0
PRICE_VS_EMA_SAR_LONG_SHORT,100,None,162,LONG,2026-05-31T02:00:00,2034.36,2026-05-31T05:00:00,2030.18,3,-0.21,Signal changed to -1.0
PRICE_VS_EMA_SAR_LONG_SHORT,100,None,163,SHORT,2026-05-31T05:00:00,2030.18,2026-06-07T22:00:00,1672.56,185,17.62,Signal changed to 1.0
PRICE_VS_EMA_SAR_LONG_SHORT,100,None,164,LONG,2026-06-07T22:00:00,1672.56,2026-06-08T04:00:00,1657.05,6,-0.93,Signal changed to -1.0
PRICE_VS_EMA_SAR_LONG_SHORT,100,None,165,SHORT,2026-06-08T04:00:00,1657.05,2026-06-08T07:00:00,1673.47,3,-0.99,Signal changed to 1.0
PRICE_VS_EMA_SAR_LONG_SHORT,100,None,166,LONG,2026-06-08T07:00:00,1673.47,2026-06-08T08:00:00,1661.17,1,-0.73,Signal changed to -1.0
PRICE_VS_EMA_SAR_LONG_SHORT,100,None,167,SHORT,2026-06-08T08:00:00,1661.17,2026-06-08T10:00:00,1672.36,2,-0.67,Signal changed to 1.0
PRICE_VS_EMA_SAR_LONG_SHORT,100,None,168,LONG,2026-06-08T10:00:00,1672.36,2026-06-09T00:00:00,1663.26,14,-0.54,Signal changed to -1.0
PRICE_VS_EMA_SAR_LONG_SHORT,100,None,169,SHORT,2026-06-09T00:00:00,1663.26,2026-06-09T04:00:00,1686.35,4,-1.39,Signal changed to 1.0
PRICE_VS_EMA_SAR_LONG_SHORT,100,None,170,LONG,2026-06-09T04:00:00,1686.35,2026-06-09T08:00:00,1675.28,4,-0.66,Signal changed to -1.0
PRICE_VS_EMA_SAR_LONG_SHORT,100,None,171,SHORT,2026-06-09T08:00:00,1675.28,2026-06-09T12:00:00,1676.9,4,-0.1,Signal changed to 1.0
PRICE_VS_EMA_SAR_LONG_SHORT,100,None,172,LONG,2026-06-09T12:00:00,1676.9,2026-06-09T13:00:00,1666.71,1,-0.61,Signal changed to -1.0
PRICE_VS_EMA_SAR_LONG_SHORT,100,None,173,SHORT,2026-06-09T13:00:00,1666.71,2026-06-11T04:00:00,1656.89,39,0.59,Signal changed to 1.0
PRICE_VS_EMA_SAR_LONG_SHORT,100,None,174,LONG,2026-06-11T04:00:00,1656.89,2026-06-11T05:00:00,1647.95,1,-0.54,Signal changed to -1.0
PRICE_VS_EMA_SAR_LONG_SHORT,100,None,175,SHORT,2026-06-11T05:00:00,1647.95,2026-06-11T06:00:00,1654.82,1,-0.42,Signal changed to 1.0
PRICE_VS_EMA_SAR_LONG_SHORT,100,None,176,LONG,2026-06-11T06:00:00,1654.82,2026-06-11T07:00:00,1654.41,1,-0.02,Signal changed to -1.0
PRICE_VS_EMA_SAR_LONG_SHORT,100,None,177,SHORT,2026-06-11T07:00:00,1654.41,2026-06-11T08:00:00,1659.96,1,-0.34,Signal changed to 1.0
PRICE_VS_EMA_SAR_LONG_SHORT,100,None,178,LONG,2026-06-11T08:00:00,1659.96,2026-06-11T12:00:00,1651.84,4,-0.49,Signal changed to -1.0
PRICE_VS_EMA_SAR_LONG_SHORT,100,None,179,SHORT,2026-06-11T12:00:00,1651.84,2026-06-11T17:00:00,1688.66,5,-2.23,Signal changed to 1.0
PRICE_VS_EMA_SAR_LONG_SHORT,100,None,180,LONG,2026-06-11T17:00:00,1688.66,2026-06-12T06:00:00,1657.34,13,-1.85,Signal changed to -1.0
PRICE_VS_EMA_SAR_LONG_SHORT,100,None,181,SHORT,2026-06-12T06:00:00,1657.34,2026-06-12T07:00:00,1662.12,1,-0.29,Signal changed to 1.0
PRICE_VS_EMA_SAR_LONG_SHORT,100,None,182,LONG,2026-06-12T07:00:00,1662.12,2026-06-12T13:00:00,1657.6,6,-0.27,Signal changed to -1.0
PRICE_VS_EMA_SAR_LONG_SHORT,100,None,183,SHORT,2026-06-12T13:00:00,1657.6,2026-06-12T14:00:00,1685.64,1,-1.69,Signal changed to 1.0
PRICE_VS_EMA_SAR_LONG_SHORT,100,None,184,LONG,2026-06-12T14:00:00,1685.64,2026-06-12T15:00:00,1660.08,1,-1.52,Signal changed to -1.0
PRICE_VS_EMA_SAR_LONG_SHORT,100,None,185,SHORT,2026-06-12T15:00:00,1660.08,2026-06-12T16:00:00,1672.9,1,-0.77,Signal changed to 1.0
PRICE_VS_EMA_SAR_LONG_SHORT,100,None,186,LONG,2026-06-12T16:00:00,1672.9,2026-06-14T12:00:00,1666.9,44,-0.36,Signal changed to -1.0
PRICE_VS_EMA_SAR_LONG_SHORT,100,None,187,SHORT,2026-06-14T12:00:00,1666.9,2026-06-14T20:00:00,1670.48,8,-0.21,Signal changed to 1.0
PRICE_VS_EMA_SAR_LONG_SHORT,100,None,188,LONG,2026-06-14T20:00:00,1670.48,2026-06-17T19:00:00,1734.72,71,3.85,Signal changed to -1.0
PRICE_VS_EMA_SAR_LONG_SHORT,100,None,189,SHORT,2026-06-17T19:00:00,1734.72,2026-06-18T00:00:00,1752.97,5,-1.05,Signal changed to 1.0
PRICE_VS_EMA_SAR_LONG_SHORT,100,None,190,LONG,2026-06-18T00:00:00,1752.97,2026-06-18T03:00:00,1744.17,3,-0.5,Signal changed to -1.0
PRICE_VS_EMA_SAR_LONG_SHORT,100,None,191,SHORT,2026-06-18T03:00:00,1744.17,2026-06-18T12:00:00,1750.41,9,-0.36,Signal changed to 1.0
PRICE_VS_EMA_SAR_LONG_SHORT,100,None,192,LONG,2026-06-18T12:00:00,1750.41,2026-06-18T13:00:00,1736.78,1,-0.78,Signal changed to -1.0
PRICE_VS_EMA_SAR_LONG_SHORT,100,None,193,SHORT,2026-06-18T13:00:00,1736.78,2026-06-20T05:00:00,1726.1,40,0.61,Signal changed to 1.0
PRICE_VS_EMA_SAR_LONG_SHORT,100,None,194,LONG,2026-06-20T05:00:00,1726.1,2026-06-20T08:00:00,1722.83,3,-0.19,Signal changed to -1.0
PRICE_VS_EMA_SAR_LONG_SHORT,100,None,195,SHORT,2026-06-20T08:00:00,1722.83,2026-06-20T09:00:00,1728.47,1,-0.33,Signal changed to 1.0
PRICE_VS_EMA_SAR_LONG_SHORT,100,None,196,LONG,2026-06-20T09:00:00,1728.47,2026-06-20T13:00:00,1717.56,4,-0.63,Signal changed to -1.0
PRICE_VS_EMA_SAR_LONG_SHORT,100,None,197,SHORT,2026-06-20T13:00:00,1717.56,2026-06-20T14:00:00,1733.48,1,-0.93,Signal changed to 1.0
PRICE_VS_EMA_SAR_LONG_SHORT,100,None,198,LONG,2026-06-20T14:00:00,1733.48,2026-06-21T11:00:00,1725.36,21,-0.47,Signal changed to -1.0
PRICE_VS_EMA_SAR_LONG_SHORT,100,None,199,SHORT,2026-06-21T11:00:00,1725.36,2026-06-21T14:00:00,1728.44,3,-0.18,Signal changed to 1.0
PRICE_VS_EMA_SAR_LONG_SHORT,100,None,200,LONG,2026-06-21T14:00:00,1728.44,2026-06-21T17:00:00,1727.36,3,-0.06,Signal changed to -1.0
PRICE_VS_EMA_SAR_LONG_SHORT,100,None,201,SHORT,2026-06-21T17:00:00,1727.36,2026-06-21T18:00:00,1735.39,1,-0.46,Signal changed to 1.0
PRICE_VS_EMA_SAR_LONG_SHORT,100,None,202,LONG,2026-06-21T18:00:00,1735.39,2026-06-21T20:00:00,1721.3,2,-0.81,Signal changed to -1.0
PRICE_VS_EMA_SAR_LONG_SHORT,100,None,203,SHORT,2026-06-21T20:00:00,1721.3,2026-06-22T01:00:00,1743.82,5,-1.31,Signal changed to 1.0
PRICE_VS_EMA_SAR_LONG_SHORT,100,None,204,LONG,2026-06-22T01:00:00,1743.82,2026-06-22T21:00:00,1732.74,20,-0.64,Signal changed to -1.0
PRICE_VS_EMA_SAR_LONG_SHORT,100,None,205,SHORT,2026-06-22T21:00:00,1732.74,2026-06-29T17:00:00,1628.03,164,6.04,Signal changed to 1.0
PRICE_VS_EMA_SAR_LONG_SHORT,100,None,206,LONG,2026-06-29T17:00:00,1628.03,2026-06-30T02:00:00,1590.57,9,-2.3,Signal changed to -1.0
PRICE_VS_EMA_SAR_LONG_SHORT,100,None,207,SHORT,2026-06-30T02:00:00,1590.57,2026-06-30T06:00:00,1593.72,4,-0.2,Signal changed to 1.0
PRICE_VS_EMA_SAR_LONG_SHORT,100,None,208,LONG,2026-06-30T06:00:00,1593.72,2026-06-30T07:00:00,1592.51,1,-0.08,Signal changed to -1.0
PRICE_VS_EMA_SAR_LONG_SHORT,100,None,209,SHORT,2026-06-30T07:00:00,1592.51,2026-07-01T03:00:00,1594.81,20,-0.14,Signal changed to 1.0
PRICE_VS_EMA_SAR_LONG_SHORT,100,None,210,LONG,2026-07-01T03:00:00,1594.81,2026-07-01T06:00:00,1575.99,3,-1.18,Signal changed to -1.0
PRICE_VS_EMA_SAR_LONG_SHORT,100,None,211,SHORT,2026-07-01T06:00:00,1575.99,2026-07-01T13:00:00,1597.22,7,-1.35,Signal changed to 1.0
PRICE_VS_EMA_SAR_LONG_SHORT,100,None,212,LONG,2026-07-01T13:00:00,1597.22,2026-07-08T01:00:00,1755.94,156,9.94,Signal changed to -1.0
PRICE_VS_EMA_SAR_LONG_SHORT,100,None,213,SHORT,2026-07-08T01:00:00,1755.94,2026-07-09T06:00:00,1755.26,29,0.04,Signal changed to 1.0
PRICE_VS_EMA_SAR_LONG_SHORT,100,None,214,LONG,2026-07-09T06:00:00,1755.26,2026-07-09T10:00:00,1746.31,4,-0.51,Signal changed to -1.0
PRICE_VS_EMA_SAR_LONG_SHORT,100,None,215,SHORT,2026-07-09T10:00:00,1746.31,2026-07-10T01:00:00,1767.62,15,-1.22,Signal changed to 1.0
PRICE_VS_EMA_SAR_LONG_SHORT,100,None,216,LONG,2026-07-10T01:00:00,1767.62,2026-07-13T03:00:00,1780.55,74,0.73,Signal changed to -1.0
PRICE_VS_EMA_SAR_LONG_SHORT,100,None,217,SHORT,2026-07-13T03:00:00,1780.55,2026-07-14T05:00:00,1787.04,26,-0.36,Signal changed to 1.0
PRICE_VS_EMA_SAR_LONG_SHORT,100,None,218,LONG,2026-07-14T05:00:00,1787.04,2026-07-14T06:00:00,1783.19,1,-0.22,Signal changed to -1.0
PRICE_VS_EMA_SAR_LONG_SHORT,100,None,219,SHORT,2026-07-14T06:00:00,1783.19,2026-07-14T10:00:00,1800.12,4,-0.95,Signal changed to 1.0
PRICE_VS_EMA_SAR_LONG_SHORT,100,None,220,LONG,2026-07-14T10:00:00,1800.12,2026-07-17T01:00:00,1851.21,63,2.84,Signal changed to -1.0
PRICE_VS_EMA_SAR_LONG_SHORT,100,None,221,SHORT,2026-07-17T01:00:00,1851.21,2026-07-18T17:00:00,1852.82,40,-0.09,Signal changed to 1.0
PRICE_VS_EMA_SAR_LONG_SHORT,100,None,222,LONG,2026-07-18T17:00:00,1852.82,2026-07-20T05:00:00,1855.45,36,0.14,Signal changed to -1.0
PRICE_VS_EMA_SAR_LONG_SHORT,100,None,223,SHORT,2026-07-20T05:00:00,1855.45,2026-07-20T07:00:00,1863.95,2,-0.46,Signal changed to 1.0
PRICE_VS_EMA_SAR_LONG_SHORT,100,None,224,LONG,2026-07-20T07:00:00,1863.95,2026-07-23T12:00:00,1904.64,77,2.18,Signal changed to -1.0
PRICE_VS_EMA_SAR_LONG_SHORT,100,None,225,SHORT,2026-07-23T12:00:00,1904.64,2026-07-26T03:00:00,1882.21,63,1.18,Signal changed to 1.0
PRICE_VS_EMA_SAR_LONG_SHORT,100,None,226,LONG,2026-07-26T03:00:00,1882.21,2026-07-26T07:00:00,1881.56,4,-0.03,Signal changed to -1.0
PRICE_VS_EMA_SAR_LONG_SHORT,100,None,227,SHORT,2026-07-26T07:00:00,1881.56,2026-07-26T09:00:00,1883.8,2,-0.12,Signal changed to 1.0
PRICE_VS_EMA_SAR_LONG_SHORT,100,None,228,LONG,2026-07-26T09:00:00,1883.8,2026-07-27T22:00:00,1893.6,37,0.52,Signal changed to -1.0
PRICE_VS_EMA_SAR_LONG_SHORT,100,None,229,SHORT,2026-07-27T22:00:00,1893.6,2026-07-28T15:00:00,1920.02,17,-1.4,Signal changed to 1.0
PRICE_VS_EMA_SAR_LONG_SHORT,100,None,230,LONG,2026-07-28T15:00:00,1920.02,2026-07-28T17:00:00,1901.89,2,-0.94,Signal changed to -1.0
PRICE_VS_EMA_SAR_LONG_SHORT,100,None,231,SHORT,2026-07-28T17:00:00,1901.89,2026-07-28T18:00:00,1911.22,1,-0.49,Signal changed to 1.0
PRICE_VS_EMA_SAR_LONG_SHORT,100,None,232,LONG,2026-07-28T18:00:00,1911.22,2026-07-29T01:00:00,1905.7,7,-0.29,Signal changed to -1.0
PRICE_VS_EMA_SAR_LONG_SHORT,100,None,233,SHORT,2026-07-29T01:00:00,1905.7,2026-07-29T02:00:00,1911.1,1,-0.28,Signal changed to 1.0
PRICE_VS_EMA_SAR_LONG_SHORT,100,None,234,LONG,2026-07-29T02:00:00,1911.1,2026-07-29T03:00:00,1892.7,1,-0.96,Signal changed to -1.0
PRICE_VS_EMA_SAR_LONG_SHORT,100,None,235,SHORT,2026-07-29T03:00:00,1892.7,2026-07-29T05:00:00,1912.54,2,-1.05,Signal changed to 1.0
PRICE_VS_EMA_SAR_LONG_SHORT,100,None,236,LONG,2026-07-29T05:00:00,1912.54,2026-07-29T12:00:00,1905.23,7,-0.38,Signal changed to -1.0
PRICE_VS_EMA_SAR_LONG_SHORT,100,None,237,SHORT,2026-07-29T12:00:00,1905.23,2026-07-29T13:00:00,1909.24,1,-0.21,Signal changed to 1.0
PRICE_VS_EMA_SAR_LONG_SHORT,100,None,238,LONG,2026-07-29T13:00:00,1909.24,2026-07-29T14:00:00,1895.23,1,-0.73,Signal changed to -1.0
PRICE_VS_EMA_SAR_LONG_SHORT,100,None,239,SHORT,2026-07-29T14:00:00,1895.23,2026-07-29T17:00:00,1916.16,3,-1.1,Signal changed to 1.0
PRICE_VS_EMA_SAR_LONG_SHORT,100,None,240,LONG,2026-07-29T17:00:00,1916.16,2026-07-29T19:00:00,1888.56,2,-1.44,Signal changed to -1.0
PRICE_VS_EMA_SAR_LONG_SHORT,100,None,241,SHORT,2026-07-29T19:00:00,1888.56,2026-07-29T22:00:00,1907.18,3,-0.99,Signal changed to 1.0
PRICE_VS_EMA_SAR_LONG_SHORT,100,None,242,LONG,2026-07-29T22:00:00,1907.18,2026-07-30T00:00:00,1898.22,2,-0.47,Signal changed to -1.0
PRICE_VS_EMA_SAR_LONG_SHORT,100,None,243,SHORT,2026-07-30T00:00:00,1898.22,2026-07-30T01:00:00,1916.77,1,-0.98,Signal changed to 1.0
PRICE_VS_EMA_SAR_LONG_SHORT,100,None,244,LONG,2026-07-30T01:00:00,1916.77,2026-07-30T04:00:00,1901.99,3,-0.77,Signal changed to -1.0
PRICE_VS_EMA_SAR_LONG_SHORT,100,None,245,SHORT,2026-07-30T04:00:00,1901.99,2026-07-30T05:00:00,1906.34,1,-0.23,Signal changed to 1.0
PRICE_VS_EMA_SAR_LONG_SHORT,100,None,246,LONG,2026-07-30T05:00:00,1906.34,2026-07-30T06:00:00,1901.32,1,-0.26,Signal changed to -1.0
PRICE_VS_EMA_SAR_LONG_SHORT,100,None,247,SHORT,2026-07-30T06:00:00,1901.32,2026-07-30T08:00:00,1914.99,2,-0.72,Signal changed to 1.0
PRICE_VS_EMA_SAR_LONG_SHORT,100,None,248,LONG,2026-07-30T08:00:00,1914.99,2026-07-31T02:00:00,1904.15,18,-0.57,Signal changed to -1.0
PRICE_VS_EMA_SAR_LONG_SHORT,100,None,249,SHORT,2026-07-31T02:00:00,1904.15,2026-08-02T19:00:00,1882.2,65,1.15,Signal changed to 1.0
PRICE_VS_EMA_SAR_LONG_SHORT,100,None,250,LONG,2026-08-02T19:00:00,1882.2,2026-08-03T00:00:00,1873.87,5,-0.44,Signal changed to -1.0
PRICE_VS_EMA_SAR_LONG_SHORT,100,None,251,SHORT,2026-08-03T00:00:00,1873.87,2026-08-03T14:00:00,1873.79,14,0.0,Signal changed to 1.0
PRICE_VS_EMA_SAR_LONG_SHORT,100,None,252,LONG,2026-08-03T14:00:00,1873.79,2026-08-03T15:00:00,1863.34,1,-0.56,Signal changed to -1.0
PRICE_VS_EMA_SAR_LONG_SHORT,100,None,253,SHORT,2026-08-03T15:00:00,1863.34,2026-08-04T11:00:00,1872.89,20,-0.51,Signal changed to 1.0
PRICE_VS_EMA_SAR_LONG_SHORT,100,None,254,LONG,2026-08-04T11:00:00,1872.89,2026-08-04T13:00:00,1862.06,2,-0.58,Signal changed to -1.0
PRICE_VS_EMA_SAR_LONG_SHORT,100,None,255,SHORT,2026-08-04T13:00:00,1862.06,2026-08-04T14:00:00,1873.03,1,-0.59,Signal changed to 1.0
PRICE_VS_EMA_SAR_LONG_SHORT,100,None,256,LONG,2026-08-04T14:00:00,1873.03,2026-08-04T16:00:00,1869.68,2,-0.18,Signal changed to -1.0
PRICE_VS_EMA_SAR_LONG_SHORT,100,None,257,SHORT,2026-08-04T16:00:00,1869.68,2026-08-04T18:00:00,1875.29,2,-0.3,Signal changed to 1.0
PRICE_VS_EMA_SAR_LONG_SHORT,100,None,258,LONG,2026-08-04T18:00:00,1875.29,2026-08-04T23:00:00,1869.75,5,-0.3,Signal changed to -1.0
PRICE_VS_EMA_SAR_LONG_SHORT,100,None,259,SHORT,2026-08-04T23:00:00,1869.75,2026-08-05T01:00:00,1873.37,2,-0.19,Signal changed to 1.0
PRICE_VS_EMA_SAR_LONG_SHORT,100,None,260,LONG,2026-08-05T01:00:00,1873.37,2026-08-05T03:00:00,1867.75,2,-0.3,Signal changed to -1.0
PRICE_VS_EMA_SAR_LONG_SHORT,100,None,261,SHORT,2026-08-05T03:00:00,1867.75,2026-08-05T05:00:00,1873.46,2,-0.31,Signal changed to 1.0
PRICE_VS_EMA_SAR_LONG_SHORT,100,None,262,LONG,2026-08-05T05:00:00,1873.46,2026-08-05T06:00:00,1869.88,1,-0.19,Signal changed to -1.0
PRICE_VS_EMA_SAR_LONG_SHORT,100,None,263,SHORT,2026-08-05T06:00:00,1869.88,2026-08-05T07:00:00,1872.2,1,-0.12,Signal changed to 1.0
PRICE_VS_EMA_SAR_LONG_SHORT,100,None,264,LONG,2026-08-05T07:00:00,1872.2,2026-08-05T08:00:00,1869.99,1,-0.12,Signal changed to -1.0
PRICE_VS_EMA_SAR_LONG_SHORT,100,None,265,SHORT,2026-08-05T08:00:00,1869.99,2026-08-05T09:00:00,1871.94,1,-0.1,Signal changed to 1.0
PRICE_VS_EMA_SAR_LONG_SHORT,100,None,266,LONG,2026-08-05T09:00:00,1871.94,2026-08-05T10:00:00,1868.33,1,-0.19,Signal changed to -1.0
PRICE_VS_EMA_SAR_LONG_SHORT,100,None,267,SHORT,2026-08-05T10:00:00,1868.33,2026-08-05T12:00:00,1876.25,2,-0.42,Signal changed to 1.0
PRICE_VS_EMA_SAR_LONG_SHORT,100,None,268,LONG,2026-08-05T12:00:00,1876.25,2026-08-09T23:00:00,1910.65,107,1.83,Signal changed to -1.0
PRICE_VS_EMA_SAR_LONG_SHORT,100,None,269,SHORT,2026-08-09T23:00:00,1910.65,2026-08-10T00:00:00,1912.78,1,-0.11,Signal changed to 1.0
PRICE_VS_EMA_SAR_LONG_SHORT,100,None,270,LONG,2026-08-10T00:00:00,1912.78,2026-08-10T12:00:00,1906.0,12,-0.35,Signal changed to -1.0
PRICE_VS_EMA_SAR_LONG_SHORT,100,None,271,SHORT,2026-08-10T12:00:00,1906.0,2026-08-12T09:00:00,1905.84,45,0.01,Signal changed to 1.0
PRICE_VS_EMA_SAR_LONG_SHORT,100,None,272,LONG,2026-08-12T09:00:00,1905.84,2026-08-12T14:00:00,1887.79,5,-0.95,Signal changed to -1.0
PRICE_VS_EMA_SAR_LONG_SHORT,100,None,273,SHORT,2026-08-12T14:00:00,1887.79,2026-08-13T05:00:00,1895.81,15,-0.42,Signal changed to 1.0
PRICE_VS_EMA_SAR_LONG_SHORT,100,None,274,LONG,2026-08-13T05:00:00,1895.81,2026-08-13T08:00:00,1890.05,3,-0.3,Signal changed to -1.0
PRICE_VS_EMA_SAR_LONG_SHORT,100,None,275,SHORT,2026-08-13T08:00:00,1890.05,2026-08-13T14:00:00,1893.43,6,-0.18,Signal changed to 1.0
PRICE_VS_EMA_SAR_LONG_SHORT,100,None,276,LONG,2026-08-13T14:00:00,1893.43,2026-08-13T15:00:00,1880.01,1,-0.71,Signal changed to -1.0
PRICE_VS_EMA_SAR_LONG_SHORT,100,None,277,SHORT,2026-08-13T15:00:00,1880.01,2026-08-16T16:00:00,1889.58,73,-0.51,Signal changed to 1.0
PRICE_VS_EMA_SAR_LONG_SHORT,100,None,278,LONG,2026-08-16T16:00:00,1889.58,2026-08-16T20:00:00,1882.0,4,-0.4,Signal changed to -1.0
PRICE_VS_EMA_SAR_LONG_SHORT,100,None,279,SHORT,2026-08-16T20:00:00,1882.0,2026-08-17T01:00:00,1891.65,5,-0.51,Signal changed to 1.0
PRICE_VS_EMA_SAR_LONG_SHORT,100,None,280,LONG,2026-08-17T01:00:00,1891.65,2026-08-22T08:00:00,2423.3,127,28.11,End of Dataset
PRICE_VS_EMA_SAR_LONG_SHORT,200,None,1,SHORT,2026-01-01T00:00:00,2979.81,2026-01-01T01:00:00,2984.32,1,-0.15,Signal changed to 1.0
PRICE_VS_EMA_SAR_LONG_SHORT,200,None,2,LONG,2026-01-01T01:00:00,2984.32,2026-01-01T04:00:00,2975.35,3,-0.3,Signal changed to -1.0
PRICE_VS_EMA_SAR_LONG_SHORT,200,None,3,SHORT,2026-01-01T04:00:00,2975.35,2026-01-01T05:00:00,2981.49,1,-0.21,Signal changed to 1.0
PRICE_VS_EMA_SAR_LONG_SHORT,200,None,4,LONG,2026-01-01T05:00:00,2981.49,2026-01-01T06:00:00,2975.89,1,-0.19,Signal changed to -1.0
PRICE_VS_EMA_SAR_LONG_SHORT,200,None,5,SHORT,2026-01-01T06:00:00,2975.89,2026-01-01T08:00:00,2982.59,2,-0.23,Signal changed to 1.0
PRICE_VS_EMA_SAR_LONG_SHORT,200,None,6,LONG,2026-01-01T08:00:00,2982.59,2026-01-08T06:00:00,3105.38,166,4.12,Signal changed to -1.0
PRICE_VS_EMA_SAR_LONG_SHORT,200,None,7,SHORT,2026-01-08T06:00:00,3105.38,2026-01-08T17:00:00,3134.95,11,-0.95,Signal changed to 1.0
PRICE_VS_EMA_SAR_LONG_SHORT,200,None,8,LONG,2026-01-08T17:00:00,3134.95,2026-01-08T18:00:00,3120.22,1,-0.47,Signal changed to -1.0
PRICE_VS_EMA_SAR_LONG_SHORT,200,None,9,SHORT,2026-01-08T18:00:00,3120.22,2026-01-09T16:00:00,3133.13,22,-0.41,Signal changed to 1.0
PRICE_VS_EMA_SAR_LONG_SHORT,200,None,10,LONG,2026-01-09T16:00:00,3133.13,2026-01-09T17:00:00,3114.41,1,-0.6,Signal changed to -1.0
PRICE_VS_EMA_SAR_LONG_SHORT,200,None,11,SHORT,2026-01-09T17:00:00,3114.41,2026-01-11T14:00:00,3125.46,45,-0.35,Signal changed to 1.0
PRICE_VS_EMA_SAR_LONG_SHORT,200,None,12,LONG,2026-01-11T14:00:00,3125.46,2026-01-11T20:00:00,3115.1,6,-0.33,Signal changed to -1.0
PRICE_VS_EMA_SAR_LONG_SHORT,200,None,13,SHORT,2026-01-11T20:00:00,3115.1,2026-01-11T21:00:00,3121.11,1,-0.19,Signal changed to 1.0
PRICE_VS_EMA_SAR_LONG_SHORT,200,None,14,LONG,2026-01-11T21:00:00,3121.11,2026-01-11T22:00:00,3109.61,1,-0.37,Signal changed to -1.0
PRICE_VS_EMA_SAR_LONG_SHORT,200,None,15,SHORT,2026-01-11T22:00:00,3109.61,2026-01-11T23:00:00,3123.45,1,-0.45,Signal changed to 1.0
PRICE_VS_EMA_SAR_LONG_SHORT,200,None,16,LONG,2026-01-11T23:00:00,3123.45,2026-01-12T08:00:00,3115.47,9,-0.26,Signal changed to -1.0
PRICE_VS_EMA_SAR_LONG_SHORT,200,None,17,SHORT,2026-01-12T08:00:00,3115.47,2026-01-12T15:00:00,3130.17,7,-0.47,Signal changed to 1.0
PRICE_VS_EMA_SAR_LONG_SHORT,200,None,18,LONG,2026-01-12T15:00:00,3130.17,2026-01-12T17:00:00,3104.88,2,-0.81,Signal changed to -1.0
PRICE_VS_EMA_SAR_LONG_SHORT,200,None,19,SHORT,2026-01-12T17:00:00,3104.88,2026-01-12T19:00:00,3121.83,2,-0.55,Signal changed to 1.0
PRICE_VS_EMA_SAR_LONG_SHORT,200,None,20,LONG,2026-01-12T19:00:00,3121.83,2026-01-12T20:00:00,3102.57,1,-0.62,Signal changed to -1.0
PRICE_VS_EMA_SAR_LONG_SHORT,200,None,21,SHORT,2026-01-12T20:00:00,3102.57,2026-01-13T04:00:00,3122.57,8,-0.64,Signal changed to 1.0
PRICE_VS_EMA_SAR_LONG_SHORT,200,None,22,LONG,2026-01-13T04:00:00,3122.57,2026-01-19T00:00:00,3212.13,140,2.87,Signal changed to -1.0
PRICE_VS_EMA_SAR_LONG_SHORT,200,None,23,SHORT,2026-01-19T00:00:00,3212.13,2026-01-27T16:00:00,2990.81,208,6.89,Signal changed to 1.0
PRICE_VS_EMA_SAR_LONG_SHORT,200,None,24,LONG,2026-01-27T16:00:00,2990.81,2026-01-27T17:00:00,2930.3,1,-2.02,Signal changed to -1.0
PRICE_VS_EMA_SAR_LONG_SHORT,200,None,25,SHORT,2026-01-27T17:00:00,2930.3,2026-01-27T20:00:00,3020.77,3,-3.09,Signal changed to 1.0
PRICE_VS_EMA_SAR_LONG_SHORT,200,None,26,LONG,2026-01-27T20:00:00,3020.77,2026-01-29T01:00:00,2992.71,29,-0.93,Signal changed to -1.0
PRICE_VS_EMA_SAR_LONG_SHORT,200,None,27,SHORT,2026-01-29T01:00:00,2992.71,2026-02-14T08:00:00,2082.35,391,30.42,Signal changed to 1.0
PRICE_VS_EMA_SAR_LONG_SHORT,200,None,28,LONG,2026-02-14T08:00:00,2082.35,2026-02-15T01:00:00,2064.19,17,-0.87,Signal changed to -1.0
PRICE_VS_EMA_SAR_LONG_SHORT,200,None,29,SHORT,2026-02-15T01:00:00,2064.19,2026-02-15T04:00:00,2076.31,3,-0.59,Signal changed to 1.0
PRICE_VS_EMA_SAR_LONG_SHORT,200,None,30,LONG,2026-02-15T04:00:00,2076.31,2026-02-15T10:00:00,2061.57,6,-0.71,Signal changed to -1.0
PRICE_VS_EMA_SAR_LONG_SHORT,200,None,31,SHORT,2026-02-15T10:00:00,2061.57,2026-02-21T18:00:00,1991.97,152,3.38,Signal changed to 1.0
PRICE_VS_EMA_SAR_LONG_SHORT,200,None,32,LONG,2026-02-21T18:00:00,1991.97,2026-02-21T19:00:00,1988.35,1,-0.18,Signal changed to -1.0
PRICE_VS_EMA_SAR_LONG_SHORT,200,None,33,SHORT,2026-02-21T19:00:00,1988.35,2026-02-25T12:00:00,1953.43,89,1.76,Signal changed to 1.0
PRICE_VS_EMA_SAR_LONG_SHORT,200,None,34,LONG,2026-02-25T12:00:00,1953.43,2026-02-27T11:00:00,1962.08,47,0.44,Signal changed to -1.0
PRICE_VS_EMA_SAR_LONG_SHORT,200,None,35,SHORT,2026-02-27T11:00:00,1962.08,2026-02-28T20:00:00,1965.96,33,-0.2,Signal changed to 1.0
PRICE_VS_EMA_SAR_LONG_SHORT,200,None,36,LONG,2026-02-28T20:00:00,1965.96,2026-03-01T17:00:00,1961.17,21,-0.24,Signal changed to -1.0
PRICE_VS_EMA_SAR_LONG_SHORT,200,None,37,SHORT,2026-03-01T17:00:00,1961.17,2026-03-01T18:00:00,1975.82,1,-0.75,Signal changed to 1.0
PRICE_VS_EMA_SAR_LONG_SHORT,200,None,38,LONG,2026-03-01T18:00:00,1975.82,2026-03-01T19:00:00,1953.9,1,-1.11,Signal changed to -1.0
PRICE_VS_EMA_SAR_LONG_SHORT,200,None,39,SHORT,2026-03-01T19:00:00,1953.9,2026-03-02T00:00:00,1960.86,5,-0.36,Signal changed to 1.0
PRICE_VS_EMA_SAR_LONG_SHORT,200,None,40,LONG,2026-03-02T00:00:00,1960.86,2026-03-02T02:00:00,1955.63,2,-0.27,Signal changed to -1.0
PRICE_VS_EMA_SAR_LONG_SHORT,200,None,41,SHORT,2026-03-02T02:00:00,1955.63,2026-03-02T03:00:00,1972.3,1,-0.85,Signal changed to 1.0
PRICE_VS_EMA_SAR_LONG_SHORT,200,None,42,LONG,2026-03-02T03:00:00,1972.3,2026-03-02T06:00:00,1943.31,3,-1.47,Signal changed to -1.0
PRICE_VS_EMA_SAR_LONG_SHORT,200,None,43,SHORT,2026-03-02T06:00:00,1943.31,2026-03-02T14:00:00,1979.75,8,-1.88,Signal changed to 1.0
PRICE_VS_EMA_SAR_LONG_SHORT,200,None,44,LONG,2026-03-02T14:00:00,1979.75,2026-03-03T08:00:00,1953.1,18,-1.35,Signal changed to -1.0
PRICE_VS_EMA_SAR_LONG_SHORT,200,None,45,SHORT,2026-03-03T08:00:00,1953.1,2026-03-03T15:00:00,1969.22,7,-0.83,Signal changed to 1.0
PRICE_VS_EMA_SAR_LONG_SHORT,200,None,46,LONG,2026-03-03T15:00:00,1969.22,2026-03-03T21:00:00,1968.46,6,-0.04,Signal changed to -1.0
PRICE_VS_EMA_SAR_LONG_SHORT,200,None,47,SHORT,2026-03-03T21:00:00,1968.46,2026-03-03T22:00:00,1983.31,1,-0.75,Signal changed to 1.0
PRICE_VS_EMA_SAR_LONG_SHORT,200,None,48,LONG,2026-03-03T22:00:00,1983.31,2026-03-04T03:00:00,1960.9,5,-1.13,Signal changed to -1.0
PRICE_VS_EMA_SAR_LONG_SHORT,200,None,49,SHORT,2026-03-04T03:00:00,1960.9,2026-03-04T05:00:00,1971.14,2,-0.52,Signal changed to 1.0
PRICE_VS_EMA_SAR_LONG_SHORT,200,None,50,LONG,2026-03-04T05:00:00,1971.14,2026-03-06T13:00:00,2019.88,56,2.47,Signal changed to -1.0
PRICE_VS_EMA_SAR_LONG_SHORT,200,None,51,SHORT,2026-03-06T13:00:00,2019.88,2026-03-09T05:00:00,2010.6,64,0.46,Signal changed to 1.0
PRICE_VS_EMA_SAR_LONG_SHORT,200,None,52,LONG,2026-03-09T05:00:00,2010.6,2026-03-09T06:00:00,1985.0,1,-1.27,Signal changed to -1.0
PRICE_VS_EMA_SAR_LONG_SHORT,200,None,53,SHORT,2026-03-09T06:00:00,1985.0,2026-03-09T08:00:00,1996.81,2,-0.59,Signal changed to 1.0
PRICE_VS_EMA_SAR_LONG_SHORT,200,None,54,LONG,2026-03-09T08:00:00,1996.81,2026-03-09T10:00:00,1995.41,2,-0.07,Signal changed to -1.0
PRICE_VS_EMA_SAR_LONG_SHORT,200,None,55,SHORT,2026-03-09T10:00:00,1995.41,2026-03-09T12:00:00,2002.19,2,-0.34,Signal changed to 1.0
PRICE_VS_EMA_SAR_LONG_SHORT,200,None,56,LONG,2026-03-09T12:00:00,2002.19,2026-03-09T23:00:00,1992.98,11,-0.46,Signal changed to -1.0
PRICE_VS_EMA_SAR_LONG_SHORT,200,None,57,SHORT,2026-03-09T23:00:00,1992.98,2026-03-10T00:00:00,2015.37,1,-1.12,Signal changed to 1.0
PRICE_VS_EMA_SAR_LONG_SHORT,200,None,58,LONG,2026-03-10T00:00:00,2015.37,2026-03-19T07:00:00,2166.68,223,7.51,Signal changed to -1.0
PRICE_VS_EMA_SAR_LONG_SHORT,200,None,59,SHORT,2026-03-19T07:00:00,2166.68,2026-03-19T09:00:00,2189.42,2,-1.05,Signal changed to 1.0
PRICE_VS_EMA_SAR_LONG_SHORT,200,None,60,LONG,2026-03-19T09:00:00,2189.42,2026-03-19T10:00:00,2172.76,1,-0.76,Signal changed to -1.0
PRICE_VS_EMA_SAR_LONG_SHORT,200,None,61,SHORT,2026-03-19T10:00:00,2172.76,2026-03-23T12:00:00,2144.27,98,1.31,Signal changed to 1.0
PRICE_VS_EMA_SAR_LONG_SHORT,200,None,62,LONG,2026-03-23T12:00:00,2144.27,2026-03-23T15:00:00,2128.45,3,-0.74,Signal changed to -1.0
PRICE_VS_EMA_SAR_LONG_SHORT,200,None,63,SHORT,2026-03-23T15:00:00,2128.45,2026-03-23T17:00:00,2152.71,2,-1.14,Signal changed to 1.0
PRICE_VS_EMA_SAR_LONG_SHORT,200,None,64,LONG,2026-03-23T17:00:00,2152.71,2026-03-24T01:00:00,2137.56,8,-0.7,Signal changed to -1.0
PRICE_VS_EMA_SAR_LONG_SHORT,200,None,65,SHORT,2026-03-24T01:00:00,2137.56,2026-03-24T03:00:00,2141.59,2,-0.19,Signal changed to 1.0
PRICE_VS_EMA_SAR_LONG_SHORT,200,None,66,LONG,2026-03-24T03:00:00,2141.59,2026-03-24T04:00:00,2136.33,1,-0.25,Signal changed to -1.0
PRICE_VS_EMA_SAR_LONG_SHORT,200,None,67,SHORT,2026-03-24T04:00:00,2136.33,2026-03-24T06:00:00,2145.3,2,-0.42,Signal changed to 1.0
PRICE_VS_EMA_SAR_LONG_SHORT,200,None,68,LONG,2026-03-24T06:00:00,2145.3,2026-03-24T13:00:00,2138.38,7,-0.32,Signal changed to -1.0
PRICE_VS_EMA_SAR_LONG_SHORT,200,None,69,SHORT,2026-03-24T13:00:00,2138.38,2026-03-24T20:00:00,2148.48,7,-0.47,Signal changed to 1.0
PRICE_VS_EMA_SAR_LONG_SHORT,200,None,70,LONG,2026-03-24T20:00:00,2148.48,2026-03-26T05:00:00,2119.55,33,-1.35,Signal changed to -1.0
PRICE_VS_EMA_SAR_LONG_SHORT,200,None,71,SHORT,2026-03-26T05:00:00,2119.55,2026-03-30T11:00:00,2071.28,102,2.28,Signal changed to 1.0
PRICE_VS_EMA_SAR_LONG_SHORT,200,None,72,LONG,2026-03-30T11:00:00,2071.28,2026-03-30T13:00:00,2060.92,2,-0.5,Signal changed to -1.0
PRICE_VS_EMA_SAR_LONG_SHORT,200,None,73,SHORT,2026-03-30T13:00:00,2060.92,2026-03-30T14:00:00,2071.64,1,-0.52,Signal changed to 1.0
PRICE_VS_EMA_SAR_LONG_SHORT,200,None,74,LONG,2026-03-30T14:00:00,2071.64,2026-03-30T17:00:00,2041.8,3,-1.44,Signal changed to -1.0
PRICE_VS_EMA_SAR_LONG_SHORT,200,None,75,SHORT,2026-03-30T17:00:00,2041.8,2026-03-31T01:00:00,2073.0,8,-1.53,Signal changed to 1.0
PRICE_VS_EMA_SAR_LONG_SHORT,200,None,76,LONG,2026-03-31T01:00:00,2073.0,2026-03-31T04:00:00,2060.87,3,-0.59,Signal changed to -1.0
PRICE_VS_EMA_SAR_LONG_SHORT,200,None,77,SHORT,2026-03-31T04:00:00,2060.87,2026-03-31T05:00:00,2064.31,1,-0.17,Signal changed to 1.0
PRICE_VS_EMA_SAR_LONG_SHORT,200,None,78,LONG,2026-03-31T05:00:00,2064.31,2026-03-31T06:00:00,2062.33,1,-0.1,Signal changed to -1.0
PRICE_VS_EMA_SAR_LONG_SHORT,200,None,79,SHORT,2026-03-31T06:00:00,2062.33,2026-03-31T13:00:00,2075.37,7,-0.63,Signal changed to 1.0
PRICE_VS_EMA_SAR_LONG_SHORT,200,None,80,LONG,2026-03-31T13:00:00,2075.37,2026-03-31T14:00:00,2045.94,1,-1.42,Signal changed to -1.0
PRICE_VS_EMA_SAR_LONG_SHORT,200,None,81,SHORT,2026-03-31T14:00:00,2045.94,2026-03-31T16:00:00,2091.7,2,-2.24,Signal changed to 1.0
PRICE_VS_EMA_SAR_LONG_SHORT,200,None,82,LONG,2026-03-31T16:00:00,2091.7,2026-04-02T02:00:00,2073.89,34,-0.85,Signal changed to -1.0
PRICE_VS_EMA_SAR_LONG_SHORT,200,None,83,SHORT,2026-04-02T02:00:00,2073.89,2026-04-04T21:00:00,2068.83,67,0.24,Signal changed to 1.0
PRICE_VS_EMA_SAR_LONG_SHORT,200,None,84,LONG,2026-04-04T21:00:00,2068.83,2026-04-04T23:00:00,2065.52,2,-0.16,Signal changed to -1.0
PRICE_VS_EMA_SAR_LONG_SHORT,200,None,85,SHORT,2026-04-04T23:00:00,2065.52,2026-04-05T20:00:00,2068.91,21,-0.16,Signal changed to 1.0
PRICE_VS_EMA_SAR_LONG_SHORT,200,None,86,LONG,2026-04-05T20:00:00,2068.91,2026-04-05T21:00:00,2060.01,1,-0.43,Signal changed to -1.0
PRICE_VS_EMA_SAR_LONG_SHORT,200,None,87,SHORT,2026-04-05T21:00:00,2060.01,2026-04-05T22:00:00,2085.79,1,-1.25,Signal changed to 1.0
PRICE_VS_EMA_SAR_LONG_SHORT,200,None,88,LONG,2026-04-05T22:00:00,2085.79,2026-04-07T13:00:00,2074.97,39,-0.52,Signal changed to -1.0
PRICE_VS_EMA_SAR_LONG_SHORT,200,None,89,SHORT,2026-04-07T13:00:00,2074.97,2026-04-07T16:00:00,2083.76,3,-0.42,Signal changed to 1.0
PRICE_VS_EMA_SAR_LONG_SHORT,200,None,90,LONG,2026-04-07T16:00:00,2083.76,2026-04-19T09:00:00,2310.24,281,10.87,Signal changed to -1.0
PRICE_VS_EMA_SAR_LONG_SHORT,200,None,91,SHORT,2026-04-19T09:00:00,2310.24,2026-04-19T10:00:00,2318.01,1,-0.34,Signal changed to 1.0
PRICE_VS_EMA_SAR_LONG_SHORT,200,None,92,LONG,2026-04-19T10:00:00,2318.01,2026-04-19T16:00:00,2311.68,6,-0.27,Signal changed to -1.0
PRICE_VS_EMA_SAR_LONG_SHORT,200,None,93,SHORT,2026-04-19T16:00:00,2311.68,2026-04-20T12:00:00,2318.88,20,-0.31,Signal changed to 1.0
PRICE_VS_EMA_SAR_LONG_SHORT,200,None,94,LONG,2026-04-20T12:00:00,2318.88,2026-04-20T14:00:00,2290.9,2,-1.21,Signal changed to -1.0
PRICE_VS_EMA_SAR_LONG_SHORT,200,None,95,SHORT,2026-04-20T14:00:00,2290.9,2026-04-20T15:00:00,2313.91,1,-1.0,Signal changed to 1.0
PRICE_VS_EMA_SAR_LONG_SHORT,200,None,96,LONG,2026-04-20T15:00:00,2313.91,2026-04-20T16:00:00,2300.07,1,-0.6,Signal changed to -1.0
PRICE_VS_EMA_SAR_LONG_SHORT,200,None,97,SHORT,2026-04-20T16:00:00,2300.07,2026-04-20T17:00:00,2317.06,1,-0.74,Signal changed to 1.0
PRICE_VS_EMA_SAR_LONG_SHORT,200,None,98,LONG,2026-04-20T17:00:00,2317.06,2026-04-21T02:00:00,2308.34,9,-0.38,Signal changed to -1.0
PRICE_VS_EMA_SAR_LONG_SHORT,200,None,99,SHORT,2026-04-21T02:00:00,2308.34,2026-04-21T03:00:00,2311.62,1,-0.14,Signal changed to 1.0
PRICE_VS_EMA_SAR_LONG_SHORT,200,None,100,LONG,2026-04-21T03:00:00,2311.62,2026-04-21T12:00:00,2308.54,9,-0.13,Signal changed to -1.0
PRICE_VS_EMA_SAR_LONG_SHORT,200,None,101,SHORT,2026-04-21T12:00:00,2308.54,2026-04-21T13:00:00,2312.77,1,-0.18,Signal changed to 1.0
PRICE_VS_EMA_SAR_LONG_SHORT,200,None,102,LONG,2026-04-21T13:00:00,2312.77,2026-04-21T14:00:00,2299.35,1,-0.58,Signal changed to -1.0
PRICE_VS_EMA_SAR_LONG_SHORT,200,None,103,SHORT,2026-04-21T14:00:00,2299.35,2026-04-21T18:00:00,2312.72,4,-0.58,Signal changed to 1.0
PRICE_VS_EMA_SAR_LONG_SHORT,200,None,104,LONG,2026-04-21T18:00:00,2312.72,2026-04-21T19:00:00,2298.41,1,-0.62,Signal changed to -1.0
PRICE_VS_EMA_SAR_LONG_SHORT,200,None,105,SHORT,2026-04-21T19:00:00,2298.41,2026-04-21T20:00:00,2314.56,1,-0.7,Signal changed to 1.0
PRICE_VS_EMA_SAR_LONG_SHORT,200,None,106,LONG,2026-04-21T20:00:00,2314.56,2026-04-23T09:00:00,2316.25,37,0.07,Signal changed to -1.0
PRICE_VS_EMA_SAR_LONG_SHORT,200,None,107,SHORT,2026-04-23T09:00:00,2316.25,2026-04-23T14:00:00,2334.24,5,-0.78,Signal changed to 1.0
PRICE_VS_EMA_SAR_LONG_SHORT,200,None,108,LONG,2026-04-23T14:00:00,2334.24,2026-04-23T16:00:00,2326.38,2,-0.34,Signal changed to -1.0
PRICE_VS_EMA_SAR_LONG_SHORT,200,None,109,SHORT,2026-04-23T16:00:00,2326.38,2026-04-23T22:00:00,2331.97,6,-0.24,Signal changed to 1.0
PRICE_VS_EMA_SAR_LONG_SHORT,200,None,110,LONG,2026-04-23T22:00:00,2331.97,2026-04-24T02:00:00,2319.91,4,-0.52,Signal changed to -1.0
PRICE_VS_EMA_SAR_LONG_SHORT,200,None,111,SHORT,2026-04-24T02:00:00,2319.91,2026-04-24T11:00:00,2328.1,9,-0.35,Signal changed to 1.0
PRICE_VS_EMA_SAR_LONG_SHORT,200,None,112,LONG,2026-04-24T11:00:00,2328.1,2026-04-24T12:00:00,2325.25,1,-0.12,Signal changed to -1.0
PRICE_VS_EMA_SAR_LONG_SHORT,200,None,113,SHORT,2026-04-24T12:00:00,2325.25,2026-04-26T05:00:00,2327.84,41,-0.11,Signal changed to 1.0
PRICE_VS_EMA_SAR_LONG_SHORT,200,None,114,LONG,2026-04-26T05:00:00,2327.84,2026-04-27T05:00:00,2323.18,24,-0.2,Signal changed to -1.0
PRICE_VS_EMA_SAR_LONG_SHORT,200,None,115,SHORT,2026-04-27T05:00:00,2323.18,2026-04-29T04:00:00,2327.32,47,-0.18,Signal changed to 1.0
PRICE_VS_EMA_SAR_LONG_SHORT,200,None,116,LONG,2026-04-29T04:00:00,2327.32,2026-04-29T12:00:00,2316.13,8,-0.48,Signal changed to -1.0
PRICE_VS_EMA_SAR_LONG_SHORT,200,None,117,SHORT,2026-04-29T12:00:00,2316.13,2026-05-01T12:00:00,2301.36,48,0.64,Signal changed to 1.0
PRICE_VS_EMA_SAR_LONG_SHORT,200,None,118,LONG,2026-05-01T12:00:00,2301.36,2026-05-01T20:00:00,2285.19,8,-0.7,Signal changed to -1.0
PRICE_VS_EMA_SAR_LONG_SHORT,200,None,119,SHORT,2026-05-01T20:00:00,2285.19,2026-05-02T01:00:00,2298.63,5,-0.59,Signal changed to 1.0
PRICE_VS_EMA_SAR_LONG_SHORT,200,None,120,LONG,2026-05-02T01:00:00,2298.63,2026-05-07T00:00:00,2329.65,119,1.35,Signal changed to -1.0
PRICE_VS_EMA_SAR_LONG_SHORT,200,None,121,SHORT,2026-05-07T00:00:00,2329.65,2026-05-07T06:00:00,2337.13,6,-0.32,Signal changed to 1.0
PRICE_VS_EMA_SAR_LONG_SHORT,200,None,122,LONG,2026-05-07T06:00:00,2337.13,2026-05-07T08:00:00,2333.73,2,-0.15,Signal changed to -1.0
PRICE_VS_EMA_SAR_LONG_SHORT,200,None,123,SHORT,2026-05-07T08:00:00,2333.73,2026-05-09T17:00:00,2329.45,57,0.18,Signal changed to 1.0
PRICE_VS_EMA_SAR_LONG_SHORT,200,None,124,LONG,2026-05-09T17:00:00,2329.45,2026-05-10T11:00:00,2322.58,18,-0.29,Signal changed to -1.0
PRICE_VS_EMA_SAR_LONG_SHORT,200,None,125,SHORT,2026-05-10T11:00:00,2322.58,2026-05-10T12:00:00,2324.12,1,-0.07,Signal changed to 1.0
PRICE_VS_EMA_SAR_LONG_SHORT,200,None,126,LONG,2026-05-10T12:00:00,2324.12,2026-05-11T13:00:00,2322.32,25,-0.08,Signal changed to -1.0
PRICE_VS_EMA_SAR_LONG_SHORT,200,None,127,SHORT,2026-05-11T13:00:00,2322.32,2026-05-11T15:00:00,2333.48,2,-0.48,Signal changed to 1.0
PRICE_VS_EMA_SAR_LONG_SHORT,200,None,128,LONG,2026-05-11T15:00:00,2333.48,2026-05-12T01:00:00,2311.41,10,-0.95,Signal changed to -1.0
PRICE_VS_EMA_SAR_LONG_SHORT,200,None,129,SHORT,2026-05-12T01:00:00,2311.41,2026-05-13T09:00:00,2321.19,32,-0.42,Signal changed to 1.0
PRICE_VS_EMA_SAR_LONG_SHORT,200,None,130,LONG,2026-05-13T09:00:00,2321.19,2026-05-13T10:00:00,2308.46,1,-0.55,Signal changed to -1.0
PRICE_VS_EMA_SAR_LONG_SHORT,200,None,131,SHORT,2026-05-13T10:00:00,2308.46,2026-05-14T16:00:00,2316.36,30,-0.34,Signal changed to 1.0
PRICE_VS_EMA_SAR_LONG_SHORT,200,None,132,LONG,2026-05-14T16:00:00,2316.36,2026-05-14T19:00:00,2298.34,3,-0.78,Signal changed to -1.0
PRICE_VS_EMA_SAR_LONG_SHORT,200,None,133,SHORT,2026-05-14T19:00:00,2298.34,2026-05-23T20:00:00,2146.3,217,6.62,Signal changed to 1.0
PRICE_VS_EMA_SAR_LONG_SHORT,200,None,134,LONG,2026-05-23T20:00:00,2146.3,2026-05-23T21:00:00,2116.84,1,-1.37,Signal changed to -1.0
PRICE_VS_EMA_SAR_LONG_SHORT,200,None,135,SHORT,2026-05-23T21:00:00,2116.84,2026-05-25T16:00:00,2136.4,43,-0.92,Signal changed to 1.0
PRICE_VS_EMA_SAR_LONG_SHORT,200,None,136,LONG,2026-05-25T16:00:00,2136.4,2026-05-25T17:00:00,2128.55,1,-0.37,Signal changed to -1.0
PRICE_VS_EMA_SAR_LONG_SHORT,200,None,137,SHORT,2026-05-25T17:00:00,2128.55,2026-05-26T10:00:00,2127.56,17,0.05,Signal changed to 1.0
PRICE_VS_EMA_SAR_LONG_SHORT,200,None,138,LONG,2026-05-26T10:00:00,2127.56,2026-05-26T11:00:00,2121.01,1,-0.31,Signal changed to -1.0
PRICE_VS_EMA_SAR_LONG_SHORT,200,None,139,SHORT,2026-05-26T11:00:00,2121.01,2026-06-14T21:00:00,1718.67,466,18.97,Signal changed to 1.0
PRICE_VS_EMA_SAR_LONG_SHORT,200,None,140,LONG,2026-06-14T21:00:00,1718.67,2026-06-18T04:00:00,1730.64,79,0.7,Signal changed to -1.0
PRICE_VS_EMA_SAR_LONG_SHORT,200,None,141,SHORT,2026-06-18T04:00:00,1730.64,2026-06-18T06:00:00,1735.56,2,-0.28,Signal changed to 1.0
PRICE_VS_EMA_SAR_LONG_SHORT,200,None,142,LONG,2026-06-18T06:00:00,1735.56,2026-06-18T15:00:00,1682.23,9,-3.07,Signal changed to -1.0
PRICE_VS_EMA_SAR_LONG_SHORT,200,None,143,SHORT,2026-06-18T15:00:00,1682.23,2026-06-20T05:00:00,1726.1,38,-2.61,Signal changed to 1.0
PRICE_VS_EMA_SAR_LONG_SHORT,200,None,144,LONG,2026-06-20T05:00:00,1726.1,2026-06-20T08:00:00,1722.83,3,-0.19,Signal changed to -1.0
PRICE_VS_EMA_SAR_LONG_SHORT,200,None,145,SHORT,2026-06-20T08:00:00,1722.83,2026-06-20T09:00:00,1728.47,1,-0.33,Signal changed to 1.0
PRICE_VS_EMA_SAR_LONG_SHORT,200,None,146,LONG,2026-06-20T09:00:00,1728.47,2026-06-20T13:00:00,1717.56,4,-0.63,Signal changed to -1.0
PRICE_VS_EMA_SAR_LONG_SHORT,200,None,147,SHORT,2026-06-20T13:00:00,1717.56,2026-06-20T14:00:00,1733.48,1,-0.93,Signal changed to 1.0
PRICE_VS_EMA_SAR_LONG_SHORT,200,None,148,LONG,2026-06-20T14:00:00,1733.48,2026-06-21T11:00:00,1725.36,21,-0.47,Signal changed to -1.0
PRICE_VS_EMA_SAR_LONG_SHORT,200,None,149,SHORT,2026-06-21T11:00:00,1725.36,2026-06-21T14:00:00,1728.44,3,-0.18,Signal changed to 1.0
PRICE_VS_EMA_SAR_LONG_SHORT,200,None,150,LONG,2026-06-21T14:00:00,1728.44,2026-06-21T20:00:00,1721.3,6,-0.41,Signal changed to -1.0
PRICE_VS_EMA_SAR_LONG_SHORT,200,None,151,SHORT,2026-06-21T20:00:00,1721.3,2026-06-22T00:00:00,1726.95,4,-0.33,Signal changed to 1.0
PRICE_VS_EMA_SAR_LONG_SHORT,200,None,152,LONG,2026-06-22T00:00:00,1726.95,2026-06-22T22:00:00,1724.15,22,-0.16,Signal changed to -1.0
PRICE_VS_EMA_SAR_LONG_SHORT,200,None,153,SHORT,2026-06-22T22:00:00,1724.15,2026-06-23T00:00:00,1731.27,2,-0.41,Signal changed to 1.0
PRICE_VS_EMA_SAR_LONG_SHORT,200,None,154,LONG,2026-06-23T00:00:00,1731.27,2026-06-23T04:00:00,1719.07,4,-0.7,Signal changed to -1.0
PRICE_VS_EMA_SAR_LONG_SHORT,200,None,155,SHORT,2026-06-23T04:00:00,1719.07,2026-06-29T17:00:00,1628.03,157,5.3,Signal changed to 1.0
PRICE_VS_EMA_SAR_LONG_SHORT,200,None,156,LONG,2026-06-29T17:00:00,1628.03,2026-06-29T20:00:00,1617.66,3,-0.64,Signal changed to -1.0
PRICE_VS_EMA_SAR_LONG_SHORT,200,None,157,SHORT,2026-06-29T20:00:00,1617.66,2026-06-29T21:00:00,1619.99,1,-0.14,Signal changed to 1.0
PRICE_VS_EMA_SAR_LONG_SHORT,200,None,158,LONG,2026-06-29T21:00:00,1619.99,2026-06-29T22:00:00,1612.9,1,-0.44,Signal changed to -1.0
PRICE_VS_EMA_SAR_LONG_SHORT,200,None,159,SHORT,2026-06-29T22:00:00,1612.9,2026-07-01T15:00:00,1620.09,41,-0.45,Signal changed to 1.0
PRICE_VS_EMA_SAR_LONG_SHORT,200,None,160,LONG,2026-07-01T15:00:00,1620.09,2026-07-02T00:00:00,1603.42,9,-1.03,Signal changed to -1.0
PRICE_VS_EMA_SAR_LONG_SHORT,200,None,161,SHORT,2026-07-02T00:00:00,1603.42,2026-07-02T01:00:00,1620.48,1,-1.06,Signal changed to 1.0
PRICE_VS_EMA_SAR_LONG_SHORT,200,None,162,LONG,2026-07-02T01:00:00,1620.48,2026-07-08T15:00:00,1722.96,158,6.32,Signal changed to -1.0
PRICE_VS_EMA_SAR_LONG_SHORT,200,None,163,SHORT,2026-07-08T15:00:00,1722.96,2026-07-08T16:00:00,1736.38,1,-0.78,Signal changed to 1.0
PRICE_VS_EMA_SAR_LONG_SHORT,200,None,164,LONG,2026-07-08T16:00:00,1736.38,2026-07-09T02:00:00,1727.3,10,-0.52,Signal changed to -1.0
PRICE_VS_EMA_SAR_LONG_SHORT,200,None,165,SHORT,2026-07-09T02:00:00,1727.3,2026-07-09T03:00:00,1730.7,1,-0.2,Signal changed to 1.0
PRICE_VS_EMA_SAR_LONG_SHORT,200,None,166,LONG,2026-07-09T03:00:00,1730.7,2026-07-13T17:00:00,1753.62,110,1.32,Signal changed to -1.0
PRICE_VS_EMA_SAR_LONG_SHORT,200,None,167,SHORT,2026-07-13T17:00:00,1753.62,2026-07-13T19:00:00,1774.92,2,-1.21,Signal changed to 1.0
PRICE_VS_EMA_SAR_LONG_SHORT,200,None,168,LONG,2026-07-13T19:00:00,1774.92,2026-07-13T20:00:00,1767.33,1,-0.43,Signal changed to -1.0
PRICE_VS_EMA_SAR_LONG_SHORT,200,None,169,SHORT,2026-07-13T20:00:00,1767.33,2026-07-13T23:00:00,1776.72,3,-0.53,Signal changed to 1.0
PRICE_VS_EMA_SAR_LONG_SHORT,200,None,170,LONG,2026-07-13T23:00:00,1776.72,2026-07-17T05:00:00,1823.94,78,2.66,Signal changed to -1.0
PRICE_VS_EMA_SAR_LONG_SHORT,200,None,171,SHORT,2026-07-17T05:00:00,1823.94,2026-07-17T06:00:00,1832.31,1,-0.46,Signal changed to 1.0
PRICE_VS_EMA_SAR_LONG_SHORT,200,None,172,LONG,2026-07-17T06:00:00,1832.31,2026-07-17T13:00:00,1825.5,7,-0.37,Signal changed to -1.0
PRICE_VS_EMA_SAR_LONG_SHORT,200,None,173,SHORT,2026-07-17T13:00:00,1825.5,2026-07-17T15:00:00,1830.88,2,-0.29,Signal changed to 1.0
PRICE_VS_EMA_SAR_LONG_SHORT,200,None,174,LONG,2026-07-17T15:00:00,1830.88,2026-07-23T17:00:00,1878.31,146,2.59,Signal changed to -1.0
PRICE_VS_EMA_SAR_LONG_SHORT,200,None,175,SHORT,2026-07-23T17:00:00,1878.31,2026-07-23T20:00:00,1885.98,3,-0.41,Signal changed to 1.0
PRICE_VS_EMA_SAR_LONG_SHORT,200,None,176,LONG,2026-07-23T20:00:00,1885.98,2026-07-23T21:00:00,1882.72,1,-0.17,Signal changed to -1.0
PRICE_VS_EMA_SAR_LONG_SHORT,200,None,177,SHORT,2026-07-23T21:00:00,1882.72,2026-07-24T06:00:00,1888.13,9,-0.29,Signal changed to 1.0
PRICE_VS_EMA_SAR_LONG_SHORT,200,None,178,LONG,2026-07-24T06:00:00,1888.13,2026-07-24T10:00:00,1883.82,4,-0.23,Signal changed to -1.0
PRICE_VS_EMA_SAR_LONG_SHORT,200,None,179,SHORT,2026-07-24T10:00:00,1883.82,2026-07-26T00:00:00,1881.05,38,0.15,Signal changed to 1.0
PRICE_VS_EMA_SAR_LONG_SHORT,200,None,180,LONG,2026-07-26T00:00:00,1881.05,2026-07-26T01:00:00,1878.68,1,-0.13,Signal changed to -1.0
PRICE_VS_EMA_SAR_LONG_SHORT,200,None,181,SHORT,2026-07-26T01:00:00,1878.68,2026-07-26T02:00:00,1880.97,1,-0.12,Signal changed to 1.0
PRICE_VS_EMA_SAR_LONG_SHORT,200,None,182,LONG,2026-07-26T02:00:00,1880.97,2026-07-27T22:00:00,1893.6,44,0.67,Signal changed to -1.0
PRICE_VS_EMA_SAR_LONG_SHORT,200,None,183,SHORT,2026-07-27T22:00:00,1893.6,2026-07-28T15:00:00,1920.02,17,-1.4,Signal changed to 1.0
PRICE_VS_EMA_SAR_LONG_SHORT,200,None,184,LONG,2026-07-28T15:00:00,1920.02,2026-07-29T03:00:00,1892.7,12,-1.42,Signal changed to -1.0
PRICE_VS_EMA_SAR_LONG_SHORT,200,None,185,SHORT,2026-07-29T03:00:00,1892.7,2026-07-29T04:00:00,1905.52,1,-0.68,Signal changed to 1.0
PRICE_VS_EMA_SAR_LONG_SHORT,200,None,186,LONG,2026-07-29T04:00:00,1905.52,2026-07-29T14:00:00,1895.23,10,-0.54,Signal changed to -1.0
PRICE_VS_EMA_SAR_LONG_SHORT,200,None,187,SHORT,2026-07-29T14:00:00,1895.23,2026-07-29T17:00:00,1916.16,3,-1.1,Signal changed to 1.0
PRICE_VS_EMA_SAR_LONG_SHORT,200,None,188,LONG,2026-07-29T17:00:00,1916.16,2026-07-29T19:00:00,1888.56,2,-1.44,Signal changed to -1.0
PRICE_VS_EMA_SAR_LONG_SHORT,200,None,189,SHORT,2026-07-29T19:00:00,1888.56,2026-07-29T22:00:00,1907.18,3,-0.99,Signal changed to 1.0
PRICE_VS_EMA_SAR_LONG_SHORT,200,None,190,LONG,2026-07-29T22:00:00,1907.18,2026-07-30T00:00:00,1898.22,2,-0.47,Signal changed to -1.0
PRICE_VS_EMA_SAR_LONG_SHORT,200,None,191,SHORT,2026-07-30T00:00:00,1898.22,2026-07-30T01:00:00,1916.77,1,-0.98,Signal changed to 1.0
PRICE_VS_EMA_SAR_LONG_SHORT,200,None,192,LONG,2026-07-30T01:00:00,1916.77,2026-07-31T06:00:00,1902.61,29,-0.74,Signal changed to -1.0
PRICE_VS_EMA_SAR_LONG_SHORT,200,None,193,SHORT,2026-07-31T06:00:00,1902.61,2026-08-02T21:00:00,1890.43,63,0.64,Signal changed to 1.0
PRICE_VS_EMA_SAR_LONG_SHORT,200,None,194,LONG,2026-08-02T21:00:00,1890.43,2026-08-02T22:00:00,1882.11,1,-0.44,Signal changed to -1.0
PRICE_VS_EMA_SAR_LONG_SHORT,200,None,195,SHORT,2026-08-02T22:00:00,1882.11,2026-08-05T13:00:00,1878.53,63,0.19,Signal changed to 1.0
PRICE_VS_EMA_SAR_LONG_SHORT,200,None,196,LONG,2026-08-05T13:00:00,1878.53,2026-08-05T14:00:00,1875.89,1,-0.14,Signal changed to -1.0
PRICE_VS_EMA_SAR_LONG_SHORT,200,None,197,SHORT,2026-08-05T14:00:00,1875.89,2026-08-05T16:00:00,1895.56,2,-1.05,Signal changed to 1.0
PRICE_VS_EMA_SAR_LONG_SHORT,200,None,198,LONG,2026-08-05T16:00:00,1895.56,2026-08-10T13:00:00,1897.6,117,0.11,Signal changed to -1.0
PRICE_VS_EMA_SAR_LONG_SHORT,200,None,199,SHORT,2026-08-10T13:00:00,1897.6,2026-08-12T09:00:00,1905.84,44,-0.43,Signal changed to 1.0
PRICE_VS_EMA_SAR_LONG_SHORT,200,None,200,LONG,2026-08-12T09:00:00,1905.84,2026-08-12T14:00:00,1887.79,5,-0.95,Signal changed to -1.0
PRICE_VS_EMA_SAR_LONG_SHORT,200,None,201,SHORT,2026-08-12T14:00:00,1887.79,2026-08-13T05:00:00,1895.81,15,-0.42,Signal changed to 1.0
PRICE_VS_EMA_SAR_LONG_SHORT,200,None,202,LONG,2026-08-13T05:00:00,1895.81,2026-08-13T08:00:00,1890.05,3,-0.3,Signal changed to -1.0
PRICE_VS_EMA_SAR_LONG_SHORT,200,None,203,SHORT,2026-08-13T08:00:00,1890.05,2026-08-16T16:00:00,1889.58,80,0.02,Signal changed to 1.0
PRICE_VS_EMA_SAR_LONG_SHORT,200,None,204,LONG,2026-08-16T16:00:00,1889.58,2026-08-16T17:00:00,1885.17,1,-0.23,Signal changed to -1.0
PRICE_VS_EMA_SAR_LONG_SHORT,200,None,205,SHORT,2026-08-16T17:00:00,1885.17,2026-08-17T01:00:00,1891.65,8,-0.34,Signal changed to 1.0
PRICE_VS_EMA_SAR_LONG_SHORT,200,None,206,LONG,2026-08-17T01:00:00,1891.65,2026-08-22T08:00:00,2423.3,127,28.11,End of Dataset
EMA_CROSSOVER_LONG_ONLY,5,15,1,LONG,2026-01-01T01:00:00,2984.32,2026-01-01T04:00:00,2975.35,3,-0.3,Signal changed to 0.0
EMA_CROSSOVER_LONG_ONLY,5,15,2,LONG,2026-01-01T08:00:00,2982.59,2026-01-03T07:00:00,3090.5,47,3.62,Signal changed to 0.0
EMA_CROSSOVER_LONG_ONLY,5,15,3,LONG,2026-01-03T16:00:00,3107.03,2026-01-04T18:00:00,3135.03,26,0.9,Signal changed to 0.0
EMA_CROSSOVER_LONG_ONLY,5,15,4,LONG,2026-01-04T20:00:00,3142.09,2026-01-06T18:00:00,3218.91,46,2.44,Signal changed to 0.0
EMA_CROSSOVER_LONG_ONLY,5,15,5,LONG,2026-01-06T20:00:00,3241.71,2026-01-07T09:00:00,3200.18,13,-1.28,Signal changed to 0.0
EMA_CROSSOVER_LONG_ONLY,5,15,6,LONG,2026-01-09T06:00:00,3123.2,2026-01-09T07:00:00,3111.2,1,-0.38,Signal changed to 0.0
EMA_CROSSOVER_LONG_ONLY,5,15,7,LONG,2026-01-09T16:00:00,3133.13,2026-01-09T19:00:00,3080.6,3,-1.68,Signal changed to 0.0
EMA_CROSSOVER_LONG_ONLY,5,15,8,LONG,2026-01-10T09:00:00,3096.09,2026-01-10T19:00:00,3092.12,10,-0.13,Signal changed to 0.0
EMA_CROSSOVER_LONG_ONLY,5,15,9,LONG,2026-01-11T02:00:00,3092.49,2026-01-12T09:00:00,3116.31,31,0.77,Signal changed to 0.0
EMA_CROSSOVER_LONG_ONLY,5,15,10,LONG,2026-01-13T04:00:00,3122.57,2026-01-15T02:00:00,3314.27,46,6.14,Signal changed to 0.0
EMA_CROSSOVER_LONG_ONLY,5,15,11,LONG,2026-01-15T09:00:00,3365.99,2026-01-15T16:00:00,3330.71,7,-1.05,Signal changed to 0.0
EMA_CROSSOVER_LONG_ONLY,5,15,12,LONG,2026-01-17T08:00:00,3296.48,2026-01-18T00:00:00,3304.53,16,0.24,Signal changed to 0.0
EMA_CROSSOVER_LONG_ONLY,5,15,13,LONG,2026-01-18T03:00:00,3316.16,2026-01-18T23:00:00,3284.03,20,-0.97,Signal changed to 0.0
EMA_CROSSOVER_LONG_ONLY,5,15,14,LONG,2026-01-21T19:00:00,3055.56,2026-01-22T11:00:00,2986.8,16,-2.25,Signal changed to 0.0
EMA_CROSSOVER_LONG_ONLY,5,15,15,LONG,2026-01-23T04:00:00,2977.99,2026-01-23T06:00:00,2939.88,2,-1.28,Signal changed to 0.0
EMA_CROSSOVER_LONG_ONLY,5,15,16,LONG,2026-01-23T16:00:00,2967.99,2026-01-24T13:00:00,2948.92,21,-0.64,Signal changed to 0.0
EMA_CROSSOVER_LONG_ONLY,5,15,17,LONG,2026-01-24T17:00:00,2964.3,2026-01-24T19:00:00,2953.93,2,-0.35,Signal changed to 0.0
EMA_CROSSOVER_LONG_ONLY,5,15,18,LONG,2026-01-24T22:00:00,2963.0,2026-01-24T23:00:00,2953.22,1,-0.33,Signal changed to 0.0
EMA_CROSSOVER_LONG_ONLY,5,15,19,LONG,2026-01-26T06:00:00,2891.64,2026-01-27T09:00:00,2907.69,27,0.56,Signal changed to 0.0
EMA_CROSSOVER_LONG_ONLY,5,15,20,LONG,2026-01-27T15:00:00,2937.45,2026-01-29T00:00:00,3009.49,33,2.45,Signal changed to 0.0
EMA_CROSSOVER_LONG_ONLY,5,15,21,LONG,2026-02-02T12:00:00,2311.66,2026-02-03T06:00:00,2320.48,18,0.38,Signal changed to 0.0
EMA_CROSSOVER_LONG_ONLY,5,15,22,LONG,2026-02-04T03:00:00,2283.37,2026-02-04T11:00:00,2254.86,8,-1.25,Signal changed to 0.0
EMA_CROSSOVER_LONG_ONLY,5,15,23,LONG,2026-02-06T13:00:00,1950.31,2026-02-07T08:00:00,2019.02,19,3.52,Signal changed to 0.0
EMA_CROSSOVER_LONG_ONLY,5,15,24,LONG,2026-02-07T15:00:00,2052.54,2026-02-08T23:00:00,2089.74,32,1.81,Signal changed to 0.0
EMA_CROSSOVER_LONG_ONLY,5,15,25,LONG,2026-02-09T17:00:00,2127.33,2026-02-10T03:00:00,2064.96,10,-2.93,Signal changed to 0.0
EMA_CROSSOVER_LONG_ONLY,5,15,26,LONG,2026-02-12T01:00:00,1965.94,2026-02-12T15:00:00,1948.47,14,-0.89,Signal changed to 0.0
EMA_CROSSOVER_LONG_ONLY,5,15,27,LONG,2026-02-13T03:00:00,1953.55,2026-02-13T05:00:00,1934.19,2,-0.99,Signal changed to 0.0
EMA_CROSSOVER_LONG_ONLY,5,15,28,LONG,2026-02-13T08:00:00,1958.95,2026-02-15T01:00:00,2064.19,41,5.37,Signal changed to 0.0
EMA_CROSSOVER_LONG_ONLY,5,15,29,LONG,2026-02-15T05:00:00,2088.68,2026-02-15T09:00:00,2068.7,4,-0.96,Signal changed to 0.0
EMA_CROSSOVER_LONG_ONLY,5,15,30,LONG,2026-02-16T10:00:00,1978.88,2026-02-16T14:00:00,1973.13,4,-0.29,Signal changed to 0.0
EMA_CROSSOVER_LONG_ONLY,5,15,31,LONG,2026-02-16T20:00:00,1993.2,2026-02-17T05:00:00,1975.68,9,-0.88,Signal changed to 0.0
EMA_CROSSOVER_LONG_ONLY,5,15,32,LONG,2026-02-17T18:00:00,1998.69,2026-02-18T12:00:00,1982.47,18,-0.81,Signal changed to 0.0
EMA_CROSSOVER_LONG_ONLY,5,15,33,LONG,2026-02-19T04:00:00,1969.5,2026-02-19T10:00:00,1959.64,6,-0.5,Signal changed to 0.0
EMA_CROSSOVER_LONG_ONLY,5,15,34,LONG,2026-02-20T00:00:00,1957.56,2026-02-20T04:00:00,1939.17,4,-0.94,Signal changed to 0.0
EMA_CROSSOVER_LONG_ONLY,5,15,35,LONG,2026-02-20T05:00:00,1955.23,2026-02-20T12:00:00,1949.82,7,-0.28,Signal changed to 0.0
EMA_CROSSOVER_LONG_ONLY,5,15,36,LONG,2026-02-20T15:00:00,1963.95,2026-02-21T05:00:00,1962.86,14,-0.06,Signal changed to 0.0
EMA_CROSSOVER_LONG_ONLY,5,15,37,LONG,2026-02-21T08:00:00,1969.0,2026-02-21T23:00:00,1973.35,15,0.22,Signal changed to 0.0
EMA_CROSSOVER_LONG_ONLY,5,15,38,LONG,2026-02-22T11:00:00,1980.78,2026-02-22T12:00:00,1966.37,1,-0.73,Signal changed to 0.0
EMA_CROSSOVER_LONG_ONLY,5,15,39,LONG,2026-02-23T12:00:00,1919.99,2026-02-23T15:00:00,1895.65,3,-1.27,Signal changed to 0.0
EMA_CROSSOVER_LONG_ONLY,5,15,40,LONG,2026-02-24T16:00:00,1858.56,2026-02-26T15:00:00,2033.34,47,9.4,Signal changed to 0.0
EMA_CROSSOVER_LONG_ONLY,5,15,41,LONG,2026-02-27T03:00:00,2045.39,2026-02-27T09:00:00,2010.01,6,-1.73,Signal changed to 0.0
EMA_CROSSOVER_LONG_ONLY,5,15,42,LONG,2026-02-28T17:00:00,1906.91,2026-03-01T17:00:00,1961.17,24,2.85,Signal changed to 0.0
EMA_CROSSOVER_LONG_ONLY,5,15,43,LONG,2026-03-02T04:00:00,1972.94,2026-03-02T06:00:00,1943.31,2,-1.5,Signal changed to 0.0
EMA_CROSSOVER_LONG_ONLY,5,15,44,LONG,2026-03-02T14:00:00,1979.75,2026-03-03T04:00:00,1999.82,14,1.01,Signal changed to 0.0
EMA_CROSSOVER_LONG_ONLY,5,15,45,LONG,2026-03-03T19:00:00,1986.02,2026-03-03T21:00:00,1968.46,2,-0.88,Signal changed to 0.0
EMA_CROSSOVER_LONG_ONLY,5,15,46,LONG,2026-03-03T22:00:00,1983.31,2026-03-04T03:00:00,1960.9,5,-1.13,Signal changed to 0.0
EMA_CROSSOVER_LONG_ONLY,5,15,47,LONG,2026-03-04T07:00:00,2006.55,2026-03-05T15:00:00,2086.96,32,4.01,Signal changed to 0.0
EMA_CROSSOVER_LONG_ONLY,5,15,48,LONG,2026-03-08T10:00:00,1974.18,2026-03-08T11:00:00,1951.38,1,-1.15,Signal changed to 0.0
EMA_CROSSOVER_LONG_ONLY,5,15,49,LONG,2026-03-08T20:00:00,1958.86,2026-03-08T22:00:00,1943.2,2,-0.8,Signal changed to 0.0
EMA_CROSSOVER_LONG_ONLY,5,15,50,LONG,2026-03-09T02:00:00,1959.66,2026-03-10T20:00:00,2042.56,42,4.23,Signal changed to 0.0
EMA_CROSSOVER_LONG_ONLY,5,15,51,LONG,2026-03-11T13:00:00,2050.72,2026-03-12T02:00:00,2024.67,13,-1.27,Signal changed to 0.0
EMA_CROSSOVER_LONG_ONLY,5,15,52,LONG,2026-03-12T09:00:00,2055.65,2026-03-13T18:00:00,2100.93,33,2.2,Signal changed to 0.0
EMA_CROSSOVER_LONG_ONLY,5,15,53,LONG,2026-03-14T21:00:00,2086.68,2026-03-15T15:00:00,2093.79,18,0.34,Signal changed to 0.0
EMA_CROSSOVER_LONG_ONLY,5,15,54,LONG,2026-03-15T17:00:00,2110.77,2026-03-15T18:00:00,2099.14,1,-0.55,Signal changed to 0.0
EMA_CROSSOVER_LONG_ONLY,5,15,55,LONG,2026-03-15T19:00:00,2113.49,2026-03-17T09:00:00,2315.79,38,9.57,Signal changed to 0.0
EMA_CROSSOVER_LONG_ONLY,5,15,56,LONG,2026-03-17T11:00:00,2326.82,2026-03-17T12:00:00,2315.42,1,-0.49,Signal changed to 0.0
EMA_CROSSOVER_LONG_ONLY,5,15,57,LONG,2026-03-17T13:00:00,2328.65,2026-03-17T23:00:00,2317.39,10,-0.48,Signal changed to 0.0
EMA_CROSSOVER_LONG_ONLY,5,15,58,LONG,2026-03-18T02:00:00,2331.49,2026-03-18T05:00:00,2318.42,3,-0.56,Signal changed to 0.0
EMA_CROSSOVER_LONG_ONLY,5,15,59,LONG,2026-03-20T04:00:00,2148.38,2026-03-20T05:00:00,2140.37,1,-0.37,Signal changed to 0.0
EMA_CROSSOVER_LONG_ONLY,5,15,60,LONG,2026-03-20T08:00:00,2164.2,2026-03-20T11:00:00,2141.5,3,-1.05,Signal changed to 0.0
EMA_CROSSOVER_LONG_ONLY,5,15,61,LONG,2026-03-20T22:00:00,2154.71,2026-03-21T16:00:00,2146.65,18,-0.37,Signal changed to 0.0
EMA_CROSSOVER_LONG_ONLY,5,15,62,LONG,2026-03-21T20:00:00,2155.67,2026-03-21T22:00:00,2149.94,2,-0.27,Signal changed to 0.0
EMA_CROSSOVER_LONG_ONLY,5,15,63,LONG,2026-03-23T11:00:00,2134.78,2026-03-24T14:00:00,2133.98,27,-0.04,Signal changed to 0.0
EMA_CROSSOVER_LONG_ONLY,5,15,64,LONG,2026-03-24T22:00:00,2145.61,2026-03-25T18:00:00,2162.38,20,0.78,Signal changed to 0.0
EMA_CROSSOVER_LONG_ONLY,5,15,65,LONG,2026-03-25T22:00:00,2174.53,2026-03-26T00:00:00,2166.69,2,-0.36,Signal changed to 0.0
EMA_CROSSOVER_LONG_ONLY,5,15,66,LONG,2026-03-28T07:00:00,2007.07,2026-03-28T23:00:00,1994.74,16,-0.61,Signal changed to 0.0
EMA_CROSSOVER_LONG_ONLY,5,15,67,LONG,2026-03-29T21:00:00,2006.51,2026-03-29T22:00:00,1973.99,1,-1.62,Signal changed to 0.0
EMA_CROSSOVER_LONG_ONLY,5,15,68,LONG,2026-03-30T01:00:00,2010.43,2026-03-30T19:00:00,2023.7,18,0.66,Signal changed to 0.0
EMA_CROSSOVER_LONG_ONLY,5,15,69,LONG,2026-03-31T01:00:00,2073.0,2026-03-31T09:00:00,2018.37,8,-2.64,Signal changed to 0.0
EMA_CROSSOVER_LONG_ONLY,5,15,70,LONG,2026-03-31T13:00:00,2075.37,2026-04-02T01:00:00,2100.03,36,1.19,Signal changed to 0.0
EMA_CROSSOVER_LONG_ONLY,5,15,71,LONG,2026-04-02T20:00:00,2068.19,2026-04-02T23:00:00,2057.17,3,-0.53,Signal changed to 0.0
EMA_CROSSOVER_LONG_ONLY,5,15,72,LONG,2026-04-03T06:00:00,2063.66,2026-04-03T12:00:00,2049.84,6,-0.67,Signal changed to 0.0
EMA_CROSSOVER_LONG_ONLY,5,15,73,LONG,2026-04-04T06:00:00,2056.46,2026-04-04T08:00:00,2050.57,2,-0.29,Signal changed to 0.0
EMA_CROSSOVER_LONG_ONLY,5,15,74,LONG,2026-04-04T15:00:00,2056.29,2026-04-05T04:00:00,2055.16,13,-0.05,Signal changed to 0.0
EMA_CROSSOVER_LONG_ONLY,5,15,75,LONG,2026-04-05T17:00:00,2062.53,2026-04-06T22:00:00,2105.41,29,2.08,Signal changed to 0.0
EMA_CROSSOVER_LONG_ONLY,5,15,76,LONG,2026-04-07T20:00:00,2115.53,2026-04-08T18:00:00,2201.41,22,4.06,Signal changed to 0.0
EMA_CROSSOVER_LONG_ONLY,5,15,77,LONG,2026-04-09T15:00:00,2217.99,2026-04-10T00:00:00,2195.17,9,-1.03,Signal changed to 0.0
EMA_CROSSOVER_LONG_ONLY,5,15,78,LONG,2026-04-10T11:00:00,2215.65,2026-04-11T07:00:00,2232.6,20,0.77,Signal changed to 0.0
EMA_CROSSOVER_LONG_ONLY,5,15,79,LONG,2026-04-11T09:00:00,2243.83,2026-04-12T01:00:00,2219.05,16,-1.1,Signal changed to 0.0
EMA_CROSSOVER_LONG_ONLY,5,15,80,LONG,2026-04-13T13:00:00,2215.47,2026-04-14T17:00:00,2338.37,28,5.55,Signal changed to 0.0
EMA_CROSSOVER_LONG_ONLY,5,15,81,LONG,2026-04-15T12:00:00,2332.98,2026-04-16T07:00:00,2341.52,19,0.37,Signal changed to 0.0
EMA_CROSSOVER_LONG_ONLY,5,15,82,LONG,2026-04-16T19:00:00,2359.7,2026-04-17T02:00:00,2331.75,7,-1.18,Signal changed to 0.0
EMA_CROSSOVER_LONG_ONLY,5,15,83,LONG,2026-04-17T08:00:00,2354.87,2026-04-18T05:00:00,2408.95,21,2.3,Signal changed to 0.0
EMA_CROSSOVER_LONG_ONLY,5,15,84,LONG,2026-04-20T09:00:00,2309.06,2026-04-21T03:00:00,2311.62,18,0.11,Signal changed to 0.0
EMA_CROSSOVER_LONG_ONLY,5,15,85,LONG,2026-04-21T06:00:00,2317.36,2026-04-21T13:00:00,2312.77,7,-0.2,Signal changed to 0.0
EMA_CROSSOVER_LONG_ONLY,5,15,86,LONG,2026-04-21T23:00:00,2327.14,2026-04-23T00:00:00,2372.96,25,1.97,Signal changed to 0.0
EMA_CROSSOVER_LONG_ONLY,5,15,87,LONG,2026-04-24T01:00:00,2332.84,2026-04-24T02:00:00,2319.91,1,-0.55,Signal changed to 0.0
EMA_CROSSOVER_LONG_ONLY,5,15,88,LONG,2026-04-24T12:00:00,2325.25,2026-04-24T14:00:00,2313.41,2,-0.51,Signal changed to 0.0
EMA_CROSSOVER_LONG_ONLY,5,15,89,LONG,2026-04-24T15:00:00,2323.81,2026-04-24T16:00:00,2316.67,1,-0.31,Signal changed to 0.0
EMA_CROSSOVER_LONG_ONLY,5,15,90,LONG,2026-04-24T18:00:00,2319.92,2026-04-24T22:00:00,2311.92,4,-0.34,Signal changed to 0.0
EMA_CROSSOVER_LONG_ONLY,5,15,91,LONG,2026-04-25T09:00:00,2319.12,2026-04-25T11:00:00,2313.64,2,-0.24,Signal changed to 0.0
EMA_CROSSOVER_LONG_ONLY,5,15,92,LONG,2026-04-25T22:00:00,2317.75,2026-04-26T03:00:00,2310.0,5,-0.33,Signal changed to 0.0
EMA_CROSSOVER_LONG_ONLY,5,15,93,LONG,2026-04-26T04:00:00,2317.74,2026-04-27T06:00:00,2321.0,26,0.14,Signal changed to 0.0
EMA_CROSSOVER_LONG_ONLY,5,15,94,LONG,2026-04-28T18:00:00,2296.96,2026-04-29T14:00:00,2299.39,20,0.11,Signal changed to 0.0
EMA_CROSSOVER_LONG_ONLY,5,15,95,LONG,2026-04-30T12:00:00,2265.45,2026-04-30T17:00:00,2258.14,5,-0.32,Signal changed to 0.0
EMA_CROSSOVER_LONG_ONLY,5,15,96,LONG,2026-04-30T19:00:00,2261.99,2026-04-30T21:00:00,2256.29,2,-0.25,Signal changed to 0.0
EMA_CROSSOVER_LONG_ONLY,5,15,97,LONG,2026-05-01T01:00:00,2267.75,2026-05-03T02:00:00,2303.41,49,1.57,Signal changed to 0.0
EMA_CROSSOVER_LONG_ONLY,5,15,98,LONG,2026-05-03T09:00:00,2316.47,2026-05-04T11:00:00,2337.59,26,0.91,Signal changed to 0.0
EMA_CROSSOVER_LONG_ONLY,5,15,99,LONG,2026-05-04T14:00:00,2371.39,2026-05-04T23:00:00,2347.16,9,-1.02,Signal changed to 0.0
EMA_CROSSOVER_LONG_ONLY,5,15,100,LONG,2026-05-05T00:00:00,2358.83,2026-05-05T17:00:00,2362.8,17,0.17,Signal changed to 0.0
EMA_CROSSOVER_LONG_ONLY,5,15,101,LONG,2026-05-05T20:00:00,2382.41,2026-05-05T22:00:00,2367.51,2,-0.63,Signal changed to 0.0
EMA_CROSSOVER_LONG_ONLY,5,15,102,LONG,2026-05-06T08:00:00,2394.33,2026-05-06T14:00:00,2359.23,6,-1.47,Signal changed to 0.0
EMA_CROSSOVER_LONG_ONLY,5,15,103,LONG,2026-05-08T15:00:00,2293.2,2026-05-10T11:00:00,2322.58,44,1.28,Signal changed to 0.0
EMA_CROSSOVER_LONG_ONLY,5,15,104,LONG,2026-05-10T13:00:00,2329.8,2026-05-11T03:00:00,2330.56,14,0.03,Signal changed to 0.0
EMA_CROSSOVER_LONG_ONLY,5,15,105,LONG,2026-05-11T19:00:00,2340.43,2026-05-12T01:00:00,2311.41,6,-1.24,Signal changed to 0.0
EMA_CROSSOVER_LONG_ONLY,5,15,106,LONG,2026-05-13T02:00:00,2293.99,2026-05-13T13:00:00,2262.8,11,-1.36,Signal changed to 0.0
EMA_CROSSOVER_LONG_ONLY,5,15,107,LONG,2026-05-14T08:00:00,2266.36,2026-05-14T09:00:00,2257.8,1,-0.38,Signal changed to 0.0
EMA_CROSSOVER_LONG_ONLY,5,15,108,LONG,2026-05-14T14:00:00,2286.99,2026-05-15T02:00:00,2276.37,12,-0.46,Signal changed to 0.0
EMA_CROSSOVER_LONG_ONLY,5,15,109,LONG,2026-05-17T05:00:00,2185.91,2026-05-17T16:00:00,2182.51,11,-0.16,Signal changed to 0.0
EMA_CROSSOVER_LONG_ONLY,5,15,110,LONG,2026-05-17T19:00:00,2192.53,2026-05-17T22:00:00,2179.69,3,-0.59,Signal changed to 0.0
EMA_CROSSOVER_LONG_ONLY,5,15,111,LONG,2026-05-18T22:00:00,2135.74,2026-05-19T09:00:00,2114.49,11,-0.99,Signal changed to 0.0
EMA_CROSSOVER_LONG_ONLY,5,15,112,LONG,2026-05-20T05:00:00,2125.63,2026-05-21T09:00:00,2127.98,28,0.11,Signal changed to 0.0
EMA_CROSSOVER_LONG_ONLY,5,15,113,LONG,2026-05-21T17:00:00,2146.6,2026-05-22T05:00:00,2129.21,12,-0.81,Signal changed to 0.0
EMA_CROSSOVER_LONG_ONLY,5,15,114,LONG,2026-05-23T17:00:00,2063.98,2026-05-24T14:00:00,2097.98,21,1.65,Signal changed to 0.0
EMA_CROSSOVER_LONG_ONLY,5,15,115,LONG,2026-05-25T05:00:00,2108.22,2026-05-25T21:00:00,2110.9,16,0.13,Signal changed to 0.0
EMA_CROSSOVER_LONG_ONLY,5,15,116,LONG,2026-05-26T10:00:00,2127.56,2026-05-26T15:00:00,2087.36,5,-1.89,Signal changed to 0.0
EMA_CROSSOVER_LONG_ONLY,5,15,117,LONG,2026-05-27T08:00:00,2085.05,2026-05-27T11:00:00,2080.55,3,-0.22,Signal changed to 0.0
EMA_CROSSOVER_LONG_ONLY,5,15,118,LONG,2026-05-28T17:00:00,2019.51,2026-05-29T02:00:00,1999.22,9,-1.0,Signal changed to 0.0
EMA_CROSSOVER_LONG_ONLY,5,15,119,LONG,2026-05-29T05:00:00,2014.56,2026-05-29T12:00:00,1999.78,7,-0.73,Signal changed to 0.0
EMA_CROSSOVER_LONG_ONLY,5,15,120,LONG,2026-05-29T15:00:00,2031.62,2026-05-30T04:00:00,2010.8,13,-1.02,Signal changed to 0.0
EMA_CROSSOVER_LONG_ONLY,5,15,121,LONG,2026-05-30T05:00:00,2015.95,2026-05-30T08:00:00,2014.16,3,-0.09,Signal changed to 0.0
EMA_CROSSOVER_LONG_ONLY,5,15,122,LONG,2026-05-30T09:00:00,2016.79,2026-05-31T09:00:00,2021.13,24,0.22,Signal changed to 0.0
EMA_CROSSOVER_LONG_ONLY,5,15,123,LONG,2026-06-01T19:00:00,2004.53,2026-06-02T05:00:00,1985.01,10,-0.97,Signal changed to 0.0
EMA_CROSSOVER_LONG_ONLY,5,15,124,LONG,2026-06-07T01:00:00,1590.12,2026-06-09T01:00:00,1669.02,48,4.96,Signal changed to 0.0
EMA_CROSSOVER_LONG_ONLY,5,15,125,LONG,2026-06-09T05:00:00,1688.25,2026-06-09T08:00:00,1675.28,3,-0.77,Signal changed to 0.0
EMA_CROSSOVER_LONG_ONLY,5,15,126,LONG,2026-06-10T13:00:00,1651.81,2026-06-10T18:00:00,1631.13,5,-1.25,Signal changed to 0.0
EMA_CROSSOVER_LONG_ONLY,5,15,127,LONG,2026-06-11T02:00:00,1641.07,2026-06-11T16:00:00,1639.75,14,-0.08,Signal changed to 0.0
EMA_CROSSOVER_LONG_ONLY,5,15,128,LONG,2026-06-11T17:00:00,1688.66,2026-06-12T06:00:00,1657.34,13,-1.85,Signal changed to 0.0
EMA_CROSSOVER_LONG_ONLY,5,15,129,LONG,2026-06-12T08:00:00,1673.53,2026-06-12T13:00:00,1657.6,5,-0.95,Signal changed to 0.0
EMA_CROSSOVER_LONG_ONLY,5,15,130,LONG,2026-06-12T14:00:00,1685.64,2026-06-12T15:00:00,1660.08,1,-1.52,Signal changed to 0.0
EMA_CROSSOVER_LONG_ONLY,5,15,131,LONG,2026-06-12T16:00:00,1672.9,2026-06-12T18:00:00,1666.87,2,-0.36,Signal changed to 0.0
EMA_CROSSOVER_LONG_ONLY,5,15,132,LONG,2026-06-13T01:00:00,1674.03,2026-06-13T03:00:00,1665.25,2,-0.52,Signal changed to 0.0
EMA_CROSSOVER_LONG_ONLY,5,15,133,LONG,2026-06-13T07:00:00,1676.38,2026-06-14T06:00:00,1676.39,23,0.0,Signal changed to 0.0
EMA_CROSSOVER_LONG_ONLY,5,15,134,LONG,2026-06-14T21:00:00,1718.67,2026-06-16T02:00:00,1770.13,29,2.99,Signal changed to 0.0
EMA_CROSSOVER_LONG_ONLY,5,15,135,LONG,2026-06-16T09:00:00,1789.63,2026-06-16T16:00:00,1777.89,7,-0.66,Signal changed to 0.0
EMA_CROSSOVER_LONG_ONLY,5,15,136,LONG,2026-06-16T17:00:00,1795.1,2026-06-17T06:00:00,1790.38,13,-0.26,Signal changed to 0.0
EMA_CROSSOVER_LONG_ONLY,5,15,137,LONG,2026-06-19T15:00:00,1707.86,2026-06-19T16:00:00,1696.8,1,-0.65,Signal changed to 0.0
EMA_CROSSOVER_LONG_ONLY,5,15,138,LONG,2026-06-19T17:00:00,1704.85,2026-06-21T08:00:00,1729.1,39,1.42,Signal changed to 0.0
EMA_CROSSOVER_LONG_ONLY,5,15,139,LONG,2026-06-21T18:00:00,1735.39,2026-06-21T20:00:00,1721.3,2,-0.81,Signal changed to 0.0
EMA_CROSSOVER_LONG_ONLY,5,15,140,LONG,2026-06-22T01:00:00,1743.82,2026-06-22T18:00:00,1733.51,17,-0.59,Signal changed to 0.0
EMA_CROSSOVER_LONG_ONLY,5,15,141,LONG,2026-06-24T05:00:00,1674.48,2026-06-24T10:00:00,1663.69,5,-0.64,Signal changed to 0.0
EMA_CROSSOVER_LONG_ONLY,5,15,142,LONG,2026-06-24T11:00:00,1679.57,2026-06-24T13:00:00,1645.43,2,-2.03,Signal changed to 0.0
EMA_CROSSOVER_LONG_ONLY,5,15,143,LONG,2026-06-25T04:00:00,1635.03,2026-06-25T13:00:00,1538.15,9,-5.93,Signal changed to 0.0
EMA_CROSSOVER_LONG_ONLY,5,15,144,LONG,2026-06-26T15:00:00,1580.14,2026-06-27T20:00:00,1581.48,29,0.08,Signal changed to 0.0
EMA_CROSSOVER_LONG_ONLY,5,15,145,LONG,2026-06-28T11:00:00,1582.87,2026-06-28T16:00:00,1572.85,5,-0.63,Signal changed to 0.0
EMA_CROSSOVER_LONG_ONLY,5,15,146,LONG,2026-06-29T03:00:00,1584.78,2026-06-29T13:00:00,1572.74,10,-0.76,Signal changed to 0.0
EMA_CROSSOVER_LONG_ONLY,5,15,147,LONG,2026-06-29T15:00:00,1580.26,2026-06-30T02:00:00,1590.57,11,0.65,Signal changed to 0.0
EMA_CROSSOVER_LONG_ONLY,5,15,148,LONG,2026-07-01T02:00:00,1586.3,2026-07-01T10:00:00,1573.43,8,-0.81,Signal changed to 0.0
EMA_CROSSOVER_LONG_ONLY,5,15,149,LONG,2026-07-01T13:00:00,1597.22,2026-07-05T01:00:00,1766.62,84,10.61,Signal changed to 0.0
EMA_CROSSOVER_LONG_ONLY,5,15,150,LONG,2026-07-05T15:00:00,1774.67,2026-07-06T05:00:00,1774.06,14,-0.03,Signal changed to 0.0
EMA_CROSSOVER_LONG_ONLY,5,15,151,LONG,2026-07-06T16:00:00,1792.51,2026-07-07T03:00:00,1771.56,11,-1.17,Signal changed to 0.0
EMA_CROSSOVER_LONG_ONLY,5,15,152,LONG,2026-07-07T14:00:00,1789.46,2026-07-07T21:00:00,1773.84,7,-0.87,Signal changed to 0.0
EMA_CROSSOVER_LONG_ONLY,5,15,153,LONG,2026-07-09T05:00:00,1749.39,2026-07-09T15:00:00,1739.51,10,-0.56,Signal changed to 0.0
EMA_CROSSOVER_LONG_ONLY,5,15,154,LONG,2026-07-09T18:00:00,1751.55,2026-07-10T00:00:00,1743.09,6,-0.48,Signal changed to 0.0
EMA_CROSSOVER_LONG_ONLY,5,15,155,LONG,2026-07-10T01:00:00,1767.62,2026-07-11T23:00:00,1787.76,46,1.14,Signal changed to 0.0
EMA_CROSSOVER_LONG_ONLY,5,15,156,LONG,2026-07-12T14:00:00,1819.51,2026-07-12T23:00:00,1806.8,9,-0.7,Signal changed to 0.0
EMA_CROSSOVER_LONG_ONLY,5,15,157,LONG,2026-07-13T00:00:00,1826.59,2026-07-13T02:00:00,1806.99,2,-1.07,Signal changed to 0.0
EMA_CROSSOVER_LONG_ONLY,5,15,158,LONG,2026-07-14T01:00:00,1784.84,2026-07-16T08:00:00,1886.09,55,5.67,Signal changed to 0.0
EMA_CROSSOVER_LONG_ONLY,5,15,159,LONG,2026-07-17T19:00:00,1843.76,2026-07-19T18:00:00,1861.12,47,0.94,Signal changed to 0.0
EMA_CROSSOVER_LONG_ONLY,5,15,160,LONG,2026-07-19T23:00:00,1872.23,2026-07-20T05:00:00,1855.45,6,-0.9,Signal changed to 0.0
EMA_CROSSOVER_LONG_ONLY,5,15,161,LONG,2026-07-20T11:00:00,1893.2,2026-07-21T18:00:00,1919.93,31,1.41,Signal changed to 0.0
EMA_CROSSOVER_LONG_ONLY,5,15,162,LONG,2026-07-22T00:00:00,1939.46,2026-07-22T05:00:00,1919.35,5,-1.04,Signal changed to 0.0
EMA_CROSSOVER_LONG_ONLY,5,15,163,LONG,2026-07-22T11:00:00,1927.27,2026-07-22T12:00:00,1917.17,1,-0.52,Signal changed to 0.0
EMA_CROSSOVER_LONG_ONLY,5,15,164,LONG,2026-07-22T13:00:00,1939.93,2026-07-22T20:00:00,1926.76,7,-0.68,Signal changed to 0.0
EMA_CROSSOVER_LONG_ONLY,5,15,165,LONG,2026-07-22T21:00:00,1938.76,2026-07-23T01:00:00,1928.39,4,-0.53,Signal changed to 0.0
EMA_CROSSOVER_LONG_ONLY,5,15,166,LONG,2026-07-24T07:00:00,1895.98,2026-07-24T11:00:00,1883.93,4,-0.64,Signal changed to 0.0
EMA_CROSSOVER_LONG_ONLY,5,15,167,LONG,2026-07-25T13:00:00,1867.24,2026-07-27T15:00:00,1927.75,50,3.24,Signal changed to 0.0
EMA_CROSSOVER_LONG_ONLY,5,15,168,LONG,2026-07-28T15:00:00,1920.02,2026-07-29T03:00:00,1892.7,12,-1.42,Signal changed to 0.0
EMA_CROSSOVER_LONG_ONLY,5,15,169,LONG,2026-07-29T05:00:00,1912.54,2026-07-29T12:00:00,1905.23,7,-0.38,Signal changed to 0.0
EMA_CROSSOVER_LONG_ONLY,5,15,170,LONG,2026-07-29T18:00:00,1920.55,2026-07-29T19:00:00,1888.56,1,-1.67,Signal changed to 0.0
EMA_CROSSOVER_LONG_ONLY,5,15,171,LONG,2026-07-30T01:00:00,1916.77,2026-07-30T06:00:00,1901.32,5,-0.81,Signal changed to 0.0
EMA_CROSSOVER_LONG_ONLY,5,15,172,LONG,2026-07-30T08:00:00,1914.99,2026-07-31T01:00:00,1910.36,17,-0.24,Signal changed to 0.0
EMA_CROSSOVER_LONG_ONLY,5,15,173,LONG,2026-08-01T14:00:00,1875.18,2026-08-01T17:00:00,1862.07,3,-0.7,Signal changed to 0.0
EMA_CROSSOVER_LONG_ONLY,5,15,174,LONG,2026-08-02T02:00:00,1876.9,2026-08-02T11:00:00,1852.58,9,-1.3,Signal changed to 0.0
EMA_CROSSOVER_LONG_ONLY,5,15,175,LONG,2026-08-02T18:00:00,1875.86,2026-08-03T02:00:00,1864.51,8,-0.61,Signal changed to 0.0
EMA_CROSSOVER_LONG_ONLY,5,15,176,LONG,2026-08-03T14:00:00,1873.79,2026-08-04T00:00:00,1851.3,10,-1.2,Signal changed to 0.0
EMA_CROSSOVER_LONG_ONLY,5,15,177,LONG,2026-08-04T01:00:00,1867.64,2026-08-04T06:00:00,1856.96,5,-0.57,Signal changed to 0.0
EMA_CROSSOVER_LONG_ONLY,5,15,178,LONG,2026-08-04T10:00:00,1866.94,2026-08-05T00:00:00,1863.93,14,-0.16,Signal changed to 0.0
EMA_CROSSOVER_LONG_ONLY,5,15,179,LONG,2026-08-05T01:00:00,1873.37,2026-08-05T04:00:00,1867.5,3,-0.31,Signal changed to 0.0
EMA_CROSSOVER_LONG_ONLY,5,15,180,LONG,2026-08-05T05:00:00,1873.46,2026-08-05T10:00:00,1868.33,5,-0.27,Signal changed to 0.0
EMA_CROSSOVER_LONG_ONLY,5,15,181,LONG,2026-08-05T12:00:00,1876.25,2026-08-06T12:00:00,1899.09,24,1.22,Signal changed to 0.0
EMA_CROSSOVER_LONG_ONLY,5,15,182,LONG,2026-08-06T13:00:00,1907.43,2026-08-06T21:00:00,1906.28,8,-0.06,Signal changed to 0.0
EMA_CROSSOVER_LONG_ONLY,5,15,183,LONG,2026-08-07T08:00:00,1910.7,2026-08-08T22:00:00,1916.75,38,0.32,Signal changed to 0.0
EMA_CROSSOVER_LONG_ONLY,5,15,184,LONG,2026-08-09T09:00:00,1921.45,2026-08-09T23:00:00,1910.65,14,-0.56,Signal changed to 0.0
EMA_CROSSOVER_LONG_ONLY,5,15,185,LONG,2026-08-10T02:00:00,1923.52,2026-08-10T03:00:00,1917.44,1,-0.32,Signal changed to 0.0
EMA_CROSSOVER_LONG_ONLY,5,15,186,LONG,2026-08-10T05:00:00,1923.17,2026-08-10T10:00:00,1917.75,5,-0.28,Signal changed to 0.0
EMA_CROSSOVER_LONG_ONLY,5,15,187,LONG,2026-08-11T10:00:00,1886.16,2026-08-11T15:00:00,1862.74,5,-1.24,Signal changed to 0.0
EMA_CROSSOVER_LONG_ONLY,5,15,188,LONG,2026-08-11T21:00:00,1884.68,2026-08-12T17:00:00,1888.14,20,0.18,Signal changed to 0.0
EMA_CROSSOVER_LONG_ONLY,5,15,189,LONG,2026-08-13T04:00:00,1892.37,2026-08-13T10:00:00,1883.17,6,-0.49,Signal changed to 0.0
EMA_CROSSOVER_LONG_ONLY,5,15,190,LONG,2026-08-13T14:00:00,1893.43,2026-08-13T15:00:00,1880.01,1,-0.71,Signal changed to 0.0
EMA_CROSSOVER_LONG_ONLY,5,15,191,LONG,2026-08-13T21:00:00,1888.76,2026-08-14T03:00:00,1883.0,6,-0.3,Signal changed to 0.0
EMA_CROSSOVER_LONG_ONLY,5,15,192,LONG,2026-08-14T19:00:00,1880.89,2026-08-15T08:00:00,1877.05,13,-0.2,Signal changed to 0.0
EMA_CROSSOVER_LONG_ONLY,5,15,193,LONG,2026-08-15T12:00:00,1883.86,2026-08-16T01:00:00,1880.54,13,-0.18,Signal changed to 0.0
EMA_CROSSOVER_LONG_ONLY,5,15,194,LONG,2026-08-16T14:00:00,1883.5,2026-08-16T21:00:00,1875.56,7,-0.42,Signal changed to 0.0
EMA_CROSSOVER_LONG_ONLY,5,15,195,LONG,2026-08-17T01:00:00,1891.65,2026-08-18T02:00:00,1893.19,25,0.08,Signal changed to 0.0
EMA_CROSSOVER_LONG_ONLY,5,15,196,LONG,2026-08-18T14:00:00,1911.02,2026-08-22T07:00:00,2433.31,89,27.33,Signal changed to 0.0
EMA_CROSSOVER_LONG_ONLY,9,21,1,LONG,2026-01-01T01:00:00,2984.32,2026-01-01T04:00:00,2975.35,3,-0.3,Signal changed to 0.0
EMA_CROSSOVER_LONG_ONLY,9,21,2,LONG,2026-01-01T05:00:00,2981.49,2026-01-01T06:00:00,2975.89,1,-0.19,Signal changed to 0.0
EMA_CROSSOVER_LONG_ONLY,9,21,3,LONG,2026-01-01T09:00:00,2984.0,2026-01-07T09:00:00,3200.18,144,7.24,Signal changed to 0.0
EMA_CROSSOVER_LONG_ONLY,9,21,4,LONG,2026-01-10T12:00:00,3099.46,2026-01-10T18:00:00,3092.85,6,-0.21,Signal changed to 0.0
EMA_CROSSOVER_LONG_ONLY,9,21,5,LONG,2026-01-11T04:00:00,3098.22,2026-01-12T11:00:00,3115.43,31,0.56,Signal changed to 0.0
EMA_CROSSOVER_LONG_ONLY,9,21,6,LONG,2026-01-13T05:00:00,3131.82,2026-01-15T05:00:00,3310.59,48,5.71,Signal changed to 0.0
EMA_CROSSOVER_LONG_ONLY,9,21,7,LONG,2026-01-15T08:00:00,3336.45,2026-01-15T18:00:00,3288.39,10,-1.44,Signal changed to 0.0
EMA_CROSSOVER_LONG_ONLY,9,21,8,LONG,2026-01-17T11:00:00,3302.72,2026-01-19T00:00:00,3212.13,37,-2.74,Signal changed to 0.0
EMA_CROSSOVER_LONG_ONLY,9,21,9,LONG,2026-01-21T21:00:00,3031.47,2026-01-22T13:00:00,2972.76,16,-1.94,Signal changed to 0.0
EMA_CROSSOVER_LONG_ONLY,9,21,10,LONG,2026-01-23T17:00:00,2987.51,2026-01-23T21:00:00,2943.98,4,-1.46,Signal changed to 0.0
EMA_CROSSOVER_LONG_ONLY,9,21,11,LONG,2026-01-23T22:00:00,2960.02,2026-01-24T23:00:00,2953.22,25,-0.23,Signal changed to 0.0
EMA_CROSSOVER_LONG_ONLY,9,21,12,LONG,2026-01-26T10:00:00,2896.28,2026-01-29T02:00:00,2959.23,64,2.17,Signal changed to 0.0
EMA_CROSSOVER_LONG_ONLY,9,21,13,LONG,2026-02-02T15:00:00,2372.71,2026-02-03T08:00:00,2315.77,17,-2.4,Signal changed to 0.0
EMA_CROSSOVER_LONG_ONLY,9,21,14,LONG,2026-02-04T08:00:00,2279.73,2026-02-04T09:00:00,2260.65,1,-0.84,Signal changed to 0.0
EMA_CROSSOVER_LONG_ONLY,9,21,15,LONG,2026-02-06T16:00:00,2036.17,2026-02-09T01:00:00,2070.89,57,1.71,Signal changed to 0.0
EMA_CROSSOVER_LONG_ONLY,9,21,16,LONG,2026-02-09T18:00:00,2130.67,2026-02-10T05:00:00,2053.07,11,-3.64,Signal changed to 0.0
EMA_CROSSOVER_LONG_ONLY,9,21,17,LONG,2026-02-12T06:00:00,1975.06,2026-02-12T16:00:00,1909.18,10,-3.34,Signal changed to 0.0
EMA_CROSSOVER_LONG_ONLY,9,21,18,LONG,2026-02-13T09:00:00,1962.0,2026-02-15T11:00:00,2061.96,50,5.09,Signal changed to 0.0
EMA_CROSSOVER_LONG_ONLY,9,21,19,LONG,2026-02-16T21:00:00,1999.14,2026-02-17T08:00:00,1977.08,11,-1.1,Signal changed to 0.0
EMA_CROSSOVER_LONG_ONLY,9,21,20,LONG,2026-02-17T19:00:00,1998.14,2026-02-18T13:00:00,1970.68,18,-1.37,Signal changed to 0.0
EMA_CROSSOVER_LONG_ONLY,9,21,21,LONG,2026-02-19T07:00:00,1981.76,2026-02-19T09:00:00,1963.79,2,-0.91,Signal changed to 0.0
EMA_CROSSOVER_LONG_ONLY,9,21,22,LONG,2026-02-20T06:00:00,1958.47,2026-02-20T13:00:00,1934.11,7,-1.24,Signal changed to 0.0
EMA_CROSSOVER_LONG_ONLY,9,21,23,LONG,2026-02-20T16:00:00,1968.62,2026-02-22T08:00:00,1973.39,40,0.24,Signal changed to 0.0
EMA_CROSSOVER_LONG_ONLY,9,21,24,LONG,2026-02-22T10:00:00,1977.5,2026-02-22T12:00:00,1966.37,2,-0.56,Signal changed to 0.0
EMA_CROSSOVER_LONG_ONLY,9,21,25,LONG,2026-02-24T20:00:00,1858.58,2026-02-26T17:00:00,1988.43,45,6.99,Signal changed to 0.0
EMA_CROSSOVER_LONG_ONLY,9,21,26,LONG,2026-02-27T04:00:00,2042.64,2026-02-27T09:00:00,2010.01,5,-1.6,Signal changed to 0.0
EMA_CROSSOVER_LONG_ONLY,9,21,27,LONG,2026-02-28T19:00:00,1947.02,2026-03-01T20:00:00,1914.26,25,-1.68,Signal changed to 0.0
EMA_CROSSOVER_LONG_ONLY,9,21,28,LONG,2026-03-02T15:00:00,2047.33,2026-03-03T08:00:00,1953.1,17,-4.6,Signal changed to 0.0
EMA_CROSSOVER_LONG_ONLY,9,21,29,LONG,2026-03-04T07:00:00,2006.55,2026-03-05T16:00:00,2080.17,33,3.67,Signal changed to 0.0
EMA_CROSSOVER_LONG_ONLY,9,21,30,LONG,2026-03-09T03:00:00,1977.48,2026-03-10T23:00:00,2036.51,44,2.99,Signal changed to 0.0
EMA_CROSSOVER_LONG_ONLY,9,21,31,LONG,2026-03-11T14:00:00,2062.68,2026-03-12T03:00:00,2023.38,13,-1.91,Signal changed to 0.0
EMA_CROSSOVER_LONG_ONLY,9,21,32,LONG,2026-03-12T10:00:00,2069.86,2026-03-13T23:00:00,2092.22,37,1.08,Signal changed to 0.0
EMA_CROSSOVER_LONG_ONLY,9,21,33,LONG,2026-03-15T00:00:00,2088.0,2026-03-18T10:00:00,2312.83,82,10.77,Signal changed to 0.0
EMA_CROSSOVER_LONG_ONLY,9,21,34,LONG,2026-03-21T00:00:00,2153.3,2026-03-21T23:00:00,2084.87,23,-3.18,Signal changed to 0.0
EMA_CROSSOVER_LONG_ONLY,9,21,35,LONG,2026-03-23T12:00:00,2144.27,2026-03-24T17:00:00,2109.17,29,-1.64,Signal changed to 0.0
EMA_CROSSOVER_LONG_ONLY,9,21,36,LONG,2026-03-24T23:00:00,2156.23,2026-03-26T02:00:00,2149.97,27,-0.29,Signal changed to 0.0
EMA_CROSSOVER_LONG_ONLY,9,21,37,LONG,2026-03-28T13:00:00,2026.4,2026-03-29T00:00:00,1999.16,11,-1.34,Signal changed to 0.0
EMA_CROSSOVER_LONG_ONLY,9,21,38,LONG,2026-03-30T02:00:00,2029.93,2026-03-30T22:00:00,2033.08,20,0.16,Signal changed to 0.0
EMA_CROSSOVER_LONG_ONLY,9,21,39,LONG,2026-03-31T01:00:00,2073.0,2026-03-31T09:00:00,2018.37,8,-2.64,Signal changed to 0.0
EMA_CROSSOVER_LONG_ONLY,9,21,40,LONG,2026-03-31T13:00:00,2075.37,2026-04-02T02:00:00,2073.89,37,-0.07,Signal changed to 0.0
EMA_CROSSOVER_LONG_ONLY,9,21,41,LONG,2026-04-04T16:00:00,2055.75,2026-04-05T05:00:00,2048.6,13,-0.35,Signal changed to 0.0
EMA_CROSSOVER_LONG_ONLY,9,21,42,LONG,2026-04-05T18:00:00,2062.99,2026-04-07T00:00:00,2112.66,30,2.41,Signal changed to 0.0
EMA_CROSSOVER_LONG_ONLY,9,21,43,LONG,2026-04-07T21:00:00,2145.04,2026-04-08T23:00:00,2190.0,26,2.1,Signal changed to 0.0
EMA_CROSSOVER_LONG_ONLY,9,21,44,LONG,2026-04-09T16:00:00,2208.33,2026-04-10T02:00:00,2189.12,10,-0.87,Signal changed to 0.0
EMA_CROSSOVER_LONG_ONLY,9,21,45,LONG,2026-04-10T11:00:00,2215.65,2026-04-12T03:00:00,2213.71,40,-0.09,Signal changed to 0.0
EMA_CROSSOVER_LONG_ONLY,9,21,46,LONG,2026-04-13T14:00:00,2234.18,2026-04-14T21:00:00,2323.72,31,4.01,Signal changed to 0.0
EMA_CROSSOVER_LONG_ONLY,9,21,47,LONG,2026-04-15T14:00:00,2338.4,2026-04-16T09:00:00,2338.09,19,-0.01,Signal changed to 0.0
EMA_CROSSOVER_LONG_ONLY,9,21,48,LONG,2026-04-16T20:00:00,2350.23,2026-04-17T02:00:00,2331.75,6,-0.79,Signal changed to 0.0
EMA_CROSSOVER_LONG_ONLY,9,21,49,LONG,2026-04-17T09:00:00,2359.1,2026-04-18T09:00:00,2376.04,24,0.72,Signal changed to 0.0
EMA_CROSSOVER_LONG_ONLY,9,21,50,LONG,2026-04-20T12:00:00,2318.88,2026-04-21T14:00:00,2299.35,26,-0.84,Signal changed to 0.0
EMA_CROSSOVER_LONG_ONLY,9,21,51,LONG,2026-04-21T23:00:00,2327.14,2026-04-23T02:00:00,2351.96,27,1.07,Signal changed to 0.0
EMA_CROSSOVER_LONG_ONLY,9,21,52,LONG,2026-04-26T05:00:00,2327.84,2026-04-27T07:00:00,2316.01,26,-0.51,Signal changed to 0.0
EMA_CROSSOVER_LONG_ONLY,9,21,53,LONG,2026-04-29T01:00:00,2292.45,2026-04-29T02:00:00,2288.88,1,-0.16,Signal changed to 0.0
EMA_CROSSOVER_LONG_ONLY,9,21,54,LONG,2026-04-29T03:00:00,2311.52,2026-04-29T15:00:00,2272.51,12,-1.69,Signal changed to 0.0
EMA_CROSSOVER_LONG_ONLY,9,21,55,LONG,2026-05-01T02:00:00,2266.94,2026-05-03T05:00:00,2304.11,51,1.64,Signal changed to 0.0
EMA_CROSSOVER_LONG_ONLY,9,21,56,LONG,2026-05-03T08:00:00,2308.28,2026-05-05T23:00:00,2360.77,63,2.27,Signal changed to 0.0
EMA_CROSSOVER_LONG_ONLY,9,21,57,LONG,2026-05-06T03:00:00,2376.8,2026-05-06T04:00:00,2366.08,1,-0.45,Signal changed to 0.0
EMA_CROSSOVER_LONG_ONLY,9,21,58,LONG,2026-05-06T08:00:00,2394.33,2026-05-06T15:00:00,2359.1,7,-1.47,Signal changed to 0.0
EMA_CROSSOVER_LONG_ONLY,9,21,59,LONG,2026-05-08T18:00:00,2313.49,2026-05-11T06:00:00,2333.48,60,0.86,Signal changed to 0.0
EMA_CROSSOVER_LONG_ONLY,9,21,60,LONG,2026-05-11T21:00:00,2340.71,2026-05-12T01:00:00,2311.41,4,-1.25,Signal changed to 0.0
EMA_CROSSOVER_LONG_ONLY,9,21,61,LONG,2026-05-13T04:00:00,2306.67,2026-05-13T13:00:00,2262.8,9,-1.9,Signal changed to 0.0
EMA_CROSSOVER_LONG_ONLY,9,21,62,LONG,2026-05-14T15:00:00,2298.48,2026-05-15T04:00:00,2263.33,13,-1.53,Signal changed to 0.0
EMA_CROSSOVER_LONG_ONLY,9,21,63,LONG,2026-05-17T11:00:00,2192.0,2026-05-17T16:00:00,2182.51,5,-0.43,Signal changed to 0.0
EMA_CROSSOVER_LONG_ONLY,9,21,64,LONG,2026-05-17T19:00:00,2192.53,2026-05-17T22:00:00,2179.69,3,-0.59,Signal changed to 0.0
EMA_CROSSOVER_LONG_ONLY,9,21,65,LONG,2026-05-19T05:00:00,2135.21,2026-05-19T10:00:00,2118.36,5,-0.79,Signal changed to 0.0
EMA_CROSSOVER_LONG_ONLY,9,21,66,LONG,2026-05-20T06:00:00,2133.75,2026-05-21T10:00:00,2114.19,28,-0.92,Signal changed to 0.0
EMA_CROSSOVER_LONG_ONLY,9,21,67,LONG,2026-05-21T17:00:00,2146.6,2026-05-21T18:00:00,2126.87,1,-0.92,Signal changed to 0.0
EMA_CROSSOVER_LONG_ONLY,9,21,68,LONG,2026-05-21T19:00:00,2142.83,2026-05-22T06:00:00,2125.68,11,-0.8,Signal changed to 0.0
EMA_CROSSOVER_LONG_ONLY,9,21,69,LONG,2026-05-23T20:00:00,2146.3,2026-05-24T18:00:00,2099.97,22,-2.16,Signal changed to 0.0
EMA_CROSSOVER_LONG_ONLY,9,21,70,LONG,2026-05-25T06:00:00,2108.99,2026-05-26T00:00:00,2097.75,18,-0.53,Signal changed to 0.0
EMA_CROSSOVER_LONG_ONLY,9,21,71,LONG,2026-05-26T11:00:00,2121.01,2026-05-26T15:00:00,2087.36,4,-1.59,Signal changed to 0.0
EMA_CROSSOVER_LONG_ONLY,9,21,72,LONG,2026-05-29T06:00:00,2018.09,2026-05-29T07:00:00,2007.62,1,-0.52,Signal changed to 0.0
EMA_CROSSOVER_LONG_ONLY,9,21,73,LONG,2026-05-29T09:00:00,2014.85,2026-05-29T11:00:00,2007.58,2,-0.36,Signal changed to 0.0
EMA_CROSSOVER_LONG_ONLY,9,21,74,LONG,2026-05-29T15:00:00,2031.62,2026-05-31T11:00:00,2023.27,44,-0.41,Signal changed to 0.0
EMA_CROSSOVER_LONG_ONLY,9,21,75,LONG,2026-06-01T22:00:00,2004.43,2026-06-02T01:00:00,1980.15,3,-1.21,Signal changed to 0.0
EMA_CROSSOVER_LONG_ONLY,9,21,76,LONG,2026-06-02T02:00:00,1997.07,2026-06-02T05:00:00,1985.01,3,-0.6,Signal changed to 0.0
EMA_CROSSOVER_LONG_ONLY,9,21,77,LONG,2026-06-07T02:00:00,1592.67,2026-06-09T10:00:00,1674.72,56,5.15,Signal changed to 0.0
EMA_CROSSOVER_LONG_ONLY,9,21,78,LONG,2026-06-11T03:00:00,1653.95,2026-06-12T20:00:00,1664.92,41,0.66,Signal changed to 0.0
EMA_CROSSOVER_LONG_ONLY,9,21,79,LONG,2026-06-13T01:00:00,1674.03,2026-06-13T03:00:00,1665.25,2,-0.52,Signal changed to 0.0
EMA_CROSSOVER_LONG_ONLY,9,21,80,LONG,2026-06-13T07:00:00,1676.38,2026-06-14T10:00:00,1673.13,27,-0.19,Signal changed to 0.0
EMA_CROSSOVER_LONG_ONLY,9,21,81,LONG,2026-06-14T21:00:00,1718.67,2026-06-17T08:00:00,1765.31,59,2.71,Signal changed to 0.0
EMA_CROSSOVER_LONG_ONLY,9,21,82,LONG,2026-06-19T23:00:00,1711.19,2026-06-21T12:00:00,1726.0,37,0.87,Signal changed to 0.0
EMA_CROSSOVER_LONG_ONLY,9,21,83,LONG,2026-06-21T19:00:00,1734.14,2026-06-21T20:00:00,1721.3,1,-0.74,Signal changed to 0.0
EMA_CROSSOVER_LONG_ONLY,9,21,84,LONG,2026-06-22T02:00:00,1737.28,2026-06-22T20:00:00,1734.61,18,-0.15,Signal changed to 0.0
EMA_CROSSOVER_LONG_ONLY,9,21,85,LONG,2026-06-25T06:00:00,1653.95,2026-06-25T13:00:00,1538.15,7,-7.0,Signal changed to 0.0
EMA_CROSSOVER_LONG_ONLY,9,21,86,LONG,2026-06-26T18:00:00,1573.34,2026-06-27T23:00:00,1573.99,29,0.04,Signal changed to 0.0
EMA_CROSSOVER_LONG_ONLY,9,21,87,LONG,2026-06-28T13:00:00,1579.68,2026-06-28T16:00:00,1572.85,3,-0.43,Signal changed to 0.0
EMA_CROSSOVER_LONG_ONLY,9,21,88,LONG,2026-06-29T05:00:00,1583.1,2026-06-29T14:00:00,1572.9,9,-0.64,Signal changed to 0.0
EMA_CROSSOVER_LONG_ONLY,9,21,89,LONG,2026-06-29T15:00:00,1580.26,2026-06-30T08:00:00,1583.98,17,0.24,Signal changed to 0.0
EMA_CROSSOVER_LONG_ONLY,9,21,90,LONG,2026-07-01T03:00:00,1594.81,2026-07-01T10:00:00,1573.43,7,-1.34,Signal changed to 0.0
EMA_CROSSOVER_LONG_ONLY,9,21,91,LONG,2026-07-01T13:00:00,1597.22,2026-07-05T05:00:00,1765.98,88,10.57,Signal changed to 0.0
EMA_CROSSOVER_LONG_ONLY,9,21,92,LONG,2026-07-05T16:00:00,1773.0,2026-07-06T08:00:00,1765.55,16,-0.42,Signal changed to 0.0
EMA_CROSSOVER_LONG_ONLY,9,21,93,LONG,2026-07-06T17:00:00,1788.26,2026-07-07T05:00:00,1770.58,12,-0.99,Signal changed to 0.0
EMA_CROSSOVER_LONG_ONLY,9,21,94,LONG,2026-07-07T15:00:00,1797.45,2026-07-07T22:00:00,1775.55,7,-1.22,Signal changed to 0.0
EMA_CROSSOVER_LONG_ONLY,9,21,95,LONG,2026-07-09T07:00:00,1753.31,2026-07-09T15:00:00,1739.51,8,-0.79,Signal changed to 0.0
EMA_CROSSOVER_LONG_ONLY,9,21,96,LONG,2026-07-09T18:00:00,1751.55,2026-07-12T06:00:00,1795.13,60,2.49,Signal changed to 0.0
EMA_CROSSOVER_LONG_ONLY,9,21,97,LONG,2026-07-12T14:00:00,1819.51,2026-07-13T03:00:00,1780.55,13,-2.14,Signal changed to 0.0
EMA_CROSSOVER_LONG_ONLY,9,21,98,LONG,2026-07-14T05:00:00,1787.04,2026-07-16T09:00:00,1884.67,52,5.46,Signal changed to 0.0
EMA_CROSSOVER_LONG_ONLY,9,21,99,LONG,2026-07-18T08:00:00,1847.43,2026-07-20T06:00:00,1849.73,46,0.12,Signal changed to 0.0
EMA_CROSSOVER_LONG_ONLY,9,21,100,LONG,2026-07-20T11:00:00,1893.2,2026-07-22T07:00:00,1914.44,44,1.12,Signal changed to 0.0
EMA_CROSSOVER_LONG_ONLY,9,21,101,LONG,2026-07-22T10:00:00,1930.82,2026-07-22T12:00:00,1917.17,2,-0.71,Signal changed to 0.0
EMA_CROSSOVER_LONG_ONLY,9,21,102,LONG,2026-07-22T13:00:00,1939.93,2026-07-23T03:00:00,1920.55,14,-1.0,Signal changed to 0.0
EMA_CROSSOVER_LONG_ONLY,9,21,103,LONG,2026-07-25T16:00:00,1867.99,2026-07-27T22:00:00,1893.6,54,1.37,Signal changed to 0.0
EMA_CROSSOVER_LONG_ONLY,9,21,104,LONG,2026-07-28T18:00:00,1911.22,2026-07-29T14:00:00,1895.23,20,-0.84,Signal changed to 0.0
EMA_CROSSOVER_LONG_ONLY,9,21,105,LONG,2026-07-30T02:00:00,1911.11,2026-07-30T04:00:00,1901.99,2,-0.48,Signal changed to 0.0
EMA_CROSSOVER_LONG_ONLY,9,21,106,LONG,2026-07-30T05:00:00,1906.34,2026-07-30T06:00:00,1901.32,1,-0.26,Signal changed to 0.0
EMA_CROSSOVER_LONG_ONLY,9,21,107,LONG,2026-07-30T08:00:00,1914.99,2026-07-31T02:00:00,1904.15,18,-0.57,Signal changed to 0.0
EMA_CROSSOVER_LONG_ONLY,9,21,108,LONG,2026-08-02T04:00:00,1881.22,2026-08-02T12:00:00,1857.06,8,-1.28,Signal changed to 0.0
EMA_CROSSOVER_LONG_ONLY,9,21,109,LONG,2026-08-02T18:00:00,1875.86,2026-08-03T04:00:00,1854.97,10,-1.11,Signal changed to 0.0
EMA_CROSSOVER_LONG_ONLY,9,21,110,LONG,2026-08-03T17:00:00,1868.84,2026-08-04T00:00:00,1851.3,7,-0.94,Signal changed to 0.0
EMA_CROSSOVER_LONG_ONLY,9,21,111,LONG,2026-08-04T01:00:00,1867.64,2026-08-04T08:00:00,1857.89,7,-0.52,Signal changed to 0.0
EMA_CROSSOVER_LONG_ONLY,9,21,112,LONG,2026-08-04T10:00:00,1866.94,2026-08-07T01:00:00,1903.36,63,1.95,Signal changed to 0.0
EMA_CROSSOVER_LONG_ONLY,9,21,113,LONG,2026-08-07T09:00:00,1913.04,2026-08-09T01:00:00,1916.14,40,0.16,Signal changed to 0.0
EMA_CROSSOVER_LONG_ONLY,9,21,114,LONG,2026-08-09T09:00:00,1921.45,2026-08-09T23:00:00,1910.65,14,-0.56,Signal changed to 0.0
EMA_CROSSOVER_LONG_ONLY,9,21,115,LONG,2026-08-10T02:00:00,1923.52,2026-08-10T03:00:00,1917.44,1,-0.32,Signal changed to 0.0
EMA_CROSSOVER_LONG_ONLY,9,21,116,LONG,2026-08-10T06:00:00,1928.03,2026-08-10T12:00:00,1906.0,6,-1.14,Signal changed to 0.0
EMA_CROSSOVER_LONG_ONLY,9,21,117,LONG,2026-08-12T01:00:00,1884.77,2026-08-12T19:00:00,1879.38,18,-0.29,Signal changed to 0.0
EMA_CROSSOVER_LONG_ONLY,9,21,118,LONG,2026-08-13T06:00:00,1898.62,2026-08-13T11:00:00,1880.39,5,-0.96,Signal changed to 0.0
EMA_CROSSOVER_LONG_ONLY,9,21,119,LONG,2026-08-13T14:00:00,1893.43,2026-08-13T15:00:00,1880.01,1,-0.71,Signal changed to 0.0
EMA_CROSSOVER_LONG_ONLY,9,21,120,LONG,2026-08-14T00:00:00,1889.4,2026-08-14T03:00:00,1883.0,3,-0.34,Signal changed to 0.0
EMA_CROSSOVER_LONG_ONLY,9,21,121,LONG,2026-08-15T00:00:00,1882.41,2026-08-15T09:00:00,1880.44,9,-0.1,Signal changed to 0.0
EMA_CROSSOVER_LONG_ONLY,9,21,122,LONG,2026-08-15T12:00:00,1883.86,2026-08-16T05:00:00,1879.81,17,-0.21,Signal changed to 0.0
EMA_CROSSOVER_LONG_ONLY,9,21,123,LONG,2026-08-16T15:00:00,1884.06,2026-08-16T21:00:00,1875.56,6,-0.45,Signal changed to 0.0
EMA_CROSSOVER_LONG_ONLY,9,21,124,LONG,2026-08-17T01:00:00,1891.65,2026-08-18T04:00:00,1896.66,27,0.26,Signal changed to 0.0
EMA_CROSSOVER_LONG_ONLY,9,21,125,LONG,2026-08-18T14:00:00,1911.02,2026-08-22T08:00:00,2423.3,90,26.81,End of Dataset
EMA_CROSSOVER_LONG_ONLY,12,26,1,LONG,2026-01-01T01:00:00,2984.32,2026-01-01T04:00:00,2975.35,3,-0.3,Signal changed to 0.0
EMA_CROSSOVER_LONG_ONLY,12,26,2,LONG,2026-01-01T05:00:00,2981.49,2026-01-01T06:00:00,2975.89,1,-0.19,Signal changed to 0.0
EMA_CROSSOVER_LONG_ONLY,12,26,3,LONG,2026-01-01T09:00:00,2984.0,2026-01-07T11:00:00,3220.24,146,7.92,Signal changed to 0.0
EMA_CROSSOVER_LONG_ONLY,12,26,4,LONG,2026-01-11T05:00:00,3099.32,2026-01-12T14:00:00,3105.41,33,0.2,Signal changed to 0.0
EMA_CROSSOVER_LONG_ONLY,12,26,5,LONG,2026-01-12T15:00:00,3130.17,2026-01-12T17:00:00,3104.88,2,-0.81,Signal changed to 0.0
EMA_CROSSOVER_LONG_ONLY,12,26,6,LONG,2026-01-13T06:00:00,3134.41,2026-01-15T19:00:00,3295.48,61,5.14,Signal changed to 0.0
EMA_CROSSOVER_LONG_ONLY,12,26,7,LONG,2026-01-17T13:00:00,3303.88,2026-01-19T00:00:00,3212.13,35,-2.78,Signal changed to 0.0
EMA_CROSSOVER_LONG_ONLY,12,26,8,LONG,2026-01-22T02:00:00,3017.72,2026-01-22T13:00:00,2972.76,11,-1.49,Signal changed to 0.0
EMA_CROSSOVER_LONG_ONLY,12,26,9,LONG,2026-01-24T03:00:00,2962.72,2026-01-25T01:00:00,2955.15,22,-0.26,Signal changed to 0.0
EMA_CROSSOVER_LONG_ONLY,12,26,10,LONG,2026-01-26T14:00:00,2922.74,2026-01-29T03:00:00,2952.52,61,1.02,Signal changed to 0.0
EMA_CROSSOVER_LONG_ONLY,12,26,11,LONG,2026-02-02T19:00:00,2331.54,2026-02-03T08:00:00,2315.77,13,-0.68,Signal changed to 0.0
EMA_CROSSOVER_LONG_ONLY,12,26,12,LONG,2026-02-06T17:00:00,2067.01,2026-02-09T07:00:00,2065.74,62,-0.06,Signal changed to 0.0
EMA_CROSSOVER_LONG_ONLY,12,26,13,LONG,2026-02-09T18:00:00,2130.67,2026-02-10T05:00:00,2053.07,11,-3.64,Signal changed to 0.0
EMA_CROSSOVER_LONG_ONLY,12,26,14,LONG,2026-02-12T10:00:00,1994.15,2026-02-12T16:00:00,1909.18,6,-4.26,Signal changed to 0.0
EMA_CROSSOVER_LONG_ONLY,12,26,15,LONG,2026-02-13T11:00:00,1960.04,2026-02-15T12:00:00,2011.0,49,2.6,Signal changed to 0.0
EMA_CROSSOVER_LONG_ONLY,12,26,16,LONG,2026-02-17T00:00:00,1998.44,2026-02-17T06:00:00,1981.02,6,-0.87,Signal changed to 0.0
EMA_CROSSOVER_LONG_ONLY,12,26,17,LONG,2026-02-17T20:00:00,1994.71,2026-02-18T14:00:00,1974.66,18,-1.01,Signal changed to 0.0
EMA_CROSSOVER_LONG_ONLY,12,26,18,LONG,2026-02-20T08:00:00,1960.0,2026-02-20T13:00:00,1934.11,5,-1.32,Signal changed to 0.0
EMA_CROSSOVER_LONG_ONLY,12,26,19,LONG,2026-02-20T16:00:00,1968.62,2026-02-22T13:00:00,1950.95,45,-0.9,Signal changed to 0.0
EMA_CROSSOVER_LONG_ONLY,12,26,20,LONG,2026-02-25T01:00:00,1918.34,2026-02-27T01:00:00,2021.9,48,5.4,Signal changed to 0.0
EMA_CROSSOVER_LONG_ONLY,12,26,21,LONG,2026-02-27T03:00:00,2045.39,2026-02-27T10:00:00,1980.8,7,-3.16,Signal changed to 0.0
EMA_CROSSOVER_LONG_ONLY,12,26,22,LONG,2026-02-28T21:00:00,1957.69,2026-03-01T20:00:00,1914.26,23,-2.22,Signal changed to 0.0
EMA_CROSSOVER_LONG_ONLY,12,26,23,LONG,2026-03-02T15:00:00,2047.33,2026-03-03T09:00:00,1951.58,18,-4.68,Signal changed to 0.0
EMA_CROSSOVER_LONG_ONLY,12,26,24,LONG,2026-03-04T08:00:00,2063.71,2026-03-05T18:00:00,2076.59,34,0.62,Signal changed to 0.0
EMA_CROSSOVER_LONG_ONLY,12,26,25,LONG,2026-03-09T04:00:00,1977.31,2026-03-11T03:00:00,2021.17,47,2.22,Signal changed to 0.0
EMA_CROSSOVER_LONG_ONLY,12,26,26,LONG,2026-03-11T14:00:00,2062.68,2026-03-12T04:00:00,2023.09,14,-1.92,Signal changed to 0.0
EMA_CROSSOVER_LONG_ONLY,12,26,27,LONG,2026-03-12T10:00:00,2069.86,2026-03-14T02:00:00,2092.39,40,1.09,Signal changed to 0.0
EMA_CROSSOVER_LONG_ONLY,12,26,28,LONG,2026-03-15T02:00:00,2101.99,2026-03-18T11:00:00,2269.34,81,7.96,Signal changed to 0.0
EMA_CROSSOVER_LONG_ONLY,12,26,29,LONG,2026-03-21T03:00:00,2153.6,2026-03-21T23:00:00,2084.87,20,-3.19,Signal changed to 0.0
EMA_CROSSOVER_LONG_ONLY,12,26,30,LONG,2026-03-23T12:00:00,2144.27,2026-03-24T18:00:00,2118.92,30,-1.18,Signal changed to 0.0
EMA_CROSSOVER_LONG_ONLY,12,26,31,LONG,2026-03-24T21:00:00,2148.88,2026-03-26T04:00:00,2149.71,31,0.04,Signal changed to 0.0
EMA_CROSSOVER_LONG_ONLY,12,26,32,LONG,2026-03-28T16:00:00,2024.78,2026-03-29T00:00:00,1999.16,8,-1.27,Signal changed to 0.0
EMA_CROSSOVER_LONG_ONLY,12,26,33,LONG,2026-03-30T02:00:00,2029.93,2026-04-02T03:00:00,2056.33,73,1.3,Signal changed to 0.0
EMA_CROSSOVER_LONG_ONLY,12,26,34,LONG,2026-04-04T19:00:00,2064.71,2026-04-05T06:00:00,2038.32,11,-1.28,Signal changed to 0.0
EMA_CROSSOVER_LONG_ONLY,12,26,35,LONG,2026-04-05T19:00:00,2062.37,2026-04-07T03:00:00,2108.37,32,2.23,Signal changed to 0.0
EMA_CROSSOVER_LONG_ONLY,12,26,36,LONG,2026-04-07T22:00:00,2219.77,2026-04-09T02:00:00,2181.69,28,-1.72,Signal changed to 0.0
EMA_CROSSOVER_LONG_ONLY,12,26,37,LONG,2026-04-09T17:00:00,2222.75,2026-04-10T03:00:00,2186.06,10,-1.65,Signal changed to 0.0
EMA_CROSSOVER_LONG_ONLY,12,26,38,LONG,2026-04-10T11:00:00,2215.65,2026-04-12T04:00:00,2212.16,41,-0.16,Signal changed to 0.0
EMA_CROSSOVER_LONG_ONLY,12,26,39,LONG,2026-04-13T16:00:00,2225.86,2026-04-15T07:00:00,2316.62,39,4.08,Signal changed to 0.0
EMA_CROSSOVER_LONG_ONLY,12,26,40,LONG,2026-04-15T12:00:00,2332.98,2026-04-16T11:00:00,2335.67,23,0.12,Signal changed to 0.0
EMA_CROSSOVER_LONG_ONLY,12,26,41,LONG,2026-04-16T23:00:00,2348.17,2026-04-17T02:00:00,2331.75,3,-0.7,Signal changed to 0.0
EMA_CROSSOVER_LONG_ONLY,12,26,42,LONG,2026-04-17T09:00:00,2359.1,2026-04-18T11:00:00,2352.96,26,-0.26,Signal changed to 0.0
EMA_CROSSOVER_LONG_ONLY,12,26,43,LONG,2026-04-20T18:00:00,2334.23,2026-04-21T15:00:00,2310.24,21,-1.03,Signal changed to 0.0
EMA_CROSSOVER_LONG_ONLY,12,26,44,LONG,2026-04-21T23:00:00,2327.14,2026-04-23T04:00:00,2347.84,29,0.89,Signal changed to 0.0
EMA_CROSSOVER_LONG_ONLY,12,26,45,LONG,2026-04-26T05:00:00,2327.84,2026-04-27T09:00:00,2322.19,28,-0.24,Signal changed to 0.0
EMA_CROSSOVER_LONG_ONLY,12,26,46,LONG,2026-04-29T03:00:00,2311.52,2026-04-29T16:00:00,2267.47,13,-1.91,Signal changed to 0.0
EMA_CROSSOVER_LONG_ONLY,12,26,47,LONG,2026-05-01T03:00:00,2282.87,2026-05-06T17:00:00,2349.7,134,2.93,Signal changed to 0.0
EMA_CROSSOVER_LONG_ONLY,12,26,48,LONG,2026-05-08T20:00:00,2306.65,2026-05-11T10:00:00,2329.94,62,1.01,Signal changed to 0.0
EMA_CROSSOVER_LONG_ONLY,12,26,49,LONG,2026-05-11T22:00:00,2341.43,2026-05-12T01:00:00,2311.41,3,-1.28,Signal changed to 0.0
EMA_CROSSOVER_LONG_ONLY,12,26,50,LONG,2026-05-13T08:00:00,2316.64,2026-05-13T13:00:00,2262.8,5,-2.32,Signal changed to 0.0
EMA_CROSSOVER_LONG_ONLY,12,26,51,LONG,2026-05-14T15:00:00,2298.48,2026-05-15T05:00:00,2245.41,14,-2.31,Signal changed to 0.0
EMA_CROSSOVER_LONG_ONLY,12,26,52,LONG,2026-05-20T07:00:00,2129.74,2026-05-21T11:00:00,2115.27,28,-0.68,Signal changed to 0.0
EMA_CROSSOVER_LONG_ONLY,12,26,53,LONG,2026-05-21T19:00:00,2142.83,2026-05-22T07:00:00,2128.7,12,-0.66,Signal changed to 0.0
EMA_CROSSOVER_LONG_ONLY,12,26,54,LONG,2026-05-23T20:00:00,2146.3,2026-05-24T21:00:00,2070.59,25,-3.53,Signal changed to 0.0
EMA_CROSSOVER_LONG_ONLY,12,26,55,LONG,2026-05-25T06:00:00,2108.99,2026-05-26T01:00:00,2094.35,19,-0.69,Signal changed to 0.0
EMA_CROSSOVER_LONG_ONLY,12,26,56,LONG,2026-05-26T12:00:00,2126.2,2026-05-26T15:00:00,2087.36,3,-1.83,Signal changed to 0.0
EMA_CROSSOVER_LONG_ONLY,12,26,57,LONG,2026-05-29T16:00:00,2040.45,2026-05-31T14:00:00,2008.06,46,-1.59,Signal changed to 0.0
EMA_CROSSOVER_LONG_ONLY,12,26,58,LONG,2026-06-07T05:00:00,1604.02,2026-06-09T14:00:00,1645.9,57,2.61,Signal changed to 0.0
EMA_CROSSOVER_LONG_ONLY,12,26,59,LONG,2026-06-11T04:00:00,1656.89,2026-06-14T12:00:00,1666.9,80,0.6,Signal changed to 0.0
EMA_CROSSOVER_LONG_ONLY,12,26,60,LONG,2026-06-14T21:00:00,1718.67,2026-06-17T08:00:00,1765.31,59,2.71,Signal changed to 0.0
EMA_CROSSOVER_LONG_ONLY,12,26,61,LONG,2026-06-20T04:00:00,1713.52,2026-06-21T21:00:00,1718.6,41,0.3,Signal changed to 0.0
EMA_CROSSOVER_LONG_ONLY,12,26,62,LONG,2026-06-22T02:00:00,1737.28,2026-06-22T22:00:00,1724.15,20,-0.76,Signal changed to 0.0
EMA_CROSSOVER_LONG_ONLY,12,26,63,LONG,2026-06-25T09:00:00,1648.88,2026-06-25T11:00:00,1633.27,2,-0.95,Signal changed to 0.0
EMA_CROSSOVER_LONG_ONLY,12,26,64,LONG,2026-06-27T01:00:00,1576.01,2026-06-28T00:00:00,1574.75,23,-0.08,Signal changed to 0.0
EMA_CROSSOVER_LONG_ONLY,12,26,65,LONG,2026-06-29T06:00:00,1582.82,2026-06-29T13:00:00,1572.74,7,-0.64,Signal changed to 0.0
EMA_CROSSOVER_LONG_ONLY,12,26,66,LONG,2026-06-29T15:00:00,1580.26,2026-06-30T10:00:00,1584.51,19,0.27,Signal changed to 0.0
EMA_CROSSOVER_LONG_ONLY,12,26,67,LONG,2026-07-01T04:00:00,1599.35,2026-07-01T10:00:00,1573.43,6,-1.62,Signal changed to 0.0
EMA_CROSSOVER_LONG_ONLY,12,26,68,LONG,2026-07-01T14:00:00,1601.18,2026-07-05T11:00:00,1760.08,93,9.92,Signal changed to 0.0
EMA_CROSSOVER_LONG_ONLY,12,26,69,LONG,2026-07-05T14:00:00,1772.56,2026-07-06T09:00:00,1758.67,19,-0.78,Signal changed to 0.0
EMA_CROSSOVER_LONG_ONLY,12,26,70,LONG,2026-07-06T17:00:00,1788.26,2026-07-07T07:00:00,1771.24,14,-0.95,Signal changed to 0.0
EMA_CROSSOVER_LONG_ONLY,12,26,71,LONG,2026-07-07T15:00:00,1797.45,2026-07-07T23:00:00,1771.45,8,-1.45,Signal changed to 0.0
EMA_CROSSOVER_LONG_ONLY,12,26,72,LONG,2026-07-09T09:00:00,1755.78,2026-07-09T11:00:00,1744.02,2,-0.67,Signal changed to 0.0
EMA_CROSSOVER_LONG_ONLY,12,26,73,LONG,2026-07-09T19:00:00,1748.51,2026-07-10T00:00:00,1743.09,5,-0.31,Signal changed to 0.0
EMA_CROSSOVER_LONG_ONLY,12,26,74,LONG,2026-07-10T01:00:00,1767.62,2026-07-12T10:00:00,1799.4,57,1.8,Signal changed to 0.0
EMA_CROSSOVER_LONG_ONLY,12,26,75,LONG,2026-07-12T12:00:00,1807.01,2026-07-13T03:00:00,1780.55,15,-1.46,Signal changed to 0.0
EMA_CROSSOVER_LONG_ONLY,12,26,76,LONG,2026-07-14T10:00:00,1800.12,2026-07-16T11:00:00,1885.26,49,4.73,Signal changed to 0.0
EMA_CROSSOVER_LONG_ONLY,12,26,77,LONG,2026-07-18T17:00:00,1852.82,2026-07-20T06:00:00,1849.73,37,-0.17,Signal changed to 0.0
EMA_CROSSOVER_LONG_ONLY,12,26,78,LONG,2026-07-20T11:00:00,1893.2,2026-07-23T04:00:00,1919.74,65,1.4,Signal changed to 0.0
EMA_CROSSOVER_LONG_ONLY,12,26,79,LONG,2026-07-25T18:00:00,1875.48,2026-07-27T23:00:00,1892.53,53,0.91,Signal changed to 0.0
EMA_CROSSOVER_LONG_ONLY,12,26,80,LONG,2026-07-28T20:00:00,1918.57,2026-07-29T14:00:00,1895.23,18,-1.22,Signal changed to 0.0
EMA_CROSSOVER_LONG_ONLY,12,26,81,LONG,2026-07-30T08:00:00,1914.99,2026-07-31T04:00:00,1905.96,20,-0.47,Signal changed to 0.0
EMA_CROSSOVER_LONG_ONLY,12,26,82,LONG,2026-08-02T05:00:00,1876.33,2026-08-02T12:00:00,1857.06,7,-1.03,Signal changed to 0.0
EMA_CROSSOVER_LONG_ONLY,12,26,83,LONG,2026-08-02T18:00:00,1875.86,2026-08-03T04:00:00,1854.97,10,-1.11,Signal changed to 0.0
EMA_CROSSOVER_LONG_ONLY,12,26,84,LONG,2026-08-03T19:00:00,1870.2,2026-08-04T00:00:00,1851.3,5,-1.01,Signal changed to 0.0
EMA_CROSSOVER_LONG_ONLY,12,26,85,LONG,2026-08-04T01:00:00,1867.64,2026-08-04T08:00:00,1857.89,7,-0.52,Signal changed to 0.0
EMA_CROSSOVER_LONG_ONLY,12,26,86,LONG,2026-08-04T10:00:00,1866.94,2026-08-07T04:00:00,1897.44,66,1.63,Signal changed to 0.0
EMA_CROSSOVER_LONG_ONLY,12,26,87,LONG,2026-08-07T08:00:00,1910.7,2026-08-09T03:00:00,1914.04,43,0.17,Signal changed to 0.0
EMA_CROSSOVER_LONG_ONLY,12,26,88,LONG,2026-08-09T09:00:00,1921.45,2026-08-10T00:00:00,1912.78,15,-0.45,Signal changed to 0.0
EMA_CROSSOVER_LONG_ONLY,12,26,89,LONG,2026-08-10T01:00:00,1925.23,2026-08-10T04:00:00,1915.79,3,-0.49,Signal changed to 0.0
EMA_CROSSOVER_LONG_ONLY,12,26,90,LONG,2026-08-10T05:00:00,1923.17,2026-08-10T12:00:00,1906.0,7,-0.89,Signal changed to 0.0
EMA_CROSSOVER_LONG_ONLY,12,26,91,LONG,2026-08-12T04:00:00,1889.42,2026-08-12T21:00:00,1877.95,17,-0.61,Signal changed to 0.0
EMA_CROSSOVER_LONG_ONLY,12,26,92,LONG,2026-08-13T06:00:00,1898.62,2026-08-13T11:00:00,1880.39,5,-0.96,Signal changed to 0.0
EMA_CROSSOVER_LONG_ONLY,12,26,93,LONG,2026-08-13T13:00:00,1890.39,2026-08-13T15:00:00,1880.01,2,-0.55,Signal changed to 0.0
EMA_CROSSOVER_LONG_ONLY,12,26,94,LONG,2026-08-14T01:00:00,1889.41,2026-08-14T03:00:00,1883.0,2,-0.34,Signal changed to 0.0
EMA_CROSSOVER_LONG_ONLY,12,26,95,LONG,2026-08-15T02:00:00,1884.94,2026-08-15T08:00:00,1877.05,6,-0.42,Signal changed to 0.0
EMA_CROSSOVER_LONG_ONLY,12,26,96,LONG,2026-08-15T12:00:00,1883.86,2026-08-16T05:00:00,1879.81,17,-0.21,Signal changed to 0.0
EMA_CROSSOVER_LONG_ONLY,12,26,97,LONG,2026-08-16T16:00:00,1889.58,2026-08-16T21:00:00,1875.56,5,-0.74,Signal changed to 0.0
EMA_CROSSOVER_LONG_ONLY,12,26,98,LONG,2026-08-17T02:00:00,1902.36,2026-08-18T09:00:00,1896.93,31,-0.29,Signal changed to 0.0
EMA_CROSSOVER_LONG_ONLY,12,26,99,LONG,2026-08-18T11:00:00,1903.11,2026-08-18T13:00:00,1897.84,2,-0.28,Signal changed to 0.0
EMA_CROSSOVER_LONG_ONLY,12,26,100,LONG,2026-08-18T14:00:00,1911.02,2026-08-22T08:00:00,2423.3,90,26.81,End of Dataset
EMA_CROSSOVER_LONG_ONLY,50,200,1,LONG,2026-01-01T01:00:00,2984.32,2026-01-01T06:00:00,2975.89,5,-0.28,Signal changed to 0.0
EMA_CROSSOVER_LONG_ONLY,50,200,2,LONG,2026-01-01T08:00:00,2982.59,2026-01-09T19:00:00,3080.6,203,3.29,Signal changed to 0.0
EMA_CROSSOVER_LONG_ONLY,50,200,3,LONG,2026-01-12T06:00:00,3154.79,2026-01-12T14:00:00,3105.41,8,-1.57,Signal changed to 0.0
EMA_CROSSOVER_LONG_ONLY,50,200,4,LONG,2026-01-12T15:00:00,3130.17,2026-01-12T18:00:00,3108.28,3,-0.7,Signal changed to 0.0
EMA_CROSSOVER_LONG_ONLY,50,200,5,LONG,2026-01-13T10:00:00,3134.73,2026-01-20T01:00:00,3193.28,159,1.87,Signal changed to 0.0
EMA_CROSSOVER_LONG_ONLY,50,200,6,LONG,2026-02-25T23:00:00,2057.48,2026-02-28T06:00:00,1842.45,55,-10.45,Signal changed to 0.0
EMA_CROSSOVER_LONG_ONLY,50,200,7,LONG,2026-03-01T09:00:00,1980.69,2026-03-02T07:00:00,1941.66,22,-1.97,Signal changed to 0.0
EMA_CROSSOVER_LONG_ONLY,50,200,8,LONG,2026-03-02T15:00:00,2047.33,2026-03-07T16:00:00,1977.26,121,-3.42,Signal changed to 0.0
EMA_CROSSOVER_LONG_ONLY,50,200,9,LONG,2026-03-10T06:00:00,2043.76,2026-03-20T16:00:00,2137.31,250,4.58,Signal changed to 0.0
EMA_CROSSOVER_LONG_ONLY,50,200,10,LONG,2026-03-25T08:00:00,2176.64,2026-03-26T11:00:00,2068.44,27,-4.97,Signal changed to 0.0
EMA_CROSSOVER_LONG_ONLY,50,200,11,LONG,2026-04-01T05:00:00,2122.67,2026-04-03T01:00:00,2050.61,44,-3.39,Signal changed to 0.0
EMA_CROSSOVER_LONG_ONLY,50,200,12,LONG,2026-04-06T03:00:00,2129.35,2026-04-25T02:00:00,2317.4,455,8.83,Signal changed to 0.0
EMA_CROSSOVER_LONG_ONLY,50,200,13,LONG,2026-04-26T16:00:00,2342.92,2026-04-27T19:00:00,2289.14,27,-2.3,Signal changed to 0.0
EMA_CROSSOVER_LONG_ONLY,50,200,14,LONG,2026-05-03T06:00:00,2304.49,2026-05-07T23:00:00,2291.06,113,-0.58,Signal changed to 0.0
EMA_CROSSOVER_LONG_ONLY,50,200,15,LONG,2026-05-10T17:00:00,2364.1,2026-05-12T08:00:00,2288.01,39,-3.22,Signal changed to 0.0
EMA_CROSSOVER_LONG_ONLY,50,200,16,LONG,2026-06-15T09:00:00,1718.65,2026-06-19T07:00:00,1695.82,94,-1.33,Signal changed to 0.0
EMA_CROSSOVER_LONG_ONLY,50,200,17,LONG,2026-06-21T05:00:00,1733.47,2026-06-21T23:00:00,1706.94,18,-1.53,Signal changed to 0.0
EMA_CROSSOVER_LONG_ONLY,50,200,18,LONG,2026-06-22T01:00:00,1743.82,2026-06-23T08:00:00,1648.48,31,-5.47,Signal changed to 0.0
EMA_CROSSOVER_LONG_ONLY,50,200,19,LONG,2026-07-02T13:00:00,1710.72,2026-07-25T03:00:00,1858.74,542,8.65,Signal changed to 0.0
EMA_CROSSOVER_LONG_ONLY,50,200,20,LONG,2026-07-26T15:00:00,1914.63,2026-07-31T16:00:00,1864.57,121,-2.61,Signal changed to 0.0
EMA_CROSSOVER_LONG_ONLY,50,200,21,LONG,2026-08-05T22:00:00,1906.86,2026-08-11T03:00:00,1881.03,125,-1.35,Signal changed to 0.0
EMA_CROSSOVER_LONG_ONLY,50,200,22,LONG,2026-08-17T11:00:00,1904.46,2026-08-22T08:00:00,2423.3,117,27.24,End of Dataset
EMA_CROSSOVER_LONG_ONLY,208,224,1,LONG,2026-01-01T01:00:00,2984.32,2026-01-01T07:00:00,2978.53,6,-0.19,Signal changed to 0.0
EMA_CROSSOVER_LONG_ONLY,208,224,2,LONG,2026-01-01T08:00:00,2982.59,2026-01-21T05:00:00,2993.03,477,0.35,Signal changed to 0.0
EMA_CROSSOVER_LONG_ONLY,208,224,3,LONG,2026-03-04T12:00:00,2054.33,2026-03-26T23:00:00,2060.43,539,0.3,Signal changed to 0.0
EMA_CROSSOVER_LONG_ONLY,208,224,4,LONG,2026-04-06T20:00:00,2148.81,2026-04-30T01:00:00,2269.35,557,5.61,Signal changed to 0.0
EMA_CROSSOVER_LONG_ONLY,208,224,5,LONG,2026-05-04T02:00:00,2374.73,2026-05-12T16:00:00,2263.83,206,-4.67,Signal changed to 0.0
EMA_CROSSOVER_LONG_ONLY,208,224,6,LONG,2026-07-03T22:00:00,1757.52,2026-08-02T23:00:00,1885.36,721,7.27,Signal changed to 0.0
EMA_CROSSOVER_LONG_ONLY,208,224,7,LONG,2026-08-06T12:00:00,1899.09,2026-08-14T01:00:00,1889.41,181,-0.51,Signal changed to 0.0
EMA_CROSSOVER_LONG_ONLY,208,224,8,LONG,2026-08-18T03:00:00,1894.69,2026-08-22T08:00:00,2423.3,101,27.9,End of Dataset
EMA_CROSSOVER_SAR_LONG_SHORT,5,15,1,SHORT,2026-01-01T00:00:00,2979.81,2026-01-01T01:00:00,2984.32,1,-0.15,Signal changed to 1.0
EMA_CROSSOVER_SAR_LONG_SHORT,5,15,2,LONG,2026-01-01T01:00:00,2984.32,2026-01-01T04:00:00,2975.35,3,-0.3,Signal changed to -1.0
EMA_CROSSOVER_SAR_LONG_SHORT,5,15,3,SHORT,2026-01-01T04:00:00,2975.35,2026-01-01T08:00:00,2982.59,4,-0.24,Signal changed to 1.0
EMA_CROSSOVER_SAR_LONG_SHORT,5,15,4,LONG,2026-01-01T08:00:00,2982.59,2026-01-03T07:00:00,3090.5,47,3.62,Signal changed to -1.0
EMA_CROSSOVER_SAR_LONG_SHORT,5,15,5,SHORT,2026-01-03T07:00:00,3090.5,2026-01-03T16:00:00,3107.03,9,-0.53,Signal changed to 1.0
EMA_CROSSOVER_SAR_LONG_SHORT,5,15,6,LONG,2026-01-03T16:00:00,3107.03,2026-01-04T18:00:00,3135.03,26,0.9,Signal changed to -1.0
EMA_CROSSOVER_SAR_LONG_SHORT,5,15,7,SHORT,2026-01-04T18:00:00,3135.03,2026-01-04T20:00:00,3142.09,2,-0.23,Signal changed to 1.0
EMA_CROSSOVER_SAR_LONG_SHORT,5,15,8,LONG,2026-01-04T20:00:00,3142.09,2026-01-06T18:00:00,3218.91,46,2.44,Signal changed to -1.0
EMA_CROSSOVER_SAR_LONG_SHORT,5,15,9,SHORT,2026-01-06T18:00:00,3218.91,2026-01-06T20:00:00,3241.71,2,-0.71,Signal changed to 1.0
EMA_CROSSOVER_SAR_LONG_SHORT,5,15,10,LONG,2026-01-06T20:00:00,3241.71,2026-01-07T09:00:00,3200.18,13,-1.28,Signal changed to -1.0
EMA_CROSSOVER_SAR_LONG_SHORT,5,15,11,SHORT,2026-01-07T09:00:00,3200.18,2026-01-09T06:00:00,3123.2,45,2.41,Signal changed to 1.0
EMA_CROSSOVER_SAR_LONG_SHORT,5,15,12,LONG,2026-01-09T06:00:00,3123.2,2026-01-09T07:00:00,3111.2,1,-0.38,Signal changed to -1.0
EMA_CROSSOVER_SAR_LONG_SHORT,5,15,13,SHORT,2026-01-09T07:00:00,3111.2,2026-01-09T16:00:00,3133.13,9,-0.7,Signal changed to 1.0
EMA_CROSSOVER_SAR_LONG_SHORT,5,15,14,LONG,2026-01-09T16:00:00,3133.13,2026-01-09T19:00:00,3080.6,3,-1.68,Signal changed to -1.0
EMA_CROSSOVER_SAR_LONG_SHORT,5,15,15,SHORT,2026-01-09T19:00:00,3080.6,2026-01-10T09:00:00,3096.09,14,-0.5,Signal changed to 1.0
EMA_CROSSOVER_SAR_LONG_SHORT,5,15,16,LONG,2026-01-10T09:00:00,3096.09,2026-01-10T19:00:00,3092.12,10,-0.13,Signal changed to -1.0
EMA_CROSSOVER_SAR_LONG_SHORT,5,15,17,SHORT,2026-01-10T19:00:00,3092.12,2026-01-11T02:00:00,3092.49,7,-0.01,Signal changed to 1.0
EMA_CROSSOVER_SAR_LONG_SHORT,5,15,18,LONG,2026-01-11T02:00:00,3092.49,2026-01-12T09:00:00,3116.31,31,0.77,Signal changed to -1.0
EMA_CROSSOVER_SAR_LONG_SHORT,5,15,19,SHORT,2026-01-12T09:00:00,3116.31,2026-01-13T04:00:00,3122.57,19,-0.2,Signal changed to 1.0
EMA_CROSSOVER_SAR_LONG_SHORT,5,15,20,LONG,2026-01-13T04:00:00,3122.57,2026-01-15T02:00:00,3314.27,46,6.14,Signal changed to -1.0
EMA_CROSSOVER_SAR_LONG_SHORT,5,15,21,SHORT,2026-01-15T02:00:00,3314.27,2026-01-15T09:00:00,3365.99,7,-1.56,Signal changed to 1.0
EMA_CROSSOVER_SAR_LONG_SHORT,5,15,22,LONG,2026-01-15T09:00:00,3365.99,2026-01-15T16:00:00,3330.71,7,-1.05,Signal changed to -1.0
EMA_CROSSOVER_SAR_LONG_SHORT,5,15,23,SHORT,2026-01-15T16:00:00,3330.71,2026-01-17T08:00:00,3296.48,40,1.03,Signal changed to 1.0
EMA_CROSSOVER_SAR_LONG_SHORT,5,15,24,LONG,2026-01-17T08:00:00,3296.48,2026-01-18T00:00:00,3304.53,16,0.24,Signal changed to -1.0
EMA_CROSSOVER_SAR_LONG_SHORT,5,15,25,SHORT,2026-01-18T00:00:00,3304.53,2026-01-18T03:00:00,3316.16,3,-0.35,Signal changed to 1.0
EMA_CROSSOVER_SAR_LONG_SHORT,5,15,26,LONG,2026-01-18T03:00:00,3316.16,2026-01-18T23:00:00,3284.03,20,-0.97,Signal changed to -1.0
EMA_CROSSOVER_SAR_LONG_SHORT,5,15,27,SHORT,2026-01-18T23:00:00,3284.03,2026-01-21T19:00:00,3055.56,68,6.96,Signal changed to 1.0
EMA_CROSSOVER_SAR_LONG_SHORT,5,15,28,LONG,2026-01-21T19:00:00,3055.56,2026-01-22T11:00:00,2986.8,16,-2.25,Signal changed to -1.0
EMA_CROSSOVER_SAR_LONG_SHORT,5,15,29,SHORT,2026-01-22T11:00:00,2986.8,2026-01-23T04:00:00,2977.99,17,0.29,Signal changed to 1.0
EMA_CROSSOVER_SAR_LONG_SHORT,5,15,30,LONG,2026-01-23T04:00:00,2977.99,2026-01-23T06:00:00,2939.88,2,-1.28,Signal changed to -1.0
EMA_CROSSOVER_SAR_LONG_SHORT,5,15,31,SHORT,2026-01-23T06:00:00,2939.88,2026-01-23T16:00:00,2967.99,10,-0.96,Signal changed to 1.0
EMA_CROSSOVER_SAR_LONG_SHORT,5,15,32,LONG,2026-01-23T16:00:00,2967.99,2026-01-24T13:00:00,2948.92,21,-0.64,Signal changed to -1.0
EMA_CROSSOVER_SAR_LONG_SHORT,5,15,33,SHORT,2026-01-24T13:00:00,2948.92,2026-01-24T17:00:00,2964.3,4,-0.52,Signal changed to 1.0
EMA_CROSSOVER_SAR_LONG_SHORT,5,15,34,LONG,2026-01-24T17:00:00,2964.3,2026-01-24T19:00:00,2953.93,2,-0.35,Signal changed to -1.0
EMA_CROSSOVER_SAR_LONG_SHORT,5,15,35,SHORT,2026-01-24T19:00:00,2953.93,2026-01-24T22:00:00,2963.0,3,-0.31,Signal changed to 1.0
EMA_CROSSOVER_SAR_LONG_SHORT,5,15,36,LONG,2026-01-24T22:00:00,2963.0,2026-01-24T23:00:00,2953.22,1,-0.33,Signal changed to -1.0
EMA_CROSSOVER_SAR_LONG_SHORT,5,15,37,SHORT,2026-01-24T23:00:00,2953.22,2026-01-26T06:00:00,2891.64,31,2.09,Signal changed to 1.0
EMA_CROSSOVER_SAR_LONG_SHORT,5,15,38,LONG,2026-01-26T06:00:00,2891.64,2026-01-27T09:00:00,2907.69,27,0.56,Signal changed to -1.0
EMA_CROSSOVER_SAR_LONG_SHORT,5,15,39,SHORT,2026-01-27T09:00:00,2907.69,2026-01-27T15:00:00,2937.45,6,-1.02,Signal changed to 1.0
EMA_CROSSOVER_SAR_LONG_SHORT,5,15,40,LONG,2026-01-27T15:00:00,2937.45,2026-01-29T00:00:00,3009.49,33,2.45,Signal changed to -1.0
EMA_CROSSOVER_SAR_LONG_SHORT,5,15,41,SHORT,2026-01-29T00:00:00,3009.49,2026-02-02T12:00:00,2311.66,108,23.19,Signal changed to 1.0
EMA_CROSSOVER_SAR_LONG_SHORT,5,15,42,LONG,2026-02-02T12:00:00,2311.66,2026-02-03T06:00:00,2320.48,18,0.38,Signal changed to -1.0
EMA_CROSSOVER_SAR_LONG_SHORT,5,15,43,SHORT,2026-02-03T06:00:00,2320.48,2026-02-04T03:00:00,2283.37,21,1.6,Signal changed to 1.0
EMA_CROSSOVER_SAR_LONG_SHORT,5,15,44,LONG,2026-02-04T03:00:00,2283.37,2026-02-04T11:00:00,2254.86,8,-1.25,Signal changed to -1.0
EMA_CROSSOVER_SAR_LONG_SHORT,5,15,45,SHORT,2026-02-04T11:00:00,2254.86,2026-02-06T13:00:00,1950.31,50,13.51,Signal changed to 1.0
EMA_CROSSOVER_SAR_LONG_SHORT,5,15,46,LONG,2026-02-06T13:00:00,1950.31,2026-02-07T08:00:00,2019.02,19,3.52,Signal changed to -1.0
EMA_CROSSOVER_SAR_LONG_SHORT,5,15,47,SHORT,2026-02-07T08:00:00,2019.02,2026-02-07T15:00:00,2052.54,7,-1.66,Signal changed to 1.0
EMA_CROSSOVER_SAR_LONG_SHORT,5,15,48,LONG,2026-02-07T15:00:00,2052.54,2026-02-08T23:00:00,2089.74,32,1.81,Signal changed to -1.0
EMA_CROSSOVER_SAR_LONG_SHORT,5,15,49,SHORT,2026-02-08T23:00:00,2089.74,2026-02-09T17:00:00,2127.33,18,-1.8,Signal changed to 1.0
EMA_CROSSOVER_SAR_LONG_SHORT,5,15,50,LONG,2026-02-09T17:00:00,2127.33,2026-02-10T03:00:00,2064.96,10,-2.93,Signal changed to -1.0
EMA_CROSSOVER_SAR_LONG_SHORT,5,15,51,SHORT,2026-02-10T03:00:00,2064.96,2026-02-12T01:00:00,1965.94,46,4.8,Signal changed to 1.0
EMA_CROSSOVER_SAR_LONG_SHORT,5,15,52,LONG,2026-02-12T01:00:00,1965.94,2026-02-12T15:00:00,1948.47,14,-0.89,Signal changed to -1.0
EMA_CROSSOVER_SAR_LONG_SHORT,5,15,53,SHORT,2026-02-12T15:00:00,1948.47,2026-02-13T03:00:00,1953.55,12,-0.26,Signal changed to 1.0
EMA_CROSSOVER_SAR_LONG_SHORT,5,15,54,LONG,2026-02-13T03:00:00,1953.55,2026-02-13T05:00:00,1934.19,2,-0.99,Signal changed to -1.0
EMA_CROSSOVER_SAR_LONG_SHORT,5,15,55,SHORT,2026-02-13T05:00:00,1934.19,2026-02-13T08:00:00,1958.95,3,-1.28,Signal changed to 1.0
EMA_CROSSOVER_SAR_LONG_SHORT,5,15,56,LONG,2026-02-13T08:00:00,1958.95,2026-02-15T01:00:00,2064.19,41,5.37,Signal changed to -1.0
EMA_CROSSOVER_SAR_LONG_SHORT,5,15,57,SHORT,2026-02-15T01:00:00,2064.19,2026-02-15T05:00:00,2088.68,4,-1.19,Signal changed to 1.0
EMA_CROSSOVER_SAR_LONG_SHORT,5,15,58,LONG,2026-02-15T05:00:00,2088.68,2026-02-15T09:00:00,2068.7,4,-0.96,Signal changed to -1.0
EMA_CROSSOVER_SAR_LONG_SHORT,5,15,59,SHORT,2026-02-15T09:00:00,2068.7,2026-02-16T10:00:00,1978.88,25,4.34,Signal changed to 1.0
EMA_CROSSOVER_SAR_LONG_SHORT,5,15,60,LONG,2026-02-16T10:00:00,1978.88,2026-02-16T14:00:00,1973.13,4,-0.29,Signal changed to -1.0
EMA_CROSSOVER_SAR_LONG_SHORT,5,15,61,SHORT,2026-02-16T14:00:00,1973.13,2026-02-16T20:00:00,1993.2,6,-1.02,Signal changed to 1.0
EMA_CROSSOVER_SAR_LONG_SHORT,5,15,62,LONG,2026-02-16T20:00:00,1993.2,2026-02-17T05:00:00,1975.68,9,-0.88,Signal changed to -1.0
EMA_CROSSOVER_SAR_LONG_SHORT,5,15,63,SHORT,2026-02-17T05:00:00,1975.68,2026-02-17T18:00:00,1998.69,13,-1.16,Signal changed to 1.0
EMA_CROSSOVER_SAR_LONG_SHORT,5,15,64,LONG,2026-02-17T18:00:00,1998.69,2026-02-18T12:00:00,1982.47,18,-0.81,Signal changed to -1.0
EMA_CROSSOVER_SAR_LONG_SHORT,5,15,65,SHORT,2026-02-18T12:00:00,1982.47,2026-02-19T04:00:00,1969.5,16,0.65,Signal changed to 1.0
EMA_CROSSOVER_SAR_LONG_SHORT,5,15,66,LONG,2026-02-19T04:00:00,1969.5,2026-02-19T10:00:00,1959.64,6,-0.5,Signal changed to -1.0
EMA_CROSSOVER_SAR_LONG_SHORT,5,15,67,SHORT,2026-02-19T10:00:00,1959.64,2026-02-20T00:00:00,1957.56,14,0.11,Signal changed to 1.0
EMA_CROSSOVER_SAR_LONG_SHORT,5,15,68,LONG,2026-02-20T00:00:00,1957.56,2026-02-20T04:00:00,1939.17,4,-0.94,Signal changed to -1.0
EMA_CROSSOVER_SAR_LONG_SHORT,5,15,69,SHORT,2026-02-20T04:00:00,1939.17,2026-02-20T05:00:00,1955.23,1,-0.83,Signal changed to 1.0
EMA_CROSSOVER_SAR_LONG_SHORT,5,15,70,LONG,2026-02-20T05:00:00,1955.23,2026-02-20T12:00:00,1949.82,7,-0.28,Signal changed to -1.0
EMA_CROSSOVER_SAR_LONG_SHORT,5,15,71,SHORT,2026-02-20T12:00:00,1949.82,2026-02-20T15:00:00,1963.95,3,-0.72,Signal changed to 1.0
EMA_CROSSOVER_SAR_LONG_SHORT,5,15,72,LONG,2026-02-20T15:00:00,1963.95,2026-02-21T05:00:00,1962.86,14,-0.06,Signal changed to -1.0
EMA_CROSSOVER_SAR_LONG_SHORT,5,15,73,SHORT,2026-02-21T05:00:00,1962.86,2026-02-21T08:00:00,1969.0,3,-0.31,Signal changed to 1.0
EMA_CROSSOVER_SAR_LONG_SHORT,5,15,74,LONG,2026-02-21T08:00:00,1969.0,2026-02-21T23:00:00,1973.35,15,0.22,Signal changed to -1.0
EMA_CROSSOVER_SAR_LONG_SHORT,5,15,75,SHORT,2026-02-21T23:00:00,1973.35,2026-02-22T11:00:00,1980.78,12,-0.38,Signal changed to 1.0
EMA_CROSSOVER_SAR_LONG_SHORT,5,15,76,LONG,2026-02-22T11:00:00,1980.78,2026-02-22T12:00:00,1966.37,1,-0.73,Signal changed to -1.0
EMA_CROSSOVER_SAR_LONG_SHORT,5,15,77,SHORT,2026-02-22T12:00:00,1966.37,2026-02-23T12:00:00,1919.99,24,2.36,Signal changed to 1.0
EMA_CROSSOVER_SAR_LONG_SHORT,5,15,78,LONG,2026-02-23T12:00:00,1919.99,2026-02-23T15:00:00,1895.65,3,-1.27,Signal changed to -1.0
EMA_CROSSOVER_SAR_LONG_SHORT,5,15,79,SHORT,2026-02-23T15:00:00,1895.65,2026-02-24T16:00:00,1858.56,25,1.96,Signal changed to 1.0
EMA_CROSSOVER_SAR_LONG_SHORT,5,15,80,LONG,2026-02-24T16:00:00,1858.56,2026-02-26T15:00:00,2033.34,47,9.4,Signal changed to -1.0
EMA_CROSSOVER_SAR_LONG_SHORT,5,15,81,SHORT,2026-02-26T15:00:00,2033.34,2026-02-27T03:00:00,2045.39,12,-0.59,Signal changed to 1.0
EMA_CROSSOVER_SAR_LONG_SHORT,5,15,82,LONG,2026-02-27T03:00:00,2045.39,2026-02-27T09:00:00,2010.01,6,-1.73,Signal changed to -1.0
EMA_CROSSOVER_SAR_LONG_SHORT,5,15,83,SHORT,2026-02-27T09:00:00,2010.01,2026-02-28T17:00:00,1906.91,32,5.13,Signal changed to 1.0
EMA_CROSSOVER_SAR_LONG_SHORT,5,15,84,LONG,2026-02-28T17:00:00,1906.91,2026-03-01T17:00:00,1961.17,24,2.85,Signal changed to -1.0
EMA_CROSSOVER_SAR_LONG_SHORT,5,15,85,SHORT,2026-03-01T17:00:00,1961.17,2026-03-02T04:00:00,1972.94,11,-0.6,Signal changed to 1.0
EMA_CROSSOVER_SAR_LONG_SHORT,5,15,86,LONG,2026-03-02T04:00:00,1972.94,2026-03-02T06:00:00,1943.31,2,-1.5,Signal changed to -1.0
EMA_CROSSOVER_SAR_LONG_SHORT,5,15,87,SHORT,2026-03-02T06:00:00,1943.31,2026-03-02T14:00:00,1979.75,8,-1.88,Signal changed to 1.0
EMA_CROSSOVER_SAR_LONG_SHORT,5,15,88,LONG,2026-03-02T14:00:00,1979.75,2026-03-03T04:00:00,1999.82,14,1.01,Signal changed to -1.0
EMA_CROSSOVER_SAR_LONG_SHORT,5,15,89,SHORT,2026-03-03T04:00:00,1999.82,2026-03-03T19:00:00,1986.02,15,0.69,Signal changed to 1.0
EMA_CROSSOVER_SAR_LONG_SHORT,5,15,90,LONG,2026-03-03T19:00:00,1986.02,2026-03-03T21:00:00,1968.46,2,-0.88,Signal changed to -1.0
EMA_CROSSOVER_SAR_LONG_SHORT,5,15,91,SHORT,2026-03-03T21:00:00,1968.46,2026-03-03T22:00:00,1983.31,1,-0.75,Signal changed to 1.0
EMA_CROSSOVER_SAR_LONG_SHORT,5,15,92,LONG,2026-03-03T22:00:00,1983.31,2026-03-04T03:00:00,1960.9,5,-1.13,Signal changed to -1.0
EMA_CROSSOVER_SAR_LONG_SHORT,5,15,93,SHORT,2026-03-04T03:00:00,1960.9,2026-03-04T07:00:00,2006.55,4,-2.33,Signal changed to 1.0
EMA_CROSSOVER_SAR_LONG_SHORT,5,15,94,LONG,2026-03-04T07:00:00,2006.55,2026-03-05T15:00:00,2086.96,32,4.01,Signal changed to -1.0
EMA_CROSSOVER_SAR_LONG_SHORT,5,15,95,SHORT,2026-03-05T15:00:00,2086.96,2026-03-08T10:00:00,1974.18,67,5.4,Signal changed to 1.0
EMA_CROSSOVER_SAR_LONG_SHORT,5,15,96,LONG,2026-03-08T10:00:00,1974.18,2026-03-08T11:00:00,1951.38,1,-1.15,Signal changed to -1.0
EMA_CROSSOVER_SAR_LONG_SHORT,5,15,97,SHORT,2026-03-08T11:00:00,1951.38,2026-03-08T20:00:00,1958.86,9,-0.38,Signal changed to 1.0
EMA_CROSSOVER_SAR_LONG_SHORT,5,15,98,LONG,2026-03-08T20:00:00,1958.86,2026-03-08T22:00:00,1943.2,2,-0.8,Signal changed to -1.0
EMA_CROSSOVER_SAR_LONG_SHORT,5,15,99,SHORT,2026-03-08T22:00:00,1943.2,2026-03-09T02:00:00,1959.66,4,-0.85,Signal changed to 1.0
EMA_CROSSOVER_SAR_LONG_SHORT,5,15,100,LONG,2026-03-09T02:00:00,1959.66,2026-03-10T20:00:00,2042.56,42,4.23,Signal changed to -1.0
EMA_CROSSOVER_SAR_LONG_SHORT,5,15,101,SHORT,2026-03-10T20:00:00,2042.56,2026-03-11T13:00:00,2050.72,17,-0.4,Signal changed to 1.0
EMA_CROSSOVER_SAR_LONG_SHORT,5,15,102,LONG,2026-03-11T13:00:00,2050.72,2026-03-12T02:00:00,2024.67,13,-1.27,Signal changed to -1.0
EMA_CROSSOVER_SAR_LONG_SHORT,5,15,103,SHORT,2026-03-12T02:00:00,2024.67,2026-03-12T09:00:00,2055.65,7,-1.53,Signal changed to 1.0
EMA_CROSSOVER_SAR_LONG_SHORT,5,15,104,LONG,2026-03-12T09:00:00,2055.65,2026-03-13T18:00:00,2100.93,33,2.2,Signal changed to -1.0
EMA_CROSSOVER_SAR_LONG_SHORT,5,15,105,SHORT,2026-03-13T18:00:00,2100.93,2026-03-14T21:00:00,2086.68,27,0.68,Signal changed to 1.0
EMA_CROSSOVER_SAR_LONG_SHORT,5,15,106,LONG,2026-03-14T21:00:00,2086.68,2026-03-15T15:00:00,2093.79,18,0.34,Signal changed to -1.0
EMA_CROSSOVER_SAR_LONG_SHORT,5,15,107,SHORT,2026-03-15T15:00:00,2093.79,2026-03-15T17:00:00,2110.77,2,-0.81,Signal changed to 1.0
EMA_CROSSOVER_SAR_LONG_SHORT,5,15,108,LONG,2026-03-15T17:00:00,2110.77,2026-03-15T18:00:00,2099.14,1,-0.55,Signal changed to -1.0
EMA_CROSSOVER_SAR_LONG_SHORT,5,15,109,SHORT,2026-03-15T18:00:00,2099.14,2026-03-15T19:00:00,2113.49,1,-0.68,Signal changed to 1.0
EMA_CROSSOVER_SAR_LONG_SHORT,5,15,110,LONG,2026-03-15T19:00:00,2113.49,2026-03-17T09:00:00,2315.79,38,9.57,Signal changed to -1.0
EMA_CROSSOVER_SAR_LONG_SHORT,5,15,111,SHORT,2026-03-17T09:00:00,2315.79,2026-03-17T11:00:00,2326.82,2,-0.48,Signal changed to 1.0
EMA_CROSSOVER_SAR_LONG_SHORT,5,15,112,LONG,2026-03-17T11:00:00,2326.82,2026-03-17T12:00:00,2315.42,1,-0.49,Signal changed to -1.0
EMA_CROSSOVER_SAR_LONG_SHORT,5,15,113,SHORT,2026-03-17T12:00:00,2315.42,2026-03-17T13:00:00,2328.65,1,-0.57,Signal changed to 1.0
EMA_CROSSOVER_SAR_LONG_SHORT,5,15,114,LONG,2026-03-17T13:00:00,2328.65,2026-03-17T23:00:00,2317.39,10,-0.48,Signal changed to -1.0
EMA_CROSSOVER_SAR_LONG_SHORT,5,15,115,SHORT,2026-03-17T23:00:00,2317.39,2026-03-18T02:00:00,2331.49,3,-0.61,Signal changed to 1.0
EMA_CROSSOVER_SAR_LONG_SHORT,5,15,116,LONG,2026-03-18T02:00:00,2331.49,2026-03-18T05:00:00,2318.42,3,-0.56,Signal changed to -1.0
EMA_CROSSOVER_SAR_LONG_SHORT,5,15,117,SHORT,2026-03-18T05:00:00,2318.42,2026-03-20T04:00:00,2148.38,47,7.33,Signal changed to 1.0
EMA_CROSSOVER_SAR_LONG_SHORT,5,15,118,LONG,2026-03-20T04:00:00,2148.38,2026-03-20T05:00:00,2140.37,1,-0.37,Signal changed to -1.0
EMA_CROSSOVER_SAR_LONG_SHORT,5,15,119,SHORT,2026-03-20T05:00:00,2140.37,2026-03-20T08:00:00,2164.2,3,-1.11,Signal changed to 1.0
EMA_CROSSOVER_SAR_LONG_SHORT,5,15,120,LONG,2026-03-20T08:00:00,2164.2,2026-03-20T11:00:00,2141.5,3,-1.05,Signal changed to -1.0
EMA_CROSSOVER_SAR_LONG_SHORT,5,15,121,SHORT,2026-03-20T11:00:00,2141.5,2026-03-20T22:00:00,2154.71,11,-0.62,Signal changed to 1.0
EMA_CROSSOVER_SAR_LONG_SHORT,5,15,122,LONG,2026-03-20T22:00:00,2154.71,2026-03-21T16:00:00,2146.65,18,-0.37,Signal changed to -1.0
EMA_CROSSOVER_SAR_LONG_SHORT,5,15,123,SHORT,2026-03-21T16:00:00,2146.65,2026-03-21T20:00:00,2155.67,4,-0.42,Signal changed to 1.0
EMA_CROSSOVER_SAR_LONG_SHORT,5,15,124,LONG,2026-03-21T20:00:00,2155.67,2026-03-21T22:00:00,2149.94,2,-0.27,Signal changed to -1.0
EMA_CROSSOVER_SAR_LONG_SHORT,5,15,125,SHORT,2026-03-21T22:00:00,2149.94,2026-03-23T11:00:00,2134.78,37,0.71,Signal changed to 1.0
EMA_CROSSOVER_SAR_LONG_SHORT,5,15,126,LONG,2026-03-23T11:00:00,2134.78,2026-03-24T14:00:00,2133.98,27,-0.04,Signal changed to -1.0
EMA_CROSSOVER_SAR_LONG_SHORT,5,15,127,SHORT,2026-03-24T14:00:00,2133.98,2026-03-24T22:00:00,2145.61,8,-0.54,Signal changed to 1.0
EMA_CROSSOVER_SAR_LONG_SHORT,5,15,128,LONG,2026-03-24T22:00:00,2145.61,2026-03-25T18:00:00,2162.38,20,0.78,Signal changed to -1.0
EMA_CROSSOVER_SAR_LONG_SHORT,5,15,129,SHORT,2026-03-25T18:00:00,2162.38,2026-03-25T22:00:00,2174.53,4,-0.56,Signal changed to 1.0
EMA_CROSSOVER_SAR_LONG_SHORT,5,15,130,LONG,2026-03-25T22:00:00,2174.53,2026-03-26T00:00:00,2166.69,2,-0.36,Signal changed to -1.0
EMA_CROSSOVER_SAR_LONG_SHORT,5,15,131,SHORT,2026-03-26T00:00:00,2166.69,2026-03-28T07:00:00,2007.07,55,7.37,Signal changed to 1.0
EMA_CROSSOVER_SAR_LONG_SHORT,5,15,132,LONG,2026-03-28T07:00:00,2007.07,2026-03-28T23:00:00,1994.74,16,-0.61,Signal changed to -1.0
EMA_CROSSOVER_SAR_LONG_SHORT,5,15,133,SHORT,2026-03-28T23:00:00,1994.74,2026-03-29T21:00:00,2006.51,22,-0.59,Signal changed to 1.0
EMA_CROSSOVER_SAR_LONG_SHORT,5,15,134,LONG,2026-03-29T21:00:00,2006.51,2026-03-29T22:00:00,1973.99,1,-1.62,Signal changed to -1.0
EMA_CROSSOVER_SAR_LONG_SHORT,5,15,135,SHORT,2026-03-29T22:00:00,1973.99,2026-03-30T01:00:00,2010.43,3,-1.85,Signal changed to 1.0
EMA_CROSSOVER_SAR_LONG_SHORT,5,15,136,LONG,2026-03-30T01:00:00,2010.43,2026-03-30T19:00:00,2023.7,18,0.66,Signal changed to -1.0
EMA_CROSSOVER_SAR_LONG_SHORT,5,15,137,SHORT,2026-03-30T19:00:00,2023.7,2026-03-31T01:00:00,2073.0,6,-2.44,Signal changed to 1.0
EMA_CROSSOVER_SAR_LONG_SHORT,5,15,138,LONG,2026-03-31T01:00:00,2073.0,2026-03-31T09:00:00,2018.37,8,-2.64,Signal changed to -1.0
EMA_CROSSOVER_SAR_LONG_SHORT,5,15,139,SHORT,2026-03-31T09:00:00,2018.37,2026-03-31T13:00:00,2075.37,4,-2.82,Signal changed to 1.0
EMA_CROSSOVER_SAR_LONG_SHORT,5,15,140,LONG,2026-03-31T13:00:00,2075.37,2026-04-02T01:00:00,2100.03,36,1.19,Signal changed to -1.0
EMA_CROSSOVER_SAR_LONG_SHORT,5,15,141,SHORT,2026-04-02T01:00:00,2100.03,2026-04-02T20:00:00,2068.19,19,1.52,Signal changed to 1.0
EMA_CROSSOVER_SAR_LONG_SHORT,5,15,142,LONG,2026-04-02T20:00:00,2068.19,2026-04-02T23:00:00,2057.17,3,-0.53,Signal changed to -1.0
EMA_CROSSOVER_SAR_LONG_SHORT,5,15,143,SHORT,2026-04-02T23:00:00,2057.17,2026-04-03T06:00:00,2063.66,7,-0.32,Signal changed to 1.0
EMA_CROSSOVER_SAR_LONG_SHORT,5,15,144,LONG,2026-04-03T06:00:00,2063.66,2026-04-03T12:00:00,2049.84,6,-0.67,Signal changed to -1.0
EMA_CROSSOVER_SAR_LONG_SHORT,5,15,145,SHORT,2026-04-03T12:00:00,2049.84,2026-04-04T06:00:00,2056.46,18,-0.32,Signal changed to 1.0
EMA_CROSSOVER_SAR_LONG_SHORT,5,15,146,LONG,2026-04-04T06:00:00,2056.46,2026-04-04T08:00:00,2050.57,2,-0.29,Signal changed to -1.0
EMA_CROSSOVER_SAR_LONG_SHORT,5,15,147,SHORT,2026-04-04T08:00:00,2050.57,2026-04-04T15:00:00,2056.29,7,-0.28,Signal changed to 1.0
EMA_CROSSOVER_SAR_LONG_SHORT,5,15,148,LONG,2026-04-04T15:00:00,2056.29,2026-04-05T04:00:00,2055.16,13,-0.05,Signal changed to -1.0
EMA_CROSSOVER_SAR_LONG_SHORT,5,15,149,SHORT,2026-04-05T04:00:00,2055.16,2026-04-05T17:00:00,2062.53,13,-0.36,Signal changed to 1.0
EMA_CROSSOVER_SAR_LONG_SHORT,5,15,150,LONG,2026-04-05T17:00:00,2062.53,2026-04-06T22:00:00,2105.41,29,2.08,Signal changed to -1.0
EMA_CROSSOVER_SAR_LONG_SHORT,5,15,151,SHORT,2026-04-06T22:00:00,2105.41,2026-04-07T20:00:00,2115.53,22,-0.48,Signal changed to 1.0
EMA_CROSSOVER_SAR_LONG_SHORT,5,15,152,LONG,2026-04-07T20:00:00,2115.53,2026-04-08T18:00:00,2201.41,22,4.06,Signal changed to -1.0
EMA_CROSSOVER_SAR_LONG_SHORT,5,15,153,SHORT,2026-04-08T18:00:00,2201.41,2026-04-09T15:00:00,2217.99,21,-0.75,Signal changed to 1.0
EMA_CROSSOVER_SAR_LONG_SHORT,5,15,154,LONG,2026-04-09T15:00:00,2217.99,2026-04-10T00:00:00,2195.17,9,-1.03,Signal changed to -1.0
EMA_CROSSOVER_SAR_LONG_SHORT,5,15,155,SHORT,2026-04-10T00:00:00,2195.17,2026-04-10T11:00:00,2215.65,11,-0.93,Signal changed to 1.0
EMA_CROSSOVER_SAR_LONG_SHORT,5,15,156,LONG,2026-04-10T11:00:00,2215.65,2026-04-11T07:00:00,2232.6,20,0.77,Signal changed to -1.0
EMA_CROSSOVER_SAR_LONG_SHORT,5,15,157,SHORT,2026-04-11T07:00:00,2232.6,2026-04-11T09:00:00,2243.83,2,-0.5,Signal changed to 1.0
EMA_CROSSOVER_SAR_LONG_SHORT,5,15,158,LONG,2026-04-11T09:00:00,2243.83,2026-04-12T01:00:00,2219.05,16,-1.1,Signal changed to -1.0
EMA_CROSSOVER_SAR_LONG_SHORT,5,15,159,SHORT,2026-04-12T01:00:00,2219.05,2026-04-13T13:00:00,2215.47,36,0.16,Signal changed to 1.0
EMA_CROSSOVER_SAR_LONG_SHORT,5,15,160,LONG,2026-04-13T13:00:00,2215.47,2026-04-14T17:00:00,2338.37,28,5.55,Signal changed to -1.0
EMA_CROSSOVER_SAR_LONG_SHORT,5,15,161,SHORT,2026-04-14T17:00:00,2338.37,2026-04-15T12:00:00,2332.98,19,0.23,Signal changed to 1.0
EMA_CROSSOVER_SAR_LONG_SHORT,5,15,162,LONG,2026-04-15T12:00:00,2332.98,2026-04-16T07:00:00,2341.52,19,0.37,Signal changed to -1.0
EMA_CROSSOVER_SAR_LONG_SHORT,5,15,163,SHORT,2026-04-16T07:00:00,2341.52,2026-04-16T19:00:00,2359.7,12,-0.78,Signal changed to 1.0
EMA_CROSSOVER_SAR_LONG_SHORT,5,15,164,LONG,2026-04-16T19:00:00,2359.7,2026-04-17T02:00:00,2331.75,7,-1.18,Signal changed to -1.0
EMA_CROSSOVER_SAR_LONG_SHORT,5,15,165,SHORT,2026-04-17T02:00:00,2331.75,2026-04-17T08:00:00,2354.87,6,-0.99,Signal changed to 1.0
EMA_CROSSOVER_SAR_LONG_SHORT,5,15,166,LONG,2026-04-17T08:00:00,2354.87,2026-04-18T05:00:00,2408.95,21,2.3,Signal changed to -1.0
EMA_CROSSOVER_SAR_LONG_SHORT,5,15,167,SHORT,2026-04-18T05:00:00,2408.95,2026-04-20T09:00:00,2309.06,52,4.15,Signal changed to 1.0
EMA_CROSSOVER_SAR_LONG_SHORT,5,15,168,LONG,2026-04-20T09:00:00,2309.06,2026-04-21T03:00:00,2311.62,18,0.11,Signal changed to -1.0
EMA_CROSSOVER_SAR_LONG_SHORT,5,15,169,SHORT,2026-04-21T03:00:00,2311.62,2026-04-21T06:00:00,2317.36,3,-0.25,Signal changed to 1.0
EMA_CROSSOVER_SAR_LONG_SHORT,5,15,170,LONG,2026-04-21T06:00:00,2317.36,2026-04-21T13:00:00,2312.77,7,-0.2,Signal changed to -1.0
EMA_CROSSOVER_SAR_LONG_SHORT,5,15,171,SHORT,2026-04-21T13:00:00,2312.77,2026-04-21T23:00:00,2327.14,10,-0.62,Signal changed to 1.0
EMA_CROSSOVER_SAR_LONG_SHORT,5,15,172,LONG,2026-04-21T23:00:00,2327.14,2026-04-23T00:00:00,2372.96,25,1.97,Signal changed to -1.0
EMA_CROSSOVER_SAR_LONG_SHORT,5,15,173,SHORT,2026-04-23T00:00:00,2372.96,2026-04-24T01:00:00,2332.84,25,1.69,Signal changed to 1.0
EMA_CROSSOVER_SAR_LONG_SHORT,5,15,174,LONG,2026-04-24T01:00:00,2332.84,2026-04-24T02:00:00,2319.91,1,-0.55,Signal changed to -1.0
EMA_CROSSOVER_SAR_LONG_SHORT,5,15,175,SHORT,2026-04-24T02:00:00,2319.91,2026-04-24T12:00:00,2325.25,10,-0.23,Signal changed to 1.0
EMA_CROSSOVER_SAR_LONG_SHORT,5,15,176,LONG,2026-04-24T12:00:00,2325.25,2026-04-24T14:00:00,2313.41,2,-0.51,Signal changed to -1.0
EMA_CROSSOVER_SAR_LONG_SHORT,5,15,177,SHORT,2026-04-24T14:00:00,2313.41,2026-04-24T15:00:00,2323.81,1,-0.45,Signal changed to 1.0
EMA_CROSSOVER_SAR_LONG_SHORT,5,15,178,LONG,2026-04-24T15:00:00,2323.81,2026-04-24T16:00:00,2316.67,1,-0.31,Signal changed to -1.0
EMA_CROSSOVER_SAR_LONG_SHORT,5,15,179,SHORT,2026-04-24T16:00:00,2316.67,2026-04-24T18:00:00,2319.92,2,-0.14,Signal changed to 1.0
EMA_CROSSOVER_SAR_LONG_SHORT,5,15,180,LONG,2026-04-24T18:00:00,2319.92,2026-04-24T22:00:00,2311.92,4,-0.34,Signal changed to -1.0
EMA_CROSSOVER_SAR_LONG_SHORT,5,15,181,SHORT,2026-04-24T22:00:00,2311.92,2026-04-25T09:00:00,2319.12,11,-0.31,Signal changed to 1.0
EMA_CROSSOVER_SAR_LONG_SHORT,5,15,182,LONG,2026-04-25T09:00:00,2319.12,2026-04-25T11:00:00,2313.64,2,-0.24,Signal changed to -1.0
EMA_CROSSOVER_SAR_LONG_SHORT,5,15,183,SHORT,2026-04-25T11:00:00,2313.64,2026-04-25T22:00:00,2317.75,11,-0.18,Signal changed to 1.0
EMA_CROSSOVER_SAR_LONG_SHORT,5,15,184,LONG,2026-04-25T22:00:00,2317.75,2026-04-26T03:00:00,2310.0,5,-0.33,Signal changed to -1.0
EMA_CROSSOVER_SAR_LONG_SHORT,5,15,185,SHORT,2026-04-26T03:00:00,2310.0,2026-04-26T04:00:00,2317.74,1,-0.34,Signal changed to 1.0
EMA_CROSSOVER_SAR_LONG_SHORT,5,15,186,LONG,2026-04-26T04:00:00,2317.74,2026-04-27T06:00:00,2321.0,26,0.14,Signal changed to -1.0
EMA_CROSSOVER_SAR_LONG_SHORT,5,15,187,SHORT,2026-04-27T06:00:00,2321.0,2026-04-28T18:00:00,2296.96,36,1.04,Signal changed to 1.0
EMA_CROSSOVER_SAR_LONG_SHORT,5,15,188,LONG,2026-04-28T18:00:00,2296.96,2026-04-29T14:00:00,2299.39,20,0.11,Signal changed to -1.0
EMA_CROSSOVER_SAR_LONG_SHORT,5,15,189,SHORT,2026-04-29T14:00:00,2299.39,2026-04-30T12:00:00,2265.45,22,1.48,Signal changed to 1.0
EMA_CROSSOVER_SAR_LONG_SHORT,5,15,190,LONG,2026-04-30T12:00:00,2265.45,2026-04-30T17:00:00,2258.14,5,-0.32,Signal changed to -1.0
EMA_CROSSOVER_SAR_LONG_SHORT,5,15,191,SHORT,2026-04-30T17:00:00,2258.14,2026-04-30T19:00:00,2261.99,2,-0.17,Signal changed to 1.0
EMA_CROSSOVER_SAR_LONG_SHORT,5,15,192,LONG,2026-04-30T19:00:00,2261.99,2026-04-30T21:00:00,2256.29,2,-0.25,Signal changed to -1.0
EMA_CROSSOVER_SAR_LONG_SHORT,5,15,193,SHORT,2026-04-30T21:00:00,2256.29,2026-05-01T01:00:00,2267.75,4,-0.51,Signal changed to 1.0
EMA_CROSSOVER_SAR_LONG_SHORT,5,15,194,LONG,2026-05-01T01:00:00,2267.75,2026-05-03T02:00:00,2303.41,49,1.57,Signal changed to -1.0
EMA_CROSSOVER_SAR_LONG_SHORT,5,15,195,SHORT,2026-05-03T02:00:00,2303.41,2026-05-03T09:00:00,2316.47,7,-0.57,Signal changed to 1.0
EMA_CROSSOVER_SAR_LONG_SHORT,5,15,196,LONG,2026-05-03T09:00:00,2316.47,2026-05-04T11:00:00,2337.59,26,0.91,Signal changed to -1.0
EMA_CROSSOVER_SAR_LONG_SHORT,5,15,197,SHORT,2026-05-04T11:00:00,2337.59,2026-05-04T14:00:00,2371.39,3,-1.45,Signal changed to 1.0
EMA_CROSSOVER_SAR_LONG_SHORT,5,15,198,LONG,2026-05-04T14:00:00,2371.39,2026-05-04T23:00:00,2347.16,9,-1.02,Signal changed to -1.0
EMA_CROSSOVER_SAR_LONG_SHORT,5,15,199,SHORT,2026-05-04T23:00:00,2347.16,2026-05-05T00:00:00,2358.83,1,-0.5,Signal changed to 1.0
EMA_CROSSOVER_SAR_LONG_SHORT,5,15,200,LONG,2026-05-05T00:00:00,2358.83,2026-05-05T17:00:00,2362.8,17,0.17,Signal changed to -1.0
EMA_CROSSOVER_SAR_LONG_SHORT,5,15,201,SHORT,2026-05-05T17:00:00,2362.8,2026-05-05T20:00:00,2382.41,3,-0.83,Signal changed to 1.0
EMA_CROSSOVER_SAR_LONG_SHORT,5,15,202,LONG,2026-05-05T20:00:00,2382.41,2026-05-05T22:00:00,2367.51,2,-0.63,Signal changed to -1.0
EMA_CROSSOVER_SAR_LONG_SHORT,5,15,203,SHORT,2026-05-05T22:00:00,2367.51,2026-05-06T08:00:00,2394.33,10,-1.13,Signal changed to 1.0
EMA_CROSSOVER_SAR_LONG_SHORT,5,15,204,LONG,2026-05-06T08:00:00,2394.33,2026-05-06T14:00:00,2359.23,6,-1.47,Signal changed to -1.0
EMA_CROSSOVER_SAR_LONG_SHORT,5,15,205,SHORT,2026-05-06T14:00:00,2359.23,2026-05-08T15:00:00,2293.2,49,2.8,Signal changed to 1.0
EMA_CROSSOVER_SAR_LONG_SHORT,5,15,206,LONG,2026-05-08T15:00:00,2293.2,2026-05-10T11:00:00,2322.58,44,1.28,Signal changed to -1.0
EMA_CROSSOVER_SAR_LONG_SHORT,5,15,207,SHORT,2026-05-10T11:00:00,2322.58,2026-05-10T13:00:00,2329.8,2,-0.31,Signal changed to 1.0
EMA_CROSSOVER_SAR_LONG_SHORT,5,15,208,LONG,2026-05-10T13:00:00,2329.8,2026-05-11T03:00:00,2330.56,14,0.03,Signal changed to -1.0
EMA_CROSSOVER_SAR_LONG_SHORT,5,15,209,SHORT,2026-05-11T03:00:00,2330.56,2026-05-11T19:00:00,2340.43,16,-0.42,Signal changed to 1.0
EMA_CROSSOVER_SAR_LONG_SHORT,5,15,210,LONG,2026-05-11T19:00:00,2340.43,2026-05-12T01:00:00,2311.41,6,-1.24,Signal changed to -1.0
EMA_CROSSOVER_SAR_LONG_SHORT,5,15,211,SHORT,2026-05-12T01:00:00,2311.41,2026-05-13T02:00:00,2293.99,25,0.75,Signal changed to 1.0
EMA_CROSSOVER_SAR_LONG_SHORT,5,15,212,LONG,2026-05-13T02:00:00,2293.99,2026-05-13T13:00:00,2262.8,11,-1.36,Signal changed to -1.0
EMA_CROSSOVER_SAR_LONG_SHORT,5,15,213,SHORT,2026-05-13T13:00:00,2262.8,2026-05-14T08:00:00,2266.36,19,-0.16,Signal changed to 1.0
EMA_CROSSOVER_SAR_LONG_SHORT,5,15,214,LONG,2026-05-14T08:00:00,2266.36,2026-05-14T09:00:00,2257.8,1,-0.38,Signal changed to -1.0
EMA_CROSSOVER_SAR_LONG_SHORT,5,15,215,SHORT,2026-05-14T09:00:00,2257.8,2026-05-14T14:00:00,2286.99,5,-1.29,Signal changed to 1.0
EMA_CROSSOVER_SAR_LONG_SHORT,5,15,216,LONG,2026-05-14T14:00:00,2286.99,2026-05-15T02:00:00,2276.37,12,-0.46,Signal changed to -1.0
EMA_CROSSOVER_SAR_LONG_SHORT,5,15,217,SHORT,2026-05-15T02:00:00,2276.37,2026-05-17T05:00:00,2185.91,51,3.97,Signal changed to 1.0
EMA_CROSSOVER_SAR_LONG_SHORT,5,15,218,LONG,2026-05-17T05:00:00,2185.91,2026-05-17T16:00:00,2182.51,11,-0.16,Signal changed to -1.0
EMA_CROSSOVER_SAR_LONG_SHORT,5,15,219,SHORT,2026-05-17T16:00:00,2182.51,2026-05-17T19:00:00,2192.53,3,-0.46,Signal changed to 1.0
EMA_CROSSOVER_SAR_LONG_SHORT,5,15,220,LONG,2026-05-17T19:00:00,2192.53,2026-05-17T22:00:00,2179.69,3,-0.59,Signal changed to -1.0
EMA_CROSSOVER_SAR_LONG_SHORT,5,15,221,SHORT,2026-05-17T22:00:00,2179.69,2026-05-18T22:00:00,2135.74,24,2.02,Signal changed to 1.0
EMA_CROSSOVER_SAR_LONG_SHORT,5,15,222,LONG,2026-05-18T22:00:00,2135.74,2026-05-19T09:00:00,2114.49,11,-0.99,Signal changed to -1.0
EMA_CROSSOVER_SAR_LONG_SHORT,5,15,223,SHORT,2026-05-19T09:00:00,2114.49,2026-05-20T05:00:00,2125.63,20,-0.53,Signal changed to 1.0
EMA_CROSSOVER_SAR_LONG_SHORT,5,15,224,LONG,2026-05-20T05:00:00,2125.63,2026-05-21T09:00:00,2127.98,28,0.11,Signal changed to -1.0
EMA_CROSSOVER_SAR_LONG_SHORT,5,15,225,SHORT,2026-05-21T09:00:00,2127.98,2026-05-21T17:00:00,2146.6,8,-0.88,Signal changed to 1.0
EMA_CROSSOVER_SAR_LONG_SHORT,5,15,226,LONG,2026-05-21T17:00:00,2146.6,2026-05-22T05:00:00,2129.21,12,-0.81,Signal changed to -1.0
EMA_CROSSOVER_SAR_LONG_SHORT,5,15,227,SHORT,2026-05-22T05:00:00,2129.21,2026-05-23T17:00:00,2063.98,36,3.06,Signal changed to 1.0
EMA_CROSSOVER_SAR_LONG_SHORT,5,15,228,LONG,2026-05-23T17:00:00,2063.98,2026-05-24T14:00:00,2097.98,21,1.65,Signal changed to -1.0
EMA_CROSSOVER_SAR_LONG_SHORT,5,15,229,SHORT,2026-05-24T14:00:00,2097.98,2026-05-25T05:00:00,2108.22,15,-0.49,Signal changed to 1.0
EMA_CROSSOVER_SAR_LONG_SHORT,5,15,230,LONG,2026-05-25T05:00:00,2108.22,2026-05-25T21:00:00,2110.9,16,0.13,Signal changed to -1.0
EMA_CROSSOVER_SAR_LONG_SHORT,5,15,231,SHORT,2026-05-25T21:00:00,2110.9,2026-05-26T10:00:00,2127.56,13,-0.79,Signal changed to 1.0
EMA_CROSSOVER_SAR_LONG_SHORT,5,15,232,LONG,2026-05-26T10:00:00,2127.56,2026-05-26T15:00:00,2087.36,5,-1.89,Signal changed to -1.0
EMA_CROSSOVER_SAR_LONG_SHORT,5,15,233,SHORT,2026-05-26T15:00:00,2087.36,2026-05-27T08:00:00,2085.05,17,0.11,Signal changed to 1.0
EMA_CROSSOVER_SAR_LONG_SHORT,5,15,234,LONG,2026-05-27T08:00:00,2085.05,2026-05-27T11:00:00,2080.55,3,-0.22,Signal changed to -1.0
EMA_CROSSOVER_SAR_LONG_SHORT,5,15,235,SHORT,2026-05-27T11:00:00,2080.55,2026-05-28T17:00:00,2019.51,30,2.93,Signal changed to 1.0
EMA_CROSSOVER_SAR_LONG_SHORT,5,15,236,LONG,2026-05-28T17:00:00,2019.51,2026-05-29T02:00:00,1999.22,9,-1.0,Signal changed to -1.0
EMA_CROSSOVER_SAR_LONG_SHORT,5,15,237,SHORT,2026-05-29T02:00:00,1999.22,2026-05-29T05:00:00,2014.56,3,-0.77,Signal changed to 1.0
EMA_CROSSOVER_SAR_LONG_SHORT,5,15,238,LONG,2026-05-29T05:00:00,2014.56,2026-05-29T12:00:00,1999.78,7,-0.73,Signal changed to -1.0
EMA_CROSSOVER_SAR_LONG_SHORT,5,15,239,SHORT,2026-05-29T12:00:00,1999.78,2026-05-29T15:00:00,2031.62,3,-1.59,Signal changed to 1.0
EMA_CROSSOVER_SAR_LONG_SHORT,5,15,240,LONG,2026-05-29T15:00:00,2031.62,2026-05-30T04:00:00,2010.8,13,-1.02,Signal changed to -1.0
EMA_CROSSOVER_SAR_LONG_SHORT,5,15,241,SHORT,2026-05-30T04:00:00,2010.8,2026-05-30T05:00:00,2015.95,1,-0.26,Signal changed to 1.0
EMA_CROSSOVER_SAR_LONG_SHORT,5,15,242,LONG,2026-05-30T05:00:00,2015.95,2026-05-30T08:00:00,2014.16,3,-0.09,Signal changed to -1.0
EMA_CROSSOVER_SAR_LONG_SHORT,5,15,243,SHORT,2026-05-30T08:00:00,2014.16,2026-05-30T09:00:00,2016.79,1,-0.13,Signal changed to 1.0
EMA_CROSSOVER_SAR_LONG_SHORT,5,15,244,LONG,2026-05-30T09:00:00,2016.79,2026-05-31T09:00:00,2021.13,24,0.22,Signal changed to -1.0
EMA_CROSSOVER_SAR_LONG_SHORT,5,15,245,SHORT,2026-05-31T09:00:00,2021.13,2026-06-01T19:00:00,2004.53,34,0.82,Signal changed to 1.0
EMA_CROSSOVER_SAR_LONG_SHORT,5,15,246,LONG,2026-06-01T19:00:00,2004.53,2026-06-02T05:00:00,1985.01,10,-0.97,Signal changed to -1.0
EMA_CROSSOVER_SAR_LONG_SHORT,5,15,247,SHORT,2026-06-02T05:00:00,1985.01,2026-06-07T01:00:00,1590.12,116,19.89,Signal changed to 1.0
EMA_CROSSOVER_SAR_LONG_SHORT,5,15,248,LONG,2026-06-07T01:00:00,1590.12,2026-06-09T01:00:00,1669.02,48,4.96,Signal changed to -1.0
EMA_CROSSOVER_SAR_LONG_SHORT,5,15,249,SHORT,2026-06-09T01:00:00,1669.02,2026-06-09T05:00:00,1688.25,4,-1.15,Signal changed to 1.0
EMA_CROSSOVER_SAR_LONG_SHORT,5,15,250,LONG,2026-06-09T05:00:00,1688.25,2026-06-09T08:00:00,1675.28,3,-0.77,Signal changed to -1.0
EMA_CROSSOVER_SAR_LONG_SHORT,5,15,251,SHORT,2026-06-09T08:00:00,1675.28,2026-06-10T13:00:00,1651.81,29,1.4,Signal changed to 1.0
EMA_CROSSOVER_SAR_LONG_SHORT,5,15,252,LONG,2026-06-10T13:00:00,1651.81,2026-06-10T18:00:00,1631.13,5,-1.25,Signal changed to -1.0
EMA_CROSSOVER_SAR_LONG_SHORT,5,15,253,SHORT,2026-06-10T18:00:00,1631.13,2026-06-11T02:00:00,1641.07,8,-0.61,Signal changed to 1.0
EMA_CROSSOVER_SAR_LONG_SHORT,5,15,254,LONG,2026-06-11T02:00:00,1641.07,2026-06-11T16:00:00,1639.75,14,-0.08,Signal changed to -1.0
EMA_CROSSOVER_SAR_LONG_SHORT,5,15,255,SHORT,2026-06-11T16:00:00,1639.75,2026-06-11T17:00:00,1688.66,1,-2.98,Signal changed to 1.0
EMA_CROSSOVER_SAR_LONG_SHORT,5,15,256,LONG,2026-06-11T17:00:00,1688.66,2026-06-12T06:00:00,1657.34,13,-1.85,Signal changed to -1.0
EMA_CROSSOVER_SAR_LONG_SHORT,5,15,257,SHORT,2026-06-12T06:00:00,1657.34,2026-06-12T08:00:00,1673.53,2,-0.98,Signal changed to 1.0
EMA_CROSSOVER_SAR_LONG_SHORT,5,15,258,LONG,2026-06-12T08:00:00,1673.53,2026-06-12T13:00:00,1657.6,5,-0.95,Signal changed to -1.0
EMA_CROSSOVER_SAR_LONG_SHORT,5,15,259,SHORT,2026-06-12T13:00:00,1657.6,2026-06-12T14:00:00,1685.64,1,-1.69,Signal changed to 1.0
EMA_CROSSOVER_SAR_LONG_SHORT,5,15,260,LONG,2026-06-12T14:00:00,1685.64,2026-06-12T15:00:00,1660.08,1,-1.52,Signal changed to -1.0
EMA_CROSSOVER_SAR_LONG_SHORT,5,15,261,SHORT,2026-06-12T15:00:00,1660.08,2026-06-12T16:00:00,1672.9,1,-0.77,Signal changed to 1.0
EMA_CROSSOVER_SAR_LONG_SHORT,5,15,262,LONG,2026-06-12T16:00:00,1672.9,2026-06-12T18:00:00,1666.87,2,-0.36,Signal changed to -1.0
EMA_CROSSOVER_SAR_LONG_SHORT,5,15,263,SHORT,2026-06-12T18:00:00,1666.87,2026-06-13T01:00:00,1674.03,7,-0.43,Signal changed to 1.0
EMA_CROSSOVER_SAR_LONG_SHORT,5,15,264,LONG,2026-06-13T01:00:00,1674.03,2026-06-13T03:00:00,1665.25,2,-0.52,Signal changed to -1.0
EMA_CROSSOVER_SAR_LONG_SHORT,5,15,265,SHORT,2026-06-13T03:00:00,1665.25,2026-06-13T07:00:00,1676.38,4,-0.67,Signal changed to 1.0
EMA_CROSSOVER_SAR_LONG_SHORT,5,15,266,LONG,2026-06-13T07:00:00,1676.38,2026-06-14T06:00:00,1676.39,23,0.0,Signal changed to -1.0
EMA_CROSSOVER_SAR_LONG_SHORT,5,15,267,SHORT,2026-06-14T06:00:00,1676.39,2026-06-14T21:00:00,1718.67,15,-2.52,Signal changed to 1.0
EMA_CROSSOVER_SAR_LONG_SHORT,5,15,268,LONG,2026-06-14T21:00:00,1718.67,2026-06-16T02:00:00,1770.13,29,2.99,Signal changed to -1.0
EMA_CROSSOVER_SAR_LONG_SHORT,5,15,269,SHORT,2026-06-16T02:00:00,1770.13,2026-06-16T09:00:00,1789.63,7,-1.1,Signal changed to 1.0
EMA_CROSSOVER_SAR_LONG_SHORT,5,15,270,LONG,2026-06-16T09:00:00,1789.63,2026-06-16T16:00:00,1777.89,7,-0.66,Signal changed to -1.0
EMA_CROSSOVER_SAR_LONG_SHORT,5,15,271,SHORT,2026-06-16T16:00:00,1777.89,2026-06-16T17:00:00,1795.1,1,-0.97,Signal changed to 1.0
EMA_CROSSOVER_SAR_LONG_SHORT,5,15,272,LONG,2026-06-16T17:00:00,1795.1,2026-06-17T06:00:00,1790.38,13,-0.26,Signal changed to -1.0
EMA_CROSSOVER_SAR_LONG_SHORT,5,15,273,SHORT,2026-06-17T06:00:00,1790.38,2026-06-19T15:00:00,1707.86,57,4.61,Signal changed to 1.0
EMA_CROSSOVER_SAR_LONG_SHORT,5,15,274,LONG,2026-06-19T15:00:00,1707.86,2026-06-19T16:00:00,1696.8,1,-0.65,Signal changed to -1.0
EMA_CROSSOVER_SAR_LONG_SHORT,5,15,275,SHORT,2026-06-19T16:00:00,1696.8,2026-06-19T17:00:00,1704.85,1,-0.47,Signal changed to 1.0
EMA_CROSSOVER_SAR_LONG_SHORT,5,15,276,LONG,2026-06-19T17:00:00,1704.85,2026-06-21T08:00:00,1729.1,39,1.42,Signal changed to -1.0
EMA_CROSSOVER_SAR_LONG_SHORT,5,15,277,SHORT,2026-06-21T08:00:00,1729.1,2026-06-21T18:00:00,1735.39,10,-0.36,Signal changed to 1.0
EMA_CROSSOVER_SAR_LONG_SHORT,5,15,278,LONG,2026-06-21T18:00:00,1735.39,2026-06-21T20:00:00,1721.3,2,-0.81,Signal changed to -1.0
EMA_CROSSOVER_SAR_LONG_SHORT,5,15,279,SHORT,2026-06-21T20:00:00,1721.3,2026-06-22T01:00:00,1743.82,5,-1.31,Signal changed to 1.0
EMA_CROSSOVER_SAR_LONG_SHORT,5,15,280,LONG,2026-06-22T01:00:00,1743.82,2026-06-22T18:00:00,1733.51,17,-0.59,Signal changed to -1.0
EMA_CROSSOVER_SAR_LONG_SHORT,5,15,281,SHORT,2026-06-22T18:00:00,1733.51,2026-06-24T05:00:00,1674.48,35,3.41,Signal changed to 1.0
EMA_CROSSOVER_SAR_LONG_SHORT,5,15,282,LONG,2026-06-24T05:00:00,1674.48,2026-06-24T10:00:00,1663.69,5,-0.64,Signal changed to -1.0
EMA_CROSSOVER_SAR_LONG_SHORT,5,15,283,SHORT,2026-06-24T10:00:00,1663.69,2026-06-24T11:00:00,1679.57,1,-0.95,Signal changed to 1.0
EMA_CROSSOVER_SAR_LONG_SHORT,5,15,284,LONG,2026-06-24T11:00:00,1679.57,2026-06-24T13:00:00,1645.43,2,-2.03,Signal changed to -1.0
EMA_CROSSOVER_SAR_LONG_SHORT,5,15,285,SHORT,2026-06-24T13:00:00,1645.43,2026-06-25T04:00:00,1635.03,15,0.63,Signal changed to 1.0
EMA_CROSSOVER_SAR_LONG_SHORT,5,15,286,LONG,2026-06-25T04:00:00,1635.03,2026-06-25T13:00:00,1538.15,9,-5.93,Signal changed to -1.0
EMA_CROSSOVER_SAR_LONG_SHORT,5,15,287,SHORT,2026-06-25T13:00:00,1538.15,2026-06-26T15:00:00,1580.14,26,-2.73,Signal changed to 1.0
EMA_CROSSOVER_SAR_LONG_SHORT,5,15,288,LONG,2026-06-26T15:00:00,1580.14,2026-06-27T20:00:00,1581.48,29,0.08,Signal changed to -1.0
EMA_CROSSOVER_SAR_LONG_SHORT,5,15,289,SHORT,2026-06-27T20:00:00,1581.48,2026-06-28T11:00:00,1582.87,15,-0.09,Signal changed to 1.0
EMA_CROSSOVER_SAR_LONG_SHORT,5,15,290,LONG,2026-06-28T11:00:00,1582.87,2026-06-28T16:00:00,1572.85,5,-0.63,Signal changed to -1.0
EMA_CROSSOVER_SAR_LONG_SHORT,5,15,291,SHORT,2026-06-28T16:00:00,1572.85,2026-06-29T03:00:00,1584.78,11,-0.76,Signal changed to 1.0
EMA_CROSSOVER_SAR_LONG_SHORT,5,15,292,LONG,2026-06-29T03:00:00,1584.78,2026-06-29T13:00:00,1572.74,10,-0.76,Signal changed to -1.0
EMA_CROSSOVER_SAR_LONG_SHORT,5,15,293,SHORT,2026-06-29T13:00:00,1572.74,2026-06-29T15:00:00,1580.26,2,-0.48,Signal changed to 1.0
EMA_CROSSOVER_SAR_LONG_SHORT,5,15,294,LONG,2026-06-29T15:00:00,1580.26,2026-06-30T02:00:00,1590.57,11,0.65,Signal changed to -1.0
EMA_CROSSOVER_SAR_LONG_SHORT,5,15,295,SHORT,2026-06-30T02:00:00,1590.57,2026-07-01T02:00:00,1586.3,24,0.27,Signal changed to 1.0
EMA_CROSSOVER_SAR_LONG_SHORT,5,15,296,LONG,2026-07-01T02:00:00,1586.3,2026-07-01T10:00:00,1573.43,8,-0.81,Signal changed to -1.0
EMA_CROSSOVER_SAR_LONG_SHORT,5,15,297,SHORT,2026-07-01T10:00:00,1573.43,2026-07-01T13:00:00,1597.22,3,-1.51,Signal changed to 1.0
EMA_CROSSOVER_SAR_LONG_SHORT,5,15,298,LONG,2026-07-01T13:00:00,1597.22,2026-07-05T01:00:00,1766.62,84,10.61,Signal changed to -1.0
EMA_CROSSOVER_SAR_LONG_SHORT,5,15,299,SHORT,2026-07-05T01:00:00,1766.62,2026-07-05T15:00:00,1774.67,14,-0.46,Signal changed to 1.0
EMA_CROSSOVER_SAR_LONG_SHORT,5,15,300,LONG,2026-07-05T15:00:00,1774.67,2026-07-06T05:00:00,1774.06,14,-0.03,Signal changed to -1.0
EMA_CROSSOVER_SAR_LONG_SHORT,5,15,301,SHORT,2026-07-06T05:00:00,1774.06,2026-07-06T16:00:00,1792.51,11,-1.04,Signal changed to 1.0
EMA_CROSSOVER_SAR_LONG_SHORT,5,15,302,LONG,2026-07-06T16:00:00,1792.51,2026-07-07T03:00:00,1771.56,11,-1.17,Signal changed to -1.0
EMA_CROSSOVER_SAR_LONG_SHORT,5,15,303,SHORT,2026-07-07T03:00:00,1771.56,2026-07-07T14:00:00,1789.46,11,-1.01,Signal changed to 1.0
EMA_CROSSOVER_SAR_LONG_SHORT,5,15,304,LONG,2026-07-07T14:00:00,1789.46,2026-07-07T21:00:00,1773.84,7,-0.87,Signal changed to -1.0
EMA_CROSSOVER_SAR_LONG_SHORT,5,15,305,SHORT,2026-07-07T21:00:00,1773.84,2026-07-09T05:00:00,1749.39,32,1.38,Signal changed to 1.0
EMA_CROSSOVER_SAR_LONG_SHORT,5,15,306,LONG,2026-07-09T05:00:00,1749.39,2026-07-09T15:00:00,1739.51,10,-0.56,Signal changed to -1.0
EMA_CROSSOVER_SAR_LONG_SHORT,5,15,307,SHORT,2026-07-09T15:00:00,1739.51,2026-07-09T18:00:00,1751.55,3,-0.69,Signal changed to 1.0
EMA_CROSSOVER_SAR_LONG_SHORT,5,15,308,LONG,2026-07-09T18:00:00,1751.55,2026-07-10T00:00:00,1743.09,6,-0.48,Signal changed to -1.0
EMA_CROSSOVER_SAR_LONG_SHORT,5,15,309,SHORT,2026-07-10T00:00:00,1743.09,2026-07-10T01:00:00,1767.62,1,-1.41,Signal changed to 1.0
EMA_CROSSOVER_SAR_LONG_SHORT,5,15,310,LONG,2026-07-10T01:00:00,1767.62,2026-07-11T23:00:00,1787.76,46,1.14,Signal changed to -1.0
EMA_CROSSOVER_SAR_LONG_SHORT,5,15,311,SHORT,2026-07-11T23:00:00,1787.76,2026-07-12T14:00:00,1819.51,15,-1.78,Signal changed to 1.0
EMA_CROSSOVER_SAR_LONG_SHORT,5,15,312,LONG,2026-07-12T14:00:00,1819.51,2026-07-12T23:00:00,1806.8,9,-0.7,Signal changed to -1.0
EMA_CROSSOVER_SAR_LONG_SHORT,5,15,313,SHORT,2026-07-12T23:00:00,1806.8,2026-07-13T00:00:00,1826.59,1,-1.1,Signal changed to 1.0
EMA_CROSSOVER_SAR_LONG_SHORT,5,15,314,LONG,2026-07-13T00:00:00,1826.59,2026-07-13T02:00:00,1806.99,2,-1.07,Signal changed to -1.0
EMA_CROSSOVER_SAR_LONG_SHORT,5,15,315,SHORT,2026-07-13T02:00:00,1806.99,2026-07-14T01:00:00,1784.84,23,1.23,Signal changed to 1.0
EMA_CROSSOVER_SAR_LONG_SHORT,5,15,316,LONG,2026-07-14T01:00:00,1784.84,2026-07-16T08:00:00,1886.09,55,5.67,Signal changed to -1.0
EMA_CROSSOVER_SAR_LONG_SHORT,5,15,317,SHORT,2026-07-16T08:00:00,1886.09,2026-07-17T19:00:00,1843.76,35,2.24,Signal changed to 1.0
EMA_CROSSOVER_SAR_LONG_SHORT,5,15,318,LONG,2026-07-17T19:00:00,1843.76,2026-07-19T18:00:00,1861.12,47,0.94,Signal changed to -1.0
EMA_CROSSOVER_SAR_LONG_SHORT,5,15,319,SHORT,2026-07-19T18:00:00,1861.12,2026-07-19T23:00:00,1872.23,5,-0.6,Signal changed to 1.0
EMA_CROSSOVER_SAR_LONG_SHORT,5,15,320,LONG,2026-07-19T23:00:00,1872.23,2026-07-20T05:00:00,1855.45,6,-0.9,Signal changed to -1.0
EMA_CROSSOVER_SAR_LONG_SHORT,5,15,321,SHORT,2026-07-20T05:00:00,1855.45,2026-07-20T11:00:00,1893.2,6,-2.03,Signal changed to 1.0
EMA_CROSSOVER_SAR_LONG_SHORT,5,15,322,LONG,2026-07-20T11:00:00,1893.2,2026-07-21T18:00:00,1919.93,31,1.41,Signal changed to -1.0
EMA_CROSSOVER_SAR_LONG_SHORT,5,15,323,SHORT,2026-07-21T18:00:00,1919.93,2026-07-22T00:00:00,1939.46,6,-1.02,Signal changed to 1.0
EMA_CROSSOVER_SAR_LONG_SHORT,5,15,324,LONG,2026-07-22T00:00:00,1939.46,2026-07-22T05:00:00,1919.35,5,-1.04,Signal changed to -1.0
EMA_CROSSOVER_SAR_LONG_SHORT,5,15,325,SHORT,2026-07-22T05:00:00,1919.35,2026-07-22T11:00:00,1927.27,6,-0.41,Signal changed to 1.0
EMA_CROSSOVER_SAR_LONG_SHORT,5,15,326,LONG,2026-07-22T11:00:00,1927.27,2026-07-22T12:00:00,1917.17,1,-0.52,Signal changed to -1.0
EMA_CROSSOVER_SAR_LONG_SHORT,5,15,327,SHORT,2026-07-22T12:00:00,1917.17,2026-07-22T13:00:00,1939.93,1,-1.19,Signal changed to 1.0
EMA_CROSSOVER_SAR_LONG_SHORT,5,15,328,LONG,2026-07-22T13:00:00,1939.93,2026-07-22T20:00:00,1926.76,7,-0.68,Signal changed to -1.0
EMA_CROSSOVER_SAR_LONG_SHORT,5,15,329,SHORT,2026-07-22T20:00:00,1926.76,2026-07-22T21:00:00,1938.76,1,-0.62,Signal changed to 1.0
EMA_CROSSOVER_SAR_LONG_SHORT,5,15,330,LONG,2026-07-22T21:00:00,1938.76,2026-07-23T01:00:00,1928.39,4,-0.53,Signal changed to -1.0
EMA_CROSSOVER_SAR_LONG_SHORT,5,15,331,SHORT,2026-07-23T01:00:00,1928.39,2026-07-24T07:00:00,1895.98,30,1.68,Signal changed to 1.0
EMA_CROSSOVER_SAR_LONG_SHORT,5,15,332,LONG,2026-07-24T07:00:00,1895.98,2026-07-24T11:00:00,1883.93,4,-0.64,Signal changed to -1.0
EMA_CROSSOVER_SAR_LONG_SHORT,5,15,333,SHORT,2026-07-24T11:00:00,1883.93,2026-07-25T13:00:00,1867.24,26,0.89,Signal changed to 1.0
EMA_CROSSOVER_SAR_LONG_SHORT,5,15,334,LONG,2026-07-25T13:00:00,1867.24,2026-07-27T15:00:00,1927.75,50,3.24,Signal changed to -1.0
EMA_CROSSOVER_SAR_LONG_SHORT,5,15,335,SHORT,2026-07-27T15:00:00,1927.75,2026-07-28T15:00:00,1920.02,24,0.4,Signal changed to 1.0
EMA_CROSSOVER_SAR_LONG_SHORT,5,15,336,LONG,2026-07-28T15:00:00,1920.02,2026-07-29T03:00:00,1892.7,12,-1.42,Signal changed to -1.0
EMA_CROSSOVER_SAR_LONG_SHORT,5,15,337,SHORT,2026-07-29T03:00:00,1892.7,2026-07-29T05:00:00,1912.54,2,-1.05,Signal changed to 1.0
EMA_CROSSOVER_SAR_LONG_SHORT,5,15,338,LONG,2026-07-29T05:00:00,1912.54,2026-07-29T12:00:00,1905.23,7,-0.38,Signal changed to -1.0
EMA_CROSSOVER_SAR_LONG_SHORT,5,15,339,SHORT,2026-07-29T12:00:00,1905.23,2026-07-29T18:00:00,1920.55,6,-0.8,Signal changed to 1.0
EMA_CROSSOVER_SAR_LONG_SHORT,5,15,340,LONG,2026-07-29T18:00:00,1920.55,2026-07-29T19:00:00,1888.56,1,-1.67,Signal changed to -1.0
EMA_CROSSOVER_SAR_LONG_SHORT,5,15,341,SHORT,2026-07-29T19:00:00,1888.56,2026-07-30T01:00:00,1916.77,6,-1.49,Signal changed to 1.0
EMA_CROSSOVER_SAR_LONG_SHORT,5,15,342,LONG,2026-07-30T01:00:00,1916.77,2026-07-30T06:00:00,1901.32,5,-0.81,Signal changed to -1.0
EMA_CROSSOVER_SAR_LONG_SHORT,5,15,343,SHORT,2026-07-30T06:00:00,1901.32,2026-07-30T08:00:00,1914.99,2,-0.72,Signal changed to 1.0
EMA_CROSSOVER_SAR_LONG_SHORT,5,15,344,LONG,2026-07-30T08:00:00,1914.99,2026-07-31T01:00:00,1910.36,17,-0.24,Signal changed to -1.0
EMA_CROSSOVER_SAR_LONG_SHORT,5,15,345,SHORT,2026-07-31T01:00:00,1910.36,2026-08-01T14:00:00,1875.18,37,1.84,Signal changed to 1.0
EMA_CROSSOVER_SAR_LONG_SHORT,5,15,346,LONG,2026-08-01T14:00:00,1875.18,2026-08-01T17:00:00,1862.07,3,-0.7,Signal changed to -1.0
EMA_CROSSOVER_SAR_LONG_SHORT,5,15,347,SHORT,2026-08-01T17:00:00,1862.07,2026-08-02T02:00:00,1876.9,9,-0.8,Signal changed to 1.0
EMA_CROSSOVER_SAR_LONG_SHORT,5,15,348,LONG,2026-08-02T02:00:00,1876.9,2026-08-02T11:00:00,1852.58,9,-1.3,Signal changed to -1.0
EMA_CROSSOVER_SAR_LONG_SHORT,5,15,349,SHORT,2026-08-02T11:00:00,1852.58,2026-08-02T18:00:00,1875.86,7,-1.26,Signal changed to 1.0
EMA_CROSSOVER_SAR_LONG_SHORT,5,15,350,LONG,2026-08-02T18:00:00,1875.86,2026-08-03T02:00:00,1864.51,8,-0.61,Signal changed to -1.0
EMA_CROSSOVER_SAR_LONG_SHORT,5,15,351,SHORT,2026-08-03T02:00:00,1864.51,2026-08-03T14:00:00,1873.79,12,-0.5,Signal changed to 1.0
EMA_CROSSOVER_SAR_LONG_SHORT,5,15,352,LONG,2026-08-03T14:00:00,1873.79,2026-08-04T00:00:00,1851.3,10,-1.2,Signal changed to -1.0
EMA_CROSSOVER_SAR_LONG_SHORT,5,15,353,SHORT,2026-08-04T00:00:00,1851.3,2026-08-04T01:00:00,1867.64,1,-0.88,Signal changed to 1.0
EMA_CROSSOVER_SAR_LONG_SHORT,5,15,354,LONG,2026-08-04T01:00:00,1867.64,2026-08-04T06:00:00,1856.96,5,-0.57,Signal changed to -1.0
EMA_CROSSOVER_SAR_LONG_SHORT,5,15,355,SHORT,2026-08-04T06:00:00,1856.96,2026-08-04T10:00:00,1866.94,4,-0.54,Signal changed to 1.0
EMA_CROSSOVER_SAR_LONG_SHORT,5,15,356,LONG,2026-08-04T10:00:00,1866.94,2026-08-05T00:00:00,1863.93,14,-0.16,Signal changed to -1.0
EMA_CROSSOVER_SAR_LONG_SHORT,5,15,357,SHORT,2026-08-05T00:00:00,1863.93,2026-08-05T01:00:00,1873.37,1,-0.51,Signal changed to 1.0
EMA_CROSSOVER_SAR_LONG_SHORT,5,15,358,LONG,2026-08-05T01:00:00,1873.37,2026-08-05T04:00:00,1867.5,3,-0.31,Signal changed to -1.0
EMA_CROSSOVER_SAR_LONG_SHORT,5,15,359,SHORT,2026-08-05T04:00:00,1867.5,2026-08-05T05:00:00,1873.46,1,-0.32,Signal changed to 1.0
EMA_CROSSOVER_SAR_LONG_SHORT,5,15,360,LONG,2026-08-05T05:00:00,1873.46,2026-08-05T10:00:00,1868.33,5,-0.27,Signal changed to -1.0
EMA_CROSSOVER_SAR_LONG_SHORT,5,15,361,SHORT,2026-08-05T10:00:00,1868.33,2026-08-05T12:00:00,1876.25,2,-0.42,Signal changed to 1.0
EMA_CROSSOVER_SAR_LONG_SHORT,5,15,362,LONG,2026-08-05T12:00:00,1876.25,2026-08-06T12:00:00,1899.09,24,1.22,Signal changed to -1.0
EMA_CROSSOVER_SAR_LONG_SHORT,5,15,363,SHORT,2026-08-06T12:00:00,1899.09,2026-08-06T13:00:00,1907.43,1,-0.44,Signal changed to 1.0
EMA_CROSSOVER_SAR_LONG_SHORT,5,15,364,LONG,2026-08-06T13:00:00,1907.43,2026-08-06T21:00:00,1906.28,8,-0.06,Signal changed to -1.0
EMA_CROSSOVER_SAR_LONG_SHORT,5,15,365,SHORT,2026-08-06T21:00:00,1906.28,2026-08-07T08:00:00,1910.7,11,-0.23,Signal changed to 1.0
EMA_CROSSOVER_SAR_LONG_SHORT,5,15,366,LONG,2026-08-07T08:00:00,1910.7,2026-08-08T22:00:00,1916.75,38,0.32,Signal changed to -1.0
EMA_CROSSOVER_SAR_LONG_SHORT,5,15,367,SHORT,2026-08-08T22:00:00,1916.75,2026-08-09T09:00:00,1921.45,11,-0.25,Signal changed to 1.0
EMA_CROSSOVER_SAR_LONG_SHORT,5,15,368,LONG,2026-08-09T09:00:00,1921.45,2026-08-09T23:00:00,1910.65,14,-0.56,Signal changed to -1.0
EMA_CROSSOVER_SAR_LONG_SHORT,5,15,369,SHORT,2026-08-09T23:00:00,1910.65,2026-08-10T02:00:00,1923.52,3,-0.67,Signal changed to 1.0
EMA_CROSSOVER_SAR_LONG_SHORT,5,15,370,LONG,2026-08-10T02:00:00,1923.52,2026-08-10T03:00:00,1917.44,1,-0.32,Signal changed to -1.0
EMA_CROSSOVER_SAR_LONG_SHORT,5,15,371,SHORT,2026-08-10T03:00:00,1917.44,2026-08-10T05:00:00,1923.17,2,-0.3,Signal changed to 1.0
EMA_CROSSOVER_SAR_LONG_SHORT,5,15,372,LONG,2026-08-10T05:00:00,1923.17,2026-08-10T10:00:00,1917.75,5,-0.28,Signal changed to -1.0
EMA_CROSSOVER_SAR_LONG_SHORT,5,15,373,SHORT,2026-08-10T10:00:00,1917.75,2026-08-11T10:00:00,1886.16,24,1.65,Signal changed to 1.0
EMA_CROSSOVER_SAR_LONG_SHORT,5,15,374,LONG,2026-08-11T10:00:00,1886.16,2026-08-11T15:00:00,1862.74,5,-1.24,Signal changed to -1.0
EMA_CROSSOVER_SAR_LONG_SHORT,5,15,375,SHORT,2026-08-11T15:00:00,1862.74,2026-08-11T21:00:00,1884.68,6,-1.18,Signal changed to 1.0
EMA_CROSSOVER_SAR_LONG_SHORT,5,15,376,LONG,2026-08-11T21:00:00,1884.68,2026-08-12T17:00:00,1888.14,20,0.18,Signal changed to -1.0
EMA_CROSSOVER_SAR_LONG_SHORT,5,15,377,SHORT,2026-08-12T17:00:00,1888.14,2026-08-13T04:00:00,1892.37,11,-0.22,Signal changed to 1.0
EMA_CROSSOVER_SAR_LONG_SHORT,5,15,378,LONG,2026-08-13T04:00:00,1892.37,2026-08-13T10:00:00,1883.17,6,-0.49,Signal changed to -1.0
EMA_CROSSOVER_SAR_LONG_SHORT,5,15,379,SHORT,2026-08-13T10:00:00,1883.17,2026-08-13T14:00:00,1893.43,4,-0.54,Signal changed to 1.0
EMA_CROSSOVER_SAR_LONG_SHORT,5,15,380,LONG,2026-08-13T14:00:00,1893.43,2026-08-13T15:00:00,1880.01,1,-0.71,Signal changed to -1.0
EMA_CROSSOVER_SAR_LONG_SHORT,5,15,381,SHORT,2026-08-13T15:00:00,1880.01,2026-08-13T21:00:00,1888.76,6,-0.47,Signal changed to 1.0
EMA_CROSSOVER_SAR_LONG_SHORT,5,15,382,LONG,2026-08-13T21:00:00,1888.76,2026-08-14T03:00:00,1883.0,6,-0.3,Signal changed to -1.0
EMA_CROSSOVER_SAR_LONG_SHORT,5,15,383,SHORT,2026-08-14T03:00:00,1883.0,2026-08-14T19:00:00,1880.89,16,0.11,Signal changed to 1.0
EMA_CROSSOVER_SAR_LONG_SHORT,5,15,384,LONG,2026-08-14T19:00:00,1880.89,2026-08-15T08:00:00,1877.05,13,-0.2,Signal changed to -1.0
EMA_CROSSOVER_SAR_LONG_SHORT,5,15,385,SHORT,2026-08-15T08:00:00,1877.05,2026-08-15T12:00:00,1883.86,4,-0.36,Signal changed to 1.0
EMA_CROSSOVER_SAR_LONG_SHORT,5,15,386,LONG,2026-08-15T12:00:00,1883.86,2026-08-16T01:00:00,1880.54,13,-0.18,Signal changed to -1.0
EMA_CROSSOVER_SAR_LONG_SHORT,5,15,387,SHORT,2026-08-16T01:00:00,1880.54,2026-08-16T14:00:00,1883.5,13,-0.16,Signal changed to 1.0
EMA_CROSSOVER_SAR_LONG_SHORT,5,15,388,LONG,2026-08-16T14:00:00,1883.5,2026-08-16T21:00:00,1875.56,7,-0.42,Signal changed to -1.0
EMA_CROSSOVER_SAR_LONG_SHORT,5,15,389,SHORT,2026-08-16T21:00:00,1875.56,2026-08-17T01:00:00,1891.65,4,-0.86,Signal changed to 1.0
EMA_CROSSOVER_SAR_LONG_SHORT,5,15,390,LONG,2026-08-17T01:00:00,1891.65,2026-08-18T02:00:00,1893.19,25,0.08,Signal changed to -1.0
EMA_CROSSOVER_SAR_LONG_SHORT,5,15,391,SHORT,2026-08-18T02:00:00,1893.19,2026-08-18T14:00:00,1911.02,12,-0.94,Signal changed to 1.0
EMA_CROSSOVER_SAR_LONG_SHORT,5,15,392,LONG,2026-08-18T14:00:00,1911.02,2026-08-22T07:00:00,2433.31,89,27.33,Signal changed to -1.0
EMA_CROSSOVER_SAR_LONG_SHORT,5,15,393,SHORT,2026-08-22T07:00:00,2433.31,2026-08-22T08:00:00,2423.3,1,0.41,End of Dataset
EMA_CROSSOVER_SAR_LONG_SHORT,9,21,1,SHORT,2026-01-01T00:00:00,2979.81,2026-01-01T01:00:00,2984.32,1,-0.15,Signal changed to 1.0
EMA_CROSSOVER_SAR_LONG_SHORT,9,21,2,LONG,2026-01-01T01:00:00,2984.32,2026-01-01T04:00:00,2975.35,3,-0.3,Signal changed to -1.0
EMA_CROSSOVER_SAR_LONG_SHORT,9,21,3,SHORT,2026-01-01T04:00:00,2975.35,2026-01-01T05:00:00,2981.49,1,-0.21,Signal changed to 1.0
EMA_CROSSOVER_SAR_LONG_SHORT,9,21,4,LONG,2026-01-01T05:00:00,2981.49,2026-01-01T06:00:00,2975.89,1,-0.19,Signal changed to -1.0
EMA_CROSSOVER_SAR_LONG_SHORT,9,21,5,SHORT,2026-01-01T06:00:00,2975.89,2026-01-01T09:00:00,2984.0,3,-0.27,Signal changed to 1.0
EMA_CROSSOVER_SAR_LONG_SHORT,9,21,6,LONG,2026-01-01T09:00:00,2984.0,2026-01-07T09:00:00,3200.18,144,7.24,Signal changed to -1.0
EMA_CROSSOVER_SAR_LONG_SHORT,9,21,7,SHORT,2026-01-07T09:00:00,3200.18,2026-01-10T12:00:00,3099.46,75,3.15,Signal changed to 1.0
EMA_CROSSOVER_SAR_LONG_SHORT,9,21,8,LONG,2026-01-10T12:00:00,3099.46,2026-01-10T18:00:00,3092.85,6,-0.21,Signal changed to -1.0
EMA_CROSSOVER_SAR_LONG_SHORT,9,21,9,SHORT,2026-01-10T18:00:00,3092.85,2026-01-11T04:00:00,3098.22,10,-0.17,Signal changed to 1.0
EMA_CROSSOVER_SAR_LONG_SHORT,9,21,10,LONG,2026-01-11T04:00:00,3098.22,2026-01-12T11:00:00,3115.43,31,0.56,Signal changed to -1.0
EMA_CROSSOVER_SAR_LONG_SHORT,9,21,11,SHORT,2026-01-12T11:00:00,3115.43,2026-01-13T05:00:00,3131.82,18,-0.53,Signal changed to 1.0
EMA_CROSSOVER_SAR_LONG_SHORT,9,21,12,LONG,2026-01-13T05:00:00,3131.82,2026-01-15T05:00:00,3310.59,48,5.71,Signal changed to -1.0
EMA_CROSSOVER_SAR_LONG_SHORT,9,21,13,SHORT,2026-01-15T05:00:00,3310.59,2026-01-15T08:00:00,3336.45,3,-0.78,Signal changed to 1.0
EMA_CROSSOVER_SAR_LONG_SHORT,9,21,14,LONG,2026-01-15T08:00:00,3336.45,2026-01-15T18:00:00,3288.39,10,-1.44,Signal changed to -1.0
EMA_CROSSOVER_SAR_LONG_SHORT,9,21,15,SHORT,2026-01-15T18:00:00,3288.39,2026-01-17T11:00:00,3302.72,41,-0.44,Signal changed to 1.0
EMA_CROSSOVER_SAR_LONG_SHORT,9,21,16,LONG,2026-01-17T11:00:00,3302.72,2026-01-19T00:00:00,3212.13,37,-2.74,Signal changed to -1.0
EMA_CROSSOVER_SAR_LONG_SHORT,9,21,17,SHORT,2026-01-19T00:00:00,3212.13,2026-01-21T21:00:00,3031.47,69,5.62,Signal changed to 1.0
EMA_CROSSOVER_SAR_LONG_SHORT,9,21,18,LONG,2026-01-21T21:00:00,3031.47,2026-01-22T13:00:00,2972.76,16,-1.94,Signal changed to -1.0
EMA_CROSSOVER_SAR_LONG_SHORT,9,21,19,SHORT,2026-01-22T13:00:00,2972.76,2026-01-23T17:00:00,2987.51,28,-0.5,Signal changed to 1.0
EMA_CROSSOVER_SAR_LONG_SHORT,9,21,20,LONG,2026-01-23T17:00:00,2987.51,2026-01-23T21:00:00,2943.98,4,-1.46,Signal changed to -1.0
EMA_CROSSOVER_SAR_LONG_SHORT,9,21,21,SHORT,2026-01-23T21:00:00,2943.98,2026-01-23T22:00:00,2960.02,1,-0.54,Signal changed to 1.0
EMA_CROSSOVER_SAR_LONG_SHORT,9,21,22,LONG,2026-01-23T22:00:00,2960.02,2026-01-24T23:00:00,2953.22,25,-0.23,Signal changed to -1.0
EMA_CROSSOVER_SAR_LONG_SHORT,9,21,23,SHORT,2026-01-24T23:00:00,2953.22,2026-01-26T10:00:00,2896.28,35,1.93,Signal changed to 1.0
EMA_CROSSOVER_SAR_LONG_SHORT,9,21,24,LONG,2026-01-26T10:00:00,2896.28,2026-01-29T02:00:00,2959.23,64,2.17,Signal changed to -1.0
EMA_CROSSOVER_SAR_LONG_SHORT,9,21,25,SHORT,2026-01-29T02:00:00,2959.23,2026-02-02T15:00:00,2372.71,109,19.82,Signal changed to 1.0
EMA_CROSSOVER_SAR_LONG_SHORT,9,21,26,LONG,2026-02-02T15:00:00,2372.71,2026-02-03T08:00:00,2315.77,17,-2.4,Signal changed to -1.0
EMA_CROSSOVER_SAR_LONG_SHORT,9,21,27,SHORT,2026-02-03T08:00:00,2315.77,2026-02-04T08:00:00,2279.73,24,1.56,Signal changed to 1.0
EMA_CROSSOVER_SAR_LONG_SHORT,9,21,28,LONG,2026-02-04T08:00:00,2279.73,2026-02-04T09:00:00,2260.65,1,-0.84,Signal changed to -1.0
EMA_CROSSOVER_SAR_LONG_SHORT,9,21,29,SHORT,2026-02-04T09:00:00,2260.65,2026-02-06T16:00:00,2036.17,55,9.93,Signal changed to 1.0
EMA_CROSSOVER_SAR_LONG_SHORT,9,21,30,LONG,2026-02-06T16:00:00,2036.17,2026-02-09T01:00:00,2070.89,57,1.71,Signal changed to -1.0
EMA_CROSSOVER_SAR_LONG_SHORT,9,21,31,SHORT,2026-02-09T01:00:00,2070.89,2026-02-09T18:00:00,2130.67,17,-2.89,Signal changed to 1.0
EMA_CROSSOVER_SAR_LONG_SHORT,9,21,32,LONG,2026-02-09T18:00:00,2130.67,2026-02-10T05:00:00,2053.07,11,-3.64,Signal changed to -1.0
EMA_CROSSOVER_SAR_LONG_SHORT,9,21,33,SHORT,2026-02-10T05:00:00,2053.07,2026-02-12T06:00:00,1975.06,49,3.8,Signal changed to 1.0
EMA_CROSSOVER_SAR_LONG_SHORT,9,21,34,LONG,2026-02-12T06:00:00,1975.06,2026-02-12T16:00:00,1909.18,10,-3.34,Signal changed to -1.0
EMA_CROSSOVER_SAR_LONG_SHORT,9,21,35,SHORT,2026-02-12T16:00:00,1909.18,2026-02-13T09:00:00,1962.0,17,-2.77,Signal changed to 1.0
EMA_CROSSOVER_SAR_LONG_SHORT,9,21,36,LONG,2026-02-13T09:00:00,1962.0,2026-02-15T11:00:00,2061.96,50,5.09,Signal changed to -1.0
EMA_CROSSOVER_SAR_LONG_SHORT,9,21,37,SHORT,2026-02-15T11:00:00,2061.96,2026-02-16T21:00:00,1999.14,34,3.05,Signal changed to 1.0
EMA_CROSSOVER_SAR_LONG_SHORT,9,21,38,LONG,2026-02-16T21:00:00,1999.14,2026-02-17T08:00:00,1977.08,11,-1.1,Signal changed to -1.0
EMA_CROSSOVER_SAR_LONG_SHORT,9,21,39,SHORT,2026-02-17T08:00:00,1977.08,2026-02-17T19:00:00,1998.14,11,-1.07,Signal changed to 1.0
EMA_CROSSOVER_SAR_LONG_SHORT,9,21,40,LONG,2026-02-17T19:00:00,1998.14,2026-02-18T13:00:00,1970.68,18,-1.37,Signal changed to -1.0
EMA_CROSSOVER_SAR_LONG_SHORT,9,21,41,SHORT,2026-02-18T13:00:00,1970.68,2026-02-19T07:00:00,1981.76,18,-0.56,Signal changed to 1.0
EMA_CROSSOVER_SAR_LONG_SHORT,9,21,42,LONG,2026-02-19T07:00:00,1981.76,2026-02-19T09:00:00,1963.79,2,-0.91,Signal changed to -1.0
EMA_CROSSOVER_SAR_LONG_SHORT,9,21,43,SHORT,2026-02-19T09:00:00,1963.79,2026-02-20T06:00:00,1958.47,21,0.27,Signal changed to 1.0
EMA_CROSSOVER_SAR_LONG_SHORT,9,21,44,LONG,2026-02-20T06:00:00,1958.47,2026-02-20T13:00:00,1934.11,7,-1.24,Signal changed to -1.0
EMA_CROSSOVER_SAR_LONG_SHORT,9,21,45,SHORT,2026-02-20T13:00:00,1934.11,2026-02-20T16:00:00,1968.62,3,-1.78,Signal changed to 1.0
EMA_CROSSOVER_SAR_LONG_SHORT,9,21,46,LONG,2026-02-20T16:00:00,1968.62,2026-02-22T08:00:00,1973.39,40,0.24,Signal changed to -1.0
EMA_CROSSOVER_SAR_LONG_SHORT,9,21,47,SHORT,2026-02-22T08:00:00,1973.39,2026-02-22T10:00:00,1977.5,2,-0.21,Signal changed to 1.0
EMA_CROSSOVER_SAR_LONG_SHORT,9,21,48,LONG,2026-02-22T10:00:00,1977.5,2026-02-22T12:00:00,1966.37,2,-0.56,Signal changed to -1.0
EMA_CROSSOVER_SAR_LONG_SHORT,9,21,49,SHORT,2026-02-22T12:00:00,1966.37,2026-02-24T20:00:00,1858.58,56,5.48,Signal changed to 1.0
EMA_CROSSOVER_SAR_LONG_SHORT,9,21,50,LONG,2026-02-24T20:00:00,1858.58,2026-02-26T17:00:00,1988.43,45,6.99,Signal changed to -1.0
EMA_CROSSOVER_SAR_LONG_SHORT,9,21,51,SHORT,2026-02-26T17:00:00,1988.43,2026-02-27T04:00:00,2042.64,11,-2.73,Signal changed to 1.0
EMA_CROSSOVER_SAR_LONG_SHORT,9,21,52,LONG,2026-02-27T04:00:00,2042.64,2026-02-27T09:00:00,2010.01,5,-1.6,Signal changed to -1.0
EMA_CROSSOVER_SAR_LONG_SHORT,9,21,53,SHORT,2026-02-27T09:00:00,2010.01,2026-02-28T19:00:00,1947.02,34,3.13,Signal changed to 1.0
EMA_CROSSOVER_SAR_LONG_SHORT,9,21,54,LONG,2026-02-28T19:00:00,1947.02,2026-03-01T20:00:00,1914.26,25,-1.68,Signal changed to -1.0
EMA_CROSSOVER_SAR_LONG_SHORT,9,21,55,SHORT,2026-03-01T20:00:00,1914.26,2026-03-02T15:00:00,2047.33,19,-6.95,Signal changed to 1.0
EMA_CROSSOVER_SAR_LONG_SHORT,9,21,56,LONG,2026-03-02T15:00:00,2047.33,2026-03-03T08:00:00,1953.1,17,-4.6,Signal changed to -1.0
EMA_CROSSOVER_SAR_LONG_SHORT,9,21,57,SHORT,2026-03-03T08:00:00,1953.1,2026-03-04T07:00:00,2006.55,23,-2.74,Signal changed to 1.0
EMA_CROSSOVER_SAR_LONG_SHORT,9,21,58,LONG,2026-03-04T07:00:00,2006.55,2026-03-05T16:00:00,2080.17,33,3.67,Signal changed to -1.0
EMA_CROSSOVER_SAR_LONG_SHORT,9,21,59,SHORT,2026-03-05T16:00:00,2080.17,2026-03-09T03:00:00,1977.48,83,4.94,Signal changed to 1.0
EMA_CROSSOVER_SAR_LONG_SHORT,9,21,60,LONG,2026-03-09T03:00:00,1977.48,2026-03-10T23:00:00,2036.51,44,2.99,Signal changed to -1.0
EMA_CROSSOVER_SAR_LONG_SHORT,9,21,61,SHORT,2026-03-10T23:00:00,2036.51,2026-03-11T14:00:00,2062.68,15,-1.29,Signal changed to 1.0
EMA_CROSSOVER_SAR_LONG_SHORT,9,21,62,LONG,2026-03-11T14:00:00,2062.68,2026-03-12T03:00:00,2023.38,13,-1.91,Signal changed to -1.0
EMA_CROSSOVER_SAR_LONG_SHORT,9,21,63,SHORT,2026-03-12T03:00:00,2023.38,2026-03-12T10:00:00,2069.86,7,-2.3,Signal changed to 1.0
EMA_CROSSOVER_SAR_LONG_SHORT,9,21,64,LONG,2026-03-12T10:00:00,2069.86,2026-03-13T23:00:00,2092.22,37,1.08,Signal changed to -1.0
EMA_CROSSOVER_SAR_LONG_SHORT,9,21,65,SHORT,2026-03-13T23:00:00,2092.22,2026-03-15T00:00:00,2088.0,25,0.2,Signal changed to 1.0
EMA_CROSSOVER_SAR_LONG_SHORT,9,21,66,LONG,2026-03-15T00:00:00,2088.0,2026-03-18T10:00:00,2312.83,82,10.77,Signal changed to -1.0
EMA_CROSSOVER_SAR_LONG_SHORT,9,21,67,SHORT,2026-03-18T10:00:00,2312.83,2026-03-21T00:00:00,2153.3,62,6.9,Signal changed to 1.0
EMA_CROSSOVER_SAR_LONG_SHORT,9,21,68,LONG,2026-03-21T00:00:00,2153.3,2026-03-21T23:00:00,2084.87,23,-3.18,Signal changed to -1.0
EMA_CROSSOVER_SAR_LONG_SHORT,9,21,69,SHORT,2026-03-21T23:00:00,2084.87,2026-03-23T12:00:00,2144.27,37,-2.85,Signal changed to 1.0
EMA_CROSSOVER_SAR_LONG_SHORT,9,21,70,LONG,2026-03-23T12:00:00,2144.27,2026-03-24T17:00:00,2109.17,29,-1.64,Signal changed to -1.0
EMA_CROSSOVER_SAR_LONG_SHORT,9,21,71,SHORT,2026-03-24T17:00:00,2109.17,2026-03-24T23:00:00,2156.23,6,-2.23,Signal changed to 1.0
EMA_CROSSOVER_SAR_LONG_SHORT,9,21,72,LONG,2026-03-24T23:00:00,2156.23,2026-03-26T02:00:00,2149.97,27,-0.29,Signal changed to -1.0
EMA_CROSSOVER_SAR_LONG_SHORT,9,21,73,SHORT,2026-03-26T02:00:00,2149.97,2026-03-28T13:00:00,2026.4,59,5.75,Signal changed to 1.0
EMA_CROSSOVER_SAR_LONG_SHORT,9,21,74,LONG,2026-03-28T13:00:00,2026.4,2026-03-29T00:00:00,1999.16,11,-1.34,Signal changed to -1.0
EMA_CROSSOVER_SAR_LONG_SHORT,9,21,75,SHORT,2026-03-29T00:00:00,1999.16,2026-03-30T02:00:00,2029.93,26,-1.54,Signal changed to 1.0
EMA_CROSSOVER_SAR_LONG_SHORT,9,21,76,LONG,2026-03-30T02:00:00,2029.93,2026-03-30T22:00:00,2033.08,20,0.16,Signal changed to -1.0
EMA_CROSSOVER_SAR_LONG_SHORT,9,21,77,SHORT,2026-03-30T22:00:00,2033.08,2026-03-31T01:00:00,2073.0,3,-1.96,Signal changed to 1.0
EMA_CROSSOVER_SAR_LONG_SHORT,9,21,78,LONG,2026-03-31T01:00:00,2073.0,2026-03-31T09:00:00,2018.37,8,-2.64,Signal changed to -1.0
EMA_CROSSOVER_SAR_LONG_SHORT,9,21,79,SHORT,2026-03-31T09:00:00,2018.37,2026-03-31T13:00:00,2075.37,4,-2.82,Signal changed to 1.0
EMA_CROSSOVER_SAR_LONG_SHORT,9,21,80,LONG,2026-03-31T13:00:00,2075.37,2026-04-02T02:00:00,2073.89,37,-0.07,Signal changed to -1.0
EMA_CROSSOVER_SAR_LONG_SHORT,9,21,81,SHORT,2026-04-02T02:00:00,2073.89,2026-04-04T16:00:00,2055.75,62,0.87,Signal changed to 1.0
EMA_CROSSOVER_SAR_LONG_SHORT,9,21,82,LONG,2026-04-04T16:00:00,2055.75,2026-04-05T05:00:00,2048.6,13,-0.35,Signal changed to -1.0
EMA_CROSSOVER_SAR_LONG_SHORT,9,21,83,SHORT,2026-04-05T05:00:00,2048.6,2026-04-05T18:00:00,2062.99,13,-0.7,Signal changed to 1.0
EMA_CROSSOVER_SAR_LONG_SHORT,9,21,84,LONG,2026-04-05T18:00:00,2062.99,2026-04-07T00:00:00,2112.66,30,2.41,Signal changed to -1.0
EMA_CROSSOVER_SAR_LONG_SHORT,9,21,85,SHORT,2026-04-07T00:00:00,2112.66,2026-04-07T21:00:00,2145.04,21,-1.53,Signal changed to 1.0
EMA_CROSSOVER_SAR_LONG_SHORT,9,21,86,LONG,2026-04-07T21:00:00,2145.04,2026-04-08T23:00:00,2190.0,26,2.1,Signal changed to -1.0
EMA_CROSSOVER_SAR_LONG_SHORT,9,21,87,SHORT,2026-04-08T23:00:00,2190.0,2026-04-09T16:00:00,2208.33,17,-0.84,Signal changed to 1.0
EMA_CROSSOVER_SAR_LONG_SHORT,9,21,88,LONG,2026-04-09T16:00:00,2208.33,2026-04-10T02:00:00,2189.12,10,-0.87,Signal changed to -1.0
EMA_CROSSOVER_SAR_LONG_SHORT,9,21,89,SHORT,2026-04-10T02:00:00,2189.12,2026-04-10T11:00:00,2215.65,9,-1.21,Signal changed to 1.0
EMA_CROSSOVER_SAR_LONG_SHORT,9,21,90,LONG,2026-04-10T11:00:00,2215.65,2026-04-12T03:00:00,2213.71,40,-0.09,Signal changed to -1.0
EMA_CROSSOVER_SAR_LONG_SHORT,9,21,91,SHORT,2026-04-12T03:00:00,2213.71,2026-04-13T14:00:00,2234.18,35,-0.92,Signal changed to 1.0
EMA_CROSSOVER_SAR_LONG_SHORT,9,21,92,LONG,2026-04-13T14:00:00,2234.18,2026-04-14T21:00:00,2323.72,31,4.01,Signal changed to -1.0
EMA_CROSSOVER_SAR_LONG_SHORT,9,21,93,SHORT,2026-04-14T21:00:00,2323.72,2026-04-15T14:00:00,2338.4,17,-0.63,Signal changed to 1.0
EMA_CROSSOVER_SAR_LONG_SHORT,9,21,94,LONG,2026-04-15T14:00:00,2338.4,2026-04-16T09:00:00,2338.09,19,-0.01,Signal changed to -1.0
EMA_CROSSOVER_SAR_LONG_SHORT,9,21,95,SHORT,2026-04-16T09:00:00,2338.09,2026-04-16T20:00:00,2350.23,11,-0.52,Signal changed to 1.0
EMA_CROSSOVER_SAR_LONG_SHORT,9,21,96,LONG,2026-04-16T20:00:00,2350.23,2026-04-17T02:00:00,2331.75,6,-0.79,Signal changed to -1.0
EMA_CROSSOVER_SAR_LONG_SHORT,9,21,97,SHORT,2026-04-17T02:00:00,2331.75,2026-04-17T09:00:00,2359.1,7,-1.17,Signal changed to 1.0
EMA_CROSSOVER_SAR_LONG_SHORT,9,21,98,LONG,2026-04-17T09:00:00,2359.1,2026-04-18T09:00:00,2376.04,24,0.72,Signal changed to -1.0
EMA_CROSSOVER_SAR_LONG_SHORT,9,21,99,SHORT,2026-04-18T09:00:00,2376.04,2026-04-20T12:00:00,2318.88,51,2.41,Signal changed to 1.0
EMA_CROSSOVER_SAR_LONG_SHORT,9,21,100,LONG,2026-04-20T12:00:00,2318.88,2026-04-21T14:00:00,2299.35,26,-0.84,Signal changed to -1.0
EMA_CROSSOVER_SAR_LONG_SHORT,9,21,101,SHORT,2026-04-21T14:00:00,2299.35,2026-04-21T23:00:00,2327.14,9,-1.21,Signal changed to 1.0
EMA_CROSSOVER_SAR_LONG_SHORT,9,21,102,LONG,2026-04-21T23:00:00,2327.14,2026-04-23T02:00:00,2351.96,27,1.07,Signal changed to -1.0
EMA_CROSSOVER_SAR_LONG_SHORT,9,21,103,SHORT,2026-04-23T02:00:00,2351.96,2026-04-26T05:00:00,2327.84,75,1.03,Signal changed to 1.0
EMA_CROSSOVER_SAR_LONG_SHORT,9,21,104,LONG,2026-04-26T05:00:00,2327.84,2026-04-27T07:00:00,2316.01,26,-0.51,Signal changed to -1.0
EMA_CROSSOVER_SAR_LONG_SHORT,9,21,105,SHORT,2026-04-27T07:00:00,2316.01,2026-04-29T01:00:00,2292.45,42,1.02,Signal changed to 1.0
EMA_CROSSOVER_SAR_LONG_SHORT,9,21,106,LONG,2026-04-29T01:00:00,2292.45,2026-04-29T02:00:00,2288.88,1,-0.16,Signal changed to -1.0
EMA_CROSSOVER_SAR_LONG_SHORT,9,21,107,SHORT,2026-04-29T02:00:00,2288.88,2026-04-29T03:00:00,2311.52,1,-0.99,Signal changed to 1.0
EMA_CROSSOVER_SAR_LONG_SHORT,9,21,108,LONG,2026-04-29T03:00:00,2311.52,2026-04-29T15:00:00,2272.51,12,-1.69,Signal changed to -1.0
EMA_CROSSOVER_SAR_LONG_SHORT,9,21,109,SHORT,2026-04-29T15:00:00,2272.51,2026-05-01T02:00:00,2266.94,35,0.25,Signal changed to 1.0
EMA_CROSSOVER_SAR_LONG_SHORT,9,21,110,LONG,2026-05-01T02:00:00,2266.94,2026-05-03T05:00:00,2304.11,51,1.64,Signal changed to -1.0
EMA_CROSSOVER_SAR_LONG_SHORT,9,21,111,SHORT,2026-05-03T05:00:00,2304.11,2026-05-03T08:00:00,2308.28,3,-0.18,Signal changed to 1.0
EMA_CROSSOVER_SAR_LONG_SHORT,9,21,112,LONG,2026-05-03T08:00:00,2308.28,2026-05-05T23:00:00,2360.77,63,2.27,Signal changed to -1.0
EMA_CROSSOVER_SAR_LONG_SHORT,9,21,113,SHORT,2026-05-05T23:00:00,2360.77,2026-05-06T03:00:00,2376.8,4,-0.68,Signal changed to 1.0
EMA_CROSSOVER_SAR_LONG_SHORT,9,21,114,LONG,2026-05-06T03:00:00,2376.8,2026-05-06T04:00:00,2366.08,1,-0.45,Signal changed to -1.0
EMA_CROSSOVER_SAR_LONG_SHORT,9,21,115,SHORT,2026-05-06T04:00:00,2366.08,2026-05-06T08:00:00,2394.33,4,-1.19,Signal changed to 1.0
EMA_CROSSOVER_SAR_LONG_SHORT,9,21,116,LONG,2026-05-06T08:00:00,2394.33,2026-05-06T15:00:00,2359.1,7,-1.47,Signal changed to -1.0
EMA_CROSSOVER_SAR_LONG_SHORT,9,21,117,SHORT,2026-05-06T15:00:00,2359.1,2026-05-08T18:00:00,2313.49,51,1.93,Signal changed to 1.0
EMA_CROSSOVER_SAR_LONG_SHORT,9,21,118,LONG,2026-05-08T18:00:00,2313.49,2026-05-11T06:00:00,2333.48,60,0.86,Signal changed to -1.0
EMA_CROSSOVER_SAR_LONG_SHORT,9,21,119,SHORT,2026-05-11T06:00:00,2333.48,2026-05-11T21:00:00,2340.71,15,-0.31,Signal changed to 1.0
EMA_CROSSOVER_SAR_LONG_SHORT,9,21,120,LONG,2026-05-11T21:00:00,2340.71,2026-05-12T01:00:00,2311.41,4,-1.25,Signal changed to -1.0
EMA_CROSSOVER_SAR_LONG_SHORT,9,21,121,SHORT,2026-05-12T01:00:00,2311.41,2026-05-13T04:00:00,2306.67,27,0.21,Signal changed to 1.0
EMA_CROSSOVER_SAR_LONG_SHORT,9,21,122,LONG,2026-05-13T04:00:00,2306.67,2026-05-13T13:00:00,2262.8,9,-1.9,Signal changed to -1.0
EMA_CROSSOVER_SAR_LONG_SHORT,9,21,123,SHORT,2026-05-13T13:00:00,2262.8,2026-05-14T15:00:00,2298.48,26,-1.58,Signal changed to 1.0
EMA_CROSSOVER_SAR_LONG_SHORT,9,21,124,LONG,2026-05-14T15:00:00,2298.48,2026-05-15T04:00:00,2263.33,13,-1.53,Signal changed to -1.0
EMA_CROSSOVER_SAR_LONG_SHORT,9,21,125,SHORT,2026-05-15T04:00:00,2263.33,2026-05-17T11:00:00,2192.0,55,3.15,Signal changed to 1.0
EMA_CROSSOVER_SAR_LONG_SHORT,9,21,126,LONG,2026-05-17T11:00:00,2192.0,2026-05-17T16:00:00,2182.51,5,-0.43,Signal changed to -1.0
EMA_CROSSOVER_SAR_LONG_SHORT,9,21,127,SHORT,2026-05-17T16:00:00,2182.51,2026-05-17T19:00:00,2192.53,3,-0.46,Signal changed to 1.0
EMA_CROSSOVER_SAR_LONG_SHORT,9,21,128,LONG,2026-05-17T19:00:00,2192.53,2026-05-17T22:00:00,2179.69,3,-0.59,Signal changed to -1.0
EMA_CROSSOVER_SAR_LONG_SHORT,9,21,129,SHORT,2026-05-17T22:00:00,2179.69,2026-05-19T05:00:00,2135.21,31,2.04,Signal changed to 1.0
EMA_CROSSOVER_SAR_LONG_SHORT,9,21,130,LONG,2026-05-19T05:00:00,2135.21,2026-05-19T10:00:00,2118.36,5,-0.79,Signal changed to -1.0
EMA_CROSSOVER_SAR_LONG_SHORT,9,21,131,SHORT,2026-05-19T10:00:00,2118.36,2026-05-20T06:00:00,2133.75,20,-0.73,Signal changed to 1.0
EMA_CROSSOVER_SAR_LONG_SHORT,9,21,132,LONG,2026-05-20T06:00:00,2133.75,2026-05-21T10:00:00,2114.19,28,-0.92,Signal changed to -1.0
EMA_CROSSOVER_SAR_LONG_SHORT,9,21,133,SHORT,2026-05-21T10:00:00,2114.19,2026-05-21T17:00:00,2146.6,7,-1.53,Signal changed to 1.0
EMA_CROSSOVER_SAR_LONG_SHORT,9,21,134,LONG,2026-05-21T17:00:00,2146.6,2026-05-21T18:00:00,2126.87,1,-0.92,Signal changed to -1.0
EMA_CROSSOVER_SAR_LONG_SHORT,9,21,135,SHORT,2026-05-21T18:00:00,2126.87,2026-05-21T19:00:00,2142.83,1,-0.75,Signal changed to 1.0
EMA_CROSSOVER_SAR_LONG_SHORT,9,21,136,LONG,2026-05-21T19:00:00,2142.83,2026-05-22T06:00:00,2125.68,11,-0.8,Signal changed to -1.0
EMA_CROSSOVER_SAR_LONG_SHORT,9,21,137,SHORT,2026-05-22T06:00:00,2125.68,2026-05-23T20:00:00,2146.3,38,-0.97,Signal changed to 1.0
EMA_CROSSOVER_SAR_LONG_SHORT,9,21,138,LONG,2026-05-23T20:00:00,2146.3,2026-05-24T18:00:00,2099.97,22,-2.16,Signal changed to -1.0
EMA_CROSSOVER_SAR_LONG_SHORT,9,21,139,SHORT,2026-05-24T18:00:00,2099.97,2026-05-25T06:00:00,2108.99,12,-0.43,Signal changed to 1.0
EMA_CROSSOVER_SAR_LONG_SHORT,9,21,140,LONG,2026-05-25T06:00:00,2108.99,2026-05-26T00:00:00,2097.75,18,-0.53,Signal changed to -1.0
EMA_CROSSOVER_SAR_LONG_SHORT,9,21,141,SHORT,2026-05-26T00:00:00,2097.75,2026-05-26T11:00:00,2121.01,11,-1.11,Signal changed to 1.0
EMA_CROSSOVER_SAR_LONG_SHORT,9,21,142,LONG,2026-05-26T11:00:00,2121.01,2026-05-26T15:00:00,2087.36,4,-1.59,Signal changed to -1.0
EMA_CROSSOVER_SAR_LONG_SHORT,9,21,143,SHORT,2026-05-26T15:00:00,2087.36,2026-05-29T06:00:00,2018.09,63,3.32,Signal changed to 1.0
EMA_CROSSOVER_SAR_LONG_SHORT,9,21,144,LONG,2026-05-29T06:00:00,2018.09,2026-05-29T07:00:00,2007.62,1,-0.52,Signal changed to -1.0
EMA_CROSSOVER_SAR_LONG_SHORT,9,21,145,SHORT,2026-05-29T07:00:00,2007.62,2026-05-29T09:00:00,2014.85,2,-0.36,Signal changed to 1.0
EMA_CROSSOVER_SAR_LONG_SHORT,9,21,146,LONG,2026-05-29T09:00:00,2014.85,2026-05-29T11:00:00,2007.58,2,-0.36,Signal changed to -1.0
EMA_CROSSOVER_SAR_LONG_SHORT,9,21,147,SHORT,2026-05-29T11:00:00,2007.58,2026-05-29T15:00:00,2031.62,4,-1.2,Signal changed to 1.0
EMA_CROSSOVER_SAR_LONG_SHORT,9,21,148,LONG,2026-05-29T15:00:00,2031.62,2026-05-31T11:00:00,2023.27,44,-0.41,Signal changed to -1.0
EMA_CROSSOVER_SAR_LONG_SHORT,9,21,149,SHORT,2026-05-31T11:00:00,2023.27,2026-06-01T22:00:00,2004.43,35,0.93,Signal changed to 1.0
EMA_CROSSOVER_SAR_LONG_SHORT,9,21,150,LONG,2026-06-01T22:00:00,2004.43,2026-06-02T01:00:00,1980.15,3,-1.21,Signal changed to -1.0
EMA_CROSSOVER_SAR_LONG_SHORT,9,21,151,SHORT,2026-06-02T01:00:00,1980.15,2026-06-02T02:00:00,1997.07,1,-0.85,Signal changed to 1.0
EMA_CROSSOVER_SAR_LONG_SHORT,9,21,152,LONG,2026-06-02T02:00:00,1997.07,2026-06-02T05:00:00,1985.01,3,-0.6,Signal changed to -1.0
EMA_CROSSOVER_SAR_LONG_SHORT,9,21,153,SHORT,2026-06-02T05:00:00,1985.01,2026-06-07T02:00:00,1592.67,117,19.77,Signal changed to 1.0
EMA_CROSSOVER_SAR_LONG_SHORT,9,21,154,LONG,2026-06-07T02:00:00,1592.67,2026-06-09T10:00:00,1674.72,56,5.15,Signal changed to -1.0
EMA_CROSSOVER_SAR_LONG_SHORT,9,21,155,SHORT,2026-06-09T10:00:00,1674.72,2026-06-11T03:00:00,1653.95,41,1.24,Signal changed to 1.0
EMA_CROSSOVER_SAR_LONG_SHORT,9,21,156,LONG,2026-06-11T03:00:00,1653.95,2026-06-12T20:00:00,1664.92,41,0.66,Signal changed to -1.0
EMA_CROSSOVER_SAR_LONG_SHORT,9,21,157,SHORT,2026-06-12T20:00:00,1664.92,2026-06-13T01:00:00,1674.03,5,-0.55,Signal changed to 1.0
EMA_CROSSOVER_SAR_LONG_SHORT,9,21,158,LONG,2026-06-13T01:00:00,1674.03,2026-06-13T03:00:00,1665.25,2,-0.52,Signal changed to -1.0
EMA_CROSSOVER_SAR_LONG_SHORT,9,21,159,SHORT,2026-06-13T03:00:00,1665.25,2026-06-13T07:00:00,1676.38,4,-0.67,Signal changed to 1.0
EMA_CROSSOVER_SAR_LONG_SHORT,9,21,160,LONG,2026-06-13T07:00:00,1676.38,2026-06-14T10:00:00,1673.13,27,-0.19,Signal changed to -1.0
EMA_CROSSOVER_SAR_LONG_SHORT,9,21,161,SHORT,2026-06-14T10:00:00,1673.13,2026-06-14T21:00:00,1718.67,11,-2.72,Signal changed to 1.0
EMA_CROSSOVER_SAR_LONG_SHORT,9,21,162,LONG,2026-06-14T21:00:00,1718.67,2026-06-17T08:00:00,1765.31,59,2.71,Signal changed to -1.0
EMA_CROSSOVER_SAR_LONG_SHORT,9,21,163,SHORT,2026-06-17T08:00:00,1765.31,2026-06-19T23:00:00,1711.19,63,3.07,Signal changed to 1.0
EMA_CROSSOVER_SAR_LONG_SHORT,9,21,164,LONG,2026-06-19T23:00:00,1711.19,2026-06-21T12:00:00,1726.0,37,0.87,Signal changed to -1.0
EMA_CROSSOVER_SAR_LONG_SHORT,9,21,165,SHORT,2026-06-21T12:00:00,1726.0,2026-06-21T19:00:00,1734.14,7,-0.47,Signal changed to 1.0
EMA_CROSSOVER_SAR_LONG_SHORT,9,21,166,LONG,2026-06-21T19:00:00,1734.14,2026-06-21T20:00:00,1721.3,1,-0.74,Signal changed to -1.0
EMA_CROSSOVER_SAR_LONG_SHORT,9,21,167,SHORT,2026-06-21T20:00:00,1721.3,2026-06-22T02:00:00,1737.28,6,-0.93,Signal changed to 1.0
EMA_CROSSOVER_SAR_LONG_SHORT,9,21,168,LONG,2026-06-22T02:00:00,1737.28,2026-06-22T20:00:00,1734.61,18,-0.15,Signal changed to -1.0
EMA_CROSSOVER_SAR_LONG_SHORT,9,21,169,SHORT,2026-06-22T20:00:00,1734.61,2026-06-25T06:00:00,1653.95,58,4.65,Signal changed to 1.0
EMA_CROSSOVER_SAR_LONG_SHORT,9,21,170,LONG,2026-06-25T06:00:00,1653.95,2026-06-25T13:00:00,1538.15,7,-7.0,Signal changed to -1.0
EMA_CROSSOVER_SAR_LONG_SHORT,9,21,171,SHORT,2026-06-25T13:00:00,1538.15,2026-06-26T18:00:00,1573.34,29,-2.29,Signal changed to 1.0
EMA_CROSSOVER_SAR_LONG_SHORT,9,21,172,LONG,2026-06-26T18:00:00,1573.34,2026-06-27T23:00:00,1573.99,29,0.04,Signal changed to -1.0
EMA_CROSSOVER_SAR_LONG_SHORT,9,21,173,SHORT,2026-06-27T23:00:00,1573.99,2026-06-28T13:00:00,1579.68,14,-0.36,Signal changed to 1.0
EMA_CROSSOVER_SAR_LONG_SHORT,9,21,174,LONG,2026-06-28T13:00:00,1579.68,2026-06-28T16:00:00,1572.85,3,-0.43,Signal changed to -1.0
EMA_CROSSOVER_SAR_LONG_SHORT,9,21,175,SHORT,2026-06-28T16:00:00,1572.85,2026-06-29T05:00:00,1583.1,13,-0.65,Signal changed to 1.0
EMA_CROSSOVER_SAR_LONG_SHORT,9,21,176,LONG,2026-06-29T05:00:00,1583.1,2026-06-29T14:00:00,1572.9,9,-0.64,Signal changed to -1.0
EMA_CROSSOVER_SAR_LONG_SHORT,9,21,177,SHORT,2026-06-29T14:00:00,1572.9,2026-06-29T15:00:00,1580.26,1,-0.47,Signal changed to 1.0
EMA_CROSSOVER_SAR_LONG_SHORT,9,21,178,LONG,2026-06-29T15:00:00,1580.26,2026-06-30T08:00:00,1583.98,17,0.24,Signal changed to -1.0
EMA_CROSSOVER_SAR_LONG_SHORT,9,21,179,SHORT,2026-06-30T08:00:00,1583.98,2026-07-01T03:00:00,1594.81,19,-0.68,Signal changed to 1.0
EMA_CROSSOVER_SAR_LONG_SHORT,9,21,180,LONG,2026-07-01T03:00:00,1594.81,2026-07-01T10:00:00,1573.43,7,-1.34,Signal changed to -1.0
EMA_CROSSOVER_SAR_LONG_SHORT,9,21,181,SHORT,2026-07-01T10:00:00,1573.43,2026-07-01T13:00:00,1597.22,3,-1.51,Signal changed to 1.0
EMA_CROSSOVER_SAR_LONG_SHORT,9,21,182,LONG,2026-07-01T13:00:00,1597.22,2026-07-05T05:00:00,1765.98,88,10.57,Signal changed to -1.0
EMA_CROSSOVER_SAR_LONG_SHORT,9,21,183,SHORT,2026-07-05T05:00:00,1765.98,2026-07-05T16:00:00,1773.0,11,-0.4,Signal changed to 1.0
EMA_CROSSOVER_SAR_LONG_SHORT,9,21,184,LONG,2026-07-05T16:00:00,1773.0,2026-07-06T08:00:00,1765.55,16,-0.42,Signal changed to -1.0
EMA_CROSSOVER_SAR_LONG_SHORT,9,21,185,SHORT,2026-07-06T08:00:00,1765.55,2026-07-06T17:00:00,1788.26,9,-1.29,Signal changed to 1.0
EMA_CROSSOVER_SAR_LONG_SHORT,9,21,186,LONG,2026-07-06T17:00:00,1788.26,2026-07-07T05:00:00,1770.58,12,-0.99,Signal changed to -1.0
EMA_CROSSOVER_SAR_LONG_SHORT,9,21,187,SHORT,2026-07-07T05:00:00,1770.58,2026-07-07T15:00:00,1797.45,10,-1.52,Signal changed to 1.0
EMA_CROSSOVER_SAR_LONG_SHORT,9,21,188,LONG,2026-07-07T15:00:00,1797.45,2026-07-07T22:00:00,1775.55,7,-1.22,Signal changed to -1.0
EMA_CROSSOVER_SAR_LONG_SHORT,9,21,189,SHORT,2026-07-07T22:00:00,1775.55,2026-07-09T07:00:00,1753.31,33,1.25,Signal changed to 1.0
EMA_CROSSOVER_SAR_LONG_SHORT,9,21,190,LONG,2026-07-09T07:00:00,1753.31,2026-07-09T15:00:00,1739.51,8,-0.79,Signal changed to -1.0
EMA_CROSSOVER_SAR_LONG_SHORT,9,21,191,SHORT,2026-07-09T15:00:00,1739.51,2026-07-09T18:00:00,1751.55,3,-0.69,Signal changed to 1.0
EMA_CROSSOVER_SAR_LONG_SHORT,9,21,192,LONG,2026-07-09T18:00:00,1751.55,2026-07-12T06:00:00,1795.13,60,2.49,Signal changed to -1.0
EMA_CROSSOVER_SAR_LONG_SHORT,9,21,193,SHORT,2026-07-12T06:00:00,1795.13,2026-07-12T14:00:00,1819.51,8,-1.36,Signal changed to 1.0
EMA_CROSSOVER_SAR_LONG_SHORT,9,21,194,LONG,2026-07-12T14:00:00,1819.51,2026-07-13T03:00:00,1780.55,13,-2.14,Signal changed to -1.0
EMA_CROSSOVER_SAR_LONG_SHORT,9,21,195,SHORT,2026-07-13T03:00:00,1780.55,2026-07-14T05:00:00,1787.04,26,-0.36,Signal changed to 1.0
EMA_CROSSOVER_SAR_LONG_SHORT,9,21,196,LONG,2026-07-14T05:00:00,1787.04,2026-07-16T09:00:00,1884.67,52,5.46,Signal changed to -1.0
EMA_CROSSOVER_SAR_LONG_SHORT,9,21,197,SHORT,2026-07-16T09:00:00,1884.67,2026-07-18T08:00:00,1847.43,47,1.98,Signal changed to 1.0
EMA_CROSSOVER_SAR_LONG_SHORT,9,21,198,LONG,2026-07-18T08:00:00,1847.43,2026-07-20T06:00:00,1849.73,46,0.12,Signal changed to -1.0
EMA_CROSSOVER_SAR_LONG_SHORT,9,21,199,SHORT,2026-07-20T06:00:00,1849.73,2026-07-20T11:00:00,1893.2,5,-2.35,Signal changed to 1.0
EMA_CROSSOVER_SAR_LONG_SHORT,9,21,200,LONG,2026-07-20T11:00:00,1893.2,2026-07-22T07:00:00,1914.44,44,1.12,Signal changed to -1.0
EMA_CROSSOVER_SAR_LONG_SHORT,9,21,201,SHORT,2026-07-22T07:00:00,1914.44,2026-07-22T10:00:00,1930.82,3,-0.86,Signal changed to 1.0
EMA_CROSSOVER_SAR_LONG_SHORT,9,21,202,LONG,2026-07-22T10:00:00,1930.82,2026-07-22T12:00:00,1917.17,2,-0.71,Signal changed to -1.0
EMA_CROSSOVER_SAR_LONG_SHORT,9,21,203,SHORT,2026-07-22T12:00:00,1917.17,2026-07-22T13:00:00,1939.93,1,-1.19,Signal changed to 1.0
EMA_CROSSOVER_SAR_LONG_SHORT,9,21,204,LONG,2026-07-22T13:00:00,1939.93,2026-07-23T03:00:00,1920.55,14,-1.0,Signal changed to -1.0
EMA_CROSSOVER_SAR_LONG_SHORT,9,21,205,SHORT,2026-07-23T03:00:00,1920.55,2026-07-25T16:00:00,1867.99,61,2.74,Signal changed to 1.0
EMA_CROSSOVER_SAR_LONG_SHORT,9,21,206,LONG,2026-07-25T16:00:00,1867.99,2026-07-27T22:00:00,1893.6,54,1.37,Signal changed to -1.0
EMA_CROSSOVER_SAR_LONG_SHORT,9,21,207,SHORT,2026-07-27T22:00:00,1893.6,2026-07-28T18:00:00,1911.22,20,-0.93,Signal changed to 1.0
EMA_CROSSOVER_SAR_LONG_SHORT,9,21,208,LONG,2026-07-28T18:00:00,1911.22,2026-07-29T14:00:00,1895.23,20,-0.84,Signal changed to -1.0
EMA_CROSSOVER_SAR_LONG_SHORT,9,21,209,SHORT,2026-07-29T14:00:00,1895.23,2026-07-30T02:00:00,1911.11,12,-0.84,Signal changed to 1.0
EMA_CROSSOVER_SAR_LONG_SHORT,9,21,210,LONG,2026-07-30T02:00:00,1911.11,2026-07-30T04:00:00,1901.99,2,-0.48,Signal changed to -1.0
EMA_CROSSOVER_SAR_LONG_SHORT,9,21,211,SHORT,2026-07-30T04:00:00,1901.99,2026-07-30T05:00:00,1906.34,1,-0.23,Signal changed to 1.0
EMA_CROSSOVER_SAR_LONG_SHORT,9,21,212,LONG,2026-07-30T05:00:00,1906.34,2026-07-30T06:00:00,1901.32,1,-0.26,Signal changed to -1.0
EMA_CROSSOVER_SAR_LONG_SHORT,9,21,213,SHORT,2026-07-30T06:00:00,1901.32,2026-07-30T08:00:00,1914.99,2,-0.72,Signal changed to 1.0
EMA_CROSSOVER_SAR_LONG_SHORT,9,21,214,LONG,2026-07-30T08:00:00,1914.99,2026-07-31T02:00:00,1904.15,18,-0.57,Signal changed to -1.0
EMA_CROSSOVER_SAR_LONG_SHORT,9,21,215,SHORT,2026-07-31T02:00:00,1904.15,2026-08-02T04:00:00,1881.22,50,1.2,Signal changed to 1.0
EMA_CROSSOVER_SAR_LONG_SHORT,9,21,216,LONG,2026-08-02T04:00:00,1881.22,2026-08-02T12:00:00,1857.06,8,-1.28,Signal changed to -1.0
EMA_CROSSOVER_SAR_LONG_SHORT,9,21,217,SHORT,2026-08-02T12:00:00,1857.06,2026-08-02T18:00:00,1875.86,6,-1.01,Signal changed to 1.0
EMA_CROSSOVER_SAR_LONG_SHORT,9,21,218,LONG,2026-08-02T18:00:00,1875.86,2026-08-03T04:00:00,1854.97,10,-1.11,Signal changed to -1.0
EMA_CROSSOVER_SAR_LONG_SHORT,9,21,219,SHORT,2026-08-03T04:00:00,1854.97,2026-08-03T17:00:00,1868.84,13,-0.75,Signal changed to 1.0
EMA_CROSSOVER_SAR_LONG_SHORT,9,21,220,LONG,2026-08-03T17:00:00,1868.84,2026-08-04T00:00:00,1851.3,7,-0.94,Signal changed to -1.0
EMA_CROSSOVER_SAR_LONG_SHORT,9,21,221,SHORT,2026-08-04T00:00:00,1851.3,2026-08-04T01:00:00,1867.64,1,-0.88,Signal changed to 1.0
EMA_CROSSOVER_SAR_LONG_SHORT,9,21,222,LONG,2026-08-04T01:00:00,1867.64,2026-08-04T08:00:00,1857.89,7,-0.52,Signal changed to -1.0
EMA_CROSSOVER_SAR_LONG_SHORT,9,21,223,SHORT,2026-08-04T08:00:00,1857.89,2026-08-04T10:00:00,1866.94,2,-0.49,Signal changed to 1.0
EMA_CROSSOVER_SAR_LONG_SHORT,9,21,224,LONG,2026-08-04T10:00:00,1866.94,2026-08-07T01:00:00,1903.36,63,1.95,Signal changed to -1.0
EMA_CROSSOVER_SAR_LONG_SHORT,9,21,225,SHORT,2026-08-07T01:00:00,1903.36,2026-08-07T09:00:00,1913.04,8,-0.51,Signal changed to 1.0
EMA_CROSSOVER_SAR_LONG_SHORT,9,21,226,LONG,2026-08-07T09:00:00,1913.04,2026-08-09T01:00:00,1916.14,40,0.16,Signal changed to -1.0
EMA_CROSSOVER_SAR_LONG_SHORT,9,21,227,SHORT,2026-08-09T01:00:00,1916.14,2026-08-09T09:00:00,1921.45,8,-0.28,Signal changed to 1.0
EMA_CROSSOVER_SAR_LONG_SHORT,9,21,228,LONG,2026-08-09T09:00:00,1921.45,2026-08-09T23:00:00,1910.65,14,-0.56,Signal changed to -1.0
EMA_CROSSOVER_SAR_LONG_SHORT,9,21,229,SHORT,2026-08-09T23:00:00,1910.65,2026-08-10T02:00:00,1923.52,3,-0.67,Signal changed to 1.0
EMA_CROSSOVER_SAR_LONG_SHORT,9,21,230,LONG,2026-08-10T02:00:00,1923.52,2026-08-10T03:00:00,1917.44,1,-0.32,Signal changed to -1.0
EMA_CROSSOVER_SAR_LONG_SHORT,9,21,231,SHORT,2026-08-10T03:00:00,1917.44,2026-08-10T06:00:00,1928.03,3,-0.55,Signal changed to 1.0
EMA_CROSSOVER_SAR_LONG_SHORT,9,21,232,LONG,2026-08-10T06:00:00,1928.03,2026-08-10T12:00:00,1906.0,6,-1.14,Signal changed to -1.0
EMA_CROSSOVER_SAR_LONG_SHORT,9,21,233,SHORT,2026-08-10T12:00:00,1906.0,2026-08-12T01:00:00,1884.77,37,1.11,Signal changed to 1.0
EMA_CROSSOVER_SAR_LONG_SHORT,9,21,234,LONG,2026-08-12T01:00:00,1884.77,2026-08-12T19:00:00,1879.38,18,-0.29,Signal changed to -1.0
EMA_CROSSOVER_SAR_LONG_SHORT,9,21,235,SHORT,2026-08-12T19:00:00,1879.38,2026-08-13T06:00:00,1898.62,11,-1.02,Signal changed to 1.0
EMA_CROSSOVER_SAR_LONG_SHORT,9,21,236,LONG,2026-08-13T06:00:00,1898.62,2026-08-13T11:00:00,1880.39,5,-0.96,Signal changed to -1.0
EMA_CROSSOVER_SAR_LONG_SHORT,9,21,237,SHORT,2026-08-13T11:00:00,1880.39,2026-08-13T14:00:00,1893.43,3,-0.69,Signal changed to 1.0
EMA_CROSSOVER_SAR_LONG_SHORT,9,21,238,LONG,2026-08-13T14:00:00,1893.43,2026-08-13T15:00:00,1880.01,1,-0.71,Signal changed to -1.0
EMA_CROSSOVER_SAR_LONG_SHORT,9,21,239,SHORT,2026-08-13T15:00:00,1880.01,2026-08-14T00:00:00,1889.4,9,-0.5,Signal changed to 1.0
EMA_CROSSOVER_SAR_LONG_SHORT,9,21,240,LONG,2026-08-14T00:00:00,1889.4,2026-08-14T03:00:00,1883.0,3,-0.34,Signal changed to -1.0
EMA_CROSSOVER_SAR_LONG_SHORT,9,21,241,SHORT,2026-08-14T03:00:00,1883.0,2026-08-15T00:00:00,1882.41,21,0.03,Signal changed to 1.0
EMA_CROSSOVER_SAR_LONG_SHORT,9,21,242,LONG,2026-08-15T00:00:00,1882.41,2026-08-15T09:00:00,1880.44,9,-0.1,Signal changed to -1.0
EMA_CROSSOVER_SAR_LONG_SHORT,9,21,243,SHORT,2026-08-15T09:00:00,1880.44,2026-08-15T12:00:00,1883.86,3,-0.18,Signal changed to 1.0
EMA_CROSSOVER_SAR_LONG_SHORT,9,21,244,LONG,2026-08-15T12:00:00,1883.86,2026-08-16T05:00:00,1879.81,17,-0.21,Signal changed to -1.0
EMA_CROSSOVER_SAR_LONG_SHORT,9,21,245,SHORT,2026-08-16T05:00:00,1879.81,2026-08-16T15:00:00,1884.06,10,-0.23,Signal changed to 1.0
EMA_CROSSOVER_SAR_LONG_SHORT,9,21,246,LONG,2026-08-16T15:00:00,1884.06,2026-08-16T21:00:00,1875.56,6,-0.45,Signal changed to -1.0
EMA_CROSSOVER_SAR_LONG_SHORT,9,21,247,SHORT,2026-08-16T21:00:00,1875.56,2026-08-17T01:00:00,1891.65,4,-0.86,Signal changed to 1.0
EMA_CROSSOVER_SAR_LONG_SHORT,9,21,248,LONG,2026-08-17T01:00:00,1891.65,2026-08-18T04:00:00,1896.66,27,0.26,Signal changed to -1.0
EMA_CROSSOVER_SAR_LONG_SHORT,9,21,249,SHORT,2026-08-18T04:00:00,1896.66,2026-08-18T14:00:00,1911.02,10,-0.76,Signal changed to 1.0
EMA_CROSSOVER_SAR_LONG_SHORT,9,21,250,LONG,2026-08-18T14:00:00,1911.02,2026-08-22T08:00:00,2423.3,90,26.81,End of Dataset
EMA_CROSSOVER_SAR_LONG_SHORT,12,26,1,SHORT,2026-01-01T00:00:00,2979.81,2026-01-01T01:00:00,2984.32,1,-0.15,Signal changed to 1.0
EMA_CROSSOVER_SAR_LONG_SHORT,12,26,2,LONG,2026-01-01T01:00:00,2984.32,2026-01-01T04:00:00,2975.35,3,-0.3,Signal changed to -1.0
EMA_CROSSOVER_SAR_LONG_SHORT,12,26,3,SHORT,2026-01-01T04:00:00,2975.35,2026-01-01T05:00:00,2981.49,1,-0.21,Signal changed to 1.0
EMA_CROSSOVER_SAR_LONG_SHORT,12,26,4,LONG,2026-01-01T05:00:00,2981.49,2026-01-01T06:00:00,2975.89,1,-0.19,Signal changed to -1.0
EMA_CROSSOVER_SAR_LONG_SHORT,12,26,5,SHORT,2026-01-01T06:00:00,2975.89,2026-01-01T09:00:00,2984.0,3,-0.27,Signal changed to 1.0
EMA_CROSSOVER_SAR_LONG_SHORT,12,26,6,LONG,2026-01-01T09:00:00,2984.0,2026-01-07T11:00:00,3220.24,146,7.92,Signal changed to -1.0
EMA_CROSSOVER_SAR_LONG_SHORT,12,26,7,SHORT,2026-01-07T11:00:00,3220.24,2026-01-11T05:00:00,3099.32,90,3.75,Signal changed to 1.0
EMA_CROSSOVER_SAR_LONG_SHORT,12,26,8,LONG,2026-01-11T05:00:00,3099.32,2026-01-12T14:00:00,3105.41,33,0.2,Signal changed to -1.0
EMA_CROSSOVER_SAR_LONG_SHORT,12,26,9,SHORT,2026-01-12T14:00:00,3105.41,2026-01-12T15:00:00,3130.17,1,-0.8,Signal changed to 1.0
EMA_CROSSOVER_SAR_LONG_SHORT,12,26,10,LONG,2026-01-12T15:00:00,3130.17,2026-01-12T17:00:00,3104.88,2,-0.81,Signal changed to -1.0
EMA_CROSSOVER_SAR_LONG_SHORT,12,26,11,SHORT,2026-01-12T17:00:00,3104.88,2026-01-13T06:00:00,3134.41,13,-0.95,Signal changed to 1.0
EMA_CROSSOVER_SAR_LONG_SHORT,12,26,12,LONG,2026-01-13T06:00:00,3134.41,2026-01-15T19:00:00,3295.48,61,5.14,Signal changed to -1.0
EMA_CROSSOVER_SAR_LONG_SHORT,12,26,13,SHORT,2026-01-15T19:00:00,3295.48,2026-01-17T13:00:00,3303.88,42,-0.25,Signal changed to 1.0
EMA_CROSSOVER_SAR_LONG_SHORT,12,26,14,LONG,2026-01-17T13:00:00,3303.88,2026-01-19T00:00:00,3212.13,35,-2.78,Signal changed to -1.0
EMA_CROSSOVER_SAR_LONG_SHORT,12,26,15,SHORT,2026-01-19T00:00:00,3212.13,2026-01-22T02:00:00,3017.72,74,6.05,Signal changed to 1.0
EMA_CROSSOVER_SAR_LONG_SHORT,12,26,16,LONG,2026-01-22T02:00:00,3017.72,2026-01-22T13:00:00,2972.76,11,-1.49,Signal changed to -1.0
EMA_CROSSOVER_SAR_LONG_SHORT,12,26,17,SHORT,2026-01-22T13:00:00,2972.76,2026-01-24T03:00:00,2962.72,38,0.34,Signal changed to 1.0
EMA_CROSSOVER_SAR_LONG_SHORT,12,26,18,LONG,2026-01-24T03:00:00,2962.72,2026-01-25T01:00:00,2955.15,22,-0.26,Signal changed to -1.0
EMA_CROSSOVER_SAR_LONG_SHORT,12,26,19,SHORT,2026-01-25T01:00:00,2955.15,2026-01-26T14:00:00,2922.74,37,1.1,Signal changed to 1.0
EMA_CROSSOVER_SAR_LONG_SHORT,12,26,20,LONG,2026-01-26T14:00:00,2922.74,2026-01-29T03:00:00,2952.52,61,1.02,Signal changed to -1.0
EMA_CROSSOVER_SAR_LONG_SHORT,12,26,21,SHORT,2026-01-29T03:00:00,2952.52,2026-02-02T19:00:00,2331.54,112,21.03,Signal changed to 1.0
EMA_CROSSOVER_SAR_LONG_SHORT,12,26,22,LONG,2026-02-02T19:00:00,2331.54,2026-02-03T08:00:00,2315.77,13,-0.68,Signal changed to -1.0
EMA_CROSSOVER_SAR_LONG_SHORT,12,26,23,SHORT,2026-02-03T08:00:00,2315.77,2026-02-06T17:00:00,2067.01,81,10.74,Signal changed to 1.0
EMA_CROSSOVER_SAR_LONG_SHORT,12,26,24,LONG,2026-02-06T17:00:00,2067.01,2026-02-09T07:00:00,2065.74,62,-0.06,Signal changed to -1.0
EMA_CROSSOVER_SAR_LONG_SHORT,12,26,25,SHORT,2026-02-09T07:00:00,2065.74,2026-02-09T18:00:00,2130.67,11,-3.14,Signal changed to 1.0
EMA_CROSSOVER_SAR_LONG_SHORT,12,26,26,LONG,2026-02-09T18:00:00,2130.67,2026-02-10T05:00:00,2053.07,11,-3.64,Signal changed to -1.0
EMA_CROSSOVER_SAR_LONG_SHORT,12,26,27,SHORT,2026-02-10T05:00:00,2053.07,2026-02-12T10:00:00,1994.15,53,2.87,Signal changed to 1.0
EMA_CROSSOVER_SAR_LONG_SHORT,12,26,28,LONG,2026-02-12T10:00:00,1994.15,2026-02-12T16:00:00,1909.18,6,-4.26,Signal changed to -1.0
EMA_CROSSOVER_SAR_LONG_SHORT,12,26,29,SHORT,2026-02-12T16:00:00,1909.18,2026-02-13T11:00:00,1960.04,19,-2.66,Signal changed to 1.0
EMA_CROSSOVER_SAR_LONG_SHORT,12,26,30,LONG,2026-02-13T11:00:00,1960.04,2026-02-15T12:00:00,2011.0,49,2.6,Signal changed to -1.0
EMA_CROSSOVER_SAR_LONG_SHORT,12,26,31,SHORT,2026-02-15T12:00:00,2011.0,2026-02-17T00:00:00,1998.44,36,0.62,Signal changed to 1.0
EMA_CROSSOVER_SAR_LONG_SHORT,12,26,32,LONG,2026-02-17T00:00:00,1998.44,2026-02-17T06:00:00,1981.02,6,-0.87,Signal changed to -1.0
EMA_CROSSOVER_SAR_LONG_SHORT,12,26,33,SHORT,2026-02-17T06:00:00,1981.02,2026-02-17T20:00:00,1994.71,14,-0.69,Signal changed to 1.0
EMA_CROSSOVER_SAR_LONG_SHORT,12,26,34,LONG,2026-02-17T20:00:00,1994.71,2026-02-18T14:00:00,1974.66,18,-1.01,Signal changed to -1.0
EMA_CROSSOVER_SAR_LONG_SHORT,12,26,35,SHORT,2026-02-18T14:00:00,1974.66,2026-02-20T08:00:00,1960.0,42,0.74,Signal changed to 1.0
EMA_CROSSOVER_SAR_LONG_SHORT,12,26,36,LONG,2026-02-20T08:00:00,1960.0,2026-02-20T13:00:00,1934.11,5,-1.32,Signal changed to -1.0
EMA_CROSSOVER_SAR_LONG_SHORT,12,26,37,SHORT,2026-02-20T13:00:00,1934.11,2026-02-20T16:00:00,1968.62,3,-1.78,Signal changed to 1.0
EMA_CROSSOVER_SAR_LONG_SHORT,12,26,38,LONG,2026-02-20T16:00:00,1968.62,2026-02-22T13:00:00,1950.95,45,-0.9,Signal changed to -1.0
EMA_CROSSOVER_SAR_LONG_SHORT,12,26,39,SHORT,2026-02-22T13:00:00,1950.95,2026-02-25T01:00:00,1918.34,60,1.67,Signal changed to 1.0
EMA_CROSSOVER_SAR_LONG_SHORT,12,26,40,LONG,2026-02-25T01:00:00,1918.34,2026-02-27T01:00:00,2021.9,48,5.4,Signal changed to -1.0
EMA_CROSSOVER_SAR_LONG_SHORT,12,26,41,SHORT,2026-02-27T01:00:00,2021.9,2026-02-27T03:00:00,2045.39,2,-1.16,Signal changed to 1.0
EMA_CROSSOVER_SAR_LONG_SHORT,12,26,42,LONG,2026-02-27T03:00:00,2045.39,2026-02-27T10:00:00,1980.8,7,-3.16,Signal changed to -1.0
EMA_CROSSOVER_SAR_LONG_SHORT,12,26,43,SHORT,2026-02-27T10:00:00,1980.8,2026-02-28T21:00:00,1957.69,35,1.17,Signal changed to 1.0
EMA_CROSSOVER_SAR_LONG_SHORT,12,26,44,LONG,2026-02-28T21:00:00,1957.69,2026-03-01T20:00:00,1914.26,23,-2.22,Signal changed to -1.0
EMA_CROSSOVER_SAR_LONG_SHORT,12,26,45,SHORT,2026-03-01T20:00:00,1914.26,2026-03-02T15:00:00,2047.33,19,-6.95,Signal changed to 1.0
EMA_CROSSOVER_SAR_LONG_SHORT,12,26,46,LONG,2026-03-02T15:00:00,2047.33,2026-03-03T09:00:00,1951.58,18,-4.68,Signal changed to -1.0
EMA_CROSSOVER_SAR_LONG_SHORT,12,26,47,SHORT,2026-03-03T09:00:00,1951.58,2026-03-04T08:00:00,2063.71,23,-5.75,Signal changed to 1.0
EMA_CROSSOVER_SAR_LONG_SHORT,12,26,48,LONG,2026-03-04T08:00:00,2063.71,2026-03-05T18:00:00,2076.59,34,0.62,Signal changed to -1.0
EMA_CROSSOVER_SAR_LONG_SHORT,12,26,49,SHORT,2026-03-05T18:00:00,2076.59,2026-03-09T04:00:00,1977.31,82,4.78,Signal changed to 1.0
EMA_CROSSOVER_SAR_LONG_SHORT,12,26,50,LONG,2026-03-09T04:00:00,1977.31,2026-03-11T03:00:00,2021.17,47,2.22,Signal changed to -1.0
EMA_CROSSOVER_SAR_LONG_SHORT,12,26,51,SHORT,2026-03-11T03:00:00,2021.17,2026-03-11T14:00:00,2062.68,11,-2.05,Signal changed to 1.0
EMA_CROSSOVER_SAR_LONG_SHORT,12,26,52,LONG,2026-03-11T14:00:00,2062.68,2026-03-12T04:00:00,2023.09,14,-1.92,Signal changed to -1.0
EMA_CROSSOVER_SAR_LONG_SHORT,12,26,53,SHORT,2026-03-12T04:00:00,2023.09,2026-03-12T10:00:00,2069.86,6,-2.31,Signal changed to 1.0
EMA_CROSSOVER_SAR_LONG_SHORT,12,26,54,LONG,2026-03-12T10:00:00,2069.86,2026-03-14T02:00:00,2092.39,40,1.09,Signal changed to -1.0
EMA_CROSSOVER_SAR_LONG_SHORT,12,26,55,SHORT,2026-03-14T02:00:00,2092.39,2026-03-15T02:00:00,2101.99,24,-0.46,Signal changed to 1.0
EMA_CROSSOVER_SAR_LONG_SHORT,12,26,56,LONG,2026-03-15T02:00:00,2101.99,2026-03-18T11:00:00,2269.34,81,7.96,Signal changed to -1.0
EMA_CROSSOVER_SAR_LONG_SHORT,12,26,57,SHORT,2026-03-18T11:00:00,2269.34,2026-03-21T03:00:00,2153.6,64,5.1,Signal changed to 1.0
EMA_CROSSOVER_SAR_LONG_SHORT,12,26,58,LONG,2026-03-21T03:00:00,2153.6,2026-03-21T23:00:00,2084.87,20,-3.19,Signal changed to -1.0
EMA_CROSSOVER_SAR_LONG_SHORT,12,26,59,SHORT,2026-03-21T23:00:00,2084.87,2026-03-23T12:00:00,2144.27,37,-2.85,Signal changed to 1.0
EMA_CROSSOVER_SAR_LONG_SHORT,12,26,60,LONG,2026-03-23T12:00:00,2144.27,2026-03-24T18:00:00,2118.92,30,-1.18,Signal changed to -1.0
EMA_CROSSOVER_SAR_LONG_SHORT,12,26,61,SHORT,2026-03-24T18:00:00,2118.92,2026-03-24T21:00:00,2148.88,3,-1.41,Signal changed to 1.0
EMA_CROSSOVER_SAR_LONG_SHORT,12,26,62,LONG,2026-03-24T21:00:00,2148.88,2026-03-26T04:00:00,2149.71,31,0.04,Signal changed to -1.0
EMA_CROSSOVER_SAR_LONG_SHORT,12,26,63,SHORT,2026-03-26T04:00:00,2149.71,2026-03-28T16:00:00,2024.78,60,5.81,Signal changed to 1.0
EMA_CROSSOVER_SAR_LONG_SHORT,12,26,64,LONG,2026-03-28T16:00:00,2024.78,2026-03-29T00:00:00,1999.16,8,-1.27,Signal changed to -1.0
EMA_CROSSOVER_SAR_LONG_SHORT,12,26,65,SHORT,2026-03-29T00:00:00,1999.16,2026-03-30T02:00:00,2029.93,26,-1.54,Signal changed to 1.0
EMA_CROSSOVER_SAR_LONG_SHORT,12,26,66,LONG,2026-03-30T02:00:00,2029.93,2026-04-02T03:00:00,2056.33,73,1.3,Signal changed to -1.0
EMA_CROSSOVER_SAR_LONG_SHORT,12,26,67,SHORT,2026-04-02T03:00:00,2056.33,2026-04-04T19:00:00,2064.71,64,-0.41,Signal changed to 1.0
EMA_CROSSOVER_SAR_LONG_SHORT,12,26,68,LONG,2026-04-04T19:00:00,2064.71,2026-04-05T06:00:00,2038.32,11,-1.28,Signal changed to -1.0
EMA_CROSSOVER_SAR_LONG_SHORT,12,26,69,SHORT,2026-04-05T06:00:00,2038.32,2026-04-05T19:00:00,2062.37,13,-1.18,Signal changed to 1.0
EMA_CROSSOVER_SAR_LONG_SHORT,12,26,70,LONG,2026-04-05T19:00:00,2062.37,2026-04-07T03:00:00,2108.37,32,2.23,Signal changed to -1.0
EMA_CROSSOVER_SAR_LONG_SHORT,12,26,71,SHORT,2026-04-07T03:00:00,2108.37,2026-04-07T22:00:00,2219.77,19,-5.28,Signal changed to 1.0
EMA_CROSSOVER_SAR_LONG_SHORT,12,26,72,LONG,2026-04-07T22:00:00,2219.77,2026-04-09T02:00:00,2181.69,28,-1.72,Signal changed to -1.0
EMA_CROSSOVER_SAR_LONG_SHORT,12,26,73,SHORT,2026-04-09T02:00:00,2181.69,2026-04-09T17:00:00,2222.75,15,-1.88,Signal changed to 1.0
EMA_CROSSOVER_SAR_LONG_SHORT,12,26,74,LONG,2026-04-09T17:00:00,2222.75,2026-04-10T03:00:00,2186.06,10,-1.65,Signal changed to -1.0
EMA_CROSSOVER_SAR_LONG_SHORT,12,26,75,SHORT,2026-04-10T03:00:00,2186.06,2026-04-10T11:00:00,2215.65,8,-1.35,Signal changed to 1.0
EMA_CROSSOVER_SAR_LONG_SHORT,12,26,76,LONG,2026-04-10T11:00:00,2215.65,2026-04-12T04:00:00,2212.16,41,-0.16,Signal changed to -1.0
EMA_CROSSOVER_SAR_LONG_SHORT,12,26,77,SHORT,2026-04-12T04:00:00,2212.16,2026-04-13T16:00:00,2225.86,36,-0.62,Signal changed to 1.0
EMA_CROSSOVER_SAR_LONG_SHORT,12,26,78,LONG,2026-04-13T16:00:00,2225.86,2026-04-15T07:00:00,2316.62,39,4.08,Signal changed to -1.0
EMA_CROSSOVER_SAR_LONG_SHORT,12,26,79,SHORT,2026-04-15T07:00:00,2316.62,2026-04-15T12:00:00,2332.98,5,-0.71,Signal changed to 1.0
EMA_CROSSOVER_SAR_LONG_SHORT,12,26,80,LONG,2026-04-15T12:00:00,2332.98,2026-04-16T11:00:00,2335.67,23,0.12,Signal changed to -1.0
EMA_CROSSOVER_SAR_LONG_SHORT,12,26,81,SHORT,2026-04-16T11:00:00,2335.67,2026-04-16T23:00:00,2348.17,12,-0.54,Signal changed to 1.0
EMA_CROSSOVER_SAR_LONG_SHORT,12,26,82,LONG,2026-04-16T23:00:00,2348.17,2026-04-17T02:00:00,2331.75,3,-0.7,Signal changed to -1.0
EMA_CROSSOVER_SAR_LONG_SHORT,12,26,83,SHORT,2026-04-17T02:00:00,2331.75,2026-04-17T09:00:00,2359.1,7,-1.17,Signal changed to 1.0
EMA_CROSSOVER_SAR_LONG_SHORT,12,26,84,LONG,2026-04-17T09:00:00,2359.1,2026-04-18T11:00:00,2352.96,26,-0.26,Signal changed to -1.0
EMA_CROSSOVER_SAR_LONG_SHORT,12,26,85,SHORT,2026-04-18T11:00:00,2352.96,2026-04-20T18:00:00,2334.23,55,0.8,Signal changed to 1.0
EMA_CROSSOVER_SAR_LONG_SHORT,12,26,86,LONG,2026-04-20T18:00:00,2334.23,2026-04-21T15:00:00,2310.24,21,-1.03,Signal changed to -1.0
EMA_CROSSOVER_SAR_LONG_SHORT,12,26,87,SHORT,2026-04-21T15:00:00,2310.24,2026-04-21T23:00:00,2327.14,8,-0.73,Signal changed to 1.0
EMA_CROSSOVER_SAR_LONG_SHORT,12,26,88,LONG,2026-04-21T23:00:00,2327.14,2026-04-23T04:00:00,2347.84,29,0.89,Signal changed to -1.0
EMA_CROSSOVER_SAR_LONG_SHORT,12,26,89,SHORT,2026-04-23T04:00:00,2347.84,2026-04-26T05:00:00,2327.84,73,0.85,Signal changed to 1.0
EMA_CROSSOVER_SAR_LONG_SHORT,12,26,90,LONG,2026-04-26T05:00:00,2327.84,2026-04-27T09:00:00,2322.19,28,-0.24,Signal changed to -1.0
EMA_CROSSOVER_SAR_LONG_SHORT,12,26,91,SHORT,2026-04-27T09:00:00,2322.19,2026-04-29T03:00:00,2311.52,42,0.46,Signal changed to 1.0
EMA_CROSSOVER_SAR_LONG_SHORT,12,26,92,LONG,2026-04-29T03:00:00,2311.52,2026-04-29T16:00:00,2267.47,13,-1.91,Signal changed to -1.0
EMA_CROSSOVER_SAR_LONG_SHORT,12,26,93,SHORT,2026-04-29T16:00:00,2267.47,2026-05-01T03:00:00,2282.87,35,-0.68,Signal changed to 1.0
EMA_CROSSOVER_SAR_LONG_SHORT,12,26,94,LONG,2026-05-01T03:00:00,2282.87,2026-05-06T17:00:00,2349.7,134,2.93,Signal changed to -1.0
EMA_CROSSOVER_SAR_LONG_SHORT,12,26,95,SHORT,2026-05-06T17:00:00,2349.7,2026-05-08T20:00:00,2306.65,51,1.83,Signal changed to 1.0
EMA_CROSSOVER_SAR_LONG_SHORT,12,26,96,LONG,2026-05-08T20:00:00,2306.65,2026-05-11T10:00:00,2329.94,62,1.01,Signal changed to -1.0
EMA_CROSSOVER_SAR_LONG_SHORT,12,26,97,SHORT,2026-05-11T10:00:00,2329.94,2026-05-11T22:00:00,2341.43,12,-0.49,Signal changed to 1.0
EMA_CROSSOVER_SAR_LONG_SHORT,12,26,98,LONG,2026-05-11T22:00:00,2341.43,2026-05-12T01:00:00,2311.41,3,-1.28,Signal changed to -1.0
EMA_CROSSOVER_SAR_LONG_SHORT,12,26,99,SHORT,2026-05-12T01:00:00,2311.41,2026-05-13T08:00:00,2316.64,31,-0.23,Signal changed to 1.0
EMA_CROSSOVER_SAR_LONG_SHORT,12,26,100,LONG,2026-05-13T08:00:00,2316.64,2026-05-13T13:00:00,2262.8,5,-2.32,Signal changed to -1.0
EMA_CROSSOVER_SAR_LONG_SHORT,12,26,101,SHORT,2026-05-13T13:00:00,2262.8,2026-05-14T15:00:00,2298.48,26,-1.58,Signal changed to 1.0
EMA_CROSSOVER_SAR_LONG_SHORT,12,26,102,LONG,2026-05-14T15:00:00,2298.48,2026-05-15T05:00:00,2245.41,14,-2.31,Signal changed to -1.0
EMA_CROSSOVER_SAR_LONG_SHORT,12,26,103,SHORT,2026-05-15T05:00:00,2245.41,2026-05-20T07:00:00,2129.74,122,5.15,Signal changed to 1.0
EMA_CROSSOVER_SAR_LONG_SHORT,12,26,104,LONG,2026-05-20T07:00:00,2129.74,2026-05-21T11:00:00,2115.27,28,-0.68,Signal changed to -1.0
EMA_CROSSOVER_SAR_LONG_SHORT,12,26,105,SHORT,2026-05-21T11:00:00,2115.27,2026-05-21T19:00:00,2142.83,8,-1.3,Signal changed to 1.0
EMA_CROSSOVER_SAR_LONG_SHORT,12,26,106,LONG,2026-05-21T19:00:00,2142.83,2026-05-22T07:00:00,2128.7,12,-0.66,Signal changed to -1.0
EMA_CROSSOVER_SAR_LONG_SHORT,12,26,107,SHORT,2026-05-22T07:00:00,2128.7,2026-05-23T20:00:00,2146.3,37,-0.83,Signal changed to 1.0
EMA_CROSSOVER_SAR_LONG_SHORT,12,26,108,LONG,2026-05-23T20:00:00,2146.3,2026-05-24T21:00:00,2070.59,25,-3.53,Signal changed to -1.0
EMA_CROSSOVER_SAR_LONG_SHORT,12,26,109,SHORT,2026-05-24T21:00:00,2070.59,2026-05-25T06:00:00,2108.99,9,-1.85,Signal changed to 1.0
EMA_CROSSOVER_SAR_LONG_SHORT,12,26,110,LONG,2026-05-25T06:00:00,2108.99,2026-05-26T01:00:00,2094.35,19,-0.69,Signal changed to -1.0
EMA_CROSSOVER_SAR_LONG_SHORT,12,26,111,SHORT,2026-05-26T01:00:00,2094.35,2026-05-26T12:00:00,2126.2,11,-1.52,Signal changed to 1.0
EMA_CROSSOVER_SAR_LONG_SHORT,12,26,112,LONG,2026-05-26T12:00:00,2126.2,2026-05-26T15:00:00,2087.36,3,-1.83,Signal changed to -1.0
EMA_CROSSOVER_SAR_LONG_SHORT,12,26,113,SHORT,2026-05-26T15:00:00,2087.36,2026-05-29T16:00:00,2040.45,73,2.25,Signal changed to 1.0
EMA_CROSSOVER_SAR_LONG_SHORT,12,26,114,LONG,2026-05-29T16:00:00,2040.45,2026-05-31T14:00:00,2008.06,46,-1.59,Signal changed to -1.0
EMA_CROSSOVER_SAR_LONG_SHORT,12,26,115,SHORT,2026-05-31T14:00:00,2008.06,2026-06-07T05:00:00,1604.02,159,20.12,Signal changed to 1.0
EMA_CROSSOVER_SAR_LONG_SHORT,12,26,116,LONG,2026-06-07T05:00:00,1604.02,2026-06-09T14:00:00,1645.9,57,2.61,Signal changed to -1.0
EMA_CROSSOVER_SAR_LONG_SHORT,12,26,117,SHORT,2026-06-09T14:00:00,1645.9,2026-06-11T04:00:00,1656.89,38,-0.67,Signal changed to 1.0
EMA_CROSSOVER_SAR_LONG_SHORT,12,26,118,LONG,2026-06-11T04:00:00,1656.89,2026-06-14T12:00:00,1666.9,80,0.6,Signal changed to -1.0
EMA_CROSSOVER_SAR_LONG_SHORT,12,26,119,SHORT,2026-06-14T12:00:00,1666.9,2026-06-14T21:00:00,1718.67,9,-3.11,Signal changed to 1.0
EMA_CROSSOVER_SAR_LONG_SHORT,12,26,120,LONG,2026-06-14T21:00:00,1718.67,2026-06-17T08:00:00,1765.31,59,2.71,Signal changed to -1.0
EMA_CROSSOVER_SAR_LONG_SHORT,12,26,121,SHORT,2026-06-17T08:00:00,1765.31,2026-06-20T04:00:00,1713.52,68,2.93,Signal changed to 1.0
EMA_CROSSOVER_SAR_LONG_SHORT,12,26,122,LONG,2026-06-20T04:00:00,1713.52,2026-06-21T21:00:00,1718.6,41,0.3,Signal changed to -1.0
EMA_CROSSOVER_SAR_LONG_SHORT,12,26,123,SHORT,2026-06-21T21:00:00,1718.6,2026-06-22T02:00:00,1737.28,5,-1.09,Signal changed to 1.0
EMA_CROSSOVER_SAR_LONG_SHORT,12,26,124,LONG,2026-06-22T02:00:00,1737.28,2026-06-22T22:00:00,1724.15,20,-0.76,Signal changed to -1.0
EMA_CROSSOVER_SAR_LONG_SHORT,12,26,125,SHORT,2026-06-22T22:00:00,1724.15,2026-06-25T09:00:00,1648.88,59,4.37,Signal changed to 1.0
EMA_CROSSOVER_SAR_LONG_SHORT,12,26,126,LONG,2026-06-25T09:00:00,1648.88,2026-06-25T11:00:00,1633.27,2,-0.95,Signal changed to -1.0
EMA_CROSSOVER_SAR_LONG_SHORT,12,26,127,SHORT,2026-06-25T11:00:00,1633.27,2026-06-27T01:00:00,1576.01,38,3.51,Signal changed to 1.0
EMA_CROSSOVER_SAR_LONG_SHORT,12,26,128,LONG,2026-06-27T01:00:00,1576.01,2026-06-28T00:00:00,1574.75,23,-0.08,Signal changed to -1.0
EMA_CROSSOVER_SAR_LONG_SHORT,12,26,129,SHORT,2026-06-28T00:00:00,1574.75,2026-06-29T06:00:00,1582.82,30,-0.51,Signal changed to 1.0
EMA_CROSSOVER_SAR_LONG_SHORT,12,26,130,LONG,2026-06-29T06:00:00,1582.82,2026-06-29T13:00:00,1572.74,7,-0.64,Signal changed to -1.0
EMA_CROSSOVER_SAR_LONG_SHORT,12,26,131,SHORT,2026-06-29T13:00:00,1572.74,2026-06-29T15:00:00,1580.26,2,-0.48,Signal changed to 1.0
EMA_CROSSOVER_SAR_LONG_SHORT,12,26,132,LONG,2026-06-29T15:00:00,1580.26,2026-06-30T10:00:00,1584.51,19,0.27,Signal changed to -1.0
EMA_CROSSOVER_SAR_LONG_SHORT,12,26,133,SHORT,2026-06-30T10:00:00,1584.51,2026-07-01T04:00:00,1599.35,18,-0.94,Signal changed to 1.0
EMA_CROSSOVER_SAR_LONG_SHORT,12,26,134,LONG,2026-07-01T04:00:00,1599.35,2026-07-01T10:00:00,1573.43,6,-1.62,Signal changed to -1.0
EMA_CROSSOVER_SAR_LONG_SHORT,12,26,135,SHORT,2026-07-01T10:00:00,1573.43,2026-07-01T14:00:00,1601.18,4,-1.76,Signal changed to 1.0
EMA_CROSSOVER_SAR_LONG_SHORT,12,26,136,LONG,2026-07-01T14:00:00,1601.18,2026-07-05T11:00:00,1760.08,93,9.92,Signal changed to -1.0
EMA_CROSSOVER_SAR_LONG_SHORT,12,26,137,SHORT,2026-07-05T11:00:00,1760.08,2026-07-05T14:00:00,1772.56,3,-0.71,Signal changed to 1.0
EMA_CROSSOVER_SAR_LONG_SHORT,12,26,138,LONG,2026-07-05T14:00:00,1772.56,2026-07-06T09:00:00,1758.67,19,-0.78,Signal changed to -1.0
EMA_CROSSOVER_SAR_LONG_SHORT,12,26,139,SHORT,2026-07-06T09:00:00,1758.67,2026-07-06T17:00:00,1788.26,8,-1.68,Signal changed to 1.0
EMA_CROSSOVER_SAR_LONG_SHORT,12,26,140,LONG,2026-07-06T17:00:00,1788.26,2026-07-07T07:00:00,1771.24,14,-0.95,Signal changed to -1.0
EMA_CROSSOVER_SAR_LONG_SHORT,12,26,141,SHORT,2026-07-07T07:00:00,1771.24,2026-07-07T15:00:00,1797.45,8,-1.48,Signal changed to 1.0
EMA_CROSSOVER_SAR_LONG_SHORT,12,26,142,LONG,2026-07-07T15:00:00,1797.45,2026-07-07T23:00:00,1771.45,8,-1.45,Signal changed to -1.0
EMA_CROSSOVER_SAR_LONG_SHORT,12,26,143,SHORT,2026-07-07T23:00:00,1771.45,2026-07-09T09:00:00,1755.78,34,0.88,Signal changed to 1.0
EMA_CROSSOVER_SAR_LONG_SHORT,12,26,144,LONG,2026-07-09T09:00:00,1755.78,2026-07-09T11:00:00,1744.02,2,-0.67,Signal changed to -1.0
EMA_CROSSOVER_SAR_LONG_SHORT,12,26,145,SHORT,2026-07-09T11:00:00,1744.02,2026-07-09T19:00:00,1748.51,8,-0.26,Signal changed to 1.0
EMA_CROSSOVER_SAR_LONG_SHORT,12,26,146,LONG,2026-07-09T19:00:00,1748.51,2026-07-10T00:00:00,1743.09,5,-0.31,Signal changed to -1.0
EMA_CROSSOVER_SAR_LONG_SHORT,12,26,147,SHORT,2026-07-10T00:00:00,1743.09,2026-07-10T01:00:00,1767.62,1,-1.41,Signal changed to 1.0
EMA_CROSSOVER_SAR_LONG_SHORT,12,26,148,LONG,2026-07-10T01:00:00,1767.62,2026-07-12T10:00:00,1799.4,57,1.8,Signal changed to -1.0
EMA_CROSSOVER_SAR_LONG_SHORT,12,26,149,SHORT,2026-07-12T10:00:00,1799.4,2026-07-12T12:00:00,1807.01,2,-0.42,Signal changed to 1.0
EMA_CROSSOVER_SAR_LONG_SHORT,12,26,150,LONG,2026-07-12T12:00:00,1807.01,2026-07-13T03:00:00,1780.55,15,-1.46,Signal changed to -1.0
EMA_CROSSOVER_SAR_LONG_SHORT,12,26,151,SHORT,2026-07-13T03:00:00,1780.55,2026-07-14T10:00:00,1800.12,31,-1.1,Signal changed to 1.0
EMA_CROSSOVER_SAR_LONG_SHORT,12,26,152,LONG,2026-07-14T10:00:00,1800.12,2026-07-16T11:00:00,1885.26,49,4.73,Signal changed to -1.0
EMA_CROSSOVER_SAR_LONG_SHORT,12,26,153,SHORT,2026-07-16T11:00:00,1885.26,2026-07-18T17:00:00,1852.82,54,1.72,Signal changed to 1.0
EMA_CROSSOVER_SAR_LONG_SHORT,12,26,154,LONG,2026-07-18T17:00:00,1852.82,2026-07-20T06:00:00,1849.73,37,-0.17,Signal changed to -1.0
EMA_CROSSOVER_SAR_LONG_SHORT,12,26,155,SHORT,2026-07-20T06:00:00,1849.73,2026-07-20T11:00:00,1893.2,5,-2.35,Signal changed to 1.0
EMA_CROSSOVER_SAR_LONG_SHORT,12,26,156,LONG,2026-07-20T11:00:00,1893.2,2026-07-23T04:00:00,1919.74,65,1.4,Signal changed to -1.0
EMA_CROSSOVER_SAR_LONG_SHORT,12,26,157,SHORT,2026-07-23T04:00:00,1919.74,2026-07-25T18:00:00,1875.48,62,2.31,Signal changed to 1.0
EMA_CROSSOVER_SAR_LONG_SHORT,12,26,158,LONG,2026-07-25T18:00:00,1875.48,2026-07-27T23:00:00,1892.53,53,0.91,Signal changed to -1.0
EMA_CROSSOVER_SAR_LONG_SHORT,12,26,159,SHORT,2026-07-27T23:00:00,1892.53,2026-07-28T20:00:00,1918.57,21,-1.38,Signal changed to 1.0
EMA_CROSSOVER_SAR_LONG_SHORT,12,26,160,LONG,2026-07-28T20:00:00,1918.57,2026-07-29T14:00:00,1895.23,18,-1.22,Signal changed to -1.0
EMA_CROSSOVER_SAR_LONG_SHORT,12,26,161,SHORT,2026-07-29T14:00:00,1895.23,2026-07-30T08:00:00,1914.99,18,-1.04,Signal changed to 1.0
EMA_CROSSOVER_SAR_LONG_SHORT,12,26,162,LONG,2026-07-30T08:00:00,1914.99,2026-07-31T04:00:00,1905.96,20,-0.47,Signal changed to -1.0
EMA_CROSSOVER_SAR_LONG_SHORT,12,26,163,SHORT,2026-07-31T04:00:00,1905.96,2026-08-02T05:00:00,1876.33,49,1.55,Signal changed to 1.0
EMA_CROSSOVER_SAR_LONG_SHORT,12,26,164,LONG,2026-08-02T05:00:00,1876.33,2026-08-02T12:00:00,1857.06,7,-1.03,Signal changed to -1.0
EMA_CROSSOVER_SAR_LONG_SHORT,12,26,165,SHORT,2026-08-02T12:00:00,1857.06,2026-08-02T18:00:00,1875.86,6,-1.01,Signal changed to 1.0
EMA_CROSSOVER_SAR_LONG_SHORT,12,26,166,LONG,2026-08-02T18:00:00,1875.86,2026-08-03T04:00:00,1854.97,10,-1.11,Signal changed to -1.0
EMA_CROSSOVER_SAR_LONG_SHORT,12,26,167,SHORT,2026-08-03T04:00:00,1854.97,2026-08-03T19:00:00,1870.2,15,-0.82,Signal changed to 1.0
EMA_CROSSOVER_SAR_LONG_SHORT,12,26,168,LONG,2026-08-03T19:00:00,1870.2,2026-08-04T00:00:00,1851.3,5,-1.01,Signal changed to -1.0
EMA_CROSSOVER_SAR_LONG_SHORT,12,26,169,SHORT,2026-08-04T00:00:00,1851.3,2026-08-04T01:00:00,1867.64,1,-0.88,Signal changed to 1.0
EMA_CROSSOVER_SAR_LONG_SHORT,12,26,170,LONG,2026-08-04T01:00:00,1867.64,2026-08-04T08:00:00,1857.89,7,-0.52,Signal changed to -1.0
EMA_CROSSOVER_SAR_LONG_SHORT,12,26,171,SHORT,2026-08-04T08:00:00,1857.89,2026-08-04T10:00:00,1866.94,2,-0.49,Signal changed to 1.0
EMA_CROSSOVER_SAR_LONG_SHORT,12,26,172,LONG,2026-08-04T10:00:00,1866.94,2026-08-07T04:00:00,1897.44,66,1.63,Signal changed to -1.0
EMA_CROSSOVER_SAR_LONG_SHORT,12,26,173,SHORT,2026-08-07T04:00:00,1897.44,2026-08-07T08:00:00,1910.7,4,-0.7,Signal changed to 1.0
EMA_CROSSOVER_SAR_LONG_SHORT,12,26,174,LONG,2026-08-07T08:00:00,1910.7,2026-08-09T03:00:00,1914.04,43,0.17,Signal changed to -1.0
EMA_CROSSOVER_SAR_LONG_SHORT,12,26,175,SHORT,2026-08-09T03:00:00,1914.04,2026-08-09T09:00:00,1921.45,6,-0.39,Signal changed to 1.0
EMA_CROSSOVER_SAR_LONG_SHORT,12,26,176,LONG,2026-08-09T09:00:00,1921.45,2026-08-10T00:00:00,1912.78,15,-0.45,Signal changed to -1.0
EMA_CROSSOVER_SAR_LONG_SHORT,12,26,177,SHORT,2026-08-10T00:00:00,1912.78,2026-08-10T01:00:00,1925.23,1,-0.65,Signal changed to 1.0
EMA_CROSSOVER_SAR_LONG_SHORT,12,26,178,LONG,2026-08-10T01:00:00,1925.23,2026-08-10T04:00:00,1915.79,3,-0.49,Signal changed to -1.0
EMA_CROSSOVER_SAR_LONG_SHORT,12,26,179,SHORT,2026-08-10T04:00:00,1915.79,2026-08-10T05:00:00,1923.17,1,-0.39,Signal changed to 1.0
EMA_CROSSOVER_SAR_LONG_SHORT,12,26,180,LONG,2026-08-10T05:00:00,1923.17,2026-08-10T12:00:00,1906.0,7,-0.89,Signal changed to -1.0
EMA_CROSSOVER_SAR_LONG_SHORT,12,26,181,SHORT,2026-08-10T12:00:00,1906.0,2026-08-12T04:00:00,1889.42,40,0.87,Signal changed to 1.0
EMA_CROSSOVER_SAR_LONG_SHORT,12,26,182,LONG,2026-08-12T04:00:00,1889.42,2026-08-12T21:00:00,1877.95,17,-0.61,Signal changed to -1.0
EMA_CROSSOVER_SAR_LONG_SHORT,12,26,183,SHORT,2026-08-12T21:00:00,1877.95,2026-08-13T06:00:00,1898.62,9,-1.1,Signal changed to 1.0
EMA_CROSSOVER_SAR_LONG_SHORT,12,26,184,LONG,2026-08-13T06:00:00,1898.62,2026-08-13T11:00:00,1880.39,5,-0.96,Signal changed to -1.0
EMA_CROSSOVER_SAR_LONG_SHORT,12,26,185,SHORT,2026-08-13T11:00:00,1880.39,2026-08-13T13:00:00,1890.39,2,-0.53,Signal changed to 1.0
EMA_CROSSOVER_SAR_LONG_SHORT,12,26,186,LONG,2026-08-13T13:00:00,1890.39,2026-08-13T15:00:00,1880.01,2,-0.55,Signal changed to -1.0
EMA_CROSSOVER_SAR_LONG_SHORT,12,26,187,SHORT,2026-08-13T15:00:00,1880.01,2026-08-14T01:00:00,1889.41,10,-0.5,Signal changed to 1.0
EMA_CROSSOVER_SAR_LONG_SHORT,12,26,188,LONG,2026-08-14T01:00:00,1889.41,2026-08-14T03:00:00,1883.0,2,-0.34,Signal changed to -1.0
EMA_CROSSOVER_SAR_LONG_SHORT,12,26,189,SHORT,2026-08-14T03:00:00,1883.0,2026-08-15T02:00:00,1884.94,23,-0.1,Signal changed to 1.0
EMA_CROSSOVER_SAR_LONG_SHORT,12,26,190,LONG,2026-08-15T02:00:00,1884.94,2026-08-15T08:00:00,1877.05,6,-0.42,Signal changed to -1.0
EMA_CROSSOVER_SAR_LONG_SHORT,12,26,191,SHORT,2026-08-15T08:00:00,1877.05,2026-08-15T12:00:00,1883.86,4,-0.36,Signal changed to 1.0
EMA_CROSSOVER_SAR_LONG_SHORT,12,26,192,LONG,2026-08-15T12:00:00,1883.86,2026-08-16T05:00:00,1879.81,17,-0.21,Signal changed to -1.0
EMA_CROSSOVER_SAR_LONG_SHORT,12,26,193,SHORT,2026-08-16T05:00:00,1879.81,2026-08-16T16:00:00,1889.58,11,-0.52,Signal changed to 1.0
EMA_CROSSOVER_SAR_LONG_SHORT,12,26,194,LONG,2026-08-16T16:00:00,1889.58,2026-08-16T21:00:00,1875.56,5,-0.74,Signal changed to -1.0
EMA_CROSSOVER_SAR_LONG_SHORT,12,26,195,SHORT,2026-08-16T21:00:00,1875.56,2026-08-17T02:00:00,1902.36,5,-1.43,Signal changed to 1.0
EMA_CROSSOVER_SAR_LONG_SHORT,12,26,196,LONG,2026-08-17T02:00:00,1902.36,2026-08-18T09:00:00,1896.93,31,-0.29,Signal changed to -1.0
EMA_CROSSOVER_SAR_LONG_SHORT,12,26,197,SHORT,2026-08-18T09:00:00,1896.93,2026-08-18T11:00:00,1903.11,2,-0.33,Signal changed to 1.0
EMA_CROSSOVER_SAR_LONG_SHORT,12,26,198,LONG,2026-08-18T11:00:00,1903.11,2026-08-18T13:00:00,1897.84,2,-0.28,Signal changed to -1.0
EMA_CROSSOVER_SAR_LONG_SHORT,12,26,199,SHORT,2026-08-18T13:00:00,1897.84,2026-08-18T14:00:00,1911.02,1,-0.69,Signal changed to 1.0
EMA_CROSSOVER_SAR_LONG_SHORT,12,26,200,LONG,2026-08-18T14:00:00,1911.02,2026-08-22T08:00:00,2423.3,90,26.81,End of Dataset
EMA_CROSSOVER_SAR_LONG_SHORT,50,200,1,SHORT,2026-01-01T00:00:00,2979.81,2026-01-01T01:00:00,2984.32,1,-0.15,Signal changed to 1.0
EMA_CROSSOVER_SAR_LONG_SHORT,50,200,2,LONG,2026-01-01T01:00:00,2984.32,2026-01-01T06:00:00,2975.89,5,-0.28,Signal changed to -1.0
EMA_CROSSOVER_SAR_LONG_SHORT,50,200,3,SHORT,2026-01-01T06:00:00,2975.89,2026-01-01T08:00:00,2982.59,2,-0.23,Signal changed to 1.0
EMA_CROSSOVER_SAR_LONG_SHORT,50,200,4,LONG,2026-01-01T08:00:00,2982.59,2026-01-09T19:00:00,3080.6,203,3.29,Signal changed to -1.0
EMA_CROSSOVER_SAR_LONG_SHORT,50,200,5,SHORT,2026-01-09T19:00:00,3080.6,2026-01-12T06:00:00,3154.79,59,-2.41,Signal changed to 1.0
EMA_CROSSOVER_SAR_LONG_SHORT,50,200,6,LONG,2026-01-12T06:00:00,3154.79,2026-01-12T14:00:00,3105.41,8,-1.57,Signal changed to -1.0
EMA_CROSSOVER_SAR_LONG_SHORT,50,200,7,SHORT,2026-01-12T14:00:00,3105.41,2026-01-12T15:00:00,3130.17,1,-0.8,Signal changed to 1.0
EMA_CROSSOVER_SAR_LONG_SHORT,50,200,8,LONG,2026-01-12T15:00:00,3130.17,2026-01-12T18:00:00,3108.28,3,-0.7,Signal changed to -1.0
EMA_CROSSOVER_SAR_LONG_SHORT,50,200,9,SHORT,2026-01-12T18:00:00,3108.28,2026-01-13T10:00:00,3134.73,16,-0.85,Signal changed to 1.0
EMA_CROSSOVER_SAR_LONG_SHORT,50,200,10,LONG,2026-01-13T10:00:00,3134.73,2026-01-20T01:00:00,3193.28,159,1.87,Signal changed to -1.0
EMA_CROSSOVER_SAR_LONG_SHORT,50,200,11,SHORT,2026-01-20T01:00:00,3193.28,2026-02-25T23:00:00,2057.48,886,35.57,Signal changed to 1.0
EMA_CROSSOVER_SAR_LONG_SHORT,50,200,12,LONG,2026-02-25T23:00:00,2057.48,2026-02-28T06:00:00,1842.45,55,-10.45,Signal changed to -1.0
EMA_CROSSOVER_SAR_LONG_SHORT,50,200,13,SHORT,2026-02-28T06:00:00,1842.45,2026-03-01T09:00:00,1980.69,27,-7.5,Signal changed to 1.0
EMA_CROSSOVER_SAR_LONG_SHORT,50,200,14,LONG,2026-03-01T09:00:00,1980.69,2026-03-02T07:00:00,1941.66,22,-1.97,Signal changed to -1.0
EMA_CROSSOVER_SAR_LONG_SHORT,50,200,15,SHORT,2026-03-02T07:00:00,1941.66,2026-03-02T15:00:00,2047.33,8,-5.44,Signal changed to 1.0
EMA_CROSSOVER_SAR_LONG_SHORT,50,200,16,LONG,2026-03-02T15:00:00,2047.33,2026-03-07T16:00:00,1977.26,121,-3.42,Signal changed to -1.0
EMA_CROSSOVER_SAR_LONG_SHORT,50,200,17,SHORT,2026-03-07T16:00:00,1977.26,2026-03-10T06:00:00,2043.76,62,-3.36,Signal changed to 1.0
EMA_CROSSOVER_SAR_LONG_SHORT,50,200,18,LONG,2026-03-10T06:00:00,2043.76,2026-03-20T16:00:00,2137.31,250,4.58,Signal changed to -1.0
EMA_CROSSOVER_SAR_LONG_SHORT,50,200,19,SHORT,2026-03-20T16:00:00,2137.31,2026-03-25T08:00:00,2176.64,112,-1.84,Signal changed to 1.0
EMA_CROSSOVER_SAR_LONG_SHORT,50,200,20,LONG,2026-03-25T08:00:00,2176.64,2026-03-26T11:00:00,2068.44,27,-4.97,Signal changed to -1.0
EMA_CROSSOVER_SAR_LONG_SHORT,50,200,21,SHORT,2026-03-26T11:00:00,2068.44,2026-04-01T05:00:00,2122.67,138,-2.62,Signal changed to 1.0
EMA_CROSSOVER_SAR_LONG_SHORT,50,200,22,LONG,2026-04-01T05:00:00,2122.67,2026-04-03T01:00:00,2050.61,44,-3.39,Signal changed to -1.0
EMA_CROSSOVER_SAR_LONG_SHORT,50,200,23,SHORT,2026-04-03T01:00:00,2050.61,2026-04-06T03:00:00,2129.35,74,-3.84,Signal changed to 1.0
EMA_CROSSOVER_SAR_LONG_SHORT,50,200,24,LONG,2026-04-06T03:00:00,2129.35,2026-04-25T02:00:00,2317.4,455,8.83,Signal changed to -1.0
EMA_CROSSOVER_SAR_LONG_SHORT,50,200,25,SHORT,2026-04-25T02:00:00,2317.4,2026-04-26T16:00:00,2342.92,38,-1.1,Signal changed to 1.0
EMA_CROSSOVER_SAR_LONG_SHORT,50,200,26,LONG,2026-04-26T16:00:00,2342.92,2026-04-27T19:00:00,2289.14,27,-2.3,Signal changed to -1.0
EMA_CROSSOVER_SAR_LONG_SHORT,50,200,27,SHORT,2026-04-27T19:00:00,2289.14,2026-05-03T06:00:00,2304.49,131,-0.67,Signal changed to 1.0
EMA_CROSSOVER_SAR_LONG_SHORT,50,200,28,LONG,2026-05-03T06:00:00,2304.49,2026-05-07T23:00:00,2291.06,113,-0.58,Signal changed to -1.0
EMA_CROSSOVER_SAR_LONG_SHORT,50,200,29,SHORT,2026-05-07T23:00:00,2291.06,2026-05-10T17:00:00,2364.1,66,-3.19,Signal changed to 1.0
EMA_CROSSOVER_SAR_LONG_SHORT,50,200,30,LONG,2026-05-10T17:00:00,2364.1,2026-05-12T08:00:00,2288.01,39,-3.22,Signal changed to -1.0
EMA_CROSSOVER_SAR_LONG_SHORT,50,200,31,SHORT,2026-05-12T08:00:00,2288.01,2026-06-15T09:00:00,1718.65,817,24.88,Signal changed to 1.0
EMA_CROSSOVER_SAR_LONG_SHORT,50,200,32,LONG,2026-06-15T09:00:00,1718.65,2026-06-19T07:00:00,1695.82,94,-1.33,Signal changed to -1.0
EMA_CROSSOVER_SAR_LONG_SHORT,50,200,33,SHORT,2026-06-19T07:00:00,1695.82,2026-06-21T05:00:00,1733.47,46,-2.22,Signal changed to 1.0
EMA_CROSSOVER_SAR_LONG_SHORT,50,200,34,LONG,2026-06-21T05:00:00,1733.47,2026-06-21T23:00:00,1706.94,18,-1.53,Signal changed to -1.0
EMA_CROSSOVER_SAR_LONG_SHORT,50,200,35,SHORT,2026-06-21T23:00:00,1706.94,2026-06-22T01:00:00,1743.82,2,-2.16,Signal changed to 1.0
EMA_CROSSOVER_SAR_LONG_SHORT,50,200,36,LONG,2026-06-22T01:00:00,1743.82,2026-06-23T08:00:00,1648.48,31,-5.47,Signal changed to -1.0
EMA_CROSSOVER_SAR_LONG_SHORT,50,200,37,SHORT,2026-06-23T08:00:00,1648.48,2026-07-02T13:00:00,1710.72,221,-3.78,Signal changed to 1.0
EMA_CROSSOVER_SAR_LONG_SHORT,50,200,38,LONG,2026-07-02T13:00:00,1710.72,2026-07-25T03:00:00,1858.74,542,8.65,Signal changed to -1.0
EMA_CROSSOVER_SAR_LONG_SHORT,50,200,39,SHORT,2026-07-25T03:00:00,1858.74,2026-07-26T15:00:00,1914.63,36,-3.01,Signal changed to 1.0
EMA_CROSSOVER_SAR_LONG_SHORT,50,200,40,LONG,2026-07-26T15:00:00,1914.63,2026-07-31T16:00:00,1864.57,121,-2.61,Signal changed to -1.0
EMA_CROSSOVER_SAR_LONG_SHORT,50,200,41,SHORT,2026-07-31T16:00:00,1864.57,2026-08-05T22:00:00,1906.86,126,-2.27,Signal changed to 1.0
EMA_CROSSOVER_SAR_LONG_SHORT,50,200,42,LONG,2026-08-05T22:00:00,1906.86,2026-08-11T03:00:00,1881.03,125,-1.35,Signal changed to -1.0
EMA_CROSSOVER_SAR_LONG_SHORT,50,200,43,SHORT,2026-08-11T03:00:00,1881.03,2026-08-17T11:00:00,1904.46,152,-1.25,Signal changed to 1.0
EMA_CROSSOVER_SAR_LONG_SHORT,50,200,44,LONG,2026-08-17T11:00:00,1904.46,2026-08-22T08:00:00,2423.3,117,27.24,End of Dataset
EMA_CROSSOVER_SAR_LONG_SHORT,208,224,1,SHORT,2026-01-01T00:00:00,2979.81,2026-01-01T01:00:00,2984.32,1,-0.15,Signal changed to 1.0
EMA_CROSSOVER_SAR_LONG_SHORT,208,224,2,LONG,2026-01-01T01:00:00,2984.32,2026-01-01T07:00:00,2978.53,6,-0.19,Signal changed to -1.0
EMA_CROSSOVER_SAR_LONG_SHORT,208,224,3,SHORT,2026-01-01T07:00:00,2978.53,2026-01-01T08:00:00,2982.59,1,-0.14,Signal changed to 1.0
EMA_CROSSOVER_SAR_LONG_SHORT,208,224,4,LONG,2026-01-01T08:00:00,2982.59,2026-01-21T05:00:00,2993.03,477,0.35,Signal changed to -1.0
EMA_CROSSOVER_SAR_LONG_SHORT,208,224,5,SHORT,2026-01-21T05:00:00,2993.03,2026-03-04T12:00:00,2054.33,1015,31.36,Signal changed to 1.0
EMA_CROSSOVER_SAR_LONG_SHORT,208,224,6,LONG,2026-03-04T12:00:00,2054.33,2026-03-26T23:00:00,2060.43,539,0.3,Signal changed to -1.0
EMA_CROSSOVER_SAR_LONG_SHORT,208,224,7,SHORT,2026-03-26T23:00:00,2060.43,2026-04-06T20:00:00,2148.81,261,-4.29,Signal changed to 1.0
EMA_CROSSOVER_SAR_LONG_SHORT,208,224,8,LONG,2026-04-06T20:00:00,2148.81,2026-04-30T01:00:00,2269.35,557,5.61,Signal changed to -1.0
EMA_CROSSOVER_SAR_LONG_SHORT,208,224,9,SHORT,2026-04-30T01:00:00,2269.35,2026-05-04T02:00:00,2374.73,97,-4.64,Signal changed to 1.0
EMA_CROSSOVER_SAR_LONG_SHORT,208,224,10,LONG,2026-05-04T02:00:00,2374.73,2026-05-12T16:00:00,2263.83,206,-4.67,Signal changed to -1.0
EMA_CROSSOVER_SAR_LONG_SHORT,208,224,11,SHORT,2026-05-12T16:00:00,2263.83,2026-07-03T22:00:00,1757.52,1254,22.37,Signal changed to 1.0
EMA_CROSSOVER_SAR_LONG_SHORT,208,224,12,LONG,2026-07-03T22:00:00,1757.52,2026-08-02T23:00:00,1885.36,721,7.27,Signal changed to -1.0
EMA_CROSSOVER_SAR_LONG_SHORT,208,224,13,SHORT,2026-08-02T23:00:00,1885.36,2026-08-06T12:00:00,1899.09,85,-0.73,Signal changed to 1.0
EMA_CROSSOVER_SAR_LONG_SHORT,208,224,14,LONG,2026-08-06T12:00:00,1899.09,2026-08-14T01:00:00,1889.41,181,-0.51,Signal changed to -1.0
EMA_CROSSOVER_SAR_LONG_SHORT,208,224,15,SHORT,2026-08-14T01:00:00,1889.41,2026-08-18T03:00:00,1894.69,98,-0.28,Signal changed to 1.0
EMA_CROSSOVER_SAR_LONG_SHORT,208,224,16,LONG,2026-08-18T03:00:00,1894.69,2026-08-22T08:00:00,2423.3,101,27.9,End of Dataset
